timestamp,relative_time_s,run_key,run_label,tracking_mode,segment_index,speed_sign,speed_mps,nominal_speed_abs_mps,lookahead_base_m,arrival_dist_m,slow_down_dist_m,stanley_gain,stanley_softening_distance_m,stanley_term_rad,lateral_pid_kp,lateral_pid_ki,lateral_pid_kd,heading_pid_kp,heading_pid_ki,heading_pid_kd,yaw_rate_pid_kp,yaw_rate_pid_ki,yaw_rate_pid_kd,cmd_v_mps,cmd_w_radps,desired_v_mps,desired_w_radps,feedback_v_mps,feedback_w_radps,lateral_error_m,stanley_lateral_pd_output_radps,heading_error_rad,yaw_rate_error_radps,lateral_pid_output_radps,heading_pid_output_radps,yaw_rate_pid_output_radps,path_curvature_inv_m,path_ff_w_radps,profile_speed_mps,path_s_m,dist_to_goal_m,pose_age_s,segment_kind,segment_trajectory_name,motion_direction
1775476509.200385,0.000000,1775476560.739744|完整运动,完整运动,circle_orbit,1,1.000000,1.500000,1.500000,,,,,,,,,,,,,,,,0.024590,0.166682,1.500000,0.166682,0.000000,0.000000,0.000000,,0.000000,0.000000,,,,1.666825,0.166682,1.500000,0.000000,56.543307,0.000000,circle,预设轨迹15,forward
1775476509.224045,0.023660,1775476560.739744|完整运动,完整运动,circle_orbit,1,1.000000,1.500000,1.500000,,,,,,,,,,,,,,,,0.048777,0.166682,1.500000,0.166682,0.000000,0.000000,0.000000,,0.000000,0.000000,,,,1.666825,0.166682,1.500000,0.000000,56.543307,0.000000,circle,预设轨迹15,forward
1775476509.245246,0.044860,1775476560.739744|完整运动,完整运动,circle_orbit,1,1.000000,1.500000,1.500000,,,,,,,,,,,,,,,,0.072566,0.166713,1.499866,0.167100,0.000000,0.000000,0.000100,,0.000011,0.000000,,,,1.667134,0.166682,1.500000,0.000054,56.543253,0.000000,circle,预设轨迹15,forward
1775476509.267697,0.067312,1775476560.739744|完整运动,完整运动,circle_orbit,1,1.000000,1.500000,1.500000,,,,,,,,,,,,,,,,0.095963,0.166725,1.499813,0.166864,0.000000,0.000000,0.000135,,0.000018,0.000000,,,,1.667246,0.166682,1.500000,0.000087,56.543220,0.000000,circle,预设轨迹15,forward
1775476509.294371,0.093986,1775476560.739744|完整运动,完整运动,circle_orbit,1,1.000000,1.500000,1.500000,,,,,,,,,,,,,,,,0.118976,0.166736,1.499778,0.166880,0.000000,0.000000,0.000171,,0.000016,0.000000,,,,1.401421,0.166682,1.500000,0.000118,56.543189,0.000000,circle,预设轨迹15,forward
1775476509.324211,0.123826,1775476560.739744|完整运动,完整运动,circle_orbit,1,1.000000,1.500000,1.500000,,,,,,,,,,,,,,,,0.141612,0.166749,1.499733,0.166910,0.000000,0.000000,0.000211,,0.000017,0.000000,,,,1.177508,0.166682,1.500000,0.000149,56.543158,0.000000,circle,预设轨迹15,forward
1775476509.357022,0.156636,1775476560.739744|完整运动,完整运动,circle_orbit,1,1.000000,1.500000,1.500000,,,,,,,,,,,,,,,,0.163854,0.166783,1.498380,0.167206,0.000000,0.000000,0.000322,,-0.000533,0.000000,,,,1.017875,0.166682,1.500000,0.000404,56.542903,0.000000,circle,预设轨迹15,forward
1775476509.377484,0.177099,1775476560.739744|完整运动,完整运动,circle_orbit,1,1.000000,1.500000,1.500000,,,,,,,,,,,,,,,,0.185663,0.166866,1.494213,0.167912,0.000000,0.000000,0.000602,,-0.002153,0.000000,,,,0.898760,0.166682,1.500000,0.001627,56.541680,0.000000,circle,预设轨迹15,forward
1775476509.410108,0.209722,1775476560.739744|完整运动,完整运动,circle_orbit,1,1.000000,1.500000,1.500000,,,,,,,,,,,,,,,,0.207115,0.166864,1.494213,0.166830,0.000000,0.000000,0.000602,,-0.002153,0.000000,,,,0.805659,0.166682,1.500000,0.001627,56.541680,0.000000,circle,预设轨迹15,forward
1775476509.430465,0.230080,1775476560.739744|完整运动,完整运动,circle_orbit,1,1.000000,1.500000,1.500000,,,,,,,,,,,,,,,,0.228171,0.166939,1.491565,0.167886,0.000000,0.000000,0.000861,,-0.003152,0.000000,,,,0.731641,0.166682,1.500000,0.004356,56.538951,0.000000,circle,预设轨迹15,forward
1775476509.463214,0.262828,1775476560.739744|完整运动,完整运动,circle_orbit,1,1.000000,1.500000,1.500000,,,,,,,,,,,,,,,,0.248874,0.166984,1.491036,0.167535,0.000000,0.000000,0.001017,,-0.003305,0.000000,,,,0.670957,0.166682,1.500000,0.006471,56.536836,0.000000,circle,预设轨迹15,forward
1775476509.483589,0.283203,1775476560.739744|完整运动,完整运动,circle_orbit,1,1.000000,1.500000,1.500000,,,,,,,,,,,,,,,,0.269172,0.167119,1.487058,0.168810,0.000000,0.000000,0.001475,,-0.004784,0.000000,,,,0.620863,0.166682,1.500000,0.012224,56.531083,0.000000,circle,预设轨迹15,forward
1775476509.507070,0.306685,1775476560.739744|完整运动,完整运动,circle_orbit,1,1.000000,1.500000,1.500000,,,,,,,,,,,,,,,,0.289137,0.167113,1.487058,0.167035,0.000000,0.000000,0.001475,,-0.004784,0.000000,,,,0.577970,0.166682,1.500000,0.012224,56.531083,0.000000,circle,预设轨迹15,forward
1775476509.528056,0.327671,1775476560.739744|完整运动,完整运动,circle_orbit,1,1.000000,1.500000,1.500000,,,,,,,,,,,,,,,,0.308732,0.167258,1.484402,0.169071,0.000000,0.000000,0.001969,,-0.005692,0.000000,,,,0.541757,0.166682,1.500000,0.020091,56.523216,0.000000,circle,预设轨迹15,forward
1775476509.559318,0.358933,1775476560.739744|完整运动,完整运动,circle_orbit,1,1.000000,1.500000,1.500000,,,,,,,,,,,,,,,,0.327991,0.167321,1.483541,0.168110,0.000000,0.000000,0.002197,,-0.005957,0.000000,,,,0.510138,0.166682,1.500000,0.024780,56.518527,0.000000,circle,预设轨迹15,forward
1775476509.582561,0.382176,1775476560.739744|完整运动,完整运动,circle_orbit,1,1.000000,1.500000,1.500000,,,,,,,,,,,,,,,,0.346909,0.167403,1.481998,0.168430,0.000000,0.000000,0.002490,,-0.006485,0.000000,,,,0.482556,0.166682,1.500000,0.029856,56.513451,0.000000,circle,预设轨迹15,forward
1775476509.602890,0.402504,1775476560.739744|完整运动,完整运动,circle_orbit,1,1.000000,1.500000,1.500000,,,,,,,,,,,,,,,,0.365443,0.167579,1.477488,0.169774,0.000000,0.000000,0.003093,,-0.008148,0.000000,,,,0.458563,0.166682,1.500000,0.041206,56.502100,0.000000,circle,预设轨迹15,forward
1775476509.631761,0.431376,1775476560.739744|完整运动,完整运动,circle_orbit,1,1.000000,1.500000,1.500000,,,,,,,,,,,,,,,,0.383674,0.167568,1.477488,0.167433,0.000000,0.000000,0.003093,,-0.008148,0.000000,,,,0.436746,0.166682,1.500000,0.041206,56.502100,0.000000,circle,预设轨迹15,forward
1775476509.659950,0.459564,1775476560.739744|完整运动,完整运动,circle_orbit,1,1.000000,1.500000,1.500000,,,,,,,,,,,,,,,,0.401528,0.167734,1.472821,0.169807,0.000000,0.000000,0.003674,,-0.009901,0.000000,,,,0.417738,0.166682,1.500000,0.053855,56.489452,0.000000,circle,预设轨迹15,forward
1775476509.695584,0.495198,1775476560.739744|完整运动,完整运动,circle_orbit,1,1.000000,1.500000,1.500000,,,,,,,,,,,,,,,,0.418999,0.167871,1.467208,0.169582,0.000000,0.000000,0.004172,,-0.012114,0.000000,,,,0.400647,0.166682,1.500000,0.067442,56.475865,0.000000,circle,预设轨迹15,forward
1775476509.720074,0.519689,1775476560.739744|完整运动,完整运动,circle_orbit,1,1.000000,1.500000,1.500000,,,,,,,,,,,,,,,,0.436133,0.167913,1.464193,0.168443,0.000000,0.000000,0.004371,,-0.013342,0.000000,,,,0.385004,0.166682,1.500000,0.074541,56.468765,0.000000,circle,预设轨迹15,forward
1775476509.740382,0.539997,1775476560.739744|完整运动,完整运动,circle_orbit,1,1.000000,1.500000,1.500000,,,,,,,,,,,,,,,,0.452879,0.167952,1.457628,0.168445,0.000000,0.000000,0.004579,,-0.016133,0.000000,,,,0.370855,0.166682,1.500000,0.089295,56.454012,0.000000,circle,预设轨迹15,forward
1775476509.769629,0.569244,1775476560.739744|完整运动,完整运动,circle_orbit,1,1.000000,1.500000,1.500000,,,,,,,,,,,,,,,,0.469298,0.167939,1.454463,0.167765,0.000000,0.000000,0.004623,,-0.017513,0.000000,,,,0.357850,0.166682,1.500000,0.096914,56.446393,0.000000,circle,预设轨迹15,forward
1775476509.805022,0.604637,1775476560.739744|完整运动,完整运动,circle_orbit,1,1.000000,1.500000,1.500000,,,,,,,,,,,,,,,,0.485389,0.167933,1.450833,0.167870,0.000000,0.000000,0.004706,,-0.019089,0.000000,,,,0.345977,0.166682,1.500000,0.104674,56.438633,0.000000,circle,预设轨迹15,forward
1775476509.825894,0.625509,1775476560.739744|完整运动,完整运动,circle_orbit,1,1.000000,1.500000,1.500000,,,,,,,,,,,,,,,,0.501091,0.167931,1.443207,0.167903,0.000000,0.000000,0.004819,,-0.022453,0.000000,,,,0.335131,0.166682,1.500000,0.120778,56.422528,0.000000,circle,预设轨迹15,forward
1775476509.847359,0.646973,1775476560.739744|完整运动,完整运动,circle_orbit,1,1.000000,1.500000,1.500000,,,,,,,,,,,,,,,,0.516462,0.167909,1.438742,0.167635,0.000000,0.000000,0.004881,,-0.024441,0.000000,,,,0.325114,0.166682,1.500000,0.129092,56.414215,0.000000,circle,预设轨迹15,forward
1775476509.880330,0.679945,1775476560.739744|完整运动,完整运动,circle_orbit,1,1.000000,1.500000,1.500000,,,,,,,,,,,,,,,,0.531511,0.167871,1.434422,0.167394,0.000000,0.000000,0.004903,,-0.026394,0.000000,,,,0.315838,0.166682,1.500000,0.137628,56.405678,0.000000,circle,预设轨迹15,forward
1775476509.901471,0.701086,1775476560.739744|完整运动,完整运动,circle_orbit,1,1.000000,1.500000,1.500000,,,,,,,,,,,,,,,,0.546188,0.167794,1.426823,0.166824,0.000000,0.000000,0.004819,,-0.029912,0.000000,,,,0.307208,0.166682,1.500000,0.155591,56.387715,0.000000,circle,预设轨迹15,forward
1775476509.924579,0.724194,1775476560.739744|完整运动,完整运动,circle_orbit,1,1.000000,1.500000,1.500000,,,,,,,,,,,,,,,,0.560553,0.167730,1.422457,0.166939,0.000000,0.000000,0.004793,,-0.031941,0.000000,,,,0.299223,0.166682,1.500000,0.165012,56.378294,0.000000,circle,预设轨迹15,forward
1775476509.948654,0.748269,1775476560.739744|完整运动,完整运动,circle_orbit,1,1.000000,1.500000,1.500000,,,,,,,,,,,,,,,,0.574614,0.167653,1.418297,0.166684,0.000000,0.000000,0.004733,,-0.033900,0.000000,,,,0.291766,0.166682,1.500000,0.174803,56.368504,0.000000,circle,预设轨迹15,forward
1775476509.969518,0.769132,1775476560.739744|完整运动,完整运动,circle_orbit,1,1.000000,1.500000,1.500000,,,,,,,,,,,,,,,,0.588368,0.167578,1.413580,0.166645,0.000000,0.000000,0.004696,,-0.036123,0.000000,,,,0.284819,0.166682,1.500000,0.184891,56.358416,0.000000,circle,预设轨迹15,forward
1775476510.000278,0.799893,1775476560.739744|完整运动,完整运动,circle_orbit,1,1.000000,1.500000,1.500000,,,,,,,,,,,,,,,,0.601804,0.167525,1.407979,0.166861,0.000000,0.000000,0.004742,,-0.038740,0.000000,,,,0.278371,0.166682,1.500000,0.195214,56.348092,0.000000,circle,预设轨迹15,forward
1775476510.028047,0.827662,1775476560.739744|完整运动,完整运动,circle_orbit,1,1.000000,1.500000,1.500000,,,,,,,,,,,,,,,,0.614838,0.167549,1.396856,0.167845,0.000000,0.000000,0.005063,,-0.043900,0.000000,,,,0.272509,0.166682,1.500000,0.216536,56.326771,0.000000,circle,预设轨迹15,forward
1775476510.049305,0.848919,1775476560.739744|完整运动,完整运动,circle_orbit,1,1.000000,1.500000,1.500000,,,,,,,,,,,,,,,,0.627583,0.167511,1.392300,0.167037,0.000000,0.000000,0.005195,,-0.046037,0.000000,,,,0.266914,0.166682,1.500000,0.227542,56.315764,0.000000,circle,预设轨迹15,forward
1775476510.080986,0.880600,1775476560.739744|完整运动,完整运动,circle_orbit,1,1.000000,1.500000,1.500000,,,,,,,,,,,,,,,,0.640038,0.167465,1.387323,0.166898,0.000000,0.000000,0.005313,,-0.048400,0.000000,,,,0.261649,0.166682,1.500000,0.238754,56.304553,0.000000,circle,预设轨迹15,forward
1775476510.106991,0.906606,1775476560.739744|完整运动,完整运动,circle_orbit,1,1.000000,1.500000,1.500000,,,,,,,,,,,,,,,,0.652120,0.167401,1.377052,0.166591,0.000000,0.000000,0.005395,,-0.053404,0.000000,,,,0.256702,0.166682,1.500000,0.261945,56.281361,0.000000,circle,预设轨迹15,forward
1775476510.127464,0.927078,1775476560.739744|完整运动,完整运动,circle_orbit,1,1.000000,1.500000,1.500000,,,,,,,,,,,,,,,,0.663926,0.167315,1.372266,0.166245,0.000000,0.000000,0.005422,,-0.055767,0.000000,,,,0.252009,0.166682,1.500000,0.273871,56.269435,0.000000,circle,预设轨迹15,forward
1775476510.157968,0.957582,1775476560.739744|完整运动,完整运动,circle_orbit,1,1.000000,1.500000,1.500000,,,,,,,,,,,,,,,,0.675465,0.167201,1.367843,0.165775,0.000000,0.000000,0.005367,,-0.058000,0.000000,,,,0.247535,0.166682,1.500000,0.286128,56.257179,0.000000,circle,预设轨迹15,forward
1775476510.179143,0.978757,1775476560.739744|完整运动,完整运动,circle_orbit,1,1.000000,1.500000,1.500000,,,,,,,,,,,,,,,,0.686651,0.167072,1.357811,0.165456,0.000000,0.000000,0.005290,,-0.063098,0.000000,,,,0.243314,0.166682,1.500000,0.311291,56.232016,0.000000,circle,预设轨迹15,forward
1775476510.207814,1.007428,1775476560.739744|完整运动,完整运动,circle_orbit,1,1.000000,1.500000,1.500000,,,,,,,,,,,,,,,,0.697654,0.166967,1.357811,0.165657,0.000000,0.000000,0.005290,,-0.063098,0.000000,,,,0.239326,0.166682,1.500000,0.311291,56.232016,0.000000,circle,预设轨迹15,forward
1775476510.251172,1.050787,1775476560.739744|完整运动,完整运动,circle_orbit,1,1.000000,1.500000,1.500000,,,,,,,,,,,,,,,,0.708319,0.166640,1.348252,0.162555,0.000000,0.000000,0.004602,,-0.068299,0.000000,,,,0.235261,0.166682,1.500000,0.336996,56.206311,0.000000,circle,预设轨迹15,forward
1775476510.277658,1.077272,1775476560.739744|完整运动,完整运动,circle_orbit,1,1.000000,1.500000,1.500000,,,,,,,,,,,,,,,,0.718670,0.166270,1.339677,0.161640,0.000000,0.000000,0.003802,,-0.073106,0.000000,,,,0.231358,0.166682,1.500000,0.363375,56.179932,0.000000,circle,预设轨迹15,forward
1775476510.298326,1.097941,1775476560.739744|完整运动,完整运动,circle_orbit,1,1.000000,1.500000,1.500000,,,,,,,,,,,,,,,,0.728710,0.165840,1.331132,0.160471,0.000000,0.000000,0.002840,,-0.078026,0.000000,,,,0.227581,0.166682,1.500000,0.390162,56.153144,0.000000,circle,预设轨迹15,forward
1775476510.321046,1.120661,1775476560.739744|完整运动,完整运动,circle_orbit,1,1.000000,1.500000,1.500000,,,,,,,,,,,,,,,,0.738524,0.165523,1.327381,0.161552,0.000000,0.000000,0.002253,,-0.080277,0.000000,,,,0.224126,0.166682,1.500000,0.403784,56.139522,0.000000,circle,预设轨迹15,forward
1775476510.346434,1.146049,1775476560.739744|完整运动,完整运动,circle_orbit,1,1.000000,1.500000,1.500000,,,,,,,,,,,,,,,,0.748117,0.165187,1.323688,0.160989,0.000000,0.000000,0.001616,,-0.082530,0.000000,,,,0.220803,0.166682,1.500000,0.417569,56.125738,0.000000,circle,预设轨迹15,forward
1775476510.379154,1.178769,1775476560.739744|完整运动,完整运动,circle_orbit,1,1.000000,1.500000,1.500000,,,,,,,,,,,,,,,,0.757481,0.164862,1.319299,0.160805,0.000000,0.000000,0.001027,,-0.085148,0.000000,,,,0.217645,0.166682,1.500000,0.431483,56.111824,0.000000,circle,预设轨迹15,forward
1775476510.403126,1.202740,1775476560.739744|完整运动,完整运动,circle_orbit,1,1.000000,1.500000,1.500000,,,,,,,,,,,,,,,,0.766547,0.164356,1.310525,0.158026,0.000000,0.000000,-0.000123,,-0.090308,0.000000,,,,0.214411,0.166682,1.500000,0.459578,56.083728,0.000000,circle,预设轨迹15,forward
1775476510.439806,1.239420,1775476560.739744|完整运动,完整运动,circle_orbit,1,1.000000,1.500000,1.500000,,,,,,,,,,,,,,,,0.775465,0.164207,1.310525,0.162348,0.000000,0.000000,-0.000123,,-0.090308,0.000000,,,,0.211753,0.166682,1.500000,0.459578,56.083728,0.000000,circle,预设轨迹15,forward
1775476510.472522,1.272137,1775476560.739744|完整运动,完整运动,circle_orbit,1,1.000000,1.500000,1.500000,,,,,,,,,,,,,,,,0.783994,0.163327,1.295766,0.152332,0.000000,0.000000,-0.002446,,-0.097423,0.000000,,,,0.208327,0.166682,1.500000,0.502575,56.040732,0.000000,circle,预设轨迹15,forward
1775476510.492958,1.292573,1775476560.739744|完整运动,完整运动,circle_orbit,1,1.000000,1.500000,1.500000,,,,,,,,,,,,,,,,0.792292,0.162882,1.290147,0.157310,0.000000,0.000000,-0.003352,,-0.100171,0.000000,,,,0.205583,0.166682,1.500000,0.517314,56.025992,0.000000,circle,预设轨迹15,forward
1775476510.523797,1.323412,1775476560.739744|完整运动,完整运动,circle_orbit,1,1.000000,1.500000,1.500000,,,,,,,,,,,,,,,,0.800364,0.162410,1.284712,0.156519,0.000000,0.000000,-0.004331,,-0.102810,0.000000,,,,0.202921,0.166682,1.500000,0.532251,56.011056,0.000000,circle,预设轨迹15,forward
1775476510.544664,1.344279,1775476560.739744|完整运动,完整运动,circle_orbit,1,1.000000,1.500000,1.500000,,,,,,,,,,,,,,,,0.808122,0.161523,1.273575,0.150424,0.000000,0.000000,-0.006629,,-0.108170,0.000000,,,,0.199874,0.166682,1.500000,0.562632,55.980675,0.000000,circle,预设轨迹15,forward
1775476510.569042,1.368657,1775476560.739744|完整运动,完整运动,circle_orbit,1,1.000000,1.500000,1.500000,,,,,,,,,,,,,,,,0.815652,0.160970,1.267437,0.154059,0.000000,0.000000,-0.007830,,-0.111201,0.000000,,,,0.197351,0.166682,1.500000,0.577843,55.965464,0.000000,circle,预设轨迹15,forward
1775476510.589857,1.389472,1775476560.739744|完整运动,完整运动,circle_orbit,1,1.000000,1.500000,1.500000,,,,,,,,,,,,,,,,0.822961,0.160413,1.261516,0.153449,0.000000,0.000000,-0.009037,,-0.114137,0.000000,,,,0.194921,0.166682,1.500000,0.593052,55.950255,0.000000,circle,预设轨迹15,forward
1775476510.610415,1.410029,1775476560.739744|完整运动,完整运动,circle_orbit,1,1.000000,1.500000,1.500000,,,,,,,,,,,,,,,,0.830057,0.159841,1.255849,0.152691,0.000000,0.000000,-0.010286,,-0.116935,0.000000,,,,0.192566,0.166682,1.500000,0.608348,55.934958,0.000000,circle,预设轨迹15,forward
1775476510.631622,1.431236,1775476560.739744|完整运动,完整运动,circle_orbit,1,1.000000,1.500000,1.500000,,,,,,,,,,,,,,,,0.836943,0.159276,1.250079,0.152220,0.000000,0.000000,-0.011504,,-0.119839,0.000000,,,,0.190307,0.166682,1.500000,0.623795,55.919512,0.000000,circle,预设轨迹15,forward
1775476510.661326,1.460941,1775476560.739744|完整运动,完整运动,circle_orbit,1,1.000000,1.500000,1.500000,,,,,,,,,,,,,,,,0.843533,0.158277,1.238932,0.145790,0.000000,0.000000,-0.014101,,-0.125433,0.000000,,,,0.187636,0.166682,1.500000,0.655209,55.888098,0.000000,circle,预设轨迹15,forward
1775476510.696870,1.496484,1775476560.739744|完整运动,完整运动,circle_orbit,1,1.000000,1.500000,1.500000,,,,,,,,,,,,,,,,0.849937,0.157591,1.234182,0.149011,0.000000,0.000000,-0.015681,,-0.127642,0.000000,,,,0.185415,0.166682,1.500000,0.671193,55.872114,0.000000,circle,预设轨迹15,forward
1775476510.717645,1.517260,1775476560.739744|完整运动,完整运动,circle_orbit,1,1.000000,1.500000,1.500000,,,,,,,,,,,,,,,,0.856060,0.156334,1.223470,0.140630,0.000000,0.000000,-0.019078,,-0.132783,0.000000,,,,0.182621,0.166682,1.500000,0.703457,55.839849,0.000000,circle,预设轨迹15,forward
1775476510.744662,1.544277,1775476560.739744|完整运动,完整运动,circle_orbit,1,1.000000,1.500000,1.500000,,,,,,,,,,,,,,,,0.861983,0.155572,1.217334,0.146042,0.000000,0.000000,-0.020867,,-0.135850,0.000000,,,,0.180481,0.166682,1.500000,0.719901,55.823405,0.000000,circle,预设轨迹15,forward
1775476510.765148,1.564763,1775476560.739744|完整运动,完整运动,circle_orbit,1,1.000000,1.500000,1.500000,,,,,,,,,,,,,,,,0.867710,0.154786,1.211338,0.144961,0.000000,0.000000,-0.022730,,-0.138834,0.000000,,,,0.178384,0.166682,1.500000,0.736542,55.806764,0.000000,circle,预设轨迹15,forward
1775476510.799540,1.599155,1775476560.739744|完整运动,完整运动,circle_orbit,1,1.000000,1.500000,1.500000,,,,,,,,,,,,,,,,0.873243,0.153987,1.205238,0.143999,0.000000,0.000000,-0.024632,,-0.141906,0.000000,,,,0.176339,0.166682,1.500000,0.753385,55.789922,0.000000,circle,预设轨迹15,forward
1775476510.832575,1.632190,1775476560.739744|完整运动,完整运动,circle_orbit,1,1.000000,1.500000,1.500000,,,,,,,,,,,,,,,,0.878596,0.153210,1.199728,0.143493,0.000000,0.000000,-0.026463,,-0.144665,0.000000,,,,0.174380,0.166682,1.500000,0.770312,55.772995,0.000000,circle,预设轨迹15,forward
1775476510.853606,1.653221,1775476560.739744|完整运动,完整运动,circle_orbit,1,1.000000,1.500000,1.500000,,,,,,,,,,,,,,,,0.883681,0.151909,1.188830,0.135652,0.000000,0.000000,-0.029963,,-0.150272,0.000000,,,,0.171905,0.166682,1.500000,0.804303,55.739004,0.000000,circle,预设轨迹15,forward
1775476510.886740,1.686355,1775476560.739744|完整运动,完整运动,circle_orbit,1,1.000000,1.500000,1.500000,,,,,,,,,,,,,,,,0.888603,0.151148,1.183876,0.141636,0.000000,0.000000,-0.031717,,-0.152793,0.000000,,,,0.170096,0.166682,1.500000,0.821334,55.721973,0.000000,circle,预设轨迹15,forward
1775476510.915596,1.715210,1775476560.739744|完整运动,完整运动,circle_orbit,1,1.000000,1.500000,1.500000,,,,,,,,,,,,,,,,0.893301,0.149748,1.175218,0.132248,0.000000,0.000000,-0.035525,,-0.156934,0.000000,,,,0.167635,0.166682,1.500000,0.855834,55.687473,0.000000,circle,预设轨迹15,forward
1775476510.936533,1.736148,1775476560.739744|完整运动,完整运动,circle_orbit,1,1.000000,1.500000,1.500000,,,,,,,,,,,,,,,,0.897846,0.148877,1.170515,0.137989,0.000000,0.000000,-0.037623,,-0.159207,0.000000,,,,0.165816,0.166682,1.500000,0.873377,55.669930,0.000000,circle,预设轨迹15,forward
1775476510.975255,1.774870,1775476560.739744|完整运动,完整运动,circle_orbit,1,1.000000,1.500000,1.500000,,,,,,,,,,,,,,,,0.902241,0.147971,1.165967,0.136638,0.000000,0.000000,-0.039844,,-0.161343,0.000000,,,,0.164003,0.166682,1.500000,0.891044,55.652263,0.000000,circle,预设轨迹15,forward
1775476510.996144,1.795759,1775476560.739744|完整运动,完整运动,circle_orbit,1,1.000000,1.500000,1.500000,,,,,,,,,,,,,,,,0.906333,0.145571,1.151872,0.115574,0.000000,0.000000,-0.046854,,-0.168066,0.000000,,,,0.160615,0.166682,1.500000,0.944483,55.598824,0.000000,circle,预设轨迹15,forward
1775476511.020850,1.820465,1775476560.739744|完整运动,完整运动,circle_orbit,1,1.000000,1.500000,1.500000,,,,,,,,,,,,,,,,0.910359,0.145345,1.151872,0.142517,0.000000,0.000000,-0.046854,,-0.168066,0.000000,,,,0.159656,0.166682,1.500000,0.944483,55.598824,0.000000,circle,预设轨迹15,forward
1775476511.041975,1.841590,1775476560.739744|完整运动,完整运动,circle_orbit,1,1.000000,1.500000,1.500000,,,,,,,,,,,,,,,,0.914169,0.143694,1.142795,0.123056,0.000000,0.000000,-0.051459,,-0.172484,0.000000,,,,0.157185,0.166682,1.500000,0.980700,55.562607,0.000000,circle,预设轨迹15,forward
1775476511.077805,1.877420,1775476560.739744|完整运动,完整运动,circle_orbit,1,1.000000,1.500000,1.500000,,,,,,,,,,,,,,,,0.917841,0.142736,1.138150,0.130764,0.000000,0.000000,-0.053826,,-0.174780,0.000000,,,,0.155513,0.166682,1.500000,0.998983,55.544323,0.000000,circle,预设轨迹15,forward
1775476511.108391,1.908005,1775476560.739744|完整运动,完整运动,circle_orbit,1,1.000000,1.500000,1.500000,,,,,,,,,,,,,,,,0.921295,0.141057,1.128563,0.120066,0.000000,0.000000,-0.058515,,-0.179694,0.000000,,,,0.153107,0.166682,1.500000,1.035472,55.507835,0.000000,circle,预设轨迹15,forward
1775476511.132515,1.932129,1775476560.739744|完整运动,完整运动,circle_orbit,1,1.000000,1.500000,1.500000,,,,,,,,,,,,,,,,0.924613,0.140103,1.123668,0.128182,0.000000,0.000000,-0.060864,,-0.182268,0.000000,,,,0.151526,0.166682,1.500000,1.053661,55.489646,0.000000,circle,预设轨迹15,forward
1775476511.170836,1.970451,1775476560.739744|完整运动,完整运动,circle_orbit,1,1.000000,1.500000,1.500000,,,,,,,,,,,,,,,,0.927800,0.139125,1.119000,0.126908,0.000000,0.000000,-0.063305,,-0.184663,0.000000,,,,0.149952,0.166682,1.500000,1.071827,55.471480,0.000000,circle,预设轨迹15,forward
1775476511.194440,1.994055,1775476560.739744|完整运动,完整运动,circle_orbit,1,1.000000,1.500000,1.500000,,,,,,,,,,,,,,,,0.930795,0.137247,1.110528,0.113763,0.000000,0.000000,-0.068654,,-0.188677,0.000000,,,,0.147451,0.166682,1.500000,1.108189,55.435118,0.000000,circle,预设轨迹15,forward
1775476511.220664,2.020278,1775476560.739744|完整运动,完整运动,circle_orbit,1,1.000000,1.500000,1.500000,,,,,,,,,,,,,,,,0.933595,0.135206,1.101586,0.109700,0.000000,0.000000,-0.074507,,-0.192928,0.000000,,,,0.144823,0.166682,1.500000,1.144457,55.398849,0.000000,circle,预设轨迹15,forward
1775476511.266531,2.066146,1775476560.739744|完整运动,完整运动,circle_orbit,1,1.000000,1.500000,1.500000,,,,,,,,,,,,,,,,0.936265,0.134116,1.096462,0.120482,0.000000,0.000000,-0.077295,,-0.195666,0.000000,,,,0.143245,0.166682,1.500000,1.162481,55.380826,0.000000,circle,预设轨迹15,forward
1775476511.287781,2.087395,1775476560.739744|完整运动,完整运动,circle_orbit,1,1.000000,1.500000,1.500000,,,,,,,,,,,,,,,,0.938745,0.132096,1.087548,0.106849,0.000000,0.000000,-0.083082,,-0.200102,0.000000,,,,0.140715,0.166682,1.500000,1.199088,55.344218,0.000000,circle,预设轨迹15,forward
1775476511.313241,2.112855,1775476560.739744|完整运动,完整运动,circle_orbit,1,1.000000,1.500000,1.500000,,,,,,,,,,,,,,,,0.941116,0.130952,1.083382,0.116651,0.000000,0.000000,-0.086050,,-0.202098,0.000000,,,,0.139145,0.166682,1.500000,1.217644,55.325663,0.000000,circle,预设轨迹15,forward
1775476511.335162,2.134777,1775476560.739744|完整运动,完整运动,circle_orbit,1,1.000000,1.500000,1.500000,,,,,,,,,,,,,,,,0.943381,0.129806,1.079289,0.115483,0.000000,0.000000,-0.089049,,-0.204047,0.000000,,,,0.137596,0.166682,1.500000,1.236257,55.307050,0.000000,circle,预设轨迹15,forward
1775476511.370943,2.170558,1775476560.739744|完整运动,完整运动,circle_orbit,1,1.000000,1.500000,1.500000,,,,,,,,,,,,,,,,0.945479,0.127747,1.071368,0.102011,0.000000,0.000000,-0.094999,,-0.207823,0.000000,,,,0.135113,0.166682,1.500000,1.273747,55.269560,0.000000,circle,预设轨迹15,forward
1775476511.397646,2.197261,1775476560.739744|完整运动,完整运动,circle_orbit,1,1.000000,1.500000,1.500000,,,,,,,,,,,,,,,,0.947476,0.126593,1.067267,0.112169,0.000000,0.000000,-0.098039,,-0.209835,0.000000,,,,0.133611,0.166682,1.500000,1.292565,55.250742,0.000000,circle,预设轨迹15,forward
1775476511.417927,2.217542,1775476560.739744|完整运动,完整运动,circle_orbit,1,1.000000,1.500000,1.500000,,,,,,,,,,,,,,,,0.949296,0.124433,1.058501,0.097432,0.000000,0.000000,-0.104329,,-0.214314,0.000000,,,,0.131079,0.166682,1.500000,1.330046,55.213261,0.000000,circle,预设轨迹15,forward
1775476511.449505,2.249120,1775476560.739744|完整运动,完整运动,circle_orbit,1,1.000000,1.500000,1.500000,,,,,,,,,,,,,,,,0.951028,0.123211,1.054971,0.107933,0.000000,0.000000,-0.107605,,-0.215821,0.000000,,,,0.129555,0.166682,1.500000,1.348790,55.194517,0.000000,circle,预设轨迹15,forward
1775476511.470477,2.270092,1775476560.739744|完整运动,完整运动,circle_orbit,1,1.000000,1.500000,1.500000,,,,,,,,,,,,,,,,0.952675,0.122025,1.051490,0.107203,0.000000,0.000000,-0.110793,,-0.217346,0.000000,,,,0.128087,0.166682,1.500000,1.367533,55.175773,0.000000,circle,预设轨迹15,forward
1775476511.500272,2.299886,1775476560.739744|完整运动,完整运动,circle_orbit,1,1.000000,1.500000,1.500000,,,,,,,,,,,,,,,,0.954234,0.120833,1.047757,0.105928,0.000000,0.000000,-0.114031,,-0.219084,0.000000,,,,0.126628,0.166682,1.500000,1.386409,55.156897,0.000000,circle,预设轨迹15,forward
1775476511.522883,2.322498,1775476560.739744|完整运动,完整运动,circle_orbit,1,1.000000,1.500000,1.500000,,,,,,,,,,,,,,,,0.955654,0.118581,1.040829,0.090433,0.000000,0.000000,-0.120699,,-0.222075,0.000000,,,,0.124083,0.166682,1.500000,1.424252,55.119054,0.000000,circle,预设轨迹15,forward
1775476511.560449,2.360064,1775476560.739744|完整运动,完整运动,circle_orbit,1,1.000000,1.500000,1.500000,,,,,,,,,,,,,,,,0.956994,0.117310,1.037434,0.101421,0.000000,0.000000,-0.124215,,-0.223460,0.000000,,,,0.122581,0.166682,1.500000,1.443192,55.100115,0.000000,circle,预设轨迹15,forward
1775476511.583636,2.383250,1775476560.739744|完整运动,完整运动,circle_orbit,1,1.000000,1.500000,1.500000,,,,,,,,,,,,,,,,0.958199,0.114936,1.030458,0.085263,0.000000,0.000000,-0.131301,,-0.226428,0.000000,,,,0.119950,0.166682,1.500000,1.481357,55.061950,0.000000,circle,预设轨迹15,forward
1775476511.604053,2.403668,1775476560.739744|完整运动,完整运动,circle_orbit,1,1.000000,1.500000,1.500000,,,,,,,,,,,,,,,,0.959324,0.113678,1.026840,0.097956,0.000000,0.000000,-0.134797,,-0.228080,0.000000,,,,0.118498,0.166682,1.500000,1.500574,55.042733,0.000000,circle,预设轨迹15,forward
1775476511.629471,2.429086,1775476560.739744|完整运动,完整运动,circle_orbit,1,1.000000,1.500000,1.500000,,,,,,,,,,,,,,,,0.960370,0.112456,1.023168,0.097186,0.000000,0.000000,-0.138209,,-0.229840,0.000000,,,,0.117097,0.166682,1.500000,1.519792,55.023515,0.000000,circle,预设轨迹15,forward
1775476511.652365,2.451979,1775476560.739744|完整运动,完整运动,circle_orbit,1,1.000000,1.500000,1.500000,,,,,,,,,,,,,,,,0.961342,0.111222,1.019633,0.095792,0.000000,0.000000,-0.141693,,-0.231468,0.000000,,,,0.115695,0.166682,1.500000,1.539049,55.004258,0.000000,circle,预设轨迹15,forward
1775476511.680871,2.480485,1775476560.739744|完整运动,完整运动,circle_orbit,1,1.000000,1.500000,1.500000,,,,,,,,,,,,,,,,0.962239,0.110008,1.016062,0.094831,0.000000,0.000000,-0.145142,,-0.233166,0.000000,,,,0.114325,0.166682,1.500000,1.558104,54.985202,0.000000,circle,预设轨迹15,forward
1775476511.701595,2.501209,1775476560.739744|完整运动,完整运动,circle_orbit,1,1.000000,1.500000,1.500000,,,,,,,,,,,,,,,,0.963022,0.107542,1.009983,0.076712,0.000000,0.000000,-0.152648,,-0.235383,0.000000,,,,0.111671,0.166682,1.500000,1.596386,54.946921,0.000000,circle,预设轨迹15,forward
1775476511.739402,2.539017,1775476560.739744|完整运动,完整运动,circle_orbit,1,1.000000,1.500000,1.500000,,,,,,,,,,,,,,,,0.963734,0.106196,1.006476,0.089377,0.000000,0.000000,-0.156547,,-0.236885,0.000000,,,,0.110192,0.166682,1.500000,1.615578,54.927729,0.000000,circle,预设轨迹15,forward
1775476511.760426,2.560041,1775476560.739744|完整运动,完整运动,circle_orbit,1,1.000000,1.500000,1.500000,,,,,,,,,,,,,,,,0.964321,0.103627,0.999547,0.071508,0.000000,0.000000,-0.164406,,-0.239848,0.000000,,,,0.107461,0.166682,1.500000,1.653779,54.889527,0.000000,circle,预设轨迹15,forward
1775476511.784690,2.584304,1775476560.739744|完整运动,完整运动,circle_orbit,1,1.000000,1.500000,1.500000,,,,,,,,,,,,,,,,0.964844,0.102273,0.996183,0.085354,0.000000,0.000000,-0.168354,,-0.241261,0.000000,,,,0.106000,0.166682,1.500000,1.672630,54.870677,0.000000,circle,预设轨迹15,forward
1775476511.805102,2.604717,1775476560.739744|完整运动,完整运动,circle_orbit,1,1.000000,1.500000,1.500000,,,,,,,,,,,,,,,,0.965310,0.100918,0.993319,0.083982,0.000000,0.000000,-0.172343,,-0.242201,0.000000,,,,0.104545,0.166682,1.500000,1.691468,54.851839,0.000000,circle,预设轨迹15,forward
1775476511.845281,2.644896,1775476560.739744|完整运动,完整运动,circle_orbit,1,1.000000,1.500000,1.500000,,,,,,,,,,,,,,,,0.965718,0.099557,0.990207,0.082539,0.000000,0.000000,-0.176386,,-0.243371,0.000000,,,,0.103091,0.166682,1.500000,1.710405,54.832902,0.000000,circle,预设轨迹15,forward
1775476511.870127,2.669742,1775476560.739744|完整运动,完整运动,circle_orbit,1,1.000000,1.500000,1.500000,,,,,,,,,,,,,,,,0.966069,0.098237,0.987070,0.081746,0.000000,0.000000,-0.180327,,-0.244628,0.000000,,,,0.101688,0.166682,1.500000,1.729513,54.813794,0.000000,circle,预设轨迹15,forward
1775476511.890642,2.690257,1775476560.739744|完整运动,完整运动,circle_orbit,1,1.000000,1.500000,1.500000,,,,,,,,,,,,,,,,0.966314,0.095748,0.981053,0.064625,0.000000,0.000000,-0.188060,,-0.247016,0.000000,,,,0.099085,0.166682,1.500000,1.767592,54.775714,0.000000,circle,预设轨迹15,forward
1775476511.921142,2.720757,1775476560.739744|完整运动,完整运动,circle_orbit,1,1.000000,1.500000,1.500000,,,,,,,,,,,,,,,,0.966504,0.094464,0.977896,0.078422,0.000000,0.000000,-0.191914,,-0.248388,0.000000,,,,0.097738,0.166682,1.500000,1.786397,54.756909,0.000000,circle,预设轨迹15,forward
1775476511.946794,2.746408,1775476560.739744|完整运动,完整运动,circle_orbit,1,1.000000,1.500000,1.500000,,,,,,,,,,,,,,,,0.966600,0.091861,0.972357,0.059320,0.000000,0.000000,-0.200048,,-0.250234,0.000000,,,,0.095035,0.166682,1.500000,1.824539,54.718768,0.000000,circle,预设轨迹15,forward
1775476511.974724,2.774339,1775476560.739744|完整运动,完整运动,circle_orbit,1,1.000000,1.500000,1.500000,,,,,,,,,,,,,,,,0.966642,0.090513,0.969154,0.073668,0.000000,0.000000,-0.204143,,-0.251599,0.000000,,,,0.093637,0.166682,1.500000,1.843802,54.699504,0.000000,circle,预设轨迹15,forward
1775476511.996340,2.795955,1775476560.739744|完整运动,完整运动,circle_orbit,1,1.000000,1.500000,1.500000,,,,,,,,,,,,,,,,0.966590,0.087939,0.963495,0.055759,0.000000,0.000000,-0.212218,,-0.253692,0.000000,,,,0.090979,0.166682,1.500000,1.882173,54.661134,0.000000,circle,预设轨迹15,forward
1775476512.025334,2.824949,1775476560.739744|完整运动,完整运动,circle_orbit,1,1.000000,1.500000,1.500000,,,,,,,,,,,,,,,,0.966494,0.086597,0.960707,0.069822,0.000000,0.000000,-0.216335,,-0.254686,0.000000,,,,0.089599,0.166682,1.500000,1.901355,54.641951,0.000000,circle,预设轨迹15,forward
1775476512.058822,2.858436,1775476560.739744|完整运动,完整运动,circle_orbit,1,1.000000,1.500000,1.500000,,,,,,,,,,,,,,,,0.966361,0.085253,0.958362,0.068457,0.000000,0.000000,-0.220500,,-0.255223,0.000000,,,,0.088221,0.166682,1.500000,1.920551,54.622756,0.000000,circle,预设轨迹15,forward
1775476512.079473,2.879088,1775476560.739744|完整运动,完整运动,circle_orbit,1,1.000000,1.500000,1.500000,,,,,,,,,,,,,,,,0.966146,0.082575,0.953298,0.049098,0.000000,0.000000,-0.228996,,-0.256643,0.000000,,,,0.085468,0.166682,1.500000,1.959512,54.583795,0.000000,circle,预设轨迹15,forward
1775476512.115262,2.914876,1775476560.739744|完整运动,完整运动,circle_orbit,1,1.000000,1.500000,1.500000,,,,,,,,,,,,,,,,0.965891,0.081226,0.950572,0.064359,0.000000,0.000000,-0.233221,,-0.257585,0.000000,,,,0.084094,0.166682,1.500000,1.979130,54.564177,0.000000,circle,预设轨迹15,forward
1775476512.136227,2.935842,1775476560.739744|完整运动,完整运动,circle_orbit,1,1.000000,1.500000,1.500000,,,,,,,,,,,,,,,,0.965557,0.078565,0.945512,0.045299,0.000000,0.000000,-0.241705,,-0.259092,0.000000,,,,0.081367,0.166682,1.500000,2.018151,54.525155,0.000000,circle,预设轨迹15,forward
1775476512.156820,2.956435,1775476560.739744|完整运动,完整运动,circle_orbit,1,1.000000,1.500000,1.500000,,,,,,,,,,,,,,,,0.965187,0.077206,0.943011,0.060231,0.000000,0.000000,-0.246004,,-0.259810,0.000000,,,,0.079991,0.166682,1.500000,2.037524,54.505783,0.000000,circle,预设轨迹15,forward
1775476512.177306,2.976921,1775476560.739744|完整运动,完整运动,circle_orbit,1,1.000000,1.500000,1.500000,,,,,,,,,,,,,,,,0.964787,0.075764,0.940765,0.057738,0.000000,0.000000,-0.250619,,-0.260132,0.000000,,,,0.078530,0.166682,1.500000,2.057013,54.486294,0.000000,circle,预设轨迹15,forward
1775476512.209784,3.009399,1775476560.739744|完整运动,完整运动,circle_orbit,1,1.000000,1.500000,1.500000,,,,,,,,,,,,,,,,0.964393,0.075769,0.940765,0.075834,0.000000,0.000000,-0.250619,,-0.260132,0.000000,,,,0.078567,0.166682,1.500000,2.057013,54.486294,0.000000,circle,预设轨迹15,forward
1775476512.243405,3.043019,1775476560.739744|完整运动,完整运动,circle_orbit,1,1.000000,1.500000,1.500000,,,,,,,,,,,,,,,,0.963922,0.072891,0.935637,0.036913,0.000000,0.000000,-0.259968,,-0.261439,0.000000,,,,0.075619,0.166682,1.500000,2.096097,54.447210,0.000000,circle,预设轨迹15,forward
1775476512.263796,3.063411,1775476560.739744|完整运动,完整运动,circle_orbit,1,1.000000,1.500000,1.500000,,,,,,,,,,,,,,,,0.963380,0.070085,0.930851,0.035013,0.000000,0.000000,-0.269078,,-0.262542,0.000000,,,,0.072750,0.166682,1.500000,2.134998,54.408309,0.000000,circle,预设轨迹15,forward
1775476512.287995,3.087610,1775476560.739744|完整运动,完整运动,circle_orbit,1,1.000000,1.500000,1.500000,,,,,,,,,,,,,,,,0.962807,0.068717,0.928432,0.051613,0.000000,0.000000,-0.273564,,-0.263172,0.000000,,,,0.071372,0.166682,1.500000,2.154456,54.388850,0.000000,circle,预设轨迹15,forward
1775476512.309588,3.109203,1775476560.739744|完整运动,完整运动,circle_orbit,1,1.000000,1.500000,1.500000,,,,,,,,,,,,,,,,0.962205,0.067322,0.926109,0.049878,0.000000,0.000000,-0.278180,,-0.263652,0.000000,,,,0.069966,0.166682,1.500000,2.173878,54.369429,0.000000,circle,预设轨迹15,forward
1775476512.334896,3.134511,1775476560.739744|完整运动,完整运动,circle_orbit,1,1.000000,1.500000,1.500000,,,,,,,,,,,,,,,,0.961575,0.065929,0.923741,0.048518,0.000000,0.000000,-0.282826,,-0.264182,0.000000,,,,0.068563,0.166682,1.500000,2.193474,54.349832,0.000000,circle,预设轨迹15,forward
1775476512.359828,3.159442,1775476560.739744|完整运动,完整运动,circle_orbit,1,1.000000,1.500000,1.500000,,,,,,,,,,,,,,,,0.960887,0.063189,0.919617,0.028948,0.000000,0.000000,-0.291845,,-0.264725,0.000000,,,,0.065762,0.166682,1.500000,2.232393,54.310914,0.000000,circle,预设轨迹15,forward
1775476512.389851,3.189466,1775476560.739744|完整运动,完整运动,circle_orbit,1,1.000000,1.500000,1.500000,,,,,,,,,,,,,,,,0.960180,0.061860,0.917797,0.045235,0.000000,0.000000,-0.296333,,-0.264752,0.000000,,,,0.064425,0.166682,1.500000,2.251629,54.291678,0.000000,circle,预设轨迹15,forward
1775476512.410234,3.209849,1775476560.739744|完整运动,完整运动,circle_orbit,1,1.000000,1.500000,1.500000,,,,,,,,,,,,,,,,0.959453,0.060532,0.915823,0.043944,0.000000,0.000000,-0.300856,,-0.264942,0.000000,,,,0.063091,0.166682,1.500000,2.270819,54.272488,0.000000,circle,预设轨迹15,forward
1775476512.443297,3.242912,1775476560.739744|完整运动,完整运动,circle_orbit,1,1.000000,1.500000,1.500000,,,,,,,,,,,,,,,,0.958707,0.059194,0.913912,0.042469,0.000000,0.000000,-0.305456,,-0.265039,0.000000,,,,0.061744,0.166682,1.500000,2.290009,54.253298,0.000000,circle,预设轨迹15,forward
1775476512.464659,3.264274,1775476560.739744|完整运动,完整运动,circle_orbit,1,1.000000,1.500000,1.500000,,,,,,,,,,,,,,,,0.957910,0.056379,0.910094,0.021180,0.000000,0.000000,-0.314851,,-0.265166,0.000000,,,,0.058856,0.166682,1.500000,2.328767,54.214539,0.000000,circle,预设轨迹15,forward
1775476512.496234,3.295849,1775476560.739744|完整运动,完整运动,circle_orbit,1,1.000000,1.500000,1.500000,,,,,,,,,,,,,,,,0.957096,0.055000,0.908273,0.037766,0.000000,0.000000,-0.319624,,-0.265110,0.000000,,,,0.057465,0.166682,1.500000,2.348297,54.195009,0.000000,circle,预设轨迹15,forward
1775476512.520770,3.320385,1775476560.739744|完整运动,完整运动,circle_orbit,1,1.000000,1.500000,1.500000,,,,,,,,,,,,,,,,0.956262,0.053657,0.906204,0.036865,0.000000,0.000000,-0.324323,,-0.265377,0.000000,,,,0.056111,0.166682,1.500000,2.367758,54.175548,0.000000,circle,预设轨迹15,forward
1775476512.542125,3.341740,1775476560.739744|完整运动,完整运动,circle_orbit,1,1.000000,1.500000,1.500000,,,,,,,,,,,,,,,,0.955377,0.050968,0.902311,0.017365,0.000000,0.000000,-0.333389,,-0.265812,0.000000,,,,0.053349,0.166682,1.500000,2.406463,54.136844,0.000000,circle,预设轨迹15,forward
1775476512.578051,3.377665,1775476560.739744|完整运动,完整运动,circle_orbit,1,1.000000,1.500000,1.500000,,,,,,,,,,,,,,,,0.954480,0.049719,0.900660,0.034106,0.000000,0.000000,-0.337829,,-0.265743,0.000000,,,,0.052090,0.166682,1.500000,2.425801,54.117506,0.000000,circle,预设轨迹15,forward
1775476512.604929,3.404544,1775476560.739744|完整运动,完整运动,circle_orbit,1,1.000000,1.500000,1.500000,,,,,,,,,,,,,,,,0.953550,0.047094,0.897718,0.014273,0.000000,0.000000,-0.346748,,-0.265190,0.000000,,,,0.049388,0.166682,1.500000,2.464844,54.078462,0.000000,circle,预设轨迹15,forward
1775476512.627329,3.426944,1775476560.739744|完整运动,完整运动,circle_orbit,1,1.000000,1.500000,1.500000,,,,,,,,,,,,,,,,0.952610,0.045877,0.896228,0.030672,0.000000,0.000000,-0.351141,,-0.264973,0.000000,,,,0.048159,0.166682,1.500000,2.484335,54.058971,0.000000,circle,预设轨迹15,forward
1775476512.652785,3.452400,1775476560.739744|完整运动,完整运动,circle_orbit,1,1.000000,1.500000,1.500000,,,,,,,,,,,,,,,,0.951659,0.044641,0.894588,0.029190,0.000000,0.000000,-0.355643,,-0.264890,0.000000,,,,0.046909,0.166682,1.500000,2.503731,54.039575,0.000000,circle,预设轨迹15,forward
1775476512.680264,3.479878,1775476560.739744|完整运动,完整运动,circle_orbit,1,1.000000,1.500000,1.500000,,,,,,,,,,,,,,,,0.950703,0.043367,0.893334,0.027444,0.000000,0.000000,-0.360313,,-0.264286,0.000000,,,,0.045616,0.166682,1.500000,2.522970,54.020337,0.000000,circle,预设轨迹15,forward
1775476512.705169,3.504784,1775476560.739744|完整运动,完整运动,circle_orbit,1,1.000000,1.500000,1.500000,,,,,,,,,,,,,,,,0.949714,0.040493,0.890399,0.004568,0.000000,0.000000,-0.370177,,-0.263361,0.000000,,,,0.042637,0.166682,1.500000,2.561565,53.981742,0.000000,circle,预设轨迹15,forward
1775476512.727931,3.527546,1775476560.739744|完整运动,完整运动,circle_orbit,1,1.000000,1.500000,1.500000,,,,,,,,,,,,,,,,0.948716,0.039109,0.888849,0.021800,0.000000,0.000000,-0.375248,,-0.262942,0.000000,,,,0.041223,0.166682,1.500000,2.581077,53.962229,0.000000,circle,预设轨迹15,forward
1775476512.769116,3.568731,1775476560.739744|完整运动,完整运动,circle_orbit,1,1.000000,1.500000,1.500000,,,,,,,,,,,,,,,,0.947706,0.037752,0.887083,0.020790,0.000000,0.000000,-0.380270,,-0.262810,0.000000,,,,0.039835,0.166682,1.500000,2.600601,53.942706,0.000000,circle,预设轨迹15,forward
1775476512.791662,3.591276,1775476560.739744|完整运动,完整运动,circle_orbit,1,1.000000,1.500000,1.500000,,,,,,,,,,,,,,,,0.946656,0.034980,0.883650,0.000331,0.000000,0.000000,-0.389884,,-0.262643,0.000000,,,,0.036951,0.166682,1.500000,2.639318,53.903989,0.000000,circle,预设轨迹15,forward
1775476512.812323,3.611938,1775476560.739744|完整运动,完整运动,circle_orbit,1,1.000000,1.500000,1.500000,,,,,,,,,,,,,,,,0.945601,0.033796,0.882304,0.019004,0.000000,0.000000,-0.394389,,-0.262258,0.000000,,,,0.035741,0.166682,1.500000,2.658664,53.884642,0.000000,circle,预设轨迹15,forward
1775476512.853358,3.652972,1775476560.739744|完整运动,完整运动,circle_orbit,1,1.000000,1.500000,1.500000,,,,,,,,,,,,,,,,0.944547,0.032662,0.881319,0.018485,0.000000,0.000000,-0.398783,,-0.261493,0.000000,,,,0.034580,0.166682,1.500000,2.678170,53.865137,0.000000,circle,预设轨迹15,forward
1775476512.877532,3.677146,1775476560.739744|完整运动,完整运动,circle_orbit,1,1.000000,1.500000,1.500000,,,,,,,,,,,,,,,,0.943478,0.030296,0.879316,0.000722,0.000000,0.000000,-0.407191,,-0.260178,0.000000,,,,0.032111,0.166682,1.500000,2.717216,53.826091,0.000000,circle,预设轨迹15,forward
1775476512.897989,3.697604,1775476560.739744|完整运动,完整运动,circle_orbit,1,1.000000,1.500000,1.500000,,,,,,,,,,,,,,,,0.942391,0.027900,0.877213,-0.002047,0.000000,0.000000,-0.415712,,-0.258948,0.000000,,,,0.029606,0.166682,1.500000,2.755691,53.787615,0.000000,circle,预设轨迹15,forward
1775476512.929563,3.729178,1775476560.739744|完整运动,完整运动,circle_orbit,1,1.000000,1.500000,1.500000,,,,,,,,,,,,,,,,0.941323,0.028155,0.877213,0.031342,0.000000,0.000000,-0.415712,,-0.258948,0.000000,,,,0.029910,0.166682,1.500000,2.755691,53.787615,0.000000,circle,预设轨迹15,forward
1775476512.950251,3.749866,1775476560.739744|完整运动,完整运动,circle_orbit,1,1.000000,1.500000,1.500000,,,,,,,,,,,,,,,,0.940239,0.025695,0.875196,-0.005060,0.000000,0.000000,-0.424536,,-0.257488,0.000000,,,,0.027328,0.166682,1.500000,2.794082,53.749224,0.000000,circle,预设轨迹15,forward
1775476512.976425,3.776040,1775476560.739744|完整运动,完整运动,circle_orbit,1,1.000000,1.500000,1.500000,,,,,,,,,,,,,,,,0.939158,0.024621,0.874309,0.011195,0.000000,0.000000,-0.428906,,-0.256632,0.000000,,,,0.026216,0.166682,1.500000,2.813340,53.729967,0.000000,circle,预设轨迹15,forward
1775476512.998491,3.798106,1775476560.739744|完整运动,完整运动,circle_orbit,1,1.000000,1.500000,1.500000,,,,,,,,,,,,,,,,0.938078,0.023568,0.873282,0.010400,0.000000,0.000000,-0.433251,,-0.255962,0.000000,,,,0.025123,0.166682,1.500000,2.832598,53.710709,0.000000,circle,预设轨迹15,forward
1775476513.022681,3.822296,1775476560.739744|完整运动,完整运动,circle_orbit,1,1.000000,1.500000,1.500000,,,,,,,,,,,,,,,,0.937000,0.022550,0.872308,0.009829,0.000000,0.000000,-0.437522,,-0.255263,0.000000,,,,0.024066,0.166682,1.500000,2.851796,53.691510,0.000000,circle,预设轨迹15,forward
1775476513.047748,3.847362,1775476560.739744|完整运动,完整运动,circle_orbit,1,1.000000,1.500000,1.500000,,,,,,,,,,,,,,,,0.935922,0.021570,0.871236,0.009315,0.000000,0.000000,-0.441709,,-0.254723,0.000000,,,,0.023046,0.166682,1.500000,2.870964,53.672342,0.000000,circle,预设轨迹15,forward
1775476513.083730,3.883345,1775476560.739744|完整运动,完整运动,circle_orbit,1,1.000000,1.500000,1.500000,,,,,,,,,,,,,,,,0.934826,0.019342,0.869098,-0.008496,0.000000,0.000000,-0.449948,,-0.253709,0.000000,,,,0.020691,0.166682,1.500000,2.909354,53.633953,0.000000,circle,预设轨迹15,forward
1775476513.104115,3.903729,1775476560.739744|完整运动,完整运动,circle_orbit,1,1.000000,1.500000,1.500000,,,,,,,,,,,,,,,,0.933716,0.017207,0.867080,-0.009484,0.000000,0.000000,-0.457898,,-0.252686,0.000000,,,,0.018429,0.166682,1.500000,2.947592,53.595714,0.000000,circle,预设轨迹15,forward
1775476513.131090,3.930704,1775476560.739744|完整运动,完整运动,circle_orbit,1,1.000000,1.500000,1.500000,,,,,,,,,,,,,,,,0.932611,0.016327,0.866309,0.005332,0.000000,0.000000,-0.461816,,-0.251906,0.000000,,,,0.017507,0.166682,1.500000,2.966746,53.576560,0.000000,circle,预设轨迹15,forward
1775476513.154330,3.953945,1775476560.739744|完整运动,完整运动,circle_orbit,1,1.000000,1.500000,1.500000,,,,,,,,,,,,,,,,0.931511,0.015467,0.865515,0.004717,0.000000,0.000000,-0.465712,,-0.251168,0.000000,,,,0.016605,0.166682,1.500000,2.985891,53.557415,0.000000,circle,预设轨迹15,forward
1775476513.176232,3.975847,1775476560.739744|完整运动,完整运动,circle_orbit,1,1.000000,1.500000,1.500000,,,,,,,,,,,,,,,,0.930418,0.014643,0.864853,0.004337,0.000000,0.000000,-0.469533,,-0.250299,0.000000,,,,0.015738,0.166682,1.500000,3.005144,53.538162,0.000000,circle,预设轨迹15,forward
1775476513.205898,4.005513,1775476560.739744|完整运动,完整运动,circle_orbit,1,1.000000,1.500000,1.500000,,,,,,,,,,,,,,,,0.929324,0.012512,0.863675,-0.014124,0.000000,0.000000,-0.477602,,-0.248191,0.000000,,,,0.013464,0.166682,1.500000,3.043236,53.500071,0.000000,circle,预设轨迹15,forward
1775476513.228181,4.027795,1775476560.739744|完整运动,完整运动,circle_orbit,1,1.000000,1.500000,1.500000,,,,,,,,,,,,,,,,0.928236,0.011587,0.862936,0.000022,0.000000,0.000000,-0.481795,,-0.247256,0.000000,,,,0.012483,0.166682,1.500000,3.062368,53.480938,0.000000,circle,预设轨迹15,forward
1775476513.249664,4.049279,1775476560.739744|完整运动,完整运动,circle_orbit,1,1.000000,1.500000,1.500000,,,,,,,,,,,,,,,,0.927148,0.010696,0.861914,-0.000442,0.000000,0.000000,-0.485909,,-0.246715,0.000000,,,,0.011536,0.166682,1.500000,3.081493,53.461813,0.000000,circle,预设轨迹15,forward
1775476513.270735,4.070350,1775476560.739744|完整运动,完整运动,circle_orbit,1,1.000000,1.500000,1.500000,,,,,,,,,,,,,,,,0.926064,0.009839,0.861012,-0.000869,0.000000,0.000000,-0.489944,,-0.246062,0.000000,,,,0.010625,0.166682,1.500000,3.100632,53.442674,0.000000,circle,预设轨迹15,forward
1775476513.297213,4.096828,1775476560.739744|完整运动,完整运动,circle_orbit,1,1.000000,1.500000,1.500000,,,,,,,,,,,,,,,,0.924984,0.009045,0.860176,-0.000889,0.000000,0.000000,-0.493809,,-0.245401,0.000000,,,,0.009778,0.166682,1.500000,3.119797,53.423509,0.000000,circle,预设轨迹15,forward
1775476513.321454,4.121069,1775476560.739744|完整运动,完整运动,circle_orbit,1,1.000000,1.500000,1.500000,,,,,,,,,,,,,,,,0.923899,0.007120,0.858782,-0.016937,0.000000,0.000000,-0.501345,,-0.243821,0.000000,,,,0.007706,0.166682,1.500000,3.158211,53.385096,0.000000,circle,预设轨迹15,forward
1775476513.342016,4.141631,1775476560.739744|完整运动,完整运动,circle_orbit,1,1.000000,1.500000,1.500000,,,,,,,,,,,,,,,,0.922822,0.006437,0.858240,-0.002095,0.000000,0.000000,-0.504883,,-0.242937,0.000000,,,,0.006976,0.166682,1.500000,3.177359,53.365948,0.000000,circle,预设轨迹15,forward
1775476513.375268,4.174883,1775476560.739744|完整运动,完整运动,circle_orbit,1,1.000000,1.500000,1.500000,,,,,,,,,,,,,,,,0.921764,0.006863,0.858240,0.012178,0.000000,0.000000,-0.504883,,-0.242937,0.000000,,,,0.007445,0.166682,1.500000,3.177359,53.365948,0.000000,circle,预设轨迹15,forward
1775476513.401973,4.201588,1775476560.739744|完整运动,完整运动,circle_orbit,1,1.000000,1.500000,1.500000,,,,,,,,,,,,,,,,0.920705,0.005164,0.857202,-0.016071,0.000000,0.000000,-0.511780,,-0.241195,0.000000,,,,0.005609,0.166682,1.500000,3.215501,53.327806,0.000000,circle,预设轨迹15,forward
1775476513.423139,4.222754,1775476560.739744|完整运动,完整运动,circle_orbit,1,1.000000,1.500000,1.500000,,,,,,,,,,,,,,,,0.919664,0.003263,0.857193,-0.020492,0.000000,0.000000,-0.519338,,-0.237847,0.000000,,,,0.003549,0.166682,1.500000,3.253176,53.290131,0.000000,circle,预设轨迹15,forward
1775476513.454738,4.254353,1775476560.739744|完整运动,完整运动,circle_orbit,1,1.000000,1.500000,1.500000,,,,,,,,,,,,,,,,0.918640,0.003708,0.857193,0.009268,0.000000,0.000000,-0.519338,,-0.237847,0.000000,,,,0.004037,0.166682,1.500000,3.253176,53.290131,0.000000,circle,预设轨迹15,forward
1775476513.478028,4.277642,1775476560.739744|完整运动,完整运动,circle_orbit,1,1.000000,1.500000,1.500000,,,,,,,,,,,,,,,,0.917616,0.001657,0.856153,-0.023988,0.000000,0.000000,-0.527435,,-0.235576,0.000000,,,,0.001805,0.166682,1.500000,3.290679,53.252627,0.000000,circle,预设轨迹15,forward
1775476513.498375,4.297990,1775476560.739744|完整运动,完整运动,circle_orbit,1,1.000000,1.500000,1.500000,,,,,,,,,,,,,,,,0.916592,-0.000338,0.855170,-0.025266,0.000000,0.000000,-0.535342,,-0.233320,0.000000,,,,0.000368,0.166682,1.500000,3.328969,53.214337,0.000000,circle,预设轨迹15,forward
1775476513.524608,4.324223,1775476560.739744|完整运动,完整运动,circle_orbit,1,1.000000,1.500000,1.500000,,,,,,,,,,,,,,,,0.915585,0.000121,0.855170,0.005853,0.000000,0.000000,-0.535342,,-0.233320,0.000000,,,,0.000132,0.166682,1.500000,3.328969,53.214337,0.000000,circle,预设轨迹15,forward
1775476513.548928,4.348542,1775476560.739744|完整运动,完整运动,circle_orbit,1,1.000000,1.500000,1.500000,,,,,,,,,,,,,,,,0.914585,-0.001641,0.854615,-0.023667,0.000000,0.000000,-0.542552,,-0.230828,0.000000,,,,0.001794,0.166682,1.500000,3.367474,53.175833,0.000000,circle,预设轨迹15,forward
1775476513.572446,4.372061,1775476560.739744|完整运动,完整运动,circle_orbit,1,1.000000,1.500000,1.500000,,,,,,,,,,,,,,,,0.913601,-0.002303,0.854517,-0.010574,0.000000,0.000000,-0.546218,,-0.229325,0.000000,,,,0.002521,0.166682,1.500000,3.386647,53.156660,0.000000,circle,预设轨迹15,forward
1775476513.603251,4.402866,1775476560.739744|完整运动,完整运动,circle_orbit,1,1.000000,1.500000,1.500000,,,,,,,,,,,,,,,,0.912635,-0.003015,0.854681,-0.011911,0.000000,0.000000,-0.550073,,-0.227400,0.000000,,,,0.003303,0.166682,1.500000,3.405922,53.137385,0.000000,circle,预设轨迹15,forward
1775476513.627703,4.427317,1775476560.739744|完整运动,完整运动,circle_orbit,1,1.000000,1.500000,1.500000,,,,,,,,,,,,,,,,0.911677,-0.004828,0.854199,-0.027495,0.000000,0.000000,-0.557504,,-0.224716,0.000000,,,,0.005296,0.166682,1.500000,3.444459,53.098847,0.000000,circle,预设轨迹15,forward
1775476513.649989,4.449604,1775476560.739744|完整运动,完整运动,circle_orbit,1,1.000000,1.500000,1.500000,,,,,,,,,,,,,,,,0.910730,-0.005404,0.853912,-0.012603,0.000000,0.000000,-0.560944,,-0.223556,0.000000,,,,0.005933,0.166682,1.500000,3.463562,53.079744,0.000000,circle,预设轨迹15,forward
1775476513.685907,4.485522,1775476560.739744|完整运动,完整运动,circle_orbit,1,1.000000,1.500000,1.500000,,,,,,,,,,,,,,,,0.909802,-0.005946,0.854111,-0.012719,0.000000,0.000000,-0.564303,,-0.221808,0.000000,,,,0.006535,0.166682,1.500000,3.482639,53.060668,0.000000,circle,预设轨迹15,forward
1775476513.710090,4.509704,1775476560.739744|完整运动,完整运动,circle_orbit,1,1.000000,1.500000,1.500000,,,,,,,,,,,,,,,,0.908898,-0.007604,0.854660,-0.028337,0.000000,0.000000,-0.571295,,-0.217995,0.000000,,,,0.008366,0.166682,1.500000,3.520599,53.022708,0.000000,circle,预设轨迹15,forward
1775476513.730417,4.530031,1775476560.739744|完整运动,完整运动,circle_orbit,1,1.000000,1.500000,1.500000,,,,,,,,,,,,,,,,0.908010,-0.008257,0.854722,-0.016417,0.000000,0.000000,-0.575047,,-0.216247,0.000000,,,,0.009094,0.166682,1.500000,3.539499,53.003808,0.000000,circle,预设轨迹15,forward
1775476513.764822,4.564436,1775476560.739744|完整运动,完整运动,circle_orbit,1,1.000000,1.500000,1.500000,,,,,,,,,,,,,,,,0.907130,-0.010162,0.854377,-0.033969,0.000000,0.000000,-0.582859,,-0.213218,0.000000,,,,0.011202,0.166682,1.500000,3.577114,52.966193,0.000000,circle,预设轨迹15,forward
1775476513.798929,4.598543,1775476560.739744|完整运动,完整运动,circle_orbit,1,1.000000,1.500000,1.500000,,,,,,,,,,,,,,,,0.906265,-0.010818,0.854317,-0.019027,0.000000,0.000000,-0.586646,,-0.211612,0.000000,,,,0.011937,0.166682,1.500000,3.595952,52.947354,0.000000,circle,预设轨迹15,forward
1775476513.820975,4.620589,1775476560.739744|完整运动,完整运动,circle_orbit,1,1.000000,1.500000,1.500000,,,,,,,,,,,,,,,,0.905419,-0.012499,0.854683,-0.033509,0.000000,0.000000,-0.593764,,-0.207978,0.000000,,,,0.013805,0.166682,1.500000,3.634024,52.909282,0.000000,circle,预设轨迹15,forward
1775476513.851747,4.651361,1775476560.739744|完整运动,完整运动,circle_orbit,1,1.000000,1.500000,1.500000,,,,,,,,,,,,,,,,0.904587,-0.011972,0.854683,-0.005379,0.000000,0.000000,-0.593764,,-0.207978,0.000000,,,,0.013234,0.166682,1.500000,3.634024,52.909282,0.000000,circle,预设轨迹15,forward
1775476513.876362,4.675977,1775476560.739744|完整运动,完整运动,circle_orbit,1,1.000000,1.500000,1.500000,,,,,,,,,,,,,,,,0.903777,-0.013499,0.855175,-0.032592,0.000000,0.000000,-0.600442,,-0.204379,0.000000,,,,0.014936,0.166682,1.500000,3.672555,52.870751,0.000000,circle,预设轨迹15,forward
1775476513.897449,4.697064,1775476560.739744|完整运动,完整运动,circle_orbit,1,1.000000,1.500000,1.500000,,,,,,,,,,,,,,,,0.902992,-0.014960,0.855880,-0.033220,0.000000,0.000000,-0.606913,,-0.200598,0.000000,,,,0.016567,0.166682,1.500000,3.711397,52.831910,0.000000,circle,预设轨迹15,forward
1775476513.930241,4.729856,1775476560.739744|完整运动,完整运动,circle_orbit,1,1.000000,1.500000,1.500000,,,,,,,,,,,,,,,,0.902220,-0.014413,0.855880,-0.007575,0.000000,0.000000,-0.606913,,-0.200598,0.000000,,,,0.015975,0.166682,1.500000,3.711397,52.831910,0.000000,circle,预设轨迹15,forward
1775476513.954730,4.754345,1775476560.739744|完整运动,完整运动,circle_orbit,1,1.000000,1.500000,1.500000,,,,,,,,,,,,,,,,0.901483,-0.015679,0.857254,-0.031501,0.000000,0.000000,-0.612813,,-0.196221,0.000000,,,,0.017392,0.166682,1.500000,3.750149,52.793158,0.000000,circle,预设轨迹15,forward
1775476513.975869,4.775484,1775476560.739744|完整运动,完整运动,circle_orbit,1,1.000000,1.500000,1.500000,,,,,,,,,,,,,,,,0.900790,-0.017032,0.859221,-0.033944,0.000000,0.000000,-0.619013,,-0.190962,0.000000,,,,0.018908,0.166682,1.500000,3.788102,52.755204,0.000000,circle,预设轨迹15,forward
1775476513.996721,4.796335,1775476560.739744|完整运动,完整运动,circle_orbit,1,1.000000,1.500000,1.500000,,,,,,,,,,,,,,,,0.900114,-0.017412,0.859600,-0.022168,0.000000,0.000000,-0.622082,,-0.189116,0.000000,,,,0.019344,0.166682,1.500000,3.807025,52.736282,0.000000,circle,预设轨迹15,forward
1775476514.017036,4.816651,1775476560.739744|完整运动,完整运动,circle_orbit,1,1.000000,1.500000,1.500000,,,,,,,,,,,,,,,,0.899457,-0.017751,0.860038,-0.021981,0.000000,0.000000,-0.625041,,-0.187246,0.000000,,,,0.019735,0.166682,1.500000,3.825727,52.717580,0.000000,circle,预设轨迹15,forward
1775476514.041441,4.841055,1775476560.739744|完整运动,完整运动,circle_orbit,1,1.000000,1.500000,1.500000,,,,,,,,,,,,,,,,0.898811,-0.017166,0.860038,-0.009862,0.000000,0.000000,-0.625041,,-0.187246,0.000000,,,,0.019099,0.166682,1.500000,3.825727,52.717580,0.000000,circle,预设轨迹15,forward
1775476514.062925,4.862539,1775476560.739744|完整运动,完整运动,circle_orbit,1,1.000000,1.500000,1.500000,,,,,,,,,,,,,,,,0.898198,-0.018272,0.861409,-0.032098,0.000000,0.000000,-0.630536,,-0.183068,0.000000,,,,0.020343,0.166682,1.500000,3.863832,52.679475,0.000000,circle,预设轨迹15,forward
1775476514.099076,4.898691,1775476560.739744|完整运动,完整运动,circle_orbit,1,1.000000,1.500000,1.500000,,,,,,,,,,,,,,,,0.897605,-0.018503,0.861995,-0.021380,0.000000,0.000000,-0.633208,,-0.181141,0.000000,,,,0.020613,0.166682,1.500000,3.882867,52.660439,0.000000,circle,预设轨迹15,forward
1775476514.127403,4.927017,1775476560.739744|完整运动,完整运动,circle_orbit,1,1.000000,1.500000,1.500000,,,,,,,,,,,,,,,,0.897040,-0.019595,0.863165,-0.033253,0.000000,0.000000,-0.638685,,-0.177232,0.000000,,,,0.021844,0.166682,1.500000,3.920632,52.622674,0.000000,circle,预设轨迹15,forward
1775476514.147871,4.947486,1775476560.739744|完整运动,完整运动,circle_orbit,1,1.000000,1.500000,1.500000,,,,,,,,,,,,,,,,0.896498,-0.019889,0.863948,-0.023559,0.000000,0.000000,-0.641587,,-0.174957,0.000000,,,,0.022185,0.166682,1.500000,3.939638,52.603669,0.000000,circle,预设轨迹15,forward
1775476514.178159,4.977773,1775476560.739744|完整运动,完整运动,circle_orbit,1,1.000000,1.500000,1.500000,,,,,,,,,,,,,,,,0.895976,-0.020175,0.864661,-0.023752,0.000000,0.000000,-0.644482,,-0.172777,0.000000,,,,0.022517,0.166682,1.500000,3.958880,52.584427,0.000000,circle,预设轨迹15,forward
1775476514.201580,5.001195,1775476560.739744|完整运动,完整运动,circle_orbit,1,1.000000,1.500000,1.500000,,,,,,,,,,,,,,,,0.895471,-0.020407,0.865190,-0.023312,0.000000,0.000000,-0.647217,,-0.170898,0.000000,,,,0.022790,0.166682,1.500000,3.978143,52.565163,0.000000,circle,预设轨迹15,forward
1775476514.222335,5.021949,1775476560.739744|完整运动,完整运动,circle_orbit,1,1.000000,1.500000,1.500000,,,,,,,,,,,,,,,,0.894998,-0.021329,0.866628,-0.032846,0.000000,0.000000,-0.652193,,-0.166888,0.000000,,,,0.023831,0.166682,1.500000,4.016414,52.526893,0.000000,circle,预设轨迹15,forward
1775476514.255712,5.055326,1775476560.739744|完整运动,完整运动,circle_orbit,1,1.000000,1.500000,1.500000,,,,,,,,,,,,,,,,0.894544,-0.021424,0.867268,-0.022613,0.000000,0.000000,-0.654504,,-0.165063,0.000000,,,,0.023950,0.166682,1.500000,4.035353,52.507954,0.000000,circle,预设轨迹15,forward
1775476514.279219,5.078834,1775476560.739744|完整运动,完整运动,circle_orbit,1,1.000000,1.500000,1.500000,,,,,,,,,,,,,,,,0.894111,-0.021561,0.868163,-0.023275,0.000000,0.000000,-0.656967,,-0.162853,0.000000,,,,0.024114,0.166682,1.500000,4.054395,52.488912,0.000000,circle,预设轨迹15,forward
1775476514.299631,5.099246,1775476560.739744|完整运动,完整运动,circle_orbit,1,1.000000,1.500000,1.500000,,,,,,,,,,,,,,,,0.893704,-0.022806,0.869274,-0.038366,0.000000,0.000000,-0.663019,,-0.158783,0.000000,,,,0.025518,0.166682,1.500000,4.093710,52.449596,0.000000,circle,预设轨迹15,forward
1775476514.330736,5.130350,1775476560.739744|完整运动,完整运动,circle_orbit,1,1.000000,1.500000,1.500000,,,,,,,,,,,,,,,,0.893312,-0.023097,0.869830,-0.026737,0.000000,0.000000,-0.665985,,-0.156776,0.000000,,,,0.025855,0.166682,1.500000,4.113360,52.429947,0.000000,circle,预设轨迹15,forward
1775476514.355219,5.154834,1775476560.739744|完整运动,完整运动,circle_orbit,1,1.000000,1.500000,1.500000,,,,,,,,,,,,,,,,0.892939,-0.023352,0.870515,-0.026542,0.000000,0.000000,-0.668846,,-0.154656,0.000000,,,,0.026152,0.166682,1.500000,4.132989,52.410317,0.000000,circle,预设轨迹15,forward
1775476514.375529,5.175144,1775476560.739744|完整运动,完整运动,circle_orbit,1,1.000000,1.500000,1.500000,,,,,,,,,,,,,,,,0.892599,-0.024381,0.872184,-0.037235,0.000000,0.000000,-0.674217,,-0.150208,0.000000,,,,0.027314,0.166682,1.500000,4.172392,52.370914,0.000000,circle,预设轨迹15,forward
1775476514.399589,5.199203,1775476560.739744|完整运动,完整运动,circle_orbit,1,1.000000,1.500000,1.500000,,,,,,,,,,,,,,,,0.892264,-0.023747,0.872184,-0.015831,0.000000,0.000000,-0.674217,,-0.150208,0.000000,,,,0.026615,0.166682,1.500000,4.172392,52.370914,0.000000,circle,预设轨迹15,forward
1775476514.425957,5.225572,1775476560.739744|完整运动,完整运动,circle_orbit,1,1.000000,1.500000,1.500000,,,,,,,,,,,,,,,,0.891967,-0.024762,0.874151,-0.037450,0.000000,0.000000,-0.679568,,-0.145410,0.000000,,,,0.027761,0.166682,1.500000,4.212188,52.331119,0.000000,circle,预设轨迹15,forward
1775476514.446273,5.245888,1775476560.739744|完整运动,完整运动,circle_orbit,1,1.000000,1.500000,1.500000,,,,,,,,,,,,,,,,0.891692,-0.024922,0.875217,-0.026915,0.000000,0.000000,-0.682153,,-0.142955,0.000000,,,,0.027949,0.166682,1.500000,4.232121,52.311186,0.000000,circle,预设轨迹15,forward
1775476514.474092,5.273707,1775476560.739744|完整运动,完整运动,circle_orbit,1,1.000000,1.500000,1.500000,,,,,,,,,,,,,,,,0.891439,-0.025019,0.876221,-0.026237,0.000000,0.000000,-0.684548,,-0.140664,0.000000,,,,0.028066,0.166682,1.500000,4.251993,52.291314,0.000000,circle,预设轨迹15,forward
1775476514.498313,5.297927,1775476560.739744|完整运动,完整运动,circle_orbit,1,1.000000,1.500000,1.500000,,,,,,,,,,,,,,,,0.891210,-0.025075,0.877458,-0.025770,0.000000,0.000000,-0.686819,,-0.138145,0.000000,,,,0.028136,0.166682,1.500000,4.271881,52.271426,0.000000,circle,预设轨迹15,forward
1775476514.519677,5.319292,1775476560.739744|完整运动,完整运动,circle_orbit,1,1.000000,1.500000,1.500000,,,,,,,,,,,,,,,,0.891025,-0.025876,0.879950,-0.035893,0.000000,0.000000,-0.691515,,-0.133032,0.000000,,,,0.029041,0.166682,1.500000,4.311322,52.231985,0.000000,circle,预设轨迹15,forward
1775476514.549892,5.349507,1775476560.739744|完整运动,完整运动,circle_orbit,1,1.000000,1.500000,1.500000,,,,,,,,,,,,,,,,0.890843,-0.025226,0.879950,-0.017099,0.000000,0.000000,-0.691515,,-0.133032,0.000000,,,,0.028317,0.166682,1.500000,4.311322,52.231985,0.000000,circle,预设轨迹15,forward
1775476514.584820,5.384435,1775476560.739744|完整运动,完整运动,circle_orbit,1,1.000000,1.500000,1.500000,,,,,,,,,,,,,,,,0.890702,-0.026192,0.882227,-0.038266,0.000000,0.000000,-0.696757,,-0.127953,0.000000,,,,0.029406,0.166682,1.500000,4.350382,52.192924,0.000000,circle,预设轨迹15,forward
1775476514.605160,5.404774,1775476560.739744|完整运动,完整运动,circle_orbit,1,1.000000,1.500000,1.500000,,,,,,,,,,,,,,,,0.890606,-0.027065,0.884837,-0.037977,0.000000,0.000000,-0.701700,,-0.122621,0.000000,,,,0.030389,0.166682,1.500000,4.389556,52.153751,0.000000,circle,预设轨迹15,forward
1775476514.625778,5.425393,1775476560.739744|完整运动,完整运动,circle_orbit,1,1.000000,1.500000,1.500000,,,,,,,,,,,,,,,,0.890530,-0.027076,0.885989,-0.027221,0.000000,0.000000,-0.703856,,-0.120284,0.000000,,,,0.030405,0.166682,1.500000,4.409284,52.134023,0.000000,circle,预设轨迹15,forward
1775476514.650549,5.450164,1775476560.739744|完整运动,完整运动,circle_orbit,1,1.000000,1.500000,1.500000,,,,,,,,,,,,,,,,0.890475,-0.027069,0.887178,-0.026982,0.000000,0.000000,-0.705963,,-0.117930,0.000000,,,,0.030399,0.166682,1.500000,4.429120,52.114187,0.000000,circle,预设轨迹15,forward
1775476514.670863,5.470478,1775476560.739744|完整运动,完整运动,circle_orbit,1,1.000000,1.500000,1.500000,,,,,,,,,,,,,,,,0.890443,-0.027056,0.888506,-0.026895,0.000000,0.000000,-0.708058,,-0.115419,0.000000,,,,0.030385,0.166682,1.500000,4.448872,52.094434,0.000000,circle,预设轨迹15,forward
1775476514.697721,5.497335,1775476560.739744|完整运动,完整运动,circle_orbit,1,1.000000,1.500000,1.500000,,,,,,,,,,,,,,,,0.890432,-0.027033,0.889789,-0.026737,0.000000,0.000000,-0.710126,,-0.112979,0.000000,,,,0.030359,0.166682,1.500000,4.468561,52.074746,0.000000,circle,预设轨迹15,forward
1775476514.731400,5.531014,1775476560.739744|完整运动,完整运动,circle_orbit,1,1.000000,1.500000,1.500000,,,,,,,,,,,,,,,,0.890447,-0.027009,0.891351,-0.026718,0.000000,0.000000,-0.712201,,-0.110210,0.000000,,,,0.030332,0.166682,1.500000,4.488356,52.054951,0.000000,circle,预设轨迹15,forward
1775476514.752039,5.551654,1775476560.739744|完整运动,完整运动,circle_orbit,1,1.000000,1.500000,1.500000,,,,,,,,,,,,,,,,0.890507,-0.027578,0.894097,-0.034686,0.000000,0.000000,-0.716200,,-0.105203,0.000000,,,,0.030969,0.166682,1.500000,4.528286,52.015021,0.000000,circle,预设轨迹15,forward
1775476514.773546,5.573161,1775476560.739744|完整运动,完整运动,circle_orbit,1,1.000000,1.500000,1.500000,,,,,,,,,,,,,,,,0.890589,-0.027427,0.895484,-0.025533,0.000000,0.000000,-0.717869,,-0.102837,0.000000,,,,0.030796,0.166682,1.500000,4.548138,51.995169,0.000000,circle,预设轨迹15,forward
1775476514.809204,5.608818,1775476560.739744|完整运动,完整运动,circle_orbit,1,1.000000,1.500000,1.500000,,,,,,,,,,,,,,,,0.890719,-0.027671,0.898549,-0.030729,0.000000,0.000000,-0.720833,,-0.097948,0.000000,,,,0.031066,0.166682,1.500000,4.587440,51.955867,0.000000,circle,预设轨迹15,forward
1775476514.842836,5.642451,1775476560.739744|完整运动,完整运动,circle_orbit,1,1.000000,1.500000,1.500000,,,,,,,,,,,,,,,,0.890900,-0.028041,0.901771,-0.032664,0.000000,0.000000,-0.724211,,-0.092719,0.000000,,,,0.031475,0.166682,1.500000,4.626960,51.916346,0.000000,circle,预设轨迹15,forward
1775476514.869806,5.669421,1775476560.739744|完整运动,完整运动,circle_orbit,1,1.000000,1.500000,1.500000,,,,,,,,,,,,,,,,0.891104,-0.027937,0.903288,-0.026639,0.000000,0.000000,-0.726056,,-0.090152,0.000000,,,,0.031351,0.166682,1.500000,4.646737,51.896570,0.000000,circle,预设轨迹15,forward
1775476514.890400,5.690015,1775476560.739744|完整运动,完整运动,circle_orbit,1,1.000000,1.500000,1.500000,,,,,,,,,,,,,,,,0.891326,-0.027813,0.904662,-0.026262,0.000000,0.000000,-0.727839,,-0.087784,0.000000,,,,0.031204,0.166682,1.500000,4.666513,51.876794,0.000000,circle,预设轨迹15,forward
1775476514.917796,5.717410,1775476560.739744|完整运动,完整运动,circle_orbit,1,1.000000,1.500000,1.500000,,,,,,,,,,,,,,,,0.891568,-0.027655,0.906126,-0.025676,0.000000,0.000000,-0.729515,,-0.085365,0.000000,,,,0.031018,0.166682,1.500000,4.686223,51.857084,0.000000,circle,预设轨迹15,forward
1775476514.943989,5.743603,1775476560.739744|完整运动,完整运动,circle_orbit,1,1.000000,1.500000,1.500000,,,,,,,,,,,,,,,,0.891863,-0.027942,0.909555,-0.031534,0.000000,0.000000,-0.732643,,-0.080074,0.000000,,,,0.031330,0.166682,1.500000,4.725924,51.817383,0.000000,circle,预设轨迹15,forward
1775476514.964438,5.764053,1775476560.739744|完整运动,完整运动,circle_orbit,1,1.000000,1.500000,1.500000,,,,,,,,,,,,,,,,0.892181,-0.027715,0.911251,-0.024874,0.000000,0.000000,-0.734104,,-0.077506,0.000000,,,,0.031064,0.166682,1.500000,4.745994,51.797313,0.000000,circle,预设轨迹15,forward
1775476514.988843,5.788458,1775476560.739744|完整运动,完整运动,circle_orbit,1,1.000000,1.500000,1.500000,,,,,,,,,,,,,,,,0.892526,-0.027487,0.913226,-0.024635,0.000000,0.000000,-0.735568,,-0.074631,0.000000,,,,0.030797,0.166682,1.500000,4.766069,51.777237,0.000000,circle,预设轨迹15,forward
1775476515.012528,5.812143,1775476560.739744|完整运动,完整运动,circle_orbit,1,1.000000,1.500000,1.500000,,,,,,,,,,,,,,,,0.892896,-0.027245,0.915101,-0.024229,0.000000,0.000000,-0.736991,,-0.071895,0.000000,,,,0.030514,0.166682,1.500000,4.786171,51.757135,0.000000,circle,预设轨迹15,forward
1775476515.033161,5.832776,1775476560.739744|完整运动,完整运动,circle_orbit,1,1.000000,1.500000,1.500000,,,,,,,,,,,,,,,,0.893293,-0.026875,0.917119,-0.022243,0.000000,0.000000,-0.738000,,-0.069192,0.000000,,,,0.030085,0.166682,1.500000,4.805925,51.737382,0.000000,circle,预设轨迹15,forward
1775476515.063626,5.863241,1775476560.739744|完整运动,完整运动,circle_orbit,1,1.000000,1.500000,1.500000,,,,,,,,,,,,,,,,0.893718,-0.026430,0.919201,-0.020865,0.000000,0.000000,-0.738770,,-0.066534,0.000000,,,,0.029573,0.166682,1.500000,4.825606,51.717701,0.000000,circle,预设轨迹15,forward
1775476515.093659,5.893274,1775476560.739744|完整运动,完整运动,circle_orbit,1,1.000000,1.500000,1.500000,,,,,,,,,,,,,,,,0.894212,-0.026209,0.923873,-0.023453,0.000000,0.000000,-0.740283,,-0.060704,0.000000,,,,0.029310,0.166682,1.500000,4.864675,51.678631,0.000000,circle,预设轨迹15,forward
1775476515.124988,5.924603,1775476560.739744|完整运动,完整运动,circle_orbit,1,1.000000,1.500000,1.500000,,,,,,,,,,,,,,,,0.894767,-0.026226,0.928028,-0.026436,0.000000,0.000000,-0.742571,,-0.055143,0.000000,,,,0.029310,0.166682,1.500000,4.903184,51.640122,0.000000,circle,预设轨迹15,forward
1775476515.152509,5.952124,1775476560.739744|完整运动,完整运动,circle_orbit,1,1.000000,1.500000,1.500000,,,,,,,,,,,,,,,,0.895347,-0.025874,0.930188,-0.021470,0.000000,0.000000,-0.743661,,-0.052314,0.000000,,,,0.028898,0.166682,1.500000,4.922491,51.620816,0.000000,circle,预设轨迹15,forward
1775476515.173217,5.972831,1775476560.739744|完整运动,完整运动,circle_orbit,1,1.000000,1.500000,1.500000,,,,,,,,,,,,,,,,0.895953,-0.025430,0.932275,-0.019879,0.000000,0.000000,-0.744452,,-0.049706,0.000000,,,,0.028383,0.166682,1.500000,4.942005,51.601301,0.000000,circle,预设轨迹15,forward
1775476515.207149,6.006764,1775476560.739744|完整运动,完整运动,circle_orbit,1,1.000000,1.500000,1.500000,,,,,,,,,,,,,,,,0.896618,-0.025045,0.936551,-0.020236,0.000000,0.000000,-0.745445,,-0.044673,0.000000,,,,0.027933,0.166682,1.500000,4.980997,51.562310,0.000000,circle,预设轨迹15,forward
1775476515.235886,6.035501,1775476560.739744|完整运动,完整运动,circle_orbit,1,1.000000,1.500000,1.500000,,,,,,,,,,,,,,,,0.897311,-0.024480,0.938850,-0.017419,0.000000,0.000000,-0.745853,,-0.042041,0.000000,,,,0.027282,0.166682,1.500000,5.000396,51.542911,0.000000,circle,预设轨迹15,forward
1775476515.256400,6.056015,1775476560.739744|完整运动,完整运动,circle_orbit,1,1.000000,1.500000,1.500000,,,,,,,,,,,,,,,,0.898072,-0.024056,0.943724,-0.018759,0.000000,0.000000,-0.746729,,-0.036493,0.000000,,,,0.026787,0.166682,1.500000,5.039429,51.503878,0.000000,circle,预设轨迹15,forward
1775476515.280364,6.079979,1775476560.739744|完整运动,完整运动,circle_orbit,1,1.000000,1.500000,1.500000,,,,,,,,,,,,,,,,0.898820,-0.023367,0.943724,-0.014752,0.000000,0.000000,-0.746729,,-0.036493,0.000000,,,,0.025998,0.166682,1.500000,5.039429,51.503878,0.000000,circle,预设轨迹15,forward
1775476515.305665,6.105279,1775476560.739744|完整运动,完整运动,circle_orbit,1,1.000000,1.500000,1.500000,,,,,,,,,,,,,,,,0.899636,-0.022966,0.948621,-0.017952,0.000000,0.000000,-0.747671,,-0.030947,0.000000,,,,0.025528,0.166682,1.500000,5.079300,51.464007,0.000000,circle,预设轨迹15,forward
1775476515.326605,6.126220,1775476560.739744|完整运动,完整运动,circle_orbit,1,1.000000,1.500000,1.500000,,,,,,,,,,,,,,,,0.900475,-0.022313,0.950822,-0.014154,0.000000,0.000000,-0.747790,,-0.028606,0.000000,,,,0.024779,0.166682,1.500000,5.099127,51.444180,0.000000,circle,预设轨迹15,forward
1775476515.352275,6.151890,1775476560.739744|完整运动,完整运动,circle_orbit,1,1.000000,1.500000,1.500000,,,,,,,,,,,,,,,,0.901342,-0.021628,0.953334,-0.013069,0.000000,0.000000,-0.747801,,-0.026003,0.000000,,,,0.023996,0.166682,1.500000,5.118885,51.424422,0.000000,circle,预设轨迹15,forward
1775476515.378487,6.178101,1775476560.739744|完整运动,完整运动,circle_orbit,1,1.000000,1.500000,1.500000,,,,,,,,,,,,,,,,0.902279,-0.020912,0.958510,-0.011953,0.000000,0.000000,-0.747716,,-0.020730,0.000000,,,,0.023177,0.166682,1.500000,5.158300,51.385007,0.000000,circle,预设轨迹15,forward
1775476515.401270,6.200885,1775476560.739744|完整运动,完整运动,circle_orbit,1,1.000000,1.500000,1.500000,,,,,,,,,,,,,,,,0.903249,-0.020307,0.961419,-0.012752,0.000000,0.000000,-0.747989,,-0.017650,0.000000,,,,0.022483,0.166682,1.500000,5.178201,51.365106,0.000000,circle,预设轨迹15,forward
1775476515.430818,6.230433,1775476560.739744|完整运动,完整运动,circle_orbit,1,1.000000,1.500000,1.500000,,,,,,,,,,,,,,,,0.904244,-0.019749,0.963944,-0.012774,0.000000,0.000000,-0.748400,,-0.014914,0.000000,,,,0.021841,0.166682,1.500000,5.198135,51.345172,0.000000,circle,预设轨迹15,forward
1775476515.460863,6.260478,1775476560.739744|完整运动,完整运动,circle_orbit,1,1.000000,1.500000,1.500000,,,,,,,,,,,,,,,,0.905263,-0.019210,0.966406,-0.012463,0.000000,0.000000,-0.748857,,-0.012233,0.000000,,,,0.021220,0.166682,1.500000,5.218176,51.325130,0.000000,circle,预设轨迹15,forward
1775476515.481178,6.280792,1775476560.739744|完整运动,完整运动,circle_orbit,1,1.000000,1.500000,1.500000,,,,,,,,,,,,,,,,0.906347,-0.018700,0.971434,-0.012325,0.000000,0.000000,-0.749409,,-0.006966,0.000000,,,,0.020632,0.166682,1.500000,5.258402,51.284904,0.000000,circle,预设轨迹15,forward
1775476515.512919,6.312533,1775476560.739744|完整运动,完整运动,circle_orbit,1,1.000000,1.500000,1.500000,,,,,,,,,,,,,,,,0.907458,-0.018043,0.974061,-0.009838,0.000000,0.000000,-0.749475,,-0.004334,0.000000,,,,0.019883,0.166682,1.500000,5.278573,51.264733,0.000000,circle,预设轨迹15,forward
1775476515.546867,6.346482,1775476560.739744|完整运动,完整运动,circle_orbit,1,1.000000,1.500000,1.500000,,,,,,,,,,,,,,,,0.908594,-0.017354,0.976786,-0.008737,0.000000,0.000000,-0.749422,,-0.001672,0.000000,,,,0.019100,0.166682,1.500000,5.298752,51.244555,0.000000,circle,预设轨迹15,forward
1775476515.567951,6.367566,1775476560.739744|完整运动,完整运动,circle_orbit,1,1.000000,1.500000,1.500000,,,,,,,,,,,,,,,,0.909679,-0.016574,0.974749,-0.006831,0.000000,0.000000,-0.749083,,0.003828,0.000000,,,,0.018220,0.166682,1.500000,5.339188,51.204118,0.000000,circle,预设轨迹15,forward
1775476515.594958,6.394573,1775476560.739744|完整运动,完整运动,circle_orbit,1,1.000000,1.500000,1.500000,,,,,,,,,,,,,,,,0.910702,-0.015792,0.972134,-0.006014,0.000000,0.000000,-0.748724,,0.006576,0.000000,,,,0.017341,0.166682,1.500000,5.359440,51.183867,0.000000,circle,预设轨迹15,forward
1775476515.626355,6.425969,1775476560.739744|完整运动,完整运动,circle_orbit,1,1.000000,1.500000,1.500000,,,,,,,,,,,,,,,,0.911635,-0.014653,0.967569,-0.000419,0.000000,0.000000,-0.747219,,0.011794,0.000000,,,,0.016074,0.166682,1.500000,5.399944,51.143362,0.000000,circle,预设轨迹15,forward
1775476515.647116,6.446731,1775476560.739744|完整运动,完整运动,circle_orbit,1,1.000000,1.500000,1.500000,,,,,,,,,,,,,,,,0.912505,-0.013779,0.964696,-0.002848,0.000000,0.000000,-0.746563,,0.014971,0.000000,,,,0.015100,0.166682,1.500000,5.419988,51.123318,0.000000,circle,预设轨迹15,forward
1775476515.670107,6.469721,1775476560.739744|完整运动,完整运动,circle_orbit,1,1.000000,1.500000,1.500000,,,,,,,,,,,,,,,,0.913311,-0.013010,0.961683,-0.003397,0.000000,0.000000,-0.746235,,0.018162,0.000000,,,,0.014245,0.166682,1.500000,5.439915,51.103392,0.000000,circle,预设轨迹15,forward
1775476515.690676,6.490291,1775476560.739744|完整运动,完整运动,circle_orbit,1,1.000000,1.500000,1.500000,,,,,,,,,,,,,,,,0.914064,-0.012291,0.959267,-0.003309,0.000000,0.000000,-0.746051,,0.020699,0.000000,,,,0.013447,0.166682,1.500000,5.459724,51.083583,0.000000,circle,预设轨迹15,forward
1775476515.722627,6.522242,1775476560.739744|完整运动,完整运动,circle_orbit,1,1.000000,1.500000,1.500000,,,,,,,,,,,,,,,,0.914762,-0.011586,0.956641,-0.002764,0.000000,0.000000,-0.745890,,0.023453,0.000000,,,,0.012665,0.166682,1.500000,5.479722,51.063585,0.000000,circle,预设轨迹15,forward
1775476515.743184,6.542799,1775476560.739744|完整运动,完整运动,circle_orbit,1,1.000000,1.500000,1.500000,,,,,,,,,,,,,,,,0.915369,-0.010621,0.951798,0.001438,0.000000,0.000000,-0.744892,,0.028884,0.000000,,,,0.011603,0.166682,1.500000,5.520165,51.023142,0.000000,circle,预设轨迹15,forward
1775476515.769914,6.569529,1775476560.739744|完整运动,完整运动,circle_orbit,1,1.000000,1.500000,1.500000,,,,,,,,,,,,,,,,0.915966,-0.009975,0.951798,-0.001907,0.000000,0.000000,-0.744892,,0.028884,0.000000,,,,0.010891,0.166682,1.500000,5.520165,51.023142,0.000000,circle,预设轨迹15,forward
1775476515.803287,6.602901,1775476560.739744|完整运动,完整运动,circle_orbit,1,1.000000,1.500000,1.500000,,,,,,,,,,,,,,,,0.916481,-0.008768,0.947376,0.006331,0.000000,0.000000,-0.743075,,0.034289,0.000000,,,,0.009567,0.166682,1.500000,5.560441,50.982866,0.000000,circle,预设轨迹15,forward
1775476515.825454,6.625069,1775476560.739744|完整运动,完整运动,circle_orbit,1,1.000000,1.500000,1.500000,,,,,,,,,,,,,,,,0.916910,-0.007607,0.942635,0.006896,0.000000,0.000000,-0.741419,,0.040002,0.000000,,,,0.008297,0.166682,1.500000,5.600496,50.942811,0.000000,circle,预设轨迹15,forward
1775476515.852759,6.652374,1775476560.739744|完整运动,完整运动,circle_orbit,1,1.000000,1.500000,1.500000,,,,,,,,,,,,,,,,0.917294,-0.006702,0.940308,0.004615,0.000000,0.000000,-0.740573,,0.042839,0.000000,,,,0.007306,0.166682,1.500000,5.620642,50.922664,0.000000,circle,预设轨迹15,forward
1775476515.877946,6.677560,1775476560.739744|完整运动,完整运动,circle_orbit,1,1.000000,1.500000,1.500000,,,,,,,,,,,,,,,,0.917640,-0.005737,0.938397,0.006323,0.000000,0.000000,-0.739515,,0.045340,0.000000,,,,0.006252,0.166682,1.500000,5.640872,50.902435,0.000000,circle,预设轨迹15,forward
1775476515.898461,6.698076,1775476560.739744|完整运动,完整运动,circle_orbit,1,1.000000,1.500000,1.500000,,,,,,,,,,,,,,,,0.917916,-0.004299,0.934520,0.013680,0.000000,0.000000,-0.736928,,0.050634,0.000000,,,,0.004683,0.166682,1.500000,5.681128,50.862178,0.000000,circle,预设轨迹15,forward
1775476515.924552,6.724167,1775476560.739744|完整运动,完整运动,circle_orbit,1,1.000000,1.500000,1.500000,,,,,,,,,,,,,,,,0.918189,-0.003671,0.934520,0.004170,0.000000,0.000000,-0.736928,,0.050634,0.000000,,,,0.003999,0.166682,1.500000,5.681128,50.862178,0.000000,circle,预设轨迹15,forward
1775476515.950937,6.750552,1775476560.739744|完整运动,完整运动,circle_orbit,1,1.000000,1.500000,1.500000,,,,,,,,,,,,,,,,0.918394,-0.002225,0.930720,0.015862,0.000000,0.000000,-0.734275,,0.055910,0.000000,,,,0.002422,0.166682,1.500000,5.721147,50.822160,0.000000,circle,预设轨迹15,forward
1775476515.971244,6.770859,1775476560.739744|完整运动,完整运动,circle_orbit,1,1.000000,1.500000,1.500000,,,,,,,,,,,,,,,,0.918562,-0.001299,0.928624,0.010275,0.000000,0.000000,-0.733289,,0.058621,0.000000,,,,0.001414,0.166682,1.500000,5.741199,50.802108,0.000000,circle,预设轨迹15,forward
1775476515.999829,6.799444,1775476560.739744|完整运动,完整运动,circle_orbit,1,1.000000,1.500000,1.500000,,,,,,,,,,,,,,,,0.918692,-0.000395,0.926541,0.010901,0.000000,0.000000,-0.732351,,0.061307,0.000000,,,,0.000430,0.166682,1.500000,5.761262,50.782044,0.000000,circle,预设轨迹15,forward
1775476516.025034,6.824649,1775476560.739744|完整运动,完整运动,circle_orbit,1,1.000000,1.500000,1.500000,,,,,,,,,,,,,,,,0.918765,0.000926,0.923126,0.017434,0.000000,0.000000,-0.730057,,0.066070,0.000000,,,,0.001008,0.166682,1.500000,5.801576,50.741731,0.000000,circle,预设轨迹15,forward
1775476516.045435,6.845050,1775476560.739744|完整运动,完整运动,circle_orbit,1,1.000000,1.500000,1.500000,,,,,,,,,,,,,,,,0.918809,0.001991,0.921417,0.015306,0.000000,0.000000,-0.728571,,0.068615,0.000000,,,,0.002167,0.166682,1.500000,5.821748,50.721559,0.000000,circle,预设轨迹15,forward
1775476516.075898,6.875513,1775476560.739744|完整运动,完整运动,circle_orbit,1,1.000000,1.500000,1.500000,,,,,,,,,,,,,,,,0.918824,0.003082,0.919769,0.016725,0.000000,0.000000,-0.726977,,0.071147,0.000000,,,,0.003355,0.166682,1.500000,5.841828,50.701479,0.000000,circle,预设轨迹15,forward
1775476516.101272,6.900887,1775476560.739744|完整运动,完整运动,circle_orbit,1,1.000000,1.500000,1.500000,,,,,,,,,,,,,,,,0.918814,0.004169,0.918222,0.017747,0.000000,0.000000,-0.725376,,0.073575,0.000000,,,,0.004537,0.166682,1.500000,5.861945,50.681361,0.000000,circle,预设轨迹15,forward
1775476516.122023,6.921637,1775476560.739744|完整运动,完整运动,circle_orbit,1,1.000000,1.500000,1.500000,,,,,,,,,,,,,,,,0.918753,0.005830,0.915080,0.026594,0.000000,0.000000,-0.721916,,0.078618,0.000000,,,,0.006345,0.166682,1.500000,5.902271,50.641035,0.000000,circle,预设轨迹15,forward
1775476516.156878,6.956493,1775476560.739744|完整运动,完整运动,circle_orbit,1,1.000000,1.500000,1.500000,,,,,,,,,,,,,,,,0.918669,0.007018,0.913621,0.021877,0.000000,0.000000,-0.719966,,0.081121,0.000000,,,,0.007640,0.166682,1.500000,5.922467,50.620839,0.000000,circle,预设轨迹15,forward
1775476516.192881,6.992495,1775476560.739744|完整运动,完整运动,circle_orbit,1,1.000000,1.500000,1.500000,,,,,,,,,,,,,,,,0.918540,0.008946,0.910773,0.033046,0.000000,0.000000,-0.715627,,0.086259,0.000000,,,,0.009740,0.166682,1.500000,5.962584,50.580722,0.000000,circle,预设轨迹15,forward
1775476516.214136,7.013751,1775476560.739744|完整运动,完整运动,circle_orbit,1,1.000000,1.500000,1.500000,,,,,,,,,,,,,,,,0.918381,0.010094,0.908869,0.024439,0.000000,0.000000,-0.713795,,0.089230,0.000000,,,,0.010991,0.166682,1.500000,5.982446,50.560860,0.000000,circle,预设轨迹15,forward
1775476516.234509,7.034123,1775476560.739744|完整运动,完整运动,circle_orbit,1,1.000000,1.500000,1.500000,,,,,,,,,,,,,,,,0.918171,0.011617,0.905568,0.030658,0.000000,0.000000,-0.710740,,0.094348,0.000000,,,,0.012652,0.166682,1.500000,6.022058,50.521248,0.000000,circle,预设轨迹15,forward
1775476516.259445,7.059060,1775476560.739744|完整运动,完整运动,circle_orbit,1,1.000000,1.500000,1.500000,,,,,,,,,,,,,,,,0.917964,0.012181,0.905568,0.019223,0.000000,0.000000,-0.710740,,0.094348,0.000000,,,,0.013269,0.166682,1.500000,6.022058,50.521248,0.000000,circle,预设轨迹15,forward
1775476516.280278,7.079893,1775476560.739744|完整运动,完整运动,circle_orbit,1,1.000000,1.500000,1.500000,,,,,,,,,,,,,,,,0.917714,0.013786,0.902693,0.033853,0.000000,0.000000,-0.707355,,0.099149,0.000000,,,,0.015022,0.166682,1.500000,6.062164,50.481143,0.000000,circle,预设轨迹15,forward
1775476516.311687,7.111301,1775476560.739744|完整运动,完整运动,circle_orbit,1,1.000000,1.500000,1.500000,,,,,,,,,,,,,,,,0.917468,0.014330,0.902693,0.021133,0.000000,0.000000,-0.707355,,0.099149,0.000000,,,,0.015619,0.166682,1.500000,6.062164,50.481143,0.000000,circle,预设轨迹15,forward
1775476516.339563,7.139178,1775476560.739744|完整运动,完整运动,circle_orbit,1,1.000000,1.500000,1.500000,,,,,,,,,,,,,,,,0.917183,0.016122,0.900062,0.038524,0.000000,0.000000,-0.703309,,0.103984,0.000000,,,,0.017578,0.166682,1.500000,6.102339,50.440967,0.000000,circle,预设轨迹15,forward
1775476516.360515,7.160129,1775476560.739744|完整运动,完整运动,circle_orbit,1,1.000000,1.500000,1.500000,,,,,,,,,,,,,,,,0.916860,0.017941,0.897512,0.040680,0.000000,0.000000,-0.699177,,0.108779,0.000000,,,,0.019568,0.166682,1.500000,6.142534,50.400773,0.000000,circle,预设轨迹15,forward
1775476516.381255,7.180869,1775476560.739744|完整运动,完整运动,circle_orbit,1,1.000000,1.500000,1.500000,,,,,,,,,,,,,,,,0.916520,0.019096,0.896131,0.033534,0.000000,0.000000,-0.697169,,0.111281,0.000000,,,,0.020836,0.166682,1.500000,6.162732,50.380575,0.000000,circle,预设轨迹15,forward
1775476516.402553,7.202168,1775476560.739744|完整运动,完整运动,circle_orbit,1,1.000000,1.500000,1.500000,,,,,,,,,,,,,,,,0.916169,0.020321,0.895120,0.035625,0.000000,0.000000,-0.694905,,0.113469,0.000000,,,,0.022180,0.166682,1.500000,6.182821,50.360485,0.000000,circle,预设轨迹15,forward
1775476516.424666,7.224281,1775476560.739744|完整运动,完整运动,circle_orbit,1,1.000000,1.500000,1.500000,,,,,,,,,,,,,,,,0.915810,0.021611,0.894258,0.037736,0.000000,0.000000,-0.692399,,0.115593,0.000000,,,,0.023597,0.166682,1.500000,6.202818,50.340489,0.000000,circle,预设轨迹15,forward
1775476516.446141,7.245756,1775476560.739744|完整运动,完整运动,circle_orbit,1,1.000000,1.500000,1.500000,,,,,,,,,,,,,,,,0.915442,0.022939,0.893339,0.039542,0.000000,0.000000,-0.689741,,0.117853,0.000000,,,,0.025058,0.166682,1.500000,6.222657,50.320650,0.000000,circle,预设轨迹15,forward
1775476516.476761,7.276376,1775476560.739744|完整运动,完整运动,circle_orbit,1,1.000000,1.500000,1.500000,,,,,,,,,,,,,,,,0.915069,0.024299,0.892672,0.041302,0.000000,0.000000,-0.686950,,0.119878,0.000000,,,,0.026554,0.166682,1.500000,6.242463,50.300844,0.000000,circle,预设轨迹15,forward
1775476516.509963,7.309578,1775476560.739744|完整运动,完整运动,circle_orbit,1,1.000000,1.500000,1.500000,,,,,,,,,,,,,,,,0.914688,0.025621,0.891866,0.042146,0.000000,0.000000,-0.684256,,0.122024,0.000000,,,,0.028011,0.166682,1.500000,6.262383,50.280923,0.000000,circle,预设轨迹15,forward
1775476516.531993,7.331608,1775476560.739744|完整运动,完整运动,circle_orbit,1,1.000000,1.500000,1.500000,,,,,,,,,,,,,,,,0.914283,0.027602,0.889954,0.052365,0.000000,0.000000,-0.679424,,0.126430,0.000000,,,,0.030190,0.166682,1.500000,6.302277,50.241030,0.000000,circle,预设轨迹15,forward
1775476516.553168,7.352782,1775476560.739744|完整运动,完整运动,circle_orbit,1,1.000000,1.500000,1.500000,,,,,,,,,,,,,,,,0.913868,0.028777,0.889011,0.043462,0.000000,0.000000,-0.677173,,0.128549,0.000000,,,,0.031489,0.166682,1.500000,6.322243,50.221064,0.000000,circle,预设轨迹15,forward
1775476516.583308,7.382923,1775476560.739744|完整运动,完整运动,circle_orbit,1,1.000000,1.500000,1.500000,,,,,,,,,,,,,,,,0.913447,0.029963,0.888162,0.044785,0.000000,0.000000,-0.674851,,0.130588,0.000000,,,,0.032802,0.166682,1.500000,6.342150,50.201156,0.000000,circle,预设轨迹15,forward
1775476516.611209,7.410824,1775476560.739744|完整运动,完整运动,circle_orbit,1,1.000000,1.500000,1.500000,,,,,,,,,,,,,,,,0.913006,0.031932,0.886551,0.056550,0.000000,0.000000,-0.669984,,0.134669,0.000000,,,,0.034975,0.166682,1.500000,6.382176,50.161130,0.000000,circle,预设轨迹15,forward
1775476516.632878,7.432493,1775476560.739744|完整运动,完整运动,circle_orbit,1,1.000000,1.500000,1.500000,,,,,,,,,,,,,,,,0.912558,0.033170,0.885656,0.048644,0.000000,0.000000,-0.667457,,0.136862,0.000000,,,,0.036348,0.166682,1.500000,6.402279,50.141028,0.000000,circle,预设轨迹15,forward
1775476516.659973,7.459588,1775476560.739744|完整运动,完整运动,circle_orbit,1,1.000000,1.500000,1.500000,,,,,,,,,,,,,,,,0.912103,0.034418,0.884841,0.050016,0.000000,0.000000,-0.664863,,0.138990,0.000000,,,,0.037735,0.166682,1.500000,6.422299,50.121008,0.000000,circle,预设轨迹15,forward
1775476516.681744,7.481359,1775476560.739744|完整运动,完整运动,circle_orbit,1,1.000000,1.500000,1.500000,,,,,,,,,,,,,,,,0.911636,0.036571,0.883575,0.063485,0.000000,0.000000,-0.659333,,0.142966,0.000000,,,,0.040116,0.166682,1.500000,6.462250,50.081057,0.000000,circle,预设轨迹15,forward
1775476516.702855,7.502470,1775476560.739744|完整运动,完整运动,circle_orbit,1,1.000000,1.500000,1.500000,,,,,,,,,,,,,,,,0.911167,0.037948,0.883047,0.055160,0.000000,0.000000,-0.656288,,0.144953,0.000000,,,,0.041648,0.166682,1.500000,6.482202,50.061105,0.000000,circle,预设轨迹15,forward
1775476516.731897,7.531512,1775476560.739744|完整运动,完整运动,circle_orbit,1,1.000000,1.500000,1.500000,,,,,,,,,,,,,,,,0.910697,0.039339,0.882484,0.056723,0.000000,0.000000,-0.653166,,0.147018,0.000000,,,,0.043196,0.166682,1.500000,6.502140,50.041167,0.000000,circle,预设轨迹15,forward
1775476516.752373,7.551987,1775476560.739744|完整运动,完整运动,circle_orbit,1,1.000000,1.500000,1.500000,,,,,,,,,,,,,,,,0.910221,0.040677,0.881693,0.057401,0.000000,0.000000,-0.650182,,0.149298,0.000000,,,,0.044689,0.166682,1.500000,6.521969,50.021337,0.000000,circle,预设轨迹15,forward
1775476516.773502,7.573117,1775476560.739744|完整运动,完整运动,circle_orbit,1,1.000000,1.500000,1.500000,,,,,,,,,,,,,,,,0.909734,0.041914,0.880502,0.057387,0.000000,0.000000,-0.647491,,0.151932,0.000000,,,,0.046073,0.166682,1.500000,6.541662,50.001644,0.000000,circle,预设轨迹15,forward
1775476516.808203,7.607818,1775476560.739744|完整运动,完整运动,circle_orbit,1,1.000000,1.500000,1.500000,,,,,,,,,,,,,,,,0.909244,0.043137,0.879811,0.058424,0.000000,0.000000,-0.644813,,0.153960,0.000000,,,,0.047443,0.166682,1.500000,6.561279,49.982028,0.000000,circle,预设轨迹15,forward
1775476516.829170,7.628784,1775476560.739744|完整运动,完整运动,circle_orbit,1,1.000000,1.500000,1.500000,,,,,,,,,,,,,,,,0.908743,0.045255,0.878706,0.071723,0.000000,0.000000,-0.639231,,0.157781,0.000000,,,,0.049799,0.166682,1.500000,6.600611,49.942696,0.000000,circle,预设轨迹15,forward
1775476516.850700,7.650315,1775476560.739744|完整运动,完整运动,circle_orbit,1,1.000000,1.500000,1.500000,,,,,,,,,,,,,,,,0.908246,0.046567,0.878435,0.062974,0.000000,0.000000,-0.636225,,0.159445,0.000000,,,,0.051272,0.166682,1.500000,6.620339,49.922967,0.000000,circle,预设轨迹15,forward
1775476516.880665,7.680279,1775476560.739744|完整运动,完整运动,circle_orbit,1,1.000000,1.500000,1.500000,,,,,,,,,,,,,,,,0.907753,0.047928,0.878177,0.064941,0.000000,0.000000,-0.633027,,0.161181,0.000000,,,,0.052799,0.166682,1.500000,6.639925,49.903381,0.000000,circle,预设轨迹15,forward
1775476516.903655,7.703270,1775476560.739744|完整运动,完整运动,circle_orbit,1,1.000000,1.500000,1.500000,,,,,,,,,,,,,,,,0.907259,0.050317,0.877579,0.080179,0.000000,0.000000,-0.626498,,0.164810,0.000000,,,,0.055461,0.166682,1.500000,6.679014,49.864293,0.000000,circle,预设轨迹15,forward
1775476516.924180,7.723794,1775476560.739744|完整运动,完整运动,circle_orbit,1,1.000000,1.500000,1.500000,,,,,,,,,,,,,,,,0.906768,0.051669,0.877317,0.068567,0.000000,0.000000,-0.623297,,0.166552,0.000000,,,,0.056982,0.166682,1.500000,6.698701,49.844606,0.000000,circle,预设轨迹15,forward
1775476516.945008,7.744623,1775476560.739744|完整运动,完整运动,circle_orbit,1,1.000000,1.500000,1.500000,,,,,,,,,,,,,,,,0.906282,0.053016,0.877112,0.069854,0.000000,0.000000,-0.620074,,0.168234,0.000000,,,,0.058499,0.166682,1.500000,6.718406,49.824901,0.000000,circle,预设轨迹15,forward
1775476516.966460,7.766075,1775476560.739744|完整运动,完整运动,circle_orbit,1,1.000000,1.500000,1.500000,,,,,,,,,,,,,,,,0.905805,0.054444,0.877243,0.072295,0.000000,0.000000,-0.616552,,0.169640,0.000000,,,,0.060106,0.166682,1.500000,6.737969,49.805338,0.000000,circle,预设轨迹15,forward
1775476516.995386,7.795001,1775476560.739744|完整运动,完整运动,circle_orbit,1,1.000000,1.500000,1.500000,,,,,,,,,,,,,,,,0.905338,0.055915,0.877266,0.074298,0.000000,0.000000,-0.612859,,0.171253,0.000000,,,,0.061761,0.166682,1.500000,6.757546,49.785760,0.000000,circle,预设轨迹15,forward
1775476517.028777,7.828392,1775476560.739744|完整运动,完整运动,circle_orbit,1,1.000000,1.500000,1.500000,,,,,,,,,,,,,,,,0.904882,0.058636,0.877525,0.092652,0.000000,0.000000,-0.605117,,0.174380,0.000000,,,,0.064800,0.166682,1.500000,6.796229,49.747077,0.000000,circle,预设轨迹15,forward
1775476517.049155,7.848770,1775476560.739744|完整运动,完整运动,circle_orbit,1,1.000000,1.500000,1.500000,,,,,,,,,,,,,,,,0.904430,0.060083,0.877350,0.078163,0.000000,0.000000,-0.601476,,0.176211,0.000000,,,,0.066432,0.166682,1.500000,6.815705,49.727602,0.000000,circle,预设轨迹15,forward
1775476517.070042,7.869657,1775476560.739744|完整运动,完整运动,circle_orbit,1,1.000000,1.500000,1.500000,,,,,,,,,,,,,,,,0.903985,0.061453,0.877260,0.078579,0.000000,0.000000,-0.598043,,0.177847,0.000000,,,,0.067980,0.166682,1.500000,6.835251,49.708056,0.000000,circle,预设轨迹15,forward
1775476517.101239,7.900854,1775476560.739744|完整运动,完整运动,circle_orbit,1,1.000000,1.500000,1.500000,,,,,,,,,,,,,,,,0.903546,0.062769,0.877206,0.079217,0.000000,0.000000,-0.594746,,0.179378,0.000000,,,,0.069469,0.166682,1.500000,6.854764,49.688542,0.000000,circle,预设轨迹15,forward
1775476517.121645,7.921260,1775476560.739744|完整运动,完整运动,circle_orbit,1,1.000000,1.500000,1.500000,,,,,,,,,,,,,,,,0.903119,0.065143,0.877485,0.094820,0.000000,0.000000,-0.588009,,0.182031,0.000000,,,,0.072131,0.166682,1.500000,6.893739,49.649568,0.000000,circle,预设轨迹15,forward
1775476517.142648,7.942263,1775476560.739744|完整运动,完整运动,circle_orbit,1,1.000000,1.500000,1.500000,,,,,,,,,,,,,,,,0.902698,0.065417,0.877485,0.068850,0.000000,0.000000,-0.588009,,0.182031,0.000000,,,,0.072469,0.166682,1.500000,6.893739,49.649568,0.000000,circle,预设轨迹15,forward
1775476517.168343,7.967958,1775476560.739744|完整运动,完整运动,circle_orbit,1,1.000000,1.500000,1.500000,,,,,,,,,,,,,,,,0.902284,0.067855,0.877406,0.098322,0.000000,0.000000,-0.580992,,0.185247,0.000000,,,,0.075203,0.166682,1.500000,6.932761,49.610546,0.000000,circle,预设轨迹15,forward
1775476517.188881,7.988495,1775476560.739744|完整运动,完整运动,circle_orbit,1,1.000000,1.500000,1.500000,,,,,,,,,,,,,,,,0.901878,0.069208,0.877501,0.086126,0.000000,0.000000,-0.577455,,0.186704,0.000000,,,,0.076738,0.166682,1.500000,6.952279,49.591028,0.000000,circle,预设轨迹15,forward
1775476517.214296,8.013911,1775476560.739744|完整运动,完整运动,circle_orbit,1,1.000000,1.500000,1.500000,,,,,,,,,,,,,,,,0.901479,0.070560,0.877536,0.087453,0.000000,0.000000,-0.573887,,0.188247,0.000000,,,,0.078271,0.166682,1.500000,6.971756,49.571551,0.000000,circle,预设轨迹15,forward
1775476517.247919,8.047534,1775476560.739744|完整运动,完整运动,circle_orbit,1,1.000000,1.500000,1.500000,,,,,,,,,,,,,,,,0.901089,0.071949,0.877728,0.089319,0.000000,0.000000,-0.570160,,0.189670,0.000000,,,,0.079847,0.166682,1.500000,6.991145,49.552162,0.000000,circle,预设轨迹15,forward
1775476517.268421,8.068036,1775476560.739744|完整运动,完整运动,circle_orbit,1,1.000000,1.500000,1.500000,,,,,,,,,,,,,,,,0.900715,0.074715,0.878264,0.109288,0.000000,0.000000,-0.561976,,0.192656,0.000000,,,,0.082951,0.166682,1.500000,7.029830,49.513477,0.000000,circle,预设轨迹15,forward
1775476517.290363,8.089978,1775476560.739744|完整运动,完整运动,circle_orbit,1,1.000000,1.500000,1.500000,,,,,,,,,,,,,,,,0.900347,0.076227,0.878250,0.095118,0.000000,0.000000,-0.557831,,0.194516,0.000000,,,,0.084664,0.166682,1.500000,7.049082,49.494225,0.000000,circle,预设轨迹15,forward
1775476517.317551,8.117165,1775476560.739744|完整运动,完整运动,circle_orbit,1,1.000000,1.500000,1.500000,,,,,,,,,,,,,,,,0.899986,0.077632,0.878353,0.095201,0.000000,0.000000,-0.553992,,0.196097,0.000000,,,,0.086259,0.166682,1.500000,7.068617,49.474690,0.000000,circle,预设轨迹15,forward
1775476517.337864,8.137479,1775476560.739744|完整运动,完整运动,circle_orbit,1,1.000000,1.500000,1.500000,,,,,,,,,,,,,,,,0.899642,0.080120,0.878969,0.111226,0.000000,0.000000,-0.546635,,0.198619,0.000000,,,,0.089058,0.166682,1.500000,7.107227,49.436079,0.000000,circle,预设轨迹15,forward
1775476517.367111,8.166726,1775476560.739744|完整运动,完整运动,circle_orbit,1,1.000000,1.500000,1.500000,,,,,,,,,,,,,,,,0.899303,0.080317,0.878969,0.082780,0.000000,0.000000,-0.546635,,0.198619,0.000000,,,,0.089311,0.166682,1.500000,7.107227,49.436079,0.000000,circle,预设轨迹15,forward
1775476517.404293,8.203908,1775476560.739744|完整运动,完整运动,circle_orbit,1,1.000000,1.500000,1.500000,,,,,,,,,,,,,,,,0.898985,0.082980,0.879922,0.116266,0.000000,0.000000,-0.538636,,0.201019,0.000000,,,,0.092304,0.166682,1.500000,7.146126,49.397181,0.000000,circle,预设轨迹15,forward
1775476517.427772,8.227386,1775476560.739744|完整运动,完整运动,circle_orbit,1,1.000000,1.500000,1.500000,,,,,,,,,,,,,,,,0.898695,0.085800,0.881310,0.121045,0.000000,0.000000,-0.530132,,0.203121,0.000000,,,,0.095472,0.166682,1.500000,7.184774,49.358532,0.000000,circle,预设轨迹15,forward
1775476517.448842,8.248457,1775476560.739744|完整运动,完整运动,circle_orbit,1,1.000000,1.500000,1.500000,,,,,,,,,,,,,,,,0.898416,0.087290,0.881679,0.105913,0.000000,0.000000,-0.525904,,0.204555,0.000000,,,,0.097160,0.166682,1.500000,7.204094,49.339213,0.000000,circle,预设轨迹15,forward
1775476517.472843,8.272458,1775476560.739744|完整运动,完整运动,circle_orbit,1,1.000000,1.500000,1.500000,,,,,,,,,,,,,,,,0.898149,0.088750,0.882090,0.107005,0.000000,0.000000,-0.521730,,0.205915,0.000000,,,,0.098815,0.166682,1.500000,7.223388,49.319919,0.000000,circle,预设轨迹15,forward
1775476517.493287,8.292902,1775476560.739744|完整运动,完整运动,circle_orbit,1,1.000000,1.500000,1.500000,,,,,,,,,,,,,,,,0.897895,0.090211,0.882676,0.108467,0.000000,0.000000,-0.517515,,0.207083,0.000000,,,,0.100469,0.166682,1.500000,7.242825,49.300482,0.000000,circle,预设轨迹15,forward
1775476517.518243,8.317858,1775476560.739744|完整运动,完整运动,circle_orbit,1,1.000000,1.500000,1.500000,,,,,,,,,,,,,,,,0.897661,0.091697,0.883628,0.110282,0.000000,0.000000,-0.513175,,0.207867,0.000000,,,,0.102152,0.166682,1.500000,7.262037,49.281270,0.000000,circle,预设轨迹15,forward
1775476517.553928,8.353542,1775476560.739744|完整运动,完整运动,circle_orbit,1,1.000000,1.500000,1.500000,,,,,,,,,,,,,,,,0.897445,0.093219,0.884460,0.112234,0.000000,0.000000,-0.508686,,0.208865,0.000000,,,,0.103871,0.166682,1.500000,7.281123,49.262184,0.000000,circle,预设轨迹15,forward
1775476517.577853,8.377467,1775476560.739744|完整运动,完整运动,circle_orbit,1,1.000000,1.500000,1.500000,,,,,,,,,,,,,,,,0.897282,0.097550,0.887551,0.151688,0.000000,0.000000,-0.495123,,0.211202,0.000000,,,,0.108717,0.166682,1.500000,7.337983,49.205324,0.000000,circle,预设轨迹15,forward
1775476517.598931,8.398546,1775476560.739744|完整运动,完整运动,circle_orbit,1,1.000000,1.500000,1.500000,,,,,,,,,,,,,,,,0.897139,0.098989,0.888523,0.116976,0.000000,0.000000,-0.490899,,0.211924,0.000000,,,,0.110338,0.166682,1.500000,7.357112,49.186194,0.000000,circle,预设轨迹15,forward
1775476517.620852,8.420466,1775476560.739744|完整运动,完整运动,circle_orbit,1,1.000000,1.500000,1.500000,,,,,,,,,,,,,,,,0.897010,0.100372,0.889304,0.117662,0.000000,0.000000,-0.486806,,0.212816,0.000000,,,,0.111896,0.166682,1.500000,7.376233,49.167073,0.000000,circle,预设轨迹15,forward
1775476517.643113,8.442728,1775476560.739744|完整运动,完整运动,circle_orbit,1,1.000000,1.500000,1.500000,,,,,,,,,,,,,,,,0.896897,0.101710,0.890108,0.118435,0.000000,0.000000,-0.482810,,0.213641,0.000000,,,,0.113402,0.166682,1.500000,7.395275,49.148031,0.000000,circle,预设轨迹15,forward
1775476517.671467,8.471081,1775476560.739744|完整运动,完整运动,circle_orbit,1,1.000000,1.500000,1.500000,,,,,,,,,,,,,,,,0.896802,0.103062,0.891110,0.119963,0.000000,0.000000,-0.478722,,0.214273,0.000000,,,,0.114922,0.166682,1.500000,7.414386,49.128920,0.000000,circle,预设轨迹15,forward
1775476517.698204,8.497818,1775476560.739744|完整运动,完整运动,circle_orbit,1,1.000000,1.500000,1.500000,,,,,,,,,,,,,,,,0.896726,0.104412,0.892137,0.121292,0.000000,0.000000,-0.474594,,0.214897,0.000000,,,,0.116437,0.166682,1.500000,7.433418,49.109888,0.000000,circle,预设轨迹15,forward
1775476517.718531,8.518145,1775476560.739744|完整运动,完整运动,circle_orbit,1,1.000000,1.500000,1.500000,,,,,,,,,,,,,,,,0.896690,0.107111,0.894514,0.140849,0.000000,0.000000,-0.466084,,0.215887,0.000000,,,,0.119452,0.166682,1.500000,7.471594,49.071713,0.000000,circle,预设轨迹15,forward
1775476517.744382,8.543997,1775476560.739744|完整运动,完整运动,circle_orbit,1,1.000000,1.500000,1.500000,,,,,,,,,,,,,,,,0.896654,0.107163,0.894514,0.107804,0.000000,0.000000,-0.466084,,0.215887,0.000000,,,,0.119514,0.166682,1.500000,7.471594,49.071713,0.000000,circle,预设轨迹15,forward
1775476517.770828,8.570443,1775476560.739744|完整运动,完整运动,circle_orbit,1,1.000000,1.500000,1.500000,,,,,,,,,,,,,,,,0.896665,0.109895,0.897330,0.144049,0.000000,0.000000,-0.457380,,0.216467,0.000000,,,,0.122560,0.166682,1.500000,7.509580,49.033727,0.000000,circle,预设轨迹15,forward
1775476517.791291,8.590905,1775476560.739744|完整运动,完整运动,circle_orbit,1,1.000000,1.500000,1.500000,,,,,,,,,,,,,,,,0.896701,0.111347,0.898871,0.129492,0.000000,0.000000,-0.452791,,0.216716,0.000000,,,,0.124174,0.166682,1.500000,7.528512,49.014794,0.000000,circle,预设轨迹15,forward
1775476517.817936,8.617551,1775476560.739744|完整运动,完整运动,circle_orbit,1,1.000000,1.500000,1.500000,,,,,,,,,,,,,,,,0.896784,0.114298,0.901727,0.151187,0.000000,0.000000,-0.443338,,0.217613,0.000000,,,,0.127453,0.166682,1.500000,7.566062,48.977244,0.000000,circle,预设轨迹15,forward
1775476517.853036,8.652651,1775476560.739744|完整运动,完整运动,circle_orbit,1,1.000000,1.500000,1.500000,,,,,,,,,,,,,,,,0.896865,0.114310,0.901727,0.114467,0.000000,0.000000,-0.443338,,0.217613,0.000000,,,,0.127455,0.166682,1.500000,7.566062,48.977244,0.000000,circle,预设轨迹15,forward
1775476517.877491,8.677105,1775476560.739744|完整运动,完整运动,circle_orbit,1,1.000000,1.500000,1.500000,,,,,,,,,,,,,,,,0.897008,0.117285,0.905633,0.154467,0.000000,0.000000,-0.430394,,0.218883,0.000000,,,,0.130751,0.166682,1.500000,7.621859,48.921448,0.000000,circle,预设轨迹15,forward
1775476517.898546,8.698161,1775476560.739744|完整运动,完整运动,circle_orbit,1,1.000000,1.500000,1.500000,,,,,,,,,,,,,,,,0.897174,0.118657,0.907113,0.135805,0.000000,0.000000,-0.426216,,0.219051,0.000000,,,,0.132256,0.166682,1.500000,7.640478,48.902828,0.000000,circle,预设轨迹15,forward
1775476517.934660,8.734275,1775476560.739744|完整运动,完整运动,circle_orbit,1,1.000000,1.500000,1.500000,,,,,,,,,,,,,,,,0.897365,0.120052,0.908802,0.137489,0.000000,0.000000,-0.421896,,0.219051,0.000000,,,,0.133782,0.166682,1.500000,7.659162,48.884145,0.000000,circle,预设轨迹15,forward
1775476517.968830,8.768445,1775476560.739744|完整运动,完整运动,circle_orbit,1,1.000000,1.500000,1.500000,,,,,,,,,,,,,,,,0.897612,0.122815,0.912461,0.157353,0.000000,0.000000,-0.413105,,0.218822,0.000000,,,,0.136824,0.166682,1.500000,7.696409,48.846898,0.000000,circle,预设轨迹15,forward
1775476518.004486,8.804100,1775476560.739744|完整运动,完整运动,circle_orbit,1,1.000000,1.500000,1.500000,,,,,,,,,,,,,,,,0.897888,0.124187,0.914441,0.141344,0.000000,0.000000,-0.408761,,0.218527,0.000000,,,,0.138310,0.166682,1.500000,7.714904,48.828402,0.000000,circle,预设轨迹15,forward
1775476518.025315,8.824929,1775476560.739744|完整运动,完整运动,circle_orbit,1,1.000000,1.500000,1.500000,,,,,,,,,,,,,,,,0.898222,0.126921,0.918257,0.161098,0.000000,0.000000,-0.399968,,0.218175,0.000000,,,,0.141303,0.166682,1.500000,7.751821,48.791485,0.000000,circle,预设轨迹15,forward
1775476518.045877,8.845491,1775476560.739744|完整运动,完整运动,circle_orbit,1,1.000000,1.500000,1.500000,,,,,,,,,,,,,,,,0.898585,0.128296,0.920358,0.145473,0.000000,0.000000,-0.395524,,0.217820,0.000000,,,,0.142775,0.166682,1.500000,7.770321,48.772986,0.000000,circle,预设轨迹15,forward
1775476518.072515,8.872129,1775476560.739744|完整运动,完整运动,circle_orbit,1,1.000000,1.500000,1.500000,,,,,,,,,,,,,,,,0.898980,0.129681,0.922686,0.147004,0.000000,0.000000,-0.390977,,0.217271,0.000000,,,,0.144254,0.166682,1.500000,7.788686,48.754620,0.000000,circle,预设轨迹15,forward
1775476518.094877,8.894492,1775476560.739744|完整运动,完整运动,circle_orbit,1,1.000000,1.500000,1.500000,,,,,,,,,,,,,,,,0.899457,0.132554,0.928066,0.168459,0.000000,0.000000,-0.381578,,0.215559,0.000000,,,,0.147371,0.166682,1.500000,7.824879,48.718428,0.000000,circle,预设轨迹15,forward
1775476518.119989,8.919604,1775476560.739744|完整运动,完整运动,circle_orbit,1,1.000000,1.500000,1.500000,,,,,,,,,,,,,,,,0.899926,0.132500,0.928066,0.131832,0.000000,0.000000,-0.381578,,0.215559,0.000000,,,,0.147235,0.166682,1.500000,7.824879,48.718428,0.000000,circle,预设轨迹15,forward
1775476518.145786,8.945401,1775476560.739744|完整运动,完整运动,circle_orbit,1,1.000000,1.500000,1.500000,,,,,,,,,,,,,,,,0.900463,0.135158,0.932703,0.168377,0.000000,0.000000,-0.372755,,0.214459,0.000000,,,,0.150098,0.166682,1.500000,7.861182,48.682125,0.000000,circle,预设轨迹15,forward
1775476518.168704,8.968319,1775476560.739744|完整运动,完整运动,circle_orbit,1,1.000000,1.500000,1.500000,,,,,,,,,,,,,,,,0.901031,0.136373,0.935100,0.151565,0.000000,0.000000,-0.368553,,0.213750,0.000000,,,,0.151352,0.166682,1.500000,7.879562,48.663745,0.000000,circle,预设轨迹15,forward
1775476518.203311,9.002926,1775476560.739744|完整运动,完整运动,circle_orbit,1,1.000000,1.500000,1.500000,,,,,,,,,,,,,,,,0.901629,0.137568,0.937490,0.152498,0.000000,0.000000,-0.364360,,0.213057,0.000000,,,,0.152577,0.166682,1.500000,7.898052,48.645254,0.000000,circle,预设轨迹15,forward
1775476518.241640,9.041255,1775476560.739744|完整运动,完整运动,circle_orbit,1,1.000000,1.500000,1.500000,,,,,,,,,,,,,,,,0.902307,0.140093,0.943010,0.171654,0.000000,0.000000,-0.355822,,0.210999,0.000000,,,,0.155260,0.166682,1.500000,7.934933,48.608374,0.000000,circle,预设轨迹15,forward
1775476518.263145,9.062760,1775476560.739744|完整运动,完整运动,circle_orbit,1,1.000000,1.500000,1.500000,,,,,,,,,,,,,,,,0.903068,0.142678,0.948713,0.174997,0.000000,0.000000,-0.347060,,0.208917,0.000000,,,,0.157993,0.166682,1.500000,7.971794,48.571513,0.000000,circle,预设轨迹15,forward
1775476518.287955,9.087570,1775476560.739744|完整运动,完整运动,circle_orbit,1,1.000000,1.500000,1.500000,,,,,,,,,,,,,,,,0.903864,0.143969,0.951622,0.160106,0.000000,0.000000,-0.342443,,0.207949,0.000000,,,,0.159282,0.166682,1.500000,7.990114,48.553193,0.000000,circle,预设轨迹15,forward
1775476518.310651,9.110266,1775476560.739744|完整运动,完整运动,circle_orbit,1,1.000000,1.500000,1.500000,,,,,,,,,,,,,,,,0.904693,0.145220,0.954474,0.160856,0.000000,0.000000,-0.337900,,0.207024,0.000000,,,,0.160518,0.166682,1.500000,8.008559,48.534748,0.000000,circle,预设轨迹15,forward
1775476518.331568,9.131183,1775476560.739744|完整运动,完整运动,circle_orbit,1,1.000000,1.500000,1.500000,,,,,,,,,,,,,,,,0.905561,0.146478,0.957610,0.162208,0.000000,0.000000,-0.333278,,0.205862,0.000000,,,,0.161754,0.166682,1.500000,8.027004,48.516303,0.000000,circle,预设轨迹15,forward
1775476518.352528,9.152142,1775476560.739744|完整运动,完整运动,circle_orbit,1,1.000000,1.500000,1.500000,,,,,,,,,,,,,,,,0.906464,0.147728,0.960677,0.163343,0.000000,0.000000,-0.328636,,0.204800,0.000000,,,,0.162971,0.166682,1.500000,8.045349,48.497957,0.000000,circle,预设轨迹15,forward
1775476518.373762,9.173377,1775476560.739744|完整运动,完整运动,circle_orbit,1,1.000000,1.500000,1.500000,,,,,,,,,,,,,,,,0.907399,0.148903,0.963480,0.163600,0.000000,0.000000,-0.324184,,0.203940,0.000000,,,,0.164099,0.166682,1.500000,8.063621,48.479685,0.000000,circle,预设轨迹15,forward
1775476518.400460,9.200074,1775476560.739744|完整运动,完整运动,circle_orbit,1,1.000000,1.500000,1.500000,,,,,,,,,,,,,,,,0.908367,0.150019,0.966431,0.163970,0.000000,0.000000,-0.319877,,0.202883,0.000000,,,,0.165153,0.166682,1.500000,8.081759,48.461547,0.000000,circle,预设轨迹15,forward
1775476518.427940,9.227555,1775476560.739744|完整运动,完整运动,circle_orbit,1,1.000000,1.500000,1.500000,,,,,,,,,,,,,,,,0.909417,0.152369,0.972400,0.181735,0.000000,0.000000,-0.311549,,0.200630,0.000000,,,,0.167545,0.166682,1.500000,8.118302,48.425005,0.000000,circle,预设轨迹15,forward
1775476518.449294,9.248909,1775476560.739744|完整运动,完整运动,circle_orbit,1,1.000000,1.500000,1.500000,,,,,,,,,,,,,,,,0.910506,0.153405,0.975902,0.166356,0.000000,0.000000,-0.307431,,0.199000,0.000000,,,,0.168483,0.166682,1.500000,8.136670,48.406637,0.000000,circle,预设轨迹15,forward
1775476518.479967,9.279582,1775476560.739744|完整运动,完整运动,circle_orbit,1,1.000000,1.500000,1.500000,,,,,,,,,,,,,,,,0.911692,0.155735,0.982814,0.184866,0.000000,0.000000,-0.299089,,0.195952,0.000000,,,,0.170820,0.166682,1.500000,8.173364,48.369942,0.000000,circle,预设轨迹15,forward
1775476518.500300,9.299914,1775476560.739744|完整运动,完整运动,circle_orbit,1,1.000000,1.500000,1.500000,,,,,,,,,,,,,,,,0.912915,0.156810,0.986331,0.170244,0.000000,0.000000,-0.294772,,0.194470,0.000000,,,,0.171768,0.166682,1.500000,8.191527,48.351779,0.000000,circle,预设轨迹15,forward
1775476518.523153,9.322767,1775476560.739744|完整运动,完整运动,circle_orbit,1,1.000000,1.500000,1.500000,,,,,,,,,,,,,,,,0.914178,0.157886,0.989956,0.171331,0.000000,0.000000,-0.290405,,0.192930,0.000000,,,,0.172708,0.166682,1.500000,8.209649,48.333658,0.000000,circle,预设轨迹15,forward
1775476518.544317,9.343932,1775476560.739744|完整运动,完整运动,circle_orbit,1,1.000000,1.500000,1.500000,,,,,,,,,,,,,,,,0.915478,0.158947,0.993453,0.172218,0.000000,0.000000,-0.286039,,0.191538,0.000000,,,,0.173622,0.166682,1.500000,8.227834,48.315473,0.000000,circle,预设轨迹15,forward
1775476518.564898,9.364512,1775476560.739744|完整运动,完整运动,circle_orbit,1,1.000000,1.500000,1.500000,,,,,,,,,,,,,,,,0.916821,0.159999,0.997420,0.173150,0.000000,0.000000,-0.281660,,0.189731,0.000000,,,,0.174515,0.166682,1.500000,8.246012,48.297295,0.000000,circle,预设轨迹15,forward
1775476518.595218,9.394833,1775476560.739744|完整运动,完整运动,circle_orbit,1,1.000000,1.500000,1.500000,,,,,,,,,,,,,,,,0.918208,0.161052,1.001386,0.174210,0.000000,0.000000,-0.277238,,0.187974,0.000000,,,,0.175398,0.166682,1.500000,8.264248,48.279058,0.000000,circle,预设轨迹15,forward
1775476518.620672,9.420287,1775476560.739744|完整运动,完整运动,circle_orbit,1,1.000000,1.500000,1.500000,,,,,,,,,,,,,,,,0.919640,0.162115,1.005558,0.175397,0.000000,0.000000,-0.272744,,0.186087,0.000000,,,,0.176281,0.166682,1.500000,8.282497,48.260810,0.000000,circle,预设轨迹15,forward
1775476518.641011,9.440626,1775476560.739744|完整运动,完整运动,circle_orbit,1,1.000000,1.500000,1.500000,,,,,,,,,,,,,,,,0.921170,0.164409,1.012974,0.193095,0.000000,0.000000,-0.264241,,0.183041,0.000000,,,,0.178479,0.166682,1.500000,8.319311,48.223996,0.000000,circle,预设轨迹15,forward
1775476518.666482,9.466097,1775476560.739744|完整运动,完整运动,circle_orbit,1,1.000000,1.500000,1.500000,,,,,,,,,,,,,,,,0.922744,0.165315,1.017177,0.176638,0.000000,0.000000,-0.260201,,0.181013,0.000000,,,,0.179156,0.166682,1.500000,8.337737,48.205569,0.000000,circle,预设轨迹15,forward
1775476518.687581,9.487195,1775476560.739744|完整运动,完整运动,circle_orbit,1,1.000000,1.500000,1.500000,,,,,,,,,,,,,,,,0.924361,0.166193,1.021418,0.177161,0.000000,0.000000,-0.256209,,0.178960,0.000000,,,,0.179792,0.166682,1.500000,8.356147,48.187160,0.000000,circle,预设轨迹15,forward
1775476518.709045,9.508660,1775476560.739744|完整运动,完整运动,circle_orbit,1,1.000000,1.500000,1.500000,,,,,,,,,,,,,,,,0.926023,0.167044,1.025718,0.177683,0.000000,0.000000,-0.252261,,0.176867,0.000000,,,,0.180388,0.166682,1.500000,8.374472,48.168835,0.000000,circle,预设轨迹15,forward
1775476518.740847,9.540462,1775476560.739744|完整运动,完整运动,circle_orbit,1,1.000000,1.500000,1.500000,,,,,,,,,,,,,,,,0.927798,0.169144,1.034336,0.195390,0.000000,0.000000,-0.244245,,0.172815,0.000000,,,,0.182306,0.166682,1.500000,8.411360,48.131947,0.000000,circle,预设轨迹15,forward
1775476518.767439,9.567054,1775476560.739744|完整运动,完整运动,circle_orbit,1,1.000000,1.500000,1.500000,,,,,,,,,,,,,,,,0.929614,0.170007,1.038581,0.180797,0.000000,0.000000,-0.240202,,0.170907,0.000000,,,,0.182879,0.166682,1.500000,8.429936,48.113371,0.000000,circle,预设轨迹15,forward
1775476518.789632,9.589247,1775476560.739744|完整运动,完整运动,circle_orbit,1,1.000000,1.500000,1.500000,,,,,,,,,,,,,,,,0.931470,0.170880,1.042824,0.181790,0.000000,0.000000,-0.236091,,0.169062,0.000000,,,,0.183451,0.166682,1.500000,8.448588,48.094718,0.000000,circle,预设轨迹15,forward
1775476518.821822,9.621436,1775476560.739744|完整运动,完整运动,circle_orbit,1,1.000000,1.500000,1.500000,,,,,,,,,,,,,,,,0.933370,0.171730,1.047331,0.182361,0.000000,0.000000,-0.232016,,0.167005,0.000000,,,,0.183989,0.166682,1.500000,8.467169,48.076138,0.000000,circle,预设轨迹15,forward
1775476518.843519,9.643134,1775476560.739744|完整运动,完整运动,circle_orbit,1,1.000000,1.500000,1.500000,,,,,,,,,,,,,,,,0.935385,0.173841,1.056330,0.200221,0.000000,0.000000,-0.223840,,0.163013,0.000000,,,,0.185849,0.166682,1.500000,8.504539,48.038768,0.000000,circle,预设轨迹15,forward
1775476518.864487,9.664102,1775476560.739744|完整运动,完整运动,circle_orbit,1,1.000000,1.500000,1.500000,,,,,,,,,,,,,,,,0.937439,0.174677,1.060650,0.185138,0.000000,0.000000,-0.219763,,0.161211,0.000000,,,,0.186335,0.166682,1.500000,8.523275,48.020031,0.000000,circle,预设轨迹15,forward
1775476518.890017,9.689632,1775476560.739744|完整运动,完整运动,circle_orbit,1,1.000000,1.500000,1.500000,,,,,,,,,,,,,,,,0.939529,0.175444,1.064919,0.185029,0.000000,0.000000,-0.215878,,0.159394,0.000000,,,,0.186736,0.166682,1.500000,8.542079,48.001228,0.000000,circle,预设轨迹15,forward
1775476518.915711,9.715325,1775476560.739744|完整运动,完整运动,circle_orbit,1,1.000000,1.500000,1.500000,,,,,,,,,,,,,,,,0.941655,0.176153,1.069201,0.185011,0.000000,0.000000,-0.212147,,0.157526,0.000000,,,,0.187067,0.166682,1.500000,8.560910,47.982397,0.000000,circle,预设轨迹15,forward
1775476518.937370,9.736985,1775476560.739744|完整运动,完整运动,circle_orbit,1,1.000000,1.500000,1.500000,,,,,,,,,,,,,,,,0.943893,0.177885,1.078221,0.199539,0.000000,0.000000,-0.205075,,0.153334,0.000000,,,,0.188459,0.166682,1.500000,8.598672,47.944635,0.000000,circle,预设轨迹15,forward
1775476518.966818,9.766433,1775476560.739744|完整运动,完整运动,circle_orbit,1,1.000000,1.500000,1.500000,,,,,,,,,,,,,,,,0.946095,0.177422,1.078221,0.171633,0.000000,0.000000,-0.205075,,0.153334,0.000000,,,,0.187531,0.166682,1.500000,8.598672,47.944635,0.000000,circle,预设轨迹15,forward
1775476518.988620,9.788234,1775476560.739744|完整运动,完整运动,circle_orbit,1,1.000000,1.500000,1.500000,,,,,,,,,,,,,,,,0.948418,0.179144,1.087784,0.200675,0.000000,0.000000,-0.197967,,0.148851,0.000000,,,,0.188888,0.166682,1.500000,8.636578,47.906728,0.000000,circle,预设轨迹15,forward
1775476519.009248,9.808863,1775476560.739744|完整运动,完整运动,circle_orbit,1,1.000000,1.500000,1.500000,,,,,,,,,,,,,,,,0.950782,0.179791,1.092606,0.187873,0.000000,0.000000,-0.194319,,0.146668,0.000000,,,,0.189098,0.166682,1.500000,8.655491,47.887816,0.000000,circle,预设轨迹15,forward
1775476519.039655,9.839270,1775476560.739744|完整运动,完整运动,circle_orbit,1,1.000000,1.500000,1.500000,,,,,,,,,,,,,,,,0.953264,0.181463,1.102211,0.202361,0.000000,0.000000,-0.187329,,0.142298,0.000000,,,,0.190359,0.166682,1.500000,8.693335,47.849971,0.000000,circle,预设轨迹15,forward
1775476519.062887,9.862502,1775476560.739744|完整运动,完整运动,circle_orbit,1,1.000000,1.500000,1.500000,,,,,,,,,,,,,,,,0.955706,0.180966,1.102211,0.174754,0.000000,0.000000,-0.187329,,0.142298,0.000000,,,,0.189353,0.166682,1.500000,8.693335,47.849971,0.000000,circle,预设轨迹15,forward
1775476519.083407,9.883022,1775476560.739744|完整运动,完整运动,circle_orbit,1,1.000000,1.500000,1.500000,,,,,,,,,,,,,,,,0.958287,0.182673,1.113131,0.204013,0.000000,0.000000,-0.180161,,0.137140,0.000000,,,,0.190625,0.166682,1.500000,8.731099,47.812208,0.000000,circle,预设轨迹15,forward
1775476519.112076,9.911691,1775476560.739744|完整运动,完整运动,circle_orbit,1,1.000000,1.500000,1.500000,,,,,,,,,,,,,,,,0.960919,0.183307,1.118828,0.191225,0.000000,0.000000,-0.176450,,0.134501,0.000000,,,,0.190762,0.166682,1.500000,8.750000,47.793307,0.000000,circle,预设轨迹15,forward
1775476519.134797,9.934412,1775476560.739744|完整运动,完整运动,circle_orbit,1,1.000000,1.500000,1.500000,,,,,,,,,,,,,,,,0.963595,0.183923,1.124157,0.191635,0.000000,0.000000,-0.172766,,0.132166,0.000000,,,,0.190872,0.166682,1.500000,8.769015,47.774291,0.000000,circle,预设轨迹15,forward
1775476519.155073,9.954688,1775476560.739744|完整运动,完整运动,circle_orbit,1,1.000000,1.500000,1.500000,,,,,,,,,,,,,,,,0.966417,0.185549,1.135735,0.205866,0.000000,0.000000,-0.165794,,0.126764,0.000000,,,,0.191997,0.166682,1.500000,8.807214,47.736092,0.000000,circle,预设轨迹15,forward
1775476519.183928,9.983543,1775476560.739744|完整运动,完整运动,circle_orbit,1,1.000000,1.500000,1.500000,,,,,,,,,,,,,,,,0.969192,0.185013,1.135735,0.178310,0.000000,0.000000,-0.165794,,0.126764,0.000000,,,,0.190894,0.166682,1.500000,8.807214,47.736092,0.000000,circle,预设轨迹15,forward
1775476519.207180,10.006794,1775476560.739744|完整运动,完整运动,circle_orbit,1,1.000000,1.500000,1.500000,,,,,,,,,,,,,,,,0.972101,0.186451,1.146630,0.204433,0.000000,0.000000,-0.159371,,0.121775,0.000000,,,,0.191802,0.166682,1.500000,8.845779,47.697527,0.000000,circle,预设轨迹15,forward
1775476519.227895,10.027510,1775476560.739744|完整运动,完整运动,circle_orbit,1,1.000000,1.500000,1.500000,,,,,,,,,,,,,,,,0.975049,0.186858,1.151915,0.191949,0.000000,0.000000,-0.156268,,0.119403,0.000000,,,,0.191640,0.166682,1.500000,8.865218,47.678089,0.000000,circle,预设轨迹15,forward
1775476519.260445,10.060060,1775476560.739744|完整运动,完整运动,circle_orbit,1,1.000000,1.500000,1.500000,,,,,,,,,,,,,,,,0.978043,0.187237,1.157686,0.191965,0.000000,0.000000,-0.153232,,0.116695,0.000000,,,,0.191440,0.166682,1.500000,8.884621,47.658686,0.000000,circle,预设轨迹15,forward
1775476519.284464,10.084079,1775476560.739744|完整运动,完整运动,circle_orbit,1,1.000000,1.500000,1.500000,,,,,,,,,,,,,,,,0.981199,0.188609,1.170538,0.205759,0.000000,0.000000,-0.146953,,0.110596,0.000000,,,,0.192223,0.166682,1.500000,8.923356,47.619951,0.000000,circle,预设轨迹15,forward
1775476519.305073,10.104687,1775476560.739744|完整运动,完整运动,circle_orbit,1,1.000000,1.500000,1.500000,,,,,,,,,,,,,,,,0.984411,0.188983,1.177143,0.193658,0.000000,0.000000,-0.143884,,0.107466,0.000000,,,,0.191975,0.166682,1.500000,8.942451,47.600856,0.000000,circle,预设轨迹15,forward
1775476519.332751,10.132366,1775476560.739744|完整运动,完整运动,circle_orbit,1,1.000000,1.500000,1.500000,,,,,,,,,,,,,,,,0.987662,0.189357,1.182710,0.194041,0.000000,0.000000,-0.140790,,0.105091,0.000000,,,,0.191723,0.166682,1.500000,8.961874,47.581432,0.000000,circle,预设轨迹15,forward
1775476519.373283,10.172898,1775476560.739744|完整运动,完整运动,circle_orbit,1,1.000000,1.500000,1.500000,,,,,,,,,,,,,,,,0.991036,0.190643,1.193464,0.206716,0.000000,0.000000,-0.134732,,0.100642,0.000000,,,,0.192368,0.166682,1.500000,9.000979,47.542327,0.000000,circle,预设轨迹15,forward
1775476519.399056,10.198671,1775476560.739744|完整运动,完整运动,circle_orbit,1,1.000000,1.500000,1.500000,,,,,,,,,,,,,,,,0.994538,0.191763,1.204678,0.205763,0.000000,0.000000,-0.129196,,0.095790,0.000000,,,,0.192816,0.166682,1.500000,9.040303,47.503003,0.000000,circle,预设轨迹15,forward
1775476519.420097,10.219712,1775476560.739744|完整运动,完整运动,circle_orbit,1,1.000000,1.500000,1.500000,,,,,,,,,,,,,,,,0.998077,0.191983,1.210408,0.194725,0.000000,0.000000,-0.126555,,0.093280,0.000000,,,,0.192353,0.166682,1.500000,9.060162,47.483145,0.000000,circle,预设轨迹15,forward
1775476519.444940,10.244555,1775476560.739744|完整运动,完整运动,circle_orbit,1,1.000000,1.500000,1.500000,,,,,,,,,,,,,,,,1.001657,0.192190,1.216486,0.194781,0.000000,0.000000,-0.123928,,0.090578,0.000000,,,,0.191872,0.166682,1.500000,9.080165,47.463142,0.000000,circle,预设轨迹15,forward
1775476519.465280,10.264894,1775476560.739744|完整运动,完整运动,circle_orbit,1,1.000000,1.500000,1.500000,,,,,,,,,,,,,,,,1.005280,0.192394,1.222642,0.194951,0.000000,0.000000,-0.121285,,0.087872,0.000000,,,,0.191384,0.166682,1.500000,9.100276,47.443030,0.000000,circle,预设轨迹15,forward
1775476519.495123,10.294738,1775476560.739744|完整运动,完整运动,circle_orbit,1,1.000000,1.500000,1.500000,,,,,,,,,,,,,,,,1.008940,0.192590,1.228570,0.195037,0.000000,0.000000,-0.118650,,0.085344,0.000000,,,,0.190884,0.166682,1.500000,9.120468,47.422838,0.000000,circle,预设轨迹15,forward
1775476519.529800,10.329414,1775476560.739744|完整运动,完整运动,circle_orbit,1,1.000000,1.500000,1.500000,,,,,,,,,,,,,,,,1.012751,0.193569,1.241364,0.205806,0.000000,0.000000,-0.113459,,0.079786,0.000000,,,,0.191132,0.166682,1.500000,9.160756,47.382550,0.000000,circle,预设轨迹15,forward
1775476519.550385,10.350000,1775476560.739744|完整运动,完整运动,circle_orbit,1,1.000000,1.500000,1.500000,,,,,,,,,,,,,,,,1.016606,0.193734,1.247934,0.195789,0.000000,0.000000,-0.110891,,0.076952,0.000000,,,,0.190569,0.166682,1.500000,9.180953,47.362354,0.000000,circle,预设轨迹15,forward
1775476519.575735,10.375350,1775476560.739744|完整运动,完整运动,circle_orbit,1,1.000000,1.500000,1.500000,,,,,,,,,,,,,,,,1.020509,0.193915,1.254707,0.196181,0.000000,0.000000,-0.108250,,0.074071,0.000000,,,,0.190018,0.166682,1.500000,9.201183,47.342124,0.000000,circle,预设轨迹15,forward
1775476519.607139,10.406754,1775476560.739744|完整运动,完整运动,circle_orbit,1,1.000000,1.500000,1.500000,,,,,,,,,,,,,,,,1.024451,0.194064,1.260931,0.195929,0.000000,0.000000,-0.105697,,0.071517,0.000000,,,,0.189432,0.166682,1.500000,9.221552,47.321754,0.000000,circle,预设轨迹15,forward
1775476519.628456,10.428071,1775476560.739744|完整运动,完整运动,circle_orbit,1,1.000000,1.500000,1.500000,,,,,,,,,,,,,,,,1.028527,0.194831,1.273094,0.204412,0.000000,0.000000,-0.101129,,0.066445,0.000000,,,,0.189427,0.166682,1.500000,9.262400,47.280906,0.000000,circle,预设轨迹15,forward
1775476519.649337,10.448951,1775476560.739744|完整运动,完整运动,circle_orbit,1,1.000000,1.500000,1.500000,,,,,,,,,,,,,,,,1.032666,0.194861,1.281020,0.195248,0.000000,0.000000,-0.098925,,0.062868,0.000000,,,,0.188697,0.166682,1.500000,9.282854,47.260453,0.000000,circle,预设轨迹15,forward
1775476519.672689,10.472303,1775476560.739744|完整运动,完整运动,circle_orbit,1,1.000000,1.500000,1.500000,,,,,,,,,,,,,,,,1.036860,0.194849,1.288492,0.194694,0.000000,0.000000,-0.096842,,0.059550,0.000000,,,,0.187922,0.166682,1.500000,9.303321,47.239986,0.000000,circle,预设轨迹15,forward
1775476519.693641,10.493256,1775476560.739744|完整运动,完整运动,circle_orbit,1,1.000000,1.500000,1.500000,,,,,,,,,,,,,,,,1.041107,0.194863,1.295915,0.195032,0.000000,0.000000,-0.094658,,0.056353,0.000000,,,,0.187169,0.166682,1.500000,9.323928,47.219379,0.000000,circle,预设轨迹15,forward
1775476519.722059,10.521673,1775476560.739744|完整运动,完整运动,circle_orbit,1,1.000000,1.500000,1.500000,,,,,,,,,,,,,,,,1.045406,0.194854,1.303337,0.194744,0.000000,0.000000,-0.092531,,0.053178,0.000000,,,,0.186391,0.166682,1.500000,9.344664,47.198643,0.000000,circle,预设轨迹15,forward
1775476519.745873,10.545488,1775476560.739744|完整运动,完整运动,circle_orbit,1,1.000000,1.500000,1.500000,,,,,,,,,,,,,,,,1.049852,0.195407,1.316654,0.202316,0.000000,0.000000,-0.088571,,0.047663,0.000000,,,,0.186128,0.166682,1.500000,9.386062,47.157244,0.000000,circle,预设轨迹15,forward
1775476519.766401,10.566015,1775476560.739744|完整运动,完整运动,circle_orbit,1,1.000000,1.500000,1.500000,,,,,,,,,,,,,,,,1.054325,0.195298,1.322715,0.193938,0.000000,0.000000,-0.086747,,0.045212,0.000000,,,,0.185235,0.166682,1.500000,9.406903,47.136403,0.000000,circle,预设轨迹15,forward
1775476519.796296,10.595911,1775476560.739744|完整运动,完整运动,circle_orbit,1,1.000000,1.500000,1.500000,,,,,,,,,,,,,,,,1.058832,0.195204,1.329213,0.194025,0.000000,0.000000,-0.084866,,0.042583,0.000000,,,,0.184357,0.166682,1.500000,9.427852,47.115455,0.000000,circle,预设轨迹15,forward
1775476519.831552,10.631167,1775476560.739744|完整运动,完整运动,circle_orbit,1,1.000000,1.500000,1.500000,,,,,,,,,,,,,,,,1.063385,0.195129,1.336560,0.194203,0.000000,0.000000,-0.082909,,0.039576,0.000000,,,,0.183498,0.166682,1.500000,9.448808,47.094499,0.000000,circle,预设轨迹15,forward
1775476519.872606,10.672221,1775476560.739744|完整运动,完整运动,circle_orbit,1,1.000000,1.500000,1.500000,,,,,,,,,,,,,,,,1.068223,0.196172,1.358527,0.209208,0.000000,0.000000,-0.077316,,0.030719,0.000000,,,,0.183644,0.166682,1.500000,9.511193,47.032114,0.000000,circle,预设轨迹15,forward
1775476519.902226,10.701841,1775476560.739744|完整运动,完整运动,circle_orbit,1,1.000000,1.500000,1.500000,,,,,,,,,,,,,,,,1.073181,0.196390,1.370680,0.199110,0.000000,0.000000,-0.074390,,0.025902,0.000000,,,,0.182998,0.166682,1.500000,9.553852,46.989455,0.000000,circle,预设轨迹15,forward
1775476519.924383,10.723998,1775476560.739744|完整运动,完整运动,circle_orbit,1,1.000000,1.500000,1.500000,,,,,,,,,,,,,,,,1.078165,0.196136,1.377176,0.192959,0.000000,0.000000,-0.072982,,0.023301,0.000000,,,,0.181916,0.166682,1.500000,9.575546,46.967760,0.000000,circle,预设轨迹15,forward
1775476519.955028,10.754643,1775476560.739744|完整运动,完整运动,circle_orbit,1,1.000000,1.500000,1.500000,,,,,,,,,,,,,,,,1.083176,0.195884,1.383812,0.192731,0.000000,0.000000,-0.071558,,0.020670,0.000000,,,,0.180842,0.166682,1.500000,9.597260,46.946047,0.000000,circle,预设轨迹15,forward
1775476519.978534,10.778149,1775476560.739744|完整运动,完整运动,circle_orbit,1,1.000000,1.500000,1.500000,,,,,,,,,,,,,,,,1.088216,0.195618,1.390658,0.192297,0.000000,0.000000,-0.070168,,0.017952,0.000000,,,,0.179760,0.166682,1.500000,9.618905,46.924402,0.000000,circle,预设轨迹15,forward
1775476519.998858,10.798473,1775476560.739744|完整运动,完整运动,circle_orbit,1,1.000000,1.500000,1.500000,,,,,,,,,,,,,,,,1.093407,0.195827,1.404871,0.198440,0.000000,0.000000,-0.067228,,0.012439,0.000000,,,,0.179098,0.166682,1.500000,9.662330,46.880977,0.000000,circle,预设轨迹15,forward
1775476520.030051,10.829666,1775476560.739744|完整运动,完整运动,circle_orbit,1,1.000000,1.500000,1.500000,,,,,,,,,,,,,,,,1.098629,0.195564,1.411900,0.192282,0.000000,0.000000,-0.065814,,0.009745,0.000000,,,,0.178008,0.166682,1.500000,9.684461,46.858846,0.000000,circle,预设轨迹15,forward
1775476520.065844,10.865459,1775476560.739744|完整运动,完整运动,circle_orbit,1,1.000000,1.500000,1.500000,,,,,,,,,,,,,,,,1.103877,0.195281,1.418775,0.191738,0.000000,0.000000,-0.064462,,0.007128,0.000000,,,,0.176905,0.166682,1.500000,9.706536,46.836771,0.000000,circle,预设轨迹15,forward
1775476520.087207,10.886822,1775476560.739744|完整运动,完整运动,circle_orbit,1,1.000000,1.500000,1.500000,,,,,,,,,,,,,,,,1.109311,0.195371,1.435336,0.196490,0.000000,0.000000,-0.061886,,0.000650,0.000000,,,,0.176119,0.166682,1.500000,9.750621,46.792686,0.000000,circle,预设轨迹15,forward
1775476520.112728,10.912342,1775476560.739744|完整运动,完整运动,circle_orbit,1,1.000000,1.500000,1.500000,,,,,,,,,,,,,,,,1.114615,0.195032,1.432892,0.190800,0.000000,0.000000,-0.060694,,-0.002293,0.000000,,,,0.174977,0.166682,1.500000,9.772569,46.770738,0.000000,circle,预设轨迹15,forward
1775476520.143249,10.942864,1775476560.739744|完整运动,完整运动,circle_orbit,1,1.000000,1.500000,1.500000,,,,,,,,,,,,,,,,1.119660,0.194917,1.422326,0.193481,0.000000,0.000000,-0.058764,,-0.008012,0.000000,,,,0.174086,0.166682,1.500000,9.816699,46.726607,0.000000,circle,预设轨迹15,forward
1775476520.164332,10.963947,1775476560.739744|完整运动,完整运动,circle_orbit,1,1.000000,1.500000,1.500000,,,,,,,,,,,,,,,,1.124518,0.194449,1.415991,0.188602,0.000000,0.000000,-0.057970,,-0.011313,0.000000,,,,0.172918,0.166682,1.500000,9.838801,46.704506,0.000000,circle,预设轨迹15,forward
1775476520.187214,10.986829,1775476560.739744|完整运动,完整运动,circle_orbit,1,1.000000,1.500000,1.500000,,,,,,,,,,,,,,,,1.129296,0.193739,1.415991,0.184862,0.000000,0.000000,-0.057970,,-0.011313,0.000000,,,,0.171557,0.166682,1.500000,9.838801,46.704506,0.000000,circle,预设轨迹15,forward
1775476520.219137,11.018752,1775476560.739744|完整运动,完整运动,circle_orbit,1,1.000000,1.500000,1.500000,,,,,,,,,,,,,,,,1.133797,0.193482,1.403846,0.190263,0.000000,0.000000,-0.056486,,-0.017701,0.000000,,,,0.170649,0.166682,1.500000,9.883204,46.660103,0.000000,circle,预设轨迹15,forward
1775476520.239887,11.039502,1775476560.739744|完整运动,完整运动,circle_orbit,1,1.000000,1.500000,1.500000,,,,,,,,,,,,,,,,1.138052,0.193258,1.393362,0.190457,0.000000,0.000000,-0.054885,,-0.023437,0.000000,,,,0.169814,0.166682,1.500000,9.927833,46.615473,0.000000,circle,预设轨迹15,forward
1775476520.261011,11.060626,1775476560.739744|完整运动,完整运动,circle_orbit,1,1.000000,1.500000,1.500000,,,,,,,,,,,,,,,,1.142167,0.192730,1.389084,0.186141,0.000000,0.000000,-0.054271,,-0.025782,0.000000,,,,0.168741,0.166682,1.500000,9.950278,46.593029,0.000000,circle,预设轨迹15,forward
1775476520.284229,11.083843,1775476560.739744|完整运动,完整运动,circle_orbit,1,1.000000,1.500000,1.500000,,,,,,,,,,,,,,,,1.146135,0.192138,1.384221,0.184732,0.000000,0.000000,-0.053870,,-0.028332,0.000000,,,,0.167640,0.166682,1.500000,9.972818,46.570488,0.000000,circle,预设轨迹15,forward
1775476520.304604,11.104218,1775476560.739744|完整运动,完整运动,circle_orbit,1,1.000000,1.500000,1.500000,,,,,,,,,,,,,,,,1.149950,0.191433,1.378847,0.182624,0.000000,0.000000,-0.053834,,-0.030988,0.000000,,,,0.166471,0.166682,1.500000,9.995565,46.547741,0.000000,circle,预设轨迹15,forward
1775476520.333402,11.133016,1775476560.739744|完整运动,完整运动,circle_orbit,1,1.000000,1.500000,1.500000,,,,,,,,,,,,,,,,1.153591,0.190810,1.372034,0.183013,0.000000,0.000000,-0.053534,,-0.034497,0.000000,,,,0.165405,0.166682,1.500000,10.018282,46.525024,0.000000,circle,预设轨迹15,forward
1775476520.358922,11.158536,1775476560.739744|完整运动,完整运动,circle_orbit,1,1.000000,1.500000,1.500000,,,,,,,,,,,,,,,,1.157073,0.190180,1.366033,0.182309,0.000000,0.000000,-0.053257,,-0.037622,0.000000,,,,0.164363,0.166682,1.500000,10.041210,46.502097,0.000000,circle,预设轨迹15,forward
1775476520.380182,11.179796,1775476560.739744|完整运动,完整运动,circle_orbit,1,1.000000,1.500000,1.500000,,,,,,,,,,,,,,,,1.160318,0.189593,1.355012,0.182258,0.000000,0.000000,-0.052832,,-0.043393,0.000000,,,,0.163397,0.166682,1.500000,10.087000,46.456306,0.000000,circle,预设轨迹15,forward
1775476520.408041,11.207655,1775476560.739744|完整运动,完整运动,circle_orbit,1,1.000000,1.500000,1.500000,,,,,,,,,,,,,,,,1.163427,0.188937,1.349916,0.180741,0.000000,0.000000,-0.052639,,-0.046091,0.000000,,,,0.162397,0.166682,1.500000,10.109967,46.433340,0.000000,circle,预设轨迹15,forward
1775476520.440850,11.240465,1775476560.739744|完整运动,完整运动,circle_orbit,1,1.000000,1.500000,1.500000,,,,,,,,,,,,,,,,1.166402,0.188281,1.344917,0.180083,0.000000,0.000000,-0.052456,,-0.048753,0.000000,,,,0.161421,0.166682,1.500000,10.133139,46.410167,0.000000,circle,预设轨迹15,forward
1775476520.461345,11.260960,1775476560.739744|完整运动,完整运动,circle_orbit,1,1.000000,1.500000,1.500000,,,,,,,,,,,,,,,,1.169167,0.187566,1.335060,0.178624,0.000000,0.000000,-0.052462,,-0.053897,0.000000,,,,0.160427,0.166682,1.500000,10.179995,46.363312,0.000000,circle,预设轨迹15,forward
1775476520.494601,11.294216,1775476560.739744|完整运动,完整运动,circle_orbit,1,1.000000,1.500000,1.500000,,,,,,,,,,,,,,,,1.171789,0.186847,1.329131,0.177857,0.000000,0.000000,-0.052488,,-0.057018,0.000000,,,,0.159454,0.166682,1.500000,10.203534,46.339772,0.000000,circle,预设轨迹15,forward
1775476520.527010,11.326624,1775476560.739744|完整运动,完整运动,circle_orbit,1,1.000000,1.500000,1.500000,,,,,,,,,,,,,,,,1.174274,0.186069,1.323352,0.176342,0.000000,0.000000,-0.052714,,-0.059998,0.000000,,,,0.158454,0.166682,1.500000,10.227108,46.316199,0.000000,circle,预设轨迹15,forward
1775476520.547634,11.347249,1775476560.739744|完整运动,完整运动,circle_orbit,1,1.000000,1.500000,1.500000,,,,,,,,,,,,,,,,1.176534,0.185113,1.312152,0.173165,0.000000,0.000000,-0.053506,,-0.065693,0.000000,,,,0.157338,0.166682,1.500000,10.274745,46.268561,0.000000,circle,预设轨迹15,forward
1775476520.573087,11.372701,1775476560.739744|完整运动,完整运动,circle_orbit,1,1.000000,1.500000,1.500000,,,,,,,,,,,,,,,,1.178673,0.184200,1.307010,0.172785,0.000000,0.000000,-0.054171,,-0.068208,0.000000,,,,0.156277,0.166682,1.500000,10.298654,46.244653,0.000000,circle,预设轨迹15,forward
1775476520.607233,11.406847,1775476560.739744|完整运动,完整运动,circle_orbit,1,1.000000,1.500000,1.500000,,,,,,,,,,,,,,,,1.180599,0.183103,1.296164,0.169399,0.000000,0.000000,-0.055421,,-0.073654,0.000000,,,,0.155094,0.166682,1.500000,10.346107,46.197200,0.000000,circle,预设轨迹15,forward
1775476520.628947,11.428562,1775476560.739744|完整运动,完整运动,circle_orbit,1,1.000000,1.500000,1.500000,,,,,,,,,,,,,,,,1.182404,0.182196,1.290700,0.170853,0.000000,0.000000,-0.056072,,-0.076427,0.000000,,,,0.154089,0.166682,1.500000,10.369826,46.173480,0.000000,circle,预设轨迹15,forward
1775476520.650917,11.450531,1775476560.739744|完整运动,完整运动,circle_orbit,1,1.000000,1.500000,1.500000,,,,,,,,,,,,,,,,1.184088,0.181298,1.285131,0.170069,0.000000,0.000000,-0.056708,,-0.079292,0.000000,,,,0.153112,0.166682,1.500000,10.393529,46.149778,0.000000,circle,预设轨迹15,forward
1775476520.671832,11.471447,1775476560.739744|完整运动,完整运动,circle_orbit,1,1.000000,1.500000,1.500000,,,,,,,,,,,,,,,,1.185661,0.180373,1.280057,0.168815,0.000000,0.000000,-0.057446,,-0.081855,0.000000,,,,0.152129,0.166682,1.500000,10.417242,46.126064,0.000000,circle,预设轨迹15,forward
1775476520.693710,11.493325,1775476560.739744|完整运动,完整运动,circle_orbit,1,1.000000,1.500000,1.500000,,,,,,,,,,,,,,,,1.187131,0.179404,1.275343,0.167297,0.000000,0.000000,-0.058344,,-0.084163,0.000000,,,,0.151124,0.166682,1.500000,10.440943,46.102364,0.000000,circle,预设轨迹15,forward
1775476520.729292,11.528906,1775476560.739744|完整运动,完整运动,circle_orbit,1,1.000000,1.500000,1.500000,,,,,,,,,,,,,,,,1.188502,0.178417,1.270742,0.166075,0.000000,0.000000,-0.059323,,-0.086390,0.000000,,,,0.150119,0.166682,1.500000,10.464578,46.078728,0.000000,circle,预设轨迹15,forward
1775476520.757820,11.557435,1775476560.739744|完整运动,完整运动,circle_orbit,1,1.000000,1.500000,1.500000,,,,,,,,,,,,,,,,1.189684,0.177058,1.260575,0.160064,0.000000,0.000000,-0.061503,,-0.091371,0.000000,,,,0.148827,0.166682,1.500000,10.512185,46.031122,0.000000,circle,预设轨迹15,forward
1775476520.784125,11.583740,1775476560.739744|完整运动,完整运动,circle_orbit,1,1.000000,1.500000,1.500000,,,,,,,,,,,,,,,,1.190680,0.175606,1.250447,0.157459,0.000000,0.000000,-0.063978,,-0.096295,0.000000,,,,0.147484,0.166682,1.500000,10.560267,45.983040,0.000000,circle,预设轨迹15,forward
1775476520.811810,11.611424,1775476560.739744|完整运动,完整运动,circle_orbit,1,1.000000,1.500000,1.500000,,,,,,,,,,,,,,,,1.191573,0.174587,1.245189,0.161850,0.000000,0.000000,-0.065069,,-0.098975,0.000000,,,,0.146518,0.166682,1.500000,10.584075,45.959231,0.000000,circle,预设轨迹15,forward
1775476520.834947,11.634561,1775476560.739744|完整运动,完整运动,circle_orbit,1,1.000000,1.500000,1.500000,,,,,,,,,,,,,,,,1.192368,0.173556,1.240021,0.160674,0.000000,0.000000,-0.066222,,-0.101601,0.000000,,,,0.145556,0.166682,1.500000,10.608045,45.935262,0.000000,circle,预设轨迹15,forward
1775476520.870127,11.669742,1775476560.739744|完整运动,完整运动,circle_orbit,1,1.000000,1.500000,1.500000,,,,,,,,,,,,,,,,1.193000,0.172061,1.230927,0.153371,0.000000,0.000000,-0.068882,,-0.106004,0.000000,,,,0.144226,0.166682,1.500000,10.656129,45.887177,0.000000,circle,预设轨迹15,forward
1775476520.890707,11.690322,1775476560.739744|完整运动,完整运动,circle_orbit,1,1.000000,1.500000,1.500000,,,,,,,,,,,,,,,,1.193548,0.170932,1.226424,0.156816,0.000000,0.000000,-0.070381,,-0.108134,0.000000,,,,0.143213,0.166682,1.500000,10.680596,45.862711,0.000000,circle,预设轨迹15,forward
1775476520.919414,11.719028,1775476560.739744|完整运动,完整运动,circle_orbit,1,1.000000,1.500000,1.500000,,,,,,,,,,,,,,,,1.194006,0.169825,1.221525,0.155994,0.000000,0.000000,-0.071831,,-0.110555,0.000000,,,,0.142231,0.166682,1.500000,10.704870,45.838436,0.000000,circle,预设轨迹15,forward
1775476520.940793,11.740407,1775476560.739744|完整运动,完整运动,circle_orbit,1,1.000000,1.500000,1.500000,,,,,,,,,,,,,,,,1.194283,0.168240,1.210884,0.148431,0.000000,0.000000,-0.074830,,-0.115967,0.000000,,,,0.140872,0.166682,1.500000,10.753406,45.789901,0.000000,circle,预设轨迹15,forward
1775476520.964646,11.764260,1775476560.739744|完整运动,完整运动,circle_orbit,1,1.000000,1.500000,1.500000,,,,,,,,,,,,,,,,1.194482,0.167036,1.206436,0.151984,0.000000,0.000000,-0.076621,,-0.118026,0.000000,,,,0.139840,0.166682,1.500000,10.777693,45.765614,0.000000,circle,预设轨迹15,forward
1775476520.994680,11.794295,1775476560.739744|完整运动,完整运动,circle_orbit,1,1.000000,1.500000,1.500000,,,,,,,,,,,,,,,,1.194604,0.165780,1.201917,0.150082,0.000000,0.000000,-0.078606,,-0.120065,0.000000,,,,0.138774,0.166682,1.500000,10.802118,45.741188,0.000000,circle,预设轨迹15,forward
1775476521.021399,11.821014,1775476560.739744|完整运动,完整运动,circle_orbit,1,1.000000,1.500000,1.500000,,,,,,,,,,,,,,,,1.194638,0.164545,1.196661,0.149106,0.000000,0.000000,-0.080550,,-0.122627,0.000000,,,,0.137737,0.166682,1.500000,10.826542,45.716765,0.000000,circle,预设轨迹15,forward
1775476521.041859,11.841474,1775476560.739744|完整运动,完整运动,circle_orbit,1,1.000000,1.500000,1.500000,,,,,,,,,,,,,,,,1.194532,0.162744,1.188162,0.140230,0.000000,0.000000,-0.084334,,-0.126549,0.000000,,,,0.136241,0.166682,1.500000,10.875782,45.667525,0.000000,circle,预设轨迹15,forward
1775476521.079494,11.879109,1775476560.739744|完整运动,完整运动,circle_orbit,1,1.000000,1.500000,1.500000,,,,,,,,,,,,,,,,1.194363,0.161532,1.184224,0.146376,0.000000,0.000000,-0.086240,,-0.128325,0.000000,,,,0.135245,0.166682,1.500000,10.900091,45.643216,0.000000,circle,预设轨迹15,forward
1775476521.101865,11.901480,1775476560.739744|完整运动,完整运动,circle_orbit,1,1.000000,1.500000,1.500000,,,,,,,,,,,,,,,,1.194057,0.159651,1.175713,0.136139,0.000000,0.000000,-0.090320,,-0.132242,0.000000,,,,0.133704,0.166682,1.500000,10.948452,45.594855,0.000000,circle,预设轨迹15,forward
1775476521.122787,11.922402,1775476560.739744|完整运动,完整运动,circle_orbit,1,1.000000,1.500000,1.500000,,,,,,,,,,,,,,,,1.193679,0.158424,1.170979,0.143084,0.000000,0.000000,-0.092311,,-0.134581,0.000000,,,,0.132719,0.166682,1.500000,10.972782,45.570525,0.000000,circle,预设轨迹15,forward
1775476521.156057,11.955672,1775476560.739744|完整运动,完整运动,circle_orbit,1,1.000000,1.500000,1.500000,,,,,,,,,,,,,,,,1.193243,0.157178,1.167109,0.141610,0.000000,0.000000,-0.094397,,-0.136309,0.000000,,,,0.131724,0.166682,1.500000,10.997229,45.546077,0.000000,circle,预设轨迹15,forward
1775476521.188815,11.988430,1775476560.739744|完整运动,完整运动,circle_orbit,1,1.000000,1.500000,1.500000,,,,,,,,,,,,,,,,1.192748,0.155963,1.163051,0.140767,0.000000,0.000000,-0.096422,,-0.138212,0.000000,,,,0.130759,0.166682,1.500000,11.021588,45.521719,0.000000,circle,预设轨迹15,forward
1775476521.210239,12.009854,1775476560.739744|完整运动,完整运动,circle_orbit,1,1.000000,1.500000,1.500000,,,,,,,,,,,,,,,,1.192132,0.154123,1.155148,0.131134,0.000000,0.000000,-0.100479,,-0.141923,0.000000,,,,0.129284,0.166682,1.500000,11.069995,45.473312,0.000000,circle,预设轨迹15,forward
1775476521.231091,12.030706,1775476560.739744|完整运动,完整运动,circle_orbit,1,1.000000,1.500000,1.500000,,,,,,,,,,,,,,,,1.191465,0.152861,1.151457,0.137086,0.000000,0.000000,-0.102701,,-0.143537,0.000000,,,,0.128297,0.166682,1.500000,11.094349,45.448957,0.000000,circle,预设轨迹15,forward
1775476521.253224,12.052839,1775476560.739744|完整运动,完整运动,circle_orbit,1,1.000000,1.500000,1.500000,,,,,,,,,,,,,,,,1.190735,0.151657,1.146928,0.136607,0.000000,0.000000,-0.104769,,-0.145832,0.000000,,,,0.127364,0.166682,1.500000,11.118500,45.424806,0.000000,circle,预设轨迹15,forward
1775476521.274676,12.074291,1775476560.739744|完整运动,完整运动,circle_orbit,1,1.000000,1.500000,1.500000,,,,,,,,,,,,,,,,1.189947,0.150416,1.142708,0.134906,0.000000,0.000000,-0.106993,,-0.147863,0.000000,,,,0.126406,0.166682,1.500000,11.142809,45.400498,0.000000,circle,预设轨迹15,forward
1775476521.304568,12.104182,1775476560.739744|完整运动,完整运动,circle_orbit,1,1.000000,1.500000,1.500000,,,,,,,,,,,,,,,,1.189094,0.149084,1.137908,0.132427,0.000000,0.000000,-0.109544,,-0.150189,0.000000,,,,0.125376,0.166682,1.500000,11.166586,45.376720,0.000000,circle,预设轨迹15,forward
1775476521.331560,12.131174,1775476560.739744|完整运动,完整运动,circle_orbit,1,1.000000,1.500000,1.500000,,,,,,,,,,,,,,,,1.188099,0.146864,1.128372,0.119114,0.000000,0.000000,-0.114971,,-0.154740,0.000000,,,,0.123613,0.166682,1.500000,11.214430,45.328877,0.000000,circle,预设轨迹15,forward
1775476521.352794,12.152409,1775476560.739744|完整运动,完整运动,circle_orbit,1,1.000000,1.500000,1.500000,,,,,,,,,,,,,,,,1.187052,0.145469,1.124254,0.128037,0.000000,0.000000,-0.117753,,-0.156547,0.000000,,,,0.122547,0.166682,1.500000,11.238445,45.304861,0.000000,circle,预设轨迹15,forward
1775476521.383382,12.182997,1775476560.739744|完整运动,完整运动,circle_orbit,1,1.000000,1.500000,1.500000,,,,,,,,,,,,,,,,1.185954,0.144073,1.120060,0.126622,0.000000,0.000000,-0.120575,,-0.158415,0.000000,,,,0.121483,0.166682,1.500000,11.262400,45.280907,0.000000,circle,预设轨迹15,forward
1775476521.410502,12.210117,1775476560.739744|完整运动,完整运动,circle_orbit,1,1.000000,1.500000,1.500000,,,,,,,,,,,,,,,,1.184736,0.141771,1.111643,0.112997,0.000000,0.000000,-0.126337,,-0.162191,0.000000,,,,0.119665,0.166682,1.500000,11.310166,45.233141,0.000000,circle,预设轨迹15,forward
1775476521.434255,12.233869,1775476560.739744|完整运动,完整运动,circle_orbit,1,1.000000,1.500000,1.500000,,,,,,,,,,,,,,,,1.183467,0.140340,1.107368,0.122445,0.000000,0.000000,-0.129311,,-0.164125,0.000000,,,,0.118584,0.166682,1.500000,11.334289,45.209018,0.000000,circle,预设轨迹15,forward
1775476521.470157,12.269772,1775476560.739744|完整运动,完整运动,circle_orbit,1,1.000000,1.500000,1.500000,,,,,,,,,,,,,,,,1.182163,0.138907,1.103911,0.120999,0.000000,0.000000,-0.132329,,-0.165435,0.000000,,,,0.117502,0.166682,1.500000,11.358413,45.184894,0.000000,circle,预设轨迹15,forward
1775476521.494843,12.294458,1775476560.739744|完整运动,完整运动,circle_orbit,1,1.000000,1.500000,1.500000,,,,,,,,,,,,,,,,1.180755,0.136433,1.096239,0.105511,0.000000,0.000000,-0.138728,,-0.168533,0.000000,,,,0.115548,0.166682,1.500000,11.406222,45.137085,0.000000,circle,预设轨迹15,forward
1775476521.515142,12.314756,1775476560.739744|完整运动,完整运动,circle_orbit,1,1.000000,1.500000,1.500000,,,,,,,,,,,,,,,,1.179232,0.134002,1.087898,0.103605,0.000000,0.000000,-0.144994,,-0.172305,0.000000,,,,0.113635,0.166682,1.500000,11.453744,45.089563,0.000000,circle,预设轨迹15,forward
1775476521.545860,12.345475,1775476560.739744|完整运动,完整运动,circle_orbit,1,1.000000,1.500000,1.500000,,,,,,,,,,,,,,,,1.177735,0.133525,1.087898,0.127570,0.000000,0.000000,-0.144994,,-0.172305,0.000000,,,,0.113375,0.166682,1.500000,11.453744,45.089563,0.000000,circle,预设轨迹15,forward
1775476521.570832,12.370447,1775476560.739744|完整运动,完整运动,circle_orbit,1,1.000000,1.500000,1.500000,,,,,,,,,,,,,,,,1.176133,0.131160,1.079975,0.101600,0.000000,0.000000,-0.151129,,-0.175901,0.000000,,,,0.111518,0.166682,1.500000,11.501268,45.042039,0.000000,circle,预设轨迹15,forward
1775476521.591128,12.390743,1775476560.739744|完整运动,完整运动,circle_orbit,1,1.000000,1.500000,1.500000,,,,,,,,,,,,,,,,1.174496,0.129764,1.076329,0.112315,0.000000,0.000000,-0.154163,,-0.177493,0.000000,,,,0.110485,0.166682,1.500000,11.524847,45.018460,0.000000,circle,预设轨迹15,forward
1775476521.619522,12.419136,1775476560.739744|完整运动,完整运动,circle_orbit,1,1.000000,1.500000,1.500000,,,,,,,,,,,,,,,,1.172831,0.128366,1.072880,0.110893,0.000000,0.000000,-0.157250,,-0.178921,0.000000,,,,0.109450,0.166682,1.500000,11.548401,44.994905,0.000000,circle,预设轨迹15,forward
1775476521.642099,12.441714,1775476560.739744|完整运动,完整运动,circle_orbit,1,1.000000,1.500000,1.500000,,,,,,,,,,,,,,,,1.171138,0.126944,1.069597,0.109167,0.000000,0.000000,-0.160459,,-0.180176,0.000000,,,,0.108394,0.166682,1.500000,11.571964,44.971342,0.000000,circle,预设轨迹15,forward
1775476521.663057,12.462671,1775476560.739744|完整运动,完整运动,circle_orbit,1,1.000000,1.500000,1.500000,,,,,,,,,,,,,,,,1.169358,0.124461,1.062569,0.093424,0.000000,0.000000,-0.167116,,-0.183014,0.000000,,,,0.106436,0.166682,1.500000,11.619736,44.923571,0.000000,circle,预设轨迹15,forward
1775476521.694412,12.494027,1775476560.739744|完整运动,完整运动,circle_orbit,1,1.000000,1.500000,1.500000,,,,,,,,,,,,,,,,1.167535,0.123011,1.058107,0.104877,0.000000,0.000000,-0.170463,,-0.185248,0.000000,,,,0.105359,0.166682,1.500000,11.643312,44.899995,0.000000,circle,预设轨迹15,forward
1775476521.716997,12.516612,1775476560.739744|完整运动,完整运动,circle_orbit,1,1.000000,1.500000,1.500000,,,,,,,,,,,,,,,,1.165615,0.120474,1.050421,0.088763,0.000000,0.000000,-0.177339,,-0.188674,0.000000,,,,0.103356,0.166682,1.500000,11.690230,44.853076,0.000000,circle,预设轨迹15,forward
1775476521.738285,12.537899,1775476560.739744|完整运动,完整运动,circle_orbit,1,1.000000,1.500000,1.500000,,,,,,,,,,,,,,,,1.163668,0.118985,1.046864,0.100377,0.000000,0.000000,-0.180858,,-0.190143,0.000000,,,,0.102250,0.166682,1.500000,11.713546,44.829761,0.000000,circle,预设轨迹15,forward
1775476521.759944,12.559559,1775476560.739744|完整运动,完整运动,circle_orbit,1,1.000000,1.500000,1.500000,,,,,,,,,,,,,,,,1.161753,0.118606,1.046864,0.113873,0.000000,0.000000,-0.180858,,-0.190143,0.000000,,,,0.102093,0.166682,1.500000,11.713546,44.829761,0.000000,circle,预设轨迹15,forward
1775476521.793186,12.592801,1775476560.739744|完整运动,完整运动,circle_orbit,1,1.000000,1.500000,1.500000,,,,,,,,,,,,,,,,1.159759,0.115991,1.040131,0.083303,0.000000,0.000000,-0.188120,,-0.192712,0.000000,,,,0.100013,0.166682,1.500000,11.760578,44.782728,0.000000,circle,预设轨迹15,forward
1775476521.813951,12.613565,1775476560.739744|完整运动,完整运动,circle_orbit,1,1.000000,1.500000,1.500000,,,,,,,,,,,,,,,,1.157747,0.114557,1.036999,0.096633,0.000000,0.000000,-0.191594,,-0.193891,0.000000,,,,0.098949,0.166682,1.500000,11.784149,44.759157,0.000000,circle,预设轨迹15,forward
1775476521.844795,12.644410,1775476560.739744|完整运动,完整运动,circle_orbit,1,1.000000,1.500000,1.500000,,,,,,,,,,,,,,,,1.155715,0.113153,1.033818,0.095603,0.000000,0.000000,-0.195015,,-0.195151,0.000000,,,,0.097908,0.166682,1.500000,11.807597,44.735709,0.000000,circle,预设轨迹15,forward
1775476521.869565,12.669180,1775476560.739744|完整运动,完整运动,circle_orbit,1,1.000000,1.500000,1.500000,,,,,,,,,,,,,,,,1.153630,0.110566,1.028539,0.078229,0.000000,0.000000,-0.202288,,-0.196573,0.000000,,,,0.095842,0.166682,1.500000,11.854138,44.689169,0.000000,circle,预设轨迹15,forward
1775476521.890975,12.690590,1775476560.739744|完整运动,完整运动,circle_orbit,1,1.000000,1.500000,1.500000,,,,,,,,,,,,,,,,1.151527,0.109042,1.025344,0.089983,0.000000,0.000000,-0.206156,,-0.197694,0.000000,,,,0.094693,0.166682,1.500000,11.877457,44.665850,0.000000,circle,预设轨迹15,forward
1775476521.923572,12.723187,1775476560.739744|完整运动,完整运动,circle_orbit,1,1.000000,1.500000,1.500000,,,,,,,,,,,,,,,,1.149356,0.106312,1.019102,0.072187,0.000000,0.000000,-0.213942,,-0.199834,0.000000,,,,0.092497,0.166682,1.500000,11.924458,44.618848,0.000000,circle,预设轨迹15,forward
1775476521.950430,12.750044,1775476560.739744|完整运动,完整运动,circle_orbit,1,1.000000,1.500000,1.500000,,,,,,,,,,,,,,,,1.147167,0.104859,1.015811,0.086699,0.000000,0.000000,-0.217631,,-0.201174,0.000000,,,,0.091407,0.166682,1.500000,11.948017,44.595290,0.000000,circle,预设轨迹15,forward
1775476521.970762,12.770376,1775476560.739744|完整运动,完整运动,circle_orbit,1,1.000000,1.500000,1.500000,,,,,,,,,,,,,,,,1.144967,0.103452,1.012984,0.085865,0.000000,0.000000,-0.221221,,-0.202153,0.000000,,,,0.090354,0.166682,1.500000,11.971489,44.571818,0.000000,circle,预设轨迹15,forward
1775476521.996414,12.796029,1775476560.739744|完整运动,完整运动,circle_orbit,1,1.000000,1.500000,1.500000,,,,,,,,,,,,,,,,1.142760,0.102067,1.010290,0.084757,0.000000,0.000000,-0.224790,,-0.203036,0.000000,,,,0.089316,0.166682,1.500000,11.994858,44.548449,0.000000,circle,预设轨迹15,forward
1775476522.032700,12.832315,1775476560.739744|完整运动,完整运动,circle_orbit,1,1.000000,1.500000,1.500000,,,,,,,,,,,,,,,,1.140547,0.100672,1.007796,0.083233,0.000000,0.000000,-0.228440,,-0.203709,0.000000,,,,0.088266,0.166682,1.500000,12.018132,44.525175,0.000000,circle,预设轨迹15,forward
1775476522.054339,12.853954,1775476560.739744|完整运动,完整运动,circle_orbit,1,1.000000,1.500000,1.500000,,,,,,,,,,,,,,,,1.138290,0.098135,1.002866,0.066427,0.000000,0.000000,-0.235807,,-0.205007,0.000000,,,,0.086213,0.166682,1.500000,12.065301,44.478006,0.000000,circle,预设轨迹15,forward
1775476522.076068,12.875683,1775476560.739744|完整运动,完整运动,circle_orbit,1,1.000000,1.500000,1.500000,,,,,,,,,,,,,,,,1.136026,0.096752,1.000167,0.079466,0.000000,0.000000,-0.239479,,-0.205899,0.000000,,,,0.085168,0.166682,1.500000,12.088876,44.454431,0.000000,circle,预设轨迹15,forward
1775476522.098584,12.898199,1775476560.739744|完整运动,完整运动,circle_orbit,1,1.000000,1.500000,1.500000,,,,,,,,,,,,,,,,1.133718,0.094188,0.995230,0.062131,0.000000,0.000000,-0.246998,,-0.207206,0.000000,,,,0.083079,0.166682,1.500000,12.135826,44.407481,0.000000,circle,预设轨迹15,forward
1775476522.119720,12.919335,1775476560.739744|完整运动,完整运动,circle_orbit,1,1.000000,1.500000,1.500000,,,,,,,,,,,,,,,,1.131411,0.092713,0.993012,0.074279,0.000000,0.000000,-0.251031,,-0.207517,0.000000,,,,0.081945,0.166682,1.500000,12.159230,44.384077,0.000000,circle,预设轨迹15,forward
1775476522.153577,12.953192,1775476560.739744|完整运动,完整运动,circle_orbit,1,1.000000,1.500000,1.500000,,,,,,,,,,,,,,,,1.129101,0.091284,0.990506,0.073426,0.000000,0.000000,-0.254963,,-0.208159,0.000000,,,,0.080847,0.166682,1.500000,12.182483,44.360824,0.000000,circle,预设轨迹15,forward
1775476522.191694,12.991308,1775476560.739744|完整运动,完整运动,circle_orbit,1,1.000000,1.500000,1.500000,,,,,,,,,,,,,,,,1.126785,0.089900,0.987833,0.072587,0.000000,0.000000,-0.258801,,-0.209014,0.000000,,,,0.079784,0.166682,1.500000,12.205785,44.337522,0.000000,circle,预设轨迹15,forward
1775476522.213384,13.012998,1775476560.739744|完整运动,完整运动,circle_orbit,1,1.000000,1.500000,1.500000,,,,,,,,,,,,,,,,1.124431,0.087394,0.983192,0.056071,0.000000,0.000000,-0.266289,,-0.210165,0.000000,,,,0.077723,0.166682,1.500000,12.252011,44.291296,0.000000,circle,预设轨迹15,forward
1775476522.237182,13.036797,1775476560.739744|完整运动,完整运动,circle_orbit,1,1.000000,1.500000,1.500000,,,,,,,,,,,,,,,,1.122071,0.085727,0.980486,0.064892,0.000000,0.000000,-0.271096,,-0.210660,0.000000,,,,0.076401,0.166682,1.500000,12.275124,44.268183,0.000000,circle,预设轨迹15,forward
1775476522.265194,13.064809,1775476560.739744|完整运动,完整运动,circle_orbit,1,1.000000,1.500000,1.500000,,,,,,,,,,,,,,,,1.119689,0.082853,0.976719,0.046926,0.000000,0.000000,-0.279835,,-0.210463,0.000000,,,,0.073996,0.166682,1.500000,12.321650,44.221657,0.000000,circle,预设轨迹15,forward
1775476522.293771,13.093386,1775476560.739744|完整运动,完整运动,circle_orbit,1,1.000000,1.500000,1.500000,,,,,,,,,,,,,,,,1.117310,0.081312,0.974595,0.062056,0.000000,0.000000,-0.284296,,-0.210572,0.000000,,,,0.072775,0.166682,1.500000,12.344762,44.198545,0.000000,circle,预设轨迹15,forward
1775476522.314870,13.114485,1775476560.739744|完整运动,完整运动,circle_orbit,1,1.000000,1.500000,1.500000,,,,,,,,,,,,,,,,1.114904,0.078416,0.970539,0.042209,0.000000,0.000000,-0.293172,,-0.210646,0.000000,,,,0.070334,0.166682,1.500000,12.390916,44.152390,0.000000,circle,预设轨迹15,forward
1775476522.340445,13.140059,1775476560.739744|完整运动,完整运动,circle_orbit,1,1.000000,1.500000,1.500000,,,,,,,,,,,,,,,,1.112537,0.078282,0.970539,0.076612,0.000000,0.000000,-0.293172,,-0.210646,0.000000,,,,0.070364,0.166682,1.500000,12.390916,44.152390,0.000000,circle,预设轨迹15,forward
1775476522.378962,13.178577,1775476560.739744|完整运动,完整运动,circle_orbit,1,1.000000,1.500000,1.500000,,,,,,,,,,,,,,,,1.110143,0.075465,0.966462,0.040250,0.000000,0.000000,-0.301895,,-0.210845,0.000000,,,,0.067978,0.166682,1.500000,12.437691,44.105615,0.000000,circle,预设轨迹15,forward
1775476522.402461,13.202075,1775476560.739744|完整运动,完整运动,circle_orbit,1,1.000000,1.500000,1.500000,,,,,,,,,,,,,,,,1.107719,0.072684,0.962316,0.037922,0.000000,0.000000,-0.310514,,-0.211193,0.000000,,,,0.065616,0.166682,1.500000,12.484213,44.059093,0.000000,circle,预设轨迹15,forward
1775476522.423018,13.222632,1775476560.739744|完整运动,完整运动,circle_orbit,1,1.000000,1.500000,1.500000,,,,,,,,,,,,,,,,1.105305,0.071240,0.960481,0.053186,0.000000,0.000000,-0.314850,,-0.211127,0.000000,,,,0.064452,0.166682,1.500000,12.507400,44.035907,0.000000,circle,预设轨迹15,forward
1775476522.451154,13.250768,1775476560.739744|完整运动,完整运动,circle_orbit,1,1.000000,1.500000,1.500000,,,,,,,,,,,,,,,,1.102906,0.069818,0.958937,0.052051,0.000000,0.000000,-0.319170,,-0.210779,0.000000,,,,0.063304,0.166682,1.500000,12.530535,44.012772,0.000000,circle,预设轨迹15,forward
1775476522.490363,13.289978,1775476560.739744|完整运动,完整运动,circle_orbit,1,1.000000,1.500000,1.500000,,,,,,,,,,,,,,,,1.100517,0.068371,0.957200,0.050282,0.000000,0.000000,-0.323625,,-0.210572,0.000000,,,,0.062126,0.166682,1.500000,12.553870,43.989437,0.000000,circle,预设轨迹15,forward
1775476522.511175,13.310790,1775476560.739744|完整运动,完整运动,circle_orbit,1,1.000000,1.500000,1.500000,,,,,,,,,,,,,,,,1.098105,0.065585,0.953333,0.030760,0.000000,0.000000,-0.332440,,-0.210627,0.000000,,,,0.059726,0.166682,1.500000,12.599965,43.943342,0.000000,circle,预设轨迹15,forward
1775476522.534103,13.333717,1775476560.739744|完整运动,完整运动,circle_orbit,1,1.000000,1.500000,1.500000,,,,,,,,,,,,,,,,1.095703,0.064129,0.951599,0.045928,0.000000,0.000000,-0.336990,,-0.210396,0.000000,,,,0.058528,0.166682,1.500000,12.622768,43.920539,0.000000,circle,预设轨迹15,forward
1775476522.558075,13.357689,1775476560.739744|完整运动,完整运动,circle_orbit,1,1.000000,1.500000,1.500000,,,,,,,,,,,,,,,,1.093309,0.062696,0.949698,0.044787,0.000000,0.000000,-0.341517,,-0.210357,0.000000,,,,0.057345,0.166682,1.500000,12.645422,43.897884,0.000000,circle,预设轨迹15,forward
1775476522.578413,13.378028,1775476560.739744|完整运动,完整运动,circle_orbit,1,1.000000,1.500000,1.500000,,,,,,,,,,,,,,,,1.090903,0.059811,0.946507,0.023741,0.000000,0.000000,-0.350772,,-0.209570,0.000000,,,,0.054827,0.166682,1.500000,12.690948,43.852359,0.000000,circle,预设轨迹15,forward
1775476522.606494,13.406109,1775476560.739744|完整运动,完整运动,circle_orbit,1,1.000000,1.500000,1.500000,,,,,,,,,,,,,,,,1.088513,0.058372,0.945140,0.040385,0.000000,0.000000,-0.355388,,-0.208952,0.000000,,,,0.053625,0.166682,1.500000,12.713886,43.829420,0.000000,circle,预设轨迹15,forward
1775476522.629900,13.429514,1775476560.739744|完整运动,完整运动,circle_orbit,1,1.000000,1.500000,1.500000,,,,,,,,,,,,,,,,1.086136,0.057018,0.943490,0.040090,0.000000,0.000000,-0.359782,,-0.208734,0.000000,,,,0.052496,0.166682,1.500000,12.736725,43.806582,0.000000,circle,预设轨迹15,forward
1775476522.650254,13.449869,1775476560.739744|完整运动,完整运动,circle_orbit,1,1.000000,1.500000,1.500000,,,,,,,,,,,,,,,,1.083768,0.055722,0.941719,0.039531,0.000000,0.000000,-0.364036,,-0.208711,0.000000,,,,0.051415,0.166682,1.500000,12.759585,43.783722,0.000000,circle,预设轨迹15,forward
1775476522.682171,13.481785,1775476560.739744|完整运动,完整运动,circle_orbit,1,1.000000,1.500000,1.500000,,,,,,,,,,,,,,,,1.081413,0.054465,0.940126,0.038749,0.000000,0.000000,-0.368217,,-0.208539,0.000000,,,,0.050365,0.166682,1.500000,12.782381,43.760925,0.000000,circle,预设轨迹15,forward
1775476522.715549,13.515164,1775476560.739744|完整运动,完整运动,circle_orbit,1,1.000000,1.500000,1.500000,,,,,,,,,,,,,,,,1.079057,0.051900,0.937662,0.019837,0.000000,0.000000,-0.376661,,-0.207407,0.000000,,,,0.048097,0.166682,1.500000,12.828079,43.715228,0.000000,circle,预设轨迹15,forward
1775476522.737557,13.537171,1775476560.739744|完整运动,完整运动,circle_orbit,1,1.000000,1.500000,1.500000,,,,,,,,,,,,,,,,1.076698,0.049301,0.935166,0.016816,0.000000,0.000000,-0.385233,,-0.206265,0.000000,,,,0.045789,0.166682,1.500000,12.873535,43.669771,0.000000,circle,预设轨迹15,forward
1775476522.758084,13.557698,1775476560.739744|完整运动,完整运动,circle_orbit,1,1.000000,1.500000,1.500000,,,,,,,,,,,,,,,,1.074366,0.048002,0.934429,0.031767,0.000000,0.000000,-0.389643,,-0.205095,0.000000,,,,0.044680,0.166682,1.500000,12.896086,43.647221,0.000000,circle,预设轨迹15,forward
1775476522.780347,13.579962,1775476560.739744|完整运动,完整运动,circle_orbit,1,1.000000,1.500000,1.500000,,,,,,,,,,,,,,,,1.072059,0.046710,0.933660,0.030550,0.000000,0.000000,-0.394089,,-0.203946,0.000000,,,,0.043570,0.166682,1.500000,12.918634,43.624672,0.000000,circle,预设轨迹15,forward
1775476522.800896,13.600511,1775476560.739744|完整运动,完整运动,circle_orbit,1,1.000000,1.500000,1.500000,,,,,,,,,,,,,,,,1.069776,0.045441,0.932821,0.029581,0.000000,0.000000,-0.398510,,-0.202883,0.000000,,,,0.042477,0.166682,1.500000,12.941223,43.602084,0.000000,circle,预设轨迹15,forward
1775476522.835830,13.635445,1775476560.739744|完整运动,完整运动,circle_orbit,1,1.000000,1.500000,1.500000,,,,,,,,,,,,,,,,1.067531,0.045559,0.932821,0.047038,0.000000,0.000000,-0.398510,,-0.202883,0.000000,,,,0.042677,0.166682,1.500000,12.941223,43.602084,0.000000,circle,预设轨迹15,forward
1775476522.864289,13.663903,1775476560.739744|完整运动,完整运动,circle_orbit,1,1.000000,1.500000,1.500000,,,,,,,,,,,,,,,,1.065260,0.042706,0.928995,0.007038,0.000000,0.000000,-0.411459,,-0.201267,0.000000,,,,0.040089,0.166682,1.500000,13.008048,43.535258,0.000000,circle,预设轨迹15,forward
1775476522.901264,13.700879,1775476560.739744|完整运动,完整运动,circle_orbit,1,1.000000,1.500000,1.500000,,,,,,,,,,,,,,,,1.063006,0.041512,0.927751,0.026585,0.000000,0.000000,-0.415496,,-0.200826,0.000000,,,,0.039051,0.166682,1.500000,13.030157,43.513150,0.000000,circle,预设轨迹15,forward
1775476522.923874,13.723489,1775476560.739744|完整运动,完整运动,circle_orbit,1,1.000000,1.500000,1.500000,,,,,,,,,,,,,,,,1.060761,0.039171,0.926039,0.009921,0.000000,0.000000,-0.423296,,-0.199227,0.000000,,,,0.036928,0.166682,1.500000,13.074803,43.468504,0.000000,circle,预设轨迹15,forward
1775476522.944409,13.744024,1775476560.739744|完整运动,完整运动,circle_orbit,1,1.000000,1.500000,1.500000,,,,,,,,,,,,,,,,1.058539,0.038049,0.925269,0.024020,0.000000,0.000000,-0.427213,,-0.198328,0.000000,,,,0.035945,0.166682,1.500000,13.097088,43.446218,0.000000,circle,预设轨迹15,forward
1775476522.975856,13.775470,1775476560.739744|完整运动,完整运动,circle_orbit,1,1.000000,1.500000,1.500000,,,,,,,,,,,,,,,,1.056337,0.036919,0.924198,0.022799,0.000000,0.000000,-0.431220,,-0.197722,0.000000,,,,0.034950,0.166682,1.500000,13.118957,43.424350,0.000000,circle,预设轨迹15,forward
1775476523.010647,13.810261,1775476560.739744|完整运动,完整运动,circle_orbit,1,1.000000,1.500000,1.500000,,,,,,,,,,,,,,,,1.054150,0.034476,0.922937,0.003936,0.000000,0.000000,-0.439524,,-0.195416,0.000000,,,,0.032705,0.166682,1.500000,13.162873,43.380434,0.000000,circle,预设轨迹15,forward
1775476523.041754,13.841368,1775476560.739744|完整运动,完整运动,circle_orbit,1,1.000000,1.500000,1.500000,,,,,,,,,,,,,,,,1.051987,0.033492,0.922190,0.021195,0.000000,0.000000,-0.443158,,-0.194624,0.000000,,,,0.031837,0.166682,1.500000,13.184811,43.358496,0.000000,circle,预设轨迹15,forward
1775476523.068366,13.867981,1775476560.739744|完整运动,完整运动,circle_orbit,1,1.000000,1.500000,1.500000,,,,,,,,,,,,,,,,1.049836,0.031435,0.920798,0.005713,0.000000,0.000000,-0.450315,,-0.192979,0.000000,,,,0.029943,0.166682,1.500000,13.228841,43.314465,0.000000,circle,预设轨迹15,forward
1775476523.088695,13.888309,1775476560.739744|完整运动,完整运动,circle_orbit,1,1.000000,1.500000,1.500000,,,,,,,,,,,,,,,,1.047708,0.030579,0.920020,0.019887,0.000000,0.000000,-0.453633,,-0.192366,0.000000,,,,0.029187,0.166682,1.500000,13.250864,43.292442,0.000000,circle,预设轨迹15,forward
1775476523.117006,13.916621,1775476560.739744|完整运动,完整运动,circle_orbit,1,1.000000,1.500000,1.500000,,,,,,,,,,,,,,,,1.045603,0.029797,0.919302,0.020020,0.000000,0.000000,-0.456776,,-0.191764,0.000000,,,,0.028498,0.166682,1.500000,13.272807,43.270499,0.000000,circle,预设轨迹15,forward
1775476523.140677,13.940292,1775476560.739744|完整运动,完整运动,circle_orbit,1,1.000000,1.500000,1.500000,,,,,,,,,,,,,,,,1.043527,0.029041,0.918969,0.019592,0.000000,0.000000,-0.459893,,-0.190748,0.000000,,,,0.027830,0.166682,1.500000,13.294819,43.248488,0.000000,circle,预设轨迹15,forward
1775476523.161033,13.960648,1775476560.739744|完整运动,完整运动,circle_orbit,1,1.000000,1.500000,1.500000,,,,,,,,,,,,,,,,1.041486,0.027262,0.919015,0.005026,0.000000,0.000000,-0.466369,,-0.187820,0.000000,,,,0.026176,0.166682,1.500000,13.338647,43.204660,0.000000,circle,预设轨迹15,forward
1775476523.190827,13.990441,1775476560.739744|完整运动,完整运动,circle_orbit,1,1.000000,1.500000,1.500000,,,,,,,,,,,,,,,,1.039477,0.026408,0.918941,0.015724,0.000000,0.000000,-0.469899,,-0.186333,0.000000,,,,0.025405,0.166682,1.500000,13.360525,43.182782,0.000000,circle,预设轨迹15,forward
1775476523.224824,14.024438,1775476560.739744|完整运动,完整运动,circle_orbit,1,1.000000,1.500000,1.500000,,,,,,,,,,,,,,,,1.037497,0.025524,0.918690,0.014474,0.000000,0.000000,-0.473573,,-0.184978,0.000000,,,,0.024601,0.166682,1.500000,13.382426,43.160880,0.000000,circle,预设轨迹15,forward
1775476523.256986,14.056601,1775476560.739744|完整运动,完整运动,circle_orbit,1,1.000000,1.500000,1.500000,,,,,,,,,,,,,,,,1.035524,0.023444,0.917135,-0.002553,0.000000,0.000000,-0.481143,,-0.183344,0.000000,,,,0.022640,0.166682,1.500000,13.425873,43.117434,0.000000,circle,预设轨迹15,forward
1775476523.284434,14.084049,1775476560.739744|完整运动,完整运动,circle_orbit,1,1.000000,1.500000,1.500000,,,,,,,,,,,,,,,,1.033577,0.022609,0.916793,0.012171,0.000000,0.000000,-0.484721,,-0.182134,0.000000,,,,0.021874,0.166682,1.500000,13.447639,43.095667,0.000000,circle,预设轨迹15,forward
1775476523.305357,14.104971,1775476560.739744|完整运动,完整运动,circle_orbit,1,1.000000,1.500000,1.500000,,,,,,,,,,,,,,,,1.031651,0.020833,0.916088,-0.001372,0.000000,0.000000,-0.491379,,-0.179962,0.000000,,,,0.020193,0.166682,1.500000,13.491290,43.052016,0.000000,circle,预设轨迹15,forward
1775476523.336393,14.136008,1775476560.739744|完整运动,完整运动,circle_orbit,1,1.000000,1.500000,1.500000,,,,,,,,,,,,,,,,1.029756,0.020085,0.916047,0.010746,0.000000,0.000000,-0.494746,,-0.178511,0.000000,,,,0.019505,0.166682,1.500000,13.513264,43.030042,0.000000,circle,预设轨迹15,forward
1775476523.374300,14.173915,1775476560.739744|完整运动,完整运动,circle_orbit,1,1.000000,1.500000,1.500000,,,,,,,,,,,,,,,,1.027889,0.019367,0.915867,0.010391,0.000000,0.000000,-0.498063,,-0.177237,0.000000,,,,0.018842,0.166682,1.500000,13.535205,43.008102,0.000000,circle,预设轨迹15,forward
1775476523.399485,14.199100,1775476560.739744|完整运动,完整运动,circle_orbit,1,1.000000,1.500000,1.500000,,,,,,,,,,,,,,,,1.026038,0.016731,0.914961,-0.016217,0.000000,0.000000,-0.507607,,-0.174009,0.000000,,,,0.016307,0.166682,1.500000,13.601042,42.942265,0.000000,circle,预设轨迹15,forward
1775476523.421248,14.220863,1775476560.739744|完整运动,完整运动,circle_orbit,1,1.000000,1.500000,1.500000,,,,,,,,,,,,,,,,1.024218,0.016023,0.915022,0.007169,0.000000,0.000000,-0.510941,,-0.172459,0.000000,,,,0.015644,0.166682,1.500000,13.622828,42.920479,0.000000,circle,预设轨迹15,forward
1775476523.469301,14.268916,1775476560.739744|完整运动,完整运动,circle_orbit,1,1.000000,1.500000,1.500000,,,,,,,,,,,,,,,,1.022429,0.014085,0.915066,-0.010135,0.000000,0.000000,-0.518288,,-0.169144,0.000000,,,,0.013776,0.166682,1.500000,13.666301,42.877006,0.000000,circle,预设轨迹15,forward
1775476523.493537,14.293152,1775476560.739744|完整运动,完整运动,circle_orbit,1,1.000000,1.500000,1.500000,,,,,,,,,,,,,,,,1.020666,0.013292,0.914916,0.003380,0.000000,0.000000,-0.521962,,-0.167680,0.000000,,,,0.013023,0.166682,1.500000,13.688000,42.855307,0.000000,circle,预设轨迹15,forward
1775476523.516308,14.315923,1775476560.739744|完整运动,完整运动,circle_orbit,1,1.000000,1.500000,1.500000,,,,,,,,,,,,,,,,1.018927,0.011637,0.914597,-0.009058,0.000000,0.000000,-0.528460,,-0.165149,0.000000,,,,0.011421,0.166682,1.500000,13.731074,42.812233,0.000000,circle,预设轨迹15,forward
1775476523.538774,14.338388,1775476560.739744|完整运动,完整运动,circle_orbit,1,1.000000,1.500000,1.500000,,,,,,,,,,,,,,,,1.017217,0.012003,0.914597,0.016579,0.000000,0.000000,-0.528460,,-0.165149,0.000000,,,,0.011800,0.166682,1.500000,13.731074,42.812233,0.000000,circle,预设轨迹15,forward
1775476523.559054,14.358669,1775476560.739744|完整运动,完整运动,circle_orbit,1,1.000000,1.500000,1.500000,,,,,,,,,,,,,,,,1.015542,0.010513,0.915058,-0.008110,0.000000,0.000000,-0.534510,,-0.161943,0.000000,,,,0.010352,0.166682,1.500000,13.774160,42.769147,0.000000,circle,预设轨迹15,forward
1775476523.588974,14.388588,1775476560.739744|完整运动,完整运动,circle_orbit,1,1.000000,1.500000,1.500000,,,,,,,,,,,,,,,,1.013894,0.009987,0.915023,0.003405,0.000000,0.000000,-0.537472,,-0.160666,0.000000,,,,0.009850,0.166682,1.500000,13.795732,42.747575,0.000000,circle,预设轨迹15,forward
1775476523.621824,14.421439,1775476560.739744|完整运动,完整运动,circle_orbit,1,1.000000,1.500000,1.500000,,,,,,,,,,,,,,,,1.012273,0.009538,0.914985,0.003931,0.000000,0.000000,-0.540219,,-0.159487,0.000000,,,,0.009422,0.166682,1.500000,13.817403,42.725904,0.000000,circle,预设轨迹15,forward
1775476523.642879,14.442493,1775476560.739744|完整运动,完整运动,circle_orbit,1,1.000000,1.500000,1.500000,,,,,,,,,,,,,,,,1.010692,0.008207,0.915858,-0.008433,0.000000,0.000000,-0.545854,,-0.156005,0.000000,,,,0.008120,0.166682,1.500000,13.860247,42.683060,0.000000,circle,预设轨迹15,forward
1775476523.663466,14.463081,1775476560.739744|完整运动,完整运动,circle_orbit,1,1.000000,1.500000,1.500000,,,,,,,,,,,,,,,,1.009145,0.007710,0.916285,0.001504,0.000000,0.000000,-0.548816,,-0.154212,0.000000,,,,0.007640,0.166682,1.500000,13.881599,42.661708,0.000000,circle,预设轨迹15,forward
1775476523.688689,14.488303,1775476560.739744|完整运动,完整运动,circle_orbit,1,1.000000,1.500000,1.500000,,,,,,,,,,,,,,,,1.007626,0.007192,0.916531,0.000715,0.000000,0.000000,-0.551881,,-0.152575,0.000000,,,,0.007138,0.166682,1.500000,13.903093,42.640214,0.000000,circle,预设轨迹15,forward
1775476523.709296,14.508911,1775476560.739744|完整运动,完整运动,circle_orbit,1,1.000000,1.500000,1.500000,,,,,,,,,,,,,,,,1.006136,0.006683,0.916716,0.000323,0.000000,0.000000,-0.554944,,-0.151008,0.000000,,,,0.006643,0.166682,1.500000,13.924678,42.618628,0.000000,circle,预设轨迹15,forward
1775476523.737648,14.537263,1775476560.739744|完整运动,完整运动,circle_orbit,1,1.000000,1.500000,1.500000,,,,,,,,,,,,,,,,1.004672,0.006213,0.916828,0.000341,0.000000,0.000000,-0.557908,,-0.149565,0.000000,,,,0.006185,0.166682,1.500000,13.946251,42.597056,0.000000,circle,预设轨迹15,forward
1775476523.776545,14.576160,1775476560.739744|完整运动,完整运动,circle_orbit,1,1.000000,1.500000,1.500000,,,,,,,,,,,,,,,,1.003236,0.005788,0.917092,0.000471,0.000000,0.000000,-0.560753,,-0.148006,0.000000,,,,0.005769,0.166682,1.500000,13.967801,42.575506,0.000000,circle,预设轨迹15,forward
1775476523.802544,14.602159,1775476560.739744|完整运动,完整运动,circle_orbit,1,1.000000,1.500000,1.500000,,,,,,,,,,,,,,,,1.001854,0.003813,0.918903,-0.020878,0.000000,0.000000,-0.568633,,-0.142488,0.000000,,,,0.003806,0.166682,1.500000,14.032134,42.511173,0.000000,circle,预设轨迹15,forward
1775476523.823771,14.623385,1775476560.739744|完整运动,完整运动,circle_orbit,1,1.000000,1.500000,1.500000,,,,,,,,,,,,,,,,1.000502,0.003451,0.919414,-0.001069,0.000000,0.000000,-0.571305,,-0.140733,0.000000,,,,0.003449,0.166682,1.500000,14.053741,42.489566,0.000000,circle,预设轨迹15,forward
1775476523.854359,14.653974,1775476560.739744|完整运动,完整运动,circle_orbit,1,1.000000,1.500000,1.500000,,,,,,,,,,,,,,,,0.999178,0.003125,0.919709,-0.000958,0.000000,0.000000,-0.573891,,-0.139257,0.000000,,,,0.003127,0.166682,1.500000,14.075474,42.467832,0.000000,circle,预设轨迹15,forward
1775476523.884034,14.683648,1775476560.739744|完整运动,完整运动,circle_orbit,1,1.000000,1.500000,1.500000,,,,,,,,,,,,,,,,0.997883,0.002862,0.920180,-0.000426,0.000000,0.000000,-0.576297,,-0.137667,0.000000,,,,0.002868,0.166682,1.500000,14.097064,42.446242,0.000000,circle,预设轨迹15,forward
1775476523.912756,14.712370,1775476560.739744|完整运动,完整运动,circle_orbit,1,1.000000,1.500000,1.500000,,,,,,,,,,,,,,,,0.996635,0.001896,0.921746,-0.010172,0.000000,0.000000,-0.581000,,-0.133845,0.000000,,,,0.001903,0.166682,1.500000,14.140064,42.403242,0.000000,circle,预设轨迹15,forward
1775476523.933099,14.732714,1775476560.739744|完整运动,完整运动,circle_orbit,1,1.000000,1.500000,1.500000,,,,,,,,,,,,,,,,0.995419,0.001587,0.922509,-0.002281,0.000000,0.000000,-0.583598,,-0.131849,0.000000,,,,0.001594,0.166682,1.500000,14.161456,42.381851,0.000000,circle,预设轨迹15,forward
1775476523.963580,14.763195,1775476560.739744|完整运动,完整运动,circle_orbit,1,1.000000,1.500000,1.500000,,,,,,,,,,,,,,,,0.994236,0.001226,0.923246,-0.003282,0.000000,0.000000,-0.586384,,-0.129799,0.000000,,,,0.001233,0.166682,1.500000,14.182790,42.360516,0.000000,circle,预设轨迹15,forward
1775476523.988730,14.788345,1775476560.739744|完整运动,完整运动,circle_orbit,1,1.000000,1.500000,1.500000,,,,,,,,,,,,,,,,0.993091,-0.000008,0.924390,-0.015432,0.000000,0.000000,-0.592010,,-0.126042,0.000000,,,,0.000008,0.166682,1.500000,14.225315,42.317991,0.000000,circle,预设轨迹15,forward
1775476524.009051,14.808666,1775476560.739744|完整运动,完整运动,circle_orbit,1,1.000000,1.500000,1.500000,,,,,,,,,,,,,,,,0.991973,-0.000236,0.924872,-0.003085,0.000000,0.000000,-0.594391,,-0.124455,0.000000,,,,0.000238,0.166682,1.500000,14.246598,42.296709,0.000000,circle,预设轨迹15,forward
1775476524.037517,14.837132,1775476560.739744|完整运动,完整运动,circle_orbit,1,1.000000,1.500000,1.500000,,,,,,,,,,,,,,,,0.990886,-0.000311,0.925646,-0.001246,0.000000,0.000000,-0.596300,,-0.122758,0.000000,,,,0.000314,0.166682,1.500000,14.267885,42.275422,0.000000,circle,预设轨迹15,forward
1775476524.063758,14.863373,1775476560.739744|完整运动,完整运动,circle_orbit,1,1.000000,1.500000,1.500000,,,,,,,,,,,,,,,,0.989851,-0.000883,0.927763,-0.008033,0.000000,0.000000,-0.599844,,-0.118873,0.000000,,,,0.000892,0.166682,1.500000,14.310644,42.232662,0.000000,circle,预设轨迹15,forward
1775476524.084165,14.883780,1775476560.739744|完整运动,完整运动,circle_orbit,1,1.000000,1.500000,1.500000,,,,,,,,,,,,,,,,0.988849,-0.000868,0.928728,-0.000679,0.000000,0.000000,-0.601504,,-0.117084,0.000000,,,,0.000877,0.166682,1.500000,14.332135,42.211172,0.000000,circle,预设轨迹15,forward
1775476524.116492,14.916107,1775476560.739744|完整运动,完整运动,circle_orbit,1,1.000000,1.500000,1.500000,,,,,,,,,,,,,,,,0.987878,-0.000778,0.929634,0.000349,0.000000,0.000000,-0.602943,,-0.115461,0.000000,,,,0.000787,0.166682,1.500000,14.353559,42.189748,0.000000,circle,预设轨迹15,forward
1775476524.149019,14.948634,1775476560.739744|完整运动,完整运动,circle_orbit,1,1.000000,1.500000,1.500000,,,,,,,,,,,,,,,,0.986966,-0.001148,0.932217,-0.005779,0.000000,0.000000,-0.605896,,-0.111354,0.000000,,,,0.001163,0.166682,1.500000,14.395989,42.147318,0.000000,circle,预设轨迹15,forward
1775476524.170236,14.969851,1775476560.739744|完整运动,完整运动,circle_orbit,1,1.000000,1.500000,1.500000,,,,,,,,,,,,,,,,0.986086,-0.001126,0.933305,-0.000852,0.000000,0.000000,-0.607593,,-0.109428,0.000000,,,,0.001142,0.166682,1.500000,14.417019,42.126288,0.000000,circle,预设轨迹15,forward
1775476524.191221,14.990836,1775476560.739744|完整运动,完整运动,circle_orbit,1,1.000000,1.500000,1.500000,,,,,,,,,,,,,,,,0.985237,-0.001164,0.934303,-0.001641,0.000000,0.000000,-0.609497,,-0.107509,0.000000,,,,0.001182,0.166682,1.500000,14.438088,42.105219,0.000000,circle,预设轨迹15,forward
1775476524.225479,15.025094,1775476560.739744|完整运动,完整运动,circle_orbit,1,1.000000,1.500000,1.500000,,,,,,,,,,,,,,,,0.984420,-0.001258,0.935406,-0.002427,0.000000,0.000000,-0.611591,,-0.105395,0.000000,,,,0.001278,0.166682,1.500000,14.459339,42.083968,0.000000,circle,预设轨迹15,forward
1775476524.248410,15.048025,1775476560.739744|完整运动,完整运动,circle_orbit,1,1.000000,1.500000,1.500000,,,,,,,,,,,,,,,,0.983651,-0.001908,0.937498,-0.010037,0.000000,0.000000,-0.615496,,-0.101422,0.000000,,,,0.001940,0.166682,1.500000,14.501800,42.041507,0.000000,circle,预设轨迹15,forward
1775476524.269039,15.068654,1775476560.739744|完整运动,完整运动,circle_orbit,1,1.000000,1.500000,1.500000,,,,,,,,,,,,,,,,0.982916,-0.001900,0.938807,-0.001796,0.000000,0.000000,-0.617276,,-0.099237,0.000000,,,,0.001933,0.166682,1.500000,14.522964,42.020343,0.000000,circle,预设轨迹15,forward
1775476524.299145,15.098760,1775476560.739744|完整运动,完整运动,circle_orbit,1,1.000000,1.500000,1.500000,,,,,,,,,,,,,,,,0.982214,-0.001851,0.940123,-0.001236,0.000000,0.000000,-0.618934,,-0.097101,0.000000,,,,0.001884,0.166682,1.500000,14.544063,41.999243,0.000000,circle,预设轨迹15,forward
1775476524.319759,15.119373,1775476560.739744|完整运动,完整运动,circle_orbit,1,1.000000,1.500000,1.500000,,,,,,,,,,,,,,,,0.981562,-0.002448,0.942425,-0.009912,0.000000,0.000000,-0.622694,,-0.092995,0.000000,,,,0.002494,0.166682,1.500000,14.586609,41.956698,0.000000,circle,预设轨迹15,forward
1775476524.340568,15.140183,1775476560.739744|完整运动,完整运动,circle_orbit,1,1.000000,1.500000,1.500000,,,,,,,,,,,,,,,,0.980936,-0.002358,0.943361,-0.001232,0.000000,0.000000,-0.624232,,-0.091325,0.000000,,,,0.002403,0.166682,1.500000,14.608112,41.935195,0.000000,circle,预设轨迹15,forward
1775476524.365702,15.165317,1775476560.739744|完整运动,完整运动,circle_orbit,1,1.000000,1.500000,1.500000,,,,,,,,,,,,,,,,0.980338,-0.002201,0.944509,-0.000246,0.000000,0.000000,-0.625563,,-0.089524,0.000000,,,,0.002245,0.166682,1.500000,14.629671,41.913636,0.000000,circle,预设轨迹15,forward
1775476524.386059,15.185673,1775476560.739744|完整运动,完整运动,circle_orbit,1,1.000000,1.500000,1.500000,,,,,,,,,,,,,,,,0.979775,-0.001987,0.945967,0.000692,0.000000,0.000000,-0.626718,,-0.087482,0.000000,,,,0.002028,0.166682,1.500000,14.651215,41.892091,0.000000,circle,预设轨迹15,forward
1775476524.412059,15.211673,1775476560.739744|完整运动,完整运动,circle_orbit,1,1.000000,1.500000,1.500000,,,,,,,,,,,,,,,,0.979221,-0.001415,0.945967,0.005732,0.000000,0.000000,-0.626718,,-0.087482,0.000000,,,,0.001445,0.166682,1.500000,14.651215,41.892091,0.000000,circle,预设轨迹15,forward
1775476524.437793,15.237408,1775476560.739744|完整运动,完整运动,circle_orbit,1,1.000000,1.500000,1.500000,,,,,,,,,,,,,,,,0.978734,-0.001584,0.949509,-0.003696,0.000000,0.000000,-0.629132,,-0.082711,0.000000,,,,0.001618,0.166682,1.500000,14.693964,41.849342,0.000000,circle,预设轨迹15,forward
1775476524.458163,15.257777,1775476560.739744|完整运动,完整运动,circle_orbit,1,1.000000,1.500000,1.500000,,,,,,,,,,,,,,,,0.978301,-0.002064,0.952309,-0.008057,0.000000,0.000000,-0.632552,,-0.078289,0.000000,,,,0.002109,0.166682,1.500000,14.736274,41.807033,0.000000,circle,预设轨迹15,forward
1775476524.484992,15.284606,1775476560.739744|完整运动,完整运动,circle_orbit,1,1.000000,1.500000,1.500000,,,,,,,,,,,,,,,,0.977874,-0.001488,0.952309,0.005705,0.000000,0.000000,-0.632552,,-0.078289,0.000000,,,,0.001522,0.166682,1.500000,14.736274,41.807033,0.000000,circle,预设轨迹15,forward
1775476524.510381,15.309996,1775476560.739744|完整运动,完整运动,circle_orbit,1,1.000000,1.500000,1.500000,,,,,,,,,,,,,,,,0.977480,-0.001502,0.953810,-0.001673,0.000000,0.000000,-0.634463,,-0.075890,0.000000,,,,0.001536,0.166682,1.500000,14.757474,41.785833,0.000000,circle,预设轨迹15,forward
1775476524.531188,15.330803,1775476560.739744|完整运动,完整运动,circle_orbit,1,1.000000,1.500000,1.500000,,,,,,,,,,,,,,,,0.977139,-0.001885,0.956703,-0.006673,0.000000,0.000000,-0.637571,,-0.071537,0.000000,,,,0.001929,0.166682,1.500000,14.799933,41.743374,0.000000,circle,预设轨迹15,forward
1775476524.559332,15.358946,1775476560.739744|完整运动,完整运动,circle_orbit,1,1.000000,1.500000,1.500000,,,,,,,,,,,,,,,,0.976827,-0.001639,0.958112,0.001437,0.000000,0.000000,-0.638640,,-0.069620,0.000000,,,,0.001678,0.166682,1.500000,14.821063,41.722244,0.000000,circle,预设轨迹15,forward
1775476524.590505,15.390120,1775476560.739744|完整运动,完整运动,circle_orbit,1,1.000000,1.500000,1.500000,,,,,,,,,,,,,,,,0.976578,-0.001613,0.961599,-0.001286,0.000000,0.000000,-0.640432,,-0.065275,0.000000,,,,0.001651,0.166682,1.500000,14.863447,41.679859,0.000000,circle,预设轨迹15,forward
1775476524.610951,15.410566,1775476560.739744|完整运动,完整运动,circle_orbit,1,1.000000,1.500000,1.500000,,,,,,,,,,,,,,,,0.976359,-0.001253,0.963232,0.003241,0.000000,0.000000,-0.641146,,-0.063305,0.000000,,,,0.001283,0.166682,1.500000,14.884854,41.658452,0.000000,circle,预设轨迹15,forward
1775476524.634350,15.433964,1775476560.739744|完整运动,完整运动,circle_orbit,1,1.000000,1.500000,1.500000,,,,,,,,,,,,,,,,0.976173,-0.000870,0.965009,0.003921,0.000000,0.000000,-0.641786,,-0.061228,0.000000,,,,0.000891,0.166682,1.500000,14.906247,41.637060,0.000000,circle,预设轨迹15,forward
1775476524.666109,15.465724,1775476560.739744|完整运动,完整运动,circle_orbit,1,1.000000,1.500000,1.500000,,,,,,,,,,,,,,,,0.976025,-0.000556,0.967169,0.003365,0.000000,0.000000,-0.642654,,-0.058673,0.000000,,,,0.000570,0.166682,1.500000,14.927290,41.616017,0.000000,circle,预设轨迹15,forward
1775476524.687270,15.486884,1775476560.739744|完整运动,完整运动,circle_orbit,1,1.000000,1.500000,1.500000,,,,,,,,,,,,,,,,0.975932,-0.000649,0.970326,-0.001810,0.000000,0.000000,-0.644841,,-0.054547,0.000000,,,,0.000665,0.166682,1.500000,14.968925,41.574381,0.000000,circle,预设轨迹15,forward
1775476524.718432,15.518047,1775476560.739744|完整运动,完整运动,circle_orbit,1,1.000000,1.500000,1.500000,,,,,,,,,,,,,,,,0.975871,-0.000487,0.972190,0.001543,0.000000,0.000000,-0.646196,,-0.052092,0.000000,,,,0.000499,0.166682,1.500000,14.989874,41.553433,0.000000,circle,预设轨迹15,forward
1775476524.743587,15.543202,1775476560.739744|完整运动,完整运动,circle_orbit,1,1.000000,1.500000,1.500000,,,,,,,,,,,,,,,,0.975842,-0.000309,0.974156,0.001908,0.000000,0.000000,-0.647500,,-0.049567,0.000000,,,,0.000317,0.166682,1.500000,15.011124,41.532183,0.000000,circle,预设轨迹15,forward
1775476524.763977,15.563592,1775476560.739744|完整运动,完整运动,circle_orbit,1,1.000000,1.500000,1.500000,,,,,,,,,,,,,,,,0.975866,-0.000314,0.977310,-0.000375,0.000000,0.000000,-0.649393,,-0.045619,0.000000,,,,0.000322,0.166682,1.500000,15.053706,41.489601,0.000000,circle,预设轨迹15,forward
1775476524.794374,15.593989,1775476560.739744|完整运动,完整运动,circle_orbit,1,1.000000,1.500000,1.500000,,,,,,,,,,,,,,,,0.975918,0.000089,0.978987,0.005132,0.000000,0.000000,-0.649961,,-0.043724,0.000000,,,,0.000091,0.166682,1.500000,15.074932,41.468374,0.000000,circle,预设轨迹15,forward
1775476524.818192,15.617806,1775476560.739744|完整运动,完整运动,circle_orbit,1,1.000000,1.500000,1.500000,,,,,,,,,,,,,,,,0.975997,0.000542,0.980741,0.006200,0.000000,0.000000,-0.650368,,-0.041830,0.000000,,,,0.000555,0.166682,1.500000,15.096078,41.447228,0.000000,circle,预设轨迹15,forward
1775476524.839019,15.638634,1775476560.739744|完整运动,完整运动,circle_orbit,1,1.000000,1.500000,1.500000,,,,,,,,,,,,,,,,0.976142,0.000898,0.984872,0.005345,0.000000,0.000000,-0.651097,,-0.037497,0.000000,,,,0.000920,0.166682,1.500000,15.138876,41.404431,0.000000,circle,预设轨迹15,forward
1775476524.866580,15.666195,1775476560.739744|完整运动,完整运动,circle_orbit,1,1.000000,1.500000,1.500000,,,,,,,,,,,,,,,,0.976320,0.001412,0.986976,0.007847,0.000000,0.000000,-0.651309,,-0.035373,0.000000,,,,0.001447,0.166682,1.500000,15.160427,41.382880,0.000000,circle,预设轨迹15,forward
1775476524.899992,15.699607,1775476560.739744|完整运动,完整运动,circle_orbit,1,1.000000,1.500000,1.500000,,,,,,,,,,,,,,,,0.976535,0.001916,0.989450,0.008208,0.000000,0.000000,-0.651558,,-0.032888,0.000000,,,,0.001962,0.166682,1.500000,15.181964,41.361343,0.000000,circle,预设轨迹15,forward
1775476524.938966,15.738580,1775476560.739744|完整运动,完整运动,circle_orbit,1,1.000000,1.500000,1.500000,,,,,,,,,,,,,,,,0.976860,0.002122,0.996357,0.004695,0.000000,0.000000,-0.652787,,-0.025772,0.000000,,,,0.002172,0.166682,1.500000,15.246241,41.297066,0.000000,circle,预设轨迹15,forward
1775476524.962354,15.761969,1775476560.739744|完整运动,完整运动,circle_orbit,1,1.000000,1.500000,1.500000,,,,,,,,,,,,,,,,0.977180,0.002702,0.996357,0.009954,0.000000,0.000000,-0.652787,,-0.025772,0.000000,,,,0.002765,0.166682,1.500000,15.246241,41.297066,0.000000,circle,预设轨迹15,forward
1775476524.982896,15.782510,1775476560.739744|完整运动,完整运动,circle_orbit,1,1.000000,1.500000,1.500000,,,,,,,,,,,,,,,,0.977564,0.002809,1.000608,0.004149,0.000000,0.000000,-0.654320,,-0.021094,0.000000,,,,0.002873,0.166682,1.500000,15.288569,41.254738,0.000000,circle,预设轨迹15,forward
1775476525.010987,15.810601,1775476560.739744|完整运动,完整运动,circle_orbit,1,1.000000,1.500000,1.500000,,,,,,,,,,,,,,,,0.977981,0.003167,1.002994,0.007644,0.000000,0.000000,-0.655031,,-0.018549,0.000000,,,,0.003238,0.166682,1.500000,15.309839,41.233467,0.000000,circle,预设轨迹15,forward
1775476525.034876,15.834491,1775476560.739744|完整运动,完整运动,circle_orbit,1,1.000000,1.500000,1.500000,,,,,,,,,,,,,,,,0.978426,0.003684,1.005153,0.010149,0.000000,0.000000,-0.655219,,-0.016458,0.000000,,,,0.003766,0.166682,1.500000,15.331079,41.212227,0.000000,circle,预设轨迹15,forward
1775476525.055303,15.854917,1775476560.739744|完整运动,完整运动,circle_orbit,1,1.000000,1.500000,1.500000,,,,,,,,,,,,,,,,0.978937,0.004400,1.009620,0.013352,0.000000,0.000000,-0.654771,,-0.012531,0.000000,,,,0.004495,0.166682,1.500000,15.373590,41.169716,0.000000,circle,预设轨迹15,forward
1775476525.083019,15.882634,1775476560.739744|完整运动,完整运动,circle_orbit,1,1.000000,1.500000,1.500000,,,,,,,,,,,,,,,,0.979440,0.004972,1.009620,0.012121,0.000000,0.000000,-0.654771,,-0.012531,0.000000,,,,0.005077,0.166682,1.500000,15.373590,41.169716,0.000000,circle,预设轨迹15,forward
1775476525.107735,15.907349,1775476560.739744|完整运动,完整运动,circle_orbit,1,1.000000,1.500000,1.500000,,,,,,,,,,,,,,,,0.980028,0.005751,1.015282,0.015490,0.000000,0.000000,-0.654111,,-0.007645,0.000000,,,,0.005869,0.166682,1.500000,15.416129,41.127178,0.000000,circle,预设轨迹15,forward
1775476525.128036,15.927650,1775476560.739744|完整运动,完整运动,circle_orbit,1,1.000000,1.500000,1.500000,,,,,,,,,,,,,,,,0.980650,0.006439,1.017999,0.015028,0.000000,0.000000,-0.653743,,-0.005344,0.000000,,,,0.006566,0.166682,1.500000,15.437530,41.105777,0.000000,circle,预设轨迹15,forward
1775476525.159061,15.958675,1775476560.739744|完整运动,完整运动,circle_orbit,1,1.000000,1.500000,1.500000,,,,,,,,,,,,,,,,0.981310,0.007127,1.020854,0.015730,0.000000,0.000000,-0.653365,,-0.002937,0.000000,,,,0.007263,0.166682,1.500000,15.458835,41.084471,0.000000,circle,预设轨迹15,forward
1775476525.184769,15.984384,1775476560.739744|完整运动,完整运动,circle_orbit,1,1.000000,1.500000,1.500000,,,,,,,,,,,,,,,,0.981992,0.007806,1.022947,0.016293,0.000000,0.000000,-0.653018,,0.001212,0.000000,,,,0.007949,0.166682,1.500000,15.500826,41.042480,0.000000,circle,预设轨迹15,forward
1775476525.205104,16.004719,1775476560.739744|完整运动,完整运动,circle_orbit,1,1.000000,1.500000,1.500000,,,,,,,,,,,,,,,,0.982624,0.008397,1.020512,0.015792,0.000000,0.000000,-0.652942,,0.003433,0.000000,,,,0.008546,0.166682,1.500000,15.521774,41.021532,0.000000,circle,预设轨迹15,forward
1775476525.230549,16.030163,1775476560.739744|完整运动,完整运动,circle_orbit,1,1.000000,1.500000,1.500000,,,,,,,,,,,,,,,,0.983201,0.009006,1.017856,0.016617,0.000000,0.000000,-0.652797,,0.005894,0.000000,,,,0.009160,0.166682,1.500000,15.543209,41.000098,0.000000,circle,预设轨迹15,forward
1775476525.255723,16.055337,1775476560.739744|完整运动,完整运动,circle_orbit,1,1.000000,1.500000,1.500000,,,,,,,,,,,,,,,,0.983731,0.009654,1.015492,0.017756,0.000000,0.000000,-0.652513,,0.008165,0.000000,,,,0.009814,0.166682,1.500000,15.564869,40.978438,0.000000,circle,预设轨迹15,forward
1775476525.276076,16.075690,1775476560.739744|完整运动,完整运动,circle_orbit,1,1.000000,1.500000,1.500000,,,,,,,,,,,,,,,,0.984195,0.010630,1.012052,0.022828,0.000000,0.000000,-0.651169,,0.011900,0.000000,,,,0.010801,0.166682,1.500000,15.608096,40.935211,0.000000,circle,预设轨迹15,forward
1775476525.303926,16.103540,1775476560.739744|完整运动,完整运动,circle_orbit,1,1.000000,1.500000,1.500000,,,,,,,,,,,,,,,,0.984651,0.011183,1.012052,0.018089,0.000000,0.000000,-0.651169,,0.011900,0.000000,,,,0.011357,0.166682,1.500000,15.608096,40.935211,0.000000,circle,预设轨迹15,forward
1775476525.339214,16.138829,1775476560.739744|完整运动,完整运动,circle_orbit,1,1.000000,1.500000,1.500000,,,,,,,,,,,,,,,,0.985029,0.012246,1.007663,0.025536,0.000000,0.000000,-0.649522,,0.016667,0.000000,,,,0.012432,0.166682,1.500000,15.651368,40.891938,0.000000,circle,预设轨迹15,forward
1775476525.359799,16.159413,1775476560.739744|完整运动,完整运动,circle_orbit,1,1.000000,1.500000,1.500000,,,,,,,,,,,,,,,,0.985334,0.013270,1.003657,0.026072,0.000000,0.000000,-0.648007,,0.021054,0.000000,,,,0.013468,0.166682,1.500000,15.695266,40.848041,0.000000,circle,预设轨迹15,forward
1775476525.380898,16.180512,1775476560.739744|完整运动,完整运动,circle_orbit,1,1.000000,1.500000,1.500000,,,,,,,,,,,,,,,,0.985606,0.014057,1.001920,0.023892,0.000000,0.000000,-0.647245,,0.023012,0.000000,,,,0.014262,0.166682,1.500000,15.717249,40.826057,0.000000,circle,预设轨迹15,forward
1775476525.414550,16.214165,1775476560.739744|完整运动,完整运动,circle_orbit,1,1.000000,1.500000,1.500000,,,,,,,,,,,,,,,,0.985839,0.014855,0.999821,0.024835,0.000000,0.000000,-0.646430,,0.025338,0.000000,,,,0.015069,0.166682,1.500000,15.739156,40.804150,0.000000,circle,预设轨迹15,forward
1775476525.444091,16.243706,1775476560.739744|完整运动,完整运动,circle_orbit,1,1.000000,1.500000,1.500000,,,,,,,,,,,,,,,,0.985997,0.015922,0.995494,0.029257,0.000000,0.000000,-0.644749,,0.030162,0.000000,,,,0.016148,0.166682,1.500000,15.782670,40.760636,0.000000,circle,预设轨迹15,forward
1775476525.472438,16.272053,1775476560.739744|完整运动,完整运动,circle_orbit,1,1.000000,1.500000,1.500000,,,,,,,,,,,,,,,,0.986118,0.016694,0.993365,0.026349,0.000000,0.000000,-0.644006,,0.032510,0.000000,,,,0.016929,0.166682,1.500000,15.804380,40.738926,0.000000,circle,预设轨迹15,forward
1775476525.493084,16.292699,1775476560.739744|完整运动,完整运动,circle_orbit,1,1.000000,1.500000,1.500000,,,,,,,,,,,,,,,,0.986201,0.017436,0.991149,0.026704,0.000000,0.000000,-0.643344,,0.034914,0.000000,,,,0.017680,0.166682,1.500000,15.826040,40.717266,0.000000,circle,预设轨迹15,forward
1775476525.525253,16.324868,1775476560.739744|完整运动,完整运动,circle_orbit,1,1.000000,1.500000,1.500000,,,,,,,,,,,,,,,,0.986244,0.018163,0.988837,0.027254,0.000000,0.000000,-0.642710,,0.037407,0.000000,,,,0.018416,0.166682,1.500000,15.847755,40.695551,0.000000,circle,预设轨迹15,forward
1775476525.551872,16.351487,1775476560.739744|完整运动,完整运动,circle_orbit,1,1.000000,1.500000,1.500000,,,,,,,,,,,,,,,,0.986228,0.019244,0.985287,0.032759,0.000000,0.000000,-0.640927,,0.041616,0.000000,,,,0.019513,0.166682,1.500000,15.891187,40.652120,0.000000,circle,预设轨迹15,forward
1775476525.572366,16.371981,1775476560.739744|完整运动,完整运动,circle_orbit,1,1.000000,1.500000,1.500000,,,,,,,,,,,,,,,,0.986189,0.020148,0.983850,0.031445,0.000000,0.000000,-0.639702,,0.043551,0.000000,,,,0.020430,0.166682,1.500000,15.912784,40.630523,0.000000,circle,预设轨迹15,forward
1775476525.601693,16.401307,1775476560.739744|完整运动,完整运动,circle_orbit,1,1.000000,1.500000,1.500000,,,,,,,,,,,,,,,,0.986126,0.021072,0.982313,0.032624,0.000000,0.000000,-0.638392,,0.045624,0.000000,,,,0.021369,0.166682,1.500000,15.934342,40.608964,0.000000,circle,预设轨迹15,forward
1775476525.626473,16.426087,1775476560.739744|完整运动,完整运动,circle_orbit,1,1.000000,1.500000,1.500000,,,,,,,,,,,,,,,,0.986031,0.021980,0.980367,0.033331,0.000000,0.000000,-0.637119,,0.048084,0.000000,,,,0.022292,0.166682,1.500000,15.956053,40.587254,0.000000,circle,预设轨迹15,forward
1775476525.647035,16.446650,1775476560.739744|完整运动,完整运动,circle_orbit,1,1.000000,1.500000,1.500000,,,,,,,,,,,,,,,,0.985887,0.023351,0.977267,0.040482,0.000000,0.000000,-0.634350,,0.052348,0.000000,,,,0.023685,0.166682,1.500000,15.999832,40.543475,0.000000,circle,预设轨迹15,forward
1775476525.677718,16.477333,1775476560.739744|完整运动,完整运动,circle_orbit,1,1.000000,1.500000,1.500000,,,,,,,,,,,,,,,,0.985720,0.024318,0.975688,0.036401,0.000000,0.000000,-0.632872,,0.054557,0.000000,,,,0.024670,0.166682,1.500000,16.021482,40.521825,0.000000,circle,预设轨迹15,forward
1775476525.702528,16.502143,1775476560.739744|完整运动,完整运动,circle_orbit,1,1.000000,1.500000,1.500000,,,,,,,,,,,,,,,,0.985529,0.025253,0.974037,0.036941,0.000000,0.000000,-0.631477,,0.056806,0.000000,,,,0.025623,0.166682,1.500000,16.042796,40.500510,0.000000,circle,预设轨迹15,forward
1775476525.725029,16.524643,1775476560.739744|完整运动,完整运动,circle_orbit,1,1.000000,1.500000,1.500000,,,,,,,,,,,,,,,,0.985292,0.026594,0.971096,0.043361,0.000000,0.000000,-0.628764,,0.060927,0.000000,,,,0.026991,0.166682,1.500000,16.085417,40.457889,0.000000,circle,预设轨迹15,forward
1775476525.752151,16.551766,1775476560.739744|完整运动,完整运动,circle_orbit,1,1.000000,1.500000,1.500000,,,,,,,,,,,,,,,,0.985035,0.027520,0.969587,0.039097,0.000000,0.000000,-0.627375,,0.063047,0.000000,,,,0.027938,0.166682,1.500000,16.107022,40.436285,0.000000,circle,预设轨迹15,forward
1775476525.778570,16.578184,1775476560.739744|完整运动,完整运动,circle_orbit,1,1.000000,1.500000,1.500000,,,,,,,,,,,,,,,,0.984764,0.028496,0.968526,0.040697,0.000000,0.000000,-0.625800,,0.064806,0.000000,,,,0.028937,0.166682,1.500000,16.128719,40.414588,0.000000,circle,预设轨迹15,forward
1775476525.799010,16.598625,1775476560.739744|完整运动,完整运动,circle_orbit,1,1.000000,1.500000,1.500000,,,,,,,,,,,,,,,,0.984462,0.030064,0.966356,0.049662,0.000000,0.000000,-0.622307,,0.068532,0.000000,,,,0.030539,0.166682,1.500000,16.171786,40.371521,0.000000,circle,预设轨迹15,forward
1775476525.826517,16.626131,1775476560.739744|完整运动,完整运动,circle_orbit,1,1.000000,1.500000,1.500000,,,,,,,,,,,,,,,,0.984143,0.031083,0.964992,0.043820,0.000000,0.000000,-0.620573,,0.070674,0.000000,,,,0.031584,0.166682,1.500000,16.193230,40.350076,0.000000,circle,预设轨迹15,forward
1775476525.853802,16.653417,1775476560.739744|完整运动,完整运动,circle_orbit,1,1.000000,1.500000,1.500000,,,,,,,,,,,,,,,,0.983812,0.032103,0.963929,0.044851,0.000000,0.000000,-0.618810,,0.072529,0.000000,,,,0.032631,0.166682,1.500000,16.214978,40.328329,0.000000,circle,预设轨迹15,forward
1775476525.874734,16.674349,1775476560.739744|完整运动,完整运动,circle_orbit,1,1.000000,1.500000,1.500000,,,,,,,,,,,,,,,,0.983450,0.033673,0.961773,0.053305,0.000000,0.000000,-0.615260,,0.076288,0.000000,,,,0.034240,0.166682,1.500000,16.258819,40.284487,0.000000,circle,预设轨迹15,forward
1775476525.902126,16.701741,1775476560.739744|完整运动,完整运动,circle_orbit,1,1.000000,1.500000,1.500000,,,,,,,,,,,,,,,,0.983078,0.034725,0.960753,0.047869,0.000000,0.000000,-0.613368,,0.078163,0.000000,,,,0.035323,0.166682,1.500000,16.280751,40.262556,0.000000,circle,预设轨迹15,forward
1775476525.936006,16.735620,1775476560.739744|完整运动,完整运动,circle_orbit,1,1.000000,1.500000,1.500000,,,,,,,,,,,,,,,,0.982687,0.035786,0.959233,0.049044,0.000000,0.000000,-0.611423,,0.080574,0.000000,,,,0.036416,0.166682,1.500000,16.302508,40.240799,0.000000,circle,预设轨迹15,forward
1775476525.962321,16.761936,1775476560.739744|完整运动,完整运动,circle_orbit,1,1.000000,1.500000,1.500000,,,,,,,,,,,,,,,,0.982264,0.037409,0.956855,0.057705,0.000000,0.000000,-0.607653,,0.084679,0.000000,,,,0.038085,0.166682,1.500000,16.345730,40.197576,0.000000,circle,预设轨迹15,forward
1775476525.983111,16.782725,1775476560.739744|完整运动,完整运动,circle_orbit,1,1.000000,1.500000,1.500000,,,,,,,,,,,,,,,,0.981826,0.038380,0.955529,0.050515,0.000000,0.000000,-0.605972,,0.086786,0.000000,,,,0.039091,0.166682,1.500000,16.367356,40.175951,0.000000,circle,预设轨迹15,forward
1775476526.012796,16.812411,1775476560.739744|完整运动,完整运动,circle_orbit,1,1.000000,1.500000,1.500000,,,,,,,,,,,,,,,,0.981371,0.039348,0.954089,0.051442,0.000000,0.000000,-0.604273,,0.089022,0.000000,,,,0.040095,0.166682,1.500000,16.388991,40.154316,0.000000,circle,预设轨迹15,forward
1775476526.038543,16.838158,1775476560.739744|完整运动,完整运动,circle_orbit,1,1.000000,1.500000,1.500000,,,,,,,,,,,,,,,,0.980924,0.039775,0.954089,0.045115,0.000000,0.000000,-0.604273,,0.089022,0.000000,,,,0.040548,0.166682,1.500000,16.388991,40.154316,0.000000,circle,预设轨迹15,forward
1775476526.076027,16.875642,1775476560.739744|完整运动,完整运动,circle_orbit,1,1.000000,1.500000,1.500000,,,,,,,,,,,,,,,,0.980437,0.042033,0.951213,0.070265,0.000000,0.000000,-0.598358,,0.094622,0.000000,,,,0.042872,0.166682,1.500000,16.453179,40.090128,0.000000,circle,预设轨迹15,forward
1775476526.105160,16.904774,1775476560.739744|完整运动,完整运动,circle_orbit,1,1.000000,1.500000,1.500000,,,,,,,,,,,,,,,,0.979935,0.043906,0.949837,0.067318,0.000000,0.000000,-0.593697,,0.098121,0.000000,,,,0.044805,0.166682,1.500000,16.495442,40.047865,0.000000,circle,预设轨迹15,forward
1775476526.126230,16.925845,1775476560.739744|完整运动,完整运动,circle_orbit,1,1.000000,1.500000,1.500000,,,,,,,,,,,,,,,,0.979423,0.045043,0.948707,0.059254,0.000000,0.000000,-0.591397,,0.100319,0.000000,,,,0.045990,0.166682,1.500000,16.516710,40.026597,0.000000,circle,预设轨迹15,forward
1775476526.153616,16.953230,1775476560.739744|完整运动,完整运动,circle_orbit,1,1.000000,1.500000,1.500000,,,,,,,,,,,,,,,,0.978909,0.046200,0.948039,0.060655,0.000000,0.000000,-0.589004,,0.102080,0.000000,,,,0.047195,0.166682,1.500000,16.538157,40.005150,0.000000,circle,预设轨迹15,forward
1775476526.188256,16.987871,1775476560.739744|完整运动,完整运动,circle_orbit,1,1.000000,1.500000,1.500000,,,,,,,,,,,,,,,,0.978378,0.048057,0.946571,0.071271,0.000000,0.000000,-0.584335,,0.105687,0.000000,,,,0.049119,0.166682,1.500000,16.580243,39.963063,0.000000,circle,预设轨迹15,forward
1775476526.210160,17.009774,1775476560.739744|完整运动,完整运动,circle_orbit,1,1.000000,1.500000,1.500000,,,,,,,,,,,,,,,,0.977845,0.049160,0.945868,0.062955,0.000000,0.000000,-0.582080,,0.107427,0.000000,,,,0.050274,0.166682,1.500000,16.600944,39.942363,0.000000,circle,预设轨迹15,forward
1775476526.231426,17.031041,1775476560.739744|完整运动,完整运动,circle_orbit,1,1.000000,1.500000,1.500000,,,,,,,,,,,,,,,,0.977310,0.050247,0.945189,0.063829,0.000000,0.000000,-0.579845,,0.109132,0.000000,,,,0.051413,0.166682,1.500000,16.621718,39.921588,0.000000,circle,预设轨迹15,forward
1775476526.259978,17.059593,1775476560.739744|完整运动,完整运动,circle_orbit,1,1.000000,1.500000,1.500000,,,,,,,,,,,,,,,,0.976767,0.051340,0.944192,0.065007,0.000000,0.000000,-0.577558,,0.111195,0.000000,,,,0.052561,0.166682,1.500000,16.642830,39.900477,0.000000,circle,预设轨迹15,forward
1775476526.280348,17.079962,1775476560.739744|完整运动,完整运动,circle_orbit,1,1.000000,1.500000,1.500000,,,,,,,,,,,,,,,,0.976219,0.053248,0.943353,0.077090,0.000000,0.000000,-0.572626,,0.114271,0.000000,,,,0.054545,0.166682,1.500000,16.685045,39.858262,0.000000,circle,预设轨迹15,forward
1775476526.307838,17.107453,1775476560.739744|完整运动,完整运动,circle_orbit,1,1.000000,1.500000,1.500000,,,,,,,,,,,,,,,,0.975680,0.054442,0.943301,0.069376,0.000000,0.000000,-0.569974,,0.115504,0.000000,,,,0.055799,0.166682,1.500000,16.705963,39.837344,0.000000,circle,预设轨迹15,forward
1775476526.333552,17.133166,1775476560.739744|完整运动,完整运动,circle_orbit,1,1.000000,1.500000,1.500000,,,,,,,,,,,,,,,,0.975137,0.055615,0.942589,0.070271,0.000000,0.000000,-0.567363,,0.117415,0.000000,,,,0.057033,0.166682,1.500000,16.726836,39.816470,0.000000,circle,预设轨迹15,forward
1775476526.353935,17.153550,1775476560.739744|完整运动,完整运动,circle_orbit,1,1.000000,1.500000,1.500000,,,,,,,,,,,,,,,,0.974599,0.056821,0.942286,0.071898,0.000000,0.000000,-0.564611,,0.118959,0.000000,,,,0.058302,0.166682,1.500000,16.747752,39.795554,0.000000,circle,预设轨迹15,forward
1775476526.381269,17.180884,1775476560.739744|完整运动,完整运动,circle_orbit,1,1.000000,1.500000,1.500000,,,,,,,,,,,,,,,,0.974069,0.058029,0.942251,0.073130,0.000000,0.000000,-0.561822,,0.120236,0.000000,,,,0.059574,0.166682,1.500000,16.768862,39.774445,0.000000,circle,预设轨迹15,forward
1775476526.409430,17.209045,1775476560.739744|完整运动,完整运动,circle_orbit,1,1.000000,1.500000,1.500000,,,,,,,,,,,,,,,,0.973537,0.060137,0.941677,0.086483,0.000000,0.000000,-0.556116,,0.123379,0.000000,,,,0.061771,0.166682,1.500000,16.811291,39.732015,0.000000,circle,预设轨迹15,forward
1775476526.429739,17.229354,1775476560.739744|完整运动,完整运动,circle_orbit,1,1.000000,1.500000,1.500000,,,,,,,,,,,,,,,,0.973010,0.061353,0.941367,0.076558,0.000000,0.000000,-0.553270,,0.124971,0.000000,,,,0.063055,0.166682,1.500000,16.832417,39.710890,0.000000,circle,预设轨迹15,forward
1775476526.452777,17.252392,1775476560.739744|完整运动,完整运动,circle_orbit,1,1.000000,1.500000,1.500000,,,,,,,,,,,,,,,,0.972484,0.062543,0.940892,0.077411,0.000000,0.000000,-0.550479,,0.126714,0.000000,,,,0.064312,0.166682,1.500000,16.853346,39.689961,0.000000,circle,预设轨迹15,forward
1775476526.474793,17.274407,1775476560.739744|完整运动,完整运动,circle_orbit,1,1.000000,1.500000,1.500000,,,,,,,,,,,,,,,,0.971959,0.063712,0.940472,0.078332,0.000000,0.000000,-0.547721,,0.128385,0.000000,,,,0.065550,0.166682,1.500000,16.874120,39.669187,0.000000,circle,预设轨迹15,forward
1775476526.499025,17.298639,1775476560.739744|完整运动,完整运动,circle_orbit,1,1.000000,1.500000,1.500000,,,,,,,,,,,,,,,,0.971425,0.065623,0.939386,0.089510,0.000000,0.000000,-0.542555,,0.131834,0.000000,,,,0.067553,0.166682,1.500000,16.915720,39.627586,0.000000,circle,预设轨迹15,forward
1775476526.533015,17.332629,1775476560.739744|完整运动,完整运动,circle_orbit,1,1.000000,1.500000,1.500000,,,,,,,,,,,,,,,,0.970894,0.066773,0.939017,0.081150,0.000000,0.000000,-0.539824,,0.133440,0.000000,,,,0.068775,0.166682,1.500000,16.936609,39.606698,0.000000,circle,预设轨迹15,forward
1775476526.562139,17.361753,1775476560.739744|完整运动,完整运动,circle_orbit,1,1.000000,1.500000,1.500000,,,,,,,,,,,,,,,,0.970372,0.067970,0.939098,0.082927,0.000000,0.000000,-0.536908,,0.134650,0.000000,,,,0.070045,0.166682,1.500000,16.957540,39.585766,0.000000,circle,预设轨迹15,forward
1775476526.582636,17.382251,1775476560.739744|完整运动,完整运动,circle_orbit,1,1.000000,1.500000,1.500000,,,,,,,,,,,,,,,,0.969865,0.070167,0.939448,0.097631,0.000000,0.000000,-0.530744,,0.137018,0.000000,,,,0.072347,0.166682,1.500000,16.999204,39.544103,0.000000,circle,预设轨迹15,forward
1775476526.612195,17.411809,1775476560.739744|完整运动,完整运动,circle_orbit,1,1.000000,1.500000,1.500000,,,,,,,,,,,,,,,,0.969369,0.071440,0.939585,0.087356,0.000000,0.000000,-0.527545,,0.138295,0.000000,,,,0.073698,0.166682,1.500000,17.019937,39.523369,0.000000,circle,预设轨迹15,forward
1775476526.646153,17.445767,1775476560.739744|完整运动,完整运动,circle_orbit,1,1.000000,1.500000,1.500000,,,,,,,,,,,,,,,,0.968882,0.072705,0.939659,0.088520,0.000000,0.000000,-0.524338,,0.139641,0.000000,,,,0.075041,0.166682,1.500000,17.040757,39.502550,0.000000,circle,预设轨迹15,forward
1775476526.666725,17.466339,1775476560.739744|完整运动,完整运动,circle_orbit,1,1.000000,1.500000,1.500000,,,,,,,,,,,,,,,,0.968399,0.074979,0.939451,0.103400,0.000000,0.000000,-0.517862,,0.142741,0.000000,,,,0.077426,0.166682,1.500000,17.082683,39.460623,0.000000,circle,预设轨迹15,forward
1775476526.688187,17.487802,1775476560.739744|完整运动,完整运动,circle_orbit,1,1.000000,1.500000,1.500000,,,,,,,,,,,,,,,,0.967933,0.076232,0.939924,0.091896,0.000000,0.000000,-0.514660,,0.143662,0.000000,,,,0.078758,0.166682,1.500000,17.103247,39.440060,0.000000,circle,预设轨迹15,forward
1775476526.712648,17.512263,1775476560.739744|完整运动,完整运动,circle_orbit,1,1.000000,1.500000,1.500000,,,,,,,,,,,,,,,,0.967478,0.077467,0.940215,0.092900,0.000000,0.000000,-0.511479,,0.144766,0.000000,,,,0.080071,0.166682,1.500000,17.123671,39.419635,0.000000,circle,预设轨迹15,forward
1775476526.733064,17.532679,1775476560.739744|完整运动,完整运动,circle_orbit,1,1.000000,1.500000,1.500000,,,,,,,,,,,,,,,,0.967035,0.078670,0.940430,0.093712,0.000000,0.000000,-0.508364,,0.145923,0.000000,,,,0.081352,0.166682,1.500000,17.143863,39.399444,0.000000,circle,预设轨迹15,forward
1775476526.761298,17.560913,1775476560.739744|完整运动,完整运动,circle_orbit,1,1.000000,1.500000,1.500000,,,,,,,,,,,,,,,,0.966607,0.080863,0.940916,0.108274,0.000000,0.000000,-0.502034,,0.148222,0.000000,,,,0.083657,0.166682,1.500000,17.184839,39.358468,0.000000,circle,预设轨迹15,forward
1775476526.794703,17.594318,1775476560.739744|完整运动,完整运动,circle_orbit,1,1.000000,1.500000,1.500000,,,,,,,,,,,,,,,,0.966194,0.082105,0.941464,0.097633,0.000000,0.000000,-0.498751,,0.149102,0.000000,,,,0.084978,0.166682,1.500000,17.205331,39.337975,0.000000,circle,预设轨迹15,forward
1775476526.832954,17.632569,1775476560.739744|完整运动,完整运动,circle_orbit,1,1.000000,1.500000,1.500000,,,,,,,,,,,,,,,,0.965804,0.084382,0.942353,0.112845,0.000000,0.000000,-0.492105,,0.151116,0.000000,,,,0.087370,0.166682,1.500000,17.246292,39.297015,0.000000,circle,预设轨迹15,forward
1775476526.869376,17.668991,1775476560.739744|完整运动,完整运动,circle_orbit,1,1.000000,1.500000,1.500000,,,,,,,,,,,,,,,,0.965429,0.085642,0.942930,0.101382,0.000000,0.000000,-0.488723,,0.152010,0.000000,,,,0.088708,0.166682,1.500000,17.266760,39.276546,0.000000,circle,预设轨迹15,forward
1775476526.893639,17.693254,1775476560.739744|完整运动,完整运动,circle_orbit,1,1.000000,1.500000,1.500000,,,,,,,,,,,,,,,,0.965082,0.087989,0.944285,0.117333,0.000000,0.000000,-0.481802,,0.153660,0.000000,,,,0.091173,0.166682,1.500000,17.308026,39.235281,0.000000,circle,预设轨迹15,forward
1775476526.914200,17.713815,1775476560.739744|完整运动,完整运动,circle_orbit,1,1.000000,1.500000,1.500000,,,,,,,,,,,,,,,,0.964757,0.089300,0.945235,0.105687,0.000000,0.000000,-0.478204,,0.154262,0.000000,,,,0.092562,0.166682,1.500000,17.328771,39.214536,0.000000,circle,预设轨迹15,forward
1775476526.945975,17.745589,1775476560.739744|完整运动,完整运动,circle_orbit,1,1.000000,1.500000,1.500000,,,,,,,,,,,,,,,,0.964464,0.091684,0.946909,0.121485,0.000000,0.000000,-0.471114,,0.155660,0.000000,,,,0.095062,0.166682,1.500000,17.370031,39.173276,0.000000,circle,预设轨迹15,forward
1775476526.966592,17.766206,1775476560.739744|完整运动,完整运动,circle_orbit,1,1.000000,1.500000,1.500000,,,,,,,,,,,,,,,,0.964189,0.092897,0.947667,0.108057,0.000000,0.000000,-0.467780,,0.156350,0.000000,,,,0.096347,0.166682,1.500000,17.390273,39.153034,0.000000,circle,预设轨迹15,forward
1775476526.988015,17.787629,1775476560.739744|完整运动,完整运动,circle_orbit,1,1.000000,1.500000,1.500000,,,,,,,,,,,,,,,,0.963927,0.094073,0.948247,0.108773,0.000000,0.000000,-0.464519,,0.157194,0.000000,,,,0.097593,0.166682,1.500000,17.410457,39.132849,0.000000,circle,预设轨迹15,forward
1775476527.023352,17.822967,1775476560.739744|完整运动,完整运动,circle_orbit,1,1.000000,1.500000,1.500000,,,,,,,,,,,,,,,,0.963682,0.095249,0.948977,0.109952,0.000000,0.000000,-0.461215,,0.157902,0.000000,,,,0.098839,0.166682,1.500000,17.430679,39.112627,0.000000,circle,预设轨迹15,forward
1775476527.054047,17.853662,1775476560.739744|完整运动,完整运动,circle_orbit,1,1.000000,1.500000,1.500000,,,,,,,,,,,,,,,,0.963470,0.097448,0.950717,0.124930,0.000000,0.000000,-0.454580,,0.159043,0.000000,,,,0.101142,0.166682,1.500000,17.471279,39.072028,0.000000,circle,预设轨迹15,forward
1775476527.091708,17.891323,1775476560.739744|完整运动,完整运动,circle_orbit,1,1.000000,1.500000,1.500000,,,,,,,,,,,,,,,,0.963296,0.099692,0.952896,0.127747,0.000000,0.000000,-0.447783,,0.159810,0.000000,,,,0.103491,0.166682,1.500000,17.511605,39.031702,0.000000,circle,预设轨迹15,forward
1775476527.116197,17.915812,1775476560.739744|完整运动,完整运动,circle_orbit,1,1.000000,1.500000,1.500000,,,,,,,,,,,,,,,,0.963144,0.100890,0.953971,0.115861,0.000000,0.000000,-0.444335,,0.160233,0.000000,,,,0.104751,0.166682,1.500000,17.531802,39.011504,0.000000,circle,预设轨迹15,forward
1775476527.137363,17.936978,1775476560.739744|完整运动,完整运动,circle_orbit,1,1.000000,1.500000,1.500000,,,,,,,,,,,,,,,,0.963031,0.103207,0.956270,0.132166,0.000000,0.000000,-0.437242,,0.161024,0.000000,,,,0.107169,0.166682,1.500000,17.572511,38.970795,0.000000,circle,预设轨迹15,forward
1775476527.166378,17.965993,1775476560.739744|完整运动,完整运动,circle_orbit,1,1.000000,1.500000,1.500000,,,,,,,,,,,,,,,,0.962920,0.103314,0.956270,0.104651,0.000000,0.000000,-0.437242,,0.161024,0.000000,,,,0.107292,0.166682,1.500000,17.572511,38.970795,0.000000,circle,预设轨迹15,forward
1775476527.187020,17.986635,1775476560.739744|完整运动,完整运动,circle_orbit,1,1.000000,1.500000,1.500000,,,,,,,,,,,,,,,,0.962842,0.105583,0.958133,0.133946,0.000000,0.000000,-0.430216,,0.162240,0.000000,,,,0.109657,0.166682,1.500000,17.613387,38.929920,0.000000,circle,预设轨迹15,forward
1775476527.209286,18.008901,1775476560.739744|完整运动,完整运动,circle_orbit,1,1.000000,1.500000,1.500000,,,,,,,,,,,,,,,,0.962786,0.106708,0.959478,0.120774,0.000000,0.000000,-0.426856,,0.162362,0.000000,,,,0.110832,0.166682,1.500000,17.633497,38.909809,0.000000,circle,预设轨迹15,forward
1775476527.246135,18.045750,1775476560.739744|完整运动,完整运动,circle_orbit,1,1.000000,1.500000,1.500000,,,,,,,,,,,,,,,,0.962752,0.107802,0.960709,0.121478,0.000000,0.000000,-0.423551,,0.162579,0.000000,,,,0.111973,0.166682,1.500000,17.653481,38.889825,0.000000,circle,预设轨迹15,forward
1775476527.267215,18.066830,1775476560.739744|完整运动,完整运动,circle_orbit,1,1.000000,1.500000,1.500000,,,,,,,,,,,,,,,,0.962764,0.110019,0.963435,0.137734,0.000000,0.000000,-0.416589,,0.162912,0.000000,,,,0.114274,0.166682,1.500000,17.693258,38.850048,0.000000,circle,预设轨迹15,forward
1775476527.287539,18.087153,1775476560.739744|完整运动,完整运动,circle_orbit,1,1.000000,1.500000,1.500000,,,,,,,,,,,,,,,,0.962804,0.111230,0.965249,0.126361,0.000000,0.000000,-0.412850,,0.162745,0.000000,,,,0.115527,0.166682,1.500000,17.713179,38.830127,0.000000,circle,预设轨迹15,forward
1775476527.311866,18.111480,1775476560.739744|完整运动,完整运动,circle_orbit,1,1.000000,1.500000,1.500000,,,,,,,,,,,,,,,,0.962871,0.112492,0.966895,0.128270,0.000000,0.000000,-0.408904,,0.162846,0.000000,,,,0.116830,0.166682,1.500000,17.733473,38.809834,0.000000,circle,预设轨迹15,forward
1775476527.333118,18.132733,1775476560.739744|完整运动,完整运动,circle_orbit,1,1.000000,1.500000,1.500000,,,,,,,,,,,,,,,,0.962965,0.113709,0.968590,0.128921,0.000000,0.000000,-0.405065,,0.162856,0.000000,,,,0.118082,0.166682,1.500000,17.753567,38.789740,0.000000,circle,预设轨迹15,forward
1775476527.363826,18.163440,1775476560.739744|完整运动,完整运动,circle_orbit,1,1.000000,1.500000,1.500000,,,,,,,,,,,,,,,,0.963086,0.114879,0.970311,0.129503,0.000000,0.000000,-0.401338,,0.162796,0.000000,,,,0.119282,0.166682,1.500000,17.773639,38.769668,0.000000,circle,预设轨迹15,forward
1775476527.384693,18.184307,1775476560.739744|完整运动,完整运动,circle_orbit,1,1.000000,1.500000,1.500000,,,,,,,,,,,,,,,,0.963258,0.117096,0.973613,0.144815,0.000000,0.000000,-0.394201,,0.162691,0.000000,,,,0.121563,0.166682,1.500000,17.813925,38.729381,0.000000,circle,预设轨迹15,forward
1775476527.410328,18.209943,1775476560.739744|完整运动,完整运动,circle_orbit,1,1.000000,1.500000,1.500000,,,,,,,,,,,,,,,,0.963460,0.118251,0.975564,0.132688,0.000000,0.000000,-0.390471,,0.162423,0.000000,,,,0.122736,0.166682,1.500000,17.834304,38.709003,0.000000,circle,预设轨迹15,forward
1775476527.447913,18.247528,1775476560.739744|完整运动,完整运动,circle_orbit,1,1.000000,1.500000,1.500000,,,,,,,,,,,,,,,,0.963688,0.119415,0.977370,0.133966,0.000000,0.000000,-0.386672,,0.162337,0.000000,,,,0.123915,0.166682,1.500000,17.854773,38.688534,0.000000,circle,预设轨迹15,forward
1775476527.476136,18.275751,1775476560.739744|完整运动,完整运动,circle_orbit,1,1.000000,1.500000,1.500000,,,,,,,,,,,,,,,,0.963979,0.121669,0.981472,0.149835,0.000000,0.000000,-0.379326,,0.161593,0.000000,,,,0.126215,0.166682,1.500000,17.895346,38.647960,0.000000,circle,预设轨迹15,forward
1775476527.496432,18.296046,1775476560.739744|完整运动,完整运动,circle_orbit,1,1.000000,1.500000,1.500000,,,,,,,,,,,,,,,,0.964331,0.123754,0.985450,0.149815,0.000000,0.000000,-0.372507,,0.160768,0.000000,,,,0.128331,0.166682,1.500000,17.935470,38.607837,0.000000,circle,预设轨迹15,forward
1775476527.528997,18.328612,1775476560.739744|完整运动,完整运动,circle_orbit,1,1.000000,1.500000,1.500000,,,,,,,,,,,,,,,,0.964678,0.123715,0.985450,0.123229,0.000000,0.000000,-0.372507,,0.160768,0.000000,,,,0.128245,0.166682,1.500000,17.935470,38.607837,0.000000,circle,预设轨迹15,forward
1775476527.553029,18.352643,1775476560.739744|完整运动,完整运动,circle_orbit,1,1.000000,1.500000,1.500000,,,,,,,,,,,,,,,,0.965080,0.125835,0.989198,0.152344,0.000000,0.000000,-0.365484,,0.160285,0.000000,,,,0.130389,0.166682,1.500000,17.975710,38.567596,0.000000,circle,预设轨迹15,forward
1775476527.573616,18.373231,1775476560.739744|完整运动,完整运动,circle_orbit,1,1.000000,1.500000,1.500000,,,,,,,,,,,,,,,,0.965512,0.126892,0.991454,0.140098,0.000000,0.000000,-0.361874,,0.159733,0.000000,,,,0.131424,0.166682,1.500000,17.995799,38.547508,0.000000,circle,预设轨迹15,forward
1775476527.599352,18.398967,1775476560.739744|完整运动,完整运动,circle_orbit,1,1.000000,1.500000,1.500000,,,,,,,,,,,,,,,,0.966019,0.129053,0.996420,0.156061,0.000000,0.000000,-0.354662,,0.158225,0.000000,,,,0.133592,0.166682,1.500000,18.035686,38.507620,0.000000,circle,预设轨迹15,forward
1775476527.620288,18.419903,1775476560.739744|完整运动,完整运动,circle_orbit,1,1.000000,1.500000,1.500000,,,,,,,,,,,,,,,,0.966553,0.130098,0.998634,0.143170,0.000000,0.000000,-0.351027,,0.157756,0.000000,,,,0.134600,0.166682,1.500000,18.055647,38.487660,0.000000,circle,预设轨迹15,forward
1775476527.645866,18.445481,1775476560.739744|完整运动,完整运动,circle_orbit,1,1.000000,1.500000,1.500000,,,,,,,,,,,,,,,,0.967116,0.131151,1.000887,0.144306,0.000000,0.000000,-0.347328,,0.157287,0.000000,,,,0.135610,0.166682,1.500000,18.075687,38.467620,0.000000,circle,预设轨迹15,forward
1775476527.667871,18.467485,1775476560.739744|完整运动,完整运动,circle_orbit,1,1.000000,1.500000,1.500000,,,,,,,,,,,,,,,,0.967715,0.132183,1.003661,0.145086,0.000000,0.000000,-0.343653,,0.156331,0.000000,,,,0.136593,0.166682,1.500000,18.095512,38.447794,0.000000,circle,预设轨迹15,forward
1775476527.690943,18.490558,1775476560.739744|完整运动,完整运动,circle_orbit,1,1.000000,1.500000,1.500000,,,,,,,,,,,,,,,,0.968345,0.133152,1.006133,0.145262,0.000000,0.000000,-0.340143,,0.155596,0.000000,,,,0.137504,0.166682,1.500000,18.115278,38.428028,0.000000,circle,预设轨迹15,forward
1775476527.711764,18.511378,1775476560.739744|完整运动,完整运动,circle_orbit,1,1.000000,1.500000,1.500000,,,,,,,,,,,,,,,,0.969004,0.134081,1.008566,0.145703,0.000000,0.000000,-0.336722,,0.154869,0.000000,,,,0.138370,0.166682,1.500000,18.135001,38.408306,0.000000,circle,预设轨迹15,forward
1775476527.732404,18.532019,1775476560.739744|完整运动,完整运动,circle_orbit,1,1.000000,1.500000,1.500000,,,,,,,,,,,,,,,,0.969687,0.134972,1.010632,0.146099,0.000000,0.000000,-0.333392,,0.154449,0.000000,,,,0.139191,0.166682,1.500000,18.154829,38.388477,0.000000,circle,预设轨迹15,forward
1775476527.761465,18.561080,1775476560.739744|完整运动,完整运动,circle_orbit,1,1.000000,1.500000,1.500000,,,,,,,,,,,,,,,,0.970399,0.135875,1.013121,0.147171,0.000000,0.000000,-0.329983,,0.153685,0.000000,,,,0.140020,0.166682,1.500000,18.174701,38.368605,0.000000,circle,预设轨迹15,forward
1775476527.783557,18.583172,1775476560.739744|完整运动,完整运动,circle_orbit,1,1.000000,1.500000,1.500000,,,,,,,,,,,,,,,,0.971190,0.137906,1.018643,0.163285,0.000000,0.000000,-0.322909,,0.151814,0.000000,,,,0.141997,0.166682,1.500000,18.214208,38.329098,0.000000,circle,预设轨迹15,forward
1775476527.808335,18.607950,1775476560.739744|完整运动,完整运动,circle_orbit,1,1.000000,1.500000,1.500000,,,,,,,,,,,,,,,,0.972010,0.138830,1.021206,0.150378,0.000000,0.000000,-0.319390,,0.151068,0.000000,,,,0.142827,0.166682,1.500000,18.233969,38.309338,0.000000,circle,预设轨迹15,forward
1775476527.828885,18.628500,1775476560.739744|完整运动,完整运动,circle_orbit,1,1.000000,1.500000,1.500000,,,,,,,,,,,,,,,,0.972861,0.139732,1.023937,0.151015,0.000000,0.000000,-0.315905,,0.150168,0.000000,,,,0.143630,0.166682,1.500000,18.253726,38.289580,0.000000,circle,预设轨迹15,forward
1775476527.849308,18.648923,1775476560.739744|完整运动,完整运动,circle_orbit,1,1.000000,1.500000,1.500000,,,,,,,,,,,,,,,,0.973747,0.140644,1.026922,0.152047,0.000000,0.000000,-0.312355,,0.149084,0.000000,,,,0.144436,0.166682,1.500000,18.273711,38.269596,0.000000,circle,预设轨迹15,forward
1775476527.873706,18.673321,1775476560.739744|完整运动,完整运动,circle_orbit,1,1.000000,1.500000,1.500000,,,,,,,,,,,,,,,,0.974667,0.141573,1.029881,0.153177,0.000000,0.000000,-0.308721,,0.148077,0.000000,,,,0.145252,0.166682,1.500000,18.293855,38.249451,0.000000,circle,预设轨迹15,forward
1775476527.894061,18.693675,1775476560.739744|完整运动,完整运动,circle_orbit,1,1.000000,1.500000,1.500000,,,,,,,,,,,,,,,,0.975624,0.142506,1.033043,0.154167,0.000000,0.000000,-0.305043,,0.146926,0.000000,,,,0.146066,0.166682,1.500000,18.314087,38.229220,0.000000,circle,预设轨迹15,forward
1775476527.923942,18.723557,1775476560.739744|完整运动,完整运动,circle_orbit,1,1.000000,1.500000,1.500000,,,,,,,,,,,,,,,,0.976622,0.143457,1.036481,0.155348,0.000000,0.000000,-0.301275,,0.145590,0.000000,,,,0.146891,0.166682,1.500000,18.334326,38.208981,0.000000,circle,预设轨迹15,forward
1775476527.950126,18.749741,1775476560.739744|完整运动,完整运动,circle_orbit,1,1.000000,1.500000,1.500000,,,,,,,,,,,,,,,,0.977721,0.145616,1.043658,0.172609,0.000000,0.000000,-0.293582,,0.142789,0.000000,,,,0.148934,0.166682,1.500000,18.374821,38.168485,0.000000,circle,预设轨迹15,forward
1775476527.970860,18.770474,1775476560.739744|完整运动,完整运动,circle_orbit,1,1.000000,1.500000,1.500000,,,,,,,,,,,,,,,,0.978859,0.146530,1.047167,0.157947,0.000000,0.000000,-0.289900,,0.141416,0.000000,,,,0.149694,0.166682,1.500000,18.395019,38.148288,0.000000,circle,预设轨迹15,forward
1775476528.002953,18.802568,1775476560.739744|完整运动,完整运动,circle_orbit,1,1.000000,1.500000,1.500000,,,,,,,,,,,,,,,,0.980081,0.148474,1.053385,0.172780,0.000000,0.000000,-0.282864,,0.139259,0.000000,,,,0.151492,0.166682,1.500000,18.435762,38.107544,0.000000,circle,预设轨迹15,forward
1775476528.028861,18.828476,1775476560.739744|完整运动,完整运动,circle_orbit,1,1.000000,1.500000,1.500000,,,,,,,,,,,,,,,,0.981334,0.149271,1.056485,0.159225,0.000000,0.000000,-0.279518,,0.138134,0.000000,,,,0.152110,0.166682,1.500000,18.456097,38.087210,0.000000,circle,预设轨迹15,forward
1775476528.049921,18.849536,1775476560.739744|完整运动,完整运动,circle_orbit,1,1.000000,1.500000,1.500000,,,,,,,,,,,,,,,,0.982623,0.150036,1.059979,0.159608,0.000000,0.000000,-0.276235,,0.136668,0.000000,,,,0.152690,0.166682,1.500000,18.476334,38.066973,0.000000,circle,预设轨迹15,forward
1775476528.081989,18.881603,1775476560.739744|完整运动,完整运动,circle_orbit,1,1.000000,1.500000,1.500000,,,,,,,,,,,,,,,,0.983945,0.150773,1.063279,0.159982,0.000000,0.000000,-0.273011,,0.135357,0.000000,,,,0.153233,0.166682,1.500000,18.496554,38.046752,0.000000,circle,预设轨迹15,forward
1775476528.107118,18.906733,1775476560.739744|完整运动,完整运动,circle_orbit,1,1.000000,1.500000,1.500000,,,,,,,,,,,,,,,,0.985351,0.152429,1.069720,0.173125,0.000000,0.000000,-0.266789,,0.132813,0.000000,,,,0.154695,0.166682,1.500000,18.537005,38.006302,0.000000,circle,预设轨迹15,forward
1775476528.127489,18.927104,1775476560.739744|完整运动,完整运动,circle_orbit,1,1.000000,1.500000,1.500000,,,,,,,,,,,,,,,,0.986791,0.153122,1.073159,0.161788,0.000000,0.000000,-0.263656,,0.131397,0.000000,,,,0.155172,0.166682,1.500000,18.557365,37.985942,0.000000,circle,预设轨迹15,forward
1775476528.157952,18.957566,1775476560.739744|完整运动,完整运动,circle_orbit,1,1.000000,1.500000,1.500000,,,,,,,,,,,,,,,,0.988267,0.153840,1.076865,0.162812,0.000000,0.000000,-0.260410,,0.129834,0.000000,,,,0.155666,0.166682,1.500000,18.577760,37.965547,0.000000,circle,预设轨迹15,forward
1775476528.193617,18.993231,1775476560.739744|完整运动,完整运动,circle_orbit,1,1.000000,1.500000,1.500000,,,,,,,,,,,,,,,,0.989850,0.155560,1.084830,0.177062,0.000000,0.000000,-0.253895,,0.126337,0.000000,,,,0.157155,0.166682,1.500000,18.618134,37.925172,0.000000,circle,预设轨迹15,forward
1775476528.215178,19.014793,1775476560.739744|完整运动,完整运动,circle_orbit,1,1.000000,1.500000,1.500000,,,,,,,,,,,,,,,,0.991521,0.157213,1.091762,0.177875,0.000000,0.000000,-0.247584,,0.123655,0.000000,,,,0.158557,0.166682,1.500000,18.658140,37.885166,0.000000,circle,预设轨迹15,forward
1775476528.236312,19.035927,1775476560.739744|完整运动,完整运动,circle_orbit,1,1.000000,1.500000,1.500000,,,,,,,,,,,,,,,,0.993226,0.157866,1.095503,0.166025,0.000000,0.000000,-0.244483,,0.122102,0.000000,,,,0.158942,0.166682,1.500000,18.678121,37.865185,0.000000,circle,预设轨迹15,forward
1775476528.258470,19.058084,1775476560.739744|完整运动,完整运动,circle_orbit,1,1.000000,1.500000,1.500000,,,,,,,,,,,,,,,,0.994902,0.157547,1.095503,0.153562,0.000000,0.000000,-0.244483,,0.122102,0.000000,,,,0.158354,0.166682,1.500000,18.678121,37.865185,0.000000,circle,预设轨迹15,forward
1775476528.279121,19.078736,1775476560.739744|完整运动,完整运动,circle_orbit,1,1.000000,1.500000,1.500000,,,,,,,,,,,,,,,,0.996665,0.159055,1.102392,0.177903,0.000000,0.000000,-0.238542,,0.119394,0.000000,,,,0.159587,0.166682,1.500000,18.718575,37.824731,0.000000,circle,预设轨迹15,forward
1775476528.310709,19.110324,1775476560.739744|完整运动,完整运动,circle_orbit,1,1.000000,1.500000,1.500000,,,,,,,,,,,,,,,,0.998470,0.159653,1.106800,0.167132,0.000000,0.000000,-0.235520,,0.117351,0.000000,,,,0.159898,0.166682,1.500000,18.738675,37.804632,0.000000,circle,预设轨迹15,forward
1775476528.337968,19.137583,1775476560.739744|完整运动,完整运动,circle_orbit,1,1.000000,1.500000,1.500000,,,,,,,,,,,,,,,,1.000312,0.160230,1.110851,0.167436,0.000000,0.000000,-0.232538,,0.115587,0.000000,,,,0.160180,0.166682,1.500000,18.758710,37.784597,0.000000,circle,预设轨迹15,forward
1775476528.358260,19.157874,1775476560.739744|完整运动,完整运动,circle_orbit,1,1.000000,1.500000,1.500000,,,,,,,,,,,,,,,,1.002271,0.161771,1.119766,0.181043,0.000000,0.000000,-0.226409,,0.111593,0.000000,,,,0.161405,0.166682,1.500000,18.798459,37.744847,0.000000,circle,预设轨迹15,forward
1775476528.384154,19.183769,1775476560.739744|完整运动,完整运动,circle_orbit,1,1.000000,1.500000,1.500000,,,,,,,,,,,,,,,,1.004197,0.161411,1.119766,0.156903,0.000000,0.000000,-0.226409,,0.111593,0.000000,,,,0.160736,0.166682,1.500000,18.798459,37.744847,0.000000,circle,预设轨迹15,forward
1775476528.408816,19.208431,1775476560.739744|完整运动,完整运动,circle_orbit,1,1.000000,1.500000,1.500000,,,,,,,,,,,,,,,,1.006232,0.162940,1.128328,0.182053,0.000000,0.000000,-0.220266,,0.107970,0.000000,,,,0.161931,0.166682,1.500000,18.838749,37.704557,0.000000,circle,预设轨迹15,forward
1775476528.432267,19.231882,1775476560.739744|完整运动,完整运动,circle_orbit,1,1.000000,1.500000,1.500000,,,,,,,,,,,,,,,,1.008301,0.163521,1.132475,0.170790,0.000000,0.000000,-0.217173,,0.106302,0.000000,,,,0.162175,0.166682,1.500000,18.859075,37.684232,0.000000,circle,预设轨迹15,forward
1775476528.462937,19.262551,1775476560.739744|完整运动,完整运动,circle_orbit,1,1.000000,1.500000,1.500000,,,,,,,,,,,,,,,,1.010406,0.164039,1.136686,0.170504,0.000000,0.000000,-0.214263,,0.104529,0.000000,,,,0.162349,0.166682,1.500000,18.879279,37.664027,0.000000,circle,预设轨迹15,forward
1775476528.484173,19.283787,1775476560.739744|完整运动,完整运动,circle_orbit,1,1.000000,1.500000,1.500000,,,,,,,,,,,,,,,,1.012631,0.165405,1.146156,0.182485,0.000000,0.000000,-0.208581,,0.100240,0.000000,,,,0.163342,0.166682,1.500000,18.919821,37.623486,0.000000,circle,预设轨迹15,forward
1775476528.510516,19.310131,1775476560.739744|完整运动,完整运动,circle_orbit,1,1.000000,1.500000,1.500000,,,,,,,,,,,,,,,,1.014886,0.165842,1.150158,0.171307,0.000000,0.000000,-0.205888,,0.098591,0.000000,,,,0.163410,0.166682,1.500000,18.940376,37.602931,0.000000,circle,预设轨迹15,forward
1775476528.541278,19.340893,1775476560.739744|完整运动,完整运动,circle_orbit,1,1.000000,1.500000,1.500000,,,,,,,,,,,,,,,,1.017165,0.166224,1.153923,0.170993,0.000000,0.000000,-0.203350,,0.097060,0.000000,,,,0.163419,0.166682,1.500000,18.961192,37.582115,0.000000,circle,预设轨迹15,forward
1775476528.564583,19.364197,1775476560.739744|完整运动,完整运动,circle_orbit,1,1.000000,1.500000,1.500000,,,,,,,,,,,,,,,,1.019554,0.167344,1.162880,0.181353,0.000000,0.000000,-0.198395,,0.093004,0.000000,,,,0.164135,0.166682,1.500000,19.002704,37.540603,0.000000,circle,预设轨迹15,forward
1775476528.595477,19.395092,1775476560.739744|完整运动,完整运动,circle_orbit,1,1.000000,1.500000,1.500000,,,,,,,,,,,,,,,,1.021989,0.167707,1.168077,0.172234,0.000000,0.000000,-0.195872,,0.090538,0.000000,,,,0.164098,0.166682,1.500000,19.023325,37.519981,0.000000,circle,预设轨迹15,forward
1775476528.618206,19.417820,1775476560.739744|完整运动,完整运动,circle_orbit,1,1.000000,1.500000,1.500000,,,,,,,,,,,,,,,,1.024535,0.168855,1.177330,0.183210,0.000000,0.000000,-0.190782,,0.086493,0.000000,,,,0.164811,0.166682,1.500000,19.064393,37.478914,0.000000,circle,预设轨迹15,forward
1775476528.642653,19.442267,1775476560.739744|完整运动,完整运动,circle_orbit,1,1.000000,1.500000,1.500000,,,,,,,,,,,,,,,,1.027101,0.169116,1.181057,0.172374,0.000000,0.000000,-0.188548,,0.084974,0.000000,,,,0.164653,0.166682,1.500000,19.084906,37.458401,0.000000,circle,预设轨迹15,forward
1775476528.669493,19.469108,1775476560.739744|完整运动,完整运动,circle_orbit,1,1.000000,1.500000,1.500000,,,,,,,,,,,,,,,,1.029690,0.169333,1.185000,0.172054,0.000000,0.000000,-0.186427,,0.083275,0.000000,,,,0.164451,0.166682,1.500000,19.105386,37.437921,0.000000,circle,预设轨迹15,forward
1775476528.690092,19.489707,1775476560.739744|完整运动,完整运动,circle_orbit,1,1.000000,1.500000,1.500000,,,,,,,,,,,,,,,,1.032304,0.169544,1.189158,0.172183,0.000000,0.000000,-0.184303,,0.081452,0.000000,,,,0.164239,0.166682,1.500000,19.125787,37.417520,0.000000,circle,预设轨迹15,forward
1775476528.714778,19.514393,1775476560.739744|完整运动,完整运动,circle_orbit,1,1.000000,1.500000,1.500000,,,,,,,,,,,,,,,,1.034948,0.169749,1.193602,0.172309,0.000000,0.000000,-0.182177,,0.079462,0.000000,,,,0.164017,0.166682,1.500000,19.146174,37.397133,0.000000,circle,预设轨迹15,forward
1775476528.739446,19.539061,1775476560.739744|完整运动,完整运动,circle_orbit,1,1.000000,1.500000,1.500000,,,,,,,,,,,,,,,,1.037684,0.170573,1.201851,0.180874,0.000000,0.000000,-0.178030,,0.075915,0.000000,,,,0.164379,0.166682,1.500000,19.187018,37.356289,0.000000,circle,预设轨迹15,forward
1775476528.766680,19.566295,1775476560.739744|完整运动,完整运动,circle_orbit,1,1.000000,1.500000,1.500000,,,,,,,,,,,,,,,,1.040446,0.170708,1.206146,0.172392,0.000000,0.000000,-0.176098,,0.073996,0.000000,,,,0.164072,0.166682,1.500000,19.207573,37.335733,0.000000,circle,预设轨迹15,forward
1775476528.791318,19.590933,1775476560.739744|完整运动,完整运动,circle_orbit,1,1.000000,1.500000,1.500000,,,,,,,,,,,,,,,,1.043230,0.170828,1.210240,0.172329,0.000000,0.000000,-0.174194,,0.072213,0.000000,,,,0.163749,0.166682,1.500000,19.228306,37.315001,0.000000,circle,预设轨迹15,forward
1775476528.812311,19.611926,1775476560.739744|完整运动,完整运动,circle_orbit,1,1.000000,1.500000,1.500000,,,,,,,,,,,,,,,,1.046037,0.170923,1.214491,0.172109,0.000000,0.000000,-0.172354,,0.070319,0.000000,,,,0.163401,0.166682,1.500000,19.249205,37.294101,0.000000,circle,预设轨迹15,forward
1775476528.834728,19.634343,1775476560.739744|完整运动,完整运动,circle_orbit,1,1.000000,1.500000,1.500000,,,,,,,,,,,,,,,,1.048873,0.171036,1.219048,0.172441,0.000000,0.000000,-0.170440,,0.068284,0.000000,,,,0.163066,0.166682,1.500000,19.270295,37.273012,0.000000,circle,预设轨迹15,forward
1775476528.857679,19.657294,1775476560.739744|完整运动,完整运动,circle_orbit,1,1.000000,1.500000,1.500000,,,,,,,,,,,,,,,,1.051842,0.171901,1.229954,0.182725,0.000000,0.000000,-0.166072,,0.063407,0.000000,,,,0.163429,0.166682,1.500000,19.312160,37.231146,0.000000,circle,预设轨迹15,forward
1775476528.891662,19.691277,1775476560.739744|完整运动,完整运动,circle_orbit,1,1.000000,1.500000,1.500000,,,,,,,,,,,,,,,,1.054762,0.171415,1.229954,0.165337,0.000000,0.000000,-0.166072,,0.063407,0.000000,,,,0.162516,0.166682,1.500000,19.312160,37.231146,0.000000,circle,预设轨迹15,forward
1775476528.913191,19.712806,1775476560.739744|完整运动,完整运动,circle_orbit,1,1.000000,1.500000,1.500000,,,,,,,,,,,,,,,,1.057796,0.172243,1.239851,0.182592,0.000000,0.000000,-0.161802,,0.059221,0.000000,,,,0.162832,0.166682,1.500000,19.353621,37.189685,0.000000,circle,预设轨迹15,forward
1775476528.933592,19.733207,1775476560.739744|完整运动,完整运动,circle_orbit,1,1.000000,1.500000,1.500000,,,,,,,,,,,,,,,,1.060860,0.172360,1.244690,0.173818,0.000000,0.000000,-0.159828,,0.057158,0.000000,,,,0.162472,0.166682,1.500000,19.374627,37.168680,0.000000,circle,预设轨迹15,forward
1775476528.964445,19.764059,1775476560.739744|完整运动,完整运动,circle_orbit,1,1.000000,1.500000,1.500000,,,,,,,,,,,,,,,,1.063944,0.172434,1.249017,0.173361,0.000000,0.000000,-0.157982,,0.055370,0.000000,,,,0.162070,0.166682,1.500000,19.395867,37.147439,0.000000,circle,预设轨迹15,forward
1775476528.997938,19.797553,1775476560.739744|完整运动,完整运动,circle_orbit,1,1.000000,1.500000,1.500000,,,,,,,,,,,,,,,,1.067137,0.173027,1.258689,0.180442,0.000000,0.000000,-0.154442,,0.051175,0.000000,,,,0.162141,0.166682,1.500000,19.438639,37.104668,0.000000,circle,预设轨迹15,forward
1775476529.020559,19.820174,1775476560.739744|完整运动,完整运动,circle_orbit,1,1.000000,1.500000,1.500000,,,,,,,,,,,,,,,,1.070440,0.173565,1.268638,0.180291,0.000000,0.000000,-0.151070,,0.046833,0.000000,,,,0.162144,0.166682,1.500000,19.481861,37.061446,0.000000,circle,预设轨迹15,forward
1775476529.041075,19.840690,1775476560.739744|完整运动,完整运动,circle_orbit,1,1.000000,1.500000,1.500000,,,,,,,,,,,,,,,,1.073766,0.173563,1.273326,0.173531,0.000000,0.000000,-0.149439,,0.044837,0.000000,,,,0.161639,0.166682,1.500000,19.503967,37.039339,0.000000,circle,预设轨迹15,forward
1775476529.077808,19.877423,1775476560.739744|完整运动,完整运动,circle_orbit,1,1.000000,1.500000,1.500000,,,,,,,,,,,,,,,,1.077188,0.174009,1.282519,0.179590,0.000000,0.000000,-0.146341,,0.040937,0.000000,,,,0.161540,0.166682,1.500000,19.548222,36.995085,0.000000,circle,预设轨迹15,forward
1775476529.098769,19.898384,1775476560.739744|完整运动,完整运动,circle_orbit,1,1.000000,1.500000,1.500000,,,,,,,,,,,,,,,,1.080643,0.173952,1.287896,0.173236,0.000000,0.000000,-0.144863,,0.038541,0.000000,,,,0.160971,0.166682,1.500000,19.570153,36.973154,0.000000,circle,预设轨迹15,forward
1775476529.119887,19.919501,1775476560.739744|完整运动,完整运动,circle_orbit,1,1.000000,1.500000,1.500000,,,,,,,,,,,,,,,,1.084136,0.173919,1.293748,0.173508,0.000000,0.000000,-0.143292,,0.035947,0.000000,,,,0.160422,0.166682,1.500000,19.591866,36.951441,0.000000,circle,预设轨迹15,forward
1775476529.150773,19.950387,1775476560.739744|完整运动,完整运动,circle_orbit,1,1.000000,1.500000,1.500000,,,,,,,,,,,,,,,,1.087661,0.173872,1.299135,0.173284,0.000000,0.000000,-0.141757,,0.033625,0.000000,,,,0.159859,0.166682,1.500000,19.613616,36.929690,0.000000,circle,预设轨迹15,forward
1775476529.172124,19.971738,1775476560.739744|完整运动,完整运动,circle_orbit,1,1.000000,1.500000,1.500000,,,,,,,,,,,,,,,,1.091199,0.173802,1.303486,0.172929,0.000000,0.000000,-0.140289,,0.031869,0.000000,,,,0.159276,0.166682,1.500000,19.635523,36.907783,0.000000,circle,预设轨迹15,forward
1775476529.192649,19.992264,1775476560.739744|完整运动,完整运动,circle_orbit,1,1.000000,1.500000,1.500000,,,,,,,,,,,,,,,,1.094753,0.173704,1.308028,0.172473,0.000000,0.000000,-0.138907,,0.029985,0.000000,,,,0.158669,0.166682,1.500000,19.657485,36.885821,0.000000,circle,预设轨迹15,forward
1775476529.215466,20.015080,1775476560.739744|完整运动,完整运动,circle_orbit,1,1.000000,1.500000,1.500000,,,,,,,,,,,,,,,,1.098329,0.173555,1.312840,0.171698,0.000000,0.000000,-0.137681,,0.027903,0.000000,,,,0.158017,0.166682,1.500000,19.679427,36.863880,0.000000,circle,预设轨迹15,forward
1775476529.235765,20.035379,1775476560.739744|完整运动,完整运动,circle_orbit,1,1.000000,1.500000,1.500000,,,,,,,,,,,,,,,,1.102012,0.173749,1.323005,0.176167,0.000000,0.000000,-0.135335,,0.023459,0.000000,,,,0.157665,0.166682,1.500000,19.723270,36.820037,0.000000,circle,预设轨迹15,forward
1775476529.266707,20.066321,1775476560.739744|完整运动,完整运动,circle_orbit,1,1.000000,1.500000,1.500000,,,,,,,,,,,,,,,,1.105635,0.173218,1.323005,0.166588,0.000000,0.000000,-0.135335,,0.023459,0.000000,,,,0.156669,0.166682,1.500000,19.723270,36.820037,0.000000,circle,预设轨迹15,forward
1775476529.291201,20.090816,1775476560.739744|完整运动,完整运动,circle_orbit,1,1.000000,1.500000,1.500000,,,,,,,,,,,,,,,,1.109404,0.173553,1.335564,0.177736,0.000000,0.000000,-0.132519,,0.018048,0.000000,,,,0.156438,0.166682,1.500000,19.767254,36.776053,0.000000,circle,预设轨迹15,forward
1775476529.312341,20.111955,1775476560.739744|完整运动,完整运动,circle_orbit,1,1.000000,1.500000,1.500000,,,,,,,,,,,,,,,,1.113212,0.173458,1.341663,0.172278,0.000000,0.000000,-0.131092,,0.015491,0.000000,,,,0.155818,0.166682,1.500000,19.789493,36.753814,0.000000,circle,预设轨迹15,forward
1775476529.344635,20.144250,1775476560.739744|完整运动,完整运动,circle_orbit,1,1.000000,1.500000,1.500000,,,,,,,,,,,,,,,,1.117054,0.173358,1.347583,0.172104,0.000000,0.000000,-0.129681,,0.013049,0.000000,,,,0.155192,0.166682,1.500000,19.811892,36.731414,0.000000,circle,预设轨迹15,forward
1775476529.370421,20.170036,1775476560.739744|完整运动,完整运动,circle_orbit,1,1.000000,1.500000,1.500000,,,,,,,,,,,,,,,,1.121032,0.173679,1.359736,0.177688,0.000000,0.000000,-0.126899,,0.008067,0.000000,,,,0.154928,0.166682,1.500000,19.856425,36.686881,0.000000,circle,预设轨迹15,forward
1775476529.390796,20.190411,1775476560.739744|完整运动,完整运动,circle_orbit,1,1.000000,1.500000,1.500000,,,,,,,,,,,,,,,,1.125035,0.173567,1.365203,0.172164,0.000000,0.000000,-0.125521,,0.005919,0.000000,,,,0.154277,0.166682,1.500000,19.878701,36.664606,0.000000,circle,预设轨迹15,forward
1775476529.422753,20.222368,1775476560.739744|完整运动,完整运动,circle_orbit,1,1.000000,1.500000,1.500000,,,,,,,,,,,,,,,,1.129059,0.173418,1.370486,0.171567,0.000000,0.000000,-0.124258,,0.003833,0.000000,,,,0.153596,0.166682,1.500000,19.900963,36.642343,0.000000,circle,预设轨迹15,forward
1775476529.448255,20.247870,1775476560.739744|完整运动,完整运动,circle_orbit,1,1.000000,1.500000,1.500000,,,,,,,,,,,,,,,,1.133156,0.173576,1.378995,0.175550,0.000000,0.000000,-0.121998,,-0.000616,0.000000,,,,0.153180,0.166682,1.500000,19.946077,36.597230,0.000000,circle,预设轨迹15,forward
1775476529.468722,20.268337,1775476560.739744|完整运动,完整运动,circle_orbit,1,1.000000,1.500000,1.500000,,,,,,,,,,,,,,,,1.137122,0.173358,1.375084,0.170630,0.000000,0.000000,-0.120955,,-0.003014,0.000000,,,,0.152453,0.166682,1.500000,19.968809,36.574497,0.000000,circle,预设轨迹15,forward
1775476529.499602,20.299217,1775476560.739744|完整运动,完整运动,circle_orbit,1,1.000000,1.500000,1.500000,,,,,,,,,,,,,,,,1.140962,0.173096,1.371346,0.169816,0.000000,0.000000,-0.120052,,-0.005274,0.000000,,,,0.151710,0.166682,1.500000,19.991674,36.551633,0.000000,circle,预设轨迹15,forward
1775476529.525824,20.325438,1775476560.739744|完整运动,完整运动,circle_orbit,1,1.000000,1.500000,1.500000,,,,,,,,,,,,,,,,1.144678,0.172811,1.367681,0.169254,0.000000,0.000000,-0.119219,,-0.007476,0.000000,,,,0.150969,0.166682,1.500000,20.014529,36.528778,0.000000,circle,预设轨迹15,forward
1775476529.546196,20.345810,1775476560.739744|完整运动,完整运动,circle_orbit,1,1.000000,1.500000,1.500000,,,,,,,,,,,,,,,,1.148232,0.172668,1.361454,0.170874,0.000000,0.000000,-0.117923,,-0.011187,0.000000,,,,0.150377,0.166682,1.500000,20.060489,36.482818,0.000000,circle,预设轨迹15,forward
1775476529.579911,20.379525,1775476560.739744|完整运动,完整运动,circle_orbit,1,1.000000,1.500000,1.500000,,,,,,,,,,,,,,,,1.151674,0.172324,1.358189,0.168027,0.000000,0.000000,-0.117278,,-0.013129,0.000000,,,,0.149629,0.166682,1.500000,20.083537,36.459769,0.000000,circle,预设轨迹15,forward
1775476529.605921,20.405535,1775476560.739744|完整运动,完整运动,circle_orbit,1,1.000000,1.500000,1.500000,,,,,,,,,,,,,,,,1.154960,0.172157,1.352122,0.170068,0.000000,0.000000,-0.116056,,-0.016769,0.000000,,,,0.149059,0.166682,1.500000,20.130134,36.413172,0.000000,circle,预设轨迹15,forward
1775476529.626315,20.425930,1775476560.739744|完整运动,完整运动,circle_orbit,1,1.000000,1.500000,1.500000,,,,,,,,,,,,,,,,1.158132,0.171800,1.348454,0.167345,0.000000,0.000000,-0.115449,,-0.018925,0.000000,,,,0.148343,0.166682,1.500000,20.153460,36.389846,0.000000,circle,预设轨迹15,forward
1775476529.653619,20.453234,1775476560.739744|完整运动,完整运动,circle_orbit,1,1.000000,1.500000,1.500000,,,,,,,,,,,,,,,,1.161193,0.171423,1.344831,0.166706,0.000000,0.000000,-0.114911,,-0.021037,0.000000,,,,0.147627,0.166682,1.500000,20.176943,36.366364,0.000000,circle,预设轨迹15,forward
1775476529.694857,20.494471,1775476560.739744|完整运动,完整运动,circle_orbit,1,1.000000,1.500000,1.500000,,,,,,,,,,,,,,,,1.164075,0.171238,1.336984,0.168930,0.000000,0.000000,-0.113742,,-0.025648,0.000000,,,,0.147103,0.166682,1.500000,20.223861,36.319445,0.000000,circle,预设轨迹15,forward
1775476529.715800,20.515414,1775476560.739744|完整运动,完整运动,circle_orbit,1,1.000000,1.500000,1.500000,,,,,,,,,,,,,,,,1.166849,0.170865,1.333307,0.166191,0.000000,0.000000,-0.113190,,-0.027828,0.000000,,,,0.146432,0.166682,1.500000,20.247486,36.295821,0.000000,circle,预设轨迹15,forward
1775476529.736363,20.535978,1775476560.739744|完整运动,完整运动,circle_orbit,1,1.000000,1.500000,1.500000,,,,,,,,,,,,,,,,1.169462,0.170575,1.326221,0.166962,0.000000,0.000000,-0.112358,,-0.031954,0.000000,,,,0.145858,0.166682,1.500000,20.294634,36.248673,0.000000,circle,预设轨迹15,forward
1775476529.760329,20.559943,1775476560.739744|完整运动,完整运动,circle_orbit,1,1.000000,1.500000,1.500000,,,,,,,,,,,,,,,,1.171965,0.170143,1.322202,0.164732,0.000000,0.000000,-0.111995,,-0.034264,0.000000,,,,0.145177,0.166682,1.500000,20.318193,36.225114,0.000000,circle,预设轨迹15,forward
1775476529.780932,20.580547,1775476560.739744|完整运动,完整运动,circle_orbit,1,1.000000,1.500000,1.500000,,,,,,,,,,,,,,,,1.174369,0.169680,1.318550,0.163899,0.000000,0.000000,-0.111732,,-0.036345,0.000000,,,,0.144486,0.166682,1.500000,20.341838,36.201468,0.000000,circle,预设轨迹15,forward
1775476529.814410,20.614024,1775476560.739744|完整运动,完整运动,circle_orbit,1,1.000000,1.500000,1.500000,,,,,,,,,,,,,,,,1.176669,0.169157,1.314711,0.162618,0.000000,0.000000,-0.111669,,-0.038449,0.000000,,,,0.143759,0.166682,1.500000,20.365586,36.177721,0.000000,circle,预设轨迹15,forward
1775476529.840869,20.640484,1775476560.739744|完整运动,完整运动,circle_orbit,1,1.000000,1.500000,1.500000,,,,,,,,,,,,,,,,1.178797,0.168593,1.306479,0.161543,0.000000,0.000000,-0.111729,,-0.042916,0.000000,,,,0.143021,0.166682,1.500000,20.413072,36.130235,0.000000,circle,预设轨迹15,forward
1775476529.861290,20.660905,1775476560.739744|完整运动,完整运动,circle_orbit,1,1.000000,1.500000,1.500000,,,,,,,,,,,,,,,,1.180828,0.168031,1.302665,0.161008,0.000000,0.000000,-0.111788,,-0.044990,0.000000,,,,0.142299,0.166682,1.500000,20.436720,36.106587,0.000000,circle,预设轨迹15,forward
1775476529.892132,20.691746,1775476560.739744|完整运动,完整运动,circle_orbit,1,1.000000,1.500000,1.500000,,,,,,,,,,,,,,,,1.182747,0.167472,1.297896,0.160478,0.000000,0.000000,-0.111842,,-0.047611,0.000000,,,,0.141596,0.166682,1.500000,20.460370,36.082936,0.000000,circle,预设轨迹15,forward
1775476529.925989,20.725604,1775476560.739744|完整运动,完整运动,circle_orbit,1,1.000000,1.500000,1.500000,,,,,,,,,,,,,,,,1.184563,0.166903,1.293530,0.159788,0.000000,0.000000,-0.111933,,-0.050008,0.000000,,,,0.140898,0.166682,1.500000,20.484087,36.059220,0.000000,circle,预设轨迹15,forward
1775476529.947265,20.746879,1775476560.739744|完整运动,完整运动,circle_orbit,1,1.000000,1.500000,1.500000,,,,,,,,,,,,,,,,1.186236,0.166220,1.286633,0.157689,0.000000,0.000000,-0.112388,,-0.053691,0.000000,,,,0.140124,0.166682,1.500000,20.531994,36.011313,0.000000,circle,预设轨迹15,forward
1775476529.968095,20.767709,1775476560.739744|完整运动,完整运动,circle_orbit,1,1.000000,1.500000,1.500000,,,,,,,,,,,,,,,,1.187822,0.165638,1.282975,0.158360,0.000000,0.000000,-0.112528,,-0.055706,0.000000,,,,0.139447,0.166682,1.500000,20.555867,35.987440,0.000000,circle,预设轨迹15,forward
1775476529.990744,20.790358,1775476560.739744|完整运动,完整运动,circle_orbit,1,1.000000,1.500000,1.500000,,,,,,,,,,,,,,,,1.189315,0.165066,1.278886,0.157916,0.000000,0.000000,-0.112644,,-0.057991,0.000000,,,,0.138791,0.166682,1.500000,20.579795,35.963512,0.000000,circle,预设轨迹15,forward
1775476530.011779,20.811393,1775476560.739744|完整运动,完整运动,circle_orbit,1,1.000000,1.500000,1.500000,,,,,,,,,,,,,,,,1.190741,0.164427,1.276305,0.156440,0.000000,0.000000,-0.112991,,-0.059319,0.000000,,,,0.138088,0.166682,1.500000,20.603967,35.939340,0.000000,circle,预设轨迹15,forward
1775476530.042515,20.842129,1775476560.739744|完整运动,完整运动,circle_orbit,1,1.000000,1.500000,1.500000,,,,,,,,,,,,,,,,1.192043,0.163490,1.270157,0.151783,0.000000,0.000000,-0.114302,,-0.062292,0.000000,,,,0.137151,0.166682,1.500000,20.652829,35.890478,0.000000,circle,预设轨迹15,forward
1775476530.068604,20.868219,1775476560.739744|完整运动,完整运动,circle_orbit,1,1.000000,1.500000,1.500000,,,,,,,,,,,,,,,,1.193257,0.162749,1.266115,0.153480,0.000000,0.000000,-0.114989,,-0.064343,0.000000,,,,0.136390,0.166682,1.500000,20.677192,35.866114,0.000000,circle,预设轨迹15,forward
1775476530.089073,20.888688,1775476560.739744|完整运动,完整运动,circle_orbit,1,1.000000,1.500000,1.500000,,,,,,,,,,,,,,,,1.194374,0.162008,1.261390,0.152745,0.000000,0.000000,-0.115684,,-0.066808,0.000000,,,,0.135642,0.166682,1.500000,20.701550,35.841757,0.000000,circle,预设轨迹15,forward
1775476530.115490,20.915104,1775476560.739744|完整运动,完整运动,circle_orbit,1,1.000000,1.500000,1.500000,,,,,,,,,,,,,,,,1.195402,0.161293,1.257046,0.152355,0.000000,0.000000,-0.116305,,-0.069100,0.000000,,,,0.134928,0.166682,1.500000,20.725861,35.817446,0.000000,circle,预设轨迹15,forward
1775476530.147480,20.947095,1775476560.739744|完整运动,完整运动,circle_orbit,1,1.000000,1.500000,1.500000,,,,,,,,,,,,,,,,1.196294,0.160293,1.249808,0.147797,0.000000,0.000000,-0.117847,,-0.072734,0.000000,,,,0.133991,0.166682,1.500000,20.774867,35.768440,0.000000,circle,预设轨迹15,forward
1775476530.168314,20.967928,1775476560.739744|完整运动,完整运动,circle_orbit,1,1.000000,1.500000,1.500000,,,,,,,,,,,,,,,,1.197109,0.159509,1.246010,0.149706,0.000000,0.000000,-0.118703,,-0.074639,0.000000,,,,0.133245,0.166682,1.500000,20.799266,35.744041,0.000000,circle,预设轨迹15,forward
1775476530.191568,20.991182,1775476560.739744|完整运动,完整运动,circle_orbit,1,1.000000,1.500000,1.500000,,,,,,,,,,,,,,,,1.197846,0.158708,1.242059,0.148695,0.000000,0.000000,-0.119629,,-0.076622,0.000000,,,,0.132494,0.166682,1.500000,20.823549,35.719757,0.000000,circle,预设轨迹15,forward
1775476530.225734,21.025349,1775476560.739744|完整运动,完整运动,circle_orbit,1,1.000000,1.500000,1.500000,,,,,,,,,,,,,,,,1.198506,0.157939,1.238115,0.148336,0.000000,0.000000,-0.120464,,-0.078655,0.000000,,,,0.131780,0.166682,1.500000,20.847792,35.695515,0.000000,circle,预设轨迹15,forward
1775476530.246107,21.045722,1775476560.739744|完整运动,完整运动,circle_orbit,1,1.000000,1.500000,1.500000,,,,,,,,,,,,,,,,1.199021,0.156822,1.229952,0.142851,0.000000,0.000000,-0.122427,,-0.082808,0.000000,,,,0.130792,0.166682,1.500000,20.896296,35.647011,0.000000,circle,预设轨迹15,forward
1775476530.268317,21.067931,1775476560.739744|完整运动,完整运动,circle_orbit,1,1.000000,1.500000,1.500000,,,,,,,,,,,,,,,,1.199460,0.155931,1.225763,0.144798,0.000000,0.000000,-0.123668,,-0.084861,0.000000,,,,0.130001,0.166682,1.500000,20.920801,35.622506,0.000000,circle,预设轨迹15,forward
1775476530.293044,21.092659,1775476560.739744|完整运动,完整运动,circle_orbit,1,1.000000,1.500000,1.500000,,,,,,,,,,,,,,,,1.199814,0.155070,1.221090,0.144301,0.000000,0.000000,-0.124828,,-0.087272,0.000000,,,,0.129245,0.166682,1.500000,20.944952,35.598355,0.000000,circle,预设轨迹15,forward
1775476530.313937,21.113552,1775476560.739744|完整运动,完整运动,circle_orbit,1,1.000000,1.500000,1.500000,,,,,,,,,,,,,,,,1.200096,0.154209,1.217026,0.143452,0.000000,0.000000,-0.126002,,-0.089314,0.000000,,,,0.128497,0.166682,1.500000,20.969174,35.574133,0.000000,circle,预设轨迹15,forward
1775476530.345514,21.145129,1775476560.739744|完整运动,完整运动,circle_orbit,1,1.000000,1.500000,1.500000,,,,,,,,,,,,,,,,1.200319,0.153344,1.213662,0.142529,0.000000,0.000000,-0.127211,,-0.090912,0.000000,,,,0.127753,0.166682,1.500000,20.993192,35.550115,0.000000,circle,预设轨迹15,forward
1775476530.366987,21.166601,1775476560.739744|完整运动,完整运动,circle_orbit,1,1.000000,1.500000,1.500000,,,,,,,,,,,,,,,,1.200409,0.152117,1.205838,0.136780,0.000000,0.000000,-0.129592,,-0.094866,0.000000,,,,0.126721,0.166682,1.500000,21.041062,35.502244,0.000000,circle,预设轨迹15,forward
1775476530.387267,21.186882,1775476560.739744|完整运动,完整运动,circle_orbit,1,1.000000,1.500000,1.500000,,,,,,,,,,,,,,,,1.200445,0.151234,1.202590,0.140194,0.000000,0.000000,-0.130878,,-0.096394,0.000000,,,,0.125981,0.166682,1.500000,21.065358,35.477949,0.000000,circle,预设轨迹15,forward
1775476530.417378,21.216993,1775476560.739744|完整运动,完整运动,circle_orbit,1,1.000000,1.500000,1.500000,,,,,,,,,,,,,,,,1.200431,0.150315,1.199623,0.138825,0.000000,0.000000,-0.132304,,-0.097688,0.000000,,,,0.125217,0.166682,1.500000,21.089736,35.453570,0.000000,circle,预设轨迹15,forward
1775476530.458040,21.257655,1775476560.739744|完整运动,完整运动,circle_orbit,1,1.000000,1.500000,1.500000,,,,,,,,,,,,,,,,1.200366,0.149376,1.196463,0.137648,0.000000,0.000000,-0.133814,,-0.099081,0.000000,,,,0.124442,0.166682,1.500000,21.114269,35.429037,0.000000,circle,预设轨迹15,forward
1775476530.480588,21.280202,1775476560.739744|完整运动,完整运动,circle_orbit,1,1.000000,1.500000,1.500000,,,,,,,,,,,,,,,,1.200119,0.147386,1.185279,0.122507,0.000000,0.000000,-0.138711,,-0.104298,0.000000,,,,0.122809,0.166682,1.500000,21.187995,35.355312,0.000000,circle,预设轨迹15,forward
1775476530.501733,21.301347,1775476560.739744|完整运动,完整运动,circle_orbit,1,1.000000,1.500000,1.500000,,,,,,,,,,,,,,,,1.199814,0.146402,1.181518,0.134096,0.000000,0.000000,-0.140366,,-0.106080,0.000000,,,,0.122020,0.166682,1.500000,21.212638,35.330668,0.000000,circle,预设轨迹15,forward
1775476530.525290,21.324904,1775476560.739744|完整运动,完整运动,circle_orbit,1,1.000000,1.500000,1.500000,,,,,,,,,,,,,,,,1.199452,0.145429,1.177695,0.133276,0.000000,0.000000,-0.142006,,-0.107927,0.000000,,,,0.121247,0.166682,1.500000,21.237244,35.306063,0.000000,circle,预设轨迹15,forward
1775476530.545810,21.345424,1775476560.739744|完整运动,完整运动,circle_orbit,1,1.000000,1.500000,1.500000,,,,,,,,,,,,,,,,1.199029,0.144458,1.173675,0.132312,0.000000,0.000000,-0.143667,,-0.109915,0.000000,,,,0.120479,0.166682,1.500000,21.261747,35.281560,0.000000,circle,预设轨迹15,forward
1775476530.570653,21.370268,1775476560.739744|完整运动,完整运动,circle_orbit,1,1.000000,1.500000,1.500000,,,,,,,,,,,,,,,,1.198557,0.143480,1.170251,0.131260,0.000000,0.000000,-0.145373,,-0.111494,0.000000,,,,0.119711,0.166682,1.500000,21.286202,35.257105,0.000000,circle,预设轨迹15,forward
1775476530.594587,21.394201,1775476560.739744|完整运动,完整运动,circle_orbit,1,1.000000,1.500000,1.500000,,,,,,,,,,,,,,,,1.198040,0.142488,1.166980,0.130088,0.000000,0.000000,-0.147151,,-0.112949,0.000000,,,,0.118934,0.166682,1.500000,21.310586,35.232721,0.000000,circle,预设轨迹15,forward
1775476530.615800,21.415415,1775476560.739744|完整运动,完整运动,circle_orbit,1,1.000000,1.500000,1.500000,,,,,,,,,,,,,,,,1.197418,0.140856,1.160132,0.120455,0.000000,0.000000,-0.151006,,-0.115978,0.000000,,,,0.117633,0.166682,1.500000,21.359434,35.183873,0.000000,circle,预设轨迹15,forward
1775476530.646199,21.445813,1775476560.739744|完整运动,完整运动,circle_orbit,1,1.000000,1.500000,1.500000,,,,,,,,,,,,,,,,1.196807,0.140428,1.160132,0.135071,0.000000,0.000000,-0.151006,,-0.115978,0.000000,,,,0.117335,0.166682,1.500000,21.359434,35.183873,0.000000,circle,预设轨迹15,forward
1775476530.671137,21.470752,1775476560.739744|完整运动,完整运动,circle_orbit,1,1.000000,1.500000,1.500000,,,,,,,,,,,,,,,,1.196091,0.138742,1.153158,0.117667,0.000000,0.000000,-0.155085,,-0.119052,0.000000,,,,0.115996,0.166682,1.500000,21.408129,35.135178,0.000000,circle,预设轨迹15,forward
1775476530.691761,21.491376,1775476560.739744|完整运动,完整运动,circle_orbit,1,1.000000,1.500000,1.500000,,,,,,,,,,,,,,,,1.195332,0.137697,1.149774,0.124635,0.000000,0.000000,-0.157110,,-0.120544,0.000000,,,,0.115195,0.166682,1.500000,21.432544,35.110763,0.000000,circle,预设轨迹15,forward
1775476530.726077,21.525692,1775476560.739744|完整运动,完整运动,circle_orbit,1,1.000000,1.500000,1.500000,,,,,,,,,,,,,,,,1.194539,0.136571,1.146983,0.122498,0.000000,0.000000,-0.159426,,-0.121499,0.000000,,,,0.114329,0.166682,1.500000,21.456916,35.086391,0.000000,circle,预设轨迹15,forward
1775476530.748818,21.548433,1775476560.739744|完整运动,完整运动,circle_orbit,1,1.000000,1.500000,1.500000,,,,,,,,,,,,,,,,1.193650,0.134690,1.140273,0.111179,0.000000,0.000000,-0.164189,,-0.124192,0.000000,,,,0.112839,0.166682,1.500000,21.505395,35.037912,0.000000,circle,预设轨迹15,forward
1775476530.770955,21.570569,1775476560.739744|完整运动,完整运动,circle_orbit,1,1.000000,1.500000,1.500000,,,,,,,,,,,,,,,,1.192738,0.133546,1.138004,0.119251,0.000000,0.000000,-0.166591,,-0.124763,0.000000,,,,0.111966,0.166682,1.500000,21.529652,35.013654,0.000000,circle,预设轨迹15,forward
1775476530.805510,21.605124,1775476560.739744|完整运动,完整运动,circle_orbit,1,1.000000,1.500000,1.500000,,,,,,,,,,,,,,,,1.191798,0.132447,1.135436,0.118703,0.000000,0.000000,-0.168884,,-0.125607,0.000000,,,,0.111132,0.166682,1.500000,21.553755,34.989552,0.000000,circle,预设轨迹15,forward
1775476530.826018,21.625633,1775476560.739744|完整运动,完整运动,circle_orbit,1,1.000000,1.500000,1.500000,,,,,,,,,,,,,,,,1.190777,0.130597,1.129507,0.107474,0.000000,0.000000,-0.173615,,-0.127839,0.000000,,,,0.109674,0.166682,1.500000,21.602346,34.940961,0.000000,circle,预设轨迹15,forward
1775476530.847123,21.646738,1775476560.739744|完整运动,完整运动,circle_orbit,1,1.000000,1.500000,1.500000,,,,,,,,,,,,,,,,1.189724,0.129463,1.126559,0.115287,0.000000,0.000000,-0.176055,,-0.128926,0.000000,,,,0.108818,0.166682,1.500000,21.626762,34.916545,0.000000,circle,预设轨迹15,forward
1775476530.878210,21.677825,1775476560.739744|完整运动,完整运动,circle_orbit,1,1.000000,1.500000,1.500000,,,,,,,,,,,,,,,,1.188634,0.128348,1.123237,0.114414,0.000000,0.000000,-0.178464,,-0.130316,0.000000,,,,0.107980,0.166682,1.500000,21.651197,34.892110,0.000000,circle,预设轨迹15,forward
1775476530.904026,21.703641,1775476560.739744|完整运动,完整运动,circle_orbit,1,1.000000,1.500000,1.500000,,,,,,,,,,,,,,,,1.187466,0.126520,1.117387,0.103670,0.000000,0.000000,-0.183195,,-0.132584,0.000000,,,,0.106546,0.166682,1.500000,21.700387,34.842920,0.000000,circle,预设轨迹15,forward
1775476530.924583,21.724198,1775476560.739744|完整运动,完整运动,circle_orbit,1,1.000000,1.500000,1.500000,,,,,,,,,,,,,,,,1.186262,0.125468,1.114023,0.112320,0.000000,0.000000,-0.185439,,-0.134119,0.000000,,,,0.105768,0.166682,1.500000,21.725040,34.818266,0.000000,circle,预设轨迹15,forward
1775476530.950707,21.750322,1775476560.739744|完整运动,完整运动,circle_orbit,1,1.000000,1.500000,1.500000,,,,,,,,,,,,,,,,1.185029,0.124419,1.111040,0.111304,0.000000,0.000000,-0.187710,,-0.135369,0.000000,,,,0.104992,0.166682,1.500000,21.749556,34.793751,0.000000,circle,预设轨迹15,forward
1775476530.986545,21.786160,1775476560.739744|完整运动,完整运动,circle_orbit,1,1.000000,1.500000,1.500000,,,,,,,,,,,,,,,,1.183712,0.122706,1.104680,0.101296,0.000000,0.000000,-0.192142,,-0.138258,0.000000,,,,0.103662,0.166682,1.500000,21.797845,34.745462,0.000000,circle,预设轨迹15,forward
1775476531.007978,21.807593,1775476560.739744|完整运动,完整运动,circle_orbit,1,1.000000,1.500000,1.500000,,,,,,,,,,,,,,,,1.182366,0.121676,1.101623,0.108794,0.000000,0.000000,-0.194394,,-0.139611,0.000000,,,,0.102909,0.166682,1.500000,21.821694,34.721612,0.000000,circle,预设轨迹15,forward
1775476531.046799,21.846414,1775476560.739744|完整运动,完整运动,circle_orbit,1,1.000000,1.500000,1.500000,,,,,,,,,,,,,,,,1.180995,0.120617,1.098694,0.107382,0.000000,0.000000,-0.196773,,-0.140823,0.000000,,,,0.102132,0.166682,1.500000,21.845354,34.697953,0.000000,circle,预设轨迹15,forward
1775476531.067584,21.867198,1775476560.739744|完整运动,完整运动,circle_orbit,1,1.000000,1.500000,1.500000,,,,,,,,,,,,,,,,1.179559,0.118575,1.093431,0.093046,0.000000,0.000000,-0.202348,,-0.142452,0.000000,,,,0.100525,0.166682,1.500000,21.892682,34.650625,0.000000,circle,预设轨迹15,forward
1775476531.094603,21.894217,1775476560.739744|完整运动,完整运动,circle_orbit,1,1.000000,1.500000,1.500000,,,,,,,,,,,,,,,,1.178102,0.117366,1.090686,0.102256,0.000000,0.000000,-0.205251,,-0.143319,0.000000,,,,0.099623,0.166682,1.500000,21.916465,34.626842,0.000000,circle,预设轨迹15,forward
1775476531.134924,21.934539,1775476560.739744|完整运动,完整运动,circle_orbit,1,1.000000,1.500000,1.500000,,,,,,,,,,,,,,,,1.176571,0.115248,1.084710,0.088779,0.000000,0.000000,-0.211107,,-0.145452,0.000000,,,,0.097953,0.166682,1.500000,21.963331,34.579976,0.000000,circle,预设轨迹15,forward
1775476531.166581,21.966196,1775476560.739744|完整运动,完整运动,circle_orbit,1,1.000000,1.500000,1.500000,,,,,,,,,,,,,,,,1.174976,0.113129,1.079251,0.086636,0.000000,0.000000,-0.216976,,-0.147216,0.000000,,,,0.096282,0.166682,1.500000,22.010601,34.532706,0.000000,circle,预设轨迹15,forward
1775476531.188078,21.987693,1775476560.739744|完整运动,完整运动,circle_orbit,1,1.000000,1.500000,1.500000,,,,,,,,,,,,,,,,1.173359,0.111929,1.076383,0.096931,0.000000,0.000000,-0.219899,,-0.148230,0.000000,,,,0.095392,0.166682,1.500000,22.034559,34.508748,0.000000,circle,预设轨迹15,forward
1775476531.219110,22.018725,1775476560.739744|完整运动,完整运动,circle_orbit,1,1.000000,1.500000,1.500000,,,,,,,,,,,,,,,,1.171723,0.110780,1.073536,0.096415,0.000000,0.000000,-0.222698,,-0.149296,0.000000,,,,0.094544,0.166682,1.500000,22.058524,34.484783,0.000000,circle,预设轨迹15,forward
1775476531.244730,22.044344,1775476560.739744|完整运动,完整运动,circle_orbit,1,1.000000,1.500000,1.500000,,,,,,,,,,,,,,,,1.170029,0.108879,1.068361,0.085116,0.000000,0.000000,-0.227951,,-0.151191,0.000000,,,,0.093057,0.166682,1.500000,22.106187,34.437120,0.000000,circle,预设轨迹15,forward
1775476531.274796,22.074410,1775476560.739744|完整运动,完整运动,circle_orbit,1,1.000000,1.500000,1.500000,,,,,,,,,,,,,,,,1.168322,0.107844,1.065957,0.094904,0.000000,0.000000,-0.230437,,-0.152066,0.000000,,,,0.092306,0.166682,1.500000,22.129969,34.413338,0.000000,circle,预设轨迹15,forward
1775476531.296718,22.096333,1775476560.739744|完整运动,完整运动,circle_orbit,1,1.000000,1.500000,1.500000,,,,,,,,,,,,,,,,1.166607,0.106825,1.063671,0.094084,0.000000,0.000000,-0.232915,,-0.152854,0.000000,,,,0.091569,0.166682,1.500000,22.153948,34.389358,0.000000,circle,预设轨迹15,forward
1775476531.325202,22.124817,1775476560.739744|完整运动,完整运动,circle_orbit,1,1.000000,1.500000,1.500000,,,,,,,,,,,,,,,,1.164844,0.104988,1.059095,0.082034,0.000000,0.000000,-0.238061,,-0.154375,0.000000,,,,0.090131,0.166682,1.500000,22.202559,34.340747,0.000000,circle,预设轨迹15,forward
1775476531.346539,22.146153,1775476560.739744|完整运动,完整运动,circle_orbit,1,1.000000,1.500000,1.500000,,,,,,,,,,,,,,,,1.163074,0.103929,1.056854,0.090694,0.000000,0.000000,-0.240725,,-0.155068,0.000000,,,,0.089357,0.166682,1.500000,22.226846,34.316461,0.000000,circle,预设轨迹15,forward
1775476531.377099,22.176713,1775476560.739744|完整运动,完整运动,circle_orbit,1,1.000000,1.500000,1.500000,,,,,,,,,,,,,,,,1.161298,0.102843,1.054737,0.089258,0.000000,0.000000,-0.243520,,-0.155606,0.000000,,,,0.088558,0.166682,1.500000,22.251399,34.291907,0.000000,circle,预设轨迹15,forward
1775476531.407243,22.206857,1775476560.739744|完整运动,完整运动,circle_orbit,1,1.000000,1.500000,1.500000,,,,,,,,,,,,,,,,1.159482,0.100710,1.050550,0.074046,0.000000,0.000000,-0.249721,,-0.156392,0.000000,,,,0.086857,0.166682,1.500000,22.301148,34.242159,0.000000,circle,预设轨迹15,forward
1775476531.433111,22.232726,1775476560.739744|完整运动,完整运动,circle_orbit,1,1.000000,1.500000,1.500000,,,,,,,,,,,,,,,,1.157662,0.099435,1.048406,0.083497,0.000000,0.000000,-0.253175,,-0.156682,0.000000,,,,0.085893,0.166682,1.500000,22.326022,34.217285,0.000000,circle,预设轨迹15,forward
1775476531.453467,22.253082,1775476560.739744|完整运动,完整运动,circle_orbit,1,1.000000,1.500000,1.500000,,,,,,,,,,,,,,,,1.155838,0.098132,1.046397,0.081853,0.000000,0.000000,-0.256755,,-0.156807,0.000000,,,,0.084901,0.166682,1.500000,22.350736,34.192571,0.000000,circle,预设轨迹15,forward
1775476531.474981,22.274596,1775476560.739744|完整运动,完整运动,circle_orbit,1,1.000000,1.500000,1.500000,,,,,,,,,,,,,,,,1.154007,0.096821,1.044177,0.080429,0.000000,0.000000,-0.260400,,-0.157092,0.000000,,,,0.083900,0.166682,1.500000,22.375268,34.168039,0.000000,circle,预设轨迹15,forward
1775476531.505376,22.304991,1775476560.739744|完整运动,完整运动,circle_orbit,1,1.000000,1.500000,1.500000,,,,,,,,,,,,,,,,1.152132,0.094494,1.039600,0.065404,0.000000,0.000000,-0.267347,,-0.157957,0.000000,,,,0.082016,0.166682,1.500000,22.423914,34.119393,0.000000,circle,预设轨迹15,forward
1775476531.526829,22.326443,1775476560.739744|完整运动,完整运动,circle_orbit,1,1.000000,1.500000,1.500000,,,,,,,,,,,,,,,,1.150259,0.093276,1.037906,0.078056,0.000000,0.000000,-0.270734,,-0.157923,0.000000,,,,0.081091,0.166682,1.500000,22.447984,34.095323,0.000000,circle,预设轨迹15,forward
1775476531.547680,22.347294,1775476560.739744|完整运动,完整运动,circle_orbit,1,1.000000,1.500000,1.500000,,,,,,,,,,,,,,,,1.148391,0.092116,1.036315,0.077620,0.000000,0.000000,-0.273977,,-0.157868,0.000000,,,,0.080213,0.166682,1.500000,22.471883,34.071424,0.000000,circle,预设轨迹15,forward
1775476531.568899,22.368514,1775476560.739744|完整运动,完整运动,circle_orbit,1,1.000000,1.500000,1.500000,,,,,,,,,,,,,,,,1.146529,0.091003,1.034832,0.077090,0.000000,0.000000,-0.277112,,-0.157772,0.000000,,,,0.079373,0.166682,1.500000,22.495660,34.047647,0.000000,circle,预设轨迹15,forward
1775476531.600683,22.400297,1775476560.739744|完整运动,完整运动,circle_orbit,1,1.000000,1.500000,1.500000,,,,,,,,,,,,,,,,1.144671,0.089898,1.033163,0.076086,0.000000,0.000000,-0.280261,,-0.157836,0.000000,,,,0.078536,0.166682,1.500000,22.519407,34.023900,0.000000,circle,预设轨迹15,forward
1775476531.622095,22.421710,1775476560.739744|完整运动,完整运动,circle_orbit,1,1.000000,1.500000,1.500000,,,,,,,,,,,,,,,,1.142792,0.087833,1.030025,0.062013,0.000000,0.000000,-0.286542,,-0.157808,0.000000,,,,0.076858,0.166682,1.500000,22.567201,33.976106,0.000000,circle,预设轨迹15,forward
1775476531.644531,22.444146,1775476560.739744|完整运动,完整运动,circle_orbit,1,1.000000,1.500000,1.500000,,,,,,,,,,,,,,,,1.140943,0.087723,1.030025,0.086356,0.000000,0.000000,-0.286542,,-0.157808,0.000000,,,,0.076887,0.166682,1.500000,22.567201,33.976106,0.000000,circle,预设轨迹15,forward
1775476531.670429,22.470044,1775476560.739744|完整运动,完整运动,circle_orbit,1,1.000000,1.500000,1.500000,,,,,,,,,,,,,,,,1.139056,0.085786,1.025869,0.061563,0.000000,0.000000,-0.292485,,-0.158854,0.000000,,,,0.075313,0.166682,1.500000,22.614759,33.928548,0.000000,circle,预设轨迹15,forward
1775476531.690979,22.490594,1775476560.739744|完整运动,完整运动,circle_orbit,1,1.000000,1.500000,1.500000,,,,,,,,,,,,,,,,1.137170,0.084795,1.023984,0.072409,0.000000,0.000000,-0.295393,,-0.159243,0.000000,,,,0.074566,0.166682,1.500000,22.638448,33.904859,0.000000,circle,预设轨迹15,forward
1775476531.719115,22.518730,1775476560.739744|完整运动,完整运动,circle_orbit,1,1.000000,1.500000,1.500000,,,,,,,,,,,,,,,,1.135271,0.082886,1.021310,0.059030,0.000000,0.000000,-0.301295,,-0.159017,0.000000,,,,0.073010,0.166682,1.500000,22.686276,33.857031,0.000000,circle,预设轨迹15,forward
1775476531.742048,22.541663,1775476560.739744|完整运动,完整运动,circle_orbit,1,1.000000,1.500000,1.500000,,,,,,,,,,,,,,,,1.133402,0.082816,1.021310,0.081944,0.000000,0.000000,-0.301295,,-0.159017,0.000000,,,,0.073069,0.166682,1.500000,22.686276,33.857031,0.000000,circle,预设轨迹15,forward
1775476531.763330,22.562945,1775476560.739744|完整运动,完整运动,circle_orbit,1,1.000000,1.500000,1.500000,,,,,,,,,,,,,,,,1.131512,0.080986,1.018079,0.058106,0.000000,0.000000,-0.307022,,-0.159385,0.000000,,,,0.071573,0.166682,1.500000,22.734252,33.809055,0.000000,circle,预设轨迹15,forward
1775476531.793929,22.593544,1775476560.739744|完整运动,完整运动,circle_orbit,1,1.000000,1.500000,1.500000,,,,,,,,,,,,,,,,1.129624,0.080004,1.016342,0.067734,0.000000,0.000000,-0.310029,,-0.159622,0.000000,,,,0.070824,0.166682,1.500000,22.758059,33.785247,0.000000,circle,预设轨迹15,forward
1775476531.818804,22.618418,1775476560.739744|完整运动,完整运动,circle_orbit,1,1.000000,1.500000,1.500000,,,,,,,,,,,,,,,,1.127749,0.078987,1.015239,0.066268,0.000000,0.000000,-0.313190,,-0.159219,0.000000,,,,0.070039,0.166682,1.500000,22.782000,33.761307,0.000000,circle,预设轨迹15,forward
1775476531.839093,22.638708,1775476560.739744|完整运动,完整运动,circle_orbit,1,1.000000,1.500000,1.500000,,,,,,,,,,,,,,,,1.125860,0.076851,1.012510,0.050146,0.000000,0.000000,-0.319988,,-0.158687,0.000000,,,,0.068259,0.166682,1.500000,22.830204,33.713102,0.000000,circle,预设轨迹15,forward
1775476531.864734,22.664349,1775476560.739744|完整运动,完整运动,circle_orbit,1,1.000000,1.500000,1.500000,,,,,,,,,,,,,,,,1.124001,0.076828,1.012510,0.076549,0.000000,0.000000,-0.319988,,-0.158687,0.000000,,,,0.068352,0.166682,1.500000,22.830204,33.713102,0.000000,circle,预设轨迹15,forward
1775476531.890501,22.690116,1775476560.739744|完整运动,完整运动,circle_orbit,1,1.000000,1.500000,1.500000,,,,,,,,,,,,,,,,1.122116,0.074661,1.008978,0.047574,0.000000,0.000000,-0.326949,,-0.158833,0.000000,,,,0.066536,0.166682,1.500000,22.878359,33.664948,0.000000,circle,预设轨迹15,forward
1775476531.910841,22.710455,1775476560.739744|完整运动,完整运动,circle_orbit,1,1.000000,1.500000,1.500000,,,,,,,,,,,,,,,,1.120231,0.073666,1.007134,0.061233,0.000000,0.000000,-0.330138,,-0.159118,0.000000,,,,0.065760,0.166682,1.500000,22.902341,33.640966,0.000000,circle,预设轨迹15,forward
1775476531.939048,22.738663,1775476560.739744|完整运动,完整运动,circle_orbit,1,1.000000,1.500000,1.500000,,,,,,,,,,,,,,,,1.118353,0.072737,1.005674,0.061121,0.000000,0.000000,-0.333150,,-0.159130,0.000000,,,,0.065040,0.166682,1.500000,22.926187,33.617120,0.000000,circle,预设轨迹15,forward
1775476531.979771,22.779386,1775476560.739744|完整运动,完整运动,circle_orbit,1,1.000000,1.500000,1.500000,,,,,,,,,,,,,,,,1.116462,0.070902,1.003038,0.047968,0.000000,0.000000,-0.339111,,-0.158930,0.000000,,,,0.063506,0.166682,1.500000,22.973090,33.570217,0.000000,circle,预设轨迹15,forward
1775476532.014364,22.813978,1775476560.739744|完整运动,完整运动,circle_orbit,1,1.000000,1.500000,1.500000,,,,,,,,,,,,,,,,1.114569,0.068985,1.000964,0.045020,0.000000,0.000000,-0.345353,,-0.158093,0.000000,,,,0.061894,0.166682,1.500000,23.019832,33.523475,0.000000,circle,预设轨迹15,forward
1775476532.040683,22.840297,1775476560.739744|完整运动,完整运动,circle_orbit,1,1.000000,1.500000,1.500000,,,,,,,,,,,,,,,,1.112685,0.068052,0.999654,0.056386,0.000000,0.000000,-0.348440,,-0.157948,0.000000,,,,0.061160,0.166682,1.500000,23.043160,33.500146,0.000000,circle,预设轨迹15,forward
1775476532.062862,22.862476,1775476560.739744|完整运动,完整运动,circle_orbit,1,1.000000,1.500000,1.500000,,,,,,,,,,,,,,,,1.110796,0.066162,0.997462,0.042538,0.000000,0.000000,-0.354646,,-0.157250,0.000000,,,,0.059563,0.166682,1.500000,23.090099,33.453207,0.000000,circle,预设轨迹15,forward
1775476532.091980,22.891594,1775476560.739744|完整运动,完整运动,circle_orbit,1,1.000000,1.500000,1.500000,,,,,,,,,,,,,,,,1.108913,0.065277,0.995941,0.054210,0.000000,0.000000,-0.357630,,-0.157360,0.000000,,,,0.058865,0.166682,1.500000,23.113418,33.429889,0.000000,circle,预设轨迹15,forward
1775476532.114754,22.914368,1775476560.739744|完整运动,完整运动,circle_orbit,1,1.000000,1.500000,1.500000,,,,,,,,,,,,,,,,1.107033,0.064432,0.994189,0.053873,0.000000,0.000000,-0.360518,,-0.157734,0.000000,,,,0.058202,0.166682,1.500000,23.136818,33.406489,0.000000,circle,预设轨迹15,forward
1775476532.135198,22.934812,1775476560.739744|完整运动,完整运动,circle_orbit,1,1.000000,1.500000,1.500000,,,,,,,,,,,,,,,,1.105141,0.062730,0.991675,0.041459,0.000000,0.000000,-0.366202,,-0.157598,0.000000,,,,0.056762,0.166682,1.500000,23.183668,33.359639,0.000000,circle,预设轨迹15,forward
1775476532.164351,22.963965,1775476560.739744|完整运动,完整运动,circle_orbit,1,1.000000,1.500000,1.500000,,,,,,,,,,,,,,,,1.103281,0.062799,0.991675,0.063653,0.000000,0.000000,-0.366202,,-0.157598,0.000000,,,,0.056920,0.166682,1.500000,23.183668,33.359639,0.000000,circle,预设轨迹15,forward
1775476532.198109,22.997723,1775476560.739744|完整运动,完整运动,circle_orbit,1,1.000000,1.500000,1.500000,,,,,,,,,,,,,,,,1.101418,0.061233,0.989605,0.041663,0.000000,0.000000,-0.371520,,-0.157213,0.000000,,,,0.055595,0.166682,1.500000,23.230419,33.312888,0.000000,circle,预设轨迹15,forward
1775476532.221226,23.020841,1775476560.739744|完整运动,完整运动,circle_orbit,1,1.000000,1.500000,1.500000,,,,,,,,,,,,,,,,1.099555,0.059647,0.987779,0.039815,0.000000,0.000000,-0.376921,,-0.156563,0.000000,,,,0.054246,0.166682,1.500000,23.276440,33.266866,0.000000,circle,预设轨迹15,forward
1775476532.242239,23.041854,1775476560.739744|完整运动,完整运动,circle_orbit,1,1.000000,1.500000,1.500000,,,,,,,,,,,,,,,,1.097712,0.058956,0.987118,0.050320,0.000000,0.000000,-0.379455,,-0.156072,0.000000,,,,0.053708,0.166682,1.500000,23.299382,33.243925,0.000000,circle,预设轨迹15,forward
1775476532.271955,23.071570,1775476560.739744|完整运动,完整运动,circle_orbit,1,1.000000,1.500000,1.500000,,,,,,,,,,,,,,,,1.095888,0.058244,0.986474,0.049346,0.000000,0.000000,-0.382094,,-0.155519,0.000000,,,,0.053148,0.166682,1.500000,23.322291,33.221015,0.000000,circle,预设轨迹15,forward
1775476532.292835,23.092449,1775476560.739744|完整运动,完整运动,circle_orbit,1,1.000000,1.500000,1.500000,,,,,,,,,,,,,,,,1.094081,0.057513,0.985682,0.048371,0.000000,0.000000,-0.384831,,-0.155066,0.000000,,,,0.052567,0.166682,1.500000,23.345231,33.198076,0.000000,circle,预设轨迹15,forward
1775476532.313263,23.112878,1775476560.739744|完整运动,完整运动,circle_orbit,1,1.000000,1.500000,1.500000,,,,,,,,,,,,,,,,1.092296,0.056756,0.985188,0.047293,0.000000,0.000000,-0.387685,,-0.154274,0.000000,,,,0.051960,0.166682,1.500000,23.368221,33.175086,0.000000,circle,预设轨迹15,forward
1775476532.347888,23.147503,1775476560.739744|完整运动,完整运动,circle_orbit,1,1.000000,1.500000,1.500000,,,,,,,,,,,,,,,,1.090512,0.055081,0.983475,0.034144,0.000000,0.000000,-0.393524,,-0.153336,0.000000,,,,0.050509,0.166682,1.500000,23.414260,33.129047,0.000000,circle,预设轨迹15,forward
1775476532.369911,23.169525,1775476560.739744|完整运动,完整运动,circle_orbit,1,1.000000,1.500000,1.500000,,,,,,,,,,,,,,,,1.088747,0.054379,0.982827,0.045612,0.000000,0.000000,-0.396236,,-0.152759,0.000000,,,,0.049947,0.166682,1.500000,23.437114,33.106193,0.000000,circle,预设轨迹15,forward
1775476532.390888,23.190503,1775476560.739744|完整运动,完整运动,circle_orbit,1,1.000000,1.500000,1.500000,,,,,,,,,,,,,,,,1.087002,0.053704,0.982317,0.045261,0.000000,0.000000,-0.398897,,-0.152072,0.000000,,,,0.049405,0.166682,1.500000,23.459796,33.083511,0.000000,circle,预设轨迹15,forward
1775476532.426221,23.225836,1775476560.739744|完整运动,完整运动,circle_orbit,1,1.000000,1.500000,1.500000,,,,,,,,,,,,,,,,1.085287,0.053039,0.982343,0.044724,0.000000,0.000000,-0.401559,,-0.150864,0.000000,,,,0.048871,0.166682,1.500000,23.482333,33.060973,0.000000,circle,预设轨迹15,forward
1775476532.446592,23.246207,1775476560.739744|完整运动,完整运动,circle_orbit,1,1.000000,1.500000,1.500000,,,,,,,,,,,,,,,,1.083587,0.051539,0.981623,0.032797,0.000000,0.000000,-0.406939,,-0.149172,0.000000,,,,0.047564,0.166682,1.500000,23.527165,33.016141,0.000000,circle,预设轨迹15,forward
1775476532.469760,23.269375,1775476560.739744|完整运动,完整运动,circle_orbit,1,1.000000,1.500000,1.500000,,,,,,,,,,,,,,,,1.081910,0.050880,0.981278,0.042644,0.000000,0.000000,-0.409623,,-0.148315,0.000000,,,,0.047028,0.166682,1.500000,23.549706,32.993601,0.000000,circle,预设轨迹15,forward
1775476532.490946,23.290560,1775476560.739744|完整运动,完整运动,circle_orbit,1,1.000000,1.500000,1.500000,,,,,,,,,,,,,,,,1.080252,0.050290,0.980765,0.042916,0.000000,0.000000,-0.412113,,-0.147708,0.000000,,,,0.046554,0.166682,1.500000,23.571978,32.971329,0.000000,circle,预设轨迹15,forward
1775476532.514043,23.313658,1775476560.739744|完整运动,完整运动,circle_orbit,1,1.000000,1.500000,1.500000,,,,,,,,,,,,,,,,1.078609,0.049768,0.980053,0.043235,0.000000,0.000000,-0.414413,,-0.147380,0.000000,,,,0.046141,0.166682,1.500000,23.594275,32.949031,0.000000,circle,预设轨迹15,forward
1775476532.548181,23.347796,1775476560.739744|完整运动,完整运动,circle_orbit,1,1.000000,1.500000,1.500000,,,,,,,,,,,,,,,,1.076990,0.049258,0.979809,0.042892,0.000000,0.000000,-0.416698,,-0.146603,0.000000,,,,0.045737,0.166682,1.500000,23.616418,32.926888,0.000000,circle,预设轨迹15,forward
1775476532.573988,23.373603,1775476560.739744|完整运动,完整运动,circle_orbit,1,1.000000,1.500000,1.500000,,,,,,,,,,,,,,,,1.075389,0.048004,0.979331,0.032323,0.000000,0.000000,-0.421413,,-0.144974,0.000000,,,,0.044639,0.166682,1.500000,23.661136,32.882170,0.000000,circle,预设轨迹15,forward
1775476532.594673,23.394288,1775476560.739744|完整运动,完整运动,circle_orbit,1,1.000000,1.500000,1.500000,,,,,,,,,,,,,,,,1.073808,0.047511,0.978946,0.041345,0.000000,0.000000,-0.423683,,-0.144341,0.000000,,,,0.044245,0.166682,1.500000,23.683626,32.859681,0.000000,circle,预设轨迹15,forward
1775476532.626831,23.426446,1775476560.739744|完整运动,完整运动,circle_orbit,1,1.000000,1.500000,1.500000,,,,,,,,,,,,,,,,1.072250,0.047041,0.978803,0.041168,0.000000,0.000000,-0.425905,,-0.143493,0.000000,,,,0.043871,0.166682,1.500000,23.705907,32.837399,0.000000,circle,预设轨迹15,forward
1775476532.652307,23.451922,1775476560.739744|完整运动,完整运动,circle_orbit,1,1.000000,1.500000,1.500000,,,,,,,,,,,,,,,,1.070705,0.045943,0.978028,0.032219,0.000000,0.000000,-0.430175,,-0.142354,0.000000,,,,0.042909,0.166682,1.500000,23.750273,32.793034,0.000000,circle,预设轨迹15,forward
1775476532.672747,23.472362,1775476560.739744|完整运动,完整运动,circle_orbit,1,1.000000,1.500000,1.500000,,,,,,,,,,,,,,,,1.069185,0.045466,0.977972,0.039498,0.000000,0.000000,-0.432456,,-0.141395,0.000000,,,,0.042524,0.166682,1.500000,23.772523,32.770783,0.000000,circle,预设轨迹15,forward
1775476532.703998,23.503613,1775476560.739744|完整运动,完整运动,circle_orbit,1,1.000000,1.500000,1.500000,,,,,,,,,,,,,,,,1.067688,0.044248,0.977828,0.029029,0.000000,0.000000,-0.437150,,-0.139450,0.000000,,,,0.041443,0.166682,1.500000,23.817481,32.725826,0.000000,circle,预设轨迹15,forward
1775476532.733689,23.533304,1775476560.739744|完整运动,完整运动,circle_orbit,1,1.000000,1.500000,1.500000,,,,,,,,,,,,,,,,1.066210,0.043724,0.977525,0.037176,0.000000,0.000000,-0.439615,,-0.138652,0.000000,,,,0.041009,0.166682,1.500000,23.839959,32.703348,0.000000,circle,预设轨迹15,forward
1775476532.754081,23.553695,1775476560.739744|完整运动,完整运动,circle_orbit,1,1.000000,1.500000,1.500000,,,,,,,,,,,,,,,,1.064751,0.043165,0.977262,0.036182,0.000000,0.000000,-0.442214,,-0.137755,0.000000,,,,0.040540,0.166682,1.500000,23.862487,32.680819,0.000000,circle,预设轨迹15,forward
1775476532.788949,23.588564,1775476560.739744|完整运动,完整运动,circle_orbit,1,1.000000,1.500000,1.500000,,,,,,,,,,,,,,,,1.063319,0.042617,0.977401,0.035765,0.000000,0.000000,-0.444801,,-0.136468,0.000000,,,,0.040079,0.166682,1.500000,23.885044,32.658262,0.000000,circle,预设轨迹15,forward
1775476532.815069,23.614684,1775476560.739744|完整运动,完整运动,circle_orbit,1,1.000000,1.500000,1.500000,,,,,,,,,,,,,,,,1.061906,0.041412,0.977130,0.026350,0.000000,0.000000,-0.449526,,-0.134634,0.000000,,,,0.038998,0.166682,1.500000,23.930390,32.612916,0.000000,circle,预设轨迹15,forward
1775476532.835381,23.634996,1775476560.739744|完整运动,完整运动,circle_orbit,1,1.000000,1.500000,1.500000,,,,,,,,,,,,,,,,1.060516,0.040324,0.977094,0.026718,0.000000,0.000000,-0.453884,,-0.132733,0.000000,,,,0.038023,0.166682,1.500000,23.975330,32.567977,0.000000,circle,预设轨迹15,forward
1775476532.859124,23.658738,1775476560.739744|完整运动,完整运动,circle_orbit,1,1.000000,1.500000,1.500000,,,,,,,,,,,,,,,,1.059153,0.039916,0.977394,0.034820,0.000000,0.000000,-0.456059,,-0.131472,0.000000,,,,0.037687,0.166682,1.500000,23.997679,32.545627,0.000000,circle,预设轨迹15,forward
1775476532.882789,23.682403,1775476560.739744|完整运动,完整运动,circle_orbit,1,1.000000,1.500000,1.500000,,,,,,,,,,,,,,,,1.057823,0.039516,0.977970,0.034518,0.000000,0.000000,-0.458235,,-0.129939,0.000000,,,,0.037356,0.166682,1.500000,24.019927,32.523380,0.000000,circle,预设轨迹15,forward
1775476532.908295,23.707910,1775476560.739744|完整运动,完整运动,circle_orbit,1,1.000000,1.500000,1.500000,,,,,,,,,,,,,,,,1.056519,0.039103,0.978291,0.033933,0.000000,0.000000,-0.460479,,-0.128627,0.000000,,,,0.037011,0.166682,1.500000,24.042181,32.501125,0.000000,circle,预设轨迹15,forward
1775476532.935654,23.735268,1775476560.739744|完整运动,完整运动,circle_orbit,1,1.000000,1.500000,1.500000,,,,,,,,,,,,,,,,1.055243,0.038724,0.978670,0.033993,0.000000,0.000000,-0.462631,,-0.127300,0.000000,,,,0.036697,0.166682,1.500000,24.064514,32.478793,0.000000,circle,预设轨迹15,forward
1775476532.956693,23.756308,1775476560.739744|完整运动,完整运动,circle_orbit,1,1.000000,1.500000,1.500000,,,,,,,,,,,,,,,,1.053991,0.037776,0.978874,0.025926,0.000000,0.000000,-0.466640,,-0.125317,0.000000,,,,0.035841,0.166682,1.500000,24.109076,32.434230,0.000000,circle,预设轨迹15,forward
1775476532.983004,23.782619,1775476560.739744|完整运动,完整运动,circle_orbit,1,1.000000,1.500000,1.500000,,,,,,,,,,,,,,,,1.052759,0.037496,0.978882,0.033999,0.000000,0.000000,-0.468501,,-0.124483,0.000000,,,,0.035617,0.166682,1.500000,24.131339,32.411967,0.000000,circle,预设轨迹15,forward
1775476533.011213,23.810827,1775476560.739744|完整运动,完整运动,circle_orbit,1,1.000000,1.500000,1.500000,,,,,,,,,,,,,,,,1.051553,0.037177,0.979162,0.033183,0.000000,0.000000,-0.470511,,-0.123315,0.000000,,,,0.035354,0.166682,1.500000,24.153686,32.389621,0.000000,circle,预设轨迹15,forward
1775476533.032521,23.832135,1775476560.739744|完整运动,完整运动,circle_orbit,1,1.000000,1.500000,1.500000,,,,,,,,,,,,,,,,1.050370,0.036831,0.979415,0.032509,0.000000,0.000000,-0.472624,,-0.122129,0.000000,,,,0.035065,0.166682,1.500000,24.176342,32.366964,0.000000,circle,预设轨迹15,forward
1775476533.061413,23.861028,1775476560.739744|完整运动,完整运动,circle_orbit,1,1.000000,1.500000,1.500000,,,,,,,,,,,,,,,,1.049211,0.036555,0.979679,0.033101,0.000000,0.000000,-0.474529,,-0.121024,0.000000,,,,0.034840,0.166682,1.500000,24.199043,32.344264,0.000000,circle,预设轨迹15,forward
1775476533.084509,23.884123,1775476560.739744|完整运动,完整运动,circle_orbit,1,1.000000,1.500000,1.500000,,,,,,,,,,,,,,,,1.048079,0.035797,0.980110,0.026321,0.000000,0.000000,-0.478004,,-0.119059,0.000000,,,,0.034155,0.166682,1.500000,24.243923,32.299384,0.000000,circle,预设轨迹15,forward
1775476533.106689,23.906304,1775476560.739744|完整运动,完整运动,circle_orbit,1,1.000000,1.500000,1.500000,,,,,,,,,,,,,,,,1.046970,0.035579,0.980469,0.032851,0.000000,0.000000,-0.479745,,-0.117934,0.000000,,,,0.033982,0.166682,1.500000,24.266104,32.277203,0.000000,circle,预设轨迹15,forward
1775476533.139951,23.939566,1775476560.739744|完整运动,完整运动,circle_orbit,1,1.000000,1.500000,1.500000,,,,,,,,,,,,,,,,1.045884,0.035306,0.980736,0.031899,0.000000,0.000000,-0.481677,,-0.116815,0.000000,,,,0.033757,0.166682,1.500000,24.288257,32.255050,0.000000,circle,预设轨迹15,forward
1775476533.161069,23.960684,1775476560.739744|完整运动,完整运动,circle_orbit,1,1.000000,1.500000,1.500000,,,,,,,,,,,,,,,,1.044828,0.034387,0.981422,0.022904,0.000000,0.000000,-0.485709,,-0.114356,0.000000,,,,0.032912,0.166682,1.500000,24.332719,32.210588,0.000000,circle,预设轨迹15,forward
1775476533.182430,23.982045,1775476560.739744|完整运动,完整运动,circle_orbit,1,1.000000,1.500000,1.500000,,,,,,,,,,,,,,,,1.043791,0.034077,0.981607,0.030198,0.000000,0.000000,-0.487779,,-0.113255,0.000000,,,,0.032647,0.166682,1.500000,24.354909,32.188397,0.000000,circle,预设轨迹15,forward
1775476533.208072,24.007686,1775476560.739744|完整运动,完整运动,circle_orbit,1,1.000000,1.500000,1.500000,,,,,,,,,,,,,,,,1.042774,0.033808,0.981728,0.030443,0.000000,0.000000,-0.489728,,-0.112271,0.000000,,,,0.032421,0.166682,1.500000,24.377051,32.166255,0.000000,circle,预设轨迹15,forward
1775476533.229038,24.028652,1775476560.739744|完整运动,完整运动,circle_orbit,1,1.000000,1.500000,1.500000,,,,,,,,,,,,,,,,1.041779,0.033559,0.982121,0.030454,0.000000,0.000000,-0.491623,,-0.111046,0.000000,,,,0.032214,0.166682,1.500000,24.399425,32.143881,0.000000,circle,预设轨迹15,forward
1775476533.261998,24.061613,1775476560.739744|完整运动,完整运动,circle_orbit,1,1.000000,1.500000,1.500000,,,,,,,,,,,,,,,,1.040812,0.032711,0.982759,0.022106,0.000000,0.000000,-0.495468,,-0.108718,0.000000,,,,0.031428,0.166682,1.500000,24.444359,32.098947,0.000000,circle,预设轨迹15,forward
1775476533.294369,24.093984,1775476560.739744|完整运动,完整运动,circle_orbit,1,1.000000,1.500000,1.500000,,,,,,,,,,,,,,,,1.039860,0.033054,0.982759,0.037337,0.000000,0.000000,-0.495468,,-0.108718,0.000000,,,,0.031787,0.166682,1.500000,24.444359,32.098947,0.000000,circle,预设轨迹15,forward
1775476533.316101,24.115715,1775476560.739744|完整运动,完整运动,circle_orbit,1,1.000000,1.500000,1.500000,,,,,,,,,,,,,,,,1.038957,0.031587,0.984742,0.013254,0.000000,0.000000,-0.501336,,-0.104189,0.000000,,,,0.030403,0.166682,1.500000,24.511156,32.032151,0.000000,circle,预设轨迹15,forward
1775476533.336508,24.136123,1775476560.739744|完整运动,完整运动,circle_orbit,1,1.000000,1.500000,1.500000,,,,,,,,,,,,,,,,1.038085,0.031325,0.985798,0.028051,0.000000,0.000000,-0.503310,,-0.102292,0.000000,,,,0.030176,0.166682,1.500000,24.533094,32.010213,0.000000,circle,预设轨迹15,forward
1775476533.359709,24.159323,1775476560.739744|完整运动,完整运动,circle_orbit,1,1.000000,1.500000,1.500000,,,,,,,,,,,,,,,,1.037228,0.031678,0.985798,0.036088,0.000000,0.000000,-0.503310,,-0.102292,0.000000,,,,0.030541,0.166682,1.500000,24.533094,32.010213,0.000000,circle,预设轨迹15,forward
1775476533.380213,24.179828,1775476560.739744|完整运动,完整运动,circle_orbit,1,1.000000,1.500000,1.500000,,,,,,,,,,,,,,,,1.036405,0.030966,0.987040,0.022074,0.000000,0.000000,-0.506768,,-0.099558,0.000000,,,,0.029879,0.166682,1.500000,24.577353,31.965954,0.000000,circle,预设轨迹15,forward
1775476533.415298,24.214912,1775476560.739744|完整运动,完整运动,circle_orbit,1,1.000000,1.500000,1.500000,,,,,,,,,,,,,,,,1.035608,0.030823,0.987786,0.029029,0.000000,0.000000,-0.508397,,-0.098117,0.000000,,,,0.029763,0.166682,1.500000,24.599545,31.943762,0.000000,circle,预设轨迹15,forward
1775476533.442809,24.242423,1775476560.739744|完整运动,完整运动,circle_orbit,1,1.000000,1.500000,1.500000,,,,,,,,,,,,,,,,1.034835,0.030708,0.988447,0.029274,0.000000,0.000000,-0.509944,,-0.096795,0.000000,,,,0.029674,0.166682,1.500000,24.621632,31.921675,0.000000,circle,预设轨迹15,forward
1775476533.464253,24.263868,1775476560.739744|完整运动,完整运动,circle_orbit,1,1.000000,1.500000,1.500000,,,,,,,,,,,,,,,,1.034098,0.030220,0.989880,0.024117,0.000000,0.000000,-0.512711,,-0.094191,0.000000,,,,0.029224,0.166682,1.500000,24.665316,31.877991,0.000000,circle,预设轨迹15,forward
1775476533.495050,24.294665,1775476560.739744|完整运动,完整运动,circle_orbit,1,1.000000,1.500000,1.500000,,,,,,,,,,,,,,,,1.033383,0.030212,0.990488,0.030109,0.000000,0.000000,-0.513932,,-0.093068,0.000000,,,,0.029236,0.166682,1.500000,24.687228,31.856078,0.000000,circle,预设轨迹15,forward
1775476533.518674,24.318289,1775476560.739744|完整运动,完整运动,circle_orbit,1,1.000000,1.500000,1.500000,,,,,,,,,,,,,,,,1.032695,0.030231,0.991377,0.030468,0.000000,0.000000,-0.515077,,-0.091710,0.000000,,,,0.029274,0.166682,1.500000,24.709213,31.834093,0.000000,circle,预设轨迹15,forward
1775476533.539777,24.339391,1775476560.739744|完整运动,完整运动,circle_orbit,1,1.000000,1.500000,1.500000,,,,,,,,,,,,,,,,1.032047,0.029912,0.993188,0.025931,0.000000,0.000000,-0.517327,,-0.088985,0.000000,,,,0.028983,0.166682,1.500000,24.753586,31.789720,0.000000,circle,预设轨迹15,forward
1775476533.570282,24.369896,1775476560.739744|完整运动,完整运动,circle_orbit,1,1.000000,1.500000,1.500000,,,,,,,,,,,,,,,,1.031421,0.029952,0.993881,0.030443,0.000000,0.000000,-0.518426,,-0.087838,0.000000,,,,0.029039,0.166682,1.500000,24.775538,31.767768,0.000000,circle,预设轨迹15,forward
1775476533.595671,24.395286,1775476560.739744|完整运动,完整运动,circle_orbit,1,1.000000,1.500000,1.500000,,,,,,,,,,,,,,,,1.030819,0.029959,0.994672,0.030052,0.000000,0.000000,-0.519636,,-0.086551,0.000000,,,,0.029063,0.166682,1.500000,24.797446,31.745861,0.000000,circle,预设轨迹15,forward
1775476533.616652,24.416267,1775476560.739744|完整运动,完整运动,circle_orbit,1,1.000000,1.500000,1.500000,,,,,,,,,,,,,,,,1.030260,0.029502,0.996747,0.023793,0.000000,0.000000,-0.522358,,-0.083379,0.000000,,,,0.028636,0.166682,1.500000,24.841452,31.701854,0.000000,circle,预设轨迹15,forward
1775476533.652027,24.451642,1775476560.739744|完整运动,完整运动,circle_orbit,1,1.000000,1.500000,1.500000,,,,,,,,,,,,,,,,1.029711,0.029887,0.996747,0.034697,0.000000,0.000000,-0.522358,,-0.083379,0.000000,,,,0.029025,0.166682,1.500000,24.841452,31.701854,0.000000,circle,预设轨迹15,forward
1775476533.676586,24.476201,1775476560.739744|完整运动,完整运动,circle_orbit,1,1.000000,1.500000,1.500000,,,,,,,,,,,,,,,,1.029200,0.029437,0.998535,0.023815,0.000000,0.000000,-0.525068,,-0.080490,0.000000,,,,0.028602,0.166682,1.500000,24.885861,31.657446,0.000000,circle,预设轨迹15,forward
1775476533.696972,24.496587,1775476560.739744|完整运动,完整运动,circle_orbit,1,1.000000,1.500000,1.500000,,,,,,,,,,,,,,,,1.028727,0.028965,1.000386,0.023055,0.000000,0.000000,-0.527855,,-0.077514,0.000000,,,,0.028156,0.166682,1.500000,24.929886,31.613421,0.000000,circle,预设轨迹15,forward
1775476533.729285,24.528899,1775476560.739744|完整运动,完整运动,circle_orbit,1,1.000000,1.500000,1.500000,,,,,,,,,,,,,,,,1.028263,0.029353,1.000386,0.034208,0.000000,0.000000,-0.527855,,-0.077514,0.000000,,,,0.028546,0.166682,1.500000,24.929886,31.613421,0.000000,circle,预设轨迹15,forward
1775476533.758340,24.557955,1775476560.739744|完整运动,完整运动,circle_orbit,1,1.000000,1.500000,1.500000,,,,,,,,,,,,,,,,1.027841,0.028974,1.002520,0.024239,0.000000,0.000000,-0.530349,,-0.074411,0.000000,,,,0.028189,0.166682,1.500000,24.974525,31.568782,0.000000,circle,预设轨迹15,forward
1775476533.778668,24.578283,1775476560.739744|完整运动,完整运动,circle_orbit,1,1.000000,1.500000,1.500000,,,,,,,,,,,,,,,,1.027464,0.028650,1.004864,0.024597,0.000000,0.000000,-0.532671,,-0.071197,0.000000,,,,0.027884,0.166682,1.500000,25.019373,31.523933,0.000000,circle,预设轨迹15,forward
1775476533.804928,24.604542,1775476560.739744|完整运动,完整运动,circle_orbit,1,1.000000,1.500000,1.500000,,,,,,,,,,,,,,,,1.027110,0.028677,1.005891,0.029016,0.000000,0.000000,-0.533858,,-0.069717,0.000000,,,,0.027920,0.166682,1.500000,25.041425,31.501882,0.000000,circle,预设轨迹15,forward
1775476533.861065,24.660679,1775476560.739744|完整运动,完整运动,circle_orbit,1,1.000000,1.500000,1.500000,,,,,,,,,,,,,,,,1.026788,0.028710,1.007413,0.029121,0.000000,0.000000,-0.535034,,-0.067786,0.000000,,,,0.027961,0.166682,1.500000,25.063352,31.479954,0.000000,circle,预设轨迹15,forward
1775476533.881905,24.681520,1775476560.739744|完整运动,完整运动,circle_orbit,1,1.000000,1.500000,1.500000,,,,,,,,,,,,,,,,1.026532,0.028189,1.011214,0.021677,0.000000,0.000000,-0.538016,,-0.062963,0.000000,,,,0.027460,0.166682,1.500000,25.129365,31.413941,0.000000,circle,预设轨迹15,forward
1775476533.905647,24.705262,1775476560.739744|完整运动,完整运动,circle_orbit,1,1.000000,1.500000,1.500000,,,,,,,,,,,,,,,,1.026307,0.028323,1.012785,0.030003,0.000000,0.000000,-0.538879,,-0.061141,0.000000,,,,0.027597,0.166682,1.500000,25.151267,31.392040,0.000000,circle,预设轨迹15,forward
1775476533.949611,24.749226,1775476560.739744|完整运动,完整运动,circle_orbit,1,1.000000,1.500000,1.500000,,,,,,,,,,,,,,,,1.026103,0.028423,1.013860,0.029672,0.000000,0.000000,-0.539860,,-0.059723,0.000000,,,,0.027700,0.166682,1.500000,25.173165,31.370142,0.000000,circle,预设轨迹15,forward
1775476533.979219,24.778833,1775476560.739744|完整运动,完整运动,circle_orbit,1,1.000000,1.500000,1.500000,,,,,,,,,,,,,,,,1.025937,0.028298,1.016014,0.026729,0.000000,0.000000,-0.541578,,-0.056999,0.000000,,,,0.027582,0.166682,1.500000,25.216792,31.326515,0.000000,circle,预设轨迹15,forward
1775476533.999901,24.799516,1775476560.739744|完整运动,完整运动,circle_orbit,1,1.000000,1.500000,1.500000,,,,,,,,,,,,,,,,1.025827,0.028292,1.019224,0.028221,0.000000,0.000000,-0.542918,,-0.053498,0.000000,,,,0.027580,0.166682,1.500000,25.260837,31.282470,0.000000,circle,预设轨迹15,forward
1775476534.029345,24.828959,1775476560.739744|完整运动,完整运动,circle_orbit,1,1.000000,1.500000,1.500000,,,,,,,,,,,,,,,,1.025745,0.028477,1.020774,0.030789,0.000000,0.000000,-0.543647,,-0.051777,0.000000,,,,0.027762,0.166682,1.500000,25.282975,31.260331,0.000000,circle,预设轨迹15,forward
1775476534.067748,24.867363,1775476560.739744|完整运动,完整运动,circle_orbit,1,1.000000,1.500000,1.500000,,,,,,,,,,,,,,,,1.025685,0.028667,1.022093,0.031040,0.000000,0.000000,-0.544364,,-0.050273,0.000000,,,,0.027949,0.166682,1.500000,25.304914,31.238393,0.000000,circle,预设轨迹15,forward
1775476534.106498,24.906112,1775476560.739744|完整运动,完整运动,circle_orbit,1,1.000000,1.500000,1.500000,,,,,,,,,,,,,,,,1.025692,0.028697,1.026104,0.029078,0.000000,0.000000,-0.545611,,-0.046134,0.000000,,,,0.027979,0.166682,1.500000,25.371048,31.172258,0.000000,circle,预设轨迹15,forward
1775476534.132317,24.931931,1775476560.739744|完整运动,完整运动,circle_orbit,1,1.000000,1.500000,1.500000,,,,,,,,,,,,,,,,1.025720,0.029045,1.027442,0.033391,0.000000,0.000000,-0.545834,,-0.044845,0.000000,,,,0.028317,0.166682,1.500000,25.393563,31.149743,0.000000,circle,预设轨迹15,forward
1775476534.155355,24.954970,1775476560.739744|完整运动,完整运动,circle_orbit,1,1.000000,1.500000,1.500000,,,,,,,,,,,,,,,,1.025777,0.029347,1.029157,0.033119,0.000000,0.000000,-0.546210,,-0.043156,0.000000,,,,0.028609,0.166682,1.500000,25.416054,31.127252,0.000000,circle,预设轨迹15,forward
1775476534.179981,24.979596,1775476560.739744|完整运动,完整运动,circle_orbit,1,1.000000,1.500000,1.500000,,,,,,,,,,,,,,,,1.025856,0.029639,1.030648,0.033289,0.000000,0.000000,-0.546620,,-0.041656,0.000000,,,,0.028892,0.166682,1.500000,25.438295,31.105012,0.000000,circle,预设轨迹15,forward
1775476534.200330,24.999944,1775476560.739744|完整运动,完整运动,circle_orbit,1,1.000000,1.500000,1.500000,,,,,,,,,,,,,,,,1.025975,0.029763,1.033098,0.031317,0.000000,0.000000,-0.547576,,-0.039075,0.000000,,,,0.029010,0.166682,1.500000,25.482056,31.061250,0.000000,circle,预设轨迹15,forward
1775476534.234222,25.033837,1775476560.739744|完整运动,完整运动,circle_orbit,1,1.000000,1.500000,1.500000,,,,,,,,,,,,,,,,1.026126,0.030032,1.035182,0.033391,0.000000,0.000000,-0.548065,,-0.037030,0.000000,,,,0.029267,0.166682,1.500000,25.504087,31.039219,0.000000,circle,预设轨迹15,forward
1775476534.258176,25.057791,1775476560.739744|完整运动,完整运动,circle_orbit,1,1.000000,1.500000,1.500000,,,,,,,,,,,,,,,,1.026322,0.030207,1.038081,0.032392,0.000000,0.000000,-0.548862,,-0.034147,0.000000,,,,0.029432,0.166682,1.500000,25.526403,31.016904,0.000000,circle,预设轨迹15,forward
1775476534.278583,25.078198,1775476560.739744|完整运动,完整运动,circle_orbit,1,1.000000,1.500000,1.500000,,,,,,,,,,,,,,,,1.026569,0.029968,1.041369,0.026987,0.000000,0.000000,-0.550998,,-0.030346,0.000000,,,,0.029192,0.166682,1.500000,25.570467,30.972840,0.000000,circle,预设轨迹15,forward
1775476534.316520,25.116135,1775476560.739744|完整运动,完整运动,circle_orbit,1,1.000000,1.500000,1.500000,,,,,,,,,,,,,,,,1.026834,0.030030,1.042745,0.030809,0.000000,0.000000,-0.552151,,-0.028646,0.000000,,,,0.029246,0.166682,1.500000,25.592194,30.951113,0.000000,circle,预设轨迹15,forward
1775476534.351099,25.150713,1775476560.739744|完整运动,完整运动,circle_orbit,1,1.000000,1.500000,1.500000,,,,,,,,,,,,,,,,1.027139,0.029960,1.045425,0.029086,0.000000,0.000000,-0.553731,,-0.025639,0.000000,,,,0.029169,0.166682,1.500000,25.635957,30.907350,0.000000,circle,预设轨迹15,forward
1775476534.374353,25.173967,1775476560.739744|完整运动,完整运动,circle_orbit,1,1.000000,1.500000,1.500000,,,,,,,,,,,,,,,,1.027462,0.030295,1.046865,0.034471,0.000000,0.000000,-0.553999,,-0.024286,0.000000,,,,0.029485,0.166682,1.500000,25.658037,30.885270,0.000000,circle,预设轨迹15,forward
1775476534.398884,25.198498,1775476560.739744|完整运动,完整运动,circle_orbit,1,1.000000,1.500000,1.500000,,,,,,,,,,,,,,,,1.027812,0.030723,1.048783,0.036078,0.000000,0.000000,-0.553965,,-0.022663,0.000000,,,,0.029892,0.166682,1.500000,25.680246,30.863060,0.000000,circle,预设轨迹15,forward
1775476534.428175,25.227790,1775476560.739744|完整运动,完整运动,circle_orbit,1,1.000000,1.500000,1.500000,,,,,,,,,,,,,,,,1.028179,0.031215,1.050251,0.037359,0.000000,0.000000,-0.553726,,-0.021520,0.000000,,,,0.030359,0.166682,1.500000,25.702525,30.840782,0.000000,circle,预设轨迹15,forward
1775476534.448617,25.248232,1775476560.739744|完整运动,完整运动,circle_orbit,1,1.000000,1.500000,1.500000,,,,,,,,,,,,,,,,1.028607,0.031902,1.054270,0.040500,0.000000,0.000000,-0.552865,,-0.018500,0.000000,,,,0.031015,0.166682,1.500000,25.746831,30.796476,0.000000,circle,预设轨迹15,forward
1775476534.474876,25.274491,1775476560.739744|完整运动,完整运动,circle_orbit,1,1.000000,1.500000,1.500000,,,,,,,,,,,,,,,,1.029060,0.032473,1.056203,0.039600,0.000000,0.000000,-0.552386,,-0.017086,0.000000,,,,0.031556,0.166682,1.500000,25.768765,30.774541,0.000000,circle,预设轨迹15,forward
1775476534.505641,25.305255,1775476560.739744|完整运动,完整运动,circle_orbit,1,1.000000,1.500000,1.500000,,,,,,,,,,,,,,,,1.029554,0.032943,1.059196,0.038829,0.000000,0.000000,-0.552230,,-0.014647,0.000000,,,,0.031998,0.166682,1.500000,25.790835,30.752471,0.000000,circle,预设轨迹15,forward
1775476534.528298,25.327913,1775476560.739744|完整运动,完整运动,circle_orbit,1,1.000000,1.500000,1.500000,,,,,,,,,,,,,,,,1.030111,0.033326,1.063528,0.038109,0.000000,0.000000,-0.552365,,-0.010981,0.000000,,,,0.032352,0.166682,1.500000,25.834828,30.708479,0.000000,circle,预设轨迹15,forward
1775476534.563066,25.362681,1775476560.739744|完整运动,完整运动,circle_orbit,1,1.000000,1.500000,1.500000,,,,,,,,,,,,,,,,1.030719,0.033712,1.067252,0.038541,0.000000,0.000000,-0.552489,,-0.007850,0.000000,,,,0.032708,0.166682,1.500000,25.878505,30.664802,0.000000,circle,预设轨迹15,forward
1775476534.588405,25.388019,1775476560.739744|完整运动,完整运动,circle_orbit,1,1.000000,1.500000,1.500000,,,,,,,,,,,,,,,,1.031359,0.034100,1.069763,0.038943,0.000000,0.000000,-0.552604,,-0.005737,0.000000,,,,0.033063,0.166682,1.500000,25.900339,30.642968,0.000000,circle,预设轨迹15,forward
1775476534.609123,25.408737,1775476560.739744|完整运动,完整运动,circle_orbit,1,1.000000,1.500000,1.500000,,,,,,,,,,,,,,,,1.032021,0.034538,1.071732,0.040017,0.000000,0.000000,-0.552547,,-0.004153,0.000000,,,,0.033466,0.166682,1.500000,25.922288,30.621019,0.000000,circle,预设轨迹15,forward
1775476534.639261,25.438876,1775476560.739744|完整运动,完整运动,circle_orbit,1,1.000000,1.500000,1.500000,,,,,,,,,,,,,,,,1.032708,0.034992,1.073884,0.040670,0.000000,0.000000,-0.552430,,-0.002451,0.000000,,,,0.033884,0.166682,1.500000,25.944515,30.598792,0.000000,circle,预设轨迹15,forward
1775476534.668061,25.467676,1775476560.739744|完整运动,完整运动,circle_orbit,1,1.000000,1.500000,1.500000,,,,,,,,,,,,,,,,1.033415,0.035485,1.075870,0.041639,0.000000,0.000000,-0.552183,,-0.000950,0.000000,,,,0.034337,0.166682,1.500000,25.966854,30.576453,0.000000,circle,预设轨迹15,forward
1775476534.688643,25.488257,1775476560.739744|完整运动,完整运动,circle_orbit,1,1.000000,1.500000,1.500000,,,,,,,,,,,,,,,,1.034097,0.036008,1.075006,0.042550,0.000000,0.000000,-0.551834,,0.001806,0.000000,,,,0.034821,0.166682,1.500000,26.011279,30.532028,0.000000,circle,预设轨迹15,forward
1775476534.719535,25.519149,1775476560.739744|完整运动,完整运动,circle_orbit,1,1.000000,1.500000,1.500000,,,,,,,,,,,,,,,,1.034739,0.036428,1.073277,0.041675,0.000000,0.000000,-0.551810,,0.003221,0.000000,,,,0.035205,0.166682,1.500000,26.033428,30.509878,0.000000,circle,预设轨迹15,forward
1775476534.744509,25.544124,1775476560.739744|完整运动,完整运动,circle_orbit,1,1.000000,1.500000,1.500000,,,,,,,,,,,,,,,,1.035289,0.036848,1.068280,0.042106,0.000000,0.000000,-0.551786,,0.007318,0.000000,,,,0.035592,0.166682,1.500000,26.078115,30.465191,0.000000,circle,预设轨迹15,forward
1775476534.765102,25.564717,1775476560.739744|完整运动,完整运动,circle_orbit,1,1.000000,1.500000,1.500000,,,,,,,,,,,,,,,,1.035795,0.037294,1.066145,0.042859,0.000000,0.000000,-0.551673,,0.009125,0.000000,,,,0.036005,0.166682,1.500000,26.100624,30.442682,0.000000,circle,预设轨迹15,forward
1775476534.795673,25.595287,1775476560.739744|完整运动,完整运动,circle_orbit,1,1.000000,1.500000,1.500000,,,,,,,,,,,,,,,,1.036274,0.037849,1.065023,0.044790,0.000000,0.000000,-0.551192,,0.010265,0.000000,,,,0.036524,0.166682,1.500000,26.123143,30.420164,0.000000,circle,预设轨迹15,forward
1775476534.822888,25.622503,1775476560.739744|完整运动,完整运动,circle_orbit,1,1.000000,1.500000,1.500000,,,,,,,,,,,,,,,,1.036736,0.038556,1.064455,0.047390,0.000000,0.000000,-0.550210,,0.011171,0.000000,,,,0.037189,0.166682,1.500000,26.145622,30.397685,0.000000,circle,预设轨迹15,forward
1775476534.843484,25.643099,1775476560.739744|完整运动,完整运动,circle_orbit,1,1.000000,1.500000,1.500000,,,,,,,,,,,,,,,,1.037152,0.039781,1.062105,0.055093,0.000000,0.000000,-0.547564,,0.014296,0.000000,,,,0.038356,0.166682,1.500000,26.190222,30.353085,0.000000,circle,预设轨迹15,forward
1775476534.877450,25.677064,1775476560.739744|完整运动,完整运动,circle_orbit,1,1.000000,1.500000,1.500000,,,,,,,,,,,,,,,,1.037532,0.040557,1.060357,0.050263,0.000000,0.000000,-0.546369,,0.016282,0.000000,,,,0.039090,0.166682,1.500000,26.212492,30.330815,0.000000,circle,预设轨迹15,forward
1775476534.918276,25.717891,1775476560.739744|完整运动,完整运动,circle_orbit,1,1.000000,1.500000,1.500000,,,,,,,,,,,,,,,,1.037852,0.041515,1.057029,0.053483,0.000000,0.000000,-0.544594,,0.019856,0.000000,,,,0.040000,0.166682,1.500000,26.257339,30.285968,0.000000,circle,预设轨迹15,forward
1775476534.949388,25.749002,1775476560.739744|完整运动,完整运动,circle_orbit,1,1.000000,1.500000,1.500000,,,,,,,,,,,,,,,,1.038140,0.042124,1.055391,0.049737,0.000000,0.000000,-0.543934,,0.021525,0.000000,,,,0.040576,0.166682,1.500000,26.279888,30.263418,0.000000,circle,预设轨迹15,forward
1775476534.970446,25.770061,1775476560.739744|完整运动,完整运动,circle_orbit,1,1.000000,1.500000,1.500000,,,,,,,,,,,,,,,,1.038376,0.043062,1.052564,0.054786,0.000000,0.000000,-0.542210,,0.024677,0.000000,,,,0.041470,0.166682,1.500000,26.324302,30.219005,0.000000,circle,预设轨迹15,forward
1775476534.993334,25.792949,1775476560.739744|完整运动,完整运动,circle_orbit,1,1.000000,1.500000,1.500000,,,,,,,,,,,,,,,,1.038578,0.043738,1.050719,0.052197,0.000000,0.000000,-0.541320,,0.026636,0.000000,,,,0.042114,0.166682,1.500000,26.346487,30.196820,0.000000,circle,预设轨迹15,forward
1775476535.025553,25.825168,1775476560.739744|完整运动,完整运动,circle_orbit,1,1.000000,1.500000,1.500000,,,,,,,,,,,,,,,,1.038752,0.044392,1.049169,0.052558,0.000000,0.000000,-0.540491,,0.028324,0.000000,,,,0.042736,0.166682,1.500000,26.368811,30.174496,0.000000,circle,预设轨迹15,forward
1775476535.048220,25.847835,1775476560.739744|完整运动,完整运动,circle_orbit,1,1.000000,1.500000,1.500000,,,,,,,,,,,,,,,,1.038897,0.045322,1.047595,0.056948,0.000000,0.000000,-0.538757,,0.030437,0.000000,,,,0.043625,0.166682,1.500000,26.412862,30.130445,0.000000,circle,预设轨迹15,forward
1775476535.068911,25.868525,1775476560.739744|完整运动,完整运动,circle_orbit,1,1.000000,1.500000,1.500000,,,,,,,,,,,,,,,,1.039016,0.045982,1.046171,0.054235,0.000000,0.000000,-0.537882,,0.032043,0.000000,,,,0.044255,0.166682,1.500000,26.434901,30.108405,0.000000,circle,预设轨迹15,forward
1775476535.098455,25.898070,1775476560.739744|完整运动,完整运动,circle_orbit,1,1.000000,1.500000,1.500000,,,,,,,,,,,,,,,,1.039120,0.046699,1.045353,0.055667,0.000000,0.000000,-0.536804,,0.033224,0.000000,,,,0.044941,0.166682,1.500000,26.456866,30.086440,0.000000,circle,预设轨迹15,forward
1775476535.124003,25.923618,1775476560.739744|完整运动,完整运动,circle_orbit,1,1.000000,1.500000,1.500000,,,,,,,,,,,,,,,,1.039198,0.047843,1.043843,0.062139,0.000000,0.000000,-0.534342,,0.035616,0.000000,,,,0.046038,0.166682,1.500000,26.501480,30.041827,0.000000,circle,预设轨迹15,forward
1775476535.147803,25.947417,1775476560.739744|完整运动,完整运动,circle_orbit,1,1.000000,1.500000,1.500000,,,,,,,,,,,,,,,,1.039263,0.048638,1.043200,0.058581,0.000000,0.000000,-0.532993,,0.036769,0.000000,,,,0.046801,0.166682,1.500000,26.523841,30.019466,0.000000,circle,预设轨迹15,forward
1775476535.180011,25.979625,1775476560.739744|完整运动,完整运动,circle_orbit,1,1.000000,1.500000,1.500000,,,,,,,,,,,,,,,,1.039315,0.049424,1.042458,0.059247,0.000000,0.000000,-0.531656,,0.038003,0.000000,,,,0.047555,0.166682,1.500000,26.546336,29.996971,0.000000,circle,预设轨迹15,forward
1775476535.204541,26.004155,1775476560.739744|完整运动,完整运动,circle_orbit,1,1.000000,1.500000,1.500000,,,,,,,,,,,,,,,,1.039347,0.050745,1.041260,0.067252,0.000000,0.000000,-0.528586,,0.040402,0.000000,,,,0.048824,0.166682,1.500000,26.591302,29.952004,0.000000,circle,预设轨迹15,forward
1775476535.224891,26.024506,1775476560.739744|完整运动,完整运动,circle_orbit,1,1.000000,1.500000,1.500000,,,,,,,,,,,,,,,,1.039361,0.051605,1.040184,0.062358,0.000000,0.000000,-0.526993,,0.042042,0.000000,,,,0.049651,0.166682,1.500000,26.613875,29.929432,0.000000,circle,预设轨迹15,forward
1775476535.250089,26.049704,1775476560.739744|完整运动,完整运动,circle_orbit,1,1.000000,1.500000,1.500000,,,,,,,,,,,,,,,,1.039349,0.052417,1.038617,0.062573,0.000000,0.000000,-0.525540,,0.044047,0.000000,,,,0.050433,0.166682,1.500000,26.636501,29.906806,0.000000,circle,预设轨迹15,forward
1775476535.271109,26.070724,1775476560.739744|完整运动,完整运动,circle_orbit,1,1.000000,1.500000,1.500000,,,,,,,,,,,,,,,,1.039312,0.053166,1.037098,0.062518,0.000000,0.000000,-0.524276,,0.045931,0.000000,,,,0.051155,0.166682,1.500000,26.659195,29.884111,0.000000,circle,预设轨迹15,forward
1775476535.291676,26.091290,1775476560.739744|完整运动,完整运动,circle_orbit,1,1.000000,1.500000,1.500000,,,,,,,,,,,,,,,,1.039265,0.054015,1.036426,0.064629,0.000000,0.000000,-0.522665,,0.047234,0.000000,,,,0.051974,0.166682,1.500000,26.681951,29.861356,0.000000,circle,预设轨迹15,forward
1775476535.325647,26.125262,1775476560.739744|完整运动,完整运动,circle_orbit,1,1.000000,1.500000,1.500000,,,,,,,,,,,,,,,,1.039188,0.055347,1.034602,0.072004,0.000000,0.000000,-0.519489,,0.050240,0.000000,,,,0.053260,0.166682,1.500000,26.726949,29.816357,0.000000,circle,预设轨迹15,forward
1775476535.359622,26.159237,1775476560.739744|完整运动,完整运动,circle_orbit,1,1.000000,1.500000,1.500000,,,,,,,,,,,,,,,,1.039099,0.056209,1.033765,0.066976,0.000000,0.000000,-0.517822,,0.051715,0.000000,,,,0.054094,0.166682,1.500000,26.749186,29.794121,0.000000,circle,预设轨迹15,forward
1775476535.380904,26.180519,1775476560.739744|完整运动,完整运动,circle_orbit,1,1.000000,1.500000,1.500000,,,,,,,,,,,,,,,,1.038989,0.057606,1.032344,0.075067,0.000000,0.000000,-0.514418,,0.054475,0.000000,,,,0.055444,0.166682,1.500000,26.793163,29.750144,0.000000,circle,预设轨迹15,forward
1775476535.402771,26.202386,1775476560.739744|完整运动,完整运动,circle_orbit,1,1.000000,1.500000,1.500000,,,,,,,,,,,,,,,,1.038871,0.058469,1.031791,0.069257,0.000000,0.000000,-0.512724,,0.055715,0.000000,,,,0.056281,0.166682,1.500000,26.815190,29.728116,0.000000,circle,预设轨迹15,forward
1775476535.432822,26.232437,1775476560.739744|完整运动,完整运动,circle_orbit,1,1.000000,1.500000,1.500000,,,,,,,,,,,,,,,,1.038745,0.059357,1.031234,0.070466,0.000000,0.000000,-0.510924,,0.057006,0.000000,,,,0.057143,0.166682,1.500000,26.837329,29.705977,0.000000,circle,预设轨迹15,forward
1775476535.454137,26.253752,1775476560.739744|完整运动,完整运动,circle_orbit,1,1.000000,1.500000,1.500000,,,,,,,,,,,,,,,,1.038618,0.060298,1.030999,0.072055,0.000000,0.000000,-0.508933,,0.058099,0.000000,,,,0.058056,0.166682,1.500000,26.859316,29.683991,0.000000,circle,预设轨迹15,forward
1775476535.474953,26.274568,1775476560.739744|完整运动,完整运动,circle_orbit,1,1.000000,1.500000,1.500000,,,,,,,,,,,,,,,,1.038467,0.061789,1.029402,0.080425,0.000000,0.000000,-0.505160,,0.061186,0.000000,,,,0.059500,0.166682,1.500000,26.902999,29.640307,0.000000,circle,预设轨迹15,forward
1775476535.507116,26.306731,1775476560.739744|完整运动,完整运动,circle_orbit,1,1.000000,1.500000,1.500000,,,,,,,,,,,,,,,,1.038319,0.062103,1.029402,0.066028,0.000000,0.000000,-0.505160,,0.061186,0.000000,,,,0.059811,0.166682,1.500000,26.902999,29.640307,0.000000,circle,预设轨迹15,forward
1775476535.530731,26.330346,1775476560.739744|完整运动,完整运动,circle_orbit,1,1.000000,1.500000,1.500000,,,,,,,,,,,,,,,,1.038156,0.063520,1.028377,0.081238,0.000000,0.000000,-0.501578,,0.063687,0.000000,,,,0.061186,0.166682,1.500000,26.946951,29.596355,0.000000,circle,预设轨迹15,forward
1775476535.552049,26.351664,1775476560.739744|完整运动,完整运动,circle_orbit,1,1.000000,1.500000,1.500000,,,,,,,,,,,,,,,,1.037990,0.064380,1.028023,0.075120,0.000000,0.000000,-0.499781,,0.064798,0.000000,,,,0.062023,0.166682,1.500000,26.969090,29.574216,0.000000,circle,预设轨迹15,forward
1775476535.579991,26.379606,1775476560.739744|完整运动,完整运动,circle_orbit,1,1.000000,1.500000,1.500000,,,,,,,,,,,,,,,,1.037815,0.065209,1.027327,0.075573,0.000000,0.000000,-0.498058,,0.066182,0.000000,,,,0.062833,0.166682,1.500000,26.991203,29.552104,0.000000,circle,预设轨迹15,forward
1775476535.600329,26.399944,1775476560.739744|完整运动,完整运动,circle_orbit,1,1.000000,1.500000,1.500000,,,,,,,,,,,,,,,,1.037636,0.066684,1.026936,0.085130,0.000000,0.000000,-0.494234,,0.068229,0.000000,,,,0.064266,0.166682,1.500000,27.035334,29.507972,0.000000,circle,预设轨迹15,forward
1775476535.628229,26.427843,1775476560.739744|完整运动,完整运动,circle_orbit,1,1.000000,1.500000,1.500000,,,,,,,,,,,,,,,,1.037460,0.067650,1.026859,0.079725,0.000000,0.000000,-0.492040,,0.069273,0.000000,,,,0.065208,0.166682,1.500000,27.057465,29.485841,0.000000,circle,预设轨迹15,forward
1775476535.652016,26.451631,1775476560.739744|完整运动,完整运动,circle_orbit,1,1.000000,1.500000,1.500000,,,,,,,,,,,,,,,,1.037287,0.068676,1.026949,0.081504,0.000000,0.000000,-0.489628,,0.070265,0.000000,,,,0.066208,0.166682,1.500000,27.079716,29.463590,0.000000,circle,预设轨迹15,forward
1775476535.672474,26.472089,1775476560.739744|完整运动,完整运动,circle_orbit,1,1.000000,1.500000,1.500000,,,,,,,,,,,,,,,,1.037117,0.069694,1.026889,0.082419,0.000000,0.000000,-0.487221,,0.071388,0.000000,,,,0.067200,0.166682,1.500000,27.101871,29.441435,0.000000,circle,预设轨迹15,forward
1775476535.694804,26.494419,1775476560.739744|完整运动,完整运动,circle_orbit,1,1.000000,1.500000,1.500000,,,,,,,,,,,,,,,,1.036942,0.070649,1.026417,0.082586,0.000000,0.000000,-0.484996,,0.072798,0.000000,,,,0.068132,0.166682,1.500000,27.123937,29.419369,0.000000,circle,预设轨迹15,forward
1775476535.720407,26.520021,1775476560.739744|完整运动,完整运动,circle_orbit,1,1.000000,1.500000,1.500000,,,,,,,,,,,,,,,,1.036756,0.071531,1.025604,0.082551,0.000000,0.000000,-0.482986,,0.074415,0.000000,,,,0.068995,0.166682,1.500000,27.146046,29.397261,0.000000,circle,预设轨迹15,forward
1775476535.745028,26.544643,1775476560.739744|完整运动,完整运动,circle_orbit,1,1.000000,1.500000,1.500000,,,,,,,,,,,,,,,,1.036565,0.073073,1.025143,0.092346,0.000000,0.000000,-0.478832,,0.076672,0.000000,,,,0.070495,0.166682,1.500000,27.190779,29.352527,0.000000,circle,预设轨迹15,forward
1775476535.770795,26.570410,1775476560.739744|完整运动,完整运动,circle_orbit,1,1.000000,1.500000,1.500000,,,,,,,,,,,,,,,,1.036378,0.073999,1.025166,0.085580,0.000000,0.000000,-0.476650,,0.077621,0.000000,,,,0.071402,0.166682,1.500000,27.213341,29.329966,0.000000,circle,预设轨迹15,forward
1775476535.800096,26.599711,1775476560.739744|完整运动,完整运动,circle_orbit,1,1.000000,1.500000,1.500000,,,,,,,,,,,,,,,,1.036194,0.074927,1.025146,0.086520,0.000000,0.000000,-0.474438,,0.078623,0.000000,,,,0.072310,0.166682,1.500000,27.235851,29.307456,0.000000,circle,预设轨迹15,forward
1775476535.821128,26.620743,1775476560.739744|完整运动,完整运动,circle_orbit,1,1.000000,1.500000,1.500000,,,,,,,,,,,,,,,,1.036020,0.076608,1.025535,0.097621,0.000000,0.000000,-0.469779,,0.080347,0.000000,,,,0.073944,0.166682,1.500000,27.280680,29.262626,0.000000,circle,预设轨迹15,forward
1775476535.847543,26.647157,1775476560.739744|完整运动,完整运动,circle_orbit,1,1.000000,1.500000,1.500000,,,,,,,,,,,,,,,,1.035848,0.077574,1.025527,0.089649,0.000000,0.000000,-0.467415,,0.081405,0.000000,,,,0.074889,0.166682,1.500000,27.302995,29.240312,0.000000,circle,预设轨迹15,forward
1775476535.868078,26.667693,1775476560.739744|完整运动,完整运动,circle_orbit,1,1.000000,1.500000,1.500000,,,,,,,,,,,,,,,,1.035680,0.078530,1.025611,0.090488,0.000000,0.000000,-0.465054,,0.082379,0.000000,,,,0.075825,0.166682,1.500000,27.325197,29.218110,0.000000,circle,预设轨迹15,forward
1775476535.888694,26.688309,1775476560.739744|完整运动,完整运动,circle_orbit,1,1.000000,1.500000,1.500000,,,,,,,,,,,,,,,,1.035511,0.079467,1.025356,0.091176,0.000000,0.000000,-0.462733,,0.083638,0.000000,,,,0.076742,0.166682,1.500000,27.347626,29.195680,0.000000,circle,预设轨迹15,forward
1775476535.909227,26.708842,1775476560.739744|完整运动,完整运动,circle_orbit,1,1.000000,1.500000,1.500000,,,,,,,,,,,,,,,,1.035349,0.080440,1.025628,0.092602,0.000000,0.000000,-0.460268,,0.084491,0.000000,,,,0.077694,0.166682,1.500000,27.369865,29.173441,0.000000,circle,预设轨迹15,forward
1775476535.929843,26.729458,1775476560.739744|完整运动,完整运动,circle_orbit,1,1.000000,1.500000,1.500000,,,,,,,,,,,,,,,,1.035204,0.081468,1.026552,0.094319,0.000000,0.000000,-0.457598,,0.084855,0.000000,,,,0.078698,0.166682,1.500000,27.392144,29.151163,0.000000,circle,预设轨迹15,forward
1775476535.954725,26.754339,1775476560.739744|完整运动,完整运动,circle_orbit,1,1.000000,1.500000,1.500000,,,,,,,,,,,,,,,,1.035075,0.082492,1.027299,0.095288,0.000000,0.000000,-0.454917,,0.085383,0.000000,,,,0.079697,0.166682,1.500000,27.414089,29.129217,0.000000,circle,预设轨迹15,forward
1775476535.975301,26.774916,1775476560.739744|完整运动,完整运动,circle_orbit,1,1.000000,1.500000,1.500000,,,,,,,,,,,,,,,,1.034955,0.084206,1.027774,0.105627,0.000000,0.000000,-0.449997,,0.087148,0.000000,,,,0.081362,0.166682,1.500000,27.457928,29.085379,0.000000,circle,预设轨迹15,forward
1775476536.004738,26.804353,1775476560.739744|完整运动,完整运动,circle_orbit,1,1.000000,1.500000,1.500000,,,,,,,,,,,,,,,,1.034837,0.084387,1.027774,0.086657,0.000000,0.000000,-0.449997,,0.087148,0.000000,,,,0.081546,0.166682,1.500000,27.457928,29.085379,0.000000,circle,预设轨迹15,forward
1775476536.028519,26.828134,1775476560.739744|完整运动,完整运动,circle_orbit,1,1.000000,1.500000,1.500000,,,,,,,,,,,,,,,,1.034726,0.085931,1.028061,0.105229,0.000000,0.000000,-0.445572,,0.088860,0.000000,,,,0.083047,0.166682,1.500000,27.501758,29.041549,0.000000,circle,预设轨迹15,forward
1775476536.048876,26.848491,1775476560.739744|完整运动,完整运动,circle_orbit,1,1.000000,1.500000,1.500000,,,,,,,,,,,,,,,,1.034626,0.086785,1.028585,0.097458,0.000000,0.000000,-0.443357,,0.089380,0.000000,,,,0.083880,0.166682,1.500000,27.523476,29.019830,0.000000,circle,预设轨迹15,forward
1775476536.074393,26.874007,1775476560.739744|完整运动,完整运动,circle_orbit,1,1.000000,1.500000,1.500000,,,,,,,,,,,,,,,,1.034537,0.087659,1.029221,0.098589,0.000000,0.000000,-0.441047,,0.089844,0.000000,,,,0.084733,0.166682,1.500000,27.545047,28.998260,0.000000,circle,预设轨迹15,forward
1775476536.105252,26.904866,1775476560.739744|完整运动,完整运动,circle_orbit,1,1.000000,1.500000,1.500000,,,,,,,,,,,,,,,,1.034476,0.089292,1.030835,0.109704,0.000000,0.000000,-0.436268,,0.090542,0.000000,,,,0.086316,0.166682,1.500000,27.588044,28.955263,0.000000,circle,预设轨迹15,forward
1775476536.125863,26.925478,1775476560.739744|完整运动,完整运动,circle_orbit,1,1.000000,1.500000,1.500000,,,,,,,,,,,,,,,,1.034428,0.090236,1.031525,0.102039,0.000000,0.000000,-0.433697,,0.091076,0.000000,,,,0.087233,0.166682,1.500000,27.609731,28.933575,0.000000,circle,预设轨迹15,forward
1775476536.156860,26.956475,1775476560.739744|完整运动,完整运动,circle_orbit,1,1.000000,1.500000,1.500000,,,,,,,,,,,,,,,,1.034395,0.091193,1.032422,0.103154,0.000000,0.000000,-0.431058,,0.091460,0.000000,,,,0.088161,0.166682,1.500000,27.631228,28.912079,0.000000,circle,预设轨迹15,forward
1775476536.185575,26.985190,1775476560.739744|完整运动,完整运动,circle_orbit,1,1.000000,1.500000,1.500000,,,,,,,,,,,,,,,,1.034373,0.092789,1.033057,0.112738,0.000000,0.000000,-0.426341,,0.092998,0.000000,,,,0.089706,0.166682,1.500000,27.674252,28.869055,0.000000,circle,预设轨迹15,forward
1775476536.206898,27.006513,1775476560.739744|完整运动,完整运动,circle_orbit,1,1.000000,1.500000,1.500000,,,,,,,,,,,,,,,,1.034357,0.093728,1.033403,0.105459,0.000000,0.000000,-0.423731,,0.093854,0.000000,,,,0.090614,0.166682,1.500000,27.695960,28.847346,0.000000,circle,预设轨迹15,forward
1775476536.237080,27.036694,1775476560.739744|完整运动,完整运动,circle_orbit,1,1.000000,1.500000,1.500000,,,,,,,,,,,,,,,,1.034346,0.094628,1.033693,0.105879,0.000000,0.000000,-0.421219,,0.094716,0.000000,,,,0.091486,0.166682,1.500000,27.717787,28.825519,0.000000,circle,预设轨迹15,forward
1775476536.261811,27.061426,1775476560.739744|完整运动,完整运动,circle_orbit,1,1.000000,1.500000,1.500000,,,,,,,,,,,,,,,,1.034348,0.095541,1.034468,0.106959,0.000000,0.000000,-0.418636,,0.095185,0.000000,,,,0.092368,0.166682,1.500000,27.739771,28.803536,0.000000,circle,预设轨迹15,forward
1775476536.282133,27.081748,1775476560.739744|完整运动,完整运动,circle_orbit,1,1.000000,1.500000,1.500000,,,,,,,,,,,,,,,,1.034383,0.097240,1.036450,0.118474,0.000000,0.000000,-0.413499,,0.095735,0.000000,,,,0.094008,0.166682,1.500000,27.783612,28.759695,0.000000,circle,预设轨迹15,forward
1775476536.308333,27.107948,1775476560.739744|完整运动,完整运动,circle_orbit,1,1.000000,1.500000,1.500000,,,,,,,,,,,,,,,,1.034436,0.098141,1.037651,0.109408,0.000000,0.000000,-0.410919,,0.095834,0.000000,,,,0.094874,0.166682,1.500000,27.805435,28.737872,0.000000,circle,预设轨迹15,forward
1775476536.334946,27.134561,1775476560.739744|完整运动,完整运动,circle_orbit,1,1.000000,1.500000,1.500000,,,,,,,,,,,,,,,,1.034502,0.099049,1.038430,0.110390,0.000000,0.000000,-0.408292,,0.096325,0.000000,,,,0.095745,0.166682,1.500000,27.827266,28.716041,0.000000,circle,预设轨迹15,forward
1775476536.358386,27.158001,1775476560.739744|完整运动,完整运动,circle_orbit,1,1.000000,1.500000,1.500000,,,,,,,,,,,,,,,,1.034582,0.099977,1.039392,0.111580,0.000000,0.000000,-0.405569,,0.096699,0.000000,,,,0.096635,0.166682,1.500000,27.849129,28.694178,0.000000,circle,预设轨迹15,forward
1775476536.389315,27.188929,1775476560.739744|完整运动,完整运动,circle_orbit,1,1.000000,1.500000,1.500000,,,,,,,,,,,,,,,,1.034682,0.100930,1.040663,0.112841,0.000000,0.000000,-0.402740,,0.096856,0.000000,,,,0.097547,0.166682,1.500000,27.870923,28.672384,0.000000,circle,预设轨迹15,forward
1775476536.433207,27.232822,1775476560.739744|完整运动,完整运动,circle_orbit,1,1.000000,1.500000,1.500000,,,,,,,,,,,,,,,,1.034810,0.102779,1.042505,0.125893,0.000000,0.000000,-0.397004,,0.097813,0.000000,,,,0.099321,0.166682,1.500000,27.914464,28.628843,0.000000,circle,预设轨迹15,forward
1775476536.457294,27.256908,1775476560.739744|完整运动,完整运动,circle_orbit,1,1.000000,1.500000,1.500000,,,,,,,,,,,,,,,,1.035000,0.105492,1.046431,0.139410,0.000000,0.000000,-0.388484,,0.098226,0.000000,,,,0.101925,0.166682,1.500000,27.979428,28.563879,0.000000,circle,预设轨迹15,forward
1775476536.477772,27.277386,1775476560.739744|完整运动,完整运动,circle_orbit,1,1.000000,1.500000,1.500000,,,,,,,,,,,,,,,,1.035205,0.106428,1.047464,0.118125,0.000000,0.000000,-0.385699,,0.098581,0.000000,,,,0.102809,0.166682,1.500000,28.001227,28.542080,0.000000,circle,预设轨迹15,forward
1775476536.506470,27.306085,1775476560.739744|完整运动,完整运动,circle_orbit,1,1.000000,1.500000,1.500000,,,,,,,,,,,,,,,,1.035426,0.107306,1.048678,0.118275,0.000000,0.000000,-0.383066,,0.098715,0.000000,,,,0.103634,0.166682,1.500000,28.023057,28.520249,0.000000,circle,预设轨迹15,forward
1775476536.532251,27.331866,1775476560.739744|完整运动,完整运动,circle_orbit,1,1.000000,1.500000,1.500000,,,,,,,,,,,,,,,,1.035669,0.108165,1.050268,0.118905,0.000000,0.000000,-0.380456,,0.098522,0.000000,,,,0.104440,0.166682,1.500000,28.044831,28.498476,0.000000,circle,预设轨迹15,forward
1775476536.565728,27.365343,1775476560.739744|完整运动,完整运动,circle_orbit,1,1.000000,1.500000,1.500000,,,,,,,,,,,,,,,,1.035936,0.109036,1.051975,0.119929,0.000000,0.000000,-0.377770,,0.098267,0.000000,,,,0.105254,0.166682,1.500000,28.066473,28.476834,0.000000,circle,预设轨迹15,forward
1775476536.588888,27.388503,1775476560.739744|完整运动,完整运动,circle_orbit,1,1.000000,1.500000,1.500000,,,,,,,,,,,,,,,,1.036257,0.110838,1.055512,0.133358,0.000000,0.000000,-0.372056,,0.097821,0.000000,,,,0.106960,0.166682,1.500000,28.109335,28.433972,0.000000,circle,预设轨迹15,forward
1775476536.609267,27.408881,1775476560.739744|完整运动,完整运动,circle_orbit,1,1.000000,1.500000,1.500000,,,,,,,,,,,,,,,,1.036597,0.111804,1.057015,0.123879,0.000000,0.000000,-0.369022,,0.097906,0.000000,,,,0.107857,0.166682,1.500000,28.130743,28.412564,0.000000,circle,预设轨迹15,forward
1775476536.641744,27.441358,1775476560.739744|完整运动,完整运动,circle_orbit,1,1.000000,1.500000,1.500000,,,,,,,,,,,,,,,,1.036973,0.113588,1.059487,0.135889,0.000000,0.000000,-0.363328,,0.098368,0.000000,,,,0.109538,0.166682,1.500000,28.173769,28.369537,0.000000,circle,预设轨迹15,forward
1775476536.669575,27.469190,1775476560.739744|完整运动,完整运动,circle_orbit,1,1.000000,1.500000,1.500000,,,,,,,,,,,,,,,,1.037342,0.113600,1.059487,0.113745,0.000000,0.000000,-0.363328,,0.098368,0.000000,,,,0.109510,0.166682,1.500000,28.173769,28.369537,0.000000,circle,预设轨迹15,forward
1775476536.690200,27.489815,1775476560.739744|完整运动,完整运动,circle_orbit,1,1.000000,1.500000,1.500000,,,,,,,,,,,,,,,,1.037747,0.115232,1.062087,0.135638,0.000000,0.000000,-0.358058,,0.098544,0.000000,,,,0.111041,0.166682,1.500000,28.217141,28.326165,0.000000,circle,预设轨迹15,forward
1775476536.720208,27.519823,1775476560.739744|完整运动,完整运动,circle_orbit,1,1.000000,1.500000,1.500000,,,,,,,,,,,,,,,,1.038168,0.116029,1.063379,0.125990,0.000000,0.000000,-0.355467,,0.098624,0.000000,,,,0.111763,0.166682,1.500000,28.238935,28.304372,0.000000,circle,预设轨迹15,forward
1775476536.746519,27.546134,1775476560.739744|完整运动,完整运动,circle_orbit,1,1.000000,1.500000,1.500000,,,,,,,,,,,,,,,,1.038634,0.117679,1.066633,0.138306,0.000000,0.000000,-0.350095,,0.098321,0.000000,,,,0.113302,0.166682,1.500000,28.283108,28.260198,0.000000,circle,预设轨迹15,forward
1775476536.766838,27.566453,1775476560.739744|完整运动,完整运动,circle_orbit,1,1.000000,1.500000,1.500000,,,,,,,,,,,,,,,,1.039123,0.118479,1.068471,0.128483,0.000000,0.000000,-0.347447,,0.097986,0.000000,,,,0.114019,0.166682,1.500000,28.305185,28.238121,0.000000,circle,预设轨迹15,forward
1775476536.797350,27.596965,1775476560.739744|完整运动,完整运动,circle_orbit,1,1.000000,1.500000,1.500000,,,,,,,,,,,,,,,,1.039670,0.120210,1.072458,0.141850,0.000000,0.000000,-0.341767,,0.097249,0.000000,,,,0.115624,0.166682,1.500000,28.348782,28.194524,0.000000,circle,预设轨迹15,forward
1775476536.832886,27.632501,1775476560.739744|完整运动,完整运动,circle_orbit,1,1.000000,1.500000,1.500000,,,,,,,,,,,,,,,,1.040207,0.120174,1.072458,0.119720,0.000000,0.000000,-0.341767,,0.097249,0.000000,,,,0.115529,0.166682,1.500000,28.348782,28.194524,0.000000,circle,预设轨迹15,forward
1775476536.854012,27.653627,1775476560.739744|完整运动,完整运动,circle_orbit,1,1.000000,1.500000,1.500000,,,,,,,,,,,,,,,,1.040809,0.122033,1.076907,0.145266,0.000000,0.000000,-0.335610,,0.096374,0.000000,,,,0.117248,0.166682,1.500000,28.392217,28.151090,0.000000,circle,预设轨迹15,forward
1775476536.875894,27.675509,1775476560.739744|完整运动,完整运动,circle_orbit,1,1.000000,1.500000,1.500000,,,,,,,,,,,,,,,,1.041437,0.122917,1.079129,0.133965,0.000000,0.000000,-0.332587,,0.095926,0.000000,,,,0.118026,0.166682,1.500000,28.413977,28.129330,0.000000,circle,预设轨迹15,forward
1775476536.899160,27.698775,1775476560.739744|完整运动,完整运动,circle_orbit,1,1.000000,1.500000,1.500000,,,,,,,,,,,,,,,,1.042092,0.123778,1.081392,0.134547,0.000000,0.000000,-0.329605,,0.095433,0.000000,,,,0.118779,0.166682,1.500000,28.435581,28.107726,0.000000,circle,预设轨迹15,forward
1775476536.921523,27.721137,1775476560.739744|完整运动,完整运动,circle_orbit,1,1.000000,1.500000,1.500000,,,,,,,,,,,,,,,,1.042774,0.124620,1.083693,0.135138,0.000000,0.000000,-0.326658,,0.094902,0.000000,,,,0.119508,0.166682,1.500000,28.457127,28.086180,0.000000,circle,预设轨迹15,forward
1775476536.942708,27.742323,1775476560.739744|完整运动,完整运动,circle_orbit,1,1.000000,1.500000,1.500000,,,,,,,,,,,,,,,,1.043513,0.126303,1.087819,0.147343,0.000000,0.000000,-0.320971,,0.094149,0.000000,,,,0.121036,0.166682,1.500000,28.500028,28.043278,0.000000,circle,预设轨迹15,forward
1775476536.971316,27.770931,1775476560.739744|完整运动,完整运动,circle_orbit,1,1.000000,1.500000,1.500000,,,,,,,,,,,,,,,,1.044276,0.127031,1.090071,0.136127,0.000000,0.000000,-0.318351,,0.093533,0.000000,,,,0.121645,0.166682,1.500000,28.521562,28.021745,0.000000,circle,预设轨迹15,forward
1775476536.993257,27.792872,1775476560.739744|完整运动,完整运动,circle_orbit,1,1.000000,1.500000,1.500000,,,,,,,,,,,,,,,,1.045061,0.127741,1.092194,0.136627,0.000000,0.000000,-0.315754,,0.093015,0.000000,,,,0.122233,0.166682,1.500000,28.543019,28.000288,0.000000,circle,预设轨迹15,forward
1775476537.014504,27.814119,1775476560.739744|完整运动,完整运动,circle_orbit,1,1.000000,1.500000,1.500000,,,,,,,,,,,,,,,,1.045869,0.128433,1.094295,0.137072,0.000000,0.000000,-0.313188,,0.092508,0.000000,,,,0.122800,0.166682,1.500000,28.564514,27.978793,0.000000,circle,预设轨迹15,forward
1775476537.035398,27.835013,1775476560.739744|完整运动,完整运动,circle_orbit,1,1.000000,1.500000,1.500000,,,,,,,,,,,,,,,,1.046757,0.129905,1.100054,0.148304,0.000000,0.000000,-0.308071,,0.090298,0.000000,,,,0.124102,0.166682,1.500000,28.607183,27.936123,0.000000,circle,预设轨迹15,forward
1775476537.061809,27.861423,1775476560.739744|完整运动,完整运动,circle_orbit,1,1.000000,1.500000,1.500000,,,,,,,,,,,,,,,,1.047631,0.129785,1.100054,0.128287,0.000000,0.000000,-0.308071,,0.090298,0.000000,,,,0.123884,0.166682,1.500000,28.607183,27.936123,0.000000,circle,预设轨迹15,forward
1775476537.082155,27.881769,1775476560.739744|完整运动,完整运动,circle_orbit,1,1.000000,1.500000,1.500000,,,,,,,,,,,,,,,,1.048572,0.131319,1.105037,0.150497,0.000000,0.000000,-0.302694,,0.088844,0.000000,,,,0.125236,0.166682,1.500000,28.649623,27.893684,0.000000,circle,预设轨迹15,forward
1775476537.110194,27.909809,1775476560.739744|完整运动,完整运动,circle_orbit,1,1.000000,1.500000,1.500000,,,,,,,,,,,,,,,,1.049529,0.131963,1.106972,0.140019,0.000000,0.000000,-0.300178,,0.088480,0.000000,,,,0.125736,0.166682,1.500000,28.670868,27.872439,0.000000,circle,预设轨迹15,forward
1775476537.144270,27.943885,1775476560.739744|完整运动,完整运动,circle_orbit,1,1.000000,1.500000,1.500000,,,,,,,,,,,,,,,,1.050552,0.133380,1.111921,0.151093,0.000000,0.000000,-0.295142,,0.086949,0.000000,,,,0.126962,0.166682,1.500000,28.713721,27.829586,0.000000,circle,预设轨迹15,forward
1775476537.165349,27.964963,1775476560.739744|完整运动,完整运动,circle_orbit,1,1.000000,1.500000,1.500000,,,,,,,,,,,,,,,,1.051598,0.133984,1.114373,0.141522,0.000000,0.000000,-0.292717,,0.086171,0.000000,,,,0.127409,0.166682,1.500000,28.735261,27.808046,0.000000,circle,预设轨迹15,forward
1775476537.186010,27.985624,1775476560.739744|完整运动,完整运动,circle_orbit,1,1.000000,1.500000,1.500000,,,,,,,,,,,,,,,,1.052669,0.134547,1.116901,0.141587,0.000000,0.000000,-0.290391,,0.085301,0.000000,,,,0.127815,0.166682,1.500000,28.756815,27.786492,0.000000,circle,预设轨迹15,forward
1775476537.211928,28.011543,1775476560.739744|完整运动,完整运动,circle_orbit,1,1.000000,1.500000,1.500000,,,,,,,,,,,,,,,,1.053764,0.135105,1.119468,0.142083,0.000000,0.000000,-0.288053,,0.084416,0.000000,,,,0.128212,0.166682,1.500000,28.778407,27.764900,0.000000,circle,预设轨迹15,forward
1775476537.232246,28.031861,1775476560.739744|完整运动,完整运动,circle_orbit,1,1.000000,1.500000,1.500000,,,,,,,,,,,,,,,,1.054889,0.135699,1.122392,0.143127,0.000000,0.000000,-0.285570,,0.083338,0.000000,,,,0.128638,0.166682,1.500000,28.800144,27.743162,0.000000,circle,预设轨迹15,forward
1775476537.263583,28.063198,1775476560.739744|完整运动,完整运动,circle_orbit,1,1.000000,1.500000,1.500000,,,,,,,,,,,,,,,,1.056040,0.136311,1.125133,0.143964,0.000000,0.000000,-0.283006,,0.082442,0.000000,,,,0.129078,0.166682,1.500000,28.821830,27.721477,0.000000,circle,预设轨迹15,forward
1775476537.288459,28.088074,1775476560.739744|完整运动,完整运动,circle_orbit,1,1.000000,1.500000,1.500000,,,,,,,,,,,,,,,,1.057271,0.137808,1.131115,0.156515,0.000000,0.000000,-0.277566,,0.080454,0.000000,,,,0.130343,0.166682,1.500000,28.865471,27.677836,0.000000,circle,预设轨迹15,forward
1775476537.308856,28.108471,1775476560.739744|完整运动,完整运动,circle_orbit,1,1.000000,1.500000,1.500000,,,,,,,,,,,,,,,,1.058532,0.138475,1.134220,0.146808,0.000000,0.000000,-0.274796,,0.079416,0.000000,,,,0.130818,0.166682,1.500000,28.887173,27.656133,0.000000,circle,预设轨迹15,forward
1775476537.337687,28.137302,1775476560.739744|完整运动,完整运动,circle_orbit,1,1.000000,1.500000,1.500000,,,,,,,,,,,,,,,,1.059823,0.139111,1.137247,0.147068,0.000000,0.000000,-0.272101,,0.078414,0.000000,,,,0.131259,0.166682,1.500000,28.908758,27.634549,0.000000,circle,预设轨迹15,forward
1775476537.363356,28.162971,1775476560.739744|完整运动,完整运动,circle_orbit,1,1.000000,1.500000,1.500000,,,,,,,,,,,,,,,,1.061136,0.139709,1.139927,0.147177,0.000000,0.000000,-0.269510,,0.077628,0.000000,,,,0.131660,0.166682,1.500000,28.930344,27.612963,0.000000,circle,预设轨迹15,forward
1775476537.383814,28.183428,1775476560.739744|完整运动,完整运动,circle_orbit,1,1.000000,1.500000,1.500000,,,,,,,,,,,,,,,,1.062519,0.140955,1.145480,0.156535,0.000000,0.000000,-0.264804,,0.075733,0.000000,,,,0.132661,0.166682,1.500000,28.973821,27.569485,0.000000,circle,预设轨迹15,forward
1775476537.413555,28.213170,1775476560.739744|完整运动,完整运动,circle_orbit,1,1.000000,1.500000,1.500000,,,,,,,,,,,,,,,,1.063930,0.141437,1.148584,0.147462,0.000000,0.000000,-0.262551,,0.074522,0.000000,,,,0.132938,0.166682,1.500000,28.995701,27.547605,0.000000,circle,预设轨迹15,forward
1775476537.439584,28.239199,1775476560.739744|完整运动,完整运动,circle_orbit,1,1.000000,1.500000,1.500000,,,,,,,,,,,,,,,,1.065400,0.142532,1.153647,0.156221,0.000000,0.000000,-0.258297,,0.072831,0.000000,,,,0.133783,0.166682,1.500000,29.039824,27.503483,0.000000,circle,预设轨迹15,forward
1775476537.459893,28.259507,1775476560.739744|完整运动,完整运动,circle_orbit,1,1.000000,1.500000,1.500000,,,,,,,,,,,,,,,,1.066902,0.142971,1.156970,0.148453,0.000000,0.000000,-0.256145,,0.071453,0.000000,,,,0.134005,0.166682,1.500000,29.061850,27.481457,0.000000,circle,预设轨迹15,forward
1775476537.492437,28.292052,1775476560.739744|完整运动,完整运动,circle_orbit,1,1.000000,1.500000,1.500000,,,,,,,,,,,,,,,,1.068429,0.143398,1.160049,0.148743,0.000000,0.000000,-0.254002,,0.070255,0.000000,,,,0.134214,0.166682,1.500000,29.083669,27.459638,0.000000,circle,预设轨迹15,forward
1775476537.526423,28.326038,1775476560.739744|完整运动,完整运动,circle_orbit,1,1.000000,1.500000,1.500000,,,,,,,,,,,,,,,,1.070029,0.144583,1.166066,0.159386,0.000000,0.000000,-0.249395,,0.068133,0.000000,,,,0.135120,0.166682,1.500000,29.127373,27.415934,0.000000,circle,预设轨迹15,forward
1775476537.548227,28.347842,1775476560.739744|完整运动,完整运动,circle_orbit,1,1.000000,1.500000,1.500000,,,,,,,,,,,,,,,,1.071645,0.145015,1.168597,0.150418,0.000000,0.000000,-0.247206,,0.067364,0.000000,,,,0.135320,0.166682,1.500000,29.149193,27.394114,0.000000,circle,预设轨迹15,forward
1775476537.569447,28.369061,1775476560.739744|完整运动,完整运动,circle_orbit,1,1.000000,1.500000,1.500000,,,,,,,,,,,,,,,,1.073288,0.145450,1.171853,0.150888,0.000000,0.000000,-0.244984,,0.066123,0.000000,,,,0.135518,0.166682,1.500000,29.170859,27.372448,0.000000,circle,预设轨迹15,forward
1775476537.600661,28.400275,1775476560.739744|完整运动,完整运动,circle_orbit,1,1.000000,1.500000,1.500000,,,,,,,,,,,,,,,,1.074954,0.145864,1.174933,0.151046,0.000000,0.000000,-0.242807,,0.064994,0.000000,,,,0.135694,0.166682,1.500000,29.192493,27.350813,0.000000,circle,预设轨迹15,forward
1775476537.621379,28.420994,1775476560.739744|完整运动,完整运动,circle_orbit,1,1.000000,1.500000,1.500000,,,,,,,,,,,,,,,,1.076685,0.146849,1.180538,0.159163,0.000000,0.000000,-0.238769,,0.063000,0.000000,,,,0.136390,0.166682,1.500000,29.235798,27.307508,0.000000,circle,预设轨迹15,forward
1775476537.642220,28.441835,1775476560.739744|完整运动,完整运动,circle_orbit,1,1.000000,1.500000,1.500000,,,,,,,,,,,,,,,,1.078437,0.147177,1.183541,0.151268,0.000000,0.000000,-0.236842,,0.061841,0.000000,,,,0.136472,0.166682,1.500000,29.257671,27.285635,0.000000,circle,预设轨迹15,forward
1775476537.674678,28.474293,1775476560.739744|完整运动,完整运动,circle_orbit,1,1.000000,1.500000,1.500000,,,,,,,,,,,,,,,,1.080209,0.147505,1.186576,0.151609,0.000000,0.000000,-0.234890,,0.060683,0.000000,,,,0.136552,0.166682,1.500000,29.279574,27.263732,0.000000,circle,预设轨迹15,forward
1775476537.695107,28.494721,1775476560.739744|完整运动,完整运动,circle_orbit,1,1.000000,1.500000,1.500000,,,,,,,,,,,,,,,,1.082080,0.148524,1.194299,0.161259,0.000000,0.000000,-0.230685,,0.057443,0.000000,,,,0.137258,0.166682,1.500000,29.323375,27.219932,0.000000,circle,预设轨迹15,forward
1775476537.718141,28.517756,1775476560.739744|完整运动,完整运动,circle_orbit,1,1.000000,1.500000,1.500000,,,,,,,,,,,,,,,,1.083919,0.148238,1.194299,0.144660,0.000000,0.000000,-0.230685,,0.057443,0.000000,,,,0.136761,0.166682,1.500000,29.323375,27.219932,0.000000,circle,预设轨迹15,forward
1775476537.747697,28.547311,1775476560.739744|完整运动,完整运动,circle_orbit,1,1.000000,1.500000,1.500000,,,,,,,,,,,,,,,,1.085826,0.149308,1.200236,0.162684,0.000000,0.000000,-0.226281,,0.055517,0.000000,,,,0.137506,0.166682,1.500000,29.367762,27.175545,0.000000,circle,预设轨迹15,forward
1775476537.769258,28.568872,1775476560.739744|完整运动,完整运动,circle_orbit,1,1.000000,1.500000,1.500000,,,,,,,,,,,,,,,,1.087756,0.149682,1.203559,0.154361,0.000000,0.000000,-0.224120,,0.054321,0.000000,,,,0.137606,0.166682,1.500000,29.390146,27.153161,0.000000,circle,预设轨迹15,forward
1775476537.802732,28.602346,1775476560.739744|完整运动,完整运动,circle_orbit,1,1.000000,1.500000,1.500000,,,,,,,,,,,,,,,,1.089706,0.150018,1.206700,0.154222,0.000000,0.000000,-0.222065,,0.053207,0.000000,,,,0.137669,0.166682,1.500000,29.412467,27.130840,0.000000,circle,预设轨迹15,forward
1775476537.826319,28.625933,1775476560.739744|完整运动,完整运动,circle_orbit,1,1.000000,1.500000,1.500000,,,,,,,,,,,,,,,,1.091751,0.150912,1.214449,0.162084,0.000000,0.000000,-0.218189,,0.049973,0.000000,,,,0.138229,0.166682,1.500000,29.456861,27.086446,0.000000,circle,预设轨迹15,forward
1775476537.846663,28.646278,1775476560.739744|完整运动,完整运动,circle_orbit,1,1.000000,1.500000,1.500000,,,,,,,,,,,,,,,,1.093807,0.151159,1.217150,0.154246,0.000000,0.000000,-0.216395,,0.049057,0.000000,,,,0.138195,0.166682,1.500000,29.479408,27.063898,0.000000,circle,预设轨迹15,forward
1775476537.877628,28.677243,1775476560.739744|完整运动,完整运动,circle_orbit,1,1.000000,1.500000,1.500000,,,,,,,,,,,,,,,,1.095883,0.151375,1.220430,0.154082,0.000000,0.000000,-0.214682,,0.047748,0.000000,,,,0.138131,0.166682,1.500000,29.502078,27.041229,0.000000,circle,预设轨迹15,forward
1775476537.902736,28.702351,1775476560.739744|完整运动,完整运动,circle_orbit,1,1.000000,1.500000,1.500000,,,,,,,,,,,,,,,,1.097991,0.151558,1.224494,0.153834,0.000000,0.000000,-0.213060,,0.045920,0.000000,,,,0.138032,0.166682,1.500000,29.524546,27.018761,0.000000,circle,预设轨迹15,forward
1775476537.926397,28.726011,1775476560.739744|完整运动,完整运动,circle_orbit,1,1.000000,1.500000,1.500000,,,,,,,,,,,,,,,,1.100130,0.151699,1.228481,0.153466,0.000000,0.000000,-0.211550,,0.044106,0.000000,,,,0.137892,0.166682,1.500000,29.547020,26.996287,0.000000,circle,预设轨迹15,forward
1775476537.959542,28.759157,1775476560.739744|完整运动,完整运动,circle_orbit,1,1.000000,1.500000,1.500000,,,,,,,,,,,,,,,,1.102378,0.152469,1.237251,0.162089,0.000000,0.000000,-0.207989,,0.040280,0.000000,,,,0.138309,0.166682,1.500000,29.591739,26.951568,0.000000,circle,预设轨迹15,forward
1775476537.986873,28.786488,1775476560.739744|完整运动,完整运动,circle_orbit,1,1.000000,1.500000,1.500000,,,,,,,,,,,,,,,,1.104685,0.153156,1.243074,0.161748,0.000000,0.000000,-0.204690,,0.038197,0.000000,,,,0.138642,0.166682,1.500000,29.636607,26.906699,0.000000,circle,预设轨迹15,forward
1775476538.007359,28.806973,1775476560.739744|完整运动,完整运动,circle_orbit,1,1.000000,1.500000,1.500000,,,,,,,,,,,,,,,,1.106992,0.153239,1.245420,0.154283,0.000000,0.000000,-0.203335,,0.037378,0.000000,,,,0.138429,0.166682,1.500000,29.659032,26.884275,0.000000,circle,预设轨迹15,forward
1775476538.032004,28.831618,1775476560.739744|完整运动,完整运动,circle_orbit,1,1.000000,1.500000,1.500000,,,,,,,,,,,,,,,,1.109315,0.153333,1.248681,0.154498,0.000000,0.000000,-0.201933,,0.036035,0.000000,,,,0.138223,0.166682,1.500000,29.681453,26.861853,0.000000,circle,预设轨迹15,forward
1775476538.060563,28.860178,1775476560.739744|完整运动,完整运动,circle_orbit,1,1.000000,1.500000,1.500000,,,,,,,,,,,,,,,,1.111666,0.153432,1.252721,0.154676,0.000000,0.000000,-0.200494,,0.034254,0.000000,,,,0.138020,0.166682,1.500000,29.703909,26.839398,0.000000,circle,预设轨迹15,forward
1775476538.080950,28.880565,1775476560.739744|完整运动,完整运动,circle_orbit,1,1.000000,1.500000,1.500000,,,,,,,,,,,,,,,,1.114104,0.153988,1.260389,0.160939,0.000000,0.000000,-0.197562,,0.031004,0.000000,,,,0.138217,0.166682,1.500000,29.748914,26.794393,0.000000,circle,预设轨迹15,forward
1775476538.106911,28.906526,1775476560.739744|完整运动,完整运动,circle_orbit,1,1.000000,1.500000,1.500000,,,,,,,,,,,,,,,,1.116564,0.154082,1.264178,0.155254,0.000000,0.000000,-0.196117,,0.029417,0.000000,,,,0.137997,0.166682,1.500000,29.771496,26.771810,0.000000,circle,预设轨迹15,forward
1775476538.139017,28.938632,1775476560.739744|完整运动,完整运动,circle_orbit,1,1.000000,1.500000,1.500000,,,,,,,,,,,,,,,,1.119047,0.154200,1.268013,0.155675,0.000000,0.000000,-0.194581,,0.027857,0.000000,,,,0.137796,0.166682,1.500000,29.794098,26.749209,0.000000,circle,预设轨迹15,forward
1775476538.159340,28.958955,1775476560.739744|完整运动,完整运动,circle_orbit,1,1.000000,1.500000,1.500000,,,,,,,,,,,,,,,,1.121597,0.154792,1.274601,0.162185,0.000000,0.000000,-0.191505,,0.025403,0.000000,,,,0.138010,0.166682,1.500000,29.839667,26.703640,0.000000,circle,预设轨迹15,forward
1775476538.191872,28.991487,1775476560.739744|完整运动,完整运动,circle_orbit,1,1.000000,1.500000,1.500000,,,,,,,,,,,,,,,,1.124162,0.154900,1.278081,0.156261,0.000000,0.000000,-0.189987,,0.024075,0.000000,,,,0.137792,0.166682,1.500000,29.862574,26.680732,0.000000,circle,预设轨迹15,forward
1775476538.229877,29.029492,1775476560.739744|完整运动,完整运动,circle_orbit,1,1.000000,1.500000,1.500000,,,,,,,,,,,,,,,,1.126821,0.155506,1.286383,0.163081,0.000000,0.000000,-0.186847,,0.020737,0.000000,,,,0.138004,0.166682,1.500000,29.908483,26.634824,0.000000,circle,预设轨迹15,forward
1775476538.267524,29.067138,1775476560.739744|完整运动,完整运动,circle_orbit,1,1.000000,1.500000,1.500000,,,,,,,,,,,,,,,,1.129551,0.156006,1.293309,0.162253,0.000000,0.000000,-0.184046,,0.018078,0.000000,,,,0.138113,0.166682,1.500000,29.955041,26.588266,0.000000,circle,预设轨迹15,forward
1775476538.288471,29.088086,1775476560.739744|完整运动,完整运动,circle_orbit,1,1.000000,1.500000,1.500000,,,,,,,,,,,,,,,,1.132283,0.155967,1.296226,0.155480,0.000000,0.000000,-0.182981,,0.016921,0.000000,,,,0.137746,0.166682,1.500000,29.978468,26.564838,0.000000,circle,预设轨迹15,forward
1775476538.313851,29.113466,1775476560.739744|完整运动,完整运动,circle_orbit,1,1.000000,1.500000,1.500000,,,,,,,,,,,,,,,,1.135040,0.155904,1.300440,0.155119,0.000000,0.000000,-0.181977,,0.015024,0.000000,,,,0.137356,0.166682,1.500000,30.001838,26.541469,0.000000,circle,预设轨迹15,forward
1775476538.350866,29.150481,1775476560.739744|完整运动,完整运动,circle_orbit,1,1.000000,1.500000,1.500000,,,,,,,,,,,,,,,,1.137877,0.156143,1.308096,0.159127,0.000000,0.000000,-0.179980,,0.011692,0.000000,,,,0.137223,0.166682,1.500000,30.048401,26.494905,0.000000,circle,预设轨迹15,forward
1775476538.386301,29.185916,1775476560.739744|完整运动,完整运动,circle_orbit,1,1.000000,1.500000,1.500000,,,,,,,,,,,,,,,,1.140738,0.156089,1.312387,0.155410,0.000000,0.000000,-0.178921,,0.009819,0.000000,,,,0.136831,0.166682,1.500000,30.071628,26.471678,0.000000,circle,预设轨迹15,forward
1775476538.406843,29.206458,1775476560.739744|完整运动,完整运动,circle_orbit,1,1.000000,1.500000,1.500000,,,,,,,,,,,,,,,,1.143657,0.156263,1.318852,0.158443,0.000000,0.000000,-0.177109,,0.007123,0.000000,,,,0.136635,0.166682,1.500000,30.118115,26.425192,0.000000,circle,预设轨迹15,forward
1775476538.430656,29.230271,1775476560.739744|完整运动,完整运动,circle_orbit,1,1.000000,1.500000,1.500000,,,,,,,,,,,,,,,,1.146578,0.156129,1.321797,0.154455,0.000000,0.000000,-0.176289,,0.005903,0.000000,,,,0.136170,0.166682,1.500000,30.141357,26.401949,0.000000,circle,预设轨迹15,forward
1775476538.454839,29.254454,1775476560.739744|完整运动,完整运动,circle_orbit,1,1.000000,1.500000,1.500000,,,,,,,,,,,,,,,,1.149509,0.155980,1.325401,0.154116,0.000000,0.000000,-0.175509,,0.004322,0.000000,,,,0.135693,0.166682,1.500000,30.164538,26.378768,0.000000,circle,预设轨迹15,forward
1775476538.475940,29.275554,1775476560.739744|完整运动,完整运动,circle_orbit,1,1.000000,1.500000,1.500000,,,,,,,,,,,,,,,,1.152509,0.156053,1.332500,0.156970,0.000000,0.000000,-0.173995,,0.001226,0.000000,,,,0.135403,0.166682,1.500000,30.211190,26.332117,0.000000,circle,预设轨迹15,forward
1775476538.504513,29.304127,1775476560.739744|完整运动,完整运动,circle_orbit,1,1.000000,1.500000,1.500000,,,,,,,,,,,,,,,,1.155460,0.155659,1.332500,0.150727,0.000000,0.000000,-0.173995,,0.001226,0.000000,,,,0.134716,0.166682,1.500000,30.211190,26.332117,0.000000,circle,预设轨迹15,forward
1775476538.543615,29.343230,1775476560.739744|完整运动,完整运动,circle_orbit,1,1.000000,1.500000,1.500000,,,,,,,,,,,,,,,,1.158316,0.155942,1.329691,0.159477,0.000000,0.000000,-0.171784,,-0.003695,0.000000,,,,0.134628,0.166682,1.500000,30.281452,26.261855,0.000000,circle,预设轨迹15,forward
1775476538.564415,29.364030,1775476560.739744|完整运动,完整运动,circle_orbit,1,1.000000,1.500000,1.500000,,,,,,,,,,,,,,,,1.161081,0.155814,1.326955,0.154215,0.000000,0.000000,-0.170900,,-0.005542,0.000000,,,,0.134197,0.166682,1.500000,30.304907,26.238399,0.000000,circle,预设轨迹15,forward
1775476538.585624,29.385239,1775476560.739744|完整运动,完整运动,circle_orbit,1,1.000000,1.500000,1.500000,,,,,,,,,,,,,,,,1.163760,0.155688,1.324519,0.154121,0.000000,0.000000,-0.170004,,-0.007240,0.000000,,,,0.133780,0.166682,1.500000,30.328529,26.214778,0.000000,circle,预设轨迹15,forward
1775476538.611495,29.411110,1775476560.739744|完整运动,完整运动,circle_orbit,1,1.000000,1.500000,1.500000,,,,,,,,,,,,,,,,1.166357,0.155551,1.322153,0.153840,0.000000,0.000000,-0.169141,,-0.008890,0.000000,,,,0.133365,0.166682,1.500000,30.352260,26.191046,0.000000,circle,预设轨迹15,forward
1775476538.631868,29.431483,1775476560.739744|完整运动,完整运动,circle_orbit,1,1.000000,1.500000,1.500000,,,,,,,,,,,,,,,,1.168878,0.155403,1.320173,0.153542,0.000000,0.000000,-0.168317,,-0.010320,0.000000,,,,0.132950,0.166682,1.500000,30.376035,26.167271,0.000000,circle,预设轨迹15,forward
1775476538.664095,29.463710,1775476560.739744|完整运动,完整运动,circle_orbit,1,1.000000,1.500000,1.500000,,,,,,,,,,,,,,,,1.171280,0.155468,1.315377,0.156291,0.000000,0.000000,-0.166790,,-0.013587,0.000000,,,,0.132734,0.166682,1.500000,30.423623,26.119684,0.000000,circle,预设轨迹15,forward
1775476538.689860,29.489475,1775476560.739744|完整运动,完整运动,circle_orbit,1,1.000000,1.500000,1.500000,,,,,,,,,,,,,,,,1.173602,0.155270,1.312945,0.152793,0.000000,0.000000,-0.166119,,-0.015206,0.000000,,,,0.132302,0.166682,1.500000,30.447608,26.095698,0.000000,circle,预设轨迹15,forward
1775476538.710957,29.510572,1775476560.739744|完整运动,完整运动,circle_orbit,1,1.000000,1.500000,1.500000,,,,,,,,,,,,,,,,1.175851,0.155041,1.310799,0.152170,0.000000,0.000000,-0.165548,,-0.016629,0.000000,,,,0.131854,0.166682,1.500000,30.471806,26.071500,0.000000,circle,预设轨迹15,forward
1775476538.744646,29.544261,1775476560.739744|完整运动,完整运动,circle_orbit,1,1.000000,1.500000,1.500000,,,,,,,,,,,,,,,,1.177992,0.154813,1.306436,0.151971,0.000000,0.000000,-0.164963,,-0.019278,0.000000,,,,0.131421,0.166682,1.500000,30.520511,26.022796,0.000000,circle,预设轨迹15,forward
1775476538.768175,29.567790,1775476560.739744|完整运动,完整运动,circle_orbit,1,1.000000,1.500000,1.500000,,,,,,,,,,,,,,,,1.180042,0.154516,1.303035,0.150802,0.000000,0.000000,-0.164600,,-0.021312,0.000000,,,,0.130941,0.166682,1.500000,30.544806,25.998500,0.000000,circle,预设轨迹15,forward
1775476538.789227,29.588842,1775476560.739744|完整运动,完整运动,circle_orbit,1,1.000000,1.500000,1.500000,,,,,,,,,,,,,,,,1.182011,0.154228,1.300136,0.150628,0.000000,0.000000,-0.164206,,-0.023091,0.000000,,,,0.130479,0.166682,1.500000,30.569034,25.974272,0.000000,circle,预设轨迹15,forward
1775476538.825398,29.625012,1775476560.739744|完整运动,完整运动,circle_orbit,1,1.000000,1.500000,1.500000,,,,,,,,,,,,,,,,1.183921,0.153879,1.298538,0.149520,0.000000,0.000000,-0.164012,,-0.024064,0.000000,,,,0.129974,0.166682,1.500000,30.593245,25.950062,0.000000,circle,预设轨迹15,forward
1775476538.863400,29.663014,1775476560.739744|完整运动,完整运动,circle_orbit,1,1.000000,1.500000,1.500000,,,,,,,,,,,,,,,,1.185716,0.153432,1.293433,0.147834,0.000000,0.000000,-0.164131,,-0.026861,0.000000,,,,0.129400,0.166682,1.500000,30.641560,25.901746,0.000000,circle,预设轨迹15,forward
1775476538.885483,29.685098,1775476560.739744|完整运动,完整运动,circle_orbit,1,1.000000,1.500000,1.500000,,,,,,,,,,,,,,,,1.187379,0.153029,1.287147,0.147991,0.000000,0.000000,-0.164093,,-0.030418,0.000000,,,,0.128879,0.166682,1.500000,30.690064,25.853242,0.000000,circle,预设轨迹15,forward
1775476538.906270,29.705884,1775476560.739744|完整运动,完整运动,circle_orbit,1,1.000000,1.500000,1.500000,,,,,,,,,,,,,,,,1.188970,0.152683,1.284409,0.148362,0.000000,0.000000,-0.163873,,-0.032068,0.000000,,,,0.128416,0.166682,1.500000,30.714313,25.828993,0.000000,circle,预设轨迹15,forward
1775476538.943811,29.743426,1775476560.739744|完整运动,完整运动,circle_orbit,1,1.000000,1.500000,1.500000,,,,,,,,,,,,,,,,1.190483,0.152361,1.281308,0.148340,0.000000,0.000000,-0.163578,,-0.033966,0.000000,,,,0.127983,0.166682,1.500000,30.738521,25.804785,0.000000,circle,预设轨迹15,forward
1775476538.975178,29.774792,1775476560.739744|完整运动,完整运动,circle_orbit,1,1.000000,1.500000,1.500000,,,,,,,,,,,,,,,,1.191884,0.152045,1.275915,0.148098,0.000000,0.000000,-0.163260,,-0.037200,0.000000,,,,0.127567,0.166682,1.500000,30.787045,25.756262,0.000000,circle,预设轨迹15,forward
1775476538.996195,29.795810,1775476560.739744|完整运动,完整运动,circle_orbit,1,1.000000,1.500000,1.500000,,,,,,,,,,,,,,,,1.193169,0.151705,1.270278,0.147444,0.000000,0.000000,-0.163020,,-0.040567,0.000000,,,,0.127144,0.166682,1.500000,30.835884,25.707423,0.000000,circle,预设轨迹15,forward
1775476539.031102,29.830717,1775476560.739744|完整运动,完整运动,circle_orbit,1,1.000000,1.500000,1.500000,,,,,,,,,,,,,,,,1.194433,0.151294,1.270278,0.146160,0.000000,0.000000,-0.163020,,-0.040567,0.000000,,,,0.126666,0.166682,1.500000,30.835884,25.707423,0.000000,circle,预设轨迹15,forward
1775476539.074054,29.873669,1775476560.739744|完整运动,完整运动,circle_orbit,1,1.000000,1.500000,1.500000,,,,,,,,,,,,,,,,1.195582,0.151001,1.264525,0.147337,0.000000,0.000000,-0.162635,,-0.044096,0.000000,,,,0.126299,0.166682,1.500000,30.884545,25.658761,0.000000,circle,预设轨迹15,forward
1775476539.135385,29.935000,1775476560.739744|完整运动,完整运动,circle_orbit,1,1.000000,1.500000,1.500000,,,,,,,,,,,,,,,,1.196636,0.150574,1.259888,0.145241,0.000000,0.000000,-0.162684,,-0.046803,0.000000,,,,0.125831,0.166682,1.500000,30.933433,25.609874,0.000000,circle,预设轨迹15,forward
1775476539.157138,29.956753,1775476560.739744|完整运动,完整运动,circle_orbit,1,1.000000,1.500000,1.500000,,,,,,,,,,,,,,,,1.197491,0.149738,1.248764,0.139284,0.000000,0.000000,-0.164031,,-0.052833,0.000000,,,,0.125043,0.166682,1.500000,31.032011,25.511296,0.000000,circle,预设轨迹15,forward
1775476539.177788,29.977403,1775476560.739744|完整运动,完整运动,circle_orbit,1,1.000000,1.500000,1.500000,,,,,,,,,,,,,,,,1.198291,0.149174,1.246269,0.142133,0.000000,0.000000,-0.164500,,-0.054127,0.000000,,,,0.124489,0.166682,1.500000,31.056850,25.486456,0.000000,circle,预设轨迹15,forward
1775476539.201958,30.001573,1775476560.739744|完整运动,完整运动,circle_orbit,1,1.000000,1.500000,1.500000,,,,,,,,,,,,,,,,1.199077,0.148761,1.246269,0.143597,0.000000,0.000000,-0.164500,,-0.054127,0.000000,,,,0.124063,0.166682,1.500000,31.056850,25.486456,0.000000,circle,预设轨迹15,forward
1775476539.222487,30.022102,1775476560.739744|完整运动,完整运动,circle_orbit,1,1.000000,1.500000,1.500000,,,,,,,,,,,,,,,,1.199766,0.147956,1.241073,0.137896,0.000000,0.000000,-0.165765,,-0.056714,0.000000,,,,0.123321,0.166682,1.500000,31.106323,25.436983,0.000000,circle,预设轨迹15,forward
1775476539.253971,30.053586,1775476560.739744|完整运动,完整运动,circle_orbit,1,1.000000,1.500000,1.500000,,,,,,,,,,,,,,,,1.200396,0.147260,1.238247,0.138557,0.000000,0.000000,-0.166685,,-0.058029,0.000000,,,,0.122676,0.166682,1.500000,31.130488,25.412819,0.000000,circle,预设轨迹15,forward
1775476539.289867,30.089482,1775476560.739744|完整运动,完整运动,circle_orbit,1,1.000000,1.500000,1.500000,,,,,,,,,,,,,,,,1.200919,0.146378,1.232267,0.135350,0.000000,0.000000,-0.168202,,-0.061029,0.000000,,,,0.121888,0.166682,1.500000,31.179035,25.364271,0.000000,circle,预设轨迹15,forward
1775476539.311334,30.110948,1775476560.739744|完整运动,完整运动,circle_orbit,1,1.000000,1.500000,1.500000,,,,,,,,,,,,,,,,1.201379,0.145724,1.229004,0.137552,0.000000,0.000000,-0.168985,,-0.062701,0.000000,,,,0.121297,0.166682,1.500000,31.203308,25.339999,0.000000,circle,预设轨迹15,forward
1775476539.331781,30.131396,1775476560.739744|完整运动,完整运动,circle_orbit,1,1.000000,1.500000,1.500000,,,,,,,,,,,,,,,,1.201783,0.145091,1.225979,0.137180,0.000000,0.000000,-0.169712,,-0.064260,0.000000,,,,0.120730,0.166682,1.500000,31.227594,25.315713,0.000000,circle,预设轨迹15,forward
1775476539.366704,30.166318,1775476560.739744|完整运动,完整运动,circle_orbit,1,1.000000,1.500000,1.500000,,,,,,,,,,,,,,,,1.202132,0.144487,1.223105,0.136938,0.000000,0.000000,-0.170358,,-0.065770,0.000000,,,,0.120193,0.166682,1.500000,31.251840,25.291467,0.000000,circle,预设轨迹15,forward
1775476539.395397,30.195012,1775476560.739744|完整运动,完整运动,circle_orbit,1,1.000000,1.500000,1.500000,,,,,,,,,,,,,,,,1.202387,0.143699,1.217654,0.133843,0.000000,0.000000,-0.171603,,-0.068648,0.000000,,,,0.119511,0.166682,1.500000,31.300381,25.242926,0.000000,circle,预设轨迹15,forward
1775476539.417318,30.216932,1775476560.739744|完整运动,完整运动,circle_orbit,1,1.000000,1.500000,1.500000,,,,,,,,,,,,,,,,1.202547,0.142855,1.212152,0.132300,0.000000,0.000000,-0.173029,,-0.071509,0.000000,,,,0.118793,0.166682,1.500000,31.349153,25.194153,0.000000,circle,预设轨迹15,forward
1775476539.439958,30.239573,1775476560.739744|完整运动,完整运动,circle_orbit,1,1.000000,1.500000,1.500000,,,,,,,,,,,,,,,,1.202650,0.142231,1.208869,0.134438,0.000000,0.000000,-0.173752,,-0.073288,0.000000,,,,0.118265,0.166682,1.500000,31.373483,25.169824,0.000000,circle,预设轨迹15,forward
1775476539.460354,30.259968,1775476560.739744|完整运动,完整运动,circle_orbit,1,1.000000,1.500000,1.500000,,,,,,,,,,,,,,,,1.202691,0.141620,1.205149,0.133985,0.000000,0.000000,-0.174447,,-0.075373,0.000000,,,,0.117753,0.166682,1.500000,31.397706,25.145600,0.000000,circle,预设轨迹15,forward
1775476539.488716,30.288331,1775476560.739744|完整运动,完整运动,circle_orbit,1,1.000000,1.500000,1.500000,,,,,,,,,,,,,,,,1.202732,0.141233,1.205149,0.136389,0.000000,0.000000,-0.174447,,-0.075373,0.000000,,,,0.117427,0.166682,1.500000,31.397706,25.145600,0.000000,circle,预设轨迹15,forward
1775476539.518173,30.317788,1775476560.739744|完整运动,完整运动,circle_orbit,1,1.000000,1.500000,1.500000,,,,,,,,,,,,,,,,1.202665,0.140313,1.198639,0.128819,0.000000,0.000000,-0.176169,,-0.078833,0.000000,,,,0.116669,0.166682,1.500000,31.446372,25.096935,0.000000,circle,预设轨迹15,forward
1775476539.538886,30.338500,1775476560.739744|完整运动,完整运动,circle_orbit,1,1.000000,1.500000,1.500000,,,,,,,,,,,,,,,,1.202517,0.139283,1.193664,0.126405,0.000000,0.000000,-0.178251,,-0.081167,0.000000,,,,0.115826,0.166682,1.500000,31.495470,25.047836,0.000000,circle,预设轨迹15,forward
1775476539.570287,30.369901,1775476560.739744|完整运动,完整运动,circle_orbit,1,1.000000,1.500000,1.500000,,,,,,,,,,,,,,,,1.202372,0.138904,1.193664,0.134170,0.000000,0.000000,-0.178251,,-0.081167,0.000000,,,,0.115525,0.166682,1.500000,31.495470,25.047836,0.000000,circle,预设轨迹15,forward
1775476539.613365,30.412980,1775476560.739744|完整运动,完整运动,circle_orbit,1,1.000000,1.500000,1.500000,,,,,,,,,,,,,,,,1.202100,0.137536,1.185777,0.120438,0.000000,0.000000,-0.181445,,-0.084971,0.000000,,,,0.114413,0.166682,1.500000,31.569007,24.974300,0.000000,circle,预设轨迹15,forward
1775476539.636989,30.436604,1775476560.739744|完整运动,完整运动,circle_orbit,1,1.000000,1.500000,1.500000,,,,,,,,,,,,,,,,1.201798,0.136726,1.183678,0.126591,0.000000,0.000000,-0.182850,,-0.085749,0.000000,,,,0.113768,0.166682,1.500000,31.593812,24.949495,0.000000,circle,预设轨迹15,forward
1775476539.658243,30.457857,1775476560.739744|完整运动,完整运动,circle_orbit,1,1.000000,1.500000,1.500000,,,,,,,,,,,,,,,,1.201404,0.135453,1.177765,0.119550,0.000000,0.000000,-0.185748,,-0.088436,0.000000,,,,0.112746,0.166682,1.500000,31.643466,24.899840,0.000000,circle,预设轨迹15,forward
1775476539.686096,30.485710,1775476560.739744|完整运动,完整运动,circle_orbit,1,1.000000,1.500000,1.500000,,,,,,,,,,,,,,,,1.200969,0.134661,1.174868,0.124762,0.000000,0.000000,-0.187107,,-0.089795,0.000000,,,,0.112127,0.166682,1.500000,31.668243,24.875063,0.000000,circle,预设轨迹15,forward
1775476539.712781,30.512396,1775476560.739744|完整运动,完整运动,circle_orbit,1,1.000000,1.500000,1.500000,,,,,,,,,,,,,,,,1.200494,0.133874,1.172010,0.124035,0.000000,0.000000,-0.188469,,-0.091135,0.000000,,,,0.111516,0.166682,1.500000,31.692992,24.850314,0.000000,circle,预设轨迹15,forward
1775476539.733259,30.532874,1775476560.739744|完整运动,完整运动,circle_orbit,1,1.000000,1.500000,1.500000,,,,,,,,,,,,,,,,1.199976,0.133130,1.168903,0.123833,0.000000,0.000000,-0.189711,,-0.092710,0.000000,,,,0.110944,0.166682,1.500000,31.717572,24.825734,0.000000,circle,预设轨迹15,forward
1775476539.763647,30.563261,1775476560.739744|完整运动,完整运动,circle_orbit,1,1.000000,1.500000,1.500000,,,,,,,,,,,,,,,,1.199415,0.132388,1.165754,0.123111,0.000000,0.000000,-0.190966,,-0.094319,0.000000,,,,0.110377,0.166682,1.500000,31.742047,24.801260,0.000000,circle,预设轨迹15,forward
1775476539.784057,30.583672,1775476560.739744|完整运动,完整运动,circle_orbit,1,1.000000,1.500000,1.500000,,,,,,,,,,,,,,,,1.198788,0.131197,1.161140,0.116305,0.000000,0.000000,-0.193683,,-0.096306,0.000000,,,,0.109441,0.166682,1.500000,31.791347,24.751960,0.000000,circle,预设轨迹15,forward
1775476539.816084,30.615698,1775476560.739744|完整运动,完整运动,circle_orbit,1,1.000000,1.500000,1.500000,,,,,,,,,,,,,,,,1.198129,0.130404,1.158581,0.120495,0.000000,0.000000,-0.195128,,-0.097447,0.000000,,,,0.108840,0.166682,1.500000,31.816042,24.727265,0.000000,circle,预设轨迹15,forward
1775476539.843956,30.643571,1775476560.739744|完整运动,完整运动,circle_orbit,1,1.000000,1.500000,1.500000,,,,,,,,,,,,,,,,1.197437,0.129592,1.155916,0.119443,0.000000,0.000000,-0.196657,,-0.098634,0.000000,,,,0.108225,0.166682,1.500000,31.840646,24.702660,0.000000,circle,预设轨迹15,forward
1775476539.864388,30.664002,1775476560.739744|完整运动,完整运动,circle_orbit,1,1.000000,1.500000,1.500000,,,,,,,,,,,,,,,,1.196667,0.128249,1.150485,0.111454,0.000000,0.000000,-0.199911,,-0.101016,0.000000,,,,0.107172,0.166682,1.500000,31.889768,24.653539,0.000000,circle,预设轨迹15,forward
1775476539.895097,30.694711,1775476560.739744|完整运动,完整运动,circle_orbit,1,1.000000,1.500000,1.500000,,,,,,,,,,,,,,,,1.195861,0.127419,1.147493,0.117051,0.000000,0.000000,-0.201517,,-0.102427,0.000000,,,,0.106550,0.166682,1.500000,31.914416,24.628891,0.000000,circle,预设轨迹15,forward
1775476539.920911,30.720526,1775476560.739744|完整运动,完整运动,circle_orbit,1,1.000000,1.500000,1.500000,,,,,,,,,,,,,,,,1.195024,0.126597,1.144809,0.116322,0.000000,0.000000,-0.203122,,-0.103629,0.000000,,,,0.105937,0.166682,1.500000,31.939167,24.604140,0.000000,circle,预设轨迹15,forward
1775476539.941365,30.740980,1775476560.739744|完整运动,完整运动,circle_orbit,1,1.000000,1.500000,1.500000,,,,,,,,,,,,,,,,1.194113,0.125292,1.139468,0.108975,0.000000,0.000000,-0.206297,,-0.106056,0.000000,,,,0.104925,0.166682,1.500000,31.988269,24.555038,0.000000,circle,预设轨迹15,forward
1775476539.973266,30.772881,1775476560.739744|完整运动,完整运动,circle_orbit,1,1.000000,1.500000,1.500000,,,,,,,,,,,,,,,,1.193175,0.124497,1.136916,0.114558,0.000000,0.000000,-0.207842,,-0.107216,0.000000,,,,0.104341,0.166682,1.500000,32.012829,24.530477,0.000000,circle,预设轨迹15,forward
1775476540.000091,30.799705,1775476560.739744|完整运动,完整运动,circle_orbit,1,1.000000,1.500000,1.500000,,,,,,,,,,,,,,,,1.192222,0.123687,1.135020,0.113563,0.000000,0.000000,-0.209461,,-0.107874,0.000000,,,,0.103745,0.166682,1.500000,32.037358,24.505948,0.000000,circle,预设轨迹15,forward
1775476540.020580,30.820195,1775476560.739744|完整运动,完整运动,circle_orbit,1,1.000000,1.500000,1.500000,,,,,,,,,,,,,,,,1.191219,0.122267,1.131052,0.104520,0.000000,0.000000,-0.213067,,-0.109169,0.000000,,,,0.102640,0.166682,1.500000,32.086813,24.456493,0.000000,circle,预设轨迹15,forward
1775476540.049668,30.849283,1775476560.739744|完整运动,完整运动,circle_orbit,1,1.000000,1.500000,1.500000,,,,,,,,,,,,,,,,1.190206,0.121365,1.129393,0.110090,0.000000,0.000000,-0.215019,,-0.109519,0.000000,,,,0.101970,0.166682,1.500000,32.111749,24.431558,0.000000,circle,预设轨迹15,forward
1775476540.075641,30.875256,1775476560.739744|完整运动,完整运动,circle_orbit,1,1.000000,1.500000,1.500000,,,,,,,,,,,,,,,,1.189177,0.120432,1.127481,0.108763,0.000000,0.000000,-0.217099,,-0.110002,0.000000,,,,0.101273,0.166682,1.500000,32.136701,24.406606,0.000000,circle,预设轨迹15,forward
1775476540.096398,30.896013,1775476560.739744|完整运动,完整运动,circle_orbit,1,1.000000,1.500000,1.500000,,,,,,,,,,,,,,,,1.188092,0.118766,1.122989,0.097945,0.000000,0.000000,-0.221558,,-0.111346,0.000000,,,,0.099964,0.166682,1.500000,32.186308,24.356998,0.000000,circle,预设轨迹15,forward
1775476540.124586,30.924201,1775476560.739744|完整运动,完整运动,circle_orbit,1,1.000000,1.500000,1.500000,,,,,,,,,,,,,,,,1.187025,0.118489,1.122989,0.115025,0.000000,0.000000,-0.221558,,-0.111346,0.000000,,,,0.099820,0.166682,1.500000,32.186308,24.356998,0.000000,circle,预设轨迹15,forward
1775476540.152529,30.952144,1775476560.739744|完整运动,完整运动,circle_orbit,1,1.000000,1.500000,1.500000,,,,,,,,,,,,,,,,1.185897,0.117034,1.118199,0.098845,0.000000,0.000000,-0.225385,,-0.113221,0.000000,,,,0.098688,0.166682,1.500000,32.235732,24.307574,0.000000,circle,预设轨迹15,forward
1775476540.173108,30.972723,1775476560.739744|完整运动,完整运动,circle_orbit,1,1.000000,1.500000,1.500000,,,,,,,,,,,,,,,,1.184747,0.116237,1.115754,0.106273,0.000000,0.000000,-0.227104,,-0.114294,0.000000,,,,0.098111,0.166682,1.500000,32.260255,24.283051,0.000000,circle,预设轨迹15,forward
1775476540.201916,31.001530,1775476560.739744|完整运动,完整运动,circle_orbit,1,1.000000,1.500000,1.500000,,,,,,,,,,,,,,,,1.183557,0.114803,1.112179,0.096881,0.000000,0.000000,-0.230900,,-0.115308,0.000000,,,,0.096998,0.166682,1.500000,32.309270,24.234037,0.000000,circle,预设轨迹15,forward
1775476540.228384,31.027998,1775476560.739744|完整运动,完整运动,circle_orbit,1,1.000000,1.500000,1.500000,,,,,,,,,,,,,,,,1.182364,0.113956,1.110785,0.103364,0.000000,0.000000,-0.232824,,-0.115510,0.000000,,,,0.096379,0.166682,1.500000,32.333753,24.209553,0.000000,circle,预设轨迹15,forward
1775476540.248680,31.048295,1775476560.739744|完整运动,完整运动,circle_orbit,1,1.000000,1.500000,1.500000,,,,,,,,,,,,,,,,1.181168,0.113158,1.109396,0.103185,0.000000,0.000000,-0.234621,,-0.115769,0.000000,,,,0.095802,0.166682,1.500000,32.358349,24.184957,0.000000,circle,预设轨迹15,forward
1775476540.278411,31.078025,1775476560.739744|完整运动,完整运动,circle_orbit,1,1.000000,1.500000,1.500000,,,,,,,,,,,,,,,,1.179937,0.111681,1.106070,0.093226,0.000000,0.000000,-0.238630,,-0.116528,0.000000,,,,0.094650,0.166682,1.500000,32.407669,24.135637,0.000000,circle,预设轨迹15,forward
1775476540.314474,31.114089,1775476560.739744|完整运动,完整运动,circle_orbit,1,1.000000,1.500000,1.500000,,,,,,,,,,,,,,,,1.178700,0.110803,1.104494,0.099830,0.000000,0.000000,-0.240727,,-0.116805,0.000000,,,,0.094005,0.166682,1.500000,32.432283,24.111024,0.000000,circle,预设轨迹15,forward
1775476540.341951,31.141565,1775476560.739744|完整运动,完整运动,circle_orbit,1,1.000000,1.500000,1.500000,,,,,,,,,,,,,,,,1.177424,0.109326,1.100837,0.090856,0.000000,0.000000,-0.244781,,-0.117823,0.000000,,,,0.092852,0.166682,1.500000,32.480968,24.062339,0.000000,circle,预设轨迹15,forward
1775476540.363065,31.162679,1775476560.739744|完整运动,完整运动,circle_orbit,1,1.000000,1.500000,1.500000,,,,,,,,,,,,,,,,1.176138,0.108560,1.099017,0.098982,0.000000,0.000000,-0.246558,,-0.118443,0.000000,,,,0.092302,0.166682,1.500000,32.505287,24.038020,0.000000,circle,预设轨迹15,forward
1775476540.392447,31.192061,1775476560.739744|完整运动,完整运动,circle_orbit,1,1.000000,1.500000,1.500000,,,,,,,,,,,,,,,,1.174845,0.107815,1.097248,0.098504,0.000000,0.000000,-0.248299,,-0.119045,0.000000,,,,0.091769,0.166682,1.500000,32.529458,24.013848,0.000000,circle,预设轨迹15,forward
1775476540.415830,31.215445,1775476560.739744|完整运动,完整运动,circle_orbit,1,1.000000,1.500000,1.500000,,,,,,,,,,,,,,,,1.173549,0.107031,1.095758,0.097231,0.000000,0.000000,-0.250197,,-0.119362,0.000000,,,,0.091203,0.166682,1.500000,32.553604,23.989703,0.000000,circle,预设轨迹15,forward
1775476540.436947,31.236561,1775476560.739744|完整运动,完整运动,circle_orbit,1,1.000000,1.500000,1.500000,,,,,,,,,,,,,,,,1.172256,0.106205,1.094711,0.095887,0.000000,0.000000,-0.252262,,-0.119263,0.000000,,,,0.090599,0.166682,1.500000,32.577719,23.965588,0.000000,circle,预设轨迹15,forward
1775476540.463634,31.263249,1775476560.739744|完整运动,完整运动,circle_orbit,1,1.000000,1.500000,1.500000,,,,,,,,,,,,,,,,1.170967,0.105367,1.093601,0.094882,0.000000,0.000000,-0.254401,,-0.119182,0.000000,,,,0.089983,0.166682,1.500000,32.601744,23.941563,0.000000,circle,预设轨迹15,forward
1775476540.484228,31.283842,1775476560.739744|完整运动,完整运动,circle_orbit,1,1.000000,1.500000,1.500000,,,,,,,,,,,,,,,,1.169646,0.103877,1.090386,0.085253,0.000000,0.000000,-0.258659,,-0.119817,0.000000,,,,0.088810,0.166682,1.500000,32.650214,23.893093,0.000000,circle,预设轨迹15,forward
1775476540.514950,31.314564,1775476560.739744|完整运动,完整运动,circle_orbit,1,1.000000,1.500000,1.500000,,,,,,,,,,,,,,,,1.168326,0.103045,1.089151,0.092650,0.000000,0.000000,-0.260812,,-0.119835,0.000000,,,,0.088199,0.166682,1.500000,32.674695,23.868612,0.000000,circle,预设轨迹15,forward
1775476540.539140,31.338754,1775476560.739744|完整运动,完整运动,circle_orbit,1,1.000000,1.500000,1.500000,,,,,,,,,,,,,,,,1.167001,0.102254,1.087490,0.092361,0.000000,0.000000,-0.262863,,-0.120238,0.000000,,,,0.087621,0.166682,1.500000,32.699206,23.844100,0.000000,circle,预设轨迹15,forward
1775476540.560590,31.360205,1775476560.739744|完整运动,完整运动,circle_orbit,1,1.000000,1.500000,1.500000,,,,,,,,,,,,,,,,1.165631,0.100863,1.083452,0.083484,0.000000,0.000000,-0.266863,,-0.121673,0.000000,,,,0.086531,0.166682,1.500000,32.748211,23.795096,0.000000,circle,预设轨迹15,forward
1775476540.590746,31.390360,1775476560.739744|完整运动,完整运动,circle_orbit,1,1.000000,1.500000,1.500000,,,,,,,,,,,,,,,,1.164263,0.100106,1.082145,0.090642,0.000000,0.000000,-0.268839,,-0.121840,0.000000,,,,0.085982,0.166682,1.500000,32.772692,23.770615,0.000000,circle,预设轨迹15,forward
1775476540.611883,31.411497,1775476560.739744|完整运动,完整运动,circle_orbit,1,1.000000,1.500000,1.500000,,,,,,,,,,,,,,,,1.162901,0.099352,1.081221,0.089926,0.000000,0.000000,-0.270838,,-0.121691,0.000000,,,,0.085435,0.166682,1.500000,32.797162,23.746144,0.000000,circle,预设轨迹15,forward
1775476540.639310,31.438924,1775476560.739744|完整运动,完整运动,circle_orbit,1,1.000000,1.500000,1.500000,,,,,,,,,,,,,,,,1.161545,0.098568,1.080182,0.088767,0.000000,0.000000,-0.272964,,-0.121581,0.000000,,,,0.084859,0.166682,1.500000,32.821503,23.721803,0.000000,circle,预设轨迹15,forward
1775476540.659977,31.459592,1775476560.739744|完整运动,完整运动,circle_orbit,1,1.000000,1.500000,1.500000,,,,,,,,,,,,,,,,1.160165,0.097054,1.077313,0.078130,0.000000,0.000000,-0.277465,,-0.121891,0.000000,,,,0.083655,0.166682,1.500000,32.869545,23.673762,0.000000,circle,预设轨迹15,forward
1775476540.681191,31.480806,1775476560.739744|完整运动,完整运动,circle_orbit,1,1.000000,1.500000,1.500000,,,,,,,,,,,,,,,,1.158783,0.096264,1.075870,0.086382,0.000000,0.000000,-0.279646,,-0.122089,0.000000,,,,0.083073,0.166682,1.500000,32.893588,23.649718,0.000000,circle,预设轨迹15,forward
1775476540.702114,31.501729,1775476560.739744|完整运动,完整运动,circle_orbit,1,1.000000,1.500000,1.500000,,,,,,,,,,,,,,,,1.157423,0.096160,1.075870,0.094863,0.000000,0.000000,-0.279646,,-0.122089,0.000000,,,,0.083081,0.166682,1.500000,32.893588,23.649718,0.000000,circle,预设轨迹15,forward
1775476540.727794,31.527409,1775476560.739744|完整运动,完整运动,circle_orbit,1,1.000000,1.500000,1.500000,,,,,,,,,,,,,,,,1.156035,0.094764,1.072752,0.077321,0.000000,0.000000,-0.283844,,-0.122756,0.000000,,,,0.081974,0.166682,1.500000,32.941793,23.601514,0.000000,circle,预设轨迹15,forward
1775476540.758784,31.558398,1775476560.739744|完整运动,完整运动,circle_orbit,1,1.000000,1.500000,1.500000,,,,,,,,,,,,,,,,1.154652,0.094050,1.071650,0.085118,0.000000,0.000000,-0.285860,,-0.122759,0.000000,,,,0.081453,0.166682,1.500000,32.965973,23.577334,0.000000,circle,预设轨迹15,forward
1775476540.783903,31.583517,1775476560.739744|完整运动,完整运动,circle_orbit,1,1.000000,1.500000,1.500000,,,,,,,,,,,,,,,,1.153243,0.092854,1.068715,0.077903,0.000000,0.000000,-0.289448,,-0.123566,0.000000,,,,0.080515,0.166682,1.500000,33.014093,23.529214,0.000000,circle,预设轨迹15,forward
1775476540.810111,31.609725,1775476560.739744|完整运动,完整运动,circle_orbit,1,1.000000,1.500000,1.500000,,,,,,,,,,,,,,,,1.151857,0.092777,1.068715,0.091822,0.000000,0.000000,-0.289448,,-0.123566,0.000000,,,,0.080546,0.166682,1.500000,33.014093,23.529214,0.000000,circle,预设轨迹15,forward
1775476540.831082,31.630697,1775476560.739744|完整运动,完整运动,circle_orbit,1,1.000000,1.500000,1.500000,,,,,,,,,,,,,,,,1.150457,0.091589,1.066458,0.076731,0.000000,0.000000,-0.293069,,-0.123813,0.000000,,,,0.079611,0.166682,1.500000,33.061780,23.481526,0.000000,circle,预设轨迹15,forward
1775476540.851951,31.651565,1775476560.739744|完整运动,完整运动,circle_orbit,1,1.000000,1.500000,1.500000,,,,,,,,,,,,,,,,1.149066,0.090970,1.065558,0.083239,0.000000,0.000000,-0.294867,,-0.123756,0.000000,,,,0.079169,0.166682,1.500000,33.085659,23.457648,0.000000,circle,预设轨迹15,forward
1775476540.886378,31.685993,1775476560.739744|完整运动,完整运动,circle_orbit,1,1.000000,1.500000,1.500000,,,,,,,,,,,,,,,,1.147680,0.090314,1.064551,0.082109,0.000000,0.000000,-0.296814,,-0.123723,0.000000,,,,0.078692,0.166682,1.500000,33.109725,23.433582,0.000000,circle,预设轨迹15,forward
1775476540.907726,31.707341,1775476560.739744|完整运动,完整运动,circle_orbit,1,1.000000,1.500000,1.500000,,,,,,,,,,,,,,,,1.146276,0.089146,1.062031,0.074542,0.000000,0.000000,-0.300431,,-0.124205,0.000000,,,,0.077770,0.166682,1.500000,33.157856,23.385451,0.000000,circle,预设轨迹15,forward
1775476540.930188,31.729803,1775476560.739744|完整运动,完整运动,circle_orbit,1,1.000000,1.500000,1.500000,,,,,,,,,,,,,,,,1.144875,0.088502,1.060811,0.080460,0.000000,0.000000,-0.302368,,-0.124359,0.000000,,,,0.077303,0.166682,1.500000,33.181842,23.361465,0.000000,circle,预设轨迹15,forward
1775476540.954968,31.754582,1775476560.739744|完整运动,完整运动,circle_orbit,1,1.000000,1.500000,1.500000,,,,,,,,,,,,,,,,1.143478,0.087874,1.059642,0.080026,0.000000,0.000000,-0.304280,,-0.124484,0.000000,,,,0.076848,0.166682,1.500000,33.205726,23.337581,0.000000,circle,预设轨迹15,forward
1775476540.979807,31.779422,1775476560.739744|完整运动,完整运动,circle_orbit,1,1.000000,1.500000,1.500000,,,,,,,,,,,,,,,,1.142068,0.086641,1.057499,0.071230,0.000000,0.000000,-0.308162,,-0.124551,0.000000,,,,0.075864,0.166682,1.500000,33.254143,23.289164,0.000000,circle,预设轨迹15,forward
1775476541.010705,31.810320,1775476560.739744|完整运动,完整运动,circle_orbit,1,1.000000,1.500000,1.500000,,,,,,,,,,,,,,,,1.140661,0.086046,1.056241,0.078602,0.000000,0.000000,-0.310001,,-0.124791,0.000000,,,,0.075435,0.166682,1.500000,33.278533,23.264774,0.000000,circle,预设轨迹15,forward
1775476541.039639,31.839253,1775476560.739744|完整运动,完整运动,circle_orbit,1,1.000000,1.500000,1.500000,,,,,,,,,,,,,,,,1.139231,0.084861,1.053397,0.070044,0.000000,0.000000,-0.313758,,-0.125516,0.000000,,,,0.074489,0.166682,1.500000,33.326830,23.216477,0.000000,circle,预设轨迹15,forward
1775476541.060057,31.859672,1775476560.739744|完整运动,完整运动,circle_orbit,1,1.000000,1.500000,1.500000,,,,,,,,,,,,,,,,1.137804,0.084286,1.052206,0.077099,0.000000,0.000000,-0.315560,,-0.125723,0.000000,,,,0.074077,0.166682,1.500000,33.350838,23.192469,0.000000,circle,预设轨迹15,forward
1775476541.089306,31.888921,1775476560.739744|完整运动,完整运动,circle_orbit,1,1.000000,1.500000,1.500000,,,,,,,,,,,,,,,,1.136401,0.084278,1.052206,0.084187,0.000000,0.000000,-0.315560,,-0.125723,0.000000,,,,0.074162,0.166682,1.500000,33.350838,23.192469,0.000000,circle,预设轨迹15,forward
1775476541.121127,31.920742,1775476560.739744|完整运动,完整运动,circle_orbit,1,1.000000,1.500000,1.500000,,,,,,,,,,,,,,,,1.134962,0.082517,1.048655,0.060494,0.000000,0.000000,-0.321241,,-0.126214,0.000000,,,,0.072704,0.166682,1.500000,33.422709,23.120598,0.000000,circle,预设轨迹15,forward
1775476541.141821,31.941436,1775476560.739744|完整运动,完整运动,circle_orbit,1,1.000000,1.500000,1.500000,,,,,,,,,,,,,,,,1.133535,0.081894,1.047876,0.074113,0.000000,0.000000,-0.323250,,-0.125986,0.000000,,,,0.072247,0.166682,1.500000,33.446545,23.096762,0.000000,circle,预设轨迹15,forward
1775476541.171196,31.970810,1775476560.739744|完整运动,完整运动,circle_orbit,1,1.000000,1.500000,1.500000,,,,,,,,,,,,,,,,1.132131,0.081903,1.047876,0.082009,0.000000,0.000000,-0.323250,,-0.125986,0.000000,,,,0.072344,0.166682,1.500000,33.446545,23.096762,0.000000,circle,预设轨迹15,forward
1775476541.210604,32.010219,1775476560.739744|完整运动,完整运动,circle_orbit,1,1.000000,1.500000,1.500000,,,,,,,,,,,,,,,,1.130716,0.080587,1.045842,0.064146,0.000000,0.000000,-0.327548,,-0.125816,0.000000,,,,0.071271,0.166682,1.500000,33.494012,23.049295,0.000000,circle,预设轨迹15,forward
1775476541.236441,32.036056,1775476560.739744|完整运动,完整运动,circle_orbit,1,1.000000,1.500000,1.500000,,,,,,,,,,,,,,,,1.129289,0.079141,1.043700,0.061069,0.000000,0.000000,-0.332270,,-0.125557,0.000000,,,,0.070081,0.166682,1.500000,33.541676,23.001631,0.000000,circle,预设轨迹15,forward
1775476541.256983,32.056597,1775476560.739744|完整运动,完整运动,circle_orbit,1,1.000000,1.500000,1.500000,,,,,,,,,,,,,,,,1.127864,0.077579,1.042356,0.058052,0.000000,0.000000,-0.337374,,-0.124446,0.000000,,,,0.068784,0.166682,1.500000,33.589095,22.954212,0.000000,circle,预设轨迹15,forward
1775476541.284708,32.084322,1775476560.739744|完整运动,完整运动,circle_orbit,1,1.000000,1.500000,1.500000,,,,,,,,,,,,,,,,1.126463,0.077603,1.042356,0.077898,0.000000,0.000000,-0.337374,,-0.124446,0.000000,,,,0.068891,0.166682,1.500000,33.589095,22.954212,0.000000,circle,预设轨迹15,forward
1775476541.305825,32.105439,1775476560.739744|完整运动,完整运动,circle_orbit,1,1.000000,1.500000,1.500000,,,,,,,,,,,,,,,,1.125058,0.076192,1.040789,0.058549,0.000000,0.000000,-0.342037,,-0.123728,0.000000,,,,0.067722,0.166682,1.500000,33.635967,22.907340,0.000000,circle,预设轨迹15,forward
1775476541.335895,32.135510,1775476560.739744|完整运动,完整运动,circle_orbit,1,1.000000,1.500000,1.500000,,,,,,,,,,,,,,,,1.123670,0.075553,1.040372,0.067574,0.000000,0.000000,-0.344218,,-0.123120,0.000000,,,,0.067238,0.166682,1.500000,33.659698,22.883608,0.000000,circle,预设轨迹15,forward
1775476541.360656,32.160270,1775476560.739744|完整运动,完整运动,circle_orbit,1,1.000000,1.500000,1.500000,,,,,,,,,,,,,,,,1.122289,0.074982,1.039456,0.067842,0.000000,0.000000,-0.346206,,-0.123030,0.000000,,,,0.066812,0.166682,1.500000,33.683241,22.860066,0.000000,circle,预设轨迹15,forward
1775476541.382385,32.181999,1775476560.739744|完整运动,完整运动,circle_orbit,1,1.000000,1.500000,1.500000,,,,,,,,,,,,,,,,1.120919,0.073862,1.038694,0.059868,0.000000,0.000000,-0.349988,,-0.122010,0.000000,,,,0.065895,0.166682,1.500000,33.730213,22.813094,0.000000,circle,预设轨迹15,forward
1775476541.418231,32.217845,1775476560.739744|完整运动,完整运动,circle_orbit,1,1.000000,1.500000,1.500000,,,,,,,,,,,,,,,,1.119572,0.073285,1.038737,0.066062,0.000000,0.000000,-0.352041,,-0.121061,0.000000,,,,0.065458,0.166682,1.500000,33.753670,22.789636,0.000000,circle,预设轨迹15,forward
1775476541.447958,32.247572,1775476560.739744|完整运动,完整运动,circle_orbit,1,1.000000,1.500000,1.500000,,,,,,,,,,,,,,,,1.118247,0.071972,1.038801,0.055562,0.000000,0.000000,-0.356493,,-0.119026,0.000000,,,,0.064361,0.166682,1.500000,33.800781,22.742526,0.000000,circle,预设轨迹15,forward
1775476541.468239,32.267853,1775476560.739744|完整运动,完整运动,circle_orbit,1,1.000000,1.500000,1.500000,,,,,,,,,,,,,,,,1.116939,0.071299,1.038419,0.062890,0.000000,0.000000,-0.358892,,-0.118292,0.000000,,,,0.063834,0.166682,1.500000,33.824319,22.718987,0.000000,circle,预设轨迹15,forward
1775476541.501374,32.300989,1775476560.739744|完整运动,完整运动,circle_orbit,1,1.000000,1.500000,1.500000,,,,,,,,,,,,,,,,1.115630,0.069917,1.037109,0.052641,0.000000,0.000000,-0.363601,,-0.117339,0.000000,,,,0.062670,0.166682,1.500000,33.871154,22.672153,0.000000,circle,预设轨迹15,forward
1775476541.536878,32.336492,1775476560.739744|完整运动,完整运动,circle_orbit,1,1.000000,1.500000,1.500000,,,,,,,,,,,,,,,,1.114330,0.069332,1.036295,0.062021,0.000000,0.000000,-0.365747,,-0.117095,0.000000,,,,0.062219,0.166682,1.500000,33.894569,22.648738,0.000000,circle,预设轨迹15,forward
1775476541.571185,32.370800,1775476560.739744|完整运动,完整运动,circle_orbit,1,1.000000,1.500000,1.500000,,,,,,,,,,,,,,,,1.113034,0.068167,1.035306,0.053607,0.000000,0.000000,-0.369788,,-0.116164,0.000000,,,,0.061245,0.166682,1.500000,33.941534,22.601773,0.000000,circle,预设轨迹15,forward
1775476541.603165,32.402779,1775476560.739744|完整运动,完整运动,circle_orbit,1,1.000000,1.500000,1.500000,,,,,,,,,,,,,,,,1.111752,0.067700,1.034852,0.061859,0.000000,0.000000,-0.371595,,-0.115757,0.000000,,,,0.060895,0.166682,1.500000,33.965032,22.578274,0.000000,circle,预设轨迹15,forward
1775476541.624231,32.423846,1775476560.739744|完整运动,完整运动,circle_orbit,1,1.000000,1.500000,1.500000,,,,,,,,,,,,,,,,1.110481,0.066857,1.034175,0.056314,0.000000,0.000000,-0.374642,,-0.114996,0.000000,,,,0.060205,0.166682,1.500000,34.012237,22.531070,0.000000,circle,预设轨迹15,forward
1775476541.657215,32.456830,1775476560.739744|完整运动,完整运动,circle_orbit,1,1.000000,1.500000,1.500000,,,,,,,,,,,,,,,,1.109229,0.066492,1.034134,0.061931,0.000000,0.000000,-0.376166,,-0.114355,0.000000,,,,0.059944,0.166682,1.500000,34.035689,22.507617,0.000000,circle,预设轨迹15,forward
1775476541.678851,32.478465,1775476560.739744|完整运动,完整运动,circle_orbit,1,1.000000,1.500000,1.500000,,,,,,,,,,,,,,,,1.107993,0.065513,1.033828,0.053281,0.000000,0.000000,-0.379699,,-0.113053,0.000000,,,,0.059128,0.166682,1.500000,34.082478,22.460829,0.000000,circle,预设轨迹15,forward
1775476541.701012,32.500627,1775476560.739744|完整运动,完整运动,circle_orbit,1,1.000000,1.500000,1.500000,,,,,,,,,,,,,,,,1.106770,0.065089,1.033375,0.059783,0.000000,0.000000,-0.381458,,-0.112668,0.000000,,,,0.058810,0.166682,1.500000,34.105760,22.437546,0.000000,circle,预设轨迹15,forward
1775476541.723794,32.523409,1775476560.739744|完整运动,完整运动,circle_orbit,1,1.000000,1.500000,1.500000,,,,,,,,,,,,,,,,1.105563,0.064695,1.033167,0.059776,0.000000,0.000000,-0.383143,,-0.112102,0.000000,,,,0.058518,0.166682,1.500000,34.129070,22.414236,0.000000,circle,预设轨迹15,forward
1775476541.754577,32.554192,1775476560.739744|完整运动,完整运动,circle_orbit,1,1.000000,1.500000,1.500000,,,,,,,,,,,,,,,,1.104373,0.064333,1.032939,0.059801,0.000000,0.000000,-0.384752,,-0.111587,0.000000,,,,0.058253,0.166682,1.500000,34.152296,22.391010,0.000000,circle,预设轨迹15,forward
1775476541.775192,32.574807,1775476560.739744|完整运动,完整运动,circle_orbit,1,1.000000,1.500000,1.500000,,,,,,,,,,,,,,,,1.103192,0.063527,1.032351,0.053452,0.000000,0.000000,-0.387813,,-0.110744,0.000000,,,,0.057584,0.166682,1.500000,34.198512,22.344795,0.000000,circle,预设轨迹15,forward
1775476541.809968,32.609582,1775476560.739744|完整运动,完整运动,circle_orbit,1,1.000000,1.500000,1.500000,,,,,,,,,,,,,,,,1.102026,0.063194,1.032077,0.059032,0.000000,0.000000,-0.389361,,-0.110296,0.000000,,,,0.057343,0.166682,1.500000,34.221533,22.321774,0.000000,circle,预设轨迹15,forward
1775476541.846435,32.646049,1775476560.739744|完整运动,完整运动,circle_orbit,1,1.000000,1.500000,1.500000,,,,,,,,,,,,,,,,1.100873,0.062861,1.031712,0.058699,0.000000,0.000000,-0.390930,,-0.109920,0.000000,,,,0.057101,0.166682,1.500000,34.244436,22.298870,0.000000,circle,预设轨迹15,forward
1775476541.867881,32.667495,1775476560.739744|完整运动,完整运动,circle_orbit,1,1.000000,1.500000,1.500000,,,,,,,,,,,,,,,,1.099728,0.062030,1.031020,0.051645,0.000000,0.000000,-0.394123,,-0.109111,0.000000,,,,0.056405,0.166682,1.500000,34.290697,22.252609,0.000000,circle,预设轨迹15,forward
1775476541.894389,32.694004,1775476560.739744|完整运动,完整运动,circle_orbit,1,1.000000,1.500000,1.500000,,,,,,,,,,,,,,,,1.098593,0.061743,1.030488,0.058157,0.000000,0.000000,-0.395570,,-0.108938,0.000000,,,,0.056202,0.166682,1.500000,34.314015,22.229292,0.000000,circle,预设轨迹15,forward
1775476541.927571,32.727186,1775476560.739744|完整运动,完整运动,circle_orbit,1,1.000000,1.500000,1.500000,,,,,,,,,,,,,,,,1.097469,0.061460,1.030026,0.057924,0.000000,0.000000,-0.397022,,-0.108700,0.000000,,,,0.056002,0.166682,1.500000,34.337397,22.205910,0.000000,circle,预设轨迹15,forward
1775476541.948267,32.747881,1775476560.739744|完整运动,完整运动,circle_orbit,1,1.000000,1.500000,1.500000,,,,,,,,,,,,,,,,1.096355,0.060678,1.029533,0.050895,0.000000,0.000000,-0.400103,,-0.107767,0.000000,,,,0.055345,0.166682,1.500000,34.383866,22.159441,0.000000,circle,预设轨迹15,forward
1775476541.975082,32.774697,1775476560.739744|完整运动,完整运动,circle_orbit,1,1.000000,1.500000,1.500000,,,,,,,,,,,,,,,,1.095259,0.060330,1.029476,0.055991,0.000000,0.000000,-0.401787,,-0.107068,0.000000,,,,0.055083,0.166682,1.500000,34.407044,22.136262,0.000000,circle,预设轨迹15,forward
1775476542.004673,32.804288,1775476560.739744|完整运动,完整运动,circle_orbit,1,1.000000,1.500000,1.500000,,,,,,,,,,,,,,,,1.094182,0.059975,1.029548,0.055527,0.000000,0.000000,-0.403518,,-0.106236,0.000000,,,,0.054812,0.166682,1.500000,34.430205,22.113102,0.000000,circle,预设轨迹15,forward
1775476542.032350,32.831964,1775476560.739744|完整运动,完整运动,circle_orbit,1,1.000000,1.500000,1.500000,,,,,,,,,,,,,,,,1.093111,0.059137,1.028890,0.048669,0.000000,0.000000,-0.406814,,-0.105353,0.000000,,,,0.054100,0.166682,1.500000,34.476247,22.067060,0.000000,circle,预设轨迹15,forward
1775476542.053936,32.853551,1775476560.739744|完整运动,完整运动,circle_orbit,1,1.000000,1.500000,1.500000,,,,,,,,,,,,,,,,1.092061,0.058813,1.029063,0.054755,0.000000,0.000000,-0.408464,,-0.104466,0.000000,,,,0.053855,0.166682,1.500000,34.499462,22.043844,0.000000,circle,预设轨迹15,forward
1775476542.088659,32.888274,1775476560.739744|完整运动,完整运动,circle_orbit,1,1.000000,1.500000,1.500000,,,,,,,,,,,,,,,,1.091030,0.058517,1.029127,0.054820,0.000000,0.000000,-0.410036,,-0.103711,0.000000,,,,0.053635,0.166682,1.500000,34.522730,22.020577,0.000000,circle,预设轨迹15,forward
1775476542.119977,32.919592,1775476560.739744|完整运动,完整运动,circle_orbit,1,1.000000,1.500000,1.500000,,,,,,,,,,,,,,,,1.090028,0.057125,1.029920,0.039721,0.000000,0.000000,-0.415167,,-0.100729,0.000000,,,,0.052407,0.166682,1.500000,34.592070,21.951237,0.000000,circle,预设轨迹15,forward
1775476542.140958,32.940573,1775476560.739744|完整运动,完整运动,circle_orbit,1,1.000000,1.500000,1.500000,,,,,,,,,,,,,,,,1.089048,0.056736,1.030238,0.051875,0.000000,0.000000,-0.417057,,-0.099607,0.000000,,,,0.052097,0.166682,1.500000,34.615071,21.928236,0.000000,circle,预设轨迹15,forward
1775476542.173934,32.973549,1775476560.739744|完整运动,完整运动,circle_orbit,1,1.000000,1.500000,1.500000,,,,,,,,,,,,,,,,1.088084,0.056938,1.030238,0.059462,0.000000,0.000000,-0.417057,,-0.099607,0.000000,,,,0.052328,0.166682,1.500000,34.615071,21.928236,0.000000,circle,预设轨迹15,forward
1775476542.200085,32.999699,1775476560.739744|完整运动,完整运动,circle_orbit,1,1.000000,1.500000,1.500000,,,,,,,,,,,,,,,,1.087143,0.056065,1.030713,0.045157,0.000000,0.000000,-0.420551,,-0.097635,0.000000,,,,0.051571,0.166682,1.500000,34.661358,21.881948,0.000000,circle,预设轨迹15,forward
1775476542.221822,33.021436,1775476560.739744|完整运动,完整运动,circle_orbit,1,1.000000,1.500000,1.500000,,,,,,,,,,,,,,,,1.086223,0.055301,1.031013,0.045752,0.000000,0.000000,-0.423699,,-0.095972,0.000000,,,,0.050911,0.166682,1.500000,34.707335,21.835971,0.000000,circle,预设轨迹15,forward
1775476542.249176,33.048790,1775476560.739744|完整运动,完整运动,circle_orbit,1,1.000000,1.500000,1.500000,,,,,,,,,,,,,,,,1.085321,0.055066,1.031220,0.052127,0.000000,0.000000,-0.425149,,-0.095144,0.000000,,,,0.050737,0.166682,1.500000,34.730353,21.812954,0.000000,circle,预设轨迹15,forward
1775476542.270213,33.069828,1775476560.739744|完整运动,完整运动,circle_orbit,1,1.000000,1.500000,1.500000,,,,,,,,,,,,,,,,1.084444,0.054858,1.031783,0.052256,0.000000,0.000000,-0.426530,,-0.094035,0.000000,,,,0.050586,0.166682,1.500000,34.753443,21.789864,0.000000,circle,预设轨迹15,forward
1775476542.293604,33.093218,1775476560.739744|完整运动,完整运动,circle_orbit,1,1.000000,1.500000,1.500000,,,,,,,,,,,,,,,,1.083585,0.054657,1.032082,0.052147,0.000000,0.000000,-0.427903,,-0.093161,0.000000,,,,0.050441,0.166682,1.500000,34.776515,21.766792,0.000000,circle,预设轨迹15,forward
1775476542.314105,33.113719,1775476560.739744|完整运动,完整运动,circle_orbit,1,1.000000,1.500000,1.500000,,,,,,,,,,,,,,,,1.082747,0.054443,1.032464,0.051773,0.000000,0.000000,-0.429332,,-0.092189,0.000000,,,,0.050283,0.166682,1.500000,34.799527,21.743780,0.000000,circle,预设轨迹15,forward
1775476542.343758,33.143373,1775476560.739744|完整运动,完整运动,circle_orbit,1,1.000000,1.500000,1.500000,,,,,,,,,,,,,,,,1.081932,0.054212,1.033020,0.051317,0.000000,0.000000,-0.430834,,-0.091034,0.000000,,,,0.050107,0.166682,1.500000,34.822576,21.720731,0.000000,circle,预设轨迹15,forward
1775476542.370076,33.169691,1775476560.739744|完整运动,完整运动,circle_orbit,1,1.000000,1.500000,1.500000,,,,,,,,,,,,,,,,1.081134,0.053007,1.033239,0.037940,0.000000,0.000000,-0.435489,,-0.088772,0.000000,,,,0.049029,0.166682,1.500000,34.868459,21.674848,0.000000,circle,预设轨迹15,forward
1775476542.390982,33.190597,1775476560.739744|完整运动,完整运动,circle_orbit,1,1.000000,1.500000,1.500000,,,,,,,,,,,,,,,,1.080349,0.052567,1.033285,0.047072,0.000000,0.000000,-0.437667,,-0.087763,0.000000,,,,0.048657,0.166682,1.500000,34.891500,21.651807,0.000000,circle,预设轨迹15,forward
1775476542.420781,33.220396,1775476560.739744|完整运动,完整运动,circle_orbit,1,1.000000,1.500000,1.500000,,,,,,,,,,,,,,,,1.079574,0.052165,1.033081,0.047136,0.000000,0.000000,-0.439733,,-0.087024,0.000000,,,,0.048320,0.166682,1.500000,34.914606,21.628700,0.000000,circle,预设轨迹15,forward
1775476542.445797,33.245412,1775476560.739744|完整运动,完整运动,circle_orbit,1,1.000000,1.500000,1.500000,,,,,,,,,,,,,,,,1.078809,0.051240,1.032880,0.039681,0.000000,0.000000,-0.443493,,-0.085529,0.000000,,,,0.047497,0.166682,1.500000,34.960687,21.582619,0.000000,circle,预设轨迹15,forward
1775476542.471650,33.271265,1775476560.739744|完整运动,完整运动,circle_orbit,1,1.000000,1.500000,1.500000,,,,,,,,,,,,,,,,1.078059,0.050940,1.033040,0.047187,0.000000,0.000000,-0.445239,,-0.084613,0.000000,,,,0.047251,0.166682,1.500000,34.983546,21.559760,0.000000,circle,预设轨迹15,forward
1775476542.492831,33.292445,1775476560.739744|完整运动,完整运动,circle_orbit,1,1.000000,1.500000,1.500000,,,,,,,,,,,,,,,,1.077321,0.050694,1.033086,0.047625,0.000000,0.000000,-0.446820,,-0.083870,0.000000,,,,0.047056,0.166682,1.500000,35.006335,21.536972,0.000000,circle,预设轨迹15,forward
1775476542.513670,33.313285,1775476560.739744|完整运动,完整运动,circle_orbit,1,1.000000,1.500000,1.500000,,,,,,,,,,,,,,,,1.076598,0.050449,1.033188,0.047381,0.000000,0.000000,-0.448414,,-0.083072,0.000000,,,,0.046859,0.166682,1.500000,35.029215,21.514092,0.000000,circle,预设轨迹15,forward
1775476542.556331,33.355946,1775476560.739744|完整运动,完整运动,circle_orbit,1,1.000000,1.500000,1.500000,,,,,,,,,,,,,,,,1.075901,0.049769,1.034070,0.041265,0.000000,0.000000,-0.451425,,-0.080959,0.000000,,,,0.046258,0.166682,1.500000,35.075257,21.468050,0.000000,circle,预设轨迹15,forward
1775476542.576989,33.376604,1775476560.739744|完整运动,完整运动,circle_orbit,1,1.000000,1.500000,1.500000,,,,,,,,,,,,,,,,1.075221,0.049099,1.034410,0.040735,0.000000,0.000000,-0.454405,,-0.079337,0.000000,,,,0.045664,0.166682,1.500000,35.121067,21.422239,0.000000,circle,预设轨迹15,forward
1775476542.606067,33.405682,1775476560.739744|完整运动,完整运动,circle_orbit,1,1.000000,1.500000,1.500000,,,,,,,,,,,,,,,,1.074552,0.049355,1.034410,0.052548,0.000000,0.000000,-0.454405,,-0.079337,0.000000,,,,0.045931,0.166682,1.500000,35.121067,21.422239,0.000000,circle,预设轨迹15,forward
1775476542.630028,33.429642,1775476560.739744|完整运动,完整运动,circle_orbit,1,1.000000,1.500000,1.500000,,,,,,,,,,,,,,,,1.073920,0.048622,1.036034,0.039460,0.000000,0.000000,-0.457621,,-0.076486,0.000000,,,,0.045275,0.166682,1.500000,35.167335,21.375972,0.000000,circle,预设轨迹15,forward
1775476542.651982,33.451596,1775476560.739744|完整运动,完整运动,circle_orbit,1,1.000000,1.500000,1.500000,,,,,,,,,,,,,,,,1.073306,0.048379,1.036450,0.045342,0.000000,0.000000,-0.459259,,-0.075395,0.000000,,,,0.045075,0.166682,1.500000,35.190347,21.352959,0.000000,circle,预设轨迹15,forward
1775476542.684487,33.484102,1775476560.739744|完整运动,完整运动,circle_orbit,1,1.000000,1.500000,1.500000,,,,,,,,,,,,,,,,1.072706,0.047637,1.036695,0.038357,0.000000,0.000000,-0.462517,,-0.073733,0.000000,,,,0.044408,0.166682,1.500000,35.235929,21.307377,0.000000,circle,预设轨迹15,forward
1775476542.705390,33.505005,1775476560.739744|完整运动,完整运动,circle_orbit,1,1.000000,1.500000,1.500000,,,,,,,,,,,,,,,,1.072116,0.047386,1.036706,0.044254,0.000000,0.000000,-0.464189,,-0.072980,0.000000,,,,0.044199,0.166682,1.500000,35.258624,21.284682,0.000000,circle,预设轨迹15,forward
1775476542.733878,33.533493,1775476560.739744|完整运动,完整运动,circle_orbit,1,1.000000,1.500000,1.500000,,,,,,,,,,,,,,,,1.071545,0.047110,1.037331,0.043659,0.000000,0.000000,-0.465956,,-0.071650,0.000000,,,,0.043965,0.166682,1.500000,35.281390,21.261917,0.000000,circle,预设轨迹15,forward
1775476542.764601,33.564216,1775476560.739744|完整运动,完整运动,circle_orbit,1,1.000000,1.500000,1.500000,,,,,,,,,,,,,,,,1.070995,0.046865,1.037979,0.043799,0.000000,0.000000,-0.467634,,-0.070341,0.000000,,,,0.043758,0.166682,1.500000,35.304225,21.239082,0.000000,circle,预设轨迹15,forward
1775476542.785526,33.585141,1775476560.739744|完整运动,完整运动,circle_orbit,1,1.000000,1.500000,1.500000,,,,,,,,,,,,,,,,1.070468,0.046203,1.038850,0.037937,0.000000,0.000000,-0.470665,,-0.068235,0.000000,,,,0.043162,0.166682,1.500000,35.350145,21.193162,0.000000,circle,预设轨迹15,forward
1775476542.814262,33.613876,1775476560.739744|完整运动,完整运动,circle_orbit,1,1.000000,1.500000,1.500000,,,,,,,,,,,,,,,,1.069953,0.046076,1.039041,0.044484,0.000000,0.000000,-0.471975,,-0.067487,0.000000,,,,0.043064,0.166682,1.500000,35.373002,21.170305,0.000000,circle,预设轨迹15,forward
1775476542.841689,33.641304,1775476560.739744|完整运动,完整运动,circle_orbit,1,1.000000,1.500000,1.500000,,,,,,,,,,,,,,,,1.069452,0.045949,1.039378,0.044356,0.000000,0.000000,-0.473296,,-0.066608,0.000000,,,,0.042965,0.166682,1.500000,35.395839,21.147468,0.000000,circle,预设轨迹15,forward
1775476542.862609,33.662223,1775476560.739744|完整运动,完整运动,circle_orbit,1,1.000000,1.500000,1.500000,,,,,,,,,,,,,,,,1.068981,0.045413,1.040756,0.038714,0.000000,0.000000,-0.475950,,-0.064234,0.000000,,,,0.042482,0.166682,1.500000,35.441683,21.101624,0.000000,circle,预设轨迹15,forward
1775476542.896553,33.696168,1775476560.739744|完整运动,完整运动,circle_orbit,1,1.000000,1.500000,1.500000,,,,,,,,,,,,,,,,1.068529,0.045266,1.041374,0.043437,0.000000,0.000000,-0.477350,,-0.063077,0.000000,,,,0.042363,0.166682,1.500000,35.464552,21.078755,0.000000,circle,预设轨迹15,forward
1775476542.920054,33.719669,1775476560.739744|完整运动,完整运动,circle_orbit,1,1.000000,1.500000,1.500000,,,,,,,,,,,,,,,,1.068091,0.044921,1.041829,0.040607,0.000000,0.000000,-0.479401,,-0.061773,0.000000,,,,0.042057,0.166682,1.500000,35.509854,21.033453,0.000000,circle,预设轨迹15,forward
1775476542.945252,33.744867,1775476560.739744|完整运动,完整运动,circle_orbit,1,1.000000,1.500000,1.500000,,,,,,,,,,,,,,,,1.067660,0.045212,1.041829,0.048852,0.000000,0.000000,-0.479401,,-0.061773,0.000000,,,,0.042347,0.166682,1.500000,35.509854,21.033453,0.000000,circle,预设轨迹15,forward
1775476542.981032,33.780647,1775476560.739744|完整运动,完整运动,circle_orbit,1,1.000000,1.500000,1.500000,,,,,,,,,,,,,,,,1.067268,0.045042,1.043748,0.042919,0.000000,0.000000,-0.480910,,-0.059447,0.000000,,,,0.042203,0.166682,1.500000,35.555017,20.988290,0.000000,circle,预设轨迹15,forward
1775476543.003381,33.802995,1775476560.739744|完整运动,完整运动,circle_orbit,1,1.000000,1.500000,1.500000,,,,,,,,,,,,,,,,1.066932,0.044685,1.046762,0.040213,0.000000,0.000000,-0.483043,,-0.055913,0.000000,,,,0.041881,0.166682,1.500000,35.600475,20.942831,0.000000,circle,预设轨迹15,forward
1775476543.026587,33.826201,1775476560.739744|完整运动,完整运动,circle_orbit,1,1.000000,1.500000,1.500000,,,,,,,,,,,,,,,,1.066619,0.044680,1.047843,0.044621,0.000000,0.000000,-0.484041,,-0.054546,0.000000,,,,0.041889,0.166682,1.500000,35.622959,20.920348,0.000000,circle,预设轨迹15,forward
1775476543.060170,33.859785,1775476560.739744|完整运动,完整运动,circle_orbit,1,1.000000,1.500000,1.500000,,,,,,,,,,,,,,,,1.066325,0.044673,1.048643,0.044582,0.000000,0.000000,-0.485055,,-0.053412,0.000000,,,,0.041894,0.166682,1.500000,35.645538,20.897769,0.000000,circle,预设轨迹15,forward
1775476543.081587,33.881201,1775476560.739744|完整运动,完整运动,circle_orbit,1,1.000000,1.500000,1.500000,,,,,,,,,,,,,,,,1.066076,0.044317,1.051173,0.039875,0.000000,0.000000,-0.487208,,-0.050304,0.000000,,,,0.041571,0.166682,1.500000,35.691286,20.852021,0.000000,circle,预设轨迹15,forward
1775476543.103702,33.903316,1775476560.739744|完整运动,完整运动,circle_orbit,1,1.000000,1.500000,1.500000,,,,,,,,,,,,,,,,1.065851,0.044318,1.052334,0.044330,0.000000,0.000000,-0.488214,,-0.048873,0.000000,,,,0.041580,0.166682,1.500000,35.714424,20.828882,0.000000,circle,预设轨迹15,forward
1775476543.138823,33.938437,1775476560.739744|完整运动,完整运动,circle_orbit,1,1.000000,1.500000,1.500000,,,,,,,,,,,,,,,,1.065641,0.044359,1.053046,0.044866,0.000000,0.000000,-0.489097,,-0.047878,0.000000,,,,0.041626,0.166682,1.500000,35.737459,20.805847,0.000000,circle,预设轨迹15,forward
1775476543.159323,33.958938,1775476560.739744|完整运动,完整运动,circle_orbit,1,1.000000,1.500000,1.500000,,,,,,,,,,,,,,,,1.065468,0.044251,1.055105,0.042907,0.000000,0.000000,-0.490470,,-0.045530,0.000000,,,,0.041532,0.166682,1.500000,35.783410,20.759897,0.000000,circle,预设轨迹15,forward
1775476543.184473,33.984087,1775476560.739744|完整运动,完整运动,circle_orbit,1,1.000000,1.500000,1.500000,,,,,,,,,,,,,,,,1.065298,0.044569,1.055105,0.048539,0.000000,0.000000,-0.490470,,-0.045530,0.000000,,,,0.041837,0.166682,1.500000,35.783410,20.759897,0.000000,circle,预设轨迹15,forward
1775476543.211261,34.010876,1775476560.739744|完整运动,完整运动,circle_orbit,1,1.000000,1.500000,1.500000,,,,,,,,,,,,,,,,1.065182,0.044481,1.058188,0.043376,0.000000,0.000000,-0.491800,,-0.042351,0.000000,,,,0.041759,0.166682,1.500000,35.830055,20.713251,0.000000,circle,预设轨迹15,forward
1775476543.231735,34.031349,1775476560.739744|完整运动,完整运动,circle_orbit,1,1.000000,1.500000,1.500000,,,,,,,,,,,,,,,,1.065091,0.044629,1.059628,0.046484,0.000000,0.000000,-0.492368,,-0.040894,0.000000,,,,0.041902,0.166682,1.500000,35.853763,20.689543,0.000000,circle,预设轨迹15,forward
1775476543.262255,34.061870,1775476560.739744|完整运动,完整运动,circle_orbit,1,1.000000,1.500000,1.500000,,,,,,,,,,,,,,,,1.065017,0.044800,1.060608,0.046944,0.000000,0.000000,-0.492865,,-0.039855,0.000000,,,,0.042065,0.166682,1.500000,35.877479,20.665828,0.000000,circle,预设轨迹15,forward
1775476543.289944,34.089559,1775476560.739744|完整运动,完整运动,circle_orbit,1,1.000000,1.500000,1.500000,,,,,,,,,,,,,,,,1.064979,0.044726,1.062658,0.043797,0.000000,0.000000,-0.494165,,-0.037572,0.000000,,,,0.041997,0.166682,1.500000,35.924776,20.618531,0.000000,circle,预设轨迹15,forward
1775476543.310479,34.110093,1775476560.739744|完整运动,完整运动,circle_orbit,1,1.000000,1.500000,1.500000,,,,,,,,,,,,,,,,1.064962,0.044839,1.063939,0.046244,0.000000,0.000000,-0.494861,,-0.036200,0.000000,,,,0.042103,0.166682,1.500000,35.948445,20.594862,0.000000,circle,预设轨迹15,forward
1775476543.346080,34.145694,1775476560.739744|完整运动,完整运动,circle_orbit,1,1.000000,1.500000,1.500000,,,,,,,,,,,,,,,,1.064974,0.045009,1.065728,0.047143,0.000000,0.000000,-0.495374,,-0.034494,0.000000,,,,0.042263,0.166682,1.500000,35.972367,20.570940,0.000000,circle,预设轨迹15,forward
1775476543.372854,34.172469,1775476560.739744|完整运动,完整运动,circle_orbit,1,1.000000,1.500000,1.500000,,,,,,,,,,,,,,,,1.065034,0.045805,1.068640,0.055756,0.000000,0.000000,-0.493879,,-0.032760,0.000000,,,,0.043008,0.166682,1.500000,36.020282,20.523024,0.000000,circle,预设轨迹15,forward
1775476543.395965,34.195580,1775476560.739744|完整运动,完整运动,circle_orbit,1,1.000000,1.500000,1.500000,,,,,,,,,,,,,,,,1.065120,0.046425,1.070278,0.054173,0.000000,0.000000,-0.492965,,-0.031824,0.000000,,,,0.043587,0.166682,1.500000,36.043863,20.499443,0.000000,circle,预设轨迹15,forward
1775476543.424527,34.224142,1775476560.739744|完整运动,完整运动,circle_orbit,1,1.000000,1.500000,1.500000,,,,,,,,,,,,,,,,1.065244,0.046974,1.072665,0.053834,0.000000,0.000000,-0.492291,,-0.030175,0.000000,,,,0.044097,0.166682,1.500000,36.067327,20.475980,0.000000,circle,预设轨迹15,forward
1775476543.446554,34.246169,1775476560.739744|完整运动,完整运动,circle_orbit,1,1.000000,1.500000,1.500000,,,,,,,,,,,,,,,,1.065453,0.047481,1.078003,0.053816,0.000000,0.000000,-0.491771,,-0.026078,0.000000,,,,0.044564,0.166682,1.500000,36.113686,20.429620,0.000000,circle,预设轨迹15,forward
1775476543.468033,34.267648,1775476560.739744|完整运动,完整运动,circle_orbit,1,1.000000,1.500000,1.500000,,,,,,,,,,,,,,,,1.065696,0.047734,1.080283,0.050898,0.000000,0.000000,-0.492073,,-0.024108,0.000000,,,,0.044791,0.166682,1.500000,36.136412,20.406894,0.000000,circle,预设轨迹15,forward
1775476543.492132,34.291747,1775476560.739744|完整运动,完整运动,circle_orbit,1,1.000000,1.500000,1.500000,,,,,,,,,,,,,,,,1.065972,0.047909,1.082518,0.050092,0.000000,0.000000,-0.492626,,-0.022071,0.000000,,,,0.044944,0.166682,1.500000,36.159039,20.384268,0.000000,circle,预设轨迹15,forward
1775476543.514877,34.314491,1775476560.739744|完整运动,完整运动,circle_orbit,1,1.000000,1.500000,1.500000,,,,,,,,,,,,,,,,1.066281,0.048063,1.084804,0.049999,0.000000,0.000000,-0.493238,,-0.019974,0.000000,,,,0.045076,0.166682,1.500000,36.181446,20.361861,0.000000,circle,预设轨迹15,forward
1775476543.549341,34.348956,1775476560.739744|完整运动,完整运动,circle_orbit,1,1.000000,1.500000,1.500000,,,,,,,,,,,,,,,,1.066654,0.048120,1.089070,0.048822,0.000000,0.000000,-0.494173,,-0.016173,0.000000,,,,0.045113,0.166682,1.500000,36.225996,20.317310,0.000000,circle,预设轨迹15,forward
1775476543.570380,34.369995,1775476560.739744|完整运动,完整运动,circle_orbit,1,1.000000,1.500000,1.500000,,,,,,,,,,,,,,,,1.067058,0.048367,1.091305,0.051456,0.000000,0.000000,-0.494486,,-0.014271,0.000000,,,,0.045327,0.166682,1.500000,36.248050,20.295257,0.000000,circle,预设轨迹15,forward
1775476543.592757,34.392372,1775476560.739744|完整运动,完整运动,circle_orbit,1,1.000000,1.500000,1.500000,,,,,,,,,,,,,,,,1.067482,0.048669,1.092876,0.052452,0.000000,0.000000,-0.494614,,-0.012979,0.000000,,,,0.045593,0.166682,1.500000,36.269861,20.273446,0.000000,circle,预设轨迹15,forward
1775476543.615145,34.414760,1775476560.739744|完整运动,完整运动,circle_orbit,1,1.000000,1.500000,1.500000,,,,,,,,,,,,,,,,1.067919,0.049024,1.094164,0.053453,0.000000,0.000000,-0.494568,,-0.011990,0.000000,,,,0.045906,0.166682,1.500000,36.291453,20.251853,0.000000,circle,预设轨迹15,forward
1775476543.637112,34.436727,1775476560.739744|完整运动,完整运动,circle_orbit,1,1.000000,1.500000,1.500000,,,,,,,,,,,,,,,,1.068408,0.049462,1.097730,0.054935,0.000000,0.000000,-0.494257,,-0.009345,0.000000,,,,0.046295,0.166682,1.500000,36.334252,20.209055,0.000000,circle,预设轨迹15,forward
1775476543.657917,34.457532,1775476560.739744|完整运动,完整运动,circle_orbit,1,1.000000,1.500000,1.500000,,,,,,,,,,,,,,,,1.068924,0.049900,1.099889,0.055374,0.000000,0.000000,-0.493943,,-0.007807,0.000000,,,,0.046682,0.166682,1.500000,36.355809,20.187497,0.000000,circle,预设轨迹15,forward
1775476543.678418,34.478033,1775476560.739744|完整运动,完整运动,circle_orbit,1,1.000000,1.500000,1.500000,,,,,,,,,,,,,,,,1.069472,0.050388,1.102334,0.056493,0.000000,0.000000,-0.493465,,-0.006130,0.000000,,,,0.047115,0.166682,1.500000,36.377671,20.165636,0.000000,circle,预设轨迹15,forward
1775476543.701646,34.501261,1775476560.739744|完整运动,完整运动,circle_orbit,1,1.000000,1.500000,1.500000,,,,,,,,,,,,,,,,1.070010,0.050724,1.102334,0.054929,0.000000,0.000000,-0.493465,,-0.006130,0.000000,,,,0.047405,0.166682,1.500000,36.377671,20.165636,0.000000,circle,预设轨迹15,forward
1775476543.722795,34.522409,1775476560.739744|完整运动,完整运动,circle_orbit,1,1.000000,1.500000,1.500000,,,,,,,,,,,,,,,,1.070605,0.051527,1.106299,0.061558,0.000000,0.000000,-0.491962,,-0.003749,0.000000,,,,0.048129,0.166682,1.500000,36.421621,20.121686,0.000000,circle,预设轨迹15,forward
1775476543.753857,34.553472,1775476560.739744|完整运动,完整运动,circle_orbit,1,1.000000,1.500000,1.500000,,,,,,,,,,,,,,,,1.071226,0.052099,1.108507,0.059246,0.000000,0.000000,-0.491205,,-0.002398,0.000000,,,,0.048635,0.166682,1.500000,36.443550,20.099756,0.000000,circle,预设轨迹15,forward
1775476543.791368,34.590982,1775476560.739744|完整运动,完整运动,circle_orbit,1,1.000000,1.500000,1.500000,,,,,,,,,,,,,,,,1.071874,0.052650,1.110733,0.059544,0.000000,0.000000,-0.490508,,-0.001013,0.000000,,,,0.049120,0.166682,1.500000,36.465549,20.077758,0.000000,circle,预设轨迹15,forward
1775476543.826753,34.626368,1775476560.739744|完整运动,完整运动,circle_orbit,1,1.000000,1.500000,1.500000,,,,,,,,,,,,,,,,1.072505,0.053439,1.110340,0.063304,0.000000,0.000000,-0.489049,,0.001960,0.000000,,,,0.049827,0.166682,1.500000,36.510191,20.033116,0.000000,circle,预设轨迹15,forward
1775476543.848984,34.648598,1775476560.739744|完整运动,完整运动,circle_orbit,1,1.000000,1.500000,1.500000,,,,,,,,,,,,,,,,1.073044,0.054009,1.105387,0.061132,0.000000,0.000000,-0.488309,,0.006072,0.000000,,,,0.050333,0.166682,1.500000,36.555081,19.988225,0.000000,circle,预设轨迹15,forward
1775476543.870964,34.670578,1775476560.739744|完整运动,完整运动,circle_orbit,1,1.000000,1.500000,1.500000,,,,,,,,,,,,,,,,1.073539,0.054428,1.103260,0.059668,0.000000,0.000000,-0.488048,,0.007824,0.000000,,,,0.050700,0.166682,1.500000,36.577382,19.965924,0.000000,circle,预设轨迹15,forward
1775476543.891994,34.691609,1775476560.739744|完整运动,完整运动,circle_orbit,1,1.000000,1.500000,1.500000,,,,,,,,,,,,,,,,1.073998,0.054835,1.101539,0.059915,0.000000,0.000000,-0.487816,,0.009254,0.000000,,,,0.051057,0.166682,1.500000,36.599672,19.943635,0.000000,circle,预设轨迹15,forward
1775476543.913252,34.712867,1775476560.739744|完整运动,完整运动,circle_orbit,1,1.000000,1.500000,1.500000,,,,,,,,,,,,,,,,1.074410,0.055181,1.099133,0.059508,0.000000,0.000000,-0.487767,,0.011139,0.000000,,,,0.051359,0.166682,1.500000,36.621971,19.921336,0.000000,circle,预设轨迹15,forward
1775476543.939288,34.738902,1775476560.739744|完整运动,完整运动,circle_orbit,1,1.000000,1.500000,1.500000,,,,,,,,,,,,,,,,1.074766,0.055434,1.096119,0.058593,0.000000,0.000000,-0.488010,,0.013376,0.000000,,,,0.051577,0.166682,1.500000,36.644158,19.899149,0.000000,circle,预设轨迹15,forward
1775476543.962586,34.762200,1775476560.739744|完整运动,完整运动,circle_orbit,1,1.000000,1.500000,1.500000,,,,,,,,,,,,,,,,1.075034,0.055539,1.091100,0.056860,0.000000,0.000000,-0.488723,,0.016994,0.000000,,,,0.051663,0.166682,1.500000,36.688694,19.854612,0.000000,circle,预设轨迹15,forward
1775476543.996835,34.796449,1775476560.739744|完整运动,完整运动,circle_orbit,1,1.000000,1.500000,1.500000,,,,,,,,,,,,,,,,1.075263,0.055774,1.089013,0.058705,0.000000,0.000000,-0.489003,,0.018516,0.000000,,,,0.051870,0.166682,1.500000,36.711087,19.832220,0.000000,circle,预设轨迹15,forward
1775476544.021695,34.821310,1775476560.739744|完整运动,完整运动,circle_orbit,1,1.000000,1.500000,1.500000,,,,,,,,,,,,,,,,1.075461,0.056075,1.087359,0.059842,0.000000,0.000000,-0.489054,,0.019803,0.000000,,,,0.052141,0.166682,1.500000,36.733429,19.809877,0.000000,circle,预设轨迹15,forward
1775476544.043757,34.843371,1775476560.739744|完整运动,完整运动,circle_orbit,1,1.000000,1.500000,1.500000,,,,,,,,,,,,,,,,1.075590,0.056110,1.083326,0.056545,0.000000,0.000000,-0.489958,,0.022611,0.000000,,,,0.052167,0.166682,1.500000,36.778111,19.765195,0.000000,circle,预设轨迹15,forward
1775476544.079590,34.879205,1775476560.739744|完整运动,完整运动,circle_orbit,1,1.000000,1.500000,1.500000,,,,,,,,,,,,,,,,1.075686,0.056344,1.081430,0.059264,0.000000,0.000000,-0.490204,,0.024019,0.000000,,,,0.052379,0.166682,1.500000,36.800554,19.742752,0.000000,circle,预设轨迹15,forward
1775476544.100063,34.899677,1775476560.739744|完整运动,完整运动,circle_orbit,1,1.000000,1.500000,1.500000,,,,,,,,,,,,,,,,1.075759,0.056627,1.080117,0.060169,0.000000,0.000000,-0.490276,,0.025040,0.000000,,,,0.052639,0.166682,1.500000,36.823063,19.720243,0.000000,circle,预设轨迹15,forward
1775476544.120501,34.920116,1775476560.739744|完整运动,完整运动,circle_orbit,1,1.000000,1.500000,1.500000,,,,,,,,,,,,,,,,1.075786,0.057066,1.077459,0.062553,0.000000,0.000000,-0.489843,,0.027374,0.000000,,,,0.053046,0.166682,1.500000,36.868209,19.675098,0.000000,circle,预设轨迹15,forward
1775476544.145636,34.945251,1775476560.739744|完整运动,完整运动,circle_orbit,1,1.000000,1.500000,1.500000,,,,,,,,,,,,,,,,1.075803,0.057541,1.076779,0.063482,0.000000,0.000000,-0.489283,,0.028173,0.000000,,,,0.053487,0.166682,1.500000,36.890611,19.652696,0.000000,circle,预设轨迹15,forward
1775476544.167771,34.967385,1775476560.739744|完整运动,完整运动,circle_orbit,1,1.000000,1.500000,1.500000,,,,,,,,,,,,,,,,1.075806,0.058085,1.076008,0.064877,0.000000,0.000000,-0.488495,,0.029147,0.000000,,,,0.053992,0.166682,1.500000,36.912933,19.630373,0.000000,circle,预设轨迹15,forward
1775476544.196301,34.995915,1775476560.739744|完整运动,完整运动,circle_orbit,1,1.000000,1.500000,1.500000,,,,,,,,,,,,,,,,1.075794,0.058680,1.075066,0.066129,0.000000,0.000000,-0.487532,,0.030338,0.000000,,,,0.054546,0.166682,1.500000,36.935168,19.608138,0.000000,circle,预设轨迹15,forward
1775476544.216613,35.016228,1775476560.739744|完整运动,完整运动,circle_orbit,1,1.000000,1.500000,1.500000,,,,,,,,,,,,,,,,1.075767,0.059723,1.074134,0.072751,0.000000,0.000000,-0.485130,,0.032162,0.000000,,,,0.055516,0.166682,1.500000,36.979548,19.563759,0.000000,circle,预设轨迹15,forward
1775476544.242143,35.041758,1775476560.739744|完整运动,完整运动,circle_orbit,1,1.000000,1.500000,1.500000,,,,,,,,,,,,,,,,1.075720,0.060313,1.072945,0.067697,0.000000,0.000000,-0.484187,,0.033549,0.000000,,,,0.056068,0.166682,1.500000,37.002019,19.541288,0.000000,circle,预设轨迹15,forward
1775476544.265235,35.064849,1775476560.739744|完整运动,完整运动,circle_orbit,1,1.000000,1.500000,1.500000,,,,,,,,,,,,,,,,1.075661,0.060859,1.072091,0.067678,0.000000,0.000000,-0.483379,,0.034604,0.000000,,,,0.056578,0.166682,1.500000,37.024601,19.518706,0.000000,circle,预设轨迹15,forward
1775476544.295192,35.094807,1775476560.739744|完整运动,完整运动,circle_orbit,1,1.000000,1.500000,1.500000,,,,,,,,,,,,,,,,1.075585,0.061320,1.071007,0.067083,0.000000,0.000000,-0.482832,,0.035732,0.000000,,,,0.057011,0.166682,1.500000,37.047421,19.495886,0.000000,circle,预设轨迹15,forward
1775476544.319395,35.119009,1775476560.739744|完整运动,完整运动,circle_orbit,1,1.000000,1.500000,1.500000,,,,,,,,,,,,,,,,1.075479,0.061677,1.069164,0.066139,0.000000,0.000000,-0.482609,,0.037341,0.000000,,,,0.057348,0.166682,1.500000,37.070520,19.472787,0.000000,circle,预设轨迹15,forward
1775476544.348678,35.148293,1775476560.739744|完整运动,完整运动,circle_orbit,1,1.000000,1.500000,1.500000,,,,,,,,,,,,,,,,1.075357,0.061940,1.068007,0.065230,0.000000,0.000000,-0.482670,,0.038262,0.000000,,,,0.057600,0.166682,1.500000,37.094002,19.449305,0.000000,circle,预设轨迹15,forward
1775476544.393800,35.193415,1775476560.739744|完整运动,完整运动,circle_orbit,1,1.000000,1.500000,1.500000,,,,,,,,,,,,,,,,1.075177,0.062301,1.064410,0.066812,0.000000,0.000000,-0.482411,,0.041344,0.000000,,,,0.057945,0.166682,1.500000,37.165614,19.377692,0.000000,circle,预设轨迹15,forward
1775476544.428531,35.228146,1775476560.739744|完整运动,完整运动,circle_orbit,1,1.000000,1.500000,1.500000,,,,,,,,,,,,,,,,1.074989,0.062675,1.063661,0.067344,0.000000,0.000000,-0.482095,,0.042105,0.000000,,,,0.058303,0.166682,1.500000,37.189416,19.353890,0.000000,circle,预设轨迹15,forward
1775476544.464046,35.263661,1775476560.739744|完整运动,完整运动,circle_orbit,1,1.000000,1.500000,1.500000,,,,,,,,,,,,,,,,1.074785,0.063348,1.062537,0.071768,0.000000,0.000000,-0.480802,,0.043612,0.000000,,,,0.058940,0.166682,1.500000,37.236743,19.306564,0.000000,circle,预设轨迹15,forward
1775476544.484732,35.284347,1775476560.739744|完整运动,完整运动,circle_orbit,1,1.000000,1.500000,1.500000,,,,,,,,,,,,,,,,1.074581,0.064342,1.062384,0.076772,0.000000,0.000000,-0.478471,,0.044775,0.000000,,,,0.059877,0.166682,1.500000,37.283381,19.259925,0.000000,circle,预设轨迹15,forward
1775476544.505390,35.305005,1775476560.739744|完整运动,完整运动,circle_orbit,1,1.000000,1.500000,1.500000,,,,,,,,,,,,,,,,1.074385,0.065017,1.062596,0.073447,0.000000,0.000000,-0.477165,,0.045179,0.000000,,,,0.060515,0.166682,1.500000,37.306369,19.236938,0.000000,circle,预设轨迹15,forward
1775476544.528740,35.328355,1775476560.739744|完整运动,完整运动,circle_orbit,1,1.000000,1.500000,1.500000,,,,,,,,,,,,,,,,1.074191,0.065685,1.062582,0.074034,0.000000,0.000000,-0.475868,,0.045768,0.000000,,,,0.061148,0.166682,1.500000,37.329170,19.214136,0.000000,circle,预设轨迹15,forward
1775476544.549162,35.348777,1775476560.739744|完整运动,完整运动,circle_orbit,1,1.000000,1.500000,1.500000,,,,,,,,,,,,,,,,1.074006,0.066343,1.062911,0.074576,0.000000,0.000000,-0.474587,,0.046065,0.000000,,,,0.061772,0.166682,1.500000,37.351677,19.191630,0.000000,circle,预设轨迹15,forward
1775476544.585272,35.384886,1775476560.739744|完整运动,完整运动,circle_orbit,1,1.000000,1.500000,1.500000,,,,,,,,,,,,,,,,1.073812,0.067425,1.062168,0.080943,0.000000,0.000000,-0.471937,,0.047859,0.000000,,,,0.062790,0.166682,1.500000,37.396636,19.146670,0.000000,circle,预设轨迹15,forward
1775476544.626071,35.425686,1775476560.739744|完整运动,完整运动,circle_orbit,1,1.000000,1.500000,1.500000,,,,,,,,,,,,,,,,1.073631,0.068147,1.062730,0.077175,0.000000,0.000000,-0.470437,,0.048059,0.000000,,,,0.063474,0.166682,1.500000,37.419064,19.124243,0.000000,circle,预设轨迹15,forward
1775476544.664918,35.464533,1775476560.739744|完整运动,完整运动,circle_orbit,1,1.000000,1.500000,1.500000,,,,,,,,,,,,,,,,1.073477,0.069365,1.064273,0.084585,0.000000,0.000000,-0.467326,,0.048163,0.000000,,,,0.064617,0.166682,1.500000,37.463329,19.079978,0.000000,circle,预设轨迹15,forward
1775476544.704649,35.504264,1775476560.739744|完整运动,完整运动,circle_orbit,1,1.000000,1.500000,1.500000,,,,,,,,,,,,,,,,1.073338,0.070514,1.064990,0.084877,0.000000,0.000000,-0.464432,,0.048857,0.000000,,,,0.065696,0.166682,1.500000,37.507201,19.036105,0.000000,circle,预设轨迹15,forward
1775476544.726492,35.526107,1775476560.739744|完整运动,完整运动,circle_orbit,1,1.000000,1.500000,1.500000,,,,,,,,,,,,,,,,1.073231,0.071645,1.066813,0.085790,0.000000,0.000000,-0.461582,,0.048619,0.000000,,,,0.066757,0.166682,1.500000,37.550847,18.992460,0.000000,circle,预设轨迹15,forward
1775476544.747470,35.547084,1775476560.739744|完整运动,完整运动,circle_orbit,1,1.000000,1.500000,1.500000,,,,,,,,,,,,,,,,1.073130,0.072301,1.067044,0.080491,0.000000,0.000000,-0.460254,,0.049018,0.000000,,,,0.067374,0.166682,1.500000,37.572631,18.970676,0.000000,circle,预设轨迹15,forward
1775476544.776138,35.575752,1775476560.739744|完整运动,完整运动,circle_orbit,1,1.000000,1.500000,1.500000,,,,,,,,,,,,,,,,1.073031,0.072914,1.067081,0.080582,0.000000,0.000000,-0.459038,,0.049529,0.000000,,,,0.067952,0.166682,1.500000,37.594395,18.948912,0.000000,circle,预设轨迹15,forward
1775476544.796469,35.596084,1775476560.739744|完整运动,完整运动,circle_orbit,1,1.000000,1.500000,1.500000,,,,,,,,,,,,,,,,1.072937,0.073742,1.067298,0.084090,0.000000,0.000000,-0.457110,,0.050207,0.000000,,,,0.068729,0.166682,1.500000,37.638327,18.904979,0.000000,circle,预设轨迹15,forward
1775476544.823528,35.623143,1775476560.739744|完整运动,完整运动,circle_orbit,1,1.000000,1.500000,1.500000,,,,,,,,,,,,,,,,1.072844,0.073964,1.067298,0.076745,0.000000,0.000000,-0.457110,,0.050207,0.000000,,,,0.068942,0.166682,1.500000,37.638327,18.904979,0.000000,circle,预设轨迹15,forward
1775476544.844548,35.644163,1775476560.739744|完整运动,完整运动,circle_orbit,1,1.000000,1.500000,1.500000,,,,,,,,,,,,,,,,1.072756,0.074687,1.067482,0.083718,0.000000,0.000000,-0.455469,,0.050786,0.000000,,,,0.069621,0.166682,1.500000,37.682511,18.860795,0.000000,circle,预设轨迹15,forward
1775476544.876177,35.675792,1775476560.739744|完整运动,完整运动,circle_orbit,1,1.000000,1.500000,1.500000,,,,,,,,,,,,,,,,1.072669,0.075153,1.067413,0.080981,0.000000,0.000000,-0.454634,,0.051213,0.000000,,,,0.070062,0.166682,1.500000,37.704700,18.838606,0.000000,circle,预设轨迹15,forward
1775476544.899689,35.699304,1775476560.739744|完整运动,完整运动,circle_orbit,1,1.000000,1.500000,1.500000,,,,,,,,,,,,,,,,1.072593,0.075860,1.068030,0.084702,0.000000,0.000000,-0.452998,,0.051433,0.000000,,,,0.070726,0.166682,1.500000,37.749271,18.794036,0.000000,circle,预设轨迹15,forward
1775476544.921908,35.721523,1775476560.739744|完整运动,完整运动,circle_orbit,1,1.000000,1.500000,1.500000,,,,,,,,,,,,,,,,1.072513,0.076333,1.067756,0.082235,0.000000,0.000000,-0.452103,,0.052055,0.000000,,,,0.071172,0.166682,1.500000,37.772089,18.771218,0.000000,circle,预设轨迹15,forward
1775476544.946905,35.746520,1775476560.739744|完整运动,完整运动,circle_orbit,1,1.000000,1.500000,1.500000,,,,,,,,,,,,,,,,1.072435,0.076519,1.067756,0.078846,0.000000,0.000000,-0.452103,,0.052055,0.000000,,,,0.071351,0.166682,1.500000,37.772089,18.771218,0.000000,circle,预设轨迹15,forward
1775476544.967375,35.766989,1775476560.739744|完整运动,完整运动,circle_orbit,1,1.000000,1.500000,1.500000,,,,,,,,,,,,,,,,1.072367,0.077439,1.068246,0.088935,0.000000,0.000000,-0.449715,,0.052715,0.000000,,,,0.072213,0.166682,1.500000,37.817760,18.725546,0.000000,circle,预设轨迹15,forward
1775476544.998780,35.798395,1775476560.739744|完整运动,完整运动,circle_orbit,1,1.000000,1.500000,1.500000,,,,,,,,,,,,,,,,1.072310,0.078049,1.068913,0.085679,0.000000,0.000000,-0.448311,,0.052791,0.000000,,,,0.072786,0.166682,1.500000,37.840744,18.702562,0.000000,circle,预设轨迹15,forward
1775476545.034151,35.833765,1775476560.739744|完整运动,完整运动,circle_orbit,1,1.000000,1.500000,1.500000,,,,,,,,,,,,,,,,1.072257,0.078647,1.069050,0.086119,0.000000,0.000000,-0.446931,,0.053292,0.000000,,,,0.073347,0.166682,1.500000,37.863868,18.679439,0.000000,circle,预设轨迹15,forward
1775476545.061113,35.860728,1775476560.739744|完整运动,完整运动,circle_orbit,1,1.000000,1.500000,1.500000,,,,,,,,,,,,,,,,1.072218,0.080193,1.069911,0.099522,0.000000,0.000000,-0.442485,,0.054562,0.000000,,,,0.074792,0.166682,1.500000,37.932918,18.610388,0.000000,circle,预设轨迹15,forward
1775476545.082315,35.881930,1775476560.739744|完整运动,完整运动,circle_orbit,1,1.000000,1.500000,1.500000,,,,,,,,,,,,,,,,1.072195,0.080881,1.070795,0.089485,0.000000,0.000000,-0.440804,,0.054586,0.000000,,,,0.075435,0.166682,1.500000,37.955332,18.587974,0.000000,circle,预设轨迹15,forward
1775476545.112011,35.911625,1775476560.739744|完整运动,完整运动,circle_orbit,1,1.000000,1.500000,1.500000,,,,,,,,,,,,,,,,1.072172,0.081041,1.070795,0.083033,0.000000,0.000000,-0.440804,,0.054586,0.000000,,,,0.075586,0.166682,1.500000,37.955332,18.587974,0.000000,circle,预设轨迹15,forward
1775476545.133797,35.933412,1775476560.739744|完整运动,完整运动,circle_orbit,1,1.000000,1.500000,1.500000,,,,,,,,,,,,,,,,1.072150,0.082179,1.070852,0.096401,0.000000,0.000000,-0.437629,,0.055951,0.000000,,,,0.076648,0.166682,1.500000,38.000534,18.542773,0.000000,circle,预设轨迹15,forward
1775476545.154581,35.954195,1775476560.739744|完整运动,完整运动,circle_orbit,1,1.000000,1.500000,1.500000,,,,,,,,,,,,,,,,1.072122,0.082790,1.070410,0.090435,0.000000,0.000000,-0.436146,,0.056972,0.000000,,,,0.077221,0.166682,1.500000,38.023730,18.519577,0.000000,circle,预设轨迹15,forward
1775476545.178294,35.977909,1775476560.739744|完整运动,完整运动,circle_orbit,1,1.000000,1.500000,1.500000,,,,,,,,,,,,,,,,1.072090,0.083378,1.070174,0.090720,0.000000,0.000000,-0.434723,,0.057797,0.000000,,,,0.077771,0.166682,1.500000,38.047264,18.496043,0.000000,circle,预设轨迹15,forward
1775476545.198652,35.998266,1775476560.739744|完整运动,完整运动,circle_orbit,1,1.000000,1.500000,1.500000,,,,,,,,,,,,,,,,1.072062,0.084411,1.070386,0.097323,0.000000,0.000000,-0.431851,,0.058900,0.000000,,,,0.078737,0.166682,1.500000,38.094298,18.449009,0.000000,circle,预设轨迹15,forward
1775476545.228134,36.027749,1775476560.739744|完整运动,完整运动,circle_orbit,1,1.000000,1.500000,1.500000,,,,,,,,,,,,,,,,1.072034,0.084548,1.070386,0.086263,0.000000,0.000000,-0.431851,,0.058900,0.000000,,,,0.078867,0.166682,1.500000,38.094298,18.449009,0.000000,circle,预设轨迹15,forward
1775476545.264398,36.064013,1775476560.739744|完整运动,完整运动,circle_orbit,1,1.000000,1.500000,1.500000,,,,,,,,,,,,,,,,1.071981,0.085352,1.068768,0.095399,0.000000,0.000000,-0.429685,,0.061189,0.000000,,,,0.079620,0.166682,1.500000,38.141625,18.401682,0.000000,circle,预设轨迹15,forward
1775476545.285407,36.085021,1775476560.739744|完整运动,完整运动,circle_orbit,1,1.000000,1.500000,1.500000,,,,,,,,,,,,,,,,1.071859,0.085853,1.064565,0.092127,0.000000,0.000000,-0.428499,,0.065179,0.000000,,,,0.080098,0.166682,1.500000,38.189736,18.353570,0.000000,circle,预设轨迹15,forward
1775476545.307575,36.107189,1775476560.739744|完整运动,完整运动,circle_orbit,1,1.000000,1.500000,1.500000,,,,,,,,,,,,,,,,1.071703,0.086091,1.062302,0.089066,0.000000,0.000000,-0.428151,,0.067210,0.000000,,,,0.080331,0.166682,1.500000,38.213537,18.329769,0.000000,circle,预设轨迹15,forward
1775476545.332146,36.131761,1775476560.739744|完整运动,完整运动,circle_orbit,1,1.000000,1.500000,1.500000,,,,,,,,,,,,,,,,1.071527,0.086334,1.061024,0.089374,0.000000,0.000000,-0.427765,,0.068445,0.000000,,,,0.080571,0.166682,1.500000,38.237061,18.306246,0.000000,circle,预设轨迹15,forward
1775476545.353521,36.153135,1775476560.739744|完整运动,完整运动,circle_orbit,1,1.000000,1.500000,1.500000,,,,,,,,,,,,,,,,1.071374,0.087259,1.062164,0.098818,0.000000,0.000000,-0.425161,,0.068653,0.000000,,,,0.081446,0.166682,1.500000,38.260015,18.283292,0.000000,circle,预设轨迹15,forward
1775476545.385024,36.184639,1775476560.739744|完整运动,完整运动,circle_orbit,1,1.000000,1.500000,1.500000,,,,,,,,,,,,,,,,1.071252,0.088087,1.063908,0.098436,0.000000,0.000000,-0.422858,,0.068231,0.000000,,,,0.082228,0.166682,1.500000,38.282414,18.260893,0.000000,circle,预设轨迹15,forward
1775476545.425766,36.225381,1775476560.739744|完整运动,完整运动,circle_orbit,1,1.000000,1.500000,1.500000,,,,,,,,,,,,,,,,1.071170,0.089895,1.066284,0.112496,0.000000,0.000000,-0.417391,,0.068697,0.000000,,,,0.083922,0.166682,1.500000,38.326460,18.216847,0.000000,circle,预设轨迹15,forward
1775476545.461310,36.260924,1775476560.739744|完整运动,完整运动,circle_orbit,1,1.000000,1.500000,1.500000,,,,,,,,,,,,,,,,1.071117,0.091683,1.067939,0.114037,0.000000,0.000000,-0.412003,,0.069729,0.000000,,,,0.085596,0.166682,1.500000,38.370262,18.173045,0.000000,circle,预设轨迹15,forward
1775476545.485289,36.284904,1775476560.739744|完整运动,完整运动,circle_orbit,1,1.000000,1.500000,1.500000,,,,,,,,,,,,,,,,1.071092,0.093279,1.069586,0.113217,0.000000,0.000000,-0.407247,,0.070492,0.000000,,,,0.087087,0.166682,1.500000,38.413737,18.129570,0.000000,circle,预设轨迹15,forward
1775476545.506047,36.305661,1775476560.739744|完整运动,完整运动,circle_orbit,1,1.000000,1.500000,1.500000,,,,,,,,,,,,,,,,1.071078,0.094117,1.070247,0.104595,0.000000,0.000000,-0.404926,,0.070982,0.000000,,,,0.087871,0.166682,1.500000,38.435435,18.107871,0.000000,circle,预设轨迹15,forward
1775476545.536577,36.336192,1775476560.739744|完整运动,完整运动,circle_orbit,1,1.000000,1.500000,1.500000,,,,,,,,,,,,,,,,1.071066,0.094861,1.070328,0.104160,0.000000,0.000000,-0.402889,,0.071821,0.000000,,,,0.088567,0.166682,1.500000,38.457270,18.086037,0.000000,circle,预设轨迹15,forward
1775476545.561851,36.361465,1775476560.739744|完整运动,完整运动,circle_orbit,1,1.000000,1.500000,1.500000,,,,,,,,,,,,,,,,1.071064,0.096111,1.070975,0.111735,0.000000,0.000000,-0.399204,,0.072930,0.000000,,,,0.089734,0.166682,1.500000,38.501078,18.042229,0.000000,circle,预设轨迹15,forward
1775476545.586073,36.385687,1775476560.739744|完整运动,完整运动,circle_orbit,1,1.000000,1.500000,1.500000,,,,,,,,,,,,,,,,1.071071,0.096770,1.071481,0.105007,0.000000,0.000000,-0.397410,,0.073314,0.000000,,,,0.090348,0.166682,1.500000,38.523145,18.020162,0.000000,circle,预设轨迹15,forward
1775476545.620572,36.420187,1775476560.739744|完整运动,完整运动,circle_orbit,1,1.000000,1.500000,1.500000,,,,,,,,,,,,,,,,1.071091,0.097465,1.072247,0.106154,0.000000,0.000000,-0.395472,,0.073550,0.000000,,,,0.090996,0.166682,1.500000,38.545175,17.998132,0.000000,circle,预设轨迹15,forward
1775476545.643487,36.443102,1775476560.739744|完整运动,完整运动,circle_orbit,1,1.000000,1.500000,1.500000,,,,,,,,,,,,,,,,1.071143,0.098921,1.074276,0.117127,0.000000,0.000000,-0.391060,,0.073860,0.000000,,,,0.092351,0.166682,1.500000,38.589205,17.954101,0.000000,circle,预设轨迹15,forward
1775476545.664610,36.464225,1775476560.739744|完整运动,完整运动,circle_orbit,1,1.000000,1.500000,1.500000,,,,,,,,,,,,,,,,1.071211,0.099724,1.075284,0.109762,0.000000,0.000000,-0.388744,,0.074071,0.000000,,,,0.093095,0.166682,1.500000,38.611151,17.932156,0.000000,circle,预设轨迹15,forward
1775476545.695145,36.494760,1775476560.739744|完整运动,完整运动,circle_orbit,1,1.000000,1.500000,1.500000,,,,,,,,,,,,,,,,1.071291,0.100510,1.076086,0.110338,0.000000,0.000000,-0.386460,,0.074437,0.000000,,,,0.093822,0.166682,1.500000,38.633447,17.909860,0.000000,circle,预设轨迹15,forward
1775476545.724914,36.524529,1775476560.739744|完整运动,完整运动,circle_orbit,1,1.000000,1.500000,1.500000,,,,,,,,,,,,,,,,1.071406,0.101955,1.078306,0.120009,0.000000,0.000000,-0.382034,,0.074610,0.000000,,,,0.095160,0.166682,1.500000,38.678269,17.865037,0.000000,circle,预设轨迹15,forward
1775476545.745301,36.544916,1775476560.739744|完整运动,完整运动,circle_orbit,1,1.000000,1.500000,1.500000,,,,,,,,,,,,,,,,1.071531,0.102697,1.079058,0.111976,0.000000,0.000000,-0.379861,,0.074970,0.000000,,,,0.095841,0.166682,1.500000,38.700881,17.842426,0.000000,circle,预设轨迹15,forward
1775476545.772974,36.572589,1775476560.739744|完整运动,完整运动,circle_orbit,1,1.000000,1.500000,1.500000,,,,,,,,,,,,,,,,1.071676,0.103440,1.080378,0.112728,0.000000,0.000000,-0.377659,,0.074888,0.000000,,,,0.096522,0.166682,1.500000,38.723370,17.819936,0.000000,circle,预设轨迹15,forward
1775476545.802413,36.602028,1775476560.739744|完整运动,完整运动,circle_orbit,1,1.000000,1.500000,1.500000,,,,,,,,,,,,,,,,1.071841,0.104230,1.081718,0.114107,0.000000,0.000000,-0.375279,,0.074871,0.000000,,,,0.097244,0.166682,1.500000,38.745899,17.797408,0.000000,circle,预设轨迹15,forward
1775476545.823187,36.622801,1775476560.739744|完整运动,完整运动,circle_orbit,1,1.000000,1.500000,1.500000,,,,,,,,,,,,,,,,1.072053,0.105927,1.084816,0.127138,0.000000,0.000000,-0.369957,,0.074761,0.000000,,,,0.098808,0.166682,1.500000,38.791051,17.752255,0.000000,circle,预设轨迹15,forward
1775476545.850294,36.649909,1775476560.739744|完整运动,完整运动,circle_orbit,1,1.000000,1.500000,1.500000,,,,,,,,,,,,,,,,1.072292,0.106807,1.086598,0.117807,0.000000,0.000000,-0.367262,,0.074541,0.000000,,,,0.099606,0.166682,1.500000,38.813603,17.729704,0.000000,circle,预设轨迹15,forward
1775476545.883487,36.683101,1775476560.739744|完整运动,完整运动,circle_orbit,1,1.000000,1.500000,1.500000,,,,,,,,,,,,,,,,1.072582,0.108508,1.090012,0.129763,0.000000,0.000000,-0.361900,,0.074222,0.000000,,,,0.101165,0.166682,1.500000,38.858597,17.684709,0.000000,circle,预设轨迹15,forward
1775476545.904092,36.703707,1775476560.739744|完整运动,完整运动,circle_orbit,1,1.000000,1.500000,1.500000,,,,,,,,,,,,,,,,1.072895,0.109332,1.091673,0.119639,0.000000,0.000000,-0.359353,,0.074046,0.000000,,,,0.101904,0.166682,1.500000,38.881134,17.662173,0.000000,circle,预设轨迹15,forward
1775476545.930078,36.729693,1775476560.739744|完整运动,完整运动,circle_orbit,1,1.000000,1.500000,1.500000,,,,,,,,,,,,,,,,1.073219,0.110091,1.092635,0.119571,0.000000,0.000000,-0.356993,,0.074339,0.000000,,,,0.102580,0.166682,1.500000,38.904043,17.639264,0.000000,circle,预设轨迹15,forward
1775476545.954243,36.753858,1775476560.739744|完整运动,完整运动,circle_orbit,1,1.000000,1.500000,1.500000,,,,,,,,,,,,,,,,1.073564,0.110844,1.094300,0.120260,0.000000,0.000000,-0.354621,,0.074088,0.000000,,,,0.103248,0.166682,1.500000,38.926859,17.616447,0.000000,circle,预设轨迹15,forward
1775476545.980000,36.779614,1775476560.739744|完整运动,完整运动,circle_orbit,1,1.000000,1.500000,1.500000,,,,,,,,,,,,,,,,1.073959,0.112323,1.097659,0.130810,0.000000,0.000000,-0.349884,,0.073572,0.000000,,,,0.104588,0.166682,1.500000,38.972387,17.570920,0.000000,circle,预设轨迹15,forward
1775476546.013481,36.813096,1775476560.739744|完整运动,完整运动,circle_orbit,1,1.000000,1.500000,1.500000,,,,,,,,,,,,,,,,1.074374,0.113032,1.099218,0.121899,0.000000,0.000000,-0.347615,,0.073369,0.000000,,,,0.105207,0.166682,1.500000,38.994985,17.548322,0.000000,circle,预设轨迹15,forward
1775476546.043847,36.843462,1775476560.739744|完整运动,完整运动,circle_orbit,1,1.000000,1.500000,1.500000,,,,,,,,,,,,,,,,1.074818,0.113910,1.101490,0.124885,0.000000,0.000000,-0.344773,,0.072873,0.000000,,,,0.105981,0.166682,1.500000,39.040642,17.502664,0.000000,circle,预设轨迹15,forward
1775476546.064412,36.864027,1775476560.739744|完整运动,完整运动,circle_orbit,1,1.000000,1.500000,1.500000,,,,,,,,,,,,,,,,1.075276,0.114343,1.102728,0.119752,0.000000,0.000000,-0.343339,,0.072555,0.000000,,,,0.106338,0.166682,1.500000,39.063416,17.479890,0.000000,circle,预设轨迹15,forward
1775476546.096726,36.896341,1775476560.739744|完整运动,完整运动,circle_orbit,1,1.000000,1.500000,1.500000,,,,,,,,,,,,,,,,1.075753,0.114785,1.104415,0.120318,0.000000,0.000000,-0.341838,,0.071923,0.000000,,,,0.106702,0.166682,1.500000,39.085925,17.457381,0.000000,circle,预设轨迹15,forward
1775476546.122040,36.921654,1775476560.739744|完整运动,完整运动,circle_orbit,1,1.000000,1.500000,1.500000,,,,,,,,,,,,,,,,1.076240,0.115199,1.105472,0.120364,0.000000,0.000000,-0.340402,,0.071750,0.000000,,,,0.107038,0.166682,1.500000,39.108381,17.434926,0.000000,circle,预设轨迹15,forward
1775476546.142366,36.941980,1775476560.739744|完整运动,完整运动,circle_orbit,1,1.000000,1.500000,1.500000,,,,,,,,,,,,,,,,1.076739,0.115945,1.106621,0.125276,0.000000,0.000000,-0.337866,,0.071997,0.000000,,,,0.107682,0.166682,1.500000,39.153109,17.390198,0.000000,circle,预设轨迹15,forward
1775476546.169927,36.969542,1775476560.739744|完整运动,完整运动,circle_orbit,1,1.000000,1.500000,1.500000,,,,,,,,,,,,,,,,1.077228,0.115898,1.106621,0.115315,0.000000,0.000000,-0.337866,,0.071997,0.000000,,,,0.107589,0.166682,1.500000,39.153109,17.390198,0.000000,circle,预设轨迹15,forward
1775476546.204769,37.004384,1775476560.739744|完整运动,完整运动,circle_orbit,1,1.000000,1.500000,1.500000,,,,,,,,,,,,,,,,1.077695,0.116373,1.105687,0.122300,0.000000,0.000000,-0.336162,,0.073469,0.000000,,,,0.107983,0.166682,1.500000,39.198021,17.345286,0.000000,circle,预设轨迹15,forward
1775476546.225896,37.025511,1775476560.739744|完整运动,完整运动,circle_orbit,1,1.000000,1.500000,1.500000,,,,,,,,,,,,,,,,1.078155,0.116622,1.105775,0.119739,0.000000,0.000000,-0.335165,,0.073846,0.000000,,,,0.108168,0.166682,1.500000,39.242708,17.300599,0.000000,circle,预设轨迹15,forward
1775476546.248184,37.047799,1775476560.739744|完整运动,完整运动,circle_orbit,1,1.000000,1.500000,1.500000,,,,,,,,,,,,,,,,1.078617,0.116744,1.106328,0.118264,0.000000,0.000000,-0.334554,,0.073693,0.000000,,,,0.108235,0.166682,1.500000,39.265193,17.278113,0.000000,circle,预设轨迹15,forward
1775476546.284652,37.084266,1775476560.739744|完整运动,完整运动,circle_orbit,1,1.000000,1.500000,1.500000,,,,,,,,,,,,,,,,1.079094,0.116937,1.107719,0.119354,0.000000,0.000000,-0.333684,,0.073016,0.000000,,,,0.108366,0.166682,1.500000,39.287719,17.255588,0.000000,circle,预设轨迹15,forward
1775476546.310586,37.110201,1775476560.739744|完整运动,完整运动,circle_orbit,1,1.000000,1.500000,1.500000,,,,,,,,,,,,,,,,1.079630,0.117836,1.111756,0.129069,0.000000,0.000000,-0.330514,,0.071351,0.000000,,,,0.109145,0.166682,1.500000,39.332085,17.211222,0.000000,circle,预设轨迹15,forward
1775476546.333338,37.132953,1775476560.739744|完整运动,完整运动,circle_orbit,1,1.000000,1.500000,1.500000,,,,,,,,,,,,,,,,1.080194,0.118355,1.114082,0.124853,0.000000,0.000000,-0.328557,,0.070461,0.000000,,,,0.109569,0.166682,1.500000,39.353983,17.189324,0.000000,circle,预设轨迹15,forward
1775476546.357325,37.156940,1775476560.739744|完整运动,完整运动,circle_orbit,1,1.000000,1.500000,1.500000,,,,,,,,,,,,,,,,1.080782,0.118864,1.116058,0.125223,0.000000,0.000000,-0.326621,,0.069832,0.000000,,,,0.109980,0.166682,1.500000,39.375875,17.167431,0.000000,circle,预设轨迹15,forward
1775476546.378181,37.177796,1775476560.739744|完整运动,完整运动,circle_orbit,1,1.000000,1.500000,1.500000,,,,,,,,,,,,,,,,1.081402,0.119931,1.118581,0.133261,0.000000,0.000000,-0.322877,,0.069601,0.000000,,,,0.110903,0.166682,1.500000,39.420371,17.122935,0.000000,circle,预设轨迹15,forward
1775476546.408739,37.208353,1775476560.739744|完整运动,完整运动,circle_orbit,1,1.000000,1.500000,1.500000,,,,,,,,,,,,,,,,1.082045,0.120481,1.120606,0.127360,0.000000,0.000000,-0.320793,,0.069013,0.000000,,,,0.111346,0.166682,1.500000,39.442785,17.100522,0.000000,circle,预设轨迹15,forward
1775476546.435111,37.234726,1775476560.739744|完整运动,完整运动,circle_orbit,1,1.000000,1.500000,1.500000,,,,,,,,,,,,,,,,1.082712,0.121046,1.122748,0.128108,0.000000,0.000000,-0.318647,,0.068370,0.000000,,,,0.111799,0.166682,1.500000,39.465268,17.078039,0.000000,circle,预设轨迹15,forward
1775476546.458793,37.258408,1775476560.739744|完整运动,完整运动,circle_orbit,1,1.000000,1.500000,1.500000,,,,,,,,,,,,,,,,1.083447,0.122308,1.127563,0.138081,0.000000,0.000000,-0.314237,,0.066765,0.000000,,,,0.112888,0.166682,1.500000,39.509954,17.033353,0.000000,circle,预设轨迹15,forward
1775476546.493392,37.293006,1775476560.739744|完整运动,完整运动,circle_orbit,1,1.000000,1.500000,1.500000,,,,,,,,,,,,,,,,1.084207,0.122874,1.129793,0.129948,0.000000,0.000000,-0.312070,,0.066087,0.000000,,,,0.113330,0.166682,1.500000,39.532309,17.010997,0.000000,circle,预设轨迹15,forward
1775476546.531651,37.331265,1775476560.739744|完整运动,完整运动,circle_orbit,1,1.000000,1.500000,1.500000,,,,,,,,,,,,,,,,1.085002,0.123444,1.132713,0.130574,0.000000,0.000000,-0.309870,,0.064926,0.000000,,,,0.113773,0.166682,1.500000,39.554700,16.988606,0.000000,circle,预设轨迹15,forward
1775476546.553123,37.352738,1775476560.739744|完整运动,完整运动,circle_orbit,1,1.000000,1.500000,1.500000,,,,,,,,,,,,,,,,1.085875,0.124624,1.138231,0.139372,0.000000,0.000000,-0.305683,,0.062775,0.000000,,,,0.114768,0.166682,1.500000,39.599416,16.943890,0.000000,circle,预设轨迹15,forward
1775476546.574337,37.373952,1775476560.739744|完整运动,完整运动,circle_orbit,1,1.000000,1.500000,1.500000,,,,,,,,,,,,,,,,1.086772,0.125074,1.140592,0.130706,0.000000,0.000000,-0.303842,,0.061888,0.000000,,,,0.115088,0.166682,1.500000,39.621632,16.921675,0.000000,circle,预设轨迹15,forward
1775476546.605119,37.404733,1775476560.739744|完整运动,完整运动,circle_orbit,1,1.000000,1.500000,1.500000,,,,,,,,,,,,,,,,1.087699,0.125491,1.143351,0.130701,0.000000,0.000000,-0.302087,,0.060684,0.000000,,,,0.115373,0.166682,1.500000,39.643893,16.899413,0.000000,circle,预设轨迹15,forward
1775476546.625923,37.425538,1775476560.739744|完整运动,完整运动,circle_orbit,1,1.000000,1.500000,1.500000,,,,,,,,,,,,,,,,1.088688,0.126298,1.148006,0.136380,0.000000,0.000000,-0.299051,,0.058710,0.000000,,,,0.116009,0.166682,1.500000,39.688298,16.855009,0.000000,circle,预设轨迹15,forward
1775476546.655675,37.455290,1775476560.739744|完整运动,完整运动,circle_orbit,1,1.000000,1.500000,1.500000,,,,,,,,,,,,,,,,1.089716,0.126601,1.151409,0.130388,0.000000,0.000000,-0.297620,,0.056932,0.000000,,,,0.116178,0.166682,1.500000,39.710165,16.833142,0.000000,circle,预设轨迹15,forward
1775476546.685443,37.485058,1775476560.739744|完整运动,完整运动,circle_orbit,1,1.000000,1.500000,1.500000,,,,,,,,,,,,,,,,1.090820,0.127336,1.157036,0.136523,0.000000,0.000000,-0.294766,,0.054240,0.000000,,,,0.116734,0.166682,1.500000,39.753731,16.789575,0.000000,circle,预设轨迹15,forward
1775476546.705995,37.505610,1775476560.739744|完整运动,完整运动,circle_orbit,1,1.000000,1.500000,1.500000,,,,,,,,,,,,,,,,1.091940,0.127618,1.159171,0.131148,0.000000,0.000000,-0.293359,,0.053374,0.000000,,,,0.116873,0.166682,1.500000,39.775551,16.767756,0.000000,circle,预设轨迹15,forward
1775476546.731256,37.530871,1775476560.739744|完整运动,完整运动,circle_orbit,1,1.000000,1.500000,1.500000,,,,,,,,,,,,,,,,1.093042,0.127458,1.159171,0.125462,0.000000,0.000000,-0.293359,,0.053374,0.000000,,,,0.116609,0.166682,1.500000,39.775551,16.767756,0.000000,circle,预设轨迹15,forward
1775476546.756155,37.555769,1775476560.739744|完整运动,完整运动,circle_orbit,1,1.000000,1.500000,1.500000,,,,,,,,,,,,,,,,1.094175,0.128057,1.162160,0.135545,0.000000,0.000000,-0.290887,,0.052392,0.000000,,,,0.117035,0.166682,1.500000,39.819977,16.723329,0.000000,circle,预设轨迹15,forward
1775476546.780685,37.580300,1775476560.739744|完整运动,完整运动,circle_orbit,1,1.000000,1.500000,1.500000,,,,,,,,,,,,,,,,1.095339,0.128524,1.165158,0.134356,0.000000,0.000000,-0.288831,,0.051230,0.000000,,,,0.117337,0.166682,1.500000,39.864665,16.678642,0.000000,circle,预设轨迹15,forward
1775476546.814996,37.614611,1775476560.739744|完整运动,完整运动,circle_orbit,1,1.000000,1.500000,1.500000,,,,,,,,,,,,,,,,1.096499,0.128602,1.166099,0.129582,0.000000,0.000000,-0.288015,,0.050944,0.000000,,,,0.117284,0.166682,1.500000,39.887262,16.656045,0.000000,circle,预设轨迹15,forward
1775476546.845667,37.645282,1775476560.739744|完整运动,完整运动,circle_orbit,1,1.000000,1.500000,1.500000,,,,,,,,,,,,,,,,1.097697,0.129005,1.169587,0.134036,0.000000,0.000000,-0.286133,,0.049383,0.000000,,,,0.117523,0.166682,1.500000,39.932415,16.610892,0.000000,circle,预设轨迹15,forward
1775476546.866009,37.665624,1775476560.739744|完整运动,完整运动,circle_orbit,1,1.000000,1.500000,1.500000,,,,,,,,,,,,,,,,1.098909,0.129196,1.171594,0.131588,0.000000,0.000000,-0.284919,,0.048549,0.000000,,,,0.117568,0.166682,1.500000,39.954732,16.588575,0.000000,circle,预设轨迹15,forward
1775476546.897504,37.697119,1775476560.739744|完整运动,完整运动,circle_orbit,1,1.000000,1.500000,1.500000,,,,,,,,,,,,,,,,1.100136,0.129458,1.173792,0.132737,0.000000,0.000000,-0.283462,,0.047698,0.000000,,,,0.117675,0.166682,1.500000,39.976862,16.566445,0.000000,circle,预设轨迹15,forward
1775476546.918790,37.718405,1775476560.739744|完整运动,完整运动,circle_orbit,1,1.000000,1.500000,1.500000,,,,,,,,,,,,,,,,1.101436,0.130260,1.179395,0.140282,0.000000,0.000000,-0.280249,,0.045333,0.000000,,,,0.118264,0.166682,1.500000,40.020514,16.522793,0.000000,circle,预设轨迹15,forward
1775476546.946865,37.746479,1775476560.739744|完整运动,完整运动,circle_orbit,1,1.000000,1.500000,1.500000,,,,,,,,,,,,,,,,1.102746,0.130531,1.181373,0.133914,0.000000,0.000000,-0.278747,,0.044669,0.000000,,,,0.118369,0.166682,1.500000,40.042407,16.500900,0.000000,circle,预设轨迹15,forward
1775476546.969123,37.768738,1775476560.739744|完整运动,完整运动,circle_orbit,1,1.000000,1.500000,1.500000,,,,,,,,,,,,,,,,1.104068,0.130799,1.183379,0.134155,0.000000,0.000000,-0.277241,,0.043993,0.000000,,,,0.118470,0.166682,1.500000,40.064244,16.479063,0.000000,circle,预设轨迹15,forward
1775476546.993480,37.793094,1775476560.739744|完整运动,完整运动,circle_orbit,1,1.000000,1.500000,1.500000,,,,,,,,,,,,,,,,1.105407,0.131046,1.185757,0.134134,0.000000,0.000000,-0.275793,,0.043048,0.000000,,,,0.118550,0.166682,1.500000,40.086099,16.457207,0.000000,circle,预设轨迹15,forward
1775476547.015361,37.814976,1775476560.739744|完整运动,完整运动,circle_orbit,1,1.000000,1.500000,1.500000,,,,,,,,,,,,,,,,1.106775,0.131288,1.188828,0.134303,0.000000,0.000000,-0.274349,,0.041647,0.000000,,,,0.118622,0.166682,1.500000,40.107928,16.435378,0.000000,circle,预设轨迹15,forward
1775476547.045599,37.845214,1775476560.739744|完整运动,完整运动,circle_orbit,1,1.000000,1.500000,1.500000,,,,,,,,,,,,,,,,1.108168,0.131464,1.191755,0.133667,0.000000,0.000000,-0.273102,,0.040265,0.000000,,,,0.118632,0.166682,1.500000,40.130162,16.413145,0.000000,circle,预设轨迹15,forward
1775476547.065935,37.865550,1775476560.739744|完整运动,完整运动,circle_orbit,1,1.000000,1.500000,1.500000,,,,,,,,,,,,,,,,1.109618,0.132084,1.196644,0.139835,0.000000,0.000000,-0.270408,,0.038248,0.000000,,,,0.119035,0.166682,1.500000,40.175065,16.368241,0.000000,circle,预设轨迹15,forward
1775476547.095150,37.894765,1775476560.739744|完整运动,完整运动,circle_orbit,1,1.000000,1.500000,1.500000,,,,,,,,,,,,,,,,1.111081,0.132298,1.198880,0.134970,0.000000,0.000000,-0.269024,,0.037403,0.000000,,,,0.119071,0.166682,1.500000,40.197795,16.345511,0.000000,circle,预设轨迹15,forward
1775476547.116150,37.915765,1775476560.739744|完整运动,完整运动,circle_orbit,1,1.000000,1.500000,1.500000,,,,,,,,,,,,,,,,1.112560,0.132518,1.201281,0.135265,0.000000,0.000000,-0.267609,,0.036468,0.000000,,,,0.119110,0.166682,1.500000,40.220668,16.322638,0.000000,circle,预设轨迹15,forward
1775476547.142278,37.941893,1775476560.739744|完整运动,完整运动,circle_orbit,1,1.000000,1.500000,1.500000,,,,,,,,,,,,,,,,1.114074,0.133107,1.204928,0.140481,0.000000,0.000000,-0.264993,,0.035269,0.000000,,,,0.119478,0.166682,1.500000,40.267251,16.276056,0.000000,circle,预设轨迹15,forward
1775476547.170277,37.969892,1775476560.739744|完整运动,完整运动,circle_orbit,1,1.000000,1.500000,1.500000,,,,,,,,,,,,,,,,1.115585,0.133203,1.206213,0.134395,0.000000,0.000000,-0.263972,,0.034894,0.000000,,,,0.119402,0.166682,1.500000,40.290751,16.252556,0.000000,circle,预设轨迹15,forward
1775476547.191263,37.990878,1775476560.739744|完整运动,完整运动,circle_orbit,1,1.000000,1.500000,1.500000,,,,,,,,,,,,,,,,1.117088,0.133234,1.207275,0.133626,0.000000,0.000000,-0.263149,,0.034576,0.000000,,,,0.119269,0.166682,1.500000,40.314439,16.228868,0.000000,circle,预设轨迹15,forward
1775476547.212256,38.011871,1775476560.739744|完整运动,完整运动,circle_orbit,1,1.000000,1.500000,1.500000,,,,,,,,,,,,,,,,1.118579,0.133198,1.208060,0.132749,0.000000,0.000000,-0.262533,,0.034345,0.000000,,,,0.119078,0.166682,1.500000,40.338253,16.205053,0.000000,circle,预设轨迹15,forward
1775476547.232588,38.032202,1775476560.739744|完整运动,完整运动,circle_orbit,1,1.000000,1.500000,1.500000,,,,,,,,,,,,,,,,1.120066,0.133128,1.209242,0.132255,0.000000,0.000000,-0.262017,,0.033816,0.000000,,,,0.118858,0.166682,1.500000,40.362220,16.181087,0.000000,circle,预设轨迹15,forward
1775476547.259076,38.058691,1775476560.739744|完整运动,完整运动,circle_orbit,1,1.000000,1.500000,1.500000,,,,,,,,,,,,,,,,1.121559,0.133058,1.211172,0.132181,0.000000,0.000000,-0.261490,,0.032815,0.000000,,,,0.118637,0.166682,1.500000,40.386271,16.157036,0.000000,circle,预设轨迹15,forward
1775476547.291684,38.091299,1775476560.739744|完整运动,完整运动,circle_orbit,1,1.000000,1.500000,1.500000,,,,,,,,,,,,,,,,1.123097,0.133212,1.215382,0.135130,0.000000,0.000000,-0.260226,,0.030695,0.000000,,,,0.118611,0.166682,1.500000,40.434527,16.108780,0.000000,circle,预设轨迹15,forward
1775476547.312412,38.112026,1775476560.739744|完整运动,完整运动,circle_orbit,1,1.000000,1.500000,1.500000,,,,,,,,,,,,,,,,1.124641,0.133191,1.217286,0.132929,0.000000,0.000000,-0.259521,,0.029802,0.000000,,,,0.118430,0.166682,1.500000,40.458572,16.084735,0.000000,circle,预设轨迹15,forward
1775476547.342843,38.142457,1775476560.739744|完整运动,完整运动,circle_orbit,1,1.000000,1.500000,1.500000,,,,,,,,,,,,,,,,1.126197,0.133372,1.219554,0.135638,0.000000,0.000000,-0.258159,,0.028976,0.000000,,,,0.118427,0.166682,1.500000,40.482209,16.061098,0.000000,circle,预设轨迹15,forward
1775476547.367317,38.166932,1775476560.739744|完整运动,完整运动,circle_orbit,1,1.000000,1.500000,1.500000,,,,,,,,,,,,,,,,1.127791,0.133900,1.223412,0.140497,0.000000,0.000000,-0.255677,,0.027654,0.000000,,,,0.118728,0.166682,1.500000,40.529624,16.013683,0.000000,circle,预设轨迹15,forward
1775476547.393888,38.193502,1775476560.739744|完整运动,完整运动,circle_orbit,1,1.000000,1.500000,1.500000,,,,,,,,,,,,,,,,1.129396,0.134067,1.225689,0.136158,0.000000,0.000000,-0.254364,,0.026815,0.000000,,,,0.118707,0.166682,1.500000,40.553200,15.990107,0.000000,circle,预设轨迹15,forward
1775476547.433093,38.232708,1775476560.739744|完整运动,完整运动,circle_orbit,1,1.000000,1.500000,1.500000,,,,,,,,,,,,,,,,1.131016,0.134467,1.228218,0.139461,0.000000,0.000000,-0.252302,,0.026156,0.000000,,,,0.118890,0.166682,1.500000,40.600367,15.942939,0.000000,circle,预设轨迹15,forward
1775476547.460282,38.259897,1775476560.739744|完整运动,完整运动,circle_orbit,1,1.000000,1.500000,1.500000,,,,,,,,,,,,,,,,1.132641,0.134555,1.230152,0.135655,0.000000,0.000000,-0.251246,,0.025426,0.000000,,,,0.118797,0.166682,1.500000,40.623953,15.919353,0.000000,circle,预设轨迹15,forward
1775476547.481637,38.281252,1775476560.739744|完整运动,完整运动,circle_orbit,1,1.000000,1.500000,1.500000,,,,,,,,,,,,,,,,1.134302,0.135077,1.233942,0.141612,0.000000,0.000000,-0.248785,,0.024179,0.000000,,,,0.119084,0.166682,1.500000,40.670737,15.872569,0.000000,circle,预设轨迹15,forward
1775476547.517353,38.316968,1775476560.739744|完整运动,完整运动,circle_orbit,1,1.000000,1.500000,1.500000,,,,,,,,,,,,,,,,1.135952,0.135206,1.234982,0.136808,0.000000,0.000000,-0.247604,,0.024064,0.000000,,,,0.119024,0.166682,1.500000,40.694024,15.849283,0.000000,circle,预设轨迹15,forward
1775476547.546273,38.345887,1775476560.739744|完整运动,完整运动,circle_orbit,1,1.000000,1.500000,1.500000,,,,,,,,,,,,,,,,1.137634,0.135723,1.238545,0.142188,0.000000,0.000000,-0.245165,,0.022964,0.000000,,,,0.119303,0.166682,1.500000,40.740347,15.802960,0.000000,circle,预设轨迹15,forward
1775476547.567023,38.366637,1775476560.739744|完整运动,完整运动,circle_orbit,1,1.000000,1.500000,1.500000,,,,,,,,,,,,,,,,1.139317,0.135875,1.240272,0.137778,0.000000,0.000000,-0.243908,,0.022469,0.000000,,,,0.119260,0.166682,1.500000,40.763647,15.779659,0.000000,circle,预设轨迹15,forward
1775476547.601281,38.400896,1775476560.739744|完整运动,完整运动,circle_orbit,1,1.000000,1.500000,1.500000,,,,,,,,,,,,,,,,1.140994,0.136005,1.241612,0.137626,0.000000,0.000000,-0.242722,,0.022180,0.000000,,,,0.119198,0.166682,1.500000,40.786900,15.756407,0.000000,circle,预设轨迹15,forward
1775476547.628534,38.428149,1775476560.739744|完整运动,完整运动,circle_orbit,1,1.000000,1.500000,1.500000,,,,,,,,,,,,,,,,1.142645,0.136076,1.241707,0.136964,0.000000,0.000000,-0.241728,,0.022564,0.000000,,,,0.119088,0.166682,1.500000,40.810128,15.733178,0.000000,circle,预设轨迹15,forward
1775476547.649905,38.449520,1775476560.739744|完整运动,完整运动,circle_orbit,1,1.000000,1.500000,1.500000,,,,,,,,,,,,,,,,1.144303,0.136462,1.243811,0.141293,0.000000,0.000000,-0.239717,,0.022181,0.000000,,,,0.119254,0.166682,1.500000,40.856379,15.686928,0.000000,circle,预设轨迹15,forward
1775476547.680189,38.479804,1775476560.739744|完整运动,完整运动,circle_orbit,1,1.000000,1.500000,1.500000,,,,,,,,,,,,,,,,1.145961,0.136546,1.245442,0.137594,0.000000,0.000000,-0.238684,,0.021653,0.000000,,,,0.119154,0.166682,1.500000,40.879599,15.663707,0.000000,circle,预设轨迹15,forward
1775476547.700828,38.500442,1775476560.739744|完整运动,完整运动,circle_orbit,1,1.000000,1.500000,1.500000,,,,,,,,,,,,,,,,1.147642,0.136935,1.248464,0.141796,0.000000,0.000000,-0.236664,,0.020729,0.000000,,,,0.119319,0.166682,1.500000,40.926573,15.616734,0.000000,circle,预设轨迹15,forward
1775476547.726398,38.526013,1775476560.739744|完整运动,完整运动,circle_orbit,1,1.000000,1.500000,1.500000,,,,,,,,,,,,,,,,1.149294,0.136699,1.248464,0.133745,0.000000,0.000000,-0.236664,,0.020729,0.000000,,,,0.118941,0.166682,1.500000,40.926573,15.616734,0.000000,circle,预设轨迹15,forward
1775476547.761379,38.560993,1775476560.739744|完整运动,完整运动,circle_orbit,1,1.000000,1.500000,1.500000,,,,,,,,,,,,,,,,1.151050,0.137415,1.256361,0.146372,0.000000,0.000000,-0.233570,,0.017384,0.000000,,,,0.119383,0.166682,1.500000,40.996919,15.546387,0.000000,circle,预设轨迹15,forward
1775476547.785486,38.585100,1775476560.739744|完整运动,完整运动,circle_orbit,1,1.000000,1.500000,1.500000,,,,,,,,,,,,,,,,1.152826,0.137480,1.259407,0.138285,0.000000,0.000000,-0.232585,,0.016017,0.000000,,,,0.119254,0.166682,1.500000,41.020315,15.522991,0.000000,circle,预设轨迹15,forward
1775476547.809846,38.609461,1775476560.739744|完整运动,完整运动,circle_orbit,1,1.000000,1.500000,1.500000,,,,,,,,,,,,,,,,1.154635,0.137537,1.263196,0.138258,0.000000,0.000000,-0.231611,,0.014217,0.000000,,,,0.119118,0.166682,1.500000,41.043760,15.499547,0.000000,circle,预设轨迹15,forward
1775476547.838012,38.637626,1775476560.739744|完整运动,完整运动,circle_orbit,1,1.000000,1.500000,1.500000,,,,,,,,,,,,,,,,1.156461,0.137560,1.266026,0.137843,0.000000,0.000000,-0.230742,,0.012944,0.000000,,,,0.118949,0.166682,1.500000,41.067323,15.475984,0.000000,circle,预设轨迹15,forward
1775476547.860787,38.660402,1775476560.739744|完整运动,完整运动,circle_orbit,1,1.000000,1.500000,1.500000,,,,,,,,,,,,,,,,1.158366,0.137884,1.272621,0.141933,0.000000,0.000000,-0.228887,,0.009931,0.000000,,,,0.119033,0.166682,1.500000,41.114299,15.429007,0.000000,circle,预设轨迹15,forward
1775476547.888067,38.687682,1775476560.739744|完整运动,完整运动,circle_orbit,1,1.000000,1.500000,1.500000,,,,,,,,,,,,,,,,1.160303,0.137913,1.276560,0.138283,0.000000,0.000000,-0.227977,,0.008063,0.000000,,,,0.118860,0.166682,1.500000,41.137889,15.405418,0.000000,circle,预设轨迹15,forward
1775476547.913177,38.712792,1775476560.739744|完整运动,完整运动,circle_orbit,1,1.000000,1.500000,1.500000,,,,,,,,,,,,,,,,1.162234,0.137843,1.278106,0.136968,0.000000,0.000000,-0.227385,,0.007438,0.000000,,,,0.118602,0.166682,1.500000,41.161685,15.381621,0.000000,circle,预设轨迹15,forward
1775476547.935876,38.735491,1775476560.739744|完整运动,完整运动,circle_orbit,1,1.000000,1.500000,1.500000,,,,,,,,,,,,,,,,1.164208,0.137845,1.282642,0.137862,0.000000,0.000000,-0.226550,,0.005215,0.000000,,,,0.118402,0.166682,1.500000,41.209357,15.333949,0.000000,circle,预设轨迹15,forward
1775476547.960717,38.760331,1775476560.739744|完整运动,完整运动,circle_orbit,1,1.000000,1.500000,1.500000,,,,,,,,,,,,,,,,1.166150,0.137587,1.282642,0.134369,0.000000,0.000000,-0.226550,,0.005215,0.000000,,,,0.117984,0.166682,1.500000,41.209357,15.333949,0.000000,circle,预设轨迹15,forward
1775476547.982285,38.781900,1775476560.739744|完整运动,完整运动,circle_orbit,1,1.000000,1.500000,1.500000,,,,,,,,,,,,,,,,1.168123,0.137514,1.286541,0.136594,0.000000,0.000000,-0.225944,,0.003269,0.000000,,,,0.117722,0.166682,1.500000,41.257706,15.285601,0.000000,circle,预设轨迹15,forward
1775476548.015640,38.815254,1775476560.739744|完整运动,完整运动,circle_orbit,1,1.000000,1.500000,1.500000,,,,,,,,,,,,,,,,1.170078,0.137227,1.287336,0.133643,0.000000,0.000000,-0.226024,,0.002784,0.000000,,,,0.117280,0.166682,1.500000,41.282039,15.261268,0.000000,circle,预设轨迹15,forward
1775476548.039773,38.839387,1775476560.739744|完整运动,完整运动,circle_orbit,1,1.000000,1.500000,1.500000,,,,,,,,,,,,,,,,1.172023,0.136791,1.288765,0.131342,0.000000,0.000000,-0.226577,,0.001730,0.000000,,,,0.116714,0.166682,1.500000,41.306436,15.236870,0.000000,circle,预设轨迹15,forward
1775476548.060399,38.860014,1775476560.739744|完整运动,完整运动,circle_orbit,1,1.000000,1.500000,1.500000,,,,,,,,,,,,,,,,1.173902,0.136479,1.286604,0.132581,0.000000,0.000000,-0.226701,,-0.002897,0.000000,,,,0.116261,0.166682,1.500000,41.354429,15.188878,0.000000,circle,预设轨迹15,forward
1775476548.084397,38.884012,1775476560.739744|完整运动,完整运动,circle_orbit,1,1.000000,1.500000,1.500000,,,,,,,,,,,,,,,,1.175671,0.136330,1.281812,0.134461,0.000000,0.000000,-0.226288,,-0.005804,0.000000,,,,0.115959,0.166682,1.500000,41.378160,15.165147,0.000000,circle,预设轨迹15,forward
1775476548.110203,38.909818,1775476560.739744|完整运动,完整运动,circle_orbit,1,1.000000,1.500000,1.500000,,,,,,,,,,,,,,,,1.177358,0.136225,1.278606,0.134919,0.000000,0.000000,-0.225725,,-0.007889,0.000000,,,,0.115704,0.166682,1.500000,41.402088,15.141219,0.000000,circle,预设轨迹15,forward
1775476548.147346,38.946961,1775476560.739744|完整运动,完整运动,circle_orbit,1,1.000000,1.500000,1.500000,,,,,,,,,,,,,,,,1.178987,0.136207,1.276681,0.135979,0.000000,0.000000,-0.224886,,-0.009367,0.000000,,,,0.115529,0.166682,1.500000,41.449835,15.093472,0.000000,circle,预设轨迹15,forward
1775476548.180810,38.980425,1775476560.739744|完整运动,完整运动,circle_orbit,1,1.000000,1.500000,1.500000,,,,,,,,,,,,,,,,1.180562,0.136036,1.275070,0.133899,0.000000,0.000000,-0.224543,,-0.010448,0.000000,,,,0.115230,0.166682,1.500000,41.473541,15.069766,0.000000,circle,预设轨迹15,forward
1775476548.203967,39.003582,1775476560.739744|完整运动,完整运动,circle_orbit,1,1.000000,1.500000,1.500000,,,,,,,,,,,,,,,,1.182056,0.135898,1.271727,0.134175,0.000000,0.000000,-0.224089,,-0.012582,0.000000,,,,0.114968,0.166682,1.500000,41.521813,15.021494,0.000000,circle,预设轨迹15,forward
1775476548.231149,39.030764,1775476560.739744|完整运动,完整运动,circle_orbit,1,1.000000,1.500000,1.500000,,,,,,,,,,,,,,,,1.183508,0.135622,1.270591,0.132172,0.000000,0.000000,-0.224085,,-0.013243,0.000000,,,,0.114593,0.166682,1.500000,41.546509,14.996798,0.000000,circle,预设轨迹15,forward
1775476548.252911,39.052526,1775476560.739744|完整运动,完整运动,circle_orbit,1,1.000000,1.500000,1.500000,,,,,,,,,,,,,,,,1.184916,0.135282,1.269445,0.131030,0.000000,0.000000,-0.224290,,-0.013818,0.000000,,,,0.114170,0.166682,1.500000,41.571188,14.972119,0.000000,circle,预设轨迹15,forward
1775476548.279688,39.079302,1775476560.739744|完整运动,完整运动,circle_orbit,1,1.000000,1.500000,1.500000,,,,,,,,,,,,,,,,1.186235,0.134881,1.265332,0.129875,0.000000,0.000000,-0.224681,,-0.016044,0.000000,,,,0.113706,0.166682,1.500000,41.620258,14.923049,0.000000,circle,预设轨迹15,forward
1775476548.309599,39.109214,1775476560.739744|完整运动,完整运动,circle_orbit,1,1.000000,1.500000,1.500000,,,,,,,,,,,,,,,,1.187467,0.134705,1.261416,0.132503,0.000000,0.000000,-0.224342,,-0.018495,0.000000,,,,0.113439,0.166682,1.500000,41.644259,14.899047,0.000000,circle,预设轨迹15,forward
1775476548.330039,39.129654,1775476560.739744|完整运动,完整运动,circle_orbit,1,1.000000,1.500000,1.500000,,,,,,,,,,,,,,,,1.188646,0.134584,1.259397,0.133063,0.000000,0.000000,-0.223832,,-0.019914,0.000000,,,,0.113224,0.166682,1.500000,41.667522,14.875784,0.000000,circle,预设轨迹15,forward
1775476548.360616,39.160230,1775476560.739744|完整运动,完整运动,circle_orbit,1,1.000000,1.500000,1.500000,,,,,,,,,,,,,,,,1.189772,0.134438,1.257326,0.132622,0.000000,0.000000,-0.223402,,-0.021331,0.000000,,,,0.112995,0.166682,1.500000,41.690919,14.852388,0.000000,circle,预设轨迹15,forward
1775476548.389099,39.188714,1775476560.739744|完整运动,完整运动,circle_orbit,1,1.000000,1.500000,1.500000,,,,,,,,,,,,,,,,1.190792,0.134239,1.251976,0.131745,0.000000,0.000000,-0.223140,,-0.024634,0.000000,,,,0.112731,0.166682,1.500000,41.737541,14.805766,0.000000,circle,预设轨迹15,forward
1775476548.409565,39.209180,1775476560.739744|完整运动,完整运动,circle_orbit,1,1.000000,1.500000,1.500000,,,,,,,,,,,,,,,,1.191730,0.133983,1.247987,0.130787,0.000000,0.000000,-0.223057,,-0.027064,0.000000,,,,0.112427,0.166682,1.500000,41.760798,14.782508,0.000000,circle,预设轨迹15,forward
1775476548.444581,39.244195,1775476560.739744|完整运动,完整运动,circle_orbit,1,1.000000,1.500000,1.500000,,,,,,,,,,,,,,,,1.192546,0.133613,1.241540,0.128989,0.000000,0.000000,-0.223331,,-0.030843,0.000000,,,,0.112040,0.166682,1.500000,41.807807,14.735499,0.000000,circle,预设轨迹15,forward
1775476548.475845,39.275459,1775476560.739744|完整运动,完整运动,circle_orbit,1,1.000000,1.500000,1.500000,,,,,,,,,,,,,,,,1.193324,0.133199,1.240021,0.128018,0.000000,0.000000,-0.223751,,-0.031581,0.000000,,,,0.111620,0.166682,1.500000,41.831915,14.711392,0.000000,circle,预设轨迹15,forward
1775476548.496372,39.295987,1775476560.739744|完整运动,完整运动,circle_orbit,1,1.000000,1.500000,1.500000,,,,,,,,,,,,,,,,1.194056,0.132480,1.237957,0.123496,0.000000,0.000000,-0.225156,,-0.032217,0.000000,,,,0.110950,0.166682,1.500000,41.881832,14.661475,0.000000,circle,预设轨迹15,forward
1775476548.529201,39.328816,1775476560.739744|完整运动,完整运动,circle_orbit,1,1.000000,1.500000,1.500000,,,,,,,,,,,,,,,,1.194776,0.132198,1.237957,0.128676,0.000000,0.000000,-0.225156,,-0.032217,0.000000,,,,0.110647,0.166682,1.500000,41.881832,14.661475,0.000000,circle,预设轨迹15,forward
1775476548.559376,39.358990,1775476560.739744|完整运动,完整运动,circle_orbit,1,1.000000,1.500000,1.500000,,,,,,,,,,,,,,,,1.195397,0.131695,1.232655,0.125409,0.000000,0.000000,-0.225865,,-0.035159,0.000000,,,,0.110169,0.166682,1.500000,41.931904,14.611402,0.000000,circle,预设轨迹15,forward
1775476548.580162,39.379777,1775476560.739744|完整运动,完整运动,circle_orbit,1,1.000000,1.500000,1.500000,,,,,,,,,,,,,,,,1.195946,0.131516,1.228919,0.129271,0.000000,0.000000,-0.225529,,-0.037621,0.000000,,,,0.109968,0.166682,1.500000,41.982077,14.561230,0.000000,circle,预设轨迹15,forward
1775476548.616420,39.416034,1775476560.739744|完整运动,完整运动,circle_orbit,1,1.000000,1.500000,1.500000,,,,,,,,,,,,,,,,1.196467,0.131280,1.227730,0.128337,0.000000,0.000000,-0.225385,,-0.038424,0.000000,,,,0.109723,0.166682,1.500000,42.007316,14.535991,0.000000,circle,预设轨迹15,forward
1775476548.644106,39.443720,1775476560.739744|完整运动,完整运动,circle_orbit,1,1.000000,1.500000,1.500000,,,,,,,,,,,,,,,,1.196921,0.130975,1.224164,0.127162,0.000000,0.000000,-0.225470,,-0.040611,0.000000,,,,0.109427,0.166682,1.500000,42.057811,14.485495,0.000000,circle,预设轨迹15,forward
1775476548.664473,39.464088,1775476560.739744|完整运动,完整运动,circle_orbit,1,1.000000,1.500000,1.500000,,,,,,,,,,,,,,,,1.197331,0.130761,1.221938,0.128085,0.000000,0.000000,-0.225267,,-0.042096,0.000000,,,,0.109210,0.166682,1.500000,42.082594,14.460712,0.000000,circle,预设轨迹15,forward
1775476548.701194,39.500809,1775476560.739744|完整运动,完整运动,circle_orbit,1,1.000000,1.500000,1.500000,,,,,,,,,,,,,,,,1.197695,0.130538,1.219485,0.127756,0.000000,0.000000,-0.225099,,-0.043714,0.000000,,,,0.108991,0.166682,1.500000,42.106704,14.436603,0.000000,circle,预设轨迹15,forward
1775476548.729037,39.528651,1775476560.739744|完整运动,完整运动,circle_orbit,1,1.000000,1.500000,1.500000,,,,,,,,,,,,,,,,1.197987,0.130195,1.215539,0.125902,0.000000,0.000000,-0.225323,,-0.046110,0.000000,,,,0.108678,0.166682,1.500000,42.154537,14.388769,0.000000,circle,预设轨迹15,forward
1775476548.749427,39.549042,1775476560.739744|完整运动,完整运动,circle_orbit,1,1.000000,1.500000,1.500000,,,,,,,,,,,,,,,,1.198255,0.129744,1.214301,0.124110,0.000000,0.000000,-0.225901,,-0.046639,0.000000,,,,0.108278,0.166682,1.500000,42.178619,14.364688,0.000000,circle,预设轨迹15,forward
1775476548.780969,39.580583,1775476560.739744|完整运动,完整运动,circle_orbit,1,1.000000,1.500000,1.500000,,,,,,,,,,,,,,,,1.198485,0.129331,1.212284,0.124166,0.000000,0.000000,-0.226364,,-0.047718,0.000000,,,,0.107912,0.166682,1.500000,42.202646,14.340661,0.000000,circle,预设轨迹15,forward
1775476548.812924,39.612539,1775476560.739744|完整运动,完整运动,circle_orbit,1,1.000000,1.500000,1.500000,,,,,,,,,,,,,,,,1.198628,0.128979,1.207244,0.124580,0.000000,0.000000,-0.226624,,-0.050831,0.000000,,,,0.107606,0.166682,1.500000,42.250073,14.293233,0.000000,circle,预设轨迹15,forward
1775476548.833830,39.633445,1775476560.739744|完整运动,完整运动,circle_orbit,1,1.000000,1.500000,1.500000,,,,,,,,,,,,,,,,1.198718,0.128730,1.204113,0.125610,0.000000,0.000000,-0.226557,,-0.052880,0.000000,,,,0.107389,0.166682,1.500000,42.273408,14.269899,0.000000,circle,预设轨迹15,forward
1775476548.855157,39.654772,1775476560.739744|完整运动,完整运动,circle_orbit,1,1.000000,1.500000,1.500000,,,,,,,,,,,,,,,,1.198764,0.128419,1.201511,0.124533,0.000000,0.000000,-0.226696,,-0.054504,0.000000,,,,0.107126,0.166682,1.500000,42.296873,14.246434,0.000000,circle,预设轨迹15,forward
1775476548.875767,39.675382,1775476560.739744|完整运动,完整运动,circle_orbit,1,1.000000,1.500000,1.500000,,,,,,,,,,,,,,,,1.198738,0.127969,1.197177,0.122353,0.000000,0.000000,-0.227281,,-0.057069,0.000000,,,,0.106753,0.166682,1.500000,42.343973,14.199334,0.000000,circle,预设轨迹15,forward
1775476548.914020,39.713635,1775476560.739744|完整运动,完整运动,circle_orbit,1,1.000000,1.500000,1.500000,,,,,,,,,,,,,,,,1.198712,0.127706,1.197177,0.124407,0.000000,0.000000,-0.227281,,-0.057069,0.000000,,,,0.106536,0.166682,1.500000,42.343973,14.199334,0.000000,circle,预设轨迹15,forward
1775476548.938074,39.737689,1775476560.739744|完整运动,完整运动,circle_orbit,1,1.000000,1.500000,1.500000,,,,,,,,,,,,,,,,1.198560,0.127247,1.189400,0.121518,0.000000,0.000000,-0.227896,,-0.061916,0.000000,,,,0.106167,0.166682,1.500000,42.414751,14.128555,0.000000,circle,预设轨迹15,forward
1775476548.962222,39.761837,1775476560.739744|完整运动,完整运动,circle_orbit,1,1.000000,1.500000,1.500000,,,,,,,,,,,,,,,,1.198410,0.126984,1.189400,0.123692,0.000000,0.000000,-0.227896,,-0.061916,0.000000,,,,0.105960,0.166682,1.500000,42.414751,14.128555,0.000000,circle,预设轨迹15,forward
1775476548.984676,39.784290,1775476560.739744|完整运动,完整运动,circle_orbit,1,1.000000,1.500000,1.500000,,,,,,,,,,,,,,,,1.198228,0.126658,1.187311,0.122584,0.000000,0.000000,-0.228107,,-0.063209,0.000000,,,,0.105704,0.166682,1.500000,42.438597,14.104710,0.000000,circle,预设轨迹15,forward
1775476549.005313,39.804927,1775476560.739744|完整运动,完整运动,circle_orbit,1,1.000000,1.500000,1.500000,,,,,,,,,,,,,,,,1.197963,0.126269,1.182117,0.121413,0.000000,0.000000,-0.228517,,-0.066496,0.000000,,,,0.105403,0.166682,1.500000,42.486395,14.056911,0.000000,circle,预设轨迹15,forward
1775476549.041249,39.840864,1775476560.739744|完整运动,完整运动,circle_orbit,1,1.000000,1.500000,1.500000,,,,,,,,,,,,,,,,1.197664,0.125867,1.179688,0.120840,0.000000,0.000000,-0.228977,,-0.067925,0.000000,,,,0.105094,0.166682,1.500000,42.510959,14.032347,0.000000,circle,预设轨迹15,forward
1775476549.062160,39.861775,1775476560.739744|完整运动,完整运动,circle_orbit,1,1.000000,1.500000,1.500000,,,,,,,,,,,,,,,,1.197321,0.125102,1.176748,0.115534,0.000000,0.000000,-0.230613,,-0.069183,0.000000,,,,0.104485,0.166682,1.500000,42.561094,13.982213,0.000000,circle,预设轨迹15,forward
1775476549.082567,39.882181,1775476560.739744|完整运动,完整运动,circle_orbit,1,1.000000,1.500000,1.500000,,,,,,,,,,,,,,,,1.196984,0.124846,1.176748,0.121654,0.000000,0.000000,-0.230613,,-0.069183,0.000000,,,,0.104301,0.166682,1.500000,42.561094,13.982213,0.000000,circle,预设轨迹15,forward
1775476549.105147,39.904761,1775476560.739744|完整运动,完整运动,circle_orbit,1,1.000000,1.500000,1.500000,,,,,,,,,,,,,,,,1.196607,0.123987,1.174005,0.113241,0.000000,0.000000,-0.232572,,-0.070174,0.000000,,,,0.103615,0.166682,1.500000,42.612328,13.930979,0.000000,circle,预设轨迹15,forward
1775476549.129556,39.929171,1775476560.739744|完整运动,完整运动,circle_orbit,1,1.000000,1.500000,1.500000,,,,,,,,,,,,,,,,1.196204,0.123335,1.172049,0.115186,0.000000,0.000000,-0.233862,,-0.070932,0.000000,,,,0.103105,0.166682,1.500000,42.637847,13.905459,0.000000,circle,预设轨迹15,forward
1775476549.158638,39.958253,1775476560.739744|完整运动,完整运动,circle_orbit,1,1.000000,1.500000,1.500000,,,,,,,,,,,,,,,,1.195772,0.122652,1.169822,0.114115,0.000000,0.000000,-0.235259,,-0.071834,0.000000,,,,0.102571,0.166682,1.500000,42.663194,13.880112,0.000000,circle,预设轨迹15,forward
1775476549.185281,39.984896,1775476560.739744|完整运动,完整运动,circle_orbit,1,1.000000,1.500000,1.500000,,,,,,,,,,,,,,,,1.195304,0.121505,1.167238,0.107170,0.000000,0.000000,-0.238158,,-0.072320,0.000000,,,,0.101652,0.166682,1.500000,42.714023,13.829284,0.000000,circle,预设轨迹15,forward
1775476549.209998,40.009613,1775476560.739744|完整运动,完整运动,circle_orbit,1,1.000000,1.500000,1.500000,,,,,,,,,,,,,,,,1.194844,0.121259,1.167238,0.118189,0.000000,0.000000,-0.238158,,-0.072320,0.000000,,,,0.101486,0.166682,1.500000,42.714023,13.829284,0.000000,circle,预设轨迹15,forward
1775476549.246045,40.045659,1775476560.739744|完整运动,完整运动,circle_orbit,1,1.000000,1.500000,1.500000,,,,,,,,,,,,,,,,1.194386,0.120162,1.166909,0.106449,0.000000,0.000000,-0.240930,,-0.071314,0.000000,,,,0.100606,0.166682,1.500000,42.764981,13.778326,0.000000,circle,预设轨迹15,forward
1775476549.269390,40.069005,1775476560.739744|完整运动,完整运动,circle_orbit,1,1.000000,1.500000,1.500000,,,,,,,,,,,,,,,,1.193879,0.119271,1.163465,0.108123,0.000000,0.000000,-0.243037,,-0.072756,0.000000,,,,0.099902,0.166682,1.500000,42.815043,13.728264,0.000000,circle,预设轨迹15,forward
1775476549.295801,40.095416,1775476560.739744|完整运动,完整运动,circle_orbit,1,1.000000,1.500000,1.500000,,,,,,,,,,,,,,,,1.193350,0.118814,1.161581,0.113106,0.000000,0.000000,-0.243750,,-0.073746,0.000000,,,,0.099563,0.166682,1.500000,42.839609,13.703697,0.000000,circle,预设轨迹15,forward
1775476549.333863,40.133477,1775476560.739744|完整运动,完整运动,circle_orbit,1,1.000000,1.500000,1.500000,,,,,,,,,,,,,,,,1.192809,0.118403,1.160371,0.113272,0.000000,0.000000,-0.244334,,-0.074328,0.000000,,,,0.099264,0.166682,1.500000,42.864195,13.679111,0.000000,circle,预设轨迹15,forward
1775476549.355451,40.155066,1775476560.739744|完整运动,完整运动,circle_orbit,1,1.000000,1.500000,1.500000,,,,,,,,,,,,,,,,1.192255,0.118104,1.158989,0.114361,0.000000,0.000000,-0.244578,,-0.075183,0.000000,,,,0.099059,0.166682,1.500000,42.913318,13.629989,0.000000,circle,预设轨迹15,forward
1775476549.379713,40.179327,1775476560.739744|完整运动,完整运动,circle_orbit,1,1.000000,1.500000,1.500000,,,,,,,,,,,,,,,,1.191705,0.117852,1.158702,0.114706,0.000000,0.000000,-0.244694,,-0.075332,0.000000,,,,0.098894,0.166682,1.500000,42.937664,13.605642,0.000000,circle,预设轨迹15,forward
1775476549.408498,40.208113,1775476560.739744|完整运动,完整运动,circle_orbit,1,1.000000,1.500000,1.500000,,,,,,,,,,,,,,,,1.191127,0.117643,1.156480,0.115026,0.000000,0.000000,-0.244689,,-0.076889,0.000000,,,,0.098766,0.166682,1.500000,42.986395,13.556911,0.000000,circle,预设轨迹15,forward
1775476549.429167,40.228782,1775476560.739744|完整运动,完整运动,circle_orbit,1,1.000000,1.500000,1.500000,,,,,,,,,,,,,,,,1.190539,0.117398,1.155233,0.114337,0.000000,0.000000,-0.244818,,-0.077706,0.000000,,,,0.098609,0.166682,1.500000,43.010691,13.532616,0.000000,circle,预设轨迹15,forward
1775476549.460031,40.259646,1775476560.739744|完整运动,完整运动,circle_orbit,1,1.000000,1.500000,1.500000,,,,,,,,,,,,,,,,1.189918,0.117028,1.152681,0.112404,0.000000,0.000000,-0.245364,,-0.079260,0.000000,,,,0.098350,0.166682,1.500000,43.059653,13.483654,0.000000,circle,预设轨迹15,forward
1775476549.496257,40.295872,1775476560.739744|完整运动,完整运动,circle_orbit,1,1.000000,1.500000,1.500000,,,,,,,,,,,,,,,,1.189281,0.116657,1.151031,0.112016,0.000000,0.000000,-0.245927,,-0.080176,0.000000,,,,0.098090,0.166682,1.500000,43.084377,13.458930,0.000000,circle,预设轨迹15,forward
1775476549.516741,40.316355,1775476560.739744|完整运动,完整运动,circle_orbit,1,1.000000,1.500000,1.500000,,,,,,,,,,,,,,,,1.188585,0.116034,1.146830,0.108245,0.000000,0.000000,-0.247306,,-0.082547,0.000000,,,,0.097623,0.166682,1.500000,43.133696,13.409610,0.000000,circle,预设轨迹15,forward
1775476549.549725,40.349340,1775476560.739744|完整运动,完整运动,circle_orbit,1,1.000000,1.500000,1.500000,,,,,,,,,,,,,,,,1.187900,0.115843,1.146830,0.113452,0.000000,0.000000,-0.247306,,-0.082547,0.000000,,,,0.097519,0.166682,1.500000,43.133696,13.409610,0.000000,circle,预设轨迹15,forward
1775476549.578321,40.377936,1775476560.739744|完整运动,完整运动,circle_orbit,1,1.000000,1.500000,1.500000,,,,,,,,,,,,,,,,1.187150,0.115257,1.142122,0.107941,0.000000,0.000000,-0.248581,,-0.085350,0.000000,,,,0.097087,0.166682,1.500000,43.182441,13.360865,0.000000,circle,预设轨迹15,forward
1775476549.603226,40.402840,1775476560.739744|完整运动,完整运动,circle_orbit,1,1.000000,1.500000,1.500000,,,,,,,,,,,,,,,,1.186316,0.114633,1.136271,0.106824,0.000000,0.000000,-0.249974,,-0.088957,0.000000,,,,0.096629,0.166682,1.500000,43.230969,13.312337,0.000000,circle,预设轨迹15,forward
1775476549.624397,40.424011,1775476560.739744|完整运动,完整运动,circle_orbit,1,1.000000,1.500000,1.500000,,,,,,,,,,,,,,,,1.185450,0.114202,1.133515,0.108820,0.000000,0.000000,-0.250745,,-0.090621,0.000000,,,,0.096336,0.166682,1.500000,43.255149,13.288158,0.000000,circle,预设轨迹15,forward
1775476549.656826,40.456441,1775476560.739744|完整运动,完整运动,circle_orbit,1,1.000000,1.500000,1.500000,,,,,,,,,,,,,,,,1.184556,0.113771,1.130916,0.108389,0.000000,0.000000,-0.251525,,-0.092175,0.000000,,,,0.096046,0.166682,1.500000,43.279168,13.264139,0.000000,circle,预设轨迹15,forward
1775476549.679477,40.479092,1775476560.739744|完整运动,完整运动,circle_orbit,1,1.000000,1.500000,1.500000,,,,,,,,,,,,,,,,1.183626,0.112931,1.127801,0.102429,0.000000,0.000000,-0.253631,,-0.093528,0.000000,,,,0.095411,0.166682,1.500000,43.327369,13.215938,0.000000,circle,预设轨迹15,forward
1775476549.701691,40.501306,1775476560.739744|完整运动,完整运动,circle_orbit,1,1.000000,1.500000,1.500000,,,,,,,,,,,,,,,,1.182669,0.112372,1.125280,0.105381,0.000000,0.000000,-0.254834,,-0.094856,0.000000,,,,0.095016,0.166682,1.500000,43.351534,13.191772,0.000000,circle,预设轨迹15,forward
1775476549.736189,40.535804,1775476560.739744|完整运动,完整运动,circle_orbit,1,1.000000,1.500000,1.500000,,,,,,,,,,,,,,,,1.181695,0.111863,1.123269,0.105498,0.000000,0.000000,-0.255884,,-0.095880,0.000000,,,,0.094663,0.166682,1.500000,43.375981,13.167325,0.000000,circle,预设轨迹15,forward
1775476549.762348,40.561962,1775476560.739744|完整运动,完整运动,circle_orbit,1,1.000000,1.500000,1.500000,,,,,,,,,,,,,,,,1.180709,0.111361,1.121553,0.105083,0.000000,0.000000,-0.256924,,-0.096696,0.000000,,,,0.094317,0.166682,1.500000,43.400544,13.142763,0.000000,circle,预设轨迹15,forward
1775476549.782752,40.582367,1775476560.739744|完整运动,完整运动,circle_orbit,1,1.000000,1.500000,1.500000,,,,,,,,,,,,,,,,1.179685,0.110546,1.118245,0.100366,0.000000,0.000000,-0.258976,,-0.098256,0.000000,,,,0.093708,0.166682,1.500000,43.449662,13.093644,0.000000,circle,预设轨迹15,forward
1775476549.814198,40.613812,1775476560.739744|完整运动,完整运动,circle_orbit,1,1.000000,1.500000,1.500000,,,,,,,,,,,,,,,,1.178666,0.110013,1.117518,0.103348,0.000000,0.000000,-0.260132,,-0.098288,0.000000,,,,0.093337,0.166682,1.500000,43.474436,13.068871,0.000000,circle,预设轨迹15,forward
1775476549.841259,40.640874,1775476560.739744|完整运动,完整运动,circle_orbit,1,1.000000,1.500000,1.500000,,,,,,,,,,,,,,,,1.177654,0.109462,1.116896,0.102570,0.000000,0.000000,-0.261364,,-0.098207,0.000000,,,,0.092949,0.166682,1.500000,43.499319,13.043987,0.000000,circle,预设轨迹15,forward
1775476549.861524,40.661138,1775476560.739744|完整运动,完整运动,circle_orbit,1,1.000000,1.500000,1.500000,,,,,,,,,,,,,,,,1.176664,0.108494,1.117275,0.096400,0.000000,0.000000,-0.263960,,-0.096768,0.000000,,,,0.092205,0.166682,1.500000,43.549597,12.993709,0.000000,circle,预设轨迹15,forward
1775476549.892267,40.691881,1775476560.739744|完整运动,完整运动,circle_orbit,1,1.000000,1.500000,1.500000,,,,,,,,,,,,,,,,1.175686,0.107907,1.117040,0.100565,0.000000,0.000000,-0.265341,,-0.096331,0.000000,,,,0.091782,0.166682,1.500000,43.574852,12.968454,0.000000,circle,预设轨迹15,forward
1775476549.912893,40.712507,1775476560.739744|完整运动,完整运动,circle_orbit,1,1.000000,1.500000,1.500000,,,,,,,,,,,,,,,,1.174715,0.107305,1.116431,0.099780,0.000000,0.000000,-0.266787,,-0.096146,0.000000,,,,0.091345,0.166682,1.500000,43.600155,12.943152,0.000000,circle,预设轨迹15,forward
1775476549.942411,40.742025,1775476560.739744|完整运动,完整运动,circle_orbit,1,1.000000,1.500000,1.500000,,,,,,,,,,,,,,,,1.173772,0.106336,1.117204,0.094224,0.000000,0.000000,-0.269440,,-0.094386,0.000000,,,,0.090593,0.166682,1.500000,43.649898,12.893409,0.000000,circle,预设轨迹15,forward
1775476549.962859,40.762474,1775476560.739744|完整运动,完整运动,circle_orbit,1,1.000000,1.500000,1.500000,,,,,,,,,,,,,,,,1.172804,0.106068,1.114717,0.102714,0.000000,0.000000,-0.269836,,-0.096082,0.000000,,,,0.090439,0.166682,1.500000,43.674040,12.869266,0.000000,circle,预设轨迹15,forward
1775476549.983330,40.782945,1775476560.739744|完整运动,完整运动,circle_orbit,1,1.000000,1.500000,1.500000,,,,,,,,,,,,,,,,1.171811,0.106005,1.112217,0.105225,0.000000,0.000000,-0.269585,,-0.098085,0.000000,,,,0.090463,0.166682,1.500000,43.697697,12.845610,0.000000,circle,预设轨迹15,forward
1775476550.011180,40.810794,1775476560.739744|完整运动,完整运动,circle_orbit,1,1.000000,1.500000,1.500000,,,,,,,,,,,,,,,,1.170821,0.106038,1.111405,0.106442,0.000000,0.000000,-0.269051,,-0.098937,0.000000,,,,0.090567,0.166682,1.500000,43.721134,12.822173,0.000000,circle,预设轨迹15,forward
1775476550.031574,40.831188,1775476560.739744|完整运动,完整运动,circle_orbit,1,1.000000,1.500000,1.500000,,,,,,,,,,,,,,,,1.169839,0.105955,1.110955,0.104918,0.000000,0.000000,-0.268916,,-0.099339,0.000000,,,,0.090572,0.166682,1.500000,43.744616,12.798691,0.000000,circle,预设轨迹15,forward
1775476550.063294,40.862909,1775476560.739744|完整运动,完整运动,circle_orbit,1,1.000000,1.500000,1.500000,,,,,,,,,,,,,,,,1.168865,0.105748,1.110421,0.103169,0.000000,0.000000,-0.269199,,-0.099619,0.000000,,,,0.090471,0.166682,1.500000,43.768239,12.775067,0.000000,circle,预设轨迹15,forward
1775476550.086730,40.886345,1775476560.739744|完整运动,完整运动,circle_orbit,1,1.000000,1.500000,1.500000,,,,,,,,,,,,,,,,1.167842,0.105333,1.106445,0.100138,0.000000,0.000000,-0.270161,,-0.102226,0.000000,,,,0.090194,0.166682,1.500000,43.815156,12.728150,0.000000,circle,预设轨迹15,forward
1775476550.109179,40.908793,1775476560.739744|完整运动,完整运动,circle_orbit,1,1.000000,1.500000,1.500000,,,,,,,,,,,,,,,,1.166807,0.105034,1.104716,0.101296,0.000000,0.000000,-0.270754,,-0.103288,0.000000,,,,0.090018,0.166682,1.500000,43.838514,12.704793,0.000000,circle,预设轨迹15,forward
1775476550.142814,40.942429,1775476560.739744|完整运动,完整运动,circle_orbit,1,1.000000,1.500000,1.500000,,,,,,,,,,,,,,,,1.165783,0.104584,1.104323,0.098966,0.000000,0.000000,-0.271847,,-0.103104,0.000000,,,,0.089712,0.166682,1.500000,43.862028,12.681278,0.000000,circle,预设轨迹15,forward
1775476550.179759,40.979373,1775476560.739744|完整运动,完整运动,circle_orbit,1,1.000000,1.500000,1.500000,,,,,,,,,,,,,,,,1.164716,0.103706,1.100685,0.092728,0.000000,0.000000,-0.274323,,-0.104809,0.000000,,,,0.089040,0.166682,1.500000,43.909316,12.633990,0.000000,circle,预设轨迹15,forward
1775476550.201120,41.000735,1775476560.739744|完整运动,完整运动,circle_orbit,1,1.000000,1.500000,1.500000,,,,,,,,,,,,,,,,1.163575,0.102950,1.095152,0.093497,0.000000,0.000000,-0.276388,,-0.108195,0.000000,,,,0.088477,0.166682,1.500000,43.956767,12.586539,0.000000,circle,预设轨迹15,forward
1775476550.222589,41.022203,1775476560.739744|完整运动,完整运动,circle_orbit,1,1.000000,1.500000,1.500000,,,,,,,,,,,,,,,,1.162394,0.102524,1.091499,0.097206,0.000000,0.000000,-0.277381,,-0.110619,0.000000,,,,0.088201,0.166682,1.500000,43.980424,12.562882,0.000000,circle,预设轨迹15,forward
1775476550.259074,41.058689,1775476560.739744|完整运动,完整运动,circle_orbit,1,1.000000,1.500000,1.500000,,,,,,,,,,,,,,,,1.161169,0.102166,1.087724,0.097693,0.000000,0.000000,-0.278157,,-0.113254,0.000000,,,,0.087986,0.166682,1.500000,44.004058,12.539249,0.000000,circle,预设轨迹15,forward
1775476550.282611,41.082226,1775476560.739744|完整运动,完整运动,circle_orbit,1,1.000000,1.500000,1.500000,,,,,,,,,,,,,,,,1.159861,0.101677,1.081369,0.095555,0.000000,0.000000,-0.279349,,-0.117790,0.000000,,,,0.087663,0.166682,1.500000,44.050844,12.492462,0.000000,circle,预设轨迹15,forward
1775476550.305773,41.105387,1775476560.739744|完整运动,完整运动,circle_orbit,1,1.000000,1.500000,1.500000,,,,,,,,,,,,,,,,1.158541,0.101321,1.079333,0.096880,0.000000,0.000000,-0.280114,,-0.119085,0.000000,,,,0.087456,0.166682,1.500000,44.073983,12.469324,0.000000,circle,预设轨迹15,forward
1775476550.330684,41.130298,1775476560.739744|完整运动,完整运动,circle_orbit,1,1.000000,1.500000,1.500000,,,,,,,,,,,,,,,,1.157231,0.100743,1.078620,0.093509,0.000000,0.000000,-0.281614,,-0.118993,0.000000,,,,0.087055,0.166682,1.500000,44.096574,12.446732,0.000000,circle,预设轨迹15,forward
1775476550.350981,41.150596,1775476560.739744|完整运动,完整运动,circle_orbit,1,1.000000,1.500000,1.500000,,,,,,,,,,,,,,,,1.155922,0.099974,1.077370,0.090369,0.000000,0.000000,-0.283736,,-0.119058,0.000000,,,,0.086489,0.166682,1.500000,44.119029,12.424278,0.000000,circle,预设轨迹15,forward
1775476550.372445,41.172060,1775476560.739744|完整运动,完整运动,circle_orbit,1,1.000000,1.500000,1.500000,,,,,,,,,,,,,,,,1.154586,0.099151,1.074423,0.088863,0.000000,0.000000,-0.286032,,-0.120424,0.000000,,,,0.085876,0.166682,1.500000,44.141710,12.401597,0.000000,circle,预设轨迹15,forward
1775476550.393058,41.192672,1775476560.739744|完整运动,完整运动,circle_orbit,1,1.000000,1.500000,1.500000,,,,,,,,,,,,,,,,1.153227,0.098372,1.071720,0.088633,0.000000,0.000000,-0.288187,,-0.121667,0.000000,,,,0.085302,0.166682,1.500000,44.165020,12.378286,0.000000,circle,预设轨迹15,forward
1775476550.420581,41.220196,1775476560.739744|完整运动,完整运动,circle_orbit,1,1.000000,1.500000,1.500000,,,,,,,,,,,,,,,,1.151891,0.097652,1.071698,0.088651,0.000000,0.000000,-0.290165,,-0.120806,0.000000,,,,0.084775,0.166682,1.500000,44.188913,12.354394,0.000000,circle,预设轨迹15,forward
1775476550.445024,41.244638,1775476560.739744|完整运动,完整运动,circle_orbit,1,1.000000,1.500000,1.500000,,,,,,,,,,,,,,,,1.150556,0.096513,1.070497,0.082280,0.000000,0.000000,-0.293504,,-0.120303,0.000000,,,,0.083884,0.166682,1.500000,44.237523,12.305784,0.000000,circle,预设轨迹15,forward
1775476550.466416,41.266031,1775476560.739744|完整运动,完整运动,circle_orbit,1,1.000000,1.500000,1.500000,,,,,,,,,,,,,,,,1.149244,0.095969,1.070492,0.089168,0.000000,0.000000,-0.294934,,-0.119672,0.000000,,,,0.083506,0.166682,1.500000,44.261802,12.281505,0.000000,circle,预设轨迹15,forward
1775476550.494742,41.294357,1775476560.739744|完整运动,完整运动,circle_orbit,1,1.000000,1.500000,1.500000,,,,,,,,,,,,,,,,1.147953,0.095428,1.070510,0.088660,0.000000,0.000000,-0.296378,,-0.119015,0.000000,,,,0.083129,0.166682,1.500000,44.286235,12.257071,0.000000,circle,预设轨迹15,forward
1775476550.515148,41.314762,1775476560.739744|完整运动,完整运动,circle_orbit,1,1.000000,1.500000,1.500000,,,,,,,,,,,,,,,,1.146656,0.094653,1.068857,0.084971,0.000000,0.000000,-0.298587,,-0.119387,0.000000,,,,0.082547,0.166682,1.500000,44.334797,12.208510,0.000000,circle,预设轨迹15,forward
1775476550.547648,41.347263,1775476560.739744|完整运动,完整运动,circle_orbit,1,1.000000,1.500000,1.500000,,,,,,,,,,,,,,,,1.145381,0.094569,1.068857,0.093510,0.000000,0.000000,-0.298587,,-0.119387,0.000000,,,,0.082565,0.166682,1.500000,44.334797,12.208510,0.000000,circle,预设轨迹15,forward
1775476550.572878,41.372492,1775476560.739744|完整运动,完整运动,circle_orbit,1,1.000000,1.500000,1.500000,,,,,,,,,,,,,,,,1.144140,0.093987,1.069666,0.086723,0.000000,0.000000,-0.300221,,-0.117997,0.000000,,,,0.082147,0.166682,1.500000,44.382948,12.160359,0.000000,circle,预设轨迹15,forward
1775476550.593339,41.392953,1775476560.739744|完整运动,完整运动,circle_orbit,1,1.000000,1.500000,1.500000,,,,,,,,,,,,,,,,1.142941,0.093643,1.071021,0.089335,0.000000,0.000000,-0.301116,,-0.116491,0.000000,,,,0.081931,0.166682,1.500000,44.406796,12.136511,0.000000,circle,预设轨迹15,forward
1775476550.624857,41.424472,1775476560.739744|完整运动,完整运动,circle_orbit,1,1.000000,1.500000,1.500000,,,,,,,,,,,,,,,,1.141779,0.093286,1.072019,0.088828,0.000000,0.000000,-0.302076,,-0.115249,0.000000,,,,0.081702,0.166682,1.500000,44.430493,12.112814,0.000000,circle,预设轨迹15,forward
1775476550.656147,41.455761,1775476560.739744|完整运动,完整运动,circle_orbit,1,1.000000,1.500000,1.500000,,,,,,,,,,,,,,,,1.140670,0.092603,1.074147,0.084066,0.000000,0.000000,-0.304119,,-0.112609,0.000000,,,,0.081183,0.166682,1.500000,44.477483,12.065824,0.000000,circle,预设轨迹15,forward
1775476550.676750,41.476365,1775476560.739744|完整运动,完整运动,circle_orbit,1,1.000000,1.500000,1.500000,,,,,,,,,,,,,,,,1.139594,0.091519,1.075052,0.077972,0.000000,0.000000,-0.307474,,-0.110383,0.000000,,,,0.080309,0.166682,1.500000,44.524962,12.018345,0.000000,circle,预设轨迹15,forward
1775476550.706577,41.506191,1775476560.739744|完整运动,完整运动,circle_orbit,1,1.000000,1.500000,1.500000,,,,,,,,,,,,,,,,1.138544,0.090667,1.075524,0.080019,0.000000,0.000000,-0.310091,,-0.108837,0.000000,,,,0.079635,0.166682,1.500000,44.549295,11.994011,0.000000,circle,预设轨迹15,forward
1775476550.731990,41.531605,1775476560.739744|完整运动,完整运动,circle_orbit,1,1.000000,1.500000,1.500000,,,,,,,,,,,,,,,,1.137498,0.089713,1.074739,0.077785,0.000000,0.000000,-0.313049,,-0.108159,0.000000,,,,0.078869,0.166682,1.500000,44.574051,11.969256,0.000000,circle,预设轨迹15,forward
1775476550.752472,41.552087,1775476560.739744|完整运动,完整运动,circle_orbit,1,1.000000,1.500000,1.500000,,,,,,,,,,,,,,,,1.136441,0.088823,1.073045,0.077697,0.000000,0.000000,-0.315805,,-0.108311,0.000000,,,,0.078159,0.166682,1.500000,44.598903,11.944404,0.000000,circle,预设轨迹15,forward
1775476550.783262,41.582877,1775476560.739744|完整运动,完整运动,circle_orbit,1,1.000000,1.500000,1.500000,,,,,,,,,,,,,,,,1.135381,0.087240,1.071796,0.067448,0.000000,0.000000,-0.320809,,-0.107105,0.000000,,,,0.076837,0.166682,1.500000,44.647485,11.895821,0.000000,circle,预设轨迹15,forward
1775476550.805911,41.605526,1775476560.739744|完整运动,完整运动,circle_orbit,1,1.000000,1.500000,1.500000,,,,,,,,,,,,,,,,1.134337,0.086464,1.071696,0.076773,0.000000,0.000000,-0.323211,,-0.106119,0.000000,,,,0.076225,0.166682,1.500000,44.671679,11.871628,0.000000,circle,预设轨迹15,forward
1775476550.826643,41.626257,1775476560.739744|完整运动,完整运动,circle_orbit,1,1.000000,1.500000,1.500000,,,,,,,,,,,,,,,,1.133312,0.085757,1.071767,0.076916,0.000000,0.000000,-0.325415,,-0.105081,0.000000,,,,0.075670,0.166682,1.500000,44.696009,11.847297,0.000000,circle,预设轨迹15,forward
1775476550.861684,41.661299,1775476560.739744|完整运动,完整运动,circle_orbit,1,1.000000,1.500000,1.500000,,,,,,,,,,,,,,,,1.132308,0.085135,1.072117,0.077364,0.000000,0.000000,-0.327368,,-0.103928,0.000000,,,,0.075188,0.166682,1.500000,44.720417,11.822889,0.000000,circle,预设轨迹15,forward
1775476550.884433,41.684048,1775476560.739744|完整运动,完整运动,circle_orbit,1,1.000000,1.500000,1.500000,,,,,,,,,,,,,,,,1.131321,0.084560,1.072085,0.077361,0.000000,0.000000,-0.329196,,-0.103141,0.000000,,,,0.074744,0.166682,1.500000,44.744706,11.798600,0.000000,circle,预设轨迹15,forward
1775476550.909394,41.709009,1775476560.739744|完整运动,完整运动,circle_orbit,1,1.000000,1.500000,1.500000,,,,,,,,,,,,,,,,1.130355,0.083539,1.072358,0.070782,0.000000,0.000000,-0.332484,,-0.101457,0.000000,,,,0.073905,0.166682,1.500000,44.791923,11.751384,0.000000,circle,预设轨迹15,forward
1775476550.945121,41.744736,1775476560.739744|完整运动,完整运动,circle_orbit,1,1.000000,1.500000,1.500000,,,,,,,,,,,,,,,,1.129422,0.082720,1.073483,0.072476,0.000000,0.000000,-0.335145,,-0.099358,0.000000,,,,0.073241,0.166682,1.500000,44.839177,11.704129,0.000000,circle,预设轨迹15,forward
1775476550.983881,41.783495,1775476560.739744|完整运动,完整运动,circle_orbit,1,1.000000,1.500000,1.500000,,,,,,,,,,,,,,,,1.128498,0.082376,1.073063,0.078086,0.000000,0.000000,-0.336287,,-0.099192,0.000000,,,,0.072996,0.166682,1.500000,44.863277,11.680030,0.000000,circle,预设轨迹15,forward
1775476551.006608,41.806222,1775476560.739744|完整运动,完整运动,circle_orbit,1,1.000000,1.500000,1.500000,,,,,,,,,,,,,,,,1.127573,0.081707,1.072055,0.073340,0.000000,0.000000,-0.338504,,-0.099028,0.000000,,,,0.072463,0.166682,1.500000,44.911996,11.631311,0.000000,circle,预设轨迹15,forward
1775476551.029736,41.829350,1775476560.739744|完整运动,完整运动,circle_orbit,1,1.000000,1.500000,1.500000,,,,,,,,,,,,,,,,1.126663,0.081358,1.072047,0.076997,0.000000,0.000000,-0.339708,,-0.098500,0.000000,,,,0.072212,0.166682,1.500000,44.936173,11.607134,0.000000,circle,预设轨迹15,forward
1775476551.053908,41.853522,1775476560.739744|完整运动,完整运动,circle_orbit,1,1.000000,1.500000,1.500000,,,,,,,,,,,,,,,,1.125770,0.080939,1.072224,0.075694,0.000000,0.000000,-0.341166,,-0.097707,0.000000,,,,0.071896,0.166682,1.500000,44.960491,11.582816,0.000000,circle,预设轨迹15,forward
1775476551.074280,41.873894,1775476560.739744|完整运动,完整运动,circle_orbit,1,1.000000,1.500000,1.500000,,,,,,,,,,,,,,,,1.124876,0.080120,1.071230,0.069884,0.000000,0.000000,-0.343930,,-0.097290,0.000000,,,,0.071225,0.166682,1.500000,45.008624,11.534683,0.000000,circle,预设轨迹15,forward
1775476551.100734,41.900348,1775476560.739744|完整运动,完整运动,circle_orbit,1,1.000000,1.500000,1.500000,,,,,,,,,,,,,,,,1.123997,0.080162,1.071230,0.080691,0.000000,0.000000,-0.343930,,-0.097290,0.000000,,,,0.071319,0.166682,1.500000,45.008624,11.534683,0.000000,circle,预设轨迹15,forward
1775476551.139430,41.939044,1775476560.739744|完整运动,完整运动,circle_orbit,1,1.000000,1.500000,1.500000,,,,,,,,,,,,,,,,1.123128,0.079262,1.070990,0.068012,0.000000,0.000000,-0.346998,,-0.096122,0.000000,,,,0.070573,0.166682,1.500000,45.056585,11.486721,0.000000,circle,预设轨迹15,forward
1775476551.163906,41.963520,1775476560.739744|完整运动,完整运动,circle_orbit,1,1.000000,1.500000,1.500000,,,,,,,,,,,,,,,,1.122275,0.078375,1.071114,0.067287,0.000000,0.000000,-0.350036,,-0.094671,0.000000,,,,0.069836,0.166682,1.500000,45.104379,11.438927,0.000000,circle,预设轨迹15,forward
1775476551.188676,41.988290,1775476560.739744|完整运动,完整运动,circle_orbit,1,1.000000,1.500000,1.500000,,,,,,,,,,,,,,,,1.121429,0.078010,1.070677,0.073442,0.000000,0.000000,-0.351402,,-0.094421,0.000000,,,,0.069563,0.166682,1.500000,45.128014,11.415293,0.000000,circle,预设轨迹15,forward
1775476551.229042,42.028657,1775476560.739744|完整运动,完整运动,circle_orbit,1,1.000000,1.500000,1.500000,,,,,,,,,,,,,,,,1.120593,0.077094,1.070411,0.065653,0.000000,0.000000,-0.354562,,-0.093234,0.000000,,,,0.068798,0.166682,1.500000,45.175315,11.367992,0.000000,circle,预设轨迹15,forward
1775476551.249379,42.048994,1775476560.739744|完整运动,完整运动,circle_orbit,1,1.000000,1.500000,1.500000,,,,,,,,,,,,,,,,1.119766,0.076653,1.070170,0.071135,0.000000,0.000000,-0.356204,,-0.092701,0.000000,,,,0.068454,0.166682,1.500000,45.199064,11.344243,0.000000,circle,预设轨迹15,forward
1775476551.276062,42.075676,1775476560.739744|完整运动,完整运动,circle_orbit,1,1.000000,1.500000,1.500000,,,,,,,,,,,,,,,,1.118949,0.076222,1.069912,0.070840,0.000000,0.000000,-0.357829,,-0.092190,0.000000,,,,0.068119,0.166682,1.500000,45.223041,11.320266,0.000000,circle,预设轨迹15,forward
1775476551.301559,42.101174,1775476560.739744|完整运动,完整运动,circle_orbit,1,1.000000,1.500000,1.500000,,,,,,,,,,,,,,,,1.118145,0.075797,1.069930,0.070481,0.000000,0.000000,-0.359456,,-0.091452,0.000000,,,,0.067788,0.166682,1.500000,45.247171,11.296136,0.000000,circle,预设轨迹15,forward
1775476551.321904,42.121519,1775476560.739744|完整运动,完整运动,circle_orbit,1,1.000000,1.500000,1.500000,,,,,,,,,,,,,,,,1.117341,0.074996,1.069097,0.064985,0.000000,0.000000,-0.362310,,-0.090867,0.000000,,,,0.067120,0.166682,1.500000,45.295337,11.247970,0.000000,circle,预设轨迹15,forward
1775476551.358175,42.157789,1775476560.739744|完整运动,完整运动,circle_orbit,1,1.000000,1.500000,1.500000,,,,,,,,,,,,,,,,1.116544,0.074605,1.068720,0.069719,0.000000,0.000000,-0.363850,,-0.090491,0.000000,,,,0.066818,0.166682,1.500000,45.318567,11.224740,0.000000,circle,预设轨迹15,forward
1775476551.382593,42.182207,1775476560.739744|完整运动,完整运动,circle_orbit,1,1.000000,1.500000,1.500000,,,,,,,,,,,,,,,,1.115761,0.073951,1.068748,0.065769,0.000000,0.000000,-0.366260,,-0.089397,0.000000,,,,0.066278,0.166682,1.500000,45.365031,11.178275,0.000000,circle,预设轨迹15,forward
1775476551.402949,42.202564,1775476560.739744|完整运动,完整运动,circle_orbit,1,1.000000,1.500000,1.500000,,,,,,,,,,,,,,,,1.114992,0.073660,1.068847,0.070033,0.000000,0.000000,-0.367508,,-0.088761,0.000000,,,,0.066064,0.166682,1.500000,45.388135,11.155171,0.000000,circle,预设轨迹15,forward
1775476551.433658,42.233273,1775476560.739744|完整运动,完整运动,circle_orbit,1,1.000000,1.500000,1.500000,,,,,,,,,,,,,,,,1.114238,0.073337,1.068992,0.069296,0.000000,0.000000,-0.368882,,-0.088031,0.000000,,,,0.065818,0.166682,1.500000,45.410959,11.132348,0.000000,circle,预设轨迹15,forward
1775476551.460539,42.260153,1775476560.739744|完整运动,完整运动,circle_orbit,1,1.000000,1.500000,1.500000,,,,,,,,,,,,,,,,1.113511,0.072504,1.069887,0.062089,0.000000,0.000000,-0.371924,,-0.085945,0.000000,,,,0.065113,0.166682,1.500000,45.456744,11.086562,0.000000,circle,预设轨迹15,forward
1775476551.481635,42.281249,1775476560.739744|完整运动,完整运动,circle_orbit,1,1.000000,1.500000,1.500000,,,,,,,,,,,,,,,,1.112790,0.072129,1.069586,0.067449,0.000000,0.000000,-0.373491,,-0.085496,0.000000,,,,0.064818,0.166682,1.500000,45.479829,11.063477,0.000000,circle,预设轨迹15,forward
1775476551.512264,42.311879,1775476560.739744|完整运动,完整运动,circle_orbit,1,1.000000,1.500000,1.500000,,,,,,,,,,,,,,,,1.112080,0.071731,1.069458,0.066748,0.000000,0.000000,-0.375152,,-0.084862,0.000000,,,,0.064501,0.166682,1.500000,45.503120,11.040187,0.000000,circle,预设轨迹15,forward
1775476551.551887,42.351501,1775476560.739744|完整运动,完整运动,circle_orbit,1,1.000000,1.500000,1.500000,,,,,,,,,,,,,,,,1.111354,0.070862,1.067786,0.060008,0.000000,0.000000,-0.378336,,-0.084820,0.000000,,,,0.063762,0.166682,1.500000,45.549652,10.993655,0.000000,circle,预设轨迹15,forward
1775476551.577190,42.376805,1775476560.739744|完整运动,完整运动,circle_orbit,1,1.000000,1.500000,1.500000,,,,,,,,,,,,,,,,1.110639,0.070535,1.067760,0.066444,0.000000,0.000000,-0.379781,,-0.084199,0.000000,,,,0.063509,0.166682,1.500000,45.572907,10.970400,0.000000,circle,预设轨迹15,forward
1775476551.597693,42.397308,1775476560.739744|完整运动,完整运动,circle_orbit,1,1.000000,1.500000,1.500000,,,,,,,,,,,,,,,,1.109939,0.069812,1.067897,0.060774,0.000000,0.000000,-0.382520,,-0.082868,0.000000,,,,0.062897,0.166682,1.500000,45.619394,10.923912,0.000000,circle,预设轨迹15,forward
1775476551.627842,42.427457,1775476560.739744|完整运动,完整运动,circle_orbit,1,1.000000,1.500000,1.500000,,,,,,,,,,,,,,,,1.109249,0.069941,1.067897,0.071550,0.000000,0.000000,-0.382520,,-0.082868,0.000000,,,,0.063052,0.166682,1.500000,45.619394,10.923912,0.000000,circle,预设轨迹15,forward
1775476551.648190,42.447805,1775476560.739744|完整运动,完整运动,circle_orbit,1,1.000000,1.500000,1.500000,,,,,,,,,,,,,,,,1.108582,0.069242,1.068531,0.060511,0.000000,0.000000,-0.385216,,-0.081149,0.000000,,,,0.062460,0.166682,1.500000,45.665480,10.877826,0.000000,circle,预设轨迹15,forward
1775476551.673707,42.473321,1775476560.739744|完整运动,完整运动,circle_orbit,1,1.000000,1.500000,1.500000,,,,,,,,,,,,,,,,1.107927,0.068990,1.068649,0.065833,0.000000,0.000000,-0.386480,,-0.080491,0.000000,,,,0.062269,0.166682,1.500000,45.688394,10.854913,0.000000,circle,预设轨迹15,forward
1775476551.696532,42.496147,1775476560.739744|完整运动,完整运动,circle_orbit,1,1.000000,1.500000,1.500000,,,,,,,,,,,,,,,,1.107287,0.068751,1.068852,0.065763,0.000000,0.000000,-0.387716,,-0.079775,0.000000,,,,0.062089,0.166682,1.500000,45.711322,10.831985,0.000000,circle,预设轨迹15,forward
1775476551.721839,42.521454,1775476560.739744|完整运动,完整运动,circle_orbit,1,1.000000,1.500000,1.500000,,,,,,,,,,,,,,,,1.106660,0.068108,1.069089,0.060074,0.000000,0.000000,-0.390270,,-0.078445,0.000000,,,,0.061544,0.166682,1.500000,45.757557,10.785750,0.000000,circle,预设轨迹15,forward
1775476551.758223,42.557837,1775476560.739744|完整运动,完整运动,circle_orbit,1,1.000000,1.500000,1.500000,,,,,,,,,,,,,,,,1.106048,0.067813,1.069303,0.064129,0.000000,0.000000,-0.391708,,-0.077630,0.000000,,,,0.061311,0.166682,1.500000,45.780820,10.762487,0.000000,circle,预设轨迹15,forward
1775476551.788850,42.588464,1775476560.739744|完整运动,完整运动,circle_orbit,1,1.000000,1.500000,1.500000,,,,,,,,,,,,,,,,1.105447,0.067031,1.069411,0.057257,0.000000,0.000000,-0.394732,,-0.076198,0.000000,,,,0.060637,0.166682,1.500000,45.827269,10.716037,0.000000,circle,预设轨迹15,forward
1775476551.809570,42.609184,1775476560.739744|完整运动,完整运动,circle_orbit,1,1.000000,1.500000,1.500000,,,,,,,,,,,,,,,,1.104856,0.066745,1.069386,0.063164,0.000000,0.000000,-0.396161,,-0.075584,0.000000,,,,0.060410,0.166682,1.500000,45.850587,10.692720,0.000000,circle,预设轨迹15,forward
1775476551.837721,42.637336,1775476560.739744|完整运动,完整运动,circle_orbit,1,1.000000,1.500000,1.500000,,,,,,,,,,,,,,,,1.104276,0.066499,1.069482,0.063432,0.000000,0.000000,-0.397470,,-0.074922,0.000000,,,,0.060220,0.166682,1.500000,45.873896,10.669411,0.000000,circle,预设轨迹15,forward
1775476551.873080,42.672695,1775476560.739744|完整运动,完整运动,circle_orbit,1,1.000000,1.500000,1.500000,,,,,,,,,,,,,,,,1.103710,0.065961,1.069737,0.059232,0.000000,0.000000,-0.399739,,-0.073705,0.000000,,,,0.059763,0.166682,1.500000,45.920245,10.623062,0.000000,circle,预设轨迹15,forward
1775476551.894017,42.693631,1775476560.739744|完整运动,完整运动,circle_orbit,1,1.000000,1.500000,1.500000,,,,,,,,,,,,,,,,1.103158,0.065765,1.070015,0.063319,0.000000,0.000000,-0.400910,,-0.072957,0.000000,,,,0.059616,0.166682,1.500000,45.943079,10.600227,0.000000,circle,预设轨迹15,forward
1775476551.923934,42.723549,1775476560.739744|完整运动,完整运动,circle_orbit,1,1.000000,1.500000,1.500000,,,,,,,,,,,,,,,,1.102623,0.065561,1.070545,0.063002,0.000000,0.000000,-0.402125,,-0.071983,0.000000,,,,0.059459,0.166682,1.500000,45.965932,10.577375,0.000000,circle,预设轨迹15,forward
1775476551.954350,42.753965,1775476560.739744|完整运动,完整运动,circle_orbit,1,1.000000,1.500000,1.500000,,,,,,,,,,,,,,,,1.102102,0.065070,1.070832,0.058933,0.000000,0.000000,-0.404276,,-0.070792,0.000000,,,,0.059042,0.166682,1.500000,46.011696,10.531611,0.000000,circle,预设轨迹15,forward
1775476551.975671,42.775285,1775476560.739744|完整运动,完整运动,circle_orbit,1,1.000000,1.500000,1.500000,,,,,,,,,,,,,,,,1.101609,0.064559,1.072026,0.058172,0.000000,0.000000,-0.406504,,-0.068827,0.000000,,,,0.058604,0.166682,1.500000,46.057681,10.485625,0.000000,circle,预设轨迹15,forward
1775476552.009651,42.809266,1775476560.739744|完整运动,完整运动,circle_orbit,1,1.000000,1.500000,1.500000,,,,,,,,,,,,,,,,1.101123,0.064413,1.071956,0.062587,0.000000,0.000000,-0.407559,,-0.068415,0.000000,,,,0.058497,0.166682,1.500000,46.080507,10.462800,0.000000,circle,预设轨迹15,forward
1775476552.039096,42.838711,1775476560.739744|完整运动,完整运动,circle_orbit,1,1.000000,1.500000,1.500000,,,,,,,,,,,,,,,,1.100648,0.064354,1.072172,0.063618,0.000000,0.000000,-0.408345,,-0.067890,0.000000,,,,0.058469,0.166682,1.500000,46.103645,10.439662,0.000000,circle,预设轨迹15,forward
1775476552.060085,42.859700,1775476560.739744|完整运动,完整运动,circle_orbit,1,1.000000,1.500000,1.500000,,,,,,,,,,,,,,,,1.100195,0.064077,1.073004,0.060616,0.000000,0.000000,-0.409850,,-0.066543,0.000000,,,,0.058241,0.166682,1.500000,46.149637,10.393669,0.000000,circle,预设轨迹15,forward
1775476552.094004,42.893618,1775476560.739744|完整运动,完整运动,circle_orbit,1,1.000000,1.500000,1.500000,,,,,,,,,,,,,,,,1.099757,0.063999,1.073457,0.063022,0.000000,0.000000,-0.410722,,-0.065786,0.000000,,,,0.058194,0.166682,1.500000,46.172541,10.370766,0.000000,circle,预设轨迹15,forward
1775476552.122082,42.921696,1775476560.739744|完整运动,完整运动,circle_orbit,1,1.000000,1.500000,1.500000,,,,,,,,,,,,,,,,1.099349,0.063655,1.074890,0.059351,0.000000,0.000000,-0.412470,,-0.063845,0.000000,,,,0.057902,0.166682,1.500000,46.218364,10.324943,0.000000,circle,预设轨迹15,forward
1775476552.144374,42.943989,1775476560.739744|完整运动,完整运动,circle_orbit,1,1.000000,1.500000,1.500000,,,,,,,,,,,,,,,,1.098953,0.063622,1.075173,0.063220,0.000000,0.000000,-0.413215,,-0.063284,0.000000,,,,0.057894,0.166682,1.500000,46.241362,10.301944,0.000000,circle,预设轨迹15,forward
1775476552.165005,42.964619,1775476560.739744|完整运动,完整运动,circle_orbit,1,1.000000,1.500000,1.500000,,,,,,,,,,,,,,,,1.098575,0.063610,1.075897,0.063452,0.000000,0.000000,-0.413909,,-0.062389,0.000000,,,,0.057902,0.166682,1.500000,46.264505,10.278802,0.000000,circle,预设轨迹15,forward
1775476552.190655,42.990270,1775476560.739744|完整运动,完整运动,circle_orbit,1,1.000000,1.500000,1.500000,,,,,,,,,,,,,,,,1.098203,0.063815,1.075897,0.066375,0.000000,0.000000,-0.413909,,-0.062389,0.000000,,,,0.058108,0.166682,1.500000,46.264505,10.278802,0.000000,circle,预设轨迹15,forward
1775476552.232504,43.032119,1775476560.739744|完整运动,完整运动,circle_orbit,1,1.000000,1.500000,1.500000,,,,,,,,,,,,,,,,1.097854,0.063589,1.076894,0.060767,0.000000,0.000000,-0.415312,,-0.060959,0.000000,,,,0.057921,0.166682,1.500000,46.310952,10.232355,0.000000,circle,预设轨迹15,forward
1775476552.253129,43.052744,1775476560.739744|完整运动,完整运动,circle_orbit,1,1.000000,1.500000,1.500000,,,,,,,,,,,,,,,,1.097529,0.063332,1.078053,0.060126,0.000000,0.000000,-0.416822,,-0.059352,0.000000,,,,0.057704,0.166682,1.500000,46.357676,10.185630,0.000000,circle,预设轨迹15,forward
1775476552.285603,43.085217,1775476560.739744|完整运动,完整运动,circle_orbit,1,1.000000,1.500000,1.500000,,,,,,,,,,,,,,,,1.097226,0.063225,1.079045,0.061879,0.000000,0.000000,-0.417856,,-0.058092,0.000000,,,,0.057622,0.166682,1.500000,46.404405,10.138902,0.000000,circle,预设轨迹15,forward
1775476552.314389,43.114004,1775476560.739744|完整运动,完整运动,circle_orbit,1,1.000000,1.500000,1.500000,,,,,,,,,,,,,,,,1.096942,0.063300,1.079929,0.064237,0.000000,0.000000,-0.418307,,-0.057181,0.000000,,,,0.057706,0.166682,1.500000,46.427720,10.115587,0.000000,circle,预设轨迹15,forward
1775476552.334665,43.134280,1775476560.739744|完整运动,完整运动,circle_orbit,1,1.000000,1.500000,1.500000,,,,,,,,,,,,,,,,1.096687,0.063198,1.081345,0.061928,0.000000,0.000000,-0.419340,,-0.055585,0.000000,,,,0.057626,0.166682,1.500000,46.474054,10.069252,0.000000,circle,预设轨迹15,forward
1775476552.363043,43.162657,1775476560.739744|完整运动,完整运动,circle_orbit,1,1.000000,1.500000,1.500000,,,,,,,,,,,,,,,,1.096435,0.063417,1.081345,0.066150,0.000000,0.000000,-0.419340,,-0.055585,0.000000,,,,0.057839,0.166682,1.500000,46.474054,10.069252,0.000000,circle,预设轨迹15,forward
1775476552.402887,43.202501,1775476560.739744|完整运动,完整运动,circle_orbit,1,1.000000,1.500000,1.500000,,,,,,,,,,,,,,,,1.096199,0.063142,1.082010,0.059705,0.000000,0.000000,-0.420941,,-0.054340,0.000000,,,,0.057601,0.166682,1.500000,46.519710,10.023596,0.000000,circle,预设轨迹15,forward
1775476552.423809,43.223423,1775476560.739744|完整运动,完整运动,circle_orbit,1,1.000000,1.500000,1.500000,,,,,,,,,,,,,,,,1.095987,0.062988,1.083307,0.061070,0.000000,0.000000,-0.422153,,-0.052765,0.000000,,,,0.057472,0.166682,1.500000,46.565304,9.978003,0.000000,circle,预设轨迹15,forward
1775476552.448950,43.248565,1775476560.739744|完整运动,完整运动,circle_orbit,1,1.000000,1.500000,1.500000,,,,,,,,,,,,,,,,1.095787,0.062998,1.083766,0.063126,0.000000,0.000000,-0.422836,,-0.052094,0.000000,,,,0.057492,0.166682,1.500000,46.588048,9.955259,0.000000,circle,预设轨迹15,forward
1775476552.479141,43.278756,1775476560.739744|完整运动,完整运动,circle_orbit,1,1.000000,1.500000,1.500000,,,,,,,,,,,,,,,,1.095596,0.063031,1.084132,0.063444,0.000000,0.000000,-0.423449,,-0.051529,0.000000,,,,0.057532,0.166682,1.500000,46.610854,9.932453,0.000000,circle,预设轨迹15,forward
1775476552.499558,43.299173,1775476560.739744|完整运动,完整运动,circle_orbit,1,1.000000,1.500000,1.500000,,,,,,,,,,,,,,,,1.095435,0.062972,1.085799,0.062224,0.000000,0.000000,-0.424370,,-0.049793,0.000000,,,,0.057485,0.166682,1.500000,46.656414,9.886893,0.000000,circle,预设轨迹15,forward
1775476552.534045,43.333659,1775476560.739744|完整运动,完整运动,circle_orbit,1,1.000000,1.500000,1.500000,,,,,,,,,,,,,,,,1.095277,0.063197,1.085799,0.066008,0.000000,0.000000,-0.424370,,-0.049793,0.000000,,,,0.057699,0.166682,1.500000,46.656414,9.886893,0.000000,circle,预设轨迹15,forward
1775476552.560577,43.360192,1775476560.739744|完整运动,完整运动,circle_orbit,1,1.000000,1.500000,1.500000,,,,,,,,,,,,,,,,1.095133,0.063060,1.086458,0.061357,0.000000,0.000000,-0.425541,,-0.048748,0.000000,,,,0.057582,0.166682,1.500000,46.701365,9.841942,0.000000,circle,预设轨迹15,forward
1775476552.583749,43.383363,1775476560.739744|完整运动,完整运动,circle_orbit,1,1.000000,1.500000,1.500000,,,,,,,,,,,,,,,,1.095019,0.062972,1.088195,0.061865,0.000000,0.000000,-0.426561,,-0.046917,0.000000,,,,0.057507,0.166682,1.500000,46.746514,9.796793,0.000000,circle,预设轨迹15,forward
1775476552.614925,43.414540,1775476560.739744|完整运动,完整运动,circle_orbit,1,1.000000,1.500000,1.500000,,,,,,,,,,,,,,,,1.094921,0.063066,1.089012,0.064242,0.000000,0.000000,-0.426992,,-0.046080,0.000000,,,,0.057599,0.166682,1.500000,46.769252,9.774054,0.000000,circle,预设轨迹15,forward
1775476552.650055,43.449670,1775476560.739744|完整运动,完整运动,circle_orbit,1,1.000000,1.500000,1.500000,,,,,,,,,,,,,,,,1.094847,0.062986,1.090425,0.061986,0.000000,0.000000,-0.427990,,-0.044520,0.000000,,,,0.057529,0.166682,1.500000,46.814736,9.728571,0.000000,circle,预设轨迹15,forward
1775476552.671217,43.470831,1775476560.739744|完整运动,完整运动,circle_orbit,1,1.000000,1.500000,1.500000,,,,,,,,,,,,,,,,1.094785,0.063051,1.091078,0.063858,0.000000,0.000000,-0.428520,,-0.043770,0.000000,,,,0.057592,0.166682,1.500000,46.837491,9.705816,0.000000,circle,预设轨迹15,forward
1775476552.694769,43.494384,1775476560.739744|完整运动,完整运动,circle_orbit,1,1.000000,1.500000,1.500000,,,,,,,,,,,,,,,,1.094740,0.063129,1.092009,0.064116,0.000000,0.000000,-0.429006,,-0.042822,0.000000,,,,0.057666,0.166682,1.500000,46.860408,9.682898,0.000000,circle,预设轨迹15,forward
1775476552.723197,43.522811,1775476560.739744|完整运动,完整运动,circle_orbit,1,1.000000,1.500000,1.500000,,,,,,,,,,,,,,,,1.094707,0.063250,1.092733,0.064752,0.000000,0.000000,-0.429360,,-0.042096,0.000000,,,,0.057778,0.166682,1.500000,46.883426,9.659881,0.000000,circle,预设轨迹15,forward
1775476552.743636,43.543251,1775476560.739744|完整运动,完整运动,circle_orbit,1,1.000000,1.500000,1.500000,,,,,,,,,,,,,,,,1.094698,0.063222,1.094183,0.062872,0.000000,0.000000,-0.430196,,-0.040588,0.000000,,,,0.057753,0.166682,1.500000,46.929462,9.613845,0.000000,circle,预设轨迹15,forward
1775476552.775408,43.575022,1775476560.739744|完整运动,完整运动,circle_orbit,1,1.000000,1.500000,1.500000,,,,,,,,,,,,,,,,1.094706,0.063304,1.095156,0.064337,0.000000,0.000000,-0.430673,,-0.039614,0.000000,,,,0.057828,0.166682,1.500000,46.952341,9.590965,0.000000,circle,预设轨迹15,forward
1775476552.808323,43.607938,1775476560.739744|完整运动,完整运动,circle_orbit,1,1.000000,1.500000,1.500000,,,,,,,,,,,,,,,,1.094733,0.063371,1.096353,0.064210,0.000000,0.000000,-0.431203,,-0.038444,0.000000,,,,0.057888,0.166682,1.500000,46.975302,9.568005,0.000000,circle,预设轨迹15,forward
1775476552.828660,43.628274,1775476560.739744|完整运动,完整运动,circle_orbit,1,1.000000,1.500000,1.500000,,,,,,,,,,,,,,,,1.094780,0.063328,1.097608,0.062785,0.000000,0.000000,-0.432090,,-0.037072,0.000000,,,,0.057845,0.166682,1.500000,47.020963,9.522344,0.000000,circle,预设轨迹15,forward
1775476552.859555,43.659169,1775476560.739744|完整运动,完整运动,circle_orbit,1,1.000000,1.500000,1.500000,,,,,,,,,,,,,,,,1.094839,0.063468,1.098380,0.065219,0.000000,0.000000,-0.432381,,-0.036342,0.000000,,,,0.057970,0.166682,1.500000,47.043720,9.499587,0.000000,circle,预设轨迹15,forward
1775476552.893570,43.693185,1775476560.739744|完整运动,完整运动,circle_orbit,1,1.000000,1.500000,1.500000,,,,,,,,,,,,,,,,1.094933,0.063534,1.100556,0.064362,0.000000,0.000000,-0.432918,,-0.034416,0.000000,,,,0.058026,0.166682,1.500000,47.089400,9.453907,0.000000,circle,预设轨迹15,forward
1775476552.915824,43.715439,1775476560.739744|完整运动,完整运动,circle_orbit,1,1.000000,1.500000,1.500000,,,,,,,,,,,,,,,,1.095050,0.063568,1.102110,0.063996,0.000000,0.000000,-0.433558,,-0.032930,0.000000,,,,0.058051,0.166682,1.500000,47.135379,9.407928,0.000000,circle,预设轨迹15,forward
1775476552.952434,43.752048,1775476560.739744|完整运动,完整运动,circle_orbit,1,1.000000,1.500000,1.500000,,,,,,,,,,,,,,,,1.095175,0.063771,1.102664,0.066305,0.000000,0.000000,-0.433652,,-0.032461,0.000000,,,,0.058229,0.166682,1.500000,47.158166,9.385141,0.000000,circle,预设轨迹15,forward
1775476552.981123,43.780738,1775476560.739744|完整运动,完整运动,circle_orbit,1,1.000000,1.500000,1.500000,,,,,,,,,,,,,,,,1.095343,0.063930,1.105400,0.065916,0.000000,0.000000,-0.433895,,-0.030249,0.000000,,,,0.058365,0.166682,1.500000,47.203238,9.340068,0.000000,circle,预设轨迹15,forward
1775476553.001681,43.801295,1775476560.739744|完整运动,完整运动,circle_orbit,1,1.000000,1.500000,1.500000,,,,,,,,,,,,,,,,1.095531,0.064109,1.106814,0.066349,0.000000,0.000000,-0.434073,,-0.029086,0.000000,,,,0.058519,0.166682,1.500000,47.225804,9.317502,0.000000,circle,预设轨迹15,forward
1775476553.035421,43.835035,1775476560.739744|完整运动,完整运动,circle_orbit,1,1.000000,1.500000,1.500000,,,,,,,,,,,,,,,,1.095737,0.064340,1.108108,0.067224,0.000000,0.000000,-0.434085,,-0.028092,0.000000,,,,0.058718,0.166682,1.500000,47.248615,9.294692,0.000000,circle,预设轨迹15,forward
1775476553.065606,43.865221,1775476560.739744|完整运动,完整运动,circle_orbit,1,1.000000,1.500000,1.500000,,,,,,,,,,,,,,,,1.095957,0.064582,1.109188,0.067609,0.000000,0.000000,-0.434060,,-0.027279,0.000000,,,,0.058928,0.166682,1.500000,47.271498,9.271809,0.000000,circle,预设轨迹15,forward
1775476553.085920,43.885535,1775476560.739744|完整运动,完整运动,circle_orbit,1,1.000000,1.500000,1.500000,,,,,,,,,,,,,,,,1.096208,0.064937,1.111217,0.069368,0.000000,0.000000,-0.433675,,-0.025907,0.000000,,,,0.059237,0.166682,1.500000,47.317154,9.226153,0.000000,circle,预设轨迹15,forward
1775476553.116816,43.916431,1775476560.739744|完整运动,完整运动,circle_orbit,1,1.000000,1.500000,1.500000,,,,,,,,,,,,,,,,1.096469,0.065245,1.112129,0.069097,0.000000,0.000000,-0.433438,,-0.025321,0.000000,,,,0.059504,0.166682,1.500000,47.339930,9.203377,0.000000,circle,预设轨迹15,forward
1775476553.146587,43.946202,1775476560.739744|完整运动,完整运动,circle_orbit,1,1.000000,1.500000,1.500000,,,,,,,,,,,,,,,,1.096743,0.065540,1.113195,0.069234,0.000000,0.000000,-0.433241,,-0.024601,0.000000,,,,0.059759,0.166682,1.500000,47.362929,9.180377,0.000000,circle,预设轨迹15,forward
1775476553.167833,43.967448,1775476560.739744|完整运动,完整运动,circle_orbit,1,1.000000,1.500000,1.500000,,,,,,,,,,,,,,,,1.097047,0.065957,1.115301,0.071169,0.000000,0.000000,-0.432653,,-0.023272,0.000000,,,,0.060122,0.166682,1.500000,47.409321,9.133986,0.000000,circle,预设轨迹15,forward
1775476553.198858,43.998473,1775476560.739744|完整运动,完整运动,circle_orbit,1,1.000000,1.500000,1.500000,,,,,,,,,,,,,,,,1.097366,0.066317,1.116529,0.070810,0.000000,0.000000,-0.432249,,-0.022527,0.000000,,,,0.060433,0.166682,1.500000,47.432440,9.110867,0.000000,circle,预设轨迹15,forward
1775476553.223969,44.023584,1775476560.739744|完整运动,完整运动,circle_orbit,1,1.000000,1.500000,1.500000,,,,,,,,,,,,,,,,1.097723,0.066743,1.119127,0.072075,0.000000,0.000000,-0.431631,,-0.020852,0.000000,,,,0.060801,0.166682,1.500000,47.478295,9.065012,0.000000,circle,预设轨迹15,forward
1775476553.246927,44.046542,1775476560.739744|完整运动,完整运动,circle_orbit,1,1.000000,1.500000,1.500000,,,,,,,,,,,,,,,,1.098095,0.067025,1.120415,0.070546,0.000000,0.000000,-0.431479,,-0.019957,0.000000,,,,0.061037,0.166682,1.500000,47.501284,9.042023,0.000000,circle,预设轨迹15,forward
1775476553.282855,44.082469,1775476560.739744|完整运动,完整运动,circle_orbit,1,1.000000,1.500000,1.500000,,,,,,,,,,,,,,,,1.098475,0.067301,1.121283,0.070757,0.000000,0.000000,-0.431335,,-0.019373,0.000000,,,,0.061268,0.166682,1.500000,47.524317,9.018989,0.000000,circle,预设轨迹15,forward
1775476553.313383,44.112998,1775476560.739744|完整运动,完整运动,circle_orbit,1,1.000000,1.500000,1.500000,,,,,,,,,,,,,,,,1.098881,0.067569,1.123233,0.070919,0.000000,0.000000,-0.431216,,-0.017975,0.000000,,,,0.061489,0.166682,1.500000,47.570043,8.973264,0.000000,circle,预设轨迹15,forward
1775476553.333875,44.133490,1775476560.739744|完整运动,完整运动,circle_orbit,1,1.000000,1.500000,1.500000,,,,,,,,,,,,,,,,1.099302,0.067804,1.124552,0.070744,0.000000,0.000000,-0.431195,,-0.017004,0.000000,,,,0.061680,0.166682,1.500000,47.592836,8.950470,0.000000,circle,预设轨迹15,forward
1775476553.360823,44.160438,1775476560.739744|完整运动,完整运动,circle_orbit,1,1.000000,1.500000,1.500000,,,,,,,,,,,,,,,,1.099736,0.068014,1.125754,0.070638,0.000000,0.000000,-0.431249,,-0.016091,0.000000,,,,0.061846,0.166682,1.500000,47.616612,8.926695,0.000000,circle,预设轨迹15,forward
1775476553.393962,44.193577,1775476560.739744|完整运动,完整运动,circle_orbit,1,1.000000,1.500000,1.500000,,,,,,,,,,,,,,,,1.100197,0.068405,1.127883,0.073282,0.000000,0.000000,-0.430717,,-0.014756,0.000000,,,,0.062175,0.166682,1.500000,47.663664,8.879643,0.000000,circle,预设轨迹15,forward
1775476553.414507,44.214122,1775476560.739744|完整运动,完整运动,circle_orbit,1,1.000000,1.500000,1.500000,,,,,,,,,,,,,,,,1.100685,0.068764,1.129961,0.073264,0.000000,0.000000,-0.430281,,-0.013420,0.000000,,,,0.062474,0.166682,1.500000,47.709908,8.833398,0.000000,circle,预设轨迹15,forward
1775476553.446697,44.246312,1775476560.739744|完整运动,完整运动,circle_orbit,1,1.000000,1.500000,1.500000,,,,,,,,,,,,,,,,1.101189,0.069070,1.131441,0.072883,0.000000,0.000000,-0.430017,,-0.012453,0.000000,,,,0.062723,0.166682,1.500000,47.732972,8.810335,0.000000,circle,预设轨迹15,forward
1775476553.475089,44.274703,1775476560.739744|完整运动,完整运动,circle_orbit,1,1.000000,1.500000,1.500000,,,,,,,,,,,,,,,,1.101711,0.069385,1.133033,0.073334,0.000000,0.000000,-0.429712,,-0.011424,0.000000,,,,0.062980,0.166682,1.500000,47.756008,8.787299,0.000000,circle,预设轨迹15,forward
1775476553.495587,44.295202,1775476560.739744|完整运动,完整运动,circle_orbit,1,1.000000,1.500000,1.500000,,,,,,,,,,,,,,,,1.102275,0.069839,1.136092,0.075503,0.000000,0.000000,-0.428964,,-0.009528,0.000000,,,,0.063359,0.166682,1.500000,47.802415,8.740892,0.000000,circle,预设轨迹15,forward
1775476553.525174,44.324789,1775476560.739744|完整运动,完整运动,circle_orbit,1,1.000000,1.500000,1.500000,,,,,,,,,,,,,,,,1.102829,0.070057,1.136092,0.072783,0.000000,0.000000,-0.428964,,-0.009528,0.000000,,,,0.063524,0.166682,1.500000,47.802415,8.740892,0.000000,circle,预设轨迹15,forward
1775476553.552220,44.351835,1775476560.739744|完整运动,完整运动,circle_orbit,1,1.000000,1.500000,1.500000,,,,,,,,,,,,,,,,1.103421,0.070537,1.138950,0.076539,0.000000,0.000000,-0.428115,,-0.007835,0.000000,,,,0.063926,0.166682,1.500000,47.848671,8.694636,0.000000,circle,预设轨迹15,forward
1775476553.572779,44.372394,1775476560.739744|完整运动,完整运动,circle_orbit,1,1.000000,1.500000,1.500000,,,,,,,,,,,,,,,,1.104026,0.070884,1.140306,0.075226,0.000000,0.000000,-0.427690,,-0.007045,0.000000,,,,0.064205,0.166682,1.500000,47.871908,8.671399,0.000000,circle,预设轨迹15,forward
1775476553.601974,44.401588,1775476560.739744|完整运动,完整运动,circle_orbit,1,1.000000,1.500000,1.500000,,,,,,,,,,,,,,,,1.104664,0.071358,1.142949,0.077285,0.000000,0.000000,-0.426853,,-0.005516,0.000000,,,,0.064597,0.166682,1.500000,47.918980,8.624327,0.000000,circle,预设轨迹15,forward
1775476553.626642,44.426256,1775476560.739744|完整运动,完整运动,circle_orbit,1,1.000000,1.500000,1.500000,,,,,,,,,,,,,,,,1.105320,0.071704,1.144683,0.076021,0.000000,0.000000,-0.426426,,-0.004463,0.000000,,,,0.064871,0.166682,1.500000,47.942662,8.600645,0.000000,circle,预设轨迹15,forward
1775476553.647365,44.446980,1775476560.739744|完整运动,完整运动,circle_orbit,1,1.000000,1.500000,1.500000,,,,,,,,,,,,,,,,1.105989,0.072004,1.146151,0.075762,0.000000,0.000000,-0.426135,,-0.003544,0.000000,,,,0.065104,0.166682,1.500000,47.966277,8.577030,0.000000,circle,预设轨迹15,forward
1775476553.681684,44.481299,1775476560.739744|完整运动,完整运动,circle_orbit,1,1.000000,1.500000,1.500000,,,,,,,,,,,,,,,,1.106675,0.072258,1.147807,0.075429,0.000000,0.000000,-0.425988,,-0.002429,0.000000,,,,0.065293,0.166682,1.500000,47.989888,8.553419,0.000000,circle,预设轨迹15,forward
1775476553.708643,44.508257,1775476560.739744|完整运动,完整运动,circle_orbit,1,1.000000,1.500000,1.500000,,,,,,,,,,,,,,,,1.107394,0.072578,1.150541,0.076579,0.000000,0.000000,-0.425622,,-0.000651,0.000000,,,,0.065540,0.166682,1.500000,48.037307,8.506000,0.000000,circle,预设轨迹15,forward
1775476553.729804,44.529419,1775476560.739744|完整运动,完整运动,circle_orbit,1,1.000000,1.500000,1.500000,,,,,,,,,,,,,,,,1.108112,0.072879,1.151204,0.076634,0.000000,0.000000,-0.425310,,0.000320,0.000000,,,,0.065768,0.166682,1.500000,48.061077,8.482229,0.000000,circle,预设轨迹15,forward
1775476553.761840,44.561455,1775476560.739744|完整运动,完整运动,circle_orbit,1,1.000000,1.500000,1.500000,,,,,,,,,,,,,,,,1.108805,0.073202,1.150364,0.077249,0.000000,0.000000,-0.424914,,0.001090,0.000000,,,,0.066019,0.166682,1.500000,48.084807,8.458499,0.000000,circle,预设轨迹15,forward
1775476553.797371,44.596986,1775476560.739744|完整运动,完整运动,circle_orbit,1,1.000000,1.500000,1.500000,,,,,,,,,,,,,,,,1.109453,0.073623,1.148306,0.078888,0.000000,0.000000,-0.424202,,0.002868,0.000000,,,,0.066360,0.166682,1.500000,48.132061,8.411246,0.000000,circle,预设轨迹15,forward
1775476553.820285,44.619900,1775476560.739744|完整运动,完整运动,circle_orbit,1,1.000000,1.500000,1.500000,,,,,,,,,,,,,,,,1.110063,0.074209,1.146672,0.081534,0.000000,0.000000,-0.422958,,0.004585,0.000000,,,,0.066852,0.166682,1.500000,48.179369,8.363938,0.000000,circle,预设轨迹15,forward
1775476553.841471,44.641085,1775476560.739744|完整运动,完整运动,circle_orbit,1,1.000000,1.500000,1.500000,,,,,,,,,,,,,,,,1.110648,0.074587,1.145739,0.079304,0.000000,0.000000,-0.422383,,0.005506,0.000000,,,,0.067156,0.166682,1.500000,48.202738,8.340569,0.000000,circle,预设轨迹15,forward
1775476553.878204,44.677819,1775476560.739744|完整运动,完整运动,circle_orbit,1,1.000000,1.500000,1.500000,,,,,,,,,,,,,,,,1.111197,0.074905,1.144180,0.078886,0.000000,0.000000,-0.421991,,0.006795,0.000000,,,,0.067409,0.166682,1.500000,48.226126,8.317181,0.000000,circle,预设轨迹15,forward
1775476553.899056,44.698671,1775476560.739744|完整运动,完整运动,circle_orbit,1,1.000000,1.500000,1.500000,,,,,,,,,,,,,,,,1.111718,0.075500,1.142985,0.082940,0.000000,0.000000,-0.420702,,0.008225,0.000000,,,,0.067913,0.166682,1.500000,48.272849,8.270458,0.000000,circle,预设轨迹15,forward
1775476553.920010,44.719625,1775476560.739744|完整运动,完整运动,circle_orbit,1,1.000000,1.500000,1.500000,,,,,,,,,,,,,,,,1.112213,0.075899,1.141873,0.080879,0.000000,0.000000,-0.420044,,0.009316,0.000000,,,,0.068241,0.166682,1.500000,48.296494,8.246812,0.000000,circle,预设轨迹15,forward
1775476553.956652,44.756266,1775476560.739744|完整运动,完整运动,circle_orbit,1,1.000000,1.500000,1.500000,,,,,,,,,,,,,,,,1.112699,0.076089,1.141873,0.078461,0.000000,0.000000,-0.420044,,0.009316,0.000000,,,,0.068382,0.166682,1.500000,48.296494,8.246812,0.000000,circle,预设轨迹15,forward
1775476553.977479,44.777093,1775476560.739744|完整运动,完整运动,circle_orbit,1,1.000000,1.500000,1.500000,,,,,,,,,,,,,,,,1.113149,0.076945,1.140152,0.087656,0.000000,0.000000,-0.417891,,0.011512,0.000000,,,,0.069124,0.166682,1.500000,48.366691,8.176616,0.000000,circle,预设轨迹15,forward
1775476553.999175,44.798789,1775476560.739744|完整运动,完整运动,circle_orbit,1,1.000000,1.500000,1.500000,,,,,,,,,,,,,,,,1.113592,0.077133,1.140152,0.079472,0.000000,0.000000,-0.417891,,0.011512,0.000000,,,,0.069265,0.166682,1.500000,48.366691,8.176616,0.000000,circle,预设轨迹15,forward
1775476554.022817,44.822432,1775476560.739744|完整运动,完整运动,circle_orbit,1,1.000000,1.500000,1.500000,,,,,,,,,,,,,,,,1.114009,0.077769,1.139078,0.085719,0.000000,0.000000,-0.416434,,0.012935,0.000000,,,,0.069810,0.166682,1.500000,48.412975,8.130332,0.000000,circle,预设轨迹15,forward
1775476554.044648,44.844263,1775476560.739744|完整运动,完整运动,circle_orbit,1,1.000000,1.500000,1.500000,,,,,,,,,,,,,,,,1.114410,0.078194,1.138468,0.083516,0.000000,0.000000,-0.415650,,0.013724,0.000000,,,,0.070167,0.166682,1.500000,48.436046,8.107260,0.000000,circle,预设轨迹15,forward
1775476554.070545,44.870160,1775476560.739744|完整运动,完整运动,circle_orbit,1,1.000000,1.500000,1.500000,,,,,,,,,,,,,,,,1.114798,0.078639,1.138058,0.084193,0.000000,0.000000,-0.414796,,0.014401,0.000000,,,,0.070541,0.166682,1.500000,48.458983,8.084323,0.000000,circle,预设轨迹15,forward
1775476554.106921,44.906536,1775476560.739744|完整运动,完整运动,circle_orbit,1,1.000000,1.500000,1.500000,,,,,,,,,,,,,,,,1.115175,0.079086,1.137801,0.084683,0.000000,0.000000,-0.413921,,0.014976,0.000000,,,,0.070918,0.166682,1.500000,48.482004,8.061302,0.000000,circle,预设轨迹15,forward
1775476554.127355,44.926969,1775476560.739744|完整运动,完整运动,circle_orbit,1,1.000000,1.500000,1.500000,,,,,,,,,,,,,,,,1.115528,0.079752,1.136690,0.088068,0.000000,0.000000,-0.412340,,0.016483,0.000000,,,,0.071492,0.166682,1.500000,48.528101,8.015206,0.000000,circle,预设轨迹15,forward
1775476554.152777,44.952392,1775476560.739744|完整运动,完整运动,circle_orbit,1,1.000000,1.500000,1.500000,,,,,,,,,,,,,,,,1.115874,0.080175,1.136668,0.085464,0.000000,0.000000,-0.411532,,0.016858,0.000000,,,,0.071849,0.166682,1.500000,48.551268,7.992039,0.000000,circle,预设轨迹15,forward
1775476554.177144,44.976759,1775476560.739744|完整运动,完整运动,circle_orbit,1,1.000000,1.500000,1.500000,,,,,,,,,,,,,,,,1.116211,0.080624,1.136381,0.086233,0.000000,0.000000,-0.410629,,0.017468,0.000000,,,,0.072230,0.166682,1.500000,48.574523,7.968784,0.000000,circle,预设轨迹15,forward
1775476554.199944,44.999558,1775476560.739744|完整运动,完整运动,circle_orbit,1,1.000000,1.500000,1.500000,,,,,,,,,,,,,,,,1.116538,0.081098,1.136188,0.087021,0.000000,0.000000,-0.409634,,0.018051,0.000000,,,,0.072633,0.166682,1.500000,48.597761,7.945546,0.000000,circle,预设轨迹15,forward
1775476554.222187,45.021801,1775476560.739744|完整运动,完整运动,circle_orbit,1,1.000000,1.500000,1.500000,,,,,,,,,,,,,,,,1.116860,0.081894,1.136191,0.091847,0.000000,0.000000,-0.407593,,0.018956,0.000000,,,,0.073325,0.166682,1.500000,48.644223,7.899083,0.000000,circle,预设轨迹15,forward
1775476554.243151,45.042765,1775476560.739744|完整运动,完整运动,circle_orbit,1,1.000000,1.500000,1.500000,,,,,,,,,,,,,,,,1.117176,0.082380,1.136109,0.088452,0.000000,0.000000,-0.406548,,0.019480,0.000000,,,,0.073739,0.166682,1.500000,48.667366,7.875941,0.000000,circle,预设轨迹15,forward
1775476554.270396,45.070011,1775476560.739744|完整运动,完整运动,circle_orbit,1,1.000000,1.500000,1.500000,,,,,,,,,,,,,,,,1.117487,0.082889,1.136136,0.089256,0.000000,0.000000,-0.405414,,0.019964,0.000000,,,,0.074174,0.166682,1.500000,48.690530,7.852776,0.000000,circle,预设轨迹15,forward
1775476554.290914,45.090529,1775476560.739744|完整运动,完整运动,circle_orbit,1,1.000000,1.500000,1.500000,,,,,,,,,,,,,,,,1.117789,0.083364,1.135942,0.089295,0.000000,0.000000,-0.404382,,0.020564,0.000000,,,,0.074579,0.166682,1.500000,48.713427,7.829879,0.000000,circle,预设轨迹15,forward
1775476554.319712,45.119327,1775476560.739744|完整运动,完整运动,circle_orbit,1,1.000000,1.500000,1.500000,,,,,,,,,,,,,,,,1.118086,0.083838,1.135886,0.089770,0.000000,0.000000,-0.403337,,0.021069,0.000000,,,,0.074984,0.166682,1.500000,48.736210,7.807097,0.000000,circle,预设轨迹15,forward
1775476554.342352,45.141967,1775476560.739744|完整运动,完整运动,circle_orbit,1,1.000000,1.500000,1.500000,,,,,,,,,,,,,,,,1.118345,0.084546,1.133899,0.093393,0.000000,0.000000,-0.401539,,0.023315,0.000000,,,,0.075599,0.166682,1.500000,48.782936,7.760371,0.000000,circle,预设轨迹15,forward
1775476554.367261,45.166876,1775476560.739744|完整运动,完整运动,circle_orbit,1,1.000000,1.500000,1.500000,,,,,,,,,,,,,,,,1.118585,0.084926,1.133003,0.089685,0.000000,0.000000,-0.400790,,0.024302,0.000000,,,,0.075923,0.166682,1.500000,48.806885,7.736421,0.000000,circle,预设轨迹15,forward
1775476554.388062,45.187677,1775476560.739744|完整运动,完整运动,circle_orbit,1,1.000000,1.500000,1.500000,,,,,,,,,,,,,,,,1.118825,0.085347,1.133224,0.090600,0.000000,0.000000,-0.399896,,0.024537,0.000000,,,,0.076282,0.166682,1.500000,48.830757,7.712549,0.000000,circle,预设轨迹15,forward
1775476554.409291,45.208906,1775476560.739744|完整运动,完整运动,circle_orbit,1,1.000000,1.500000,1.500000,,,,,,,,,,,,,,,,1.119056,0.085752,1.132870,0.090824,0.000000,0.000000,-0.399037,,0.025178,0.000000,,,,0.076629,0.166682,1.500000,48.854705,7.688602,0.000000,circle,预设轨迹15,forward
1775476554.444029,45.243644,1775476560.739744|完整运动,完整运动,circle_orbit,1,1.000000,1.500000,1.500000,,,,,,,,,,,,,,,,1.119294,0.086526,1.133608,0.096200,0.000000,0.000000,-0.396978,,0.025554,0.000000,,,,0.077304,0.166682,1.500000,48.902088,7.641219,0.000000,circle,预设轨迹15,forward
1775476554.466015,45.265630,1775476560.739744|完整运动,完整运动,circle_orbit,1,1.000000,1.500000,1.500000,,,,,,,,,,,,,,,,1.119526,0.087041,1.133436,0.093478,0.000000,0.000000,-0.395749,,0.026226,0.000000,,,,0.077748,0.166682,1.500000,48.925883,7.617424,0.000000,circle,预设轨迹15,forward
1775476554.486450,45.286064,1775476560.739744|完整运动,完整运动,circle_orbit,1,1.000000,1.500000,1.500000,,,,,,,,,,,,,,,,1.119755,0.087598,1.133498,0.094560,0.000000,0.000000,-0.394373,,0.026792,0.000000,,,,0.078230,0.166682,1.500000,48.949632,7.593674,0.000000,circle,预设轨迹15,forward
1775476554.514660,45.314274,1775476560.739744|完整运动,完整运动,circle_orbit,1,1.000000,1.500000,1.500000,,,,,,,,,,,,,,,,1.119993,0.088215,1.134263,0.095927,0.000000,0.000000,-0.392791,,0.026937,0.000000,,,,0.078764,0.166682,1.500000,48.973189,7.570117,0.000000,circle,预设轨迹15,forward
1775476554.535274,45.334888,1775476560.739744|完整运动,完整运动,circle_orbit,1,1.000000,1.500000,1.500000,,,,,,,,,,,,,,,,1.120209,0.089158,1.133186,0.100945,0.000000,0.000000,-0.390159,,0.028893,0.000000,,,,0.079591,0.166682,1.500000,49.020587,7.522719,0.000000,circle,预设轨迹15,forward
1775476554.567703,45.367318,1775476560.739744|完整运动,完整运动,circle_orbit,1,1.000000,1.500000,1.500000,,,,,,,,,,,,,,,,1.120422,0.089282,1.133186,0.090827,0.000000,0.000000,-0.390159,,0.028893,0.000000,,,,0.079686,0.166682,1.500000,49.020587,7.522719,0.000000,circle,预设轨迹15,forward
1775476554.606167,45.405782,1775476560.739744|完整运动,完整运动,circle_orbit,1,1.000000,1.500000,1.500000,,,,,,,,,,,,,,,,1.120639,0.090209,1.133639,0.101798,0.000000,0.000000,-0.387552,,0.029721,0.000000,,,,0.080498,0.166682,1.500000,49.068113,7.475194,0.000000,circle,预设轨迹15,forward
1775476554.626676,45.426291,1775476560.739744|完整运动,完整运动,circle_orbit,1,1.000000,1.500000,1.500000,,,,,,,,,,,,,,,,1.120851,0.091054,1.133595,0.101622,0.000000,0.000000,-0.385208,,0.030795,0.000000,,,,0.081237,0.166682,1.500000,49.116112,7.427195,0.000000,circle,预设轨迹15,forward
1775476554.652603,45.452217,1775476560.739744|完整运动,完整运动,circle_orbit,1,1.000000,1.500000,1.500000,,,,,,,,,,,,,,,,1.121063,0.091545,1.133755,0.097679,0.000000,0.000000,-0.384000,,0.031216,0.000000,,,,0.081659,0.166682,1.500000,49.140404,7.402903,0.000000,circle,预设轨迹15,forward
1775476554.678545,45.478160,1775476560.739744|完整运动,完整运动,circle_orbit,1,1.000000,1.500000,1.500000,,,,,,,,,,,,,,,,1.121277,0.092015,1.134151,0.097891,0.000000,0.000000,-0.382842,,0.031441,0.000000,,,,0.082063,0.166682,1.500000,49.164732,7.378574,0.000000,circle,预设轨迹15,forward
1775476554.703830,45.503444,1775476560.739744|完整运动,完整运动,circle_orbit,1,1.000000,1.500000,1.500000,,,,,,,,,,,,,,,,1.121496,0.092927,1.134622,0.104332,0.000000,0.000000,-0.380247,,0.032251,0.000000,,,,0.082860,0.166682,1.500000,49.213365,7.329942,0.000000,circle,预设轨迹15,forward
1775476554.731877,45.531492,1775476560.739744|完整运动,完整运动,circle_orbit,1,1.000000,1.500000,1.500000,,,,,,,,,,,,,,,,1.121710,0.093436,1.134584,0.099792,0.000000,0.000000,-0.378948,,0.032857,0.000000,,,,0.083298,0.166682,1.500000,49.237455,7.305851,0.000000,circle,预设轨迹15,forward
1775476554.768250,45.567864,1775476560.739744|完整运动,完整运动,circle_orbit,1,1.000000,1.500000,1.500000,,,,,,,,,,,,,,,,1.121934,0.093993,1.135328,0.100956,0.000000,0.000000,-0.377475,,0.032970,0.000000,,,,0.083778,0.166682,1.500000,49.261429,7.281877,0.000000,circle,预设轨迹15,forward
1775476554.790883,45.590497,1775476560.739744|完整运动,完整运动,circle_orbit,1,1.000000,1.500000,1.500000,,,,,,,,,,,,,,,,1.122166,0.094968,1.136119,0.107162,0.000000,0.000000,-0.374644,,0.033653,0.000000,,,,0.084630,0.166682,1.500000,49.309324,7.233982,0.000000,circle,预设轨迹15,forward
1775476554.812525,45.612140,1775476560.739744|完整运动,完整运动,circle_orbit,1,1.000000,1.500000,1.500000,,,,,,,,,,,,,,,,1.122388,0.095489,1.135683,0.101994,0.000000,0.000000,-0.373276,,0.034578,0.000000,,,,0.085076,0.166682,1.500000,49.333318,7.209989,0.000000,circle,预设轨迹15,forward
1775476554.838540,45.638155,1775476560.739744|完整运动,完整运动,circle_orbit,1,1.000000,1.500000,1.500000,,,,,,,,,,,,,,,,1.122608,0.096000,1.135814,0.102396,0.000000,0.000000,-0.371921,,0.035085,0.000000,,,,0.085516,0.166682,1.500000,49.357162,7.186144,0.000000,circle,预设轨迹15,forward
1775476554.873011,45.672626,1775476560.739744|完整运动,完整运动,circle_orbit,1,1.000000,1.500000,1.500000,,,,,,,,,,,,,,,,1.122827,0.096491,1.135986,0.102626,0.000000,0.000000,-0.370618,,0.035539,0.000000,,,,0.085936,0.166682,1.500000,49.380982,7.162325,0.000000,circle,预设轨迹15,forward
1775476554.900056,45.699671,1775476560.739744|完整运动,完整运动,circle_orbit,1,1.000000,1.500000,1.500000,,,,,,,,,,,,,,,,1.123054,0.097394,1.136671,0.108676,0.000000,0.000000,-0.367975,,0.036217,0.000000,,,,0.086722,0.166682,1.500000,49.428423,7.114883,0.000000,circle,预设轨迹15,forward
1775476554.925623,45.725238,1775476560.739744|完整运动,完整运动,circle_orbit,1,1.000000,1.500000,1.500000,,,,,,,,,,,,,,,,1.123301,0.098432,1.138135,0.111405,0.000000,0.000000,-0.364891,,0.036527,0.000000,,,,0.087627,0.166682,1.500000,49.476325,7.066981,0.000000,circle,预设轨迹15,forward
1775476554.950408,45.750022,1775476560.739744|完整运动,完整运动,circle_orbit,1,1.000000,1.500000,1.500000,,,,,,,,,,,,,,,,1.123558,0.099017,1.138925,0.106337,0.000000,0.000000,-0.363258,,0.036681,0.000000,,,,0.088128,0.166682,1.500000,49.500306,7.043000,0.000000,circle,预设轨迹15,forward
1775476554.971726,45.771341,1775476560.739744|完整运动,完整运动,circle_orbit,1,1.000000,1.500000,1.500000,,,,,,,,,,,,,,,,1.123814,0.099537,1.139172,0.106032,0.000000,0.000000,-0.361822,,0.037141,0.000000,,,,0.088571,0.166682,1.500000,49.524292,7.019015,0.000000,circle,预设轨迹15,forward
1775476554.992310,45.791925,1775476560.739744|完整运动,完整运动,circle_orbit,1,1.000000,1.500000,1.500000,,,,,,,,,,,,,,,,1.124075,0.100038,1.139789,0.106304,0.000000,0.000000,-0.360427,,0.037316,0.000000,,,,0.088996,0.166682,1.500000,49.548261,6.995046,0.000000,circle,预设轨迹15,forward
1775476555.015496,45.815111,1775476560.739744|完整运动,完整运动,circle_orbit,1,1.000000,1.500000,1.500000,,,,,,,,,,,,,,,,1.124354,0.100980,1.141069,0.112759,0.000000,0.000000,-0.357596,,0.037651,0.000000,,,,0.089812,0.166682,1.500000,49.595766,6.947540,0.000000,circle,预设轨迹15,forward
1775476555.038542,45.838156,1775476560.739744|完整运动,完整运动,circle_orbit,1,1.000000,1.500000,1.500000,,,,,,,,,,,,,,,,1.124632,0.101474,1.141313,0.107639,0.000000,0.000000,-0.356206,,0.038094,0.000000,,,,0.090228,0.166682,1.500000,49.619304,6.924003,0.000000,circle,预设轨迹15,forward
1775476555.064192,45.863807,1775476560.739744|完整运动,完整运动,circle_orbit,1,1.000000,1.500000,1.500000,,,,,,,,,,,,,,,,1.124905,0.101529,1.141313,0.102219,0.000000,0.000000,-0.356206,,0.038094,0.000000,,,,0.090255,0.166682,1.500000,49.619304,6.924003,0.000000,circle,预设轨迹15,forward
1775476555.097008,45.896623,1775476560.739744|完整运动,完整运动,circle_orbit,1,1.000000,1.500000,1.500000,,,,,,,,,,,,,,,,1.125179,0.102359,1.141620,0.112738,0.000000,0.000000,-0.353687,,0.038992,0.000000,,,,0.090971,0.166682,1.500000,49.666210,6.877097,0.000000,circle,预设轨迹15,forward
1775476555.130157,45.929771,1775476560.739744|完整运动,完整运动,circle_orbit,1,1.000000,1.500000,1.500000,,,,,,,,,,,,,,,,1.125471,0.103217,1.142968,0.113943,0.000000,0.000000,-0.351073,,0.039186,0.000000,,,,0.091710,0.166682,1.500000,49.713298,6.830009,0.000000,circle,预设轨迹15,forward
1775476555.150638,45.950253,1775476560.739744|完整运动,完整运动,circle_orbit,1,1.000000,1.500000,1.500000,,,,,,,,,,,,,,,,1.125767,0.103665,1.143535,0.109267,0.000000,0.000000,-0.349771,,0.039358,0.000000,,,,0.092084,0.166682,1.500000,49.736680,6.806627,0.000000,circle,预设轨迹15,forward
1775476555.180561,45.980176,1775476560.739744|完整运动,完整运动,circle_orbit,1,1.000000,1.500000,1.500000,,,,,,,,,,,,,,,,1.126062,0.104055,1.143736,0.108922,0.000000,0.000000,-0.348641,,0.039716,0.000000,,,,0.092406,0.166682,1.500000,49.759840,6.783467,0.000000,circle,预设轨迹15,forward
1775476555.219274,46.018888,1775476560.739744|完整运动,完整运动,circle_orbit,1,1.000000,1.500000,1.500000,,,,,,,,,,,,,,,,1.126347,0.104775,1.143481,0.113774,0.000000,0.000000,-0.346435,,0.040879,0.000000,,,,0.093022,0.166682,1.500000,49.805977,6.737330,0.000000,circle,预设轨迹15,forward
1775476555.241718,46.041333,1775476560.739744|完整运动,完整运动,circle_orbit,1,1.000000,1.500000,1.500000,,,,,,,,,,,,,,,,1.126640,0.105561,1.144215,0.115386,0.000000,0.000000,-0.344009,,0.041432,0.000000,,,,0.093695,0.166682,1.500000,49.852241,6.691066,0.000000,circle,预设轨迹15,forward
1775476555.263435,46.063049,1775476560.739744|完整运动,完整运动,circle_orbit,1,1.000000,1.500000,1.500000,,,,,,,,,,,,,,,,1.126940,0.105993,1.144931,0.111397,0.000000,0.000000,-0.342712,,0.041496,0.000000,,,,0.094054,0.166682,1.500000,49.875484,6.667823,0.000000,circle,预设轨迹15,forward
1775476555.292716,46.092330,1775476560.739744|完整运动,完整运动,circle_orbit,1,1.000000,1.500000,1.500000,,,,,,,,,,,,,,,,1.127264,0.106469,1.146673,0.112419,0.000000,0.000000,-0.341254,,0.040900,0.000000,,,,0.094449,0.166682,1.500000,49.898510,6.644797,0.000000,circle,预设轨迹15,forward
1775476555.313205,46.112820,1775476560.739744|完整运动,完整运动,circle_orbit,1,1.000000,1.500000,1.500000,,,,,,,,,,,,,,,,1.127610,0.107013,1.148390,0.113819,0.000000,0.000000,-0.339556,,0.040432,0.000000,,,,0.094903,0.166682,1.500000,49.921494,6.621812,0.000000,circle,预设轨迹15,forward
1775476555.352470,46.152085,1775476560.739744|完整运动,完整运动,circle_orbit,1,1.000000,1.500000,1.500000,,,,,,,,,,,,,,,,1.127971,0.107584,1.149665,0.114717,0.000000,0.000000,-0.337760,,0.040325,0.000000,,,,0.095378,0.166682,1.500000,49.944526,6.598780,0.000000,circle,预设轨迹15,forward
1775476555.380961,46.180575,1775476560.739744|完整运动,完整运动,circle_orbit,1,1.000000,1.500000,1.500000,,,,,,,,,,,,,,,,1.128390,0.109416,1.153520,0.132317,0.000000,0.000000,-0.331891,,0.040208,0.000000,,,,0.096967,0.166682,1.500000,50.014957,6.528349,0.000000,circle,预设轨迹15,forward
1775476555.401406,46.201020,1775476560.739744|完整运动,完整运动,circle_orbit,1,1.000000,1.500000,1.500000,,,,,,,,,,,,,,,,1.128824,0.110013,1.154848,0.117475,0.000000,0.000000,-0.330013,,0.040109,0.000000,,,,0.097458,0.166682,1.500000,50.038741,6.504566,0.000000,circle,预设轨迹15,forward
1775476555.430241,46.229856,1775476560.739744|完整运动,完整运动,circle_orbit,1,1.000000,1.500000,1.500000,,,,,,,,,,,,,,,,1.129270,0.110609,1.155999,0.118052,0.000000,0.000000,-0.328123,,0.040140,0.000000,,,,0.097947,0.166682,1.500000,50.062589,6.480718,0.000000,circle,预设轨迹15,forward
1775476555.473093,46.272707,1775476560.739744|完整运动,完整运动,circle_orbit,1,1.000000,1.500000,1.500000,,,,,,,,,,,,,,,,1.129736,0.111208,1.157747,0.118703,0.000000,0.000000,-0.326201,,0.039771,0.000000,,,,0.098437,0.166682,1.500000,50.086414,6.456893,0.000000,circle,预设轨迹15,forward
1775476555.514454,46.314068,1775476560.739744|完整运动,完整运动,circle_orbit,1,1.000000,1.500000,1.500000,,,,,,,,,,,,,,,,1.130235,0.112316,1.160172,0.126167,0.000000,0.000000,-0.322626,,0.039666,0.000000,,,,0.099374,0.166682,1.500000,50.134644,6.408663,0.000000,circle,预设轨迹15,forward
1775476555.538096,46.337711,1775476560.739744|完整运动,完整运动,circle_orbit,1,1.000000,1.500000,1.500000,,,,,,,,,,,,,,,,1.130762,0.113299,1.162382,0.125581,0.000000,0.000000,-0.319451,,0.039542,0.000000,,,,0.100197,0.166682,1.500000,50.182959,6.360348,0.000000,circle,预设轨迹15,forward
1775476555.559123,46.358738,1775476560.739744|完整运动,完整运动,circle_orbit,1,1.000000,1.500000,1.500000,,,,,,,,,,,,,,,,1.131325,0.114273,1.165072,0.126450,0.000000,0.000000,-0.316293,,0.039084,0.000000,,,,0.101008,0.166682,1.500000,50.231170,6.312137,0.000000,circle,预设轨迹15,forward
1775476555.592071,46.391686,1775476560.739744|完整运动,完整运动,circle_orbit,1,1.000000,1.500000,1.500000,,,,,,,,,,,,,,,,1.131896,0.114771,1.166148,0.120992,0.000000,0.000000,-0.314659,,0.039067,0.000000,,,,0.101397,0.166682,1.500000,50.255187,6.288119,0.000000,circle,预设轨迹15,forward
1775476555.629088,46.428702,1775476560.739744|完整运动,完整运动,circle_orbit,1,1.000000,1.500000,1.500000,,,,,,,,,,,,,,,,1.132513,0.115797,1.169534,0.128620,0.000000,0.000000,-0.311299,,0.038233,0.000000,,,,0.102247,0.166682,1.500000,50.303179,6.240128,0.000000,circle,预设轨迹15,forward
1775476555.650004,46.449619,1775476560.739744|完整运动,完整运动,circle_orbit,1,1.000000,1.500000,1.500000,,,,,,,,,,,,,,,,1.133153,0.116308,1.171595,0.122705,0.000000,0.000000,-0.309582,,0.037586,0.000000,,,,0.102641,0.166682,1.500000,50.327084,6.216222,0.000000,circle,预设轨迹15,forward
1775476555.671066,46.470681,1775476560.739744|完整运动,完整运动,circle_orbit,1,1.000000,1.500000,1.500000,,,,,,,,,,,,,,,,1.133807,0.116825,1.173057,0.123285,0.000000,0.000000,-0.307828,,0.037369,0.000000,,,,0.103038,0.166682,1.500000,50.351091,6.192216,0.000000,circle,预设轨迹15,forward
1775476555.698122,46.497736,1775476560.739744|完整运动,完整运动,circle_orbit,1,1.000000,1.500000,1.500000,,,,,,,,,,,,,,,,1.134475,0.117376,1.174552,0.124268,0.000000,0.000000,-0.305943,,0.037189,0.000000,,,,0.103463,0.166682,1.500000,50.375025,6.168282,0.000000,circle,预设轨迹15,forward
1775476555.718477,46.518092,1775476560.739744|完整运动,完整运动,circle_orbit,1,1.000000,1.500000,1.500000,,,,,,,,,,,,,,,,1.135180,0.118460,1.177457,0.131999,0.000000,0.000000,-0.302326,,0.036828,0.000000,,,,0.104353,0.166682,1.500000,50.422840,6.120466,0.000000,circle,预设轨迹15,forward
1775476555.745737,46.545352,1775476560.739744|完整运动,完整运动,circle_orbit,1,1.000000,1.500000,1.500000,,,,,,,,,,,,,,,,1.135873,0.118418,1.177457,0.117898,0.000000,0.000000,-0.302326,,0.036828,0.000000,,,,0.104253,0.166682,1.500000,50.422840,6.120466,0.000000,circle,预设轨迹15,forward
1775476555.769243,46.568857,1775476560.739744|完整运动,完整运动,circle_orbit,1,1.000000,1.500000,1.500000,,,,,,,,,,,,,,,,1.136612,0.119547,1.180939,0.133667,0.000000,0.000000,-0.298521,,0.036171,0.000000,,,,0.105179,0.166682,1.500000,50.470476,6.072831,0.000000,circle,预设轨迹15,forward
1775476555.791760,46.591374,1775476560.739744|完整运动,完整运动,circle_orbit,1,1.000000,1.500000,1.500000,,,,,,,,,,,,,,,,1.137363,0.120100,1.182452,0.127009,0.000000,0.000000,-0.296571,,0.036022,0.000000,,,,0.105595,0.166682,1.500000,50.494291,6.049015,0.000000,circle,预设轨迹15,forward
1775476555.824810,46.624425,1775476560.739744|完整运动,完整运动,circle_orbit,1,1.000000,1.500000,1.500000,,,,,,,,,,,,,,,,1.138118,0.120583,1.183393,0.126615,0.000000,0.000000,-0.294832,,0.036165,0.000000,,,,0.105949,0.166682,1.500000,50.518278,6.025029,0.000000,circle,预设轨迹15,forward
1775476555.856092,46.655706,1775476560.739744|完整运动,完整运动,circle_orbit,1,1.000000,1.500000,1.500000,,,,,,,,,,,,,,,,1.138909,0.121558,1.186364,0.133745,0.000000,0.000000,-0.291488,,0.035667,0.000000,,,,0.106732,0.166682,1.500000,50.566401,5.976906,0.000000,circle,预设轨迹15,forward
1775476555.877060,46.676675,1775476560.739744|完整运动,完整运动,circle_orbit,1,1.000000,1.500000,1.500000,,,,,,,,,,,,,,,,1.139743,0.122521,1.189795,0.134569,0.000000,0.000000,-0.288171,,0.034863,0.000000,,,,0.107499,0.166682,1.500000,50.614649,5.928658,0.000000,circle,预设轨迹15,forward
1775476555.906471,46.706086,1775476560.739744|完整运动,完整运动,circle_orbit,1,1.000000,1.500000,1.500000,,,,,,,,,,,,,,,,1.140564,0.122453,1.189795,0.121598,0.000000,0.000000,-0.288171,,0.034863,0.000000,,,,0.107362,0.166682,1.500000,50.614649,5.928658,0.000000,circle,预设轨迹15,forward
1775476555.939682,46.739296,1775476560.739744|完整运动,完整运动,circle_orbit,1,1.000000,1.500000,1.500000,,,,,,,,,,,,,,,,1.141428,0.123376,1.193264,0.134914,0.000000,0.000000,-0.284945,,0.034006,0.000000,,,,0.108089,0.166682,1.500000,50.662679,5.880628,0.000000,circle,预设轨迹15,forward
1775476555.960196,46.759811,1775476560.739744|完整运动,完整运动,circle_orbit,1,1.000000,1.500000,1.500000,,,,,,,,,,,,,,,,1.142330,0.124336,1.196487,0.136333,0.000000,0.000000,-0.281592,,0.033380,0.000000,,,,0.108844,0.166682,1.500000,50.711279,5.832027,0.000000,circle,预设轨迹15,forward
1775476555.984523,46.784137,1775476560.739744|完整运动,完整运动,circle_orbit,1,1.000000,1.500000,1.500000,,,,,,,,,,,,,,,,1.143218,0.124253,1.196487,0.123214,0.000000,0.000000,-0.281592,,0.033380,0.000000,,,,0.108687,0.166682,1.500000,50.711279,5.832027,0.000000,circle,预设轨迹15,forward
1775476556.011341,46.810956,1775476560.739744|完整运动,完整运动,circle_orbit,1,1.000000,1.500000,1.500000,,,,,,,,,,,,,,,,1.144129,0.125161,1.198768,0.136508,0.000000,0.000000,-0.278373,,0.033320,0.000000,,,,0.109394,0.166682,1.500000,50.759827,5.783480,0.000000,circle,预设轨迹15,forward
1775476556.033975,46.833590,1775476560.739744|完整运动,完整运动,circle_orbit,1,1.000000,1.500000,1.500000,,,,,,,,,,,,,,,,1.145024,0.125067,1.198768,0.123901,0.000000,0.000000,-0.278373,,0.033320,0.000000,,,,0.109227,0.166682,1.500000,50.759827,5.783480,0.000000,circle,预设轨迹15,forward
1775476556.055778,46.855392,1775476560.739744|完整运动,完整运动,circle_orbit,1,1.000000,1.500000,1.500000,,,,,,,,,,,,,,,,1.145950,0.125719,1.201481,0.133871,0.000000,0.000000,-0.275942,,0.032634,0.000000,,,,0.109708,0.166682,1.500000,50.806540,5.736767,0.000000,circle,预设轨迹15,forward
1775476556.079792,46.879407,1775476560.739744|完整运动,完整运动,circle_orbit,1,1.000000,1.500000,1.500000,,,,,,,,,,,,,,,,1.146906,0.126378,1.204294,0.134614,0.000000,0.000000,-0.273479,,0.031907,0.000000,,,,0.110191,0.166682,1.500000,50.853516,5.689790,0.000000,circle,预设轨迹15,forward
1775476556.109309,46.908924,1775476560.739744|完整运动,完整运动,circle_orbit,1,1.000000,1.500000,1.500000,,,,,,,,,,,,,,,,1.147873,0.126633,1.205903,0.129813,0.000000,0.000000,-0.272309,,0.031388,0.000000,,,,0.110319,0.166682,1.500000,50.877042,5.666264,0.000000,circle,预设轨迹15,forward
1775476556.129680,46.929295,1775476560.739744|完整运动,完整运动,circle_orbit,1,1.000000,1.500000,1.500000,,,,,,,,,,,,,,,,1.148848,0.126879,1.207323,0.129963,0.000000,0.000000,-0.271145,,0.030991,0.000000,,,,0.110441,0.166682,1.500000,50.900525,5.642781,0.000000,circle,预设轨迹15,forward
1775476556.159997,46.959612,1775476560.739744|完整运动,完整运动,circle_orbit,1,1.000000,1.500000,1.500000,,,,,,,,,,,,,,,,1.149869,0.127562,1.211153,0.136089,0.000000,0.000000,-0.268556,,0.029686,0.000000,,,,0.110936,0.166682,1.500000,50.947139,5.596168,0.000000,circle,预设轨迹15,forward
1775476556.185221,46.984836,1775476560.739744|完整运动,完整运动,circle_orbit,1,1.000000,1.500000,1.500000,,,,,,,,,,,,,,,,1.150896,0.127824,1.212492,0.131102,0.000000,0.000000,-0.267315,,0.029383,0.000000,,,,0.111065,0.166682,1.500000,50.970627,5.572680,0.000000,circle,预设轨迹15,forward
1775476556.205979,47.005594,1775476560.739744|完整运动,完整运动,circle_orbit,1,1.000000,1.500000,1.500000,,,,,,,,,,,,,,,,1.151935,0.128099,1.214246,0.131544,0.000000,0.000000,-0.266015,,0.028844,0.000000,,,,0.111204,0.166682,1.500000,50.994078,5.549229,0.000000,circle,预设轨迹15,forward
1775476556.237938,47.037552,1775476560.739744|完整运动,完整运动,circle_orbit,1,1.000000,1.500000,1.500000,,,,,,,,,,,,,,,,1.152993,0.128391,1.216523,0.132032,0.000000,0.000000,-0.264647,,0.028006,0.000000,,,,0.111354,0.166682,1.500000,51.017412,5.525895,0.000000,circle,预设轨迹15,forward
1775476556.264561,47.064176,1775476560.739744|完整运动,完整运动,circle_orbit,1,1.000000,1.500000,1.500000,,,,,,,,,,,,,,,,1.154062,0.128643,1.218158,0.131800,0.000000,0.000000,-0.263392,,0.027531,0.000000,,,,0.111470,0.166682,1.500000,51.040677,5.502629,0.000000,circle,预设轨迹15,forward
1775476556.285944,47.085559,1775476560.739744|完整运动,完整运动,circle_orbit,1,1.000000,1.500000,1.500000,,,,,,,,,,,,,,,,1.155198,0.129301,1.223357,0.137518,0.000000,0.000000,-0.260811,,0.025407,0.000000,,,,0.111929,0.166682,1.500000,51.087103,5.456204,0.000000,circle,预设轨迹15,forward
1775476556.315909,47.115524,1775476560.739744|完整运动,完整运动,circle_orbit,1,1.000000,1.500000,1.500000,,,,,,,,,,,,,,,,1.156350,0.129554,1.225481,0.132716,0.000000,0.000000,-0.259528,,0.024649,0.000000,,,,0.112037,0.166682,1.500000,51.110540,5.432767,0.000000,circle,预设轨迹15,forward
1775476556.345366,47.144981,1775476560.739744|完整运动,完整运动,circle_orbit,1,1.000000,1.500000,1.500000,,,,,,,,,,,,,,,,1.157507,0.129795,1.226943,0.132812,0.000000,0.000000,-0.258270,,0.024297,0.000000,,,,0.112133,0.166682,1.500000,51.134028,5.409278,0.000000,circle,预设轨迹15,forward
1775476556.366275,47.165890,1775476560.739744|完整运动,完整运动,circle_orbit,1,1.000000,1.500000,1.500000,,,,,,,,,,,,,,,,1.158725,0.130569,1.231792,0.140250,0.000000,0.000000,-0.255279,,0.022618,0.000000,,,,0.112684,0.166682,1.500000,51.182260,5.361047,0.000000,circle,预设轨迹15,forward
1775476556.395777,47.195391,1775476560.739744|完整运动,完整运动,circle_orbit,1,1.000000,1.500000,1.500000,,,,,,,,,,,,,,,,1.159963,0.130854,1.234269,0.134416,0.000000,0.000000,-0.253863,,0.021721,0.000000,,,,0.112809,0.166682,1.500000,51.206284,5.337023,0.000000,circle,预设轨迹15,forward
1775476556.418285,47.217900,1775476560.739744|完整运动,完整运动,circle_orbit,1,1.000000,1.500000,1.500000,,,,,,,,,,,,,,,,1.161244,0.131500,1.238112,0.139569,0.000000,0.000000,-0.251271,,0.020515,0.000000,,,,0.113241,0.166682,1.500000,51.254509,5.288798,0.000000,circle,预设轨迹15,forward
1775476556.439121,47.238735,1775476560.739744|完整运动,完整运动,circle_orbit,1,1.000000,1.500000,1.500000,,,,,,,,,,,,,,,,1.162505,0.131341,1.238112,0.129349,0.000000,0.000000,-0.251271,,0.020515,0.000000,,,,0.112981,0.166682,1.500000,51.254509,5.288798,0.000000,circle,预设轨迹15,forward
1775476556.474757,47.274371,1775476560.739744|完整运动,完整运动,circle_orbit,1,1.000000,1.500000,1.500000,,,,,,,,,,,,,,,,1.163791,0.131859,1.240951,0.138339,0.000000,0.000000,-0.249066,,0.019762,0.000000,,,,0.113301,0.166682,1.500000,51.302896,5.240411,0.000000,circle,预设轨迹15,forward
1775476556.505683,47.305297,1775476560.739744|完整运动,完整运动,circle_orbit,1,1.000000,1.500000,1.500000,,,,,,,,,,,,,,,,1.165121,0.132422,1.244967,0.139454,0.000000,0.000000,-0.246712,,0.018372,0.000000,,,,0.113655,0.166682,1.500000,51.351401,5.191906,0.000000,circle,预设轨迹15,forward
1775476556.526578,47.326193,1775476560.739744|完整运动,完整运动,circle_orbit,1,1.000000,1.500000,1.500000,,,,,,,,,,,,,,,,1.166461,0.132627,1.246848,0.135197,0.000000,0.000000,-0.245505,,0.017772,0.000000,,,,0.113701,0.166682,1.500000,51.375682,5.167625,0.000000,circle,预设轨迹15,forward
1775476556.554267,47.353882,1775476560.739744|完整运动,完整运动,circle_orbit,1,1.000000,1.500000,1.500000,,,,,,,,,,,,,,,,1.167817,0.132827,1.249173,0.135323,0.000000,0.000000,-0.244304,,0.016907,0.000000,,,,0.113739,0.166682,1.500000,51.399812,5.143495,0.000000,circle,预设轨迹15,forward
1775476556.582104,47.381719,1775476560.739744|完整运动,完整运动,circle_orbit,1,1.000000,1.500000,1.500000,,,,,,,,,,,,,,,,1.169227,0.133375,1.253835,0.140231,0.000000,0.000000,-0.241963,,0.015157,0.000000,,,,0.114071,0.166682,1.500000,51.448186,5.095120,0.000000,circle,预设轨迹15,forward
1775476556.602394,47.402008,1775476560.739744|完整运动,完整运动,circle_orbit,1,1.000000,1.500000,1.500000,,,,,,,,,,,,,,,,1.170657,0.133616,1.256470,0.136622,0.000000,0.000000,-0.240610,,0.014190,0.000000,,,,0.114137,0.166682,1.500000,51.472553,5.070753,0.000000,circle,预设轨迹15,forward
1775476556.630555,47.430170,1775476560.739744|完整运动,完整运动,circle_orbit,1,1.000000,1.500000,1.500000,,,,,,,,,,,,,,,,1.172095,0.133841,1.258377,0.136653,0.000000,0.000000,-0.239298,,0.013642,0.000000,,,,0.114189,0.166682,1.500000,51.496977,5.046330,0.000000,circle,预设轨迹15,forward
1775476556.656974,47.456589,1775476560.739744|完整运动,完整运动,circle_orbit,1,1.000000,1.500000,1.500000,,,,,,,,,,,,,,,,1.173534,0.134004,1.259837,0.136049,0.000000,0.000000,-0.238177,,0.013277,0.000000,,,,0.114189,0.166682,1.500000,51.521445,5.021861,0.000000,circle,预设轨迹15,forward
1775476556.677936,47.477550,1775476560.739744|完整运动,完整运动,circle_orbit,1,1.000000,1.500000,1.500000,,,,,,,,,,,,,,,,1.175038,0.134573,1.265292,0.141676,0.000000,0.000000,-0.235735,,0.011155,0.000000,,,,0.114526,0.166682,1.500000,51.570078,4.973228,0.000000,circle,预设轨迹15,forward
1775476556.709609,47.509223,1775476560.739744|完整运动,完整运动,circle_orbit,1,1.000000,1.500000,1.500000,,,,,,,,,,,,,,,,1.176518,0.134384,1.265292,0.132023,0.000000,0.000000,-0.235735,,0.011155,0.000000,,,,0.114222,0.166682,1.500000,51.570078,4.973228,0.000000,circle,预设轨迹15,forward
1775476556.734528,47.534142,1775476560.739744|完整运动,完整运动,circle_orbit,1,1.000000,1.500000,1.500000,,,,,,,,,,,,,,,,1.178058,0.134984,1.270478,0.142486,0.000000,0.000000,-0.233171,,0.009270,0.000000,,,,0.114582,0.166682,1.500000,51.618619,4.924688,0.000000,circle,预设轨迹15,forward
1775476556.756328,47.555942,1775476560.739744|完整运动,完整运动,circle_orbit,1,1.000000,1.500000,1.500000,,,,,,,,,,,,,,,,1.179648,0.135474,1.275020,0.141602,0.000000,0.000000,-0.230958,,0.007625,0.000000,,,,0.114843,0.166682,1.500000,51.667336,4.875971,0.000000,circle,预设轨迹15,forward
1775476556.784534,47.584149,1775476560.739744|完整运动,完整运动,circle_orbit,1,1.000000,1.500000,1.500000,,,,,,,,,,,,,,,,1.181211,0.135278,1.275020,0.132826,0.000000,0.000000,-0.230958,,0.007625,0.000000,,,,0.114525,0.166682,1.500000,51.667336,4.875971,0.000000,circle,预设轨迹15,forward
1775476556.816568,47.616182,1775476560.739744|完整运动,完整运动,circle_orbit,1,1.000000,1.500000,1.500000,,,,,,,,,,,,,,,,1.182840,0.135827,1.280578,0.142691,0.000000,0.000000,-0.228534,,0.005511,0.000000,,,,0.114831,0.166682,1.500000,51.716027,4.827280,0.000000,circle,预设轨迹15,forward
1775476556.837225,47.636839,1775476560.739744|完整运动,完整运动,circle_orbit,1,1.000000,1.500000,1.500000,,,,,,,,,,,,,,,,1.184521,0.136289,1.285358,0.142057,0.000000,0.000000,-0.226389,,0.003742,0.000000,,,,0.115058,0.166682,1.500000,51.764515,4.778792,0.000000,circle,预设轨迹15,forward
1775476556.866167,47.665782,1775476560.739744|完整运动,完整运动,circle_orbit,1,1.000000,1.500000,1.500000,,,,,,,,,,,,,,,,1.186206,0.136359,1.287339,0.137238,0.000000,0.000000,-0.225502,,0.003014,0.000000,,,,0.114954,0.166682,1.500000,51.788877,4.754429,0.000000,circle,预设轨迹15,forward
1775476556.892469,47.692084,1775476560.739744|完整运动,完整运动,circle_orbit,1,1.000000,1.500000,1.500000,,,,,,,,,,,,,,,,1.187898,0.136432,1.289397,0.137351,0.000000,0.000000,-0.224595,,0.002254,0.000000,,,,0.114852,0.166682,1.500000,51.813502,4.729804,0.000000,circle,预设轨迹15,forward
1775476556.912927,47.712542,1775476560.739744|完整运动,完整运动,circle_orbit,1,1.000000,1.500000,1.500000,,,,,,,,,,,,,,,,1.189600,0.136487,1.291716,0.137169,0.000000,0.000000,-0.223739,,0.001330,0.000000,,,,0.114734,0.166682,1.500000,51.838200,4.705107,0.000000,circle,预设轨迹15,forward
1775476556.945629,47.745243,1775476560.739744|完整运动,完整运动,circle_orbit,1,1.000000,1.500000,1.500000,,,,,,,,,,,,,,,,1.191307,0.136534,1.293757,0.137123,0.000000,0.000000,-0.222898,,0.000558,0.000000,,,,0.114609,0.166682,1.500000,51.863032,4.680275,0.000000,circle,预设轨迹15,forward
1775476556.969011,47.768625,1775476560.739744|完整运动,完整运动,circle_orbit,1,1.000000,1.500000,1.500000,,,,,,,,,,,,,,,,1.192998,0.136788,1.294428,0.139959,0.000000,0.000000,-0.221382,,-0.000857,0.000000,,,,0.114659,0.166682,1.500000,51.912469,4.630838,0.000000,circle,预设轨迹15,forward
1775476556.990312,47.789927,1775476560.739744|完整运动,完整运动,circle_orbit,1,1.000000,1.500000,1.500000,,,,,,,,,,,,,,,,1.194654,0.136790,1.294042,0.136814,0.000000,0.000000,-0.220675,,-0.001387,0.000000,,,,0.114502,0.166682,1.500000,51.937145,4.606161,0.000000,circle,预设轨迹15,forward
1775476557.025266,47.824881,1775476560.739744|完整运动,完整运动,circle_orbit,1,1.000000,1.500000,1.500000,,,,,,,,,,,,,,,,1.196259,0.136806,1.292571,0.137004,0.000000,0.000000,-0.219915,,-0.002550,0.000000,,,,0.114361,0.166682,1.500000,51.961805,4.581502,0.000000,circle,预设轨迹15,forward
1775476557.065040,47.864655,1775476560.739744|完整运动,完整运动,circle_orbit,1,1.000000,1.500000,1.500000,,,,,,,,,,,,,,,,1.197788,0.136977,1.289500,0.139119,0.000000,0.000000,-0.218639,,-0.004844,0.000000,,,,0.114358,0.166682,1.500000,52.034972,4.508334,0.000000,circle,预设轨迹15,forward
1775476557.087396,47.887011,1775476560.739744|完整运动,完整运动,circle_orbit,1,1.000000,1.500000,1.500000,,,,,,,,,,,,,,,,1.199265,0.136906,1.287860,0.136012,0.000000,0.000000,-0.218141,,-0.005991,0.000000,,,,0.114158,0.166682,1.500000,52.059304,4.484003,0.000000,circle,预设轨迹15,forward
1775476557.108945,47.908560,1775476560.739744|完整运动,完整运动,circle_orbit,1,1.000000,1.500000,1.500000,,,,,,,,,,,,,,,,1.200700,0.136825,1.286830,0.135816,0.000000,0.000000,-0.217666,,-0.006785,0.000000,,,,0.113954,0.166682,1.500000,52.083691,4.459615,0.000000,circle,预设轨迹15,forward
1775476557.145055,47.944670,1775476560.739744|完整运动,完整运动,circle_orbit,1,1.000000,1.500000,1.500000,,,,,,,,,,,,,,,,1.202077,0.136791,1.284723,0.136372,0.000000,0.000000,-0.217030,,-0.008263,0.000000,,,,0.113796,0.166682,1.500000,52.107921,4.435386,0.000000,circle,预设轨迹15,forward
1775476557.167382,47.966997,1775476560.739744|完整运动,完整运动,circle_orbit,1,1.000000,1.500000,1.500000,,,,,,,,,,,,,,,,1.203399,0.137010,1.282721,0.139749,0.000000,0.000000,-0.215571,,-0.010050,0.000000,,,,0.113853,0.166682,1.500000,52.156380,4.386927,0.000000,circle,预设轨迹15,forward
1775476557.188472,47.988087,1775476560.739744|完整运动,完整运动,circle_orbit,1,1.000000,1.500000,1.500000,,,,,,,,,,,,,,,,1.204678,0.137002,1.281366,0.136898,0.000000,0.000000,-0.214845,,-0.011146,0.000000,,,,0.113725,0.166682,1.500000,52.180569,4.362737,0.000000,circle,预设轨迹15,forward
1775476557.212903,48.012518,1775476560.739744|完整运动,完整运动,circle_orbit,1,1.000000,1.500000,1.500000,,,,,,,,,,,,,,,,1.205906,0.137005,1.279601,0.137044,0.000000,0.000000,-0.214077,,-0.012496,0.000000,,,,0.113612,0.166682,1.500000,52.204779,4.338528,0.000000,circle,预设轨迹15,forward
1775476557.233414,48.033029,1775476560.739744|完整运动,完整运动,circle_orbit,1,1.000000,1.500000,1.500000,,,,,,,,,,,,,,,,1.207093,0.136985,1.278336,0.136733,0.000000,0.000000,-0.213380,,-0.013530,0.000000,,,,0.113483,0.166682,1.500000,52.228900,4.314407,0.000000,circle,预设轨迹15,forward
1775476557.261978,48.061592,1775476560.739744|完整运动,完整运动,circle_orbit,1,1.000000,1.500000,1.500000,,,,,,,,,,,,,,,,1.208243,0.136916,1.277242,0.136055,0.000000,0.000000,-0.212839,,-0.014400,0.000000,,,,0.113318,0.166682,1.500000,52.253140,4.290167,0.000000,circle,预设轨迹15,forward
1775476557.292126,48.091741,1775476560.739744|完整运动,完整运动,circle_orbit,1,1.000000,1.500000,1.500000,,,,,,,,,,,,,,,,1.209334,0.136903,1.274799,0.136739,0.000000,0.000000,-0.212110,,-0.016130,0.000000,,,,0.113205,0.166682,1.500000,52.301699,4.241607,0.000000,circle,预设轨迹15,forward
1775476557.313157,48.112771,1775476560.739744|完整运动,完整运动,circle_orbit,1,1.000000,1.500000,1.500000,,,,,,,,,,,,,,,,1.210388,0.136711,1.273619,0.134317,0.000000,0.000000,-0.211956,,-0.016880,0.000000,,,,0.112948,0.166682,1.500000,52.326309,4.216998,0.000000,circle,预设轨迹15,forward
1775476557.341961,48.141576,1775476560.739744|完整运动,完整运动,circle_orbit,1,1.000000,1.500000,1.500000,,,,,,,,,,,,,,,,1.211402,0.136506,1.272233,0.133940,0.000000,0.000000,-0.211842,,-0.017732,0.000000,,,,0.112684,0.166682,1.500000,52.351037,4.192270,0.000000,circle,预设轨迹15,forward
1775476557.371191,48.170805,1775476560.739744|完整运动,完整运动,circle_orbit,1,1.000000,1.500000,1.500000,,,,,,,,,,,,,,,,1.212377,0.136817,1.270851,0.140709,0.000000,0.000000,-0.210058,,-0.019327,0.000000,,,,0.112851,0.166682,1.500000,52.401989,4.141318,0.000000,circle,预设轨迹15,forward
1775476557.394042,48.193657,1775476560.739744|完整运动,完整运动,circle_orbit,1,1.000000,1.500000,1.500000,,,,,,,,,,,,,,,,1.213314,0.136810,1.269568,0.136715,0.000000,0.000000,-0.209309,,-0.020405,0.000000,,,,0.112757,0.166682,1.500000,52.427264,4.116043,0.000000,circle,预设轨迹15,forward
1775476557.425086,48.224700,1775476560.739744|完整运动,完整运动,circle_orbit,1,1.000000,1.500000,1.500000,,,,,,,,,,,,,,,,1.214204,0.137133,1.267619,0.141175,0.000000,0.000000,-0.207489,,-0.022349,0.000000,,,,0.112941,0.166682,1.500000,52.478101,4.065205,0.000000,circle,预设轨迹15,forward
1775476557.447041,48.246655,1775476560.739744|完整运动,完整运动,circle_orbit,1,1.000000,1.500000,1.500000,,,,,,,,,,,,,,,,1.215066,0.137165,1.266761,0.137562,0.000000,0.000000,-0.206617,,-0.023238,0.000000,,,,0.112887,0.166682,1.500000,52.503425,4.039881,0.000000,circle,预设轨迹15,forward
1775476557.485770,48.285385,1775476560.739744|完整运动,完整运动,circle_orbit,1,1.000000,1.500000,1.500000,,,,,,,,,,,,,,,,1.215895,0.137169,1.265625,0.137216,0.000000,0.000000,-0.205836,,-0.024249,0.000000,,,,0.112813,0.166682,1.500000,52.528798,4.014509,0.000000,circle,预设轨迹15,forward
1775476557.506360,48.305974,1775476560.739744|完整运动,完整运动,circle_orbit,1,1.000000,1.500000,1.500000,,,,,,,,,,,,,,,,1.216674,0.137420,1.263426,0.140557,0.000000,0.000000,-0.204253,,-0.026242,0.000000,,,,0.112947,0.166682,1.500000,52.579395,3.963911,0.000000,circle,预设轨迹15,forward
1775476557.527260,48.326874,1775476560.739744|完整运动,完整运动,circle_orbit,1,1.000000,1.500000,1.500000,,,,,,,,,,,,,,,,1.217430,0.137408,1.262770,0.137263,0.000000,0.000000,-0.203523,,-0.026952,0.000000,,,,0.112867,0.166682,1.500000,52.604967,3.938340,0.000000,circle,预设轨迹15,forward
1775476557.552814,48.352428,1775476560.739744|完整运动,完整运动,circle_orbit,1,1.000000,1.500000,1.500000,,,,,,,,,,,,,,,,1.218176,0.137327,1.262947,0.136312,0.000000,0.000000,-0.203021,,-0.027071,0.000000,,,,0.112732,0.166682,1.500000,52.630743,3.912563,0.000000,circle,预设轨迹15,forward
1775476557.573600,48.373214,1775476560.739744|完整运动,完整运动,circle_orbit,1,1.000000,1.500000,1.500000,,,,,,,,,,,,,,,,1.218897,0.137257,1.262148,0.136379,0.000000,0.000000,-0.202483,,-0.027780,0.000000,,,,0.112607,0.166682,1.500000,52.656564,3.886743,0.000000,circle,预设轨迹15,forward
1775476557.598615,48.398230,1775476560.739744|完整运动,完整运动,circle_orbit,1,1.000000,1.500000,1.500000,,,,,,,,,,,,,,,,1.219586,0.137190,1.260943,0.136354,0.000000,0.000000,-0.201934,,-0.028734,0.000000,,,,0.112489,0.166682,1.500000,52.682406,3.860900,0.000000,circle,预设轨迹15,forward
1775476557.633741,48.433356,1775476560.739744|完整运动,完整运动,circle_orbit,1,1.000000,1.500000,1.500000,,,,,,,,,,,,,,,,1.220249,0.137239,1.260051,0.137858,0.000000,0.000000,-0.201009,,-0.029671,0.000000,,,,0.112468,0.166682,1.500000,52.733592,3.809714,0.000000,circle,预设轨迹15,forward
1775476557.654098,48.453713,1775476560.739744|完整运动,完整运动,circle_orbit,1,1.000000,1.500000,1.500000,,,,,,,,,,,,,,,,1.220882,0.137136,1.258846,0.135841,0.000000,0.000000,-0.200581,,-0.030574,0.000000,,,,0.112325,0.166682,1.500000,52.758953,3.784354,0.000000,circle,预设轨迹15,forward
1775476557.682636,48.482251,1775476560.739744|完整运动,完整运动,circle_orbit,1,1.000000,1.500000,1.500000,,,,,,,,,,,,,,,,1.221490,0.137045,1.257973,0.135905,0.000000,0.000000,-0.200113,,-0.031299,0.000000,,,,0.112195,0.166682,1.500000,52.784385,3.758922,0.000000,circle,预设轨迹15,forward
1775476557.713339,48.512954,1775476560.739744|完整运动,完整运动,circle_orbit,1,1.000000,1.500000,1.500000,,,,,,,,,,,,,,,,1.222050,0.137258,1.255614,0.139924,0.000000,0.000000,-0.198658,,-0.033346,0.000000,,,,0.112318,0.166682,1.500000,52.835320,3.707986,0.000000,circle,预设轨迹15,forward
1775476557.733665,48.533280,1775476560.739744|完整运动,完整运动,circle_orbit,1,1.000000,1.500000,1.500000,,,,,,,,,,,,,,,,1.222586,0.137280,1.254764,0.137553,0.000000,0.000000,-0.197828,,-0.034221,0.000000,,,,0.112286,0.166682,1.500000,52.860676,3.682631,0.000000,circle,预设轨迹15,forward
1775476557.756611,48.556225,1775476560.739744|完整运动,完整运动,circle_orbit,1,1.000000,1.500000,1.500000,,,,,,,,,,,,,,,,1.223101,0.137303,1.254002,0.137596,0.000000,0.000000,-0.196996,,-0.035045,0.000000,,,,0.112258,0.166682,1.500000,52.885901,3.657406,0.000000,circle,预设轨迹15,forward
1775476557.789195,48.588809,1775476560.739744|完整运动,完整运动,circle_orbit,1,1.000000,1.500000,1.500000,,,,,,,,,,,,,,,,1.223588,0.137587,1.252789,0.141139,0.000000,0.000000,-0.195324,,-0.036512,0.000000,,,,0.112446,0.166682,1.500000,52.936104,3.607203,0.000000,circle,预设轨迹15,forward
1775476557.810311,48.609926,1775476560.739744|完整运动,完整运动,circle_orbit,1,1.000000,1.500000,1.500000,,,,,,,,,,,,,,,,1.224056,0.137552,1.252190,0.137111,0.000000,0.000000,-0.194690,,-0.037152,0.000000,,,,0.112374,0.166682,1.500000,52.961541,3.581766,0.000000,circle,预设轨迹15,forward
1775476557.836876,48.636490,1775476560.739744|完整运动,完整运动,circle_orbit,1,1.000000,1.500000,1.500000,,,,,,,,,,,,,,,,1.224506,0.137471,1.251476,0.136462,0.000000,0.000000,-0.194204,,-0.037794,0.000000,,,,0.112267,0.166682,1.500000,52.986868,3.556438,0.000000,circle,预设轨迹15,forward
1775476557.865913,48.665528,1775476560.739744|完整运动,完整运动,circle_orbit,1,1.000000,1.500000,1.500000,,,,,,,,,,,,,,,,1.224928,0.137343,1.250242,0.135734,0.000000,0.000000,-0.193872,,-0.038681,0.000000,,,,0.112123,0.166682,1.500000,53.012353,3.530954,0.000000,circle,预设轨迹15,forward
1775476557.886853,48.686468,1775476560.739744|完整运动,完整运动,circle_orbit,1,1.000000,1.500000,1.500000,,,,,,,,,,,,,,,,1.225291,0.137274,1.247064,0.136416,0.000000,0.000000,-0.193339,,-0.040830,0.000000,,,,0.112034,0.166682,1.500000,53.062896,3.480411,0.000000,circle,预设轨迹15,forward
1775476557.919932,48.719547,1775476560.739744|完整运动,完整运动,circle_orbit,1,1.000000,1.500000,1.500000,,,,,,,,,,,,,,,,1.225618,0.137128,1.245248,0.135309,0.000000,0.000000,-0.193052,,-0.042053,0.000000,,,,0.111885,0.166682,1.500000,53.088009,3.455297,0.000000,circle,预设轨迹15,forward
1775476557.944832,48.744447,1775476560.739744|完整运动,完整运动,circle_orbit,1,1.000000,1.500000,1.500000,,,,,,,,,,,,,,,,1.225914,0.136988,1.243672,0.135238,0.000000,0.000000,-0.192746,,-0.043143,0.000000,,,,0.111744,0.166682,1.500000,53.113192,3.430115,0.000000,circle,预设轨迹15,forward
1775476557.967392,48.767007,1775476560.739744|完整运动,完整运动,circle_orbit,1,1.000000,1.500000,1.500000,,,,,,,,,,,,,,,,1.226143,0.136900,1.239898,0.135789,0.000000,0.000000,-0.192266,,-0.045651,0.000000,,,,0.111651,0.166682,1.500000,53.163604,3.379703,0.000000,circle,预设轨迹15,forward
1775476557.996715,48.796329,1775476560.739744|完整运动,完整运动,circle_orbit,1,1.000000,1.500000,1.500000,,,,,,,,,,,,,,,,1.226335,0.136704,1.237824,0.134258,0.000000,0.000000,-0.192131,,-0.046978,0.000000,,,,0.111474,0.166682,1.500000,53.188691,3.354616,0.000000,circle,预设轨迹15,forward
1775476558.022892,48.822506,1775476560.739744|完整运动,完整运动,circle_orbit,1,1.000000,1.500000,1.500000,,,,,,,,,,,,,,,,1.226480,0.136578,1.235189,0.135009,0.000000,0.000000,-0.191764,,-0.048757,0.000000,,,,0.111358,0.166682,1.500000,53.213575,3.329731,0.000000,circle,预设轨迹15,forward
1775476558.043321,48.842936,1775476560.739744|完整运动,完整运动,circle_orbit,1,1.000000,1.500000,1.500000,,,,,,,,,,,,,,,,1.226575,0.136206,1.232295,0.131554,0.000000,0.000000,-0.192190,,-0.050350,0.000000,,,,0.111046,0.166682,1.500000,53.262707,3.280600,0.000000,circle,预设轨迹15,forward
1775476558.076972,48.876587,1775476560.739744|完整运动,完整运动,circle_orbit,1,1.000000,1.500000,1.500000,,,,,,,,,,,,,,,,1.226639,0.135881,1.230462,0.131816,0.000000,0.000000,-0.192461,,-0.051363,0.000000,,,,0.110775,0.166682,1.500000,53.287391,3.255915,0.000000,circle,预设轨迹15,forward
1775476558.101695,48.901310,1775476560.739744|完整运动,完整运动,circle_orbit,1,1.000000,1.500000,1.500000,,,,,,,,,,,,,,,,1.226673,0.135557,1.228743,0.131509,0.000000,0.000000,-0.192726,,-0.052310,0.000000,,,,0.110508,0.166682,1.500000,53.312161,3.231146,0.000000,circle,预设轨迹15,forward
1775476558.126046,48.925661,1775476560.739744|完整运动,完整运动,circle_orbit,1,1.000000,1.500000,1.500000,,,,,,,,,,,,,,,,1.226657,0.135161,1.225685,0.130209,0.000000,0.000000,-0.193221,,-0.053995,0.000000,,,,0.110186,0.166682,1.500000,53.361843,3.181464,0.000000,circle,预设轨迹15,forward
1775476558.156661,48.956276,1775476560.739744|完整运动,完整运动,circle_orbit,1,1.000000,1.500000,1.500000,,,,,,,,,,,,,,,,1.226609,0.134854,1.223695,0.131013,0.000000,0.000000,-0.193427,,-0.055147,0.000000,,,,0.109940,0.166682,1.500000,53.386708,3.156598,0.000000,circle,预设轨迹15,forward
1775476558.181511,48.981126,1775476560.739744|完整运动,完整运动,circle_orbit,1,1.000000,1.500000,1.500000,,,,,,,,,,,,,,,,1.226538,0.134533,1.222300,0.130527,0.000000,0.000000,-0.193680,,-0.055909,0.000000,,,,0.109685,0.166682,1.500000,53.411651,3.131656,0.000000,circle,预设轨迹15,forward
1775476558.203353,49.002968,1775476560.739744|完整运动,完整运动,circle_orbit,1,1.000000,1.500000,1.500000,,,,,,,,,,,,,,,,1.226422,0.134031,1.219447,0.127758,0.000000,0.000000,-0.194517,,-0.057331,0.000000,,,,0.109287,0.166682,1.500000,53.462297,3.081010,0.000000,circle,预设轨迹15,forward
1775476558.235045,49.034660,1775476560.739744|完整运动,完整运动,circle_orbit,1,1.000000,1.500000,1.500000,,,,,,,,,,,,,,,,1.226285,0.133615,1.218076,0.128412,0.000000,0.000000,-0.195079,,-0.057946,0.000000,,,,0.108959,0.166682,1.500000,53.487713,3.055594,0.000000,circle,预设轨迹15,forward
1775476558.260863,49.060478,1775476560.739744|完整运动,完整运动,circle_orbit,1,1.000000,1.500000,1.500000,,,,,,,,,,,,,,,,1.226119,0.133144,1.216189,0.127257,0.000000,0.000000,-0.195821,,-0.058811,0.000000,,,,0.108590,0.166682,1.500000,53.513114,3.030193,0.000000,circle,预设轨迹15,forward
1775476558.281151,49.080765,1775476560.739744|完整运动,完整运动,circle_orbit,1,1.000000,1.500000,1.500000,,,,,,,,,,,,,,,,1.225886,0.132510,1.211898,0.124578,0.000000,0.000000,-0.197084,,-0.060979,0.000000,,,,0.108093,0.166682,1.500000,53.563875,2.979432,0.000000,circle,预设轨迹15,forward
1775476558.311118,49.110733,1775476560.739744|完整运动,完整运动,circle_orbit,1,1.000000,1.500000,1.500000,,,,,,,,,,,,,,,,1.225630,0.132084,1.210256,0.126758,0.000000,0.000000,-0.197677,,-0.061765,0.000000,,,,0.107768,0.166682,1.500000,53.589249,2.954058,0.000000,circle,预设轨迹15,forward
1775476558.336473,49.136088,1775476560.739744|完整运动,完整运动,circle_orbit,1,1.000000,1.500000,1.500000,,,,,,,,,,,,,,,,1.225353,0.131723,1.208712,0.127212,0.000000,0.000000,-0.198066,,-0.062581,0.000000,,,,0.107498,0.166682,1.500000,53.614863,2.928443,0.000000,circle,预设轨迹15,forward
1775476558.357234,49.156848,1775476560.739744|完整运动,完整运动,circle_orbit,1,1.000000,1.500000,1.500000,,,,,,,,,,,,,,,,1.225020,0.131242,1.205087,0.125237,0.000000,0.000000,-0.198842,,-0.064569,0.000000,,,,0.107135,0.166682,1.500000,53.665765,2.877541,0.000000,circle,预设轨迹15,forward
1775476558.383929,49.183544,1775476560.739744|完整运动,完整运动,circle_orbit,1,1.000000,1.500000,1.500000,,,,,,,,,,,,,,,,1.224694,0.131006,1.205087,0.128056,0.000000,0.000000,-0.198842,,-0.064569,0.000000,,,,0.106971,0.166682,1.500000,53.665765,2.877541,0.000000,circle,预设轨迹15,forward
1775476558.421227,49.220841,1775476560.739744|完整运动,完整运动,circle_orbit,1,1.000000,1.500000,1.500000,,,,,,,,,,,,,,,,1.224317,0.130526,1.201734,0.124519,0.000000,0.000000,-0.199636,,-0.066387,0.000000,,,,0.106611,0.166682,1.500000,53.716168,2.827139,0.000000,circle,预设轨迹15,forward
1775476558.441593,49.241207,1775476560.739744|完整运动,完整运动,circle_orbit,1,1.000000,1.500000,1.500000,,,,,,,,,,,,,,,,1.223892,0.129885,1.198378,0.121883,0.000000,0.000000,-0.200946,,-0.067990,0.000000,,,,0.106125,0.166682,1.500000,53.766089,2.777218,0.000000,circle,预设轨迹15,forward
1775476558.465179,49.264794,1775476560.739744|完整运动,完整运动,circle_orbit,1,1.000000,1.500000,1.500000,,,,,,,,,,,,,,,,1.223474,0.129654,1.198378,0.126767,0.000000,0.000000,-0.200946,,-0.067990,0.000000,,,,0.105972,0.166682,1.500000,53.766089,2.777218,0.000000,circle,预设轨迹15,forward
1775476558.486624,49.286239,1775476560.739744|完整运动,完整运动,circle_orbit,1,1.000000,1.500000,1.500000,,,,,,,,,,,,,,,,1.223013,0.129023,1.195347,0.121128,0.000000,0.000000,-0.202245,,-0.069396,0.000000,,,,0.105496,0.166682,1.500000,53.816266,2.727041,0.000000,circle,预设轨迹15,forward
1775476558.514616,49.314231,1775476560.739744|完整运动,完整运动,circle_orbit,1,1.000000,1.500000,1.500000,,,,,,,,,,,,,,,,1.222534,0.128639,1.193808,0.123834,0.000000,0.000000,-0.202754,,-0.070181,0.000000,,,,0.105223,0.166682,1.500000,53.841396,2.701910,0.000000,circle,预设轨迹15,forward
1775476558.536583,49.336197,1775476560.739744|完整运动,完整运动,circle_orbit,1,1.000000,1.500000,1.500000,,,,,,,,,,,,,,,,1.222013,0.128131,1.190753,0.121790,0.000000,0.000000,-0.203664,,-0.071791,0.000000,,,,0.104853,0.166682,1.500000,53.891406,2.651901,0.000000,circle,预设轨迹15,forward
1775476558.559181,49.358796,1775476560.739744|完整运动,完整运动,circle_orbit,1,1.000000,1.500000,1.500000,,,,,,,,,,,,,,,,1.221474,0.127773,1.189114,0.123296,0.000000,0.000000,-0.204101,,-0.072682,0.000000,,,,0.104606,0.166682,1.500000,53.916309,2.626998,0.000000,circle,预设轨迹15,forward
1775476558.587168,49.386782,1775476560.739744|完整运动,完整运动,circle_orbit,1,1.000000,1.500000,1.500000,,,,,,,,,,,,,,,,1.220923,0.127375,1.187872,0.122395,0.000000,0.000000,-0.204681,,-0.073249,0.000000,,,,0.104327,0.166682,1.500000,53.941446,2.601860,0.000000,circle,预设轨迹15,forward
1775476558.607808,49.407423,1775476560.739744|完整运动,完整运动,circle_orbit,1,1.000000,1.500000,1.500000,,,,,,,,,,,,,,,,1.220360,0.126941,1.186580,0.121525,0.000000,0.000000,-0.205386,,-0.073794,0.000000,,,,0.104020,0.166682,1.500000,53.966750,2.576556,0.000000,circle,预设轨迹15,forward
1775476558.640914,49.440529,1775476560.739744|完整运动,完整运动,circle_orbit,1,1.000000,1.500000,1.500000,,,,,,,,,,,,,,,,1.219776,0.126507,1.184753,0.121077,0.000000,0.000000,-0.206103,,-0.074694,0.000000,,,,0.103713,0.166682,1.500000,53.992128,2.551179,0.000000,circle,预设轨迹15,forward
1775476558.666335,49.465950,1775476560.739744|完整运动,完整运动,circle_orbit,1,1.000000,1.500000,1.500000,,,,,,,,,,,,,,,,1.219152,0.125858,1.181714,0.117747,0.000000,0.000000,-0.207517,,-0.076101,0.000000,,,,0.103234,0.166682,1.500000,54.042815,2.500492,0.000000,circle,预设轨迹15,forward
1775476558.686864,49.486479,1775476560.739744|完整运动,完整运动,circle_orbit,1,1.000000,1.500000,1.500000,,,,,,,,,,,,,,,,1.218512,0.125423,1.180087,0.119981,0.000000,0.000000,-0.208250,,-0.076869,0.000000,,,,0.102931,0.166682,1.500000,54.068098,2.475209,0.000000,circle,预设轨迹15,forward
1775476558.712351,49.511966,1775476560.739744|完整运动,完整运动,circle_orbit,1,1.000000,1.500000,1.500000,,,,,,,,,,,,,,,,1.217860,0.124983,1.178734,0.119485,0.000000,0.000000,-0.209008,,-0.077444,0.000000,,,,0.102625,0.166682,1.500000,54.093491,2.449816,0.000000,circle,预设轨迹15,forward
1775476558.735751,49.535365,1775476560.739744|完整运动,完整运动,circle_orbit,1,1.000000,1.500000,1.500000,,,,,,,,,,,,,,,,1.217190,0.124498,1.177040,0.118438,0.000000,0.000000,-0.209923,,-0.078181,0.000000,,,,0.102283,0.166682,1.500000,54.118998,2.424309,0.000000,circle,预设轨迹15,forward
1775476558.758468,49.558082,1775476560.739744|完整运动,完整运动,circle_orbit,1,1.000000,1.500000,1.500000,,,,,,,,,,,,,,,,1.216472,0.123774,1.173340,0.114722,0.000000,0.000000,-0.211613,,-0.079942,0.000000,,,,0.101748,0.166682,1.500000,54.169856,2.373451,0.000000,circle,预设轨迹15,forward
1775476558.784585,49.584200,1775476560.739744|完整运动,完整运动,circle_orbit,1,1.000000,1.500000,1.500000,,,,,,,,,,,,,,,,1.215742,0.123314,1.171974,0.117561,0.000000,0.000000,-0.212458,,-0.080498,0.000000,,,,0.101431,0.166682,1.500000,54.195063,2.348244,0.000000,circle,预设轨迹15,forward
1775476558.806325,49.605940,1775476560.739744|完整运动,完整运动,circle_orbit,1,1.000000,1.500000,1.500000,,,,,,,,,,,,,,,,1.214996,0.122846,1.170208,0.116994,0.000000,0.000000,-0.213341,,-0.081313,0.000000,,,,0.101108,0.166682,1.500000,54.220012,2.323295,0.000000,circle,预设轨迹15,forward
1775476558.831089,49.630704,1775476560.739744|完整运动,完整运动,circle_orbit,1,1.000000,1.500000,1.500000,,,,,,,,,,,,,,,,1.214232,0.122400,1.168415,0.116831,0.000000,0.000000,-0.214161,,-0.082178,0.000000,,,,0.100805,0.166682,1.500000,54.245004,2.298302,0.000000,circle,预设轨迹15,forward
1775476558.853374,49.652989,1775476560.739744|完整运动,完整运动,circle_orbit,1,1.000000,1.500000,1.500000,,,,,,,,,,,,,,,,1.213448,0.121931,1.166388,0.116071,0.000000,0.000000,-0.215068,,-0.083169,0.000000,,,,0.100483,0.166682,1.500000,54.269893,2.273414,0.000000,circle,预设轨迹15,forward
1775476558.879223,49.678838,1775476560.739744|完整运动,完整运动,circle_orbit,1,1.000000,1.500000,1.500000,,,,,,,,,,,,,,,,1.212617,0.121198,1.162784,0.112033,0.000000,0.000000,-0.216831,,-0.084876,0.000000,,,,0.099948,0.166682,1.500000,54.319539,2.223768,0.000000,circle,预设轨迹15,forward
1775476558.905219,49.704834,1775476560.739744|完整运动,完整运动,circle_orbit,1,1.000000,1.500000,1.500000,,,,,,,,,,,,,,,,1.211786,0.120742,1.161943,0.115038,0.000000,0.000000,-0.217711,,-0.085068,0.000000,,,,0.099639,0.166682,1.500000,54.344305,2.199001,0.000000,circle,预设轨迹15,forward
1775476558.929228,49.728842,1775476560.739744|完整运动,完整运动,circle_orbit,1,1.000000,1.500000,1.500000,,,,,,,,,,,,,,,,1.210952,0.120255,1.160886,0.114177,0.000000,0.000000,-0.218704,,-0.085362,0.000000,,,,0.099307,0.166682,1.500000,54.368984,2.174322,0.000000,circle,预设轨迹15,forward
1775476558.964843,49.764457,1775476560.739744|完整运动,完整运动,circle_orbit,1,1.000000,1.500000,1.500000,,,,,,,,,,,,,,,,1.210102,0.119803,1.159109,0.114141,0.000000,0.000000,-0.219599,,-0.086202,0.000000,,,,0.099002,0.166682,1.500000,54.393606,2.149701,0.000000,circle,预设轨迹15,forward
1775476558.989222,49.788836,1775476560.739744|完整运动,完整运动,circle_orbit,1,1.000000,1.500000,1.500000,,,,,,,,,,,,,,,,1.209217,0.119025,1.156129,0.109306,0.000000,0.000000,-0.221550,,-0.087420,0.000000,,,,0.098431,0.166682,1.500000,54.443312,2.099995,0.000000,circle,预设轨迹15,forward
1775476559.012938,49.812552,1775476560.739744|完整运动,完整运动,circle_orbit,1,1.000000,1.500000,1.500000,,,,,,,,,,,,,,,,1.208319,0.118563,1.154418,0.112781,0.000000,0.000000,-0.222491,,-0.088204,0.000000,,,,0.098122,0.166682,1.500000,54.468154,2.075153,0.000000,circle,预设轨迹15,forward
1775476559.034692,49.834306,1775476560.739744|完整运动,完整运动,circle_orbit,1,1.000000,1.500000,1.500000,,,,,,,,,,,,,,,,1.207405,0.118012,1.152596,0.111128,0.000000,0.000000,-0.223729,,-0.088937,0.000000,,,,0.097740,0.166682,1.500000,54.492925,2.050382,0.000000,circle,预设轨迹15,forward
1775476559.058518,49.858133,1775476560.739744|完整运动,完整运动,circle_orbit,1,1.000000,1.500000,1.500000,,,,,,,,,,,,,,,,1.206474,0.117485,1.150587,0.110898,0.000000,0.000000,-0.224900,,-0.089836,0.000000,,,,0.097379,0.166682,1.500000,54.517800,2.025506,0.000000,circle,预设轨迹15,forward
1775476559.095945,49.895559,1775476560.739744|完整运动,完整运动,circle_orbit,1,1.000000,1.500000,1.500000,,,,,,,,,,,,,,,,1.205515,0.116566,1.147950,0.105080,0.000000,0.000000,-0.227344,,-0.090622,0.000000,,,,0.096694,0.166682,1.500000,54.568209,1.975098,0.000000,circle,预设轨迹15,forward
1775476559.116934,49.916549,1775476560.739744|完整运动,完整运动,circle_orbit,1,1.000000,1.500000,1.500000,,,,,,,,,,,,,,,,1.204521,0.115580,1.144895,0.103259,0.000000,0.000000,-0.230004,,-0.091619,0.000000,,,,0.095955,0.166682,1.500000,54.618757,1.924550,0.000000,circle,预设轨迹15,forward
1775476559.139969,49.939584,1775476560.739744|完整运动,完整运动,circle_orbit,1,1.000000,1.500000,1.500000,,,,,,,,,,,,,,,,1.203510,0.115021,1.142847,0.108025,0.000000,0.000000,-0.231294,,-0.092513,0.000000,,,,0.095571,0.166682,1.500000,54.643974,1.899332,0.000000,circle,预设轨迹15,forward
1775476559.169166,49.968781,1775476560.739744|完整运动,完整运动,circle_orbit,1,1.000000,1.500000,1.500000,,,,,,,,,,,,,,,,1.202515,0.114867,1.142847,0.112952,0.000000,0.000000,-0.231294,,-0.092513,0.000000,,,,0.095523,0.166682,1.500000,54.643974,1.899332,0.000000,circle,预设轨迹15,forward
1775476559.190307,49.989922,1775476560.739744|完整运动,完整运动,circle_orbit,1,1.000000,1.500000,1.500000,,,,,,,,,,,,,,,,1.201492,0.113842,1.140084,0.101031,0.000000,0.000000,-0.234123,,-0.093243,0.000000,,,,0.094751,0.166682,1.500000,54.694026,1.849280,0.000000,circle,预设轨迹15,forward
1775476559.212836,50.012450,1775476560.739744|完整运动,完整运动,circle_orbit,1,1.000000,1.500000,1.500000,,,,,,,,,,,,,,,,1.200460,0.113175,1.138548,0.104829,0.000000,0.000000,-0.235805,,-0.093605,0.000000,,,,0.094276,0.166682,1.500000,54.718914,1.824392,0.000000,circle,预设轨迹15,forward
1775476559.235213,50.034827,1775476560.739744|完整运动,完整运动,circle_orbit,1,1.000000,1.500000,1.500000,,,,,,,,,,,,,,,,1.199419,0.112498,1.136980,0.104037,0.000000,0.000000,-0.237530,,-0.093973,0.000000,,,,0.093794,0.166682,1.500000,54.743865,1.799442,0.000000,circle,预设轨迹15,forward
1775476559.265445,50.065059,1775476560.739744|完整运动,完整运动,circle_orbit,1,1.000000,1.500000,1.500000,,,,,,,,,,,,,,,,1.198350,0.111394,1.134188,0.097600,0.000000,0.000000,-0.240640,,-0.094622,0.000000,,,,0.092956,0.166682,1.500000,54.793635,1.749672,0.000000,circle,预设轨迹15,forward
1775476559.287263,50.086878,1775476560.739744|完整运动,完整运动,circle_orbit,1,1.000000,1.500000,1.500000,,,,,,,,,,,,,,,,1.197269,0.110790,1.132445,0.103240,0.000000,0.000000,-0.242144,,-0.095225,0.000000,,,,0.092536,0.166682,1.500000,54.818294,1.725013,0.000000,circle,预设轨迹15,forward
1775476559.308341,50.107956,1775476560.739744|完整运动,完整运动,circle_orbit,1,1.000000,1.500000,1.500000,,,,,,,,,,,,,,,,1.196173,0.110237,1.130391,0.103322,0.000000,0.000000,-0.243499,,-0.096127,0.000000,,,,0.092158,0.166682,1.500000,54.842780,1.700526,0.000000,circle,预设轨迹15,forward
1775476559.336517,50.136132,1775476560.739744|完整运动,完整运动,circle_orbit,1,1.000000,1.500000,1.500000,,,,,,,,,,,,,,,,1.195069,0.109721,1.128843,0.103264,0.000000,0.000000,-0.244751,,-0.096707,0.000000,,,,0.091811,0.166682,1.500000,54.867248,1.676059,0.000000,circle,预设轨迹15,forward
1775476559.360526,50.160140,1775476560.739744|完整运动,完整运动,circle_orbit,1,1.000000,1.500000,1.500000,,,,,,,,,,,,,,,,1.193967,0.109231,1.127819,0.103110,0.000000,0.000000,-0.245937,,-0.096935,0.000000,,,,0.091486,0.166682,1.500000,54.892446,1.650861,0.000000,circle,预设轨迹15,forward
1775476559.391364,50.190979,1775476560.739744|完整运动,完整运动,circle_orbit,1,1.000000,1.500000,1.500000,,,,,,,,,,,,,,,,1.192843,0.108285,1.125389,0.096461,0.000000,0.000000,-0.248607,,-0.097543,0.000000,,,,0.090779,0.166682,1.500000,54.942468,1.600839,0.000000,circle,预设轨迹15,forward
1775476559.419307,50.218921,1775476560.739744|完整运动,完整运动,circle_orbit,1,1.000000,1.500000,1.500000,,,,,,,,,,,,,,,,1.191720,0.107771,1.124360,0.101348,0.000000,0.000000,-0.249895,,-0.097733,0.000000,,,,0.090433,0.166682,1.500000,54.967386,1.575921,0.000000,circle,预设轨迹15,forward
1775476559.443470,50.243084,1775476560.739744|完整运动,完整运动,circle_orbit,1,1.000000,1.500000,1.500000,,,,,,,,,,,,,,,,1.190561,0.106956,1.121010,0.096773,0.000000,0.000000,-0.252163,,-0.099217,0.000000,,,,0.089837,0.166682,1.500000,55.016799,1.526507,0.000000,circle,预设轨迹15,forward
1775476559.474076,50.273690,1775476560.739744|完整运动,完整运动,circle_orbit,1,1.000000,1.500000,1.500000,,,,,,,,,,,,,,,,1.189399,0.106470,1.119714,0.100394,0.000000,0.000000,-0.253383,,-0.099642,0.000000,,,,0.089516,0.166682,1.500000,55.041553,1.501754,0.000000,circle,预设轨迹15,forward
1775476559.500080,50.299694,1775476560.739744|完整运动,完整运动,circle_orbit,1,1.000000,1.500000,1.500000,,,,,,,,,,,,,,,,1.188240,0.105930,1.118701,0.099173,0.000000,0.000000,-0.254798,,-0.099771,0.000000,,,,0.089148,0.166682,1.500000,55.066489,1.476818,0.000000,circle,预设轨迹15,forward
1775476559.527912,50.327527,1775476560.739744|完整运动,完整运动,circle_orbit,1,1.000000,1.500000,1.500000,,,,,,,,,,,,,,,,1.187058,0.104896,1.116136,0.091979,0.000000,0.000000,-0.257815,,-0.100356,0.000000,,,,0.088367,0.166682,1.500000,55.116554,1.426753,0.000000,circle,预设轨迹15,forward
1775476559.566995,50.366609,1775476560.739744|完整运动,完整运动,circle_orbit,1,1.000000,1.500000,1.500000,,,,,,,,,,,,,,,,1.185878,0.104338,1.115036,0.097363,0.000000,0.000000,-0.259308,,-0.100521,0.000000,,,,0.087984,0.166682,1.500000,55.141734,1.401573,0.000000,circle,预设轨迹15,forward
1775476559.589469,50.389084,1775476560.739744|完整运动,完整运动,circle_orbit,1,1.000000,1.500000,1.500000,,,,,,,,,,,,,,,,1.184682,0.103312,1.112933,0.090484,0.000000,0.000000,-0.262325,,-0.100769,0.000000,,,,0.087207,0.166682,1.500000,55.191741,1.351565,0.000000,circle,预设轨迹15,forward
1775476559.610417,50.410032,1775476560.739744|完整运动,完整运动,circle_orbit,1,1.000000,1.500000,1.500000,,,,,,,,,,,,,,,,1.183489,0.102700,1.111894,0.095052,0.000000,0.000000,-0.264017,,-0.100804,0.000000,,,,0.086778,0.166682,1.500000,55.216705,1.326602,0.000000,circle,预设轨迹15,forward
1775476559.634070,50.433684,1775476560.739744|完整运动,完整运动,circle_orbit,1,1.000000,1.500000,1.500000,,,,,,,,,,,,,,,,1.182290,0.102090,1.110354,0.094457,0.000000,0.000000,-0.265720,,-0.101216,0.000000,,,,0.086349,0.166682,1.500000,55.241666,1.301640,0.000000,circle,预设轨迹15,forward
1775476559.657690,50.457304,1775476560.739744|完整运动,完整运动,circle_orbit,1,1.000000,1.500000,1.500000,,,,,,,,,,,,,,,,1.181089,0.101483,1.109075,0.093902,0.000000,0.000000,-0.267427,,-0.101432,0.000000,,,,0.085923,0.166682,1.500000,55.266560,1.276747,0.000000,circle,预设轨迹15,forward
1775476559.684610,50.484225,1775476560.739744|完整运动,完整运动,circle_orbit,1,1.000000,1.500000,1.500000,,,,,,,,,,,,,,,,1.179887,0.100900,1.107740,0.093608,0.000000,0.000000,-0.269076,,-0.101717,0.000000,,,,0.085516,0.166682,1.500000,55.291497,1.251810,0.000000,circle,预设轨迹15,forward
1775476559.704952,50.504567,1775476560.739744|完整运动,完整运动,circle_orbit,1,1.000000,1.500000,1.500000,,,,,,,,,,,,,,,,1.178671,0.099915,1.105719,0.087611,0.000000,0.000000,-0.272033,,-0.101949,0.000000,,,,0.084770,0.166682,1.500000,55.340763,1.202544,0.000000,circle,预设轨迹15,forward
1775476559.736916,50.536531,1775476560.739744|完整运动,完整运动,circle_orbit,1,1.000000,1.500000,1.500000,,,,,,,,,,,,,,,,1.177466,0.099364,1.105163,0.092476,0.000000,0.000000,-0.273604,,-0.101678,0.000000,,,,0.084388,0.166682,1.500000,55.365103,1.178204,0.000000,circle,预设轨迹15,forward
1775476559.763304,50.562919,1775476560.739744|完整运动,完整运动,circle_orbit,1,1.000000,1.500000,1.500000,,,,,,,,,,,,,,,,1.176257,0.098870,1.103726,0.092693,0.000000,0.000000,-0.275009,,-0.102158,0.000000,,,,0.084055,0.166682,1.500000,55.389381,1.153925,0.000000,circle,预设轨迹15,forward
1775476559.783756,50.583371,1775476560.739744|完整运动,完整运动,circle_orbit,1,1.000000,1.500000,1.500000,,,,,,,,,,,,,,,,1.175044,0.097938,1.102279,0.086282,0.000000,0.000000,-0.277846,,-0.102012,0.000000,,,,0.083348,0.166682,1.500000,55.438317,1.104990,0.000000,circle,预设轨迹15,forward
1775476559.822244,50.621859,1775476560.739744|完整运动,完整运动,circle_orbit,1,1.000000,1.500000,1.500000,,,,,,,,,,,,,,,,1.173830,0.097435,1.100983,0.091145,0.000000,0.000000,-0.279307,,-0.102364,0.000000,,,,0.083006,0.166682,1.500000,55.462800,1.080507,0.000000,circle,预设轨迹15,forward
1775476559.859163,50.658778,1775476560.739744|完整运动,完整运动,circle_orbit,1,1.000000,1.500000,1.500000,,,,,,,,,,,,,,,,1.172590,0.096543,1.098194,0.085397,0.000000,0.000000,-0.282034,,-0.103314,0.000000,,,,0.082333,0.166682,1.500000,55.511582,1.031725,0.000000,circle,预设轨迹15,forward
1775476559.879708,50.679322,1775476560.739744|完整运动,完整运动,circle_orbit,1,1.000000,1.500000,1.500000,,,,,,,,,,,,,,,,1.171351,0.095609,1.097017,0.083930,0.000000,0.000000,-0.284909,,-0.102952,0.000000,,,,0.081623,0.166682,1.500000,55.560425,0.982881,0.000000,circle,预设轨迹15,forward
1775476559.907133,50.706748,1775476560.739744|完整运动,完整运动,circle_orbit,1,1.000000,1.500000,1.500000,,,,,,,,,,,,,,,,1.170133,0.095571,1.097017,0.095097,0.000000,0.000000,-0.284909,,-0.102952,0.000000,,,,0.081675,0.166682,1.500000,55.560425,0.982881,0.000000,circle,预设轨迹15,forward
1775476559.930738,50.730353,1775476560.739744|完整运动,完整运动,circle_orbit,1,1.000000,1.500000,1.500000,,,,,,,,,,,,,,,,1.168908,0.094601,1.095425,0.082481,0.000000,0.000000,-0.287940,,-0.102847,0.000000,,,,0.080931,0.166682,1.500000,55.609509,0.933797,0.000000,circle,预设轨迹15,forward
1775476559.955587,50.755202,1775476560.739744|完整运动,完整运动,circle_orbit,1,1.000000,1.500000,1.500000,,,,,,,,,,,,,,,,1.167686,0.094134,1.094376,0.088297,0.000000,0.000000,-0.289359,,-0.103036,0.000000,,,,0.080616,0.166682,1.500000,55.634262,0.909045,0.000000,circle,预设轨迹15,forward
1775476559.991395,50.791010,1775476560.739744|完整运动,完整运动,circle_orbit,1,1.000000,1.500000,1.500000,,,,,,,,,,,,,,,,1.166466,0.093229,1.093217,0.081910,0.000000,0.000000,-0.292210,,-0.102677,0.000000,,,,0.079924,0.166682,1.500000,55.683541,0.859766,0.000000,circle,预设轨迹15,forward
1775476560.033258,50.832872,1775476560.739744|完整运动,完整运动,circle_orbit,1,1.000000,1.500000,1.500000,,,,,,,,,,,,,,,,1.165254,0.092678,1.092568,0.085790,0.000000,0.000000,-0.293931,,-0.102422,0.000000,,,,0.079534,0.166682,1.500000,55.707972,0.835335,0.000000,circle,预设轨迹15,forward
1775476560.053600,50.853214,1775476560.739744|完整运动,完整运动,circle_orbit,1,1.000000,1.500000,1.500000,,,,,,,,,,,,,,,,1.164036,0.091517,1.090929,0.077009,0.000000,0.000000,-0.297633,,-0.102066,0.000000,,,,0.078620,0.166682,1.500000,55.756332,0.786975,0.000000,circle,预设轨迹15,forward
1775476560.084407,50.884022,1775476560.739744|完整运动,完整运动,circle_orbit,1,1.000000,1.500000,1.500000,,,,,,,,,,,,,,,,1.162818,0.090957,1.089789,0.083956,0.000000,0.000000,-0.299404,,-0.102177,0.000000,,,,0.078221,0.166682,1.500000,55.780567,0.762740,0.000000,circle,预设轨迹15,forward
1775476560.105657,50.905272,1775476560.739744|完整运动,完整运动,circle_orbit,1,1.000000,1.500000,1.500000,,,,,,,,,,,,,,,,1.161591,0.089924,1.087963,0.077014,0.000000,0.000000,-0.302715,,-0.102150,0.000000,,,,0.077415,0.166682,1.500000,55.828993,0.714313,0.000000,circle,预设轨迹15,forward
1775476560.135056,50.934671,1775476560.739744|完整运动,完整运动,circle_orbit,1,1.000000,1.500000,1.500000,,,,,,,,,,,,,,,,1.160368,0.089489,1.086971,0.084055,0.000000,0.000000,-0.304106,,-0.102317,0.000000,,,,0.077122,0.166682,1.500000,55.853002,0.690304,0.000000,circle,预设轨迹15,forward
1775476560.162311,50.961926,1775476560.739744|完整运动,完整运动,circle_orbit,1,1.000000,1.500000,1.500000,,,,,,,,,,,,,,,,1.159144,0.088608,1.085672,0.077593,0.000000,0.000000,-0.306958,,-0.102082,0.000000,,,,0.076443,0.166682,1.500000,55.901180,0.642127,0.000000,circle,预设轨迹15,forward
1775476560.183487,50.983101,1775476560.739744|完整运动,完整运动,circle_orbit,1,1.000000,1.500000,1.500000,,,,,,,,,,,,,,,,1.157929,0.088139,1.085072,0.082268,0.000000,0.000000,-0.308496,,-0.101876,0.000000,,,,0.076117,0.166682,1.500000,55.925333,0.617973,0.000000,circle,预设轨迹15,forward
1775476560.216869,51.016484,1775476560.739744|完整运动,完整运动,circle_orbit,1,1.000000,1.500000,1.500000,,,,,,,,,,,,,,,,1.156716,0.087738,1.083896,0.082732,0.000000,0.000000,-0.309829,,-0.102221,0.000000,,,,0.075851,0.166682,1.500000,55.949394,0.593913,0.000000,circle,预设轨迹15,forward
1775476560.239855,51.039469,1775476560.739744|完整运动,完整运动,circle_orbit,1,1.000000,1.500000,1.500000,,,,,,,,,,,,,,,,1.155508,0.086897,1.083025,0.076379,0.000000,0.000000,-0.312605,,-0.101682,0.000000,,,,0.075202,0.166682,1.500000,55.997296,0.546011,0.000000,circle,预设轨迹15,forward
1775476560.264609,51.064223,1775476560.739744|完整运动,完整运动,circle_orbit,1,1.000000,1.500000,1.500000,,,,,,,,,,,,,,,,1.154319,0.086920,1.083025,0.087218,0.000000,0.000000,-0.312605,,-0.101682,0.000000,,,,0.075300,0.166682,1.500000,55.997296,0.546011,0.000000,circle,预设轨迹15,forward
1775476560.304072,51.103687,1775476560.739744|完整运动,完整运动,circle_orbit,1,1.000000,1.500000,1.500000,,,,,,,,,,,,,,,,1.153106,0.086212,1.080324,0.077355,0.000000,0.000000,-0.314986,,-0.102788,0.000000,,,,0.074765,0.166682,1.500000,56.045371,0.497936,0.000000,circle,预设轨迹15,forward
1775476560.324576,51.124190,1775476560.739744|完整运动,完整运动,circle_orbit,1,1.000000,1.500000,1.500000,,,,,,,,,,,,,,,,1.151881,0.085484,1.078391,0.076384,0.000000,0.000000,-0.317435,,-0.103255,0.000000,,,,0.074212,0.166682,1.500000,56.093326,0.449981,0.000000,circle,预设轨迹15,forward
1775476560.346941,51.146556,1775476560.739744|完整运动,完整运动,circle_orbit,1,1.000000,1.500000,1.500000,,,,,,,,,,,,,,,,1.150670,0.085093,1.077968,0.080201,0.000000,0.000000,-0.318812,,-0.102984,0.000000,,,,0.073950,0.166682,1.500000,56.117228,0.426079,0.000000,circle,预设轨迹15,forward
1775476560.376589,51.176203,1775476560.739744|完整运动,完整运动,circle_orbit,1,1.000000,1.500000,1.500000,,,,,,,,,,,,,,,,1.149472,0.084639,1.077580,0.078966,0.000000,0.000000,-0.320409,,-0.102588,0.000000,,,,0.073633,0.166682,1.500000,56.141736,0.401571,0.000000,circle,预设轨迹15,forward
1775476560.397098,51.196712,1775476560.739744|完整运动,完整运动,circle_orbit,1,1.000000,1.500000,1.500000,,,,,,,,,,,,,,,,1.148280,0.083632,1.076797,0.071046,0.000000,0.000000,-0.323806,,-0.101710,0.000000,,,,0.072832,0.166682,1.500000,56.190682,0.352624,0.000000,circle,预设轨迹15,forward
1775476560.424502,51.224116,1775476560.739744|完整运动,完整运动,circle_orbit,1,1.000000,1.500000,1.500000,,,,,,,,,,,,,,,,1.147108,0.083681,1.076797,0.084290,0.000000,0.000000,-0.323806,,-0.101710,0.000000,,,,0.072949,0.166682,1.500000,56.190682,0.352624,0.000000,circle,预设轨迹15,forward
1775476560.445786,51.245400,1775476560.739744|完整运动,完整运动,circle_orbit,1,1.000000,1.500000,1.500000,,,,,,,,,,,,,,,,1.145940,0.082522,1.075818,0.068042,0.000000,0.000000,-0.327724,,-0.100761,0.000000,,,,0.072013,0.166682,1.500000,56.239454,0.303853,0.000000,circle,预设轨迹15,forward
1775476560.468549,51.268164,1775476560.739744|完整运动,完整运动,circle_orbit,1,1.000000,1.500000,1.500000,,,,,,,,,,,,,,,,1.144781,0.081943,1.075266,0.074707,0.000000,0.000000,-0.329775,,-0.100296,0.000000,,,,0.071580,0.166682,1.500000,56.263815,0.279492,0.000000,circle,预设轨迹15,forward
1775476560.489687,51.289302,1775476560.739744|完整运动,完整运动,circle_orbit,1,1.000000,1.500000,1.500000,,,,,,,,,,,,,,,,1.143632,0.081413,1.074670,0.074787,0.000000,0.000000,-0.331683,,-0.099932,0.000000,,,,0.071188,0.166682,1.500000,56.288207,0.255099,0.000000,circle,预设轨迹15,forward
1775476560.511065,51.310679,1775476560.739744|完整运动,完整运动,circle_orbit,1,1.000000,1.500000,1.500000,,,,,,,,,,,,,,,,1.142494,0.080907,1.074208,0.074575,0.000000,0.000000,-0.333530,,-0.099486,0.000000,,,,0.070816,0.166682,1.500000,56.312557,0.230749,0.000000,circle,预设轨迹15,forward
1775476560.548522,51.348136,1775476560.739744|完整运动,完整运动,circle_orbit,1,1.000000,1.500000,1.500000,,,,,,,,,,,,,,,,1.141364,0.080454,1.073582,0.074790,0.000000,0.000000,-0.335219,,-0.099245,0.000000,,,,0.070489,0.166682,1.500000,56.336760,0.206547,0.000000,circle,预设轨迹15,forward
1775476560.569968,51.369583,1775476560.739744|完整运动,完整运动,circle_orbit,1,1.000000,1.500000,1.500000,,,,,,,,,,,,,,,,1.140233,0.079589,1.072402,0.068776,0.000000,0.000000,-0.338249,,-0.098859,0.000000,,,,0.069800,0.166682,1.500000,56.384784,0.158522,0.000000,circle,预设轨迹15,forward
1775476560.592199,51.391814,1775476560.739744|完整运动,完整运动,circle_orbit,1,1.000000,1.500000,1.500000,,,,,,,,,,,,,,,,1.139119,0.079254,1.072263,0.075070,0.000000,0.000000,-0.339578,,-0.098381,0.000000,,,,0.069575,0.166682,1.500000,56.408811,0.134495,0.000000,circle,预设轨迹15,forward
1775476560.629268,51.428882,1775476560.739744|完整运动,完整运动,circle_orbit,1,1.000000,1.500000,1.500000,,,,,,,,,,,,,,,,1.138010,0.078486,1.071452,0.068889,0.000000,0.000000,-0.342319,,-0.097825,0.000000,,,,0.068968,0.166682,1.500000,56.457182,0.086125,0.000000,circle,预设轨迹15,forward
1775476560.649935,51.449549,1775476560.739744|完整运动,完整运动,circle_orbit,1,1.000000,1.500000,1.500000,,,,,,,,,,,,,,,,1.136910,0.078144,1.070951,0.073865,0.000000,0.000000,-0.343697,,-0.097621,0.000000,,,,0.068734,0.166682,1.500000,56.481144,0.062162,0.000000,circle,预设轨迹15,forward
1775476560.677578,51.477192,1775476560.739744|完整运动,完整运动,circle_orbit,1,1.000000,1.500000,1.500000,,,,,,,,,,,,,,,,1.135821,0.077820,1.070440,0.073775,0.000000,0.000000,-0.345031,,-0.097446,0.000000,,,,0.068515,0.166682,1.500000,56.505000,0.038307,0.000000,circle,预设轨迹15,forward
1775476560.705265,51.504880,1775476560.739744|完整运动,完整运动,circle_orbit,1,1.000000,1.500000,1.500000,,,,,,,,,,,,,,,,1.134748,0.077512,1.070374,0.073661,0.000000,0.000000,-0.346333,,-0.096921,0.000000,,,,0.068308,0.166682,1.500000,56.528778,0.014529,0.000000,circle,预设轨迹15,forward
