timestamp,relative_time_s,run_key,run_label,tracking_mode,segment_index,speed_sign,speed_mps,nominal_speed_abs_mps,lookahead_base_m,arrival_dist_m,slow_down_dist_m,stanley_gain,stanley_softening_distance_m,stanley_term_rad,lateral_pid_kp,lateral_pid_ki,lateral_pid_kd,heading_pid_kp,heading_pid_ki,heading_pid_kd,yaw_rate_pid_kp,yaw_rate_pid_ki,yaw_rate_pid_kd,cmd_v_mps,cmd_w_radps,desired_v_mps,desired_w_radps,feedback_v_mps,feedback_w_radps,lateral_error_m,stanley_lateral_pd_output_radps,heading_error_rad,yaw_rate_error_radps,lateral_pid_output_radps,heading_pid_output_radps,yaw_rate_pid_output_radps,path_curvature_inv_m,path_ff_w_radps,profile_speed_mps,path_s_m,dist_to_goal_m,pose_age_s,segment_kind,segment_trajectory_name,motion_direction
1775478222.031713,0.000000,1775478263.870723|完整运动,完整运动,circle_orbit,1,1.000000,1.500000,1.500000,,,,,,,,,,,,,,,,0.024590,0.003074,1.500000,0.003074,0.000000,0.000000,-0.000000,,0.000000,0.000000,,,,0.030741,0.003074,1.500000,0.000000,50.259457,0.000000,circle,预设轨迹15,forward
1775478222.052479,0.020766,1775478263.870723|完整运动,完整运动,circle_orbit,1,1.000000,1.500000,1.500000,,,,,,,,,,,,,,,,0.048776,0.003118,1.499927,0.003448,0.000000,0.000000,-0.000057,,-0.000002,0.000000,,,,0.031181,0.006098,1.500000,0.000002,50.259455,0.000000,circle,预设轨迹15,forward
1775478222.073013,0.041300,1775478263.870723|完整运动,完整运动,circle_orbit,1,1.000000,1.500000,1.500000,,,,,,,,,,,,,,,,0.072564,0.003240,1.499850,0.004158,0.000000,0.000000,-0.000118,,-0.000004,0.000000,,,,0.032405,0.009072,1.500000,0.000008,50.259449,0.000000,circle,预设轨迹15,forward
1775478222.093694,0.061981,1775478263.870723|完整运动,完整运动,circle_orbit,1,1.000000,1.500000,1.500000,,,,,,,,,,,,,,,,0.095961,0.003437,1.499772,0.004909,0.000000,0.000000,-0.000180,,-0.000005,0.000000,,,,0.034368,0.011997,1.500000,0.000013,50.259443,0.000000,circle,预设轨迹15,forward
1775478222.115314,0.083602,1775478263.870723|完整运动,完整运动,circle_orbit,1,1.000000,1.500000,1.500000,,,,,,,,,,,,,,,,0.118973,0.003702,1.499699,0.005694,0.000000,0.000000,-0.000245,,0.000003,0.000000,,,,0.031119,0.014873,1.500000,0.000021,50.259435,0.000000,circle,预设轨迹15,forward
1775478222.141606,0.109893,1775478263.870723|完整运动,完整运动,circle_orbit,1,1.000000,1.500000,1.500000,,,,,,,,,,,,,,,,0.141606,0.004032,1.499596,0.006503,0.000000,0.000000,-0.000313,,0.000011,0.000000,,,,0.028472,0.017703,1.500000,0.000024,50.259433,0.000000,circle,预设轨迹15,forward
1775478222.163899,0.132186,1775478263.870723|完整运动,完整运动,circle_orbit,1,1.000000,1.500000,1.500000,,,,,,,,,,,,,,,,0.163866,0.004384,1.499459,0.007024,0.000000,0.000000,-0.000439,,0.000006,0.000000,,,,0.026752,0.020486,1.500000,0.000022,50.259434,0.000000,circle,预设轨迹15,forward
1775478222.190944,0.159232,1775478263.870723|完整运动,完整运动,circle_orbit,1,1.000000,1.500000,1.500000,,,,,,,,,,,,,,,,0.185760,0.004844,1.499388,0.008294,0.000000,0.000000,-0.000496,,0.000007,0.000000,,,,0.026076,0.023223,1.500000,0.000027,50.259429,0.000000,circle,预设轨迹15,forward
1775478222.211436,0.179723,1775478263.870723|完整运动,完整运动,circle_orbit,1,1.000000,1.500000,1.500000,,,,,,,,,,,,,,,,0.207296,0.005452,1.499470,0.010012,0.000000,0.000000,-0.000421,,0.000010,0.000000,,,,0.026300,0.025915,1.500000,0.000064,50.259392,0.000000,circle,预设轨迹15,forward
1775478222.236414,0.204701,1775478263.870723|完整运动,完整运动,circle_orbit,1,1.000000,1.500000,1.500000,,,,,,,,,,,,,,,,0.228479,0.006061,1.499460,0.010628,0.000000,0.000000,-0.000413,,0.000018,0.000000,,,,0.026527,0.028563,1.500000,0.000086,50.259370,0.000000,circle,预设轨迹15,forward
1775478222.257303,0.225590,1775478263.870723|完整运动,完整运动,circle_orbit,1,1.000000,1.500000,1.500000,,,,,,,,,,,,,,,,0.249315,0.006720,1.499478,0.011663,0.000000,0.000000,-0.000401,,0.000017,0.000000,,,,0.026953,0.031168,1.500000,0.000102,50.259355,0.000000,circle,预设轨迹15,forward
1775478222.280782,0.249069,1775478263.870723|完整运动,完整运动,circle_orbit,1,1.000000,1.500000,1.500000,,,,,,,,,,,,,,,,0.269810,0.007426,1.499475,0.012718,0.000000,0.000000,-0.000386,,0.000026,0.000000,,,,0.027522,0.033730,1.500000,0.000117,50.259340,0.000000,circle,预设轨迹15,forward
1775478222.301366,0.269653,1775478263.870723|完整运动,完整运动,circle_orbit,1,1.000000,1.500000,1.500000,,,,,,,,,,,,,,,,0.289968,0.008181,1.499496,0.013849,0.000000,0.000000,-0.000359,,0.000031,0.000000,,,,0.028215,0.036250,1.500000,0.000145,50.259311,0.000000,circle,预设轨迹15,forward
1775478222.331474,0.299761,1775478263.870723|完整运动,完整运动,circle_orbit,1,1.000000,1.500000,1.500000,,,,,,,,,,,,,,,,0.309797,0.008957,1.499496,0.014777,0.000000,0.000000,-0.000359,,0.000031,0.000000,,,,0.028914,0.038729,1.500000,0.000145,50.259311,0.000000,circle,预设轨迹15,forward
1775478222.352152,0.320439,1775478263.870723|完整运动,完整运动,circle_orbit,1,1.000000,1.500000,1.500000,,,,,,,,,,,,,,,,0.329300,0.009784,1.499495,0.015987,0.000000,0.000000,-0.000340,,0.000041,0.000000,,,,0.029713,0.041167,1.500000,0.000181,50.259275,0.000000,circle,预设轨迹15,forward
1775478222.379605,0.347893,1775478263.870723|完整运动,完整运动,circle_orbit,1,1.000000,1.500000,1.500000,,,,,,,,,,,,,,,,0.348484,0.010641,1.499510,0.017068,0.000000,0.000000,-0.000328,,0.000040,0.000000,,,,0.030536,0.043566,1.500000,0.000201,50.259255,0.000000,circle,预设轨迹15,forward
1775478222.400007,0.368294,1775478263.870723|完整运动,完整运动,circle_orbit,1,1.000000,1.500000,1.500000,,,,,,,,,,,,,,,,0.367353,0.011529,1.499531,0.018183,0.000000,0.000000,-0.000321,,0.000035,0.000000,,,,0.031383,0.045925,1.500000,0.000217,50.259240,0.000000,circle,预设轨迹15,forward
1775478222.428271,0.396559,1775478263.870723|完整运动,完整运动,circle_orbit,1,1.000000,1.500000,1.500000,,,,,,,,,,,,,,,,0.385914,0.012445,1.499532,0.019319,0.000000,0.000000,-0.000317,,0.000036,0.000000,,,,0.032248,0.048245,1.500000,0.000227,50.259230,0.000000,circle,预设轨迹15,forward
1775478222.448693,0.416980,1775478263.870723|完整运动,完整运动,circle_orbit,1,1.000000,1.500000,1.500000,,,,,,,,,,,,,,,,0.404170,0.013399,1.499544,0.020551,0.000000,0.000000,-0.000303,,0.000038,0.000000,,,,0.033151,0.050527,1.500000,0.000256,50.259200,0.000000,circle,预设轨迹15,forward
1775478222.477082,0.445369,1775478263.870723|完整运动,完整运动,circle_orbit,1,1.000000,1.500000,1.500000,,,,,,,,,,,,,,,,0.422127,0.014370,1.499544,0.021657,0.000000,0.000000,-0.000303,,0.000038,0.000000,,,,0.034043,0.052772,1.500000,0.000256,50.259200,0.000000,circle,预设轨迹15,forward
1775478222.500705,0.468992,1775478263.870723|完整运动,完整运动,circle_orbit,1,1.000000,1.500000,1.500000,,,,,,,,,,,,,,,,0.439790,0.015384,1.499586,0.022985,0.000000,0.000000,-0.000282,,0.000032,0.000000,,,,0.034980,0.054980,1.500000,0.000299,50.259158,0.000000,circle,预设轨迹15,forward
1775478222.526299,0.494586,1775478263.870723|完整运动,完整运动,circle_orbit,1,1.000000,1.500000,1.500000,,,,,,,,,,,,,,,,0.457164,0.016407,1.499586,0.024077,0.000000,0.000000,-0.000282,,0.000032,0.000000,,,,0.035888,0.057152,1.500000,0.000299,50.259158,0.000000,circle,预设轨迹15,forward
1775478222.546744,0.515032,1775478263.870723|完整运动,完整运动,circle_orbit,1,1.000000,1.500000,1.500000,,,,,,,,,,,,,,,,0.474253,0.017467,1.499596,0.025418,0.000000,0.000000,-0.000262,,0.000037,0.000000,,,,0.036830,0.059289,1.500000,0.000322,50.259134,0.000000,circle,预设轨迹15,forward
1775478222.578090,0.546377,1775478263.870723|完整运动,完整运动,circle_orbit,1,1.000000,1.500000,1.500000,,,,,,,,,,,,,,,,0.491062,0.018543,1.499615,0.026612,0.000000,0.000000,-0.000251,,0.000035,0.000000,,,,0.037760,0.061390,1.500000,0.000337,50.259120,0.000000,circle,预设轨迹15,forward
1775478222.598836,0.567123,1775478263.870723|完整运动,完整运动,circle_orbit,1,1.000000,1.500000,1.500000,,,,,,,,,,,,,,,,0.507596,0.019639,1.499602,0.027859,0.000000,0.000000,-0.000241,,0.000045,0.000000,,,,0.038690,0.063457,1.500000,0.000352,50.259104,0.000000,circle,预设轨迹15,forward
1775478222.629001,0.597288,1775478263.870723|完整运动,完整运动,circle_orbit,1,1.000000,1.500000,1.500000,,,,,,,,,,,,,,,,0.523859,0.020753,1.499646,0.029112,0.000000,0.000000,-0.000232,,0.000032,0.000000,,,,0.039616,0.065490,1.500000,0.000370,50.259086,0.000000,circle,预设轨迹15,forward
1775478222.649527,0.617814,1775478263.870723|完整运动,完整运动,circle_orbit,1,1.000000,1.500000,1.500000,,,,,,,,,,,,,,,,0.539856,0.021895,1.499675,0.030461,0.000000,0.000000,-0.000210,,0.000031,0.000000,,,,0.040558,0.067490,1.500000,0.000393,50.259064,0.000000,circle,预设轨迹15,forward
1775478222.677167,0.645454,1775478263.870723|完整运动,完整运动,circle_orbit,1,1.000000,1.500000,1.500000,,,,,,,,,,,,,,,,0.555591,0.023046,1.499687,0.031679,0.000000,0.000000,-0.000198,,0.000031,0.000000,,,,0.041481,0.069457,1.500000,0.000401,50.259055,0.000000,circle,预设轨迹15,forward
1775478222.697888,0.666175,1775478263.870723|完整运动,完整运动,circle_orbit,1,1.000000,1.500000,1.500000,,,,,,,,,,,,,,,,0.571068,0.024212,1.499688,0.032954,0.000000,0.000000,-0.000189,,0.000036,0.000000,,,,0.042398,0.071392,1.500000,0.000407,50.259050,0.000000,circle,预设轨迹15,forward
1775478222.727811,0.696099,1775478263.870723|完整运动,完整运动,circle_orbit,1,1.000000,1.500000,1.500000,,,,,,,,,,,,,,,,0.586291,0.025393,1.499695,0.034249,0.000000,0.000000,-0.000178,,0.000038,0.000000,,,,0.043311,0.073295,1.500000,0.000414,50.259042,0.000000,circle,预设轨迹15,forward
1775478222.749424,0.717711,1775478263.870723|完整运动,完整运动,circle_orbit,1,1.000000,1.500000,1.500000,,,,,,,,,,,,,,,,0.601265,0.026593,1.499725,0.035596,0.000000,0.000000,-0.000160,,0.000035,0.000000,,,,0.044229,0.075167,1.500000,0.000434,50.259023,0.000000,circle,预设轨迹15,forward
1775478222.771661,0.739948,1775478263.870723|完整运动,完整运动,circle_orbit,1,1.000000,1.500000,1.500000,,,,,,,,,,,,,,,,0.615994,0.027801,1.499740,0.036861,0.000000,0.000000,-0.000149,,0.000034,0.000000,,,,0.045132,0.077009,1.500000,0.000442,50.259015,0.000000,circle,预设轨迹15,forward
1775478222.791998,0.760286,1775478263.870723|完整运动,完整运动,circle_orbit,1,1.000000,1.500000,1.500000,,,,,,,,,,,,,,,,0.630482,0.029021,1.499752,0.038167,0.000000,0.000000,-0.000138,,0.000034,0.000000,,,,0.046029,0.078820,1.500000,0.000449,50.259007,0.000000,circle,预设轨迹15,forward
1775478222.822996,0.791283,1775478263.870723|完整运动,完整运动,circle_orbit,1,1.000000,1.500000,1.500000,,,,,,,,,,,,,,,,0.644732,0.030248,1.499721,0.039450,0.000000,0.000000,-0.000131,,0.000050,0.000000,,,,0.046915,0.080601,1.500000,0.000457,50.259000,0.000000,circle,预设轨迹15,forward
1775478222.843639,0.811926,1775478263.870723|完整运动,完整运动,circle_orbit,1,1.000000,1.500000,1.500000,,,,,,,,,,,,,,,,0.658748,0.031492,1.499735,0.040828,0.000000,0.000000,-0.000114,,0.000053,0.000000,,,,0.047806,0.082353,1.500000,0.000475,50.258981,0.000000,circle,预设轨迹15,forward
1775478222.871495,0.839782,1775478263.870723|完整运动,完整运动,circle_orbit,1,1.000000,1.500000,1.500000,,,,,,,,,,,,,,,,0.672535,0.032734,1.499735,0.042047,0.000000,0.000000,-0.000114,,0.000053,0.000000,,,,0.048673,0.084077,1.500000,0.000475,50.258981,0.000000,circle,预设轨迹15,forward
1775478222.892102,0.860390,1775478263.870723|完整运动,完整运动,circle_orbit,1,1.000000,1.500000,1.500000,,,,,,,,,,,,,,,,0.686096,0.033991,1.499740,0.043421,0.000000,0.000000,-0.000104,,0.000056,0.000000,,,,0.049543,0.085772,1.500000,0.000493,50.258963,0.000000,circle,预设轨迹15,forward
1775478222.926271,0.894558,1775478263.870723|完整运动,完整运动,circle_orbit,1,1.000000,1.500000,1.500000,,,,,,,,,,,,,,,,0.699434,0.035258,1.499740,0.044756,0.000000,0.000000,-0.000092,,0.000062,0.000000,,,,0.050409,0.087440,1.500000,0.000508,50.258948,0.000000,circle,预设轨迹15,forward
1775478222.946860,0.915147,1775478263.870723|完整运动,完整运动,circle_orbit,1,1.000000,1.500000,1.500000,,,,,,,,,,,,,,,,0.712554,0.036525,1.499732,0.046027,0.000000,0.000000,-0.000089,,0.000067,0.000000,,,,0.051259,0.089080,1.500000,0.000513,50.258943,0.000000,circle,预设轨迹15,forward
1775478222.979387,0.947674,1775478263.870723|完整运动,完整运动,circle_orbit,1,1.000000,1.500000,1.500000,,,,,,,,,,,,,,,,0.725459,0.037802,1.499750,0.047376,0.000000,0.000000,-0.000081,,0.000064,0.000000,,,,0.052107,0.090693,1.500000,0.000521,50.258935,0.000000,circle,预设轨迹15,forward
1775478223.001966,0.970253,1775478263.870723|完整运动,完整运动,circle_orbit,1,1.000000,1.500000,1.500000,,,,,,,,,,,,,,,,0.738151,0.039047,1.499696,0.048390,0.000000,0.000000,-0.000124,,0.000065,0.000000,,,,0.052899,0.092280,1.500000,0.000529,50.258927,0.000000,circle,预设轨迹15,forward
1775478223.026112,0.994399,1775478263.870723|完整运动,完整运动,circle_orbit,1,1.000000,1.500000,1.500000,,,,,,,,,,,,,,,,0.750634,0.040298,1.499625,0.049681,0.000000,0.000000,-0.000169,,0.000072,0.000000,,,,0.053686,0.093841,1.500000,0.000537,50.258920,0.000000,circle,预设轨迹15,forward
1775478223.046865,1.015152,1775478263.870723|完整运动,完整运动,circle_orbit,1,1.000000,1.500000,1.500000,,,,,,,,,,,,,,,,0.762911,0.041526,1.499504,0.050737,0.000000,0.000000,-0.000254,,0.000080,0.000000,,,,0.054431,0.095375,1.500000,0.000553,50.258904,0.000000,circle,预设轨迹15,forward
1775478223.079812,1.048100,1775478263.870723|完整运动,完整运动,circle_orbit,1,1.000000,1.500000,1.500000,,,,,,,,,,,,,,,,0.774986,0.042820,1.499504,0.052521,0.000000,0.000000,-0.000254,,0.000080,0.000000,,,,0.055252,0.096885,1.500000,0.000553,50.258904,0.000000,circle,预设轨迹15,forward
1775478223.100235,1.068522,1775478263.870723|完整运动,完整运动,circle_orbit,1,1.000000,1.500000,1.500000,,,,,,,,,,,,,,,,0.786861,0.044049,1.499373,0.053272,0.000000,0.000000,-0.000348,,0.000087,0.000000,,,,0.055981,0.098369,1.500000,0.000564,50.258893,0.000000,circle,预设轨迹15,forward
1775478223.127017,1.095304,1775478263.870723|完整运动,完整运动,circle_orbit,1,1.000000,1.500000,1.500000,,,,,,,,,,,,,,,,0.798541,0.045315,1.499321,0.054809,0.000000,0.000000,-0.000398,,0.000084,0.000000,,,,0.056748,0.099830,1.500000,0.000571,50.258885,0.000000,circle,预设轨迹15,forward
1775478223.147392,1.115679,1775478263.870723|完整运动,完整运动,circle_orbit,1,1.000000,1.500000,1.500000,,,,,,,,,,,,,,,,0.810027,0.046550,1.499197,0.055814,0.000000,0.000000,-0.000495,,0.000087,0.000000,,,,0.057468,0.101266,1.500000,0.000584,50.258873,0.000000,circle,预设轨迹15,forward
1775478223.172004,1.140291,1775478263.870723|完整运动,完整运动,circle_orbit,1,1.000000,1.500000,1.500000,,,,,,,,,,,,,,,,0.821324,0.047825,1.499140,0.057381,0.000000,0.000000,-0.000541,,0.000088,0.000000,,,,0.058229,0.102678,1.500000,0.000589,50.258867,0.000000,circle,预设轨迹15,forward
1775478223.193389,1.161677,1775478263.870723|完整运动,完整运动,circle_orbit,1,1.000000,1.500000,1.500000,,,,,,,,,,,,,,,,0.832435,0.049104,1.499082,0.058696,0.000000,0.000000,-0.000583,,0.000091,0.000000,,,,0.058988,0.104067,1.500000,0.000595,50.258862,0.000000,circle,预设轨迹15,forward
1775478223.223060,1.191347,1775478263.870723|完整运动,完整运动,circle_orbit,1,1.000000,1.500000,1.500000,,,,,,,,,,,,,,,,0.843365,0.050462,1.499181,0.060651,0.000000,0.000000,-0.000511,,0.000086,0.000000,,,,0.059834,0.105433,1.500000,0.000547,50.258910,0.000000,circle,预设轨迹15,forward
1775478223.243374,1.211661,1775478263.870723|完整运动,完整运动,circle_orbit,1,1.000000,1.500000,1.500000,,,,,,,,,,,,,,,,0.854118,0.051824,1.499286,0.062041,0.000000,0.000000,-0.000430,,0.000082,0.000000,,,,0.060676,0.106778,1.500000,0.000486,50.258971,0.000000,circle,预设轨迹15,forward
1775478223.271581,1.239869,1775478263.870723|完整运动,完整运动,circle_orbit,1,1.000000,1.500000,1.500000,,,,,,,,,,,,,,,,0.864695,0.053126,1.499286,0.062889,0.000000,0.000000,-0.000430,,0.000082,0.000000,,,,0.061439,0.108100,1.500000,0.000486,50.258971,0.000000,circle,预设轨迹15,forward
1775478223.292217,1.260505,1775478263.870723|完整运动,完整运动,circle_orbit,1,1.000000,1.500000,1.500000,,,,,,,,,,,,,,,,0.875100,0.054480,1.499423,0.064635,0.000000,0.000000,-0.000354,,0.000064,0.000000,,,,0.062256,0.109401,1.500000,0.000416,50.259041,0.000000,circle,预设轨迹15,forward
1775478223.324614,1.292901,1775478263.870723|完整运动,完整运动,circle_orbit,1,1.000000,1.500000,1.500000,,,,,,,,,,,,,,,,0.885336,0.055802,1.499482,0.065717,0.000000,0.000000,-0.000317,,0.000057,0.000000,,,,0.063029,0.110680,1.500000,0.000378,50.259078,0.000000,circle,预设轨迹15,forward
1775478223.345191,1.313478,1775478263.870723|完整运动,完整运动,circle_orbit,1,1.000000,1.500000,1.500000,,,,,,,,,,,,,,,,0.895405,0.057146,1.499590,0.067228,0.000000,0.000000,-0.000244,,0.000048,0.000000,,,,0.063822,0.111939,1.500000,0.000298,50.259159,0.000000,circle,预设轨迹15,forward
1775478223.378680,1.346967,1775478263.870723|完整运动,完整运动,circle_orbit,1,1.000000,1.500000,1.500000,,,,,,,,,,,,,,,,0.905310,0.058435,1.499590,0.068101,0.000000,0.000000,-0.000244,,0.000048,0.000000,,,,0.064547,0.113177,1.500000,0.000298,50.259159,0.000000,circle,预设轨迹15,forward
1775478223.399164,1.367452,1775478263.870723|完整运动,完整运动,circle_orbit,1,1.000000,1.500000,1.500000,,,,,,,,,,,,,,,,0.915055,0.059777,1.499727,0.069842,0.000000,0.000000,-0.000165,,0.000031,0.000000,,,,0.065326,0.114396,1.500000,0.000219,50.259237,0.000000,circle,预设轨迹15,forward
1775478223.430613,1.398900,1775478263.870723|完整运动,完整运动,circle_orbit,1,1.000000,1.500000,1.500000,,,,,,,,,,,,,,,,0.924641,0.061088,1.499806,0.070916,0.000000,0.000000,-0.000124,,0.000019,0.000000,,,,0.066066,0.115594,1.500000,0.000178,50.259279,0.000000,circle,预设轨迹15,forward
1775478223.452732,1.421019,1775478263.870723|完整运动,完整运动,circle_orbit,1,1.000000,1.500000,1.500000,,,,,,,,,,,,,,,,0.934071,0.062425,1.499895,0.072454,0.000000,0.000000,-0.000038,,0.000025,0.000000,,,,0.066831,0.116773,1.500000,0.000104,50.259352,0.000000,circle,预设轨迹15,forward
1775478223.480727,1.449014,1775478263.870723|完整运动,完整运动,circle_orbit,1,1.000000,1.500000,1.500000,,,,,,,,,,,,,,,,0.943348,0.063726,1.499948,0.073482,0.000000,0.000000,0.000004,,0.000019,0.000000,,,,0.067553,0.117933,1.500000,0.000072,50.259384,0.000000,circle,预设轨迹15,forward
1775478223.503938,1.472225,1775478263.870723|完整运动,完整运动,circle_orbit,1,1.000000,1.500000,1.500000,,,,,,,,,,,,,,,,0.952467,0.065053,1.499609,0.075004,0.000000,0.000000,0.000091,,-0.000118,0.000000,,,,0.068299,0.119073,1.500000,0.000054,50.259403,0.000000,circle,预设轨迹15,forward
1775478223.530100,1.498387,1775478263.870723|完整运动,完整运动,circle_orbit,1,1.000000,1.500000,1.500000,,,,,,,,,,,,,,,,0.961436,0.066313,1.499609,0.075764,0.000000,0.000000,0.000091,,-0.000118,0.000000,,,,0.068972,0.120194,1.500000,0.000054,50.259403,0.000000,circle,预设轨迹15,forward
1775478223.553446,1.521733,1775478263.870723|完整运动,完整运动,circle_orbit,1,1.000000,1.500000,1.500000,,,,,,,,,,,,,,,,0.970234,0.067528,1.498060,0.076646,0.000000,0.000000,0.000036,,-0.000792,0.000000,,,,0.069600,0.121294,1.500000,0.001451,50.258006,0.000000,circle,预设轨迹15,forward
1775478223.577987,1.546275,1775478263.870723|完整运动,完整运动,circle_orbit,1,1.000000,1.500000,1.500000,,,,,,,,,,,,,,,,0.978898,0.068640,1.498744,0.076980,0.000000,0.000000,-0.000165,,-0.000441,0.000000,,,,0.070120,0.122377,1.500000,0.003672,50.255784,0.000000,circle,预设轨迹15,forward
1775478223.598322,1.566609,1775478263.870723|完整运动,完整运动,circle_orbit,1,1.000000,1.500000,1.500000,,,,,,,,,,,,,,,,0.987418,0.069738,1.498618,0.077967,0.000000,0.000000,-0.000387,,-0.000383,0.000000,,,,0.070626,0.123442,1.500000,0.007163,50.252294,0.000000,circle,预设轨迹15,forward
1775478223.623795,1.592082,1775478263.870723|完整运动,完整运动,circle_orbit,1,1.000000,1.500000,1.500000,,,,,,,,,,,,,,,,0.995799,0.070790,1.498708,0.078685,0.000000,0.000000,-0.000677,,0.000200,0.000000,,,,0.071089,0.124490,1.500000,0.012028,50.247429,0.000000,circle,预设轨迹15,forward
1775478223.644397,1.612684,1775478263.870723|完整运动,完整运动,circle_orbit,1,1.000000,1.500000,1.500000,,,,,,,,,,,,,,,,1.004023,0.071801,1.497440,0.079381,0.000000,0.000000,-0.001029,,0.000554,0.000000,,,,0.071513,0.125518,1.500000,0.025674,50.233783,0.000000,circle,预设轨迹15,forward
1775478223.681564,1.649852,1775478263.870723|完整运动,完整运动,circle_orbit,1,1.000000,1.500000,1.500000,,,,,,,,,,,,,,,,1.012107,0.073006,1.497133,0.082046,0.000000,0.000000,-0.001109,,0.000642,0.000000,,,,0.072133,0.126529,1.500000,0.034549,50.224907,0.000000,circle,预设轨迹15,forward
1775478223.707631,1.675918,1775478263.870723|完整运动,完整运动,circle_orbit,1,1.000000,1.500000,1.500000,,,,,,,,,,,,,,,,1.020027,0.074184,1.495251,0.083017,0.000000,0.000000,-0.001221,,0.001374,0.000000,,,,0.072727,0.127519,1.500000,0.044835,50.214622,0.000000,circle,预设轨迹15,forward
1775478223.736059,1.704346,1775478263.870723|完整运动,完整运动,circle_orbit,1,1.000000,1.500000,1.500000,,,,,,,,,,,,,,,,1.027758,0.075457,1.491590,0.085004,0.000000,0.000000,-0.001196,,0.002926,0.000000,,,,0.073419,0.128485,1.500000,0.069409,50.190048,0.000000,circle,预设轨迹15,forward
1775478223.760793,1.729081,1775478263.870723|完整运动,完整运动,circle_orbit,1,1.000000,1.500000,1.500000,,,,,,,,,,,,,,,,1.035318,0.076741,1.488959,0.086373,0.000000,0.000000,-0.001145,,0.004062,0.000000,,,,0.074123,0.129430,1.500000,0.083578,50.175878,0.000000,circle,预设轨迹15,forward
1775478223.781348,1.749636,1775478263.870723|完整运动,完整运动,circle_orbit,1,1.000000,1.500000,1.500000,,,,,,,,,,,,,,,,1.042727,0.078142,1.487236,0.088652,0.000000,0.000000,-0.000914,,0.004907,0.000000,,,,0.074940,0.130356,1.500000,0.098812,50.160644,0.000000,circle,预设轨迹15,forward
1775478223.812701,1.780989,1775478263.870723|完整运动,完整运动,circle_orbit,1,1.000000,1.500000,1.500000,,,,,,,,,,,,,,,,1.049974,0.080000,1.484825,0.093936,0.000000,0.000000,-0.000016,,0.006379,0.000000,,,,0.076193,0.131263,1.500000,0.132566,50.126890,0.000000,circle,预设轨迹15,forward
1775478223.835836,1.804124,1775478263.870723|完整运动,完整运动,circle_orbit,1,1.000000,1.500000,1.500000,,,,,,,,,,,,,,,,1.057049,0.081572,1.481548,0.093355,0.000000,0.000000,0.000518,,0.007525,0.000000,,,,0.077169,0.132147,1.500000,0.150939,50.108518,0.000000,circle,预设轨迹15,forward
1775478223.859237,1.827524,1775478263.870723|完整运动,完整运动,circle_orbit,1,1.000000,1.500000,1.500000,,,,,,,,,,,,,,,,1.063956,0.083143,1.478342,0.094929,0.000000,0.000000,0.001079,,0.008617,0.000000,,,,0.078145,0.133010,1.500000,0.170054,50.089402,0.000000,circle,预设轨迹15,forward
1775478223.887673,1.855960,1775478263.870723|完整运动,完整运动,circle_orbit,1,1.000000,1.500000,1.500000,,,,,,,,,,,,,,,,1.070691,0.084686,1.474780,0.096257,0.000000,0.000000,0.001627,,0.009874,0.000000,,,,0.079095,0.133852,1.500000,0.189729,50.069728,0.000000,circle,预设轨迹15,forward
1775478223.925201,1.893489,1775478263.870723|完整运动,完整运动,circle_orbit,1,1.000000,1.500000,1.500000,,,,,,,,,,,,,,,,1.077186,0.086709,1.466889,0.101885,0.000000,0.000000,0.002878,,0.012669,0.000000,,,,0.080496,0.134664,1.500000,0.229899,50.029557,0.000000,circle,预设轨迹15,forward
1775478223.961565,1.929852,1775478263.870723|完整运动,完整运动,circle_orbit,1,1.000000,1.500000,1.500000,,,,,,,,,,,,,,,,1.083430,0.088974,1.458057,0.105959,0.000000,0.000000,0.004518,,0.015720,0.000000,,,,0.082122,0.135445,1.500000,0.271375,49.988082,0.000000,circle,预设轨迹15,forward
1775478223.983501,1.951788,1775478263.870723|完整运动,完整运动,circle_orbit,1,1.000000,1.500000,1.500000,,,,,,,,,,,,,,,,1.089488,0.090634,1.452988,0.103088,0.000000,0.000000,0.005362,,0.017541,0.000000,,,,0.083190,0.136202,1.500000,0.292600,49.966856,0.000000,circle,预设轨迹15,forward
1775478224.003882,1.972169,1775478263.870723|完整运动,完整运动,circle_orbit,1,1.000000,1.500000,1.500000,,,,,,,,,,,,,,,,1.095302,0.092848,1.444174,0.109447,0.000000,0.000000,0.007015,,0.020652,0.000000,,,,0.084769,0.136929,1.500000,0.335507,49.923950,0.000000,circle,预设轨迹15,forward
1775478224.030372,1.998659,1775478263.870723|完整运动,完整运动,circle_orbit,1,1.000000,1.500000,1.500000,,,,,,,,,,,,,,,,1.101022,0.093853,1.444174,0.101396,0.000000,0.000000,0.007015,,0.020652,0.000000,,,,0.085242,0.137644,1.500000,0.335507,49.923950,0.000000,circle,预设轨迹15,forward
1775478224.065205,2.033492,1775478263.870723|完整运动,完整运动,circle_orbit,1,1.000000,1.500000,1.500000,,,,,,,,,,,,,,,,1.106479,0.095996,1.433903,0.112070,0.000000,0.000000,0.008616,,0.024502,0.000000,,,,0.086758,0.138326,1.500000,0.379071,49.880386,0.000000,circle,预设轨迹15,forward
1775478224.105788,2.074075,1775478263.870723|完整运动,完整运动,circle_orbit,1,1.000000,1.500000,1.500000,,,,,,,,,,,,,,,,1.111692,0.098182,1.424514,0.114573,0.000000,0.000000,0.010327,,0.027955,0.000000,,,,0.088318,0.138978,1.500000,0.423713,49.835744,0.000000,circle,预设轨迹15,forward
1775478224.134128,2.102415,1775478263.870723|完整运动,完整运动,circle_orbit,1,1.000000,1.500000,1.500000,,,,,,,,,,,,,,,,1.116680,0.100250,1.415920,0.115760,0.000000,0.000000,0.011923,,0.031151,0.000000,,,,0.089775,0.139602,1.500000,0.468579,49.790878,0.000000,circle,预设轨迹15,forward
1775478224.155197,2.123484,1775478263.870723|完整运动,完整运动,circle_orbit,1,1.000000,1.500000,1.500000,,,,,,,,,,,,,,,,1.121506,0.101716,1.411103,0.112709,0.000000,0.000000,0.012713,,0.033017,0.000000,,,,0.090696,0.140205,1.500000,0.491114,49.768343,0.000000,circle,预设轨迹15,forward
1775478224.182359,2.150646,1775478263.870723|完整运动,完整运动,circle_orbit,1,1.000000,1.500000,1.500000,,,,,,,,,,,,,,,,1.126165,0.103248,1.405699,0.114741,0.000000,0.000000,0.013612,,0.035121,0.000000,,,,0.091681,0.140788,1.500000,0.513754,49.745702,0.000000,circle,预设轨迹15,forward
1775478224.209108,2.177395,1775478263.870723|完整运动,完整运动,circle_orbit,1,1.000000,1.500000,1.500000,,,,,,,,,,,,,,,,1.130655,0.104775,1.400055,0.116223,0.000000,0.000000,0.014521,,0.037355,0.000000,,,,0.092667,0.141349,1.500000,0.536499,49.722958,0.000000,circle,预设轨迹15,forward
1775478224.229526,2.197813,1775478263.870723|完整运动,完整运动,circle_orbit,1,1.000000,1.500000,1.500000,,,,,,,,,,,,,,,,1.134882,0.107528,1.388505,0.128182,0.000000,0.000000,0.017190,,0.041591,0.000000,,,,0.094749,0.141877,1.500000,0.581901,49.677556,0.000000,circle,预设轨迹15,forward
1775478224.250750,2.219037,1775478263.870723|完整运动,完整运动,circle_orbit,1,1.000000,1.500000,1.500000,,,,,,,,,,,,,,,,1.139040,0.108338,1.388505,0.114409,0.000000,0.000000,0.017190,,0.041591,0.000000,,,,0.095113,0.142397,1.500000,0.581901,49.677556,0.000000,circle,预设轨迹15,forward
1775478224.272235,2.240522,1775478263.870723|完整运动,完整运动,circle_orbit,1,1.000000,1.500000,1.500000,,,,,,,,,,,,,,,,1.143003,0.111096,1.380757,0.131786,0.000000,0.000000,0.019941,,0.044003,0.000000,,,,0.097197,0.142892,1.500000,0.627528,49.631928,0.000000,circle,预设轨迹15,forward
1775478224.300878,2.269165,1775478263.870723|完整运动,完整运动,circle_orbit,1,1.000000,1.500000,1.500000,,,,,,,,,,,,,,,,1.146833,0.113016,1.376682,0.127414,0.000000,0.000000,0.021593,,0.045187,0.000000,,,,0.098546,0.143371,1.500000,0.650491,49.608966,0.000000,circle,预设轨迹15,forward
1775478224.339226,2.307514,1775478263.870723|完整运动,完整运动,circle_orbit,1,1.000000,1.500000,1.500000,,,,,,,,,,,,,,,,1.150444,0.116393,1.367105,0.141715,0.000000,0.000000,0.025357,,0.048075,0.000000,,,,0.101172,0.143823,1.500000,0.696723,49.562734,0.000000,circle,预设轨迹15,forward
1775478224.362667,2.330954,1775478263.870723|完整运动,完整运动,circle_orbit,1,1.000000,1.500000,1.500000,,,,,,,,,,,,,,,,1.153922,0.118378,1.362553,0.133273,0.000000,0.000000,0.027269,,0.049410,0.000000,,,,0.102588,0.144257,1.500000,0.719766,49.539690,0.000000,circle,预设轨迹15,forward
1775478224.383020,2.351307,1775478263.870723|完整运动,完整运动,circle_orbit,1,1.000000,1.500000,1.500000,,,,,,,,,,,,,,,,1.157181,0.121677,1.352731,0.146419,0.000000,0.000000,0.031087,,0.052497,0.000000,,,,0.105150,0.144665,1.500000,0.765945,49.493512,0.000000,circle,预设轨迹15,forward
1775478224.412826,2.381113,1775478263.870723|完整运动,完整运动,circle_orbit,1,1.000000,1.500000,1.500000,,,,,,,,,,,,,,,,1.160304,0.123565,1.347677,0.137726,0.000000,0.000000,0.033014,,0.054133,0.000000,,,,0.106494,0.145055,1.500000,0.788984,49.470473,0.000000,circle,预设轨迹15,forward
1775478224.444748,2.413035,1775478263.870723|完整运动,完整运动,circle_orbit,1,1.000000,1.500000,1.500000,,,,,,,,,,,,,,,,1.163304,0.125426,1.343341,0.139380,0.000000,0.000000,0.034936,,0.055417,0.000000,,,,0.107819,0.145430,1.500000,0.812057,49.447399,0.000000,circle,预设轨迹15,forward
1775478224.474653,2.442940,1775478263.870723|完整运动,完整运动,circle_orbit,1,1.000000,1.500000,1.500000,,,,,,,,,,,,,,,,1.166129,0.128623,1.335596,0.152605,0.000000,0.000000,0.038794,,0.057535,0.000000,,,,0.110300,0.145784,1.500000,0.858051,49.401405,0.000000,circle,预设轨迹15,forward
1775478224.498358,2.466645,1775478263.870723|完整运动,完整运动,circle_orbit,1,1.000000,1.500000,1.500000,,,,,,,,,,,,,,,,1.168851,0.130429,1.332202,0.143971,0.000000,0.000000,0.040782,,0.058329,0.000000,,,,0.111587,0.146124,1.500000,0.881103,49.378354,0.000000,circle,预设轨迹15,forward
1775478224.521569,2.489856,1775478263.870723|完整运动,完整运动,circle_orbit,1,1.000000,1.500000,1.500000,,,,,,,,,,,,,,,,1.171476,0.132244,1.328943,0.145853,0.000000,0.000000,0.042814,,0.059038,0.000000,,,,0.112886,0.146452,1.500000,0.904223,49.355234,0.000000,circle,预设轨迹15,forward
1775478224.543440,2.511727,1775478263.870723|完整运动,完整运动,circle_orbit,1,1.000000,1.500000,1.500000,,,,,,,,,,,,,,,,1.173991,0.134046,1.324898,0.147561,0.000000,0.000000,0.044860,,0.060169,0.000000,,,,0.114179,0.146766,1.500000,0.927446,49.332010,0.000000,circle,预设轨迹15,forward
1775478224.564444,2.532731,1775478263.870723|完整运动,完整运动,circle_orbit,1,1.000000,1.500000,1.500000,,,,,,,,,,,,,,,,1.176348,0.137089,1.317769,0.159913,0.000000,0.000000,0.048701,,0.062076,0.000000,,,,0.116538,0.147061,1.500000,0.973856,49.285601,0.000000,circle,预设轨迹15,forward
1775478224.590052,2.558340,1775478263.870723|完整运动,完整运动,circle_orbit,1,1.000000,1.500000,1.500000,,,,,,,,,,,,,,,,1.178666,0.137359,1.317769,0.139384,0.000000,0.000000,0.048701,,0.062076,0.000000,,,,0.116538,0.147351,1.500000,0.973856,49.285601,0.000000,circle,预设轨迹15,forward
1775478224.613606,2.581894,1775478263.870723|完整运动,完整运动,circle_orbit,1,1.000000,1.500000,1.500000,,,,,,,,,,,,,,,,1.180834,0.140646,1.310905,0.165303,0.000000,0.000000,0.052937,,0.063683,0.000000,,,,0.119108,0.147622,1.500000,1.020528,49.238929,0.000000,circle,预设轨迹15,forward
1775478224.635523,2.603810,1775478263.870723|完整运动,完整运动,circle_orbit,1,1.000000,1.500000,1.500000,,,,,,,,,,,,,,,,1.182922,0.142338,1.308196,0.155028,0.000000,0.000000,0.055024,,0.064121,0.000000,,,,0.120328,0.147883,1.500000,1.043803,49.215654,0.000000,circle,预设轨迹15,forward
1775478224.657135,2.625422,1775478263.870723|完整运动,完整运动,circle_orbit,1,1.000000,1.500000,1.500000,,,,,,,,,,,,,,,,1.184930,0.143995,1.305384,0.156416,0.000000,0.000000,0.057088,,0.064632,0.000000,,,,0.121522,0.148134,1.500000,1.067005,49.192451,0.000000,circle,预设轨迹15,forward
1775478224.678066,2.646354,1775478263.870723|完整运动,完整运动,circle_orbit,1,1.000000,1.500000,1.500000,,,,,,,,,,,,,,,,1.186861,0.145561,1.302739,0.157311,0.000000,0.000000,0.059051,,0.065109,0.000000,,,,0.122644,0.148375,1.500000,1.090160,49.169297,0.000000,circle,预设轨迹15,forward
1775478224.709767,2.678055,1775478263.870723|完整运动,完整运动,circle_orbit,1,1.000000,1.500000,1.500000,,,,,,,,,,,,,,,,1.188698,0.148735,1.298934,0.172535,0.000000,0.000000,0.063326,,0.065079,0.000000,,,,0.125124,0.148605,1.500000,1.136495,49.122962,0.000000,circle,预设轨迹15,forward
1775478224.738050,2.706337,1775478263.870723|完整运动,完整运动,circle_orbit,1,1.000000,1.500000,1.500000,,,,,,,,,,,,,,,,1.190469,0.150489,1.296730,0.163647,0.000000,0.000000,0.065697,,0.065120,0.000000,,,,0.126412,0.148826,1.500000,1.159704,49.099752,0.000000,circle,预设轨迹15,forward
1775478224.764153,2.732440,1775478263.870723|完整运动,完整运动,circle_orbit,1,1.000000,1.500000,1.500000,,,,,,,,,,,,,,,,1.192178,0.152303,1.294714,0.165903,0.000000,0.000000,0.068187,,0.065001,0.000000,,,,0.127751,0.149040,1.500000,1.182891,49.076565,0.000000,circle,预设轨迹15,forward
1775478224.785369,2.753657,1775478263.870723|完整运动,完整运动,circle_orbit,1,1.000000,1.500000,1.500000,,,,,,,,,,,,,,,,1.193807,0.155661,1.291521,0.180846,0.000000,0.000000,0.072915,,0.064427,0.000000,,,,0.130390,0.149244,1.500000,1.229472,49.029984,0.000000,circle,预设轨迹15,forward
1775478224.809633,2.777921,1775478263.870723|完整运动,完整运动,circle_orbit,1,1.000000,1.500000,1.500000,,,,,,,,,,,,,,,,1.195383,0.157269,1.289992,0.169336,0.000000,0.000000,0.075279,,0.064105,0.000000,,,,0.131564,0.149441,1.500000,1.252899,49.006558,0.000000,circle,预设轨迹15,forward
1775478224.830404,2.798691,1775478263.870723|完整运动,完整运动,circle_orbit,1,1.000000,1.500000,1.500000,,,,,,,,,,,,,,,,1.196899,0.158905,1.287810,0.171171,0.000000,0.000000,0.077703,,0.064124,0.000000,,,,0.132764,0.149630,1.500000,1.276400,48.983056,0.000000,circle,预设轨迹15,forward
1775478224.852918,2.821205,1775478263.870723|完整运动,完整运动,circle_orbit,1,1.000000,1.500000,1.500000,,,,,,,,,,,,,,,,1.198359,0.160506,1.286001,0.172518,0.000000,0.000000,0.080105,,0.063947,0.000000,,,,0.133939,0.149813,1.500000,1.299872,48.959585,0.000000,circle,预设轨迹15,forward
1775478224.884336,2.852623,1775478263.870723|完整运动,完整运动,circle_orbit,1,1.000000,1.500000,1.500000,,,,,,,,,,,,,,,,1.199764,0.162033,1.284060,0.173485,0.000000,0.000000,0.082426,,0.063888,0.000000,,,,0.135054,0.149989,1.500000,1.323441,48.936016,0.000000,circle,预设轨迹15,forward
1775478224.918152,2.886439,1775478263.870723|完整运动,完整运动,circle_orbit,1,1.000000,1.500000,1.500000,,,,,,,,,,,,,,,,1.201127,0.163520,1.282870,0.174667,0.000000,0.000000,0.084712,,0.063422,0.000000,,,,0.136139,0.150159,1.500000,1.347053,48.912404,0.000000,circle,预设轨迹15,forward
1775478224.940653,2.908940,1775478263.870723|完整运动,完整运动,circle_orbit,1,1.000000,1.500000,1.500000,,,,,,,,,,,,,,,,1.202440,0.166688,1.281228,0.190450,0.000000,0.000000,0.089419,,0.062005,0.000000,,,,0.138625,0.150323,1.500000,1.394555,48.864901,0.000000,circle,预设轨迹15,forward
1775478224.963787,2.932074,1775478263.870723|完整运动,完整运动,circle_orbit,1,1.000000,1.500000,1.500000,,,,,,,,,,,,,,,,1.203705,0.168002,1.279628,0.177856,0.000000,0.000000,0.091604,,0.061828,0.000000,,,,0.139570,0.150481,1.500000,1.418340,48.841116,0.000000,circle,预设轨迹15,forward
1775478224.994040,2.962328,1775478263.870723|完整运动,完整运动,circle_orbit,1,1.000000,1.500000,1.500000,,,,,,,,,,,,,,,,1.204915,0.170627,1.277521,0.190319,0.000000,0.000000,0.095667,,0.061004,0.000000,,,,0.141609,0.150632,1.500000,1.465897,48.793559,0.000000,circle,预设轨迹15,forward
1775478225.018209,2.986496,1775478263.870723|完整运动,完整运动,circle_orbit,1,1.000000,1.500000,1.500000,,,,,,,,,,,,,,,,1.206087,0.171804,1.276366,0.180627,0.000000,0.000000,0.097754,,0.060624,0.000000,,,,0.142447,0.150779,1.500000,1.489777,48.769679,0.000000,circle,预设轨迹15,forward
1775478225.039102,3.007390,1775478263.870723|完整运动,完整运动,circle_orbit,1,1.000000,1.500000,1.500000,,,,,,,,,,,,,,,,1.207220,0.172990,1.275244,0.181891,0.000000,0.000000,0.099857,,0.060219,0.000000,,,,0.143297,0.150921,1.500000,1.513760,48.745697,0.000000,circle,预设轨迹15,forward
1775478225.066751,3.035039,1775478263.870723|完整运动,完整运动,circle_orbit,1,1.000000,1.500000,1.500000,,,,,,,,,,,,,,,,1.208317,0.174082,1.274140,0.182271,0.000000,0.000000,0.101830,,0.059869,0.000000,,,,0.144070,0.151058,1.500000,1.537765,48.721691,0.000000,circle,预设轨迹15,forward
1775478225.105992,3.074279,1775478263.870723|完整运动,完整运动,circle_orbit,1,1.000000,1.500000,1.500000,,,,,,,,,,,,,,,,1.209393,0.175155,1.273907,0.183204,0.000000,0.000000,0.103779,,0.059029,0.000000,,,,0.144829,0.151192,1.500000,1.561556,48.697901,0.000000,circle,预设轨迹15,forward
1775478225.128496,3.096783,1775478263.870723|完整运动,完整运动,circle_orbit,1,1.000000,1.500000,1.500000,,,,,,,,,,,,,,,,1.210461,0.177644,1.274554,0.196304,0.000000,0.000000,0.107753,,0.056669,0.000000,,,,0.146757,0.151326,1.500000,1.608951,48.650506,0.000000,circle,预设轨迹15,forward
1775478225.150910,3.119197,1775478263.870723|完整运动,完整运动,circle_orbit,1,1.000000,1.500000,1.500000,,,,,,,,,,,,,,,,1.211522,0.180249,1.275193,0.199788,0.000000,0.000000,0.111987,,0.054183,0.000000,,,,0.148779,0.151458,1.500000,1.656188,48.603269,0.000000,circle,预设轨迹15,forward
1775478225.185347,3.153635,1775478263.870723|完整运动,完整运动,circle_orbit,1,1.000000,1.500000,1.500000,,,,,,,,,,,,,,,,1.212571,0.181343,1.275490,0.189550,0.000000,0.000000,0.114161,,0.052924,0.000000,,,,0.149552,0.151590,1.500000,1.679795,48.579661,0.000000,circle,预设轨迹15,forward
1775478225.208471,3.176758,1775478263.870723|完整运动,完整运动,circle_orbit,1,1.000000,1.500000,1.500000,,,,,,,,,,,,,,,,1.213629,0.184079,1.277158,0.204596,0.000000,0.000000,0.118683,,0.049703,0.000000,,,,0.151676,0.151722,1.500000,1.726668,48.532788,0.000000,circle,预设轨迹15,forward
1775478225.230709,3.198996,1775478263.870723|完整运动,完整运动,circle_orbit,1,1.000000,1.500000,1.500000,,,,,,,,,,,,,,,,1.214671,0.183572,1.277158,0.179769,0.000000,0.000000,0.118683,,0.049703,0.000000,,,,0.151129,0.151852,1.500000,1.726668,48.532788,0.000000,circle,预设轨迹15,forward
1775478225.253094,3.221381,1775478263.870723|完整运动,完整运动,circle_orbit,1,1.000000,1.500000,1.500000,,,,,,,,,,,,,,,,1.215706,0.186177,1.277823,0.205721,0.000000,0.000000,0.123032,,0.047147,0.000000,,,,0.153143,0.151981,1.500000,1.773845,48.485612,0.000000,circle,预设轨迹15,forward
1775478225.274764,3.243051,1775478263.870723|完整运动,完整运动,circle_orbit,1,1.000000,1.500000,1.500000,,,,,,,,,,,,,,,,1.216731,0.187147,1.278239,0.194422,0.000000,0.000000,0.125146,,0.045850,0.000000,,,,0.153812,0.152110,1.500000,1.797524,48.461932,0.000000,circle,预设轨迹15,forward
1775478225.296936,3.265223,1775478263.870723|完整运动,完整运动,circle_orbit,1,1.000000,1.500000,1.500000,,,,,,,,,,,,,,,,1.217750,0.188063,1.278844,0.194929,0.000000,0.000000,0.127183,,0.044485,0.000000,,,,0.154435,0.152237,1.500000,1.821318,48.438139,0.000000,circle,预设轨迹15,forward
1775478225.323275,3.291563,1775478263.870723|完整运动,完整运动,circle_orbit,1,1.000000,1.500000,1.500000,,,,,,,,,,,,,,,,1.218770,0.188960,1.280010,0.195688,0.000000,0.000000,0.129194,,0.042811,0.000000,,,,0.155041,0.152365,1.500000,1.845211,48.414245,0.000000,circle,预设轨迹15,forward
1775478225.345750,3.314037,1775478263.870723|完整运动,完整运动,circle_orbit,1,1.000000,1.500000,1.500000,,,,,,,,,,,,,,,,1.219784,0.189809,1.280623,0.196180,0.000000,0.000000,0.131137,,0.041489,0.000000,,,,0.155609,0.152491,1.500000,1.869268,48.390188,0.000000,circle,预设轨迹15,forward
1775478225.368616,3.336904,1775478263.870723|完整运动,完整运动,circle_orbit,1,1.000000,1.500000,1.500000,,,,,,,,,,,,,,,,1.220791,0.190505,1.281214,0.195721,0.000000,0.000000,0.132858,,0.040291,0.000000,,,,0.156050,0.152617,1.500000,1.893284,48.366173,0.000000,circle,预设轨迹15,forward
1775478225.396717,3.365004,1775478263.870723|完整运动,完整运动,circle_orbit,1,1.000000,1.500000,1.500000,,,,,,,,,,,,,,,,1.221824,0.192464,1.283795,0.207155,0.000000,0.000000,0.136377,,0.037060,0.000000,,,,0.157522,0.152746,1.500000,1.941515,48.317942,0.000000,circle,预设轨迹15,forward
1775478225.417974,3.386261,1775478263.870723|完整运动,完整运动,circle_orbit,1,1.000000,1.500000,1.500000,,,,,,,,,,,,,,,,1.222859,0.193171,1.284939,0.198476,0.000000,0.000000,0.138181,,0.035508,0.000000,,,,0.157967,0.152876,1.500000,1.965809,48.293647,0.000000,circle,预设轨迹15,forward
1775478225.438393,3.406680,1775478263.870723|完整运动,完整运动,circle_orbit,1,1.000000,1.500000,1.500000,,,,,,,,,,,,,,,,1.223897,0.193842,1.286211,0.198879,0.000000,0.000000,0.139928,,0.033913,0.000000,,,,0.158381,0.153006,1.500000,1.990276,48.269181,0.000000,circle,预设轨迹15,forward
1775478225.467322,3.435609,1775478263.870723|完整运动,完整运动,circle_orbit,1,1.000000,1.500000,1.500000,,,,,,,,,,,,,,,,1.224938,0.194491,1.287404,0.199354,0.000000,0.000000,0.141635,,0.032384,0.000000,,,,0.158776,0.153136,1.500000,2.014652,48.244804,0.000000,circle,预设轨迹15,forward
1775478225.487651,3.455938,1775478263.870723|完整运动,完整运动,circle_orbit,1,1.000000,1.500000,1.500000,,,,,,,,,,,,,,,,1.225993,0.196264,1.289282,0.209561,0.000000,0.000000,0.144941,,0.029670,0.000000,,,,0.160085,0.153268,1.500000,2.063677,48.195779,0.000000,circle,预设轨迹15,forward
1775478225.511787,3.480074,1775478263.870723|完整运动,完整运动,circle_orbit,1,1.000000,1.500000,1.500000,,,,,,,,,,,,,,,,1.227056,0.196916,1.290821,0.201808,0.000000,0.000000,0.146712,,0.027917,0.000000,,,,0.160478,0.153400,1.500000,2.088066,48.171391,0.000000,circle,预设轨迹15,forward
1775478225.538136,3.506423,1775478263.870723|完整运动,完整运动,circle_orbit,1,1.000000,1.500000,1.500000,,,,,,,,,,,,,,,,1.228129,0.197517,1.292528,0.202022,0.000000,0.000000,0.148405,,0.026112,0.000000,,,,0.160827,0.153535,1.500000,2.112494,48.146963,0.000000,circle,预设轨迹15,forward
1775478225.559796,3.528083,1775478263.870723|完整运动,完整运动,circle_orbit,1,1.000000,1.500000,1.500000,,,,,,,,,,,,,,,,1.229210,0.198028,1.294028,0.201859,0.000000,0.000000,0.149963,,0.024492,0.000000,,,,0.161102,0.153670,1.500000,2.136869,48.122588,0.000000,circle,预设轨迹15,forward
1775478225.594441,3.562728,1775478263.870723|完整运动,完整运动,circle_orbit,1,1.000000,1.500000,1.500000,,,,,,,,,,,,,,,,1.230306,0.198545,1.296071,0.202429,0.000000,0.000000,0.151521,,0.022570,0.000000,,,,0.161379,0.153807,1.500000,2.161231,48.098225,0.000000,circle,预设轨迹15,forward
1775478225.621377,3.589664,1775478263.870723|完整运动,完整运动,circle_orbit,1,1.000000,1.500000,1.500000,,,,,,,,,,,,,,,,1.231463,0.200376,1.300914,0.214105,0.000000,0.000000,0.154951,,0.018162,0.000000,,,,0.162714,0.153951,1.500000,2.209493,48.049963,0.000000,circle,预设轨迹15,forward
1775478225.646738,3.615025,1775478263.870723|完整运动,完整运动,circle_orbit,1,1.000000,1.500000,1.500000,,,,,,,,,,,,,,,,1.232643,0.200878,1.303426,0.204646,0.000000,0.000000,0.156560,,0.015969,0.000000,,,,0.162966,0.154099,1.500000,2.233515,48.025941,0.000000,circle,预设轨迹15,forward
1775478225.680149,3.648436,1775478263.870723|完整运动,完整运动,circle_orbit,1,1.000000,1.500000,1.500000,,,,,,,,,,,,,,,,1.233840,0.201330,1.305678,0.204722,0.000000,0.000000,0.158089,,0.013964,0.000000,,,,0.163174,0.154249,1.500000,2.257666,48.001790,0.000000,circle,预设轨迹15,forward
1775478225.702039,3.670327,1775478263.870723|完整运动,完整运动,circle_orbit,1,1.000000,1.500000,1.500000,,,,,,,,,,,,,,,,1.235105,0.202481,1.310968,0.211109,0.000000,0.000000,0.160610,,0.009806,0.000000,,,,0.163938,0.154407,1.500000,2.306104,47.953353,0.000000,circle,预设轨迹15,forward
1775478225.722530,3.690817,1775478263.870723|完整运动,完整运动,circle_orbit,1,1.000000,1.500000,1.500000,,,,,,,,,,,,,,,,1.236393,0.202699,1.313702,0.204335,0.000000,0.000000,0.161835,,0.007705,0.000000,,,,0.163944,0.154568,1.500000,2.330436,47.929021,0.000000,circle,预设轨迹15,forward
1775478225.749586,3.717873,1775478263.870723|完整运动,完整运动,circle_orbit,1,1.000000,1.500000,1.500000,,,,,,,,,,,,,,,,1.237701,0.202872,1.316197,0.204166,0.000000,0.000000,0.162972,,0.005783,0.000000,,,,0.163910,0.154731,1.500000,2.354801,47.904655,0.000000,circle,预设轨迹15,forward
1775478225.781503,3.749791,1775478263.870723|完整运动,完整运动,circle_orbit,1,1.000000,1.500000,1.500000,,,,,,,,,,,,,,,,1.239086,0.203547,1.322160,0.208613,0.000000,0.000000,0.164810,,0.001652,0.000000,,,,0.164272,0.154904,1.500000,2.403531,47.855925,0.000000,circle,预设轨迹15,forward
1775478225.801977,3.770264,1775478263.870723|完整运动,完整运动,circle_orbit,1,1.000000,1.500000,1.500000,,,,,,,,,,,,,,,,1.240462,0.203691,1.323011,0.204768,0.000000,0.000000,0.165899,,-0.000651,0.000000,,,,0.164206,0.155076,1.500000,2.427953,47.831504,0.000000,circle,预设轨迹15,forward
1775478225.826584,3.794871,1775478263.870723|完整运动,完整运动,circle_orbit,1,1.000000,1.500000,1.500000,,,,,,,,,,,,,,,,1.241741,0.203814,1.318467,0.204739,0.000000,0.000000,0.166938,,-0.002574,0.000000,,,,0.164136,0.155236,1.500000,2.452593,47.806863,0.000000,circle,预设轨迹15,forward
1775478225.852285,3.820573,1775478263.870723|完整运动,完整运动,circle_orbit,1,1.000000,1.500000,1.500000,,,,,,,,,,,,,,,,1.242848,0.204571,1.309316,0.210253,0.000000,0.000000,0.168867,,-0.006579,0.000000,,,,0.164599,0.155375,1.500000,2.501590,47.757867,0.000000,circle,预设轨迹15,forward
1775478225.874380,3.842667,1775478263.870723|完整运动,完整运动,circle_orbit,1,1.000000,1.500000,1.500000,,,,,,,,,,,,,,,,1.243854,0.204602,1.304209,0.204829,0.000000,0.000000,0.169780,,-0.008926,0.000000,,,,0.164490,0.155500,1.500000,2.526037,47.733420,0.000000,circle,预设轨迹15,forward
1775478225.896238,3.864526,1775478263.870723|完整运动,完整运动,circle_orbit,1,1.000000,1.500000,1.500000,,,,,,,,,,,,,,,,1.244756,0.204705,1.298857,0.205480,0.000000,0.000000,0.170777,,-0.011390,0.000000,,,,0.164454,0.155613,1.500000,2.550605,47.708852,0.000000,circle,预设轨迹15,forward
1775478225.921358,3.889645,1775478263.870723|完整运动,完整运动,circle_orbit,1,1.000000,1.500000,1.500000,,,,,,,,,,,,,,,,1.245592,0.204699,1.295759,0.204656,0.000000,0.000000,0.171599,,-0.012704,0.000000,,,,0.164339,0.155718,1.500000,2.575338,47.684119,0.000000,circle,预设轨迹15,forward
1775478225.941700,3.909987,1775478263.870723|完整运动,完整运动,circle_orbit,1,1.000000,1.500000,1.500000,,,,,,,,,,,,,,,,1.246356,0.204671,1.292215,0.204457,0.000000,0.000000,0.172367,,-0.014305,0.000000,,,,0.164215,0.155813,1.500000,2.599904,47.659552,0.000000,circle,预设轨迹15,forward
1775478225.965476,3.933763,1775478263.870723|完整运动,完整运动,circle_orbit,1,1.000000,1.500000,1.500000,,,,,,,,,,,,,,,,1.247040,0.204531,1.288073,0.203486,0.000000,0.000000,0.172958,,-0.016342,0.000000,,,,0.164013,0.155899,1.500000,2.624390,47.635067,0.000000,circle,预设轨迹15,forward
1775478225.995245,3.963532,1775478263.870723|完整运动,完整运动,circle_orbit,1,1.000000,1.500000,1.500000,,,,,,,,,,,,,,,,1.247555,0.204817,1.278458,0.206955,0.000000,0.000000,0.174142,,-0.021224,0.000000,,,,0.164174,0.155963,1.500000,2.672990,47.586467,0.000000,circle,预设轨迹15,forward
1775478226.017187,3.985474,1775478263.870723|完整运动,完整运动,circle_orbit,1,1.000000,1.500000,1.500000,,,,,,,,,,,,,,,,1.247986,0.204566,1.273847,0.202684,0.000000,0.000000,0.174567,,-0.023666,0.000000,,,,0.163917,0.156017,1.500000,2.697274,47.562182,0.000000,circle,预设轨迹15,forward
1775478226.038336,4.006623,1775478263.870723|完整运动,完整运动,circle_orbit,1,1.000000,1.500000,1.500000,,,,,,,,,,,,,,,,1.248336,0.204256,1.269305,0.201934,0.000000,0.000000,0.174884,,-0.026140,0.000000,,,,0.163623,0.156061,1.500000,2.721492,47.537965,0.000000,circle,预设轨迹15,forward
1775478226.070042,4.038329,1775478263.870723|完整运动,完整运动,circle_orbit,1,1.000000,1.500000,1.500000,,,,,,,,,,,,,,,,1.248607,0.203921,1.264859,0.201407,0.000000,0.000000,0.175139,,-0.028609,0.000000,,,,0.163319,0.156095,1.500000,2.745763,47.513693,0.000000,circle,预设轨迹15,forward
1775478226.106519,4.074807,1775478263.870723|完整运动,完整运动,circle_orbit,1,1.000000,1.500000,1.500000,,,,,,,,,,,,,,,,1.248716,0.203752,1.255250,0.202484,0.000000,0.000000,0.175618,,-0.034043,0.000000,,,,0.163169,0.156108,1.500000,2.794233,47.465223,0.000000,circle,预设轨迹15,forward
1775478226.139437,4.107724,1775478263.870723|完整运动,完整运动,circle_orbit,1,1.000000,1.500000,1.500000,,,,,,,,,,,,,,,,1.248745,0.203351,1.250490,0.200348,0.000000,0.000000,0.175757,,-0.036817,0.000000,,,,0.162845,0.156112,1.500000,2.818436,47.441021,0.000000,circle,预设轨迹15,forward
1775478226.160199,4.128486,1775478263.870723|完整运动,完整运动,circle_orbit,1,1.000000,1.500000,1.500000,,,,,,,,,,,,,,,,1.248616,0.202959,1.240912,0.200018,0.000000,0.000000,0.175896,,-0.042534,0.000000,,,,0.162547,0.156096,1.500000,2.866924,47.392532,0.000000,circle,预设轨迹15,forward
1775478226.186595,4.154882,1775478263.870723|完整运动,完整运动,circle_orbit,1,1.000000,1.500000,1.500000,,,,,,,,,,,,,,,,1.248432,0.202460,1.237368,0.198720,0.000000,0.000000,0.175860,,-0.044716,0.000000,,,,0.162172,0.156073,1.500000,2.891564,47.367893,0.000000,circle,预设轨迹15,forward
1775478226.213668,4.181955,1775478263.870723|完整运动,完整运动,circle_orbit,1,1.000000,1.500000,1.500000,,,,,,,,,,,,,,,,1.248144,0.201601,1.230876,0.195154,0.000000,0.000000,0.175293,,-0.048995,0.000000,,,,0.161521,0.156037,1.500000,2.940897,47.318559,0.000000,circle,预设轨迹15,forward
1775478226.234317,4.202604,1775478263.870723|完整运动,完整运动,circle_orbit,1,1.000000,1.500000,1.500000,,,,,,,,,,,,,,,,1.247803,0.200904,1.227360,0.195681,0.000000,0.000000,0.174914,,-0.051367,0.000000,,,,0.161006,0.155994,1.500000,2.965570,47.293886,0.000000,circle,预设轨迹15,forward
1775478226.256186,4.224474,1775478263.870723|完整运动,完整运动,circle_orbit,1,1.000000,1.500000,1.500000,,,,,,,,,,,,,,,,1.247406,0.200256,1.223565,0.195389,0.000000,0.000000,0.174572,,-0.053907,0.000000,,,,0.160538,0.155944,1.500000,2.990146,47.269311,0.000000,circle,预设轨迹15,forward
1775478226.287630,4.255917,1775478263.870723|完整运动,完整运动,circle_orbit,1,1.000000,1.500000,1.500000,,,,,,,,,,,,,,,,1.246959,0.199626,1.220141,0.194904,0.000000,0.000000,0.174230,,-0.056229,0.000000,,,,0.160090,0.155889,1.500000,3.014918,47.244539,0.000000,circle,预设轨迹15,forward
1775478226.308223,4.276510,1775478263.870723|完整运动,完整运动,circle_orbit,1,1.000000,1.500000,1.500000,,,,,,,,,,,,,,,,1.246430,0.198558,1.214696,0.190549,0.000000,0.000000,0.173246,,-0.060165,0.000000,,,,0.159301,0.155822,1.500000,3.064538,47.194919,0.000000,circle,预设轨迹15,forward
1775478226.328702,4.296990,1775478263.870723|完整运动,完整运动,circle_orbit,1,1.000000,1.500000,1.500000,,,,,,,,,,,,,,,,1.245860,0.197811,1.211653,0.192210,0.000000,0.000000,0.172671,,-0.062390,0.000000,,,,0.158775,0.155751,1.500000,3.089325,47.170131,0.000000,circle,预设轨迹15,forward
1775478226.356404,4.324691,1775478263.870723|完整运动,完整运动,circle_orbit,1,1.000000,1.500000,1.500000,,,,,,,,,,,,,,,,1.245265,0.196971,1.209575,0.190670,0.000000,0.000000,0.171935,,-0.064087,0.000000,,,,0.158176,0.155677,1.500000,3.114117,47.145340,0.000000,circle,预设轨迹15,forward
1775478226.377006,4.345293,1775478263.870723|完整运动,完整运动,circle_orbit,1,1.000000,1.500000,1.500000,,,,,,,,,,,,,,,,1.244648,0.196079,1.207608,0.189391,0.000000,0.000000,0.171093,,-0.065771,0.000000,,,,0.157538,0.155600,1.500000,3.138911,47.120546,0.000000,circle,预设轨迹15,forward
1775478226.398988,4.367275,1775478263.870723|完整运动,完整运动,circle_orbit,1,1.000000,1.500000,1.500000,,,,,,,,,,,,,,,,1.244002,0.195195,1.205228,0.188561,0.000000,0.000000,0.170229,,-0.067736,0.000000,,,,0.156909,0.155519,1.500000,3.163753,47.095703,0.000000,circle,预设轨迹15,forward
1775478226.430822,4.399110,1775478263.870723|完整运动,完整运动,circle_orbit,1,1.000000,1.500000,1.500000,,,,,,,,,,,,,,,,1.243317,0.194347,1.202267,0.187986,0.000000,0.000000,0.169387,,-0.070073,0.000000,,,,0.156313,0.155433,1.500000,3.188509,47.070948,0.000000,circle,预设轨迹15,forward
1775478226.466709,4.434996,1775478263.870723|完整运动,完整运动,circle_orbit,1,1.000000,1.500000,1.500000,,,,,,,,,,,,,,,,1.242527,0.192684,1.195119,0.180213,0.000000,0.000000,0.167374,,-0.075744,0.000000,,,,0.155074,0.155335,1.500000,3.237962,47.021494,0.000000,circle,预设轨迹15,forward
1775478226.500178,4.468465,1775478263.870723|完整运动,完整运动,circle_orbit,1,1.000000,1.500000,1.500000,,,,,,,,,,,,,,,,1.241649,0.191098,1.188932,0.179201,0.000000,0.000000,0.165412,,-0.080807,0.000000,,,,0.153906,0.155225,1.500000,3.286801,46.972655,0.000000,circle,预设轨迹15,forward
1775478226.529096,4.497384,1775478263.870723|完整运动,完整运动,circle_orbit,1,1.000000,1.500000,1.500000,,,,,,,,,,,,,,,,1.240718,0.190279,1.184864,0.184138,0.000000,0.000000,0.164484,,-0.083978,0.000000,,,,0.153362,0.155108,1.500000,3.310895,46.948562,0.000000,circle,预设轨迹15,forward
1775478226.555343,4.523630,1775478263.870723|完整运动,完整运动,circle_orbit,1,1.000000,1.500000,1.500000,,,,,,,,,,,,,,,,1.239702,0.188556,1.178734,0.175632,0.000000,0.000000,0.162266,,-0.089202,0.000000,,,,0.152098,0.154981,1.500000,3.359640,46.899816,0.000000,circle,预设轨迹15,forward
1775478226.576410,4.544698,1775478263.870723|完整运动,完整运动,circle_orbit,1,1.000000,1.500000,1.500000,,,,,,,,,,,,,,,,1.238664,0.187471,1.176418,0.179334,0.000000,0.000000,0.160890,,-0.091455,0.000000,,,,0.151349,0.154852,1.500000,3.384028,46.875428,0.000000,circle,预设轨迹15,forward
1775478226.608261,4.576549,1775478263.870723|完整运动,完整运动,circle_orbit,1,1.000000,1.500000,1.500000,,,,,,,,,,,,,,,,1.237612,0.186325,1.174502,0.177730,0.000000,0.000000,0.159401,,-0.093501,0.000000,,,,0.150552,0.154720,1.500000,3.408392,46.851065,0.000000,circle,预设轨迹15,forward
1775478226.636010,4.604297,1775478263.870723|完整运动,完整运动,circle_orbit,1,1.000000,1.500000,1.500000,,,,,,,,,,,,,,,,1.236509,0.184119,1.170328,0.167576,0.000000,0.000000,0.156383,,-0.097857,0.000000,,,,0.148902,0.154582,1.500000,3.457061,46.802396,0.000000,circle,预设轨迹15,forward
1775478226.658437,4.626724,1775478263.870723|完整运动,完整运动,circle_orbit,1,1.000000,1.500000,1.500000,,,,,,,,,,,,,,,,1.235387,0.183032,1.168072,0.174879,0.000000,0.000000,0.154871,,-0.100160,0.000000,,,,0.148158,0.154442,1.500000,3.481524,46.777933,0.000000,circle,预设轨迹15,forward
1775478226.679180,4.647468,1775478263.870723|完整运动,完整运动,circle_orbit,1,1.000000,1.500000,1.500000,,,,,,,,,,,,,,,,1.234253,0.181940,1.166166,0.173751,0.000000,0.000000,0.153331,,-0.102242,0.000000,,,,0.147409,0.154300,1.500000,3.505962,46.753494,0.000000,circle,预设轨迹15,forward
1775478226.711308,4.679595,1775478263.870723|完整运动,完整运动,circle_orbit,1,1.000000,1.500000,1.500000,,,,,,,,,,,,,,,,1.233104,0.180946,1.164163,0.173493,0.000000,0.000000,0.151911,,-0.104335,0.000000,,,,0.146741,0.154156,1.500000,3.530437,46.729019,0.000000,circle,预设轨迹15,forward
1775478226.734910,4.703198,1775478263.870723|完整运动,完整运动,circle_orbit,1,1.000000,1.500000,1.500000,,,,,,,,,,,,,,,,1.231901,0.178838,1.159712,0.163023,0.000000,0.000000,0.148900,,-0.108931,0.000000,,,,0.145172,0.154006,1.500000,3.579216,46.680240,0.000000,circle,预设轨迹15,forward
1775478226.755879,4.724166,1775478263.870723|完整运动,完整运动,circle_orbit,1,1.000000,1.500000,1.500000,,,,,,,,,,,,,,,,1.230692,0.177715,1.158167,0.169294,0.000000,0.000000,0.147215,,-0.110853,0.000000,,,,0.144402,0.153855,1.500000,3.603661,46.655795,0.000000,circle,预设轨迹15,forward
1775478226.785303,4.753591,1775478263.870723|完整运动,完整运动,circle_orbit,1,1.000000,1.500000,1.500000,,,,,,,,,,,,,,,,1.229494,0.176473,1.157643,0.167158,0.000000,0.000000,0.145339,,-0.112157,0.000000,,,,0.143533,0.153705,1.500000,3.628121,46.631336,0.000000,circle,预设轨迹15,forward
1775478226.813214,4.781501,1775478263.870723|完整运动,完整运动,circle_orbit,1,1.000000,1.500000,1.500000,,,,,,,,,,,,,,,,1.228297,0.173512,1.156451,0.151305,0.000000,0.000000,0.140996,,-0.115164,0.000000,,,,0.141262,0.153556,1.500000,3.677210,46.582246,0.000000,circle,预设轨迹15,forward
1775478226.839538,4.807825,1775478263.870723|完整运动,完整运动,circle_orbit,1,1.000000,1.500000,1.500000,,,,,,,,,,,,,,,,1.227097,0.172109,1.155079,0.161589,0.000000,0.000000,0.138750,,-0.117249,0.000000,,,,0.140257,0.153405,1.500000,3.701717,46.557739,0.000000,circle,预设轨迹15,forward
1775478226.861068,4.829355,1775478263.870723|完整运动,完整运动,circle_orbit,1,1.000000,1.500000,1.500000,,,,,,,,,,,,,,,,1.225893,0.170659,1.153667,0.159782,0.000000,0.000000,0.136410,,-0.119413,0.000000,,,,0.139212,0.153255,1.500000,3.726024,46.533433,0.000000,circle,预设轨迹15,forward
1775478226.890159,4.858446,1775478263.870723|完整运动,完整运动,circle_orbit,1,1.000000,1.500000,1.500000,,,,,,,,,,,,,,,,1.224690,0.169060,1.152530,0.157067,0.000000,0.000000,0.133829,,-0.121505,0.000000,,,,0.138043,0.153105,1.500000,3.750211,46.509246,0.000000,circle,预设轨迹15,forward
1775478226.918880,4.887167,1775478263.870723|完整运动,完整运动,circle_orbit,1,1.000000,1.500000,1.500000,,,,,,,,,,,,,,,,1.223472,0.165850,1.150395,0.141780,0.000000,0.000000,0.128926,,-0.125467,0.000000,,,,0.135557,0.152952,1.500000,3.798441,46.461015,0.000000,circle,预设轨迹15,forward
1775478226.939792,4.908079,1775478263.870723|完整运动,完整运动,circle_orbit,1,1.000000,1.500000,1.500000,,,,,,,,,,,,,,,,1.222261,0.164466,1.149595,0.154085,0.000000,0.000000,0.126493,,-0.127250,0.000000,,,,0.134559,0.152801,1.500000,3.822535,46.436922,0.000000,circle,预设轨迹15,forward
1775478226.970001,4.938288,1775478263.870723|完整运动,完整运动,circle_orbit,1,1.000000,1.500000,1.500000,,,,,,,,,,,,,,,,1.221041,0.163130,1.147816,0.153105,0.000000,0.000000,0.124112,,-0.129705,0.000000,,,,0.133599,0.152648,1.500000,3.846481,46.412976,0.000000,circle,预设轨迹15,forward
1775478226.992601,4.960888,1775478263.870723|完整运动,完整运动,circle_orbit,1,1.000000,1.500000,1.500000,,,,,,,,,,,,,,,,1.219782,0.160295,1.144247,0.139032,0.000000,0.000000,0.119593,,-0.134512,0.000000,,,,0.131413,0.152491,1.500000,3.894107,46.365350,0.000000,circle,预设轨迹15,forward
1775478227.013708,4.981996,1775478263.870723|完整运动,完整运动,circle_orbit,1,1.000000,1.500000,1.500000,,,,,,,,,,,,,,,,1.218518,0.159134,1.142675,0.150428,0.000000,0.000000,0.117358,,-0.136757,0.000000,,,,0.130596,0.152333,1.500000,3.917915,46.341542,0.000000,circle,预设轨迹15,forward
1775478227.039259,5.007546,1775478263.870723|完整运动,完整运动,circle_orbit,1,1.000000,1.500000,1.500000,,,,,,,,,,,,,,,,1.217265,0.157941,1.142084,0.148999,0.000000,0.000000,0.115075,,-0.138324,0.000000,,,,0.129751,0.152176,1.500000,3.941809,46.317647,0.000000,circle,预设轨迹15,forward
1775478227.068754,5.037041,1775478263.870723|完整运动,完整运动,circle_orbit,1,1.000000,1.500000,1.500000,,,,,,,,,,,,,,,,1.216029,0.156674,1.141918,0.147169,0.000000,0.000000,0.112677,,-0.139642,0.000000,,,,0.128841,0.152022,1.500000,3.965904,46.293552,0.000000,circle,预设轨迹15,forward
1775478227.089206,5.057493,1775478263.870723|完整运动,完整运动,circle_orbit,1,1.000000,1.500000,1.500000,,,,,,,,,,,,,,,,1.214798,0.153669,1.140905,0.131134,0.000000,0.000000,0.107801,,-0.142809,0.000000,,,,0.126498,0.151868,1.500000,4.014071,46.245385,0.000000,circle,预设轨迹15,forward
1775478227.116878,5.085166,1775478263.870723|完整运动,完整运动,circle_orbit,1,1.000000,1.500000,1.500000,,,,,,,,,,,,,,,,1.213587,0.154172,1.140905,0.157941,0.000000,0.000000,0.107801,,-0.142809,0.000000,,,,0.127038,0.151717,1.500000,4.014071,46.245385,0.000000,circle,预设轨迹15,forward
1775478227.142406,5.110693,1775478263.870723|完整运动,完整运动,circle_orbit,1,1.000000,1.500000,1.500000,,,,,,,,,,,,,,,,1.212373,0.151076,1.139532,0.127861,0.000000,0.000000,0.102780,,-0.146310,0.000000,,,,0.124612,0.151565,1.500000,4.061998,46.197458,0.000000,circle,预设轨迹15,forward
1775478227.163512,5.131799,1775478263.870723|完整运动,完整运动,circle_orbit,1,1.000000,1.500000,1.500000,,,,,,,,,,,,,,,,1.211184,0.149617,1.139897,0.138674,0.000000,0.000000,0.099969,,-0.147453,0.000000,,,,0.123530,0.151416,1.500000,4.086127,46.173330,0.000000,circle,预设轨迹15,forward
1775478227.196117,5.164404,1775478263.870723|完整运动,完整运动,circle_orbit,1,1.000000,1.500000,1.500000,,,,,,,,,,,,,,,,1.210004,0.146090,1.139175,0.119636,0.000000,0.000000,0.094202,,-0.150857,0.000000,,,,0.120735,0.151269,1.500000,4.134406,46.125050,0.000000,circle,预设轨迹15,forward
1775478227.231739,5.200026,1775478263.870723|完整运动,完整运动,circle_orbit,1,1.000000,1.500000,1.500000,,,,,,,,,,,,,,,,1.208845,0.144575,1.139292,0.133210,0.000000,0.000000,0.091161,,-0.152294,0.000000,,,,0.119598,0.151124,1.500000,4.159119,46.100338,0.000000,circle,预设轨迹15,forward
1775478227.262392,5.230679,1775478263.870723|完整运动,完整运动,circle_orbit,1,1.000000,1.500000,1.500000,,,,,,,,,,,,,,,,1.207741,0.140727,1.141520,0.111869,0.000000,0.000000,0.084783,,-0.153877,0.000000,,,,0.116521,0.150986,1.500000,4.207678,46.051778,0.000000,circle,预设轨迹15,forward
1775478227.298111,5.266398,1775478263.870723|完整运动,完整运动,circle_orbit,1,1.000000,1.500000,1.500000,,,,,,,,,,,,,,,,1.206666,0.139151,1.142153,0.127329,0.000000,0.000000,0.081486,,-0.155070,0.000000,,,,0.115318,0.150851,1.500000,4.231776,46.027681,0.000000,circle,预设轨迹15,forward
1775478227.318446,5.286733,1775478263.870723|完整运动,完整运动,circle_orbit,1,1.000000,1.500000,1.500000,,,,,,,,,,,,,,,,1.205622,0.135115,1.142978,0.104847,0.000000,0.000000,0.074679,,-0.157882,0.000000,,,,0.112071,0.150721,1.500000,4.280177,45.979280,0.000000,circle,预设轨迹15,forward
1775478227.342509,5.310796,1775478263.870723|完整运动,完整运动,circle_orbit,1,1.000000,1.500000,1.500000,,,,,,,,,,,,,,,,1.204591,0.133654,1.142759,0.122698,0.000000,0.000000,0.071384,,-0.159687,0.000000,,,,0.110954,0.150592,1.500000,4.304179,45.955277,0.000000,circle,预设轨迹15,forward
1775478227.377470,5.345757,1775478263.870723|完整运动,完整运动,circle_orbit,1,1.000000,1.500000,1.500000,,,,,,,,,,,,,,,,1.203590,0.130053,1.143497,0.103047,0.000000,0.000000,0.065043,,-0.162328,0.000000,,,,0.108055,0.150467,1.500000,4.352071,45.907385,0.000000,circle,预设轨迹15,forward
1775478227.398242,5.366529,1775478263.870723|完整运动,完整运动,circle_orbit,1,1.000000,1.500000,1.500000,,,,,,,,,,,,,,,,1.202585,0.128983,1.142316,0.120952,0.000000,0.000000,0.062182,,-0.164606,0.000000,,,,0.107254,0.150341,1.500000,4.375758,45.883699,0.000000,circle,预设轨迹15,forward
1775478227.418739,5.387027,1775478263.870723|完整运动,完整运动,circle_orbit,1,1.000000,1.500000,1.500000,,,,,,,,,,,,,,,,1.201600,0.127789,1.142504,0.118838,0.000000,0.000000,0.059167,,-0.165979,0.000000,,,,0.106349,0.150218,1.500000,4.399670,45.859786,0.000000,circle,预设轨迹15,forward
1775478227.451201,5.419488,1775478263.870723|完整运动,完整运动,circle_orbit,1,1.000000,1.500000,1.500000,,,,,,,,,,,,,,,,1.200649,0.126599,1.143582,0.117676,0.000000,0.000000,0.056168,,-0.166705,0.000000,,,,0.105442,0.150099,1.500000,4.423574,45.835882,0.000000,circle,预设轨迹15,forward
1775478227.480965,5.449252,1775478263.870723|完整运动,完整运动,circle_orbit,1,1.000000,1.500000,1.500000,,,,,,,,,,,,,,,,1.199745,0.123032,1.145511,0.096277,0.000000,0.000000,0.049794,,-0.168512,0.000000,,,,0.102549,0.149986,1.500000,4.471102,45.788355,0.000000,circle,预设轨迹15,forward
1775478227.509254,5.477541,1775478263.870723|完整运动,完整运动,circle_orbit,1,1.000000,1.500000,1.500000,,,,,,,,,,,,,,,,1.198876,0.121806,1.146747,0.112614,0.000000,0.000000,0.046624,,-0.169215,0.000000,,,,0.101601,0.149878,1.500000,4.494842,45.764614,0.000000,circle,预设轨迹15,forward
1775478227.529912,5.498200,1775478263.870723|完整运动,完整运动,circle_orbit,1,1.000000,1.500000,1.500000,,,,,,,,,,,,,,,,1.198069,0.118127,1.149636,0.090529,0.000000,0.000000,0.039970,,-0.170488,0.000000,,,,0.098598,0.149777,1.500000,4.542705,45.716751,0.000000,circle,预设轨迹15,forward
1775478227.556568,5.524856,1775478263.870723|完整运动,完整运动,circle_orbit,1,1.000000,1.500000,1.500000,,,,,,,,,,,,,,,,1.197275,0.119217,1.149636,0.127397,0.000000,0.000000,0.039970,,-0.170488,0.000000,,,,0.099574,0.149677,1.500000,4.542705,45.716751,0.000000,circle,预设轨迹15,forward
1775478227.582422,5.550709,1775478263.870723|完整运动,完整运动,circle_orbit,1,1.000000,1.500000,1.500000,,,,,,,,,,,,,,,,1.196542,0.115474,1.152559,0.087397,0.000000,0.000000,0.032957,,-0.171927,0.000000,,,,0.096506,0.149586,1.500000,4.590590,45.668867,0.000000,circle,预设轨迹15,forward
1775478227.602926,5.571213,1775478263.870723|完整运动,完整运动,circle_orbit,1,1.000000,1.500000,1.500000,,,,,,,,,,,,,,,,1.195832,0.114191,1.153200,0.104570,0.000000,0.000000,0.029604,,-0.173152,0.000000,,,,0.095491,0.149497,1.500000,4.614527,45.644929,0.000000,circle,预设轨迹15,forward
1775478227.634995,5.603282,1775478263.870723|完整运动,完整运动,circle_orbit,1,1.000000,1.500000,1.500000,,,,,,,,,,,,,,,,1.195179,0.110374,1.156009,0.081747,0.000000,0.000000,0.022647,,-0.174655,0.000000,,,,0.092350,0.149415,1.500000,4.662365,45.597092,0.000000,circle,预设轨迹15,forward
1775478227.669474,5.637761,1775478263.870723|完整运动,完整运动,circle_orbit,1,1.000000,1.500000,1.500000,,,,,,,,,,,,,,,,1.194569,0.108982,1.157965,0.098544,0.000000,0.000000,0.018998,,-0.175110,0.000000,,,,0.091232,0.149339,1.500000,4.686278,45.573178,0.000000,circle,预设轨迹15,forward
1775478227.689986,5.658273,1775478263.870723|完整运动,完整运动,circle_orbit,1,1.000000,1.500000,1.500000,,,,,,,,,,,,,,,,1.194046,0.104906,1.162655,0.074337,0.000000,0.000000,0.011525,,-0.175581,0.000000,,,,0.087858,0.149274,1.500000,4.734376,45.525081,0.000000,circle,预设轨迹15,forward
1775478227.718274,5.686562,1775478263.870723|完整运动,完整运动,circle_orbit,1,1.000000,1.500000,1.500000,,,,,,,,,,,,,,,,1.193531,0.106016,1.162655,0.114337,0.000000,0.000000,0.011525,,-0.175581,0.000000,,,,0.088825,0.149209,1.500000,4.734376,45.525081,0.000000,circle,预设轨迹15,forward
1775478227.746308,5.714595,1775478263.870723|完整运动,完整运动,circle_orbit,1,1.000000,1.500000,1.500000,,,,,,,,,,,,,,,,1.193082,0.102289,1.166138,0.074337,0.000000,0.000000,0.003977,,-0.176947,0.000000,,,,0.085735,0.149153,1.500000,4.782596,45.476861,0.000000,circle,预设轨迹15,forward
1775478227.767617,5.735905,1775478263.870723|完整运动,完整运动,circle_orbit,1,1.000000,1.500000,1.500000,,,,,,,,,,,,,,,,1.192682,0.100772,1.168691,0.089392,0.000000,0.000000,0.000019,,-0.177170,0.000000,,,,0.084492,0.149103,1.500000,4.806681,45.452776,0.000000,circle,预设轨迹15,forward
1775478227.797776,5.766063,1775478263.870723|完整运动,完整运动,circle_orbit,1,1.000000,1.500000,1.500000,,,,,,,,,,,,,,,,1.192223,0.099379,1.164660,0.088934,0.000000,0.000000,-0.003771,,-0.178071,0.000000,,,,0.083356,0.149046,1.500000,4.830576,45.428880,0.000000,circle,预设轨迹15,forward
1775478227.829103,5.797390,1775478263.870723|完整运动,完整运动,circle_orbit,1,1.000000,1.500000,1.500000,,,,,,,,,,,,,,,,1.191654,0.095543,1.157559,0.066774,0.000000,0.000000,-0.011040,,-0.179373,0.000000,,,,0.080177,0.148975,1.500000,4.878493,45.380963,0.000000,circle,预设轨迹15,forward
1775478227.850857,5.819144,1775478263.870723|完整运动,完整运动,circle_orbit,1,1.000000,1.500000,1.500000,,,,,,,,,,,,,,,,1.190986,0.092029,1.150908,0.065672,0.000000,0.000000,-0.017993,,-0.180577,0.000000,,,,0.077271,0.148891,1.500000,4.926026,45.333431,0.000000,circle,预设轨迹15,forward
1775478227.871829,5.840116,1775478263.870723|完整运动,完整运动,circle_orbit,1,1.000000,1.500000,1.500000,,,,,,,,,,,,,,,,1.190279,0.091043,1.147816,0.083654,0.000000,0.000000,-0.021465,,-0.181035,0.000000,,,,0.076489,0.148803,1.500000,4.949556,45.309900,0.000000,circle,预设轨迹15,forward
1775478227.899664,5.867951,1775478263.870723|完整运动,完整运动,circle_orbit,1,1.000000,1.500000,1.500000,,,,,,,,,,,,,,,,1.189530,0.090061,1.144593,0.082689,0.000000,0.000000,-0.024904,,-0.181615,0.000000,,,,0.075711,0.148709,1.500000,4.973078,45.286378,0.000000,circle,预设轨迹15,forward
1775478227.920626,5.888914,1775478263.870723|完整运动,完整运动,circle_orbit,1,1.000000,1.500000,1.500000,,,,,,,,,,,,,,,,1.188746,0.089014,1.141718,0.081164,0.000000,0.000000,-0.028410,,-0.181925,0.000000,,,,0.074881,0.148611,1.500000,4.996699,45.262758,0.000000,circle,预设轨迹15,forward
1775478227.947240,5.915527,1775478263.870723|完整运动,完整运动,circle_orbit,1,1.000000,1.500000,1.500000,,,,,,,,,,,,,,,,1.187934,0.087900,1.139207,0.079543,0.000000,0.000000,-0.031995,,-0.181942,0.000000,,,,0.073994,0.148510,1.500000,5.020373,45.239084,0.000000,circle,预设轨迹15,forward
1775478227.982369,5.950656,1775478263.870723|完整运动,完整运动,circle_orbit,1,1.000000,1.500000,1.500000,,,,,,,,,,,,,,,,1.187094,0.086670,1.136709,0.077451,0.000000,0.000000,-0.035733,,-0.181880,0.000000,,,,0.073011,0.148405,1.500000,5.044210,45.215247,0.000000,circle,预设轨迹15,forward
1775478228.016682,5.984969,1775478263.870723|完整运动,完整运动,circle_orbit,1,1.000000,1.500000,1.500000,,,,,,,,,,,,,,,,1.186128,0.080880,1.128185,0.037451,0.000000,0.000000,-0.046884,,-0.182536,0.000000,,,,0.068188,0.148284,1.500000,5.115622,45.143835,0.000000,circle,预设轨迹15,forward
1775478228.045980,6.014267,1775478263.870723|完整运动,完整运动,circle_orbit,1,1.000000,1.500000,1.500000,,,,,,,,,,,,,,,,1.185142,0.079764,1.125940,0.071396,0.000000,0.000000,-0.050640,,-0.182314,0.000000,,,,0.067303,0.148160,1.500000,5.139331,45.120125,0.000000,circle,预设轨迹15,forward
1775478228.090668,6.058955,1775478263.870723|完整运动,完整运动,circle_orbit,1,1.000000,1.500000,1.500000,,,,,,,,,,,,,,,,1.184130,0.078585,1.123412,0.069741,0.000000,0.000000,-0.054473,,-0.182271,0.000000,,,,0.066365,0.148034,1.500000,5.162993,45.096464,0.000000,circle,预设轨迹15,forward
1775478228.114227,6.082514,1775478263.870723|完整运动,完整运动,circle_orbit,1,1.000000,1.500000,1.500000,,,,,,,,,,,,,,,,1.183027,0.072839,1.116873,0.029741,0.000000,0.000000,-0.066446,,-0.181170,0.000000,,,,0.061570,0.147896,1.500000,5.234462,45.024994,0.000000,circle,预设轨迹15,forward
1775478228.134740,6.103027,1775478263.870723|完整运动,完整运动,circle_orbit,1,1.000000,1.500000,1.500000,,,,,,,,,,,,,,,,1.181903,0.071666,1.114483,0.062870,0.000000,0.000000,-0.070391,,-0.180997,0.000000,,,,0.060636,0.147756,1.500000,5.258517,45.000940,0.000000,circle,预设轨迹15,forward
1775478228.158504,6.126791,1775478263.870723|完整运动,完整运动,circle_orbit,1,1.000000,1.500000,1.500000,,,,,,,,,,,,,,,,1.180798,0.073259,1.114483,0.085206,0.000000,0.000000,-0.070391,,-0.180997,0.000000,,,,0.062042,0.147617,1.500000,5.258517,45.000940,0.000000,circle,预设轨迹15,forward
1775478228.178915,6.147202,1775478263.870723|完整运动,完整运动,circle_orbit,1,1.000000,1.500000,1.500000,,,,,,,,,,,,,,,,1.179638,0.069958,1.110026,0.045206,0.000000,0.000000,-0.078207,,-0.180467,0.000000,,,,0.059305,0.147472,1.500000,5.306120,44.953337,0.000000,circle,预设轨迹15,forward
1775478228.200844,6.169132,1775478263.870723|完整运动,完整运动,circle_orbit,1,1.000000,1.500000,1.500000,,,,,,,,,,,,,,,,1.178469,0.068718,1.108341,0.059413,0.000000,0.000000,-0.082128,,-0.179790,0.000000,,,,0.058311,0.147326,1.500000,5.329809,44.929647,0.000000,circle,预设轨迹15,forward
1775478228.231376,6.199663,1775478263.870723|完整运动,完整运动,circle_orbit,1,1.000000,1.500000,1.500000,,,,,,,,,,,,,,,,1.177290,0.067474,1.106507,0.058144,0.000000,0.000000,-0.086065,,-0.179223,0.000000,,,,0.057313,0.147179,1.500000,5.353503,44.905954,0.000000,circle,预设轨迹15,forward
1775478228.252462,6.220749,1775478263.870723|完整运动,完整运动,circle_orbit,1,1.000000,1.500000,1.500000,,,,,,,,,,,,,,,,1.176074,0.063585,1.103173,0.034417,0.000000,0.000000,-0.093781,,-0.177926,0.000000,,,,0.054065,0.147027,1.500000,5.401091,44.858366,0.000000,circle,预设轨迹15,forward
1775478228.272783,6.241070,1775478263.870723|完整运动,完整运动,circle_orbit,1,1.000000,1.500000,1.500000,,,,,,,,,,,,,,,,1.174840,0.062597,1.100761,0.055192,0.000000,0.000000,-0.097525,,-0.177915,0.000000,,,,0.053282,0.146873,1.500000,5.424405,44.835051,0.000000,circle,预设轨迹15,forward
1775478228.299078,6.267366,1775478263.870723|完整运动,完整运动,circle_orbit,1,1.000000,1.500000,1.500000,,,,,,,,,,,,,,,,1.173625,0.064231,1.100761,0.076484,0.000000,0.000000,-0.097525,,-0.177915,0.000000,,,,0.054729,0.146721,1.500000,5.424405,44.835051,0.000000,circle,预设轨迹15,forward
1775478228.327889,6.296176,1775478263.870723|完整运动,完整运动,circle_orbit,1,1.000000,1.500000,1.500000,,,,,,,,,,,,,,,,1.172374,0.061271,1.097266,0.039074,0.000000,0.000000,-0.103905,,-0.177438,0.000000,,,,0.052263,0.146564,1.500000,5.471658,44.787799,0.000000,circle,预设轨迹15,forward
1775478228.350252,6.318539,1775478263.870723|完整运动,完整运动,circle_orbit,1,1.000000,1.500000,1.500000,,,,,,,,,,,,,,,,1.171096,0.058355,1.094452,0.036485,0.000000,0.000000,-0.110337,,-0.176418,0.000000,,,,0.049830,0.146405,1.500000,5.518901,44.740556,0.000000,circle,预设轨迹15,forward
1775478228.371714,6.340001,1775478263.870723|完整运动,完整运动,circle_orbit,1,1.000000,1.500000,1.500000,,,,,,,,,,,,,,,,1.169819,0.057714,1.093195,0.052902,0.000000,0.000000,-0.113635,,-0.175754,0.000000,,,,0.049336,0.146245,1.500000,5.542406,44.717051,0.000000,circle,预设轨迹15,forward
1775478228.399977,6.368264,1775478263.870723|完整运动,完整运动,circle_orbit,1,1.000000,1.500000,1.500000,,,,,,,,,,,,,,,,1.168543,0.056993,1.091969,0.051586,0.000000,0.000000,-0.117016,,-0.175026,0.000000,,,,0.048773,0.146085,1.500000,5.566009,44.693448,0.000000,circle,预设轨迹15,forward
1775478228.420850,6.389138,1775478263.870723|完整运动,完整运动,circle_orbit,1,1.000000,1.500000,1.500000,,,,,,,,,,,,,,,,1.167266,0.056171,1.090668,0.050006,0.000000,0.000000,-0.120519,,-0.174298,0.000000,,,,0.048122,0.145926,1.500000,5.589599,44.669858,0.000000,circle,预设轨迹15,forward
1775478228.447375,6.415663,1775478263.870723|完整运动,完整运动,circle_orbit,1,1.000000,1.500000,1.500000,,,,,,,,,,,,,,,,1.165992,0.055269,1.089547,0.048504,0.000000,0.000000,-0.124122,,-0.173381,0.000000,,,,0.047401,0.145767,1.500000,5.613202,44.646255,0.000000,circle,预设轨迹15,forward
1775478228.482330,6.450617,1775478263.870723|完整运动,完整运动,circle_orbit,1,1.000000,1.500000,1.500000,,,,,,,,,,,,,,,,1.164721,0.054376,1.088471,0.047681,0.000000,0.000000,-0.127705,,-0.172440,0.000000,,,,0.046686,0.145608,1.500000,5.636820,44.622637,0.000000,circle,预设轨迹15,forward
1775478228.513043,6.481330,1775478263.870723|完整运动,完整运动,circle_orbit,1,1.000000,1.500000,1.500000,,,,,,,,,,,,,,,,1.163438,0.051150,1.086440,0.026956,0.000000,0.000000,-0.134606,,-0.170599,0.000000,,,,0.043965,0.145447,1.500000,5.683965,44.575492,0.000000,circle,预设轨迹15,forward
1775478228.546028,6.514315,1775478263.870723|完整运动,完整运动,circle_orbit,1,1.000000,1.500000,1.500000,,,,,,,,,,,,,,,,1.162164,0.050430,1.085701,0.045025,0.000000,0.000000,-0.138067,,-0.169455,0.000000,,,,0.043393,0.145288,1.500000,5.707632,44.551825,0.000000,circle,预设轨迹15,forward
1775478228.566521,6.534808,1775478263.870723|完整运动,完整运动,circle_orbit,1,1.000000,1.500000,1.500000,,,,,,,,,,,,,,,,1.160874,0.047306,1.083500,0.023878,0.000000,0.000000,-0.144930,,-0.167778,0.000000,,,,0.040750,0.145127,1.500000,5.755268,44.504188,0.000000,circle,预设轨迹15,forward
1775478228.590535,6.558823,1775478263.870723|完整运动,完整运动,circle_orbit,1,1.000000,1.500000,1.500000,,,,,,,,,,,,,,,,1.159593,0.046667,1.082740,0.041877,0.000000,0.000000,-0.148373,,-0.166663,0.000000,,,,0.040245,0.144967,1.500000,5.779058,44.480398,0.000000,circle,预设轨迹15,forward
1775478228.625086,6.593373,1775478263.870723|完整运动,完整运动,circle_orbit,1,1.000000,1.500000,1.500000,,,,,,,,,,,,,,,,1.158309,0.043903,1.081230,0.023172,0.000000,0.000000,-0.154816,,-0.164651,0.000000,,,,0.037903,0.144806,1.500000,5.826423,44.433033,0.000000,circle,预设轨迹15,forward
1775478228.657820,6.626107,1775478263.870723|完整运动,完整运动,circle_orbit,1,1.000000,1.500000,1.500000,,,,,,,,,,,,,,,,1.157044,0.043458,1.081139,0.040118,0.000000,0.000000,-0.158053,,-0.163105,0.000000,,,,0.037559,0.144648,1.500000,5.850236,44.409221,0.000000,circle,预设轨迹15,forward
1775478228.681217,6.649504,1775478263.870723|完整运动,完整运动,circle_orbit,1,1.000000,1.500000,1.500000,,,,,,,,,,,,,,,,1.155772,0.041085,1.079470,0.023285,0.000000,0.000000,-0.163995,,-0.161475,0.000000,,,,0.035547,0.144489,1.500000,5.896901,44.362556,0.000000,circle,预设轨迹15,forward
1775478228.701528,6.669816,1775478263.870723|完整运动,完整运动,circle_orbit,1,1.000000,1.500000,1.500000,,,,,,,,,,,,,,,,1.154519,0.040823,1.079350,0.038859,0.000000,0.000000,-0.167004,,-0.160066,0.000000,,,,0.035359,0.144332,1.500000,5.920117,44.339340,0.000000,circle,预设轨迹15,forward
1775478228.734474,6.702762,1775478263.870723|完整运动,完整运动,circle_orbit,1,1.000000,1.500000,1.500000,,,,,,,,,,,,,,,,1.153274,0.040567,1.078570,0.038652,0.000000,0.000000,-0.169950,,-0.159221,0.000000,,,,0.035176,0.144177,1.500000,5.943179,44.316277,0.000000,circle,预设轨迹15,forward
1775478228.759842,6.728130,1775478263.870723|完整运动,完整运动,circle_orbit,1,1.000000,1.500000,1.500000,,,,,,,,,,,,,,,,1.152041,0.040224,1.078061,0.037651,0.000000,0.000000,-0.172974,,-0.158119,0.000000,,,,0.034916,0.144022,1.500000,5.966330,44.293126,0.000000,circle,预设轨迹15,forward
1775478228.784083,6.752371,1775478263.870723|完整运动,完整运动,circle_orbit,1,1.000000,1.500000,1.500000,,,,,,,,,,,,,,,,1.150811,0.037738,1.077024,0.019090,0.000000,0.000000,-0.179013,,-0.155937,0.000000,,,,0.032792,0.143869,1.500000,6.012749,44.246708,0.000000,circle,预设轨迹15,forward
1775478228.804606,6.772893,1775478263.870723|完整运动,完整运动,circle_orbit,1,1.000000,1.500000,1.500000,,,,,,,,,,,,,,,,1.149586,0.037620,1.076093,0.036735,0.000000,0.000000,-0.181763,,-0.155315,0.000000,,,,0.032725,0.143716,1.500000,6.035888,44.223568,0.000000,circle,预设轨迹15,forward
1775478228.830814,6.799102,1775478263.870723|完整运动,完整运动,circle_orbit,1,1.000000,1.500000,1.500000,,,,,,,,,,,,,,,,1.148372,0.035725,1.075526,0.021510,0.000000,0.000000,-0.186994,,-0.153158,0.000000,,,,0.031109,0.143564,1.500000,6.082612,44.176845,0.000000,circle,预设轨迹15,forward
1775478228.852471,6.820759,1775478263.870723|完整运动,完整运动,circle_orbit,1,1.000000,1.500000,1.500000,,,,,,,,,,,,,,,,1.147178,0.035706,1.075523,0.035564,0.000000,0.000000,-0.189605,,-0.151855,0.000000,,,,0.031125,0.143414,1.500000,6.106138,44.153319,0.000000,circle,预设轨迹15,forward
1775478228.875219,6.843506,1775478263.870723|完整运动,完整运动,circle_orbit,1,1.000000,1.500000,1.500000,,,,,,,,,,,,,,,,1.146003,0.037478,1.075523,0.050769,0.000000,0.000000,-0.189605,,-0.151855,0.000000,,,,0.032703,0.143268,1.500000,6.106138,44.153319,0.000000,circle,预设轨迹15,forward
1775478228.906930,6.875217,1775478263.870723|完整运动,完整运动,circle_orbit,1,1.000000,1.500000,1.500000,,,,,,,,,,,,,,,,1.144848,0.037282,1.075505,0.035814,0.000000,0.000000,-0.192253,,-0.150546,0.000000,,,,0.032565,0.143123,1.500000,6.129547,44.129910,0.000000,circle,预设轨迹15,forward
1775478228.937629,6.905916,1775478263.870723|完整运动,完整运动,circle_orbit,1,1.000000,1.500000,1.500000,,,,,,,,,,,,,,,,1.143709,0.035326,1.075426,0.020653,0.000000,0.000000,-0.197377,,-0.148047,0.000000,,,,0.030887,0.142981,1.500000,6.175950,44.083507,0.000000,circle,预设轨迹15,forward
1775478228.961664,6.929951,1775478263.870723|完整运动,完整运动,circle_orbit,1,1.000000,1.500000,1.500000,,,,,,,,,,,,,,,,1.142597,0.033343,1.075873,0.018472,0.000000,0.000000,-0.202614,,-0.145067,0.000000,,,,0.029182,0.142842,1.500000,6.222431,44.037026,0.000000,circle,预设轨迹15,forward
1775478228.982358,6.950645,1775478263.870723|完整运动,完整运动,circle_orbit,1,1.000000,1.500000,1.500000,,,,,,,,,,,,,,,,1.141508,0.033045,1.076135,0.030806,0.000000,0.000000,-0.205520,,-0.143401,0.000000,,,,0.028948,0.142706,1.500000,6.245775,44.013682,0.000000,circle,预设轨迹15,forward
1775478229.009866,6.978153,1775478263.870723|完整运动,完整运动,circle_orbit,1,1.000000,1.500000,1.500000,,,,,,,,,,,,,,,,1.140435,0.032528,1.076086,0.028654,0.000000,0.000000,-0.208706,,-0.141847,0.000000,,,,0.028522,0.142572,1.500000,6.268988,43.990468,0.000000,circle,预设轨迹15,forward
1775478229.038387,7.006674,1775478263.870723|完整运动,完整运动,circle_orbit,1,1.000000,1.500000,1.500000,,,,,,,,,,,,,,,,1.139382,0.031925,1.076190,0.027401,0.000000,0.000000,-0.211999,,-0.140117,0.000000,,,,0.028019,0.142440,1.500000,6.292173,43.967283,0.000000,circle,预设轨迹15,forward
1775478229.058830,7.027118,1775478263.870723|完整运动,完整运动,circle_orbit,1,1.000000,1.500000,1.500000,,,,,,,,,,,,,,,,1.138353,0.029236,1.076611,0.009069,0.000000,0.000000,-0.218259,,-0.136645,0.000000,,,,0.025683,0.142311,1.500000,6.338503,43.920953,0.000000,circle,预设轨迹15,forward
1775478229.088428,7.056715,1775478263.870723|完整运动,完整运动,circle_orbit,1,1.000000,1.500000,1.500000,,,,,,,,,,,,,,,,1.137351,0.028886,1.077226,0.026260,0.000000,0.000000,-0.221299,,-0.134628,0.000000,,,,0.025397,0.142186,1.500000,6.361631,43.897826,0.000000,circle,预设轨迹15,forward
1775478229.118053,7.086341,1775478263.870723|完整运动,完整运动,circle_orbit,1,1.000000,1.500000,1.500000,,,,,,,,,,,,,,,,1.136376,0.028474,1.077862,0.025383,0.000000,0.000000,-0.224401,,-0.132563,0.000000,,,,0.025057,0.142064,1.500000,6.384538,43.874918,0.000000,circle,预设轨迹15,forward
1775478229.138657,7.106944,1775478263.870723|完整运动,完整运动,circle_orbit,1,1.000000,1.500000,1.500000,,,,,,,,,,,,,,,,1.135420,0.026063,1.078046,0.007986,0.000000,0.000000,-0.230330,,-0.129450,0.000000,,,,0.022955,0.141944,1.500000,6.429620,43.829836,0.000000,circle,预设轨迹15,forward
1775478229.162786,7.131073,1775478263.870723|完整运动,完整运动,circle_orbit,1,1.000000,1.500000,1.500000,,,,,,,,,,,,,,,,1.134485,0.026037,1.078381,0.025836,0.000000,0.000000,-0.232958,,-0.127866,0.000000,,,,0.022950,0.141828,1.500000,6.452018,43.807438,0.000000,circle,预设轨迹15,forward
1775478229.192714,7.161002,1775478263.870723|完整运动,完整运动,circle_orbit,1,1.000000,1.500000,1.500000,,,,,,,,,,,,,,,,1.133569,0.026100,1.078622,0.026574,0.000000,0.000000,-0.235409,,-0.126446,0.000000,,,,0.023025,0.141713,1.500000,6.474561,43.784895,0.000000,circle,预设轨迹15,forward
1775478229.213750,7.182037,1775478263.870723|完整运动,完整运动,circle_orbit,1,1.000000,1.500000,1.500000,,,,,,,,,,,,,,,,1.132683,0.024378,1.079534,0.011462,0.000000,0.000000,-0.240358,,-0.123237,0.000000,,,,0.021522,0.141602,1.500000,6.520412,43.739045,0.000000,circle,预设轨迹15,forward
1775478229.234881,7.203168,1775478263.870723|完整运动,完整运动,circle_orbit,1,1.000000,1.500000,1.500000,,,,,,,,,,,,,,,,1.131807,0.024527,1.079274,0.025642,0.000000,0.000000,-0.242697,,-0.122277,0.000000,,,,0.021670,0.141493,1.500000,6.543360,43.716096,0.000000,circle,预设轨迹15,forward
1775478229.263618,7.231905,1775478263.870723|完整运动,完整运动,circle_orbit,1,1.000000,1.500000,1.500000,,,,,,,,,,,,,,,,1.130948,0.024771,1.079386,0.026605,0.000000,0.000000,-0.244843,,-0.121113,0.000000,,,,0.021903,0.141385,1.500000,6.566376,43.693081,0.000000,circle,预设轨迹15,forward
1775478229.292397,7.260684,1775478263.870723|完整运动,完整运动,circle_orbit,1,1.000000,1.500000,1.500000,,,,,,,,,,,,,,,,1.130116,0.025026,1.080202,0.026936,0.000000,0.000000,-0.246920,,-0.119419,0.000000,,,,0.022144,0.141281,1.500000,6.589492,43.669965,0.000000,circle,预设轨迹15,forward
1775478229.316256,7.284544,1775478263.870723|完整运动,完整运动,circle_orbit,1,1.000000,1.500000,1.500000,,,,,,,,,,,,,,,,1.129322,0.025199,1.081659,0.026497,0.000000,0.000000,-0.249063,,-0.117178,0.000000,,,,0.022313,0.141182,1.500000,6.612939,43.646518,0.000000,circle,预设轨迹15,forward
1775478229.336639,7.304926,1775478263.870723|完整运动,完整运动,circle_orbit,1,1.000000,1.500000,1.500000,,,,,,,,,,,,,,,,1.128577,0.023842,1.083903,0.013668,0.000000,0.000000,-0.253348,,-0.113241,0.000000,,,,0.021126,0.141089,1.500000,6.660335,43.599122,0.000000,circle,预设轨迹15,forward
1775478229.364760,7.333047,1775478263.870723|完整运动,完整运动,circle_orbit,1,1.000000,1.500000,1.500000,,,,,,,,,,,,,,,,1.127864,0.024015,1.085046,0.025313,0.000000,0.000000,-0.255501,,-0.111253,0.000000,,,,0.021293,0.141000,1.500000,6.684291,43.575165,0.000000,circle,预设轨迹15,forward
1775478229.397468,7.365755,1775478263.870723|完整运动,完整运动,circle_orbit,1,1.000000,1.500000,1.500000,,,,,,,,,,,,,,,,1.127175,0.024140,1.085883,0.025076,0.000000,0.000000,-0.257679,,-0.109497,0.000000,,,,0.021416,0.140914,1.500000,6.708322,43.551135,0.000000,circle,预设轨迹15,forward
1775478229.434825,7.403112,1775478263.870723|完整运动,完整运动,circle_orbit,1,1.000000,1.500000,1.500000,,,,,,,,,,,,,,,,1.126536,0.022763,1.088179,0.012434,0.000000,0.000000,-0.261965,,-0.105532,0.000000,,,,0.020206,0.140834,1.500000,6.756345,43.503111,0.000000,circle,预设轨迹15,forward
1775478229.461996,7.430283,1775478263.870723|完整运动,完整运动,circle_orbit,1,1.000000,1.500000,1.500000,,,,,,,,,,,,,,,,1.125954,0.021235,1.091033,0.009774,0.000000,0.000000,-0.266527,,-0.100998,0.000000,,,,0.018859,0.140761,1.500000,6.804289,43.455168,0.000000,circle,预设轨迹15,forward
1775478229.491264,7.459552,1775478263.870723|完整运动,完整运动,circle_orbit,1,1.000000,1.500000,1.500000,,,,,,,,,,,,,,,,1.125404,0.021370,1.092404,0.022388,0.000000,0.000000,-0.268776,,-0.098795,0.000000,,,,0.018989,0.140692,1.500000,6.828513,43.430944,0.000000,circle,预设轨迹15,forward
1775478229.512363,7.480650,1775478263.870723|完整运动,完整运动,circle_orbit,1,1.000000,1.500000,1.500000,,,,,,,,,,,,,,,,1.124911,0.019975,1.095342,0.009506,0.000000,0.000000,-0.273174,,-0.094293,0.000000,,,,0.017757,0.140631,1.500000,6.876712,43.382745,0.000000,circle,预设轨迹15,forward
1775478229.537681,7.505968,1775478263.870723|完整运动,完整运动,circle_orbit,1,1.000000,1.500000,1.500000,,,,,,,,,,,,,,,,1.124451,0.020256,1.096834,0.022363,0.000000,0.000000,-0.275235,,-0.092099,0.000000,,,,0.018014,0.140573,1.500000,6.900531,43.358926,0.000000,circle,预设轨迹15,forward
1775478229.568495,7.536782,1775478263.870723|完整运动,完整运动,circle_orbit,1,1.000000,1.500000,1.500000,,,,,,,,,,,,,,,,1.124025,0.020547,1.098454,0.022730,0.000000,0.000000,-0.277234,,-0.089839,0.000000,,,,0.018280,0.140520,1.500000,6.924237,43.335220,0.000000,circle,预设轨迹15,forward
1775478229.590459,7.558746,1775478263.870723|完整运动,完整运动,circle_orbit,1,1.000000,1.500000,1.500000,,,,,,,,,,,,,,,,1.123623,0.021075,1.099488,0.025034,0.000000,0.000000,-0.278847,,-0.088229,0.000000,,,,0.018756,0.140470,1.500000,6.947773,43.311683,0.000000,circle,预设轨迹15,forward
1775478229.610802,7.579089,1775478263.870723|完整运动,完整运动,circle_orbit,1,1.000000,1.500000,1.500000,,,,,,,,,,,,,,,,1.123280,0.020590,1.102754,0.016954,0.000000,0.000000,-0.281854,,-0.084200,0.000000,,,,0.018330,0.140427,1.500000,6.994574,43.264882,0.000000,circle,预设轨迹15,forward
1775478229.636001,7.604288,1775478263.870723|完整运动,完整运动,circle_orbit,1,1.000000,1.500000,1.500000,,,,,,,,,,,,,,,,1.122944,0.022214,1.102754,0.034396,0.000000,0.000000,-0.281854,,-0.084200,0.000000,,,,0.019782,0.140385,1.500000,6.994574,43.264882,0.000000,circle,预设轨迹15,forward
1775478229.673207,7.641494,1775478263.870723|完整运动,完整运动,circle_orbit,1,1.000000,1.500000,1.500000,,,,,,,,,,,,,,,,1.122639,0.022603,1.104352,0.025517,0.000000,0.000000,-0.283498,,-0.082148,0.000000,,,,0.020134,0.140347,1.500000,7.018018,43.241439,0.000000,circle,预设轨迹15,forward
1775478229.693689,7.661976,1775478263.870723|完整运动,完整运动,circle_orbit,1,1.000000,1.500000,1.500000,,,,,,,,,,,,,,,,1.122414,0.021209,1.108936,0.010759,0.000000,0.000000,-0.287653,,-0.076562,0.000000,,,,0.018896,0.140319,1.500000,7.088266,43.171190,0.000000,circle,预设轨迹15,forward
1775478229.716987,7.685274,1775478263.870723|完整运动,完整运动,circle_orbit,1,1.000000,1.500000,1.500000,,,,,,,,,,,,,,,,1.122227,0.022084,1.110969,0.028641,0.000000,0.000000,-0.288644,,-0.074518,0.000000,,,,0.019678,0.140295,1.500000,7.111630,43.147826,0.000000,circle,预设轨迹15,forward
1775478229.744522,7.712809,1775478263.870723|完整运动,完整运动,circle_orbit,1,1.000000,1.500000,1.500000,,,,,,,,,,,,,,,,1.122080,0.022865,1.113263,0.028726,0.000000,0.000000,-0.289700,,-0.072251,0.000000,,,,0.020377,0.140277,1.500000,7.134984,43.124473,0.000000,circle,预设轨迹15,forward
1775478229.765177,7.733464,1775478263.870723|完整运动,完整运动,circle_orbit,1,1.000000,1.500000,1.500000,,,,,,,,,,,,,,,,1.121961,0.023551,1.114799,0.028698,0.000000,0.000000,-0.290831,,-0.070526,0.000000,,,,0.020991,0.140262,1.500000,7.158271,43.101186,0.000000,circle,预设轨迹15,forward
1775478229.785733,7.754020,1775478263.870723|完整运动,完整运动,circle_orbit,1,1.000000,1.500000,1.500000,,,,,,,,,,,,,,,,1.121882,0.024061,1.117164,0.027886,0.000000,0.000000,-0.292165,,-0.068079,0.000000,,,,0.021447,0.140252,1.500000,7.181739,43.077718,0.000000,circle,预设轨迹15,forward
1775478229.822562,7.790849,1775478263.870723|完整运动,完整运动,circle_orbit,1,1.000000,1.500000,1.500000,,,,,,,,,,,,,,,,1.121847,0.024458,1.119764,0.027435,0.000000,0.000000,-0.293624,,-0.065400,0.000000,,,,0.021802,0.140248,1.500000,7.205299,43.054157,0.000000,circle,预设轨迹15,forward
1775478229.858772,7.827059,1775478263.870723|完整运动,完整运动,circle_orbit,1,1.000000,1.500000,1.500000,,,,,,,,,,,,,,,,1.121874,0.024245,1.123462,0.022644,0.000000,0.000000,-0.295930,,-0.061491,0.000000,,,,0.021611,0.140251,1.500000,7.252659,43.006798,0.000000,circle,预设轨迹15,forward
1775478229.899881,7.868168,1775478263.870723|完整运动,完整运动,circle_orbit,1,1.000000,1.500000,1.500000,,,,,,,,,,,,,,,,1.121967,0.024141,1.127566,0.023362,0.000000,0.000000,-0.298094,,-0.057372,0.000000,,,,0.021517,0.140263,1.500000,7.299923,42.959533,0.000000,circle,预设轨迹15,forward
1775478229.922235,7.890522,1775478263.870723|完整运动,完整运动,circle_orbit,1,1.000000,1.500000,1.500000,,,,,,,,,,,,,,,,1.122140,0.023937,1.132533,0.022406,0.000000,0.000000,-0.300412,,-0.052567,0.000000,,,,0.021331,0.140284,1.500000,7.347723,42.911734,0.000000,circle,预设轨迹15,forward
1775478229.946556,7.914843,1775478263.870723|完整运动,完整运动,circle_orbit,1,1.000000,1.500000,1.500000,,,,,,,,,,,,,,,,1.122349,0.024684,1.134904,0.030286,0.000000,0.000000,-0.301382,,-0.050352,0.000000,,,,0.021993,0.140311,1.500000,7.371764,42.887692,0.000000,circle,预设轨迹15,forward
1775478229.974373,7.942660,1775478263.870723|完整运动,完整运动,circle_orbit,1,1.000000,1.500000,1.500000,,,,,,,,,,,,,,,,1.122643,0.024968,1.140241,0.027103,0.000000,0.000000,-0.302972,,-0.045691,0.000000,,,,0.022241,0.140347,1.500000,7.419143,42.840314,0.000000,circle,预设轨迹15,forward
1775478229.996832,7.965119,1775478263.870723|完整运动,完整运动,circle_orbit,1,1.000000,1.500000,1.500000,,,,,,,,,,,,,,,,1.122979,0.025735,1.143178,0.031489,0.000000,0.000000,-0.303857,,-0.043136,0.000000,,,,0.022917,0.140389,1.500000,7.442469,42.816987,0.000000,circle,预设轨迹15,forward
1775478230.017837,7.986125,1775478263.870723|完整运动,完整运动,circle_orbit,1,1.000000,1.500000,1.500000,,,,,,,,,,,,,,,,1.123353,0.026524,1.145791,0.032436,0.000000,0.000000,-0.304666,,-0.040860,0.000000,,,,0.023611,0.140436,1.500000,7.465695,42.793762,0.000000,circle,预设轨迹15,forward
1775478230.049595,8.017882,1775478263.870723|完整运动,完整运动,circle_orbit,1,1.000000,1.500000,1.500000,,,,,,,,,,,,,,,,1.123763,0.027399,1.148369,0.033960,0.000000,0.000000,-0.305307,,-0.038703,0.000000,,,,0.024381,0.140487,1.500000,7.488922,42.770534,0.000000,circle,预设轨迹15,forward
1775478230.074963,8.043250,1775478263.870723|完整运动,完整运动,circle_orbit,1,1.000000,1.500000,1.500000,,,,,,,,,,,,,,,,1.124210,0.028250,1.151030,0.034637,0.000000,0.000000,-0.305934,,-0.036503,0.000000,,,,0.025129,0.140543,1.500000,7.512062,42.747395,0.000000,circle,预设轨迹15,forward
1775478230.099552,8.067839,1775478263.870723|完整运动,完整运动,circle_orbit,1,1.000000,1.500000,1.500000,,,,,,,,,,,,,,,,1.124728,0.028551,1.155793,0.030806,0.000000,0.000000,-0.307308,,-0.032459,0.000000,,,,0.025385,0.140608,1.500000,7.558241,42.701215,0.000000,circle,预设轨迹15,forward
1775478230.123446,8.091733,1775478263.870723|完整运动,完整运动,circle_orbit,1,1.000000,1.500000,1.500000,,,,,,,,,,,,,,,,1.125280,0.029462,1.158393,0.036298,0.000000,0.000000,-0.307802,,-0.030392,0.000000,,,,0.026182,0.140677,1.500000,7.581532,42.677925,0.000000,circle,预设轨迹15,forward
1775478230.154673,8.122961,1775478263.870723|完整运动,完整运动,circle_orbit,1,1.000000,1.500000,1.500000,,,,,,,,,,,,,,,,1.125865,0.030388,1.160940,0.037331,0.000000,0.000000,-0.308229,,-0.028402,0.000000,,,,0.026991,0.140750,1.500000,7.604901,42.654556,0.000000,circle,预设轨迹15,forward
1775478230.185353,8.153640,1775478263.870723|完整运动,完整运动,circle_orbit,1,1.000000,1.500000,1.500000,,,,,,,,,,,,,,,,1.126531,0.031434,1.166506,0.039278,0.000000,0.000000,-0.308449,,-0.024439,0.000000,,,,0.027903,0.140833,1.500000,7.651582,42.607875,0.000000,circle,预设轨迹15,forward
1775478230.206106,8.174394,1775478263.870723|完整运动,完整运动,circle_orbit,1,1.000000,1.500000,1.500000,,,,,,,,,,,,,,,,1.127243,0.032415,1.169983,0.039772,0.000000,0.000000,-0.308714,,-0.021919,0.000000,,,,0.028756,0.140922,1.500000,7.674821,42.584635,0.000000,circle,预设轨迹15,forward
1775478230.226682,8.194969,1775478263.870723|完整运动,完整运动,circle_orbit,1,1.000000,1.500000,1.500000,,,,,,,,,,,,,,,,1.127992,0.033409,1.172935,0.040865,0.000000,0.000000,-0.308917,,-0.019800,0.000000,,,,0.029618,0.141016,1.500000,7.698689,42.560767,0.000000,circle,预设轨迹15,forward
1775478230.256972,8.225260,1775478263.870723|完整运动,完整运动,circle_orbit,1,1.000000,1.500000,1.500000,,,,,,,,,,,,,,,,1.128833,0.034177,1.179251,0.039938,0.000000,0.000000,-0.309410,,-0.015272,0.000000,,,,0.030276,0.141121,1.500000,7.746565,42.512892,0.000000,circle,预设轨迹15,forward
1775478230.293202,8.261489,1775478263.870723|完整运动,完整运动,circle_orbit,1,1.000000,1.500000,1.500000,,,,,,,,,,,,,,,,1.129705,0.035306,1.182038,0.043772,0.000000,0.000000,-0.309362,,-0.013422,0.000000,,,,0.031252,0.141230,1.500000,7.770627,42.488829,0.000000,circle,预设轨迹15,forward
1775478230.319011,8.287298,1775478263.870723|完整运动,完整运动,circle_orbit,1,1.000000,1.500000,1.500000,,,,,,,,,,,,,,,,1.130671,0.036435,1.188664,0.044901,0.000000,0.000000,-0.309276,,-0.009044,0.000000,,,,0.032224,0.141351,1.500000,7.818596,42.440861,0.000000,circle,预设轨迹15,forward
1775478230.354808,8.323096,1775478263.870723|完整运动,完整运动,circle_orbit,1,1.000000,1.500000,1.500000,,,,,,,,,,,,,,,,1.131681,0.037463,1.192268,0.045172,0.000000,0.000000,-0.309290,,-0.006653,0.000000,,,,0.033104,0.141477,1.500000,7.842702,42.416755,0.000000,circle,预设轨迹15,forward
1775478230.392634,8.360921,1775478263.870723|完整运动,完整运动,circle_orbit,1,1.000000,1.500000,1.500000,,,,,,,,,,,,,,,,1.132796,0.038521,1.199716,0.046461,0.000000,0.000000,-0.309235,,-0.001799,0.000000,,,,0.034005,0.141617,1.500000,7.891487,42.367970,0.000000,circle,预设轨迹15,forward
1775478230.425173,8.393460,1775478263.870723|完整运动,完整运动,circle_orbit,1,1.000000,1.500000,1.500000,,,,,,,,,,,,,,,,1.133881,0.039847,1.198979,0.049789,0.000000,0.000000,-0.308771,,0.002511,0.000000,,,,0.035142,0.141752,1.500000,7.940163,42.319293,0.000000,circle,预设轨迹15,forward
1775478230.459256,8.427543,1775478263.870723|完整运动,完整运动,circle_orbit,1,1.000000,1.500000,1.500000,,,,,,,,,,,,,,,,1.134832,0.041191,1.191853,0.051268,0.000000,0.000000,-0.308241,,0.007452,0.000000,,,,0.036297,0.141871,1.500000,7.988336,42.271120,0.000000,circle,预设轨迹15,forward
1775478230.493414,8.461701,1775478263.870723|完整运动,完整运动,circle_orbit,1,1.000000,1.500000,1.500000,,,,,,,,,,,,,,,,1.135713,0.042397,1.188616,0.051449,0.000000,0.000000,-0.307854,,0.009787,0.000000,,,,0.037331,0.141981,1.500000,8.012346,42.247111,0.000000,circle,预设轨迹15,forward
1775478230.529170,8.497458,1775478263.870723|完整运动,完整运动,circle_orbit,1,1.000000,1.500000,1.500000,,,,,,,,,,,,,,,,1.136525,0.043606,1.185232,0.052667,0.000000,0.000000,-0.307425,,0.012253,0.000000,,,,0.038367,0.142083,1.500000,8.036239,42.223217,0.000000,circle,预设轨迹15,forward
1775478230.549792,8.518079,1775478263.870723|完整运动,完整运动,circle_orbit,1,1.000000,1.500000,1.500000,,,,,,,,,,,,,,,,1.137235,0.045122,1.179797,0.056498,0.000000,0.000000,-0.306522,,0.016349,0.000000,,,,0.039677,0.142171,1.500000,8.083689,42.175768,0.000000,circle,预设轨迹15,forward
1775478230.570979,8.539267,1775478263.870723|完整运动,完整运动,circle_orbit,1,1.000000,1.500000,1.500000,,,,,,,,,,,,,,,,1.137898,0.046464,1.177720,0.056524,0.000000,0.000000,-0.305809,,0.018107,0.000000,,,,0.040833,0.142254,1.500000,8.107645,42.151811,0.000000,circle,预设轨迹15,forward
1775478230.592687,8.560975,1775478263.870723|完整运动,完整运动,circle_orbit,1,1.000000,1.500000,1.500000,,,,,,,,,,,,,,,,1.138485,0.048595,1.173674,0.064578,0.000000,0.000000,-0.303932,,0.021789,0.000000,,,,0.042684,0.142328,1.500000,8.155642,42.103815,0.000000,circle,预设轨迹15,forward
1775478230.614884,8.583171,1775478263.870723|完整运动,完整运动,circle_orbit,1,1.000000,1.500000,1.500000,,,,,,,,,,,,,,,,1.139022,0.050017,1.171268,0.060680,0.000000,0.000000,-0.302974,,0.023910,0.000000,,,,0.043912,0.142395,1.500000,8.179583,42.079874,0.000000,circle,预设轨迹15,forward
1775478230.635386,8.603673,1775478263.870723|完整运动,完整运动,circle_orbit,1,1.000000,1.500000,1.500000,,,,,,,,,,,,,,,,1.139507,0.051364,1.168560,0.061470,0.000000,0.000000,-0.302075,,0.026214,0.000000,,,,0.045076,0.142455,1.500000,8.203569,42.055888,0.000000,circle,预设轨迹15,forward
1775478230.669357,8.637645,1775478263.870723|完整运动,完整运动,circle_orbit,1,1.000000,1.500000,1.500000,,,,,,,,,,,,,,,,1.139932,0.052610,1.165475,0.061952,0.000000,0.000000,-0.301281,,0.028734,0.000000,,,,0.046152,0.142509,1.500000,8.227661,42.031795,0.000000,circle,预设轨迹15,forward
1775478230.699702,8.667989,1775478263.870723|完整运动,完整运动,circle_orbit,1,1.000000,1.500000,1.500000,,,,,,,,,,,,,,,,1.140308,0.053890,1.162872,0.063488,0.000000,0.000000,-0.300404,,0.030974,0.000000,,,,0.047259,0.142556,1.500000,8.251898,42.007559,0.000000,circle,预设轨迹15,forward
1775478230.721473,8.689761,1775478263.870723|完整运动,完整运动,circle_orbit,1,1.000000,1.500000,1.500000,,,,,,,,,,,,,,,,1.140613,0.055977,1.158873,0.071632,0.000000,0.000000,-0.298347,,0.034785,0.000000,,,,0.049076,0.142594,1.500000,8.300440,41.959017,0.000000,circle,预设轨迹15,forward
1775478230.741991,8.710279,1775478263.870723|完整运动,完整运动,circle_orbit,1,1.000000,1.500000,1.500000,,,,,,,,,,,,,,,,1.140882,0.057376,1.157075,0.067868,0.000000,0.000000,-0.297186,,0.036622,0.000000,,,,0.050291,0.142627,1.500000,8.324608,41.934849,0.000000,circle,预设轨迹15,forward
1775478230.767835,8.736122,1775478263.870723|完整运动,完整运动,circle_orbit,1,1.000000,1.500000,1.500000,,,,,,,,,,,,,,,,1.141118,0.058726,1.155224,0.068854,0.000000,0.000000,-0.296052,,0.038487,0.000000,,,,0.051464,0.142657,1.500000,8.348579,41.910877,0.000000,circle,预设轨迹15,forward
1775478230.795838,8.764126,1775478263.870723|完整运动,完整运动,circle_orbit,1,1.000000,1.500000,1.500000,,,,,,,,,,,,,,,,1.141307,0.059979,1.152665,0.069379,0.000000,0.000000,-0.295020,,0.040805,0.000000,,,,0.052553,0.142680,1.500000,8.372765,41.886691,0.000000,circle,预设轨迹15,forward
1775478230.819511,8.787799,1775478263.870723|完整运动,完整运动,circle_orbit,1,1.000000,1.500000,1.500000,,,,,,,,,,,,,,,,1.141415,0.062166,1.147904,0.078562,0.000000,0.000000,-0.292638,,0.045369,0.000000,,,,0.054464,0.142694,1.500000,8.421551,41.837905,0.000000,circle,预设轨迹15,forward
1775478230.840816,8.809103,1775478263.870723|完整运动,完整运动,circle_orbit,1,1.000000,1.500000,1.500000,,,,,,,,,,,,,,,,1.141493,0.063614,1.146169,0.074478,0.000000,0.000000,-0.291221,,0.047315,0.000000,,,,0.055729,0.142704,1.500000,8.445886,41.813571,0.000000,circle,预设轨迹15,forward
1775478230.865859,8.834146,1775478263.870723|完整运动,完整运动,circle_orbit,1,1.000000,1.500000,1.500000,,,,,,,,,,,,,,,,1.141546,0.065114,1.144731,0.076360,0.000000,0.000000,-0.289689,,0.049108,0.000000,,,,0.057040,0.142710,1.500000,8.470055,41.789401,0.000000,circle,预设轨迹15,forward
1775478230.887438,8.855725,1775478263.870723|完整运动,完整运动,circle_orbit,1,1.000000,1.500000,1.500000,,,,,,,,,,,,,,,,1.141563,0.066464,1.142566,0.076592,0.000000,0.000000,-0.288328,,0.051341,0.000000,,,,0.058222,0.142712,1.500000,8.494113,41.765343,0.000000,circle,预设轨迹15,forward
1775478230.908668,8.876955,1775478263.870723|完整运动,完整运动,circle_orbit,1,1.000000,1.500000,1.500000,,,,,,,,,,,,,,,,1.141542,0.067745,1.140288,0.077355,0.000000,0.000000,-0.287032,,0.053627,0.000000,,,,0.059346,0.142710,1.500000,8.518274,41.741182,0.000000,circle,预设轨迹15,forward
1775478230.929620,8.897907,1775478263.870723|完整运动,完整运动,circle_orbit,1,1.000000,1.500000,1.500000,,,,,,,,,,,,,,,,1.141490,0.069009,1.138367,0.078487,0.000000,0.000000,-0.285731,,0.055666,0.000000,,,,0.060455,0.142703,1.500000,8.542482,41.716975,0.000000,circle,预设轨迹15,forward
1775478230.952383,8.920670,1775478263.870723|完整运动,完整运动,circle_orbit,1,1.000000,1.500000,1.500000,,,,,,,,,,,,,,,,1.141417,0.070335,1.137035,0.080277,0.000000,0.000000,-0.284311,,0.057340,0.000000,,,,0.061621,0.142694,1.500000,8.566547,41.692909,0.000000,circle,预设轨迹15,forward
1775478230.974282,8.942569,1775478263.870723|完整运动,完整运动,circle_orbit,1,1.000000,1.500000,1.500000,,,,,,,,,,,,,,,,1.141287,0.072580,1.133477,0.089417,0.000000,0.000000,-0.281557,,0.061306,0.000000,,,,0.063595,0.142678,1.500000,8.614505,41.644952,0.000000,circle,预设轨迹15,forward
1775478231.000397,8.968684,1775478263.870723|完整运动,完整运动,circle_orbit,1,1.000000,1.500000,1.500000,,,,,,,,,,,,,,,,1.141159,0.072825,1.133477,0.074664,0.000000,0.000000,-0.281557,,0.061306,0.000000,,,,0.063817,0.142662,1.500000,8.614505,41.644952,0.000000,circle,预设轨迹15,forward
1775478231.021912,8.990200,1775478263.870723|完整运动,完整运动,circle_orbit,1,1.000000,1.500000,1.500000,,,,,,,,,,,,,,,,1.141002,0.075508,1.131635,0.095631,0.000000,0.000000,-0.278122,,0.064369,0.000000,,,,0.066177,0.142642,1.500000,8.661794,41.597662,0.000000,circle,预设轨迹15,forward
1775478231.042928,9.011216,1775478263.870723|完整运动,完整运动,circle_orbit,1,1.000000,1.500000,1.500000,,,,,,,,,,,,,,,,1.140834,0.077014,1.130752,0.088307,0.000000,0.000000,-0.276251,,0.065952,0.000000,,,,0.067506,0.142621,1.500000,8.685298,41.574158,0.000000,circle,预设轨迹15,forward
1775478231.070266,9.038553,1775478263.870723|完整运动,完整运动,circle_orbit,1,1.000000,1.500000,1.500000,,,,,,,,,,,,,,,,1.140669,0.077172,1.130752,0.078358,0.000000,0.000000,-0.276251,,0.065952,0.000000,,,,0.067655,0.142601,1.500000,8.685298,41.574158,0.000000,circle,预设轨迹15,forward
1775478231.101816,9.070103,1775478263.870723|完整运动,完整运动,circle_orbit,1,1.000000,1.500000,1.500000,,,,,,,,,,,,,,,,1.140478,0.079969,1.129005,0.100950,0.000000,0.000000,-0.272536,,0.069093,0.000000,,,,0.070119,0.142577,1.500000,8.732191,41.527265,0.000000,circle,预设轨迹15,forward
1775478231.132706,9.100993,1775478263.870723|完整运动,完整运动,circle_orbit,1,1.000000,1.500000,1.500000,,,,,,,,,,,,,,,,1.140251,0.082609,1.126648,0.102408,0.000000,0.000000,-0.268935,,0.072631,0.000000,,,,0.072448,0.142548,1.500000,8.779856,41.479600,0.000000,circle,预设轨迹15,forward
1775478231.164954,9.133242,1775478263.870723|完整运动,完整运动,circle_orbit,1,1.000000,1.500000,1.500000,,,,,,,,,,,,,,,,1.140009,0.085412,1.125478,0.106432,0.000000,0.000000,-0.265004,,0.075462,0.000000,,,,0.074922,0.142518,1.500000,8.828026,41.431431,0.000000,circle,预设轨迹15,forward
1775478231.191789,9.160077,1775478263.870723|完整运动,完整运动,circle_orbit,1,1.000000,1.500000,1.500000,,,,,,,,,,,,,,,,1.139762,0.086830,1.124933,0.097464,0.000000,0.000000,-0.262934,,0.076900,0.000000,,,,0.076182,0.142487,1.500000,8.851994,41.407462,0.000000,circle,预设轨迹15,forward
1775478231.212659,9.180946,1775478263.870723|完整运动,完整运动,circle_orbit,1,1.000000,1.500000,1.500000,,,,,,,,,,,,,,,,1.139499,0.090094,1.123720,0.114573,0.000000,0.000000,-0.258215,,0.080160,0.000000,,,,0.079064,0.142454,1.500000,8.900090,41.359367,0.000000,circle,预设轨迹15,forward
1775478231.233717,9.202004,1775478263.870723|完整运动,完整运动,circle_orbit,1,1.000000,1.500000,1.500000,,,,,,,,,,,,,,,,1.139238,0.091821,1.123555,0.104775,0.000000,0.000000,-0.255552,,0.081614,0.000000,,,,0.080599,0.142422,1.500000,8.924325,41.335132,0.000000,circle,预设轨迹15,forward
1775478231.261075,9.229362,1775478263.870723|完整运动,完整运动,circle_orbit,1,1.000000,1.500000,1.500000,,,,,,,,,,,,,,,,1.138980,0.091644,1.123555,0.090321,0.000000,0.000000,-0.255552,,0.081614,0.000000,,,,0.080462,0.142390,1.500000,8.924325,41.335132,0.000000,circle,预设轨迹15,forward
1775478231.282203,9.250490,1775478263.870723|完整运动,完整运动,circle_orbit,1,1.000000,1.500000,1.500000,,,,,,,,,,,,,,,,1.138715,0.095402,1.122818,0.123588,0.000000,0.000000,-0.250026,,0.084925,0.000000,,,,0.083781,0.142356,1.500000,8.972498,41.286959,0.000000,circle,预设轨迹15,forward
1775478231.317572,9.285859,1775478263.870723|完整运动,完整运动,circle_orbit,1,1.000000,1.500000,1.500000,,,,,,,,,,,,,,,,1.138454,0.097080,1.122788,0.109665,0.000000,0.000000,-0.247300,,0.086311,0.000000,,,,0.085274,0.142324,1.500000,8.996388,41.263068,0.000000,circle,预设轨迹15,forward
1775478231.339300,9.307587,1775478263.870723|完整运动,完整运动,circle_orbit,1,1.000000,1.500000,1.500000,,,,,,,,,,,,,,,,1.138194,0.100508,1.122582,0.126213,0.000000,0.000000,-0.242052,,0.089088,0.000000,,,,0.088305,0.142291,1.500000,9.043609,41.215847,0.000000,circle,预设轨迹15,forward
1775478231.360662,9.328949,1775478263.870723|完整运动,完整运动,circle_orbit,1,1.000000,1.500000,1.500000,,,,,,,,,,,,,,,,1.137932,0.101888,1.122195,0.112236,0.000000,0.000000,-0.239584,,0.090610,0.000000,,,,0.089537,0.142259,1.500000,9.067323,41.192133,0.000000,circle,预设轨迹15,forward
1775478231.385670,9.353957,1775478263.870723|完整运动,完整运动,circle_orbit,1,1.000000,1.500000,1.500000,,,,,,,,,,,,,,,,1.137681,0.103233,1.122659,0.113325,0.000000,0.000000,-0.237147,,0.091483,0.000000,,,,0.090740,0.142227,1.500000,9.090941,41.168516,0.000000,circle,预设轨迹15,forward
1775478231.414536,9.382823,1775478263.870723|完整运动,完整运动,circle_orbit,1,1.000000,1.500000,1.500000,,,,,,,,,,,,,,,,1.137466,0.106554,1.124541,0.131463,0.000000,0.000000,-0.231884,,0.092718,0.000000,,,,0.093677,0.142200,1.500000,9.137726,41.121731,0.000000,circle,预设轨迹15,forward
1775478231.448953,9.417241,1775478263.870723|完整运动,完整运动,circle_orbit,1,1.000000,1.500000,1.500000,,,,,,,,,,,,,,,,1.137280,0.108138,1.126118,0.120017,0.000000,0.000000,-0.228963,,0.093011,0.000000,,,,0.095085,0.142177,1.500000,9.160954,41.098502,0.000000,circle,预设轨迹15,forward
1775478231.479789,9.448076,1775478263.870723|完整运动,完整运动,circle_orbit,1,1.000000,1.500000,1.500000,,,,,,,,,,,,,,,,1.137115,0.109758,1.127199,0.121909,0.000000,0.000000,-0.225964,,0.093712,0.000000,,,,0.096523,0.142156,1.500000,9.184394,41.075063,0.000000,circle,预设轨迹15,forward
1775478231.500975,9.469263,1775478263.870723|完整运动,完整运动,circle_orbit,1,1.000000,1.500000,1.500000,,,,,,,,,,,,,,,,1.136975,0.113251,1.128562,0.139448,0.000000,0.000000,-0.220274,,0.095553,0.000000,,,,0.099608,0.142139,1.500000,9.230887,41.028570,0.000000,circle,预设轨迹15,forward
1775478231.521542,9.489829,1775478263.870723|完整运动,完整运动,circle_orbit,1,1.000000,1.500000,1.500000,,,,,,,,,,,,,,,,1.136848,0.114543,1.129284,0.124228,0.000000,0.000000,-0.217583,,0.096367,0.000000,,,,0.100754,0.142123,1.500000,9.253993,41.005463,0.000000,circle,预设轨迹15,forward
1775478231.551760,9.520047,1775478263.870723|完整运动,完整运动,circle_orbit,1,1.000000,1.500000,1.500000,,,,,,,,,,,,,,,,1.136741,0.115888,1.130299,0.125982,0.000000,0.000000,-0.214808,,0.097009,0.000000,,,,0.101948,0.142110,1.500000,9.277179,40.982278,0.000000,circle,预设轨迹15,forward
1775478231.583860,9.552147,1775478263.870723|完整运动,完整运动,circle_orbit,1,1.000000,1.500000,1.500000,,,,,,,,,,,,,,,,1.136686,0.119361,1.133360,0.145406,0.000000,0.000000,-0.208995,,0.097677,0.000000,,,,0.105008,0.142103,1.500000,9.324062,40.935395,0.000000,circle,预设轨迹15,forward
1775478231.607958,9.576245,1775478263.870723|完整运动,完整运动,circle_orbit,1,1.000000,1.500000,1.500000,,,,,,,,,,,,,,,,1.136653,0.120740,1.134680,0.131082,0.000000,0.000000,-0.206029,,0.098198,0.000000,,,,0.106224,0.142099,1.500000,9.347523,40.911933,0.000000,circle,预设轨迹15,forward
1775478231.649959,9.618246,1775478263.870723|完整运动,完整运动,circle_orbit,1,1.000000,1.500000,1.500000,,,,,,,,,,,,,,,,1.136670,0.124453,1.137680,0.152301,0.000000,0.000000,-0.199733,,0.099167,0.000000,,,,0.109489,0.142101,1.500000,9.394157,40.865299,0.000000,circle,预设轨迹15,forward
1775478231.683471,9.651758,1775478263.870723|完整运动,完整运动,circle_orbit,1,1.000000,1.500000,1.500000,,,,,,,,,,,,,,,,1.136732,0.128181,1.140454,0.156136,0.000000,0.000000,-0.193276,,0.100391,0.000000,,,,0.112762,0.142108,1.500000,9.440941,40.818516,0.000000,circle,预设轨迹15,forward
1775478231.705636,9.673923,1775478263.870723|完整运动,完整运动,circle_orbit,1,1.000000,1.500000,1.500000,,,,,,,,,,,,,,,,1.136814,0.129561,1.141723,0.139913,0.000000,0.000000,-0.190024,,0.101104,0.000000,,,,0.113968,0.142119,1.500000,9.464422,40.795034,0.000000,circle,预设轨迹15,forward
1775478231.726006,9.694293,1775478263.870723|完整运动,完整运动,circle_orbit,1,1.000000,1.500000,1.500000,,,,,,,,,,,,,,,,1.136922,0.130912,1.143442,0.141048,0.000000,0.000000,-0.186811,,0.101476,0.000000,,,,0.115146,0.142132,1.500000,9.487851,40.771606,0.000000,circle,预设轨迹15,forward
1775478231.751991,9.720278,1775478263.870723|完整运动,完整运动,circle_orbit,1,1.000000,1.500000,1.500000,,,,,,,,,,,,,,,,1.137055,0.132247,1.145009,0.142257,0.000000,0.000000,-0.183621,,0.101949,0.000000,,,,0.116307,0.142149,1.500000,9.511158,40.748299,0.000000,circle,预设轨迹15,forward
1775478231.785704,9.753991,1775478263.870723|完整运动,完整运动,circle_orbit,1,1.000000,1.500000,1.500000,,,,,,,,,,,,,,,,1.137214,0.133622,1.146774,0.143935,0.000000,0.000000,-0.180372,,0.102314,0.000000,,,,0.117499,0.142169,1.500000,9.534450,40.725007,0.000000,circle,预设轨迹15,forward
1775478231.816180,9.784467,1775478263.870723|完整运动,完整运动,circle_orbit,1,1.000000,1.500000,1.500000,,,,,,,,,,,,,,,,1.137411,0.136915,1.149201,0.161617,0.000000,0.000000,-0.174388,,0.103580,0.000000,,,,0.120375,0.142193,1.500000,9.581089,40.678368,0.000000,circle,预设轨迹15,forward
1775478231.845603,9.813891,1775478263.870723|完整运动,完整运动,circle_orbit,1,1.000000,1.500000,1.500000,,,,,,,,,,,,,,,,1.137674,0.140057,1.153510,0.163621,0.000000,0.000000,-0.168501,,0.103476,0.000000,,,,0.123108,0.142226,1.500000,9.627488,40.631969,0.000000,circle,预设轨迹15,forward
1775478231.866771,9.835058,1775478263.870723|完整运动,完整运动,circle_orbit,1,1.000000,1.500000,1.500000,,,,,,,,,,,,,,,,1.137977,0.141204,1.156130,0.149805,0.000000,0.000000,-0.165348,,0.103211,0.000000,,,,0.124083,0.142264,1.500000,9.650559,40.608897,0.000000,circle,预设轨迹15,forward
1775478231.887904,9.856192,1775478263.870723|完整运动,完整运动,circle_orbit,1,1.000000,1.500000,1.500000,,,,,,,,,,,,,,,,1.138320,0.142347,1.158894,0.150920,0.000000,0.000000,-0.162211,,0.102846,0.000000,,,,0.125050,0.142307,1.500000,9.673404,40.586053,0.000000,circle,预设轨迹15,forward
1775478231.917027,9.885314,1775478263.870723|完整运动,完整运动,circle_orbit,1,1.000000,1.500000,1.500000,,,,,,,,,,,,,,,,1.138733,0.145588,1.163520,0.169891,0.000000,0.000000,-0.156096,,0.102688,0.000000,,,,0.127851,0.142359,1.500000,9.719139,40.540318,0.000000,circle,预设轨迹15,forward
1775478231.951787,9.920074,1775478263.870723|完整运动,完整运动,circle_orbit,1,1.000000,1.500000,1.500000,,,,,,,,,,,,,,,,1.139174,0.146463,1.165643,0.153026,0.000000,0.000000,-0.153236,,0.102650,0.000000,,,,0.128569,0.142414,1.500000,9.742131,40.517325,0.000000,circle,预设轨迹15,forward
1775478231.993281,9.961568,1775478263.870723|完整运动,完整运动,circle_orbit,1,1.000000,1.500000,1.500000,,,,,,,,,,,,,,,,1.139652,0.147409,1.168339,0.154504,0.000000,0.000000,-0.150300,,0.102262,0.000000,,,,0.129345,0.142474,1.500000,9.765138,40.494319,0.000000,circle,预设轨迹15,forward
1775478232.027196,9.995483,1775478263.870723|完整运动,完整运动,circle_orbit,1,1.000000,1.500000,1.500000,,,,,,,,,,,,,,,,1.140274,0.152633,1.177597,0.191814,0.000000,0.000000,-0.141286,,0.100461,0.000000,,,,0.133856,0.142551,1.500000,9.834116,40.425340,0.000000,circle,预设轨迹15,forward
1775478232.073227,10.041514,1775478263.870723|完整运动,完整运动,circle_orbit,1,1.000000,1.500000,1.500000,,,,,,,,,,,,,,,,1.140924,0.153325,1.179919,0.158518,0.000000,0.000000,-0.138497,,0.100289,0.000000,,,,0.134387,0.142633,1.500000,9.857077,40.402380,0.000000,circle,预设轨迹15,forward
1775478232.094649,10.062936,1775478263.870723|完整运动,完整运动,circle_orbit,1,1.000000,1.500000,1.500000,,,,,,,,,,,,,,,,1.141706,0.158371,1.188635,0.196214,0.000000,0.000000,-0.129547,,0.098938,0.000000,,,,0.138714,0.142730,1.500000,9.926767,40.332689,0.000000,circle,预设轨迹15,forward
1775478232.117819,10.086106,1775478263.870723|完整运动,完整运动,circle_orbit,1,1.000000,1.500000,1.500000,,,,,,,,,,,,,,,,1.142526,0.159151,1.191726,0.164997,0.000000,0.000000,-0.126460,,0.098436,0.000000,,,,0.139297,0.142833,1.500000,9.949903,40.309554,0.000000,circle,预设轨迹15,forward
1775478232.146362,10.114650,1775478263.870723|完整运动,完整运动,circle_orbit,1,1.000000,1.500000,1.500000,,,,,,,,,,,,,,,,1.143381,0.159921,1.194640,0.165702,0.000000,0.000000,-0.123426,,0.098035,0.000000,,,,0.139867,0.142940,1.500000,9.973005,40.286452,0.000000,circle,预设轨迹15,forward
1775478232.166771,10.135058,1775478263.870723|完整运动,完整运动,circle_orbit,1,1.000000,1.500000,1.500000,,,,,,,,,,,,,,,,1.144263,0.160660,1.197181,0.166200,0.000000,0.000000,-0.120475,,0.097845,0.000000,,,,0.140405,0.143050,1.500000,9.996152,40.263304,0.000000,circle,预设轨迹15,forward
1775478232.187634,10.155921,1775478263.870723|完整运动,完整运动,circle_orbit,1,1.000000,1.500000,1.500000,,,,,,,,,,,,,,,,1.145176,0.161364,1.199960,0.166649,0.000000,0.000000,-0.117608,,0.097465,0.000000,,,,0.140908,0.143164,1.500000,10.019335,40.240121,0.000000,circle,预设轨迹15,forward
1775478232.215751,10.184039,1775478263.870723|完整运动,完整运动,circle_orbit,1,1.000000,1.500000,1.500000,,,,,,,,,,,,,,,,1.146157,0.163847,1.205005,0.182466,0.000000,0.000000,-0.112242,,0.096877,0.000000,,,,0.142953,0.143287,1.500000,10.066283,40.193174,0.000000,circle,预设轨迹15,forward
1775478232.246639,10.214926,1775478263.870723|完整运动,完整运动,circle_orbit,1,1.000000,1.500000,1.500000,,,,,,,,,,,,,,,,1.147121,0.162512,1.205005,0.152497,0.000000,0.000000,-0.112242,,0.096877,0.000000,,,,0.141669,0.143407,1.500000,10.066283,40.193174,0.000000,circle,预设轨迹15,forward
1775478232.281988,10.250275,1775478263.870723|完整运动,完整运动,circle_orbit,1,1.000000,1.500000,1.500000,,,,,,,,,,,,,,,,1.148177,0.164943,1.211509,0.183176,0.000000,0.000000,-0.107024,,0.095310,0.000000,,,,0.143656,0.143539,1.500000,10.113250,40.146206,0.000000,circle,预设轨迹15,forward
1775478232.308261,10.276548,1775478263.870723|完整运动,完整运动,circle_orbit,1,1.000000,1.500000,1.500000,,,,,,,,,,,,,,,,1.149334,0.167342,1.218769,0.185337,0.000000,0.000000,-0.101770,,0.093327,0.000000,,,,0.145599,0.143684,1.500000,10.159950,40.099506,0.000000,circle,预设轨迹15,forward
1775478232.340814,10.309101,1775478263.870723|完整运动,完整运动,circle_orbit,1,1.000000,1.500000,1.500000,,,,,,,,,,,,,,,,1.150538,0.167899,1.222783,0.172073,0.000000,0.000000,-0.099068,,0.092154,0.000000,,,,0.145931,0.143835,1.500000,10.182988,40.076468,0.000000,circle,预设轨迹15,forward
1775478232.364291,10.332578,1775478263.870723|完整运动,完整运动,circle_orbit,1,1.000000,1.500000,1.500000,,,,,,,,,,,,,,,,1.151837,0.169965,1.229791,0.185465,0.000000,0.000000,-0.094247,,0.090196,0.000000,,,,0.147560,0.143997,1.500000,10.229121,40.030336,0.000000,circle,预设轨迹15,forward
1775478232.384898,10.353185,1775478263.870723|完整运动,完整运动,circle_orbit,1,1.000000,1.500000,1.500000,,,,,,,,,,,,,,,,1.153176,0.170277,1.233476,0.172615,0.000000,0.000000,-0.091870,,0.089107,0.000000,,,,0.147659,0.144164,1.500000,10.252418,40.007039,0.000000,circle,预设轨迹15,forward
1775478232.409274,10.377561,1775478263.870723|完整运动,完整运动,circle_orbit,1,1.000000,1.500000,1.500000,,,,,,,,,,,,,,,,1.154564,0.170648,1.237881,0.173431,0.000000,0.000000,-0.089456,,0.087610,0.000000,,,,0.147803,0.144338,1.500000,10.275782,39.983674,0.000000,circle,预设轨迹15,forward
1775478232.437930,10.406217,1775478263.870723|完整运动,完整运动,circle_orbit,1,1.000000,1.500000,1.500000,,,,,,,,,,,,,,,,1.156015,0.171112,1.243027,0.174587,0.000000,0.000000,-0.086947,,0.085729,0.000000,,,,0.148019,0.144519,1.500000,10.299075,39.960382,0.000000,circle,预设轨迹15,forward
1775478232.464874,10.433161,1775478263.870723|完整运动,完整运动,circle_orbit,1,1.000000,1.500000,1.500000,,,,,,,,,,,,,,,,1.157583,0.173407,1.251678,0.190625,0.000000,0.000000,-0.081856,,0.083062,0.000000,,,,0.149801,0.144715,1.500000,10.345331,39.914125,0.000000,circle,预设轨迹15,forward
1775478232.488218,10.456506,1775478263.870723|完整运动,完整运动,circle_orbit,1,1.000000,1.500000,1.500000,,,,,,,,,,,,,,,,1.159184,0.173850,1.255273,0.177168,0.000000,0.000000,-0.079330,,0.082180,0.000000,,,,0.149976,0.144915,1.500000,10.368527,39.890929,0.000000,circle,预设轨迹15,forward
1775478232.509418,10.477706,1775478263.870723|完整运动,完整运动,circle_orbit,1,1.000000,1.500000,1.500000,,,,,,,,,,,,,,,,1.160825,0.174325,1.259290,0.177890,0.000000,0.000000,-0.076792,,0.081067,0.000000,,,,0.150173,0.145121,1.500000,10.391965,39.867492,0.000000,circle,预设轨迹15,forward
1775478232.538490,10.506777,1775478263.870723|完整运动,完整运动,circle_orbit,1,1.000000,1.500000,1.500000,,,,,,,,,,,,,,,,1.162520,0.174893,1.264208,0.179151,0.000000,0.000000,-0.074150,,0.079491,0.000000,,,,0.150443,0.145332,1.500000,10.415378,39.844079,0.000000,circle,预设轨迹15,forward
1775478232.569834,10.538121,1775478263.870723|完整运动,完整运动,circle_orbit,1,1.000000,1.500000,1.500000,,,,,,,,,,,,,,,,1.164343,0.177316,1.273735,0.195490,0.000000,0.000000,-0.068883,,0.076579,0.000000,,,,0.152288,0.145560,1.500000,10.462194,39.797262,0.000000,circle,预设轨迹15,forward
1775478232.602713,10.571000,1775478263.870723|完整运动,完整运动,circle_orbit,1,1.000000,1.500000,1.500000,,,,,,,,,,,,,,,,1.166279,0.179590,1.282397,0.196641,0.000000,0.000000,-0.063740,,0.074179,0.000000,,,,0.153985,0.145802,1.500000,10.508752,39.750704,0.000000,circle,预设轨迹15,forward
1775478232.633925,10.602213,1775478263.870723|完整运动,完整运动,circle_orbit,1,1.000000,1.500000,1.500000,,,,,,,,,,,,,,,,1.168243,0.179788,1.286114,0.181280,0.000000,0.000000,-0.061480,,0.073196,0.000000,,,,0.153896,0.146048,1.500000,10.532267,39.727190,0.000000,circle,预设轨迹15,forward
1775478232.667835,10.636122,1775478263.870723|完整运动,完整运动,circle_orbit,1,1.000000,1.500000,1.500000,,,,,,,,,,,,,,,,1.170296,0.181338,1.293440,0.192961,0.000000,0.000000,-0.057343,,0.071136,0.000000,,,,0.154951,0.146304,1.500000,10.579812,39.679644,0.000000,circle,预设轨迹15,forward
1775478232.700310,10.668597,1775478263.870723|完整运动,完整运动,circle_orbit,1,1.000000,1.500000,1.500000,,,,,,,,,,,,,,,,1.172388,0.181406,1.297922,0.181913,0.000000,0.000000,-0.055285,,0.069663,0.000000,,,,0.154732,0.146566,1.500000,10.603733,39.655723,0.000000,circle,预设轨迹15,forward
1775478232.735321,10.703608,1775478263.870723|完整运动,完整运动,circle_orbit,1,1.000000,1.500000,1.500000,,,,,,,,,,,,,,,,1.174606,0.183072,1.307683,0.195571,0.000000,0.000000,-0.050997,,0.066415,0.000000,,,,0.155858,0.146843,1.500000,10.651018,39.608438,0.000000,circle,预设轨迹15,forward
1775478232.763049,10.731336,1775478263.870723|完整运动,完整运动,circle_orbit,1,1.000000,1.500000,1.500000,,,,,,,,,,,,,,,,1.176854,0.183015,1.311770,0.182585,0.000000,0.000000,-0.049124,,0.065118,0.000000,,,,0.155512,0.147124,1.500000,10.674775,39.584682,0.000000,circle,预设轨迹15,forward
1775478232.786182,10.754469,1775478263.870723|完整运动,完整运动,circle_orbit,1,1.000000,1.500000,1.500000,,,,,,,,,,,,,,,,1.179221,0.184255,1.321245,0.193552,0.000000,0.000000,-0.045458,,0.061826,0.000000,,,,0.156251,0.147420,1.500000,10.722187,39.537269,0.000000,circle,预设轨迹15,forward
1775478232.806580,10.774868,1775478263.870723|完整运动,完整运动,circle_orbit,1,1.000000,1.500000,1.500000,,,,,,,,,,,,,,,,1.181635,0.184156,1.326459,0.183414,0.000000,0.000000,-0.043677,,0.059928,0.000000,,,,0.155848,0.147722,1.500000,10.746034,39.513422,0.000000,circle,预设轨迹15,forward
1775478232.832887,10.801175,1775478263.870723|完整运动,完整运动,circle_orbit,1,1.000000,1.500000,1.500000,,,,,,,,,,,,,,,,1.184107,0.184208,1.332446,0.184599,0.000000,0.000000,-0.041738,,0.057721,0.000000,,,,0.155567,0.148031,1.500000,10.769488,39.489969,0.000000,circle,预设轨迹15,forward
1775478232.863563,10.831850,1775478263.870723|完整运动,完整运动,circle_orbit,1,1.000000,1.500000,1.500000,,,,,,,,,,,,,,,,1.186715,0.185552,1.343160,0.195633,0.000000,0.000000,-0.037999,,0.053979,0.000000,,,,0.156358,0.148357,1.500000,10.816659,39.442797,0.000000,circle,预设轨迹15,forward
1775478232.883968,10.852256,1775478263.870723|完整运动,完整运动,circle_orbit,1,1.000000,1.500000,1.500000,,,,,,,,,,,,,,,,1.189375,0.185555,1.348961,0.185579,0.000000,0.000000,-0.036138,,0.051908,0.000000,,,,0.156011,0.148690,1.500000,10.840147,39.419309,0.000000,circle,预设轨迹15,forward
1775478232.905244,10.873532,1775478263.870723|完整运动,完整运动,circle_orbit,1,1.000000,1.500000,1.500000,,,,,,,,,,,,,,,,1.192081,0.185615,1.354478,0.186065,0.000000,0.000000,-0.034245,,0.050024,0.000000,,,,0.155707,0.149028,1.500000,10.863795,39.395661,0.000000,circle,预设轨迹15,forward
1775478232.941776,10.910063,1775478263.870723|完整运动,完整运动,circle_orbit,1,1.000000,1.500000,1.500000,,,,,,,,,,,,,,,,1.194824,0.185824,1.359393,0.187387,0.000000,0.000000,-0.032183,,0.048553,0.000000,,,,0.155524,0.149371,1.500000,10.887461,39.371995,0.000000,circle,预设轨迹15,forward
1775478232.965772,10.934059,1775478263.870723|完整运动,完整运动,circle_orbit,1,1.000000,1.500000,1.500000,,,,,,,,,,,,,,,,1.197711,0.187496,1.370909,0.200040,0.000000,0.000000,-0.028062,,0.044820,0.000000,,,,0.156545,0.149732,1.500000,10.934627,39.324830,0.000000,circle,预设轨迹15,forward
1775478232.995896,10.964183,1775478263.870723|完整运动,完整运动,circle_orbit,1,1.000000,1.500000,1.500000,,,,,,,,,,,,,,,,1.200647,0.187696,1.376836,0.189199,0.000000,0.000000,-0.025984,,0.042916,0.000000,,,,0.156329,0.150099,1.500000,10.958099,39.301358,0.000000,circle,预设轨迹15,forward
1775478233.026725,10.995012,1775478263.870723|完整运动,完整运动,circle_orbit,1,1.000000,1.500000,1.500000,,,,,,,,,,,,,,,,1.203741,0.189275,1.389347,0.201116,0.000000,0.000000,-0.021969,,0.038791,0.000000,,,,0.157239,0.150486,1.500000,11.005271,39.254186,0.000000,circle,预设轨迹15,forward
1775478233.060130,11.028418,1775478263.870723|完整运动,完整运动,circle_orbit,1,1.000000,1.500000,1.500000,,,,,,,,,,,,,,,,1.206864,0.189236,1.394295,0.188940,0.000000,0.000000,-0.020214,,0.037275,0.000000,,,,0.156799,0.150876,1.500000,11.029039,39.230418,0.000000,circle,预设轨迹15,forward
1775478233.082956,11.051243,1775478263.870723|完整运动,完整运动,circle_orbit,1,1.000000,1.500000,1.500000,,,,,,,,,,,,,,,,1.210134,0.190239,1.406304,0.197761,0.000000,0.000000,-0.017015,,0.033133,0.000000,,,,0.157205,0.151285,1.500000,11.076795,39.182662,0.000000,circle,预设轨迹15,forward
1775478233.117820,11.086107,1775478263.870723|完整运动,完整运动,circle_orbit,1,1.000000,1.500000,1.500000,,,,,,,,,,,,,,,,1.213442,0.190045,1.411925,0.188589,0.000000,0.000000,-0.015508,,0.031232,0.000000,,,,0.156616,0.151698,1.500000,11.100850,39.158606,0.000000,circle,预设轨迹15,forward
1775478233.142479,11.110766,1775478263.870723|完整运动,完整运动,circle_orbit,1,1.000000,1.500000,1.500000,,,,,,,,,,,,,,,,1.216827,0.190532,1.419929,0.194192,0.000000,0.000000,-0.013085,,0.028701,0.000000,,,,0.156581,0.152122,1.500000,11.149236,39.110221,0.000000,circle,预设轨迹15,forward
1775478233.167149,11.135436,1775478263.870723|完整运动,完整运动,circle_orbit,1,1.000000,1.500000,1.500000,,,,,,,,,,,,,,,,1.220219,0.189979,1.423712,0.185830,0.000000,0.000000,-0.012161,,0.027409,0.000000,,,,0.155693,0.152546,1.500000,11.173644,39.085812,0.000000,circle,预设轨迹15,forward
1775478233.197722,11.166009,1775478263.870723|完整运动,完整运动,circle_orbit,1,1.000000,1.500000,1.500000,,,,,,,,,,,,,,,,1.223636,0.189383,1.428683,0.184914,0.000000,0.000000,-0.011371,,0.025512,0.000000,,,,0.154771,0.152973,1.500000,11.198185,39.061271,0.000000,circle,预设轨迹15,forward
1775478233.222959,11.191246,1775478263.870723|完整运动,完整运动,circle_orbit,1,1.000000,1.500000,1.500000,,,,,,,,,,,,,,,,1.227184,0.189438,1.440083,0.189847,0.000000,0.000000,-0.009718,,0.021144,0.000000,,,,0.154368,0.153416,1.500000,11.247470,39.011987,0.000000,circle,预设轨迹15,forward
1775478233.246720,11.215008,1775478263.870723|完整运动,完整运动,circle_orbit,1,1.000000,1.500000,1.500000,,,,,,,,,,,,,,,,1.230783,0.189035,1.446686,0.186015,0.000000,0.000000,-0.008747,,0.018659,0.000000,,,,0.153589,0.153866,1.500000,11.271899,38.987558,0.000000,circle,预设轨迹15,forward
1775478233.269463,11.237751,1775478263.870723|完整运动,完整运动,circle_orbit,1,1.000000,1.500000,1.500000,,,,,,,,,,,,,,,,1.234412,0.188659,1.452154,0.185836,0.000000,0.000000,-0.007795,,0.016694,0.000000,,,,0.152833,0.154320,1.500000,11.296275,38.963182,0.000000,circle,预设轨迹15,forward
1775478233.295227,11.263515,1775478263.870723|完整运动,完整运动,circle_orbit,1,1.000000,1.500000,1.500000,,,,,,,,,,,,,,,,1.238117,0.188919,1.460407,0.190872,0.000000,0.000000,-0.005987,,0.013950,0.000000,,,,0.152586,0.154783,1.500000,11.320402,38.939054,0.000000,circle,预设轨迹15,forward
1775478233.322456,11.290743,1775478263.870723|完整运动,完整运动,circle_orbit,1,1.000000,1.500000,1.500000,,,,,,,,,,,,,,,,1.241965,0.190111,1.472837,0.199046,0.000000,0.000000,-0.002863,,0.010095,0.000000,,,,0.153072,0.155264,1.500000,11.369444,38.890013,0.000000,circle,预设轨迹15,forward
1775478233.343498,11.311785,1775478263.870723|完整运动,完整运动,circle_orbit,1,1.000000,1.500000,1.500000,,,,,,,,,,,,,,,,1.245859,0.190170,1.479498,0.190614,0.000000,0.000000,-0.001313,,0.008004,0.000000,,,,0.152641,0.155751,1.500000,11.394016,38.865440,0.000000,circle,预设轨迹15,forward
1775478233.365194,11.333481,1775478263.870723|完整运动,完整运动,circle_orbit,1,1.000000,1.500000,1.500000,,,,,,,,,,,,,,,,1.249796,0.190354,1.486067,0.191734,0.000000,0.000000,0.000386,,0.005667,0.000000,,,,0.152308,0.156243,1.500000,11.418513,38.840943,0.000000,circle,预设轨迹15,forward
1775478233.394156,11.362443,1775478263.870723|完整运动,完整运动,circle_orbit,1,1.000000,1.500000,1.500000,,,,,,,,,,,,,,,,1.253699,0.190512,1.487867,0.191701,0.000000,0.000000,0.002026,,0.004084,0.000000,,,,0.151960,0.156731,1.500000,11.443209,38.816247,0.000000,circle,预设轨迹15,forward
1775478233.429674,11.397962,1775478263.870723|完整运动,完整运动,circle_orbit,1,1.000000,1.500000,1.500000,,,,,,,,,,,,,,,,1.257603,0.191475,1.491851,0.198696,0.000000,0.000000,0.004791,,0.001018,0.000000,,,,0.152254,0.157219,1.500000,11.493070,38.766387,0.000000,circle,预设轨迹15,forward
1775478233.461997,11.430284,1775478263.870723|完整运动,完整运动,circle_orbit,1,1.000000,1.500000,1.500000,,,,,,,,,,,,,,,,1.261330,0.192109,1.484901,0.196859,0.000000,0.000000,0.007119,,-0.002795,0.000000,,,,0.152306,0.157685,1.500000,11.543441,38.716015,0.000000,circle,预设轨迹15,forward
1775478233.492530,11.460817,1775478263.870723|完整运动,完整运动,circle_orbit,1,1.000000,1.500000,1.500000,,,,,,,,,,,,,,,,1.264880,0.192057,1.477924,0.191672,0.000000,0.000000,0.008478,,-0.005096,0.000000,,,,0.151838,0.158129,1.500000,11.568687,38.690770,0.000000,circle,预设轨迹15,forward
1775478233.521800,11.490087,1775478263.870723|完整运动,完整运动,circle_orbit,1,1.000000,1.500000,1.500000,,,,,,,,,,,,,,,,1.268287,0.191934,1.472669,0.191010,0.000000,0.000000,0.009699,,-0.006749,0.000000,,,,0.151333,0.158555,1.500000,11.593904,38.665553,0.000000,circle,预设轨迹15,forward
1775478233.542632,11.510919,1775478263.870723|完整运动,完整运动,circle_orbit,1,1.000000,1.500000,1.500000,,,,,,,,,,,,,,,,1.271496,0.192064,1.464049,0.193039,0.000000,0.000000,0.011249,,-0.009722,0.000000,,,,0.151054,0.158956,1.500000,11.644378,38.615079,0.000000,circle,预设轨迹15,forward
1775478233.563284,11.531571,1775478263.870723|完整运动,完整运动,circle_orbit,1,1.000000,1.500000,1.500000,,,,,,,,,,,,,,,,1.274576,0.191559,1.459371,0.187775,0.000000,0.000000,0.011875,,-0.011462,0.000000,,,,0.150293,0.159341,1.500000,11.669880,38.589577,0.000000,circle,预设轨迹15,forward
1775478233.595797,11.564084,1775478263.870723|完整运动,完整运动,circle_orbit,1,1.000000,1.500000,1.500000,,,,,,,,,,,,,,,,1.277518,0.191096,1.454063,0.187624,0.000000,0.000000,0.012506,,-0.013491,0.000000,,,,0.149584,0.159709,1.500000,11.695501,38.563956,0.000000,circle,预设轨迹15,forward
1775478233.626540,11.594827,1775478263.870723|完整运动,完整运动,circle_orbit,1,1.000000,1.500000,1.500000,,,,,,,,,,,,,,,,1.280221,0.191045,1.442404,0.190658,0.000000,0.000000,0.013685,,-0.018113,0.000000,,,,0.149228,0.160047,1.500000,11.746705,38.512751,0.000000,circle,预设轨迹15,forward
1775478233.654674,11.622961,1775478263.870723|完整运动,完整运动,circle_orbit,1,1.000000,1.500000,1.500000,,,,,,,,,,,,,,,,1.282809,0.190423,1.438103,0.185763,0.000000,0.000000,0.014029,,-0.019885,0.000000,,,,0.148442,0.160370,1.500000,11.772299,38.487157,0.000000,circle,预设轨迹15,forward
1775478233.675504,11.643791,1775478263.870723|完整运动,完整运动,circle_orbit,1,1.000000,1.500000,1.500000,,,,,,,,,,,,,,,,1.285177,0.190476,1.427224,0.190872,0.000000,0.000000,0.015291,,-0.024224,0.000000,,,,0.148210,0.160666,1.500000,11.823326,38.436130,0.000000,circle,预设轨迹15,forward
1775478233.696285,11.664572,1775478263.870723|完整运动,完整运动,circle_orbit,1,1.000000,1.500000,1.500000,,,,,,,,,,,,,,,,1.287432,0.190091,1.422719,0.187207,0.000000,0.000000,0.015917,,-0.025990,0.000000,,,,0.147652,0.160948,1.500000,11.848787,38.410669,0.000000,circle,预设轨迹15,forward
1775478233.728029,11.696316,1775478263.870723|完整运动,完整运动,circle_orbit,1,1.000000,1.500000,1.500000,,,,,,,,,,,,,,,,1.289544,0.189830,1.416300,0.187872,0.000000,0.000000,0.016686,,-0.028592,0.000000,,,,0.147207,0.161212,1.500000,11.873992,38.385465,0.000000,circle,预设轨迹15,forward
1775478233.757111,11.725398,1775478263.870723|完整运动,完整运动,circle_orbit,1,1.000000,1.500000,1.500000,,,,,,,,,,,,,,,,1.291531,0.189536,1.410760,0.187326,0.000000,0.000000,0.017381,,-0.030844,0.000000,,,,0.146753,0.161461,1.500000,11.899305,38.360151,0.000000,circle,预设轨迹15,forward
1775478233.784285,11.752572,1775478263.870723|完整运动,完整运动,circle_orbit,1,1.000000,1.500000,1.500000,,,,,,,,,,,,,,,,1.293416,0.189127,1.406503,0.186060,0.000000,0.000000,0.017887,,-0.032603,0.000000,,,,0.146223,0.161696,1.500000,11.924570,38.334886,0.000000,circle,预设轨迹15,forward
1775478233.804861,11.773148,1775478263.870723|完整运动,完整运动,circle_orbit,1,1.000000,1.500000,1.500000,,,,,,,,,,,,,,,,1.295120,0.188847,1.397336,0.186751,0.000000,0.000000,0.018553,,-0.036642,0.000000,,,,0.145814,0.161909,1.500000,11.975330,38.284126,0.000000,circle,预设轨迹15,forward
1775478233.829171,11.797458,1775478263.870723|完整运动,完整运动,circle_orbit,1,1.000000,1.500000,1.500000,,,,,,,,,,,,,,,,1.296729,0.188303,1.393264,0.184224,0.000000,0.000000,0.018819,,-0.038470,0.000000,,,,0.145214,0.162111,1.500000,12.000768,38.258689,0.000000,circle,预设轨迹15,forward
1775478233.860266,11.828553,1775478263.870723|完整运动,完整运动,circle_orbit,1,1.000000,1.500000,1.500000,,,,,,,,,,,,,,,,1.298242,0.187776,1.389016,0.183818,0.000000,0.000000,0.019072,,-0.040401,0.000000,,,,0.144638,0.162300,1.500000,12.026340,38.233116,0.000000,circle,预设轨迹15,forward
1775478233.889755,11.858042,1775478263.870723|完整运动,完整运动,circle_orbit,1,1.000000,1.500000,1.500000,,,,,,,,,,,,,,,,1.299594,0.187247,1.380749,0.183283,0.000000,0.000000,0.019299,,-0.044329,0.000000,,,,0.144081,0.162469,1.500000,12.077647,38.181810,0.000000,circle,预设轨迹15,forward
1775478233.910877,11.879164,1775478263.870723|完整运动,完整运动,circle_orbit,1,1.000000,1.500000,1.500000,,,,,,,,,,,,,,,,1.300877,0.186427,1.377832,0.180279,0.000000,0.000000,0.019078,,-0.045877,0.000000,,,,0.143309,0.162629,1.500000,12.103394,38.156062,0.000000,circle,预设轨迹15,forward
1775478233.935316,11.903604,1775478263.870723|完整运动,完整运动,circle_orbit,1,1.000000,1.500000,1.500000,,,,,,,,,,,,,,,,1.302038,0.185404,1.371732,0.177730,0.000000,0.000000,0.018526,,-0.049179,0.000000,,,,0.142395,0.162774,1.500000,12.155677,38.103780,0.000000,circle,预设轨迹15,forward
1775478233.957576,11.925863,1775478263.870723|完整运动,完整运动,circle_orbit,1,1.000000,1.500000,1.500000,,,,,,,,,,,,,,,,1.303117,0.184589,1.367815,0.178472,0.000000,0.000000,0.018215,,-0.051291,0.000000,,,,0.141652,0.162909,1.500000,12.181886,38.077570,0.000000,circle,预设轨迹15,forward
1775478233.990891,11.959178,1775478263.870723|完整运动,完整运动,circle_orbit,1,1.000000,1.500000,1.500000,,,,,,,,,,,,,,,,1.304111,0.183859,1.363755,0.178384,0.000000,0.000000,0.017985,,-0.053446,0.000000,,,,0.140984,0.163033,1.500000,12.208134,38.051323,0.000000,circle,预设轨迹15,forward
1775478234.014885,11.983172,1775478263.870723|完整运动,完整运动,circle_orbit,1,1.000000,1.500000,1.500000,,,,,,,,,,,,,,,,1.305053,0.182870,1.361559,0.175453,0.000000,0.000000,0.017351,,-0.054872,0.000000,,,,0.140124,0.163151,1.500000,12.234427,38.025030,0.000000,circle,预设轨迹15,forward
1775478234.036282,12.004569,1775478263.870723|完整运动,完整运动,circle_orbit,1,1.000000,1.500000,1.500000,,,,,,,,,,,,,,,,1.305897,0.181446,1.356574,0.170768,0.000000,0.000000,0.016055,,-0.058050,0.000000,,,,0.138944,0.163257,1.500000,12.287188,37.972269,0.000000,circle,预设轨迹15,forward
1775478234.063387,12.031674,1775478263.870723|完整运动,完整运动,circle_orbit,1,1.000000,1.500000,1.500000,,,,,,,,,,,,,,,,1.306728,0.180987,1.356574,0.177544,0.000000,0.000000,0.016055,,-0.058050,0.000000,,,,0.138504,0.163361,1.500000,12.287188,37.972269,0.000000,circle,预设轨迹15,forward
1775478234.094560,12.062847,1775478263.870723|完整运动,完整运动,circle_orbit,1,1.000000,1.500000,1.500000,,,,,,,,,,,,,,,,1.307441,0.179486,1.350242,0.168231,0.000000,0.000000,0.014569,,-0.062035,0.000000,,,,0.137280,0.163450,1.500000,12.340010,37.919447,0.000000,circle,预设轨迹15,forward
1775478234.116035,12.084322,1775478263.870723|完整运动,完整运动,circle_orbit,1,1.000000,1.500000,1.500000,,,,,,,,,,,,,,,,1.308087,0.178646,1.346824,0.172345,0.000000,0.000000,0.013953,,-0.064104,0.000000,,,,0.136570,0.163530,1.500000,12.366241,37.893215,0.000000,circle,预设轨迹15,forward
1775478234.137333,12.105620,1775478263.870723|完整运动,完整运动,circle_orbit,1,1.000000,1.500000,1.500000,,,,,,,,,,,,,,,,1.308608,0.177360,1.339869,0.167712,0.000000,0.000000,0.012682,,-0.068353,0.000000,,,,0.135533,0.163596,1.500000,12.418070,37.841387,0.000000,circle,预设轨迹15,forward
1775478234.159678,12.127965,1775478263.870723|完整运动,完整运动,circle_orbit,1,1.000000,1.500000,1.500000,,,,,,,,,,,,,,,,1.309082,0.176381,1.337524,0.169037,0.000000,0.000000,0.011794,,-0.070025,0.000000,,,,0.134736,0.163655,1.500000,12.444146,37.815310,0.000000,circle,预设轨迹15,forward
1775478234.185219,12.153507,1775478263.870723|完整运动,完整运动,circle_orbit,1,1.000000,1.500000,1.500000,,,,,,,,,,,,,,,,1.309512,0.175356,1.335326,0.167673,0.000000,0.000000,0.010806,,-0.071673,0.000000,,,,0.133910,0.163709,1.500000,12.470271,37.789186,0.000000,circle,预设轨迹15,forward
1775478234.221992,12.190279,1775478263.870723|完整运动,完整运动,circle_orbit,1,1.000000,1.500000,1.500000,,,,,,,,,,,,,,,,1.309890,0.174346,1.332540,0.166767,0.000000,0.000000,0.009802,,-0.073642,0.000000,,,,0.133100,0.163756,1.500000,12.496384,37.763072,0.000000,circle,预设轨迹15,forward
1775478234.258868,12.227155,1775478263.870723|完整运动,完整运动,circle_orbit,1,1.000000,1.500000,1.500000,,,,,,,,,,,,,,,,1.310190,0.172619,1.328221,0.159665,0.000000,0.000000,0.007751,,-0.076956,0.000000,,,,0.131751,0.163793,1.500000,12.548578,37.710878,0.000000,circle,预设轨迹15,forward
1775478234.287869,12.256156,1775478263.870723|完整运动,完整运动,circle_orbit,1,1.000000,1.500000,1.500000,,,,,,,,,,,,,,,,1.310424,0.170565,1.324439,0.155166,0.000000,0.000000,0.005168,,-0.080262,0.000000,,,,0.130160,0.163823,1.500000,12.600977,37.658479,0.000000,circle,预设轨迹15,forward
1775478234.308206,12.276493,1775478263.870723|完整运动,完整运动,circle_orbit,1,1.000000,1.500000,1.500000,,,,,,,,,,,,,,,,1.310619,0.169457,1.322327,0.161142,0.000000,0.000000,0.003842,,-0.082056,0.000000,,,,0.129295,0.163847,1.500000,12.627481,37.631976,0.000000,circle,预设轨迹15,forward
1775478234.337213,12.305500,1775478263.870723|完整运动,完整运动,circle_orbit,1,1.000000,1.500000,1.500000,,,,,,,,,,,,,,,,1.310765,0.168395,1.319505,0.160429,0.000000,0.000000,0.002553,,-0.084217,0.000000,,,,0.128471,0.163865,1.500000,12.653992,37.605465,0.000000,circle,预设轨迹15,forward
1775478234.366780,12.335067,1775478263.870723|完整运动,完整运动,circle_orbit,1,1.000000,1.500000,1.500000,,,,,,,,,,,,,,,,1.310844,0.166413,1.315631,0.151552,0.000000,0.000000,-0.000066,,-0.087553,0.000000,,,,0.126951,0.163875,1.500000,12.706882,37.552574,0.000000,circle,预设轨迹15,forward
1775478234.387568,12.355855,1775478263.870723|完整运动,完整运动,circle_orbit,1,1.000000,1.500000,1.500000,,,,,,,,,,,,,,,,1.310863,0.165335,1.311970,0.157245,0.000000,0.000000,-0.001480,,-0.088834,0.000000,,,,0.126127,0.163877,1.500000,12.733281,37.526176,0.000000,circle,预设轨迹15,forward
1775478234.408731,12.377018,1775478263.870723|完整运动,完整运动,circle_orbit,1,1.000000,1.500000,1.500000,,,,,,,,,,,,,,,,1.310823,0.164286,1.308415,0.156426,0.000000,0.000000,-0.002877,,-0.090077,0.000000,,,,0.125331,0.163872,1.500000,12.759827,37.499630,0.000000,circle,预设轨迹15,forward
1775478234.434690,12.402977,1775478263.870723|完整运动,完整运动,circle_orbit,1,1.000000,1.500000,1.500000,,,,,,,,,,,,,,,,1.310725,0.163248,1.304861,0.155464,0.000000,0.000000,-0.004284,,-0.091325,0.000000,,,,0.124548,0.163860,1.500000,12.786422,37.473034,0.000000,circle,预设轨迹15,forward
1775478234.455594,12.423881,1775478263.870723|完整运动,完整运动,circle_orbit,1,1.000000,1.500000,1.500000,,,,,,,,,,,,,,,,1.310504,0.160953,1.297271,0.143739,0.000000,0.000000,-0.007498,,-0.093921,0.000000,,,,0.122818,0.163833,1.500000,12.839720,37.419737,0.000000,circle,预设轨迹15,forward
1775478234.477075,12.445363,1775478263.870723|完整运动,完整运动,circle_orbit,1,1.000000,1.500000,1.500000,,,,,,,,,,,,,,,,1.310220,0.159733,1.293130,0.150579,0.000000,0.000000,-0.009275,,-0.095347,0.000000,,,,0.121913,0.163797,1.500000,12.866299,37.393157,0.000000,circle,预设轨迹15,forward
1775478234.503906,12.472193,1775478263.870723|完整运动,完整运动,circle_orbit,1,1.000000,1.500000,1.500000,,,,,,,,,,,,,,,,1.309859,0.158622,1.288248,0.150292,0.000000,0.000000,-0.010922,,-0.097271,0.000000,,,,0.121099,0.163752,1.500000,12.892608,37.366849,0.000000,circle,预设轨迹15,forward
1775478234.534720,12.503008,1775478263.870723|完整运动,完整运动,circle_orbit,1,1.000000,1.500000,1.500000,,,,,,,,,,,,,,,,1.309443,0.157437,1.284460,0.148547,0.000000,0.000000,-0.012696,,-0.098530,0.000000,,,,0.120232,0.163700,1.500000,12.918914,37.340542,0.000000,circle,预设轨迹15,forward
1775478234.568792,12.537079,1775478263.870723|完整运动,完整运动,circle_orbit,1,1.000000,1.500000,1.500000,,,,,,,,,,,,,,,,1.308967,0.156313,1.280411,0.147885,0.000000,0.000000,-0.014407,,-0.099982,0.000000,,,,0.119417,0.163640,1.500000,12.944981,37.314475,0.000000,circle,预设轨迹15,forward
1775478234.589683,12.557970,1775478263.870723|完整运动,完整运动,circle_orbit,1,1.000000,1.500000,1.500000,,,,,,,,,,,,,,,,1.308356,0.154135,1.271691,0.137797,0.000000,0.000000,-0.017633,,-0.103390,0.000000,,,,0.117808,0.163564,1.500000,12.997194,37.262263,0.000000,circle,预设轨迹15,forward
1775478234.610675,12.578962,1775478263.870723|完整运动,完整运动,circle_orbit,1,1.000000,1.500000,1.500000,,,,,,,,,,,,,,,,1.307697,0.152998,1.268170,0.144476,0.000000,0.000000,-0.019456,,-0.104525,0.000000,,,,0.116998,0.163482,1.500000,13.023246,37.236210,0.000000,circle,预设轨迹15,forward
1775478234.640224,12.608511,1775478263.870723|完整运动,完整运动,circle_orbit,1,1.000000,1.500000,1.500000,,,,,,,,,,,,,,,,1.306987,0.151778,1.264351,0.142627,0.000000,0.000000,-0.021417,,-0.105777,0.000000,,,,0.116128,0.163393,1.500000,13.049230,37.210227,0.000000,circle,预设轨迹15,forward
1775478234.661180,12.629467,1775478263.870723|完整运动,完整运动,circle_orbit,1,1.000000,1.500000,1.500000,,,,,,,,,,,,,,,,1.306171,0.148993,1.257241,0.128106,0.000000,0.000000,-0.025625,,-0.107866,0.000000,,,,0.114069,0.163291,1.500000,13.101642,37.157814,0.000000,circle,预设轨迹15,forward
1775478234.682308,12.650596,1775478263.870723|完整运动,完整运动,circle_orbit,1,1.000000,1.500000,1.500000,,,,,,,,,,,,,,,,1.305299,0.147739,1.253000,0.138330,0.000000,0.000000,-0.027765,,-0.109320,0.000000,,,,0.113184,0.163182,1.500000,13.128078,37.131379,0.000000,circle,预设轨迹15,forward
1775478234.708985,12.677273,1775478263.870723|完整运动,完整运动,circle_orbit,1,1.000000,1.500000,1.500000,,,,,,,,,,,,,,,,1.304371,0.146494,1.248692,0.137162,0.000000,0.000000,-0.029908,,-0.110830,0.000000,,,,0.112310,0.163066,1.500000,13.154503,37.104953,0.000000,circle,预设轨迹15,forward
1775478234.739947,12.708235,1775478263.870723|完整运动,完整运动,circle_orbit,1,1.000000,1.500000,1.500000,,,,,,,,,,,,,,,,1.303393,0.145268,1.244674,0.136067,0.000000,0.000000,-0.032045,,-0.112185,0.000000,,,,0.111453,0.162944,1.500000,13.181038,37.078419,0.000000,circle,预设轨迹15,forward
1775478234.772688,12.740975,1775478263.870723|完整运动,完整运动,circle_orbit,1,1.000000,1.500000,1.500000,,,,,,,,,,,,,,,,1.302315,0.142844,1.237659,0.124666,0.000000,0.000000,-0.035898,,-0.114527,0.000000,,,,0.109685,0.162809,1.500000,13.234085,37.025372,0.000000,circle,预设轨迹15,forward
1775478234.803000,12.771287,1775478263.870723|完整运动,完整运动,circle_orbit,1,1.000000,1.500000,1.500000,,,,,,,,,,,,,,,,1.301210,0.141843,1.234892,0.134338,0.000000,0.000000,-0.037813,,-0.115267,0.000000,,,,0.109009,0.162671,1.500000,13.260642,36.998815,0.000000,circle,预设轨迹15,forward
1775478234.833449,12.801736,1775478263.870723|完整运动,完整运动,circle_orbit,1,1.000000,1.500000,1.500000,,,,,,,,,,,,,,,,1.300044,0.139361,1.230092,0.120741,0.000000,0.000000,-0.041840,,-0.116216,0.000000,,,,0.107197,0.162525,1.500000,13.313643,36.945813,0.000000,circle,预设轨迹15,forward
1775478234.854514,12.822801,1775478263.870723|完整运动,完整运动,circle_orbit,1,1.000000,1.500000,1.500000,,,,,,,,,,,,,,,,1.298806,0.136572,1.224504,0.115657,0.000000,0.000000,-0.046388,,-0.117419,0.000000,,,,0.105152,0.162370,1.500000,13.366426,36.893031,0.000000,circle,预设轨迹15,forward
1775478234.875673,12.843961,1775478263.870723|完整运动,完整运动,circle_orbit,1,1.000000,1.500000,1.500000,,,,,,,,,,,,,,,,1.297535,0.135264,1.221279,0.125456,0.000000,0.000000,-0.048929,,-0.118171,0.000000,,,,0.104247,0.162211,1.500000,13.392835,36.866622,0.000000,circle,预设轨迹15,forward
1775478234.905778,12.874065,1775478263.870723|完整运动,完整运动,circle_orbit,1,1.000000,1.500000,1.500000,,,,,,,,,,,,,,,,1.296219,0.133954,1.217261,0.124125,0.000000,0.000000,-0.051485,,-0.119426,0.000000,,,,0.103342,0.162047,1.500000,13.418999,36.840457,0.000000,circle,预设轨迹15,forward
1775478234.936737,12.905025,1775478263.870723|完整运动,完整运动,circle_orbit,1,1.000000,1.500000,1.500000,,,,,,,,,,,,,,,,1.294868,0.132813,1.213809,0.124256,0.000000,0.000000,-0.053813,,-0.120453,0.000000,,,,0.102569,0.161878,1.500000,13.445161,36.814296,0.000000,circle,预设轨迹15,forward
1775478234.964910,12.933197,1775478263.870723|完整运动,完整运动,circle_orbit,1,1.000000,1.500000,1.500000,,,,,,,,,,,,,,,,1.293429,0.130025,1.207127,0.109117,0.000000,0.000000,-0.058485,,-0.122392,0.000000,,,,0.100527,0.161698,1.500000,13.497172,36.762284,0.000000,circle,预设轨迹15,forward
1775478234.987019,12.955307,1775478263.870723|完整运动,完整运动,circle_orbit,1,1.000000,1.500000,1.500000,,,,,,,,,,,,,,,,1.291962,0.128784,1.203909,0.119477,0.000000,0.000000,-0.061053,,-0.123183,0.000000,,,,0.099681,0.161515,1.500000,13.523140,36.736317,0.000000,circle,预设轨迹15,forward
1775478235.008196,12.976483,1775478263.870723|完整运动,完整运动,circle_orbit,1,1.000000,1.500000,1.500000,,,,,,,,,,,,,,,,1.290461,0.127442,1.200409,0.117374,0.000000,0.000000,-0.063772,,-0.124094,0.000000,,,,0.098757,0.161327,1.500000,13.549239,36.710218,0.000000,circle,预设轨迹15,forward
1775478235.036133,13.004420,1775478263.870723|完整运动,完整运动,circle_orbit,1,1.000000,1.500000,1.500000,,,,,,,,,,,,,,,,1.288924,0.126103,1.196678,0.116058,0.000000,0.000000,-0.066499,,-0.125165,0.000000,,,,0.097836,0.161135,1.500000,13.575262,36.684195,0.000000,circle,预设轨迹15,forward
1775478235.066806,13.035093,1775478263.870723|完整运动,完整运动,circle_orbit,1,1.000000,1.500000,1.500000,,,,,,,,,,,,,,,,1.287355,0.124910,1.193242,0.115962,0.000000,0.000000,-0.069031,,-0.126155,0.000000,,,,0.097028,0.160939,1.500000,13.601366,36.658091,0.000000,circle,预设轨迹15,forward
1775478235.097332,13.065619,1775478263.870723|完整运动,完整运动,circle_orbit,1,1.000000,1.500000,1.500000,,,,,,,,,,,,,,,,1.285719,0.121977,1.187569,0.099981,0.000000,0.000000,-0.074043,,-0.127402,0.000000,,,,0.094871,0.160734,1.500000,13.653731,36.605725,0.000000,circle,预设轨迹15,forward
1775478235.118375,13.086662,1775478263.870723|完整运动,完整运动,circle_orbit,1,1.000000,1.500000,1.500000,,,,,,,,,,,,,,,,1.284010,0.119280,1.181469,0.099052,0.000000,0.000000,-0.078820,,-0.129089,0.000000,,,,0.092896,0.160521,1.500000,13.706222,36.553235,0.000000,circle,预设轨迹15,forward
1775478235.139607,13.107894,1775478263.870723|完整运动,完整运动,circle_orbit,1,1.000000,1.500000,1.500000,,,,,,,,,,,,,,,,1.282284,0.118379,1.178698,0.111623,0.000000,0.000000,-0.081127,,-0.129801,0.000000,,,,0.092319,0.160305,1.500000,13.732605,36.526851,0.000000,circle,预设轨迹15,forward
1775478235.165727,13.134014,1775478263.870723|完整运动,完整运动,circle_orbit,1,1.000000,1.500000,1.500000,,,,,,,,,,,,,,,,1.280550,0.117442,1.176540,0.110412,0.000000,0.000000,-0.083470,,-0.130088,0.000000,,,,0.091712,0.160088,1.500000,13.758918,36.500539,0.000000,circle,预设轨迹15,forward
1775478235.204872,13.173159,1775478263.870723|完整运动,完整运动,circle_orbit,1,1.000000,1.500000,1.500000,,,,,,,,,,,,,,,,1.278812,0.116381,1.174509,0.108428,0.000000,0.000000,-0.085977,,-0.130212,0.000000,,,,0.091007,0.159871,1.500000,13.785412,36.474045,0.000000,circle,预设轨迹15,forward
1775478235.238817,13.207105,1775478263.870723|完整运动,完整运动,circle_orbit,1,1.000000,1.500000,1.500000,,,,,,,,,,,,,,,,1.277042,0.113589,1.170880,0.092645,0.000000,0.000000,-0.090948,,-0.130201,0.000000,,,,0.088947,0.159649,1.500000,13.838201,36.421255,0.000000,circle,预设轨迹15,forward
1775478235.270904,13.239192,1775478263.870723|完整运动,完整运动,circle_orbit,1,1.000000,1.500000,1.500000,,,,,,,,,,,,,,,,1.275233,0.110528,1.166684,0.087572,0.000000,0.000000,-0.096397,,-0.130356,0.000000,,,,0.086673,0.159423,1.500000,13.890733,36.368723,0.000000,circle,预设轨迹15,forward
1775478235.295733,13.264020,1775478263.870723|完整运动,完整运动,circle_orbit,1,1.000000,1.500000,1.500000,,,,,,,,,,,,,,,,1.273416,0.109371,1.164371,0.100689,0.000000,0.000000,-0.099244,,-0.130528,0.000000,,,,0.085888,0.159196,1.500000,13.916910,36.342547,0.000000,circle,预设轨迹15,forward
1775478235.316144,13.284431,1775478263.870723|完整运动,完整运动,circle_orbit,1,1.000000,1.500000,1.500000,,,,,,,,,,,,,,,,1.271531,0.106403,1.158417,0.084146,0.000000,0.000000,-0.104659,,-0.131958,0.000000,,,,0.083681,0.158960,1.500000,13.968897,36.290559,0.000000,circle,预设轨迹15,forward
1775478235.338659,13.306946,1775478263.870723|完整运动,完整运动,circle_orbit,1,1.000000,1.500000,1.500000,,,,,,,,,,,,,,,,1.269676,0.107309,1.158417,0.114107,0.000000,0.000000,-0.104659,,-0.131958,0.000000,,,,0.084517,0.158729,1.500000,13.968897,36.290559,0.000000,circle,预设轨迹15,forward
1775478235.365836,13.334123,1775478263.870723|完整运动,完整运动,circle_orbit,1,1.000000,1.500000,1.500000,,,,,,,,,,,,,,,,1.267779,0.104117,1.153910,0.080173,0.000000,0.000000,-0.110369,,-0.132264,0.000000,,,,0.082125,0.158491,1.500000,14.020589,36.238867,0.000000,circle,预设轨迹15,forward
1775478235.386254,13.354541,1775478263.870723|完整运动,完整运动,circle_orbit,1,1.000000,1.500000,1.500000,,,,,,,,,,,,,,,,1.265860,0.103065,1.150749,0.095176,0.000000,0.000000,-0.113145,,-0.133107,0.000000,,,,0.081419,0.158251,1.500000,14.046321,36.213135,0.000000,circle,预设轨迹15,forward
1775478235.417758,13.386045,1775478263.870723|完整运动,完整运动,circle_orbit,1,1.000000,1.500000,1.500000,,,,,,,,,,,,,,,,1.263927,0.102173,1.147919,0.095485,0.000000,0.000000,-0.115682,,-0.133848,0.000000,,,,0.080838,0.158010,1.500000,14.072086,36.187370,0.000000,circle,预设轨迹15,forward
1775478235.450116,13.418404,1775478263.870723|完整运动,完整运动,circle_orbit,1,1.000000,1.500000,1.500000,,,,,,,,,,,,,,,,1.261957,0.099495,1.143799,0.079409,0.000000,0.000000,-0.120743,,-0.134259,0.000000,,,,0.078842,0.157764,1.500000,14.123331,36.136126,0.000000,circle,预设轨迹15,forward
1775478235.471257,13.439545,1775478263.870723|完整运动,完整运动,circle_orbit,1,1.000000,1.500000,1.500000,,,,,,,,,,,,,,,,1.259994,0.098587,1.142218,0.091778,0.000000,0.000000,-0.123371,,-0.134079,0.000000,,,,0.078244,0.157518,1.500000,14.148879,36.110578,0.000000,circle,预设轨迹15,forward
1775478235.493837,13.462124,1775478263.870723|完整运动,完整运动,circle_orbit,1,1.000000,1.500000,1.500000,,,,,,,,,,,,,,,,1.258036,0.097709,1.140542,0.091120,0.000000,0.000000,-0.125940,,-0.134000,0.000000,,,,0.077668,0.157273,1.500000,14.174585,36.084872,0.000000,circle,预设轨迹15,forward
1775478235.520569,13.488856,1775478263.870723|完整运动,完整运动,circle_orbit,1,1.000000,1.500000,1.500000,,,,,,,,,,,,,,,,1.256056,0.095112,1.137229,0.075640,0.000000,0.000000,-0.130939,,-0.133895,0.000000,,,,0.075723,0.157026,1.500000,14.226078,36.033378,0.000000,circle,预设轨迹15,forward
1775478235.555762,13.524049,1775478263.870723|完整运动,完整运动,circle_orbit,1,1.000000,1.500000,1.500000,,,,,,,,,,,,,,,,1.254085,0.094334,1.135878,0.088501,0.000000,0.000000,-0.133433,,-0.133628,0.000000,,,,0.075222,0.156779,1.500000,14.251847,36.007610,0.000000,circle,预设轨迹15,forward
1775478235.587442,13.555730,1775478263.870723|完整运动,完整运动,circle_orbit,1,1.000000,1.500000,1.500000,,,,,,,,,,,,,,,,1.252125,0.093582,1.134510,0.087938,0.000000,0.000000,-0.135868,,-0.133406,0.000000,,,,0.074738,0.156534,1.500000,14.277469,35.981988,0.000000,circle,预设轨迹15,forward
1775478235.619606,13.587893,1775478263.870723|完整运动,完整运动,circle_orbit,1,1.000000,1.500000,1.500000,,,,,,,,,,,,,,,,1.250160,0.090967,1.132233,0.071353,0.000000,0.000000,-0.140936,,-0.132534,0.000000,,,,0.072764,0.156289,1.500000,14.328771,35.930685,0.000000,circle,预设轨迹15,forward
1775478235.654079,13.622367,1775478263.870723|完整运动,完整运动,circle_orbit,1,1.000000,1.500000,1.500000,,,,,,,,,,,,,,,,1.248188,0.088492,1.129856,0.069932,0.000000,0.000000,-0.145891,,-0.131797,0.000000,,,,0.070896,0.156042,1.500000,14.380378,35.879078,0.000000,circle,预设轨迹15,forward
1775478235.679268,13.647555,1775478263.870723|完整运动,完整运动,circle_orbit,1,1.000000,1.500000,1.500000,,,,,,,,,,,,,,,,1.246227,0.087913,1.128582,0.083570,0.000000,0.000000,-0.148223,,-0.131568,0.000000,,,,0.070543,0.155797,1.500000,14.406137,35.853320,0.000000,circle,预设轨迹15,forward
1775478235.707814,13.676101,1775478263.870723|完整运动,完整运动,circle_orbit,1,1.000000,1.500000,1.500000,,,,,,,,,,,,,,,,1.244265,0.085413,1.126552,0.066667,0.000000,0.000000,-0.153256,,-0.130548,0.000000,,,,0.068646,0.155552,1.500000,14.457376,35.802081,0.000000,circle,预设轨迹15,forward
1775478235.728220,13.696507,1775478263.870723|完整运动,完整运动,circle_orbit,1,1.000000,1.500000,1.500000,,,,,,,,,,,,,,,,1.242304,0.084462,1.124648,0.077330,0.000000,0.000000,-0.156161,,-0.130505,0.000000,,,,0.067988,0.155307,1.500000,14.482756,35.776701,0.000000,circle,预设轨迹15,forward
1775478235.753845,13.722133,1775478263.870723|完整运动,完整运动,circle_orbit,1,1.000000,1.500000,1.500000,,,,,,,,,,,,,,,,1.240347,0.083467,1.122924,0.076000,0.000000,0.000000,-0.159114,,-0.130308,0.000000,,,,0.067293,0.155062,1.500000,14.508061,35.751395,0.000000,circle,预设轨迹15,forward
1775478235.782087,13.750374,1775478263.870723|完整运动,完整运动,circle_orbit,1,1.000000,1.500000,1.500000,,,,,,,,,,,,,,,,1.238383,0.080328,1.120559,0.056787,0.000000,0.000000,-0.165113,,-0.129070,0.000000,,,,0.064865,0.154816,1.500000,14.558816,35.700641,0.000000,circle,预设轨迹15,forward
1775478235.803478,13.771765,1775478263.870723|完整运动,完整运动,circle_orbit,1,1.000000,1.500000,1.500000,,,,,,,,,,,,,,,,1.236424,0.079478,1.118885,0.073107,0.000000,0.000000,-0.167965,,-0.128895,0.000000,,,,0.064281,0.154572,1.500000,14.584186,35.675270,0.000000,circle,预设轨迹15,forward
1775478235.824957,13.793245,1775478263.870723|完整运动,完整运动,circle_orbit,1,1.000000,1.500000,1.500000,,,,,,,,,,,,,,,,1.234464,0.078693,1.116854,0.072802,0.000000,0.000000,-0.170703,,-0.129049,0.000000,,,,0.063747,0.154327,1.500000,14.609385,35.650071,0.000000,circle,预设轨迹15,forward
1775478235.856666,13.824953,1775478263.870723|完整运动,完整运动,circle_orbit,1,1.000000,1.500000,1.500000,,,,,,,,,,,,,,,,1.232536,0.079815,1.116854,0.088228,0.000000,0.000000,-0.170703,,-0.129049,0.000000,,,,0.064756,0.154085,1.500000,14.609385,35.650071,0.000000,circle,预设轨迹15,forward
1775478235.884271,13.852558,1775478263.870723|完整运动,完整运动,circle_orbit,1,1.000000,1.500000,1.500000,,,,,,,,,,,,,,,,1.230588,0.077312,1.113697,0.058539,0.000000,0.000000,-0.175735,,-0.128913,0.000000,,,,0.062825,0.153842,1.500000,14.659389,35.600068,0.000000,circle,预设轨迹15,forward
1775478235.908487,13.876775,1775478263.870723|完整运动,完整运动,circle_orbit,1,1.000000,1.500000,1.500000,,,,,,,,,,,,,,,,1.228646,0.075234,1.112132,0.059654,0.000000,0.000000,-0.180248,,-0.127840,0.000000,,,,0.061233,0.153599,1.500000,14.709595,35.549862,0.000000,circle,预设轨迹15,forward
1775478235.928918,13.897206,1775478263.870723|完整运动,完整运动,circle_orbit,1,1.000000,1.500000,1.500000,,,,,,,,,,,,,,,,1.226731,0.074800,1.111803,0.071546,0.000000,0.000000,-0.182481,,-0.126973,0.000000,,,,0.060975,0.153360,1.500000,14.734707,35.524749,0.000000,circle,预设轨迹15,forward
1775478235.959632,13.927919,1775478263.870723|完整运动,完整运动,circle_orbit,1,1.000000,1.500000,1.500000,,,,,,,,,,,,,,,,1.224835,0.074357,1.111127,0.071029,0.000000,0.000000,-0.184692,,-0.126381,0.000000,,,,0.060707,0.153123,1.500000,14.759697,35.499760,0.000000,circle,预设轨迹15,forward
1775478235.990392,13.958679,1775478263.870723|完整运动,完整运动,circle_orbit,1,1.000000,1.500000,1.500000,,,,,,,,,,,,,,,,1.222954,0.072444,1.110046,0.058102,0.000000,0.000000,-0.188963,,-0.125066,0.000000,,,,0.059237,0.152888,1.500000,14.809454,35.450002,0.000000,circle,预设轨迹15,forward
1775478236.010921,13.979209,1775478263.870723|完整运动,完整运动,circle_orbit,1,1.000000,1.500000,1.500000,,,,,,,,,,,,,,,,1.221095,0.071929,1.109609,0.068062,0.000000,0.000000,-0.191300,,-0.124231,0.000000,,,,0.058905,0.152655,1.500000,14.834563,35.424894,0.000000,circle,预设轨迹15,forward
1775478236.036749,14.005036,1775478263.870723|完整运动,完整运动,circle_orbit,1,1.000000,1.500000,1.500000,,,,,,,,,,,,,,,,1.219269,0.071337,1.109660,0.066900,0.000000,0.000000,-0.193719,,-0.122982,0.000000,,,,0.058508,0.152427,1.500000,14.859784,35.399672,0.000000,circle,预设轨迹15,forward
1775478236.070071,14.038358,1775478263.870723|完整运动,完整运动,circle_orbit,1,1.000000,1.500000,1.500000,,,,,,,,,,,,,,,,1.217461,0.068892,1.108989,0.050559,0.000000,0.000000,-0.198760,,-0.120973,0.000000,,,,0.056587,0.152201,1.500000,14.910319,35.349137,0.000000,circle,预设轨迹15,forward
1775478236.103952,14.072239,1775478263.870723|完整运动,完整运动,circle_orbit,1,1.000000,1.500000,1.500000,,,,,,,,,,,,,,,,1.215676,0.068267,1.108607,0.063574,0.000000,0.000000,-0.201299,,-0.119995,0.000000,,,,0.056155,0.151978,1.500000,14.935558,35.323899,0.000000,circle,预设轨迹15,forward
1775478236.138411,14.106699,1775478263.870723|完整运动,完整运动,circle_orbit,1,1.000000,1.500000,1.500000,,,,,,,,,,,,,,,,1.213917,0.065425,1.108366,0.044108,0.000000,0.000000,-0.206980,,-0.117338,0.000000,,,,0.053895,0.151758,1.500000,14.985708,35.273749,0.000000,circle,预设轨迹15,forward
1775478236.174161,14.142448,1775478263.870723|完整运动,完整运动,circle_orbit,1,1.000000,1.500000,1.500000,,,,,,,,,,,,,,,,1.212151,0.062777,1.106184,0.042923,0.000000,0.000000,-0.212491,,-0.116250,0.000000,,,,0.051790,0.151537,1.500000,15.035814,35.223642,0.000000,circle,预设轨迹15,forward
1775478236.201537,14.169825,1775478263.870723|完整运动,完整运动,circle_orbit,1,1.000000,1.500000,1.500000,,,,,,,,,,,,,,,,1.210399,0.062325,1.105269,0.058936,0.000000,0.000000,-0.214967,,-0.115713,0.000000,,,,0.051492,0.151318,1.500000,15.060902,35.198554,0.000000,circle,预设轨迹15,forward
1775478236.222444,14.190731,1775478263.870723|完整运动,完整运动,circle_orbit,1,1.000000,1.500000,1.500000,,,,,,,,,,,,,,,,1.208654,0.060243,1.103978,0.044624,0.000000,0.000000,-0.219730,,-0.114324,0.000000,,,,0.049843,0.151100,1.500000,15.110728,35.148728,0.000000,circle,预设轨迹15,forward
1775478236.245400,14.213687,1775478263.870723|完整运动,完整运动,circle_orbit,1,1.000000,1.500000,1.500000,,,,,,,,,,,,,,,,1.206933,0.059964,1.103666,0.057870,0.000000,0.000000,-0.221984,,-0.113437,0.000000,,,,0.049683,0.150885,1.500000,15.135619,35.123838,0.000000,circle,预设轨迹15,forward
1775478236.271852,14.240139,1775478263.870723|完整运动,完整运动,circle_orbit,1,1.000000,1.500000,1.500000,,,,,,,,,,,,,,,,1.205233,0.059716,1.103250,0.057855,0.000000,0.000000,-0.224147,,-0.112675,0.000000,,,,0.049547,0.150672,1.500000,15.160602,35.098855,0.000000,circle,预设轨迹15,forward
1775478236.292639,14.260926,1775478263.870723|完整运动,完整运动,circle_orbit,1,1.000000,1.500000,1.500000,,,,,,,,,,,,,,,,1.203552,0.059613,1.102679,0.058845,0.000000,0.000000,-0.226059,,-0.112159,0.000000,,,,0.049531,0.150462,1.500000,15.185629,35.073827,0.000000,circle,预设轨迹15,forward
1775478236.318498,14.286786,1775478263.870723|完整运动,完整运动,circle_orbit,1,1.000000,1.500000,1.500000,,,,,,,,,,,,,,,,1.201898,0.059544,1.102655,0.059021,0.000000,0.000000,-0.227875,,-0.111270,0.000000,,,,0.049541,0.150255,1.500000,15.210814,35.048643,0.000000,circle,预设轨迹15,forward
1775478236.357609,14.325896,1775478263.870723|完整运动,完整运动,circle_orbit,1,1.000000,1.500000,1.500000,,,,,,,,,,,,,,,,1.200274,0.059412,1.102836,0.058421,0.000000,0.000000,-0.229733,,-0.110201,0.000000,,,,0.049498,0.150052,1.500000,15.235992,35.023465,0.000000,circle,预设轨迹15,forward
1775478236.378689,14.346976,1775478263.870723|完整运动,完整运动,circle_orbit,1,1.000000,1.500000,1.500000,,,,,,,,,,,,,,,,1.198687,0.056431,1.103435,0.034075,0.000000,0.000000,-0.235617,,-0.106797,0.000000,,,,0.047077,0.149854,1.500000,15.311456,34.948001,0.000000,circle,预设轨迹15,forward
1775478236.401410,14.369697,1775478263.870723|完整运动,完整运动,circle_orbit,1,1.000000,1.500000,1.500000,,,,,,,,,,,,,,,,1.197129,0.056335,1.103684,0.055618,0.000000,0.000000,-0.237519,,-0.105654,0.000000,,,,0.047059,0.149659,1.500000,15.336508,34.922949,0.000000,circle,预设轨迹15,forward
1775478236.426260,14.394548,1775478263.870723|完整运动,完整运动,circle_orbit,1,1.000000,1.500000,1.500000,,,,,,,,,,,,,,,,1.195597,0.057541,1.103684,0.066587,0.000000,0.000000,-0.237519,,-0.105654,0.000000,,,,0.048128,0.149468,1.500000,15.336508,34.922949,0.000000,circle,预设轨迹15,forward
1775478236.448594,14.416881,1775478263.870723|完整运动,完整运动,circle_orbit,1,1.000000,1.500000,1.500000,,,,,,,,,,,,,,,,1.194113,0.055947,1.105062,0.043991,0.000000,0.000000,-0.241398,,-0.102655,0.000000,,,,0.046852,0.149282,1.500000,15.386614,34.872842,0.000000,circle,预设轨迹15,forward
1775478236.469234,14.437521,1775478263.870723|完整运动,完整运动,circle_orbit,1,1.000000,1.500000,1.500000,,,,,,,,,,,,,,,,1.192663,0.055770,1.105683,0.054444,0.000000,0.000000,-0.243311,,-0.101222,0.000000,,,,0.046761,0.149101,1.500000,15.411717,34.847740,0.000000,circle,预设轨迹15,forward
1775478236.503107,14.471394,1775478263.870723|完整运动,完整运动,circle_orbit,1,1.000000,1.500000,1.500000,,,,,,,,,,,,,,,,1.191240,0.055615,1.105841,0.054453,0.000000,0.000000,-0.245161,,-0.100176,0.000000,,,,0.046687,0.148923,1.500000,15.436885,34.822571,0.000000,circle,预设轨迹15,forward
1775478236.536429,14.504716,1775478263.870723|完整运动,完整运动,circle_orbit,1,1.000000,1.500000,1.500000,,,,,,,,,,,,,,,,1.189853,0.053936,1.106599,0.041340,0.000000,0.000000,-0.249156,,-0.097597,0.000000,,,,0.045330,0.148749,1.500000,15.486768,34.772689,0.000000,circle,预设轨迹15,forward
1775478236.567756,14.536043,1775478263.870723|完整运动,完整运动,circle_orbit,1,1.000000,1.500000,1.500000,,,,,,,,,,,,,,,,1.188500,0.053546,1.107364,0.050621,0.000000,0.000000,-0.251376,,-0.095902,0.000000,,,,0.045053,0.148580,1.500000,15.511697,34.747760,0.000000,circle,预设轨迹15,forward
1775478236.604143,14.572430,1775478263.870723|完整运动,完整运动,circle_orbit,1,1.000000,1.500000,1.500000,,,,,,,,,,,,,,,,1.187178,0.051693,1.107851,0.037792,0.000000,0.000000,-0.255667,,-0.093384,0.000000,,,,0.043542,0.148415,1.500000,15.561697,34.697759,0.000000,circle,预设轨迹15,forward
1775478236.630399,14.598686,1775478263.870723|完整运动,完整运动,circle_orbit,1,1.000000,1.500000,1.500000,,,,,,,,,,,,,,,,1.185888,0.050458,1.108456,0.041195,0.000000,0.000000,-0.259148,,-0.091181,0.000000,,,,0.042548,0.148254,1.500000,15.611214,34.648243,0.000000,circle,预设轨迹15,forward
1775478236.650764,14.619051,1775478263.870723|完整运动,完整运动,circle_orbit,1,1.000000,1.500000,1.500000,,,,,,,,,,,,,,,,1.184625,0.050483,1.108851,0.050670,0.000000,0.000000,-0.260864,,-0.090022,0.000000,,,,0.042615,0.148096,1.500000,15.635706,34.623751,0.000000,circle,预设轨迹15,forward
1775478236.671473,14.639760,1775478263.870723|完整运动,完整运动,circle_orbit,1,1.000000,1.500000,1.500000,,,,,,,,,,,,,,,,1.183395,0.050546,1.109624,0.051025,0.000000,0.000000,-0.262483,,-0.088624,0.000000,,,,0.042713,0.147942,1.500000,15.660256,34.599201,0.000000,circle,预设轨迹15,forward
1775478236.698396,14.666683,1775478263.870723|完整运动,完整运动,circle_orbit,1,1.000000,1.500000,1.500000,,,,,,,,,,,,,,,,1.182199,0.050663,1.110405,0.051542,0.000000,0.000000,-0.263983,,-0.087279,0.000000,,,,0.042855,0.147793,1.500000,15.684935,34.574522,0.000000,circle,预设轨迹15,forward
1775478236.721511,14.689798,1775478263.870723|完整运动,完整运动,circle_orbit,1,1.000000,1.500000,1.500000,,,,,,,,,,,,,,,,1.181052,0.049924,1.112263,0.044381,0.000000,0.000000,-0.266666,,-0.084527,0.000000,,,,0.042271,0.147649,1.500000,15.734283,34.525173,0.000000,circle,预设轨迹15,forward
1775478236.741861,14.710148,1775478263.870723|完整运动,完整运动,circle_orbit,1,1.000000,1.500000,1.500000,,,,,,,,,,,,,,,,1.179946,0.050143,1.113585,0.051783,0.000000,0.000000,-0.267996,,-0.082862,0.000000,,,,0.042496,0.147511,1.500000,15.758950,34.500507,0.000000,circle,预设轨迹15,forward
1775478236.766817,14.735104,1775478263.870723|完整运动,完整运动,circle_orbit,1,1.000000,1.500000,1.500000,,,,,,,,,,,,,,,,1.178875,0.050226,1.114632,0.050845,0.000000,0.000000,-0.269475,,-0.081331,0.000000,,,,0.042605,0.147377,1.500000,15.783635,34.475821,0.000000,circle,预设轨迹15,forward
1775478236.787350,14.755637,1775478263.870723|完整运动,完整运动,circle_orbit,1,1.000000,1.500000,1.500000,,,,,,,,,,,,,,,,1.177839,0.050261,1.115659,0.050522,0.000000,0.000000,-0.270989,,-0.079799,0.000000,,,,0.042672,0.147248,1.500000,15.808466,34.450990,0.000000,circle,预设轨迹15,forward
1775478236.810069,14.778357,1775478263.870723|完整运动,完整运动,circle_orbit,1,1.000000,1.500000,1.500000,,,,,,,,,,,,,,,,1.176836,0.050326,1.116642,0.050816,0.000000,0.000000,-0.272430,,-0.078339,0.000000,,,,0.042764,0.147122,1.500000,15.833346,34.426110,0.000000,circle,预设轨迹15,forward
1775478236.841969,14.810257,1775478263.870723|完整运动,完整运动,circle_orbit,1,1.000000,1.500000,1.500000,,,,,,,,,,,,,,,,1.175867,0.050387,1.117755,0.050849,0.000000,0.000000,-0.273848,,-0.076795,0.000000,,,,0.042851,0.147001,1.500000,15.858218,34.401238,0.000000,circle,预设轨迹15,forward
1775478236.875928,14.844215,1775478263.870723|完整运动,完整运动,circle_orbit,1,1.000000,1.500000,1.500000,,,,,,,,,,,,,,,,1.174958,0.049649,1.120379,0.044112,0.000000,0.000000,-0.276385,,-0.073561,0.000000,,,,0.042256,0.146887,1.500000,15.907563,34.351894,0.000000,circle,预设轨迹15,forward
1775478236.896834,14.865121,1775478263.870723|完整运动,完整运动,circle_orbit,1,1.000000,1.500000,1.500000,,,,,,,,,,,,,,,,1.174116,0.049105,1.123643,0.045027,0.000000,0.000000,-0.278674,,-0.069986,0.000000,,,,0.041823,0.146782,1.500000,15.956869,34.302587,0.000000,circle,预设轨迹15,forward
1775478236.917259,14.885546,1775478263.870723|完整运动,完整运动,circle_orbit,1,1.000000,1.500000,1.500000,,,,,,,,,,,,,,,,1.173314,0.049175,1.125184,0.049697,0.000000,0.000000,-0.280100,,-0.068130,0.000000,,,,0.041911,0.146682,1.500000,15.981461,34.277996,0.000000,circle,预设轨迹15,forward
1775478236.940241,14.908528,1775478263.870723|完整运动,完整运动,circle_orbit,1,1.000000,1.500000,1.500000,,,,,,,,,,,,,,,,1.172525,0.050224,1.125184,0.058088,0.000000,0.000000,-0.280100,,-0.068130,0.000000,,,,0.042834,0.146583,1.500000,15.981461,34.277996,0.000000,circle,预设轨迹15,forward
1775478236.975983,14.944270,1775478263.870723|完整运动,完整运动,circle_orbit,1,1.000000,1.500000,1.500000,,,,,,,,,,,,,,,,1.171791,0.049248,1.127732,0.041932,0.000000,0.000000,-0.282908,,-0.064843,0.000000,,,,0.042028,0.146491,1.500000,16.030758,34.228698,0.000000,circle,预设轨迹15,forward
1775478236.996408,14.964696,1775478263.870723|完整运动,完整运动,circle_orbit,1,1.000000,1.500000,1.500000,,,,,,,,,,,,,,,,1.171112,0.048280,1.130353,0.041017,0.000000,0.000000,-0.285753,,-0.061493,0.000000,,,,0.041226,0.146407,1.500000,16.080465,34.178992,0.000000,circle,预设轨迹15,forward
1775478237.019749,14.988036,1775478263.870723|完整运动,完整运动,circle_orbit,1,1.000000,1.500000,1.500000,,,,,,,,,,,,,,,,1.170458,0.048416,1.131243,0.049437,0.000000,0.000000,-0.287062,,-0.060187,0.000000,,,,0.041365,0.146325,1.500000,16.105023,34.154433,0.000000,circle,预设轨迹15,forward
1775478237.053458,15.021746,1775478263.870723|完整运动,完整运动,circle_orbit,1,1.000000,1.500000,1.500000,,,,,,,,,,,,,,,,1.169832,0.048583,1.132290,0.049836,0.000000,0.000000,-0.288298,,-0.058802,0.000000,,,,0.041530,0.146247,1.500000,16.129443,34.130014,0.000000,circle,预设轨迹15,forward
1775478237.077655,15.045943,1775478263.870723|完整运动,完整运动,circle_orbit,1,1.000000,1.500000,1.500000,,,,,,,,,,,,,,,,1.169232,0.048853,1.133222,0.050880,0.000000,0.000000,-0.289358,,-0.057591,0.000000,,,,0.041782,0.146172,1.500000,16.153671,34.105785,0.000000,circle,预设轨迹15,forward
1775478237.106952,15.075239,1775478263.870723|完整运动,完整运动,circle_orbit,1,1.000000,1.500000,1.500000,,,,,,,,,,,,,,,,1.168686,0.048833,1.135897,0.048685,0.000000,0.000000,-0.290805,,-0.054919,0.000000,,,,0.041785,0.146103,1.500000,16.202435,34.057022,0.000000,circle,预设轨迹15,forward
1775478237.127592,15.095879,1775478263.870723|完整运动,完整运动,circle_orbit,1,1.000000,1.500000,1.500000,,,,,,,,,,,,,,,,1.168170,0.049483,1.137204,0.054355,0.000000,0.000000,-0.291283,,-0.053731,0.000000,,,,0.042359,0.146039,1.500000,16.226703,34.032754,0.000000,circle,预设轨迹15,forward
1775478237.158280,15.126567,1775478263.870723|完整运动,完整运动,circle_orbit,1,1.000000,1.500000,1.500000,,,,,,,,,,,,,,,,1.167720,0.049712,1.140760,0.051430,0.000000,0.000000,-0.292317,,-0.050644,0.000000,,,,0.042572,0.145983,1.500000,16.275218,33.984239,0.000000,circle,预设轨迹15,forward
1775478237.190992,15.159279,1775478263.870723|完整运动,完整运动,circle_orbit,1,1.000000,1.500000,1.500000,,,,,,,,,,,,,,,,1.167309,0.050248,1.142651,0.054266,0.000000,0.000000,-0.292890,,-0.048997,0.000000,,,,0.043046,0.145931,1.500000,16.299588,33.959869,0.000000,circle,预设轨迹15,forward
1775478237.225568,15.193856,1775478263.870723|完整运动,完整运动,circle_orbit,1,1.000000,1.500000,1.500000,,,,,,,,,,,,,,,,1.166934,0.050737,1.144432,0.054409,0.000000,0.000000,-0.293490,,-0.047421,0.000000,,,,0.043479,0.145884,1.500000,16.324256,33.935201,0.000000,circle,预设轨迹15,forward
1775478237.259776,15.228063,1775478263.870723|完整运动,完整运动,circle_orbit,1,1.000000,1.500000,1.500000,,,,,,,,,,,,,,,,1.166624,0.050890,1.147997,0.052037,0.000000,0.000000,-0.294541,,-0.044352,0.000000,,,,0.043622,0.145845,1.500000,16.373511,33.885945,0.000000,circle,预设轨迹15,forward
1775478237.281624,15.249911,1775478263.870723|完整运动,完整运动,circle_orbit,1,1.000000,1.500000,1.500000,,,,,,,,,,,,,,,,1.166384,0.051209,1.152021,0.053598,0.000000,0.000000,-0.295349,,-0.041095,0.000000,,,,0.043904,0.145816,1.500000,16.422718,33.836739,0.000000,circle,预设轨迹15,forward
1775478237.302864,15.271152,1775478263.870723|完整运动,完整运动,circle_orbit,1,1.000000,1.500000,1.500000,,,,,,,,,,,,,,,,1.166185,0.051725,1.154247,0.055595,0.000000,0.000000,-0.295854,,-0.039273,0.000000,,,,0.044354,0.145791,1.500000,16.447563,33.811893,0.000000,circle,预设轨迹15,forward
1775478237.329741,15.298028,1775478263.870723|完整运动,完整运动,circle_orbit,1,1.000000,1.500000,1.500000,,,,,,,,,,,,,,,,1.166022,0.052183,1.156200,0.055622,0.000000,0.000000,-0.296410,,-0.037624,0.000000,,,,0.044753,0.145770,1.500000,16.472235,33.787222,0.000000,circle,预设轨迹15,forward
1775478237.350533,15.318820,1775478263.870723|完整运动,完整运动,circle_orbit,1,1.000000,1.500000,1.500000,,,,,,,,,,,,,,,,1.165894,0.052531,1.158210,0.055141,0.000000,0.000000,-0.297095,,-0.035873,0.000000,,,,0.045057,0.145754,1.500000,16.496831,33.762625,0.000000,circle,预设轨迹15,forward
1775478237.371315,15.339602,1775478263.870723|完整运动,完整运动,circle_orbit,1,1.000000,1.500000,1.500000,,,,,,,,,,,,,,,,1.165803,0.052781,1.160364,0.054652,0.000000,0.000000,-0.297903,,-0.033967,0.000000,,,,0.045274,0.145743,1.500000,16.521152,33.738305,0.000000,circle,预设轨迹15,forward
1775478237.403621,15.371908,1775478263.870723|完整运动,完整运动,circle_orbit,1,1.000000,1.500000,1.500000,,,,,,,,,,,,,,,,1.165750,0.053059,1.162537,0.055145,0.000000,0.000000,-0.298658,,-0.032079,0.000000,,,,0.045515,0.145736,1.500000,16.545449,33.714008,0.000000,circle,预设轨迹15,forward
1775478237.437434,15.405722,1775478263.870723|完整运动,完整运动,circle_orbit,1,1.000000,1.500000,1.500000,,,,,,,,,,,,,,,,1.165774,0.053014,1.167267,0.052675,0.000000,0.000000,-0.299867,,-0.028206,0.000000,,,,0.045475,0.145739,1.500000,16.594829,33.664628,0.000000,circle,预设轨迹15,forward
1775478237.472286,15.440573,1775478263.870723|完整运动,完整运动,circle_orbit,1,1.000000,1.500000,1.500000,,,,,,,,,,,,,,,,1.165839,0.053312,1.169705,0.055549,0.000000,0.000000,-0.300595,,-0.026169,0.000000,,,,0.045728,0.145747,1.500000,16.643996,33.615460,0.000000,circle,预设轨迹15,forward
1775478237.506392,15.474679,1775478263.870723|完整运动,完整运动,circle_orbit,1,1.000000,1.500000,1.500000,,,,,,,,,,,,,,,,1.165941,0.053921,1.172100,0.058485,0.000000,0.000000,-0.300866,,-0.024395,0.000000,,,,0.046246,0.145760,1.500000,16.668303,33.591153,0.000000,circle,预设轨迹15,forward
1775478237.541203,15.509491,1775478263.870723|完整运动,完整运动,circle_orbit,1,1.000000,1.500000,1.500000,,,,,,,,,,,,,,,,1.166113,0.054498,1.176374,0.058825,0.000000,0.000000,-0.301156,,-0.021344,0.000000,,,,0.046734,0.145782,1.500000,16.716684,33.542773,0.000000,circle,预设轨迹15,forward
1775478237.571866,15.540154,1775478263.870723|完整运动,完整运动,circle_orbit,1,1.000000,1.500000,1.500000,,,,,,,,,,,,,,,,1.166365,0.055393,1.181539,0.062112,0.000000,0.000000,-0.300971,,-0.017953,0.000000,,,,0.047492,0.145813,1.500000,16.765612,33.493844,0.000000,circle,预设轨迹15,forward
1775478237.602863,15.571150,1775478263.870723|完整运动,完整运动,circle_orbit,1,1.000000,1.500000,1.500000,,,,,,,,,,,,,,,,1.166651,0.056213,1.183806,0.062358,0.000000,0.000000,-0.300850,,-0.016494,0.000000,,,,0.048183,0.145849,1.500000,16.789736,33.469720,0.000000,circle,预设轨迹15,forward
1775478237.624129,15.592416,1775478263.870723|完整运动,完整运动,circle_orbit,1,1.000000,1.500000,1.500000,,,,,,,,,,,,,,,,1.167015,0.057142,1.188817,0.064114,0.000000,0.000000,-0.300539,,-0.013311,0.000000,,,,0.048965,0.145894,1.500000,16.837749,33.421707,0.000000,circle,预设轨迹15,forward
1775478237.645129,15.613416,1775478263.870723|完整运动,完整运动,circle_orbit,1,1.000000,1.500000,1.500000,,,,,,,,,,,,,,,,1.167411,0.057959,1.191217,0.064080,0.000000,0.000000,-0.300348,,-0.011819,0.000000,,,,0.049647,0.145944,1.500000,16.862156,33.397300,0.000000,circle,预设轨迹15,forward
1775478237.677598,15.645886,1775478263.870723|完整运动,完整运动,circle_orbit,1,1.000000,1.500000,1.500000,,,,,,,,,,,,,,,,1.167849,0.058748,1.194078,0.064672,0.000000,0.000000,-0.300160,,-0.010026,0.000000,,,,0.050305,0.145999,1.500000,16.886799,33.372658,0.000000,circle,预设轨迹15,forward
1775478237.698525,15.666812,1775478263.870723|完整运动,完整运动,circle_orbit,1,1.000000,1.500000,1.500000,,,,,,,,,,,,,,,,1.168360,0.059913,1.199055,0.068651,0.000000,0.000000,-0.299412,,-0.007142,0.000000,,,,0.051280,0.146063,1.500000,16.936140,33.323316,0.000000,circle,预设轨迹15,forward
1775478237.719677,15.687965,1775478263.870723|完整运动,完整运动,circle_orbit,1,1.000000,1.500000,1.500000,,,,,,,,,,,,,,,,1.168913,0.060823,1.202083,0.067643,0.000000,0.000000,-0.298978,,-0.005389,0.000000,,,,0.052034,0.146132,1.500000,16.960762,33.298694,0.000000,circle,预设轨迹15,forward
1775478237.749241,15.717528,1775478263.870723|完整运动,完整运动,circle_orbit,1,1.000000,1.500000,1.500000,,,,,,,,,,,,,,,,1.169503,0.061632,1.204899,0.067703,0.000000,0.000000,-0.298653,,-0.003729,0.000000,,,,0.052699,0.146205,1.500000,16.985384,33.274072,0.000000,circle,预设轨迹15,forward
1775478237.779869,15.748156,1775478263.870723|完整运动,完整运动,circle_orbit,1,1.000000,1.500000,1.500000,,,,,,,,,,,,,,,,1.170132,0.062305,1.207897,0.067350,0.000000,0.000000,-0.298496,,-0.001876,0.000000,,,,0.053246,0.146284,1.500000,17.009977,33.249480,0.000000,circle,预设轨迹15,forward
1775478237.811029,15.779316,1775478263.870723|完整运动,完整运动,circle_orbit,1,1.000000,1.500000,1.500000,,,,,,,,,,,,,,,,1.170797,0.062886,1.210687,0.067247,0.000000,0.000000,-0.298453,,0.000109,0.000000,,,,0.053712,0.146367,1.500000,17.034738,33.224719,0.000000,circle,预设轨迹15,forward
1775478237.831429,15.799717,1775478263.870723|完整运动,完整运动,circle_orbit,1,1.000000,1.500000,1.500000,,,,,,,,,,,,,,,,1.171377,0.063795,1.206140,0.070606,0.000000,0.000000,-0.297938,,0.003286,0.000000,,,,0.054461,0.146440,1.500000,17.084070,33.175387,0.000000,circle,预设轨迹15,forward
1775478237.854014,15.822302,1775478263.870723|完整运动,完整运动,circle_orbit,1,1.000000,1.500000,1.500000,,,,,,,,,,,,,,,,1.171911,0.064595,1.203984,0.070603,0.000000,0.000000,-0.297543,,0.004875,0.000000,,,,0.055120,0.146506,1.500000,17.108538,33.150919,0.000000,circle,预设轨迹15,forward
1775478237.887850,15.856138,1775478263.870723|完整运动,完整运动,circle_orbit,1,1.000000,1.500000,1.500000,,,,,,,,,,,,,,,,1.172357,0.065543,1.199106,0.072646,0.000000,0.000000,-0.296923,,0.008353,0.000000,,,,0.055907,0.146562,1.500000,17.157579,33.101877,0.000000,circle,预设轨迹15,forward
1775478237.918829,15.887116,1775478263.870723|完整运动,完整运动,circle_orbit,1,1.000000,1.500000,1.500000,,,,,,,,,,,,,,,,1.172776,0.066361,1.197909,0.072498,0.000000,0.000000,-0.296451,,0.009371,0.000000,,,,0.056584,0.146615,1.500000,17.182081,33.077375,0.000000,circle,预设轨迹15,forward
1775478237.954398,15.922685,1775478263.870723|完整运动,完整运动,circle_orbit,1,1.000000,1.500000,1.500000,,,,,,,,,,,,,,,,1.173165,0.067305,1.196522,0.074386,0.000000,0.000000,-0.295774,,0.010616,0.000000,,,,0.057370,0.146663,1.500000,17.206583,33.052874,0.000000,circle,预设轨迹15,forward
1775478237.989990,15.958277,1775478263.870723|完整运动,完整运动,circle_orbit,1,1.000000,1.500000,1.500000,,,,,,,,,,,,,,,,1.173468,0.069498,1.191634,0.085943,0.000000,0.000000,-0.293299,,0.015067,0.000000,,,,0.059224,0.146701,1.500000,17.279900,32.979556,0.000000,circle,预设轨迹15,forward
1775478238.025774,15.994062,1775478263.870723|完整运动,完整运动,circle_orbit,1,1.000000,1.500000,1.500000,,,,,,,,,,,,,,,,1.173721,0.071017,1.188918,0.082411,0.000000,0.000000,-0.291686,,0.017672,0.000000,,,,0.060506,0.146733,1.500000,17.328653,32.930803,0.000000,circle,预设轨迹15,forward
1775478238.058533,16.026820,1775478263.870723|完整运动,完整运动,circle_orbit,1,1.000000,1.500000,1.500000,,,,,,,,,,,,,,,,1.173953,0.072104,1.187884,0.080260,0.000000,0.000000,-0.290626,,0.018888,0.000000,,,,0.061420,0.146762,1.500000,17.352952,32.906504,0.000000,circle,预设轨迹15,forward
1775478238.090212,16.058499,1775478263.870723|完整运动,完整运动,circle_orbit,1,1.000000,1.500000,1.500000,,,,,,,,,,,,,,,,1.174161,0.073181,1.186600,0.081256,0.000000,0.000000,-0.289548,,0.020281,0.000000,,,,0.062326,0.146788,1.500000,17.377271,32.882186,0.000000,circle,预设轨迹15,forward
1775478238.127463,16.095750,1775478263.870723|完整运动,完整运动,circle_orbit,1,1.000000,1.500000,1.500000,,,,,,,,,,,,,,,,1.174321,0.074948,1.183917,0.088202,0.000000,0.000000,-0.287461,,0.023115,0.000000,,,,0.063823,0.146808,1.500000,17.425774,32.833683,0.000000,circle,预设轨迹15,forward
1775478238.159311,16.127598,1775478263.870723|完整运动,完整运动,circle_orbit,1,1.000000,1.500000,1.500000,,,,,,,,,,,,,,,,1.174430,0.076681,1.181012,0.089680,0.000000,0.000000,-0.285358,,0.026114,0.000000,,,,0.065292,0.146821,1.500000,17.474813,32.784644,0.000000,circle,预设轨迹15,forward
1775478238.187790,16.156077,1775478263.870723|完整运动,完整运动,circle_orbit,1,1.000000,1.500000,1.500000,,,,,,,,,,,,,,,,1.174490,0.078359,1.178057,0.090939,0.000000,0.000000,-0.283274,,0.029148,0.000000,,,,0.066717,0.146829,1.500000,17.524278,32.735178,0.000000,circle,预设轨迹15,forward
1775478238.215579,16.183866,1775478263.870723|完整运动,完整运动,circle_orbit,1,1.000000,1.500000,1.500000,,,,,,,,,,,,,,,,1.174530,0.079140,1.176948,0.084997,0.000000,0.000000,-0.282405,,0.030333,0.000000,,,,0.067380,0.146834,1.500000,17.548968,32.710488,0.000000,circle,预设轨迹15,forward
1775478238.241768,16.210056,1775478263.870723|完整运动,完整运动,circle_orbit,1,1.000000,1.500000,1.500000,,,,,,,,,,,,,,,,1.174522,0.080793,1.174041,0.093191,0.000000,0.000000,-0.280291,,0.033362,0.000000,,,,0.068788,0.146833,1.500000,17.598736,32.660721,0.000000,circle,预设轨迹15,forward
1775478238.269002,16.237289,1775478263.870723|完整运动,完整运动,circle_orbit,1,1.000000,1.500000,1.500000,,,,,,,,,,,,,,,,1.174496,0.081781,1.172907,0.089195,0.000000,0.000000,-0.279065,,0.034747,0.000000,,,,0.069631,0.146830,1.500000,17.623783,32.635674,0.000000,circle,预设轨迹15,forward
1775478238.303159,16.271446,1775478263.870723|完整运动,完整运动,circle_orbit,1,1.000000,1.500000,1.500000,,,,,,,,,,,,,,,,1.174453,0.082735,1.171886,0.089890,0.000000,0.000000,-0.277868,,0.036042,0.000000,,,,0.070446,0.146824,1.500000,17.648743,32.610714,0.000000,circle,预设轨迹15,forward
1775478238.334020,16.302308,1775478263.870723|完整运动,完整运动,circle_orbit,1,1.000000,1.500000,1.500000,,,,,,,,,,,,,,,,1.174373,0.084492,1.169592,0.097665,0.000000,0.000000,-0.275515,,0.038787,0.000000,,,,0.071946,0.146814,1.500000,17.698342,32.561114,0.000000,circle,预设轨迹15,forward
1775478238.369436,16.337723,1775478263.870723|完整运动,完整运动,circle_orbit,1,1.000000,1.500000,1.500000,,,,,,,,,,,,,,,,1.174282,0.085464,1.168834,0.092756,0.000000,0.000000,-0.274215,,0.039957,0.000000,,,,0.072780,0.146803,1.500000,17.722930,32.536526,0.000000,circle,预设轨迹15,forward
1775478238.392111,16.360399,1775478263.870723|完整运动,完整运动,circle_orbit,1,1.000000,1.500000,1.500000,,,,,,,,,,,,,,,,1.174167,0.087581,1.167254,0.103460,0.000000,0.000000,-0.271271,,0.042515,0.000000,,,,0.074590,0.146788,1.500000,17.772061,32.487396,0.000000,circle,预设轨迹15,forward
1775478238.413040,16.381328,1775478263.870723|完整运动,完整运动,circle_orbit,1,1.000000,1.500000,1.500000,,,,,,,,,,,,,,,,1.174050,0.088738,1.167035,0.097413,0.000000,0.000000,-0.269611,,0.043496,0.000000,,,,0.075583,0.146774,1.500000,17.796712,32.462744,0.000000,circle,预设轨迹15,forward
1775478238.449314,16.417601,1775478263.870723|完整运动,完整运动,circle_orbit,1,1.000000,1.500000,1.500000,,,,,,,,,,,,,,,,1.173933,0.089895,1.166924,0.098569,0.000000,0.000000,-0.267923,,0.044416,0.000000,,,,0.076576,0.146759,1.500000,17.821311,32.438145,0.000000,circle,预设轨迹15,forward
1775478238.475854,16.444141,1775478263.870723|完整运动,完整运动,circle_orbit,1,1.000000,1.500000,1.500000,,,,,,,,,,,,,,,,1.173797,0.091792,1.165606,0.106020,0.000000,0.000000,-0.265160,,0.046706,0.000000,,,,0.078201,0.146742,1.500000,17.870385,32.389071,0.000000,circle,预设轨迹15,forward
1775478238.497248,16.465535,1775478263.870723|完整运动,完整运动,circle_orbit,1,1.000000,1.500000,1.500000,,,,,,,,,,,,,,,,1.173656,0.093944,1.165189,0.110084,0.000000,0.000000,-0.261969,,0.048591,0.000000,,,,0.080044,0.146725,1.500000,17.918882,32.340575,0.000000,circle,预设轨迹15,forward
1775478238.520392,16.488680,1775478263.870723|完整运动,完整运动,circle_orbit,1,1.000000,1.500000,1.500000,,,,,,,,,,,,,,,,1.173513,0.094962,1.164924,0.102599,0.000000,0.000000,-0.260310,,0.049603,0.000000,,,,0.080921,0.146707,1.500000,17.943120,32.316337,0.000000,circle,预设轨迹15,forward
1775478238.542178,16.510465,1775478263.870723|完整运动,完整运动,circle_orbit,1,1.000000,1.500000,1.500000,,,,,,,,,,,,,,,,1.173359,0.095934,1.164158,0.103227,0.000000,0.000000,-0.258704,,0.050936,0.000000,,,,0.081760,0.146687,1.500000,17.967612,32.291844,0.000000,circle,预设轨迹15,forward
1775478238.567835,16.536122,1775478263.870723|完整运动,完整运动,circle_orbit,1,1.000000,1.500000,1.500000,,,,,,,,,,,,,,,,1.173198,0.096936,1.163536,0.104448,0.000000,0.000000,-0.257045,,0.052196,0.000000,,,,0.082625,0.146667,1.500000,17.992226,32.267231,0.000000,circle,预设轨迹15,forward
1775478238.605269,16.573556,1775478263.870723|完整运动,完整运动,circle_orbit,1,1.000000,1.500000,1.500000,,,,,,,,,,,,,,,,1.173042,0.097946,1.163668,0.105526,0.000000,0.000000,-0.255358,,0.052948,0.000000,,,,0.083498,0.146648,1.500000,18.016817,32.242640,0.000000,circle,预设轨迹15,forward
1775478238.632523,16.600810,1775478263.870723|完整运动,完整运动,circle_orbit,1,1.000000,1.500000,1.500000,,,,,,,,,,,,,,,,1.172890,0.099992,1.163745,0.115331,0.000000,0.000000,-0.252184,,0.054482,0.000000,,,,0.085252,0.146629,1.500000,18.065646,32.193811,0.000000,circle,预设轨迹15,forward
1775478238.665538,16.633825,1775478263.870723|完整运动,完整运动,circle_orbit,1,1.000000,1.500000,1.500000,,,,,,,,,,,,,,,,1.172732,0.100938,1.163285,0.108032,0.000000,0.000000,-0.250500,,0.055642,0.000000,,,,0.086071,0.146609,1.500000,18.090291,32.169166,0.000000,circle,预设轨迹15,forward
1775478238.686904,16.655192,1775478263.870723|完整运动,完整运动,circle_orbit,1,1.000000,1.500000,1.500000,,,,,,,,,,,,,,,,1.172564,0.103284,1.162494,0.120884,0.000000,0.000000,-0.246817,,0.058032,0.000000,,,,0.088084,0.146588,1.500000,18.140302,32.119155,0.000000,circle,预设轨迹15,forward
1775478238.710344,16.678631,1775478263.870723|完整运动,完整运动,circle_orbit,1,1.000000,1.500000,1.500000,,,,,,,,,,,,,,,,1.172400,0.104264,1.162559,0.111609,0.000000,0.000000,-0.244990,,0.058901,0.000000,,,,0.088932,0.146568,1.500000,18.165254,32.094203,0.000000,circle,预设轨迹15,forward
1775478238.738812,16.707100,1775478263.870723|完整运动,完整运动,circle_orbit,1,1.000000,1.500000,1.500000,,,,,,,,,,,,,,,,1.172238,0.105136,1.162492,0.111675,0.000000,0.000000,-0.243306,,0.059790,0.000000,,,,0.089688,0.146547,1.500000,18.189846,32.069610,0.000000,circle,预设轨迹15,forward
1775478238.771882,16.740169,1775478263.870723|完整运动,完整运动,circle_orbit,1,1.000000,1.500000,1.500000,,,,,,,,,,,,,,,,1.172072,0.105945,1.162154,0.112017,0.000000,0.000000,-0.241705,,0.060824,0.000000,,,,0.090391,0.146527,1.500000,18.214422,32.045034,0.000000,circle,预设轨迹15,forward
1775478238.809196,16.777484,1775478263.870723|完整运动,完整运动,circle_orbit,1,1.000000,1.500000,1.500000,,,,,,,,,,,,,,,,1.171917,0.108280,1.162593,0.125795,0.000000,0.000000,-0.237934,,0.062406,0.000000,,,,0.092396,0.146507,1.500000,18.263411,31.996045,0.000000,circle,预设轨迹15,forward
1775478238.834314,16.802601,1775478263.870723|完整运动,完整运动,circle_orbit,1,1.000000,1.500000,1.500000,,,,,,,,,,,,,,,,1.171776,0.110797,1.163295,0.129672,0.000000,0.000000,-0.233816,,0.063979,0.000000,,,,0.094555,0.146490,1.500000,18.312245,31.947212,0.000000,circle,预设轨迹15,forward
1775478238.873502,16.841790,1775478263.870723|完整运动,完整运动,circle_orbit,1,1.000000,1.500000,1.500000,,,,,,,,,,,,,,,,1.171649,0.111667,1.164021,0.118193,0.000000,0.000000,-0.231944,,0.064412,0.000000,,,,0.095308,0.146474,1.500000,18.336422,31.923034,0.000000,circle,预设轨迹15,forward
1775478238.904213,16.872500,1775478263.870723|完整运动,完整运动,circle_orbit,1,1.000000,1.500000,1.500000,,,,,,,,,,,,,,,,1.171542,0.113863,1.165170,0.130334,0.000000,0.000000,-0.228185,,0.065498,0.000000,,,,0.097191,0.146460,1.500000,18.384980,31.874476,0.000000,circle,预设轨迹15,forward
1775478238.941620,16.909907,1775478263.870723|完整运动,完整运动,circle_orbit,1,1.000000,1.500000,1.500000,,,,,,,,,,,,,,,,1.171479,0.116423,1.167690,0.135620,0.000000,0.000000,-0.223830,,0.065939,0.000000,,,,0.099381,0.146452,1.500000,18.433612,31.825844,0.000000,circle,预设轨迹15,forward
1775478238.962381,16.930668,1775478263.870723|完整运动,完整运动,circle_orbit,1,1.000000,1.500000,1.500000,,,,,,,,,,,,,,,,1.171442,0.118879,1.169228,0.137299,0.000000,0.000000,-0.219530,,0.067033,0.000000,,,,0.101481,0.146448,1.500000,18.482313,31.777144,0.000000,circle,预设轨迹15,forward
1775478238.985515,16.953803,1775478263.870723|完整运动,完整运动,circle_orbit,1,1.000000,1.500000,1.500000,,,,,,,,,,,,,,,,1.171413,0.119663,1.169666,0.125546,0.000000,0.000000,-0.217524,,0.067736,0.000000,,,,0.102153,0.146444,1.500000,18.506798,31.752659,0.000000,circle,预设轨迹15,forward
1775478239.019202,16.987489,1775478263.870723|完整运动,完整运动,circle_orbit,1,1.000000,1.500000,1.500000,,,,,,,,,,,,,,,,1.171398,0.120397,1.170484,0.125896,0.000000,0.000000,-0.215602,,0.068137,0.000000,,,,0.102780,0.146442,1.500000,18.530943,31.728513,0.000000,circle,预设轨迹15,forward
1775478239.047469,17.015756,1775478263.870723|完整运动,完整运动,circle_orbit,1,1.000000,1.500000,1.500000,,,,,,,,,,,,,,,,1.171395,0.121038,1.171213,0.125845,0.000000,0.000000,-0.213823,,0.068528,0.000000,,,,0.103328,0.146442,1.500000,18.555071,31.704386,0.000000,circle,预设轨迹15,forward
1775478239.083812,17.052099,1775478263.870723|完整运动,完整运动,circle_orbit,1,1.000000,1.500000,1.500000,,,,,,,,,,,,,,,,1.171431,0.123138,1.173591,0.138893,0.000000,0.000000,-0.209980,,0.068828,0.000000,,,,0.105118,0.146446,1.500000,18.603158,31.656299,0.000000,circle,预设轨迹15,forward
1775478239.118861,17.087148,1775478263.870723|完整运动,完整运动,circle_orbit,1,1.000000,1.500000,1.500000,,,,,,,,,,,,,,,,1.171485,0.125325,1.174738,0.141726,0.000000,0.000000,-0.205948,,0.070064,0.000000,,,,0.106980,0.146453,1.500000,18.651994,31.607462,0.000000,circle,预设轨迹15,forward
1775478239.151136,17.119423,1775478263.870723|完整运动,完整运动,circle_orbit,1,1.000000,1.500000,1.500000,,,,,,,,,,,,,,,,1.171558,0.126088,1.175960,0.131812,0.000000,0.000000,-0.203870,,0.070274,0.000000,,,,0.107624,0.146462,1.500000,18.676365,31.583091,0.000000,circle,预设轨迹15,forward
1775478239.187365,17.155652,1775478263.870723|完整运动,完整运动,circle_orbit,1,1.000000,1.500000,1.500000,,,,,,,,,,,,,,,,1.171689,0.130007,1.179510,0.159401,0.000000,0.000000,-0.197311,,0.071154,0.000000,,,,0.110957,0.146479,1.500000,18.749620,31.509837,0.000000,circle,预设轨迹15,forward
1775478239.219095,17.187383,1775478263.870723|完整运动,完整运动,circle_orbit,1,1.000000,1.500000,1.500000,,,,,,,,,,,,,,,,1.171834,0.130714,1.180522,0.136018,0.000000,0.000000,-0.195154,,0.071551,0.000000,,,,0.111547,0.146497,1.500000,18.774216,31.485240,0.000000,circle,预设轨迹15,forward
1775478239.253914,17.222202,1775478263.870723|完整运动,完整运动,circle_orbit,1,1.000000,1.500000,1.500000,,,,,,,,,,,,,,,,1.172043,0.133136,1.184611,0.151297,0.000000,0.000000,-0.190574,,0.071100,0.000000,,,,0.113593,0.146523,1.500000,18.822688,31.436768,0.000000,circle,预设轨迹15,forward
1775478239.284575,17.252862,1775478263.870723|完整运动,完整运动,circle_orbit,1,1.000000,1.500000,1.500000,,,,,,,,,,,,,,,,1.172279,0.134026,1.186459,0.140705,0.000000,0.000000,-0.188092,,0.071110,0.000000,,,,0.114330,0.146552,1.500000,18.846834,31.412623,0.000000,circle,预设轨迹15,forward
1775478239.311970,17.280257,1775478263.870723|完整运动,完整运动,circle_orbit,1,1.000000,1.500000,1.500000,,,,,,,,,,,,,,,,1.172582,0.136684,1.190739,0.156618,0.000000,0.000000,-0.183100,,0.070765,0.000000,,,,0.116567,0.146590,1.500000,18.894729,31.364727,0.000000,circle,预设轨迹15,forward
1775478239.333496,17.301784,1775478263.870723|完整运动,完整运动,circle_orbit,1,1.000000,1.500000,1.500000,,,,,,,,,,,,,,,,1.172912,0.137516,1.192708,0.143751,0.000000,0.000000,-0.180615,,0.070708,0.000000,,,,0.117243,0.146632,1.500000,18.918636,31.340821,0.000000,circle,预设轨迹15,forward
1775478239.354289,17.322576,1775478263.870723|完整运动,完整运动,circle_orbit,1,1.000000,1.500000,1.500000,,,,,,,,,,,,,,,,1.173282,0.138375,1.195480,0.144820,0.000000,0.000000,-0.178101,,0.070143,0.000000,,,,0.117938,0.146678,1.500000,18.942493,31.316964,0.000000,circle,预设轨迹15,forward
1775478239.379820,17.348107,1775478263.870723|完整运动,完整运动,circle_orbit,1,1.000000,1.500000,1.500000,,,,,,,,,,,,,,,,1.173681,0.139191,1.197642,0.145309,0.000000,0.000000,-0.175658,,0.069949,0.000000,,,,0.118593,0.146728,1.500000,18.966371,31.293085,0.000000,circle,预设轨迹15,forward
1775478239.410878,17.379165,1775478263.870723|完整运动,完整运动,circle_orbit,1,1.000000,1.500000,1.500000,,,,,,,,,,,,,,,,1.174116,0.140037,1.200206,0.146386,0.000000,0.000000,-0.173179,,0.069516,0.000000,,,,0.119270,0.146782,1.500000,18.990263,31.269193,0.000000,circle,预设轨迹15,forward
1775478239.431238,17.399525,1775478263.870723|完整运动,完整运动,circle_orbit,1,1.000000,1.500000,1.500000,,,,,,,,,,,,,,,,1.174625,0.142494,1.205128,0.160917,0.000000,0.000000,-0.168412,,0.068709,0.000000,,,,0.121310,0.146846,1.500000,19.038624,31.220833,0.000000,circle,预设轨迹15,forward
1775478239.452706,17.420993,1775478263.870723|完整运动,完整运动,circle_orbit,1,1.000000,1.500000,1.500000,,,,,,,,,,,,,,,,1.175164,0.143133,1.207550,0.147929,0.000000,0.000000,-0.166144,,0.068284,0.000000,,,,0.121798,0.146913,1.500000,19.062871,31.196585,0.000000,circle,预设轨迹15,forward
1775478239.484052,17.452339,1775478263.870723|完整运动,完整运动,circle_orbit,1,1.000000,1.500000,1.500000,,,,,,,,,,,,,,,,1.175737,0.143806,1.210084,0.148852,0.000000,0.000000,-0.163847,,0.067806,0.000000,,,,0.122311,0.146985,1.500000,19.087004,31.172453,0.000000,circle,预设轨迹15,forward
1775478239.509555,17.477843,1775478263.870723|完整运动,完整运动,circle_orbit,1,1.000000,1.500000,1.500000,,,,,,,,,,,,,,,,1.176377,0.146229,1.214802,0.164401,0.000000,0.000000,-0.159072,,0.067185,0.000000,,,,0.124304,0.147065,1.500000,19.135260,31.124196,0.000000,circle,预设轨迹15,forward
1775478239.550682,17.518969,1775478263.870723|完整运动,完整运动,circle_orbit,1,1.000000,1.500000,1.500000,,,,,,,,,,,,,,,,1.177091,0.148531,1.219942,0.165794,0.000000,0.000000,-0.154383,,0.066279,0.000000,,,,0.126184,0.147154,1.500000,19.183717,31.075739,0.000000,circle,预设轨迹15,forward
1775478239.571378,17.539665,1775478263.870723|完整运动,完整运动,circle_orbit,1,1.000000,1.500000,1.500000,,,,,,,,,,,,,,,,1.177843,0.149213,1.222936,0.154333,0.000000,0.000000,-0.151921,,0.065628,0.000000,,,,0.126683,0.147248,1.500000,19.207952,31.051504,0.000000,circle,预设轨迹15,forward
1775478239.594342,17.562629,1775478263.870723|完整运动,完整运动,circle_orbit,1,1.000000,1.500000,1.500000,,,,,,,,,,,,,,,,1.178630,0.149904,1.225832,0.155088,0.000000,0.000000,-0.149466,,0.065045,0.000000,,,,0.127185,0.147346,1.500000,19.232172,31.027285,0.000000,circle,预设轨迹15,forward
1775478239.618195,17.586482,1775478263.870723|完整运动,完整运动,circle_orbit,1,1.000000,1.500000,1.500000,,,,,,,,,,,,,,,,1.179439,0.150656,1.228012,0.156297,0.000000,0.000000,-0.146942,,0.064950,0.000000,,,,0.127736,0.147448,1.500000,19.256478,31.002978,0.000000,circle,预设轨迹15,forward
1775478239.649229,17.617516,1775478263.870723|完整运动,完整运动,circle_orbit,1,1.000000,1.500000,1.500000,,,,,,,,,,,,,,,,1.180311,0.153006,1.232652,0.170630,0.000000,0.000000,-0.142154,,0.064470,0.000000,,,,0.129632,0.147557,1.500000,19.305273,30.954184,0.000000,circle,预设轨迹15,forward
1775478239.681695,17.649982,1775478263.870723|完整运动,完整运动,circle_orbit,1,1.000000,1.500000,1.500000,,,,,,,,,,,,,,,,1.181218,0.153533,1.235580,0.157485,0.000000,0.000000,-0.139879,,0.063805,0.000000,,,,0.129979,0.147670,1.500000,19.329655,30.929802,0.000000,circle,预设轨迹15,forward
1775478239.703121,17.671408,1775478263.870723|完整运动,完整运动,circle_orbit,1,1.000000,1.500000,1.500000,,,,,,,,,,,,,,,,1.182239,0.155888,1.243506,0.173550,0.000000,0.000000,-0.135019,,0.061399,0.000000,,,,0.131858,0.147798,1.500000,19.377831,30.881625,0.000000,circle,预设轨迹15,forward
1775478239.723778,17.692065,1775478263.870723|完整运动,完整运动,circle_orbit,1,1.000000,1.500000,1.500000,,,,,,,,,,,,,,,,1.183302,0.156507,1.247099,0.161148,0.000000,0.000000,-0.132550,,0.060462,0.000000,,,,0.132263,0.147930,1.500000,19.401561,30.857896,0.000000,circle,预设轨迹15,forward
1775478239.754774,17.723061,1775478263.870723|完整运动,完整运动,circle_orbit,1,1.000000,1.500000,1.500000,,,,,,,,,,,,,,,,1.184348,0.155407,1.247099,0.147159,0.000000,0.000000,-0.132550,,0.060462,0.000000,,,,0.131218,0.148061,1.500000,19.401561,30.857896,0.000000,circle,预设轨迹15,forward
1775478239.790604,17.758892,1775478263.870723|完整运动,完整运动,circle_orbit,1,1.000000,1.500000,1.500000,,,,,,,,,,,,,,,,1.185527,0.159143,1.256275,0.187159,0.000000,0.000000,-0.125542,,0.058475,0.000000,,,,0.134238,0.148209,1.500000,19.473354,30.786103,0.000000,circle,预设轨迹15,forward
1775478239.821397,17.789684,1775478263.870723|完整运动,完整运动,circle_orbit,1,1.000000,1.500000,1.500000,,,,,,,,,,,,,,,,1.186750,0.159538,1.260125,0.162498,0.000000,0.000000,-0.123378,,0.057277,0.000000,,,,0.134432,0.148362,1.500000,19.497415,30.762042,0.000000,circle,预设轨迹15,forward
1775478239.857075,17.825362,1775478263.870723|完整运动,完整运动,circle_orbit,1,1.000000,1.500000,1.500000,,,,,,,,,,,,,,,,1.188052,0.161121,1.266205,0.173001,0.000000,0.000000,-0.119548,,0.055620,0.000000,,,,0.135618,0.148524,1.500000,19.545352,30.714105,0.000000,circle,预设轨迹15,forward
1775478239.883355,17.851642,1775478263.870723|完整运动,完整运动,circle_orbit,1,1.000000,1.500000,1.500000,,,,,,,,,,,,,,,,1.189382,0.161282,1.269186,0.162482,0.000000,0.000000,-0.117706,,0.054802,0.000000,,,,0.135601,0.148691,1.500000,19.569460,30.689997,0.000000,circle,预设轨迹15,forward
1775478239.905436,17.873724,1775478263.870723|完整运动,完整运动,circle_orbit,1,1.000000,1.500000,1.500000,,,,,,,,,,,,,,,,1.190798,0.162913,1.275738,0.175151,0.000000,0.000000,-0.113809,,0.052957,0.000000,,,,0.136810,0.148868,1.500000,19.618281,30.641176,0.000000,circle,预设轨迹15,forward
1775478239.926257,17.894545,1775478263.870723|完整运动,完整运动,circle_orbit,1,1.000000,1.500000,1.500000,,,,,,,,,,,,,,,,1.192258,0.163293,1.279831,0.166142,0.000000,0.000000,-0.111649,,0.051687,0.000000,,,,0.136961,0.149050,1.500000,19.642654,30.616802,0.000000,circle,预设轨迹15,forward
1775478239.959077,17.927364,1775478263.870723|完整运动,完整运动,circle_orbit,1,1.000000,1.500000,1.500000,,,,,,,,,,,,,,,,1.193749,0.163688,1.283225,0.166652,0.000000,0.000000,-0.109497,,0.050826,0.000000,,,,0.137121,0.149237,1.500000,19.666834,30.592623,0.000000,circle,预设轨迹15,forward
1775478239.993419,17.961706,1775478263.870723|完整运动,完整运动,circle_orbit,1,1.000000,1.500000,1.500000,,,,,,,,,,,,,,,,1.195321,0.165652,1.289659,0.180379,0.000000,0.000000,-0.105136,,0.049362,0.000000,,,,0.138584,0.149433,1.500000,19.715262,30.544194,0.000000,circle,预设轨迹15,forward
1775478240.027434,17.995721,1775478263.870723|完整运动,完整运动,circle_orbit,1,1.000000,1.500000,1.500000,,,,,,,,,,,,,,,,1.196921,0.166000,1.292891,0.168611,0.000000,0.000000,-0.103011,,0.048608,0.000000,,,,0.138689,0.149633,1.500000,19.739690,30.519766,0.000000,circle,预设轨迹15,forward
1775478240.058796,18.027084,1775478263.870723|完整运动,完整运动,circle_orbit,1,1.000000,1.500000,1.500000,,,,,,,,,,,,,,,,1.198586,0.167663,1.298509,0.180132,0.000000,0.000000,-0.099044,,0.047454,0.000000,,,,0.139884,0.149841,1.500000,19.788623,30.470834,0.000000,circle,预设轨迹15,forward
1775478240.094791,18.063078,1775478263.870723|完整运动,完整运动,circle_orbit,1,1.000000,1.500000,1.500000,,,,,,,,,,,,,,,,1.200327,0.169050,1.304753,0.179457,0.000000,0.000000,-0.095420,,0.045811,0.000000,,,,0.140837,0.150059,1.500000,19.837445,30.422012,0.000000,circle,预设轨迹15,forward
1775478240.115690,18.083977,1775478263.870723|完整运动,完整运动,circle_orbit,1,1.000000,1.500000,1.500000,,,,,,,,,,,,,,,,1.202079,0.169005,1.307257,0.168662,0.000000,0.000000,-0.093809,,0.045241,0.000000,,,,0.140594,0.150278,1.500000,19.862028,30.397428,0.000000,circle,预设轨迹15,forward
1775478240.137862,18.106150,1775478263.870723|完整运动,完整运动,circle_orbit,1,1.000000,1.500000,1.500000,,,,,,,,,,,,,,,,1.203929,0.170277,1.314915,0.179821,0.000000,0.000000,-0.090369,,0.042784,0.000000,,,,0.141434,0.150509,1.500000,19.910759,30.348698,0.000000,circle,预设轨迹15,forward
1775478240.165174,18.133461,1775478263.870723|完整运动,完整运动,circle_orbit,1,1.000000,1.500000,1.500000,,,,,,,,,,,,,,,,1.205802,0.170273,1.318188,0.170246,0.000000,0.000000,-0.088722,,0.041837,0.000000,,,,0.141212,0.150743,1.500000,19.935100,30.324356,0.000000,circle,预设轨迹15,forward
1775478240.196622,18.164909,1775478263.870723|完整运动,完整运动,circle_orbit,1,1.000000,1.500000,1.500000,,,,,,,,,,,,,,,,1.207721,0.170306,1.322849,0.170548,0.000000,0.000000,-0.087069,,0.040158,0.000000,,,,0.141014,0.150983,1.500000,19.959262,30.300195,0.000000,circle,预设轨迹15,forward
1775478240.232296,18.200583,1775478263.870723|完整运动,完整运动,circle_orbit,1,1.000000,1.500000,1.500000,,,,,,,,,,,,,,,,1.209676,0.170311,1.326951,0.170352,0.000000,0.000000,-0.085497,,0.038753,0.000000,,,,0.140791,0.151228,1.500000,19.983557,30.275900,0.000000,circle,预设轨迹15,forward
1775478240.253171,18.221459,1775478263.870723|完整运动,完整运动,circle_orbit,1,1.000000,1.500000,1.500000,,,,,,,,,,,,,,,,1.211725,0.171032,1.334652,0.176435,0.000000,0.000000,-0.082943,,0.035954,0.000000,,,,0.141147,0.151484,1.500000,20.031960,30.227496,0.000000,circle,预设轨迹15,forward
1775478240.274612,18.242899,1775478263.870723|完整运动,完整运动,circle_orbit,1,1.000000,1.500000,1.500000,,,,,,,,,,,,,,,,1.213807,0.170883,1.338754,0.169770,0.000000,0.000000,-0.081625,,0.034461,0.000000,,,,0.140783,0.151744,1.500000,20.056217,30.203239,0.000000,circle,预设轨迹15,forward
1775478240.307030,18.275318,1775478263.870723|完整运动,完整运动,circle_orbit,1,1.000000,1.500000,1.500000,,,,,,,,,,,,,,,,1.215971,0.171784,1.345825,0.178537,0.000000,0.000000,-0.078857,,0.032165,0.000000,,,,0.141273,0.152015,1.500000,20.105357,30.154100,0.000000,circle,预设轨迹15,forward
1775478240.340343,18.308630,1775478263.870723|完整运动,完整运动,circle_orbit,1,1.000000,1.500000,1.500000,,,,,,,,,,,,,,,,1.218170,0.171704,1.350087,0.171105,0.000000,0.000000,-0.077471,,0.030660,0.000000,,,,0.140952,0.152289,1.500000,20.130054,30.129402,0.000000,circle,预设轨迹15,forward
1775478240.376801,18.345088,1775478263.870723|完整运动,完整运动,circle_orbit,1,1.000000,1.500000,1.500000,,,,,,,,,,,,,,,,1.220407,0.171662,1.354616,0.171349,0.000000,0.000000,-0.076072,,0.029037,0.000000,,,,0.140660,0.152569,1.500000,20.154684,30.104773,0.000000,circle,预设轨迹15,forward
1775478240.402550,18.370837,1775478263.870723|完整运动,完整运动,circle_orbit,1,1.000000,1.500000,1.500000,,,,,,,,,,,,,,,,1.222745,0.172806,1.363046,0.181387,0.000000,0.000000,-0.073018,,0.026284,0.000000,,,,0.141326,0.152861,1.500000,20.203824,30.055632,0.000000,circle,预设轨迹15,forward
1775478240.433528,18.401816,1775478263.870723|完整运动,完整运动,circle_orbit,1,1.000000,1.500000,1.500000,,,,,,,,,,,,,,,,1.225157,0.173919,1.369862,0.182263,0.000000,0.000000,-0.069976,,0.024383,0.000000,,,,0.141956,0.153163,1.500000,20.253360,30.006097,0.000000,circle,预设轨迹15,forward
1775478240.454259,18.422546,1775478263.870723|完整运动,完整运动,circle_orbit,1,1.000000,1.500000,1.500000,,,,,,,,,,,,,,,,1.227590,0.173836,1.373587,0.173213,0.000000,0.000000,-0.068611,,0.023210,0.000000,,,,0.141607,0.153467,1.500000,20.278217,29.981240,0.000000,circle,预设轨迹15,forward
1775478240.478262,18.446550,1775478263.870723|完整运动,完整运动,circle_orbit,1,1.000000,1.500000,1.500000,,,,,,,,,,,,,,,,1.230124,0.174791,1.382165,0.181954,0.000000,0.000000,-0.065804,,0.020377,0.000000,,,,0.142092,0.153784,1.500000,20.327952,29.931505,0.000000,circle,预设轨迹15,forward
1775478240.508276,18.476563,1775478263.870723|完整运动,完整运动,circle_orbit,1,1.000000,1.500000,1.500000,,,,,,,,,,,,,,,,1.232617,0.173765,1.382165,0.166074,0.000000,0.000000,-0.065804,,0.020377,0.000000,,,,0.140973,0.154096,1.500000,20.327952,29.931505,0.000000,circle,预设轨迹15,forward
1775478240.545103,18.513391,1775478263.870723|完整运动,完整运动,circle_orbit,1,1.000000,1.500000,1.500000,,,,,,,,,,,,,,,,1.235245,0.175462,1.392928,0.188190,0.000000,0.000000,-0.062016,,0.017031,0.000000,,,,0.142047,0.154424,1.500000,20.402935,29.856522,0.000000,circle,预设轨迹15,forward
1775478240.589895,18.558182,1775478263.870723|完整运动,完整运动,circle_orbit,1,1.000000,1.500000,1.500000,,,,,,,,,,,,,,,,1.237905,0.175105,1.397533,0.172423,0.000000,0.000000,-0.061088,,0.015277,0.000000,,,,0.141453,0.154757,1.500000,20.427923,29.831534,0.000000,circle,预设轨迹15,forward
1775478240.625209,18.593497,1775478263.870723|完整运动,完整运动,circle_orbit,1,1.000000,1.500000,1.500000,,,,,,,,,,,,,,,,1.240699,0.175628,1.408349,0.179555,0.000000,0.000000,-0.058951,,0.011194,0.000000,,,,0.141556,0.155106,1.500000,20.477675,29.781782,0.000000,circle,预设轨迹15,forward
1775478240.658787,18.627074,1775478263.870723|完整运动,完整运动,circle_orbit,1,1.000000,1.500000,1.500000,,,,,,,,,,,,,,,,1.243711,0.176703,1.424392,0.184764,0.000000,0.000000,-0.056017,,0.005164,0.000000,,,,0.142077,0.155482,1.500000,20.551648,29.707808,0.000000,circle,预设轨迹15,forward
1775478240.679491,18.647778,1775478263.870723|完整运动,完整运动,circle_orbit,1,1.000000,1.500000,1.500000,,,,,,,,,,,,,,,,1.246766,0.176424,1.430071,0.174334,0.000000,0.000000,-0.054981,,0.003068,0.000000,,,,0.141506,0.155864,1.500000,20.576285,29.683172,0.000000,circle,预设轨迹15,forward
1775478240.705396,18.673684,1775478263.870723|完整运动,完整运动,circle_orbit,1,1.000000,1.500000,1.500000,,,,,,,,,,,,,,,,1.249771,0.175459,1.430071,0.168215,0.000000,0.000000,-0.054981,,0.003068,0.000000,,,,0.140393,0.156240,1.500000,20.576285,29.683172,0.000000,circle,预设轨迹15,forward
1775478240.737913,18.706200,1775478263.870723|完整运动,完整运动,circle_orbit,1,1.000000,1.500000,1.500000,,,,,,,,,,,,,,,,1.252821,0.175222,1.435833,0.173444,0.000000,0.000000,-0.054030,,0.000913,0.000000,,,,0.139862,0.156621,1.500000,20.601003,29.658454,0.000000,circle,预设轨迹15,forward
1775478240.773456,18.741743,1775478263.870723|完整运动,完整运动,circle_orbit,1,1.000000,1.500000,1.500000,,,,,,,,,,,,,,,,1.255757,0.176128,1.431917,0.182929,0.000000,0.000000,-0.051479,,-0.003974,0.000000,,,,0.140257,0.156988,1.500000,20.675504,29.583953,0.000000,circle,预设轨迹15,forward
1775478240.806538,18.774826,1775478263.870723|完整运动,完整运动,circle_orbit,1,1.000000,1.500000,1.500000,,,,,,,,,,,,,,,,1.258587,0.175865,1.428401,0.173889,0.000000,0.000000,-0.050567,,-0.006042,0.000000,,,,0.139732,0.157342,1.500000,20.700608,29.558849,0.000000,circle,预设轨迹15,forward
1775478240.842202,18.810490,1775478263.870723|完整运动,完整运动,circle_orbit,1,1.000000,1.500000,1.500000,,,,,,,,,,,,,,,,1.261267,0.176213,1.422041,0.178824,0.000000,0.000000,-0.048817,,-0.009852,0.000000,,,,0.139711,0.157677,1.500000,20.750745,29.508711,0.000000,circle,预设轨迹15,forward
1775478240.868179,18.836466,1775478263.870723|完整运动,完整运动,circle_orbit,1,1.000000,1.500000,1.500000,,,,,,,,,,,,,,,,1.263755,0.177365,1.413027,0.186009,0.000000,0.000000,-0.045911,,-0.015511,0.000000,,,,0.140348,0.157988,1.500000,20.799756,29.459701,0.000000,circle,预设轨迹15,forward
1775478240.888547,18.856834,1775478263.870723|完整运动,完整运动,circle_orbit,1,1.000000,1.500000,1.500000,,,,,,,,,,,,,,,,1.266168,0.177593,1.410952,0.179298,0.000000,0.000000,-0.044281,,-0.017302,0.000000,,,,0.140260,0.158290,1.500000,20.824161,29.435296,0.000000,circle,预设轨迹15,forward
1775478240.909074,18.877361,1775478263.870723|完整运动,完整运动,circle_orbit,1,1.000000,1.500000,1.500000,,,,,,,,,,,,,,,,1.268525,0.177581,1.409983,0.177494,0.000000,0.000000,-0.043006,,-0.018396,0.000000,,,,0.139990,0.158585,1.500000,20.848472,29.410984,0.000000,circle,预设轨迹15,forward
1775478240.941779,18.910067,1775478263.870723|完整运动,完整运动,circle_orbit,1,1.000000,1.500000,1.500000,,,,,,,,,,,,,,,,1.270844,0.176697,1.409983,0.170066,0.000000,0.000000,-0.043006,,-0.018396,0.000000,,,,0.139039,0.158875,1.500000,20.848472,29.410984,0.000000,circle,预设轨迹15,forward
1775478240.963533,18.931820,1775478263.870723|完整运动,完整运动,circle_orbit,1,1.000000,1.500000,1.500000,,,,,,,,,,,,,,,,1.273041,0.176710,1.404828,0.176806,0.000000,0.000000,-0.041797,,-0.021441,0.000000,,,,0.138809,0.159149,1.500000,20.922164,29.337292,0.000000,circle,预设轨迹15,forward
1775478240.984053,18.952340,1775478263.870723|完整运动,完整运动,circle_orbit,1,1.000000,1.500000,1.500000,,,,,,,,,,,,,,,,1.275173,0.175863,1.403136,0.169508,0.000000,0.000000,-0.041835,,-0.022226,0.000000,,,,0.137913,0.159416,1.500000,20.946975,29.312482,0.000000,circle,预设轨迹15,forward
1775478241.011423,18.979710,1775478263.870723|完整运动,完整运动,circle_orbit,1,1.000000,1.500000,1.500000,,,,,,,,,,,,,,,,1.277208,0.174996,1.399271,0.168499,0.000000,0.000000,-0.041966,,-0.024006,0.000000,,,,0.137015,0.159670,1.500000,20.971900,29.287557,0.000000,circle,预设轨迹15,forward
1775478241.032237,19.000524,1775478263.870723|完整运动,完整运动,circle_orbit,1,1.000000,1.500000,1.500000,,,,,,,,,,,,,,,,1.279156,0.174087,1.396033,0.167266,0.000000,0.000000,-0.042223,,-0.025431,0.000000,,,,0.136095,0.159914,1.500000,20.996962,29.262494,0.000000,circle,预设轨迹15,forward
1775478241.052530,19.020817,1775478263.870723|完整运动,完整运动,circle_orbit,1,1.000000,1.500000,1.500000,,,,,,,,,,,,,,,,1.281014,0.173164,1.392531,0.166241,0.000000,0.000000,-0.042563,,-0.026951,0.000000,,,,0.135177,0.160146,1.500000,21.022169,29.237287,0.000000,circle,预设轨迹15,forward
1775478241.082945,19.051232,1775478263.870723|完整运动,完整运动,circle_orbit,1,1.000000,1.500000,1.500000,,,,,,,,,,,,,,,,1.282784,0.172217,1.388933,0.165118,0.000000,0.000000,-0.042997,,-0.028477,0.000000,,,,0.134253,0.160367,1.500000,21.047428,29.212028,0.000000,circle,预设轨迹15,forward
1775478241.113579,19.081867,1775478263.870723|完整运动,完整运动,circle_orbit,1,1.000000,1.500000,1.500000,,,,,,,,,,,,,,,,1.284383,0.171466,1.380353,0.165828,0.000000,0.000000,-0.043202,,-0.032571,0.000000,,,,0.133500,0.160567,1.500000,21.098467,29.160990,0.000000,circle,预设轨迹15,forward
1775478241.147357,19.115644,1775478263.870723|完整运动,完整运动,circle_orbit,1,1.000000,1.500000,1.500000,,,,,,,,,,,,,,,,1.285868,0.170989,1.374960,0.167413,0.000000,0.000000,-0.043055,,-0.035308,0.000000,,,,0.132975,0.160753,1.500000,21.123712,29.135744,0.000000,circle,预设轨迹15,forward
1775478241.169588,19.137875,1775478263.870723|完整运动,完整运动,circle_orbit,1,1.000000,1.500000,1.500000,,,,,,,,,,,,,,,,1.287258,0.170679,1.370664,0.168354,0.000000,0.000000,-0.042694,,-0.037625,0.000000,,,,0.132591,0.160927,1.500000,21.174647,29.084810,0.000000,circle,预设轨迹15,forward
1775478241.190444,19.158731,1775478263.870723|完整运动,完整运动,circle_orbit,1,1.000000,1.500000,1.500000,,,,,,,,,,,,,,,,1.288613,0.170227,1.369884,0.166837,0.000000,0.000000,-0.042556,,-0.038084,0.000000,,,,0.132101,0.161096,1.500000,21.200359,29.059098,0.000000,circle,预设轨迹15,forward
1775478241.217985,19.186272,1775478263.870723|完整运动,完整运动,circle_orbit,1,1.000000,1.500000,1.500000,,,,,,,,,,,,,,,,1.289910,0.169745,1.367781,0.166132,0.000000,0.000000,-0.042486,,-0.039171,0.000000,,,,0.131594,0.161258,1.500000,21.226408,29.033048,0.000000,circle,预设轨迹15,forward
1775478241.243235,19.211522,1775478263.870723|完整运动,完整运动,circle_orbit,1,1.000000,1.500000,1.500000,,,,,,,,,,,,,,,,1.291120,0.169506,1.363714,0.167711,0.000000,0.000000,-0.042093,,-0.041411,0.000000,,,,0.131286,0.161409,1.500000,21.279288,28.980168,0.000000,circle,预设轨迹15,forward
1775478241.264598,19.232885,1775478263.870723|完整运动,完整运动,circle_orbit,1,1.000000,1.500000,1.500000,,,,,,,,,,,,,,,,1.292272,0.169071,1.361386,0.165811,0.000000,0.000000,-0.041989,,-0.042639,0.000000,,,,0.130832,0.161553,1.500000,21.305862,28.953595,0.000000,circle,预设轨迹15,forward
1775478241.293653,19.261940,1775478263.870723|完整运动,完整运动,circle_orbit,1,1.000000,1.500000,1.500000,,,,,,,,,,,,,,,,1.293405,0.168582,1.361386,0.164918,0.000000,0.000000,-0.041989,,-0.042639,0.000000,,,,0.130340,0.161695,1.500000,21.305862,28.953595,0.000000,circle,预设轨迹15,forward
1775478241.326189,19.294477,1775478263.870723|完整运动,完整运动,circle_orbit,1,1.000000,1.500000,1.500000,,,,,,,,,,,,,,,,1.294440,0.167897,1.356544,0.162758,0.000000,0.000000,-0.042289,,-0.044947,0.000000,,,,0.129706,0.161824,1.500000,21.359822,28.899635,0.000000,circle,预设轨迹15,forward
1775478241.360367,19.328654,1775478263.870723|完整运动,完整运动,circle_orbit,1,1.000000,1.500000,1.500000,,,,,,,,,,,,,,,,1.295372,0.167270,1.351288,0.162570,0.000000,0.000000,-0.042535,,-0.047512,0.000000,,,,0.129129,0.161941,1.500000,21.414138,28.845319,0.000000,circle,预设轨迹15,forward
1775478241.380806,19.349093,1775478263.870723|完整运动,完整运动,circle_orbit,1,1.000000,1.500000,1.500000,,,,,,,,,,,,,,,,1.296215,0.166261,1.346779,0.158691,0.000000,0.000000,-0.043352,,-0.049427,0.000000,,,,0.128267,0.162046,1.500000,21.468050,28.791406,0.000000,circle,预设轨迹15,forward
1775478241.403859,19.372146,1775478263.870723|完整运动,完整运动,circle_orbit,1,1.000000,1.500000,1.500000,,,,,,,,,,,,,,,,1.297044,0.165864,1.346779,0.162888,0.000000,0.000000,-0.043352,,-0.049427,0.000000,,,,0.127879,0.162150,1.500000,21.468050,28.791406,0.000000,circle,预设轨迹15,forward
1775478241.433041,19.401328,1775478263.870723|完整运动,完整运动,circle_orbit,1,1.000000,1.500000,1.500000,,,,,,,,,,,,,,,,1.297751,0.164797,1.340198,0.156797,0.000000,0.000000,-0.044311,,-0.052365,0.000000,,,,0.126987,0.162238,1.500000,21.521761,28.737695,0.000000,circle,预设轨迹15,forward
1775478241.454837,19.423124,1775478263.870723|完整运动,完整运动,circle_orbit,1,1.000000,1.500000,1.500000,,,,,,,,,,,,,,,,1.298393,0.164121,1.336894,0.159044,0.000000,0.000000,-0.044765,,-0.053867,0.000000,,,,0.126403,0.162319,1.500000,21.548233,28.711223,0.000000,circle,预设轨迹15,forward
1775478241.475425,19.443712,1775478263.870723|完整运动,完整运动,circle_orbit,1,1.000000,1.500000,1.500000,,,,,,,,,,,,,,,,1.298986,0.163280,1.334559,0.156977,0.000000,0.000000,-0.045480,,-0.054736,0.000000,,,,0.125698,0.162393,1.500000,21.574684,28.684773,0.000000,circle,预设轨迹15,forward
1775478241.508484,19.476771,1775478263.870723|完整运动,完整运动,circle_orbit,1,1.000000,1.500000,1.500000,,,,,,,,,,,,,,,,1.299456,0.161917,1.327664,0.151692,0.000000,0.000000,-0.046966,,-0.057641,0.000000,,,,0.124604,0.162451,1.500000,21.626954,28.632503,0.000000,circle,预设轨迹15,forward
1775478241.539974,19.508262,1775478263.870723|完整运动,完整运动,circle_orbit,1,1.000000,1.500000,1.500000,,,,,,,,,,,,,,,,1.299858,0.161197,1.323968,0.155800,0.000000,0.000000,-0.047597,,-0.059297,0.000000,,,,0.124011,0.162502,1.500000,21.653145,28.606312,0.000000,circle,预设轨迹15,forward
1775478241.580798,19.549086,1775478263.870723|完整运动,完整运动,circle_orbit,1,1.000000,1.500000,1.500000,,,,,,,,,,,,,,,,1.300134,0.160194,1.316704,0.152668,0.000000,0.000000,-0.048646,,-0.062679,0.000000,,,,0.123213,0.162536,1.500000,21.705426,28.554030,0.000000,circle,预设轨迹15,forward
1775478241.608743,19.577031,1775478263.870723|完整运动,完整运动,circle_orbit,1,1.000000,1.500000,1.500000,,,,,,,,,,,,,,,,1.300322,0.159458,1.311579,0.153936,0.000000,0.000000,-0.049348,,-0.065111,0.000000,,,,0.122629,0.162560,1.500000,21.757786,28.501671,0.000000,circle,预设轨迹15,forward
1775478241.635629,19.603917,1775478263.870723|完整运动,完整运动,circle_orbit,1,1.000000,1.500000,1.500000,,,,,,,,,,,,,,,,1.300442,0.159237,1.307682,0.157579,0.000000,0.000000,-0.049334,,-0.067248,0.000000,,,,0.122448,0.162575,1.500000,21.783847,28.475610,0.000000,circle,预设轨迹15,forward
1775478241.656142,19.624429,1775478263.870723|完整运动,完整运动,circle_orbit,1,1.000000,1.500000,1.500000,,,,,,,,,,,,,,,,1.300472,0.158641,1.302260,0.154178,0.000000,0.000000,-0.049838,,-0.069980,0.000000,,,,0.121988,0.162579,1.500000,21.836115,28.423342,0.000000,circle,预设轨迹15,forward
1775478241.685099,19.653386,1775478263.870723|完整运动,完整运动,circle_orbit,1,1.000000,1.500000,1.500000,,,,,,,,,,,,,,,,1.300501,0.158414,1.302260,0.156705,0.000000,0.000000,-0.049838,,-0.069980,0.000000,,,,0.121810,0.162582,1.500000,21.836115,28.423342,0.000000,circle,预设轨迹15,forward
1775478241.716688,19.684975,1775478263.870723|完整运动,完整运动,circle_orbit,1,1.000000,1.500000,1.500000,,,,,,,,,,,,,,,,1.300476,0.157403,1.298951,0.149823,0.000000,0.000000,-0.050945,,-0.071261,0.000000,,,,0.121035,0.162579,1.500000,21.889197,28.370260,0.000000,circle,预设轨迹15,forward
1775478241.746969,19.715256,1775478263.870723|完整运动,完整运动,circle_orbit,1,1.000000,1.500000,1.500000,,,,,,,,,,,,,,,,1.300418,0.156564,1.296938,0.150270,0.000000,0.000000,-0.051848,,-0.071930,0.000000,,,,0.120395,0.162572,1.500000,21.915627,28.343830,0.000000,circle,预设轨迹15,forward
1775478241.778270,19.746557,1775478263.870723|完整运动,完整运动,circle_orbit,1,1.000000,1.500000,1.500000,,,,,,,,,,,,,,,,1.300259,0.155015,1.290695,0.143396,0.000000,0.000000,-0.053782,,-0.074458,0.000000,,,,0.119218,0.162552,1.500000,21.968545,28.290912,0.000000,circle,预设轨迹15,forward
1775478241.800900,19.769187,1775478263.870723|完整运动,完整运动,circle_orbit,1,1.000000,1.500000,1.500000,,,,,,,,,,,,,,,,1.300010,0.153272,1.285121,0.140199,0.000000,0.000000,-0.056056,,-0.076472,0.000000,,,,0.117900,0.162521,1.500000,22.021679,28.237777,0.000000,circle,预设轨迹15,forward
1775478241.821551,19.789839,1775478263.870723|完整运动,完整运动,circle_orbit,1,1.000000,1.500000,1.500000,,,,,,,,,,,,,,,,1.299701,0.152319,1.281147,0.145177,0.000000,0.000000,-0.057275,,-0.078126,0.000000,,,,0.117196,0.162482,1.500000,22.048214,28.211243,0.000000,circle,预设轨迹15,forward
1775478241.855881,19.824169,1775478263.870723|完整运动,完整运动,circle_orbit,1,1.000000,1.500000,1.500000,,,,,,,,,,,,,,,,1.299313,0.151445,1.275993,0.144890,0.000000,0.000000,-0.058402,,-0.080517,0.000000,,,,0.116558,0.162434,1.500000,22.074381,28.185076,0.000000,circle,预设轨迹15,forward
1775478241.887930,19.856217,1775478263.870723|完整运动,完整运动,circle_orbit,1,1.000000,1.500000,1.500000,,,,,,,,,,,,,,,,1.298810,0.149927,1.268669,0.138544,0.000000,0.000000,-0.060458,,-0.083731,0.000000,,,,0.115434,0.162371,1.500000,22.126282,28.133175,0.000000,circle,预设轨迹15,forward
1775478241.916261,19.884548,1775478263.870723|完整运动,完整运动,circle_orbit,1,1.000000,1.500000,1.500000,,,,,,,,,,,,,,,,1.298261,0.149198,1.265284,0.143731,0.000000,0.000000,-0.061446,,-0.085214,0.000000,,,,0.114922,0.162302,1.500000,22.152374,28.107082,0.000000,circle,预设轨迹15,forward
1775478241.938475,19.906762,1775478263.870723|完整运动,完整运动,circle_orbit,1,1.000000,1.500000,1.500000,,,,,,,,,,,,,,,,1.297662,0.148603,1.261776,0.144137,0.000000,0.000000,-0.062250,,-0.086872,0.000000,,,,0.114516,0.162227,1.500000,22.178093,28.081364,0.000000,circle,预设轨迹15,forward
1775478241.965899,19.934186,1775478263.870723|完整运动,完整运动,circle_orbit,1,1.000000,1.500000,1.500000,,,,,,,,,,,,,,,,1.296987,0.147122,1.256464,0.136018,0.000000,0.000000,-0.064311,,-0.088982,0.000000,,,,0.113434,0.162143,1.500000,22.229616,28.029840,0.000000,circle,预设轨迹15,forward
1775478241.990148,19.958435,1775478263.870723|完整运动,完整运动,circle_orbit,1,1.000000,1.500000,1.500000,,,,,,,,,,,,,,,,1.296296,0.146314,1.254851,0.140249,0.000000,0.000000,-0.065471,,-0.089362,0.000000,,,,0.112871,0.162056,1.500000,22.255240,28.004216,0.000000,circle,预设轨迹15,forward
1775478242.021844,19.990131,1775478263.870723|完整运动,完整运动,circle_orbit,1,1.000000,1.500000,1.500000,,,,,,,,,,,,,,,,1.295591,0.145354,1.253279,0.138153,0.000000,0.000000,-0.066861,,-0.089603,0.000000,,,,0.112191,0.161968,1.500000,22.281134,27.978323,0.000000,circle,预设轨迹15,forward
1775478242.052582,20.020869,1775478263.870723|完整运动,完整运动,circle_orbit,1,1.000000,1.500000,1.500000,,,,,,,,,,,,,,,,1.294824,0.143157,1.248783,0.126679,0.000000,0.000000,-0.070033,,-0.090710,0.000000,,,,0.110561,0.161872,1.500000,22.333295,27.926161,0.000000,circle,预设轨迹15,forward
1775478242.074383,20.042670,1775478263.870723|完整运动,完整运动,circle_orbit,1,1.000000,1.500000,1.500000,,,,,,,,,,,,,,,,1.294019,0.142072,1.245756,0.133935,0.000000,0.000000,-0.071712,,-0.091695,0.000000,,,,0.109791,0.161772,1.500000,22.359347,27.900110,0.000000,circle,预设轨迹15,forward
1775478242.094918,20.063205,1775478263.870723|完整运动,完整运动,circle_orbit,1,1.000000,1.500000,1.500000,,,,,,,,,,,,,,,,1.293200,0.140889,1.244024,0.132018,0.000000,0.000000,-0.073557,,-0.091820,0.000000,,,,0.108946,0.161669,1.500000,22.385550,27.873906,0.000000,circle,预设轨迹15,forward
1775478242.120560,20.088848,1775478263.870723|完整运动,完整运动,circle_orbit,1,1.000000,1.500000,1.500000,,,,,,,,,,,,,,,,1.292362,0.139725,1.242080,0.130995,0.000000,0.000000,-0.075407,,-0.092075,0.000000,,,,0.108116,0.161565,1.500000,22.411546,27.847911,0.000000,circle,预设轨迹15,forward
1775478242.142709,20.110996,1775478263.870723|完整运动,完整运动,circle_orbit,1,1.000000,1.500000,1.500000,,,,,,,,,,,,,,,,1.291480,0.137344,1.238555,0.119486,0.000000,0.000000,-0.079018,,-0.092417,0.000000,,,,0.106346,0.161454,1.500000,22.464274,27.795183,0.000000,circle,预设轨迹15,forward
1775478242.163692,20.131980,1775478263.870723|完整运动,完整运动,circle_orbit,1,1.000000,1.500000,1.500000,,,,,,,,,,,,,,,,1.290582,0.136296,1.236712,0.128439,0.000000,0.000000,-0.080828,,-0.092639,0.000000,,,,0.105608,0.161342,1.500000,22.491048,27.768408,0.000000,circle,预设轨迹15,forward
1775478242.188090,20.156377,1775478263.870723|完整运动,完整运动,circle_orbit,1,1.000000,1.500000,1.500000,,,,,,,,,,,,,,,,1.289699,0.136534,1.236712,0.138318,0.000000,0.000000,-0.080828,,-0.092639,0.000000,,,,0.105865,0.161232,1.500000,22.491048,27.768408,0.000000,circle,预设轨迹15,forward
1775478242.208531,20.176818,1775478263.870723|完整运动,完整运动,circle_orbit,1,1.000000,1.500000,1.500000,,,,,,,,,,,,,,,,1.288757,0.134177,1.232283,0.116500,0.000000,0.000000,-0.084465,,-0.093545,0.000000,,,,0.104114,0.161114,1.500000,22.544489,27.714967,0.000000,circle,预设轨迹15,forward
1775478242.235639,20.203926,1775478263.870723|完整运动,完整运动,circle_orbit,1,1.000000,1.500000,1.500000,,,,,,,,,,,,,,,,1.287786,0.133231,1.229480,0.126139,0.000000,0.000000,-0.086186,,-0.094419,0.000000,,,,0.103458,0.160993,1.500000,22.571092,27.688364,0.000000,circle,预设轨迹15,forward
1775478242.268281,20.236568,1775478263.870723|完整运动,完整运动,circle_orbit,1,1.000000,1.500000,1.500000,,,,,,,,,,,,,,,,1.286789,0.132369,1.226999,0.125896,0.000000,0.000000,-0.087799,,-0.095155,0.000000,,,,0.102867,0.160868,1.500000,22.597226,27.662231,0.000000,circle,预设轨迹15,forward
1775478242.301501,20.269788,1775478263.870723|完整运动,完整运动,circle_orbit,1,1.000000,1.500000,1.500000,,,,,,,,,,,,,,,,1.285770,0.129953,1.224620,0.111836,0.000000,0.000000,-0.091632,,-0.094722,0.000000,,,,0.101070,0.160741,1.500000,22.650061,27.609396,0.000000,circle,预设轨迹15,forward
1775478242.333891,20.302178,1775478263.870723|完整运动,完整运动,circle_orbit,1,1.000000,1.500000,1.500000,,,,,,,,,,,,,,,,1.284723,0.128926,1.221922,0.121222,0.000000,0.000000,-0.093584,,-0.095436,0.000000,,,,0.100353,0.160610,1.500000,22.676543,27.582914,0.000000,circle,预设轨迹15,forward
1775478242.368911,20.337198,1775478263.870723|完整运动,完整运动,circle_orbit,1,1.000000,1.500000,1.500000,,,,,,,,,,,,,,,,1.283591,0.126738,1.215677,0.110330,0.000000,0.000000,-0.097192,,-0.097573,0.000000,,,,0.098737,0.160468,1.500000,22.728906,27.530550,0.000000,circle,预设轨迹15,forward
1775478242.395686,20.363974,1775478263.870723|完整运动,完整运动,circle_orbit,1,1.000000,1.500000,1.500000,,,,,,,,,,,,,,,,1.282415,0.124561,1.211854,0.108235,0.000000,0.000000,-0.100863,,-0.098171,0.000000,,,,0.097130,0.160321,1.500000,22.780436,27.479021,0.000000,circle,预设轨迹15,forward
1775478242.419206,20.387493,1775478263.870723|完整运动,完整运动,circle_orbit,1,1.000000,1.500000,1.500000,,,,,,,,,,,,,,,,1.281193,0.122276,1.207817,0.105139,0.000000,0.000000,-0.104760,,-0.098807,0.000000,,,,0.095439,0.160168,1.500000,22.832566,27.426891,0.000000,circle,预设轨迹15,forward
1775478242.440189,20.408476,1775478263.870723|完整运动,完整运动,circle_orbit,1,1.000000,1.500000,1.500000,,,,,,,,,,,,,,,,1.279941,0.121497,1.204854,0.115656,0.000000,0.000000,-0.106589,,-0.099802,0.000000,,,,0.094924,0.160012,1.500000,22.858807,27.400649,0.000000,circle,预设轨迹15,forward
1775478242.468385,20.436672,1775478263.870723|完整运动,完整运动,circle_orbit,1,1.000000,1.500000,1.500000,,,,,,,,,,,,,,,,1.278710,0.121997,1.204854,0.125742,0.000000,0.000000,-0.106589,,-0.099802,0.000000,,,,0.095406,0.159858,1.500000,22.858807,27.400649,0.000000,circle,预设轨迹15,forward
1775478242.500668,20.468955,1775478263.870723|完整运动,完整运动,circle_orbit,1,1.000000,1.500000,1.500000,,,,,,,,,,,,,,,,1.277415,0.119791,1.199688,0.103249,0.000000,0.000000,-0.110353,,-0.101270,0.000000,,,,0.093776,0.159696,1.500000,22.910815,27.348642,0.000000,circle,预设轨迹15,forward
1775478242.540347,20.508634,1775478263.870723|完整运动,完整运动,circle_orbit,1,1.000000,1.500000,1.500000,,,,,,,,,,,,,,,,1.276086,0.117417,1.196340,0.099611,0.000000,0.000000,-0.114436,,-0.101415,0.000000,,,,0.092013,0.159530,1.500000,22.962668,27.296788,0.000000,circle,预设轨迹15,forward
1775478242.569363,20.537651,1775478263.870723|完整运动,完整运动,circle_orbit,1,1.000000,1.500000,1.500000,,,,,,,,,,,,,,,,1.274722,0.114734,1.192895,0.094613,0.000000,0.000000,-0.119043,,-0.101374,0.000000,,,,0.090007,0.159359,1.500000,23.014724,27.244733,0.000000,circle,预设轨迹15,forward
1775478242.591446,20.559733,1775478263.870723|完整运动,完整运动,circle_orbit,1,1.000000,1.500000,1.500000,,,,,,,,,,,,,,,,1.273342,0.113737,1.190566,0.106261,0.000000,0.000000,-0.121347,,-0.101760,0.000000,,,,0.089322,0.159187,1.500000,23.040619,27.218837,0.000000,circle,预设轨迹15,forward
1775478242.611838,20.580125,1775478263.870723|完整运动,完整运动,circle_orbit,1,1.000000,1.500000,1.500000,,,,,,,,,,,,,,,,1.271954,0.112836,1.188656,0.106072,0.000000,0.000000,-0.123515,,-0.101941,0.000000,,,,0.088710,0.159013,1.500000,23.066695,27.192761,0.000000,circle,预设轨迹15,forward
1775478242.632789,20.601076,1775478263.870723|完整运动,完整运动,circle_orbit,1,1.000000,1.500000,1.500000,,,,,,,,,,,,,,,,1.270562,0.112004,1.187045,0.105768,0.000000,0.000000,-0.125577,,-0.101980,0.000000,,,,0.088153,0.158839,1.500000,23.092869,27.166588,0.000000,circle,预设轨迹15,forward
1775478242.654503,20.622791,1775478263.870723|完整运动,完整运动,circle_orbit,1,1.000000,1.500000,1.500000,,,,,,,,,,,,,,,,1.269157,0.111106,1.184882,0.104366,0.000000,0.000000,-0.127727,,-0.102347,0.000000,,,,0.087543,0.158664,1.500000,23.118921,27.140536,0.000000,circle,预设轨迹15,forward
1775478242.681472,20.649759,1775478263.870723|完整运动,完整运动,circle_orbit,1,1.000000,1.500000,1.500000,,,,,,,,,,,,,,,,1.267707,0.108839,1.180708,0.091842,0.000000,0.000000,-0.131818,,-0.103098,0.000000,,,,0.085855,0.158482,1.500000,23.170853,27.088603,0.000000,circle,预设轨迹15,forward
1775478242.712200,20.680487,1775478263.870723|完整运动,完整运动,circle_orbit,1,1.000000,1.500000,1.500000,,,,,,,,,,,,,,,,1.266281,0.109501,1.180708,0.114465,0.000000,0.000000,-0.131818,,-0.103098,0.000000,,,,0.086475,0.158304,1.500000,23.170853,27.088603,0.000000,circle,预设轨迹15,forward
1775478242.733711,20.701998,1775478263.870723|完整运动,完整运动,circle_orbit,1,1.000000,1.500000,1.500000,,,,,,,,,,,,,,,,1.264825,0.107318,1.177480,0.090946,0.000000,0.000000,-0.135775,,-0.103297,0.000000,,,,0.084848,0.158122,1.500000,23.222562,27.036895,0.000000,circle,预设轨迹15,forward
1775478242.766768,20.735055,1775478263.870723|完整运动,完整运动,circle_orbit,1,1.000000,1.500000,1.500000,,,,,,,,,,,,,,,,1.263375,0.106500,1.176360,0.100362,0.000000,0.000000,-0.137865,,-0.103009,0.000000,,,,0.084298,0.157941,1.500000,23.248574,27.010883,0.000000,circle,预设轨迹15,forward
1775478242.805492,20.773780,1775478263.870723|完整运动,完整运动,circle_orbit,1,1.000000,1.500000,1.500000,,,,,,,,,,,,,,,,1.261889,0.104384,1.172736,0.088513,0.000000,0.000000,-0.141795,,-0.103506,0.000000,,,,0.082720,0.157755,1.500000,23.300557,26.958899,0.000000,circle,预设轨迹15,forward
1775478242.837774,20.806061,1775478263.870723|完整运动,完整运动,circle_orbit,1,1.000000,1.500000,1.500000,,,,,,,,,,,,,,,,1.260384,0.102359,1.170089,0.087172,0.000000,0.000000,-0.145665,,-0.103380,0.000000,,,,0.081212,0.157567,1.500000,23.352393,26.907064,0.000000,circle,预设轨迹15,forward
1775478242.858326,20.826614,1775478263.870723|完整运动,完整运动,circle_orbit,1,1.000000,1.500000,1.500000,,,,,,,,,,,,,,,,1.258864,0.099766,1.167675,0.080320,0.000000,0.000000,-0.150408,,-0.102665,0.000000,,,,0.079251,0.157377,1.500000,23.404439,26.855017,0.000000,circle,预设轨迹15,forward
1775478242.880267,20.848554,1775478263.870723|完整运动,完整运动,circle_orbit,1,1.000000,1.500000,1.500000,,,,,,,,,,,,,,,,1.257347,0.098916,1.166275,0.092540,0.000000,0.000000,-0.152762,,-0.102451,0.000000,,,,0.078670,0.157187,1.500000,23.430657,26.828799,0.000000,circle,预设轨迹15,forward
1775478242.912925,20.881212,1775478263.870723|完整运动,完整运动,circle_orbit,1,1.000000,1.500000,1.500000,,,,,,,,,,,,,,,,1.255828,0.098109,1.164700,0.092057,0.000000,0.000000,-0.155043,,-0.102397,0.000000,,,,0.078123,0.156997,1.500000,23.457054,26.802403,0.000000,circle,预设轨迹15,forward
1775478242.942020,20.910307,1775478263.870723|完整运动,完整运动,circle_orbit,1,1.000000,1.500000,1.500000,,,,,,,,,,,,,,,,1.254311,0.097369,1.163292,0.091822,0.000000,0.000000,-0.157217,,-0.102285,0.000000,,,,0.077628,0.156808,1.500000,23.483467,26.775990,0.000000,circle,预设轨迹15,forward
1775478242.964495,20.932782,1775478263.870723|完整运动,完整运动,circle_orbit,1,1.000000,1.500000,1.500000,,,,,,,,,,,,,,,,1.252800,0.096622,1.162124,0.091020,0.000000,0.000000,-0.159389,,-0.102009,0.000000,,,,0.077125,0.156619,1.500000,23.509754,26.749703,0.000000,circle,预设轨迹15,forward
1775478242.984799,20.953086,1775478263.870723|完整运动,完整运动,circle_orbit,1,1.000000,1.500000,1.500000,,,,,,,,,,,,,,,,1.251278,0.094529,1.160002,0.078824,0.000000,0.000000,-0.163468,,-0.101445,0.000000,,,,0.075546,0.156429,1.500000,23.561968,26.697489,0.000000,circle,预设轨迹15,forward
1775478243.011696,20.979983,1775478263.870723|完整运动,完整运动,circle_orbit,1,1.000000,1.500000,1.500000,,,,,,,,,,,,,,,,1.249782,0.095347,1.160002,0.101485,0.000000,0.000000,-0.163468,,-0.101445,0.000000,,,,0.076291,0.156241,1.500000,23.561968,26.697489,0.000000,circle,预设轨迹15,forward
1775478243.043807,21.012094,1775478263.870723|完整运动,完整运动,circle_orbit,1,1.000000,1.500000,1.500000,,,,,,,,,,,,,,,,1.248291,0.093398,1.158841,0.078777,0.000000,0.000000,-0.167311,,-0.100332,0.000000,,,,0.074820,0.156055,1.500000,23.614198,26.645259,0.000000,circle,预设轨迹15,forward
1775478243.080996,21.049284,1775478263.870723|完整运动,完整运动,circle_orbit,1,1.000000,1.500000,1.500000,,,,,,,,,,,,,,,,1.246804,0.091217,1.157604,0.074859,0.000000,0.000000,-0.171551,,-0.099076,0.000000,,,,0.073160,0.155869,1.500000,23.666367,26.593089,0.000000,circle,预设轨迹15,forward
1775478243.112914,21.081201,1775478263.870723|完整运动,完整运动,circle_orbit,1,1.000000,1.500000,1.500000,,,,,,,,,,,,,,,,1.245315,0.089480,1.155962,0.076456,0.000000,0.000000,-0.175233,,-0.098386,0.000000,,,,0.071853,0.155683,1.500000,23.717844,26.541612,0.000000,circle,预设轨迹15,forward
1775478243.146314,21.114601,1775478263.870723|完整运动,完整运动,circle_orbit,1,1.000000,1.500000,1.500000,,,,,,,,,,,,,,,,1.243838,0.089028,1.155208,0.085641,0.000000,0.000000,-0.177132,,-0.097965,0.000000,,,,0.071575,0.155498,1.500000,23.743281,26.516176,0.000000,circle,预设轨迹15,forward
1775478243.181115,21.149402,1775478263.870723|完整运动,完整运动,circle_orbit,1,1.000000,1.500000,1.500000,,,,,,,,,,,,,,,,1.242360,0.087087,1.153665,0.072529,0.000000,0.000000,-0.181125,,-0.097055,0.000000,,,,0.070098,0.155314,1.500000,23.794450,26.465006,0.000000,circle,预设轨迹15,forward
1775478243.203268,21.171556,1775478263.870723|完整运动,完整运动,circle_orbit,1,1.000000,1.500000,1.500000,,,,,,,,,,,,,,,,1.240854,0.085567,1.150509,0.074169,0.000000,0.000000,-0.184573,,-0.097559,0.000000,,,,0.068958,0.155125,1.500000,23.845212,26.414244,0.000000,circle,预设轨迹15,forward
1775478243.225282,21.193569,1775478263.870723|完整运动,完整运动,circle_orbit,1,1.000000,1.500000,1.500000,,,,,,,,,,,,,,,,1.239358,0.085272,1.149612,0.083057,0.000000,0.000000,-0.186309,,-0.097327,0.000000,,,,0.068803,0.154938,1.500000,23.870374,26.389083,0.000000,circle,预设轨迹15,forward
1775478243.254036,21.222323,1775478263.870723|完整运动,完整运动,circle_orbit,1,1.000000,1.500000,1.500000,,,,,,,,,,,,,,,,1.237879,0.084865,1.149101,0.081808,0.000000,0.000000,-0.188168,,-0.096760,0.000000,,,,0.068556,0.154753,1.500000,23.895427,26.364030,0.000000,circle,预设轨迹15,forward
1775478243.289959,21.258246,1775478263.870723|完整运动,完整运动,circle_orbit,1,1.000000,1.500000,1.500000,,,,,,,,,,,,,,,,1.236423,0.084467,1.149058,0.081482,0.000000,0.000000,-0.189988,,-0.095880,0.000000,,,,0.068315,0.154571,1.500000,23.921007,26.338450,0.000000,circle,预设轨迹15,forward
1775478243.323245,21.291532,1775478263.870723|完整运动,完整运动,circle_orbit,1,1.000000,1.500000,1.500000,,,,,,,,,,,,,,,,1.234973,0.082881,1.148012,0.070986,0.000000,0.000000,-0.193475,,-0.094880,0.000000,,,,0.067111,0.154390,1.500000,23.972499,26.286958,0.000000,circle,预设轨迹15,forward
1775478243.354769,21.323056,1775478263.870723|完整运动,完整运动,circle_orbit,1,1.000000,1.500000,1.500000,,,,,,,,,,,,,,,,1.233534,0.081400,1.147196,0.070292,0.000000,0.000000,-0.196858,,-0.093769,0.000000,,,,0.065989,0.154210,1.500000,24.024010,26.235446,0.000000,circle,预设轨迹15,forward
1775478243.376696,21.344984,1775478263.870723|完整运动,完整运动,circle_orbit,1,1.000000,1.500000,1.500000,,,,,,,,,,,,,,,,1.232106,0.081181,1.146430,0.079540,0.000000,0.000000,-0.198480,,-0.093504,0.000000,,,,0.065888,0.154032,1.500000,24.049827,26.209630,0.000000,circle,预设轨迹15,forward
1775478243.398053,21.366340,1775478263.870723|完整运动,完整运动,circle_orbit,1,1.000000,1.500000,1.500000,,,,,,,,,,,,,,,,1.230699,0.079993,1.146260,0.071084,0.000000,0.000000,-0.201449,,-0.092141,0.000000,,,,0.064998,0.153856,1.500000,24.101638,26.157819,0.000000,circle,预设轨迹15,forward
1775478243.426529,21.394816,1775478263.870723|完整运动,完整运动,circle_orbit,1,1.000000,1.500000,1.500000,,,,,,,,,,,,,,,,1.229315,0.080904,1.146260,0.087739,0.000000,0.000000,-0.201449,,-0.092141,0.000000,,,,0.065812,0.153683,1.500000,24.101638,26.157819,0.000000,circle,预设轨迹15,forward
1775478243.459763,21.428051,1775478263.870723|完整运动,完整运动,circle_orbit,1,1.000000,1.500000,1.500000,,,,,,,,,,,,,,,,1.227969,0.079855,1.147196,0.071981,0.000000,0.000000,-0.204149,,-0.090123,0.000000,,,,0.065030,0.153514,1.500000,24.153356,26.106100,0.000000,circle,预设轨迹15,forward
1775478243.480482,21.448769,1775478263.870723|完整运动,完整运动,circle_orbit,1,1.000000,1.500000,1.500000,,,,,,,,,,,,,,,,1.226655,0.078897,1.147826,0.071718,0.000000,0.000000,-0.206742,,-0.088378,0.000000,,,,0.064319,0.153350,1.500000,24.204878,26.054578,0.000000,circle,预设轨迹15,forward
1775478243.502728,21.471015,1775478263.870723|完整运动,完整运动,circle_orbit,1,1.000000,1.500000,1.500000,,,,,,,,,,,,,,,,1.225352,0.078895,1.147177,0.078874,0.000000,0.000000,-0.207988,,-0.088217,0.000000,,,,0.064385,0.153187,1.500000,24.230479,26.028977,0.000000,circle,预设轨迹15,forward
1775478243.537796,21.506083,1775478263.870723|完整运动,完整运动,circle_orbit,1,1.000000,1.500000,1.500000,,,,,,,,,,,,,,,,1.224073,0.077673,1.147359,0.068508,0.000000,0.000000,-0.210934,,-0.086614,0.000000,,,,0.063454,0.153028,1.500000,24.281584,25.977873,0.000000,circle,预设轨迹15,forward
1775478243.566483,21.534771,1775478263.870723|完整运动,完整运动,circle_orbit,1,1.000000,1.500000,1.500000,,,,,,,,,,,,,,,,1.222816,0.078541,1.147359,0.085054,0.000000,0.000000,-0.210934,,-0.086614,0.000000,,,,0.064230,0.152870,1.500000,24.281584,25.977873,0.000000,circle,预设轨迹15,forward
1775478243.605067,21.573354,1775478263.870723|完整运动,完整运动,circle_orbit,1,1.000000,1.500000,1.500000,,,,,,,,,,,,,,,,1.221583,0.075806,1.147598,0.055290,0.000000,0.000000,-0.215985,,-0.083918,0.000000,,,,0.062055,0.152716,1.500000,24.358151,25.901305,0.000000,circle,预设轨迹15,forward
1775478243.640749,21.609037,1775478263.870723|完整运动,完整运动,circle_orbit,1,1.000000,1.500000,1.500000,,,,,,,,,,,,,,,,1.220363,0.075379,1.147214,0.072176,0.000000,0.000000,-0.217872,,-0.083248,0.000000,,,,0.061767,0.152564,1.500000,24.383396,25.876060,0.000000,circle,预设轨迹15,forward
1775478243.675814,21.644102,1775478263.870723|完整运动,完整运动,circle_orbit,1,1.000000,1.500000,1.500000,,,,,,,,,,,,,,,,1.219158,0.074049,1.146831,0.064074,0.000000,0.000000,-0.221032,,-0.081941,0.000000,,,,0.060738,0.152413,1.500000,24.433903,25.825554,0.000000,circle,预设轨迹15,forward
1775478243.706718,21.675005,1775478263.870723|完整运动,完整运动,circle_orbit,1,1.000000,1.500000,1.500000,,,,,,,,,,,,,,,,1.217980,0.073956,1.147292,0.073264,0.000000,0.000000,-0.222469,,-0.080894,0.000000,,,,0.060720,0.152266,1.500000,24.459466,25.799990,0.000000,circle,预设轨迹15,forward
1775478243.745534,21.713822,1775478263.870723|完整运动,完整运动,circle_orbit,1,1.000000,1.500000,1.500000,,,,,,,,,,,,,,,,1.216829,0.072828,1.147758,0.064370,0.000000,0.000000,-0.225351,,-0.079121,0.000000,,,,0.059851,0.152122,1.500000,24.510427,25.749030,0.000000,circle,预设轨迹15,forward
1775478243.776815,21.745102,1775478263.870723|完整运动,完整运动,circle_orbit,1,1.000000,1.500000,1.500000,,,,,,,,,,,,,,,,1.215705,0.072041,1.148259,0.066132,0.000000,0.000000,-0.227780,,-0.077550,0.000000,,,,0.059258,0.151981,1.500000,24.560961,25.698495,0.000000,circle,预设轨迹15,forward
1775478243.818448,21.786735,1775478263.870723|完整运动,完整运动,circle_orbit,1,1.000000,1.500000,1.500000,,,,,,,,,,,,,,,,1.214635,0.071691,1.150449,0.069066,0.000000,0.000000,-0.229600,,-0.075085,0.000000,,,,0.059022,0.151848,1.500000,24.611727,25.647730,0.000000,circle,预设轨迹15,forward
1775478243.844728,21.813016,1775478263.870723|完整运动,完整运动,circle_orbit,1,1.000000,1.500000,1.500000,,,,,,,,,,,,,,,,1.213608,0.071482,1.151985,0.069915,0.000000,0.000000,-0.231207,,-0.073195,0.000000,,,,0.058900,0.151719,1.500000,24.661910,25.597546,0.000000,circle,预设轨迹15,forward
1775478243.871592,21.839879,1775478263.870723|完整运动,完整运动,circle_orbit,1,1.000000,1.500000,1.500000,,,,,,,,,,,,,,,,1.212598,0.072383,1.151985,0.079146,0.000000,0.000000,-0.231207,,-0.073195,0.000000,,,,0.059693,0.151593,1.500000,24.661910,25.597546,0.000000,circle,预设轨迹15,forward
1775478243.893800,21.862088,1775478263.870723|完整运动,完整运动,circle_orbit,1,1.000000,1.500000,1.500000,,,,,,,,,,,,,,,,1.211652,0.072117,1.154913,0.070116,0.000000,0.000000,-0.232795,,-0.070338,0.000000,,,,0.059519,0.151475,1.500000,24.711880,25.547577,0.000000,circle,预设轨迹15,forward
1775478243.914925,21.883212,1775478263.870723|完整运动,完整运动,circle_orbit,1,1.000000,1.500000,1.500000,,,,,,,,,,,,,,,,1.210751,0.072143,1.156698,0.072339,0.000000,0.000000,-0.233957,,-0.068504,0.000000,,,,0.059585,0.151362,1.500000,24.737031,25.522426,0.000000,circle,预设轨迹15,forward
1775478243.939928,21.908216,1775478263.870723|完整运动,完整运动,circle_orbit,1,1.000000,1.500000,1.500000,,,,,,,,,,,,,,,,1.209870,0.072157,1.157034,0.072264,0.000000,0.000000,-0.235108,,-0.067693,0.000000,,,,0.059640,0.151252,1.500000,24.762071,25.497386,0.000000,circle,预设轨迹15,forward
1775478243.960278,21.928565,1775478263.870723|完整运动,完整运动,circle_orbit,1,1.000000,1.500000,1.500000,,,,,,,,,,,,,,,,1.209011,0.071264,1.157442,0.064565,0.000000,0.000000,-0.237528,,-0.066197,0.000000,,,,0.058944,0.151144,1.500000,24.812452,25.447004,0.000000,circle,预设轨迹15,forward
1775478243.982135,21.950422,1775478263.870723|完整运动,完整运动,circle_orbit,1,1.000000,1.500000,1.500000,,,,,,,,,,,,,,,,1.208166,0.072088,1.157442,0.078265,0.000000,0.000000,-0.237528,,-0.066197,0.000000,,,,0.059667,0.151039,1.500000,24.812452,25.447004,0.000000,circle,预设轨迹15,forward
1775478244.015682,21.983969,1775478263.870723|完整运动,完整运动,circle_orbit,1,1.000000,1.500000,1.500000,,,,,,,,,,,,,,,,1.207341,0.070923,1.157886,0.062185,0.000000,0.000000,-0.240292,,-0.064505,0.000000,,,,0.058743,0.150936,1.500000,24.862664,25.396793,0.000000,circle,预设轨迹15,forward
1775478244.047426,22.015714,1775478263.870723|完整运动,完整运动,circle_orbit,1,1.000000,1.500000,1.500000,,,,,,,,,,,,,,,,1.206542,0.069815,1.158575,0.061505,0.000000,0.000000,-0.243023,,-0.062658,0.000000,,,,0.057863,0.150836,1.500000,24.912737,25.346720,0.000000,circle,预设轨迹15,forward
1775478244.077035,22.045322,1775478263.870723|完整运动,完整运动,circle_orbit,1,1.000000,1.500000,1.500000,,,,,,,,,,,,,,,,1.205766,0.069890,1.159195,0.070454,0.000000,0.000000,-0.244112,,-0.061680,0.000000,,,,0.057963,0.150739,1.500000,24.937748,25.321709,0.000000,circle,预设轨迹15,forward
1775478244.097793,22.066080,1775478263.870723|完整运动,完整运动,circle_orbit,1,1.000000,1.500000,1.500000,,,,,,,,,,,,,,,,1.205024,0.069270,1.160511,0.064619,0.000000,0.000000,-0.246166,,-0.059736,0.000000,,,,0.057484,0.150646,1.500000,24.988077,25.271380,0.000000,circle,预设轨迹15,forward
1775478244.118355,22.086642,1775478263.870723|完整运动,完整运动,circle_orbit,1,1.000000,1.500000,1.500000,,,,,,,,,,,,,,,,1.204306,0.069350,1.161254,0.069949,0.000000,0.000000,-0.247237,,-0.058684,0.000000,,,,0.057585,0.150556,1.500000,25.013293,25.246163,0.000000,circle,预设轨迹15,forward
1775478244.150179,22.118466,1775478263.870723|完整运动,完整运动,circle_orbit,1,1.000000,1.500000,1.500000,,,,,,,,,,,,,,,,1.203600,0.070160,1.161254,0.076240,0.000000,0.000000,-0.247237,,-0.058684,0.000000,,,,0.058292,0.150468,1.500000,25.013293,25.246163,0.000000,circle,预设轨迹15,forward
1775478244.171252,22.139539,1775478263.870723|完整运动,完整运动,circle_orbit,1,1.000000,1.500000,1.500000,,,,,,,,,,,,,,,,1.202940,0.069568,1.163322,0.065128,0.000000,0.000000,-0.249173,,-0.056281,0.000000,,,,0.057832,0.150386,1.500000,25.064061,25.195395,0.000000,circle,预设轨迹15,forward
1775478244.192325,22.160612,1775478263.870723|完整运动,完整运动,circle_orbit,1,1.000000,1.500000,1.500000,,,,,,,,,,,,,,,,1.202313,0.069748,1.164696,0.071095,0.000000,0.000000,-0.250029,,-0.054901,0.000000,,,,0.058011,0.150307,1.500000,25.089743,25.169714,0.000000,circle,预设轨迹15,forward
1775478244.214941,22.183228,1775478263.870723|完整运动,完整运动,circle_orbit,1,1.000000,1.500000,1.500000,,,,,,,,,,,,,,,,1.201711,0.070049,1.165567,0.072311,0.000000,0.000000,-0.250684,,-0.053973,0.000000,,,,0.058291,0.150232,1.500000,25.115545,25.143911,0.000000,circle,预设轨迹15,forward
1775478244.237570,22.205857,1775478263.870723|完整运动,完整运动,circle_orbit,1,1.000000,1.500000,1.500000,,,,,,,,,,,,,,,,1.201143,0.070273,1.167056,0.071954,0.000000,0.000000,-0.251418,,-0.052580,0.000000,,,,0.058505,0.150161,1.500000,25.141517,25.117940,0.000000,circle,预设轨迹15,forward
1775478244.258092,22.226379,1775478263.870723|完整运动,完整运动,circle_orbit,1,1.000000,1.500000,1.500000,,,,,,,,,,,,,,,,1.200645,0.070088,1.170808,0.068697,0.000000,0.000000,-0.252717,,-0.049355,0.000000,,,,0.058375,0.150099,1.500000,25.193200,25.066257,0.000000,circle,预设轨迹15,forward
1775478244.289108,22.257396,1775478263.870723|完整运动,完整运动,circle_orbit,1,1.000000,1.500000,1.500000,,,,,,,,,,,,,,,,1.200156,0.070812,1.170808,0.076238,0.000000,0.000000,-0.252717,,-0.049355,0.000000,,,,0.059002,0.150038,1.500000,25.193200,25.066257,0.000000,circle,预设轨迹15,forward
1775478244.321018,22.289305,1775478263.870723|完整运动,完整运动,circle_orbit,1,1.000000,1.500000,1.500000,,,,,,,,,,,,,,,,1.199756,0.070521,1.175723,0.068342,0.000000,0.000000,-0.254120,,-0.045306,0.000000,,,,0.058779,0.149987,1.500000,25.244283,25.015174,0.000000,circle,预设轨迹15,forward
1775478244.348463,22.316751,1775478263.870723|完整运动,完整运动,circle_orbit,1,1.000000,1.500000,1.500000,,,,,,,,,,,,,,,,1.199421,0.070016,1.179359,0.066225,0.000000,0.000000,-0.255846,,-0.041985,0.000000,,,,0.058374,0.149946,1.500000,25.294605,24.964852,0.000000,circle,预设轨迹15,forward
1775478244.371095,22.339382,1775478263.870723|完整运动,完整运动,circle_orbit,1,1.000000,1.500000,1.500000,,,,,,,,,,,,,,,,1.199105,0.070316,1.180141,0.072570,0.000000,0.000000,-0.256444,,-0.041159,0.000000,,,,0.058640,0.149906,1.500000,25.319505,24.939952,0.000000,circle,预设轨迹15,forward
1775478244.393412,22.361699,1775478263.870723|完整运动,完整运动,circle_orbit,1,1.000000,1.500000,1.500000,,,,,,,,,,,,,,,,1.198814,0.070695,1.181309,0.073541,0.000000,0.000000,-0.256902,,-0.040145,0.000000,,,,0.058971,0.149870,1.500000,25.344249,24.915208,0.000000,circle,预设轨迹15,forward
1775478244.428848,22.397135,1775478263.870723|完整运动,完整运动,circle_orbit,1,1.000000,1.500000,1.500000,,,,,,,,,,,,,,,,1.198555,0.070946,1.183015,0.072825,0.000000,0.000000,-0.257516,,-0.038693,0.000000,,,,0.059193,0.149837,1.500000,25.368642,24.890814,0.000000,circle,预设轨迹15,forward
1775478244.450750,22.419037,1775478263.870723|完整运动,完整运动,circle_orbit,1,1.000000,1.500000,1.500000,,,,,,,,,,,,,,,,1.198346,0.070981,1.185834,0.071247,0.000000,0.000000,-0.258420,,-0.036357,0.000000,,,,0.059233,0.149811,1.500000,25.417455,24.842002,0.000000,circle,预设轨迹15,forward
1775478244.472256,22.440544,1775478263.870723|完整运动,完整运动,circle_orbit,1,1.000000,1.500000,1.500000,,,,,,,,,,,,,,,,1.198166,0.071489,1.187391,0.075297,0.000000,0.000000,-0.258645,,-0.035208,0.000000,,,,0.059665,0.149789,1.500000,25.441987,24.817469,0.000000,circle,预设轨迹15,forward
1775478244.500861,22.469148,1775478263.870723|完整运动,完整运动,circle_orbit,1,1.000000,1.500000,1.500000,,,,,,,,,,,,,,,,1.198015,0.072085,1.188922,0.076555,0.000000,0.000000,-0.258710,,-0.034159,0.000000,,,,0.060170,0.149770,1.500000,25.466657,24.792800,0.000000,circle,预设轨迹15,forward
1775478244.532750,22.501037,1775478263.870723|完整运动,完整运动,circle_orbit,1,1.000000,1.500000,1.500000,,,,,,,,,,,,,,,,1.197926,0.072741,1.192575,0.077660,0.000000,0.000000,-0.258659,,-0.031769,0.000000,,,,0.060722,0.149759,1.500000,25.516072,24.743385,0.000000,circle,预设轨迹15,forward
1775478244.567834,22.536121,1775478263.870723|完整运动,完整运动,circle_orbit,1,1.000000,1.500000,1.500000,,,,,,,,,,,,,,,,1.197873,0.073266,1.194735,0.077201,0.000000,0.000000,-0.258757,,-0.030299,0.000000,,,,0.061163,0.149752,1.500000,25.540839,24.718617,0.000000,circle,预设轨迹15,forward
1775478244.588591,22.556878,1775478263.870723|完整运动,完整运动,circle_orbit,1,1.000000,1.500000,1.500000,,,,,,,,,,,,,,,,1.197882,0.073859,1.198372,0.078309,0.000000,0.000000,-0.258735,,-0.027928,0.000000,,,,0.061658,0.149753,1.500000,25.590542,24.668914,0.000000,circle,预设轨迹15,forward
1775478244.609564,22.577851,1775478263.870723|完整运动,完整运动,circle_orbit,1,1.000000,1.500000,1.500000,,,,,,,,,,,,,,,,1.197929,0.074448,1.200783,0.078867,0.000000,0.000000,-0.258689,,-0.026381,0.000000,,,,0.062147,0.149759,1.500000,25.615525,24.643931,0.000000,circle,预设轨迹15,forward
1775478244.640691,22.608978,1775478263.870723|完整运动,完整运动,circle_orbit,1,1.000000,1.500000,1.500000,,,,,,,,,,,,,,,,1.198015,0.074932,1.203164,0.078556,0.000000,0.000000,-0.258766,,-0.024797,0.000000,,,,0.062546,0.149770,1.500000,25.640425,24.619031,0.000000,circle,预设轨迹15,forward
1775478244.674238,22.642525,1775478263.870723|完整运动,完整运动,circle_orbit,1,1.000000,1.500000,1.500000,,,,,,,,,,,,,,,,1.198171,0.075323,1.207518,0.078257,0.000000,0.000000,-0.258960,,-0.021890,0.000000,,,,0.062865,0.149789,1.500000,25.690228,24.569228,0.000000,circle,预设轨迹15,forward
1775478244.701331,22.669619,1775478263.870723|完整运动,完整运动,circle_orbit,1,1.000000,1.500000,1.500000,,,,,,,,,,,,,,,,1.198359,0.075728,1.209666,0.078764,0.000000,0.000000,-0.259121,,-0.020431,0.000000,,,,0.063193,0.149813,1.500000,25.715176,24.544281,0.000000,circle,预设轨迹15,forward
1775478244.721661,22.689948,1775478263.870723|完整运动,完整运动,circle_orbit,1,1.000000,1.500000,1.500000,,,,,,,,,,,,,,,,1.198599,0.076205,1.213005,0.079784,0.000000,0.000000,-0.259167,,-0.018275,0.000000,,,,0.063578,0.149843,1.500000,25.765125,24.494332,0.000000,circle,预设轨迹15,forward
1775478244.748956,22.717243,1775478263.870723|完整运动,完整运动,circle_orbit,1,1.000000,1.500000,1.500000,,,,,,,,,,,,,,,,1.198862,0.076827,1.214634,0.081496,0.000000,0.000000,-0.258987,,-0.017328,0.000000,,,,0.064083,0.149876,1.500000,25.790333,24.469123,0.000000,circle,预设轨迹15,forward
1775478244.782404,22.750691,1775478263.870723|完整运动,完整运动,circle_orbit,1,1.000000,1.500000,1.500000,,,,,,,,,,,,,,,,1.199148,0.077431,1.216300,0.081957,0.000000,0.000000,-0.258807,,-0.016361,0.000000,,,,0.064571,0.149911,1.500000,25.815630,24.443826,0.000000,circle,预设轨迹15,forward
1775478244.815805,22.784092,1775478263.870723|完整运动,完整运动,circle_orbit,1,1.000000,1.500000,1.500000,,,,,,,,,,,,,,,,1.199483,0.078316,1.219570,0.084956,0.000000,0.000000,-0.258204,,-0.014596,0.000000,,,,0.065291,0.149953,1.500000,25.865730,24.393726,0.000000,circle,预设轨迹15,forward
1775478244.857355,22.825643,1775478263.870723|完整运动,完整运动,circle_orbit,1,1.000000,1.500000,1.500000,,,,,,,,,,,,,,,,1.199850,0.078896,1.221858,0.083246,0.000000,0.000000,-0.257997,,-0.013260,0.000000,,,,0.065755,0.149999,1.500000,25.890401,24.369055,0.000000,circle,预设轨迹15,forward
1775478244.878067,22.846354,1775478263.870723|完整运动,完整运动,circle_orbit,1,1.000000,1.500000,1.500000,,,,,,,,,,,,,,,,1.200311,0.080119,1.228015,0.089288,0.000000,0.000000,-0.256865,,-0.009979,0.000000,,,,0.066748,0.150057,1.500000,25.964693,24.294763,0.000000,circle,预设轨迹15,forward
1775478244.902131,22.870419,1775478263.870723|完整运动,完整运动,circle_orbit,1,1.000000,1.500000,1.500000,,,,,,,,,,,,,,,,1.200796,0.080890,1.229857,0.086675,0.000000,0.000000,-0.256319,,-0.009109,0.000000,,,,0.067364,0.150117,1.500000,25.989593,24.269864,0.000000,circle,预设轨迹15,forward
1775478244.940495,22.908782,1775478263.870723|完整运动,完整运动,circle_orbit,1,1.000000,1.500000,1.500000,,,,,,,,,,,,,,,,1.201298,0.081703,1.231426,0.087805,0.000000,0.000000,-0.255683,,-0.008456,0.000000,,,,0.068013,0.150180,1.500000,26.014132,24.245325,0.000000,circle,预设轨迹15,forward
1775478244.964365,22.932652,1775478263.870723|完整运动,完整运动,circle_orbit,1,1.000000,1.500000,1.500000,,,,,,,,,,,,,,,,1.201858,0.082872,1.235450,0.091637,0.000000,0.000000,-0.254517,,-0.006559,0.000000,,,,0.068953,0.150250,1.500000,26.063191,24.196265,0.000000,circle,预设轨迹15,forward
1775478244.985790,22.954077,1775478263.870723|完整运动,完整运动,circle_orbit,1,1.000000,1.500000,1.500000,,,,,,,,,,,,,,,,1.202441,0.083591,1.237411,0.088983,0.000000,0.000000,-0.253944,,-0.005644,0.000000,,,,0.069518,0.150323,1.500000,26.087802,24.171654,0.000000,circle,预设轨迹15,forward
1775478245.014720,22.983007,1775478263.870723|完整运动,完整运动,circle_orbit,1,1.000000,1.500000,1.500000,,,,,,,,,,,,,,,,1.203051,0.084195,1.239650,0.088725,0.000000,0.000000,-0.253513,,-0.004490,0.000000,,,,0.069985,0.150399,1.500000,26.112631,24.146825,0.000000,circle,预设轨迹15,forward
1775478245.035933,23.004221,1775478263.870723|完整运动,完整运动,circle_orbit,1,1.000000,1.500000,1.500000,,,,,,,,,,,,,,,,1.203686,0.084832,1.241801,0.089614,0.000000,0.000000,-0.253023,,-0.003425,0.000000,,,,0.070477,0.150479,1.500000,26.137481,24.121976,0.000000,circle,预设轨迹15,forward
1775478245.062665,23.030952,1775478263.870723|完整运动,完整运动,circle_orbit,1,1.000000,1.500000,1.500000,,,,,,,,,,,,,,,,1.204343,0.085512,1.243784,0.090610,0.000000,0.000000,-0.252457,,-0.002505,0.000000,,,,0.071003,0.150561,1.500000,26.162405,24.097052,0.000000,circle,预设轨迹15,forward
1775478245.091517,23.059804,1775478263.870723|完整运动,完整运动,circle_orbit,1,1.000000,1.500000,1.500000,,,,,,,,,,,,,,,,1.205062,0.086784,1.248200,0.096327,0.000000,0.000000,-0.251034,,-0.000549,0.000000,,,,0.072017,0.150651,1.500000,26.212579,24.046877,0.000000,circle,预设轨迹15,forward
1775478245.129214,23.097501,1775478263.870723|完整运动,完整运动,circle_orbit,1,1.000000,1.500000,1.500000,,,,,,,,,,,,,,,,1.205782,0.087592,1.248954,0.093647,0.000000,0.000000,-0.250224,,0.000501,0.000000,,,,0.072643,0.150741,1.500000,26.237883,24.021574,0.000000,circle,预设轨迹15,forward
1775478245.163378,23.131665,1775478263.870723|完整运动,完整运动,circle_orbit,1,1.000000,1.500000,1.500000,,,,,,,,,,,,,,,,1.206457,0.088879,1.246980,0.098533,0.000000,0.000000,-0.248713,,0.002445,0.000000,,,,0.073669,0.150825,1.500000,26.288551,23.970906,0.000000,circle,预设轨迹15,forward
1775478245.186872,23.155159,1775478263.870723|完整运动,完整运动,circle_orbit,1,1.000000,1.500000,1.500000,,,,,,,,,,,,,,,,1.207102,0.089517,1.245817,0.094303,0.000000,0.000000,-0.248076,,0.003465,0.000000,,,,0.074159,0.150906,1.500000,26.313808,23.945649,0.000000,circle,预设轨迹15,forward
1775478245.216128,23.184416,1775478263.870723|完整运动,完整运动,circle_orbit,1,1.000000,1.500000,1.500000,,,,,,,,,,,,,,,,1.207695,0.090537,1.243287,0.098188,0.000000,0.000000,-0.246891,,0.005589,0.000000,,,,0.074967,0.150980,1.500000,26.364753,23.894704,0.000000,circle,预设轨迹15,forward
1775478245.237832,23.206119,1775478263.870723|完整运动,完整运动,circle_orbit,1,1.000000,1.500000,1.500000,,,,,,,,,,,,,,,,1.208243,0.091373,1.241089,0.097641,0.000000,0.000000,-0.245938,,0.007401,0.000000,,,,0.075625,0.151048,1.500000,26.415199,23.844258,0.000000,circle,预设轨迹15,forward
1775478245.268320,23.236608,1775478263.870723|完整运动,完整运动,circle_orbit,1,1.000000,1.500000,1.500000,,,,,,,,,,,,,,,,1.208781,0.091522,1.241089,0.092640,0.000000,0.000000,-0.245938,,0.007401,0.000000,,,,0.075714,0.151116,1.500000,26.415199,23.844258,0.000000,circle,预设轨迹15,forward
1775478245.311065,23.279352,1775478263.870723|完整运动,完整运动,circle_orbit,1,1.000000,1.500000,1.500000,,,,,,,,,,,,,,,,1.209284,0.092436,1.239429,0.099290,0.000000,0.000000,-0.244870,,0.008947,0.000000,,,,0.076438,0.151179,1.500000,26.465516,23.793940,0.000000,circle,预设轨迹15,forward
1775478245.347328,23.315615,1775478263.870723|完整运动,完整运动,circle_orbit,1,1.000000,1.500000,1.500000,,,,,,,,,,,,,,,,1.209767,0.093621,1.238788,0.102507,0.000000,0.000000,-0.243389,,0.010079,0.000000,,,,0.077387,0.151239,1.500000,26.515776,23.743680,0.000000,circle,预设轨迹15,forward
1775478245.376652,23.344939,1775478263.870723|完整运动,完整运动,circle_orbit,1,1.000000,1.500000,1.500000,,,,,,,,,,,,,,,,1.210237,0.094849,1.238439,0.104064,0.000000,0.000000,-0.241804,,0.011085,0.000000,,,,0.078372,0.151298,1.500000,26.565704,23.693753,0.000000,circle,预设轨迹15,forward
1775478245.399025,23.367312,1775478263.870723|完整运动,完整运动,circle_orbit,1,1.000000,1.500000,1.500000,,,,,,,,,,,,,,,,1.210695,0.095606,1.238171,0.101285,0.000000,0.000000,-0.240846,,0.011728,0.000000,,,,0.078968,0.151355,1.500000,26.590881,23.668575,0.000000,circle,预设轨迹15,forward
1775478245.420106,23.388394,1775478263.870723|完整运动,完整运动,circle_orbit,1,1.000000,1.500000,1.500000,,,,,,,,,,,,,,,,1.211129,0.097251,1.237165,0.109586,0.000000,0.000000,-0.238613,,0.013460,0.000000,,,,0.080298,0.151409,1.500000,26.641510,23.617947,0.000000,circle,预设轨迹15,forward
1775478245.452621,23.420908,1775478263.870723|完整运动,完整运动,circle_orbit,1,1.000000,1.500000,1.500000,,,,,,,,,,,,,,,,1.211554,0.098153,1.237006,0.104914,0.000000,0.000000,-0.237372,,0.014178,0.000000,,,,0.081014,0.151462,1.500000,26.666716,23.592740,0.000000,circle,预设轨迹15,forward
1775478245.473409,23.441696,1775478263.870723|完整运动,完整运动,circle_orbit,1,1.000000,1.500000,1.500000,,,,,,,,,,,,,,,,1.211969,0.099080,1.236868,0.106035,0.000000,0.000000,-0.236073,,0.014912,0.000000,,,,0.081751,0.151514,1.500000,26.691827,23.567629,0.000000,circle,预设轨迹15,forward
1775478245.495441,23.463728,1775478263.870723|完整运动,完整运动,circle_orbit,1,1.000000,1.500000,1.500000,,,,,,,,,,,,,,,,1.212369,0.099951,1.236371,0.106483,0.000000,0.000000,-0.234832,,0.015838,0.000000,,,,0.082443,0.151564,1.500000,26.717027,23.542430,0.000000,circle,预设轨迹15,forward
1775478245.532226,23.500513,1775478263.870723|完整运动,完整运动,circle_orbit,1,1.000000,1.500000,1.500000,,,,,,,,,,,,,,,,1.212747,0.100732,1.235427,0.106586,0.000000,0.000000,-0.233701,,0.016982,0.000000,,,,0.083061,0.151611,1.500000,26.742222,23.517235,0.000000,circle,预设轨迹15,forward
1775478245.564595,23.532882,1775478263.870723|完整运动,完整运动,circle_orbit,1,1.000000,1.500000,1.500000,,,,,,,,,,,,,,,,1.213084,0.102050,1.233325,0.111940,0.000000,0.000000,-0.231797,,0.019228,0.000000,,,,0.084125,0.151654,1.500000,26.793352,23.466104,0.000000,circle,预设轨迹15,forward
1775478245.600120,23.568407,1775478263.870723|完整运动,完整运动,circle_orbit,1,1.000000,1.500000,1.500000,,,,,,,,,,,,,,,,1.213398,0.103322,1.232221,0.112858,0.000000,0.000000,-0.229918,,0.020848,0.000000,,,,0.085151,0.151693,1.500000,26.844551,23.414905,0.000000,circle,预设轨迹15,forward
1775478245.634621,23.602908,1775478263.870723|完整运动,完整运动,circle_orbit,1,1.000000,1.500000,1.500000,,,,,,,,,,,,,,,,1.213681,0.104491,1.230688,0.113261,0.000000,0.000000,-0.228148,,0.022681,0.000000,,,,0.086094,0.151728,1.500000,26.895454,23.364002,0.000000,circle,预设轨迹15,forward
1775478245.657744,23.626031,1775478263.870723|完整运动,完整运动,circle_orbit,1,1.000000,1.500000,1.500000,,,,,,,,,,,,,,,,1.213965,0.104998,1.230990,0.108803,0.000000,0.000000,-0.227284,,0.022927,0.000000,,,,0.086492,0.151764,1.500000,26.920515,23.338942,0.000000,circle,预设轨迹15,forward
1775478245.678309,23.646596,1775478263.870723|完整运动,完整运动,circle_orbit,1,1.000000,1.500000,1.500000,,,,,,,,,,,,,,,,1.214237,0.106314,1.230575,0.116180,0.000000,0.000000,-0.225275,,0.024188,0.000000,,,,0.087556,0.151798,1.500000,26.970729,23.288728,0.000000,circle,预设轨迹15,forward
1775478245.701336,23.669623,1775478263.870723|完整运动,完整运动,circle_orbit,1,1.000000,1.500000,1.500000,,,,,,,,,,,,,,,,1.214505,0.106186,1.230575,0.105230,0.000000,0.000000,-0.225275,,0.024188,0.000000,,,,0.087432,0.151831,1.500000,26.970729,23.288728,0.000000,circle,预设轨迹15,forward
1775478245.725204,23.693491,1775478263.870723|完整运动,完整运动,circle_orbit,1,1.000000,1.500000,1.500000,,,,,,,,,,,,,,,,1.214762,0.107671,1.230195,0.118803,0.000000,0.000000,-0.223023,,0.025549,0.000000,,,,0.088635,0.151863,1.500000,27.021031,23.238425,0.000000,circle,预设轨迹15,forward
1775478245.755982,23.724270,1775478263.870723|完整运动,完整运动,circle_orbit,1,1.000000,1.500000,1.500000,,,,,,,,,,,,,,,,1.215017,0.108346,1.230324,0.113413,0.000000,0.000000,-0.221868,,0.026047,0.000000,,,,0.089173,0.151895,1.500000,27.046046,23.213410,0.000000,circle,预设轨迹15,forward
1775478245.787138,23.755425,1775478263.870723|完整运动,完整运动,circle_orbit,1,1.000000,1.500000,1.500000,,,,,,,,,,,,,,,,1.215275,0.108998,1.230754,0.113887,0.000000,0.000000,-0.220737,,0.026346,0.000000,,,,0.089690,0.151928,1.500000,27.071019,23.188438,0.000000,circle,预设轨迹15,forward
1775478245.823596,23.791883,1775478263.870723|完整运动,完整运动,circle_orbit,1,1.000000,1.500000,1.500000,,,,,,,,,,,,,,,,1.215547,0.110674,1.231849,0.123241,0.000000,0.000000,-0.218143,,0.026966,0.000000,,,,0.091049,0.151962,1.500000,27.121262,23.138195,0.000000,circle,预设轨迹15,forward
1775478245.859065,23.827352,1775478263.870723|完整运动,完整运动,circle_orbit,1,1.000000,1.500000,1.500000,,,,,,,,,,,,,,,,1.215822,0.112416,1.232295,0.125483,0.000000,0.000000,-0.215392,,0.028067,0.000000,,,,0.092461,0.151996,1.500000,27.171936,23.087521,0.000000,circle,预设轨迹15,forward
1775478245.894815,23.863102,1775478263.870723|完整运动,完整运动,circle_orbit,1,1.000000,1.500000,1.500000,,,,,,,,,,,,,,,,1.216109,0.113263,1.233325,0.119611,0.000000,0.000000,-0.213848,,0.028203,0.000000,,,,0.093135,0.152032,1.500000,27.197166,23.062290,0.000000,circle,预设轨迹15,forward
1775478245.917660,23.885947,1775478263.870723|完整运动,完整运动,circle_orbit,1,1.000000,1.500000,1.500000,,,,,,,,,,,,,,,,1.216397,0.115097,1.233699,0.128858,0.000000,0.000000,-0.210887,,0.029454,0.000000,,,,0.094621,0.152068,1.500000,27.247464,23.011993,0.000000,circle,预设轨迹15,forward
1775478245.956455,23.924742,1775478263.870723|完整运动,完整运动,circle_orbit,1,1.000000,1.500000,1.500000,,,,,,,,,,,,,,,,1.216679,0.115752,1.233619,0.120665,0.000000,0.000000,-0.209537,,0.030178,0.000000,,,,0.095138,0.152103,1.500000,27.272798,22.986659,0.000000,circle,预设轨迹15,forward
1775478245.976866,23.945153,1775478263.870723|完整运动,完整运动,circle_orbit,1,1.000000,1.500000,1.500000,,,,,,,,,,,,,,,,1.216969,0.117313,1.234366,0.129021,0.000000,0.000000,-0.206900,,0.031037,0.000000,,,,0.096398,0.152139,1.500000,27.323439,22.936017,0.000000,circle,预设轨迹15,forward
1775478245.997756,23.966043,1775478263.870723|完整运动,完整运动,circle_orbit,1,1.000000,1.500000,1.500000,,,,,,,,,,,,,,,,1.217278,0.118964,1.235824,0.131343,0.000000,0.000000,-0.204082,,0.031550,0.000000,,,,0.097729,0.152178,1.500000,27.374119,22.885338,0.000000,circle,预设轨迹15,forward
1775478246.030492,23.998779,1775478263.870723|完整运动,完整运动,circle_orbit,1,1.000000,1.500000,1.500000,,,,,,,,,,,,,,,,1.217582,0.118595,1.235824,0.115828,0.000000,0.000000,-0.204082,,0.031550,0.000000,,,,0.097402,0.152216,1.500000,27.374119,22.885338,0.000000,circle,预设轨迹15,forward
1775478246.052106,24.020393,1775478263.870723|完整运动,完整运动,circle_orbit,1,1.000000,1.500000,1.500000,,,,,,,,,,,,,,,,1.217875,0.119996,1.235410,0.130508,0.000000,0.000000,-0.201627,,0.033032,0.000000,,,,0.098529,0.152253,1.500000,27.424631,22.834826,0.000000,circle,预设轨迹15,forward
1775478246.075822,24.044110,1775478263.870723|完整运动,完整运动,circle_orbit,1,1.000000,1.500000,1.500000,,,,,,,,,,,,,,,,1.218162,0.120457,1.235403,0.123910,0.000000,0.000000,-0.200467,,0.033616,0.000000,,,,0.098884,0.152288,1.500000,27.449909,22.809547,0.000000,circle,预设轨迹15,forward
1775478246.100595,24.068882,1775478263.870723|完整运动,完整运动,circle_orbit,1,1.000000,1.500000,1.500000,,,,,,,,,,,,,,,,1.218475,0.121150,1.237277,0.126349,0.000000,0.000000,-0.198983,,0.033209,0.000000,,,,0.099428,0.152328,1.500000,27.475072,22.784384,0.000000,circle,预设轨迹15,forward
1775478246.134506,24.102793,1775478263.870723|完整运动,完整运动,circle_orbit,1,1.000000,1.500000,1.500000,,,,,,,,,,,,,,,,1.218830,0.122941,1.240119,0.136373,0.000000,0.000000,-0.195930,,0.032999,0.000000,,,,0.100868,0.152372,1.500000,27.525479,22.733977,0.000000,circle,预设轨迹15,forward
1775478246.167166,24.135453,1775478263.870723|完整运动,完整运动,circle_orbit,1,1.000000,1.500000,1.500000,,,,,,,,,,,,,,,,1.219194,0.123502,1.241013,0.127712,0.000000,0.000000,-0.194560,,0.033140,0.000000,,,,0.101298,0.152417,1.500000,27.550507,22.708950,0.000000,circle,预设轨迹15,forward
1775478246.200571,24.168858,1775478263.870723|完整运动,完整运动,circle_orbit,1,1.000000,1.500000,1.500000,,,,,,,,,,,,,,,,1.219590,0.125017,1.243392,0.136375,0.000000,0.000000,-0.191836,,0.033056,0.000000,,,,0.102507,0.152467,1.500000,27.600399,22.659058,0.000000,circle,预设轨迹15,forward
1775478246.223499,24.191787,1775478263.870723|完整运动,完整运动,circle_orbit,1,1.000000,1.500000,1.500000,,,,,,,,,,,,,,,,1.220008,0.126662,1.245043,0.139002,0.000000,0.000000,-0.188877,,0.033536,0.000000,,,,0.103821,0.152519,1.500000,27.650522,22.608935,0.000000,circle,预设轨迹15,forward
1775478246.243882,24.212169,1775478263.870723|完整运动,完整运动,circle_orbit,1,1.000000,1.500000,1.500000,,,,,,,,,,,,,,,,1.220432,0.127308,1.245899,0.132154,0.000000,0.000000,-0.187284,,0.033815,0.000000,,,,0.104314,0.152572,1.500000,27.675624,22.583833,0.000000,circle,预设轨迹15,forward
1775478246.270488,24.238775,1775478263.870723|完整运动,完整运动,circle_orbit,1,1.000000,1.500000,1.500000,,,,,,,,,,,,,,,,1.220871,0.127973,1.247180,0.132961,0.000000,0.000000,-0.185667,,0.033851,0.000000,,,,0.104821,0.152627,1.500000,27.700835,22.558622,0.000000,circle,预设轨迹15,forward
1775478246.298887,24.267174,1775478263.870723|完整运动,完整运动,circle_orbit,1,1.000000,1.500000,1.500000,,,,,,,,,,,,,,,,1.221327,0.128680,1.248704,0.133983,0.000000,0.000000,-0.183989,,0.033773,0.000000,,,,0.105361,0.152684,1.500000,27.726063,22.533393,0.000000,circle,预设轨迹15,forward
1775478246.320394,24.288681,1775478263.870723|完整运动,完整运动,circle_orbit,1,1.000000,1.500000,1.500000,,,,,,,,,,,,,,,,1.221815,0.130506,1.251085,0.144202,0.000000,0.000000,-0.180716,,0.033981,0.000000,,,,0.106813,0.152745,1.500000,27.776980,22.482477,0.000000,circle,预设轨迹15,forward
1775478246.341558,24.309845,1775478263.870723|完整运动,完整运动,circle_orbit,1,1.000000,1.500000,1.500000,,,,,,,,,,,,,,,,1.222322,0.131183,1.252767,0.136255,0.000000,0.000000,-0.179011,,0.033827,0.000000,,,,0.107322,0.152809,1.500000,27.802277,22.457180,0.000000,circle,预设轨迹15,forward
1775478246.366389,24.334676,1775478263.870723|完整运动,完整运动,circle_orbit,1,1.000000,1.500000,1.500000,,,,,,,,,,,,,,,,1.222844,0.131805,1.254140,0.136469,0.000000,0.000000,-0.177384,,0.033822,0.000000,,,,0.107785,0.152874,1.500000,27.827597,22.431860,0.000000,circle,预设轨迹15,forward
1775478246.387582,24.355869,1775478263.870723|完整运动,完整运动,circle_orbit,1,1.000000,1.500000,1.500000,,,,,,,,,,,,,,,,1.223380,0.132443,1.255542,0.137228,0.000000,0.000000,-0.175736,,0.033811,0.000000,,,,0.108260,0.152941,1.500000,27.852844,22.406612,0.000000,circle,预设轨迹15,forward
1775478246.407992,24.376279,1775478263.870723|完整运动,完整运动,circle_orbit,1,1.000000,1.500000,1.500000,,,,,,,,,,,,,,,,1.223919,0.133014,1.256281,0.137304,0.000000,0.000000,-0.174184,,0.034148,0.000000,,,,0.108679,0.153008,1.500000,27.878030,22.381427,0.000000,circle,预设轨迹15,forward
1775478246.437011,24.405298,1775478263.870723|完整运动,完整运动,circle_orbit,1,1.000000,1.500000,1.500000,,,,,,,,,,,,,,,,1.224450,0.132498,1.256281,0.128628,0.000000,0.000000,-0.174184,,0.034148,0.000000,,,,0.108211,0.153075,1.500000,27.878030,22.381427,0.000000,circle,预设轨迹15,forward
1775478246.458166,24.426454,1775478263.870723|完整运动,完整运动,circle_orbit,1,1.000000,1.500000,1.500000,,,,,,,,,,,,,,,,1.225011,0.134870,1.258671,0.152656,0.000000,0.000000,-0.170140,,0.034753,0.000000,,,,0.110097,0.153145,1.500000,27.953619,22.305838,0.000000,circle,预设轨迹15,forward
1775478246.479333,24.447621,1775478263.870723|完整运动,完整运动,circle_orbit,1,1.000000,1.500000,1.500000,,,,,,,,,,,,,,,,1.225574,0.135236,1.259374,0.137985,0.000000,0.000000,-0.168847,,0.034984,0.000000,,,,0.110345,0.153215,1.500000,27.979082,22.280374,0.000000,circle,预设轨迹15,forward
1775478246.501942,24.470229,1775478263.870723|完整运动,完整运动,circle_orbit,1,1.000000,1.500000,1.500000,,,,,,,,,,,,,,,,1.226141,0.135605,1.260179,0.138371,0.000000,0.000000,-0.167566,,0.035149,0.000000,,,,0.110595,0.153286,1.500000,28.004579,22.254878,0.000000,circle,预设轨迹15,forward
1775478246.523929,24.492216,1775478263.870723|完整运动,完整运动,circle_orbit,1,1.000000,1.500000,1.500000,,,,,,,,,,,,,,,,1.226745,0.136189,1.262975,0.140567,0.000000,0.000000,-0.165989,,0.034290,0.000000,,,,0.111016,0.153362,1.500000,28.029684,22.229772,0.000000,circle,预设轨迹15,forward
1775478246.544748,24.513036,1775478263.870723|完整运动,完整运动,circle_orbit,1,1.000000,1.500000,1.500000,,,,,,,,,,,,,,,,1.227370,0.136717,1.264832,0.140676,0.000000,0.000000,-0.164490,,0.033950,0.000000,,,,0.111390,0.153440,1.500000,28.054811,22.204646,0.000000,circle,预设轨迹15,forward
1775478246.568652,24.536939,1775478263.870723|完整运动,完整运动,circle_orbit,1,1.000000,1.500000,1.500000,,,,,,,,,,,,,,,,1.228029,0.137365,1.267596,0.142231,0.000000,0.000000,-0.162817,,0.033171,0.000000,,,,0.111858,0.153522,1.500000,28.079620,22.179836,0.000000,circle,预设轨迹15,forward
1775478246.591018,24.559306,1775478263.870723|完整运动,完整运动,circle_orbit,1,1.000000,1.500000,1.500000,,,,,,,,,,,,,,,,1.228719,0.138005,1.270118,0.142802,0.000000,0.000000,-0.161151,,0.032536,0.000000,,,,0.112316,0.153608,1.500000,28.104601,22.154856,0.000000,circle,预设轨迹15,forward
1775478246.611416,24.579704,1775478263.870723|完整运动,完整运动,circle_orbit,1,1.000000,1.500000,1.500000,,,,,,,,,,,,,,,,1.229434,0.138722,1.272309,0.144098,0.000000,0.000000,-0.159367,,0.032156,0.000000,,,,0.112834,0.153698,1.500000,28.129684,22.129773,0.000000,circle,预设轨迹15,forward
1775478246.646691,24.614978,1775478263.870723|完整运动,完整运动,circle_orbit,1,1.000000,1.500000,1.500000,,,,,,,,,,,,,,,,1.230172,0.139370,1.274490,0.144227,0.000000,0.000000,-0.157672,,0.031743,0.000000,,,,0.113293,0.153790,1.500000,28.154667,22.104789,0.000000,circle,预设轨迹15,forward
1775478246.675868,24.644156,1775478263.870723|完整运动,完整运动,circle_orbit,1,1.000000,1.500000,1.500000,,,,,,,,,,,,,,,,1.231006,0.141561,1.281026,0.157996,0.000000,0.000000,-0.153767,,0.029943,0.000000,,,,0.114996,0.153894,1.500000,28.203964,22.055492,0.000000,circle,预设轨迹15,forward
1775478246.709235,24.677522,1775478263.870723|完整运动,完整运动,circle_orbit,1,1.000000,1.500000,1.500000,,,,,,,,,,,,,,,,1.231882,0.143206,1.284466,0.155548,0.000000,0.000000,-0.150545,,0.029594,0.000000,,,,0.116250,0.154004,1.500000,28.253744,22.005713,0.000000,circle,预设轨迹15,forward
1775478246.729836,24.698124,1775478263.870723|完整运动,完整运动,circle_orbit,1,1.000000,1.500000,1.500000,,,,,,,,,,,,,,,,1.232782,0.143523,1.286746,0.145894,0.000000,0.000000,-0.149156,,0.028995,0.000000,,,,0.116422,0.154116,1.500000,28.279004,21.980453,0.000000,circle,预设轨迹15,forward
1775478246.751008,24.719295,1775478263.870723|完整运动,完整运动,circle_orbit,1,1.000000,1.500000,1.500000,,,,,,,,,,,,,,,,1.233705,0.143853,1.289115,0.146329,0.000000,0.000000,-0.147766,,0.028351,0.000000,,,,0.116602,0.154232,1.500000,28.304258,21.955198,0.000000,circle,预设轨迹15,forward
1775478246.778086,24.746374,1775478263.870723|完整运动,完整运动,circle_orbit,1,1.000000,1.500000,1.500000,,,,,,,,,,,,,,,,1.234655,0.144294,1.291623,0.147605,0.000000,0.000000,-0.146234,,0.027705,0.000000,,,,0.116870,0.154350,1.500000,28.329671,21.929785,0.000000,circle,预设轨迹15,forward
1775478246.813172,24.781459,1775478263.870723|完整运动,完整运动,circle_orbit,1,1.000000,1.500000,1.500000,,,,,,,,,,,,,,,,1.235678,0.145994,1.297069,0.158745,0.000000,0.000000,-0.142915,,0.026317,0.000000,,,,0.118149,0.154478,1.500000,28.380166,21.879291,0.000000,circle,预设轨迹15,forward
1775478246.844146,24.812433,1775478263.870723|完整运动,完整运动,circle_orbit,1,1.000000,1.500000,1.500000,,,,,,,,,,,,,,,,1.236746,0.147488,1.300844,0.158693,0.000000,0.000000,-0.139826,,0.025764,0.000000,,,,0.119255,0.154612,1.500000,28.430875,21.828581,0.000000,circle,预设轨迹15,forward
1775478246.873197,24.841484,1775478263.870723|完整运动,完整运动,circle_orbit,1,1.000000,1.500000,1.500000,,,,,,,,,,,,,,,,1.237841,0.147941,1.303546,0.151336,0.000000,0.000000,-0.138171,,0.025098,0.000000,,,,0.119515,0.154749,1.500000,28.456398,21.803058,0.000000,circle,预设轨迹15,forward
1775478246.907907,24.876194,1775478263.870723|完整运动,完整运动,circle_orbit,1,1.000000,1.500000,1.500000,,,,,,,,,,,,,,,,1.238951,0.148323,1.305520,0.151192,0.000000,0.000000,-0.136629,,0.024782,0.000000,,,,0.119717,0.154887,1.500000,28.482105,21.777351,0.000000,circle,预设轨迹15,forward
1775478246.934633,24.902920,1775478263.870723|完整运动,完整运动,circle_orbit,1,1.000000,1.500000,1.500000,,,,,,,,,,,,,,,,1.240130,0.149803,1.310870,0.160902,0.000000,0.000000,-0.133536,,0.023398,0.000000,,,,0.120796,0.155035,1.500000,28.533417,21.726039,0.000000,circle,预设轨迹15,forward
1775478246.955563,24.923850,1775478263.870723|完整运动,完整运动,circle_orbit,1,1.000000,1.500000,1.500000,,,,,,,,,,,,,,,,1.241348,0.150122,1.314458,0.152511,0.000000,0.000000,-0.132046,,0.022191,0.000000,,,,0.120935,0.155187,1.500000,28.558832,21.700625,0.000000,circle,预设轨迹15,forward
1775478246.980488,24.948775,1775478263.870723|完整运动,完整运动,circle_orbit,1,1.000000,1.500000,1.500000,,,,,,,,,,,,,,,,1.242591,0.150450,1.317143,0.152915,0.000000,0.000000,-0.130561,,0.021479,0.000000,,,,0.121078,0.155342,1.500000,28.584336,21.675120,0.000000,circle,预设轨迹15,forward
1775478247.002772,24.971059,1775478263.870723|完整运动,完整运动,circle_orbit,1,1.000000,1.500000,1.500000,,,,,,,,,,,,,,,,1.243914,0.151785,1.323323,0.161793,0.000000,0.000000,-0.127657,,0.019608,0.000000,,,,0.122022,0.155508,1.500000,28.635095,21.624362,0.000000,circle,预设轨迹15,forward
1775478247.028517,24.996804,1775478263.870723|完整运动,完整运动,circle_orbit,1,1.000000,1.500000,1.500000,,,,,,,,,,,,,,,,1.245216,0.151052,1.323323,0.145556,0.000000,0.000000,-0.127657,,0.019608,0.000000,,,,0.121306,0.155671,1.500000,28.635095,21.624362,0.000000,circle,预设轨迹15,forward
1775478247.055181,25.023468,1775478263.870723|完整运动,完整运动,circle_orbit,1,1.000000,1.500000,1.500000,,,,,,,,,,,,,,,,1.246584,0.152473,1.328652,0.163131,0.000000,0.000000,-0.124666,,0.018262,0.000000,,,,0.122313,0.155842,1.500000,28.686019,21.573438,0.000000,circle,预设轨迹15,forward
1775478247.076066,25.044353,1775478263.870723|完整运动,完整运动,circle_orbit,1,1.000000,1.500000,1.500000,,,,,,,,,,,,,,,,1.247929,0.151761,1.328652,0.146418,0.000000,0.000000,-0.124666,,0.018262,0.000000,,,,0.121610,0.156010,1.500000,28.686019,21.573438,0.000000,circle,预设轨迹15,forward
1775478247.096660,25.064947,1775478263.870723|完整运动,完整运动,circle_orbit,1,1.000000,1.500000,1.500000,,,,,,,,,,,,,,,,1.249355,0.153148,1.334929,0.163553,0.000000,0.000000,-0.121747,,0.016404,0.000000,,,,0.122582,0.156188,1.500000,28.736676,21.522781,0.000000,circle,预设轨迹15,forward
1775478247.118212,25.086499,1775478263.870723|完整运动,完整运动,circle_orbit,1,1.000000,1.500000,1.500000,,,,,,,,,,,,,,,,1.250861,0.154469,1.341218,0.164374,0.000000,0.000000,-0.118870,,0.014549,0.000000,,,,0.123490,0.156376,1.500000,28.787278,21.472178,0.000000,circle,预设轨迹15,forward
1775478247.147485,25.115773,1775478263.870723|完整运动,完整运动,circle_orbit,1,1.000000,1.500000,1.500000,,,,,,,,,,,,,,,,1.252343,0.153741,1.341218,0.148279,0.000000,0.000000,-0.118870,,0.014549,0.000000,,,,0.122762,0.156562,1.500000,28.787278,21.472178,0.000000,circle,预设轨迹15,forward
1775478247.182513,25.150800,1775478263.870723|完整运动,完整运动,circle_orbit,1,1.000000,1.500000,1.500000,,,,,,,,,,,,,,,,1.253853,0.154717,1.344484,0.162039,0.000000,0.000000,-0.116520,,0.014027,0.000000,,,,0.123393,0.156750,1.500000,28.838322,21.421134,0.000000,circle,预设轨迹15,forward
1775478247.211862,25.180149,1775478263.870723|完整运动,完整运动,circle_orbit,1,1.000000,1.500000,1.500000,,,,,,,,,,,,,,,,1.255388,0.155429,1.347477,0.160770,0.000000,0.000000,-0.114521,,0.013477,0.000000,,,,0.123810,0.156942,1.500000,28.889757,21.369699,0.000000,circle,预设轨迹15,forward
1775478247.238168,25.206456,1775478263.870723|完整运动,完整运动,circle_orbit,1,1.000000,1.500000,1.500000,,,,,,,,,,,,,,,,1.256917,0.155289,1.348635,0.154238,0.000000,0.000000,-0.113729,,0.013276,0.000000,,,,0.123548,0.157133,1.500000,28.915355,21.344102,0.000000,circle,预设轨迹15,forward
1775478247.259434,25.227721,1775478263.870723|完整运动,完整运动,circle_orbit,1,1.000000,1.500000,1.500000,,,,,,,,,,,,,,,,1.258450,0.155785,1.350438,0.159504,0.000000,0.000000,-0.112073,,0.013176,0.000000,,,,0.123791,0.157325,1.500000,28.966958,21.292499,0.000000,circle,预设轨迹15,forward
1775478247.285893,25.254180,1775478263.870723|完整运动,完整运动,circle_orbit,1,1.000000,1.500000,1.500000,,,,,,,,,,,,,,,,1.259958,0.155120,1.350438,0.150132,0.000000,0.000000,-0.112073,,0.013176,0.000000,,,,0.123115,0.157514,1.500000,28.966958,21.292499,0.000000,circle,预设轨迹15,forward
1775478247.307134,25.275421,1775478263.870723|完整运动,完整运动,circle_orbit,1,1.000000,1.500000,1.500000,,,,,,,,,,,,,,,,1.261505,0.155837,1.354315,0.161220,0.000000,0.000000,-0.110169,,0.012141,0.000000,,,,0.123533,0.157707,1.500000,29.018911,21.240546,0.000000,circle,预设轨迹15,forward
1775478247.328656,25.296943,1775478263.870723|完整运动,完整运动,circle_orbit,1,1.000000,1.500000,1.500000,,,,,,,,,,,,,,,,1.263045,0.155730,1.355478,0.154928,0.000000,0.000000,-0.109426,,0.011918,0.000000,,,,0.123298,0.157900,1.500000,29.044844,21.214613,0.000000,circle,预设轨迹15,forward
1775478247.358291,25.326578,1775478263.870723|完整运动,完整运动,circle_orbit,1,1.000000,1.500000,1.500000,,,,,,,,,,,,,,,,1.264574,0.155617,1.356316,0.154763,0.000000,0.000000,-0.108727,,0.011841,0.000000,,,,0.123059,0.158091,1.500000,29.070827,21.188630,0.000000,circle,预设轨迹15,forward
1775478247.379033,25.347320,1775478263.870723|完整运动,完整运动,circle_orbit,1,1.000000,1.500000,1.500000,,,,,,,,,,,,,,,,1.266115,0.155612,1.358543,0.155576,0.000000,0.000000,-0.107903,,0.011119,0.000000,,,,0.122905,0.158283,1.500000,29.096571,21.162886,0.000000,circle,预设轨迹15,forward
1775478247.399552,25.367840,1775478263.870723|完整运动,完整运动,circle_orbit,1,1.000000,1.500000,1.500000,,,,,,,,,,,,,,,,1.267676,0.156337,1.361390,0.161776,0.000000,0.000000,-0.106063,,0.010597,0.000000,,,,0.123326,0.158479,1.500000,29.148008,21.111449,0.000000,circle,预设轨迹15,forward
1775478247.430724,25.399012,1775478263.870723|完整运动,完整运动,circle_orbit,1,1.000000,1.500000,1.500000,,,,,,,,,,,,,,,,1.269256,0.156441,1.364023,0.157222,0.000000,0.000000,-0.105087,,0.009756,0.000000,,,,0.123254,0.158676,1.500000,29.173576,21.085880,0.000000,circle,预设轨迹15,forward
1775478247.458372,25.426659,1775478263.870723|完整运动,完整运动,circle_orbit,1,1.000000,1.500000,1.500000,,,,,,,,,,,,,,,,1.270857,0.156543,1.366914,0.157302,0.000000,0.000000,-0.104131,,0.008780,0.000000,,,,0.123179,0.158876,1.500000,29.199410,21.060047,0.000000,circle,预设轨迹15,forward
1775478247.487347,25.455634,1775478263.870723|完整运动,完整运动,circle_orbit,1,1.000000,1.500000,1.500000,,,,,,,,,,,,,,,,1.272490,0.156768,1.370481,0.158462,0.000000,0.000000,-0.103011,,0.007555,0.000000,,,,0.123198,0.159080,1.500000,29.225122,21.034335,0.000000,circle,预设轨迹15,forward
1775478247.513813,25.482100,1775478263.870723|完整运动,完整运动,circle_orbit,1,1.000000,1.500000,1.500000,,,,,,,,,,,,,,,,1.274204,0.157722,1.377032,0.164878,0.000000,0.000000,-0.100857,,0.005378,0.000000,,,,0.123781,0.159295,1.500000,29.276673,20.982784,0.000000,circle,预设轨迹15,forward
1775478247.539233,25.507520,1775478263.870723|完整运动,完整运动,circle_orbit,1,1.000000,1.500000,1.500000,,,,,,,,,,,,,,,,1.275942,0.157968,1.380217,0.159808,0.000000,0.000000,-0.099679,,0.004396,0.000000,,,,0.123805,0.159512,1.500000,29.302309,20.957148,0.000000,circle,预设轨迹15,forward
1775478247.573626,25.541913,1775478263.870723|完整运动,完整运动,circle_orbit,1,1.000000,1.500000,1.500000,,,,,,,,,,,,,,,,1.277748,0.158820,1.386144,0.165209,0.000000,0.000000,-0.097642,,0.002510,0.000000,,,,0.124297,0.159738,1.500000,29.353973,20.905483,0.000000,circle,预设轨迹15,forward
1775478247.608541,25.576828,1775478263.870723|完整运动,完整运动,circle_orbit,1,1.000000,1.500000,1.500000,,,,,,,,,,,,,,,,1.279563,0.158753,1.388419,0.158255,0.000000,0.000000,-0.096887,,0.001779,0.000000,,,,0.124068,0.159965,1.500000,29.379779,20.879678,0.000000,circle,预设轨迹15,forward
1775478247.642449,25.610736,1775478263.870723|完整运动,完整运动,circle_orbit,1,1.000000,1.500000,1.500000,,,,,,,,,,,,,,,,1.281412,0.159431,1.392401,0.164513,0.000000,0.000000,-0.095095,,-0.000744,0.000000,,,,0.124418,0.160196,1.500000,29.431541,20.827916,0.000000,circle,预设轨迹15,forward
1775478247.678451,25.646738,1775478263.870723|完整运动,完整运动,circle_orbit,1,1.000000,1.500000,1.500000,,,,,,,,,,,,,,,,1.283194,0.159970,1.390062,0.164010,0.000000,0.000000,-0.093480,,-0.002685,0.000000,,,,0.124665,0.160418,1.500000,29.483909,20.775547,0.000000,circle,预设轨迹15,forward
1775478247.698922,25.667209,1775478263.870723|完整运动,完整运动,circle_orbit,1,1.000000,1.500000,1.500000,,,,,,,,,,,,,,,,1.284917,0.160244,1.388326,0.162300,0.000000,0.000000,-0.092231,,-0.004153,0.000000,,,,0.124711,0.160634,1.500000,29.536354,20.723103,0.000000,circle,预设轨迹15,forward
1775478247.719323,25.687610,1775478263.870723|完整运动,完整运动,circle_orbit,1,1.000000,1.500000,1.500000,,,,,,,,,,,,,,,,1.286584,0.160163,1.386624,0.159560,0.000000,0.000000,-0.091494,,-0.005350,0.000000,,,,0.124487,0.160842,1.500000,29.562629,20.696828,0.000000,circle,预设轨迹15,forward
1775478247.747695,25.715982,1775478263.870723|完整运动,完整运动,circle_orbit,1,1.000000,1.500000,1.500000,,,,,,,,,,,,,,,,1.288210,0.160141,1.385757,0.159972,0.000000,0.000000,-0.090702,,-0.006169,0.000000,,,,0.124313,0.161046,1.500000,29.588938,20.670519,0.000000,circle,预设轨迹15,forward
1775478247.775906,25.744193,1775478263.870723|完整运动,完整运动,circle_orbit,1,1.000000,1.500000,1.500000,,,,,,,,,,,,,,,,1.289795,0.160106,1.384887,0.159845,0.000000,0.000000,-0.089950,,-0.006970,0.000000,,,,0.124133,0.161244,1.500000,29.615329,20.644128,0.000000,circle,预设轨迹15,forward
1775478247.803963,25.772251,1775478263.870723|完整运动,完整运动,circle_orbit,1,1.000000,1.500000,1.500000,,,,,,,,,,,,,,,,1.291320,0.160092,1.382820,0.159991,0.000000,0.000000,-0.089186,,-0.008364,0.000000,,,,0.123976,0.161434,1.500000,29.641572,20.617885,0.000000,circle,预设轨迹15,forward
1775478247.826344,25.794631,1775478263.870723|完整运动,完整运动,circle_orbit,1,1.000000,1.500000,1.500000,,,,,,,,,,,,,,,,1.292786,0.160582,1.380736,0.164255,0.000000,0.000000,-0.087722,,-0.010119,0.000000,,,,0.124214,0.161618,1.500000,29.693835,20.565621,0.000000,circle,预设轨迹15,forward
1775478247.852402,25.820689,1775478263.870723|完整运动,完整运动,circle_orbit,1,1.000000,1.500000,1.500000,,,,,,,,,,,,,,,,1.294184,0.160506,1.378069,0.159936,0.000000,0.000000,-0.087049,,-0.011770,0.000000,,,,0.124021,0.161792,1.500000,29.719808,20.539648,0.000000,circle,预设轨迹15,forward
1775478247.879010,25.847297,1775478263.870723|完整运动,完整运动,circle_orbit,1,1.000000,1.500000,1.500000,,,,,,,,,,,,,,,,1.295531,0.160402,1.376363,0.159618,0.000000,0.000000,-0.086438,,-0.012919,0.000000,,,,0.123812,0.161961,1.500000,29.745946,20.513510,0.000000,circle,预设轨迹15,forward
1775478247.900043,25.868330,1775478263.870723|完整运动,完整运动,circle_orbit,1,1.000000,1.500000,1.500000,,,,,,,,,,,,,,,,1.296796,0.160924,1.372682,0.164841,0.000000,0.000000,-0.084949,,-0.015490,0.000000,,,,0.124094,0.162119,1.500000,29.798210,20.461247,0.000000,circle,预设轨迹15,forward
1775478247.925659,25.893946,1775478263.870723|完整运动,完整运动,circle_orbit,1,1.000000,1.500000,1.500000,,,,,,,,,,,,,,,,1.298040,0.160392,1.372682,0.156405,0.000000,0.000000,-0.084949,,-0.015490,0.000000,,,,0.123565,0.162274,1.500000,29.798210,20.461247,0.000000,circle,预设轨迹15,forward
1775478247.957280,25.925568,1775478263.870723|完整运动,完整运动,circle_orbit,1,1.000000,1.500000,1.500000,,,,,,,,,,,,,,,,1.299220,0.160637,1.370026,0.162472,0.000000,0.000000,-0.083885,,-0.017346,0.000000,,,,0.123641,0.162422,1.500000,29.850479,20.408977,0.000000,circle,预设轨迹15,forward
1775478247.989110,25.957397,1775478263.870723|完整运动,完整运动,circle_orbit,1,1.000000,1.500000,1.500000,,,,,,,,,,,,,,,,1.300355,0.160457,1.368452,0.159104,0.000000,0.000000,-0.083424,,-0.018363,0.000000,,,,0.123395,0.162564,1.500000,29.876480,20.382977,0.000000,circle,预设轨迹15,forward
1775478248.010692,25.978979,1775478263.870723|完整运动,完整运动,circle_orbit,1,1.000000,1.500000,1.500000,,,,,,,,,,,,,,,,1.301428,0.160498,1.365835,0.160806,0.000000,0.000000,-0.082668,,-0.020054,0.000000,,,,0.123324,0.162698,1.500000,29.928873,20.330584,0.000000,circle,预设轨迹15,forward
1775478248.031457,25.999744,1775478263.870723|完整运动,完整运动,circle_orbit,1,1.000000,1.500000,1.500000,,,,,,,,,,,,,,,,1.302460,0.160319,1.364371,0.158982,0.000000,0.000000,-0.082233,,-0.021008,0.000000,,,,0.123090,0.162827,1.500000,29.955316,20.304140,0.000000,circle,预设轨迹15,forward
1775478248.064107,26.032394,1775478263.870723|完整运动,完整运动,circle_orbit,1,1.000000,1.500000,1.500000,,,,,,,,,,,,,,,,1.303441,0.160112,1.362253,0.158552,0.000000,0.000000,-0.081859,,-0.022264,0.000000,,,,0.122838,0.162950,1.500000,29.981776,20.277680,0.000000,circle,预设轨迹15,forward
1775478248.096131,26.064418,1775478263.870723|完整运动,完整运动,circle_orbit,1,1.000000,1.500000,1.500000,,,,,,,,,,,,,,,,1.304329,0.160189,1.357629,0.160766,0.000000,0.000000,-0.081094,,-0.024990,0.000000,,,,0.122813,0.163061,1.500000,30.034616,20.224840,0.000000,circle,预设轨迹15,forward
1775478248.128666,26.096954,1775478263.870723|完整运动,完整运动,circle_orbit,1,1.000000,1.500000,1.500000,,,,,,,,,,,,,,,,1.305179,0.160026,1.356160,0.158810,0.000000,0.000000,-0.080672,,-0.025949,0.000000,,,,0.122609,0.163167,1.500000,30.061139,20.198317,0.000000,circle,预设轨迹15,forward
1775478248.151895,26.120182,1775478263.870723|完整运动,完整运动,circle_orbit,1,1.000000,1.500000,1.500000,,,,,,,,,,,,,,,,1.305982,0.160017,1.354178,0.159945,0.000000,0.000000,-0.080049,,-0.027273,0.000000,,,,0.122526,0.163267,1.500000,30.114408,20.145049,0.000000,circle,预设轨迹15,forward
1775478248.176968,26.145255,1775478263.870723|完整运动,完整运动,circle_orbit,1,1.000000,1.500000,1.500000,,,,,,,,,,,,,,,,1.306757,0.159616,1.353276,0.156612,0.000000,0.000000,-0.079991,,-0.027763,0.000000,,,,0.122147,0.163364,1.500000,30.141104,20.118352,0.000000,circle,预设轨迹15,forward
1775478248.197823,26.166110,1775478263.870723|完整运动,完整运动,circle_orbit,1,1.000000,1.500000,1.500000,,,,,,,,,,,,,,,,1.307496,0.159149,1.351856,0.155647,0.000000,0.000000,-0.080057,,-0.028458,0.000000,,,,0.121721,0.163457,1.500000,30.167860,20.091597,0.000000,circle,预设轨迹15,forward
1775478248.219654,26.187942,1775478263.870723|完整运动,完整运动,circle_orbit,1,1.000000,1.500000,1.500000,,,,,,,,,,,,,,,,1.308162,0.159309,1.348082,0.160510,0.000000,0.000000,-0.079257,,-0.030799,0.000000,,,,0.121781,0.163540,1.500000,30.221077,20.038380,0.000000,circle,预设轨迹15,forward
1775478248.240443,26.208730,1775478263.870723|完整运动,完整运动,circle_orbit,1,1.000000,1.500000,1.500000,,,,,,,,,,,,,,,,1.308789,0.159099,1.346439,0.157522,0.000000,0.000000,-0.078977,,-0.031788,0.000000,,,,0.121562,0.163618,1.500000,30.247451,20.012005,0.000000,circle,预设轨迹15,forward
1775478248.267684,26.235971,1775478263.870723|完整运动,完整运动,circle_orbit,1,1.000000,1.500000,1.500000,,,,,,,,,,,,,,,,1.309382,0.158886,1.344950,0.157290,0.000000,0.000000,-0.078716,,-0.032689,0.000000,,,,0.121344,0.163692,1.500000,30.273955,19.985501,0.000000,circle,预设轨迹15,forward
1775478248.288900,26.257187,1775478263.870723|完整运动,完整运动,circle_orbit,1,1.000000,1.500000,1.500000,,,,,,,,,,,,,,,,1.309938,0.158790,1.343320,0.158070,0.000000,0.000000,-0.078303,,-0.033742,0.000000,,,,0.121220,0.163762,1.500000,30.300522,19.958934,0.000000,circle,预设轨迹15,forward
1775478248.309432,26.277719,1775478263.870723|完整运动,完整运动,circle_orbit,1,1.000000,1.500000,1.500000,,,,,,,,,,,,,,,,1.310461,0.158613,1.341823,0.157286,0.000000,0.000000,-0.078013,,-0.034665,0.000000,,,,0.121036,0.163827,1.500000,30.326832,19.932625,0.000000,circle,预设轨迹15,forward
1775478248.345885,26.314173,1775478263.870723|完整运动,完整运动,circle_orbit,1,1.000000,1.500000,1.500000,,,,,,,,,,,,,,,,1.310933,0.158326,1.339249,0.156170,0.000000,0.000000,-0.077889,,-0.036070,0.000000,,,,0.120773,0.163886,1.500000,30.353101,19.906355,0.000000,circle,预设轨迹15,forward
1775478248.376669,26.344956,1775478263.870723|完整运动,完整运动,circle_orbit,1,1.000000,1.500000,1.500000,,,,,,,,,,,,,,,,1.311330,0.158283,1.335161,0.157965,0.000000,0.000000,-0.077428,,-0.038443,0.000000,,,,0.120704,0.163936,1.500000,30.405868,19.853588,0.000000,circle,预设轨迹15,forward
1775478248.399131,26.367418,1775478263.870723|完整运动,完整运动,circle_orbit,1,1.000000,1.500000,1.500000,,,,,,,,,,,,,,,,1.311700,0.157997,1.333891,0.155847,0.000000,0.000000,-0.077318,,-0.039168,0.000000,,,,0.120452,0.163982,1.500000,30.432446,19.827010,0.000000,circle,预设轨迹15,forward
1775478248.420212,26.388499,1775478263.870723|完整运动,完整运动,circle_orbit,1,1.000000,1.500000,1.500000,,,,,,,,,,,,,,,,1.312014,0.157464,1.330844,0.153472,0.000000,0.000000,-0.077571,,-0.040650,0.000000,,,,0.120017,0.164021,1.500000,30.485884,19.773573,0.000000,circle,预设轨迹15,forward
1775478248.446416,26.414703,1775478263.870723|完整运动,完整运动,circle_orbit,1,1.000000,1.500000,1.500000,,,,,,,,,,,,,,,,1.312323,0.157133,1.330844,0.154646,0.000000,0.000000,-0.077571,,-0.040650,0.000000,,,,0.119736,0.164060,1.500000,30.485884,19.773573,0.000000,circle,预设轨迹15,forward
1775478248.469692,26.437979,1775478263.870723|完整运动,完整运动,circle_orbit,1,1.000000,1.500000,1.500000,,,,,,,,,,,,,,,,1.312557,0.156756,1.326637,0.153934,0.000000,0.000000,-0.077645,,-0.042847,0.000000,,,,0.119428,0.164089,1.500000,30.539360,19.720096,0.000000,circle,预设轨迹15,forward
1775478248.490060,26.458347,1775478263.870723|完整运动,完整运动,circle_orbit,1,1.000000,1.500000,1.500000,,,,,,,,,,,,,,,,1.312759,0.156553,1.324857,0.155030,0.000000,0.000000,-0.077491,,-0.043874,0.000000,,,,0.119255,0.164115,1.500000,30.566245,19.693212,0.000000,circle,预设轨迹15,forward
1775478248.520261,26.488548,1775478263.870723|完整运动,完整运动,circle_orbit,1,1.000000,1.500000,1.500000,,,,,,,,,,,,,,,,1.312936,0.156271,1.323576,0.154155,0.000000,0.000000,-0.077457,,-0.044575,0.000000,,,,0.119024,0.164137,1.500000,30.593266,19.666191,0.000000,circle,预设轨迹15,forward
1775478248.551104,26.519392,1775478263.870723|完整运动,完整运动,circle_orbit,1,1.000000,1.500000,1.500000,,,,,,,,,,,,,,,,1.313081,0.155934,1.321791,0.153403,0.000000,0.000000,-0.077513,,-0.045504,0.000000,,,,0.118754,0.164155,1.500000,30.647302,19.612154,0.000000,circle,预设轨迹15,forward
1775478248.571948,26.540235,1775478263.870723|完整运动,完整运动,circle_orbit,1,1.000000,1.500000,1.500000,,,,,,,,,,,,,,,,1.313201,0.155545,1.320347,0.152625,0.000000,0.000000,-0.077658,,-0.046207,0.000000,,,,0.118447,0.164170,1.500000,30.674379,19.585078,0.000000,circle,预设轨迹15,forward
1775478248.593017,26.561304,1775478263.870723|完整运动,完整运动,circle_orbit,1,1.000000,1.500000,1.500000,,,,,,,,,,,,,,,,1.313307,0.155100,1.319710,0.151764,0.000000,0.000000,-0.077901,,-0.046428,0.000000,,,,0.118099,0.164183,1.500000,30.701370,19.558087,0.000000,circle,预设轨迹15,forward
1775478248.617701,26.585988,1775478263.870723|完整运动,完整运动,circle_orbit,1,1.000000,1.500000,1.500000,,,,,,,,,,,,,,,,1.313371,0.154663,1.317187,0.151383,0.000000,0.000000,-0.078150,,-0.047664,0.000000,,,,0.117760,0.164191,1.500000,30.728177,19.531280,0.000000,circle,预设轨迹15,forward
1775478248.640138,26.608426,1775478263.870723|完整运动,完整运动,circle_orbit,1,1.000000,1.500000,1.500000,,,,,,,,,,,,,,,,1.313388,0.154140,1.314402,0.150219,0.000000,0.000000,-0.078537,,-0.048979,0.000000,,,,0.117360,0.164193,1.500000,30.781715,19.477742,0.000000,circle,预设轨迹15,forward
1775478248.661169,26.629456,1775478263.870723|完整运动,完整运动,circle_orbit,1,1.000000,1.500000,1.500000,,,,,,,,,,,,,,,,1.313381,0.153709,1.312967,0.150476,0.000000,0.000000,-0.078817,,-0.049619,0.000000,,,,0.117033,0.164192,1.500000,30.808204,19.451252,0.000000,circle,预设轨迹15,forward
1775478248.690252,26.658539,1775478263.870723|完整运动,完整运动,circle_orbit,1,1.000000,1.500000,1.500000,,,,,,,,,,,,,,,,1.313343,0.153091,1.311100,0.148458,0.000000,0.000000,-0.079377,,-0.050355,0.000000,,,,0.116566,0.164188,1.500000,30.834699,19.424758,0.000000,circle,预设轨迹15,forward
1775478248.711843,26.680130,1775478263.870723|完整运动,完整运动,circle_orbit,1,1.000000,1.500000,1.500000,,,,,,,,,,,,,,,,1.313267,0.152549,1.308673,0.148487,0.000000,0.000000,-0.079854,,-0.051442,0.000000,,,,0.116160,0.164178,1.500000,30.861114,19.398342,0.000000,circle,预设轨迹15,forward
1775478248.732485,26.700772,1775478263.870723|完整运动,完整运动,circle_orbit,1,1.000000,1.500000,1.500000,,,,,,,,,,,,,,,,1.313150,0.152027,1.306125,0.148108,0.000000,0.000000,-0.080323,,-0.052606,0.000000,,,,0.115773,0.164163,1.500000,30.887692,19.371765,0.000000,circle,预设轨迹15,forward
1775478248.759936,26.728223,1775478263.870723|完整运动,完整运动,circle_orbit,1,1.000000,1.500000,1.500000,,,,,,,,,,,,,,,,1.312997,0.151556,1.303840,0.148026,0.000000,0.000000,-0.080734,,-0.053658,0.000000,,,,0.115428,0.164144,1.500000,30.914353,19.345103,0.000000,circle,预设轨迹15,forward
1775478248.782459,26.750746,1775478263.870723|完整运动,完整运动,circle_orbit,1,1.000000,1.500000,1.500000,,,,,,,,,,,,,,,,1.312783,0.150836,1.299945,0.145437,0.000000,0.000000,-0.081511,,-0.055424,0.000000,,,,0.114898,0.164118,1.500000,30.967637,19.291819,0.000000,circle,预设轨迹15,forward
1775478248.803196,26.771484,1775478263.870723|完整运动,完整运动,circle_orbit,1,1.000000,1.500000,1.500000,,,,,,,,,,,,,,,,1.312532,0.150404,1.297454,0.147164,0.000000,0.000000,-0.081904,,-0.056612,0.000000,,,,0.114591,0.164086,1.500000,30.994157,19.265300,0.000000,circle,预设轨迹15,forward
1775478248.841794,26.810081,1775478263.870723|完整运动,完整运动,circle_orbit,1,1.000000,1.500000,1.500000,,,,,,,,,,,,,,,,1.312245,0.150047,1.295026,0.147367,0.000000,0.000000,-0.082199,,-0.057819,0.000000,,,,0.114344,0.164050,1.500000,31.020798,19.238658,0.000000,circle,预设轨迹15,forward
1775478248.874606,26.842893,1775478263.870723|完整运动,完整运动,circle_orbit,1,1.000000,1.500000,1.500000,,,,,,,,,,,,,,,,1.311926,0.149618,1.292768,0.146398,0.000000,0.000000,-0.082602,,-0.058882,0.000000,,,,0.114044,0.164010,1.500000,31.074349,19.185107,0.000000,circle,预设轨迹15,forward
1775478248.909124,26.877411,1775478263.870723|完整运动,完整运动,circle_orbit,1,1.000000,1.500000,1.500000,,,,,,,,,,,,,,,,1.311595,0.149291,1.291732,0.146845,0.000000,0.000000,-0.082869,,-0.059330,0.000000,,,,0.113824,0.163969,1.500000,31.101202,19.158255,0.000000,circle,预设轨迹15,forward
1775478248.943397,26.911684,1775478263.870723|完整运动,完整运动,circle_orbit,1,1.000000,1.500000,1.500000,,,,,,,,,,,,,,,,1.311216,0.148631,1.288508,0.143679,0.000000,0.000000,-0.083612,,-0.060775,0.000000,,,,0.113354,0.163922,1.500000,31.155077,19.104379,0.000000,circle,预设轨迹15,forward
1775478248.978024,26.946312,1775478263.870723|完整运动,完整运动,circle_orbit,1,1.000000,1.500000,1.500000,,,,,,,,,,,,,,,,1.310792,0.147710,1.285358,0.140800,0.000000,0.000000,-0.084748,,-0.061990,0.000000,,,,0.112687,0.163869,1.500000,31.208991,19.050466,0.000000,circle,预设轨迹15,forward
1775478249.008843,26.977130,1775478263.870723|完整运动,完整运动,circle_orbit,1,1.000000,1.500000,1.500000,,,,,,,,,,,,,,,,1.310356,0.147059,1.284197,0.142180,0.000000,0.000000,-0.085537,,-0.062254,0.000000,,,,0.112228,0.163814,1.500000,31.236023,19.023434,0.000000,circle,预设轨迹15,forward
1775478249.031384,26.999672,1775478263.870723|完整运动,完整运动,circle_orbit,1,1.000000,1.500000,1.500000,,,,,,,,,,,,,,,,1.309849,0.145679,1.279407,0.135325,0.000000,0.000000,-0.087380,,-0.064066,0.000000,,,,0.111218,0.163751,1.500000,31.289873,18.969583,0.000000,circle,预设轨迹15,forward
1775478249.051786,27.020074,1775478263.870723|完整运动,完整运动,circle_orbit,1,1.000000,1.500000,1.500000,,,,,,,,,,,,,,,,1.309323,0.144923,1.277749,0.139258,0.000000,0.000000,-0.088394,,-0.064510,0.000000,,,,0.110686,0.163685,1.500000,31.316517,18.942939,0.000000,circle,预设轨迹15,forward
1775478249.080510,27.048797,1775478263.870723|完整运动,完整运动,circle_orbit,1,1.000000,1.500000,1.500000,,,,,,,,,,,,,,,,1.308760,0.144196,1.274993,0.138742,0.000000,0.000000,-0.089388,,-0.065599,0.000000,,,,0.110178,0.163615,1.500000,31.342715,18.916741,0.000000,circle,预设轨迹15,forward
1775478249.110565,27.078852,1775478263.870723|完整运动,完整运动,circle_orbit,1,1.000000,1.500000,1.500000,,,,,,,,,,,,,,,,1.308161,0.143340,1.272245,0.136921,0.000000,0.000000,-0.090583,,-0.066589,0.000000,,,,0.109574,0.163540,1.500000,31.368969,18.890488,0.000000,circle,预设轨迹15,forward
1775478249.133641,27.101929,1775478263.870723|完整运动,完整运动,circle_orbit,1,1.000000,1.500000,1.500000,,,,,,,,,,,,,,,,1.307504,0.141443,1.268047,0.127212,0.000000,0.000000,-0.093285,,-0.067678,0.000000,,,,0.108178,0.163458,1.500000,31.421284,18.838172,0.000000,circle,预设轨迹15,forward
1775478249.164738,27.133025,1775478263.870723|完整运动,完整运动,circle_orbit,1,1.000000,1.500000,1.500000,,,,,,,,,,,,,,,,1.306814,0.140457,1.265436,0.133064,0.000000,0.000000,-0.094773,,-0.068459,0.000000,,,,0.107480,0.163371,1.500000,31.447322,18.812135,0.000000,circle,预设轨迹15,forward
1775478249.192671,27.160959,1775478263.870723|完整运动,完整运动,circle_orbit,1,1.000000,1.500000,1.500000,,,,,,,,,,,,,,,,1.306086,0.139591,1.262382,0.133097,0.000000,0.000000,-0.096116,,-0.069580,0.000000,,,,0.106877,0.163280,1.500000,31.473317,18.786140,0.000000,circle,预设轨迹15,forward
1775478249.213367,27.181654,1775478263.870723|完整运动,完整运动,circle_orbit,1,1.000000,1.500000,1.500000,,,,,,,,,,,,,,,,1.305281,0.137947,1.257018,0.125618,0.000000,0.000000,-0.098582,,-0.071516,0.000000,,,,0.105684,0.163180,1.500000,31.525458,18.733999,0.000000,circle,预设轨迹15,forward
1775478249.242578,27.210865,1775478263.870723|完整运动,完整运动,circle_orbit,1,1.000000,1.500000,1.500000,,,,,,,,,,,,,,,,1.304459,0.137144,1.255105,0.131121,0.000000,0.000000,-0.099915,,-0.071986,0.000000,,,,0.105135,0.163077,1.500000,31.552161,18.707296,0.000000,circle,预设轨迹15,forward
1775478249.268719,27.237007,1775478263.870723|完整运动,完整运动,circle_orbit,1,1.000000,1.500000,1.500000,,,,,,,,,,,,,,,,1.303628,0.136449,1.253756,0.131237,0.000000,0.000000,-0.101109,,-0.072193,0.000000,,,,0.104669,0.162973,1.500000,31.578951,18.680505,0.000000,circle,预设轨迹15,forward
1775478249.289237,27.257524,1775478263.870723|完整运动,完整运动,circle_orbit,1,1.000000,1.500000,1.500000,,,,,,,,,,,,,,,,1.302739,0.135252,1.249457,0.126273,0.000000,0.000000,-0.103021,,-0.073809,0.000000,,,,0.103821,0.162862,1.500000,31.633064,18.626392,0.000000,circle,预设轨迹15,forward
1775478249.316447,27.284734,1775478263.870723|完整运动,完整运动,circle_orbit,1,1.000000,1.500000,1.500000,,,,,,,,,,,,,,,,1.301832,0.134934,1.247380,0.132548,0.000000,0.000000,-0.103717,,-0.074710,0.000000,,,,0.103649,0.162749,1.500000,31.660250,18.599206,0.000000,circle,预设轨迹15,forward
1775478249.339198,27.307485,1775478263.870723|完整运动,完整运动,circle_orbit,1,1.000000,1.500000,1.500000,,,,,,,,,,,,,,,,1.300925,0.134592,1.246508,0.132029,0.000000,0.000000,-0.104432,,-0.074878,0.000000,,,,0.103459,0.162635,1.500000,31.687495,18.571961,0.000000,circle,预设轨迹15,forward
1775478249.362830,27.331118,1775478263.870723|完整运动,完整运动,circle_orbit,1,1.000000,1.500000,1.500000,,,,,,,,,,,,,,,,1.300017,0.133627,1.245560,0.126388,0.000000,0.000000,-0.106026,,-0.074654,0.000000,,,,0.102789,0.162522,1.500000,31.741720,18.517737,0.000000,circle,预设轨迹15,forward
1775478249.394499,27.362787,1775478263.870723|完整运动,完整运动,circle_orbit,1,1.000000,1.500000,1.500000,,,,,,,,,,,,,,,,1.299125,0.133800,1.245560,0.135100,0.000000,0.000000,-0.106026,,-0.074654,0.000000,,,,0.102993,0.162410,1.500000,31.741720,18.517737,0.000000,circle,预设轨迹15,forward
1775478249.417779,27.386066,1775478263.870723|完整运动,完整运动,circle_orbit,1,1.000000,1.500000,1.500000,,,,,,,,,,,,,,,,1.298228,0.132200,1.244427,0.120194,0.000000,0.000000,-0.108515,,-0.074095,0.000000,,,,0.101831,0.162298,1.500000,31.795919,18.463537,0.000000,circle,预设轨迹15,forward
1775478249.438113,27.406400,1775478263.870723|完整运动,完整运动,circle_orbit,1,1.000000,1.500000,1.500000,,,,,,,,,,,,,,,,1.297266,0.130412,1.239520,0.117002,0.000000,0.000000,-0.111329,,-0.075670,0.000000,,,,0.100528,0.162178,1.500000,31.850043,18.409414,0.000000,circle,预设轨迹15,forward
1775478249.462397,27.430684,1775478263.870723|完整运动,完整运动,circle_orbit,1,1.000000,1.500000,1.500000,,,,,,,,,,,,,,,,1.296319,0.130651,1.239520,0.132446,0.000000,0.000000,-0.111329,,-0.075670,0.000000,,,,0.100786,0.162059,1.500000,31.850043,18.409414,0.000000,circle,预设轨迹15,forward
1775478249.484630,27.452918,1775478263.870723|完整运动,完整运动,circle_orbit,1,1.000000,1.500000,1.500000,,,,,,,,,,,,,,,,1.295279,0.129049,1.232858,0.117032,0.000000,0.000000,-0.113893,,-0.078475,0.000000,,,,0.099630,0.161929,1.500000,31.903963,18.355494,0.000000,circle,预设轨迹15,forward
1775478249.508346,27.476633,1775478263.870723|完整运动,完整运动,circle_orbit,1,1.000000,1.500000,1.500000,,,,,,,,,,,,,,,,1.294188,0.128510,1.228729,0.124466,0.000000,0.000000,-0.114997,,-0.080478,0.000000,,,,0.099298,0.161793,1.500000,31.930666,18.328791,0.000000,circle,预设轨迹15,forward
1775478249.541823,27.510110,1775478263.870723|完整运动,完整运动,circle_orbit,1,1.000000,1.500000,1.500000,,,,,,,,,,,,,,,,1.293068,0.128151,1.225885,0.125460,0.000000,0.000000,-0.115837,,-0.081828,0.000000,,,,0.099106,0.161653,1.500000,31.957150,18.302306,0.000000,circle,预设轨迹15,forward
1775478249.576712,27.544999,1775478263.870723|完整运动,完整运动,circle_orbit,1,1.000000,1.500000,1.500000,,,,,,,,,,,,,,,,1.291866,0.127653,1.219730,0.123920,0.000000,0.000000,-0.116851,,-0.085180,0.000000,,,,0.098813,0.161503,1.500000,32.009574,18.249883,0.000000,circle,预设轨迹15,forward
1775478249.612101,27.580389,1775478263.870723|完整运动,完整运动,circle_orbit,1,1.000000,1.500000,1.500000,,,,,,,,,,,,,,,,1.290661,0.127507,1.218375,0.126411,0.000000,0.000000,-0.117359,,-0.085781,0.000000,,,,0.098792,0.161352,1.500000,32.035952,18.223504,0.000000,circle,预设轨迹15,forward
1775478249.647048,27.615336,1775478263.870723|完整运动,完整运动,circle_orbit,1,1.000000,1.500000,1.500000,,,,,,,,,,,,,,,,1.289455,0.126497,1.217124,0.118919,0.000000,0.000000,-0.119077,,-0.085713,0.000000,,,,0.098101,0.161201,1.500000,32.088606,18.170850,0.000000,circle,预设轨迹15,forward
1775478249.681431,27.649718,1775478263.870723|完整运动,完整运动,circle_orbit,1,1.000000,1.500000,1.500000,,,,,,,,,,,,,,,,1.288257,0.124763,1.216345,0.111765,0.000000,0.000000,-0.121856,,-0.084817,0.000000,,,,0.096847,0.161051,1.500000,32.141456,18.118001,0.000000,circle,预设轨迹15,forward
1775478249.717191,27.685478,1775478263.870723|完整运动,完整运动,circle_orbit,1,1.000000,1.500000,1.500000,,,,,,,,,,,,,,,,1.287070,0.122613,1.215839,0.106487,0.000000,0.000000,-0.125304,,-0.083413,0.000000,,,,0.095266,0.160903,1.500000,32.195498,18.063958,0.000000,circle,预设轨迹15,forward
1775478249.745308,27.713595,1775478263.870723|完整运动,完整运动,circle_orbit,1,1.000000,1.500000,1.500000,,,,,,,,,,,,,,,,1.285872,0.120286,1.214015,0.102834,0.000000,0.000000,-0.129096,,-0.082675,0.000000,,,,0.093545,0.160753,1.500000,32.250414,18.009043,0.000000,circle,预设轨迹15,forward
1775478249.767294,27.735581,1775478263.870723|完整运动,完整运动,circle_orbit,1,1.000000,1.500000,1.500000,,,,,,,,,,,,,,,,1.284688,0.119310,1.213669,0.111985,0.000000,0.000000,-0.131064,,-0.081912,0.000000,,,,0.092871,0.160605,1.500000,32.277475,17.981982,0.000000,circle,预设轨迹15,forward
1775478249.788440,27.756727,1775478263.870723|完整运动,完整运动,circle_orbit,1,1.000000,1.500000,1.500000,,,,,,,,,,,,,,,,1.283517,0.118271,1.213269,0.110481,0.000000,0.000000,-0.133138,,-0.081129,0.000000,,,,0.092146,0.160459,1.500000,32.304629,17.954827,0.000000,circle,预设轨迹15,forward
1775478249.813958,27.782245,1775478263.870723|完整运动,完整运动,circle_orbit,1,1.000000,1.500000,1.500000,,,,,,,,,,,,,,,,1.282360,0.117209,1.212927,0.109241,0.000000,0.000000,-0.135268,,-0.080282,0.000000,,,,0.091401,0.160314,1.500000,32.331527,17.927929,0.000000,circle,预设轨迹15,forward
1775478249.834687,27.802974,1775478263.870723|完整运动,完整运动,circle_orbit,1,1.000000,1.500000,1.500000,,,,,,,,,,,,,,,,1.281210,0.116312,1.212183,0.109589,0.000000,0.000000,-0.137183,,-0.079799,0.000000,,,,0.090783,0.160170,1.500000,32.358427,17.901029,0.000000,circle,预设轨迹15,forward
1775478249.857817,27.826104,1775478263.870723|完整运动,完整运动,circle_orbit,1,1.000000,1.500000,1.500000,,,,,,,,,,,,,,,,1.280053,0.115764,1.210667,0.111655,0.000000,0.000000,-0.138611,,-0.080053,0.000000,,,,0.090437,0.160026,1.500000,32.385462,17.873994,0.000000,circle,预设轨迹15,forward
1775478249.887948,27.856235,1775478263.870723|完整运动,完整运动,circle_orbit,1,1.000000,1.500000,1.500000,,,,,,,,,,,,,,,,1.278905,0.115458,1.209984,0.113158,0.000000,0.000000,-0.139687,,-0.079952,0.000000,,,,0.090279,0.159882,1.500000,32.412462,17.846995,0.000000,circle,预设轨迹15,forward
1775478249.909902,27.878189,1775478263.870723|完整运动,完整运动,circle_orbit,1,1.000000,1.500000,1.500000,,,,,,,,,,,,,,,,1.277730,0.114851,1.207217,0.110302,0.000000,0.000000,-0.141164,,-0.080989,0.000000,,,,0.089887,0.159735,1.500000,32.465962,17.793494,0.000000,circle,预设轨迹15,forward
1775478249.931038,27.899325,1775478263.870723|完整运动,完整运动,circle_orbit,1,1.000000,1.500000,1.500000,,,,,,,,,,,,,,,,1.276597,0.114223,1.208671,0.109510,0.000000,0.000000,-0.142676,,-0.079299,0.000000,,,,0.089474,0.159594,1.500000,32.491752,17.767705,0.000000,circle,预设轨迹15,forward
1775478249.959097,27.927384,1775478263.870723|完整运动,完整运动,circle_orbit,1,1.000000,1.500000,1.500000,,,,,,,,,,,,,,,,1.275516,0.113123,1.210615,0.104877,0.000000,0.000000,-0.144868,,-0.076957,0.000000,,,,0.088688,0.159459,1.500000,32.516870,17.742586,0.000000,circle,预设轨迹15,forward
1775478249.988101,27.956389,1775478263.870723|完整运动,完整运动,circle_orbit,1,1.000000,1.500000,1.500000,,,,,,,,,,,,,,,,1.274449,0.109583,1.210465,0.083030,0.000000,0.000000,-0.150572,,-0.074201,0.000000,,,,0.085985,0.159325,1.500000,32.566135,17.693322,0.000000,circle,预设轨迹15,forward
1775478250.008675,27.976962,1775478263.870723|完整运动,完整运动,circle_orbit,1,1.000000,1.500000,1.500000,,,,,,,,,,,,,,,,1.273385,0.108329,1.209498,0.098929,0.000000,0.000000,-0.153189,,-0.073511,0.000000,,,,0.085072,0.159192,1.500000,32.591134,17.668323,0.000000,circle,预设轨迹15,forward
1775478250.029433,27.997720,1775478263.870723|完整运动,完整运动,circle_orbit,1,1.000000,1.500000,1.500000,,,,,,,,,,,,,,,,1.272320,0.107205,1.208423,0.098768,0.000000,0.000000,-0.155651,,-0.072970,0.000000,,,,0.084259,0.159059,1.500000,32.616302,17.643154,0.000000,circle,预设轨迹15,forward
1775478250.057871,28.026158,1775478263.870723|完整运动,完整运动,circle_orbit,1,1.000000,1.500000,1.500000,,,,,,,,,,,,,,,,1.271257,0.106238,1.207531,0.098987,0.000000,0.000000,-0.157909,,-0.072414,0.000000,,,,0.083569,0.158926,1.500000,32.641152,17.618304,0.000000,circle,预设轨迹15,forward
1775478250.079870,28.048158,1775478263.870723|完整运动,完整运动,circle_orbit,1,1.000000,1.500000,1.500000,,,,,,,,,,,,,,,,1.270198,0.105357,1.206632,0.098750,0.000000,0.000000,-0.160057,,-0.071917,0.000000,,,,0.082945,0.158794,1.500000,32.666045,17.593412,0.000000,circle,预设轨迹15,forward
1775478250.100366,28.068654,1775478263.870723|完整运动,完整运动,circle_orbit,1,1.000000,1.500000,1.500000,,,,,,,,,,,,,,,,1.269122,0.103336,1.204565,0.088176,0.000000,0.000000,-0.163837,,-0.071361,0.000000,,,,0.081423,0.158659,1.500000,32.716403,17.543054,0.000000,circle,预设轨迹15,forward
1775478250.133636,28.101923,1775478263.870723|完整运动,完整运动,circle_orbit,1,1.000000,1.500000,1.500000,,,,,,,,,,,,,,,,1.268059,0.102889,1.204275,0.099543,0.000000,0.000000,-0.165447,,-0.070744,0.000000,,,,0.081139,0.158526,1.500000,32.742036,17.517420,0.000000,circle,预设轨迹15,forward
1775478250.161324,28.129611,1775478263.870723|完整运动,完整运动,circle_orbit,1,1.000000,1.500000,1.500000,,,,,,,,,,,,,,,,1.267018,0.102427,1.204553,0.098962,0.000000,0.000000,-0.167062,,-0.069756,0.000000,,,,0.080841,0.158396,1.500000,32.767941,17.491515,0.000000,circle,预设轨迹15,forward
1775478250.191016,28.159303,1775478263.870723|完整运动,完整运动,circle_orbit,1,1.000000,1.500000,1.500000,,,,,,,,,,,,,,,,1.265987,0.102033,1.204157,0.099077,0.000000,0.000000,-0.168565,,-0.069260,0.000000,,,,0.080596,0.158267,1.500000,32.793910,17.465547,0.000000,circle,预设轨迹15,forward
1775478250.211436,28.179723,1775478263.870723|完整运动,完整运动,circle_orbit,1,1.000000,1.500000,1.500000,,,,,,,,,,,,,,,,1.264982,0.101209,1.204636,0.095031,0.000000,0.000000,-0.170664,,-0.067901,0.000000,,,,0.080009,0.158142,1.500000,32.846319,17.413137,0.000000,circle,预设轨迹15,forward
1775478250.240223,28.208510,1775478263.870723|完整运动,完整运动,circle_orbit,1,1.000000,1.500000,1.500000,,,,,,,,,,,,,,,,1.264008,0.101337,1.205612,0.102294,0.000000,0.000000,-0.171419,,-0.066894,0.000000,,,,0.080171,0.158020,1.500000,32.872733,17.386724,0.000000,circle,预设轨迹15,forward
1775478250.262703,28.230991,1775478263.870723|完整运动,完整运动,circle_orbit,1,1.000000,1.500000,1.500000,,,,,,,,,,,,,,,,1.263073,0.101396,1.206961,0.101841,0.000000,0.000000,-0.172230,,-0.065619,0.000000,,,,0.080278,0.157903,1.500000,32.898971,17.360486,0.000000,circle,预设轨迹15,forward
1775478250.283123,28.251410,1775478263.870723|完整运动,完整运动,circle_orbit,1,1.000000,1.500000,1.500000,,,,,,,,,,,,,,,,1.262204,0.099624,1.210024,0.086328,0.000000,0.000000,-0.175623,,-0.061956,0.000000,,,,0.078928,0.157794,1.500000,32.951786,17.307670,0.000000,circle,预设轨迹15,forward
1775478250.305215,28.273502,1775478263.870723|完整运动,完整运动,circle_orbit,1,1.000000,1.500000,1.500000,,,,,,,,,,,,,,,,1.261348,0.100281,1.210024,0.105215,0.000000,0.000000,-0.175623,,-0.061956,0.000000,,,,0.079503,0.157687,1.500000,32.951786,17.307670,0.000000,circle,预设轨迹15,forward
1775478250.330620,28.298907,1775478263.870723|完整运动,完整运动,circle_orbit,1,1.000000,1.500000,1.500000,,,,,,,,,,,,,,,,1.260488,0.097459,1.208891,0.076290,0.000000,0.000000,-0.180510,,-0.060238,0.000000,,,,0.077318,0.157580,1.500000,33.005528,17.253929,0.000000,circle,预设轨迹15,forward
1775478250.351039,28.319326,1775478263.870723|完整运动,完整运动,circle_orbit,1,1.000000,1.500000,1.500000,,,,,,,,,,,,,,,,1.259642,0.098159,1.208891,0.103411,0.000000,0.000000,-0.180510,,-0.060238,0.000000,,,,0.077926,0.157474,1.500000,33.005528,17.253929,0.000000,circle,预设轨迹15,forward
1775478250.376839,28.345126,1775478263.870723|完整运动,完整运动,circle_orbit,1,1.000000,1.500000,1.500000,,,,,,,,,,,,,,,,1.258755,0.095389,1.205510,0.074613,0.000000,0.000000,-0.185373,,-0.059981,0.000000,,,,0.075780,0.157363,1.500000,33.059240,17.200217,0.000000,circle,预设轨迹15,forward
1775478250.403589,28.371876,1775478263.870723|完整运动,完整运动,circle_orbit,1,1.000000,1.500000,1.500000,,,,,,,,,,,,,,,,1.257864,0.094326,1.204414,0.086353,0.000000,0.000000,-0.187931,,-0.059410,0.000000,,,,0.074989,0.157252,1.500000,33.086238,17.173219,0.000000,circle,预设轨迹15,forward
1775478250.424649,28.392936,1775478263.870723|完整运动,完整运动,circle_orbit,1,1.000000,1.500000,1.500000,,,,,,,,,,,,,,,,1.256958,0.091790,1.202568,0.072767,0.000000,0.000000,-0.192611,,-0.058265,0.000000,,,,0.073025,0.157139,1.500000,33.140079,17.119378,0.000000,circle,预设轨迹15,forward
1775478250.446483,28.414770,1775478263.870723|完整运动,完整运动,circle_orbit,1,1.000000,1.500000,1.500000,,,,,,,,,,,,,,,,1.256060,0.091136,1.202214,0.086232,0.000000,0.000000,-0.194717,,-0.057441,0.000000,,,,0.072557,0.157026,1.500000,33.166899,17.092557,0.000000,circle,预设轨迹15,forward
1775478250.467514,28.435801,1775478263.870723|完整运动,完整运动,circle_orbit,1,1.000000,1.500000,1.500000,,,,,,,,,,,,,,,,1.255169,0.090735,1.201724,0.087729,0.000000,0.000000,-0.196457,,-0.056889,0.000000,,,,0.072289,0.156915,1.500000,33.193509,17.065948,0.000000,circle,预设轨迹15,forward
1775478250.501533,28.469820,1775478263.870723|完整运动,完整运动,circle_orbit,1,1.000000,1.500000,1.500000,,,,,,,,,,,,,,,,1.254293,0.091542,1.201724,0.097591,0.000000,0.000000,-0.196457,,-0.056889,0.000000,,,,0.072983,0.156805,1.500000,33.193509,17.065948,0.000000,circle,预设轨迹15,forward
1775478250.537186,28.505473,1775478263.870723|完整运动,完整运动,circle_orbit,1,1.000000,1.500000,1.500000,,,,,,,,,,,,,,,,1.253429,0.090029,1.201576,0.078685,0.000000,0.000000,-0.199676,,-0.055375,0.000000,,,,0.071826,0.156697,1.500000,33.271745,16.987712,0.000000,circle,预设轨迹15,forward
1775478250.561658,28.529945,1775478263.870723|完整运动,完整运动,circle_orbit,1,1.000000,1.500000,1.500000,,,,,,,,,,,,,,,,1.252589,0.090131,1.202219,0.090898,0.000000,0.000000,-0.200650,,-0.054471,0.000000,,,,0.071956,0.156592,1.500000,33.297442,16.962015,0.000000,circle,预设轨迹15,forward
1775478250.582048,28.550335,1775478263.870723|完整运动,完整运动,circle_orbit,1,1.000000,1.500000,1.500000,,,,,,,,,,,,,,,,1.251754,0.090002,1.201625,0.089029,0.000000,0.000000,-0.201910,,-0.054226,0.000000,,,,0.071900,0.156488,1.500000,33.348569,16.910888,0.000000,circle,预设轨迹15,forward
1775478250.607266,28.575553,1775478263.870723|完整运动,完整运动,circle_orbit,1,1.000000,1.500000,1.500000,,,,,,,,,,,,,,,,1.250934,0.090467,1.201724,0.093958,0.000000,0.000000,-0.202296,,-0.053969,0.000000,,,,0.072320,0.156385,1.500000,33.374235,16.885222,0.000000,circle,预设轨迹15,forward
1775478250.632612,28.600899,1775478263.870723|完整运动,完整运动,circle_orbit,1,1.000000,1.500000,1.500000,,,,,,,,,,,,,,,,1.250136,0.090764,1.202282,0.092987,0.000000,0.000000,-0.202866,,-0.053322,0.000000,,,,0.072603,0.156286,1.500000,33.399908,16.859549,0.000000,circle,预设轨迹15,forward
1775478250.653497,28.621784,1775478263.870723|完整运动,完整运动,circle_orbit,1,1.000000,1.500000,1.500000,,,,,,,,,,,,,,,,1.249352,0.090909,1.202317,0.091997,0.000000,0.000000,-0.203605,,-0.052930,0.000000,,,,0.072765,0.156188,1.500000,33.425584,16.833873,0.000000,circle,预设轨迹15,forward
1775478250.685015,28.653302,1775478263.870723|完整运动,完整运动,circle_orbit,1,1.000000,1.500000,1.500000,,,,,,,,,,,,,,,,1.248570,0.091136,1.201642,0.092841,0.000000,0.000000,-0.204192,,-0.053074,0.000000,,,,0.072992,0.156090,1.500000,33.451070,16.808386,0.000000,circle,预设轨迹15,forward
1775478250.707490,28.675778,1775478263.870723|完整运动,完整运动,circle_orbit,1,1.000000,1.500000,1.500000,,,,,,,,,,,,,,,,1.247807,0.090782,1.202025,0.088127,0.000000,0.000000,-0.205573,,-0.052135,0.000000,,,,0.072753,0.155995,1.500000,33.502067,16.757389,0.000000,circle,预设轨迹15,forward
1775478250.727910,28.696197,1775478263.870723|完整运动,完整运动,circle_orbit,1,1.000000,1.500000,1.500000,,,,,,,,,,,,,,,,1.247045,0.090789,1.201330,0.090840,0.000000,0.000000,-0.206437,,-0.052154,0.000000,,,,0.072803,0.155899,1.500000,33.527467,16.731990,0.000000,circle,预设轨迹15,forward
1775478250.760590,28.728877,1775478263.870723|完整运动,完整运动,circle_orbit,1,1.000000,1.500000,1.500000,,,,,,,,,,,,,,,,1.246293,0.090650,1.201183,0.089612,0.000000,0.000000,-0.207487,,-0.051725,0.000000,,,,0.072736,0.155805,1.500000,33.552966,16.706490,0.000000,circle,预设轨迹15,forward
1775478250.790085,28.758372,1775478263.870723|完整运动,完整运动,circle_orbit,1,1.000000,1.500000,1.500000,,,,,,,,,,,,,,,,1.245508,0.089726,1.198375,0.082793,0.000000,0.000000,-0.209639,,-0.052477,0.000000,,,,0.072040,0.155707,1.500000,33.603820,16.655637,0.000000,circle,预设轨迹15,forward
1775478250.811142,28.779429,1775478263.870723|完整运动,完整运动,circle_orbit,1,1.000000,1.500000,1.500000,,,,,,,,,,,,,,,,1.244713,0.089469,1.197007,0.087546,0.000000,0.000000,-0.210871,,-0.052755,0.000000,,,,0.071880,0.155608,1.500000,33.629174,16.630283,0.000000,circle,预设轨迹15,forward
1775478250.832452,28.800739,1775478263.870723|完整运动,完整运动,circle_orbit,1,1.000000,1.500000,1.500000,,,,,,,,,,,,,,,,1.243919,0.089164,1.196301,0.086871,0.000000,0.000000,-0.212166,,-0.052570,0.000000,,,,0.071680,0.155509,1.500000,33.654620,16.604837,0.000000,circle,预设轨迹15,forward
1775478250.868149,28.836436,1775478263.870723|完整运动,完整运动,circle_orbit,1,1.000000,1.500000,1.500000,,,,,,,,,,,,,,,,1.243085,0.087895,1.193058,0.078382,0.000000,0.000000,-0.214823,,-0.053371,0.000000,,,,0.070707,0.155404,1.500000,33.705526,16.553931,0.000000,circle,预设轨迹15,forward
1775478250.896779,28.865066,1775478263.870723|完整运动,完整运动,circle_orbit,1,1.000000,1.500000,1.500000,,,,,,,,,,,,,,,,1.242246,0.087700,1.191860,0.086239,0.000000,0.000000,-0.216001,,-0.053572,0.000000,,,,0.070598,0.155299,1.500000,33.731221,16.528236,0.000000,circle,预设轨迹15,forward
1775478250.925496,28.893784,1775478263.870723|完整运动,完整运动,circle_orbit,1,1.000000,1.500000,1.500000,,,,,,,,,,,,,,,,1.241413,0.087575,1.191468,0.086631,0.000000,0.000000,-0.217069,,-0.053297,0.000000,,,,0.070544,0.155195,1.500000,33.756834,16.502622,0.000000,circle,预设轨迹15,forward
1775478250.946054,28.914341,1775478263.870723|完整运动,完整运动,circle_orbit,1,1.000000,1.500000,1.500000,,,,,,,,,,,,,,,,1.240590,0.086846,1.191172,0.081382,0.000000,0.000000,-0.218981,,-0.052536,0.000000,,,,0.070004,0.155092,1.500000,33.808291,16.451166,0.000000,circle,预设轨迹15,forward
1775478250.977172,28.945459,1775478263.870723|完整运动,完整运动,circle_orbit,1,1.000000,1.500000,1.500000,,,,,,,,,,,,,,,,1.239784,0.087017,1.191422,0.088303,0.000000,0.000000,-0.219633,,-0.052045,0.000000,,,,0.070188,0.154992,1.500000,33.834171,16.425286,0.000000,circle,预设轨迹15,forward
1775478251.012626,28.980913,1775478263.870723|完整运动,完整运动,circle_orbit,1,1.000000,1.500000,1.500000,,,,,,,,,,,,,,,,1.239010,0.086910,1.192583,0.086102,0.000000,0.000000,-0.220653,,-0.050769,0.000000,,,,0.070144,0.154895,1.500000,33.885978,16.373479,0.000000,circle,预设轨迹15,forward
1775478251.046219,29.014506,1775478263.870723|完整运动,完整运动,circle_orbit,1,1.000000,1.500000,1.500000,,,,,,,,,,,,,,,,1.238280,0.087058,1.194474,0.088170,0.000000,0.000000,-0.221301,,-0.049201,0.000000,,,,0.070306,0.154804,1.500000,33.911913,16.347544,0.000000,circle,预设轨迹15,forward
1775478251.069689,29.037977,1775478263.870723|完整运动,完整运动,circle_orbit,1,1.000000,1.500000,1.500000,,,,,,,,,,,,,,,,1.237598,0.086487,1.196673,0.082206,0.000000,0.000000,-0.222952,,-0.046933,0.000000,,,,0.069883,0.154718,1.500000,33.963868,16.295589,0.000000,circle,预设轨迹15,forward
1775478251.091070,29.059357,1775478263.870723|完整运动,完整运动,circle_orbit,1,1.000000,1.500000,1.500000,,,,,,,,,,,,,,,,1.236926,0.086627,1.196627,0.087679,0.000000,0.000000,-0.223605,,-0.046636,0.000000,,,,0.070034,0.154634,1.500000,33.989785,16.269671,0.000000,circle,预设轨迹15,forward
1775478251.122274,29.090561,1775478263.870723|完整运动,完整运动,circle_orbit,1,1.000000,1.500000,1.500000,,,,,,,,,,,,,,,,1.236281,0.086731,1.197573,0.087505,0.000000,0.000000,-0.224288,,-0.045676,0.000000,,,,0.070155,0.154554,1.500000,34.015677,16.243779,0.000000,circle,预设轨迹15,forward
1775478251.143628,29.111915,1775478263.870723|完整运动,完整运动,circle_orbit,1,1.000000,1.500000,1.500000,,,,,,,,,,,,,,,,1.235654,0.086388,1.198017,0.083816,0.000000,0.000000,-0.225586,,-0.044737,0.000000,,,,0.069913,0.154475,1.500000,34.066757,16.192699,0.000000,circle,预设轨迹15,forward
1775478251.164375,29.132662,1775478263.870723|完整运动,完整运动,circle_orbit,1,1.000000,1.500000,1.500000,,,,,,,,,,,,,,,,1.235051,0.086510,1.198923,0.087430,0.000000,0.000000,-0.226227,,-0.043825,0.000000,,,,0.070046,0.154400,1.500000,34.092201,16.167255,0.000000,circle,预设轨迹15,forward
1775478251.188202,29.156489,1775478263.870723|完整运动,完整运动,circle_orbit,1,1.000000,1.500000,1.500000,,,,,,,,,,,,,,,,1.234450,0.086289,1.198345,0.084633,0.000000,0.000000,-0.227335,,-0.043648,0.000000,,,,0.069901,0.154325,1.500000,34.116723,16.142734,0.000000,circle,预设轨迹15,forward
1775478251.218364,29.186651,1775478263.870723|完整运动,完整运动,circle_orbit,1,1.000000,1.500000,1.500000,,,,,,,,,,,,,,,,1.233856,0.085935,1.198220,0.083277,0.000000,0.000000,-0.228631,,-0.043081,0.000000,,,,0.069648,0.154250,1.500000,34.141212,16.118245,0.000000,circle,预设轨迹15,forward
1775478251.238850,29.207137,1775478263.870723|完整运动,完整运动,circle_orbit,1,1.000000,1.500000,1.500000,,,,,,,,,,,,,,,,1.233280,0.084604,1.198718,0.074621,0.000000,0.000000,-0.231328,,-0.041407,0.000000,,,,0.068601,0.154178,1.500000,34.190209,16.069248,0.000000,circle,预设轨迹15,forward
1775478251.261395,29.229682,1775478263.870723|完整运动,完整运动,circle_orbit,1,1.000000,1.500000,1.500000,,,,,,,,,,,,,,,,1.232720,0.084229,1.199156,0.081415,0.000000,0.000000,-0.232729,,-0.040421,0.000000,,,,0.068328,0.154109,1.500000,34.214921,16.044536,0.000000,circle,预设轨迹15,forward
1775478251.287726,29.256013,1775478263.870723|完整运动,完整运动,circle_orbit,1,1.000000,1.500000,1.500000,,,,,,,,,,,,,,,,1.232170,0.084839,1.199156,0.089413,0.000000,0.000000,-0.232729,,-0.040421,0.000000,,,,0.068853,0.154040,1.500000,34.214921,16.044536,0.000000,circle,预设轨迹15,forward
1775478251.323811,29.292099,1775478263.870723|完整运动,完整运动,circle_orbit,1,1.000000,1.500000,1.500000,,,,,,,,,,,,,,,,1.231661,0.082758,1.201134,0.067151,0.000000,0.000000,-0.236518,,-0.037239,0.000000,,,,0.067192,0.153976,1.500000,34.264420,15.995036,0.000000,circle,预设轨迹15,forward
1775478251.344475,29.312762,1775478263.870723|完整运动,完整运动,circle_orbit,1,1.000000,1.500000,1.500000,,,,,,,,,,,,,,,,1.231171,0.080185,1.201761,0.060889,0.000000,0.000000,-0.241120,,-0.034530,0.000000,,,,0.065129,0.153915,1.500000,34.314110,15.945347,0.000000,circle,预设轨迹15,forward
1775478251.370461,29.338748,1775478263.870723|完整运动,完整运动,circle_orbit,1,1.000000,1.500000,1.500000,,,,,,,,,,,,,,,,1.230684,0.079353,1.201466,0.073110,0.000000,0.000000,-0.243372,,-0.033596,0.000000,,,,0.064479,0.153854,1.500000,34.339369,15.920088,0.000000,circle,预设轨迹15,forward
1775478251.393266,29.361554,1775478263.870723|完整运动,完整运动,circle_orbit,1,1.000000,1.500000,1.500000,,,,,,,,,,,,,,,,1.230198,0.078663,1.201009,0.073488,0.000000,0.000000,-0.245442,,-0.032858,0.000000,,,,0.063943,0.153793,1.500000,34.364841,15.894615,0.000000,circle,预设轨迹15,forward
1775478251.413792,29.382079,1775478263.870723|完整运动,完整运动,circle_orbit,1,1.000000,1.500000,1.500000,,,,,,,,,,,,,,,,1.229722,0.078131,1.201187,0.074143,0.000000,0.000000,-0.247301,,-0.031813,0.000000,,,,0.063536,0.153734,1.500000,34.390388,15.869068,0.000000,circle,预设轨迹15,forward
1775478251.447423,29.415710,1775478263.870723|完整运动,完整运动,circle_orbit,1,1.000000,1.500000,1.500000,,,,,,,,,,,,,,,,1.229262,0.077719,1.201632,0.074625,0.000000,0.000000,-0.248997,,-0.030676,0.000000,,,,0.063224,0.153676,1.500000,34.415947,15.843510,0.000000,circle,预设轨迹15,forward
1775478251.474632,29.442919,1775478263.870723|完整运动,完整运动,circle_orbit,1,1.000000,1.500000,1.500000,,,,,,,,,,,,,,,,1.228845,0.076736,1.203862,0.069366,0.000000,0.000000,-0.251509,,-0.027975,0.000000,,,,0.062446,0.153624,1.500000,34.467264,15.792193,0.000000,circle,预设轨迹15,forward
1775478251.495098,29.463386,1775478263.870723|完整运动,完整运动,circle_orbit,1,1.000000,1.500000,1.500000,,,,,,,,,,,,,,,,1.228454,0.076795,1.204958,0.077239,0.000000,0.000000,-0.252570,,-0.026735,0.000000,,,,0.062514,0.153575,1.500000,34.493360,15.766096,0.000000,circle,预设轨迹15,forward
1775478251.522936,29.491223,1775478263.870723|完整运动,完整运动,circle_orbit,1,1.000000,1.500000,1.500000,,,,,,,,,,,,,,,,1.228080,0.076904,1.205677,0.077717,0.000000,0.000000,-0.253532,,-0.025790,0.000000,,,,0.062621,0.153528,1.500000,34.519258,15.740198,0.000000,circle,预设轨迹15,forward
1775478251.544365,29.512653,1775478263.870723|完整运动,完整运动,circle_orbit,1,1.000000,1.500000,1.500000,,,,,,,,,,,,,,,,1.227756,0.076377,1.208277,0.072428,0.000000,0.000000,-0.255376,,-0.023195,0.000000,,,,0.062209,0.153488,1.500000,34.570813,15.688644,0.000000,circle,预设轨迹15,forward
1775478251.566856,29.535143,1775478263.870723|完整运动,完整运动,circle_orbit,1,1.000000,1.500000,1.500000,,,,,,,,,,,,,,,,1.227463,0.076460,1.209900,0.077086,0.000000,0.000000,-0.256363,,-0.021661,0.000000,,,,0.062291,0.153451,1.500000,34.596534,15.662923,0.000000,circle,预设轨迹15,forward
1775478251.597609,29.565896,1775478263.870723|完整运动,完整运动,circle_orbit,1,1.000000,1.500000,1.500000,,,,,,,,,,,,,,,,1.227202,0.076428,1.211544,0.076188,0.000000,0.000000,-0.257491,,-0.020045,0.000000,,,,0.062279,0.153419,1.500000,34.622388,15.637068,0.000000,circle,预设轨迹15,forward
1775478251.627456,29.595743,1775478263.870723|完整运动,完整运动,circle_orbit,1,1.000000,1.500000,1.500000,,,,,,,,,,,,,,,,1.226964,0.076259,1.212678,0.074986,0.000000,0.000000,-0.258799,,-0.018667,0.000000,,,,0.062152,0.153389,1.500000,34.648065,15.611392,0.000000,circle,预设轨迹15,forward
1775478251.648006,29.616294,1775478263.870723|完整运动,完整运动,circle_orbit,1,1.000000,1.500000,1.500000,,,,,,,,,,,,,,,,1.226738,0.075136,1.213209,0.066718,0.000000,0.000000,-0.261458,,-0.017000,0.000000,,,,0.061249,0.153361,1.500000,34.698486,15.560970,0.000000,circle,预设轨迹15,forward
1775478251.673710,29.641998,1775478263.870723|完整运动,完整运动,circle_orbit,1,1.000000,1.500000,1.500000,,,,,,,,,,,,,,,,1.226525,0.074940,1.213753,0.073466,0.000000,0.000000,-0.262846,,-0.015959,0.000000,,,,0.061099,0.153334,1.500000,34.723520,15.535937,0.000000,circle,预设轨迹15,forward
1775478251.703101,29.671388,1775478263.870723|完整运动,完整运动,circle_orbit,1,1.000000,1.500000,1.500000,,,,,,,,,,,,,,,,1.226322,0.074624,1.214146,0.072256,0.000000,0.000000,-0.264396,,-0.014934,0.000000,,,,0.060852,0.153309,1.500000,34.748577,15.510880,0.000000,circle,预设轨迹15,forward
1775478251.723507,29.691795,1775478263.870723|完整运动,完整运动,circle_orbit,1,1.000000,1.500000,1.500000,,,,,,,,,,,,,,,,1.226121,0.073489,1.214019,0.064974,0.000000,0.000000,-0.267113,,-0.013656,0.000000,,,,0.059936,0.153283,1.500000,34.798839,15.460617,0.000000,circle,预设轨迹15,forward
1775478251.748224,29.716511,1775478263.870723|完整运动,完整运动,circle_orbit,1,1.000000,1.500000,1.500000,,,,,,,,,,,,,,,,1.225922,0.074292,1.214019,0.080316,0.000000,0.000000,-0.267113,,-0.013656,0.000000,,,,0.060601,0.153259,1.500000,34.798839,15.460617,0.000000,circle,预设轨迹15,forward
1775478251.779264,29.747552,1775478263.870723|完整运动,完整运动,circle_orbit,1,1.000000,1.500000,1.500000,,,,,,,,,,,,,,,,1.225698,0.073812,1.212233,0.070211,0.000000,0.000000,-0.268869,,-0.013916,0.000000,,,,0.060220,0.153231,1.500000,34.848937,15.410520,0.000000,circle,预设轨迹15,forward
1775478251.799740,29.768027,1775478263.870723|完整运动,完整运动,circle_orbit,1,1.000000,1.500000,1.500000,,,,,,,,,,,,,,,,1.225512,0.073506,1.214360,0.071213,0.000000,0.000000,-0.270392,,-0.011799,0.000000,,,,0.059980,0.153207,1.500000,34.899424,15.360033,0.000000,circle,预设轨迹15,forward
1775478251.825626,29.793913,1775478263.870723|完整运动,完整运动,circle_orbit,1,1.000000,1.500000,1.500000,,,,,,,,,,,,,,,,1.225348,0.073799,1.215476,0.075996,0.000000,0.000000,-0.271065,,-0.010754,0.000000,,,,0.060227,0.153187,1.500000,34.924864,15.334593,0.000000,circle,预设轨迹15,forward
1775478251.851881,29.820168,1775478263.870723|完整运动,完整运动,circle_orbit,1,1.000000,1.500000,1.500000,,,,,,,,,,,,,,,,1.225209,0.074010,1.216876,0.075593,0.000000,0.000000,-0.271822,,-0.009488,0.000000,,,,0.060406,0.153169,1.500000,34.950463,15.308994,0.000000,circle,预设轨迹15,forward
1775478251.873068,29.841355,1775478263.870723|完整运动,完整运动,circle_orbit,1,1.000000,1.500000,1.500000,,,,,,,,,,,,,,,,1.225095,0.074294,1.218267,0.076418,0.000000,0.000000,-0.272452,,-0.008293,0.000000,,,,0.060643,0.153155,1.500000,34.976070,15.283387,0.000000,circle,预设轨迹15,forward
1775478251.908569,29.876856,1775478263.870723|完整运动,完整运动,circle_orbit,1,1.000000,1.500000,1.500000,,,,,,,,,,,,,,,,1.225014,0.074478,1.220154,0.075862,0.000000,0.000000,-0.273196,,-0.006731,0.000000,,,,0.060798,0.153145,1.500000,35.002003,15.257453,0.000000,circle,预设轨迹15,forward
1775478251.929193,29.897480,1775478263.870723|完整运动,完整运动,circle_orbit,1,1.000000,1.500000,1.500000,,,,,,,,,,,,,,,,1.224970,0.074098,1.222352,0.071247,0.000000,0.000000,-0.274728,,-0.004584,0.000000,,,,0.060490,0.153140,1.500000,35.053701,15.205756,0.000000,circle,预设轨迹15,forward
1775478251.949807,29.918094,1775478263.870723|完整运动,完整运动,circle_orbit,1,1.000000,1.500000,1.500000,,,,,,,,,,,,,,,,1.224945,0.074303,1.223415,0.075838,0.000000,0.000000,-0.275440,,-0.003562,0.000000,,,,0.060658,0.153136,1.500000,35.079459,15.179997,0.000000,circle,预设轨迹15,forward
1775478251.985046,29.953334,1775478263.870723|完整运动,完整运动,circle_orbit,1,1.000000,1.500000,1.500000,,,,,,,,,,,,,,,,1.224929,0.074504,1.223955,0.076016,0.000000,0.000000,-0.276133,,-0.002876,0.000000,,,,0.060823,0.153134,1.500000,35.105009,15.154447,0.000000,circle,预设轨迹15,forward
1775478252.019140,29.987427,1775478263.870723|完整运动,完整运动,circle_orbit,1,1.000000,1.500000,1.500000,,,,,,,,,,,,,,,,1.224951,0.074765,1.226298,0.076723,0.000000,0.000000,-0.276725,,-0.001117,0.000000,,,,0.061035,0.153137,1.500000,35.156848,15.102608,0.000000,circle,预设轨迹15,forward
1775478252.040017,30.008304,1775478263.870723|完整运动,完整运动,circle_orbit,1,1.000000,1.500000,1.500000,,,,,,,,,,,,,,,,1.225002,0.075844,1.228061,0.083930,0.000000,0.000000,-0.276132,,-0.000316,0.000000,,,,0.061913,0.153144,1.500000,35.208461,15.050995,0.000000,circle,预设轨迹15,forward
1775478252.066217,30.034505,1775478263.870723|完整运动,完整运动,circle_orbit,1,1.000000,1.500000,1.500000,,,,,,,,,,,,,,,,1.225059,0.076928,1.228499,0.085064,0.000000,0.000000,-0.275458,,-0.000381,0.000000,,,,0.062796,0.153151,1.500000,35.233919,15.025538,0.000000,circle,预设轨迹15,forward
1775478252.097955,30.066242,1775478263.870723|完整运动,完整运动,circle_orbit,1,1.000000,1.500000,1.500000,,,,,,,,,,,,,,,,1.225116,0.077492,1.228499,0.081722,0.000000,0.000000,-0.275458,,-0.000381,0.000000,,,,0.063253,0.153158,1.500000,35.233919,15.025538,0.000000,circle,预设轨迹15,forward
1775478252.119661,30.087949,1775478263.870723|完整运动,完整运动,circle_orbit,1,1.000000,1.500000,1.500000,,,,,,,,,,,,,,,,1.225094,0.078996,1.223817,0.090277,0.000000,0.000000,-0.274102,,0.003978,0.000000,,,,0.064482,0.153155,1.500000,35.309252,14.950205,0.000000,circle,预设轨迹15,forward
1775478252.142537,30.110825,1775478263.870723|完整运动,完整运动,circle_orbit,1,1.000000,1.500000,1.500000,,,,,,,,,,,,,,,,1.225050,0.079612,1.222397,0.084229,0.000000,0.000000,-0.273927,,0.004956,0.000000,,,,0.064987,0.153150,1.500000,35.334338,14.925119,0.000000,circle,预设轨迹15,forward
1775478252.166835,30.135122,1775478263.870723|完整运动,完整运动,circle_orbit,1,1.000000,1.500000,1.500000,,,,,,,,,,,,,,,,1.225007,0.080082,1.222397,0.083606,0.000000,0.000000,-0.273927,,0.004956,0.000000,,,,0.065373,0.153144,1.500000,35.334338,14.925119,0.000000,circle,预设轨迹15,forward
1775478252.187227,30.155515,1775478263.870723|完整运动,完整运动,circle_orbit,1,1.000000,1.500000,1.500000,,,,,,,,,,,,,,,,1.224927,0.080799,1.220121,0.086180,0.000000,0.000000,-0.273558,,0.006571,0.000000,,,,0.065962,0.153134,1.500000,35.384151,14.875305,0.000000,circle,预设轨迹15,forward
1775478252.208393,30.176680,1775478263.870723|完整运动,完整运动,circle_orbit,1,1.000000,1.500000,1.500000,,,,,,,,,,,,,,,,1.224823,0.081298,1.218602,0.085042,0.000000,0.000000,-0.273466,,0.007575,0.000000,,,,0.066376,0.153121,1.500000,35.408660,14.850796,0.000000,circle,预设轨迹15,forward
1775478252.246567,30.214854,1775478263.870723|完整运动,完整运动,circle_orbit,1,1.000000,1.500000,1.500000,,,,,,,,,,,,,,,,1.224695,0.081540,1.216998,0.083355,0.000000,0.000000,-0.273720,,0.008462,0.000000,,,,0.066580,0.153105,1.500000,35.433634,14.825822,0.000000,circle,预设轨迹15,forward
1775478252.268677,30.236965,1775478263.870723|完整运动,完整运动,circle_orbit,1,1.000000,1.500000,1.500000,,,,,,,,,,,,,,,,1.224494,0.081498,1.212436,0.081179,0.000000,0.000000,-0.274380,,0.011030,0.000000,,,,0.066556,0.153080,1.500000,35.484143,14.775313,0.000000,circle,预设轨迹15,forward
1775478252.292761,30.261048,1775478263.870723|完整运动,完整运动,circle_orbit,1,1.000000,1.500000,1.500000,,,,,,,,,,,,,,,,1.224239,0.081478,1.208952,0.081333,0.000000,0.000000,-0.275021,,0.012938,0.000000,,,,0.066554,0.153048,1.500000,35.510106,14.749350,0.000000,circle,预设轨迹15,forward
1775478252.320043,30.288330,1775478263.870723|完整运动,完整运动,circle_orbit,1,1.000000,1.500000,1.500000,,,,,,,,,,,,,,,,1.223933,0.081376,1.205571,0.080610,0.000000,0.000000,-0.275792,,0.014728,0.000000,,,,0.066488,0.153010,1.500000,35.536177,14.723280,0.000000,circle,预设轨迹15,forward
1775478252.342065,30.310352,1775478263.870723|完整运动,完整运动,circle_orbit,1,1.000000,1.500000,1.500000,,,,,,,,,,,,,,,,1.223563,0.080845,1.201394,0.076861,0.000000,0.000000,-0.277188,,0.016733,0.000000,,,,0.066073,0.152964,1.500000,35.588392,14.671065,0.000000,circle,预设轨迹15,forward
1775478252.366334,30.334622,1775478263.870723|完整运动,完整运动,circle_orbit,1,1.000000,1.500000,1.500000,,,,,,,,,,,,,,,,1.223203,0.081346,1.201605,0.085099,0.000000,0.000000,-0.277145,,0.016618,0.000000,,,,0.066502,0.152919,1.500000,35.613897,14.645559,0.000000,circle,预设轨迹15,forward
1775478252.403383,30.371670,1775478263.870723|完整运动,完整运动,circle_orbit,1,1.000000,1.500000,1.500000,,,,,,,,,,,,,,,,1.222849,0.081795,1.201605,0.085165,0.000000,0.000000,-0.277145,,0.016618,0.000000,,,,0.066889,0.152874,1.500000,35.613897,14.645559,0.000000,circle,预设轨迹15,forward
1775478252.424329,30.392616,1775478263.870723|完整运动,完整运动,circle_orbit,1,1.000000,1.500000,1.500000,,,,,,,,,,,,,,,,1.222547,0.083580,1.204390,0.096971,0.000000,0.000000,-0.275214,,0.015779,0.000000,,,,0.068366,0.152837,1.500000,35.689191,14.570266,0.000000,circle,预设轨迹15,forward
1775478252.445975,30.414263,1775478263.870723|完整运动,完整运动,circle_orbit,1,1.000000,1.500000,1.500000,,,,,,,,,,,,,,,,1.222298,0.084877,1.207402,0.094598,0.000000,0.000000,-0.273873,,0.014507,0.000000,,,,0.069440,0.152806,1.500000,35.713963,14.545493,0.000000,circle,预设轨迹15,forward
1775478252.473082,30.441369,1775478263.870723|完整运动,完整运动,circle_orbit,1,1.000000,1.500000,1.500000,,,,,,,,,,,,,,,,1.222069,0.086067,1.208286,0.094996,0.000000,0.000000,-0.272616,,0.014568,0.000000,,,,0.070427,0.152777,1.500000,35.738936,14.520520,0.000000,circle,预设轨迹15,forward
1775478252.493746,30.462033,1775478263.870723|完整运动,完整运动,circle_orbit,1,1.000000,1.500000,1.500000,,,,,,,,,,,,,,,,1.221814,0.086831,1.206552,0.092563,0.000000,0.000000,-0.271912,,0.016035,0.000000,,,,0.071068,0.152745,1.500000,35.763631,14.495826,0.000000,circle,预设轨迹15,forward
1775478252.517465,30.485753,1775478263.870723|完整运动,完整运动,circle_orbit,1,1.000000,1.500000,1.500000,,,,,,,,,,,,,,,,1.221547,0.087440,1.205512,0.092001,0.000000,0.000000,-0.271401,,0.016961,0.000000,,,,0.071581,0.152712,1.500000,35.788250,14.471207,0.000000,circle,预设轨迹15,forward
1775478252.551559,30.519847,1775478263.870723|完整运动,完整运动,circle_orbit,1,1.000000,1.500000,1.500000,,,,,,,,,,,,,,,,1.221251,0.087824,1.203498,0.090708,0.000000,0.000000,-0.271191,,0.018368,0.000000,,,,0.071913,0.152675,1.500000,35.813295,14.446161,0.000000,circle,预设轨迹15,forward
1775478252.579547,30.547834,1775478263.870723|完整运动,完整运动,circle_orbit,1,1.000000,1.500000,1.500000,,,,,,,,,,,,,,,,1.220925,0.088122,1.201333,0.090353,0.000000,0.000000,-0.271100,,0.019817,0.000000,,,,0.072176,0.152634,1.500000,35.863974,14.395483,0.000000,circle,预设轨迹15,forward
1775478252.608730,30.577017,1775478263.870723|完整运动,完整运动,circle_orbit,1,1.000000,1.500000,1.500000,,,,,,,,,,,,,,,,1.220562,0.088318,1.198781,0.089792,0.000000,0.000000,-0.271154,,0.021451,0.000000,,,,0.072359,0.152589,1.500000,35.915548,14.343909,0.000000,circle,预设轨迹15,forward
1775478252.629402,30.597689,1775478263.870723|完整运动,完整运动,circle_orbit,1,1.000000,1.500000,1.500000,,,,,,,,,,,,,,,,1.220174,0.088404,1.196902,0.089048,0.000000,0.000000,-0.271368,,0.022572,0.000000,,,,0.072452,0.152540,1.500000,35.941422,14.318035,0.000000,circle,预设轨迹15,forward
1775478252.660316,30.628603,1775478263.870723|完整运动,完整运动,circle_orbit,1,1.000000,1.500000,1.500000,,,,,,,,,,,,,,,,1.219761,0.088463,1.194992,0.088907,0.000000,0.000000,-0.271629,,0.023693,0.000000,,,,0.072525,0.152488,1.500000,35.967106,14.292350,0.000000,circle,预设轨迹15,forward
1775478252.689616,30.657903,1775478263.870723|完整运动,完整运动,circle_orbit,1,1.000000,1.500000,1.500000,,,,,,,,,,,,,,,,1.219334,0.088539,1.193711,0.089110,0.000000,0.000000,-0.271873,,0.024413,0.000000,,,,0.072613,0.152435,1.500000,35.992710,14.266746,0.000000,circle,预设轨迹15,forward
1775478252.711491,30.679778,1775478263.870723|完整运动,完整运动,circle_orbit,1,1.000000,1.500000,1.500000,,,,,,,,,,,,,,,,1.218883,0.088935,1.191828,0.091905,0.000000,0.000000,-0.271669,,0.025756,0.000000,,,,0.072965,0.152379,1.500000,36.042985,14.216471,0.000000,circle,预设轨迹15,forward
1775478252.736243,30.704530,1775478263.870723|完整运动,完整运动,circle_orbit,1,1.000000,1.500000,1.500000,,,,,,,,,,,,,,,,1.218461,0.089663,1.193113,0.095121,0.000000,0.000000,-0.270975,,0.025256,0.000000,,,,0.073587,0.152326,1.500000,36.067829,14.191627,0.000000,circle,预设轨迹15,forward
1775478252.767275,30.735563,1775478263.870723|完整运动,完整运动,circle_orbit,1,1.000000,1.500000,1.500000,,,,,,,,,,,,,,,,1.218113,0.091520,1.197245,0.105443,0.000000,0.000000,-0.268633,,0.023715,0.000000,,,,0.075132,0.152282,1.500000,36.117208,14.142249,0.000000,circle,预设轨迹15,forward
1775478252.788148,30.756435,1775478263.870723|完整运动,完整运动,circle_orbit,1,1.000000,1.500000,1.500000,,,,,,,,,,,,,,,,1.217783,0.092678,1.198015,0.101365,0.000000,0.000000,-0.267188,,0.023934,0.000000,,,,0.076104,0.152241,1.500000,36.141768,14.117688,0.000000,circle,预设轨迹15,forward
1775478252.811327,30.779615,1775478263.870723|完整运动,完整运动,circle_orbit,1,1.000000,1.500000,1.500000,,,,,,,,,,,,,,,,1.217451,0.093692,1.197517,0.101302,0.000000,0.000000,-0.265899,,0.024904,0.000000,,,,0.076958,0.152200,1.500000,36.166553,14.092904,0.000000,circle,预设轨迹15,forward
1775478252.833050,30.801337,1775478263.870723|完整运动,完整运动,circle_orbit,1,1.000000,1.500000,1.500000,,,,,,,,,,,,,,,,1.217099,0.094550,1.195966,0.100978,0.000000,0.000000,-0.264796,,0.026471,0.000000,,,,0.077684,0.152156,1.500000,36.191720,14.067736,0.000000,circle,预设轨迹15,forward
1775478252.853416,30.821703,1775478263.870723|完整运动,完整运动,circle_orbit,1,1.000000,1.500000,1.500000,,,,,,,,,,,,,,,,1.216738,0.095358,1.195081,0.101419,0.000000,0.000000,-0.263735,,0.027582,0.000000,,,,0.078372,0.152110,1.500000,36.217189,14.042267,0.000000,circle,预设轨迹15,forward
1775478252.886693,30.854981,1775478263.870723|完整运动,完整运动,circle_orbit,1,1.000000,1.500000,1.500000,,,,,,,,,,,,,,,,1.216318,0.096322,1.191124,0.103555,0.000000,0.000000,-0.262434,,0.030839,0.000000,,,,0.079192,0.152058,1.500000,36.269102,13.990354,0.000000,circle,预设轨迹15,forward
1775478252.908686,30.876973,1775478263.870723|完整运动,完整运动,circle_orbit,1,1.000000,1.500000,1.500000,,,,,,,,,,,,,,,,1.215871,0.096569,1.189062,0.098418,0.000000,0.000000,-0.262123,,0.032359,0.000000,,,,0.079424,0.152002,1.500000,36.295385,13.964071,0.000000,circle,预设轨迹15,forward
1775478252.928983,30.897270,1775478263.870723|完整运动,完整运动,circle_orbit,1,1.000000,1.500000,1.500000,,,,,,,,,,,,,,,,1.215425,0.096960,1.188682,0.099890,0.000000,0.000000,-0.261612,,0.032867,0.000000,,,,0.079774,0.151946,1.500000,36.321735,13.937722,0.000000,circle,预设轨迹15,forward
1775478252.956156,30.924443,1775478263.870723|完整运动,完整运动,circle_orbit,1,1.000000,1.500000,1.500000,,,,,,,,,,,,,,,,1.214994,0.097543,1.189111,0.101922,0.000000,0.000000,-0.260821,,0.032978,0.000000,,,,0.080283,0.151892,1.500000,36.348002,13.911454,0.000000,circle,预设轨迹15,forward
1775478252.982562,30.950850,1775478263.870723|完整运动,完整运动,circle_orbit,1,1.000000,1.500000,1.500000,,,,,,,,,,,,,,,,1.214607,0.098431,1.191388,0.105088,0.000000,0.000000,-0.259576,,0.032093,0.000000,,,,0.081039,0.151844,1.500000,36.373928,13.885528,0.000000,circle,预设轨迹15,forward
1775478253.002905,30.971193,1775478263.870723|完整运动,完整运动,circle_orbit,1,1.000000,1.500000,1.500000,,,,,,,,,,,,,,,,1.214296,0.100764,1.195638,0.118261,0.000000,0.000000,-0.256236,,0.030967,0.000000,,,,0.082981,0.151805,1.500000,36.424850,13.834606,0.000000,circle,预设轨迹15,forward
1775478253.025006,30.993293,1775478263.870723|完整运动,完整运动,circle_orbit,1,1.000000,1.500000,1.500000,,,,,,,,,,,,,,,,1.214017,0.101973,1.197281,0.111044,0.000000,0.000000,-0.254379,,0.030819,0.000000,,,,0.083997,0.151770,1.500000,36.449952,13.809504,0.000000,circle,预设轨迹15,forward
1775478253.057447,31.025735,1775478263.870723|完整运动,完整运动,circle_orbit,1,1.000000,1.500000,1.500000,,,,,,,,,,,,,,,,1.213756,0.103084,1.198074,0.111414,0.000000,0.000000,-0.252618,,0.031181,0.000000,,,,0.084930,0.151738,1.500000,36.475231,13.784226,0.000000,circle,预设轨迹15,forward
1775478253.077957,31.046244,1775478263.870723|完整运动,完整运动,circle_orbit,1,1.000000,1.500000,1.500000,,,,,,,,,,,,,,,,1.213529,0.105585,1.199940,0.124340,0.000000,0.000000,-0.248843,,0.031852,0.000000,,,,0.087006,0.151709,1.500000,36.525850,13.733607,0.000000,circle,预设轨迹15,forward
1775478253.107893,31.076180,1775478263.870723|完整运动,完整运动,circle_orbit,1,1.000000,1.500000,1.500000,,,,,,,,,,,,,,,,1.213307,0.105351,1.199940,0.103603,0.000000,0.000000,-0.248843,,0.031852,0.000000,,,,0.086830,0.151682,1.500000,36.525850,13.733607,0.000000,circle,预设轨迹15,forward
1775478253.136147,31.104434,1775478263.870723|完整运动,完整运动,circle_orbit,1,1.000000,1.500000,1.500000,,,,,,,,,,,,,,,,1.213048,0.107011,1.197528,0.119456,0.000000,0.000000,-0.246204,,0.034746,0.000000,,,,0.088217,0.151649,1.500000,36.576531,13.682926,0.000000,circle,预设轨迹15,forward
1775478253.160427,31.128714,1775478263.870723|完整运动,完整运动,circle_orbit,1,1.000000,1.500000,1.500000,,,,,,,,,,,,,,,,1.212713,0.107508,1.192623,0.111237,0.000000,0.000000,-0.245166,,0.038484,0.000000,,,,0.088651,0.151607,1.500000,36.627483,13.631973,0.000000,circle,预设轨迹15,forward
1775478253.185339,31.153626,1775478263.870723|完整运动,完整运动,circle_orbit,1,1.000000,1.500000,1.500000,,,,,,,,,,,,,,,,1.212384,0.107276,1.192623,0.105538,0.000000,0.000000,-0.245166,,0.038484,0.000000,,,,0.088484,0.151566,1.500000,36.627483,13.631973,0.000000,circle,预设轨迹15,forward
1775478253.206288,31.174576,1775478263.870723|完整运动,完整运动,circle_orbit,1,1.000000,1.500000,1.500000,,,,,,,,,,,,,,,,1.212034,0.107151,1.191033,0.106214,0.000000,0.000000,-0.245059,,0.039588,0.000000,,,,0.088406,0.151522,1.500000,36.652919,13.606537,0.000000,circle,预设轨迹15,forward
1775478253.226569,31.194856,1775478263.870723|完整运动,完整运动,circle_orbit,1,1.000000,1.500000,1.500000,,,,,,,,,,,,,,,,1.211701,0.107676,1.191719,0.111610,0.000000,0.000000,-0.244058,,0.039635,0.000000,,,,0.088863,0.151481,1.500000,36.702915,13.556541,0.000000,circle,预设轨迹15,forward
1775478253.257323,31.225610,1775478263.870723|完整运动,完整运动,circle_orbit,1,1.000000,1.500000,1.500000,,,,,,,,,,,,,,,,1.211376,0.108056,1.191882,0.110906,0.000000,0.000000,-0.243255,,0.039929,0.000000,,,,0.089201,0.151440,1.500000,36.727618,13.531839,0.000000,circle,预设轨迹15,forward
1775478253.297784,31.266071,1775478263.870723|完整运动,完整运动,circle_orbit,1,1.000000,1.500000,1.500000,,,,,,,,,,,,,,,,1.211061,0.108480,1.192146,0.111665,0.000000,0.000000,-0.242389,,0.040188,0.000000,,,,0.089575,0.151401,1.500000,36.752342,13.507115,0.000000,circle,预设轨迹15,forward
1775478253.327681,31.295968,1775478263.870723|完整运动,完整运动,circle_orbit,1,1.000000,1.500000,1.500000,,,,,,,,,,,,,,,,1.210746,0.109302,1.191878,0.115459,0.000000,0.000000,-0.240958,,0.041080,0.000000,,,,0.090276,0.151361,1.500000,36.801527,13.457929,0.000000,circle,预设轨迹15,forward
1775478253.348337,31.316624,1775478263.870723|完整运动,完整运动,circle_orbit,1,1.000000,1.500000,1.500000,,,,,,,,,,,,,,,,1.210457,0.110712,1.193140,0.121289,0.000000,0.000000,-0.238663,,0.041396,0.000000,,,,0.091463,0.151325,1.500000,36.850607,13.408850,0.000000,circle,预设轨迹15,forward
1775478253.374531,31.342818,1775478263.870723|完整运动,完整运动,circle_orbit,1,1.000000,1.500000,1.500000,,,,,,,,,,,,,,,,1.210188,0.111532,1.194034,0.117685,0.000000,0.000000,-0.237148,,0.041565,0.000000,,,,0.092161,0.151292,1.500000,36.875333,13.384124,0.000000,circle,预设轨迹15,forward
1775478253.418035,31.386322,1775478263.870723|完整运动,完整运动,circle_orbit,1,1.000000,1.500000,1.500000,,,,,,,,,,,,,,,,1.209934,0.112369,1.194666,0.118645,0.000000,0.000000,-0.235588,,0.041930,0.000000,,,,0.092872,0.151260,1.500000,36.900265,13.359192,0.000000,circle,预设轨迹15,forward
1775478253.444324,31.412611,1775478263.870723|完整运动,完整运动,circle_orbit,1,1.000000,1.500000,1.500000,,,,,,,,,,,,,,,,1.209692,0.114121,1.195209,0.127263,0.000000,0.000000,-0.232704,,0.043016,0.000000,,,,0.094339,0.151230,1.500000,36.950157,13.309300,0.000000,circle,预设轨迹15,forward
1775478253.465345,31.433632,1775478263.870723|完整运动,完整运动,circle_orbit,1,1.000000,1.500000,1.500000,,,,,,,,,,,,,,,,1.209442,0.114843,1.194414,0.120259,0.000000,0.000000,-0.231215,,0.044282,0.000000,,,,0.094956,0.151198,1.500000,36.975530,13.283926,0.000000,circle,预设轨迹15,forward
1775478253.503889,31.472176,1775478263.870723|完整运动,完整运动,circle_orbit,1,1.000000,1.500000,1.500000,,,,,,,,,,,,,,,,1.209156,0.115890,1.191987,0.123743,0.000000,0.000000,-0.229260,,0.046858,0.000000,,,,0.095844,0.151163,1.500000,37.027018,13.232438,0.000000,circle,预设轨迹15,forward
1775478253.525519,31.493807,1775478263.870723|完整运动,完整运动,circle_orbit,1,1.000000,1.500000,1.500000,,,,,,,,,,,,,,,,1.208837,0.116366,1.189681,0.119931,0.000000,0.000000,-0.228093,,0.048966,0.000000,,,,0.096263,0.151123,1.500000,37.079507,13.179950,0.000000,circle,预设轨迹15,forward
1775478253.548843,31.517130,1775478263.870723|完整运动,完整运动,circle_orbit,1,1.000000,1.500000,1.500000,,,,,,,,,,,,,,,,1.208523,0.116021,1.189681,0.113437,0.000000,0.000000,-0.228093,,0.048966,0.000000,,,,0.096002,0.151083,1.500000,37.079507,13.179950,0.000000,circle,预设轨迹15,forward
1775478253.570267,31.538555,1775478263.870723|完整运动,完整运动,circle_orbit,1,1.000000,1.500000,1.500000,,,,,,,,,,,,,,,,1.208210,0.116733,1.189442,0.122070,0.000000,0.000000,-0.226638,,0.049852,0.000000,,,,0.096616,0.151044,1.500000,37.131688,13.127769,0.000000,circle,预设轨迹15,forward
1775478253.594544,31.562832,1775478263.870723|完整运动,完整运动,circle_orbit,1,1.000000,1.500000,1.500000,,,,,,,,,,,,,,,,1.207886,0.116960,1.188445,0.118664,0.000000,0.000000,-0.225859,,0.050903,0.000000,,,,0.096830,0.151004,1.500000,37.157918,13.101539,0.000000,circle,预设轨迹15,forward
1775478253.621031,31.589318,1775478263.870723|完整运动,完整运动,circle_orbit,1,1.000000,1.500000,1.500000,,,,,,,,,,,,,,,,1.207553,0.117248,1.187565,0.119407,0.000000,0.000000,-0.225006,,0.051914,0.000000,,,,0.097095,0.150962,1.500000,37.183991,13.075466,0.000000,circle,预设轨迹15,forward
1775478253.641686,31.609973,1775478263.870723|完整运动,完整运动,circle_orbit,1,1.000000,1.500000,1.500000,,,,,,,,,,,,,,,,1.207252,0.118733,1.189244,0.129876,0.000000,0.000000,-0.222454,,0.052076,0.000000,,,,0.098350,0.150925,1.500000,37.235255,13.024202,0.000000,circle,预设轨迹15,forward
1775478253.670824,31.639112,1775478263.870723|完整运动,完整运动,circle_orbit,1,1.000000,1.500000,1.500000,,,,,,,,,,,,,,,,1.206961,0.119316,1.189449,0.123688,0.000000,0.000000,-0.221125,,0.052604,0.000000,,,,0.098857,0.150888,1.500000,37.260461,12.998996,0.000000,circle,预设轨迹15,forward
1775478253.707194,31.675481,1775478263.870723|完整运动,完整运动,circle_orbit,1,1.000000,1.500000,1.500000,,,,,,,,,,,,,,,,1.206657,0.120305,1.188465,0.127716,0.000000,0.000000,-0.219215,,0.054212,0.000000,,,,0.099701,0.150850,1.500000,37.310492,12.948964,0.000000,circle,预设轨迹15,forward
1775478253.734274,31.702561,1775478263.870723|完整运动,完整运动,circle_orbit,1,1.000000,1.500000,1.500000,,,,,,,,,,,,,,,,1.206367,0.120663,1.188930,0.123353,0.000000,0.000000,-0.218168,,0.054427,0.000000,,,,0.100022,0.150814,1.500000,37.335476,12.923981,0.000000,circle,预设轨迹15,forward
1775478253.754790,31.723077,1775478263.870723|完整运动,完整运动,circle_orbit,1,1.000000,1.500000,1.500000,,,,,,,,,,,,,,,,1.206096,0.121098,1.189861,0.124362,0.000000,0.000000,-0.217015,,0.054386,0.000000,,,,0.100405,0.150780,1.500000,37.360440,12.899017,0.000000,circle,预设轨迹15,forward
1775478253.778956,31.747243,1775478263.870723|完整运动,完整运动,circle_orbit,1,1.000000,1.500000,1.500000,,,,,,,,,,,,,,,,1.205857,0.121749,1.191532,0.126632,0.000000,0.000000,-0.215552,,0.054013,0.000000,,,,0.100965,0.150750,1.500000,37.385389,12.874068,0.000000,circle,预设轨迹15,forward
1775478253.799504,31.767791,1775478263.870723|完整运动,完整运动,circle_orbit,1,1.000000,1.500000,1.500000,,,,,,,,,,,,,,,,1.205645,0.123441,1.192870,0.136126,0.000000,0.000000,-0.212595,,0.054609,0.000000,,,,0.102386,0.150724,1.500000,37.435362,12.824095,0.000000,circle,预设轨迹15,forward
1775478253.832100,31.800387,1775478263.870723|完整运动,完整运动,circle_orbit,1,1.000000,1.500000,1.500000,,,,,,,,,,,,,,,,1.205460,0.124117,1.194389,0.129187,0.000000,0.000000,-0.211009,,0.054403,0.000000,,,,0.102962,0.150701,1.500000,37.460294,12.799162,0.000000,circle,预设轨迹15,forward
1775478253.862309,31.830596,1775478263.870723|完整运动,完整运动,circle_orbit,1,1.000000,1.500000,1.500000,,,,,,,,,,,,,,,,1.205309,0.125875,1.196263,0.139065,0.000000,0.000000,-0.207871,,0.054742,0.000000,,,,0.104434,0.150682,1.500000,37.510539,12.748917,0.000000,circle,预设轨迹15,forward
1775478253.882930,31.851218,1775478263.870723|完整运动,完整运动,circle_orbit,1,1.000000,1.500000,1.500000,,,,,,,,,,,,,,,,1.205179,0.126499,1.197360,0.131177,0.000000,0.000000,-0.206275,,0.054822,0.000000,,,,0.104963,0.150665,1.500000,37.535819,12.723638,0.000000,circle,预设轨迹15,forward
1775478253.909311,31.877599,1775478263.870723|完整运动,完整运动,circle_orbit,1,1.000000,1.500000,1.500000,,,,,,,,,,,,,,,,1.205076,0.127123,1.198892,0.131800,0.000000,0.000000,-0.204672,,0.054623,0.000000,,,,0.105489,0.150653,1.500000,37.560972,12.698485,0.000000,circle,预设轨迹15,forward
1775478253.939597,31.907884,1775478263.870723|完整运动,完整运动,circle_orbit,1,1.000000,1.500000,1.500000,,,,,,,,,,,,,,,,1.205006,0.127787,1.200796,0.132772,0.000000,0.000000,-0.203003,,0.054218,0.000000,,,,0.106047,0.150644,1.500000,37.586178,12.673278,0.000000,circle,预设轨迹15,forward
1775478253.960833,31.929120,1775478263.870723|完整运动,完整运动,circle_orbit,1,1.000000,1.500000,1.500000,,,,,,,,,,,,,,,,1.204994,0.129745,1.204279,0.144426,0.000000,0.000000,-0.199482,,0.053721,0.000000,,,,0.107673,0.150642,1.500000,37.636706,12.622750,0.000000,circle,预设轨迹15,forward
1775478253.986131,31.954418,1775478263.870723|完整运动,完整运动,circle_orbit,1,1.000000,1.500000,1.500000,,,,,,,,,,,,,,,,1.204982,0.129171,1.204279,0.124866,0.000000,0.000000,-0.199482,,0.053721,0.000000,,,,0.107197,0.150641,1.500000,37.636706,12.622750,0.000000,circle,预设轨迹15,forward
1775478254.016834,31.985121,1775478263.870723|完整运动,完整运动,circle_orbit,1,1.000000,1.500000,1.500000,,,,,,,,,,,,,,,,1.204996,0.129795,1.205861,0.134480,0.000000,0.000000,-0.197839,,0.053521,0.000000,,,,0.107714,0.150643,1.500000,37.662059,12.597398,0.000000,circle,预设轨迹15,forward
1775478254.039509,32.007797,1775478263.870723|完整运动,完整运动,circle_orbit,1,1.000000,1.500000,1.500000,,,,,,,,,,,,,,,,1.205055,0.131774,1.208563,0.146609,0.000000,0.000000,-0.194263,,0.053572,0.000000,,,,0.109351,0.150650,1.500000,37.712929,12.546527,0.000000,circle,预设轨迹15,forward
1775478254.064312,32.032599,1775478263.870723|完整运动,完整运动,circle_orbit,1,1.000000,1.500000,1.500000,,,,,,,,,,,,,,,,1.205140,0.132383,1.210254,0.136957,0.000000,0.000000,-0.192549,,0.053345,0.000000,,,,0.109849,0.150661,1.500000,37.738381,12.521076,0.000000,circle,预设轨迹15,forward
1775478254.099340,32.067627,1775478263.870723|完整运动,完整运动,circle_orbit,1,1.000000,1.500000,1.500000,,,,,,,,,,,,,,,,1.205301,0.134319,1.214965,0.148835,0.000000,0.000000,-0.188940,,0.052146,0.000000,,,,0.111440,0.150681,1.500000,37.788665,12.470792,0.000000,circle,预设轨迹15,forward
1775478254.137768,32.106055,1775478263.870723|完整运动,完整运动,circle_orbit,1,1.000000,1.500000,1.500000,,,,,,,,,,,,,,,,1.205523,0.135809,1.218855,0.146988,0.000000,0.000000,-0.185884,,0.051211,0.000000,,,,0.112656,0.150708,1.500000,37.838400,12.421056,0.000000,circle,预设轨迹15,forward
1775478254.160244,32.128531,1775478263.870723|完整运动,完整运动,circle_orbit,1,1.000000,1.500000,1.500000,,,,,,,,,,,,,,,,1.205775,0.136110,1.220881,0.138361,0.000000,0.000000,-0.184470,,0.050642,0.000000,,,,0.112881,0.150740,1.500000,37.863320,12.396136,0.000000,circle,预设轨迹15,forward
1775478254.180654,32.148941,1775478263.870723|完整运动,完整运动,circle_orbit,1,1.000000,1.500000,1.500000,,,,,,,,,,,,,,,,1.206104,0.137676,1.225819,0.149421,0.000000,0.000000,-0.181269,,0.049149,0.000000,,,,0.114149,0.150781,1.500000,37.912565,12.346891,0.000000,circle,预设轨迹15,forward
1775478254.207451,32.175738,1775478263.870723|完整运动,完整运动,circle_orbit,1,1.000000,1.500000,1.500000,,,,,,,,,,,,,,,,1.206427,0.136956,1.225819,0.131557,0.000000,0.000000,-0.181269,,0.049149,0.000000,,,,0.113522,0.150821,1.500000,37.912565,12.346891,0.000000,circle,预设轨迹15,forward
1775478254.247212,32.215499,1775478263.870723|完整运动,完整运动,circle_orbit,1,1.000000,1.500000,1.500000,,,,,,,,,,,,,,,,1.206828,0.139320,1.230904,0.157052,0.000000,0.000000,-0.176954,,0.048148,0.000000,,,,0.115443,0.150872,1.500000,37.960426,12.299030,0.000000,circle,预设轨迹15,forward
1775478254.268235,32.236522,1775478263.870723|完整运动,完整运动,circle_orbit,1,1.000000,1.500000,1.500000,,,,,,,,,,,,,,,,1.207310,0.141650,1.236204,0.159121,0.000000,0.000000,-0.172583,,0.047068,0.000000,,,,0.117327,0.150932,1.500000,38.008831,12.250626,0.000000,circle,预设轨迹15,forward
1775478254.295016,32.263303,1775478263.870723|完整运动,完整运动,circle_orbit,1,1.000000,1.500000,1.500000,,,,,,,,,,,,,,,,1.207834,0.142384,1.239263,0.147889,0.000000,0.000000,-0.170387,,0.046294,0.000000,,,,0.117883,0.150997,1.500000,38.033316,12.226141,0.000000,circle,预设轨迹15,forward
1775478254.315962,32.284249,1775478263.870723|完整运动,完整运动,circle_orbit,1,1.000000,1.500000,1.500000,,,,,,,,,,,,,,,,1.208405,0.143283,1.242675,0.150026,0.000000,0.000000,-0.167954,,0.045434,0.000000,,,,0.118572,0.151069,1.500000,38.057716,12.201741,0.000000,circle,预设轨迹15,forward
1775478254.336395,32.304682,1775478263.870723|完整运动,完整运动,circle_orbit,1,1.000000,1.500000,1.500000,,,,,,,,,,,,,,,,1.209036,0.144391,1.246888,0.152699,0.000000,0.000000,-0.165210,,0.044257,0.000000,,,,0.119426,0.151148,1.500000,38.082015,12.177441,0.000000,circle,预设轨迹15,forward
1775478254.371484,32.339771,1775478263.870723|完整运动,完整运动,circle_orbit,1,1.000000,1.500000,1.500000,,,,,,,,,,,,,,,,1.209708,0.145476,1.250066,0.153621,0.000000,0.000000,-0.162475,,0.043713,0.000000,,,,0.120257,0.151232,1.500000,38.106424,12.153032,0.000000,circle,预设轨迹15,forward
1775478254.402169,32.370456,1775478263.870723|完整运动,完整运动,circle_orbit,1,1.000000,1.500000,1.500000,,,,,,,,,,,,,,,,1.210452,0.148213,1.255072,0.168735,0.000000,0.000000,-0.157370,,0.043274,0.000000,,,,0.122444,0.151325,1.500000,38.155608,12.103848,0.000000,circle,预设轨迹15,forward
1775478254.424233,32.392520,1775478263.870723|完整运动,完整运动,circle_orbit,1,1.000000,1.500000,1.500000,,,,,,,,,,,,,,,,1.211269,0.150960,1.260265,0.171565,0.000000,0.000000,-0.152137,,0.042814,0.000000,,,,0.124630,0.151427,1.500000,38.204657,12.054800,0.000000,circle,预设轨迹15,forward
1775478254.448977,32.417264,1775478263.870723|完整运动,完整运动,circle_orbit,1,1.000000,1.500000,1.500000,,,,,,,,,,,,,,,,1.212072,0.149956,1.260265,0.142424,0.000000,0.000000,-0.152137,,0.042814,0.000000,,,,0.123719,0.151527,1.500000,38.204657,12.054800,0.000000,circle,预设轨迹15,forward
1775478254.472785,32.441072,1775478263.870723|完整运动,完整运动,circle_orbit,1,1.000000,1.500000,1.500000,,,,,,,,,,,,,,,,1.212929,0.152375,1.264342,0.170517,0.000000,0.000000,-0.147374,,0.042796,0.000000,,,,0.125626,0.151634,1.500000,38.253766,12.005690,0.000000,circle,预设轨迹15,forward
1775478254.493286,32.461573,1775478263.870723|完整运动,完整运动,circle_orbit,1,1.000000,1.500000,1.500000,,,,,,,,,,,,,,,,1.213805,0.152765,1.266354,0.155691,0.000000,0.000000,-0.145409,,0.042601,0.000000,,,,0.125856,0.151744,1.500000,38.278364,11.981092,0.000000,circle,预设轨迹15,forward
1775478254.530253,32.498540,1775478263.870723|完整运动,完整运动,circle_orbit,1,1.000000,1.500000,1.500000,,,,,,,,,,,,,,,,1.214773,0.154594,1.272853,0.168314,0.000000,0.000000,-0.141417,,0.040817,0.000000,,,,0.127262,0.151865,1.500000,38.327304,11.932152,0.000000,circle,预设轨迹15,forward
1775478254.560484,32.528772,1775478263.870723|完整运动,完整运动,circle_orbit,1,1.000000,1.500000,1.500000,,,,,,,,,,,,,,,,1.215803,0.155115,1.277630,0.159017,0.000000,0.000000,-0.139228,,0.039158,0.000000,,,,0.127582,0.151994,1.500000,38.351677,11.907779,0.000000,circle,预设轨迹15,forward
1775478254.581751,32.550039,1775478263.870723|完整运动,完整运动,circle_orbit,1,1.000000,1.500000,1.500000,,,,,,,,,,,,,,,,1.216955,0.157179,1.286105,0.172663,0.000000,0.000000,-0.134853,,0.036511,0.000000,,,,0.129158,0.152138,1.500000,38.400770,11.858686,0.000000,circle,预设轨迹15,forward
1775478254.608225,32.576512,1775478263.870723|完整运动,完整运动,circle_orbit,1,1.000000,1.500000,1.500000,,,,,,,,,,,,,,,,1.218089,0.156123,1.286105,0.148202,0.000000,0.000000,-0.134853,,0.036511,0.000000,,,,0.128170,0.152279,1.500000,38.400770,11.858686,0.000000,circle,预设轨迹15,forward
1775478254.632895,32.601182,1775478263.870723|完整运动,完整运动,circle_orbit,1,1.000000,1.500000,1.500000,,,,,,,,,,,,,,,,1.219323,0.158282,1.293385,0.174474,0.000000,0.000000,-0.130381,,0.034644,0.000000,,,,0.129811,0.152434,1.500000,38.450009,11.809448,0.000000,circle,预设轨迹15,forward
1775478254.653663,32.621950,1775478263.870723|完整运动,完整运动,circle_orbit,1,1.000000,1.500000,1.500000,,,,,,,,,,,,,,,,1.220588,0.158716,1.296489,0.161971,0.000000,0.000000,-0.128288,,0.033955,0.000000,,,,0.130032,0.152592,1.500000,38.474723,11.784733,0.000000,circle,预设轨迹15,forward
1775478254.682039,32.650326,1775478263.870723|完整运动,完整运动,circle_orbit,1,1.000000,1.500000,1.500000,,,,,,,,,,,,,,,,1.221880,0.159171,1.299347,0.162585,0.000000,0.000000,-0.126187,,0.033415,0.000000,,,,0.130267,0.152753,1.500000,38.499485,11.759972,0.000000,circle,预设轨迹15,forward
1775478254.716355,32.684642,1775478263.870723|完整运动,完整运动,circle_orbit,1,1.000000,1.500000,1.500000,,,,,,,,,,,,,,,,1.223199,0.159551,1.302347,0.162396,0.000000,0.000000,-0.124215,,0.032739,0.000000,,,,0.130437,0.152918,1.500000,38.524296,11.735161,0.000000,circle,预设轨迹15,forward
1775478254.738533,32.706820,1775478263.870723|完整运动,完整运动,circle_orbit,1,1.000000,1.500000,1.500000,,,,,,,,,,,,,,,,1.224587,0.161277,1.307870,0.174225,0.000000,0.000000,-0.120346,,0.031634,0.000000,,,,0.131699,0.153092,1.500000,38.574039,11.685418,0.000000,circle,预设轨迹15,forward
1775478254.763836,32.732123,1775478263.870723|完整运动,完整运动,circle_orbit,1,1.000000,1.500000,1.500000,,,,,,,,,,,,,,,,1.226004,0.161574,1.311041,0.163805,0.000000,0.000000,-0.118456,,0.030846,0.000000,,,,0.131789,0.153269,1.500000,38.598970,11.660487,0.000000,circle,预设轨迹15,forward
1775478254.793437,32.761724,1775478263.870723|完整运动,完整运动,circle_orbit,1,1.000000,1.500000,1.500000,,,,,,,,,,,,,,,,1.227448,0.161862,1.314097,0.164023,0.000000,0.000000,-0.116607,,0.030107,0.000000,,,,0.131869,0.153449,1.500000,38.623896,11.635561,0.000000,circle,预设轨迹15,forward
1775478254.814386,32.782674,1775478263.870723|完整运动,完整运动,circle_orbit,1,1.000000,1.500000,1.500000,,,,,,,,,,,,,,,,1.229027,0.164054,1.323771,0.180493,0.000000,0.000000,-0.112067,,0.027164,0.000000,,,,0.133483,0.153647,1.500000,38.673050,11.586407,0.000000,circle,预设轨迹15,forward
1775478254.839523,32.807810,1775478263.870723|完整运动,完整运动,circle_orbit,1,1.000000,1.500000,1.500000,,,,,,,,,,,,,,,,1.230695,0.165025,1.330756,0.172302,0.000000,0.000000,-0.109177,,0.024892,0.000000,,,,0.134091,0.153855,1.500000,38.697013,11.562444,0.000000,circle,预设轨迹15,forward
1775478254.869205,32.837492,1775478263.870723|完整运动,完整运动,circle_orbit,1,1.000000,1.500000,1.500000,,,,,,,,,,,,,,,,1.232537,0.168340,1.343065,0.193207,0.000000,0.000000,-0.102931,,0.021559,0.000000,,,,0.136580,0.154086,1.500000,38.744364,11.515092,0.000000,circle,预设轨迹15,forward
1775478254.890187,32.858474,1775478263.870723|完整运动,完整运动,circle_orbit,1,1.000000,1.500000,1.500000,,,,,,,,,,,,,,,,1.234422,0.169001,1.347490,0.173958,0.000000,0.000000,-0.100322,,0.020571,0.000000,,,,0.136907,0.154321,1.500000,38.768233,11.491224,0.000000,circle,预设轨迹15,forward
1775478254.914177,32.882465,1775478263.870723|完整运动,完整运动,circle_orbit,1,1.000000,1.500000,1.500000,,,,,,,,,,,,,,,,1.236339,0.169485,1.351414,0.173113,0.000000,0.000000,-0.097982,,0.019721,0.000000,,,,0.137086,0.154561,1.500000,38.792497,11.466960,0.000000,circle,预设轨迹15,forward
1775478254.940033,32.908320,1775478263.870723|完整运动,完整运动,circle_orbit,1,1.000000,1.500000,1.500000,,,,,,,,,,,,,,,,1.238323,0.170031,1.357358,0.174128,0.000000,0.000000,-0.095575,,0.017887,0.000000,,,,0.137308,0.154809,1.500000,38.816615,11.442842,0.000000,circle,预设轨迹15,forward
1775478254.960454,32.928741,1775478263.870723|完整运动,完整运动,circle_orbit,1,1.000000,1.500000,1.500000,,,,,,,,,,,,,,,,1.240463,0.172235,1.368842,0.188763,0.000000,0.000000,-0.090818,,0.014471,0.000000,,,,0.138847,0.155076,1.500000,38.864613,11.394844,0.000000,circle,预设轨迹15,forward
1775478254.991370,32.959657,1775478263.870723|完整运动,完整运动,circle_orbit,1,1.000000,1.500000,1.500000,,,,,,,,,,,,,,,,1.242656,0.172589,1.374217,0.175244,0.000000,0.000000,-0.088618,,0.012893,0.000000,,,,0.138887,0.155351,1.500000,38.888537,11.370919,0.000000,circle,预设轨迹15,forward
1775478255.018516,32.986803,1775478263.870723|完整运动,完整运动,circle_orbit,1,1.000000,1.500000,1.500000,,,,,,,,,,,,,,,,1.244895,0.172345,1.379260,0.170517,0.000000,0.000000,-0.087298,,0.011058,0.000000,,,,0.138442,0.155631,1.500000,38.913284,11.346173,0.000000,circle,预设轨迹15,forward
1775478255.038884,33.007171,1775478263.870723|完整运动,完整运动,circle_orbit,1,1.000000,1.500000,1.500000,,,,,,,,,,,,,,,,1.247321,0.172965,1.392889,0.177616,0.000000,0.000000,-0.084797,,0.005658,0.000000,,,,0.138669,0.155934,1.500000,38.962801,11.296656,0.000000,circle,预设轨迹15,forward
1775478255.074108,33.042395,1775478263.870723|完整运动,完整运动,circle_orbit,1,1.000000,1.500000,1.500000,,,,,,,,,,,,,,,,1.249808,0.172709,1.399015,0.170787,0.000000,0.000000,-0.083551,,0.003334,0.000000,,,,0.138188,0.156245,1.500000,38.987628,11.271828,0.000000,circle,预设轨迹15,forward
1775478255.103260,33.071548,1775478263.870723|完整运动,完整运动,circle_orbit,1,1.000000,1.500000,1.500000,,,,,,,,,,,,,,,,1.252372,0.172585,1.406186,0.171656,0.000000,0.000000,-0.082173,,0.000606,0.000000,,,,0.137807,0.156565,1.500000,39.011991,11.247465,0.000000,circle,预设轨迹15,forward
1775478255.125487,33.093774,1775478263.870723|完整运动,完整运动,circle_orbit,1,1.000000,1.500000,1.500000,,,,,,,,,,,,,,,,1.254787,0.173514,1.399681,0.180480,0.000000,0.000000,-0.079328,,-0.005127,0.000000,,,,0.138282,0.156867,1.500000,39.060813,11.198644,0.000000,circle,预设轨迹15,forward
1775478255.148861,33.117148,1775478263.870723|完整运动,完整运动,circle_orbit,1,1.000000,1.500000,1.500000,,,,,,,,,,,,,,,,1.257110,0.173335,1.396536,0.171990,0.000000,0.000000,-0.078043,,-0.007278,0.000000,,,,0.137883,0.157158,1.500000,39.085315,11.174142,0.000000,circle,预设轨迹15,forward
1775478255.170069,33.138356,1775478263.870723|完整运动,完整运动,circle_orbit,1,1.000000,1.500000,1.500000,,,,,,,,,,,,,,,,1.259343,0.173139,1.393309,0.171670,0.000000,0.000000,-0.076828,,-0.009440,0.000000,,,,0.137484,0.157437,1.500000,39.110025,11.149432,0.000000,circle,预设轨迹15,forward
1775478255.190370,33.158658,1775478263.870723|完整运动,完整运动,circle_orbit,1,1.000000,1.500000,1.500000,,,,,,,,,,,,,,,,1.261490,0.172992,1.390335,0.171886,0.000000,0.000000,-0.075589,,-0.011499,0.000000,,,,0.137133,0.157705,1.500000,39.134820,11.124637,0.000000,circle,预设轨迹15,forward
1775478255.220880,33.189167,1775478263.870723|完整运动,完整运动,circle_orbit,1,1.000000,1.500000,1.500000,,,,,,,,,,,,,,,,1.263574,0.172895,1.388613,0.172167,0.000000,0.000000,-0.074319,,-0.012970,0.000000,,,,0.136830,0.157966,1.500000,39.159907,11.099549,0.000000,circle,预设轨迹15,forward
1775478255.244798,33.213085,1775478263.870723|完整运动,完整运动,circle_orbit,1,1.000000,1.500000,1.500000,,,,,,,,,,,,,,,,1.265608,0.173781,1.387636,0.180430,0.000000,0.000000,-0.071683,,-0.014764,0.000000,,,,0.137310,0.158220,1.500000,39.184753,11.074704,0.000000,circle,预设轨迹15,forward
1775478255.265221,33.233508,1775478263.870723|完整运动,完整运动,circle_orbit,1,1.000000,1.500000,1.500000,,,,,,,,,,,,,,,,1.267597,0.175553,1.386948,0.188840,0.000000,0.000000,-0.067762,,-0.017060,0.000000,,,,0.138493,0.158469,1.500000,39.234775,11.024682,0.000000,circle,预设轨迹15,forward
1775478255.295909,33.264196,1775478263.870723|完整运动,完整运动,circle_orbit,1,1.000000,1.500000,1.500000,,,,,,,,,,,,,,,,1.269508,0.175444,1.384170,0.174629,0.000000,0.000000,-0.066444,,-0.019075,0.000000,,,,0.138198,0.158708,1.500000,39.259614,10.999843,0.000000,circle,预设轨迹15,forward
1775478255.317214,33.285501,1775478263.870723|完整运动,完整运动,circle_orbit,1,1.000000,1.500000,1.500000,,,,,,,,,,,,,,,,1.271343,0.175261,1.381407,0.173884,0.000000,0.000000,-0.065270,,-0.021017,0.000000,,,,0.137855,0.158937,1.500000,39.284351,10.975106,0.000000,circle,预设轨迹15,forward
1775478255.337600,33.305888,1775478263.870723|完整运动,完整运动,circle_orbit,1,1.000000,1.500000,1.500000,,,,,,,,,,,,,,,,1.273113,0.174974,1.379329,0.172822,0.000000,0.000000,-0.064282,,-0.022533,0.000000,,,,0.137438,0.159158,1.500000,39.309445,10.950011,0.000000,circle,预设轨迹15,forward
1775478255.370281,33.338568,1775478263.870723|完整运动,完整运动,circle_orbit,1,1.000000,1.500000,1.500000,,,,,,,,,,,,,,,,1.274822,0.175467,1.377359,0.179165,0.000000,0.000000,-0.062226,,-0.024533,0.000000,,,,0.137640,0.159372,1.500000,39.360276,10.899181,0.000000,circle,预设轨迹15,forward
1775478255.409176,33.377463,1775478263.870723|完整运动,完整运动,circle_orbit,1,1.000000,1.500000,1.500000,,,,,,,,,,,,,,,,1.276517,0.175246,1.378212,0.173592,0.000000,0.000000,-0.061189,,-0.024631,0.000000,,,,0.137285,0.159584,1.500000,39.385737,10.873719,0.000000,circle,预设轨迹15,forward
1775478255.443445,33.411732,1775478263.870723|完整运动,完整运动,circle_orbit,1,1.000000,1.500000,1.500000,,,,,,,,,,,,,,,,1.278198,0.176038,1.379091,0.181975,0.000000,0.000000,-0.058751,,-0.025417,0.000000,,,,0.137723,0.159794,1.500000,39.435761,10.823696,0.000000,circle,预设轨迹15,forward
1775478255.482252,33.450539,1775478263.870723|完整运动,完整运动,circle_orbit,1,1.000000,1.500000,1.500000,,,,,,,,,,,,,,,,1.279835,0.176722,1.378021,0.181856,0.000000,0.000000,-0.056442,,-0.027099,0.000000,,,,0.138082,0.159999,1.500000,39.485533,10.773924,0.000000,circle,预设轨迹15,forward
1775478255.518030,33.486317,1775478263.870723|完整运动,完整运动,circle_orbit,1,1.000000,1.500000,1.500000,,,,,,,,,,,,,,,,1.281451,0.176634,1.378402,0.175969,0.000000,0.000000,-0.055224,,-0.027520,0.000000,,,,0.137839,0.160201,1.500000,39.510733,10.748723,0.000000,circle,预设轨迹15,forward
1775478255.542360,33.510648,1775478263.870723|完整运动,完整运动,circle_orbit,1,1.000000,1.500000,1.500000,,,,,,,,,,,,,,,,1.283077,0.177571,1.380627,0.184602,0.000000,0.000000,-0.052580,,-0.027746,0.000000,,,,0.138395,0.160404,1.500000,39.560652,10.698805,0.000000,circle,预设轨迹15,forward
1775478255.563905,33.532192,1775478263.870723|完整运动,完整运动,circle_orbit,1,1.000000,1.500000,1.500000,,,,,,,,,,,,,,,,1.284740,0.178714,1.384572,0.187282,0.000000,0.000000,-0.049623,,-0.027290,0.000000,,,,0.139105,0.160612,1.500000,39.609836,10.649621,0.000000,circle,预设轨迹15,forward
1775478255.605623,33.573910,1775478263.870723|完整运动,完整运动,circle_orbit,1,1.000000,1.500000,1.500000,,,,,,,,,,,,,,,,1.286397,0.178456,1.385758,0.176521,0.000000,0.000000,-0.048626,,-0.027209,0.000000,,,,0.138725,0.160819,1.500000,39.634885,10.624572,0.000000,circle,预设轨迹15,forward
1775478255.637270,33.605558,1775478263.870723|完整运动,完整运动,circle_orbit,1,1.000000,1.500000,1.500000,,,,,,,,,,,,,,,,1.288045,0.177813,1.386941,0.172990,0.000000,0.000000,-0.048226,,-0.026832,0.000000,,,,0.138048,0.161025,1.500000,39.660290,10.599166,0.000000,circle,预设轨迹15,forward
1775478255.657847,33.626134,1775478263.870723|完整运动,完整运动,circle_orbit,1,1.000000,1.500000,1.500000,,,,,,,,,,,,,,,,1.289687,0.176851,1.388217,0.169640,0.000000,0.000000,-0.048348,,-0.026149,0.000000,,,,0.137127,0.161230,1.500000,39.738971,10.520486,0.000000,circle,预设轨迹15,forward
1775478255.693633,33.661920,1775478263.870723|完整运动,完整运动,circle_orbit,1,1.000000,1.500000,1.500000,,,,,,,,,,,,,,,,1.291302,0.176033,1.388217,0.169899,0.000000,0.000000,-0.048348,,-0.026149,0.000000,,,,0.136322,0.161432,1.500000,39.738971,10.520486,0.000000,circle,预设轨迹15,forward
1775478255.719970,33.688257,1775478263.870723|完整运动,完整运动,circle_orbit,1,1.000000,1.500000,1.500000,,,,,,,,,,,,,,,,1.292862,0.175487,1.386452,0.171393,0.000000,0.000000,-0.048026,,-0.027171,0.000000,,,,0.135736,0.161627,1.500000,39.791808,10.467648,0.000000,circle,预设轨迹15,forward
1775478255.740654,33.708941,1775478263.870723|完整运动,完整运动,circle_orbit,1,1.000000,1.500000,1.500000,,,,,,,,,,,,,,,,1.294389,0.174846,1.386014,0.170040,0.000000,0.000000,-0.047889,,-0.027453,0.000000,,,,0.135080,0.161818,1.500000,39.844791,10.414665,0.000000,circle,预设轨迹15,forward
1775478255.768648,33.736936,1775478263.870723|完整运动,完整运动,circle_orbit,1,1.000000,1.500000,1.500000,,,,,,,,,,,,,,,,1.295891,0.174147,1.386014,0.168898,0.000000,0.000000,-0.047889,,-0.027453,0.000000,,,,0.134384,0.162006,1.500000,39.844791,10.414665,0.000000,circle,预设轨迹15,forward
1775478255.791980,33.760267,1775478263.870723|完整运动,完整运动,circle_orbit,1,1.000000,1.500000,1.500000,,,,,,,,,,,,,,,,1.297345,0.173340,1.384550,0.167293,0.000000,0.000000,-0.048093,,-0.028066,0.000000,,,,0.133612,0.162188,1.500000,39.897624,10.361833,0.000000,circle,预设轨迹15,forward
1775478255.812379,33.780666,1775478263.870723|完整运动,完整运动,circle_orbit,1,1.000000,1.500000,1.500000,,,,,,,,,,,,,,,,1.298738,0.173018,1.382329,0.170598,0.000000,0.000000,-0.047660,,-0.029370,0.000000,,,,0.133220,0.162362,1.500000,39.923700,10.335757,0.000000,circle,预设轨迹15,forward
1775478255.842024,33.810311,1775478263.870723|完整运动,完整运动,circle_orbit,1,1.000000,1.500000,1.500000,,,,,,,,,,,,,,,,1.300090,0.172835,1.381198,0.171463,0.000000,0.000000,-0.047054,,-0.030229,0.000000,,,,0.132941,0.162531,1.500000,39.949506,10.309950,0.000000,circle,预设轨迹15,forward
1775478255.862935,33.831223,1775478263.870723|完整运动,完整运动,circle_orbit,1,1.000000,1.500000,1.500000,,,,,,,,,,,,,,,,1.301333,0.173064,1.375914,0.174782,0.000000,0.000000,-0.045868,,-0.033429,0.000000,,,,0.132990,0.162686,1.500000,40.001014,10.258443,0.000000,circle,预设轨迹15,forward
1775478255.883482,33.851770,1775478263.870723|完整运动,完整运动,circle_orbit,1,1.000000,1.500000,1.500000,,,,,,,,,,,,,,,,1.302526,0.172822,1.374115,0.171009,0.000000,0.000000,-0.045342,,-0.034583,0.000000,,,,0.132682,0.162835,1.500000,40.027363,10.232094,0.000000,circle,预设轨迹15,forward
1775478255.907393,33.875680,1775478263.870723|完整运动,完整运动,circle_orbit,1,1.000000,1.500000,1.500000,,,,,,,,,,,,,,,,1.303699,0.172227,1.374115,0.167767,0.000000,0.000000,-0.045342,,-0.034583,0.000000,,,,0.132107,0.162982,1.500000,40.027363,10.232094,0.000000,circle,预设轨迹15,forward
1775478255.936579,33.904866,1775478263.870723|完整运动,完整运动,circle_orbit,1,1.000000,1.500000,1.500000,,,,,,,,,,,,,,,,1.304774,0.172540,1.369242,0.174889,0.000000,0.000000,-0.044080,,-0.037643,0.000000,,,,0.132238,0.163116,1.500000,40.079985,10.179472,0.000000,circle,预设轨迹15,forward
1775478255.957019,33.925306,1775478263.870723|完整运动,完整运动,circle_orbit,1,1.000000,1.500000,1.500000,,,,,,,,,,,,,,,,1.305789,0.172518,1.366704,0.172351,0.000000,0.000000,-0.043277,,-0.039316,0.000000,,,,0.132118,0.163243,1.500000,40.106210,10.153247,0.000000,circle,预设轨迹15,forward
1775478255.987020,33.955307,1775478263.870723|完整运动,完整运动,circle_orbit,1,1.000000,1.500000,1.500000,,,,,,,,,,,,,,,,1.306743,0.172520,1.363963,0.172533,0.000000,0.000000,-0.042441,,-0.041112,0.000000,,,,0.132023,0.163362,1.500000,40.132215,10.127242,0.000000,circle,预设轨迹15,forward
1775478256.009645,33.977932,1775478263.870723|完整运动,完整运动,circle_orbit,1,1.000000,1.500000,1.500000,,,,,,,,,,,,,,,,1.307611,0.172307,1.359713,0.170708,0.000000,0.000000,-0.041910,,-0.043526,0.000000,,,,0.131772,0.163471,1.500000,40.184535,10.074922,0.000000,circle,预设轨迹15,forward
1775478256.030070,33.998357,1775478263.870723|完整运动,完整运动,circle_orbit,1,1.000000,1.500000,1.500000,,,,,,,,,,,,,,,,1.308415,0.171507,1.356675,0.165506,0.000000,0.000000,-0.042228,,-0.044911,0.000000,,,,0.131080,0.163572,1.500000,40.210922,10.048535,0.000000,circle,预设轨迹15,forward
1775478256.061908,34.030195,1775478263.870723|完整运动,完整运动,circle_orbit,1,1.000000,1.500000,1.500000,,,,,,,,,,,,,,,,1.309172,0.170709,1.354586,0.164725,0.000000,0.000000,-0.042591,,-0.045795,0.000000,,,,0.130394,0.163666,1.500000,40.237462,10.021995,0.000000,circle,预设轨迹15,forward
1775478256.092129,34.060416,1775478263.870723|完整运动,完整运动,circle_orbit,1,1.000000,1.500000,1.500000,,,,,,,,,,,,,,,,1.309816,0.169610,1.348450,0.161369,0.000000,0.000000,-0.043422,,-0.048529,0.000000,,,,0.129491,0.163747,1.500000,40.290539,9.968917,0.000000,circle,预设轨迹15,forward
1775478256.113744,34.082031,1775478263.870723|完整运动,完整运动,circle_orbit,1,1.000000,1.500000,1.500000,,,,,,,,,,,,,,,,1.310401,0.168663,1.345469,0.161562,0.000000,0.000000,-0.044095,,-0.049733,0.000000,,,,0.128711,0.163820,1.500000,40.317087,9.942369,0.000000,circle,预设轨迹15,forward
1775478256.134916,34.103203,1775478263.870723|完整运动,完整运动,circle_orbit,1,1.000000,1.500000,1.500000,,,,,,,,,,,,,,,,1.310914,0.167708,1.341724,0.160545,0.000000,0.000000,-0.044826,,-0.051312,0.000000,,,,0.127932,0.163884,1.500000,40.343725,9.915731,0.000000,circle,预设轨迹15,forward
1775478256.165615,34.133902,1775478263.870723|完整运动,完整运动,circle_orbit,1,1.000000,1.500000,1.500000,,,,,,,,,,,,,,,,1.311356,0.166743,1.337892,0.159509,0.000000,0.000000,-0.045615,,-0.052919,0.000000,,,,0.127153,0.163939,1.500000,40.370509,9.888948,0.000000,circle,预设轨迹15,forward
1775478256.186342,34.154630,1775478263.870723|完整运动,完整运动,circle_orbit,1,1.000000,1.500000,1.500000,,,,,,,,,,,,,,,,1.311701,0.165406,1.332383,0.155378,0.000000,0.000000,-0.046975,,-0.055136,0.000000,,,,0.126101,0.163982,1.500000,40.424670,9.834787,0.000000,circle,预设轨迹15,forward
1775478256.206722,34.175009,1775478263.870723|完整运动,完整运动,circle_orbit,1,1.000000,1.500000,1.500000,,,,,,,,,,,,,,,,1.311975,0.164575,1.328374,0.158337,0.000000,0.000000,-0.047675,,-0.056909,0.000000,,,,0.125440,0.164016,1.500000,40.451437,9.808019,0.000000,circle,预设轨迹15,forward
1775478256.227648,34.195935,1775478263.870723|完整运动,完整运动,circle_orbit,1,1.000000,1.500000,1.500000,,,,,,,,,,,,,,,,1.312206,0.163920,1.326082,0.159014,0.000000,0.000000,-0.048156,,-0.057889,0.000000,,,,0.124920,0.164045,1.500000,40.478185,9.781271,0.000000,circle,预设轨迹15,forward
1775478256.248044,34.216331,1775478263.870723|完整运动,完整运动,circle_orbit,1,1.000000,1.500000,1.500000,,,,,,,,,,,,,,,,1.312393,0.163457,1.323643,0.159985,0.000000,0.000000,-0.048385,,-0.059078,0.000000,,,,0.124549,0.164069,1.500000,40.504608,9.754848,0.000000,circle,预设轨迹15,forward
1775478256.279161,34.247448,1775478263.870723|完整运动,完整运动,circle_orbit,1,1.000000,1.500000,1.500000,,,,,,,,,,,,,,,,1.312532,0.162952,1.320857,0.159165,0.000000,0.000000,-0.048682,,-0.060423,0.000000,,,,0.124151,0.164086,1.500000,40.530988,9.728468,0.000000,circle,预设轨迹15,forward
1775478256.311722,34.280009,1775478263.870723|完整运动,完整运动,circle_orbit,1,1.000000,1.500000,1.500000,,,,,,,,,,,,,,,,1.312643,0.162182,1.319294,0.156404,0.000000,0.000000,-0.049371,,-0.060919,0.000000,,,,0.123554,0.164100,1.500000,40.557536,9.701920,0.000000,circle,预设轨迹15,forward
1775478256.333946,34.302234,1775478263.870723|完整运动,完整运动,circle_orbit,1,1.000000,1.500000,1.500000,,,,,,,,,,,,,,,,1.312667,0.160955,1.314091,0.151754,0.000000,0.000000,-0.050732,,-0.063052,0.000000,,,,0.122617,0.164103,1.500000,40.610750,9.648706,0.000000,circle,预设轨迹15,forward
1775478256.356051,34.324338,1775478263.870723|完整运动,完整运动,circle_orbit,1,1.000000,1.500000,1.500000,,,,,,,,,,,,,,,,1.312657,0.160105,1.312091,0.153729,0.000000,0.000000,-0.051610,,-0.063700,0.000000,,,,0.121970,0.164102,1.500000,40.637431,9.622026,0.000000,circle,预设轨迹15,forward
1775478256.384042,34.352329,1775478263.870723|完整运动,完整运动,circle_orbit,1,1.000000,1.500000,1.500000,,,,,,,,,,,,,,,,1.312594,0.159082,1.308775,0.151410,0.000000,0.000000,-0.052761,,-0.064935,0.000000,,,,0.121197,0.164094,1.500000,40.664088,9.595369,0.000000,circle,预设轨迹15,forward
1775478256.405368,34.373655,1775478263.870723|完整运动,完整运动,circle_orbit,1,1.000000,1.500000,1.500000,,,,,,,,,,,,,,,,1.312417,0.157193,1.301803,0.143023,0.000000,0.000000,-0.055176,,-0.067564,0.000000,,,,0.119774,0.164072,1.500000,40.717905,9.541552,0.000000,circle,预设轨迹15,forward
1775478256.426653,34.394940,1775478263.870723|完整运动,完整运动,circle_orbit,1,1.000000,1.500000,1.500000,,,,,,,,,,,,,,,,1.312180,0.156336,1.297970,0.149911,0.000000,0.000000,-0.056202,,-0.069177,0.000000,,,,0.119142,0.164042,1.500000,40.745241,9.514215,0.000000,circle,预设轨迹15,forward
1775478256.463038,34.431325,1775478263.870723|完整运动,完整运动,circle_orbit,1,1.000000,1.500000,1.500000,,,,,,,,,,,,,,,,1.311883,0.155637,1.294082,0.150397,0.000000,0.000000,-0.057023,,-0.070937,0.000000,,,,0.118637,0.164005,1.500000,40.772641,9.486815,0.000000,circle,预设轨迹15,forward
1775478256.488767,34.457054,1775478263.870723|完整运动,完整运动,circle_orbit,1,1.000000,1.500000,1.500000,,,,,,,,,,,,,,,,1.311476,0.154286,1.287041,0.144152,0.000000,0.000000,-0.058776,,-0.074024,0.000000,,,,0.117643,0.163954,1.500000,40.827302,9.432154,0.000000,circle,预设轨迹15,forward
1775478256.510225,34.478512,1775478263.870723|完整运动,完整运动,circle_orbit,1,1.000000,1.500000,1.500000,,,,,,,,,,,,,,,,1.311013,0.153642,1.283250,0.148809,0.000000,0.000000,-0.059568,,-0.075779,0.000000,,,,0.117193,0.163896,1.500000,40.854485,9.404971,0.000000,circle,预设轨迹15,forward
1775478256.537731,34.506018,1775478263.870723|完整运动,完整运动,circle_orbit,1,1.000000,1.500000,1.500000,,,,,,,,,,,,,,,,1.310502,0.153043,1.279833,0.148554,0.000000,0.000000,-0.060301,,-0.077363,0.000000,,,,0.116782,0.163832,1.500000,40.881522,9.377934,0.000000,circle,预设轨迹15,forward
1775478256.572900,34.541187,1775478263.870723|完整运动,完整运动,circle_orbit,1,1.000000,1.500000,1.500000,,,,,,,,,,,,,,,,1.309954,0.152380,1.277061,0.147409,0.000000,0.000000,-0.061128,,-0.078540,0.000000,,,,0.116325,0.163764,1.500000,40.908586,9.350871,0.000000,circle,预设轨迹15,forward
1775478256.602637,34.570925,1775478263.870723|完整运动,完整运动,circle_orbit,1,1.000000,1.500000,1.500000,,,,,,,,,,,,,,,,1.309330,0.150825,1.271872,0.139160,0.000000,0.000000,-0.063231,,-0.080483,0.000000,,,,0.115193,0.163686,1.500000,40.963220,9.296236,0.000000,circle,预设轨迹15,forward
1775478256.623775,34.592062,1775478263.870723|完整运动,完整运动,circle_orbit,1,1.000000,1.500000,1.500000,,,,,,,,,,,,,,,,1.308590,0.149388,1.264241,0.138606,0.000000,0.000000,-0.065215,,-0.083940,0.000000,,,,0.114159,0.163593,1.500000,41.017782,9.241674,0.000000,circle,预设轨迹15,forward
1775478256.645115,34.613403,1775478263.870723|完整运动,完整运动,circle_orbit,1,1.000000,1.500000,1.500000,,,,,,,,,,,,,,,,1.307863,0.149382,1.264241,0.149337,0.000000,0.000000,-0.065215,,-0.083940,0.000000,,,,0.114218,0.163503,1.500000,41.017782,9.241674,0.000000,circle,预设轨迹15,forward
1775478256.672722,34.641009,1775478263.870723|完整运动,完整运动,circle_orbit,1,1.000000,1.500000,1.500000,,,,,,,,,,,,,,,,1.307076,0.147913,1.259860,0.136902,0.000000,0.000000,-0.067261,,-0.085496,0.000000,,,,0.113164,0.163404,1.500000,41.072080,9.187377,0.000000,circle,预设轨迹15,forward
1775478256.695109,34.663397,1775478263.870723|完整运动,完整运动,circle_orbit,1,1.000000,1.500000,1.500000,,,,,,,,,,,,,,,,1.306243,0.147183,1.256254,0.141703,0.000000,0.000000,-0.068306,,-0.087109,0.000000,,,,0.112676,0.163300,1.500000,41.099206,9.160251,0.000000,circle,预设轨迹15,forward
1775478256.716193,34.684481,1775478263.870723|完整运动,完整运动,circle_orbit,1,1.000000,1.500000,1.500000,,,,,,,,,,,,,,,,1.305369,0.146449,1.252909,0.140943,0.000000,0.000000,-0.069362,,-0.088573,0.000000,,,,0.112189,0.163191,1.500000,41.126500,9.132956,0.000000,circle,预设轨迹15,forward
1775478256.736878,34.705165,1775478263.870723|完整运动,完整运动,circle_orbit,1,1.000000,1.500000,1.500000,,,,,,,,,,,,,,,,1.304437,0.145911,1.248553,0.141875,0.000000,0.000000,-0.070143,,-0.090794,0.000000,,,,0.111857,0.163074,1.500000,41.153618,9.105838,0.000000,circle,预设轨迹15,forward
1775478256.757239,34.725526,1775478263.870723|完整运动,完整运动,circle_orbit,1,1.000000,1.500000,1.500000,,,,,,,,,,,,,,,,1.303401,0.144708,1.241239,0.135693,0.000000,0.000000,-0.071855,,-0.094362,0.000000,,,,0.111024,0.162945,1.500000,41.206872,9.052585,0.000000,circle,预设轨迹15,forward
1775478256.782875,34.751163,1775478263.870723|完整运动,完整运动,circle_orbit,1,1.000000,1.500000,1.500000,,,,,,,,,,,,,,,,1.302382,0.144737,1.241239,0.144950,0.000000,0.000000,-0.071855,,-0.094362,0.000000,,,,0.111132,0.162817,1.500000,41.206872,9.052585,0.000000,circle,预设轨迹15,forward
1775478256.809566,34.777853,1775478263.870723|完整运动,完整运动,circle_orbit,1,1.000000,1.500000,1.500000,,,,,,,,,,,,,,,,1.301285,0.142947,1.235418,0.129519,0.000000,0.000000,-0.074403,,-0.096646,0.000000,,,,0.109850,0.162680,1.500000,41.258886,9.000571,0.000000,circle,预设轨迹15,forward
1775478256.830331,34.798619,1775478263.870723|完整运动,完整运动,circle_orbit,1,1.000000,1.500000,1.500000,,,,,,,,,,,,,,,,1.300173,0.141652,1.233477,0.131946,0.000000,0.000000,-0.076318,,-0.096883,0.000000,,,,0.108949,0.162541,1.500000,41.284913,8.974544,0.000000,circle,预设轨迹15,forward
1775478256.862139,34.830426,1775478263.870723|完整运动,完整运动,circle_orbit,1,1.000000,1.500000,1.500000,,,,,,,,,,,,,,,,1.299053,0.140158,1.231830,0.128947,0.000000,0.000000,-0.078560,,-0.096778,0.000000,,,,0.107892,0.162401,1.500000,41.310983,8.948473,0.000000,circle,预设轨迹15,forward
1775478256.891575,34.859863,1775478263.870723|完整运动,完整运动,circle_orbit,1,1.000000,1.500000,1.500000,,,,,,,,,,,,,,,,1.297873,0.136984,1.227066,0.113182,0.000000,0.000000,-0.083242,,-0.097391,0.000000,,,,0.105545,0.162254,1.500000,41.363300,8.896157,0.000000,circle,预设轨迹15,forward
1775478256.918849,34.887136,1775478263.870723|完整运动,完整运动,circle_orbit,1,1.000000,1.500000,1.500000,,,,,,,,,,,,,,,,1.296670,0.135541,1.224489,0.124717,0.000000,0.000000,-0.085604,,-0.097818,0.000000,,,,0.104530,0.162103,1.500000,41.389384,8.870072,0.000000,circle,预设轨迹15,forward
1775478256.964550,34.932837,1775478263.870723|完整运动,完整运动,circle_orbit,1,1.000000,1.500000,1.500000,,,,,,,,,,,,,,,,1.295435,0.132753,1.221352,0.111845,0.000000,0.000000,-0.089920,,-0.097627,0.000000,,,,0.102478,0.161949,1.500000,41.441223,8.818233,0.000000,circle,预设轨迹15,forward
1775478256.985020,34.953307,1775478263.870723|完整运动,完整运动,circle_orbit,1,1.000000,1.500000,1.500000,,,,,,,,,,,,,,,,1.294185,0.130055,1.219225,0.109819,0.000000,0.000000,-0.094227,,-0.096811,0.000000,,,,0.100492,0.161793,1.500000,41.493500,8.765956,0.000000,circle,预设轨迹15,forward
1775478257.006279,34.974566,1775478263.870723|完整运动,完整运动,circle_orbit,1,1.000000,1.500000,1.500000,,,,,,,,,,,,,,,,1.292957,0.130456,1.219225,0.133467,0.000000,0.000000,-0.094227,,-0.096811,0.000000,,,,0.100898,0.161639,1.500000,41.493500,8.765956,0.000000,circle,预设轨迹15,forward
1775478257.040625,35.008912,1775478263.870723|完整运动,完整运动,circle_orbit,1,1.000000,1.500000,1.500000,,,,,,,,,,,,,,,,1.291707,0.128206,1.216730,0.111329,0.000000,0.000000,-0.097928,,-0.096538,0.000000,,,,0.099253,0.161483,1.500000,41.545645,8.713812,0.000000,circle,预设轨迹15,forward
1775478257.061457,35.029744,1775478263.870723|完整运动,完整运动,circle_orbit,1,1.000000,1.500000,1.500000,,,,,,,,,,,,,,,,1.290451,0.126568,1.215064,0.114280,0.000000,0.000000,-0.100840,,-0.096138,0.000000,,,,0.098080,0.161326,1.500000,41.596596,8.662861,0.000000,circle,预设轨迹15,forward
1775478257.082428,35.050716,1775478263.870723|完整运动,完整运动,circle_orbit,1,1.000000,1.500000,1.500000,,,,,,,,,,,,,,,,1.289228,0.125529,1.215854,0.117738,0.000000,0.000000,-0.102948,,-0.094583,0.000000,,,,0.097368,0.161173,1.500000,41.622102,8.637354,0.000000,circle,预设轨迹15,forward
1775478257.113080,35.081367,1775478263.870723|完整运动,完整运动,circle_orbit,1,1.000000,1.500000,1.500000,,,,,,,,,,,,,,,,1.288012,0.124271,1.215094,0.114836,0.000000,0.000000,-0.105379,,-0.093849,0.000000,,,,0.096483,0.161021,1.500000,41.647718,8.611739,0.000000,circle,预设轨迹15,forward
1775478257.139174,35.107461,1775478263.870723|完整运动,完整运动,circle_orbit,1,1.000000,1.500000,1.500000,,,,,,,,,,,,,,,,1.286796,0.122938,1.213830,0.112938,0.000000,0.000000,-0.107940,,-0.093372,0.000000,,,,0.095538,0.160869,1.500000,41.673714,8.585743,0.000000,circle,预设轨迹15,forward
1775478257.167959,35.136246,1775478263.870723|完整运动,完整运动,circle_orbit,1,1.000000,1.500000,1.500000,,,,,,,,,,,,,,,,1.285510,0.120038,1.208359,0.098286,0.000000,0.000000,-0.112753,,-0.094462,0.000000,,,,0.093377,0.160708,1.500000,41.726025,8.533432,0.000000,circle,预设轨迹15,forward
1775478257.189631,35.157918,1775478263.870723|完整运动,完整运动,circle_orbit,1,1.000000,1.500000,1.500000,,,,,,,,,,,,,,,,1.284221,0.118840,1.206840,0.109860,0.000000,0.000000,-0.115256,,-0.094187,0.000000,,,,0.092539,0.160547,1.500000,41.751972,8.507485,0.000000,circle,预设轨迹15,forward
1775478257.220831,35.189118,1775478263.870723|完整运动,完整运动,circle_orbit,1,1.000000,1.500000,1.500000,,,,,,,,,,,,,,,,1.282915,0.117494,1.204559,0.107400,0.000000,0.000000,-0.117983,,-0.094295,0.000000,,,,0.091584,0.160384,1.500000,41.778116,8.481340,0.000000,circle,预设轨迹15,forward
1775478257.243410,35.211698,1775478263.870723|完整运动,完整运动,circle_orbit,1,1.000000,1.500000,1.500000,,,,,,,,,,,,,,,,1.281601,0.116588,1.202770,0.109793,0.000000,0.000000,-0.120106,,-0.094391,0.000000,,,,0.090971,0.160219,1.500000,41.803799,8.455657,0.000000,circle,预设轨迹15,forward
1775478257.263753,35.232040,1775478263.870723|完整运动,完整运动,circle_orbit,1,1.000000,1.500000,1.500000,,,,,,,,,,,,,,,,1.280246,0.114230,1.198945,0.096540,0.000000,0.000000,-0.124291,,-0.094785,0.000000,,,,0.089225,0.160050,1.500000,41.856406,8.403051,0.000000,circle,预设轨迹15,forward
1775478257.292083,35.260370,1775478263.870723|完整运动,完整运动,circle_orbit,1,1.000000,1.500000,1.500000,,,,,,,,,,,,,,,,1.278891,0.113645,1.197585,0.109258,0.000000,0.000000,-0.126032,,-0.094802,0.000000,,,,0.088862,0.159881,1.500000,41.882887,8.376569,0.000000,circle,预设轨迹15,forward
1775478257.321492,35.289779,1775478263.870723|完整运动,完整运动,circle_orbit,1,1.000000,1.500000,1.500000,,,,,,,,,,,,,,,,1.277534,0.113317,1.196098,0.110859,0.000000,0.000000,-0.127383,,-0.095100,0.000000,,,,0.088700,0.159711,1.500000,41.909202,8.350254,0.000000,circle,预设轨迹15,forward
1775478257.342599,35.310886,1775478263.870723|完整运动,完整运动,circle_orbit,1,1.000000,1.500000,1.500000,,,,,,,,,,,,,,,,1.276168,0.112211,1.194250,0.103916,0.000000,0.000000,-0.129806,,-0.095101,0.000000,,,,0.087928,0.159540,1.500000,41.961644,8.297813,0.000000,circle,预设轨迹15,forward
1775478257.363150,35.331438,1775478263.870723|完整运动,完整运动,circle_orbit,1,1.000000,1.500000,1.500000,,,,,,,,,,,,,,,,1.274811,0.111965,1.193360,0.110119,0.000000,0.000000,-0.131017,,-0.095080,0.000000,,,,0.087829,0.159370,1.500000,41.987816,8.271641,0.000000,circle,预设轨迹15,forward
1775478257.390420,35.358707,1775478263.870723|完整运动,完整运动,circle_orbit,1,1.000000,1.500000,1.500000,,,,,,,,,,,,,,,,1.273463,0.111622,1.192618,0.109051,0.000000,0.000000,-0.132331,,-0.094912,0.000000,,,,0.087652,0.159202,1.500000,42.014344,8.245112,0.000000,circle,预设轨迹15,forward
1775478257.412646,35.380934,1775478263.870723|完整运动,完整运动,circle_orbit,1,1.000000,1.500000,1.500000,,,,,,,,,,,,,,,,1.272140,0.111137,1.192747,0.107494,0.000000,0.000000,-0.133824,,-0.094081,0.000000,,,,0.087362,0.159037,1.500000,42.040871,8.218585,0.000000,circle,预设轨迹15,forward
1775478257.433839,35.402126,1775478263.870723|完整运动,完整运动,circle_orbit,1,1.000000,1.500000,1.500000,,,,,,,,,,,,,,,,1.270824,0.110673,1.191851,0.107199,0.000000,0.000000,-0.135268,,-0.093950,0.000000,,,,0.087088,0.158872,1.500000,42.067324,8.192132,0.000000,circle,预设轨迹15,forward
1775478257.464354,35.432641,1775478263.870723|完整运动,完整运动,circle_orbit,1,1.000000,1.500000,1.500000,,,,,,,,,,,,,,,,1.269517,0.110073,1.191113,0.105575,0.000000,0.000000,-0.136892,,-0.093624,0.000000,,,,0.086705,0.158709,1.500000,42.093518,8.165939,0.000000,circle,预设轨迹15,forward
1775478257.485363,35.453650,1775478263.870723|完整运动,完整运动,circle_orbit,1,1.000000,1.500000,1.500000,,,,,,,,,,,,,,,,1.268187,0.108244,1.188389,0.094521,0.000000,0.000000,-0.140259,,-0.093745,0.000000,,,,0.085353,0.158542,1.500000,42.145015,8.114442,0.000000,circle,预设轨迹15,forward
1775478257.510646,35.478933,1775478263.870723|完整运动,完整运动,circle_orbit,1,1.000000,1.500000,1.500000,,,,,,,,,,,,,,,,1.266844,0.107556,1.186237,0.102397,0.000000,0.000000,-0.142062,,-0.094275,0.000000,,,,0.084901,0.158374,1.500000,42.170822,8.088634,0.000000,circle,预设轨迹15,forward
1775478257.542961,35.511248,1775478263.870723|完整运动,完整运动,circle_orbit,1,1.000000,1.500000,1.500000,,,,,,,,,,,,,,,,1.265514,0.106804,1.185711,0.101167,0.000000,0.000000,-0.143954,,-0.093680,0.000000,,,,0.084396,0.158208,1.500000,42.196608,8.062848,0.000000,circle,预设轨迹15,forward
1775478257.566722,35.535009,1775478263.870723|完整运动,完整运动,circle_orbit,1,1.000000,1.500000,1.500000,,,,,,,,,,,,,,,,1.264162,0.104797,1.183055,0.089744,0.000000,0.000000,-0.147634,,-0.093614,0.000000,,,,0.082899,0.158039,1.500000,42.248053,8.011403,0.000000,circle,预设轨迹15,forward
1775478257.589314,35.557602,1775478263.870723|完整运动,完整运动,circle_orbit,1,1.000000,1.500000,1.500000,,,,,,,,,,,,,,,,1.262832,0.105426,1.183055,0.110145,0.000000,0.000000,-0.147634,,-0.093614,0.000000,,,,0.083484,0.157873,1.500000,42.248053,8.011403,0.000000,circle,预设轨迹15,forward
1775478257.615464,35.583751,1775478263.870723|完整运动,完整运动,circle_orbit,1,1.000000,1.500000,1.500000,,,,,,,,,,,,,,,,1.261453,0.103608,1.178686,0.089973,0.000000,0.000000,-0.151033,,-0.094852,0.000000,,,,0.082134,0.157701,1.500000,42.299119,7.960338,0.000000,circle,预设轨迹15,forward
1775478257.635988,35.604275,1775478263.870723|完整运动,完整运动,circle_orbit,1,1.000000,1.500000,1.500000,,,,,,,,,,,,,,,,1.260068,0.103183,1.176999,0.099996,0.000000,0.000000,-0.152510,,-0.095253,0.000000,,,,0.081887,0.157527,1.500000,42.324727,7.934730,0.000000,circle,预设轨迹15,forward
1775478257.657007,35.625294,1775478263.870723|完整运动,完整运动,circle_orbit,1,1.000000,1.500000,1.500000,,,,,,,,,,,,,,,,1.258689,0.102761,1.175898,0.099596,0.000000,0.000000,-0.153965,,-0.095271,0.000000,,,,0.081642,0.157355,1.500000,42.350508,7.908948,0.000000,circle,预设轨迹15,forward
1775478257.690243,35.658530,1775478263.870723|完整运动,完整运动,circle_orbit,1,1.000000,1.500000,1.500000,,,,,,,,,,,,,,,,1.257306,0.102415,1.174378,0.099813,0.000000,0.000000,-0.155295,,-0.095638,0.000000,,,,0.081455,0.157182,1.500000,42.376425,7.883032,0.000000,circle,预设轨迹15,forward
1775478257.711164,35.679452,1775478263.870723|完整运动,完整运动,circle_orbit,1,1.000000,1.500000,1.500000,,,,,,,,,,,,,,,,1.255918,0.101243,1.172601,0.092455,0.000000,0.000000,-0.157780,,-0.095605,0.000000,,,,0.080613,0.157009,1.500000,42.428190,7.831267,0.000000,circle,预设轨迹15,forward
1775478257.736684,35.704971,1775478263.870723|完整运动,完整运动,circle_orbit,1,1.000000,1.500000,1.500000,,,,,,,,,,,,,,,,1.254541,0.100964,1.171963,0.098871,0.000000,0.000000,-0.159023,,-0.095419,0.000000,,,,0.080479,0.156836,1.500000,42.453840,7.805616,0.000000,circle,预设轨迹15,forward
1775478257.780194,35.748481,1775478263.870723|完整运动,完整运动,circle_orbit,1,1.000000,1.500000,1.500000,,,,,,,,,,,,,,,,1.253185,0.100618,1.171769,0.098023,0.000000,0.000000,-0.160342,,-0.094892,0.000000,,,,0.080290,0.156667,1.500000,42.479560,7.779897,0.000000,circle,预设轨迹15,forward
1775478257.804681,35.772968,1775478263.870723|完整运动,完整运动,circle_orbit,1,1.000000,1.500000,1.500000,,,,,,,,,,,,,,,,1.251855,0.097918,1.172099,0.077669,0.000000,0.000000,-0.165004,,-0.092335,0.000000,,,,0.078218,0.156501,1.500000,42.557071,7.702385,0.000000,circle,预设轨迹15,forward
1775478257.825662,35.793949,1775478263.870723|完整运动,完整运动,circle_orbit,1,1.000000,1.500000,1.500000,,,,,,,,,,,,,,,,1.250550,0.097266,1.172211,0.092377,0.000000,0.000000,-0.166873,,-0.091325,0.000000,,,,0.077779,0.156337,1.500000,42.582565,7.676892,0.000000,circle,预设轨迹15,forward
1775478257.852775,35.821062,1775478263.870723|完整运动,完整运动,circle_orbit,1,1.000000,1.500000,1.500000,,,,,,,,,,,,,,,,1.249242,0.096659,1.170776,0.092107,0.000000,0.000000,-0.168673,,-0.091404,0.000000,,,,0.077374,0.156174,1.500000,42.607822,7.651634,0.000000,circle,预设轨迹15,forward
1775478257.886715,35.855002,1775478263.870723|完整运动,完整运动,circle_orbit,1,1.000000,1.500000,1.500000,,,,,,,,,,,,,,,,1.247938,0.096078,1.169698,0.091720,0.000000,0.000000,-0.170431,,-0.091263,0.000000,,,,0.076989,0.156011,1.500000,42.633139,7.626318,0.000000,circle,预设轨迹15,forward
1775478257.914277,35.882564,1775478263.870723|完整运动,完整运动,circle_orbit,1,1.000000,1.500000,1.500000,,,,,,,,,,,,,,,,1.246619,0.094661,1.167500,0.084037,0.000000,0.000000,-0.173372,,-0.091302,0.000000,,,,0.075935,0.155846,1.500000,42.683996,7.575461,0.000000,circle,预设轨迹15,forward
1775478257.934675,35.902962,1775478263.870723|完整运动,完整运动,circle_orbit,1,1.000000,1.500000,1.500000,,,,,,,,,,,,,,,,1.245314,0.094278,1.166978,0.091399,0.000000,0.000000,-0.174886,,-0.090903,0.000000,,,,0.075706,0.155683,1.500000,42.709779,7.549677,0.000000,circle,预设轨迹15,forward
1775478257.956493,35.924780,1775478263.870723|完整运动,完整运动,circle_orbit,1,1.000000,1.500000,1.500000,,,,,,,,,,,,,,,,1.244020,0.093927,1.166397,0.091297,0.000000,0.000000,-0.176336,,-0.090579,0.000000,,,,0.075503,0.155521,1.500000,42.735240,7.524216,0.000000,circle,预设轨迹15,forward
1775478257.989364,35.957651,1775478263.870723|完整运动,完整运动,circle_orbit,1,1.000000,1.500000,1.500000,,,,,,,,,,,,,,,,1.242714,0.092625,1.164372,0.082859,0.000000,0.000000,-0.179121,,-0.090584,0.000000,,,,0.074534,0.155358,1.500000,42.786058,7.473399,0.000000,circle,预设轨迹15,forward
1775478258.010336,35.978623,1775478263.870723|完整运动,完整运动,circle_orbit,1,1.000000,1.500000,1.500000,,,,,,,,,,,,,,,,1.241413,0.092402,1.163341,0.090728,0.000000,0.000000,-0.180407,,-0.090655,0.000000,,,,0.074433,0.155195,1.500000,42.811663,7.447793,0.000000,circle,预设轨迹15,forward
1775478258.031101,35.999388,1775478263.870723|完整运动,完整运动,circle_orbit,1,1.000000,1.500000,1.500000,,,,,,,,,,,,,,,,1.240123,0.092187,1.162733,0.090574,0.000000,0.000000,-0.181656,,-0.090451,0.000000,,,,0.074337,0.155034,1.500000,42.837412,7.422044,0.000000,circle,预设轨迹15,forward
1775478258.058151,36.026438,1775478263.870723|完整运动,完整运动,circle_orbit,1,1.000000,1.500000,1.500000,,,,,,,,,,,,,,,,1.238856,0.091872,1.162849,0.089509,0.000000,0.000000,-0.183026,,-0.089686,0.000000,,,,0.074158,0.154876,1.500000,42.863200,7.396257,0.000000,circle,预设轨迹15,forward
1775478258.095529,36.063816,1775478263.870723|完整运动,完整运动,circle_orbit,1,1.000000,1.500000,1.500000,,,,,,,,,,,,,,,,1.237603,0.090517,1.162396,0.080360,0.000000,0.000000,-0.185863,,-0.088581,0.000000,,,,0.073139,0.154719,1.500000,42.914543,7.344914,0.000000,circle,预设轨迹15,forward
1775478258.116940,36.085227,1775478263.870723|完整运动,完整运动,circle_orbit,1,1.000000,1.500000,1.500000,,,,,,,,,,,,,,,,1.236367,0.090225,1.162221,0.088033,0.000000,0.000000,-0.187233,,-0.088017,0.000000,,,,0.072976,0.154564,1.500000,42.940051,7.319406,0.000000,circle,预设轨迹15,forward
1775478258.137435,36.105722,1775478263.870723|完整运动,完整运动,circle_orbit,1,1.000000,1.500000,1.500000,,,,,,,,,,,,,,,,1.235147,0.089886,1.161926,0.087343,0.000000,0.000000,-0.188654,,-0.087512,0.000000,,,,0.072774,0.154412,1.500000,42.965542,7.293914,0.000000,circle,预设轨迹15,forward
1775478258.167428,36.135715,1775478263.870723|完整运动,完整运动,circle_orbit,1,1.000000,1.500000,1.500000,,,,,,,,,,,,,,,,1.233942,0.088363,1.161639,0.076937,0.000000,0.000000,-0.191750,,-0.086163,0.000000,,,,0.071610,0.154261,1.500000,43.016807,7.242649,0.000000,circle,预设轨迹15,forward
1775478258.189744,36.158031,1775478263.870723|完整运动,完整运动,circle_orbit,1,1.000000,1.500000,1.500000,,,,,,,,,,,,,,,,1.232756,0.089052,1.161639,0.094223,0.000000,0.000000,-0.191750,,-0.086163,0.000000,,,,0.072238,0.154113,1.500000,43.016807,7.242649,0.000000,circle,预设轨迹15,forward
1775478258.210202,36.178489,1775478263.870723|完整运动,完整运动,circle_orbit,1,1.000000,1.500000,1.500000,,,,,,,,,,,,,,,,1.231583,0.087739,1.161199,0.077890,0.000000,0.000000,-0.194531,,-0.085078,0.000000,,,,0.071241,0.153966,1.500000,43.068314,7.191142,0.000000,circle,预设轨迹15,forward
1775478258.233862,36.202149,1775478263.870723|完整运动,完整运动,circle_orbit,1,1.000000,1.500000,1.500000,,,,,,,,,,,,,,,,1.230436,0.087327,1.161563,0.084240,0.000000,0.000000,-0.196076,,-0.084052,0.000000,,,,0.070973,0.153823,1.500000,43.093704,7.165753,0.000000,circle,预设轨迹15,forward
1775478258.262522,36.230809,1775478263.870723|完整运动,完整运动,circle_orbit,1,1.000000,1.500000,1.500000,,,,,,,,,,,,,,,,1.229315,0.086876,1.162073,0.083494,0.000000,0.000000,-0.197672,,-0.082900,0.000000,,,,0.070670,0.153683,1.500000,43.118940,7.140516,0.000000,circle,预设轨迹15,forward
1775478258.283090,36.251377,1775478263.870723|完整运动,完整运动,circle_orbit,1,1.000000,1.500000,1.500000,,,,,,,,,,,,,,,,1.228217,0.085562,1.162334,0.075703,0.000000,0.000000,-0.200497,,-0.081306,0.000000,,,,0.069663,0.153546,1.500000,43.169398,7.090058,0.000000,circle,预设轨迹15,forward
1775478258.309848,36.278135,1775478263.870723|完整运动,完整运动,circle_orbit,1,1.000000,1.500000,1.500000,,,,,,,,,,,,,,,,1.227145,0.085263,1.162828,0.083019,0.000000,0.000000,-0.201924,,-0.080250,0.000000,,,,0.069480,0.153411,1.500000,43.194750,7.064706,0.000000,circle,预设轨迹15,forward
1775478258.336135,36.304423,1775478263.870723|完整运动,完整运动,circle_orbit,1,1.000000,1.500000,1.500000,,,,,,,,,,,,,,,,1.226090,0.085954,1.162828,0.091144,0.000000,0.000000,-0.201924,,-0.080250,0.000000,,,,0.070104,0.153280,1.500000,43.194750,7.064706,0.000000,circle,预设轨迹15,forward
1775478258.365229,36.333517,1775478263.870723|完整运动,完整运动,circle_orbit,1,1.000000,1.500000,1.500000,,,,,,,,,,,,,,,,1.225049,0.084295,1.162578,0.071846,0.000000,0.000000,-0.205206,,-0.078782,0.000000,,,,0.068809,0.153150,1.500000,43.245128,7.014328,0.000000,circle,预设轨迹15,forward
1775478258.395391,36.363678,1775478263.870723|完整运动,完整运动,circle_orbit,1,1.000000,1.500000,1.500000,,,,,,,,,,,,,,,,1.224012,0.082898,1.161763,0.072428,0.000000,0.000000,-0.208183,,-0.077859,0.000000,,,,0.067727,0.153020,1.500000,43.295310,6.964146,0.000000,circle,预设轨迹15,forward
1775478258.415714,36.384001,1775478263.870723|完整运动,完整运动,circle_orbit,1,1.000000,1.500000,1.500000,,,,,,,,,,,,,,,,1.222990,0.082709,1.161672,0.081285,0.000000,0.000000,-0.209492,,-0.077268,0.000000,,,,0.067628,0.152892,1.500000,43.320629,6.938828,0.000000,circle,预设轨迹15,forward
1775478258.441614,36.409901,1775478263.870723|完整运动,完整运动,circle_orbit,1,1.000000,1.500000,1.500000,,,,,,,,,,,,,,,,1.221984,0.082613,1.161658,0.081897,0.000000,0.000000,-0.210647,,-0.076700,0.000000,,,,0.067606,0.152766,1.500000,43.345819,6.913637,0.000000,circle,预设轨迹15,forward
1775478258.470821,36.439108,1775478263.870723|完整运动,完整运动,circle_orbit,1,1.000000,1.500000,1.500000,,,,,,,,,,,,,,,,1.220991,0.081851,1.161378,0.076133,0.000000,0.000000,-0.212728,,-0.075854,0.000000,,,,0.067036,0.152642,1.500000,43.396307,6.863150,0.000000,circle,预设轨迹15,forward
1775478258.493624,36.461911,1775478263.870723|完整运动,完整运动,circle_orbit,1,1.000000,1.500000,1.500000,,,,,,,,,,,,,,,,1.220014,0.081903,1.161405,0.082292,0.000000,0.000000,-0.213665,,-0.075367,0.000000,,,,0.067133,0.152520,1.500000,43.421416,6.838041,0.000000,circle,预设轨迹15,forward
1775478258.522542,36.490829,1775478263.870723|完整运动,完整运动,circle_orbit,1,1.000000,1.500000,1.500000,,,,,,,,,,,,,,,,1.219065,0.081887,1.162121,0.081770,0.000000,0.000000,-0.214668,,-0.074368,0.000000,,,,0.067172,0.152401,1.500000,43.446512,6.812945,0.000000,circle,预设轨迹15,forward
1775478258.549623,36.517911,1775478263.870723|完整运动,完整运动,circle_orbit,1,1.000000,1.500000,1.500000,,,,,,,,,,,,,,,,1.218153,0.081271,1.163464,0.076646,0.000000,0.000000,-0.216506,,-0.072517,0.000000,,,,0.066716,0.152287,1.500000,43.496702,6.762754,0.000000,circle,预设轨迹15,forward
1775478258.572489,36.540776,1775478263.870723|完整运动,完整运动,circle_orbit,1,1.000000,1.500000,1.500000,,,,,,,,,,,,,,,,1.217268,0.081313,1.164126,0.081633,0.000000,0.000000,-0.217419,,-0.071603,0.000000,,,,0.066800,0.152177,1.500000,43.521929,6.737527,0.000000,circle,预设轨迹15,forward
1775478258.592849,36.561136,1775478263.870723|完整运动,完整运动,circle_orbit,1,1.000000,1.500000,1.500000,,,,,,,,,,,,,,,,1.216406,0.081426,1.164674,0.082269,0.000000,0.000000,-0.218205,,-0.070831,0.000000,,,,0.066940,0.152069,1.500000,43.547136,6.712321,0.000000,circle,预设轨迹15,forward
1775478258.620265,36.588552,1775478263.870723|完整运动,完整运动,circle_orbit,1,1.000000,1.500000,1.500000,,,,,,,,,,,,,,,,1.215561,0.081044,1.164915,0.078185,0.000000,0.000000,-0.219667,,-0.069933,0.000000,,,,0.066672,0.151963,1.500000,43.597095,6.662361,0.000000,circle,预设轨迹15,forward
1775478258.641814,36.610102,1775478263.870723|完整运动,完整运动,circle_orbit,1,1.000000,1.500000,1.500000,,,,,,,,,,,,,,,,1.214734,0.081138,1.165062,0.081836,0.000000,0.000000,-0.220453,,-0.069438,0.000000,,,,0.066795,0.151860,1.500000,43.621990,6.637466,0.000000,circle,预设轨迹15,forward
1775478258.662358,36.630645,1775478263.870723|完整运动,完整运动,circle_orbit,1,1.000000,1.500000,1.500000,,,,,,,,,,,,,,,,1.213929,0.081132,1.165647,0.081088,0.000000,0.000000,-0.221356,,-0.068583,0.000000,,,,0.066834,0.151759,1.500000,43.647072,6.612384,0.000000,circle,预设轨迹15,forward
1775478258.689369,36.657656,1775478263.870723|完整运动,完整运动,circle_orbit,1,1.000000,1.500000,1.500000,,,,,,,,,,,,,,,,1.213137,0.081745,1.165647,0.086345,0.000000,0.000000,-0.221356,,-0.068583,0.000000,,,,0.067383,0.151660,1.500000,43.647072,6.612384,0.000000,circle,预设轨迹15,forward
1775478258.711608,36.679895,1775478263.870723|完整运动,完整运动,circle_orbit,1,1.000000,1.500000,1.500000,,,,,,,,,,,,,,,,1.212345,0.081322,1.164808,0.078151,0.000000,0.000000,-0.222776,,-0.068452,0.000000,,,,0.067078,0.151561,1.500000,43.697230,6.562226,0.000000,circle,预设轨迹15,forward
1775478258.732844,36.701131,1775478263.870723|完整运动,完整运动,circle_orbit,1,1.000000,1.500000,1.500000,,,,,,,,,,,,,,,,1.211577,0.081319,1.165514,0.081296,0.000000,0.000000,-0.223610,,-0.067548,0.000000,,,,0.067118,0.151465,1.500000,43.722092,6.537364,0.000000,circle,预设轨迹15,forward
1775478258.760323,36.728610,1775478263.870723|完整运动,完整运动,circle_orbit,1,1.000000,1.500000,1.500000,,,,,,,,,,,,,,,,1.210816,0.081335,1.165123,0.081453,0.000000,0.000000,-0.224399,,-0.067423,0.000000,,,,0.067174,0.151370,1.500000,43.746890,6.512566,0.000000,circle,预设轨迹15,forward
1775478258.780811,36.749098,1775478263.870723|完整运动,完整运动,circle_orbit,1,1.000000,1.500000,1.500000,,,,,,,,,,,,,,,,1.210073,0.080704,1.165523,0.075971,0.000000,0.000000,-0.226095,,-0.066299,0.000000,,,,0.066693,0.151277,1.500000,43.796527,6.462930,0.000000,circle,预设轨迹15,forward
1775478258.802773,36.771060,1775478263.870723|完整运动,完整运动,circle_orbit,1,1.000000,1.500000,1.500000,,,,,,,,,,,,,,,,1.209343,0.081278,1.165523,0.085588,0.000000,0.000000,-0.226095,,-0.066299,0.000000,,,,0.067209,0.151186,1.500000,43.796527,6.462930,0.000000,circle,预设轨迹15,forward
1775478258.829599,36.797886,1775478263.870723|完整运动,完整运动,circle_orbit,1,1.000000,1.500000,1.500000,,,,,,,,,,,,,,,,1.208622,0.080828,1.165331,0.077447,0.000000,0.000000,-0.227507,,-0.065725,0.000000,,,,0.066876,0.151096,1.500000,43.846228,6.413228,0.000000,circle,预设轨迹15,forward
1775478258.851606,36.819894,1775478263.870723|完整运动,完整运动,circle_orbit,1,1.000000,1.500000,1.500000,,,,,,,,,,,,,,,,1.207913,0.080857,1.165405,0.081075,0.000000,0.000000,-0.228249,,-0.065303,0.000000,,,,0.066939,0.151007,1.500000,43.871150,6.388307,0.000000,circle,预设轨迹15,forward
1775478258.872219,36.840506,1775478263.870723|完整运动,完整运动,circle_orbit,1,1.000000,1.500000,1.500000,,,,,,,,,,,,,,,,1.207217,0.080880,1.165425,0.081050,0.000000,0.000000,-0.228984,,-0.064922,0.000000,,,,0.066997,0.150920,1.500000,43.895941,6.363515,0.000000,circle,预设轨迹15,forward
1775478258.911131,36.879418,1775478263.870723|完整运动,完整运动,circle_orbit,1,1.000000,1.500000,1.500000,,,,,,,,,,,,,,,,1.206533,0.080623,1.165537,0.078696,0.000000,0.000000,-0.230103,,-0.064285,0.000000,,,,0.066822,0.150835,1.500000,43.945677,6.313779,0.000000,circle,预设轨迹15,forward
1775478258.939945,36.908232,1775478263.870723|完整运动,完整运动,circle_orbit,1,1.000000,1.500000,1.500000,,,,,,,,,,,,,,,,1.205862,0.080878,1.165592,0.082794,0.000000,0.000000,-0.230495,,-0.064051,0.000000,,,,0.067071,0.150751,1.500000,43.970470,6.288986,0.000000,circle,预设轨迹15,forward
1775478258.968731,36.937018,1775478263.870723|完整运动,完整运动,circle_orbit,1,1.000000,1.500000,1.500000,,,,,,,,,,,,,,,,1.205225,0.081156,1.166987,0.083242,0.000000,0.000000,-0.230831,,-0.062922,0.000000,,,,0.067337,0.150671,1.500000,44.020010,6.239446,0.000000,circle,预设轨迹15,forward
1775478258.990815,36.959102,1775478263.870723|完整运动,完整运动,circle_orbit,1,1.000000,1.500000,1.500000,,,,,,,,,,,,,,,,1.204619,0.081525,1.168298,0.084291,0.000000,0.000000,-0.231013,,-0.061929,0.000000,,,,0.067677,0.150595,1.500000,44.044891,6.214565,0.000000,circle,预设轨迹15,forward
1775478259.011933,36.980221,1775478263.870723|完整运动,完整运动,circle_orbit,1,1.000000,1.500000,1.500000,,,,,,,,,,,,,,,,1.204045,0.081936,1.169580,0.085016,0.000000,0.000000,-0.231107,,-0.061003,0.000000,,,,0.068050,0.150524,1.500000,44.070033,6.189423,0.000000,circle,预设轨迹15,forward
1775478259.042084,37.010371,1775478263.870723|完整运动,完整运动,circle_orbit,1,1.000000,1.500000,1.500000,,,,,,,,,,,,,,,,1.203494,0.082192,1.170427,0.084115,0.000000,0.000000,-0.231391,,-0.060280,0.000000,,,,0.068295,0.150455,1.500000,44.095017,6.164440,0.000000,circle,预设轨迹15,forward
1775478259.077887,37.046174,1775478263.870723|完整运动,完整运动,circle_orbit,1,1.000000,1.500000,1.500000,,,,,,,,,,,,,,,,1.202998,0.082006,1.173236,0.080613,0.000000,0.000000,-0.232291,,-0.057913,0.000000,,,,0.068168,0.150393,1.500000,44.145045,6.114412,0.000000,circle,预设轨迹15,forward
1775478259.105189,37.073476,1775478263.870723|完整运动,完整运动,circle_orbit,1,1.000000,1.500000,1.500000,,,,,,,,,,,,,,,,1.202531,0.082038,1.174494,0.082273,0.000000,0.000000,-0.232890,,-0.056757,0.000000,,,,0.068221,0.150334,1.500000,44.170634,6.088823,0.000000,circle,预设轨迹15,forward
1775478259.128172,37.096460,1775478263.870723|完整运动,完整运动,circle_orbit,1,1.000000,1.500000,1.500000,,,,,,,,,,,,,,,,1.202104,0.081434,1.176526,0.076906,0.000000,0.000000,-0.234393,,-0.054627,0.000000,,,,0.067743,0.150281,1.500000,44.221603,6.037853,0.000000,circle,预设轨迹15,forward
1775478259.153321,37.121608,1775478263.870723|完整运动,完整运动,circle_orbit,1,1.000000,1.500000,1.500000,,,,,,,,,,,,,,,,1.201698,0.081341,1.177300,0.080643,0.000000,0.000000,-0.235199,,-0.053700,0.000000,,,,0.067688,0.150230,1.500000,44.247132,6.012324,0.000000,circle,预设轨迹15,forward
1775478259.182851,37.151138,1775478263.870723|完整运动,完整运动,circle_orbit,1,1.000000,1.500000,1.500000,,,,,,,,,,,,,,,,1.201320,0.081259,1.178667,0.080642,0.000000,0.000000,-0.235992,,-0.052380,0.000000,,,,0.067641,0.150183,1.500000,44.272365,5.987092,0.000000,circle,预设轨迹15,forward
1775478259.205635,37.173923,1775478263.870723|完整运动,完整运动,circle_orbit,1,1.000000,1.500000,1.500000,,,,,,,,,,,,,,,,1.200970,0.081150,1.179945,0.080335,0.000000,0.000000,-0.236823,,-0.051103,0.000000,,,,0.067570,0.150139,1.500000,44.297587,5.961870,0.000000,circle,预设轨迹15,forward
1775478259.227874,37.196162,1775478263.870723|完整运动,完整运动,circle_orbit,1,1.000000,1.500000,1.500000,,,,,,,,,,,,,,,,1.200664,0.080606,1.182322,0.076524,0.000000,0.000000,-0.238281,,-0.048776,0.000000,,,,0.067134,0.150101,1.500000,44.348156,5.911300,0.000000,circle,预设轨迹15,forward
1775478259.254060,37.222347,1775478263.870723|完整运动,完整运动,circle_orbit,1,1.000000,1.500000,1.500000,,,,,,,,,,,,,,,,1.200370,0.080596,1.182711,0.080523,0.000000,0.000000,-0.239003,,-0.048154,0.000000,,,,0.067143,0.150064,1.500000,44.373239,5.886218,0.000000,circle,预设轨迹15,forward
1775478259.283495,37.251783,1775478263.870723|完整运动,完整运动,circle_orbit,1,1.000000,1.500000,1.500000,,,,,,,,,,,,,,,,1.200087,0.080450,1.183112,0.079352,0.000000,0.000000,-0.239913,,-0.047431,0.000000,,,,0.067037,0.150029,1.500000,44.398380,5.861076,0.000000,circle,预设轨迹15,forward
1775478259.304537,37.272825,1775478263.870723|完整运动,完整运动,circle_orbit,1,1.000000,1.500000,1.500000,,,,,,,,,,,,,,,,1.199859,0.079988,1.186178,0.076524,0.000000,0.000000,-0.241281,,-0.044699,0.000000,,,,0.066664,0.150000,1.500000,44.448631,5.810826,0.000000,circle,预设轨迹15,forward
1775478259.325697,37.293985,1775478263.870723|完整运动,完整运动,circle_orbit,1,1.000000,1.500000,1.500000,,,,,,,,,,,,,,,,1.199659,0.080097,1.187692,0.080912,0.000000,0.000000,-0.241858,,-0.043403,0.000000,,,,0.066766,0.149975,1.500000,44.473723,5.785734,0.000000,circle,预设轨迹15,forward
1775478259.353771,37.322058,1775478263.870723|完整运动,完整运动,circle_orbit,1,1.000000,1.500000,1.500000,,,,,,,,,,,,,,,,1.199487,0.080190,1.189125,0.080889,0.000000,0.000000,-0.242446,,-0.042157,0.000000,,,,0.066853,0.149954,1.500000,44.498773,5.760683,0.000000,circle,预设轨迹15,forward
1775478259.380075,37.348362,1775478263.870723|完整运动,完整运动,circle_orbit,1,1.000000,1.500000,1.500000,,,,,,,,,,,,,,,,1.199341,0.080358,1.190628,0.081623,0.000000,0.000000,-0.242917,,-0.040927,0.000000,,,,0.067002,0.149936,1.500000,44.523901,5.735555,0.000000,circle,预设轨迹15,forward
1775478259.400562,37.368849,1775478263.870723|完整运动,完整运动,circle_orbit,1,1.000000,1.500000,1.500000,,,,,,,,,,,,,,,,1.199247,0.080315,1.193607,0.079987,0.000000,0.000000,-0.243681,,-0.038580,0.000000,,,,0.066971,0.149924,1.500000,44.574233,5.685223,0.000000,circle,预设轨迹15,forward
1775478259.429292,37.397579,1775478263.870723|完整运动,完整运动,circle_orbit,1,1.000000,1.500000,1.500000,,,,,,,,,,,,,,,,1.199184,0.080504,1.195368,0.081927,0.000000,0.000000,-0.244112,,-0.037207,0.000000,,,,0.067133,0.149916,1.500000,44.599328,5.660128,0.000000,circle,预设轨迹15,forward
1775478259.462848,37.431135,1775478263.870723|完整运动,完整运动,circle_orbit,1,1.000000,1.500000,1.500000,,,,,,,,,,,,,,,,1.199149,0.080650,1.197086,0.081740,0.000000,0.000000,-0.244594,,-0.035840,0.000000,,,,0.067256,0.149912,1.500000,44.624289,5.635167,0.000000,circle,预设轨迹15,forward
1775478259.503048,37.471336,1775478263.870723|完整运动,完整运动,circle_orbit,1,1.000000,1.500000,1.500000,,,,,,,,,,,,,,,,1.199177,0.080577,1.200819,0.080034,0.000000,0.000000,-0.245382,,-0.033012,0.000000,,,,0.067194,0.149915,1.500000,44.674517,5.584940,0.000000,circle,预设轨迹15,forward
1775478259.529412,37.497699,1775478263.870723|完整运动,完整运动,circle_orbit,1,1.000000,1.500000,1.500000,,,,,,,,,,,,,,,,1.199258,0.080404,1.204110,0.079107,0.000000,0.000000,-0.246322,,-0.030408,0.000000,,,,0.067045,0.149925,1.500000,44.725173,5.534283,0.000000,circle,预设轨迹15,forward
1775478259.552543,37.520831,1775478263.870723|完整运动,完整运动,circle_orbit,1,1.000000,1.500000,1.500000,,,,,,,,,,,,,,,,1.199359,0.080460,1.205424,0.080882,0.000000,0.000000,-0.246944,,-0.029248,0.000000,,,,0.067086,0.149938,1.500000,44.750345,5.509111,0.000000,circle,预设轨迹15,forward
1775478259.581431,37.549719,1775478263.870723|完整运动,完整运动,circle_orbit,1,1.000000,1.500000,1.500000,,,,,,,,,,,,,,,,1.199480,0.080426,1.206730,0.080171,0.000000,0.000000,-0.247690,,-0.028034,0.000000,,,,0.067051,0.149953,1.500000,44.775291,5.484166,0.000000,circle,预设轨迹15,forward
1775478259.612123,37.580410,1775478263.870723|完整运动,完整运动,circle_orbit,1,1.000000,1.500000,1.500000,,,,,,,,,,,,,,,,1.199618,0.080404,1.207924,0.080240,0.000000,0.000000,-0.248419,,-0.026901,0.000000,,,,0.067025,0.149970,1.500000,44.800287,5.459169,0.000000,circle,预设轨迹15,forward
1775478259.633276,37.601563,1775478263.870723|完整运动,完整运动,circle_orbit,1,1.000000,1.500000,1.500000,,,,,,,,,,,,,,,,1.199798,0.080233,1.210588,0.078951,0.000000,0.000000,-0.249365,,-0.024720,0.000000,,,,0.066872,0.149993,1.500000,44.850458,5.408999,0.000000,circle,预设轨迹15,forward
1775478259.654288,37.622576,1775478263.870723|完整运动,完整运动,circle_orbit,1,1.000000,1.500000,1.500000,,,,,,,,,,,,,,,,1.199990,0.080504,1.211544,0.082534,0.000000,0.000000,-0.249689,,-0.023946,0.000000,,,,0.067087,0.150017,1.500000,44.875345,5.384111,0.000000,circle,预设轨迹15,forward
1775478259.675937,37.644224,1775478263.870723|完整运动,完整运动,circle_orbit,1,1.000000,1.500000,1.500000,,,,,,,,,,,,,,,,1.200195,0.080847,1.212484,0.083418,0.000000,0.000000,-0.249892,,-0.023245,0.000000,,,,0.067361,0.150042,1.500000,44.900265,5.359191,0.000000,circle,预设轨迹15,forward
1775478259.696248,37.664535,1775478263.870723|完整运动,完整运动,circle_orbit,1,1.000000,1.500000,1.500000,,,,,,,,,,,,,,,,1.200417,0.081280,1.213736,0.084530,0.000000,0.000000,-0.249945,,-0.022421,0.000000,,,,0.067710,0.150070,1.500000,44.925000,5.334456,0.000000,circle,预设轨迹15,forward
1775478259.719063,37.687351,1775478263.870723|完整运动,完整运动,circle_orbit,1,1.000000,1.500000,1.500000,,,,,,,,,,,,,,,,1.200662,0.081719,1.215330,0.085008,0.000000,0.000000,-0.249966,,-0.021397,0.000000,,,,0.068062,0.150101,1.500000,44.949907,5.309550,0.000000,circle,预设轨迹15,forward
1775478259.748620,37.716908,1775478263.870723|完整运动,完整运动,circle_orbit,1,1.000000,1.500000,1.500000,,,,,,,,,,,,,,,,1.200925,0.082225,1.216699,0.086017,0.000000,0.000000,-0.249869,,-0.020578,0.000000,,,,0.068468,0.150134,1.500000,44.974825,5.284632,0.000000,circle,预设轨迹15,forward
1775478259.768945,37.737232,1775478263.870723|完整运动,完整运动,circle_orbit,1,1.000000,1.500000,1.500000,,,,,,,,,,,,,,,,1.201234,0.082930,1.219816,0.088224,0.000000,0.000000,-0.249463,,-0.018812,0.000000,,,,0.069038,0.150172,1.500000,45.024847,5.234610,0.000000,circle,预设轨迹15,forward
1775478259.797665,37.765952,1775478263.870723|完整运动,完整运动,circle_orbit,1,1.000000,1.500000,1.500000,,,,,,,,,,,,,,,,1.201570,0.083482,1.221699,0.087623,0.000000,0.000000,-0.249242,,-0.017738,0.000000,,,,0.069478,0.150214,1.500000,45.049929,5.209528,0.000000,circle,预设轨迹15,forward
1775478259.826926,37.795213,1775478263.870723|完整运动,完整运动,circle_orbit,1,1.000000,1.500000,1.500000,,,,,,,,,,,,,,,,1.201936,0.084009,1.223907,0.087957,0.000000,0.000000,-0.249033,,-0.016458,0.000000,,,,0.069895,0.150260,1.500000,45.075002,5.184455,0.000000,circle,预设轨迹15,forward
1775478259.853238,37.821526,1775478263.870723|完整运动,完整运动,circle_orbit,1,1.000000,1.500000,1.500000,,,,,,,,,,,,,,,,1.202367,0.084330,1.228212,0.086740,0.000000,0.000000,-0.249102,,-0.013739,0.000000,,,,0.070137,0.150314,1.500000,45.125035,5.134422,0.000000,circle,预设轨迹15,forward
1775478259.877735,37.846022,1775478263.870723|完整运动,完整运动,circle_orbit,1,1.000000,1.500000,1.500000,,,,,,,,,,,,,,,,1.202819,0.084723,1.229950,0.087670,0.000000,0.000000,-0.249059,,-0.012682,0.000000,,,,0.070437,0.150370,1.500000,45.150084,5.109373,0.000000,circle,预设轨迹15,forward
1775478259.901450,37.869737,1775478263.870723|完整运动,完整运动,circle_orbit,1,1.000000,1.500000,1.500000,,,,,,,,,,,,,,,,1.203295,0.085118,1.231852,0.088079,0.000000,0.000000,-0.249001,,-0.011534,0.000000,,,,0.070737,0.150430,1.500000,45.175300,5.084157,0.000000,circle,预设轨迹15,forward
1775478259.925429,37.893717,1775478263.870723|完整运动,完整运动,circle_orbit,1,1.000000,1.500000,1.500000,,,,,,,,,,,,,,,,1.203797,0.085522,1.233914,0.088549,0.000000,0.000000,-0.248919,,-0.010303,0.000000,,,,0.071043,0.150493,1.500000,45.200825,5.058632,0.000000,circle,预设轨迹15,forward
1775478259.948934,37.917221,1775478263.870723|完整运动,完整运动,circle_orbit,1,1.000000,1.500000,1.500000,,,,,,,,,,,,,,,,1.204349,0.085986,1.237497,0.089473,0.000000,0.000000,-0.248742,,-0.008192,0.000000,,,,0.071397,0.150562,1.500000,45.251673,5.007783,0.000000,circle,预设轨迹15,forward
1775478259.970992,37.939279,1775478263.870723|完整运动,完整运动,circle_orbit,1,1.000000,1.500000,1.500000,,,,,,,,,,,,,,,,1.204931,0.086287,1.239847,0.088546,0.000000,0.000000,-0.248785,,-0.006734,0.000000,,,,0.071612,0.150634,1.500000,45.276963,4.982493,0.000000,circle,预设轨迹15,forward
1775478259.996854,37.965141,1775478263.870723|完整运动,完整运动,circle_orbit,1,1.000000,1.500000,1.500000,,,,,,,,,,,,,,,,1.205524,0.086770,1.241087,0.090385,0.000000,0.000000,-0.248564,,-0.006089,0.000000,,,,0.071977,0.150709,1.500000,45.302110,4.957347,0.000000,circle,预设轨迹15,forward
1775478260.019239,37.987527,1775478263.870723|完整运动,完整运动,circle_orbit,1,1.000000,1.500000,1.500000,,,,,,,,,,,,,,,,1.206176,0.087963,1.245323,0.096913,0.000000,0.000000,-0.247318,,-0.004143,0.000000,,,,0.072927,0.150790,1.500000,45.352379,4.907077,0.000000,circle,预设轨迹15,forward
1775478260.040409,38.008696,1775478263.870723|完整运动,完整运动,circle_orbit,1,1.000000,1.500000,1.500000,,,,,,,,,,,,,,,,1.206844,0.088761,1.246902,0.094744,0.000000,0.000000,-0.246580,,-0.003559,0.000000,,,,0.073548,0.150874,1.500000,45.377392,4.882065,0.000000,circle,预设轨迹15,forward
1775478260.072304,38.040591,1775478263.870723|完整运动,完整运动,circle_orbit,1,1.000000,1.500000,1.500000,,,,,,,,,,,,,,,,1.207529,0.089512,1.248613,0.095148,0.000000,0.000000,-0.245876,,-0.002880,0.000000,,,,0.074128,0.150959,1.500000,45.402377,4.857080,0.000000,circle,预设轨迹15,forward
1775478260.109225,38.077512,1775478263.870723|完整运动,完整运动,circle_orbit,1,1.000000,1.500000,1.500000,,,,,,,,,,,,,,,,1.208272,0.090959,1.252862,0.101813,0.000000,0.000000,-0.244159,,-0.001193,0.000000,,,,0.075281,0.151052,1.500000,45.452013,4.807443,0.000000,circle,预设轨迹15,forward
1775478260.135295,38.103583,1775478263.870723|完整运动,完整运动,circle_orbit,1,1.000000,1.500000,1.500000,,,,,,,,,,,,,,,,1.209038,0.091799,1.255033,0.098096,0.000000,0.000000,-0.243243,,-0.000356,0.000000,,,,0.075927,0.151148,1.500000,45.476831,4.782626,0.000000,circle,预设轨迹15,forward
1775478260.155614,38.123902,1775478263.870723|完整运动,完整运动,circle_orbit,1,1.000000,1.500000,1.500000,,,,,,,,,,,,,,,,1.209798,0.092635,1.255397,0.098907,0.000000,0.000000,-0.242305,,0.000609,0.000000,,,,0.076571,0.151243,1.500000,45.501655,4.757801,0.000000,circle,预设轨迹15,forward
1775478260.176906,38.145194,1775478263.870723|完整运动,完整运动,circle_orbit,1,1.000000,1.500000,1.500000,,,,,,,,,,,,,,,,1.210543,0.093425,1.255188,0.099350,0.000000,0.000000,-0.241406,,0.001182,0.000000,,,,0.077176,0.151336,1.500000,45.526545,4.732912,0.000000,circle,预设轨迹15,forward
1775478260.211025,38.179312,1775478263.870723|完整运动,完整运动,circle_orbit,1,1.000000,1.500000,1.500000,,,,,,,,,,,,,,,,1.211274,0.094206,1.255135,0.100059,0.000000,0.000000,-0.240497,,0.001669,0.000000,,,,0.077774,0.151427,1.500000,45.551509,4.707947,0.000000,circle,预设轨迹15,forward
1775478260.246044,38.214331,1775478263.870723|完整运动,完整运动,circle_orbit,1,1.000000,1.500000,1.500000,,,,,,,,,,,,,,,,1.211986,0.095532,1.254727,0.105484,0.000000,0.000000,-0.238789,,0.002765,0.000000,,,,0.078823,0.151516,1.500000,45.601604,4.657852,0.000000,circle,预设轨迹15,forward
1775478260.272631,38.240919,1775478263.870723|完整运动,完整运动,circle_orbit,1,1.000000,1.500000,1.500000,,,,,,,,,,,,,,,,1.212666,0.096613,1.253454,0.104721,0.000000,0.000000,-0.237383,,0.004228,0.000000,,,,0.079670,0.151601,1.500000,45.651402,4.608055,0.000000,circle,预设轨迹15,forward
1775478260.292976,38.261264,1775478263.870723|完整运动,完整运动,circle_orbit,1,1.000000,1.500000,1.500000,,,,,,,,,,,,,,,,1.213325,0.097203,1.252898,0.101623,0.000000,0.000000,-0.236639,,0.004931,0.000000,,,,0.080113,0.151684,1.500000,45.676482,4.582974,0.000000,circle,预设轨迹15,forward
1775478260.314940,38.283227,1775478263.870723|完整运动,完整运动,circle_orbit,1,1.000000,1.500000,1.500000,,,,,,,,,,,,,,,,1.213967,0.097712,1.252480,0.101532,0.000000,0.000000,-0.236002,,0.005500,0.000000,,,,0.080490,0.151764,1.500000,45.701830,4.557626,0.000000,circle,预设轨迹15,forward
1775478260.338238,38.306525,1775478263.870723|完整运动,完整运动,circle_orbit,1,1.000000,1.500000,1.500000,,,,,,,,,,,,,,,,1.214591,0.098275,1.252030,0.102500,0.000000,0.000000,-0.235284,,0.006128,0.000000,,,,0.080912,0.151842,1.500000,45.727094,4.532362,0.000000,circle,预设轨迹15,forward
1775478260.359031,38.327318,1775478263.870723|完整运动,完整运动,circle_orbit,1,1.000000,1.500000,1.500000,,,,,,,,,,,,,,,,1.215170,0.099074,1.249927,0.105064,0.000000,0.000000,-0.234229,,0.007915,0.000000,,,,0.081531,0.151915,1.500000,45.777685,4.481772,0.000000,circle,预设轨迹15,forward
1775478260.387384,38.355672,1775478263.870723|完整运动,完整运动,circle_orbit,1,1.000000,1.500000,1.500000,,,,,,,,,,,,,,,,1.215740,0.099115,1.249927,0.099419,0.000000,0.000000,-0.234229,,0.007915,0.000000,,,,0.081526,0.151986,1.500000,45.777685,4.481772,0.000000,circle,预设轨迹15,forward
1775478260.410307,38.378594,1775478263.870723|完整运动,完整运动,circle_orbit,1,1.000000,1.500000,1.500000,,,,,,,,,,,,,,,,1.216259,0.099786,1.247375,0.104824,0.000000,0.000000,-0.233357,,0.009885,0.000000,,,,0.082044,0.152051,1.500000,45.828657,4.430799,0.000000,circle,预设轨迹15,forward
1775478260.430656,38.398943,1775478263.870723|完整运动,完整运动,circle_orbit,1,1.000000,1.500000,1.500000,,,,,,,,,,,,,,,,1.216763,0.100322,1.247018,0.104342,0.000000,0.000000,-0.232664,,0.010448,0.000000,,,,0.082450,0.152114,1.500000,45.854242,4.405215,0.000000,circle,预设轨迹15,forward
1775478260.462457,38.430745,1775478263.870723|完整运动,完整运动,circle_orbit,1,1.000000,1.500000,1.500000,,,,,,,,,,,,,,,,1.217245,0.100892,1.246171,0.105164,0.000000,0.000000,-0.231915,,0.011333,0.000000,,,,0.082885,0.152174,1.500000,45.879858,4.379598,0.000000,circle,预设轨迹15,forward
1775478260.491092,38.459379,1775478263.870723|完整运动,完整运动,circle_orbit,1,1.000000,1.500000,1.500000,,,,,,,,,,,,,,,,1.217713,0.102213,1.245774,0.112120,0.000000,0.000000,-0.230089,,0.012486,0.000000,,,,0.083938,0.152232,1.500000,45.930311,4.329145,0.000000,circle,预设轨迹15,forward
1775478260.514973,38.483261,1775478263.870723|完整运动,完整运动,circle_orbit,1,1.000000,1.500000,1.500000,,,,,,,,,,,,,,,,1.218161,0.102858,1.245043,0.107701,0.000000,0.000000,-0.229172,,0.013386,0.000000,,,,0.084438,0.152288,1.500000,45.955483,4.303974,0.000000,circle,预设轨迹15,forward
1775478260.538140,38.506427,1775478263.870723|完整运动,完整运动,circle_orbit,1,1.000000,1.500000,1.500000,,,,,,,,,,,,,,,,1.218584,0.104186,1.243997,0.114140,0.000000,0.000000,-0.227277,,0.014967,0.000000,,,,0.085497,0.152341,1.500000,46.005752,4.253704,0.000000,circle,预设轨迹15,forward
1775478260.567909,38.536196,1775478263.870723|完整运动,完整运动,circle_orbit,1,1.000000,1.500000,1.500000,,,,,,,,,,,,,,,,1.218989,0.104804,1.243275,0.109444,0.000000,0.000000,-0.226340,,0.015873,0.000000,,,,0.085976,0.152392,1.500000,46.030881,4.228575,0.000000,circle,预设轨迹15,forward
1775478260.588468,38.556755,1775478263.870723|完整运动,完整运动,circle_orbit,1,1.000000,1.500000,1.500000,,,,,,,,,,,,,,,,1.219384,0.105490,1.243052,0.110636,0.000000,0.000000,-0.225298,,0.016530,0.000000,,,,0.086511,0.152441,1.500000,46.056187,4.203269,0.000000,circle,预设轨迹15,forward
1775478260.608834,38.577121,1775478263.870723|完整运动,完整运动,circle_orbit,1,1.000000,1.500000,1.500000,,,,,,,,,,,,,,,,1.219775,0.106191,1.243274,0.111450,0.000000,0.000000,-0.224221,,0.016934,0.000000,,,,0.087058,0.152490,1.500000,46.081398,4.178058,0.000000,circle,预设轨迹15,forward
1775478260.636051,38.604338,1775478263.870723|完整运动,完整运动,circle_orbit,1,1.000000,1.500000,1.500000,,,,,,,,,,,,,,,,1.220160,0.106855,1.243241,0.111831,0.000000,0.000000,-0.223182,,0.017473,0.000000,,,,0.087575,0.152538,1.500000,46.106521,4.152935,0.000000,circle,预设轨迹15,forward
1775478260.659344,38.627631,1775478263.870723|完整运动,完整运动,circle_orbit,1,1.000000,1.500000,1.500000,,,,,,,,,,,,,,,,1.220536,0.107419,1.243101,0.111650,0.000000,0.000000,-0.222273,,0.018012,0.000000,,,,0.088010,0.152585,1.500000,46.131550,4.127906,0.000000,circle,预设轨迹15,forward
1775478260.680274,38.648561,1775478263.870723|完整运动,完整运动,circle_orbit,1,1.000000,1.500000,1.500000,,,,,,,,,,,,,,,,1.220889,0.108616,1.242045,0.117593,0.000000,0.000000,-0.220460,,0.019560,0.000000,,,,0.088965,0.152629,1.500000,46.181975,4.077482,0.000000,circle,预设轨迹15,forward
1775478260.707192,38.675479,1775478263.870723|完整运动,完整运动,circle_orbit,1,1.000000,1.500000,1.500000,,,,,,,,,,,,,,,,1.221224,0.109147,1.241345,0.113130,0.000000,0.000000,-0.219554,,0.020439,0.000000,,,,0.089375,0.152671,1.500000,46.207570,4.051887,0.000000,circle,预设轨迹15,forward
1775478260.729163,38.697450,1775478263.870723|完整运动,完整运动,circle_orbit,1,1.000000,1.500000,1.500000,,,,,,,,,,,,,,,,1.221553,0.109682,1.241276,0.113690,0.000000,0.000000,-0.218638,,0.020939,0.000000,,,,0.089789,0.152712,1.500000,46.233273,4.026183,0.000000,circle,预设轨迹15,forward
1775478260.753915,38.722203,1775478263.870723|完整运动,完整运动,circle_orbit,1,1.000000,1.500000,1.500000,,,,,,,,,,,,,,,,1.221867,0.110210,1.240741,0.114173,0.000000,0.000000,-0.217727,,0.021720,0.000000,,,,0.090198,0.152752,1.500000,46.258956,4.000501,0.000000,circle,预设轨迹15,forward
1775478260.776190,38.744477,1775478263.870723|完整运动,完整运动,circle_orbit,1,1.000000,1.500000,1.500000,,,,,,,,,,,,,,,,1.222178,0.110773,1.240818,0.114994,0.000000,0.000000,-0.216762,,0.022156,0.000000,,,,0.090636,0.152791,1.500000,46.284404,3.975053,0.000000,circle,预设轨迹15,forward
1775478260.796845,38.765132,1775478263.870723|完整运动,完整运动,circle_orbit,1,1.000000,1.500000,1.500000,,,,,,,,,,,,,,,,1.222478,0.111332,1.240459,0.115528,0.000000,0.000000,-0.215795,,0.022858,0.000000,,,,0.091071,0.152828,1.500000,46.309949,3.949508,0.000000,circle,预设轨迹15,forward
1775478260.817275,38.785562,1775478263.870723|完整运动,完整运动,circle_orbit,1,1.000000,1.500000,1.500000,,,,,,,,,,,,,,,,1.222759,0.112538,1.239650,0.121578,0.000000,0.000000,-0.213905,,0.024296,0.000000,,,,0.092036,0.152863,1.500000,46.361440,3.898016,0.000000,circle,预设轨迹15,forward
1775478260.847343,38.815630,1775478263.870723|完整运动,完整运动,circle_orbit,1,1.000000,1.500000,1.500000,,,,,,,,,,,,,,,,1.223036,0.112382,1.239650,0.111219,0.000000,0.000000,-0.213905,,0.024296,0.000000,,,,0.091888,0.152898,1.500000,46.361440,3.898016,0.000000,circle,预设轨迹15,forward
1775478260.868003,38.836291,1775478263.870723|完整运动,完整运动,circle_orbit,1,1.000000,1.500000,1.500000,,,,,,,,,,,,,,,,1.223325,0.113875,1.240655,0.125066,0.000000,0.000000,-0.211595,,0.024839,0.000000,,,,0.093086,0.152934,1.500000,46.412721,3.846736,0.000000,circle,预设轨迹15,forward
1775478260.891913,38.860200,1775478263.870723|完整运动,完整运动,circle_orbit,1,1.000000,1.500000,1.500000,,,,,,,,,,,,,,,,1.223607,0.114608,1.240535,0.120106,0.000000,0.000000,-0.210304,,0.025557,0.000000,,,,0.093664,0.152969,1.500000,46.438102,3.821354,0.000000,circle,预设轨迹15,forward
1775478260.920672,38.888959,1775478263.870723|完整运动,完整运动,circle_orbit,1,1.000000,1.500000,1.500000,,,,,,,,,,,,,,,,1.223893,0.115338,1.241036,0.120815,0.000000,0.000000,-0.209001,,0.025904,0.000000,,,,0.094239,0.153005,1.500000,46.463229,3.796227,0.000000,circle,预设轨迹15,forward
1775478260.942301,38.910588,1775478263.870723|完整运动,完整运动,circle_orbit,1,1.000000,1.500000,1.500000,,,,,,,,,,,,,,,,1.224165,0.116837,1.240526,0.128080,0.000000,0.000000,-0.206592,,0.027419,0.000000,,,,0.095442,0.153039,1.500000,46.513924,3.745533,0.000000,circle,预设轨迹15,forward
1775478260.963462,38.931749,1775478263.870723|完整运动,完整运动,circle_orbit,1,1.000000,1.500000,1.500000,,,,,,,,,,,,,,,,1.224444,0.117404,1.241168,0.121654,0.000000,0.000000,-0.205450,,0.027600,0.000000,,,,0.095883,0.153074,1.500000,46.539315,3.720141,0.000000,circle,预设轨迹15,forward
1775478260.983854,38.952142,1775478263.870723|完整运动,完整运动,circle_orbit,1,1.000000,1.500000,1.500000,,,,,,,,,,,,,,,,1.224738,0.118055,1.242378,0.122940,0.000000,0.000000,-0.204182,,0.027498,0.000000,,,,0.096392,0.153111,1.500000,46.564704,3.694752,0.000000,circle,预设轨迹15,forward
1775478261.005377,38.973665,1775478263.870723|完整运动,完整运动,circle_orbit,1,1.000000,1.500000,1.500000,,,,,,,,,,,,,,,,1.225048,0.118929,1.243634,0.125482,0.000000,0.000000,-0.202586,,0.027534,0.000000,,,,0.097081,0.153149,1.500000,46.589690,3.669767,0.000000,circle,预设轨迹15,forward
1775478261.032989,39.001276,1775478263.870723|完整运动,完整运动,circle_orbit,1,1.000000,1.500000,1.500000,,,,,,,,,,,,,,,,1.225353,0.118665,1.243634,0.116686,0.000000,0.000000,-0.202586,,0.027534,0.000000,,,,0.096842,0.153187,1.500000,46.589690,3.669767,0.000000,circle,预设轨迹15,forward
1775478261.056104,39.024392,1775478263.870723|完整运动,完整运动,circle_orbit,1,1.000000,1.500000,1.500000,,,,,,,,,,,,,,,,1.225668,0.120434,1.244612,0.133705,0.000000,0.000000,-0.199736,,0.028367,0.000000,,,,0.098260,0.153227,1.500000,46.639371,3.620086,0.000000,circle,预设轨迹15,forward
1775478261.076585,39.044873,1775478263.870723|完整运动,完整运动,circle_orbit,1,1.000000,1.500000,1.500000,,,,,,,,,,,,,,,,1.225993,0.121099,1.245489,0.126081,0.000000,0.000000,-0.198383,,0.028513,0.000000,,,,0.098776,0.153268,1.500000,46.664180,3.595277,0.000000,circle,预设轨迹15,forward
1775478261.102852,39.071139,1775478263.870723|完整运动,完整运动,circle_orbit,1,1.000000,1.500000,1.500000,,,,,,,,,,,,,,,,1.226320,0.121733,1.245904,0.126487,0.000000,0.000000,-0.197064,,0.028922,0.000000,,,,0.099267,0.153308,1.500000,46.689353,3.570104,0.000000,circle,预设轨迹15,forward
1775478261.136802,39.105089,1775478263.870723|完整运动,完整运动,circle_orbit,1,1.000000,1.500000,1.500000,,,,,,,,,,,,,,,,1.226687,0.123416,1.248713,0.136041,0.000000,0.000000,-0.194241,,0.028641,0.000000,,,,0.100609,0.153354,1.500000,46.739790,3.519667,0.000000,circle,预设轨迹15,forward
1775478261.160438,39.128726,1775478263.870723|完整运动,完整运动,circle_orbit,1,1.000000,1.500000,1.500000,,,,,,,,,,,,,,,,1.227068,0.124873,1.249917,0.135803,0.000000,0.000000,-0.191674,,0.029201,0.000000,,,,0.101766,0.153402,1.500000,46.790132,3.469325,0.000000,circle,预设轨迹15,forward
1775478261.180927,39.149214,1775478263.870723|完整运动,完整运动,circle_orbit,1,1.000000,1.500000,1.500000,,,,,,,,,,,,,,,,1.227448,0.125360,1.250278,0.129009,0.000000,0.000000,-0.190437,,0.029604,0.000000,,,,0.102130,0.153449,1.500000,46.815421,3.444036,0.000000,circle,预设轨迹15,forward
1775478261.214938,39.183225,1775478263.870723|完整运动,完整运动,circle_orbit,1,1.000000,1.500000,1.500000,,,,,,,,,,,,,,,,1.227822,0.124980,1.250278,0.122131,0.000000,0.000000,-0.190437,,0.029604,0.000000,,,,0.101790,0.153496,1.500000,46.815421,3.444036,0.000000,circle,预设轨迹15,forward
1775478261.245229,39.213517,1775478263.870723|完整运动,完整运动,circle_orbit,1,1.000000,1.500000,1.500000,,,,,,,,,,,,,,,,1.228215,0.126563,1.251771,0.138433,0.000000,0.000000,-0.187697,,0.030079,0.000000,,,,0.103046,0.153545,1.500000,46.866251,3.393206,0.000000,circle,预设轨迹15,forward
1775478261.267561,39.235848,1775478263.870723|完整运动,完整运动,circle_orbit,1,1.000000,1.500000,1.500000,,,,,,,,,,,,,,,,1.228632,0.128048,1.253650,0.139184,0.000000,0.000000,-0.185034,,0.030288,0.000000,,,,0.104220,0.153597,1.500000,46.917611,3.341845,0.000000,circle,预设轨迹15,forward
1775478261.288145,39.256432,1775478263.870723|完整运动,完整运动,circle_orbit,1,1.000000,1.500000,1.500000,,,,,,,,,,,,,,,,1.229064,0.128623,1.254985,0.132942,0.000000,0.000000,-0.183612,,0.030204,0.000000,,,,0.104651,0.153651,1.500000,46.943282,3.316174,0.000000,circle,预设轨迹15,forward
1775478261.318683,39.286970,1775478263.870723|完整运动,完整运动,circle_orbit,1,1.000000,1.500000,1.500000,,,,,,,,,,,,,,,,1.229504,0.129253,1.255878,0.133973,0.000000,0.000000,-0.182113,,0.030423,0.000000,,,,0.105126,0.153706,1.500000,46.968838,3.290619,0.000000,circle,预设轨迹15,forward
1775478261.342463,39.310751,1775478263.870723|完整运动,完整运动,circle_orbit,1,1.000000,1.500000,1.500000,,,,,,,,,,,,,,,,1.229947,0.129808,1.256554,0.133971,0.000000,0.000000,-0.180716,,0.030719,0.000000,,,,0.105539,0.153762,1.500000,46.994221,3.265235,0.000000,circle,预设轨迹15,forward
1775478261.362824,39.331111,1775478263.870723|完整运动,完整运动,circle_orbit,1,1.000000,1.500000,1.500000,,,,,,,,,,,,,,,,1.230404,0.131282,1.257844,0.142339,0.000000,0.000000,-0.178012,,0.031306,0.000000,,,,0.106698,0.153819,1.500000,47.045164,3.214292,0.000000,circle,预设轨迹15,forward
1775478261.388267,39.356554,1775478263.870723|完整运动,完整运动,circle_orbit,1,1.000000,1.500000,1.500000,,,,,,,,,,,,,,,,1.230885,0.131938,1.259721,0.136854,0.000000,0.000000,-0.176419,,0.030992,0.000000,,,,0.107189,0.153879,1.500000,47.070646,3.188810,0.000000,circle,预设轨迹15,forward
1775478261.416313,39.384600,1775478263.870723|完整运动,完整运动,circle_orbit,1,1.000000,1.500000,1.500000,,,,,,,,,,,,,,,,1.231390,0.132645,1.261698,0.137952,0.000000,0.000000,-0.174746,,0.030662,0.000000,,,,0.107720,0.153942,1.500000,47.095980,3.163476,0.000000,circle,预设轨迹15,forward
1775478261.440218,39.408505,1775478263.870723|完整运动,完整运动,circle_orbit,1,1.000000,1.500000,1.500000,,,,,,,,,,,,,,,,1.231914,0.133294,1.263366,0.138164,0.000000,0.000000,-0.173147,,0.030481,0.000000,,,,0.108201,0.154008,1.500000,47.121180,3.138276,0.000000,circle,预设轨迹15,forward
1775478261.465375,39.433662,1775478263.870723|完整运动,完整运动,circle_orbit,1,1.000000,1.500000,1.500000,,,,,,,,,,,,,,,,1.232481,0.134996,1.266487,0.147755,0.000000,0.000000,-0.170045,,0.030204,0.000000,,,,0.109532,0.154079,1.500000,47.171525,3.087931,0.000000,circle,预设轨迹15,forward
1775478261.491881,39.460168,1775478263.870723|完整运动,完整运动,circle_orbit,1,1.000000,1.500000,1.500000,,,,,,,,,,,,,,,,1.233055,0.135391,1.267465,0.138355,0.000000,0.000000,-0.168737,,0.030287,0.000000,,,,0.109801,0.154150,1.500000,47.197034,3.062423,0.000000,circle,预设轨迹15,forward
1775478261.526944,39.495231,1775478263.870723|完整运动,完整运动,circle_orbit,1,1.000000,1.500000,1.500000,,,,,,,,,,,,,,,,1.233650,0.135884,1.269396,0.139580,0.000000,0.000000,-0.167300,,0.029880,0.000000,,,,0.110148,0.154225,1.500000,47.222623,3.036833,0.000000,circle,预设轨迹15,forward
1775478261.565248,39.533535,1775478263.870723|完整运动,完整运动,circle_orbit,1,1.000000,1.500000,1.500000,,,,,,,,,,,,,,,,1.234291,0.137368,1.272733,0.148498,0.000000,0.000000,-0.164456,,0.029366,0.000000,,,,0.111293,0.154305,1.500000,47.274064,2.985393,0.000000,circle,预设轨迹15,forward
1775478261.593475,39.561762,1775478263.870723|完整运动,完整运动,circle_orbit,1,1.000000,1.500000,1.500000,,,,,,,,,,,,,,,,1.234987,0.138822,1.276775,0.149730,0.000000,0.000000,-0.161598,,0.028463,0.000000,,,,0.112408,0.154392,1.500000,47.325470,2.933987,0.000000,circle,预设轨迹15,forward
1775478261.616948,39.585236,1775478263.870723|完整运动,完整运动,circle_orbit,1,1.000000,1.500000,1.500000,,,,,,,,,,,,,,,,1.235696,0.139308,1.278235,0.142949,0.000000,0.000000,-0.160072,,0.028388,0.000000,,,,0.112736,0.154481,1.500000,47.351311,2.908145,0.000000,circle,预设轨迹15,forward
1775478261.637279,39.605566,1775478263.870723|完整运动,完整运动,circle_orbit,1,1.000000,1.500000,1.500000,,,,,,,,,,,,,,,,1.236449,0.140883,1.281628,0.152701,0.000000,0.000000,-0.157002,,0.027981,0.000000,,,,0.113942,0.154575,1.500000,47.403098,2.856359,0.000000,circle,预设轨迹15,forward
1775478261.664240,39.632528,1775478263.870723|完整运动,完整运动,circle_orbit,1,1.000000,1.500000,1.500000,,,,,,,,,,,,,,,,1.237190,0.140264,1.281628,0.135622,0.000000,0.000000,-0.157002,,0.027981,0.000000,,,,0.113373,0.154667,1.500000,47.403098,2.856359,0.000000,circle,预设轨迹15,forward
1775478261.695971,39.664258,1775478263.870723|完整运动,完整运动,circle_orbit,1,1.000000,1.500000,1.500000,,,,,,,,,,,,,,,,1.237975,0.141838,1.285071,0.153643,0.000000,0.000000,-0.153951,,0.027547,0.000000,,,,0.114573,0.154765,1.500000,47.454932,2.804524,0.000000,circle,预设轨迹15,forward
1775478261.717629,39.685917,1775478263.870723|完整运动,完整运动,circle_orbit,1,1.000000,1.500000,1.500000,,,,,,,,,,,,,,,,1.238784,0.142332,1.287342,0.146038,0.000000,0.000000,-0.152380,,0.027046,0.000000,,,,0.114897,0.154867,1.500000,47.480715,2.778742,0.000000,circle,预设轨迹15,forward
1775478261.738746,39.707033,1775478263.870723|完整运动,完整运动,circle_orbit,1,1.000000,1.500000,1.500000,,,,,,,,,,,,,,,,1.239640,0.143994,1.290997,0.156457,0.000000,0.000000,-0.149153,,0.026598,0.000000,,,,0.116158,0.154974,1.500000,47.532131,2.727325,0.000000,circle,预设轨迹15,forward
1775478261.764630,39.732917,1775478263.870723|完整运动,完整运动,circle_orbit,1,1.000000,1.500000,1.500000,,,,,,,,,,,,,,,,1.240482,0.143347,1.290997,0.138497,0.000000,0.000000,-0.149153,,0.026598,0.000000,,,,0.115558,0.155079,1.500000,47.532131,2.727325,0.000000,circle,预设轨迹15,forward
1775478261.785054,39.753342,1775478263.870723|完整运动,完整运动,circle_orbit,1,1.000000,1.500000,1.500000,,,,,,,,,,,,,,,,1.241399,0.145149,1.296411,0.158659,0.000000,0.000000,-0.145737,,0.025273,0.000000,,,,0.116923,0.155193,1.500000,47.583399,2.676057,0.000000,circle,预设轨迹15,forward
1775478261.805809,39.774096,1775478263.870723|完整运动,完整运动,circle_orbit,1,1.000000,1.500000,1.500000,,,,,,,,,,,,,,,,1.242330,0.145605,1.298215,0.149031,0.000000,0.000000,-0.144166,,0.025054,0.000000,,,,0.117203,0.155310,1.500000,47.608795,2.650661,0.000000,circle,预设轨迹15,forward
1775478261.834308,39.802595,1775478263.870723|完整运动,完整运动,circle_orbit,1,1.000000,1.500000,1.500000,,,,,,,,,,,,,,,,1.243284,0.145999,1.300529,0.148953,0.000000,0.000000,-0.142693,,0.024505,0.000000,,,,0.117430,0.155429,1.500000,47.634018,2.625438,0.000000,circle,预设轨迹15,forward
1775478261.855075,39.823363,1775478263.870723|完整运动,完整运动,circle_orbit,1,1.000000,1.500000,1.500000,,,,,,,,,,,,,,,,1.244269,0.146348,1.303329,0.148965,0.000000,0.000000,-0.141294,,0.023657,0.000000,,,,0.117618,0.155552,1.500000,47.659177,2.600279,0.000000,circle,预设轨迹15,forward
1775478261.875548,39.843835,1775478263.870723|完整运动,完整运动,circle_orbit,1,1.000000,1.500000,1.500000,,,,,,,,,,,,,,,,1.245270,0.146640,1.305351,0.148829,0.000000,0.000000,-0.139989,,0.023195,0.000000,,,,0.117758,0.155677,1.500000,47.684599,2.574858,0.000000,circle,预设轨迹15,forward
1775478261.903598,39.871886,1775478263.870723|完整运动,完整运动,circle_orbit,1,1.000000,1.500000,1.500000,,,,,,,,,,,,,,,,1.246292,0.146926,1.307589,0.149069,0.000000,0.000000,-0.138707,,0.022607,0.000000,,,,0.117890,0.155805,1.500000,47.710149,2.549308,0.000000,circle,预设轨迹15,forward
1775478261.925974,39.894261,1775478263.870723|完整运动,完整运动,circle_orbit,1,1.000000,1.500000,1.500000,,,,,,,,,,,,,,,,1.247373,0.148064,1.312255,0.156597,0.000000,0.000000,-0.136223,,0.021299,0.000000,,,,0.118700,0.155940,1.500000,47.761501,2.497956,0.000000,circle,预设轨迹15,forward
1775478261.946519,39.914806,1775478263.870723|完整运动,完整运动,circle_orbit,1,1.000000,1.500000,1.500000,,,,,,,,,,,,,,,,1.248475,0.148294,1.314611,0.150020,0.000000,0.000000,-0.134995,,0.020633,0.000000,,,,0.118780,0.156078,1.500000,47.787092,2.472364,0.000000,circle,预设轨迹15,forward
1775478261.968575,39.936863,1775478263.870723|完整运动,完整运动,circle_orbit,1,1.000000,1.500000,1.500000,,,,,,,,,,,,,,,,1.249560,0.147675,1.314611,0.143036,0.000000,0.000000,-0.134995,,0.020633,0.000000,,,,0.118182,0.156214,1.500000,47.787092,2.472364,0.000000,circle,预设轨迹15,forward
1775478261.990315,39.958602,1775478263.870723|完整运动,完整运动,circle_orbit,1,1.000000,1.500000,1.500000,,,,,,,,,,,,,,,,1.250718,0.149046,1.320218,0.159328,0.000000,0.000000,-0.132223,,0.018990,0.000000,,,,0.119168,0.156358,1.500000,47.838262,2.421194,0.000000,circle,预设轨迹15,forward
1775478262.022528,39.990816,1775478263.870723|完整运动,完整运动,circle_orbit,1,1.000000,1.500000,1.500000,,,,,,,,,,,,,,,,1.251902,0.149481,1.322949,0.152741,0.000000,0.000000,-0.130731,,0.018271,0.000000,,,,0.119403,0.156507,1.500000,47.863740,2.395717,0.000000,circle,预设轨迹15,forward
1775478262.051702,40.019989,1775478263.870723|完整运动,完整运动,circle_orbit,1,1.000000,1.500000,1.500000,,,,,,,,,,,,,,,,1.253138,0.150992,1.327301,0.162322,0.000000,0.000000,-0.127711,,0.017458,0.000000,,,,0.120491,0.156661,1.500000,47.914743,2.344714,0.000000,circle,预设轨迹15,forward
1775478262.079022,40.047309,1775478263.870723|完整运动,完整运动,circle_orbit,1,1.000000,1.500000,1.500000,,,,,,,,,,,,,,,,1.254391,0.151466,1.329554,0.155021,0.000000,0.000000,-0.126109,,0.017062,0.000000,,,,0.120748,0.156818,1.500000,47.940272,2.319185,0.000000,circle,预设轨迹15,forward
1775478262.111218,40.079505,1775478263.870723|完整运动,完整运动,circle_orbit,1,1.000000,1.500000,1.500000,,,,,,,,,,,,,,,,1.255675,0.152822,1.332730,0.162998,0.000000,0.000000,-0.123256,,0.016808,0.000000,,,,0.121705,0.156978,1.500000,47.991638,2.267819,0.000000,circle,预设轨迹15,forward
1775478262.152976,40.121263,1775478263.870723|完整运动,完整运动,circle_orbit,1,1.000000,1.500000,1.500000,,,,,,,,,,,,,,,,1.256967,0.153040,1.334461,0.154671,0.000000,0.000000,-0.121980,,0.016533,0.000000,,,,0.121753,0.157140,1.500000,48.017387,2.242070,0.000000,circle,预设轨迹15,forward
1775478262.186028,40.154315,1775478263.870723|完整运动,完整运动,circle_orbit,1,1.000000,1.500000,1.500000,,,,,,,,,,,,,,,,1.258329,0.154347,1.340076,0.164152,0.000000,0.000000,-0.119170,,0.014995,0.000000,,,,0.122660,0.157310,1.500000,48.068752,2.190705,0.000000,circle,预设轨迹15,forward
1775478262.209401,40.177688,1775478263.870723|完整运动,完整运动,circle_orbit,1,1.000000,1.500000,1.500000,,,,,,,,,,,,,,,,1.259740,0.155337,1.344426,0.162757,0.000000,0.000000,-0.116767,,0.013933,0.000000,,,,0.123308,0.157486,1.500000,48.119423,2.140033,0.000000,circle,预设轨迹15,forward
1775478262.229743,40.198030,1775478263.870723|完整运动,完整运动,circle_orbit,1,1.000000,1.500000,1.500000,,,,,,,,,,,,,,,,1.261158,0.155372,1.346203,0.155639,0.000000,0.000000,-0.115701,,0.013546,0.000000,,,,0.123198,0.157664,1.500000,48.144800,2.114657,0.000000,circle,预设轨迹15,forward
1775478262.257177,40.225465,1775478263.870723|完整运动,完整运动,circle_orbit,1,1.000000,1.500000,1.500000,,,,,,,,,,,,,,,,1.262586,0.155381,1.348274,0.155448,0.000000,0.000000,-0.114705,,0.012974,0.000000,,,,0.123066,0.157842,1.500000,48.170260,2.089197,0.000000,circle,预设轨迹15,forward
1775478262.286075,40.254362,1775478263.870723|完整运动,完整运动,circle_orbit,1,1.000000,1.500000,1.500000,,,,,,,,,,,,,,,,1.264089,0.156218,1.354242,0.162495,0.000000,0.000000,-0.112557,,0.010984,0.000000,,,,0.123581,0.158030,1.500000,48.221491,2.037966,0.000000,circle,预设轨迹15,forward
1775478262.308442,40.276729,1775478263.870723|完整运动,完整运动,circle_orbit,1,1.000000,1.500000,1.500000,,,,,,,,,,,,,,,,1.265614,0.156305,1.357122,0.156954,0.000000,0.000000,-0.111459,,0.010064,0.000000,,,,0.123501,0.158221,1.500000,48.247067,2.012389,0.000000,circle,预设轨迹15,forward
1775478262.330001,40.298288,1775478263.870723|完整运动,完整运动,circle_orbit,1,1.000000,1.500000,1.500000,,,,,,,,,,,,,,,,1.267168,0.156357,1.360433,0.156752,0.000000,0.000000,-0.110434,,0.008895,0.000000,,,,0.123391,0.158415,1.500000,48.272745,1.986711,0.000000,circle,预设轨迹15,forward
1775478262.353436,40.321724,1775478263.870723|完整运动,完整运动,circle_orbit,1,1.000000,1.500000,1.500000,,,,,,,,,,,,,,,,1.268697,0.155710,1.360433,0.150857,0.000000,0.000000,-0.110434,,0.008895,0.000000,,,,0.122732,0.158606,1.500000,48.272745,1.986711,0.000000,circle,预设轨迹15,forward
1775478262.375560,40.343847,1775478263.870723|完整运动,完整运动,circle_orbit,1,1.000000,1.500000,1.500000,,,,,,,,,,,,,,,,1.270287,0.156668,1.365668,0.163856,0.000000,0.000000,-0.108210,,0.007366,0.000000,,,,0.123333,0.158805,1.500000,48.324425,1.935032,0.000000,circle,预设轨迹15,forward
1775478262.396599,40.364886,1775478263.870723|完整运动,完整运动,circle_orbit,1,1.000000,1.500000,1.500000,,,,,,,,,,,,,,,,1.271900,0.156851,1.368723,0.158224,0.000000,0.000000,-0.107059,,0.006409,0.000000,,,,0.123321,0.159007,1.500000,48.350350,1.909106,0.000000,circle,预设轨迹15,forward
1775478262.421924,40.390211,1775478263.870723|完整运动,完整运动,circle_orbit,1,1.000000,1.500000,1.500000,,,,,,,,,,,,,,,,1.273599,0.158053,1.375489,0.167062,0.000000,0.000000,-0.104469,,0.004335,0.000000,,,,0.124099,0.159219,1.500000,48.402105,1.857352,0.000000,circle,预设轨迹15,forward
1775478262.444917,40.413204,1775478263.870723|完整运动,完整运动,circle_orbit,1,1.000000,1.500000,1.500000,,,,,,,,,,,,,,,,1.275318,0.158353,1.378494,0.160602,0.000000,0.000000,-0.103119,,0.003524,0.000000,,,,0.124167,0.159434,1.500000,48.428007,1.831450,0.000000,circle,预设轨迹15,forward
1775478262.466596,40.434884,1775478263.870723|完整运动,完整运动,circle_orbit,1,1.000000,1.500000,1.500000,,,,,,,,,,,,,,,,1.277054,0.158626,1.381225,0.160678,0.000000,0.000000,-0.101818,,0.002830,0.000000,,,,0.124212,0.159651,1.500000,48.454006,1.805451,0.000000,circle,预设轨迹15,forward
1775478262.489783,40.458071,1775478263.870723|完整运动,完整运动,circle_orbit,1,1.000000,1.500000,1.500000,,,,,,,,,,,,,,,,1.278762,0.157996,1.381225,0.153270,0.000000,0.000000,-0.101818,,0.002830,0.000000,,,,0.123554,0.159864,1.500000,48.454006,1.805451,0.000000,circle,预设轨迹15,forward
1775478262.515363,40.483650,1775478263.870723|完整运动,完整运动,circle_orbit,1,1.000000,1.500000,1.500000,,,,,,,,,,,,,,,,1.280517,0.158967,1.385806,0.166247,0.000000,0.000000,-0.099600,,0.001696,0.000000,,,,0.124143,0.160084,1.500000,48.506270,1.753186,0.000000,circle,预设轨迹15,forward
1775478262.536585,40.504873,1775478263.870723|完整运动,完整运动,circle_orbit,1,1.000000,1.500000,1.500000,,,,,,,,,,,,,,,,1.282276,0.159028,1.387829,0.159490,0.000000,0.000000,-0.098646,,0.001187,0.000000,,,,0.124020,0.160304,1.500000,48.532564,1.726892,0.000000,circle,预设轨迹15,forward
1775478262.565678,40.533965,1775478263.870723|完整运动,完整运动,circle_orbit,1,1.000000,1.500000,1.500000,,,,,,,,,,,,,,,,1.284045,0.159147,1.390174,0.160038,0.000000,0.000000,-0.097631,,0.000554,0.000000,,,,0.123942,0.160525,1.500000,48.558748,1.700708,0.000000,circle,预设轨迹15,forward
1775478262.588378,40.556665,1775478263.870723|完整运动,完整运动,circle_orbit,1,1.000000,1.500000,1.500000,,,,,,,,,,,,,,,,1.285790,0.159836,1.390483,0.165006,0.000000,0.000000,-0.095818,,-0.001312,0.000000,,,,0.124310,0.160743,1.500000,48.610751,1.648706,0.000000,circle,预设轨迹15,forward
1775478262.609560,40.577847,1775478263.870723|完整运动,完整运动,circle_orbit,1,1.000000,1.500000,1.500000,,,,,,,,,,,,,,,,1.287489,0.159803,1.389434,0.159554,0.000000,0.000000,-0.095016,,-0.002221,0.000000,,,,0.124120,0.160955,1.500000,48.636764,1.622693,0.000000,circle,预设轨迹15,forward
1775478262.636640,40.604927,1775478263.870723|完整运动,完整运动,circle_orbit,1,1.000000,1.500000,1.500000,,,,,,,,,,,,,,,,1.289142,0.159706,1.388310,0.158978,0.000000,0.000000,-0.094329,,-0.003111,0.000000,,,,0.123886,0.161162,1.500000,48.662930,1.596526,0.000000,circle,预设轨迹15,forward
1775478262.657421,40.625708,1775478263.870723|完整运动,完整运动,circle_orbit,1,1.000000,1.500000,1.500000,,,,,,,,,,,,,,,,1.290730,0.159640,1.386032,0.159142,0.000000,0.000000,-0.093624,,-0.004574,0.000000,,,,0.123682,0.161361,1.500000,48.689262,1.570195,0.000000,circle,预设轨迹15,forward
1775478262.678493,40.646780,1775478263.870723|完整运动,完整运动,circle_orbit,1,1.000000,1.500000,1.500000,,,,,,,,,,,,,,,,1.292231,0.160161,1.382304,0.164071,0.000000,0.000000,-0.092098,,-0.007161,0.000000,,,,0.123941,0.161548,1.500000,48.741496,1.517960,0.000000,circle,预设轨迹15,forward
1775478262.703929,40.672216,1775478263.870723|完整运动,完整运动,circle_orbit,1,1.000000,1.500000,1.500000,,,,,,,,,,,,,,,,1.293708,0.159605,1.382304,0.155433,0.000000,0.000000,-0.092098,,-0.007161,0.000000,,,,0.123370,0.161733,1.500000,48.741496,1.517960,0.000000,circle,预设轨迹15,forward
1775478262.724957,40.693244,1775478263.870723|完整运动,完整运动,circle_orbit,1,1.000000,1.500000,1.500000,,,,,,,,,,,,,,,,1.295098,0.160251,1.378512,0.165101,0.000000,0.000000,-0.090428,,-0.009861,0.000000,,,,0.123737,0.161907,1.500000,48.793516,1.465940,0.000000,circle,预设轨迹15,forward
1775478262.745513,40.713800,1775478263.870723|完整运动,完整运动,circle_orbit,1,1.000000,1.500000,1.500000,,,,,,,,,,,,,,,,1.296438,0.160243,1.376852,0.160179,0.000000,0.000000,-0.089669,,-0.011062,0.000000,,,,0.123602,0.162074,1.500000,48.819722,1.439734,0.000000,circle,预设轨迹15,forward
1775478262.773933,40.742221,1775478263.870723|完整运动,完整运动,circle_orbit,1,1.000000,1.500000,1.500000,,,,,,,,,,,,,,,,1.297730,0.160200,1.375231,0.159877,0.000000,0.000000,-0.088975,,-0.012211,0.000000,,,,0.123446,0.162236,1.500000,48.845928,1.413528,0.000000,circle,预设轨迹15,forward
1775478262.795642,40.763930,1775478263.870723|完整运动,完整运动,circle_orbit,1,1.000000,1.500000,1.500000,,,,,,,,,,,,,,,,1.298978,0.160251,1.373885,0.160636,0.000000,0.000000,-0.088163,,-0.013285,0.000000,,,,0.123367,0.162392,1.500000,48.872083,1.387374,0.000000,circle,预设轨迹15,forward
1775478262.816069,40.784356,1775478263.870723|完整运动,完整运动,circle_orbit,1,1.000000,1.500000,1.500000,,,,,,,,,,,,,,,,1.300193,0.160321,1.373087,0.160848,0.000000,0.000000,-0.087337,,-0.014094,0.000000,,,,0.123306,0.162544,1.500000,48.898354,1.361102,0.000000,circle,预设轨迹15,forward
1775478262.850368,40.818656,1775478263.870723|完整运动,完整运动,circle_orbit,1,1.000000,1.500000,1.500000,,,,,,,,,,,,,,,,1.301355,0.160905,1.371079,0.165280,0.000000,0.000000,-0.085787,,-0.015869,0.000000,,,,0.123644,0.162689,1.500000,48.950666,1.308790,0.000000,circle,预设轨迹15,forward
1775478262.882774,40.851062,1775478263.870723|完整运动,完整运动,circle_orbit,1,1.000000,1.500000,1.500000,,,,,,,,,,,,,,,,1.302482,0.160892,1.370098,0.160793,0.000000,0.000000,-0.085065,,-0.016720,0.000000,,,,0.123527,0.162830,1.500000,48.976999,1.282457,0.000000,circle,预设轨迹15,forward
1775478262.904640,40.872927,1775478263.870723|完整运动,完整运动,circle_orbit,1,1.000000,1.500000,1.500000,,,,,,,,,,,,,,,,1.303544,0.161436,1.367255,0.165521,0.000000,0.000000,-0.083560,,-0.018895,0.000000,,,,0.123844,0.162963,1.500000,49.029988,1.229469,0.000000,circle,预设轨迹15,forward
1775478262.925920,40.894207,1775478263.870723|完整运动,完整运动,circle_orbit,1,1.000000,1.500000,1.500000,,,,,,,,,,,,,,,,1.304585,0.161475,1.367009,0.161769,0.000000,0.000000,-0.082758,,-0.019420,0.000000,,,,0.123775,0.163093,1.500000,49.056343,1.203113,0.000000,circle,预设轨迹15,forward
1775478262.952936,40.921223,1775478263.870723|完整运动,完整运动,circle_orbit,1,1.000000,1.500000,1.500000,,,,,,,,,,,,,,,,1.305608,0.161297,1.367012,0.159956,0.000000,0.000000,-0.082280,,-0.019657,0.000000,,,,0.123541,0.163221,1.500000,49.082728,1.176729,0.000000,circle,预设轨迹15,forward
1775478262.976928,40.945215,1775478263.870723|完整运动,完整运动,circle_orbit,1,1.000000,1.500000,1.500000,,,,,,,,,,,,,,,,1.306596,0.161027,1.365849,0.159006,0.000000,0.000000,-0.081956,,-0.020403,0.000000,,,,0.123242,0.163344,1.500000,49.109041,1.150416,0.000000,circle,预设轨迹15,forward
1775478262.997233,40.965521,1775478263.870723|完整运动,完整运动,circle_orbit,1,1.000000,1.500000,1.500000,,,,,,,,,,,,,,,,1.307514,0.160817,1.362602,0.159245,0.000000,0.000000,-0.081569,,-0.022232,0.000000,,,,0.122995,0.163459,1.500000,49.162109,1.097347,0.000000,circle,预设轨迹15,forward
1775478263.027597,40.995884,1775478263.870723|完整运动,完整运动,circle_orbit,1,1.000000,1.500000,1.500000,,,,,,,,,,,,,,,,1.308417,0.160354,1.362602,0.156881,0.000000,0.000000,-0.081569,,-0.022232,0.000000,,,,0.122556,0.163572,1.500000,49.162109,1.097347,0.000000,circle,预设轨迹15,forward
1775478263.054614,41.022901,1775478263.870723|完整运动,完整运动,circle_orbit,1,1.000000,1.500000,1.500000,,,,,,,,,,,,,,,,1.309231,0.160065,1.358111,0.157898,0.000000,0.000000,-0.081350,,-0.024617,0.000000,,,,0.122259,0.163674,1.500000,49.215329,1.044127,0.000000,circle,预设轨迹15,forward
1775478263.074977,41.043265,1775478263.870723|完整运动,完整运动,circle_orbit,1,1.000000,1.500000,1.500000,,,,,,,,,,,,,,,,1.310000,0.159717,1.356106,0.157107,0.000000,0.000000,-0.081238,,-0.025694,0.000000,,,,0.121922,0.163770,1.500000,49.241909,1.017548,0.000000,circle,预设轨迹15,forward
1775478263.097755,41.066042,1775478263.870723|完整运动,完整运动,circle_orbit,1,1.000000,1.500000,1.500000,,,,,,,,,,,,,,,,1.310729,0.159439,1.354491,0.157349,0.000000,0.000000,-0.081052,,-0.026611,0.000000,,,,0.121641,0.163861,1.500000,49.268488,0.990968,0.000000,circle,预设轨迹15,forward
1775478263.125375,41.093662,1775478263.870723|完整运动,完整运动,circle_orbit,1,1.000000,1.500000,1.500000,,,,,,,,,,,,,,,,1.311403,0.159237,1.351798,0.157720,0.000000,0.000000,-0.080775,,-0.028129,0.000000,,,,0.121425,0.163945,1.500000,49.294970,0.964487,0.000000,circle,预设轨迹15,forward
1775478263.146385,41.114672,1775478263.870723|完整运动,完整运动,circle_orbit,1,1.000000,1.500000,1.500000,,,,,,,,,,,,,,,,1.311994,0.159234,1.347460,0.159211,0.000000,0.000000,-0.080222,,-0.030638,0.000000,,,,0.121368,0.164019,1.500000,49.347937,0.911520,0.000000,circle,预设轨迹15,forward
1775478263.167336,41.135624,1775478263.870723|完整运动,完整运动,circle_orbit,1,1.000000,1.500000,1.500000,,,,,,,,,,,,,,,,1.312542,0.159101,1.345456,0.158105,0.000000,0.000000,-0.079854,,-0.031858,0.000000,,,,0.121216,0.164087,1.500000,49.374425,0.885032,0.000000,circle,预设轨迹15,forward
1775478263.195477,41.163764,1775478263.870723|完整运动,完整运动,circle_orbit,1,1.000000,1.500000,1.500000,,,,,,,,,,,,,,,,1.313052,0.158957,1.343624,0.157882,0.000000,0.000000,-0.079511,,-0.032979,0.000000,,,,0.121059,0.164151,1.500000,49.400876,0.858581,0.000000,circle,预设轨迹15,forward
1775478263.215920,41.184208,1775478263.870723|完整运动,完整运动,circle_orbit,1,1.000000,1.500000,1.500000,,,,,,,,,,,,,,,,1.313532,0.158745,1.342343,0.157153,0.000000,0.000000,-0.079275,,-0.033763,0.000000,,,,0.120854,0.164211,1.500000,49.427373,0.832084,0.000000,circle,预设轨迹15,forward
1775478263.242794,41.211081,1775478263.870723|完整运动,完整运动,circle_orbit,1,1.000000,1.500000,1.500000,,,,,,,,,,,,,,,,1.313983,0.158440,1.341068,0.156151,0.000000,0.000000,-0.079187,,-0.034472,0.000000,,,,0.120580,0.164268,1.500000,49.453864,0.805593,0.000000,circle,预设轨迹15,forward
1775478263.269952,41.238239,1775478263.870723|完整运动,完整运动,circle_orbit,1,1.000000,1.500000,1.500000,,,,,,,,,,,,,,,,1.314360,0.158234,1.336972,0.156693,0.000000,0.000000,-0.078968,,-0.036723,0.000000,,,,0.120389,0.164315,1.500000,49.507041,0.752415,0.000000,circle,预设轨迹15,forward
1775478263.290452,41.258739,1775478263.870723|完整运动,完整运动,circle_orbit,1,1.000000,1.500000,1.500000,,,,,,,,,,,,,,,,1.314711,0.157950,1.335763,0.155816,0.000000,0.000000,-0.078873,,-0.037405,0.000000,,,,0.120140,0.164359,1.500000,49.533528,0.725928,0.000000,circle,预设轨迹15,forward
1775478263.313747,41.282034,1775478263.870723|完整运动,完整运动,circle_orbit,1,1.000000,1.500000,1.500000,,,,,,,,,,,,,,,,1.315034,0.157614,1.334406,0.155093,0.000000,0.000000,-0.078868,,-0.038121,0.000000,,,,0.119855,0.164399,1.500000,49.560044,0.699413,0.000000,circle,预设轨迹15,forward
1775478263.346825,41.315112,1775478263.870723|完整运动,完整运动,circle_orbit,1,1.000000,1.500000,1.500000,,,,,,,,,,,,,,,,1.315305,0.156783,1.331543,0.150550,0.000000,0.000000,-0.079584,,-0.039274,0.000000,,,,0.119199,0.164433,1.500000,49.613607,0.645849,0.000000,circle,预设轨迹15,forward
1775478263.375557,41.343844,1775478263.870723|完整运动,完整运动,circle_orbit,1,1.000000,1.500000,1.500000,,,,,,,,,,,,,,,,1.315534,0.156273,1.329314,0.152448,0.000000,0.000000,-0.079886,,-0.040303,0.000000,,,,0.118790,0.164461,1.500000,49.640585,0.618872,0.000000,circle,预设轨迹15,forward
1775478263.396734,41.365022,1775478263.870723|完整运动,完整运动,circle_orbit,1,1.000000,1.500000,1.500000,,,,,,,,,,,,,,,,1.315718,0.155853,1.326714,0.152701,0.000000,0.000000,-0.080083,,-0.041587,0.000000,,,,0.118454,0.164484,1.500000,49.667499,0.591958,0.000000,circle,预设轨迹15,forward
1775478263.417989,41.386276,1775478263.870723|完整运动,完整运动,circle_orbit,1,1.000000,1.500000,1.500000,,,,,,,,,,,,,,,,1.315825,0.155263,1.322254,0.150837,0.000000,0.000000,-0.080534,,-0.043745,0.000000,,,,0.117996,0.164498,1.500000,49.720815,0.538642,0.000000,circle,预设轨迹15,forward
1775478263.453710,41.421997,1775478263.870723|完整运动,完整运动,circle_orbit,1,1.000000,1.500000,1.500000,,,,,,,,,,,,,,,,1.315889,0.154751,1.319746,0.150916,0.000000,0.000000,-0.080897,,-0.044910,0.000000,,,,0.117602,0.164506,1.500000,49.747455,0.512001,0.000000,circle,预设轨迹15,forward
1775478263.482666,41.450954,1775478263.870723|完整运动,完整运动,circle_orbit,1,1.000000,1.500000,1.500000,,,,,,,,,,,,,,,,1.315913,0.154180,1.317343,0.149899,0.000000,0.000000,-0.081366,,-0.045972,0.000000,,,,0.117166,0.164509,1.500000,49.774210,0.485246,0.000000,circle,预设轨迹15,forward
1775478263.503598,41.471885,1775478263.870723|完整运动,完整运动,circle_orbit,1,1.000000,1.500000,1.500000,,,,,,,,,,,,,,,,1.315872,0.153426,1.313407,0.147766,0.000000,0.000000,-0.082115,,-0.047730,0.000000,,,,0.116596,0.164504,1.500000,49.827476,0.431981,0.000000,circle,预设轨迹15,forward
1775478263.525649,41.493936,1775478263.870723|完整运动,完整运动,circle_orbit,1,1.000000,1.500000,1.500000,,,,,,,,,,,,,,,,1.315798,0.153046,1.311353,0.150196,0.000000,0.000000,-0.082363,,-0.048724,0.000000,,,,0.116314,0.164494,1.500000,49.853981,0.405476,0.000000,circle,预设轨迹15,forward
1775478263.553308,41.521595,1775478263.870723|完整运动,完整运动,circle_orbit,1,1.000000,1.500000,1.500000,,,,,,,,,,,,,,,,1.315688,0.152671,1.309092,0.149858,0.000000,0.000000,-0.082612,,-0.049834,0.000000,,,,0.116039,0.164481,1.500000,49.880486,0.378971,0.000000,circle,预设轨迹15,forward
1775478263.574008,41.542296,1775478263.870723|完整运动,完整运动,circle_orbit,1,1.000000,1.500000,1.500000,,,,,,,,,,,,,,,,1.315540,0.152276,1.306678,0.149314,0.000000,0.000000,-0.082897,,-0.051015,0.000000,,,,0.115752,0.164462,1.500000,49.906987,0.352470,0.000000,circle,预设轨迹15,forward
1775478263.599443,41.567731,1775478263.870723|完整运动,完整运动,circle_orbit,1,1.000000,1.500000,1.500000,,,,,,,,,,,,,,,,1.315360,0.151775,1.304586,0.148020,0.000000,0.000000,-0.083342,,-0.051943,0.000000,,,,0.115387,0.164440,1.500000,49.933544,0.325913,0.000000,circle,预设轨迹15,forward
1775478263.627223,41.595510,1775478263.870723|完整运动,完整运动,circle_orbit,1,1.000000,1.500000,1.500000,,,,,,,,,,,,,,,,1.315116,0.151045,1.300471,0.145571,0.000000,0.000000,-0.084125,,-0.053826,0.000000,,,,0.114853,0.164409,1.500000,49.986674,0.272783,0.000000,circle,预设轨迹15,forward
1775478263.648010,41.616297,1775478263.870723|完整运动,完整运动,circle_orbit,1,1.000000,1.500000,1.500000,,,,,,,,,,,,,,,,1.314845,0.150748,1.298581,0.148522,0.000000,0.000000,-0.084318,,-0.054777,0.000000,,,,0.114651,0.164375,1.500000,50.013048,0.246409,0.000000,circle,预设轨迹15,forward
1775478263.670605,41.638892,1775478263.870723|完整运动,完整运动,circle_orbit,1,1.000000,1.500000,1.500000,,,,,,,,,,,,,,,,1.314551,0.150323,1.296871,0.147129,0.000000,0.000000,-0.084698,,-0.055540,0.000000,,,,0.114353,0.164339,1.500000,50.039428,0.220029,0.000000,circle,预设轨迹15,forward
1775478263.704038,41.672326,1775478263.870723|完整运动,完整运动,circle_orbit,1,1.000000,1.500000,1.500000,,,,,,,,,,,,,,,,1.314243,0.149744,1.295784,0.145404,0.000000,0.000000,-0.085307,,-0.055841,0.000000,,,,0.113939,0.164300,1.500000,50.065850,0.193606,0.000000,circle,预设轨迹15,forward
1775478263.725343,41.693630,1775478263.870723|完整运动,完整运动,circle_orbit,1,1.000000,1.500000,1.500000,,,,,,,,,,,,,,,,1.313870,0.148650,1.291512,0.140449,0.000000,0.000000,-0.086663,,-0.057557,0.000000,,,,0.113139,0.164253,1.500000,50.119047,0.140410,0.000000,circle,预设轨迹15,forward
1775478263.746042,41.714329,1775478263.870723|完整运动,完整运动,circle_orbit,1,1.000000,1.500000,1.500000,,,,,,,,,,,,,,,,1.313476,0.147973,1.289810,0.142890,0.000000,0.000000,-0.087475,,-0.058108,0.000000,,,,0.112657,0.164204,1.500000,50.145847,0.113610,0.000000,circle,预设轨迹15,forward
1775478263.773573,41.741860,1775478263.870723|完整运动,完整运动,circle_orbit,1,1.000000,1.500000,1.500000,,,,,,,,,,,,,,,,1.313060,0.147233,1.288101,0.141683,0.000000,0.000000,-0.088397,,-0.058612,0.000000,,,,0.112130,0.164152,1.500000,50.172459,0.086998,0.000000,circle,预设轨迹15,forward
1775478263.794973,41.763261,1775478263.870723|完整运动,完整运动,circle_orbit,1,1.000000,1.500000,1.500000,,,,,,,,,,,,,,,,1.312611,0.146544,1.285688,0.141380,0.000000,0.000000,-0.089269,,-0.059542,0.000000,,,,0.111643,0.164096,1.500000,50.199034,0.060422,0.000000,circle,预设轨迹15,forward
1775478263.815686,41.783974,1775478263.870723|完整运动,完整运动,circle_orbit,1,1.000000,1.500000,1.500000,,,,,,,,,,,,,,,,1.312142,0.145960,1.283979,0.141581,0.000000,0.000000,-0.090013,,-0.060141,0.000000,,,,0.111238,0.164037,1.500000,50.225622,0.033835,0.000000,circle,预设轨迹15,forward
1775478263.843613,41.811901,1775478263.870723|完整运动,完整运动,circle_orbit,1,1.000000,1.500000,1.500000,,,,,,,,,,,,,,,,1.311644,0.145389,1.281781,0.141107,0.000000,0.000000,-0.090750,,-0.061023,0.000000,,,,0.110845,0.163975,1.500000,50.252305,0.007152,0.000000,circle,预设轨迹15,forward
