timestamp,relative_time_s,run_key,run_label,tracking_mode,segment_index,speed_sign,speed_mps,nominal_speed_abs_mps,lookahead_base_m,arrival_dist_m,slow_down_dist_m,stanley_gain,stanley_softening_distance_m,stanley_term_rad,lateral_pid_kp,lateral_pid_ki,lateral_pid_kd,heading_pid_kp,heading_pid_ki,heading_pid_kd,yaw_rate_pid_kp,yaw_rate_pid_ki,yaw_rate_pid_kd,cmd_v_mps,cmd_w_radps,desired_v_mps,desired_w_radps,feedback_v_mps,feedback_w_radps,lateral_error_m,stanley_lateral_pd_output_radps,heading_error_rad,yaw_rate_error_radps,lateral_pid_output_radps,heading_pid_output_radps,yaw_rate_pid_output_radps,path_curvature_inv_m,path_ff_w_radps,profile_speed_mps,path_s_m,dist_to_goal_m,pose_age_s,segment_kind,segment_trajectory_name,motion_direction
1775478869.728559,0.000000,1775478918.430785|完整运动,完整运动,circle_orbit,1,1.000000,1.500000,1.500000,,,,,,,,,,,,,,,,0.024589,0.002725,1.499953,0.002725,0.000000,0.000000,-0.000025,,-0.000009,0.000000,,,,0.027254,0.002732,1.500000,0.000000,56.543307,0.000000,circle,预设轨迹15,forward
1775478869.763551,0.034992,1775478918.430785|完整运动,完整运动,circle_orbit,1,1.000000,1.500000,1.500000,,,,,,,,,,,,,,,,0.048776,0.002800,1.499953,0.003362,0.000000,0.000000,-0.000025,,-0.000009,0.000000,,,,0.028003,0.005420,1.500000,0.000000,56.543307,0.000000,circle,预设轨迹15,forward
1775478869.798905,0.070347,1775478918.430785|完整运动,完整运动,circle_orbit,1,1.000000,1.500000,1.500000,,,,,,,,,,,,,,,,0.072564,0.002890,1.499865,0.003559,0.000000,0.000000,-0.000104,,-0.000010,0.000000,,,,0.028896,0.008063,1.500000,-0.000012,56.543318,0.000000,circle,预设轨迹15,forward
1775478869.824520,0.095961,1775478918.430785|完整运动,完整运动,circle_orbit,1,1.000000,1.500000,1.500000,,,,,,,,,,,,,,,,0.095962,0.003082,1.499822,0.004525,0.000000,0.000000,-0.000133,,-0.000015,0.000000,,,,0.030820,0.010663,1.500000,-0.000016,56.543323,0.000000,circle,预设轨迹15,forward
1775478869.864539,0.135980,1775478918.430785|完整运动,完整运动,circle_orbit,1,1.000000,1.500000,1.500000,,,,,,,,,,,,,,,,0.118975,0.003308,1.499749,0.005000,0.000000,0.000000,-0.000203,,-0.000014,0.000000,,,,0.027802,0.013221,1.500000,-0.000017,56.543323,0.000000,circle,预设轨迹15,forward
1775478869.895138,0.166579,1775478918.430785|完整运动,完整运动,circle_orbit,1,1.000000,1.500000,1.500000,,,,,,,,,,,,,,,,0.141610,0.003618,1.499739,0.005949,0.000000,0.000000,-0.000237,,-0.000004,0.000000,,,,0.025553,0.015736,1.500000,-0.000016,56.543323,0.000000,circle,预设轨迹15,forward
1775478869.916732,0.188173,1775478918.430785|完整运动,完整运动,circle_orbit,1,1.000000,1.500000,1.500000,,,,,,,,,,,,,,,,0.163873,0.003944,1.499633,0.006387,0.000000,0.000000,-0.000327,,0.000008,0.000000,,,,0.024069,0.018210,1.500000,-0.000010,56.543317,0.000000,circle,预设轨迹15,forward
1775478869.940790,0.212231,1775478918.430785|完整运动,完整运动,circle_orbit,1,1.000000,1.500000,1.500000,,,,,,,,,,,,,,,,0.185769,0.004350,1.499549,0.007395,0.000000,0.000000,-0.000379,,-0.000019,0.000000,,,,0.023417,0.020643,1.500000,0.000065,56.543242,0.000000,circle,预设轨迹15,forward
1775478869.961266,0.232707,1775478918.430785|完整运动,完整运动,circle_orbit,1,1.000000,1.500000,1.500000,,,,,,,,,,,,,,,,0.207303,0.004810,1.499357,0.008262,0.000000,0.000000,-0.000423,,-0.000080,0.000000,,,,0.023204,0.023036,1.500000,0.000324,56.542982,0.000000,circle,预设轨迹15,forward
1775478869.987669,0.259111,1775478918.430785|完整运动,完整运动,circle_orbit,1,1.000000,1.500000,1.500000,,,,,,,,,,,,,,,,0.228482,0.005285,1.499227,0.008844,0.000000,0.000000,-0.000513,,0.000094,0.000000,,,,0.023131,0.025389,1.500000,0.000947,56.542359,0.000000,circle,预设轨迹15,forward
1775478870.008176,0.279618,1775478918.430785|完整运动,完整运动,circle_orbit,1,1.000000,1.500000,1.500000,,,,,,,,,,,,,,,,0.249279,0.005652,1.497088,0.008407,0.000000,0.000000,-0.000820,,0.000851,0.000000,,,,0.022675,0.027700,1.500000,0.003836,56.539471,0.000000,circle,预设轨迹15,forward
1775478870.034714,0.306155,1775478918.430785|完整运动,完整运动,circle_orbit,1,1.000000,1.500000,1.500000,,,,,,,,,,,,,,,,0.269735,0.006284,1.497088,0.011018,0.000000,0.000000,-0.000820,,0.000851,0.000000,,,,0.023295,0.029973,1.500000,0.003836,56.539471,0.000000,circle,预设轨迹15,forward
1775478870.055063,0.326505,1775478918.430785|完整运动,完整运动,circle_orbit,1,1.000000,1.500000,1.500000,,,,,,,,,,,,,,,,0.289824,0.006784,1.495144,0.010535,0.000000,0.000000,-0.001061,,0.001558,0.000000,,,,0.023407,0.032206,1.500000,0.008816,56.534490,0.000000,circle,预设轨迹15,forward
1775478870.084000,0.355441,1775478918.430785|完整运动,完整运动,circle_orbit,1,1.000000,1.500000,1.500000,,,,,,,,,,,,,,,,0.309575,0.007452,1.494658,0.012467,0.000000,0.000000,-0.001120,,0.001736,0.000000,,,,0.024073,0.034400,1.500000,0.012046,56.531261,0.000000,circle,预设轨迹15,forward
1775478870.104435,0.375876,1775478918.430785|完整运动,完整运动,circle_orbit,1,1.000000,1.500000,1.500000,,,,,,,,,,,,,,,,0.328981,0.008144,1.493331,0.013330,0.000000,0.000000,-0.001196,,0.002260,0.000000,,,,0.024755,0.036557,1.500000,0.015745,56.527562,0.000000,circle,预设轨迹15,forward
1775478870.128570,0.400011,1775478918.430785|完整运动,完整运动,circle_orbit,1,1.000000,1.500000,1.500000,,,,,,,,,,,,,,,,0.348047,0.008873,1.492030,0.014345,0.000000,0.000000,-0.001265,,0.002776,0.000000,,,,0.025495,0.038676,1.500000,0.019917,56.523389,0.000000,circle,预设轨迹15,forward
1775478870.149099,0.420540,1775478918.430785|完整运动,完整运动,circle_orbit,1,1.000000,1.500000,1.500000,,,,,,,,,,,,,,,,0.366757,0.009649,1.489363,0.015467,0.000000,0.000000,-0.001314,,0.003880,0.000000,,,,0.026309,0.040755,1.500000,0.029686,56.513620,0.000000,circle,预设轨迹15,forward
1775478870.180209,0.451650,1775478918.430785|完整运动,完整运动,circle_orbit,1,1.000000,1.500000,1.500000,,,,,,,,,,,,,,,,0.385140,0.010504,1.488096,0.016917,0.000000,0.000000,-0.001291,,0.004426,0.000000,,,,0.027274,0.042797,1.500000,0.035206,56.508100,0.000000,circle,预设轨迹15,forward
1775478870.205304,0.476745,1775478918.430785|完整运动,完整运动,circle_orbit,1,1.000000,1.500000,1.500000,,,,,,,,,,,,,,,,0.403195,0.011392,1.486523,0.018047,0.000000,0.000000,-0.001258,,0.005107,0.000000,,,,0.028253,0.044804,1.500000,0.041101,56.502205,0.000000,circle,预设轨迹15,forward
1775478870.225732,0.497173,1775478918.430785|完整运动,完整运动,circle_orbit,1,1.000000,1.500000,1.500000,,,,,,,,,,,,,,,,0.420930,0.012301,1.485021,0.019126,0.000000,0.000000,-0.001227,,0.005759,0.000000,,,,0.029225,0.046774,1.500000,0.047285,56.496022,0.000000,circle,预设轨迹15,forward
1775478870.253466,0.524907,1775478918.430785|完整运动,完整运动,circle_orbit,1,1.000000,1.500000,1.500000,,,,,,,,,,,,,,,,0.438314,0.013252,1.481344,0.020382,0.000000,0.000000,-0.001173,,0.007350,0.000000,,,,0.030234,0.048706,1.500000,0.060749,56.482558,0.000000,circle,预设轨迹15,forward
1775478870.282778,0.554219,1775478918.430785|完整运动,完整运动,circle_orbit,1,1.000000,1.500000,1.500000,,,,,,,,,,,,,,,,0.455379,0.014159,1.479284,0.020963,0.000000,0.000000,-0.001210,,0.008215,0.000000,,,,0.031093,0.050602,1.500000,0.068036,56.475271,0.000000,circle,预设轨迹15,forward
1775478870.303402,0.574843,1775478918.430785|完整运动,完整运动,circle_orbit,1,1.000000,1.500000,1.500000,,,,,,,,,,,,,,,,0.472131,0.015081,1.477238,0.021994,0.000000,0.000000,-0.001258,,0.009071,0.000000,,,,0.031942,0.052464,1.500000,0.075723,56.467584,0.000000,circle,预设轨迹15,forward
1775478870.330215,0.601657,1775478918.430785|完整运动,完整运动,circle_orbit,1,1.000000,1.500000,1.500000,,,,,,,,,,,,,,,,0.488568,0.016006,1.474761,0.022943,0.000000,0.000000,-0.001332,,0.010104,0.000000,,,,0.032761,0.054290,1.500000,0.083722,56.459584,0.000000,circle,预设轨迹15,forward
1775478870.357972,0.629413,1775478918.430785|完整运动,完整运动,circle_orbit,1,1.000000,1.500000,1.500000,,,,,,,,,,,,,,,,0.504670,0.017023,1.470843,0.024653,0.000000,0.000000,-0.001307,,0.011809,0.000000,,,,0.033731,0.056080,1.500000,0.100461,56.442846,0.000000,circle,预设轨迹15,forward
1775478870.379832,0.651273,1775478918.430785|完整运动,完整运动,circle_orbit,1,1.000000,1.500000,1.500000,,,,,,,,,,,,,,,,0.520479,0.018097,1.468961,0.026153,0.000000,0.000000,-0.001224,,0.012662,0.000000,,,,0.034771,0.057836,1.500000,0.109192,56.434115,0.000000,circle,预设轨迹15,forward
1775478870.400815,0.672256,1775478918.430785|完整运动,完整运动,circle_orbit,1,1.000000,1.500000,1.500000,,,,,,,,,,,,,,,,0.535987,0.019186,1.466525,0.027352,0.000000,0.000000,-0.001140,,0.013760,0.000000,,,,0.035796,0.059560,1.500000,0.118234,56.425073,0.000000,circle,预设轨迹15,forward
1775478870.421593,0.693034,1775478918.430785|完整运动,完整运动,circle_orbit,1,1.000000,1.500000,1.500000,,,,,,,,,,,,,,,,0.551211,0.020349,1.464625,0.029067,0.000000,0.000000,-0.000969,,0.014665,0.000000,,,,0.036916,0.061251,1.500000,0.127551,56.415755,0.000000,circle,预设轨迹15,forward
1775478870.443864,0.715305,1775478918.430785|完整运动,完整运动,circle_orbit,1,1.000000,1.500000,1.500000,,,,,,,,,,,,,,,,0.566159,0.021526,1.463053,0.030357,0.000000,0.000000,-0.000790,,0.015432,0.000000,,,,0.038021,0.062913,1.500000,0.137151,56.406155,0.000000,circle,预设轨迹15,forward
1775478870.464184,0.735625,1775478918.430785|完整运动,完整运动,circle_orbit,1,1.000000,1.500000,1.500000,,,,,,,,,,,,,,,,0.580839,0.022724,1.461626,0.031706,0.000000,0.000000,-0.000594,,0.016145,0.000000,,,,0.039122,0.064544,1.500000,0.147017,56.396289,0.000000,circle,预设轨迹15,forward
1775478870.493615,0.765056,1775478918.430785|完整运动,完整运动,circle_orbit,1,1.000000,1.500000,1.500000,,,,,,,,,,,,,,,,0.595211,0.024094,1.457550,0.034371,0.000000,0.000000,-0.000169,,0.018128,0.000000,,,,0.040480,0.066141,1.500000,0.167449,56.375857,0.000000,circle,预设轨迹15,forward
1775478870.531476,0.802917,1775478918.430785|完整运动,完整运动,circle_orbit,1,1.000000,1.500000,1.500000,,,,,,,,,,,,,,,,0.609309,0.025349,1.455172,0.034766,0.000000,0.000000,0.000092,,0.019213,0.000000,,,,0.041604,0.067707,1.500000,0.178183,56.365124,0.000000,circle,预设轨迹15,forward
1775478870.552657,0.824098,1775478918.430785|完整运动,完整运动,circle_orbit,1,1.000000,1.500000,1.500000,,,,,,,,,,,,,,,,0.623088,0.026735,1.449849,0.037127,0.000000,0.000000,0.000525,,0.021386,0.000000,,,,0.042907,0.069239,1.500000,0.200534,56.342773,0.000000,circle,预设轨迹15,forward
1775478870.573443,0.844884,1775478918.430785|完整运动,完整运动,circle_orbit,1,1.000000,1.500000,1.500000,,,,,,,,,,,,,,,,0.636642,0.027813,1.449849,0.035902,0.000000,0.000000,0.000525,,0.021386,0.000000,,,,0.043688,0.070745,1.500000,0.200534,56.342773,0.000000,circle,预设轨迹15,forward
1775478870.604285,0.875726,1775478918.430785|完整运动,完整运动,circle_orbit,1,1.000000,1.500000,1.500000,,,,,,,,,,,,,,,,0.649894,0.029011,1.445029,0.037990,0.000000,0.000000,0.000672,,0.023477,0.000000,,,,0.044639,0.072217,1.500000,0.223563,56.319744,0.000000,circle,预设轨迹15,forward
1775478870.625328,0.896769,1775478918.430785|完整运动,完整运动,circle_orbit,1,1.000000,1.500000,1.500000,,,,,,,,,,,,,,,,0.662890,0.030136,1.442666,0.038577,0.000000,0.000000,0.000708,,0.024524,0.000000,,,,0.045462,0.073661,1.500000,0.235342,56.307965,0.000000,circle,预设轨迹15,forward
1775478870.652671,0.924112,1775478918.430785|完整运动,完整运动,circle_orbit,1,1.000000,1.500000,1.500000,,,,,,,,,,,,,,,,0.675610,0.031375,1.438797,0.040668,0.000000,0.000000,0.000891,,0.026190,0.000000,,,,0.046440,0.075075,1.500000,0.259499,56.283808,0.000000,circle,预设轨迹15,forward
1775478870.680322,0.951764,1775478918.430785|完整运动,完整运动,circle_orbit,1,1.000000,1.500000,1.500000,,,,,,,,,,,,,,,,0.688092,0.032641,1.437023,0.042132,0.000000,0.000000,0.001106,,0.026899,0.000000,,,,0.047436,0.076462,1.500000,0.271847,56.271460,0.000000,circle,预设轨迹15,forward
1775478870.700764,0.972205,1775478918.430785|完整运动,完整运动,circle_orbit,1,1.000000,1.500000,1.500000,,,,,,,,,,,,,,,,0.700334,0.033987,1.434855,0.044083,0.000000,0.000000,0.001433,,0.027739,0.000000,,,,0.048529,0.077822,1.500000,0.284417,56.258889,0.000000,circle,预设轨迹15,forward
1775478870.729486,1.000927,1775478918.430785|完整运动,完整运动,circle_orbit,1,1.000000,1.500000,1.500000,,,,,,,,,,,,,,,,0.712333,0.035392,1.432258,0.045934,0.000000,0.000000,0.001846,,0.028740,0.000000,,,,0.049685,0.079156,1.500000,0.297220,56.246087,0.000000,circle,预设轨迹15,forward
1775478870.771812,1.043254,1775478918.430785|完整运动,完整运动,circle_orbit,1,1.000000,1.500000,1.500000,,,,,,,,,,,,,,,,0.724094,0.036862,1.429743,0.047880,0.000000,0.000000,0.002354,,0.029666,0.000000,,,,0.050907,0.080463,1.500000,0.310330,56.232976,0.000000,circle,预设轨迹15,forward
1775478870.792607,1.064048,1775478918.430785|完整运动,完整运动,circle_orbit,1,1.000000,1.500000,1.500000,,,,,,,,,,,,,,,,0.735535,0.039245,1.421971,0.057119,0.000000,0.000000,0.004163,,0.032446,0.000000,,,,0.053355,0.081734,1.500000,0.351543,56.191764,0.000000,circle,预设轨迹15,forward
1775478870.814621,1.086062,1775478918.430785|完整运动,完整运动,circle_orbit,1,1.000000,1.500000,1.500000,,,,,,,,,,,,,,,,0.746755,0.040783,1.420002,0.052316,0.000000,0.000000,0.004830,,0.033063,0.000000,,,,0.054613,0.082981,1.500000,0.365675,56.177632,0.000000,circle,预设轨迹15,forward
1775478870.842372,1.113813,1775478918.430785|完整运动,完整运动,circle_orbit,1,1.000000,1.500000,1.500000,,,,,,,,,,,,,,,,0.757737,0.042256,1.416649,0.053311,0.000000,0.000000,0.005414,,0.034366,0.000000,,,,0.055767,0.084201,1.500000,0.379941,56.163366,0.000000,circle,预设轨迹15,forward
1775478870.862773,1.134214,1775478918.430785|完整运动,完整运动,circle_orbit,1,1.000000,1.500000,1.500000,,,,,,,,,,,,,,,,0.768496,0.043759,1.414028,0.055030,0.000000,0.000000,0.006046,,0.035312,0.000000,,,,0.056941,0.085397,1.500000,0.394429,56.148878,0.000000,circle,预设轨迹15,forward
1775478870.890280,1.161721,1775478918.430785|完整运动,完整运动,circle_orbit,1,1.000000,1.500000,1.500000,,,,,,,,,,,,,,,,0.779032,0.045284,1.411166,0.056717,0.000000,0.000000,0.006718,,0.036358,0.000000,,,,0.058128,0.086567,1.500000,0.408956,56.134351,0.000000,circle,预设轨迹15,forward
1775478870.916991,1.188433,1775478918.430785|完整运动,完整运动,circle_orbit,1,1.000000,1.500000,1.500000,,,,,,,,,,,,,,,,0.789343,0.046780,1.408000,0.058005,0.000000,0.000000,0.007359,,0.037567,0.000000,,,,0.059265,0.087713,1.500000,0.423679,56.119627,0.000000,circle,预设轨迹15,forward
1775478870.937554,1.208995,1775478918.430785|完整运动,完整运动,circle_orbit,1,1.000000,1.500000,1.500000,,,,,,,,,,,,,,,,0.799394,0.048970,1.402484,0.065392,0.000000,0.000000,0.008990,,0.039461,0.000000,,,,0.061259,0.088830,1.500000,0.453402,56.089905,0.000000,circle,预设轨迹15,forward
1775478870.973694,1.245135,1775478918.430785|完整运动,完整运动,circle_orbit,1,1.000000,1.500000,1.500000,,,,,,,,,,,,,,,,0.809227,0.050599,1.399215,0.062817,0.000000,0.000000,0.009871,,0.040631,0.000000,,,,0.062528,0.089923,1.500000,0.468500,56.074807,0.000000,circle,预设轨迹15,forward
1775478871.017601,1.289042,1775478918.430785|完整运动,完整运动,circle_orbit,1,1.000000,1.500000,1.500000,,,,,,,,,,,,,,,,0.818793,0.052920,1.392737,0.070324,0.000000,0.000000,0.011744,,0.042915,0.000000,,,,0.064631,0.090986,1.500000,0.499276,56.044030,0.000000,circle,预设轨迹15,forward
1775478871.038663,1.310104,1775478918.430785|完整运动,完整运动,circle_orbit,1,1.000000,1.500000,1.500000,,,,,,,,,,,,,,,,0.828099,0.054958,1.386467,0.070250,0.000000,0.000000,0.013265,,0.045283,0.000000,,,,0.066367,0.092020,1.500000,0.530732,56.012575,0.000000,circle,预设轨迹15,forward
1775478871.071574,1.343015,1775478918.430785|完整运动,完整运动,circle_orbit,1,1.000000,1.500000,1.500000,,,,,,,,,,,,,,,,0.837213,0.056437,1.384024,0.067525,0.000000,0.000000,0.014026,,0.046138,0.000000,,,,0.067410,0.093032,1.500000,0.546573,55.996734,0.000000,circle,预设轨迹15,forward
1775478871.103420,1.374861,1775478918.430785|完整运动,完整运动,circle_orbit,1,1.000000,1.500000,1.500000,,,,,,,,,,,,,,,,0.846082,0.058588,1.378254,0.074719,0.000000,0.000000,0.015743,,0.048211,0.000000,,,,0.069246,0.094018,1.500000,0.578707,55.964599,0.000000,circle,预设轨迹15,forward
1775478871.124017,1.395458,1775478918.430785|完整运动,完整运动,circle_orbit,1,1.000000,1.500000,1.500000,,,,,,,,,,,,,,,,0.854751,0.060173,1.374885,0.072065,0.000000,0.000000,0.016699,,0.049453,0.000000,,,,0.070399,0.094981,1.500000,0.595071,55.948236,0.000000,circle,预设轨迹15,forward
1775478871.153841,1.425282,1775478918.430785|完整运动,完整运动,circle_orbit,1,1.000000,1.500000,1.500000,,,,,,,,,,,,,,,,0.863175,0.062462,1.368592,0.079626,0.000000,0.000000,0.018660,,0.051717,0.000000,,,,0.072363,0.095917,1.500000,0.628259,55.915048,0.000000,circle,预设轨迹15,forward
1775478871.182332,1.453773,1775478918.430785|完整运动,完整运动,circle_orbit,1,1.000000,1.500000,1.500000,,,,,,,,,,,,,,,,0.871414,0.064074,1.365787,0.076165,0.000000,0.000000,0.019710,,0.052657,0.000000,,,,0.073529,0.096833,1.500000,0.644967,55.898340,0.000000,circle,预设轨迹15,forward
1775478871.202698,1.474140,1775478918.430785|完整运动,完整运动,circle_orbit,1,1.000000,1.500000,1.500000,,,,,,,,,,,,,,,,0.879465,0.065717,1.362517,0.078040,0.000000,0.000000,0.020815,,0.053813,0.000000,,,,0.074724,0.097728,1.500000,0.661968,55.881338,0.000000,circle,预设轨迹15,forward
1775478871.237325,1.508766,1775478918.430785|完整运动,完整运动,circle_orbit,1,1.000000,1.500000,1.500000,,,,,,,,,,,,,,,,0.887273,0.068366,1.355728,0.088234,0.000000,0.000000,0.023359,,0.056127,0.000000,,,,0.077052,0.098595,1.500000,0.696719,55.846587,0.000000,circle,预设轨迹15,forward
1775478871.259456,1.530897,1775478918.430785|完整运动,完整运动,circle_orbit,1,1.000000,1.500000,1.500000,,,,,,,,,,,,,,,,0.894887,0.070434,1.351734,0.085941,0.000000,0.000000,0.025146,,0.057377,0.000000,,,,0.078707,0.099441,1.500000,0.714166,55.829141,0.000000,circle,预设轨迹15,forward
1775478871.281251,1.552692,1775478918.430785|完整运动,完整运动,circle_orbit,1,1.000000,1.500000,1.500000,,,,,,,,,,,,,,,,0.902318,0.072238,1.348191,0.085773,0.000000,0.000000,0.026595,,0.058555,0.000000,,,,0.080059,0.100267,1.500000,0.731650,55.811657,0.000000,circle,预设轨迹15,forward
1775478871.306651,1.578092,1775478918.430785|完整运动,完整运动,circle_orbit,1,1.000000,1.500000,1.500000,,,,,,,,,,,,,,,,0.909571,0.073910,1.344766,0.086450,0.000000,0.000000,0.027876,,0.059757,0.000000,,,,0.081258,0.101073,1.500000,0.749233,55.794074,0.000000,circle,预设轨迹15,forward
1775478871.327582,1.599024,1775478918.430785|完整运动,完整运动,circle_orbit,1,1.000000,1.500000,1.500000,,,,,,,,,,,,,,,,0.916600,0.076370,1.338355,0.094818,0.000000,0.000000,0.030287,,0.062025,0.000000,,,,0.083319,0.101854,1.500000,0.784744,55.758562,0.000000,circle,预设轨迹15,forward
1775478871.362018,1.633459,1775478918.430785|完整运动,完整运动,circle_orbit,1,1.000000,1.500000,1.500000,,,,,,,,,,,,,,,,0.923469,0.078048,1.335592,0.090632,0.000000,0.000000,0.031646,,0.062870,0.000000,,,,0.084516,0.102617,1.500000,0.802796,55.740510,0.000000,circle,预设轨迹15,forward
1775478871.399185,1.670627,1775478918.430785|完整运动,完整运动,circle_orbit,1,1.000000,1.500000,1.500000,,,,,,,,,,,,,,,,0.930170,0.079805,1.332236,0.092983,0.000000,0.000000,0.033132,,0.063977,0.000000,,,,0.085796,0.103362,1.500000,0.820924,55.722382,0.000000,circle,预设轨迹15,forward
1775478871.430535,1.701976,1775478918.430785|完整运动,完整运动,circle_orbit,1,1.000000,1.500000,1.500000,,,,,,,,,,,,,,,,0.936663,0.082882,1.326255,0.105958,0.000000,0.000000,0.036510,,0.065649,0.000000,,,,0.088486,0.104084,1.500000,0.857611,55.685696,0.000000,circle,预设轨迹15,forward
1775478871.450996,1.722437,1775478918.430785|完整运动,完整运动,circle_orbit,1,1.000000,1.500000,1.500000,,,,,,,,,,,,,,,,0.942940,0.086212,1.319510,0.111187,0.000000,0.000000,0.040337,,0.067562,0.000000,,,,0.091429,0.104781,1.500000,0.894520,55.648787,0.000000,circle,预设轨迹15,forward
1775478871.476783,1.748224,1775478918.430785|完整运动,完整运动,circle_orbit,1,1.000000,1.500000,1.500000,,,,,,,,,,,,,,,,0.949049,0.088288,1.315635,0.103857,0.000000,0.000000,0.042484,,0.068700,0.000000,,,,0.093028,0.105460,1.500000,0.913115,55.630192,0.000000,circle,预设轨迹15,forward
1775478871.509313,1.780754,1775478918.430785|完整运动,完整运动,circle_orbit,1,1.000000,1.500000,1.500000,,,,,,,,,,,,,,,,0.955003,0.090394,1.312193,0.106193,0.000000,0.000000,0.044706,,0.069582,0.000000,,,,0.094653,0.106121,1.500000,0.931844,55.611462,0.000000,circle,预设轨迹15,forward
1775478871.530081,1.801522,1775478918.430785|完整运动,完整运动,circle_orbit,1,1.000000,1.500000,1.500000,,,,,,,,,,,,,,,,0.960744,0.094111,1.305221,0.121983,0.000000,0.000000,0.049245,,0.071380,0.000000,,,,0.097956,0.106759,1.500000,0.969503,55.573804,0.000000,circle,预设轨迹15,forward
1775478871.551176,1.822618,1775478918.430785|完整运动,完整运动,circle_orbit,1,1.000000,1.500000,1.500000,,,,,,,,,,,,,,,,0.966391,0.094545,1.305221,0.097800,0.000000,0.000000,0.049245,,0.071380,0.000000,,,,0.097833,0.107387,1.500000,0.969503,55.573804,0.000000,circle,预设轨迹15,forward
1775478871.575094,1.846535,1775478918.430785|完整运动,完整运动,circle_orbit,1,1.000000,1.500000,1.500000,,,,,,,,,,,,,,,,0.971813,0.097963,1.297124,0.123597,0.000000,0.000000,0.053417,,0.074009,0.000000,,,,0.100804,0.107989,1.500000,1.007270,55.536037,0.000000,circle,预设轨迹15,forward
1775478871.604161,1.875602,1775478918.430785|完整运动,完整运动,circle_orbit,1,1.000000,1.500000,1.500000,,,,,,,,,,,,,,,,0.977087,0.099664,1.293550,0.112426,0.000000,0.000000,0.055255,,0.075189,0.000000,,,,0.102001,0.108576,1.500000,1.026416,55.516891,0.000000,circle,预设轨迹15,forward
1775478871.629846,1.901287,1775478918.430785|完整运动,完整运动,circle_orbit,1,1.000000,1.500000,1.500000,,,,,,,,,,,,,,,,0.982231,0.101301,1.290841,0.113577,0.000000,0.000000,0.057011,,0.075930,0.000000,,,,0.103134,0.109147,1.500000,1.045619,55.497687,0.000000,circle,预设轨迹15,forward
1775478871.654325,1.925766,1775478918.430785|完整运动,完整运动,circle_orbit,1,1.000000,1.500000,1.500000,,,,,,,,,,,,,,,,0.987199,0.104365,1.285312,0.127348,0.000000,0.000000,0.060801,,0.077370,0.000000,,,,0.105719,0.109699,1.500000,1.084182,55.459124,0.000000,circle,预设轨迹15,forward
1775478871.678427,1.949868,1775478918.430785|完整运动,完整运动,circle_orbit,1,1.000000,1.500000,1.500000,,,,,,,,,,,,,,,,0.992038,0.106235,1.282333,0.120254,0.000000,0.000000,0.062980,,0.078095,0.000000,,,,0.107087,0.110237,1.500000,1.103524,55.439783,0.000000,circle,预设轨迹15,forward
1775478871.712043,1.983485,1775478918.430785|完整运动,完整运动,circle_orbit,1,1.000000,1.500000,1.500000,,,,,,,,,,,,,,,,0.996742,0.108163,1.279034,0.122624,0.000000,0.000000,0.065262,,0.078967,0.000000,,,,0.108516,0.110760,1.500000,1.123115,55.420191,0.000000,circle,预设轨迹15,forward
1775478871.736625,2.008066,1775478918.430785|完整运动,完整运动,circle_orbit,1,1.000000,1.500000,1.500000,,,,,,,,,,,,,,,,1.001264,0.111870,1.272573,0.139674,0.000000,0.000000,0.070094,,0.080541,0.000000,,,,0.111729,0.111262,1.500000,1.162529,55.380778,0.000000,circle,预设轨迹15,forward
1775478871.764890,2.036331,1775478918.430785|完整运动,完整运动,circle_orbit,1,1.000000,1.500000,1.500000,,,,,,,,,,,,,,,,1.005662,0.113857,1.269513,0.128760,0.000000,0.000000,0.072602,,0.081201,0.000000,,,,0.113216,0.111751,1.500000,1.182393,55.360914,0.000000,circle,预设轨迹15,forward
1775478871.803731,2.075172,1775478918.430785|完整运动,完整运动,circle_orbit,1,1.000000,1.500000,1.500000,,,,,,,,,,,,,,,,1.009881,0.117367,1.263044,0.143695,0.000000,0.000000,0.077295,,0.082898,0.000000,,,,0.116219,0.112220,1.500000,1.222183,55.321124,0.000000,circle,预设轨迹15,forward
1775478871.838322,2.109763,1775478918.430785|完整运动,完整运动,circle_orbit,1,1.000000,1.500000,1.500000,,,,,,,,,,,,,,,,1.013988,0.118952,1.260421,0.130840,0.000000,0.000000,0.079361,,0.083524,0.000000,,,,0.117311,0.112676,1.500000,1.242188,55.301119,0.000000,circle,预设轨迹15,forward
1775478871.858679,2.130120,1775478918.430785|完整运动,完整运动,circle_orbit,1,1.000000,1.500000,1.500000,,,,,,,,,,,,,,,,1.017962,0.121659,1.256405,0.141960,0.000000,0.000000,0.083020,,0.084275,0.000000,,,,0.119512,0.113118,1.500000,1.282294,55.261013,0.000000,circle,预设轨迹15,forward
1775478871.887932,2.159374,1775478918.430785|完整运动,完整运动,circle_orbit,1,1.000000,1.500000,1.500000,,,,,,,,,,,,,,,,1.021847,0.123119,1.254954,0.134068,0.000000,0.000000,0.084973,,0.084270,0.000000,,,,0.120487,0.113549,1.500000,1.302392,55.240915,0.000000,circle,预设轨迹15,forward
1775478871.912996,2.184437,1775478918.430785|完整运动,完整运动,circle_orbit,1,1.000000,1.500000,1.500000,,,,,,,,,,,,,,,,1.025611,0.126335,1.251413,0.150450,0.000000,0.000000,0.089417,,0.084408,0.000000,,,,0.123180,0.113968,1.500000,1.342573,55.200734,0.000000,circle,预设轨迹15,forward
1775478871.933989,2.205430,1775478918.430785|完整运动,完整运动,circle_orbit,1,1.000000,1.500000,1.500000,,,,,,,,,,,,,,,,1.029284,0.128059,1.249689,0.140989,0.000000,0.000000,0.091836,,0.084367,0.000000,,,,0.124415,0.114376,1.500000,1.362728,55.180578,0.000000,circle,预设轨迹15,forward
1775478871.975688,2.247129,1775478918.430785|完整运动,完整运动,circle_orbit,1,1.000000,1.500000,1.500000,,,,,,,,,,,,,,,,1.032885,0.129909,1.248918,0.143789,0.000000,0.000000,0.094450,,0.083668,0.000000,,,,0.125773,0.114776,1.500000,1.382751,55.160556,0.000000,circle,预设轨迹15,forward
1775478872.008499,2.279940,1775478918.430785|完整运动,完整运动,circle_orbit,1,1.000000,1.500000,1.500000,,,,,,,,,,,,,,,,1.036371,0.133625,1.245559,0.161494,0.000000,0.000000,0.099734,,0.083344,0.000000,,,,0.128936,0.115163,1.500000,1.422950,55.120357,0.000000,circle,预设轨迹15,forward
1775478872.029105,2.300547,1775478918.430785|完整运动,完整运动,circle_orbit,1,1.000000,1.500000,1.500000,,,,,,,,,,,,,,,,1.039751,0.137217,1.242511,0.164154,0.000000,0.000000,0.104965,,0.082865,0.000000,,,,0.131971,0.115539,1.500000,1.463376,55.079930,0.000000,circle,预设轨迹15,forward
1775478872.055160,2.326601,1775478918.430785|完整运动,完整运动,circle_orbit,1,1.000000,1.500000,1.500000,,,,,,,,,,,,,,,,1.043075,0.137049,1.242511,0.135789,0.000000,0.000000,0.104965,,0.082865,0.000000,,,,0.131389,0.115908,1.500000,1.463376,55.079930,0.000000,circle,预设轨迹15,forward
1775478872.083718,2.355159,1775478918.430785|完整运动,完整运动,circle_orbit,1,1.000000,1.500000,1.500000,,,,,,,,,,,,,,,,1.046294,0.140164,1.239477,0.163525,0.000000,0.000000,0.109535,,0.082681,0.000000,,,,0.133962,0.116266,1.500000,1.504067,55.039240,0.000000,circle,预设轨迹15,forward
1775478872.104238,2.375679,1775478918.430785|完整运动,完整运动,circle_orbit,1,1.000000,1.500000,1.500000,,,,,,,,,,,,,,,,1.049449,0.141429,1.238705,0.150920,0.000000,0.000000,0.111567,,0.082249,0.000000,,,,0.134765,0.116616,1.500000,1.524444,55.018862,0.000000,circle,预设轨迹15,forward
1775478872.126451,2.397892,1775478918.430785|完整运动,完整运动,circle_orbit,1,1.000000,1.500000,1.500000,,,,,,,,,,,,,,,,1.052538,0.142589,1.237918,0.151284,0.000000,0.000000,0.113436,,0.081899,0.000000,,,,0.135471,0.116960,1.500000,1.544890,54.998417,0.000000,circle,预设轨迹15,forward
1775478872.147254,2.418695,1775478918.430785|完整运动,完整运动,circle_orbit,1,1.000000,1.500000,1.500000,,,,,,,,,,,,,,,,1.055567,0.145256,1.237322,0.165259,0.000000,0.000000,0.117437,,0.080486,0.000000,,,,0.137609,0.117296,1.500000,1.585854,54.957452,0.000000,circle,预设轨迹15,forward
1775478872.171320,2.442761,1775478918.430785|完整运动,完整运动,circle_orbit,1,1.000000,1.500000,1.500000,,,,,,,,,,,,,,,,1.058547,0.145059,1.237322,0.143581,0.000000,0.000000,0.117437,,0.080486,0.000000,,,,0.137036,0.117627,1.500000,1.585854,54.957452,0.000000,circle,预设轨迹15,forward
1775478872.191633,2.463075,1775478918.430785|完整运动,完整运动,circle_orbit,1,1.000000,1.500000,1.500000,,,,,,,,,,,,,,,,1.061462,0.148073,1.236392,0.170680,0.000000,0.000000,0.121917,,0.079064,0.000000,,,,0.139499,0.117951,1.500000,1.627312,54.915995,0.000000,circle,预设轨迹15,forward
1775478872.222778,2.494219,1775478918.430785|完整运动,完整运动,circle_orbit,1,1.000000,1.500000,1.500000,,,,,,,,,,,,,,,,1.064317,0.149716,1.235567,0.162038,0.000000,0.000000,0.124544,,0.078403,0.000000,,,,0.140669,0.118269,1.500000,1.648260,54.895047,0.000000,circle,预设轨迹15,forward
1775478872.246592,2.518033,1775478918.430785|完整运动,完整运动,circle_orbit,1,1.000000,1.500000,1.500000,,,,,,,,,,,,,,,,1.067119,0.151479,1.235230,0.164700,0.000000,0.000000,0.127360,,0.077358,0.000000,,,,0.141951,0.118580,1.500000,1.669109,54.874197,0.000000,circle,预设轨迹15,forward
1775478872.271145,2.542586,1775478918.430785|完整运动,完整运动,circle_orbit,1,1.000000,1.500000,1.500000,,,,,,,,,,,,,,,,1.069863,0.153191,1.234552,0.166032,0.000000,0.000000,0.130131,,0.076544,0.000000,,,,0.143187,0.118885,1.500000,1.690029,54.853277,0.000000,circle,预设轨迹15,forward
1775478872.303652,2.575094,1775478918.430785|完整运动,完整运动,circle_orbit,1,1.000000,1.500000,1.500000,,,,,,,,,,,,,,,,1.072541,0.156250,1.233219,0.179191,0.000000,0.000000,0.134839,,0.075271,0.000000,,,,0.145682,0.119183,1.500000,1.731858,54.811449,0.000000,circle,预设轨迹15,forward
1775478872.336792,2.608233,1775478918.430785|完整运动,完整运动,circle_orbit,1,1.000000,1.500000,1.500000,,,,,,,,,,,,,,,,1.075177,0.158772,1.233323,0.177692,0.000000,0.000000,0.138887,,0.073408,0.000000,,,,0.147671,0.119475,1.500000,1.774114,54.769193,0.000000,circle,预设轨迹15,forward
1775478872.357586,2.629027,1775478918.430785|完整运动,完整运动,circle_orbit,1,1.000000,1.500000,1.500000,,,,,,,,,,,,,,,,1.077777,0.159862,1.233796,0.168033,0.000000,0.000000,0.140965,,0.072193,0.000000,,,,0.148325,0.119764,1.500000,1.795383,54.747923,0.000000,circle,预设轨迹15,forward
1775478872.388268,2.659710,1775478918.430785|完整运动,完整运动,circle_orbit,1,1.000000,1.500000,1.500000,,,,,,,,,,,,,,,,1.080342,0.160968,1.234228,0.169265,0.000000,0.000000,0.143055,,0.070998,0.000000,,,,0.148997,0.120049,1.500000,1.816664,54.726642,0.000000,circle,预设轨迹15,forward
1775478872.411371,2.682813,1775478918.430785|完整运动,完整运动,circle_orbit,1,1.000000,1.500000,1.500000,,,,,,,,,,,,,,,,1.082881,0.162161,1.235199,0.171105,0.000000,0.000000,0.145259,,0.069421,0.000000,,,,0.149749,0.120331,1.500000,1.837815,54.705492,0.000000,circle,预设轨迹15,forward
1775478872.431683,2.703124,1775478918.430785|完整运动,完整运动,circle_orbit,1,1.000000,1.500000,1.500000,,,,,,,,,,,,,,,,1.085396,0.164777,1.236278,0.184398,0.000000,0.000000,0.149489,,0.066879,0.000000,,,,0.151813,0.120611,1.500000,1.880117,54.663190,0.000000,circle,预设轨迹15,forward
1775478872.462248,2.733689,1775478918.430785|完整运动,完整运动,circle_orbit,1,1.000000,1.500000,1.500000,,,,,,,,,,,,,,,,1.087891,0.165907,1.237608,0.174387,0.000000,0.000000,0.151688,,0.065087,0.000000,,,,0.152504,0.120888,1.500000,1.901244,54.642063,0.000000,circle,预设轨迹15,forward
1775478872.483983,2.755424,1775478918.430785|完整运动,完整运动,circle_orbit,1,1.000000,1.500000,1.500000,,,,,,,,,,,,,,,,1.090374,0.167198,1.239345,0.176882,0.000000,0.000000,0.154113,,0.062947,0.000000,,,,0.153340,0.121164,1.500000,1.922338,54.620968,0.000000,circle,预设轨迹15,forward
1775478872.509031,2.780472,1775478918.430785|完整运动,完整运动,circle_orbit,1,1.000000,1.500000,1.500000,,,,,,,,,,,,,,,,1.092828,0.168410,1.240068,0.177496,0.000000,0.000000,0.156430,,0.061476,0.000000,,,,0.154105,0.121437,1.500000,1.943506,54.599800,0.000000,circle,预设轨迹15,forward
1775478872.534544,2.805986,1775478918.430785|完整运动,完整运动,circle_orbit,1,1.000000,1.500000,1.500000,,,,,,,,,,,,,,,,1.095264,0.171180,1.241448,0.191953,0.000000,0.000000,0.160971,,0.058617,0.000000,,,,0.156291,0.121708,1.500000,1.985734,54.557572,0.000000,circle,预设轨迹15,forward
1775478872.555730,2.827171,1775478918.430785|完整运动,完整运动,circle_orbit,1,1.000000,1.500000,1.500000,,,,,,,,,,,,,,,,1.097672,0.172203,1.242172,0.179879,0.000000,0.000000,0.163119,,0.057222,0.000000,,,,0.156880,0.121975,1.500000,2.006962,54.536345,0.000000,circle,预设轨迹15,forward
1775478872.584374,2.855815,1775478918.430785|完整运动,完整运动,circle_orbit,1,1.000000,1.500000,1.500000,,,,,,,,,,,,,,,,1.100041,0.171725,1.242172,0.168138,0.000000,0.000000,0.163119,,0.057222,0.000000,,,,0.156108,0.122238,1.500000,2.006962,54.536345,0.000000,circle,预设轨迹15,forward
1775478872.605604,2.877045,1775478918.430785|完整运动,完整运动,circle_orbit,1,1.000000,1.500000,1.500000,,,,,,,,,,,,,,,,1.102408,0.174075,1.244443,0.191705,0.000000,0.000000,0.167057,,0.054094,0.000000,,,,0.157905,0.122501,1.500000,2.049420,54.493887,0.000000,circle,预设轨迹15,forward
1775478872.628027,2.899469,1775478918.430785|完整运动,完整运动,circle_orbit,1,1.000000,1.500000,1.500000,,,,,,,,,,,,,,,,1.104752,0.174840,1.245361,0.180574,0.000000,0.000000,0.168814,,0.052758,0.000000,,,,0.158262,0.122762,1.500000,2.070802,54.472505,0.000000,circle,预设轨迹15,forward
1775478872.653831,2.925273,1775478918.430785|完整运动,完整运动,circle_orbit,1,1.000000,1.500000,1.500000,,,,,,,,,,,,,,,,1.107078,0.175628,1.246668,0.181541,0.000000,0.000000,0.170589,,0.051180,0.000000,,,,0.158641,0.123020,1.500000,2.092124,54.451182,0.000000,circle,预设轨迹15,forward
1775478872.674216,2.945657,1775478918.430785|完整运动,完整运动,circle_orbit,1,1.000000,1.500000,1.500000,,,,,,,,,,,,,,,,1.109416,0.177881,1.249656,0.194775,0.000000,0.000000,0.174439,,0.047670,0.000000,,,,0.160338,0.123280,1.500000,2.135156,54.408151,0.000000,circle,预设轨迹15,forward
1775478872.702437,2.973878,1775478918.430785|完整运动,完整运动,circle_orbit,1,1.000000,1.500000,1.500000,,,,,,,,,,,,,,,,1.111735,0.178769,1.250877,0.185429,0.000000,0.000000,0.176420,,0.046058,0.000000,,,,0.160802,0.123538,1.500000,2.156804,54.386503,0.000000,circle,预设轨迹15,forward
1775478872.735945,3.007386,1775478918.430785|完整运动,完整运动,circle_orbit,1,1.000000,1.500000,1.500000,,,,,,,,,,,,,,,,1.114039,0.179580,1.252281,0.185661,0.000000,0.000000,0.178285,,0.044389,0.000000,,,,0.161197,0.123794,1.500000,2.178534,54.364772,0.000000,circle,预设轨迹15,forward
1775478872.756376,3.027817,1775478918.430785|完整运动,完整运动,circle_orbit,1,1.000000,1.500000,1.500000,,,,,,,,,,,,,,,,1.116353,0.181599,1.255227,0.196744,0.000000,0.000000,0.181863,,0.041041,0.000000,,,,0.162672,0.124051,1.500000,2.221977,54.321329,0.000000,circle,预设轨迹15,forward
1775478872.786328,3.057769,1775478918.430785|完整运动,完整运动,circle_orbit,1,1.000000,1.500000,1.500000,,,,,,,,,,,,,,,,1.118652,0.182242,1.256577,0.187060,0.000000,0.000000,0.183543,,0.039492,0.000000,,,,0.162912,0.124306,1.500000,2.243875,54.299432,0.000000,circle,预设轨迹15,forward
1775478872.831830,3.103271,1775478918.430785|完整运动,完整运动,circle_orbit,1,1.000000,1.500000,1.500000,,,,,,,,,,,,,,,,1.120979,0.184060,1.260602,0.197696,0.000000,0.000000,0.186883,,0.035625,0.000000,,,,0.164195,0.124565,1.500000,2.288110,54.255197,0.000000,circle,预设轨迹15,forward
1775478872.864524,3.135965,1775478918.430785|完整运动,完整运动,circle_orbit,1,1.000000,1.500000,1.500000,,,,,,,,,,,,,,,,1.123362,0.185919,1.266323,0.199864,0.000000,0.000000,0.190341,,0.030729,0.000000,,,,0.165502,0.124830,1.500000,2.332264,54.211042,0.000000,circle,预设轨迹15,forward
1775478872.885515,3.156956,1775478918.430785|完整运动,完整运动,circle_orbit,1,1.000000,1.500000,1.500000,,,,,,,,,,,,,,,,1.125753,0.186535,1.269247,0.191156,0.000000,0.000000,0.192083,,0.028249,0.000000,,,,0.165698,0.125096,1.500000,2.354240,54.189067,0.000000,circle,预设轨迹15,forward
1775478872.915005,3.186446,1775478918.430785|完整运动,完整运动,circle_orbit,1,1.000000,1.500000,1.500000,,,,,,,,,,,,,,,,1.128150,0.187168,1.271924,0.191916,0.000000,0.000000,0.193831,,0.025917,0.000000,,,,0.165907,0.125362,1.500000,2.376110,54.167196,0.000000,circle,预设轨迹15,forward
1775478872.946563,3.218005,1775478918.430785|完整运动,完整运动,circle_orbit,1,1.000000,1.500000,1.500000,,,,,,,,,,,,,,,,1.130578,0.188569,1.276261,0.199072,0.000000,0.000000,0.196659,,0.022156,0.000000,,,,0.166790,0.125632,1.500000,2.420176,54.123130,0.000000,circle,预设轨迹15,forward
1775478872.974233,3.245674,1775478918.430785|完整运动,完整运动,circle_orbit,1,1.000000,1.500000,1.500000,,,,,,,,,,,,,,,,1.133023,0.188978,1.279731,0.192047,0.000000,0.000000,0.198107,,0.019520,0.000000,,,,0.166791,0.125903,1.500000,2.442111,54.101196,0.000000,circle,预设轨迹15,forward
1775478872.994543,3.265985,1775478918.430785|完整运动,完整运动,circle_orbit,1,1.000000,1.500000,1.500000,,,,,,,,,,,,,,,,1.135556,0.190251,1.287519,0.199800,0.000000,0.000000,0.200771,,0.013905,0.000000,,,,0.167540,0.126185,1.500000,2.485850,54.057456,0.000000,circle,预设轨迹15,forward
1775478873.026545,3.297986,1775478918.430785|完整运动,完整运动,circle_orbit,1,1.000000,1.500000,1.500000,,,,,,,,,,,,,,,,1.138112,0.190498,1.291492,0.192348,0.000000,0.000000,0.202000,,0.011119,0.000000,,,,0.167380,0.126469,1.500000,2.507791,54.035516,0.000000,circle,预设轨迹15,forward
1775478873.053114,3.324555,1775478918.430785|完整运动,完整运动,circle_orbit,1,1.000000,1.500000,1.500000,,,,,,,,,,,,,,,,1.140733,0.191444,1.297994,0.198544,0.000000,0.000000,0.204199,,0.006505,0.000000,,,,0.167826,0.126760,1.500000,2.551910,53.991396,0.000000,circle,预设轨迹15,forward
1775478873.073457,3.344898,1775478918.430785|完整运动,完整运动,circle_orbit,1,1.000000,1.500000,1.500000,,,,,,,,,,,,,,,,1.143370,0.191527,1.301572,0.192147,0.000000,0.000000,0.205179,,0.004084,0.000000,,,,0.167511,0.127053,1.500000,2.574085,53.969222,0.000000,circle,预设轨迹15,forward
1775478873.107562,3.379003,1775478918.430785|完整运动,完整运动,circle_orbit,1,1.000000,1.500000,1.500000,,,,,,,,,,,,,,,,1.146023,0.191675,1.305222,0.192786,0.000000,0.000000,0.206214,,0.001609,0.000000,,,,0.167252,0.127348,1.500000,2.596327,53.946980,0.000000,circle,预设轨迹15,forward
1775478873.136231,3.407672,1775478918.430785|完整运动,完整运动,circle_orbit,1,1.000000,1.500000,1.500000,,,,,,,,,,,,,,,,1.148556,0.192441,1.300528,0.198188,0.000000,0.000000,0.208105,,-0.003361,0.000000,,,,0.167551,0.127629,1.500000,2.640569,53.902738,0.000000,circle,预设轨迹15,forward
1775478873.159778,3.431219,1775478918.430785|完整运动,完整运动,circle_orbit,1,1.000000,1.500000,1.500000,,,,,,,,,,,,,,,,1.151047,0.191879,1.300528,0.187665,0.000000,0.000000,0.208105,,-0.003361,0.000000,,,,0.166700,0.127906,1.500000,2.640569,53.902738,0.000000,circle,预设轨迹15,forward
1775478873.203067,3.474509,1775478918.430785|完整运动,完整运动,circle_orbit,1,1.000000,1.500000,1.500000,,,,,,,,,,,,,,,,1.153333,0.192338,1.290486,0.195774,0.000000,0.000000,0.209500,,-0.008351,0.000000,,,,0.166767,0.128160,1.500000,2.685123,53.858184,0.000000,circle,预设轨迹15,forward
1775478873.235312,3.506753,1775478918.430785|完整运动,完整运动,circle_orbit,1,1.000000,1.500000,1.500000,,,,,,,,,,,,,,,,1.155343,0.193214,1.275964,0.199789,0.000000,0.000000,0.211503,,-0.015728,0.000000,,,,0.167235,0.128384,1.500000,2.753272,53.790035,0.000000,circle,预设轨迹15,forward
1775478873.255960,3.527401,1775478918.430785|完整运动,完整运动,circle_orbit,1,1.000000,1.500000,1.500000,,,,,,,,,,,,,,,,1.157251,0.193059,1.271680,0.191894,0.000000,0.000000,0.212059,,-0.017956,0.000000,,,,0.166826,0.128596,1.500000,2.776091,53.767216,0.000000,circle,预设轨迹15,forward
1775478873.280996,3.552437,1775478918.430785|完整运动,完整运动,circle_orbit,1,1.000000,1.500000,1.500000,,,,,,,,,,,,,,,,1.159050,0.192940,1.266992,0.192044,0.000000,0.000000,0.212630,,-0.020430,0.000000,,,,0.166464,0.128796,1.500000,2.798880,53.744427,0.000000,circle,预设轨迹15,forward
1775478873.310275,3.581716,1775478918.430785|完整运动,完整运动,circle_orbit,1,1.000000,1.500000,1.500000,,,,,,,,,,,,,,,,1.160738,0.192870,1.262032,0.192347,0.000000,0.000000,0.213241,,-0.023067,0.000000,,,,0.166161,0.128983,1.500000,2.821626,53.721681,0.000000,circle,预设轨迹15,forward
1775478873.330631,3.602072,1775478918.430785|完整运动,完整运动,circle_orbit,1,1.000000,1.500000,1.500000,,,,,,,,,,,,,,,,1.162260,0.193023,1.253608,0.194173,0.000000,0.000000,0.214151,,-0.027654,0.000000,,,,0.166076,0.129152,1.500000,2.867310,53.675997,0.000000,circle,预设轨迹15,forward
1775478873.351972,3.623413,1775478918.430785|完整运动,完整运动,circle_orbit,1,1.000000,1.500000,1.500000,,,,,,,,,,,,,,,,1.163682,0.192798,1.248999,0.191108,0.000000,0.000000,0.214514,,-0.030253,0.000000,,,,0.165679,0.129310,1.500000,2.890079,53.653228,0.000000,circle,预设轨迹15,forward
1775478873.377711,3.649152,1775478918.430785|完整运动,完整运动,circle_orbit,1,1.000000,1.500000,1.500000,,,,,,,,,,,,,,,,1.165002,0.192555,1.244196,0.190733,0.000000,0.000000,0.214823,,-0.033012,0.000000,,,,0.165283,0.129457,1.500000,2.912803,53.630503,0.000000,circle,预设轨迹15,forward
1775478873.402034,3.673475,1775478918.430785|完整运动,完整运动,circle_orbit,1,1.000000,1.500000,1.500000,,,,,,,,,,,,,,,,1.166218,0.192271,1.239157,0.190142,0.000000,0.000000,0.215048,,-0.035977,0.000000,,,,0.164867,0.129592,1.500000,2.935369,53.607937,0.000000,circle,预设轨迹15,forward
1775478873.441673,3.713114,1775478918.430785|完整运动,完整运动,circle_orbit,1,1.000000,1.500000,1.500000,,,,,,,,,,,,,,,,1.167336,0.191931,1.234421,0.189383,0.000000,0.000000,0.215168,,-0.038826,0.000000,,,,0.164418,0.129716,1.500000,2.957918,53.585388,0.000000,circle,预设轨迹15,forward
1775478873.471972,3.743413,1775478918.430785|完整运动,完整运动,circle_orbit,1,1.000000,1.500000,1.500000,,,,,,,,,,,,,,,,1.168235,0.191472,1.222185,0.188028,0.000000,0.000000,0.215111,,-0.046455,0.000000,,,,0.163899,0.129816,1.500000,3.025587,53.517720,0.000000,circle,预设轨迹15,forward
1775478873.492597,3.764039,1775478918.430785|完整运动,完整运动,circle_orbit,1,1.000000,1.500000,1.500000,,,,,,,,,,,,,,,,1.169052,0.191094,1.218094,0.188259,0.000000,0.000000,0.215138,,-0.049019,0.000000,,,,0.163461,0.129907,1.500000,3.048233,53.495074,0.000000,circle,预设轨迹15,forward
1775478873.513509,3.784950,1775478918.430785|完整运动,完整运动,circle_orbit,1,1.000000,1.500000,1.500000,,,,,,,,,,,,,,,,1.169783,0.190789,1.213644,0.188498,0.000000,0.000000,0.215244,,-0.051794,0.000000,,,,0.163097,0.129988,1.500000,3.070898,53.472409,0.000000,circle,预设轨迹15,forward
1775478873.534285,3.805727,1775478918.430785|完整运动,完整运动,circle_orbit,1,1.000000,1.500000,1.500000,,,,,,,,,,,,,,,,1.170442,0.190389,1.209984,0.187389,0.000000,0.000000,0.215197,,-0.054152,0.000000,,,,0.162664,0.130061,1.500000,3.093553,53.449754,0.000000,circle,预设轨迹15,forward
1775478873.563561,3.835002,1775478918.430785|完整运动,完整运动,circle_orbit,1,1.000000,1.500000,1.500000,,,,,,,,,,,,,,,,1.171022,0.189859,1.205781,0.185889,0.000000,0.000000,0.214945,,-0.056964,0.000000,,,,0.162131,0.130126,1.500000,3.116232,53.427075,0.000000,circle,预设轨迹15,forward
1775478873.599536,3.870977,1775478918.430785|完整运动,完整运动,circle_orbit,1,1.000000,1.500000,1.500000,,,,,,,,,,,,,,,,1.171459,0.189031,1.197713,0.182817,0.000000,0.000000,0.214252,,-0.062509,0.000000,,,,0.161364,0.130174,1.500000,3.161820,53.381487,0.000000,circle,预设轨迹15,forward
1775478873.642029,3.913470,1775478918.430785|完整运动,完整运动,circle_orbit,1,1.000000,1.500000,1.500000,,,,,,,,,,,,,,,,1.171833,0.188381,1.194267,0.183504,0.000000,0.000000,0.213772,,-0.064982,0.000000,,,,0.160757,0.130216,1.500000,3.184728,53.358578,0.000000,circle,预设轨迹15,forward
1775478873.672906,3.944347,1775478918.430785|完整运动,完整运动,circle_orbit,1,1.000000,1.500000,1.500000,,,,,,,,,,,,,,,,1.172018,0.186864,1.183102,0.175490,0.000000,0.000000,0.212056,,-0.073153,0.000000,,,,0.159438,0.130237,1.500000,3.253960,53.289347,0.000000,circle,预设轨迹15,forward
1775478873.695757,3.967198,1775478918.430785|完整运动,完整运动,circle_orbit,1,1.000000,1.500000,1.500000,,,,,,,,,,,,,,,,1.172133,0.186271,1.179059,0.181820,0.000000,0.000000,0.211579,,-0.076081,0.000000,,,,0.158916,0.130249,1.500000,3.276935,53.266372,0.000000,circle,预设轨迹15,forward
1775478873.716587,3.988028,1775478918.430785|完整运动,完整运动,circle_orbit,1,1.000000,1.500000,1.500000,,,,,,,,,,,,,,,,1.172197,0.185614,1.175997,0.180692,0.000000,0.000000,0.210994,,-0.078412,0.000000,,,,0.158348,0.130256,1.500000,3.299983,53.243324,0.000000,circle,预设轨迹15,forward
1775478873.737969,4.009410,1775478918.430785|完整运动,完整运动,circle_orbit,1,1.000000,1.500000,1.500000,,,,,,,,,,,,,,,,1.172222,0.184837,1.173709,0.179007,0.000000,0.000000,0.210214,,-0.080313,0.000000,,,,0.157681,0.130259,1.500000,3.323052,53.220255,0.000000,circle,预设轨迹15,forward
1775478873.759072,4.030513,1775478918.430785|完整运动,完整运动,circle_orbit,1,1.000000,1.500000,1.500000,,,,,,,,,,,,,,,,1.172198,0.183997,1.170760,0.177694,0.000000,0.000000,0.209318,,-0.082723,0.000000,,,,0.156967,0.130257,1.500000,3.346209,53.197097,0.000000,circle,预设轨迹15,forward
1775478873.784933,4.056374,1775478918.430785|完整运动,完整运动,circle_orbit,1,1.000000,1.500000,1.500000,,,,,,,,,,,,,,,,1.172124,0.183169,1.167713,0.176960,0.000000,0.000000,0.208412,,-0.085215,0.000000,,,,0.156271,0.130248,1.500000,3.369428,53.173879,0.000000,circle,预设轨迹15,forward
1775478873.805336,4.076778,1775478918.430785|完整运动,完整运动,circle_orbit,1,1.000000,1.500000,1.500000,,,,,,,,,,,,,,,,1.171977,0.181191,1.163179,0.166357,0.000000,0.000000,0.205854,,-0.089481,0.000000,,,,0.154603,0.130232,1.500000,3.415949,53.127358,0.000000,circle,预设轨迹15,forward
1775478873.836032,4.107473,1775478918.430785|完整运动,完整运动,circle_orbit,1,1.000000,1.500000,1.500000,,,,,,,,,,,,,,,,1.171833,0.181081,1.163179,0.180255,0.000000,0.000000,0.205854,,-0.089481,0.000000,,,,0.154528,0.130216,1.500000,3.415949,53.127358,0.000000,circle,预设轨迹15,forward
1775478873.865870,4.137311,1775478918.430785|完整运动,完整运动,circle_orbit,1,1.000000,1.500000,1.500000,,,,,,,,,,,,,,,,1.171599,0.178999,1.157537,0.163381,0.000000,0.000000,0.203083,,-0.094642,0.000000,,,,0.152781,0.130190,1.500000,3.462245,53.081062,0.000000,circle,预设轨迹15,forward
1775478873.886199,4.157640,1775478918.430785|完整运动,完整运动,circle_orbit,1,1.000000,1.500000,1.500000,,,,,,,,,,,,,,,,1.171260,0.177061,1.150961,0.162526,0.000000,0.000000,0.200442,,-0.100443,0.000000,,,,0.151171,0.130152,1.500000,3.508351,53.034955,0.000000,circle,预设轨迹15,forward
1775478873.915512,4.186954,1775478918.430785|完整运动,完整运动,circle_orbit,1,1.000000,1.500000,1.500000,,,,,,,,,,,,,,,,1.170928,0.177041,1.150961,0.176890,0.000000,0.000000,0.200442,,-0.100443,0.000000,,,,0.151197,0.130115,1.500000,3.508351,53.034955,0.000000,circle,预设轨迹15,forward
1775478873.940680,4.212121,1775478918.430785|完整运动,完整运动,circle_orbit,1,1.000000,1.500000,1.500000,,,,,,,,,,,,,,,,1.170492,0.175321,1.144367,0.162428,0.000000,0.000000,0.198074,,-0.106189,0.000000,,,,0.149784,0.130067,1.500000,3.553930,52.989377,0.000000,circle,预设轨迹15,forward
1775478873.961742,4.233183,1775478918.430785|完整运动,完整运动,circle_orbit,1,1.000000,1.500000,1.500000,,,,,,,,,,,,,,,,1.170064,0.175319,1.144367,0.175300,0.000000,0.000000,0.198074,,-0.106189,0.000000,,,,0.149837,0.130019,1.500000,3.553930,52.989377,0.000000,circle,预设轨迹15,forward
1775478873.994828,4.266270,1775478918.430785|完整运动,完整运动,circle_orbit,1,1.000000,1.500000,1.500000,,,,,,,,,,,,,,,,1.169506,0.172248,1.136015,0.149215,0.000000,0.000000,0.193772,,-0.114124,0.000000,,,,0.147283,0.129957,1.500000,3.622065,52.921242,0.000000,circle,预设轨迹15,forward
1775478874.019903,4.291344,1775478918.430785|完整运动,完整运动,circle_orbit,1,1.000000,1.500000,1.500000,,,,,,,,,,,,,,,,1.168915,0.171167,1.133453,0.163062,0.000000,0.000000,0.192165,,-0.116704,0.000000,,,,0.146432,0.129892,1.500000,3.644950,52.898357,0.000000,circle,预设轨迹15,forward
1775478874.040210,4.311651,1775478918.430785|完整运动,完整运动,circle_orbit,1,1.000000,1.500000,1.500000,,,,,,,,,,,,,,,,1.168283,0.170097,1.130401,0.162069,0.000000,0.000000,0.190557,,-0.119652,0.000000,,,,0.145595,0.129822,1.500000,3.667870,52.875437,0.000000,circle,预设轨迹15,forward
1775478874.070905,4.342346,1775478918.430785|完整运动,完整运动,circle_orbit,1,1.000000,1.500000,1.500000,,,,,,,,,,,,,,,,1.167575,0.167764,1.125082,0.150265,0.000000,0.000000,0.187150,,-0.125087,0.000000,,,,0.143685,0.129743,1.500000,3.713408,52.829899,0.000000,circle,预设轨迹15,forward
1775478874.091457,4.362898,1775478918.430785|完整运动,完整运动,circle_orbit,1,1.000000,1.500000,1.500000,,,,,,,,,,,,,,,,1.166838,0.166668,1.122583,0.158452,0.000000,0.000000,0.185419,,-0.127712,0.000000,,,,0.142837,0.129661,1.500000,3.736218,52.807089,0.000000,circle,预设轨迹15,forward
1775478874.117271,4.388712,1775478918.430785|完整运动,完整运动,circle_orbit,1,1.000000,1.500000,1.500000,,,,,,,,,,,,,,,,1.166085,0.165425,1.120953,0.156099,0.000000,0.000000,0.183463,,-0.129795,0.000000,,,,0.141863,0.129577,1.500000,3.759250,52.784057,0.000000,circle,预设轨迹15,forward
1775478874.153926,4.425367,1775478918.430785|完整运动,完整运动,circle_orbit,1,1.000000,1.500000,1.500000,,,,,,,,,,,,,,,,1.165326,0.164097,1.119761,0.154143,0.000000,0.000000,0.181364,,-0.131618,0.000000,,,,0.140817,0.129493,1.500000,3.782252,52.761055,0.000000,circle,预设轨迹15,forward
1775478874.185494,4.456936,1775478918.430785|完整运动,完整运动,circle_orbit,1,1.000000,1.500000,1.500000,,,,,,,,,,,,,,,,1.164536,0.161150,1.117129,0.139044,0.000000,0.000000,0.176945,,-0.135555,0.000000,,,,0.138381,0.129405,1.500000,3.828445,52.714862,0.000000,circle,预设轨迹15,forward
1775478874.206146,4.477587,1775478918.430785|完整运动,完整运动,circle_orbit,1,1.000000,1.500000,1.500000,,,,,,,,,,,,,,,,1.163682,0.158370,1.112429,0.137523,0.000000,0.000000,0.172666,,-0.141003,0.000000,,,,0.136094,0.129310,1.500000,3.874303,52.669004,0.000000,circle,预设轨迹15,forward
1775478874.233949,4.505390,1775478918.430785|完整运动,完整运动,circle_orbit,1,1.000000,1.500000,1.500000,,,,,,,,,,,,,,,,1.162841,0.158677,1.112429,0.160978,0.000000,0.000000,0.172666,,-0.141003,0.000000,,,,0.136456,0.129217,1.500000,3.874303,52.669004,0.000000,circle,预设轨迹15,forward
1775478874.264533,4.535974,1775478918.430785|完整运动,完整运动,circle_orbit,1,1.000000,1.500000,1.500000,,,,,,,,,,,,,,,,1.161963,0.155501,1.109262,0.131681,0.000000,0.000000,0.167801,,-0.145571,0.000000,,,,0.133826,0.129119,1.500000,3.920040,52.623267,0.000000,circle,预设轨迹15,forward
1775478874.286039,4.557481,1775478918.430785|完整运动,完整运动,circle_orbit,1,1.000000,1.500000,1.500000,,,,,,,,,,,,,,,,1.161069,0.152203,1.107429,0.127468,0.000000,0.000000,0.162650,,-0.149260,0.000000,,,,0.131089,0.129020,1.500000,3.965835,52.577472,0.000000,circle,预设轨迹15,forward
1775478874.314907,4.586349,1775478918.430785|完整运动,完整运动,circle_orbit,1,1.000000,1.500000,1.500000,,,,,,,,,,,,,,,,1.160190,0.152621,1.107429,0.155751,0.000000,0.000000,0.162650,,-0.149260,0.000000,,,,0.131548,0.128922,1.500000,3.965835,52.577472,0.000000,circle,预设轨迹15,forward
1775478874.344072,4.615514,1775478918.430785|完整运动,完整运动,circle_orbit,1,1.000000,1.500000,1.500000,,,,,,,,,,,,,,,,1.159305,0.151207,1.106209,0.140601,0.000000,0.000000,0.160134,,-0.151312,0.000000,,,,0.130429,0.128824,1.500000,3.988712,52.554595,0.000000,circle,预设轨迹15,forward
1775478874.364836,4.636277,1775478918.430785|完整运动,完整运动,circle_orbit,1,1.000000,1.500000,1.500000,,,,,,,,,,,,,,,,1.158360,0.147955,1.101657,0.123567,0.000000,0.000000,0.155004,,-0.157094,0.000000,,,,0.127728,0.128719,1.500000,4.034177,52.509129,0.000000,circle,预设轨迹15,forward
1775478874.393492,4.664934,1775478918.430785|完整运动,完整运动,circle_orbit,1,1.000000,1.500000,1.500000,,,,,,,,,,,,,,,,1.157404,0.146483,1.100029,0.135445,0.000000,0.000000,0.152287,,-0.159560,0.000000,,,,0.126562,0.128613,1.500000,4.056853,52.486454,0.000000,circle,预设轨迹15,forward
1775478874.418125,4.689566,1775478918.430785|完整运动,完整运动,circle_orbit,1,1.000000,1.500000,1.500000,,,,,,,,,,,,,,,,1.156458,0.144871,1.099721,0.132780,0.000000,0.000000,0.149353,,-0.161103,0.000000,,,,0.125271,0.128508,1.500000,4.079678,52.463628,0.000000,circle,预设轨迹15,forward
1775478874.438696,4.710137,1775478918.430785|完整运动,完整运动,circle_orbit,1,1.000000,1.500000,1.500000,,,,,,,,,,,,,,,,1.155499,0.141234,1.097972,0.113958,0.000000,0.000000,0.143528,,-0.165051,0.000000,,,,0.122228,0.128401,1.500000,4.125238,52.418069,0.000000,circle,预设轨迹15,forward
1775478874.467538,4.738979,1775478918.430785|完整运动,完整运动,circle_orbit,1,1.000000,1.500000,1.500000,,,,,,,,,,,,,,,,1.154544,0.139758,1.097258,0.128683,0.000000,0.000000,0.140639,,-0.166890,0.000000,,,,0.121050,0.128295,1.500000,4.148018,52.395289,0.000000,circle,预设轨迹15,forward
1775478874.500548,4.771990,1775478918.430785|完整运动,完整运动,circle_orbit,1,1.000000,1.500000,1.500000,,,,,,,,,,,,,,,,1.153562,0.136572,1.094606,0.112683,0.000000,0.000000,0.135322,,-0.171323,0.000000,,,,0.118392,0.128186,1.500000,4.192877,52.350430,0.000000,circle,预设轨迹15,forward
1775478874.521305,4.792746,1775478918.430785|完整运动,完整运动,circle_orbit,1,1.000000,1.500000,1.500000,,,,,,,,,,,,,,,,1.152586,0.135244,1.094045,0.125284,0.000000,0.000000,0.132542,,-0.172999,0.000000,,,,0.117340,0.128077,1.500000,4.215404,52.327903,0.000000,circle,预设轨迹15,forward
1775478874.548769,4.820210,1775478918.430785|完整运动,完整运动,circle_orbit,1,1.000000,1.500000,1.500000,,,,,,,,,,,,,,,,1.151609,0.134047,1.092997,0.125065,0.000000,0.000000,0.129949,,-0.174973,0.000000,,,,0.116400,0.127969,1.500000,4.237740,52.305566,0.000000,circle,预设轨迹15,forward
1775478874.574730,4.846171,1775478918.430785|完整运动,完整运动,circle_orbit,1,1.000000,1.500000,1.500000,,,,,,,,,,,,,,,,1.150636,0.132751,1.092254,0.123033,0.000000,0.000000,0.127224,,-0.176767,0.000000,,,,0.115372,0.127861,1.500000,4.260380,52.282927,0.000000,circle,预设轨迹15,forward
1775478874.595033,4.866474,1775478918.430785|完整运动,完整运动,circle_orbit,1,1.000000,1.500000,1.500000,,,,,,,,,,,,,,,,1.149650,0.129491,1.090505,0.105042,0.000000,0.000000,0.121718,,-0.180591,0.000000,,,,0.112635,0.127751,1.500000,4.305249,52.238058,0.000000,circle,预设轨迹15,forward
1775478874.624530,4.895971,1775478918.430785|完整运动,完整运动,circle_orbit,1,1.000000,1.500000,1.500000,,,,,,,,,,,,,,,,1.148661,0.128244,1.089280,0.118889,0.000000,0.000000,0.118966,,-0.182782,0.000000,,,,0.111646,0.127641,1.500000,4.327498,52.215809,0.000000,circle,预设轨迹15,forward
1775478874.651190,4.922631,1775478918.430785|完整运动,完整运动,circle_orbit,1,1.000000,1.500000,1.500000,,,,,,,,,,,,,,,,1.147675,0.126961,1.088529,0.117336,0.000000,0.000000,0.116170,,-0.184618,0.000000,,,,0.110624,0.127532,1.500000,4.349652,52.193654,0.000000,circle,预设轨迹15,forward
1775478874.671540,4.942982,1775478918.430785|完整运动,完整运动,circle_orbit,1,1.000000,1.500000,1.500000,,,,,,,,,,,,,,,,1.146679,0.123545,1.086904,0.097925,0.000000,0.000000,0.110355,,-0.188490,0.000000,,,,0.107741,0.127421,1.500000,4.393788,52.149519,0.000000,circle,预设轨迹15,forward
1775478874.700112,4.971554,1775478918.430785|完整运动,完整运动,circle_orbit,1,1.000000,1.500000,1.500000,,,,,,,,,,,,,,,,1.145683,0.122161,1.085926,0.111783,0.000000,0.000000,0.107316,,-0.190618,0.000000,,,,0.106627,0.127310,1.500000,4.415774,52.127533,0.000000,circle,预设轨迹15,forward
1775478874.724765,4.996207,1775478918.430785|完整运动,完整运动,circle_orbit,1,1.000000,1.500000,1.500000,,,,,,,,,,,,,,,,1.144693,0.120688,1.085304,0.109644,0.000000,0.000000,0.104153,,-0.192519,0.000000,,,,0.105433,0.127200,1.500000,4.437754,52.105553,0.000000,circle,预设轨迹15,forward
1775478874.745054,5.016495,1775478918.430785|完整运动,完整运动,circle_orbit,1,1.000000,1.500000,1.500000,,,,,,,,,,,,,,,,1.143702,0.116679,1.084233,0.086609,0.000000,0.000000,0.097390,,-0.196378,0.000000,,,,0.102019,0.127090,1.500000,4.481446,52.061861,0.000000,circle,预设轨迹15,forward
1775478874.774418,5.045860,1775478918.430785|完整运动,完整运动,circle_orbit,1,1.000000,1.500000,1.500000,,,,,,,,,,,,,,,,1.142727,0.117535,1.084233,0.123954,0.000000,0.000000,0.097390,,-0.196378,0.000000,,,,0.102855,0.126982,1.500000,4.481446,52.061861,0.000000,circle,预设轨迹15,forward
1775478874.810031,5.081472,1775478918.430785|完整运动,完整运动,circle_orbit,1,1.000000,1.500000,1.500000,,,,,,,,,,,,,,,,1.141762,0.113584,1.083851,0.083954,0.000000,0.000000,0.089753,,-0.200077,0.000000,,,,0.099482,0.126874,1.500000,4.525114,52.018193,0.000000,circle,预设轨迹15,forward
1775478874.832611,5.104052,1775478918.430785|完整运动,完整运动,circle_orbit,1,1.000000,1.500000,1.500000,,,,,,,,,,,,,,,,1.140808,0.108565,1.083554,0.070919,0.000000,0.000000,0.081484,,-0.203990,0.000000,,,,0.095165,0.126768,1.500000,4.569012,51.974295,0.000000,circle,预设轨迹15,forward
1775478874.853762,5.125203,1775478918.430785|完整运动,完整运动,circle_orbit,1,1.000000,1.500000,1.500000,,,,,,,,,,,,,,,,1.139869,0.108842,1.083554,0.110919,0.000000,0.000000,0.081484,,-0.203990,0.000000,,,,0.095486,0.126664,1.500000,4.569012,51.974295,0.000000,circle,预设轨迹15,forward
1775478874.876235,5.147676,1775478918.430785|完整运动,完整运动,circle_orbit,1,1.000000,1.500000,1.500000,,,,,,,,,,,,,,,,1.138962,0.104380,1.084552,0.070919,0.000000,0.000000,0.073239,,-0.206858,0.000000,,,,0.091645,0.126563,1.500000,4.613156,51.930151,0.000000,circle,预设轨迹15,forward
1775478874.897452,5.168893,1775478918.430785|完整运动,完整运动,circle_orbit,1,1.000000,1.500000,1.500000,,,,,,,,,,,,,,,,1.138071,0.102651,1.084621,0.089682,0.000000,0.000000,0.069353,,-0.208530,0.000000,,,,0.090197,0.126464,1.500000,4.635210,51.908097,0.000000,circle,预设轨迹15,forward
1775478874.928699,5.200141,1775478918.430785|完整运动,完整运动,circle_orbit,1,1.000000,1.500000,1.500000,,,,,,,,,,,,,,,,1.137208,0.101015,1.085388,0.088748,0.000000,0.000000,0.065590,,-0.209593,0.000000,,,,0.088828,0.126368,1.500000,4.657585,51.885722,0.000000,circle,预设轨迹15,forward
1775478874.956008,5.227449,1775478918.430785|完整运动,完整运动,circle_orbit,1,1.000000,1.500000,1.500000,,,,,,,,,,,,,,,,1.136403,0.096698,1.088112,0.064317,0.000000,0.000000,0.058011,,-0.210799,0.000000,,,,0.085091,0.126279,1.500000,4.702596,51.840711,0.000000,circle,预设轨迹15,forward
1775478874.976343,5.247784,1775478918.430785|完整运动,完整运动,circle_orbit,1,1.000000,1.500000,1.500000,,,,,,,,,,,,,,,,1.135635,0.095055,1.089578,0.082733,0.000000,0.000000,0.054078,,-0.211388,0.000000,,,,0.083702,0.126194,1.500000,4.725168,51.818139,0.000000,circle,预设轨迹15,forward
1775478875.009655,5.281096,1775478918.430785|完整运动,完整运动,circle_orbit,1,1.000000,1.500000,1.500000,,,,,,,,,,,,,,,,1.134912,0.093402,1.091522,0.081003,0.000000,0.000000,0.050125,,-0.211613,0.000000,,,,0.082299,0.126113,1.500000,4.747588,51.795719,0.000000,circle,预设轨迹15,forward
1775478875.048018,5.319459,1775478918.430785|完整运动,完整运动,circle_orbit,1,1.000000,1.500000,1.500000,,,,,,,,,,,,,,,,1.134238,0.091676,1.093825,0.078733,0.000000,0.000000,0.046062,,-0.211610,0.000000,,,,0.080826,0.126038,1.500000,4.770048,51.773258,0.000000,circle,预设轨迹15,forward
1775478875.082363,5.353805,1775478918.430785|完整运动,完整运动,circle_orbit,1,1.000000,1.500000,1.500000,,,,,,,,,,,,,,,,1.133662,0.086857,1.099096,0.050717,0.000000,0.000000,0.037590,,-0.211265,0.000000,,,,0.076617,0.125974,1.500000,4.815002,51.728304,0.000000,circle,预设轨迹15,forward
1775478875.108241,5.379683,1775478918.430785|完整运动,完整运动,circle_orbit,1,1.000000,1.500000,1.500000,,,,,,,,,,,,,,,,1.133165,0.082213,1.103319,0.047379,0.000000,0.000000,0.029187,,-0.211736,0.000000,,,,0.072552,0.125919,1.500000,4.860421,51.682886,0.000000,circle,预设轨迹15,forward
1775478875.128572,5.400013,1775478918.430785|完整运动,完整运动,circle_orbit,1,1.000000,1.500000,1.500000,,,,,,,,,,,,,,,,1.132749,0.077829,1.107775,0.044950,0.000000,0.000000,0.020992,,-0.211960,0.000000,,,,0.068708,0.125873,1.500000,4.906020,51.637287,0.000000,circle,预设轨迹15,forward
1775478875.155215,5.426656,1775478918.430785|完整运动,完整运动,circle_orbit,1,1.000000,1.500000,1.500000,,,,,,,,,,,,,,,,1.132339,0.078667,1.107775,0.084950,0.000000,0.000000,0.020992,,-0.211960,0.000000,,,,0.069473,0.125827,1.500000,4.906020,51.637287,0.000000,circle,预设轨迹15,forward
1775478875.184994,5.456436,1775478918.430785|完整运动,完整运动,circle_orbit,1,1.000000,1.500000,1.500000,,,,,,,,,,,,,,,,1.132039,0.074700,1.114046,0.044950,0.000000,0.000000,0.012437,,-0.210999,0.000000,,,,0.065987,0.125794,1.500000,4.950807,51.592499,0.000000,circle,预设轨迹15,forward
1775478875.205318,5.476759,1775478918.430785|完整运动,完整运动,circle_orbit,1,1.000000,1.500000,1.500000,,,,,,,,,,,,,,,,1.131831,0.069854,1.119344,0.033505,0.000000,0.000000,0.003462,,-0.211005,0.000000,,,,0.061717,0.125771,1.500000,4.995381,51.547926,0.000000,circle,预设轨迹15,forward
1775478875.234187,5.505629,1775478918.430785|完整运动,完整运动,circle_orbit,1,1.000000,1.500000,1.500000,,,,,,,,,,,,,,,,1.131627,0.070283,1.119344,0.073505,0.000000,0.000000,0.003462,,-0.211005,0.000000,,,,0.062108,0.125748,1.500000,4.995381,51.547926,0.000000,circle,预设轨迹15,forward
1775478875.262010,5.533451,1775478918.430785|完整运动,完整运动,circle_orbit,1,1.000000,1.500000,1.500000,,,,,,,,,,,,,,,,1.131413,0.065956,1.118616,0.033505,0.000000,0.000000,-0.006162,,-0.210350,0.000000,,,,0.058295,0.125725,1.500000,5.040035,51.503272,0.000000,circle,预设轨迹15,forward
1775478875.282422,5.553864,1775478918.430785|完整运动,完整运动,circle_orbit,1,1.000000,1.500000,1.500000,,,,,,,,,,,,,,,,1.131161,0.064114,1.116043,0.050297,0.000000,0.000000,-0.011078,,-0.210098,0.000000,,,,0.056680,0.125697,1.500000,5.062252,51.481054,0.000000,circle,预设轨迹15,forward
1775478875.322962,5.594403,1775478918.430785|完整运动,完整运动,circle_orbit,1,1.000000,1.500000,1.500000,,,,,,,,,,,,,,,,1.130815,0.059621,1.110057,0.025920,0.000000,0.000000,-0.019757,,-0.210769,0.000000,,,,0.052723,0.125658,1.500000,5.106279,51.437027,0.000000,circle,预设轨迹15,forward
1775478875.350312,5.621753,1775478918.430785|完整运动,完整运动,circle_orbit,1,1.000000,1.500000,1.500000,,,,,,,,,,,,,,,,1.130436,0.058473,1.107693,0.049867,0.000000,0.000000,-0.023825,,-0.210764,0.000000,,,,0.051726,0.125616,1.500000,5.128326,51.414980,0.000000,circle,预设轨迹15,forward
1775478875.372453,5.643894,1775478918.430785|完整运动,完整运动,circle_orbit,1,1.000000,1.500000,1.500000,,,,,,,,,,,,,,,,1.129981,0.054576,1.102654,0.025346,0.000000,0.000000,-0.031756,,-0.211106,0.000000,,,,0.048298,0.125565,1.500000,5.172740,51.370567,0.000000,circle,预设轨迹15,forward
1775478875.403497,5.674938,1775478918.430785|完整运动,完整运动,circle_orbit,1,1.000000,1.500000,1.500000,,,,,,,,,,,,,,,,1.129503,0.053545,1.100806,0.045812,0.000000,0.000000,-0.035725,,-0.210769,0.000000,,,,0.047406,0.125512,1.500000,5.195091,51.348216,0.000000,circle,预设轨迹15,forward
1775478875.427160,5.698601,1775478918.430785|完整运动,完整运动,circle_orbit,1,1.000000,1.500000,1.500000,,,,,,,,,,,,,,,,1.129001,0.052518,1.098887,0.044813,0.000000,0.000000,-0.039640,,-0.210516,0.000000,,,,0.046517,0.125456,1.500000,5.217447,51.325860,0.000000,circle,预设轨迹15,forward
1775478875.452314,5.723755,1775478918.430785|完整运动,完整运动,circle_orbit,1,1.000000,1.500000,1.500000,,,,,,,,,,,,,,,,1.128447,0.048581,1.095206,0.019056,0.000000,0.000000,-0.047647,,-0.209825,0.000000,,,,0.043051,0.125395,1.500000,5.261968,51.281339,0.000000,circle,预设轨迹15,forward
1775478875.491347,5.762789,1775478918.430785|完整运动,完整运动,circle_orbit,1,1.000000,1.500000,1.500000,,,,,,,,,,,,,,,,1.127878,0.047510,1.093744,0.039474,0.000000,0.000000,-0.051701,,-0.209167,0.000000,,,,0.042123,0.125332,1.500000,5.284282,51.259024,0.000000,circle,预设轨迹15,forward
1775478875.513095,5.784536,1775478918.430785|完整运动,完整运动,circle_orbit,1,1.000000,1.500000,1.500000,,,,,,,,,,,,,,,,1.127294,0.046347,1.092282,0.037624,0.000000,0.000000,-0.055846,,-0.208472,0.000000,,,,0.041113,0.125267,1.500000,5.306618,51.236689,0.000000,circle,预设轨迹15,forward
1775478875.534030,5.805471,1775478918.430785|完整运动,完整运动,circle_orbit,1,1.000000,1.500000,1.500000,,,,,,,,,,,,,,,,1.126665,0.042348,1.088898,0.012359,0.000000,0.000000,-0.063988,,-0.207520,0.000000,,,,0.037587,0.125197,1.500000,5.351594,51.191712,0.000000,circle,预设轨迹15,forward
1775478875.567054,5.838495,1775478918.430785|完整运动,完整运动,circle_orbit,1,1.000000,1.500000,1.500000,,,,,,,,,,,,,,,,1.126017,0.041401,1.087178,0.034299,0.000000,0.000000,-0.067919,,-0.207136,0.000000,,,,0.036768,0.125125,1.500000,5.374188,51.169118,0.000000,circle,预设轨迹15,forward
1775478875.596379,5.867821,1775478918.430785|完整运动,完整运动,circle_orbit,1,1.000000,1.500000,1.500000,,,,,,,,,,,,,,,,1.125353,0.037364,1.085468,0.007085,0.000000,0.000000,-0.076201,,-0.204813,0.000000,,,,0.033202,0.125051,1.500000,5.418928,51.124379,0.000000,circle,预设轨迹15,forward
1775478875.616780,5.888221,1775478918.430785|完整运动,完整运动,circle_orbit,1,1.000000,1.500000,1.500000,,,,,,,,,,,,,,,,1.124679,0.036138,1.084283,0.026945,0.000000,0.000000,-0.080616,,-0.203794,0.000000,,,,0.032132,0.124976,1.500000,5.441200,51.102107,0.000000,circle,预设轨迹15,forward
1775478875.643619,5.915061,1775478918.430785|完整运动,完整运动,circle_orbit,1,1.000000,1.500000,1.500000,,,,,,,,,,,,,,,,1.123995,0.034802,1.082954,0.024781,0.000000,0.000000,-0.085158,,-0.202836,0.000000,,,,0.030963,0.124900,1.500000,5.463626,51.079681,0.000000,circle,预设轨迹15,forward
1775478875.669152,5.940593,1775478918.430785|完整运动,完整运动,circle_orbit,1,1.000000,1.500000,1.500000,,,,,,,,,,,,,,,,1.123294,0.033421,1.081234,0.023066,0.000000,0.000000,-0.089740,,-0.202177,0.000000,,,,0.029753,0.124822,1.500000,5.486172,51.057134,0.000000,circle,预设轨迹15,forward
1775478875.689643,5.961084,1775478918.430785|完整运动,完整运动,circle_orbit,1,1.000000,1.500000,1.500000,,,,,,,,,,,,,,,,1.122546,0.029079,1.077621,-0.003487,0.000000,0.000000,-0.098515,,-0.201183,0.000000,,,,0.025905,0.124739,1.500000,5.531412,51.011895,0.000000,circle,预设轨迹15,forward
1775478875.715499,5.986940,1775478918.430785|完整运动,完整运动,circle_orbit,1,1.000000,1.500000,1.500000,,,,,,,,,,,,,,,,1.121809,0.029954,1.077621,0.036513,0.000000,0.000000,-0.098515,,-0.201183,0.000000,,,,0.026701,0.124657,1.500000,5.531412,51.011895,0.000000,circle,预设轨迹15,forward
1775478875.749314,6.020755,1775478918.430785|完整运动,完整运动,circle_orbit,1,1.000000,1.500000,1.500000,,,,,,,,,,,,,,,,1.121039,0.026020,1.074855,-0.003487,0.000000,0.000000,-0.106836,,-0.199724,0.000000,,,,0.023210,0.124572,1.500000,5.576353,50.966953,0.000000,circle,预设轨迹15,forward
1775478875.769756,6.041197,1775478918.430785|完整运动,完整运动,circle_orbit,1,1.000000,1.500000,1.500000,,,,,,,,,,,,,,,,1.120240,0.022568,1.072285,-0.003319,0.000000,0.000000,-0.114585,,-0.198369,0.000000,,,,0.020146,0.124483,1.500000,5.621290,50.922016,0.000000,circle,预设轨迹15,forward
1775478875.797354,6.068796,1775478918.430785|完整运动,完整运动,circle_orbit,1,1.000000,1.500000,1.500000,,,,,,,,,,,,,,,,1.119430,0.022084,1.070821,0.018456,0.000000,0.000000,-0.118201,,-0.197958,0.000000,,,,0.019728,0.124393,1.500000,5.643692,50.899615,0.000000,circle,预设轨迹15,forward
1775478875.834291,6.105732,1775478918.430785|完整运动,完整运动,circle_orbit,1,1.000000,1.500000,1.500000,,,,,,,,,,,,,,,,1.118615,0.021585,1.069721,0.017841,0.000000,0.000000,-0.121759,,-0.197276,0.000000,,,,0.019296,0.124302,1.500000,5.666104,50.877203,0.000000,circle,预设轨迹15,forward
1775478875.855412,6.126853,1775478918.430785|完整运动,完整运动,circle_orbit,1,1.000000,1.500000,1.500000,,,,,,,,,,,,,,,,1.117804,0.018559,1.069112,-0.004138,0.000000,0.000000,-0.128845,,-0.194626,0.000000,,,,0.016603,0.124212,1.500000,5.710698,50.832609,0.000000,circle,预设轨迹15,forward
1775478875.878182,6.149624,1775478918.430785|完整运动,完整运动,circle_orbit,1,1.000000,1.500000,1.500000,,,,,,,,,,,,,,,,1.117005,0.020567,1.069112,0.035630,0.000000,0.000000,-0.128845,,-0.194626,0.000000,,,,0.018413,0.124123,1.500000,5.710698,50.832609,0.000000,circle,预设轨迹15,forward
1775478875.901998,6.173439,1775478918.430785|完整运动,完整运动,circle_orbit,1,1.000000,1.500000,1.500000,,,,,,,,,,,,,,,,1.116204,0.017633,1.068153,-0.004370,0.000000,0.000000,-0.136449,,-0.192033,0.000000,,,,0.015798,0.124034,1.500000,5.755260,50.788046,0.000000,circle,预设轨迹15,forward
1775478875.924490,6.195931,1775478918.430785|完整运动,完整运动,circle_orbit,1,1.000000,1.500000,1.500000,,,,,,,,,,,,,,,,1.115405,0.016794,1.067439,0.010503,0.000000,0.000000,-0.140313,,-0.190903,0.000000,,,,0.015057,0.123946,1.500000,5.777520,50.765786,0.000000,circle,预设轨迹15,forward
1775478875.959149,6.230590,1775478918.430785|完整运动,完整运动,circle_orbit,1,1.000000,1.500000,1.500000,,,,,,,,,,,,,,,,1.114605,0.013338,1.066595,-0.012581,0.000000,0.000000,-0.147870,,-0.188239,0.000000,,,,0.011967,0.123857,1.500000,5.822188,50.721118,0.000000,circle,预设轨迹15,forward
1775478875.996889,6.268331,1775478918.430785|完整运动,完整运动,circle_orbit,1,1.000000,1.500000,1.500000,,,,,,,,,,,,,,,,1.113809,0.012732,1.066061,0.008187,0.000000,0.000000,-0.151488,,-0.187072,0.000000,,,,0.011431,0.123768,1.500000,5.844630,50.698677,0.000000,circle,预设轨迹15,forward
1775478876.017879,6.289320,1775478918.430785|完整运动,完整运动,circle_orbit,1,1.000000,1.500000,1.500000,,,,,,,,,,,,,,,,1.113020,0.009559,1.065645,-0.014239,0.000000,0.000000,-0.158712,,-0.184204,0.000000,,,,0.008589,0.123681,1.500000,5.889906,50.653401,0.000000,circle,预设轨迹15,forward
1775478876.038764,6.310205,1775478918.430785|完整运动,完整运动,circle_orbit,1,1.000000,1.500000,1.500000,,,,,,,,,,,,,,,,1.112243,0.008861,1.065673,0.003622,0.000000,0.000000,-0.162516,,-0.182489,0.000000,,,,0.007967,0.123594,1.500000,5.912341,50.630966,0.000000,circle,预设轨迹15,forward
1775478876.061662,6.333103,1775478918.430785|完整运动,完整运动,circle_orbit,1,1.000000,1.500000,1.500000,,,,,,,,,,,,,,,,1.111476,0.008111,1.065435,0.002487,0.000000,0.000000,-0.166351,,-0.180981,0.000000,,,,0.007297,0.123509,1.500000,5.934684,50.608623,0.000000,circle,预设轨迹15,forward
1775478876.083080,6.354521,1775478918.430785|完整运动,完整运动,circle_orbit,1,1.000000,1.500000,1.500000,,,,,,,,,,,,,,,,1.110721,0.007267,1.065405,0.000942,0.000000,0.000000,-0.170285,,-0.179258,0.000000,,,,0.006543,0.123425,1.500000,5.957076,50.586230,0.000000,circle,预设轨迹15,forward
1775478876.114548,6.385990,1775478918.430785|完整运动,完整运动,circle_orbit,1,1.000000,1.500000,1.500000,,,,,,,,,,,,,,,,1.109977,0.006394,1.065380,-0.000153,0.000000,0.000000,-0.174235,,-0.177522,0.000000,,,,0.005761,0.123343,1.500000,5.979620,50.563687,0.000000,circle,预设轨迹15,forward
1775478876.135785,6.407226,1775478918.430785|完整运动,完整运动,circle_orbit,1,1.000000,1.500000,1.500000,,,,,,,,,,,,,,,,1.109243,0.002935,1.065162,-0.023007,0.000000,0.000000,-0.181841,,-0.174322,0.000000,,,,0.002646,0.123261,1.500000,6.024804,50.518503,0.000000,circle,预设轨迹15,forward
1775478876.161995,6.433437,1775478918.430785|完整运动,完整运动,circle_orbit,1,1.000000,1.500000,1.500000,,,,,,,,,,,,,,,,1.108517,0.002339,1.064957,-0.002132,0.000000,0.000000,-0.185498,,-0.172866,0.000000,,,,0.002110,0.123180,1.500000,6.047317,50.495989,0.000000,circle,预设轨迹15,forward
1775478876.187586,6.459028,1775478918.430785|完整运动,完整运动,circle_orbit,1,1.000000,1.500000,1.500000,,,,,,,,,,,,,,,,1.107804,0.001759,1.065025,-0.002597,0.000000,0.000000,-0.189091,,-0.171213,0.000000,,,,0.001587,0.123101,1.500000,6.069684,50.473623,0.000000,circle,预设轨迹15,forward
1775478876.212251,6.483693,1775478918.430785|完整运动,完整运动,circle_orbit,1,1.000000,1.500000,1.500000,,,,,,,,,,,,,,,,1.107110,-0.001265,1.065498,-0.023944,0.000000,0.000000,-0.196124,,-0.167696,0.000000,,,,0.001143,0.123024,1.500000,6.114579,50.428728,0.000000,circle,预设轨迹15,forward
1775478876.238300,6.509742,1775478918.430785|完整运动,完整运动,circle_orbit,1,1.000000,1.500000,1.500000,,,,,,,,,,,,,,,,1.106431,-0.001556,1.065650,-0.003740,0.000000,0.000000,-0.199370,,-0.166127,0.000000,,,,0.001407,0.122948,1.500000,6.137129,50.406178,0.000000,circle,预设轨迹15,forward
1775478876.266522,6.537964,1775478918.430785|完整运动,完整运动,circle_orbit,1,1.000000,1.500000,1.500000,,,,,,,,,,,,,,,,1.105762,-0.001830,1.065646,-0.003885,0.000000,0.000000,-0.202535,,-0.164724,0.000000,,,,0.001655,0.122874,1.500000,6.159725,50.383581,0.000000,circle,预设轨迹15,forward
1775478876.295341,6.566783,1775478918.430785|完整运动,完整运动,circle_orbit,1,1.000000,1.500000,1.500000,,,,,,,,,,,,,,,,1.105107,-0.002025,1.065786,-0.003488,0.000000,0.000000,-0.205534,,-0.163276,0.000000,,,,0.001833,0.122801,1.500000,6.182143,50.361163,0.000000,circle,预设轨迹15,forward
1775478876.316180,6.587621,1775478918.430785|完整运动,完整运动,circle_orbit,1,1.000000,1.500000,1.500000,,,,,,,,,,,,,,,,1.104485,-0.004356,1.067197,-0.021837,0.000000,0.000000,-0.211523,,-0.159450,0.000000,,,,0.003944,0.122732,1.500000,6.226962,50.316345,0.000000,circle,预设轨迹15,forward
1775478876.348124,6.619565,1775478918.430785|完整运动,完整运动,circle_orbit,1,1.000000,1.500000,1.500000,,,,,,,,,,,,,,,,1.103884,-0.004545,1.067810,-0.005958,0.000000,0.000000,-0.214535,,-0.157607,0.000000,,,,0.004117,0.122665,1.500000,6.249415,50.293891,0.000000,circle,预设轨迹15,forward
1775478876.375837,6.647279,1775478918.430785|完整运动,完整运动,circle_orbit,1,1.000000,1.500000,1.500000,,,,,,,,,,,,,,,,1.103306,-0.006946,1.068624,-0.024955,0.000000,0.000000,-0.220644,,-0.154223,0.000000,,,,0.006295,0.122601,1.500000,6.294364,50.248943,0.000000,circle,预设轨迹15,forward
1775478876.396154,6.667595,1775478918.430785|完整运动,完整运动,circle_orbit,1,1.000000,1.500000,1.500000,,,,,,,,,,,,,,,,1.102752,-0.007174,1.069505,-0.008884,0.000000,0.000000,-0.223737,,-0.152125,0.000000,,,,0.006505,0.122540,1.500000,6.316886,50.226421,0.000000,circle,预设轨迹15,forward
1775478876.426610,6.698051,1775478918.430785|完整运动,完整运动,circle_orbit,1,1.000000,1.500000,1.500000,,,,,,,,,,,,,,,,1.102222,-0.007398,1.070456,-0.009081,0.000000,0.000000,-0.226777,,-0.149996,0.000000,,,,0.006712,0.122481,1.500000,6.339442,50.203865,0.000000,circle,预设轨迹15,forward
1775478876.467323,6.738765,1775478918.430785|完整运动,完整运动,circle_orbit,1,1.000000,1.500000,1.500000,,,,,,,,,,,,,,,,1.101715,-0.007556,1.071252,-0.008735,0.000000,0.000000,-0.229676,,-0.148056,0.000000,,,,0.006858,0.122424,1.500000,6.362148,50.181159,0.000000,circle,预设轨迹15,forward
1775478876.498354,6.769795,1775478918.430785|完整运动,完整运动,circle_orbit,1,1.000000,1.500000,1.500000,,,,,,,,,,,,,,,,1.101247,-0.009646,1.073198,-0.025326,0.000000,0.000000,-0.235284,,-0.143977,0.000000,,,,0.008759,0.122372,1.500000,6.407580,50.135727,0.000000,circle,预设轨迹15,forward
1775478876.519245,6.790686,1775478918.430785|完整运动,完整运动,circle_orbit,1,1.000000,1.500000,1.500000,,,,,,,,,,,,,,,,1.100816,-0.011843,1.074945,-0.028316,0.000000,0.000000,-0.241111,,-0.139967,0.000000,,,,0.010758,0.122324,1.500000,6.452726,50.090581,0.000000,circle,预设轨迹15,forward
1775478876.541930,6.813371,1775478918.430785|完整运动,完整运动,circle_orbit,1,1.000000,1.500000,1.500000,,,,,,,,,,,,,,,,1.100409,-0.011973,1.075963,-0.012950,0.000000,0.000000,-0.244068,,-0.137828,0.000000,,,,0.010880,0.122279,1.500000,6.475407,50.067899,0.000000,circle,预设轨迹15,forward
1775478876.562611,6.834052,1775478918.430785|完整运动,完整运动,circle_orbit,1,1.000000,1.500000,1.500000,,,,,,,,,,,,,,,,1.100026,-0.012074,1.077051,-0.012830,0.000000,0.000000,-0.246932,,-0.135674,0.000000,,,,0.010976,0.122237,1.500000,6.498154,50.045152,0.000000,circle,预设轨迹15,forward
1775478876.583385,6.854826,1775478918.430785|完整运动,完整运动,circle_orbit,1,1.000000,1.500000,1.500000,,,,,,,,,,,,,,,,1.099666,-0.012128,1.078115,-0.012539,0.000000,0.000000,-0.249684,,-0.133592,0.000000,,,,0.011029,0.122197,1.500000,6.520922,50.022385,0.000000,circle,预设轨迹15,forward
1775478876.618755,6.890197,1775478918.430785|完整运动,完整运动,circle_orbit,1,1.000000,1.500000,1.500000,,,,,,,,,,,,,,,,1.099351,-0.013962,1.080399,-0.027711,0.000000,0.000000,-0.254923,,-0.129425,0.000000,,,,0.012700,0.122162,1.500000,6.566247,49.977060,0.000000,circle,预设轨迹15,forward
1775478876.641456,6.912898,1775478918.430785|完整运动,完整运动,circle_orbit,1,1.000000,1.500000,1.500000,,,,,,,,,,,,,,,,1.099065,-0.013894,1.081958,-0.013382,0.000000,0.000000,-0.257514,,-0.127023,0.000000,,,,0.012641,0.122130,1.500000,6.588850,49.954457,0.000000,circle,预设轨迹15,forward
1775478876.661945,6.933387,1775478918.430785|完整运动,完整运动,circle_orbit,1,1.000000,1.500000,1.500000,,,,,,,,,,,,,,,,1.098814,-0.013868,1.083731,-0.013680,0.000000,0.000000,-0.260115,,-0.124449,0.000000,,,,0.012621,0.122102,1.500000,6.611550,49.931757,0.000000,circle,预设轨迹15,forward
1775478876.685949,6.957391,1775478918.430785|完整运动,完整运动,circle_orbit,1,1.000000,1.500000,1.500000,,,,,,,,,,,,,,,,1.098579,-0.013596,1.084491,-0.011551,0.000000,0.000000,-0.262315,,-0.122865,0.000000,,,,0.012376,0.122076,1.500000,6.634168,49.909139,0.000000,circle,预设轨迹15,forward
1775478876.706395,6.977836,1775478918.430785|完整运动,完整运动,circle_orbit,1,1.000000,1.500000,1.500000,,,,,,,,,,,,,,,,1.098398,-0.014717,1.087504,-0.023126,0.000000,0.000000,-0.266447,,-0.118633,0.000000,,,,0.013399,0.122056,1.500000,6.679475,49.863831,0.000000,circle,预设轨迹15,forward
1775478876.730798,7.002239,1775478918.430785|完整运动,完整运动,circle_orbit,1,1.000000,1.500000,1.500000,,,,,,,,,,,,,,,,1.098219,-0.012921,1.087504,0.000551,0.000000,0.000000,-0.266447,,-0.118633,0.000000,,,,0.011765,0.122036,1.500000,6.679475,49.863831,0.000000,circle,预设轨迹15,forward
1775478876.758667,7.030108,1775478918.430785|完整运动,完整运动,circle_orbit,1,1.000000,1.500000,1.500000,,,,,,,,,,,,,,,,1.098103,-0.014100,1.091162,-0.022947,0.000000,0.000000,-0.270549,,-0.113921,0.000000,,,,0.012841,0.122023,1.500000,6.724635,49.818671,0.000000,circle,预设轨迹15,forward
1775478876.779108,7.050549,1775478918.430785|完整运动,完整运动,circle_orbit,1,1.000000,1.500000,1.500000,,,,,,,,,,,,,,,,1.098024,-0.013896,1.093251,-0.012367,0.000000,0.000000,-0.272719,,-0.111314,0.000000,,,,0.012656,0.122014,1.500000,6.747249,49.796058,0.000000,circle,预设轨迹15,forward
1775478876.810219,7.081660,1775478918.430785|完整运动,完整运动,circle_orbit,1,1.000000,1.500000,1.500000,,,,,,,,,,,,,,,,1.097971,-0.013712,1.094767,-0.012330,0.000000,0.000000,-0.274872,,-0.109170,0.000000,,,,0.012489,0.122008,1.500000,6.769909,49.773398,0.000000,circle,预设轨迹15,forward
1775478876.839902,7.111343,1775478918.430785|完整运动,完整运动,circle_orbit,1,1.000000,1.500000,1.500000,,,,,,,,,,,,,,,,1.097983,-0.015073,1.098715,-0.025279,0.000000,0.000000,-0.279191,,-0.104172,0.000000,,,,0.013728,0.122010,1.500000,6.814982,49.728324,0.000000,circle,预设轨迹15,forward
1775478876.860336,7.131777,1775478918.430785|完整运动,完整运动,circle_orbit,1,1.000000,1.500000,1.500000,,,,,,,,,,,,,,,,1.098025,-0.014792,1.100536,-0.012688,0.000000,0.000000,-0.281224,,-0.101857,0.000000,,,,0.013472,0.122014,1.500000,6.837486,49.705820,0.000000,circle,预设轨迹15,forward
1775478876.886108,7.157550,1775478918.430785|完整运动,完整运动,circle_orbit,1,1.000000,1.500000,1.500000,,,,,,,,,,,,,,,,1.098103,-0.014466,1.102815,-0.012015,0.000000,0.000000,-0.283148,,-0.099242,0.000000,,,,0.013173,0.122023,1.500000,6.860353,49.682954,0.000000,circle,预设轨迹15,forward
1775478876.911265,7.182707,1775478918.430785|完整运动,完整运动,circle_orbit,1,1.000000,1.500000,1.500000,,,,,,,,,,,,,,,,1.098219,-0.013982,1.105192,-0.010356,0.000000,0.000000,-0.284804,,-0.096677,0.000000,,,,0.012732,0.122036,1.500000,6.883316,49.659990,0.000000,circle,预设轨迹15,forward
1775478876.935900,7.207341,1775478918.430785|完整运动,完整运动,circle_orbit,1,1.000000,1.500000,1.500000,,,,,,,,,,,,,,,,1.098407,-0.014533,1.109659,-0.018667,0.000000,0.000000,-0.287890,,-0.091891,0.000000,,,,0.013231,0.122057,1.500000,6.929332,49.613975,0.000000,circle,预设轨迹15,forward
1775478876.966602,7.238044,1775478918.430785|完整运动,完整运动,circle_orbit,1,1.000000,1.500000,1.500000,,,,,,,,,,,,,,,,1.098629,-0.014080,1.111967,-0.010680,0.000000,0.000000,-0.289557,,-0.089396,0.000000,,,,0.012816,0.122081,1.500000,6.952154,49.591153,0.000000,circle,预设轨迹15,forward
1775478876.990710,7.262151,1775478918.430785|完整运动,完整运动,circle_orbit,1,1.000000,1.500000,1.500000,,,,,,,,,,,,,,,,1.098887,-0.013747,1.114336,-0.011250,0.000000,0.000000,-0.291350,,-0.086807,0.000000,,,,0.012510,0.122110,1.500000,6.974987,49.568320,0.000000,circle,预设轨迹15,forward
1775478877.011054,7.282495,1775478918.430785|完整运动,完整运动,circle_orbit,1,1.000000,1.500000,1.500000,,,,,,,,,,,,,,,,1.099218,-0.014724,1.119126,-0.022054,0.000000,0.000000,-0.294979,,-0.081593,0.000000,,,,0.013395,0.122147,1.500000,7.020832,49.522474,0.000000,circle,预设轨迹15,forward
1775478877.036642,7.308084,1775478918.430785|完整运动,完整运动,circle_orbit,1,1.000000,1.500000,1.500000,,,,,,,,,,,,,,,,1.099583,-0.014287,1.121474,-0.011005,0.000000,0.000000,-0.296633,,-0.079104,0.000000,,,,0.012993,0.122188,1.500000,7.043755,49.499551,0.000000,circle,预设轨迹15,forward
1775478877.067410,7.338852,1775478918.430785|完整运动,完整运动,circle_orbit,1,1.000000,1.500000,1.500000,,,,,,,,,,,,,,,,1.099985,-0.013847,1.124061,-0.010546,0.000000,0.000000,-0.298242,,-0.076465,0.000000,,,,0.012588,0.122232,1.500000,7.066647,49.476659,0.000000,circle,预设轨迹15,forward
1775478877.087736,7.359177,1775478918.430785|完整运动,完整运动,circle_orbit,1,1.000000,1.500000,1.500000,,,,,,,,,,,,,,,,1.100460,-0.014302,1.128971,-0.017717,0.000000,0.000000,-0.301092,,-0.071571,0.000000,,,,0.012996,0.122285,1.500000,7.111866,49.431441,0.000000,circle,预设轨迹15,forward
1775478877.114541,7.385982,1775478918.430785|完整运动,完整运动,circle_orbit,1,1.000000,1.500000,1.500000,,,,,,,,,,,,,,,,1.100979,-0.013730,1.132133,-0.009436,0.000000,0.000000,-0.302495,,-0.068628,0.000000,,,,0.012470,0.122343,1.500000,7.134727,49.408579,0.000000,circle,预设轨迹15,forward
1775478877.137421,7.408862,1775478918.430785|完整运动,完整运动,circle_orbit,1,1.000000,1.500000,1.500000,,,,,,,,,,,,,,,,1.101490,-0.012209,1.132133,-0.000806,0.000000,0.000000,-0.302495,,-0.068628,0.000000,,,,0.011084,0.122399,1.500000,7.134727,49.408579,0.000000,circle,预设轨迹15,forward
1775478877.158659,7.430100,1775478918.430785|完整运动,完整运动,circle_orbit,1,1.000000,1.500000,1.500000,,,,,,,,,,,,,,,,1.102070,-0.012114,1.136902,-0.011398,0.000000,0.000000,-0.304432,,-0.064293,0.000000,,,,0.010992,0.122464,1.500000,7.180320,49.362987,0.000000,circle,预设轨迹15,forward
1775478877.187970,7.459411,1775478918.430785|完整运动,完整运动,circle_orbit,1,1.000000,1.500000,1.500000,,,,,,,,,,,,,,,,1.102682,-0.011172,1.139418,-0.004113,0.000000,0.000000,-0.305155,,-0.062151,0.000000,,,,0.010132,0.122532,1.500000,7.202899,49.340407,0.000000,circle,预设轨迹15,forward
1775478877.212728,7.484169,1775478918.430785|完整运动,完整运动,circle_orbit,1,1.000000,1.500000,1.500000,,,,,,,,,,,,,,,,1.103326,-0.010160,1.141946,-0.002569,0.000000,0.000000,-0.305719,,-0.060079,0.000000,,,,0.009209,0.122603,1.500000,7.225416,49.317891,0.000000,circle,预设轨迹15,forward
1775478877.233050,7.504491,1775478918.430785|完整运动,完整运动,circle_orbit,1,1.000000,1.500000,1.500000,,,,,,,,,,,,,,,,1.104084,-0.009351,1.149559,-0.003280,0.000000,0.000000,-0.306526,,-0.054283,0.000000,,,,0.008469,0.122688,1.500000,7.271756,49.271551,0.000000,circle,预设轨迹15,forward
1775478877.255141,7.526582,1775478918.430785|完整运动,完整运动,circle_orbit,1,1.000000,1.500000,1.500000,,,,,,,,,,,,,,,,1.104830,-0.008011,1.149559,0.002036,0.000000,0.000000,-0.306526,,-0.054283,0.000000,,,,0.007251,0.122770,1.500000,7.271756,49.271551,0.000000,circle,预设轨迹15,forward
1775478877.284232,7.555673,1775478918.430785|完整运动,完整运动,circle_orbit,1,1.000000,1.500000,1.500000,,,,,,,,,,,,,,,,1.105669,-0.007636,1.156019,-0.004823,0.000000,0.000000,-0.307837,,-0.049143,0.000000,,,,0.006906,0.122864,1.500000,7.317607,49.225700,0.000000,circle,预设轨迹15,forward
1775478877.304598,7.576039,1775478918.430785|完整运动,完整运动,circle_orbit,1,1.000000,1.500000,1.500000,,,,,,,,,,,,,,,,1.106542,-0.006823,1.158919,-0.000722,0.000000,0.000000,-0.308510,,-0.046815,0.000000,,,,0.006166,0.122961,1.500000,7.340435,49.202872,0.000000,circle,预设轨迹15,forward
1775478877.334195,7.605636,1775478918.430785|完整运动,完整运动,circle_orbit,1,1.000000,1.500000,1.500000,,,,,,,,,,,,,,,,1.107461,-0.005923,1.162644,0.000826,0.000000,0.000000,-0.309024,,-0.043995,0.000000,,,,0.005348,0.123063,1.500000,7.363343,49.179964,0.000000,circle,预设轨迹15,forward
1775478877.356535,7.627977,1775478918.430785|完整运动,完整运动,circle_orbit,1,1.000000,1.500000,1.500000,,,,,,,,,,,,,,,,1.108485,-0.005098,1.169872,0.001092,0.000000,0.000000,-0.309614,,-0.038750,0.000000,,,,0.004599,0.123177,1.500000,7.409699,49.133608,0.000000,circle,预设轨迹15,forward
1775478877.377285,7.648726,1775478918.430785|完整运动,完整运动,circle_orbit,1,1.000000,1.500000,1.500000,,,,,,,,,,,,,,,,1.109554,-0.003951,1.173736,0.004647,0.000000,0.000000,-0.309715,,-0.036068,0.000000,,,,0.003561,0.123295,1.500000,7.432937,49.110370,0.000000,circle,预设轨迹15,forward
1775478877.398151,7.669592,1775478918.430785|完整运动,完整运动,circle_orbit,1,1.000000,1.500000,1.500000,,,,,,,,,,,,,,,,1.110667,-0.002838,1.177451,0.005512,0.000000,0.000000,-0.309812,,-0.033504,0.000000,,,,0.002555,0.123419,1.500000,7.455983,49.087323,0.000000,circle,预设轨迹15,forward
1775478877.419735,7.691176,1775478918.430785|完整运动,完整运动,circle_orbit,1,1.000000,1.500000,1.500000,,,,,,,,,,,,,,,,1.111824,-0.001827,1.181211,0.005756,0.000000,0.000000,-0.310009,,-0.030882,0.000000,,,,0.001643,0.123548,1.500000,7.479028,49.064279,0.000000,circle,预设轨迹15,forward
1775478877.446333,7.717774,1775478918.430785|完整运动,完整运动,circle_orbit,1,1.000000,1.500000,1.500000,,,,,,,,,,,,,,,,1.113021,-0.000905,1.184888,0.006009,0.000000,0.000000,-0.310295,,-0.028292,0.000000,,,,0.000813,0.123681,1.500000,7.502083,49.041223,0.000000,circle,预设轨迹15,forward
1775478877.468235,7.739676,1775478918.430785|完整运动,完整运动,circle_orbit,1,1.000000,1.500000,1.500000,,,,,,,,,,,,,,,,1.114329,-0.000281,1.192803,0.004403,0.000000,0.000000,-0.310983,,-0.022736,0.000000,,,,0.000252,0.123826,1.500000,7.549059,48.994248,0.000000,circle,预设轨迹15,forward
1775478877.498677,7.770118,1775478918.430785|完整运动,完整运动,circle_orbit,1,1.000000,1.500000,1.500000,,,,,,,,,,,,,,,,1.115616,0.000811,1.192803,0.008998,0.000000,0.000000,-0.310983,,-0.022736,0.000000,,,,0.000727,0.123969,1.500000,7.549059,48.994248,0.000000,circle,预设轨迹15,forward
1775478877.519579,7.791020,1775478918.430785|完整运动,完整运动,circle_orbit,1,1.000000,1.500000,1.500000,,,,,,,,,,,,,,,,1.117004,0.001828,1.200267,0.009458,0.000000,0.000000,-0.311059,,-0.017815,0.000000,,,,0.001637,0.124123,1.500000,7.596056,48.947250,0.000000,circle,预设轨迹15,forward
1775478877.548620,7.820062,1775478918.430785|完整运动,完整运动,circle_orbit,1,1.000000,1.500000,1.500000,,,,,,,,,,,,,,,,1.118433,0.003012,1.204194,0.011889,0.000000,0.000000,-0.310864,,-0.015354,0.000000,,,,0.002693,0.124282,1.500000,7.619185,48.924122,0.000000,circle,预设轨迹15,forward
1775478877.570232,7.841673,1775478918.430785|完整运动,完整运动,circle_orbit,1,1.000000,1.500000,1.500000,,,,,,,,,,,,,,,,1.119994,0.004254,1.213637,0.013573,0.000000,0.000000,-0.310558,,-0.009432,0.000000,,,,0.003799,0.124456,1.500000,7.665972,48.877334,0.000000,circle,预设轨迹15,forward
1775478877.592798,7.864239,1775478918.430785|完整运动,完整运动,circle_orbit,1,1.000000,1.500000,1.500000,,,,,,,,,,,,,,,,1.121588,0.005600,1.217265,0.015696,0.000000,0.000000,-0.310061,,-0.007351,0.000000,,,,0.004993,0.124633,1.500000,7.689337,48.853969,0.000000,circle,预设轨迹15,forward
1775478877.627904,7.899345,1775478918.430785|完整运动,完整运动,circle_orbit,1,1.000000,1.500000,1.500000,,,,,,,,,,,,,,,,1.123225,0.007003,1.221440,0.017518,0.000000,0.000000,-0.309438,,-0.004996,0.000000,,,,0.006234,0.124815,1.500000,7.712703,48.830603,0.000000,circle,预设轨迹15,forward
1775478877.657967,7.929408,1775478918.430785|完整运动,完整运动,circle_orbit,1,1.000000,1.500000,1.500000,,,,,,,,,,,,,,,,1.124978,0.009129,1.230149,0.025081,0.000000,0.000000,-0.307746,,-0.000314,0.000000,,,,0.008115,0.125009,1.500000,7.758843,48.784464,0.000000,circle,预设轨迹15,forward
1775478877.688942,7.960383,1775478918.430785|完整运动,完整运动,circle_orbit,1,1.000000,1.500000,1.500000,,,,,,,,,,,,,,,,1.126647,0.010499,1.226759,0.020769,0.000000,0.000000,-0.307048,,0.002730,0.000000,,,,0.009319,0.125195,1.500000,7.782226,48.761081,0.000000,circle,预设轨迹15,forward
1775478877.709464,7.980905,1775478918.430785|完整运动,完整运动,circle_orbit,1,1.000000,1.500000,1.500000,,,,,,,,,,,,,,,,1.128160,0.012180,1.218947,0.024790,0.000000,0.000000,-0.305878,,0.008148,0.000000,,,,0.010796,0.125363,1.500000,7.829110,48.714197,0.000000,circle,预设轨迹15,forward
1775478877.735200,8.006641,1775478918.430785|完整运动,完整运动,circle_orbit,1,1.000000,1.500000,1.500000,,,,,,,,,,,,,,,,1.129590,0.013387,1.215394,0.022437,0.000000,0.000000,-0.305326,,0.010642,0.000000,,,,0.011851,0.125522,1.500000,7.852555,48.690752,0.000000,circle,预设轨迹15,forward
1775478877.770309,8.041751,1775478918.430785|完整运动,完整运动,circle_orbit,1,1.000000,1.500000,1.500000,,,,,,,,,,,,,,,,1.130943,0.014715,1.212109,0.024678,0.000000,0.000000,-0.304572,,0.013067,0.000000,,,,0.013012,0.125672,1.500000,7.875923,48.667383,0.000000,circle,预设轨迹15,forward
1775478877.792141,8.063582,1775478918.430785|完整运动,完整运动,circle_orbit,1,1.000000,1.500000,1.500000,,,,,,,,,,,,,,,,1.132163,0.016914,1.205406,0.033407,0.000000,0.000000,-0.302556,,0.018264,0.000000,,,,0.014940,0.125808,1.500000,7.923291,48.620015,0.000000,circle,预设轨迹15,forward
1775478877.813674,8.085115,1775478918.430785|完整运动,完整运动,circle_orbit,1,1.000000,1.500000,1.500000,,,,,,,,,,,,,,,,1.133309,0.018515,1.202029,0.030518,0.000000,0.000000,-0.301309,,0.021003,0.000000,,,,0.016337,0.125935,1.500000,7.947243,48.596064,0.000000,circle,预设轨迹15,forward
1775478877.850593,8.122034,1775478918.430785|完整运动,完整运动,circle_orbit,1,1.000000,1.500000,1.500000,,,,,,,,,,,,,,,,1.134381,0.020051,1.198756,0.031571,0.000000,0.000000,-0.300107,,0.023667,0.000000,,,,0.017676,0.126054,1.500000,7.971055,48.572251,0.000000,circle,预设轨迹15,forward
1775478877.886674,8.158115,1775478918.430785|完整运动,完整运动,circle_orbit,1,1.000000,1.500000,1.500000,,,,,,,,,,,,,,,,1.135337,0.022230,1.192659,0.038575,0.000000,0.000000,-0.297960,,0.028620,0.000000,,,,0.019580,0.126160,1.500000,8.018353,48.524954,0.000000,circle,预设轨迹15,forward
1775478877.912506,8.183947,1775478918.430785|完整运动,完整运动,circle_orbit,1,1.000000,1.500000,1.500000,,,,,,,,,,,,,,,,1.136220,0.023489,1.189212,0.032927,0.000000,0.000000,-0.297045,,0.031305,0.000000,,,,0.020673,0.126259,1.500000,8.042066,48.501241,0.000000,circle,预设轨迹15,forward
1775478877.933377,8.204818,1775478918.430785|完整运动,完整运动,circle_orbit,1,1.000000,1.500000,1.500000,,,,,,,,,,,,,,,,1.136982,0.025544,1.182681,0.040957,0.000000,0.000000,-0.294985,,0.036574,0.000000,,,,0.022466,0.126343,1.500000,8.090160,48.453146,0.000000,circle,预设轨迹15,forward
1775478877.961668,8.233109,1775478918.430785|完整运动,完整运动,circle_orbit,1,1.000000,1.500000,1.500000,,,,,,,,,,,,,,,,1.137687,0.026917,1.179990,0.037219,0.000000,0.000000,-0.293825,,0.038897,0.000000,,,,0.023660,0.126422,1.500000,8.114250,48.429057,0.000000,circle,预设轨迹15,forward
1775478877.989463,8.260904,1775478918.430785|完整运动,完整运动,circle_orbit,1,1.000000,1.500000,1.500000,,,,,,,,,,,,,,,,1.138340,0.028344,1.177514,0.039043,0.000000,0.000000,-0.292560,,0.041130,0.000000,,,,0.024899,0.126494,1.500000,8.138064,48.405243,0.000000,circle,预设轨迹15,forward
1775478878.009954,8.281396,1775478918.430785|完整运动,完整运动,circle_orbit,1,1.000000,1.500000,1.500000,,,,,,,,,,,,,,,,1.138869,0.030338,1.170638,0.045294,0.000000,0.000000,-0.290469,,0.046736,0.000000,,,,0.026639,0.126553,1.500000,8.185286,48.358021,0.000000,circle,预设轨迹15,forward
1775478878.035171,8.306612,1775478918.430785|完整运动,完整运动,circle_orbit,1,1.000000,1.500000,1.500000,,,,,,,,,,,,,,,,1.139353,0.031763,1.168362,0.042452,0.000000,0.000000,-0.289123,,0.048894,0.000000,,,,0.027878,0.126607,1.500000,8.208816,48.334491,0.000000,circle,预设轨迹15,forward
1775478878.058169,8.329610,1775478918.430785|完整运动,完整运动,circle_orbit,1,1.000000,1.500000,1.500000,,,,,,,,,,,,,,,,1.139800,0.033340,1.166621,0.045168,0.000000,0.000000,-0.287529,,0.050800,0.000000,,,,0.029251,0.126656,1.500000,8.232440,48.310867,0.000000,circle,预设轨迹15,forward
1775478878.078556,8.349997,1775478918.430785|完整运动,完整运动,circle_orbit,1,1.000000,1.500000,1.500000,,,,,,,,,,,,,,,,1.140208,0.035041,1.164712,0.047800,0.000000,0.000000,-0.285719,,0.052922,0.000000,,,,0.030732,0.126702,1.500000,8.255749,48.287557,0.000000,circle,预设轨迹15,forward
1775478878.107030,8.378471,1775478918.430785|完整运动,完整运动,circle_orbit,1,1.000000,1.500000,1.500000,,,,,,,,,,,,,,,,1.140583,0.036826,1.163062,0.050215,0.000000,0.000000,-0.283744,,0.054941,0.000000,,,,0.032287,0.126743,1.500000,8.279030,48.264276,0.000000,circle,预设轨迹15,forward
1775478878.133162,8.404604,1775478918.430785|完整运动,完整运动,circle_orbit,1,1.000000,1.500000,1.500000,,,,,,,,,,,,,,,,1.140912,0.038572,1.160694,0.051661,0.000000,0.000000,-0.281778,,0.057460,0.000000,,,,0.033808,0.126780,1.500000,8.302325,48.240982,0.000000,circle,预设轨迹15,forward
1775478878.153682,8.425123,1775478918.430785|完整运动,完整运动,circle_orbit,1,1.000000,1.500000,1.500000,,,,,,,,,,,,,,,,1.141172,0.041629,1.156754,0.064559,0.000000,0.000000,-0.277911,,0.061930,0.000000,,,,0.036479,0.126809,1.500000,8.349299,48.194008,0.000000,circle,预设轨迹15,forward
1775478878.181533,8.452974,1775478918.430785|完整运动,完整运动,circle_orbit,1,1.000000,1.500000,1.500000,,,,,,,,,,,,,,,,1.141397,0.043246,1.154867,0.055369,0.000000,0.000000,-0.275976,,0.064115,0.000000,,,,0.037888,0.126834,1.500000,8.372799,48.170508,0.000000,circle,预设轨迹15,forward
1775478878.208145,8.479586,1775478918.430785|完整运动,完整运动,circle_orbit,1,1.000000,1.500000,1.500000,,,,,,,,,,,,,,,,1.141553,0.046109,1.150956,0.067587,0.000000,0.000000,-0.272243,,0.068532,0.000000,,,,0.040392,0.126851,1.500000,8.420064,48.123243,0.000000,circle,预设轨迹15,forward
1775478878.229051,8.500492,1775478918.430785|完整运动,完整运动,circle_orbit,1,1.000000,1.500000,1.500000,,,,,,,,,,,,,,,,1.141679,0.047711,1.149214,0.059726,0.000000,0.000000,-0.270203,,0.070674,0.000000,,,,0.041790,0.126865,1.500000,8.444020,48.099286,0.000000,circle,预设轨迹15,forward
1775478878.255253,8.526694,1775478918.430785|完整运动,完整运动,circle_orbit,1,1.000000,1.500000,1.500000,,,,,,,,,,,,,,,,1.141802,0.047851,1.149214,0.048896,0.000000,0.000000,-0.270203,,0.070674,0.000000,,,,0.041908,0.126879,1.500000,8.444020,48.099286,0.000000,circle,预设轨迹15,forward
1775478878.287499,8.558940,1775478918.430785|完整运动,完整运动,circle_orbit,1,1.000000,1.500000,1.500000,,,,,,,,,,,,,,,,1.141862,0.051074,1.145436,0.075251,0.000000,0.000000,-0.265880,,0.075286,0.000000,,,,0.044729,0.126886,1.500000,8.491957,48.051350,0.000000,circle,预设轨迹15,forward
1775478878.307809,8.579250,1775478918.430785|完整运动,完整运动,circle_orbit,1,1.000000,1.500000,1.500000,,,,,,,,,,,,,,,,1.141871,0.054032,1.142402,0.076219,0.000000,0.000000,-0.261820,,0.079264,0.000000,,,,0.047319,0.126887,1.500000,8.539504,48.003803,0.000000,circle,预设轨迹15,forward
1775478878.334646,8.606087,1775478918.430785|完整运动,完整运动,circle_orbit,1,1.000000,1.500000,1.500000,,,,,,,,,,,,,,,,1.141847,0.055422,1.140389,0.065846,0.000000,0.000000,-0.259887,,0.081572,0.000000,,,,0.048537,0.126884,1.500000,8.563413,47.979894,0.000000,circle,预设轨迹15,forward
1775478878.359508,8.630949,1775478918.430785|完整运动,完整运动,circle_orbit,1,1.000000,1.500000,1.500000,,,,,,,,,,,,,,,,1.141791,0.056835,1.138484,0.067428,0.000000,0.000000,-0.257908,,0.083826,0.000000,,,,0.049777,0.126878,1.500000,8.587500,47.955806,0.000000,circle,预设轨迹15,forward
1775478878.379941,8.651383,1775478918.430785|完整运动,完整运动,circle_orbit,1,1.000000,1.500000,1.500000,,,,,,,,,,,,,,,,1.141706,0.058289,1.136570,0.069199,0.000000,0.000000,-0.255854,,0.086127,0.000000,,,,0.051054,0.126868,1.500000,8.611803,47.931504,0.000000,circle,预设轨迹15,forward
1775478878.408490,8.679931,1775478918.430785|完整运动,完整运动,circle_orbit,1,1.000000,1.500000,1.500000,,,,,,,,,,,,,,,,1.141577,0.061299,1.133863,0.083870,0.000000,0.000000,-0.251577,,0.089997,0.000000,,,,0.053696,0.126854,1.500000,8.660036,47.883271,0.000000,circle,预设轨迹15,forward
1775478878.435218,8.706659,1775478918.430785|完整运动,完整运动,circle_orbit,1,1.000000,1.500000,1.500000,,,,,,,,,,,,,,,,1.141451,0.061219,1.133863,0.060620,0.000000,0.000000,-0.251577,,0.089997,0.000000,,,,0.053633,0.126840,1.500000,8.660036,47.883271,0.000000,circle,预设轨迹15,forward
1775478878.455504,8.726945,1775478918.430785|完整运动,完整运动,circle_orbit,1,1.000000,1.500000,1.500000,,,,,,,,,,,,,,,,1.141273,0.064340,1.130619,0.087749,0.000000,0.000000,-0.247105,,0.094357,0.000000,,,,0.056376,0.126820,1.500000,8.707980,47.835327,0.000000,circle,预设轨迹15,forward
1775478878.481987,8.753429,1775478918.430785|完整运动,完整运动,circle_orbit,1,1.000000,1.500000,1.500000,,,,,,,,,,,,,,,,1.141096,0.066112,1.130471,0.079400,0.000000,0.000000,-0.244434,,0.095653,0.000000,,,,0.057937,0.126800,1.500000,8.731858,47.811448,0.000000,circle,预设轨迹15,forward
1775478878.518319,8.789761,1775478918.430785|完整运动,完整运动,circle_orbit,1,1.000000,1.500000,1.500000,,,,,,,,,,,,,,,,1.140919,0.068040,1.130299,0.082501,0.000000,0.000000,-0.241504,,0.097082,0.000000,,,,0.059636,0.126781,1.500000,8.755697,47.787610,0.000000,circle,预设轨迹15,forward
1775478878.540161,8.811602,1775478918.430785|完整运动,完整运动,circle_orbit,1,1.000000,1.500000,1.500000,,,,,,,,,,,,,,,,1.140729,0.072306,1.129305,0.104303,0.000000,0.000000,-0.235215,,0.100607,0.000000,,,,0.063386,0.126760,1.500000,8.802689,47.740618,0.000000,circle,预设轨迹15,forward
1775478878.561424,8.832866,1775478918.430785|完整运动,完整运动,circle_orbit,1,1.000000,1.500000,1.500000,,,,,,,,,,,,,,,,1.140530,0.074242,1.128636,0.088759,0.000000,0.000000,-0.232068,,0.102498,0.000000,,,,0.065094,0.126738,1.500000,8.826089,47.717218,0.000000,circle,预设轨迹15,forward
1775478878.584825,8.856266,1775478918.430785|完整运动,完整运动,circle_orbit,1,1.000000,1.500000,1.500000,,,,,,,,,,,,,,,,1.140320,0.076091,1.127687,0.089963,0.000000,0.000000,-0.229009,,0.104556,0.000000,,,,0.066728,0.126714,1.500000,8.849701,47.693605,0.000000,circle,预设轨迹15,forward
1775478878.605095,8.876537,1775478918.430785|完整运动,完整运动,circle_orbit,1,1.000000,1.500000,1.500000,,,,,,,,,,,,,,,,1.140097,0.079913,1.126752,0.108576,0.000000,0.000000,-0.223123,,0.107862,0.000000,,,,0.070093,0.126690,1.500000,8.896990,47.646316,0.000000,circle,预设轨迹15,forward
1775478878.631917,8.903358,1775478918.430785|完整运动,完整运动,circle_orbit,1,1.000000,1.500000,1.500000,,,,,,,,,,,,,,,,1.139879,0.079490,1.126752,0.076316,0.000000,0.000000,-0.223123,,0.107862,0.000000,,,,0.069735,0.126665,1.500000,8.896990,47.646316,0.000000,circle,预设轨迹15,forward
1775478878.658954,8.930396,1775478918.430785|完整运动,完整运动,circle_orbit,1,1.000000,1.500000,1.500000,,,,,,,,,,,,,,,,1.139658,0.081171,1.126433,0.093777,0.000000,0.000000,-0.220229,,0.109384,0.000000,,,,0.071224,0.126641,1.500000,8.920678,47.622629,0.000000,circle,预设轨迹15,forward
1775478878.679527,8.950968,1775478918.430785|完整运动,完整运动,circle_orbit,1,1.000000,1.500000,1.500000,,,,,,,,,,,,,,,,1.139430,0.085017,1.125734,0.113862,0.000000,0.000000,-0.214241,,0.112563,0.000000,,,,0.074613,0.126615,1.500000,8.968368,47.574938,0.000000,circle,预设轨迹15,forward
1775478878.707058,8.978499,1775478918.430785|完整运动,完整运动,circle_orbit,1,1.000000,1.500000,1.500000,,,,,,,,,,,,,,,,1.139204,0.086780,1.125658,0.100006,0.000000,0.000000,-0.211069,,0.114029,0.000000,,,,0.076176,0.126590,1.500000,8.992285,47.551021,0.000000,circle,预设轨迹15,forward
1775478878.747769,9.019210,1775478918.430785|完整运动,完整运动,circle_orbit,1,1.000000,1.500000,1.500000,,,,,,,,,,,,,,,,1.138973,0.088485,1.125076,0.101270,0.000000,0.000000,-0.207957,,0.115842,0.000000,,,,0.077688,0.126565,1.500000,9.016045,47.527261,0.000000,circle,预设轨迹15,forward
1775478878.768428,9.039870,1775478918.430785|完整运动,完整运动,circle_orbit,1,1.000000,1.500000,1.500000,,,,,,,,,,,,,,,,1.138741,0.094566,1.124812,0.140171,0.000000,0.000000,-0.198619,,0.120189,0.000000,,,,0.083044,0.126539,1.500000,9.086948,47.456358,0.000000,circle,预设轨迹15,forward
1775478878.790615,9.062056,1775478918.430785|完整运动,完整运动,circle_orbit,1,1.000000,1.500000,1.500000,,,,,,,,,,,,,,,,1.138512,0.095225,1.124812,0.100171,0.000000,0.000000,-0.198619,,0.120189,0.000000,,,,0.083640,0.126513,1.500000,9.086948,47.456358,0.000000,circle,预设轨迹15,forward
1775478878.813278,9.084719,1775478918.430785|完整运动,完整运动,circle_orbit,1,1.000000,1.500000,1.500000,,,,,,,,,,,,,,,,1.138277,0.099014,1.124193,0.127435,0.000000,0.000000,-0.192175,,0.123512,0.000000,,,,0.086986,0.126487,1.500000,9.134848,47.408459,0.000000,circle,预设轨迹15,forward
1775478878.833682,9.105123,1775478918.430785|完整运动,完整运动,circle_orbit,1,1.000000,1.500000,1.500000,,,,,,,,,,,,,,,,1.138053,0.100522,1.124610,0.111828,0.000000,0.000000,-0.188859,,0.124677,0.000000,,,,0.088328,0.126462,1.500000,9.158678,47.384629,0.000000,circle,预设轨迹15,forward
1775478878.861915,9.133356,1775478918.430785|完整运动,完整运动,circle_orbit,1,1.000000,1.500000,1.500000,,,,,,,,,,,,,,,,1.137839,0.102028,1.124948,0.113327,0.000000,0.000000,-0.185558,,0.125894,0.000000,,,,0.089669,0.126438,1.500000,9.182442,47.360865,0.000000,circle,预设轨迹15,forward
1775478878.886314,9.157755,1775478918.430785|完整运动,完整运动,circle_orbit,1,1.000000,1.500000,1.500000,,,,,,,,,,,,,,,,1.137627,0.103522,1.124914,0.114725,0.000000,0.000000,-0.182285,,0.127374,0.000000,,,,0.090998,0.126415,1.500000,9.206053,47.337254,0.000000,circle,预设轨迹15,forward
1775478878.906761,9.178202,1775478918.430785|完整运动,完整运动,circle_orbit,1,1.000000,1.500000,1.500000,,,,,,,,,,,,,,,,1.137436,0.107530,1.126021,0.137590,0.000000,0.000000,-0.175451,,0.129592,0.000000,,,,0.094537,0.126394,1.500000,9.253708,47.289598,0.000000,circle,预设轨迹15,forward
1775478878.930913,9.202355,1775478918.430785|完整运动,完整运动,circle_orbit,1,1.000000,1.500000,1.500000,,,,,,,,,,,,,,,,1.137249,0.106633,1.126021,0.099902,0.000000,0.000000,-0.175451,,0.129592,0.000000,,,,0.093764,0.126373,1.500000,9.253708,47.289598,0.000000,circle,预设轨迹15,forward
1775478878.955742,9.227183,1775478918.430785|完整运动,完整运动,circle_orbit,1,1.000000,1.500000,1.500000,,,,,,,,,,,,,,,,1.137112,0.110547,1.128888,0.139902,0.000000,0.000000,-0.167911,,0.130829,0.000000,,,,0.097217,0.126358,1.500000,9.300788,47.242519,0.000000,circle,预设轨迹15,forward
1775478878.981229,9.252670,1775478918.430785|完整运动,完整运动,circle_orbit,1,1.000000,1.500000,1.500000,,,,,,,,,,,,,,,,1.136993,0.112434,1.129845,0.126588,0.000000,0.000000,-0.164029,,0.131851,0.000000,,,,0.098887,0.126345,1.500000,9.323986,47.219321,0.000000,circle,预设轨迹15,forward
1775478879.012436,9.283877,1775478918.430785|完整运动,完整运动,circle_orbit,1,1.000000,1.500000,1.500000,,,,,,,,,,,,,,,,1.136889,0.114245,1.130651,0.127826,0.000000,0.000000,-0.160234,,0.132946,0.000000,,,,0.100489,0.126333,1.500000,9.347114,47.196192,0.000000,circle,预设轨迹15,forward
1775478879.049396,9.320837,1775478918.430785|完整运动,完整运动,circle_orbit,1,1.000000,1.500000,1.500000,,,,,,,,,,,,,,,,1.136810,0.118428,1.132046,0.149806,0.000000,0.000000,-0.153053,,0.135116,0.000000,,,,0.104176,0.126324,1.500000,9.393351,47.149955,0.000000,circle,预设轨迹15,forward
1775478879.071733,9.343174,1775478918.430785|完整运动,完整运动,circle_orbit,1,1.000000,1.500000,1.500000,,,,,,,,,,,,,,,,1.136776,0.122487,1.134757,0.152927,0.000000,0.000000,-0.145903,,0.136316,0.000000,,,,0.107750,0.126320,1.500000,9.439663,47.103644,0.000000,circle,预设轨迹15,forward
1775478879.092694,9.364135,1775478918.430785|完整运动,完整运动,circle_orbit,1,1.000000,1.500000,1.500000,,,,,,,,,,,,,,,,1.136766,0.124028,1.136159,0.135586,0.000000,0.000000,-0.142194,,0.136945,0.000000,,,,0.109106,0.126319,1.500000,9.462927,47.080379,0.000000,circle,预设轨迹15,forward
1775478879.116707,9.388149,1775478918.430785|完整运动,完整运动,circle_orbit,1,1.000000,1.500000,1.500000,,,,,,,,,,,,,,,,1.136780,0.125615,1.137629,0.137518,0.000000,0.000000,-0.138426,,0.137554,0.000000,,,,0.110501,0.126321,1.500000,9.486205,47.057102,0.000000,circle,预设轨迹15,forward
1775478879.137039,9.408480,1775478918.430785|完整运动,完整运动,circle_orbit,1,1.000000,1.500000,1.500000,,,,,,,,,,,,,,,,1.136817,0.127184,1.139043,0.138951,0.000000,0.000000,-0.134684,,0.138194,0.000000,,,,0.111877,0.126325,1.500000,9.509496,47.033811,0.000000,circle,预设轨迹15,forward
1775478879.166214,9.437656,1775478918.430785|完整运动,完整运动,circle_orbit,1,1.000000,1.500000,1.500000,,,,,,,,,,,,,,,,1.136884,0.128712,1.140901,0.140167,0.000000,0.000000,-0.130999,,0.138492,0.000000,,,,0.113214,0.126332,1.500000,9.532691,47.010616,0.000000,circle,预设轨迹15,forward
1775478879.188196,9.459638,1775478918.430785|完整运动,完整运动,circle_orbit,1,1.000000,1.500000,1.500000,,,,,,,,,,,,,,,,1.136982,0.130249,1.142827,0.141783,0.000000,0.000000,-0.127297,,0.138752,0.000000,,,,0.114557,0.126343,1.500000,9.555887,46.987419,0.000000,circle,预设轨迹15,forward
1775478879.208492,9.479933,1775478918.430785|完整运动,完整运动,circle_orbit,1,1.000000,1.500000,1.500000,,,,,,,,,,,,,,,,1.137138,0.134485,1.146523,0.166256,0.000000,0.000000,-0.119761,,0.139458,0.000000,,,,0.118267,0.126361,1.500000,9.602238,46.941069,0.000000,circle,预设轨迹15,forward
1775478879.235765,9.507206,1775478918.430785|完整运动,完整运动,circle_orbit,1,1.000000,1.500000,1.500000,,,,,,,,,,,,,,,,1.137292,0.133517,1.146523,0.126256,0.000000,0.000000,-0.119761,,0.139458,0.000000,,,,0.117399,0.126378,1.500000,9.602238,46.941069,0.000000,circle,预设轨迹15,forward
1775478879.263638,9.535079,1775478918.430785|完整运动,完整运动,circle_orbit,1,1.000000,1.500000,1.500000,,,,,,,,,,,,,,,,1.137472,0.135122,1.148276,0.147154,0.000000,0.000000,-0.115925,,0.139914,0.000000,,,,0.118791,0.126398,1.500000,9.625434,46.917872,0.000000,circle,预设轨迹15,forward
1775478879.283938,9.555380,1775478918.430785|完整运动,完整运动,circle_orbit,1,1.000000,1.500000,1.500000,,,,,,,,,,,,,,,,1.137708,0.139365,1.151852,0.171195,0.000000,0.000000,-0.108332,,0.140755,0.000000,,,,0.122497,0.126424,1.500000,9.672345,46.870962,0.000000,circle,预设轨迹15,forward
1775478879.314625,9.586066,1775478918.430785|完整运动,完整运动,circle_orbit,1,1.000000,1.500000,1.500000,,,,,,,,,,,,,,,,1.137970,0.140671,1.153718,0.150462,0.000000,0.000000,-0.104761,,0.141026,0.000000,,,,0.123616,0.126453,1.500000,9.695790,46.847517,0.000000,circle,预设轨迹15,forward
1775478879.339781,9.611222,1775478918.430785|完整运动,完整运动,circle_orbit,1,1.000000,1.500000,1.500000,,,,,,,,,,,,,,,,1.138312,0.144422,1.158845,0.172559,0.000000,0.000000,-0.097725,,0.140558,0.000000,,,,0.126874,0.126491,1.500000,9.742560,46.800747,0.000000,circle,预设轨迹15,forward
1775478879.360131,9.631572,1775478918.430785|完整运动,完整运动,circle_orbit,1,1.000000,1.500000,1.500000,,,,,,,,,,,,,,,,1.138691,0.145655,1.161400,0.154897,0.000000,0.000000,-0.094146,,0.140369,0.000000,,,,0.127914,0.126533,1.500000,9.765929,46.777378,0.000000,circle,预设轨迹15,forward
1775478879.385672,9.657113,1775478918.430785|完整运动,完整运动,circle_orbit,1,1.000000,1.500000,1.500000,,,,,,,,,,,,,,,,1.139120,0.147038,1.164889,0.157410,0.000000,0.000000,-0.090369,,0.139630,0.000000,,,,0.129080,0.126581,1.500000,9.788982,46.754325,0.000000,circle,预设轨迹15,forward
1775478879.424166,9.695607,1775478918.430785|完整运动,完整运动,circle_orbit,1,1.000000,1.500000,1.500000,,,,,,,,,,,,,,,,1.139643,0.151183,1.171030,0.182272,0.000000,0.000000,-0.082672,,0.138830,0.000000,,,,0.132658,0.126639,1.500000,9.834783,46.708524,0.000000,circle,预设轨迹15,forward
1775478879.445415,9.716856,1775478918.430785|完整运动,完整运动,circle_orbit,1,1.000000,1.500000,1.500000,,,,,,,,,,,,,,,,1.140217,0.152546,1.174614,0.162767,0.000000,0.000000,-0.078784,,0.138116,0.000000,,,,0.133787,0.126703,1.500000,9.857503,46.685803,0.000000,circle,预设轨迹15,forward
1775478879.466415,9.737856,1775478918.430785|完整运动,完整运动,circle_orbit,1,1.000000,1.500000,1.500000,,,,,,,,,,,,,,,,1.140897,0.156674,1.181698,0.187632,0.000000,0.000000,-0.070978,,0.136801,0.000000,,,,0.137325,0.126778,1.500000,9.903092,46.640215,0.000000,circle,预设轨迹15,forward
1775478879.488875,9.760316,1775478918.430785|完整运动,完整运动,circle_orbit,1,1.000000,1.500000,1.500000,,,,,,,,,,,,,,,,1.141625,0.157942,1.185329,0.167454,0.000000,0.000000,-0.067094,,0.136097,0.000000,,,,0.138348,0.126859,1.500000,9.925906,46.617400,0.000000,circle,预设轨迹15,forward
1775478879.509179,9.780620,1775478918.430785|完整运动,完整运动,circle_orbit,1,1.000000,1.500000,1.500000,,,,,,,,,,,,,,,,1.142404,0.159239,1.189152,0.168964,0.000000,0.000000,-0.063191,,0.135290,0.000000,,,,0.139389,0.126946,1.500000,9.948806,46.594501,0.000000,circle,预设轨迹15,forward
1775478879.534007,9.805448,1775478918.430785|完整运动,完整运动,circle_orbit,1,1.000000,1.500000,1.500000,,,,,,,,,,,,,,,,1.143171,0.157801,1.189152,0.147020,0.000000,0.000000,-0.063191,,0.135290,0.000000,,,,0.138038,0.127031,1.500000,9.948806,46.594501,0.000000,circle,预设轨迹15,forward
1775478879.563376,9.834817,1775478918.430785|完整运动,完整运动,circle_orbit,1,1.000000,1.500000,1.500000,,,,,,,,,,,,,,,,1.144042,0.161239,1.196308,0.187020,0.000000,0.000000,-0.055603,,0.133946,0.000000,,,,0.140938,0.127128,1.500000,9.994859,46.548447,0.000000,circle,预设轨迹15,forward
1775478879.587841,9.859282,1775478918.430785|完整运动,完整运动,circle_orbit,1,1.000000,1.500000,1.500000,,,,,,,,,,,,,,,,1.144958,0.162399,1.199953,0.171102,0.000000,0.000000,-0.052024,,0.133157,0.000000,,,,0.141838,0.127230,1.500000,10.017862,46.525445,0.000000,circle,预设轨迹15,forward
1775478879.618530,9.889971,1775478918.430785|完整运动,完整运动,circle_orbit,1,1.000000,1.500000,1.500000,,,,,,,,,,,,,,,,1.145988,0.166006,1.207761,0.193055,0.000000,0.000000,-0.044974,,0.131239,0.000000,,,,0.144858,0.127344,1.500000,10.063839,46.479468,0.000000,circle,预设轨迹15,forward
1775478879.658812,9.930253,1775478918.430785|完整运动,完整运动,circle_orbit,1,1.000000,1.500000,1.500000,,,,,,,,,,,,,,,,1.147069,0.167159,1.211932,0.175813,0.000000,0.000000,-0.041286,,0.130207,0.000000,,,,0.145727,0.127464,1.500000,10.087003,46.456304,0.000000,circle,预设轨迹15,forward
1775478879.679214,9.950655,1775478918.430785|完整运动,完整运动,circle_orbit,1,1.000000,1.500000,1.500000,,,,,,,,,,,,,,,,1.148265,0.171050,1.220044,0.200227,0.000000,0.000000,-0.033721,,0.128426,0.000000,,,,0.148964,0.127597,1.500000,10.133455,46.409852,0.000000,circle,预设轨迹15,forward
1775478879.709298,9.980739,1775478918.430785|完整运动,完整运动,circle_orbit,1,1.000000,1.500000,1.500000,,,,,,,,,,,,,,,,1.149507,0.172145,1.224006,0.180358,0.000000,0.000000,-0.029993,,0.127596,0.000000,,,,0.149755,0.127735,1.500000,10.156697,46.386610,0.000000,circle,预设轨迹15,forward
1775478879.735326,10.006767,1775478918.430785|完整运动,完整运动,circle_orbit,1,1.000000,1.500000,1.500000,,,,,,,,,,,,,,,,1.150792,0.173168,1.227886,0.180843,0.000000,0.000000,-0.026389,,0.126778,0.000000,,,,0.150477,0.127878,1.500000,10.179924,46.363383,0.000000,circle,预设轨迹15,forward
1775478879.755648,10.027089,1775478918.430785|完整运动,完整运动,circle_orbit,1,1.000000,1.500000,1.500000,,,,,,,,,,,,,,,,1.152205,0.176688,1.237023,0.203091,0.000000,0.000000,-0.019257,,0.124309,0.000000,,,,0.153348,0.128035,1.500000,10.226508,46.316798,0.000000,circle,预设轨迹15,forward
1775478879.783736,10.055178,1775478918.430785|完整运动,完整运动,circle_orbit,1,1.000000,1.500000,1.500000,,,,,,,,,,,,,,,,1.153679,0.177569,1.242089,0.184170,0.000000,0.000000,-0.015760,,0.122771,0.000000,,,,0.153915,0.128199,1.500000,10.249732,46.293575,0.000000,circle,预设轨迹15,forward
1775478879.812679,10.084120,1775478918.430785|完整运动,完整运动,circle_orbit,1,1.000000,1.500000,1.500000,,,,,,,,,,,,,,,,1.155210,0.178439,1.247050,0.184964,0.000000,0.000000,-0.012312,,0.121302,0.000000,,,,0.154464,0.128369,1.500000,10.272965,46.270342,0.000000,circle,预设轨迹15,forward
1775478879.833051,10.104492,1775478918.430785|完整运动,完整运动,circle_orbit,1,1.000000,1.500000,1.500000,,,,,,,,,,,,,,,,1.156883,0.181739,1.257268,0.206492,0.000000,0.000000,-0.005434,,0.118249,0.000000,,,,0.157094,0.128555,1.500000,10.319119,46.224187,0.000000,circle,预设轨迹15,forward
1775478879.857288,10.128729,1775478918.430785|完整运动,完整运动,circle_orbit,1,1.000000,1.500000,1.500000,,,,,,,,,,,,,,,,1.158528,0.180131,1.257268,0.168067,0.000000,0.000000,-0.005434,,0.118249,0.000000,,,,0.155482,0.128738,1.500000,10.319119,46.224187,0.000000,circle,预设轨迹15,forward
1775478879.884667,10.156108,1775478918.430785|完整运动,完整运动,circle_orbit,1,1.000000,1.500000,1.500000,,,,,,,,,,,,,,,,1.160299,0.183417,1.266533,0.208067,0.000000,0.000000,0.001555,,0.114519,0.000000,,,,0.158078,0.128934,1.500000,10.364851,46.178456,0.000000,circle,预设轨迹15,forward
1775478879.905014,10.176455,1775478918.430785|完整运动,完整运动,circle_orbit,1,1.000000,1.500000,1.500000,,,,,,,,,,,,,,,,1.162056,0.186801,1.267493,0.212182,0.000000,0.000000,0.008592,,0.110830,0.000000,,,,0.160751,0.129130,1.500000,10.410496,46.132811,0.000000,circle,预设轨迹15,forward
1775478879.931861,10.203303,1775478918.430785|完整运动,完整运动,circle_orbit,1,1.000000,1.500000,1.500000,,,,,,,,,,,,,,,,1.163785,0.185160,1.267493,0.172850,0.000000,0.000000,0.008592,,0.110830,0.000000,,,,0.159102,0.129322,1.500000,10.410496,46.132811,0.000000,circle,预设轨迹15,forward
1775478879.958794,10.230236,1775478918.430785|完整运动,完整运动,circle_orbit,1,1.000000,1.500000,1.500000,,,,,,,,,,,,,,,,1.165496,0.188418,1.268151,0.212850,0.000000,0.000000,0.015555,,0.107352,0.000000,,,,0.161663,0.129512,1.500000,10.456469,46.086837,0.000000,circle,预设轨迹15,forward
1775478879.979198,10.250639,1775478918.430785|完整运动,完整运动,circle_orbit,1,1.000000,1.500000,1.500000,,,,,,,,,,,,,,,,1.167178,0.189128,1.268122,0.194457,0.000000,0.000000,0.018832,,0.105912,0.000000,,,,0.162039,0.129699,1.500000,10.479623,46.063684,0.000000,circle,预设轨迹15,forward
1775478880.003743,10.275184,1775478918.430785|完整运动,完整运动,circle_orbit,1,1.000000,1.500000,1.500000,,,,,,,,,,,,,,,,1.168851,0.189788,1.269229,0.194741,0.000000,0.000000,0.022008,,0.103855,0.000000,,,,0.162372,0.129885,1.500000,10.502497,46.040810,0.000000,circle,预设轨迹15,forward
1775478880.031107,10.302549,1775478918.430785|完整运动,完整运动,circle_orbit,1,1.000000,1.500000,1.500000,,,,,,,,,,,,,,,,1.170509,0.190399,1.270019,0.194981,0.000000,0.000000,0.025081,,0.102030,0.000000,,,,0.162664,0.130069,1.500000,10.525495,46.017811,0.000000,circle,预设轨迹15,forward
1775478880.051508,10.322949,1775478918.430785|完整运动,完整运动,circle_orbit,1,1.000000,1.500000,1.500000,,,,,,,,,,,,,,,,1.172176,0.193339,1.272175,0.215390,0.000000,0.000000,0.031441,,0.097952,0.000000,,,,0.164941,0.130254,1.500000,10.571743,45.971564,0.000000,circle,预设轨迹15,forward
1775478880.074208,10.345649,1775478918.430785|完整运动,完整运动,circle_orbit,1,1.000000,1.500000,1.500000,,,,,,,,,,,,,,,,1.173831,0.194118,1.273098,0.199957,0.000000,0.000000,0.034827,,0.095913,0.000000,,,,0.165371,0.130438,1.500000,10.594927,45.948379,0.000000,circle,预设轨迹15,forward
1775478880.112643,10.384084,1775478918.430785|完整运动,完整运动,circle_orbit,1,1.000000,1.500000,1.500000,,,,,,,,,,,,,,,,1.175478,0.194895,1.274355,0.200722,0.000000,0.000000,0.038187,,0.093692,0.000000,,,,0.165800,0.130621,1.500000,10.618239,45.925068,0.000000,circle,预设轨迹15,forward
1775478880.134849,10.406290,1775478918.430785|完整运动,完整运动,circle_orbit,1,1.000000,1.500000,1.500000,,,,,,,,,,,,,,,,1.177128,0.197758,1.276076,0.219229,0.000000,0.000000,0.044496,,0.089896,0.000000,,,,0.168000,0.130804,1.500000,10.664960,45.878347,0.000000,circle,预设轨迹15,forward
1775478880.163764,10.435205,1775478918.430785|完整运动,完整运动,circle_orbit,1,1.000000,1.500000,1.500000,,,,,,,,,,,,,,,,1.178772,0.198304,1.277458,0.202405,0.000000,0.000000,0.047606,,0.087719,0.000000,,,,0.168230,0.130987,1.500000,10.688433,45.854873,0.000000,circle,预设轨迹15,forward
1775478880.192672,10.464113,1775478918.430785|完整运动,完整运动,circle_orbit,1,1.000000,1.500000,1.500000,,,,,,,,,,,,,,,,1.180416,0.198844,1.279029,0.202892,0.000000,0.000000,0.050671,,0.085455,0.000000,,,,0.168453,0.131170,1.500000,10.711825,45.831482,0.000000,circle,预设轨迹15,forward
1775478880.225464,10.496905,1775478918.430785|完整运动,完整运动,circle_orbit,1,1.000000,1.500000,1.500000,,,,,,,,,,,,,,,,1.182067,0.201268,1.281134,0.219450,0.000000,0.000000,0.056386,,0.081711,0.000000,,,,0.170268,0.131353,1.500000,10.758670,45.784637,0.000000,circle,预设轨迹15,forward
1775478880.261841,10.533282,1775478918.430785|完整运动,完整运动,circle_orbit,1,1.000000,1.500000,1.500000,,,,,,,,,,,,,,,,1.183719,0.201511,1.282818,0.203328,0.000000,0.000000,0.059071,,0.079557,0.000000,,,,0.170235,0.131537,1.500000,10.782085,45.761221,0.000000,circle,预设轨迹15,forward
1775478880.282771,10.554212,1775478918.430785|完整运动,完整运动,circle_orbit,1,1.000000,1.500000,1.500000,,,,,,,,,,,,,,,,1.185416,0.203352,1.287229,0.217161,0.000000,0.000000,0.063987,,0.074867,0.000000,,,,0.171545,0.131725,1.500000,10.828679,45.714628,0.000000,circle,预设轨迹15,forward
1775478880.314174,10.585615,1775478918.430785|完整运动,完整运动,circle_orbit,1,1.000000,1.500000,1.500000,,,,,,,,,,,,,,,,1.187128,0.203359,1.289848,0.203416,0.000000,0.000000,0.066338,,0.072343,0.000000,,,,0.171304,0.131916,1.500000,10.851925,45.691381,0.000000,circle,预设轨迹15,forward
1775478880.340703,10.612144,1775478918.430785|完整运动,完整运动,circle_orbit,1,1.000000,1.500000,1.500000,,,,,,,,,,,,,,,,1.188909,0.205241,1.295799,0.219353,0.000000,0.000000,0.071303,,0.066799,0.000000,,,,0.172630,0.132114,1.500000,10.898362,45.644945,0.000000,circle,预设轨迹15,forward
1775478880.377346,10.648787,1775478918.430785|完整运动,完整运动,circle_orbit,1,1.000000,1.500000,1.500000,,,,,,,,,,,,,,,,1.190698,0.205347,1.298007,0.206139,0.000000,0.000000,0.073789,,0.064463,0.000000,,,,0.172459,0.132312,1.500000,10.921462,45.621844,0.000000,circle,预设轨迹15,forward
1775478880.416639,10.688080,1775478918.430785|完整运动,完整运动,circle_orbit,1,1.000000,1.500000,1.500000,,,,,,,,,,,,,,,,1.192545,0.207080,1.303384,0.220078,0.000000,0.000000,0.078543,,0.059370,0.000000,,,,0.173645,0.132518,1.500000,10.967771,45.575535,0.000000,circle,预设轨迹15,forward
1775478880.446476,10.717917,1775478918.430785|完整运动,完整运动,circle_orbit,1,1.000000,1.500000,1.500000,,,,,,,,,,,,,,,,1.194467,0.208636,1.309774,0.220312,0.000000,0.000000,0.083097,,0.053837,0.000000,,,,0.174669,0.132731,1.500000,11.014152,45.529155,0.000000,circle,预设轨迹15,forward
1775478880.476788,10.748229,1775478918.430785|完整运动,完整运动,circle_orbit,1,1.000000,1.500000,1.500000,,,,,,,,,,,,,,,,1.196400,0.208556,1.312407,0.207949,0.000000,0.000000,0.085350,,0.051400,0.000000,,,,0.174319,0.132946,1.500000,11.037480,45.505827,0.000000,circle,预设轨迹15,forward
1775478880.497111,10.768552,1775478918.430785|完整运动,完整运动,circle_orbit,1,1.000000,1.500000,1.500000,,,,,,,,,,,,,,,,1.198393,0.210212,1.317985,0.222632,0.000000,0.000000,0.090018,,0.046301,0.000000,,,,0.175411,0.133167,1.500000,11.084403,45.458904,0.000000,circle,预设轨迹15,forward
1775478880.523822,10.795263,1775478918.430785|完整运动,完整运动,circle_orbit,1,1.000000,1.500000,1.500000,,,,,,,,,,,,,,,,1.200396,0.209997,1.320548,0.208388,0.000000,0.000000,0.092061,,0.044013,0.000000,,,,0.174940,0.133390,1.500000,11.107839,45.435467,0.000000,circle,预设轨迹15,forward
1775478880.547663,10.819105,1775478918.430785|完整运动,完整运动,circle_orbit,1,1.000000,1.500000,1.500000,,,,,,,,,,,,,,,,1.202422,0.209802,1.323971,0.208343,0.000000,0.000000,0.094066,,0.041286,0.000000,,,,0.174483,0.133615,1.500000,11.131481,45.411826,0.000000,circle,预设轨迹15,forward
1775478880.567966,10.839407,1775478918.430785|完整运动,完整运动,circle_orbit,1,1.000000,1.500000,1.500000,,,,,,,,,,,,,,,,1.204542,0.210957,1.331738,0.219612,0.000000,0.000000,0.097938,,0.035435,0.000000,,,,0.175134,0.133851,1.500000,11.178802,45.364504,0.000000,circle,预设轨迹15,forward
1775478880.597047,10.868489,1775478918.430785|完整运动,完整运动,circle_orbit,1,1.000000,1.500000,1.500000,,,,,,,,,,,,,,,,1.206685,0.210689,1.335271,0.208686,0.000000,0.000000,0.099804,,0.032743,0.000000,,,,0.174602,0.134089,1.500000,11.202605,45.340702,0.000000,circle,预设轨迹15,forward
1775478880.621900,10.893341,1775478918.430785|完整运动,完整运动,circle_orbit,1,1.000000,1.500000,1.500000,,,,,,,,,,,,,,,,1.208844,0.210451,1.338399,0.208662,0.000000,0.000000,0.101647,,0.030283,0.000000,,,,0.174093,0.134329,1.500000,11.226329,45.316978,0.000000,circle,预设轨迹15,forward
1775478880.642229,10.913670,1775478918.430785|完整运动,完整运动,circle_orbit,1,1.000000,1.500000,1.500000,,,,,,,,,,,,,,,,1.211025,0.210125,1.341882,0.207678,0.000000,0.000000,0.103307,,0.027727,0.000000,,,,0.173510,0.134571,1.500000,11.250155,45.293152,0.000000,circle,预设轨迹15,forward
1775478880.670322,10.941763,1775478918.430785|完整运动,完整运动,circle_orbit,1,1.000000,1.500000,1.500000,,,,,,,,,,,,,,,,1.213229,0.209837,1.345447,0.207680,0.000000,0.000000,0.104963,,0.025140,0.000000,,,,0.172958,0.134816,1.500000,11.273946,45.269360,0.000000,circle,预设轨迹15,forward
1775478880.696581,10.968022,1775478918.430785|完整运动,完整运动,circle_orbit,1,1.000000,1.500000,1.500000,,,,,,,,,,,,,,,,1.215459,0.209444,1.349303,0.206493,0.000000,0.000000,0.106414,,0.022504,0.000000,,,,0.172316,0.135064,1.500000,11.297712,45.245595,0.000000,circle,预设轨迹15,forward
1775478880.716933,10.988375,1775478918.430785|完整运动,完整运动,circle_orbit,1,1.000000,1.500000,1.500000,,,,,,,,,,,,,,,,1.217794,0.209938,1.357881,0.213650,0.000000,0.000000,0.109082,,0.016928,0.000000,,,,0.172392,0.135323,1.500000,11.345275,45.198032,0.000000,circle,预设轨迹15,forward
1775478880.738677,11.010118,1775478918.430785|完整运动,完整运动,circle_orbit,1,1.000000,1.500000,1.500000,,,,,,,,,,,,,,,,1.220163,0.209365,1.362316,0.205065,0.000000,0.000000,0.110226,,0.014173,0.000000,,,,0.171588,0.135587,1.500000,11.369122,45.174185,0.000000,circle,预设轨迹15,forward
1775478880.764624,11.036065,1775478918.430785|完整运动,完整运动,circle_orbit,1,1.000000,1.500000,1.500000,,,,,,,,,,,,,,,,1.222569,0.208724,1.366902,0.203915,0.000000,0.000000,0.111210,,0.011426,0.000000,,,,0.170726,0.135854,1.500000,11.392998,45.150309,0.000000,circle,预设轨迹15,forward
1775478880.792637,11.064079,1775478918.430785|完整运动,完整运动,circle_orbit,1,1.000000,1.500000,1.500000,,,,,,,,,,,,,,,,1.225027,0.208070,1.372518,0.203166,0.000000,0.000000,0.112113,,0.008218,0.000000,,,,0.169849,0.136127,1.500000,11.416728,45.126579,0.000000,circle,预设轨迹15,forward
1775478880.823201,11.094642,1775478918.430785|完整运动,完整运动,circle_orbit,1,1.000000,1.500000,1.500000,,,,,,,,,,,,,,,,1.227636,0.208126,1.384158,0.208549,0.000000,0.000000,0.113979,,0.001645,0.000000,,,,0.169534,0.136417,1.500000,11.464031,45.079275,0.000000,circle,预设轨迹15,forward
1775478880.851183,11.122624,1775478918.430785|完整运动,完整运动,circle_orbit,1,1.000000,1.500000,1.500000,,,,,,,,,,,,,,,,1.230184,0.207668,1.383089,0.204230,0.000000,0.000000,0.115095,,-0.001673,0.000000,,,,0.168810,0.136700,1.500000,11.487793,45.055513,0.000000,circle,预设轨迹15,forward
1775478880.871485,11.142927,1775478918.430785|完整运动,完整运动,circle_orbit,1,1.000000,1.500000,1.500000,,,,,,,,,,,,,,,,1.232467,0.207959,1.369432,0.210144,0.000000,0.000000,0.117241,,-0.007478,0.000000,,,,0.168734,0.136954,1.500000,11.535728,45.007579,0.000000,circle,预设轨迹15,forward
1775478880.899708,11.171149,1775478918.430785|完整运动,完整运动,circle_orbit,1,1.000000,1.500000,1.500000,,,,,,,,,,,,,,,,1.234712,0.206751,1.369432,0.197686,0.000000,0.000000,0.117241,,-0.007478,0.000000,,,,0.167448,0.137203,1.500000,11.535728,45.007579,0.000000,circle,预设轨迹15,forward
1775478880.940234,11.211675,1775478918.430785|完整运动,完整运动,circle_orbit,1,1.000000,1.500000,1.500000,,,,,,,,,,,,,,,,1.236701,0.206838,1.356053,0.207492,0.000000,0.000000,0.119011,,-0.013446,0.000000,,,,0.167250,0.137424,1.500000,11.583823,44.959484,0.000000,circle,预设轨迹15,forward
1775478880.961614,11.233055,1775478918.430785|完整运动,完整运动,circle_orbit,1,1.000000,1.500000,1.500000,,,,,,,,,,,,,,,,1.238431,0.206721,1.342231,0.205849,0.000000,0.000000,0.120497,,-0.019904,0.000000,,,,0.166922,0.137617,1.500000,11.631836,44.911470,0.000000,circle,预设轨迹15,forward
1775478880.982548,11.253989,1775478918.430785|完整运动,完整运动,circle_orbit,1,1.000000,1.500000,1.500000,,,,,,,,,,,,,,,,1.240029,0.206012,1.335857,0.200692,0.000000,0.000000,0.121122,,-0.022959,0.000000,,,,0.166135,0.137794,1.500000,11.656100,44.887207,0.000000,circle,预设轨迹15,forward
1775478881.010710,11.282151,1775478918.430785|完整运动,完整运动,circle_orbit,1,1.000000,1.500000,1.500000,,,,,,,,,,,,,,,,1.241506,0.205274,1.330156,0.199740,0.000000,0.000000,0.121657,,-0.025730,0.000000,,,,0.165343,0.137958,1.500000,11.680666,44.862641,0.000000,circle,预设轨迹15,forward
1775478881.031714,11.303155,1775478918.430785|完整运动,完整运动,circle_orbit,1,1.000000,1.500000,1.500000,,,,,,,,,,,,,,,,1.242801,0.204804,1.320512,0.201279,0.000000,0.000000,0.122531,,-0.030488,0.000000,,,,0.164792,0.138102,1.500000,11.729895,44.813412,0.000000,circle,预设轨迹15,forward
1775478881.052959,11.324401,1775478918.430785|完整运动,完整运动,circle_orbit,1,1.000000,1.500000,1.500000,,,,,,,,,,,,,,,,1.243990,0.203980,1.315330,0.197801,0.000000,0.000000,0.122871,,-0.033134,0.000000,,,,0.163973,0.138234,1.500000,11.754354,44.788952,0.000000,circle,预设轨迹15,forward
1775478881.086026,11.357467,1775478918.430785|完整运动,完整运动,circle_orbit,1,1.000000,1.500000,1.500000,,,,,,,,,,,,,,,,1.245160,0.202960,1.315330,0.195305,0.000000,0.000000,0.122871,,-0.033134,0.000000,,,,0.162999,0.138364,1.500000,11.754354,44.788952,0.000000,circle,预设轨迹15,forward
1775478881.107180,11.378622,1775478918.430785|完整运动,完整运动,circle_orbit,1,1.000000,1.500000,1.500000,,,,,,,,,,,,,,,,1.246061,0.202436,1.300125,0.198506,0.000000,0.000000,0.123541,,-0.041172,0.000000,,,,0.162461,0.138464,1.500000,11.828169,44.715138,0.000000,circle,预设轨迹15,forward
1775478881.128364,11.399806,1775478918.430785|完整运动,完整运动,circle_orbit,1,1.000000,1.500000,1.500000,,,,,,,,,,,,,,,,1.246947,0.201467,1.300125,0.194200,0.000000,0.000000,0.123541,,-0.041172,0.000000,,,,0.161568,0.138563,1.500000,11.828169,44.715138,0.000000,circle,预设轨迹15,forward
1775478881.151150,11.422591,1775478918.430785|完整运动,完整运动,circle_orbit,1,1.000000,1.500000,1.500000,,,,,,,,,,,,,,,,1.247737,0.200604,1.295112,0.194129,0.000000,0.000000,0.123642,,-0.043919,0.000000,,,,0.160774,0.138651,1.500000,11.853038,44.690268,0.000000,circle,预设轨迹15,forward
1775478881.171469,11.442910,1775478918.430785|完整运动,完整运动,circle_orbit,1,1.000000,1.500000,1.500000,,,,,,,,,,,,,,,,1.248357,0.199175,1.285562,0.188462,0.000000,0.000000,0.122910,,-0.049622,0.000000,,,,0.159550,0.138719,1.500000,11.902662,44.640645,0.000000,circle,预设轨迹15,forward
1775478881.197173,11.468615,1775478918.430785|完整运动,完整运动,circle_orbit,1,1.000000,1.500000,1.500000,,,,,,,,,,,,,,,,1.248967,0.198319,1.285562,0.191894,0.000000,0.000000,0.122910,,-0.049622,0.000000,,,,0.158786,0.138787,1.500000,11.902662,44.640645,0.000000,circle,预设轨迹15,forward
1775478881.224002,11.495443,1775478918.430785|完整运动,完整运动,circle_orbit,1,1.000000,1.500000,1.500000,,,,,,,,,,,,,,,,1.249391,0.196944,1.274864,0.186635,0.000000,0.000000,0.122154,,-0.056077,0.000000,,,,0.157632,0.138834,1.500000,11.951543,44.591764,0.000000,circle,预设轨迹15,forward
1775478881.244362,11.515803,1775478918.430785|完整运动,完整运动,circle_orbit,1,1.000000,1.500000,1.500000,,,,,,,,,,,,,,,,1.249732,0.196009,1.270179,0.188993,0.000000,0.000000,0.121961,,-0.058875,0.000000,,,,0.156841,0.138872,1.500000,11.976053,44.567253,0.000000,circle,预设轨迹15,forward
1775478881.269781,11.541222,1775478918.430785|完整运动,完整运动,circle_orbit,1,1.000000,1.500000,1.500000,,,,,,,,,,,,,,,,1.250004,0.194962,1.266342,0.187108,0.000000,0.000000,0.121573,,-0.061284,0.000000,,,,0.155969,0.138903,1.500000,12.000785,44.542522,0.000000,circle,预设轨迹15,forward
1775478881.304741,11.576182,1775478918.430785|完整运动,完整运动,circle_orbit,1,1.000000,1.500000,1.500000,,,,,,,,,,,,,,,,1.250179,0.193987,1.260673,0.186677,0.000000,0.000000,0.121253,,-0.064755,0.000000,,,,0.155167,0.138922,1.500000,12.025234,44.518073,0.000000,circle,预设轨迹15,forward
1775478881.326056,11.597498,1775478918.430785|完整运动,完整运动,circle_orbit,1,1.000000,1.500000,1.500000,,,,,,,,,,,,,,,,1.250181,0.192715,1.250300,0.183179,0.000000,0.000000,0.120492,,-0.071263,0.000000,,,,0.154150,0.138922,1.500000,12.074446,44.468860,0.000000,circle,预设轨迹15,forward
1775478881.347073,11.618514,1775478918.430785|完整运动,完整运动,circle_orbit,1,1.000000,1.500000,1.500000,,,,,,,,,,,,,,,,1.250024,0.191285,1.240586,0.180556,0.000000,0.000000,0.119473,,-0.077587,0.000000,,,,0.153025,0.138905,1.500000,12.123378,44.419929,0.000000,circle,预设轨迹15,forward
1775478881.368206,11.639647,1775478918.430785|完整运动,完整运动,circle_orbit,1,1.000000,1.500000,1.500000,,,,,,,,,,,,,,,,1.249869,0.190617,1.240586,0.185610,0.000000,0.000000,0.119473,,-0.077587,0.000000,,,,0.152510,0.138888,1.500000,12.123378,44.419929,0.000000,circle,预设轨迹15,forward
1775478881.388617,11.660058,1775478918.430785|完整运动,完整运动,circle_orbit,1,1.000000,1.500000,1.500000,,,,,,,,,,,,,,,,1.249614,0.188752,1.234288,0.174760,0.000000,0.000000,0.117769,,-0.082201,0.000000,,,,0.151048,0.138859,1.500000,12.172517,44.370790,0.000000,circle,预设轨迹15,forward
1775478881.417273,11.688714,1775478918.430785|完整运动,完整运动,circle_orbit,1,1.000000,1.500000,1.500000,,,,,,,,,,,,,,,,1.249362,0.188146,1.234288,0.183606,0.000000,0.000000,0.117769,,-0.082201,0.000000,,,,0.150594,0.138831,1.500000,12.172517,44.370790,0.000000,circle,预设轨迹15,forward
1775478881.444707,11.716149,1775478918.430785|完整运动,完整运动,circle_orbit,1,1.000000,1.500000,1.500000,,,,,,,,,,,,,,,,1.249009,0.186115,1.227806,0.170877,0.000000,0.000000,0.115748,,-0.087109,0.000000,,,,0.149010,0.138792,1.500000,12.221801,44.321505,0.000000,circle,预设轨迹15,forward
1775478881.465289,11.736730,1775478918.430785|完整运动,完整运动,circle_orbit,1,1.000000,1.500000,1.500000,,,,,,,,,,,,,,,,1.248600,0.184890,1.224059,0.175706,0.000000,0.000000,0.114793,,-0.089871,0.000000,,,,0.148078,0.138746,1.500000,12.246353,44.296953,0.000000,circle,预设轨迹15,forward
1775478881.490471,11.761912,1775478918.430785|完整运动,完整运动,circle_orbit,1,1.000000,1.500000,1.500000,,,,,,,,,,,,,,,,1.248137,0.183759,1.220326,0.175273,0.000000,0.000000,0.113938,,-0.092593,0.000000,,,,0.147227,0.138695,1.500000,12.271060,44.272247,0.000000,circle,预设轨迹15,forward
1775478881.517124,11.788566,1775478918.430785|完整运动,完整运动,circle_orbit,1,1.000000,1.500000,1.500000,,,,,,,,,,,,,,,,1.247598,0.181639,1.215309,0.165741,0.000000,0.000000,0.111658,,-0.096778,0.000000,,,,0.145591,0.138635,1.500000,12.320390,44.222917,0.000000,circle,预设轨迹15,forward
1775478881.537524,11.808966,1775478918.430785|完整运动,完整运动,circle_orbit,1,1.000000,1.500000,1.500000,,,,,,,,,,,,,,,,1.247029,0.180120,1.212843,0.168726,0.000000,0.000000,0.110150,,-0.099017,0.000000,,,,0.144439,0.138572,1.500000,12.344987,44.198319,0.000000,circle,预设轨迹15,forward
1775478881.563054,11.834496,1775478918.430785|完整运动,完整运动,circle_orbit,1,1.000000,1.500000,1.500000,,,,,,,,,,,,,,,,1.246432,0.178532,1.210620,0.166622,0.000000,0.000000,0.108499,,-0.101170,0.000000,,,,0.143234,0.138506,1.500000,12.369501,44.173805,0.000000,circle,预设轨迹15,forward
1775478881.592276,11.863717,1775478918.430785|完整运动,完整运动,circle_orbit,1,1.000000,1.500000,1.500000,,,,,,,,,,,,,,,,1.245793,0.177020,1.207442,0.165683,0.000000,0.000000,0.106911,,-0.103914,0.000000,,,,0.142094,0.138435,1.500000,12.394054,44.149252,0.000000,circle,预设轨迹15,forward
1775478881.612604,11.884045,1775478918.430785|完整运动,完整运动,circle_orbit,1,1.000000,1.500000,1.500000,,,,,,,,,,,,,,,,1.245075,0.174464,1.202022,0.155295,0.000000,0.000000,0.103810,,-0.108794,0.000000,,,,0.140124,0.138355,1.500000,12.443518,44.099789,0.000000,circle,预设轨迹15,forward
1775478881.637870,11.909311,1775478918.430785|完整运动,完整运动,circle_orbit,1,1.000000,1.500000,1.500000,,,,,,,,,,,,,,,,1.244369,0.174166,1.202022,0.171925,0.000000,0.000000,0.103810,,-0.108794,0.000000,,,,0.139963,0.138276,1.500000,12.443518,44.099789,0.000000,circle,预设轨迹15,forward
1775478881.659648,11.931089,1775478918.430785|完整运动,完整运动,circle_orbit,1,1.000000,1.500000,1.500000,,,,,,,,,,,,,,,,1.243581,0.171188,1.196282,0.148855,0.000000,0.000000,0.100046,,-0.114209,0.000000,,,,0.137657,0.138189,1.500000,12.492663,44.050643,0.000000,circle,预设轨迹15,forward
1775478881.681644,11.953085,1775478918.430785|完整运动,完整运动,circle_orbit,1,1.000000,1.500000,1.500000,,,,,,,,,,,,,,,,1.242755,0.169665,1.193170,0.158243,0.000000,0.000000,0.098235,,-0.117058,0.000000,,,,0.136523,0.138097,1.500000,12.517121,44.026186,0.000000,circle,预设轨迹15,forward
1775478881.719471,11.990912,1775478918.430785|完整运动,完整运动,circle_orbit,1,1.000000,1.500000,1.500000,,,,,,,,,,,,,,,,1.241816,0.166993,1.185484,0.146949,0.000000,0.000000,0.094776,,-0.123689,0.000000,,,,0.134475,0.137993,1.500000,12.565709,43.977597,0.000000,circle,预设轨迹15,forward
1775478881.744174,12.015615,1775478918.430785|完整运动,完整运动,circle_orbit,1,1.000000,1.500000,1.500000,,,,,,,,,,,,,,,,1.240862,0.165455,1.183618,0.153924,0.000000,0.000000,0.092835,,-0.125799,0.000000,,,,0.133339,0.137887,1.500000,12.590002,43.953305,0.000000,circle,预设轨迹15,forward
1775478881.768754,12.040195,1775478918.430785|完整运动,完整运动,circle_orbit,1,1.000000,1.500000,1.500000,,,,,,,,,,,,,,,,1.239892,0.163815,1.181708,0.151513,0.000000,0.000000,0.090719,,-0.128020,0.000000,,,,0.132120,0.137779,1.500000,12.614381,43.928925,0.000000,circle,预设轨迹15,forward
1775478881.813838,12.085279,1775478918.430785|完整运动,完整运动,circle_orbit,1,1.000000,1.500000,1.500000,,,,,,,,,,,,,,,,1.238876,0.160606,1.177925,0.136541,0.000000,0.000000,0.086351,,-0.132509,0.000000,,,,0.129639,0.137666,1.500000,12.663126,43.880181,0.000000,circle,预设轨迹15,forward
1775478881.839153,12.110595,1775478918.430785|完整运动,完整运动,circle_orbit,1,1.000000,1.500000,1.500000,,,,,,,,,,,,,,,,1.237853,0.158980,1.176496,0.146780,0.000000,0.000000,0.084111,,-0.134472,0.000000,,,,0.128432,0.137552,1.500000,12.687508,43.855798,0.000000,circle,预设轨迹15,forward
1775478881.859520,12.130961,1775478918.430785|完整运动,完整运动,circle_orbit,1,1.000000,1.500000,1.500000,,,,,,,,,,,,,,,,1.236804,0.155679,1.173816,0.130922,0.000000,0.000000,0.079473,,-0.138352,0.000000,,,,0.125872,0.137436,1.500000,12.736263,43.807044,0.000000,circle,预设轨迹15,forward
1775478881.890380,12.161821,1775478918.430785|完整运动,完整运动,circle_orbit,1,1.000000,1.500000,1.500000,,,,,,,,,,,,,,,,1.235754,0.153967,1.172761,0.141128,0.000000,0.000000,0.076974,,-0.140182,0.000000,,,,0.124593,0.137319,1.500000,12.760762,43.782544,0.000000,circle,预设轨迹15,forward
1775478881.913865,12.185307,1775478918.430785|完整运动,完整运动,circle_orbit,1,1.000000,1.500000,1.500000,,,,,,,,,,,,,,,,1.234701,0.150196,1.171535,0.121918,0.000000,0.000000,0.071528,,-0.143439,0.000000,,,,0.121646,0.137202,1.500000,12.810087,43.733219,0.000000,circle,预设轨迹15,forward
1775478881.934211,12.205652,1775478918.430785|完整运动,完整运动,circle_orbit,1,1.000000,1.500000,1.500000,,,,,,,,,,,,,,,,1.233654,0.148396,1.170839,0.134893,0.000000,0.000000,0.068743,,-0.145153,0.000000,,,,0.120290,0.137086,1.500000,12.834644,43.708662,0.000000,circle,预设轨迹15,forward
1775478881.955947,12.227388,1775478918.430785|完整运动,完整运动,circle_orbit,1,1.000000,1.500000,1.500000,,,,,,,,,,,,,,,,1.232609,0.146641,1.169894,0.133483,0.000000,0.000000,0.065997,,-0.147020,0.000000,,,,0.118968,0.136970,1.500000,12.859155,43.684151,0.000000,circle,预设轨迹15,forward
1775478881.981297,12.252738,1775478918.430785|完整运动,完整运动,circle_orbit,1,1.000000,1.500000,1.500000,,,,,,,,,,,,,,,,1.231568,0.144994,1.169142,0.132640,0.000000,0.000000,0.063378,,-0.148699,0.000000,,,,0.117731,0.136854,1.500000,12.883558,43.659748,0.000000,circle,预设轨迹15,forward
1775478882.006647,12.278088,1775478918.430785|完整运动,完整运动,circle_orbit,1,1.000000,1.500000,1.500000,,,,,,,,,,,,,,,,1.230552,0.140998,1.169581,0.111027,0.000000,0.000000,0.057406,,-0.151053,0.000000,,,,0.114581,0.136741,1.500000,12.932970,43.610337,0.000000,circle,预设轨迹15,forward
1775478882.031385,12.302826,1775478918.430785|完整运动,完整运动,circle_orbit,1,1.000000,1.500000,1.500000,,,,,,,,,,,,,,,,1.229538,0.139189,1.168668,0.125624,0.000000,0.000000,0.054397,,-0.153017,0.000000,,,,0.113205,0.136628,1.500000,12.957678,43.585629,0.000000,circle,预设轨迹15,forward
1775478882.064195,12.335637,1775478918.430785|完整运动,完整运动,circle_orbit,1,1.000000,1.500000,1.500000,,,,,,,,,,,,,,,,1.228522,0.137355,1.167602,0.123599,0.000000,0.000000,0.051332,,-0.155112,0.000000,,,,0.111805,0.136515,1.500000,12.982298,43.561009,0.000000,circle,预设轨迹15,forward
1775478882.084673,12.356114,1775478918.430785|完整运动,完整运动,circle_orbit,1,1.000000,1.500000,1.500000,,,,,,,,,,,,,,,,1.227473,0.133741,1.164493,0.106636,0.000000,0.000000,0.045726,,-0.159747,0.000000,,,,0.108957,0.136399,1.500000,13.030869,43.512437,0.000000,circle,预设轨迹15,forward
1775478882.116259,12.387700,1775478918.430785|完整运动,完整运动,circle_orbit,1,1.000000,1.500000,1.500000,,,,,,,,,,,,,,,,1.226440,0.134162,1.164493,0.137320,0.000000,0.000000,0.045726,,-0.159747,0.000000,,,,0.109392,0.136284,1.500000,13.030869,43.512437,0.000000,circle,预设轨迹15,forward
1775478882.143997,12.415439,1775478918.430785|完整运动,完整运动,circle_orbit,1,1.000000,1.500000,1.500000,,,,,,,,,,,,,,,,1.225420,0.130571,1.164213,0.103637,0.000000,0.000000,0.040131,,-0.162427,0.000000,,,,0.106552,0.136171,1.500000,13.079046,43.464260,0.000000,circle,预设轨迹15,forward
1775478882.164362,12.435803,1775478918.430785|完整运动,完整运动,circle_orbit,1,1.000000,1.500000,1.500000,,,,,,,,,,,,,,,,1.224403,0.128994,1.163349,0.117166,0.000000,0.000000,0.037278,,-0.164294,0.000000,,,,0.105353,0.136058,1.500000,13.103040,43.440267,0.000000,circle,预设轨迹15,forward
1775478882.189353,12.460794,1775478918.430785|完整运动,完整运动,circle_orbit,1,1.000000,1.500000,1.500000,,,,,,,,,,,,,,,,1.223429,0.124882,1.165008,0.094045,0.000000,0.000000,0.030816,,-0.166018,0.000000,,,,0.102076,0.135949,1.500000,13.151583,43.391724,0.000000,circle,预设轨迹15,forward
1775478882.217365,12.488806,1775478918.430785|完整运动,完整运动,circle_orbit,1,1.000000,1.500000,1.500000,,,,,,,,,,,,,,,,1.222471,0.125426,1.165008,0.129505,0.000000,0.000000,0.030816,,-0.166018,0.000000,,,,0.102601,0.135843,1.500000,13.151583,43.391724,0.000000,circle,预设轨迹15,forward
1775478882.237825,12.509266,1775478918.430785|完整运动,完整运动,circle_orbit,1,1.000000,1.500000,1.500000,,,,,,,,,,,,,,,,1.221530,0.121257,1.165062,0.089987,0.000000,0.000000,0.024236,,-0.168906,0.000000,,,,0.099266,0.135738,1.500000,13.200164,43.343143,0.000000,circle,预设轨迹15,forward
1775478882.263462,12.534903,1775478918.430785|完整运动,完整运动,circle_orbit,1,1.000000,1.500000,1.500000,,,,,,,,,,,,,,,,1.220604,0.119652,1.165036,0.107616,0.000000,0.000000,0.021148,,-0.170296,0.000000,,,,0.098027,0.135636,1.500000,13.224571,43.318736,0.000000,circle,预设轨迹15,forward
1775478882.291816,12.563257,1775478918.430785|完整运动,完整运动,circle_orbit,1,1.000000,1.500000,1.500000,,,,,,,,,,,,,,,,1.219694,0.117976,1.165086,0.105402,0.000000,0.000000,0.017951,,-0.171683,0.000000,,,,0.096726,0.135534,1.500000,13.248853,43.294454,0.000000,circle,预设轨迹15,forward
1775478882.312163,12.583605,1775478918.430785|完整运动,完整运动,circle_orbit,1,1.000000,1.500000,1.500000,,,,,,,,,,,,,,,,1.218817,0.113758,1.166197,0.082125,0.000000,0.000000,0.011136,,-0.173946,0.000000,,,,0.093335,0.135437,1.500000,13.297585,43.245722,0.000000,circle,预设轨迹15,forward
1775478882.338273,12.609714,1775478918.430785|完整运动,完整运动,circle_orbit,1,1.000000,1.500000,1.500000,,,,,,,,,,,,,,,,1.217955,0.112158,1.166278,0.100159,0.000000,0.000000,0.007889,,-0.175332,0.000000,,,,0.092087,0.135341,1.500000,13.321960,43.221347,0.000000,circle,预设轨迹15,forward
1775478882.365453,12.636894,1775478918.430785|完整运动,完整运动,circle_orbit,1,1.000000,1.500000,1.500000,,,,,,,,,,,,,,,,1.217114,0.110617,1.166652,0.099059,0.000000,0.000000,0.004723,,-0.176482,0.000000,,,,0.090885,0.135248,1.500000,13.346440,43.196867,0.000000,circle,预设轨迹15,forward
1775478882.386247,12.657689,1775478918.430785|完整运动,完整运动,circle_orbit,1,1.000000,1.500000,1.500000,,,,,,,,,,,,,,,,1.216284,0.106775,1.166447,0.077962,0.000000,0.000000,-0.001712,,-0.177962,0.000000,,,,0.087788,0.135155,1.500000,13.395342,43.147964,0.000000,circle,预设轨迹15,forward
1775478882.410450,12.681891,1775478918.430785|完整运动,完整运动,circle_orbit,1,1.000000,1.500000,1.500000,,,,,,,,,,,,,,,,1.215412,0.105202,1.163116,0.093407,0.000000,0.000000,-0.005053,,-0.178779,0.000000,,,,0.086557,0.135059,1.500000,13.419803,43.123503,0.000000,circle,预设轨迹15,forward
1775478882.436627,12.708068,1775478918.430785|完整运动,完整运动,circle_orbit,1,1.000000,1.500000,1.500000,,,,,,,,,,,,,,,,1.214502,0.103472,1.159896,0.090498,0.000000,0.000000,-0.008618,,-0.179431,0.000000,,,,0.085197,0.134957,1.500000,13.444304,43.099002,0.000000,circle,预设轨迹15,forward
1775478882.456990,12.728431,1775478918.430785|完整运动,完整运动,circle_orbit,1,1.000000,1.500000,1.500000,,,,,,,,,,,,,,,,1.213542,0.101729,1.155943,0.088657,0.000000,0.000000,-0.012211,,-0.180598,0.000000,,,,0.083829,0.134851,1.500000,13.468841,43.074466,0.000000,circle,预设轨迹15,forward
1775478882.483836,12.755277,1775478918.430785|完整运动,完整运动,circle_orbit,1,1.000000,1.500000,1.500000,,,,,,,,,,,,,,,,1.212533,0.099958,1.151995,0.086673,0.000000,0.000000,-0.015856,,-0.181758,0.000000,,,,0.082437,0.134739,1.500000,13.493381,43.049926,0.000000,circle,预设轨迹15,forward
1775478882.512076,12.783517,1775478918.430785|完整运动,完整运动,circle_orbit,1,1.000000,1.500000,1.500000,,,,,,,,,,,,,,,,1.211483,0.098075,1.148490,0.083952,0.000000,0.000000,-0.019676,,-0.182544,0.000000,,,,0.080954,0.134622,1.500000,13.517928,43.025379,0.000000,circle,预设轨迹15,forward
1775478882.532474,12.803915,1775478918.430785|完整运动,完整运动,circle_orbit,1,1.000000,1.500000,1.500000,,,,,,,,,,,,,,,,1.210330,0.093921,1.141116,0.062763,0.000000,0.000000,-0.026738,,-0.184680,0.000000,,,,0.077599,0.134494,1.500000,13.566315,42.976992,0.000000,circle,预设轨迹15,forward
1775478882.557549,12.828991,1775478918.430785|完整运动,完整运动,circle_orbit,1,1.000000,1.500000,1.500000,,,,,,,,,,,,,,,,1.209152,0.092290,1.138513,0.080058,0.000000,0.000000,-0.030361,,-0.184948,0.000000,,,,0.076326,0.134363,1.500000,13.590364,42.952943,0.000000,circle,预设轨迹15,forward
1775478882.582912,12.854353,1775478918.430785|完整运动,完整运动,circle_orbit,1,1.000000,1.500000,1.500000,,,,,,,,,,,,,,,,1.207933,0.090791,1.134780,0.079551,0.000000,0.000000,-0.033796,,-0.186129,0.000000,,,,0.075162,0.134228,1.500000,13.614158,42.929148,0.000000,circle,预设轨迹15,forward
1775478882.603231,12.874672,1775478918.430785|完整运动,完整运动,circle_orbit,1,1.000000,1.500000,1.500000,,,,,,,,,,,,,,,,1.206682,0.089263,1.131627,0.077802,0.000000,0.000000,-0.037270,,-0.186887,0.000000,,,,0.073974,0.134089,1.500000,13.638156,42.905150,0.000000,circle,预设轨迹15,forward
1775478882.628348,12.899789,1775478918.430785|完整运动,完整运动,circle_orbit,1,1.000000,1.500000,1.500000,,,,,,,,,,,,,,,,1.205406,0.087766,1.128802,0.076537,0.000000,0.000000,-0.040700,,-0.187436,0.000000,,,,0.072810,0.133947,1.500000,13.662115,42.881191,0.000000,circle,预设轨迹15,forward
1775478882.658249,12.929690,1775478918.430785|完整运动,完整运动,circle_orbit,1,1.000000,1.500000,1.500000,,,,,,,,,,,,,,,,1.204061,0.083874,1.123412,0.054685,0.000000,0.000000,-0.047530,,-0.188385,0.000000,,,,0.069659,0.133797,1.500000,13.710096,42.833210,0.000000,circle,预设轨迹15,forward
1775478882.678653,12.950094,1775478918.430785|完整运动,完整运动,circle_orbit,1,1.000000,1.500000,1.500000,,,,,,,,,,,,,,,,1.202701,0.082364,1.121070,0.071039,0.000000,0.000000,-0.051109,,-0.188538,0.000000,,,,0.068483,0.133646,1.500000,13.733953,42.809354,0.000000,circle,预设轨迹15,forward
1775478882.705534,12.976975,1775478918.430785|完整运动,完整运动,circle_orbit,1,1.000000,1.500000,1.500000,,,,,,,,,,,,,,,,1.201322,0.080750,1.118610,0.068646,0.000000,0.000000,-0.054832,,-0.188721,0.000000,,,,0.067218,0.133493,1.500000,13.757772,42.785534,0.000000,circle,预设轨迹15,forward
1775478882.732291,13.003732,1775478918.430785|完整运动,完整运动,circle_orbit,1,1.000000,1.500000,1.500000,,,,,,,,,,,,,,,,1.199928,0.079135,1.116286,0.067021,0.000000,0.000000,-0.058563,,-0.188808,0.000000,,,,0.065950,0.133338,1.500000,13.781653,42.761654,0.000000,circle,预设轨迹15,forward
1775478882.752828,13.024270,1775478918.430785|完整运动,完整运动,circle_orbit,1,1.000000,1.500000,1.500000,,,,,,,,,,,,,,,,1.198470,0.074979,1.110987,0.043808,0.000000,0.000000,-0.065908,,-0.189549,0.000000,,,,0.062562,0.133176,1.500000,13.830152,42.713154,0.000000,circle,预设轨迹15,forward
1775478882.778724,13.050166,1775478918.430785|完整运动,完整运动,circle_orbit,1,1.000000,1.500000,1.500000,,,,,,,,,,,,,,,,1.197002,0.073440,1.108914,0.061898,0.000000,0.000000,-0.069679,,-0.189450,0.000000,,,,0.061353,0.133013,1.500000,13.854674,42.688633,0.000000,circle,预设轨迹15,forward
1775478882.805362,13.076804,1775478918.430785|完整运动,完整运动,circle_orbit,1,1.000000,1.500000,1.500000,,,,,,,,,,,,,,,,1.195518,0.071872,1.106467,0.060114,0.000000,0.000000,-0.073487,,-0.189627,0.000000,,,,0.060118,0.132848,1.500000,13.879074,42.664233,0.000000,circle,预设轨迹15,forward
1775478882.825902,13.097343,1775478918.430785|完整运动,完整运动,circle_orbit,1,1.000000,1.500000,1.500000,,,,,,,,,,,,,,,,1.193985,0.067620,1.102007,0.035729,0.000000,0.000000,-0.081109,,-0.189669,0.000000,,,,0.056634,0.132678,1.500000,13.927522,42.615785,0.000000,circle,预设轨迹15,forward
1775478882.853174,13.124615,1775478918.430785|完整运动,完整运动,circle_orbit,1,1.000000,1.500000,1.500000,,,,,,,,,,,,,,,,1.192477,0.068574,1.102007,0.075729,0.000000,0.000000,-0.081109,,-0.189669,0.000000,,,,0.057506,0.132510,1.500000,13.927522,42.615785,0.000000,circle,预设轨迹15,forward
1775478882.890596,13.162037,1775478918.430785|完整运动,完整运动,circle_orbit,1,1.000000,1.500000,1.500000,,,,,,,,,,,,,,,,1.190932,0.064710,1.098235,0.035729,0.000000,0.000000,-0.088850,,-0.189150,0.000000,,,,0.054336,0.132338,1.500000,13.975704,42.567602,0.000000,circle,预设轨迹15,forward
1775478882.912920,13.184361,1775478918.430785|完整运动,完整运动,circle_orbit,1,1.000000,1.500000,1.500000,,,,,,,,,,,,,,,,1.189352,0.060189,1.094531,0.026282,0.000000,0.000000,-0.096969,,-0.188430,0.000000,,,,0.050607,0.132163,1.500000,14.023835,42.519471,0.000000,circle,预设轨迹15,forward
1775478882.934672,13.206113,1775478918.430785|完整运动,完整运动,circle_orbit,1,1.000000,1.500000,1.500000,,,,,,,,,,,,,,,,1.187761,0.058624,1.092334,0.046890,0.000000,0.000000,-0.101047,,-0.188340,0.000000,,,,0.049357,0.131986,1.500000,14.047817,42.495490,0.000000,circle,预设轨迹15,forward
1775478882.975818,13.247259,1775478918.430785|完整运动,完整运动,circle_orbit,1,1.000000,1.500000,1.500000,,,,,,,,,,,,,,,,1.186155,0.057302,1.089775,0.047380,0.000000,0.000000,-0.104773,,-0.188699,0.000000,,,,0.048309,0.131807,1.500000,14.071625,42.471682,0.000000,circle,预设轨迹15,forward
1775478883.009243,13.280685,1775478918.430785|完整运动,完整运动,circle_orbit,1,1.000000,1.500000,1.500000,,,,,,,,,,,,,,,,1.184514,0.053348,1.086061,0.023692,0.000000,0.000000,-0.112219,,-0.188331,0.000000,,,,0.045038,0.131625,1.500000,14.119016,42.424290,0.000000,circle,预设轨迹15,forward
1775478883.037239,13.308680,1775478918.430785|完整运动,完整运动,circle_orbit,1,1.000000,1.500000,1.500000,,,,,,,,,,,,,,,,1.182866,0.052110,1.083951,0.042831,0.000000,0.000000,-0.115932,,-0.188361,0.000000,,,,0.044054,0.131442,1.500000,14.142704,42.400603,0.000000,circle,预设轨迹15,forward
1775478883.057680,13.329121,1775478918.430785|完整运动,完整运动,circle_orbit,1,1.000000,1.500000,1.500000,,,,,,,,,,,,,,,,1.181193,0.048336,1.080831,0.020027,0.000000,0.000000,-0.123225,,-0.187616,0.000000,,,,0.040921,0.131256,1.500000,14.190403,42.352903,0.000000,circle,预设轨迹15,forward
1775478883.084457,13.355898,1775478918.430785|完整运动,完整运动,circle_orbit,1,1.000000,1.500000,1.500000,,,,,,,,,,,,,,,,1.179523,0.047159,1.079334,0.038337,0.000000,0.000000,-0.126942,,-0.187167,0.000000,,,,0.039982,0.131071,1.500000,14.214032,42.329275,0.000000,circle,预设轨迹15,forward
1775478883.122161,13.393602,1775478918.430785|完整运动,完整运动,circle_orbit,1,1.000000,1.500000,1.500000,,,,,,,,,,,,,,,,1.177840,0.043141,1.076837,0.013005,0.000000,0.000000,-0.134670,,-0.185747,0.000000,,,,0.036627,0.130883,1.500000,14.260935,42.282372,0.000000,circle,预设轨迹15,forward
1775478883.143038,13.414479,1775478918.430785|完整运动,完整运动,circle_orbit,1,1.000000,1.500000,1.500000,,,,,,,,,,,,,,,,1.176163,0.041929,1.075576,0.032833,0.000000,0.000000,-0.138540,,-0.185047,0.000000,,,,0.035649,0.130697,1.500000,14.284528,42.258779,0.000000,circle,预设轨迹15,forward
1775478883.163632,13.435074,1775478918.430785|完整运动,完整运动,circle_orbit,1,1.000000,1.500000,1.500000,,,,,,,,,,,,,,,,1.174494,0.040705,1.074365,0.031526,0.000000,0.000000,-0.142396,,-0.184315,0.000000,,,,0.034657,0.130512,1.500000,14.308396,42.234910,0.000000,circle,预设轨迹15,forward
1775478883.190006,13.461447,1775478918.430785|完整运动,完整运动,circle_orbit,1,1.000000,1.500000,1.500000,,,,,,,,,,,,,,,,1.172841,0.039365,1.073627,0.029320,0.000000,0.000000,-0.146394,,-0.183138,0.000000,,,,0.033564,0.130328,1.500000,14.332842,42.210465,0.000000,circle,预设轨迹15,forward
1775478883.213493,13.484935,1775478918.430785|完整运动,完整运动,circle_orbit,1,1.000000,1.500000,1.500000,,,,,,,,,,,,,,,,1.171169,0.035414,1.070877,0.005776,0.000000,0.000000,-0.154088,,-0.181961,0.000000,,,,0.030238,0.130142,1.500000,14.381530,42.161776,0.000000,circle,预设轨迹15,forward
1775478883.238945,13.510386,1775478918.430785|完整运动,完整运动,circle_orbit,1,1.000000,1.500000,1.500000,,,,,,,,,,,,,,,,1.169507,0.034309,1.069791,0.026020,0.000000,0.000000,-0.157866,,-0.181170,0.000000,,,,0.029336,0.129958,1.500000,14.405801,42.137506,0.000000,circle,预设轨迹15,forward
1775478883.268570,13.540011,1775478918.430785|完整运动,完整运动,circle_orbit,1,1.000000,1.500000,1.500000,,,,,,,,,,,,,,,,1.167852,0.033240,1.068525,0.025226,0.000000,0.000000,-0.161559,,-0.180567,0.000000,,,,0.028462,0.129774,1.500000,14.430020,42.113287,0.000000,circle,预设轨迹15,forward
1775478883.289073,13.560515,1775478918.430785|完整运动,完整运动,circle_orbit,1,1.000000,1.500000,1.500000,,,,,,,,,,,,,,,,1.166207,0.029522,1.067528,0.001636,0.000000,0.000000,-0.168993,,-0.178082,0.000000,,,,0.025314,0.129591,1.500000,14.478509,42.064798,0.000000,circle,预设轨迹15,forward
1775478883.315972,13.587413,1775478918.430785|完整运动,完整运动,circle_orbit,1,1.000000,1.500000,1.500000,,,,,,,,,,,,,,,,1.164590,0.030947,1.067528,0.041636,0.000000,0.000000,-0.168993,,-0.178082,0.000000,,,,0.026573,0.129411,1.500000,14.478509,42.064798,0.000000,circle,预设轨迹15,forward
1775478883.342876,13.614317,1775478918.430785|完整运动,完整运动,circle_orbit,1,1.000000,1.500000,1.500000,,,,,,,,,,,,,,,,1.162982,0.027499,1.066530,0.001636,0.000000,0.000000,-0.176511,,-0.175563,0.000000,,,,0.023645,0.129232,1.500000,14.526325,42.016982,0.000000,circle,预设轨迹15,forward
1775478883.363186,13.634627,1775478918.430785|完整运动,完整运动,circle_orbit,1,1.000000,1.500000,1.500000,,,,,,,,,,,,,,,,1.161397,0.026266,1.066271,0.017021,0.000000,0.000000,-0.180454,,-0.174022,0.000000,,,,0.022616,0.129056,1.500000,14.550103,41.993203,0.000000,circle,预设轨迹15,forward
1775478883.390945,13.662387,1775478918.430785|完整运动,完整运动,circle_orbit,1,1.000000,1.500000,1.500000,,,,,,,,,,,,,,,,1.159831,0.025006,1.065877,0.015558,0.000000,0.000000,-0.184424,,-0.172583,0.000000,,,,0.021560,0.128882,1.500000,14.573871,41.969436,0.000000,circle,预设轨迹15,forward
1775478883.415097,13.686538,1775478918.430785|完整运动,完整运动,circle_orbit,1,1.000000,1.500000,1.500000,,,,,,,,,,,,,,,,1.158257,0.021288,1.063846,-0.006602,0.000000,0.000000,-0.191879,,-0.170949,0.000000,,,,0.018379,0.128707,1.500000,14.621311,41.921996,0.000000,circle,预设轨迹15,forward
1775478883.435945,13.707386,1775478918.430785|完整运动,完整运动,circle_orbit,1,1.000000,1.500000,1.500000,,,,,,,,,,,,,,,,1.156692,0.020438,1.062783,0.014066,0.000000,0.000000,-0.195379,,-0.170275,0.000000,,,,0.017669,0.128534,1.500000,14.645008,41.898298,0.000000,circle,预设轨迹15,forward
1775478883.466542,13.737984,1775478918.430785|完整运动,完整运动,circle_orbit,1,1.000000,1.500000,1.500000,,,,,,,,,,,,,,,,1.155135,0.019662,1.061705,0.013843,0.000000,0.000000,-0.198736,,-0.169678,0.000000,,,,0.017022,0.128360,1.500000,14.668853,41.874453,0.000000,circle,预设轨迹15,forward
1775478883.491199,13.762640,1775478918.430785|完整运动,完整运动,circle_orbit,1,1.000000,1.500000,1.500000,,,,,,,,,,,,,,,,1.153604,0.018815,1.061783,0.012465,0.000000,0.000000,-0.202159,,-0.168092,0.000000,,,,0.016310,0.128190,1.500000,14.692743,41.850564,0.000000,circle,预设轨迹15,forward
1775478883.511705,13.783146,1775478918.430785|完整运动,完整运动,circle_orbit,1,1.000000,1.500000,1.500000,,,,,,,,,,,,,,,,1.152090,0.015626,1.061195,-0.008298,0.000000,0.000000,-0.208886,,-0.165591,0.000000,,,,0.013563,0.128022,1.500000,14.740043,41.803264,0.000000,circle,预设轨迹15,forward
1775478883.543438,13.814880,1775478918.430785|完整运动,完整运动,circle_orbit,1,1.000000,1.500000,1.500000,,,,,,,,,,,,,,,,1.150594,0.014934,1.060840,0.009746,0.000000,0.000000,-0.212163,,-0.164430,0.000000,,,,0.012979,0.127856,1.500000,14.763528,41.779779,0.000000,circle,预设轨迹15,forward
1775478883.568511,13.839952,1775478918.430785|完整运动,完整运动,circle_orbit,1,1.000000,1.500000,1.500000,,,,,,,,,,,,,,,,1.149122,0.014302,1.060806,0.009564,0.000000,0.000000,-0.215316,,-0.163057,0.000000,,,,0.012446,0.127692,1.500000,14.786785,41.756522,0.000000,circle,预设轨迹15,forward
1775478883.589034,13.860475,1775478918.430785|完整运动,完整运动,circle_orbit,1,1.000000,1.500000,1.500000,,,,,,,,,,,,,,,,1.147679,0.011391,1.061142,-0.010444,0.000000,0.000000,-0.221676,,-0.159950,0.000000,,,,0.009925,0.127532,1.500000,14.834145,41.709162,0.000000,circle,预设轨迹15,forward
1775478883.614791,13.886232,1775478918.430785|完整运动,完整运动,circle_orbit,1,1.000000,1.500000,1.500000,,,,,,,,,,,,,,,,1.146261,0.013014,1.061142,0.025184,0.000000,0.000000,-0.221676,,-0.159950,0.000000,,,,0.011353,0.127374,1.500000,14.834145,41.709162,0.000000,circle,预设轨迹15,forward
1775478883.637529,13.908970,1775478918.430785|完整运动,完整运动,circle_orbit,1,1.000000,1.500000,1.500000,,,,,,,,,,,,,,,,1.144879,0.009935,1.061942,-0.013158,0.000000,0.000000,-0.228204,,-0.156383,0.000000,,,,0.008677,0.127221,1.500000,14.881861,41.661446,0.000000,circle,预设轨迹15,forward
1775478883.660175,13.931616,1775478918.430785|完整运动,完整运动,circle_orbit,1,1.000000,1.500000,1.500000,,,,,,,,,,,,,,,,1.143524,0.009208,1.062258,0.003762,0.000000,0.000000,-0.231494,,-0.154658,0.000000,,,,0.008053,0.127070,1.500000,14.905716,41.637591,0.000000,circle,预设轨迹15,forward
1775478883.681406,13.952847,1775478918.430785|完整运动,完整运动,circle_orbit,1,1.000000,1.500000,1.500000,,,,,,,,,,,,,,,,1.142196,0.008522,1.062538,0.003371,0.000000,0.000000,-0.234699,,-0.153001,0.000000,,,,0.007461,0.126923,1.500000,14.929599,41.613708,0.000000,circle,预设轨迹15,forward
1775478883.702431,13.973872,1775478918.430785|完整运动,完整运动,circle_orbit,1,1.000000,1.500000,1.500000,,,,,,,,,,,,,,,,1.140895,0.007849,1.062828,0.002800,0.000000,0.000000,-0.237858,,-0.151356,0.000000,,,,0.006879,0.126778,1.500000,14.953460,41.589847,0.000000,circle,预设轨迹15,forward
1775478883.733403,14.004844,1775478918.430785|完整运动,完整运动,circle_orbit,1,1.000000,1.500000,1.500000,,,,,,,,,,,,,,,,1.139635,0.005039,1.064029,-0.016033,0.000000,0.000000,-0.244036,,-0.147614,0.000000,,,,0.004421,0.126638,1.500000,15.001287,41.542019,0.000000,circle,预设轨迹15,forward
1775478883.753984,14.025426,1775478918.430785|完整运动,完整运动,circle_orbit,1,1.000000,1.500000,1.500000,,,,,,,,,,,,,,,,1.138403,0.004545,1.064495,0.000838,0.000000,0.000000,-0.247015,,-0.145904,0.000000,,,,0.003992,0.126501,1.500000,15.024987,41.518320,0.000000,circle,预设轨迹15,forward
1775478883.775743,14.047184,1775478918.430785|完整运动,完整运动,circle_orbit,1,1.000000,1.500000,1.500000,,,,,,,,,,,,,,,,1.137192,0.006117,1.064495,0.017910,0.000000,0.000000,-0.247015,,-0.145904,0.000000,,,,0.005379,0.126367,1.500000,15.024987,41.518320,0.000000,circle,预设轨迹15,forward
1775478883.796968,14.068409,1775478918.430785|完整运动,完整运动,circle_orbit,1,1.000000,1.500000,1.500000,,,,,,,,,,,,,,,,1.136029,0.003359,1.066283,-0.017331,0.000000,0.000000,-0.253033,,-0.141753,0.000000,,,,0.002956,0.126237,1.500000,15.071944,41.471363,0.000000,circle,预设轨迹15,forward
1775478883.823265,14.094706,1775478918.430785|完整运动,完整运动,circle_orbit,1,1.000000,1.500000,1.500000,,,,,,,,,,,,,,,,1.134903,0.002684,1.067324,-0.002373,0.000000,0.000000,-0.256190,,-0.139492,0.000000,,,,0.002365,0.126112,1.500000,15.095217,41.448090,0.000000,circle,预设轨迹15,forward
1775478883.847331,14.118772,1775478918.430785|完整运动,完整运动,circle_orbit,1,1.000000,1.500000,1.500000,,,,,,,,,,,,,,,,1.133801,0.002089,1.067652,-0.002374,0.000000,0.000000,-0.259213,,-0.137878,0.000000,,,,0.001843,0.125990,1.500000,15.118483,41.424824,0.000000,circle,预设轨迹15,forward
1775478883.868558,14.139999,1775478918.430785|完整运动,完整运动,circle_orbit,1,1.000000,1.500000,1.500000,,,,,,,,,,,,,,,,1.132724,-0.000432,1.068096,-0.019342,0.000000,0.000000,-0.264955,,-0.134961,0.000000,,,,0.000382,0.125870,1.500000,15.165384,41.377923,0.000000,circle,预设轨迹15,forward
1775478883.901050,14.172491,1775478918.430785|完整运动,完整运动,circle_orbit,1,1.000000,1.500000,1.500000,,,,,,,,,,,,,,,,1.131664,0.001142,1.068096,0.012950,0.000000,0.000000,-0.264955,,-0.134961,0.000000,,,,0.001009,0.125752,1.500000,15.165384,41.377923,0.000000,circle,预设轨迹15,forward
1775478883.922469,14.193911,1775478918.430785|完整运动,完整运动,circle_orbit,1,1.000000,1.500000,1.500000,,,,,,,,,,,,,,,,1.130642,-0.001002,1.069329,-0.017085,0.000000,0.000000,-0.270104,,-0.131660,0.000000,,,,0.000886,0.125639,1.500000,15.212659,41.330648,0.000000,circle,预设轨迹15,forward
1775478883.954989,14.226430,1775478918.430785|完整运动,完整运动,circle_orbit,1,1.000000,1.500000,1.500000,,,,,,,,,,,,,,,,1.129660,-0.002891,1.070739,-0.017055,0.000000,0.000000,-0.274963,,-0.128346,0.000000,,,,0.002559,0.125530,1.500000,15.259571,41.283736,0.000000,circle,预设轨迹15,forward
1775478883.984297,14.255738,1775478918.430785|完整运动,完整运动,circle_orbit,1,1.000000,1.500000,1.500000,,,,,,,,,,,,,,,,1.128710,-0.003006,1.071729,-0.003867,0.000000,0.000000,-0.277353,,-0.126475,0.000000,,,,0.002663,0.125424,1.500000,15.282971,41.260336,0.000000,circle,预设轨迹15,forward
1775478884.005471,14.276912,1775478918.430785|完整运动,完整运动,circle_orbit,1,1.000000,1.500000,1.500000,,,,,,,,,,,,,,,,1.127796,-0.003208,1.072947,-0.004728,0.000000,0.000000,-0.279823,,-0.124384,0.000000,,,,0.002845,0.125323,1.500000,15.306273,41.237034,0.000000,circle,预设轨迹15,forward
1775478884.030436,14.301877,1775478918.430785|完整运动,完整运动,circle_orbit,1,1.000000,1.500000,1.500000,,,,,,,,,,,,,,,,1.126922,-0.003461,1.074491,-0.005356,0.000000,0.000000,-0.282328,,-0.122015,0.000000,,,,0.003071,0.125225,1.500000,15.329784,41.213523,0.000000,circle,预设轨迹15,forward
1775478884.055249,14.326690,1775478918.430785|完整运动,完整运动,circle_orbit,1,1.000000,1.500000,1.500000,,,,,,,,,,,,,,,,1.126097,-0.005387,1.076559,-0.019833,0.000000,0.000000,-0.287185,,-0.118180,0.000000,,,,0.004784,0.125134,1.500000,15.376593,41.166714,0.000000,circle,预设轨迹15,forward
1775478884.078102,14.349543,1775478918.430785|完整运动,完整运动,circle_orbit,1,1.000000,1.500000,1.500000,,,,,,,,,,,,,,,,1.125306,-0.005504,1.077844,-0.006381,0.000000,0.000000,-0.289532,,-0.116099,0.000000,,,,0.004891,0.125046,1.500000,15.399924,41.143383,0.000000,circle,预设轨迹15,forward
1775478884.098957,14.370398,1775478918.430785|完整运动,完整运动,circle_orbit,1,1.000000,1.500000,1.500000,,,,,,,,,,,,,,,,1.124552,-0.005608,1.079296,-0.006387,0.000000,0.000000,-0.291821,,-0.113911,0.000000,,,,0.004987,0.124962,1.500000,15.423363,41.119944,0.000000,circle,预设轨迹15,forward
1775478884.119492,14.390933,1775478918.430785|完整运动,完整运动,circle_orbit,1,1.000000,1.500000,1.500000,,,,,,,,,,,,,,,,1.123833,-0.005735,1.080696,-0.006693,0.000000,0.000000,-0.294107,,-0.111769,0.000000,,,,0.005103,0.124882,1.500000,15.447072,41.096235,0.000000,circle,预设轨迹15,forward
1775478884.142521,14.413962,1775478918.430785|完整运动,完整运动,circle_orbit,1,1.000000,1.500000,1.500000,,,,,,,,,,,,,,,,1.123153,-0.005846,1.082349,-0.006677,0.000000,0.000000,-0.296337,,-0.109454,0.000000,,,,0.005205,0.124807,1.500000,15.470825,41.072482,0.000000,circle,预设轨迹15,forward
1775478884.163104,14.434545,1775478918.430785|完整运动,完整运动,circle_orbit,1,1.000000,1.500000,1.500000,,,,,,,,,,,,,,,,1.122508,-0.006006,1.083823,-0.007207,0.000000,0.000000,-0.298605,,-0.107268,0.000000,,,,0.005351,0.124735,1.500000,15.494602,41.048705,0.000000,circle,预设轨迹15,forward
1775478884.196193,14.467634,1775478918.430785|完整运动,完整运动,circle_orbit,1,1.000000,1.500000,1.500000,,,,,,,,,,,,,,,,1.121897,-0.006157,1.085265,-0.007285,0.000000,0.000000,-0.300832,,-0.105129,0.000000,,,,0.005488,0.124667,1.500000,15.518252,41.025055,0.000000,circle,预设轨迹15,forward
1775478884.219943,14.491384,1775478918.430785|完整运动,完整运动,circle_orbit,1,1.000000,1.500000,1.500000,,,,,,,,,,,,,,,,1.121355,-0.007681,1.088803,-0.019114,0.000000,0.000000,-0.304997,,-0.100470,0.000000,,,,0.006850,0.124607,1.500000,15.565598,40.977709,0.000000,circle,预设轨迹15,forward
1775478884.240246,14.511688,1775478918.430785|完整运动,完整运动,circle_orbit,1,1.000000,1.500000,1.500000,,,,,,,,,,,,,,,,1.120853,-0.007708,1.090768,-0.007913,0.000000,0.000000,-0.307086,,-0.097990,0.000000,,,,0.006877,0.124551,1.500000,15.589311,40.953996,0.000000,circle,预设轨迹15,forward
1775478884.273623,14.545064,1775478918.430785|完整运动,完整运动,circle_orbit,1,1.000000,1.500000,1.500000,,,,,,,,,,,,,,,,1.120395,-0.007912,1.092918,-0.009436,0.000000,0.000000,-0.309394,,-0.095274,0.000000,,,,0.007061,0.124500,1.500000,15.612989,40.930317,0.000000,circle,预设轨迹15,forward
1775478884.300517,14.571958,1775478918.430785|完整运动,完整运动,circle_orbit,1,1.000000,1.500000,1.500000,,,,,,,,,,,,,,,,1.119999,-0.009401,1.096221,-0.020572,0.000000,0.000000,-0.313519,,-0.090856,0.000000,,,,0.008394,0.124456,1.500000,15.659718,40.883588,0.000000,circle,预设轨迹15,forward
1775478884.320951,14.592393,1775478918.430785|完整运动,完整运动,circle_orbit,1,1.000000,1.500000,1.500000,,,,,,,,,,,,,,,,1.119637,-0.009155,1.097909,-0.007313,0.000000,0.000000,-0.315227,,-0.088782,0.000000,,,,0.008177,0.124416,1.500000,15.683038,40.860269,0.000000,circle,预设轨迹15,forward
1775478884.348799,14.620240,1775478918.430785|完整运动,完整运动,circle_orbit,1,1.000000,1.500000,1.500000,,,,,,,,,,,,,,,,1.119346,-0.009746,1.101907,-0.014174,0.000000,0.000000,-0.318086,,-0.084413,0.000000,,,,0.008707,0.124384,1.500000,15.730027,40.813280,0.000000,circle,预设轨迹15,forward
1775478884.376753,14.648194,1775478918.430785|完整运动,完整运动,circle_orbit,1,1.000000,1.500000,1.500000,,,,,,,,,,,,,,,,1.119060,-0.008329,1.101907,0.002301,0.000000,0.000000,-0.318086,,-0.084413,0.000000,,,,0.007443,0.124352,1.500000,15.730027,40.813280,0.000000,circle,预设轨迹15,forward
1775478884.397088,14.668530,1775478918.430785|完整运动,完整运动,circle_orbit,1,1.000000,1.500000,1.500000,,,,,,,,,,,,,,,,1.118853,-0.008927,1.106391,-0.013419,0.000000,0.000000,-0.320855,,-0.079734,0.000000,,,,0.007979,0.124329,1.500000,15.777321,40.765986,0.000000,circle,预设轨迹15,forward
1775478884.425865,14.697306,1775478918.430785|完整运动,完整运动,circle_orbit,1,1.000000,1.500000,1.500000,,,,,,,,,,,,,,,,1.118683,-0.008547,1.108527,-0.005697,0.000000,0.000000,-0.322242,,-0.077484,0.000000,,,,0.007641,0.124310,1.500000,15.800886,40.742420,0.000000,circle,预设轨迹15,forward
1775478884.453433,14.724874,1775478918.430785|完整运动,完整运动,circle_orbit,1,1.000000,1.500000,1.500000,,,,,,,,,,,,,,,,1.118558,-0.008222,1.111024,-0.005777,0.000000,0.000000,-0.323665,,-0.074952,0.000000,,,,0.007350,0.124296,1.500000,15.824526,40.718781,0.000000,circle,预设轨迹15,forward
1775478884.473783,14.745224,1775478918.430785|完整运动,完整运动,circle_orbit,1,1.000000,1.500000,1.500000,,,,,,,,,,,,,,,,1.118517,-0.008825,1.116044,-0.013349,0.000000,0.000000,-0.326380,,-0.069949,0.000000,,,,0.007890,0.124291,1.500000,15.872297,40.671010,0.000000,circle,预设轨迹15,forward
1775478884.502959,14.774400,1775478918.430785|完整运动,完整运动,circle_orbit,1,1.000000,1.500000,1.500000,,,,,,,,,,,,,,,,1.118512,-0.008331,1.118214,-0.004626,0.000000,0.000000,-0.327551,,-0.067798,0.000000,,,,0.007448,0.124291,1.500000,15.896122,40.647184,0.000000,circle,预设轨迹15,forward
1775478884.539940,14.811381,1775478918.430785|完整运动,完整运动,circle_orbit,1,1.000000,1.500000,1.500000,,,,,,,,,,,,,,,,1.118590,-0.008360,1.123286,-0.008580,0.000000,0.000000,-0.329429,,-0.063178,0.000000,,,,0.007474,0.124300,1.500000,15.943329,40.599978,0.000000,circle,预设轨迹15,forward
1775478884.561352,14.832793,1775478918.430785|完整运动,完整运动,circle_orbit,1,1.000000,1.500000,1.500000,,,,,,,,,,,,,,,,1.118719,-0.007734,1.126453,-0.003041,0.000000,0.000000,-0.330365,,-0.060416,0.000000,,,,0.006914,0.124314,1.500000,15.966976,40.576331,0.000000,circle,预设轨迹15,forward
1775478884.582402,14.853843,1775478918.430785|完整运动,完整运动,circle_orbit,1,1.000000,1.500000,1.500000,,,,,,,,,,,,,,,,1.118901,-0.007181,1.129817,-0.003030,0.000000,0.000000,-0.331357,,-0.057497,0.000000,,,,0.006418,0.124334,1.500000,15.990600,40.552706,0.000000,circle,预设轨迹15,forward
1775478884.610711,14.882153,1775478918.430785|完整运动,完整运动,circle_orbit,1,1.000000,1.500000,1.500000,,,,,,,,,,,,,,,,1.119171,-0.007403,1.135360,-0.009068,0.000000,0.000000,-0.333421,,-0.052528,0.000000,,,,0.006615,0.124364,1.500000,16.038242,40.505064,0.000000,circle,预设轨迹15,forward
1775478884.631130,14.902571,1775478918.430785|完整运动,完整运动,circle_orbit,1,1.000000,1.500000,1.500000,,,,,,,,,,,,,,,,1.119481,-0.006854,1.138106,-0.002740,0.000000,0.000000,-0.334393,,-0.050104,0.000000,,,,0.006123,0.124399,1.500000,16.062188,40.481118,0.000000,circle,预设轨迹15,forward
1775478884.653451,14.924892,1775478918.430785|完整运动,完整运动,circle_orbit,1,1.000000,1.500000,1.500000,,,,,,,,,,,,,,,,1.119838,-0.006343,1.141289,-0.002505,0.000000,0.000000,-0.335380,,-0.047368,0.000000,,,,0.005664,0.124438,1.500000,16.086199,40.457107,0.000000,circle,预设轨迹15,forward
1775478884.685926,14.957367,1775478918.430785|完整运动,完整运动,circle_orbit,1,1.000000,1.500000,1.500000,,,,,,,,,,,,,,,,1.120240,-0.005845,1.144324,-0.002114,0.000000,0.000000,-0.336353,,-0.044757,0.000000,,,,0.005218,0.124483,1.500000,16.110158,40.433149,0.000000,circle,预设轨迹15,forward
1775478884.706349,14.977790,1775478918.430785|完整运动,完整运动,circle_orbit,1,1.000000,1.500000,1.500000,,,,,,,,,,,,,,,,1.120734,-0.006075,1.150404,-0.007798,0.000000,0.000000,-0.338340,,-0.039543,0.000000,,,,0.005421,0.124538,1.500000,16.157876,40.385431,0.000000,circle,预设轨迹15,forward
1775478884.733974,15.005415,1775478918.430785|完整运动,完整运动,circle_orbit,1,1.000000,1.500000,1.500000,,,,,,,,,,,,,,,,1.121221,-0.004907,1.150404,0.003856,0.000000,0.000000,-0.338340,,-0.039543,0.000000,,,,0.004376,0.124592,1.500000,16.157876,40.385431,0.000000,circle,预设轨迹15,forward
1775478884.776734,15.048175,1775478918.430785|完整运动,完整运动,circle_orbit,1,1.000000,1.500000,1.500000,,,,,,,,,,,,,,,,1.121788,-0.004461,1.155848,-0.001118,0.000000,0.000000,-0.339308,,-0.035275,0.000000,,,,0.003977,0.124655,1.500000,16.204898,40.338408,0.000000,circle,预设轨迹15,forward
1775478884.805656,15.077098,1775478918.430785|完整运动,完整运动,circle_orbit,1,1.000000,1.500000,1.500000,,,,,,,,,,,,,,,,1.122460,-0.003503,1.162768,0.003680,0.000000,0.000000,-0.339535,,-0.030347,0.000000,,,,0.003121,0.124730,1.500000,16.252046,40.291261,0.000000,circle,预设轨迹15,forward
1775478884.827714,15.099155,1775478918.430785|完整运动,完整运动,circle_orbit,1,1.000000,1.500000,1.500000,,,,,,,,,,,,,,,,1.123245,-0.002726,1.170316,0.003101,0.000000,0.000000,-0.339980,,-0.024949,0.000000,,,,0.002427,0.124817,1.500000,16.299181,40.244126,0.000000,circle,预设轨迹15,forward
1775478884.854478,15.125919,1775478918.430785|完整运动,完整运动,circle_orbit,1,1.000000,1.500000,1.500000,,,,,,,,,,,,,,,,1.124016,-0.001668,1.170316,0.006265,0.000000,0.000000,-0.339980,,-0.024949,0.000000,,,,0.001484,0.124903,1.500000,16.299181,40.244126,0.000000,circle,预设轨迹15,forward
1775478884.885229,15.156670,1775478918.430785|完整运动,完整运动,circle_orbit,1,1.000000,1.500000,1.500000,,,,,,,,,,,,,,,,1.124893,-0.001137,1.177474,0.002849,0.000000,0.000000,-0.340689,,-0.019764,0.000000,,,,0.001011,0.125000,1.500000,16.346358,40.196949,0.000000,circle,预设轨迹15,forward
1775478884.925084,15.196526,1775478918.430785|完整运动,完整运动,circle_orbit,1,1.000000,1.500000,1.500000,,,,,,,,,,,,,,,,1.125820,-0.000383,1.181483,0.005274,0.000000,0.000000,-0.341063,,-0.016896,0.000000,,,,0.000340,0.125103,1.500000,16.370419,40.172888,0.000000,circle,预设轨迹15,forward
1775478884.946093,15.217535,1775478918.430785|完整运动,完整运动,circle_orbit,1,1.000000,1.500000,1.500000,,,,,,,,,,,,,,,,1.126843,0.000321,1.188173,0.005600,0.000000,0.000000,-0.341488,,-0.012240,0.000000,,,,0.000285,0.125217,1.500000,16.419144,40.124162,0.000000,circle,预设轨迹15,forward
1775478884.966762,15.238204,1775478918.430785|完整运动,完整运动,circle_orbit,1,1.000000,1.500000,1.500000,,,,,,,,,,,,,,,,1.127975,0.001294,1.195935,0.008587,0.000000,0.000000,-0.341515,,-0.007106,0.000000,,,,0.001147,0.125342,1.500000,16.467228,40.076079,0.000000,circle,预设轨迹15,forward
1775478885.000371,15.271812,1775478918.430785|完整运动,完整运动,circle_orbit,1,1.000000,1.500000,1.500000,,,,,,,,,,,,,,,,1.129089,0.002251,1.195935,0.009433,0.000000,0.000000,-0.341515,,-0.007106,0.000000,,,,0.001994,0.125466,1.500000,16.467228,40.076079,0.000000,circle,预设轨迹15,forward
1775478885.021354,15.292795,1775478918.430785|完整运动,完整运动,circle_orbit,1,1.000000,1.500000,1.500000,,,,,,,,,,,,,,,,1.130337,0.003410,1.205175,0.012101,0.000000,0.000000,-0.341207,,-0.001233,0.000000,,,,0.003017,0.125605,1.500000,16.514625,40.028682,0.000000,circle,预设轨迹15,forward
1775478885.049660,15.321101,1775478918.430785|完整运动,完整运动,circle_orbit,1,1.000000,1.500000,1.500000,,,,,,,,,,,,,,,,1.131559,0.004468,1.204874,0.012407,0.000000,0.000000,-0.340997,,0.001521,0.000000,,,,0.003949,0.125741,1.500000,16.538361,40.004946,0.000000,circle,预设轨迹15,forward
1775478885.075545,15.346987,1775478918.430785|完整运动,完整运动,circle_orbit,1,1.000000,1.500000,1.500000,,,,,,,,,,,,,,,,1.132694,0.005476,1.200792,0.013030,0.000000,0.000000,-0.340822,,0.004244,0.000000,,,,0.004834,0.125867,1.500000,16.562008,39.981299,0.000000,circle,预设轨迹15,forward
1775478885.096132,15.367573,1775478918.430785|完整运动,完整运动,circle_orbit,1,1.000000,1.500000,1.500000,,,,,,,,,,,,,,,,1.133682,0.006556,1.192972,0.014660,0.000000,0.000000,-0.340520,,0.009496,0.000000,,,,0.005783,0.125977,1.500000,16.609077,39.934229,0.000000,circle,预设轨迹15,forward
1775478885.122091,15.393532,1775478918.430785|完整运动,完整运动,circle_orbit,1,1.000000,1.500000,1.500000,,,,,,,,,,,,,,,,1.134585,0.007527,1.188756,0.014806,0.000000,0.000000,-0.340337,,0.012364,0.000000,,,,0.006634,0.126077,1.500000,16.632745,39.910561,0.000000,circle,预设轨迹15,forward
1775478885.162477,15.433918,1775478918.430785|完整运动,完整运动,circle_orbit,1,1.000000,1.500000,1.500000,,,,,,,,,,,,,,,,1.135331,0.008376,1.180114,0.014745,0.000000,0.000000,-0.340309,,0.018152,0.000000,,,,0.007378,0.126160,1.500000,16.680620,39.862687,0.000000,circle,预设轨迹15,forward
1775478885.197269,15.468710,1775478918.430785|完整运动,完整运动,circle_orbit,1,1.000000,1.500000,1.500000,,,,,,,,,,,,,,,,1.136008,0.009238,1.176652,0.015706,0.000000,0.000000,-0.340238,,0.020521,0.000000,,,,0.008132,0.126235,1.500000,16.704689,39.838618,0.000000,circle,预设轨迹15,forward
1775478885.227213,15.498655,1775478918.430785|完整运动,完整运动,circle_orbit,1,1.000000,1.500000,1.500000,,,,,,,,,,,,,,,,1.136592,0.011031,1.171615,0.024476,0.000000,0.000000,-0.338827,,0.024574,0.000000,,,,0.009705,0.126300,1.500000,16.752286,39.791021,0.000000,circle,预设轨迹15,forward
1775478885.249470,15.520911,1775478918.430785|完整运动,完整运动,circle_orbit,1,1.000000,1.500000,1.500000,,,,,,,,,,,,,,,,1.137070,0.013756,1.165715,0.034194,0.000000,0.000000,-0.336028,,0.029867,0.000000,,,,0.012098,0.126353,1.500000,16.799582,39.743724,0.000000,circle,预设轨迹15,forward
1775478885.272320,15.543761,1775478918.430785|完整运动,完整运动,circle_orbit,1,1.000000,1.500000,1.500000,,,,,,,,,,,,,,,,1.137539,0.014419,1.165715,0.019388,0.000000,0.000000,-0.336028,,0.029867,0.000000,,,,0.012675,0.126405,1.500000,16.799582,39.743724,0.000000,circle,预设轨迹15,forward
1775478885.301984,15.573425,1775478918.430785|完整运动,完整运动,circle_orbit,1,1.000000,1.500000,1.500000,,,,,,,,,,,,,,,,1.137911,0.017073,1.160244,0.036983,0.000000,0.000000,-0.333203,,0.034915,0.000000,,,,0.015004,0.126447,1.500000,16.846826,39.696480,0.000000,circle,预设轨迹15,forward
1775478885.322724,15.594165,1775478918.430785|完整运动,完整运动,circle_orbit,1,1.000000,1.500000,1.500000,,,,,,,,,,,,,,,,1.138233,0.018612,1.157554,0.030150,0.000000,0.000000,-0.331851,,0.037394,0.000000,,,,0.016351,0.126482,1.500000,16.870338,39.672968,0.000000,circle,预设轨迹15,forward
1775478885.348406,15.619848,1775478918.430785|完整运动,完整运动,circle_orbit,1,1.000000,1.500000,1.500000,,,,,,,,,,,,,,,,1.138503,0.020110,1.154669,0.031351,0.000000,0.000000,-0.330509,,0.040014,0.000000,,,,0.017664,0.126512,1.500000,16.893869,39.649437,0.000000,circle,预设轨迹15,forward
1775478885.385094,15.656535,1775478918.430785|完整运动,完整运动,circle_orbit,1,1.000000,1.500000,1.500000,,,,,,,,,,,,,,,,1.138678,0.022470,1.149205,0.040168,0.000000,0.000000,-0.327909,,0.045031,0.000000,,,,0.019733,0.126532,1.500000,16.941690,39.601616,0.000000,circle,预设轨迹15,forward
1775478885.405500,15.676941,1775478918.430785|完整运动,完整运动,circle_orbit,1,1.000000,1.500000,1.500000,,,,,,,,,,,,,,,,1.138779,0.024889,1.144854,0.043032,0.000000,0.000000,-0.325142,,0.049361,0.000000,,,,0.021856,0.126543,1.500000,16.990200,39.553107,0.000000,circle,预设轨迹15,forward
1775478885.426376,15.697817,1775478918.430785|完整运动,完整运动,circle_orbit,1,1.000000,1.500000,1.500000,,,,,,,,,,,,,,,,1.138847,0.026479,1.142889,0.038404,0.000000,0.000000,-0.323461,,0.051516,0.000000,,,,0.023251,0.126551,1.500000,17.014325,39.528982,0.000000,circle,预设轨迹15,forward
1775478885.457169,15.728610,1775478918.430785|完整运动,完整运动,circle_orbit,1,1.000000,1.500000,1.500000,,,,,,,,,,,,,,,,1.138913,0.026851,1.142889,0.029637,0.000000,0.000000,-0.323461,,0.051516,0.000000,,,,0.023576,0.126558,1.500000,17.014325,39.528982,0.000000,circle,预设轨迹15,forward
1775478885.477726,15.749167,1775478918.430785|完整运动,完整运动,circle_orbit,1,1.000000,1.500000,1.500000,,,,,,,,,,,,,,,,1.138891,0.029812,1.137551,0.052025,0.000000,0.000000,-0.319818,,0.056984,0.000000,,,,0.026177,0.126555,1.500000,17.062582,39.480725,0.000000,circle,预设轨迹15,forward
1775478885.501555,15.772996,1775478918.430785|完整运动,完整运动,circle_orbit,1,1.000000,1.500000,1.500000,,,,,,,,,,,,,,,,1.138834,0.031498,1.135448,0.044142,0.000000,0.000000,-0.317870,,0.059377,0.000000,,,,0.027658,0.126549,1.500000,17.086642,39.456665,0.000000,circle,预设轨迹15,forward
1775478885.528703,15.800144,1775478918.430785|完整运动,完整运动,circle_orbit,1,1.000000,1.500000,1.500000,,,,,,,,,,,,,,,,1.138742,0.033107,1.133229,0.045173,0.000000,0.000000,-0.315987,,0.061830,0.000000,,,,0.029073,0.126539,1.500000,17.110762,39.432544,0.000000,circle,预设轨迹15,forward
1775478885.549313,15.820754,1775478918.430785|完整运动,完整运动,circle_orbit,1,1.000000,1.500000,1.500000,,,,,,,,,,,,,,,,1.138588,0.035973,1.129340,0.057470,0.000000,0.000000,-0.312286,,0.066324,0.000000,,,,0.031595,0.126522,1.500000,17.158654,39.384652,0.000000,circle,预设轨迹15,forward
1775478885.575802,15.847243,1775478918.430785|完整运动,完整运动,circle_orbit,1,1.000000,1.500000,1.500000,,,,,,,,,,,,,,,,1.138437,0.036153,1.129340,0.037505,0.000000,0.000000,-0.312286,,0.066324,0.000000,,,,0.031757,0.126505,1.500000,17.158654,39.384652,0.000000,circle,预设轨迹15,forward
1775478885.619175,15.890616,1775478918.430785|完整运动,完整运动,circle_orbit,1,1.000000,1.500000,1.500000,,,,,,,,,,,,,,,,1.138204,0.038656,1.124251,0.057427,0.000000,0.000000,-0.309040,,0.071524,0.000000,,,,0.033962,0.126479,1.500000,17.206500,39.336807,0.000000,circle,预设轨迹15,forward
1775478885.639992,15.911433,1775478918.430785|完整运动,完整运动,circle_orbit,1,1.000000,1.500000,1.500000,,,,,,,,,,,,,,,,1.137928,0.041524,1.121380,0.063035,0.000000,0.000000,-0.305194,,0.075369,0.000000,,,,0.036491,0.126448,1.500000,17.254499,39.288808,0.000000,circle,预设轨迹15,forward
1775478885.667364,15.938805,1775478918.430785|完整运动,完整运动,circle_orbit,1,1.000000,1.500000,1.500000,,,,,,,,,,,,,,,,1.137638,0.043268,1.120221,0.056348,0.000000,0.000000,-0.302839,,0.077280,0.000000,,,,0.038033,0.126416,1.500000,17.278417,39.264890,0.000000,circle,预设轨迹15,forward
1775478885.696337,15.967778,1775478918.430785|完整运动,完整运动,circle_orbit,1,1.000000,1.500000,1.500000,,,,,,,,,,,,,,,,1.137337,0.045188,1.119304,0.059584,0.000000,0.000000,-0.300194,,0.079141,0.000000,,,,0.039731,0.126383,1.500000,17.302031,39.241275,0.000000,circle,预设轨迹15,forward
1775478885.716837,15.988278,1775478918.430785|完整运动,完整运动,circle_orbit,1,1.000000,1.500000,1.500000,,,,,,,,,,,,,,,,1.136990,0.048878,1.116113,0.076558,0.000000,0.000000,-0.294995,,0.083847,0.000000,,,,0.042989,0.126344,1.500000,17.349210,39.194097,0.000000,circle,预设轨迹15,forward
1775478885.737237,16.008678,1775478918.430785|完整运动,完整运动,circle_orbit,1,1.000000,1.500000,1.500000,,,,,,,,,,,,,,,,1.136628,0.050591,1.114957,0.063436,0.000000,0.000000,-0.292463,,0.085844,0.000000,,,,0.044510,0.126304,1.500000,17.372681,39.170626,0.000000,circle,预设轨迹15,forward
1775478885.773856,16.045297,1775478918.430785|完整运动,完整运动,circle_orbit,1,1.000000,1.500000,1.500000,,,,,,,,,,,,,,,,1.136255,0.052269,1.113843,0.064858,0.000000,0.000000,-0.289948,,0.087803,0.000000,,,,0.046002,0.126263,1.500000,17.396412,39.146894,0.000000,circle,预设轨迹15,forward
1775478885.794655,16.066096,1775478918.430785|完整运动,完整运动,circle_orbit,1,1.000000,1.500000,1.500000,,,,,,,,,,,,,,,,1.135844,0.055638,1.111188,0.080902,0.000000,0.000000,-0.285011,,0.092008,0.000000,,,,0.048984,0.126217,1.500000,17.444040,39.099266,0.000000,circle,预设轨迹15,forward
1775478885.816504,16.087945,1775478918.430785|完整运动,完整运动,circle_orbit,1,1.000000,1.500000,1.500000,,,,,,,,,,,,,,,,1.135421,0.057252,1.110043,0.069353,0.000000,0.000000,-0.282447,,0.094018,0.000000,,,,0.050423,0.126170,1.500000,17.467995,39.075311,0.000000,circle,预设轨迹15,forward
1775478885.846346,16.117787,1775478918.430785|完整运动,完整运动,circle_orbit,1,1.000000,1.500000,1.500000,,,,,,,,,,,,,,,,1.134987,0.058858,1.108942,0.070903,0.000000,0.000000,-0.279872,,0.096001,0.000000,,,,0.051858,0.126122,1.500000,17.491969,39.051337,0.000000,circle,预设轨迹15,forward
1775478885.866947,16.138388,1775478918.430785|完整运动,完整运动,circle_orbit,1,1.000000,1.500000,1.500000,,,,,,,,,,,,,,,,1.134529,0.062505,1.107050,0.089858,0.000000,0.000000,-0.274383,,0.099885,0.000000,,,,0.055093,0.126071,1.500000,17.539831,39.003475,0.000000,circle,预设轨迹15,forward
1775478885.892267,16.163708,1775478918.430785|完整运动,完整运动,circle_orbit,1,1.000000,1.500000,1.500000,,,,,,,,,,,,,,,,1.134078,0.062190,1.107050,0.059827,0.000000,0.000000,-0.274383,,0.099885,0.000000,,,,0.054837,0.126021,1.500000,17.539831,39.003475,0.000000,circle,预设轨迹15,forward
1775478885.923046,16.194487,1775478918.430785|完整运动,完整运动,circle_orbit,1,1.000000,1.500000,1.500000,,,,,,,,,,,,,,,,1.133604,0.066009,1.105120,0.094653,0.000000,0.000000,-0.268604,,0.103933,0.000000,,,,0.058229,0.125968,1.500000,17.587558,38.955749,0.000000,circle,预设轨迹15,forward
1775478885.943681,16.215122,1775478918.430785|完整运动,完整运动,circle_orbit,1,1.000000,1.500000,1.500000,,,,,,,,,,,,,,,,1.133122,0.067716,1.104245,0.080517,0.000000,0.000000,-0.265683,,0.105904,0.000000,,,,0.059760,0.125914,1.500000,17.611397,38.931909,0.000000,circle,预设轨迹15,forward
1775478885.968074,16.239516,1775478918.430785|完整运动,完整运动,circle_orbit,1,1.000000,1.500000,1.500000,,,,,,,,,,,,,,,,1.132631,0.069425,1.103157,0.082243,0.000000,0.000000,-0.262737,,0.108051,0.000000,,,,0.061295,0.125860,1.500000,17.635183,38.908123,0.000000,circle,预设轨迹15,forward
1775478885.999253,16.270694,1775478918.430785|完整运动,完整运动,circle_orbit,1,1.000000,1.500000,1.500000,,,,,,,,,,,,,,,,1.132129,0.071120,1.102016,0.083837,0.000000,0.000000,-0.259786,,0.110243,0.000000,,,,0.062820,0.125804,1.500000,17.658915,38.884391,0.000000,circle,预设轨迹15,forward
1775478886.020058,16.291499,1775478918.430785|完整运动,完整运动,circle_orbit,1,1.000000,1.500000,1.500000,,,,,,,,,,,,,,,,1.131599,0.074383,1.099758,0.098856,0.000000,0.000000,-0.254592,,0.114298,0.000000,,,,0.065733,0.125745,1.500000,17.706352,38.836955,0.000000,circle,预设轨迹15,forward
1775478886.052896,16.324338,1775478918.430785|完整运动,完整运动,circle_orbit,1,1.000000,1.500000,1.500000,,,,,,,,,,,,,,,,1.131052,0.075566,1.098231,0.084433,0.000000,0.000000,-0.252247,,0.116525,0.000000,,,,0.066810,0.125684,1.500000,17.730191,38.813115,0.000000,circle,预设轨迹15,forward
1775478886.073917,16.345358,1775478918.430785|完整运动,完整运动,circle_orbit,1,1.000000,1.500000,1.500000,,,,,,,,,,,,,,,,1.130499,0.078698,1.097364,0.102193,0.000000,0.000000,-0.247142,,0.119469,0.000000,,,,0.069614,0.125623,1.500000,17.777597,38.765709,0.000000,circle,预设轨迹15,forward
1775478886.105442,16.376884,1775478918.430785|完整运动,完整运动,circle_orbit,1,1.000000,1.500000,1.500000,,,,,,,,,,,,,,,,1.129956,0.078162,1.097364,0.074137,0.000000,0.000000,-0.247142,,0.119469,0.000000,,,,0.069172,0.125563,1.500000,17.777597,38.765709,0.000000,circle,预设轨迹15,forward
1775478886.126206,16.397647,1775478918.430785|完整运动,完整运动,circle_orbit,1,1.000000,1.500000,1.500000,,,,,,,,,,,,,,,,1.129429,0.082394,1.097804,0.114137,0.000000,0.000000,-0.237213,,0.123540,0.000000,,,,0.072952,0.125504,1.500000,17.848242,38.695065,0.000000,circle,预设轨迹15,forward
1775478886.149795,16.421236,1775478918.430785|完整运动,完整运动,circle_orbit,1,1.000000,1.500000,1.500000,,,,,,,,,,,,,,,,1.128911,0.081998,1.097804,0.079027,0.000000,0.000000,-0.237213,,0.123540,0.000000,,,,0.072635,0.125446,1.500000,17.848242,38.695065,0.000000,circle,预设轨迹15,forward
1775478886.173353,16.444794,1775478918.430785|完整运动,完整运动,circle_orbit,1,1.000000,1.500000,1.500000,,,,,,,,,,,,,,,,1.128389,0.086354,1.097123,0.119027,0.000000,0.000000,-0.230450,,0.127076,0.000000,,,,0.076529,0.125388,1.500000,17.894911,38.648396,0.000000,circle,预设轨迹15,forward
1775478886.193812,16.465253,1775478918.430785|完整运动,完整运动,circle_orbit,1,1.000000,1.500000,1.500000,,,,,,,,,,,,,,,,1.127877,0.088255,1.097102,0.102508,0.000000,0.000000,-0.227078,,0.128591,0.000000,,,,0.078249,0.125332,1.500000,17.918248,38.625059,0.000000,circle,预设轨迹15,forward
1775478886.228008,16.499449,1775478918.430785|完整运动,完整运动,circle_orbit,1,1.000000,1.500000,1.500000,,,,,,,,,,,,,,,,1.127367,0.090106,1.096767,0.103987,0.000000,0.000000,-0.223727,,0.130342,0.000000,,,,0.079926,0.125275,1.500000,17.941602,38.601705,0.000000,circle,预设轨迹15,forward
1775478886.263152,16.534593,1775478918.430785|完整运动,完整运动,circle_orbit,1,1.000000,1.500000,1.500000,,,,,,,,,,,,,,,,1.126867,0.094233,1.096870,0.125188,0.000000,0.000000,-0.217101,,0.133206,0.000000,,,,0.083624,0.125219,1.500000,17.988909,38.554398,0.000000,circle,预设轨迹15,forward
1775478886.283819,16.555260,1775478918.430785|完整运动,完整运动,circle_orbit,1,1.000000,1.500000,1.500000,,,,,,,,,,,,,,,,1.126382,0.095881,1.097323,0.108241,0.000000,0.000000,-0.213828,,0.134309,0.000000,,,,0.085123,0.125165,1.500000,18.012621,38.530686,0.000000,circle,预设轨迹15,forward
1775478886.309012,16.580454,1775478918.430785|完整运动,完整运动,circle_orbit,1,1.000000,1.500000,1.500000,,,,,,,,,,,,,,,,1.125917,0.097685,1.097995,0.111213,0.000000,0.000000,-0.210306,,0.135351,0.000000,,,,0.086760,0.125114,1.500000,18.035897,38.507409,0.000000,circle,预设轨迹15,forward
1775478886.333371,16.604813,1775478918.430785|完整运动,完整运动,circle_orbit,1,1.000000,1.500000,1.500000,,,,,,,,,,,,,,,,1.125468,0.099548,1.098550,0.113519,0.000000,0.000000,-0.206665,,0.136538,0.000000,,,,0.088450,0.125064,1.500000,18.059183,38.484124,0.000000,circle,预设轨迹15,forward
1775478886.354239,16.625681,1775478918.430785|完整运动,完整运动,circle_orbit,1,1.000000,1.500000,1.500000,,,,,,,,,,,,,,,,1.125040,0.104204,1.099369,0.139128,0.000000,0.000000,-0.199023,,0.139298,0.000000,,,,0.092623,0.125016,1.500000,18.105722,38.437584,0.000000,circle,预设轨迹15,forward
1775478886.386446,16.657887,1775478918.430785|完整运动,完整运动,circle_orbit,1,1.000000,1.500000,1.500000,,,,,,,,,,,,,,,,1.124629,0.106080,1.099936,0.120149,0.000000,0.000000,-0.195145,,0.140583,0.000000,,,,0.094324,0.124971,1.500000,18.128935,38.414372,0.000000,circle,预设轨迹15,forward
1775478886.419117,16.690558,1775478918.430785|完整运动,完整运动,circle_orbit,1,1.000000,1.500000,1.500000,,,,,,,,,,,,,,,,1.124243,0.110558,1.101073,0.144142,0.000000,0.000000,-0.187547,,0.143080,0.000000,,,,0.098340,0.124928,1.500000,18.175103,38.368203,0.000000,circle,预设轨迹15,forward
1775478886.439492,16.710933,1775478918.430785|完整运动,完整运动,circle_orbit,1,1.000000,1.500000,1.500000,,,,,,,,,,,,,,,,1.123877,0.112201,1.101927,0.124528,0.000000,0.000000,-0.183807,,0.144082,0.000000,,,,0.099834,0.124887,1.500000,18.198124,38.345182,0.000000,circle,预设轨迹15,forward
1775478886.468240,16.739681,1775478918.430785|完整运动,完整运动,circle_orbit,1,1.000000,1.500000,1.500000,,,,,,,,,,,,,,,,1.123541,0.116205,1.103383,0.146232,0.000000,0.000000,-0.176710,,0.146115,0.000000,,,,0.103428,0.124850,1.500000,18.244121,38.299186,0.000000,circle,预设轨迹15,forward
1775478886.497782,16.769223,1775478918.430785|完整运动,完整运动,circle_orbit,1,1.000000,1.500000,1.500000,,,,,,,,,,,,,,,,1.123210,0.115114,1.103383,0.106928,0.000000,0.000000,-0.176710,,0.146115,0.000000,,,,0.102486,0.124813,1.500000,18.244121,38.299186,0.000000,circle,预设轨迹15,forward
1775478886.518261,16.789702,1775478918.430785|完整运动,完整运动,circle_orbit,1,1.000000,1.500000,1.500000,,,,,,,,,,,,,,,,1.122926,0.118856,1.105832,0.146928,0.000000,0.000000,-0.169605,,0.147391,0.000000,,,,0.105845,0.124781,1.500000,18.290201,38.253106,0.000000,circle,预设轨迹15,forward
1775478886.538966,16.810407,1775478918.430785|完整运动,完整运动,circle_orbit,1,1.000000,1.500000,1.500000,,,,,,,,,,,,,,,,1.122684,0.120607,1.108203,0.133735,0.000000,0.000000,-0.165611,,0.147352,0.000000,,,,0.107427,0.124755,1.500000,18.313088,38.230219,0.000000,circle,预设轨迹15,forward
1775478886.562434,16.833875,1775478918.430785|完整运动,完整运动,circle_orbit,1,1.000000,1.500000,1.500000,,,,,,,,,,,,,,,,1.122476,0.122410,1.109969,0.135935,0.000000,0.000000,-0.161523,,0.147823,0.000000,,,,0.109054,0.124731,1.500000,18.335660,38.207647,0.000000,circle,预设轨迹15,forward
1775478886.589415,16.860856,1775478918.430785|完整运动,完整运动,circle_orbit,1,1.000000,1.500000,1.500000,,,,,,,,,,,,,,,,1.122344,0.127200,1.114465,0.163125,0.000000,0.000000,-0.153170,,0.148129,0.000000,,,,0.113334,0.124717,1.500000,18.380540,38.162767,0.000000,circle,预设轨迹15,forward
1775478886.615083,16.886524,1775478918.430785|完整运动,完整运动,circle_orbit,1,1.000000,1.500000,1.500000,,,,,,,,,,,,,,,,1.122250,0.128905,1.116586,0.141694,0.000000,0.000000,-0.149015,,0.148377,0.000000,,,,0.114863,0.124706,1.500000,18.403082,38.140224,0.000000,circle,预设轨迹15,forward
1775478886.650570,16.922011,1775478918.430785|完整运动,完整运动,circle_orbit,1,1.000000,1.500000,1.500000,,,,,,,,,,,,,,,,1.122187,0.130518,1.118389,0.142610,0.000000,0.000000,-0.144984,,0.148816,0.000000,,,,0.116307,0.124699,1.500000,18.425776,38.117531,0.000000,circle,预设轨迹15,forward
1775478886.670919,16.942361,1775478918.430785|完整运动,完整运动,circle_orbit,1,1.000000,1.500000,1.500000,,,,,,,,,,,,,,,,1.122202,0.135016,1.123108,0.168752,0.000000,0.000000,-0.136848,,0.148910,0.000000,,,,0.120313,0.124701,1.500000,18.471211,38.072095,0.000000,circle,预设轨迹15,forward
1775478886.698591,16.970032,1775478918.430785|完整运动,完整运动,circle_orbit,1,1.000000,1.500000,1.500000,,,,,,,,,,,,,,,,1.122259,0.136509,1.125664,0.147709,0.000000,0.000000,-0.132818,,0.148806,0.000000,,,,0.121638,0.124707,1.500000,18.493999,38.049307,0.000000,circle,预设轨迹15,forward
1775478886.720164,16.991606,1775478918.430785|完整运动,完整运动,circle_orbit,1,1.000000,1.500000,1.500000,,,,,,,,,,,,,,,,1.122364,0.138057,1.128670,0.149663,0.000000,0.000000,-0.128716,,0.148411,0.000000,,,,0.123005,0.124719,1.500000,18.516830,38.026477,0.000000,circle,预设轨迹15,forward
1775478886.743699,17.015140,1775478918.430785|完整运动,完整运动,circle_orbit,1,1.000000,1.500000,1.500000,,,,,,,,,,,,,,,,1.122514,0.139633,1.131543,0.151456,0.000000,0.000000,-0.124574,,0.148143,0.000000,,,,0.124393,0.124736,1.500000,18.539723,38.003584,0.000000,circle,预设轨迹15,forward
1775478886.765129,17.036571,1775478918.430785|完整运动,完整运动,circle_orbit,1,1.000000,1.500000,1.500000,,,,,,,,,,,,,,,,1.122706,0.141215,1.134207,0.153077,0.000000,0.000000,-0.120422,,0.148043,0.000000,,,,0.125781,0.124757,1.500000,18.562663,37.980644,0.000000,circle,预设轨迹15,forward
1775478886.785900,17.057341,1775478918.430785|完整运动,完整运动,circle_orbit,1,1.000000,1.500000,1.500000,,,,,,,,,,,,,,,,1.122985,0.145793,1.139732,0.180129,0.000000,0.000000,-0.112009,,0.147775,0.000000,,,,0.129826,0.124788,1.500000,18.608276,37.935030,0.000000,circle,预设轨迹15,forward
1775478886.815965,17.087406,1775478918.430785|完整运动,完整运动,circle_orbit,1,1.000000,1.500000,1.500000,,,,,,,,,,,,,,,,1.123260,0.145126,1.139732,0.140129,0.000000,0.000000,-0.112009,,0.147775,0.000000,,,,0.129201,0.124818,1.500000,18.608276,37.935030,0.000000,circle,预设轨迹15,forward
1775478886.836469,17.107910,1775478918.430785|完整运动,完整运动,circle_orbit,1,1.000000,1.500000,1.500000,,,,,,,,,,,,,,,,1.123618,0.149244,1.145099,0.180129,0.000000,0.000000,-0.103584,,0.147665,0.000000,,,,0.132825,0.124858,1.500000,18.653502,37.889805,0.000000,circle,预设轨迹15,forward
1775478886.861085,17.132527,1775478918.430785|完整运动,完整运动,circle_orbit,1,1.000000,1.500000,1.500000,,,,,,,,,,,,,,,,1.124008,0.150628,1.147444,0.161008,0.000000,0.000000,-0.099486,,0.147813,0.000000,,,,0.134010,0.124902,1.500000,18.676084,37.867222,0.000000,circle,预设轨迹15,forward
1775478886.892918,17.164360,1775478918.430785|完整运动,完整运动,circle_orbit,1,1.000000,1.500000,1.500000,,,,,,,,,,,,,,,,1.124438,0.151961,1.150231,0.161957,0.000000,0.000000,-0.095475,,0.147616,0.000000,,,,0.135144,0.124949,1.500000,18.698729,37.844577,0.000000,circle,预设轨迹15,forward
1775478886.913345,17.184786,1775478918.430785|完整运动,完整运动,circle_orbit,1,1.000000,1.500000,1.500000,,,,,,,,,,,,,,,,1.124965,0.156014,1.156592,0.186406,0.000000,0.000000,-0.087613,,0.146628,0.000000,,,,0.138683,0.125008,1.500000,18.744041,37.799266,0.000000,circle,预设轨迹15,forward
1775478886.939912,17.211353,1775478918.430785|完整运动,完整运动,circle_orbit,1,1.000000,1.500000,1.500000,,,,,,,,,,,,,,,,1.125484,0.154883,1.156592,0.146406,0.000000,0.000000,-0.087613,,0.146628,0.000000,,,,0.137615,0.125066,1.500000,18.744041,37.799266,0.000000,circle,预设轨迹15,forward
1775478886.970415,17.241857,1775478918.430785|完整运动,完整运动,circle_orbit,1,1.000000,1.500000,1.500000,,,,,,,,,,,,,,,,1.126117,0.158592,1.164124,0.186406,0.000000,0.000000,-0.079994,,0.144770,0.000000,,,,0.140831,0.125136,1.500000,18.789146,37.754161,0.000000,circle,预设轨迹15,forward
1775478886.990945,17.262386,1775478918.430785|完整运动,完整运动,circle_orbit,1,1.000000,1.500000,1.500000,,,,,,,,,,,,,,,,1.126861,0.162370,1.171510,0.190709,0.000000,0.000000,-0.072380,,0.143077,0.000000,,,,0.144091,0.125219,1.500000,18.834001,37.709306,0.000000,circle,预设轨迹15,forward
1775478887.014690,17.286131,1775478918.430785|完整运动,完整运动,circle_orbit,1,1.000000,1.500000,1.500000,,,,,,,,,,,,,,,,1.127650,0.163351,1.174999,0.170708,0.000000,0.000000,-0.068625,,0.142370,0.000000,,,,0.144860,0.125306,1.500000,18.856317,37.686990,0.000000,circle,预设轨迹15,forward
1775478887.044262,17.315703,1775478918.430785|完整运动,完整运动,circle_orbit,1,1.000000,1.500000,1.500000,,,,,,,,,,,,,,,,1.128485,0.164316,1.178552,0.171557,0.000000,0.000000,-0.064931,,0.141607,0.000000,,,,0.145608,0.125399,1.500000,18.878595,37.664712,0.000000,circle,预设轨迹15,forward
1775478887.066737,17.338178,1775478918.430785|完整运动,完整运动,circle_orbit,1,1.000000,1.500000,1.500000,,,,,,,,,,,,,,,,1.129371,0.165352,1.182538,0.173120,0.000000,0.000000,-0.061173,,0.140596,0.000000,,,,0.146411,0.125498,1.500000,18.900991,37.642315,0.000000,circle,预设轨迹15,forward
1775478887.094948,17.366389,1775478918.430785|完整运动,完整运动,circle_orbit,1,1.000000,1.500000,1.500000,,,,,,,,,,,,,,,,1.130318,0.166460,1.187117,0.174772,0.000000,0.000000,-0.057339,,0.139242,0.000000,,,,0.147269,0.125603,1.500000,18.923473,37.619834,0.000000,circle,预设轨迹15,forward
1775478887.140193,17.411635,1775478918.430785|完整运动,完整运动,circle_orbit,1,1.000000,1.500000,1.500000,,,,,,,,,,,,,,,,1.131404,0.170314,1.196589,0.199214,0.000000,0.000000,-0.049619,,0.136422,0.000000,,,,0.150533,0.125723,1.500000,18.968560,37.574747,0.000000,circle,预设轨迹15,forward
1775478887.173180,17.444621,1775478918.430785|完整运动,完整运动,circle_orbit,1,1.000000,1.500000,1.500000,,,,,,,,,,,,,,,,1.132702,0.176918,1.210569,0.226451,0.000000,0.000000,-0.037853,,0.132604,0.000000,,,,0.156191,0.125868,1.500000,19.036298,37.507009,0.000000,circle,预设轨迹15,forward
1775478887.210565,17.482006,1775478918.430785|完整运动,完整运动,circle_orbit,1,1.000000,1.500000,1.500000,,,,,,,,,,,,,,,,1.134058,0.178040,1.215426,0.186451,0.000000,0.000000,-0.033849,,0.131289,0.000000,,,,0.156993,0.126018,1.500000,19.058906,37.484401,0.000000,circle,预设轨迹15,forward
1775478887.231863,17.503305,1775478918.430785|完整运动,完整运动,circle_orbit,1,1.000000,1.500000,1.500000,,,,,,,,,,,,,,,,1.135552,0.181794,1.225164,0.209952,0.000000,0.000000,-0.025877,,0.128702,0.000000,,,,0.160093,0.126184,1.500000,19.104255,37.439052,0.000000,circle,预设轨迹15,forward
1775478887.252954,17.524395,1775478918.430785|完整运动,完整运动,circle_orbit,1,1.000000,1.500000,1.500000,,,,,,,,,,,,,,,,1.137107,0.182712,1.230414,0.189599,0.000000,0.000000,-0.021829,,0.127236,0.000000,,,,0.160682,0.126357,1.500000,19.126906,37.416400,0.000000,circle,预设轨迹15,forward
1775478887.287236,17.558677,1775478918.430785|完整运动,完整运动,circle_orbit,1,1.000000,1.500000,1.500000,,,,,,,,,,,,,,,,1.138718,0.183615,1.235388,0.190386,0.000000,0.000000,-0.017857,,0.125934,0.000000,,,,0.161247,0.126536,1.500000,19.149538,37.393768,0.000000,circle,预设轨迹15,forward
1775478887.310073,17.581514,1775478918.430785|完整运动,完整运动,circle_orbit,1,1.000000,1.500000,1.500000,,,,,,,,,,,,,,,,1.140470,0.187168,1.245597,0.213817,0.000000,0.000000,-0.010162,,0.123134,0.000000,,,,0.164115,0.126731,1.500000,19.194980,37.348326,0.000000,circle,预设轨迹15,forward
1775478887.331386,17.602827,1775478918.430785|完整运动,完整运动,circle_orbit,1,1.000000,1.500000,1.500000,,,,,,,,,,,,,,,,1.142280,0.187883,1.250880,0.193243,0.000000,0.000000,-0.006403,,0.121627,0.000000,,,,0.164481,0.126932,1.500000,19.217795,37.325512,0.000000,circle,预设轨迹15,forward
1775478887.364561,17.636003,1775478918.430785|完整运动,完整运动,circle_orbit,1,1.000000,1.500000,1.500000,,,,,,,,,,,,,,,,1.144158,0.188611,1.256859,0.194067,0.000000,0.000000,-0.002682,,0.119715,0.000000,,,,0.164847,0.127141,1.500000,19.240660,37.302647,0.000000,circle,预设轨迹15,forward
1775478887.386357,17.657798,1775478918.430785|完整运动,完整运动,circle_orbit,1,1.000000,1.500000,1.500000,,,,,,,,,,,,,,,,1.146091,0.192035,1.262049,0.217723,0.000000,0.000000,0.004827,,0.115694,0.000000,,,,0.167557,0.127356,1.500000,19.286210,37.257096,0.000000,circle,预设轨迹15,forward
1775478887.407633,17.679074,1775478918.430785|完整运动,完整运动,circle_orbit,1,1.000000,1.500000,1.500000,,,,,,,,,,,,,,,,1.148001,0.192699,1.262611,0.197674,0.000000,0.000000,0.008510,,0.113727,0.000000,,,,0.167856,0.127568,1.500000,19.308853,37.234453,0.000000,circle,预设轨迹15,forward
1775478887.440994,17.712435,1775478918.430785|完整运动,完整运动,circle_orbit,1,1.000000,1.500000,1.500000,,,,,,,,,,,,,,,,1.149889,0.193276,1.263143,0.197603,0.000000,0.000000,0.012014,,0.111856,0.000000,,,,0.168082,0.127778,1.500000,19.331506,37.211800,0.000000,circle,预设轨迹15,forward
1775478887.462084,17.733525,1775478918.430785|完整运动,完整运动,circle_orbit,1,1.000000,1.500000,1.500000,,,,,,,,,,,,,,,,1.151763,0.193826,1.264196,0.197951,0.000000,0.000000,0.015427,,0.109721,0.000000,,,,0.168286,0.127986,1.500000,19.354106,37.189200,0.000000,circle,预设轨迹15,forward
1775478887.482761,17.754203,1775478918.430785|完整运动,完整运动,circle_orbit,1,1.000000,1.500000,1.500000,,,,,,,,,,,,,,,,1.153627,0.194374,1.265467,0.198484,0.000000,0.000000,0.018785,,0.107483,0.000000,,,,0.168489,0.128193,1.500000,19.376650,37.166657,0.000000,circle,预设轨迹15,forward
1775478887.522025,17.793466,1775478918.430785|完整运动,完整运动,circle_orbit,1,1.000000,1.500000,1.500000,,,,,,,,,,,,,,,,1.155522,0.197208,1.269235,0.218461,0.000000,0.000000,0.025356,,0.102364,0.000000,,,,0.170665,0.128403,1.500000,19.421949,37.121357,0.000000,circle,预设轨迹15,forward
1775478887.554995,17.826436,1775478918.430785|完整运动,完整运动,circle_orbit,1,1.000000,1.500000,1.500000,,,,,,,,,,,,,,,,1.157454,0.200005,1.273413,0.220987,0.000000,0.000000,0.031966,,0.097002,0.000000,,,,0.172797,0.128618,1.500000,19.467225,37.076081,0.000000,circle,预设轨迹15,forward
1775478887.581546,17.852987,1775478918.430785|完整运动,完整运动,circle_orbit,1,1.000000,1.500000,1.500000,,,,,,,,,,,,,,,,1.159387,0.200409,1.275328,0.203435,0.000000,0.000000,0.035250,,0.094437,0.000000,,,,0.172857,0.128833,1.500000,19.489838,37.053469,0.000000,circle,预设轨迹15,forward
1775478887.601887,17.873328,1775478918.430785|完整运动,完整运动,circle_orbit,1,1.000000,1.500000,1.500000,,,,,,,,,,,,,,,,1.161326,0.200921,1.277680,0.204762,0.000000,0.000000,0.038632,,0.091580,0.000000,,,,0.173010,0.129048,1.500000,19.512594,37.030712,0.000000,circle,预设轨迹15,forward
1775478887.631344,17.902786,1775478918.430785|完整运动,完整运动,circle_orbit,1,1.000000,1.500000,1.500000,,,,,,,,,,,,,,,,1.163265,0.201463,1.279612,0.205534,0.000000,0.000000,0.042011,,0.088970,0.000000,,,,0.173188,0.129264,1.500000,19.535365,37.007942,0.000000,circle,预设轨迹15,forward
1775478887.657810,17.929252,1775478918.430785|完整运动,完整运动,circle_orbit,1,1.000000,1.500000,1.500000,,,,,,,,,,,,,,,,1.165215,0.204306,1.282217,0.225625,0.000000,0.000000,0.048624,,0.084543,0.000000,,,,0.175338,0.129481,1.500000,19.581075,36.962231,0.000000,circle,预设轨迹15,forward
1775478887.678163,17.949605,1775478918.430785|完整运动,完整运动,circle_orbit,1,1.000000,1.500000,1.500000,,,,,,,,,,,,,,,,1.167156,0.204717,1.283594,0.207798,0.000000,0.000000,0.051865,,0.082318,0.000000,,,,0.175398,0.129696,1.500000,19.603897,36.939410,0.000000,circle,预设轨迹15,forward
1775478887.709471,17.980912,1775478918.430785|完整运动,完整运动,circle_orbit,1,1.000000,1.500000,1.500000,,,,,,,,,,,,,,,,1.169095,0.205065,1.285440,0.207674,0.000000,0.000000,0.054967,,0.079890,0.000000,,,,0.175405,0.129912,1.500000,19.626708,36.916599,0.000000,circle,预设轨迹15,forward
1775478887.737384,18.008825,1775478918.430785|完整运动,完整运动,circle_orbit,1,1.000000,1.500000,1.500000,,,,,,,,,,,,,,,,1.171025,0.205347,1.286800,0.207462,0.000000,0.000000,0.057925,,0.077804,0.000000,,,,0.175357,0.130126,1.500000,19.649724,36.893582,0.000000,circle,预设轨迹15,forward
1775478887.757753,18.029194,1775478918.430785|完整运动,完整运动,circle_orbit,1,1.000000,1.500000,1.500000,,,,,,,,,,,,,,,,1.172972,0.207411,1.289816,0.222895,0.000000,0.000000,0.063372,,0.073680,0.000000,,,,0.176825,0.130343,1.500000,19.696172,36.847135,0.000000,circle,预设轨迹15,forward
1775478887.784003,18.055444,1775478918.430785|完整运动,完整运动,circle_orbit,1,1.000000,1.500000,1.500000,,,,,,,,,,,,,,,,1.174913,0.207424,1.291403,0.207520,0.000000,0.000000,0.065951,,0.071640,0.000000,,,,0.176544,0.130558,1.500000,19.719719,36.823588,0.000000,circle,预设轨迹15,forward
1775478887.819127,18.090569,1775478918.430785|完整运动,完整运动,circle_orbit,1,1.000000,1.500000,1.500000,,,,,,,,,,,,,,,,1.176854,0.207453,1.293292,0.207666,0.000000,0.000000,0.068490,,0.069451,0.000000,,,,0.176277,0.130774,1.500000,19.743272,36.800035,0.000000,circle,预设轨迹15,forward
1775478887.839807,18.111248,1775478918.430785|完整运动,完整运动,circle_orbit,1,1.000000,1.500000,1.500000,,,,,,,,,,,,,,,,1.178788,0.208969,1.294838,0.220340,0.000000,0.000000,0.073085,,0.066543,0.000000,,,,0.177274,0.130989,1.500000,19.790447,36.752860,0.000000,circle,预设轨迹15,forward
1775478887.865571,18.137012,1775478918.430785|完整运动,完整运动,circle_orbit,1,1.000000,1.500000,1.500000,,,,,,,,,,,,,,,,1.180717,0.208678,1.296444,0.206498,0.000000,0.000000,0.075137,,0.064734,0.000000,,,,0.176738,0.131203,1.500000,19.813987,36.729320,0.000000,circle,预设轨迹15,forward
1775478887.896550,18.167991,1775478918.430785|完整运动,完整运动,circle_orbit,1,1.000000,1.500000,1.500000,,,,,,,,,,,,,,,,1.182661,0.208464,1.299292,0.206859,0.000000,0.000000,0.077226,,0.062221,0.000000,,,,0.176267,0.131419,1.500000,19.837559,36.705748,0.000000,circle,预设轨迹15,forward
1775478887.917275,18.188716,1775478918.430785|完整运动,完整运动,circle_orbit,1,1.000000,1.500000,1.500000,,,,,,,,,,,,,,,,1.184689,0.209738,1.306358,0.219296,0.000000,0.000000,0.081379,,0.056472,0.000000,,,,0.177041,0.131645,1.500000,19.885098,36.658208,0.000000,circle,预设轨迹15,forward
1775478887.943472,18.214913,1775478918.430785|完整运动,完整运动,circle_orbit,1,1.000000,1.500000,1.500000,,,,,,,,,,,,,,,,1.186753,0.209684,1.310637,0.209279,0.000000,0.000000,0.083667,,0.053112,0.000000,,,,0.176687,0.131874,1.500000,19.908732,36.634574,0.000000,circle,预设轨迹15,forward
1775478887.971415,18.242856,1775478918.430785|完整运动,完整运动,circle_orbit,1,1.000000,1.500000,1.500000,,,,,,,,,,,,,,,,1.188849,0.209684,1.314560,0.209682,0.000000,0.000000,0.085981,,0.049949,0.000000,,,,0.176376,0.132107,1.500000,19.932226,36.611081,0.000000,circle,预设轨迹15,forward
1775478887.991855,18.263296,1775478918.430785|完整运动,完整运动,circle_orbit,1,1.000000,1.500000,1.500000,,,,,,,,,,,,,,,,1.191023,0.211269,1.321461,0.223155,0.000000,0.000000,0.090513,,0.044210,0.000000,,,,0.177384,0.132348,1.500000,19.979172,36.564134,0.000000,circle,预设轨迹15,forward
1775478888.021531,18.292972,1775478918.430785|完整运动,完整运动,circle_orbit,1,1.000000,1.500000,1.500000,,,,,,,,,,,,,,,,1.193217,0.211200,1.324875,0.210686,0.000000,0.000000,0.092737,,0.041394,0.000000,,,,0.177001,0.132592,1.500000,20.002833,36.540474,0.000000,circle,预设轨迹15,forward
1775478888.053815,18.325257,1775478918.430785|完整运动,完整运动,circle_orbit,1,1.000000,1.500000,1.500000,,,,,,,,,,,,,,,,1.195498,0.212794,1.332372,0.224750,0.000000,0.000000,0.097286,,0.035390,0.000000,,,,0.177996,0.132846,1.500000,20.050296,36.493011,0.000000,circle,预设轨迹15,forward
1775478888.074184,18.345626,1775478918.430785|完整运动,完整运动,circle_orbit,1,1.000000,1.500000,1.500000,,,,,,,,,,,,,,,,1.197803,0.212706,1.336088,0.212039,0.000000,0.000000,0.099487,,0.032455,0.000000,,,,0.177580,0.133102,1.500000,20.073935,36.469372,0.000000,circle,预设轨迹15,forward
1775478888.101188,18.372629,1775478918.430785|完整运动,完整运动,circle_orbit,1,1.000000,1.500000,1.500000,,,,,,,,,,,,,,,,1.200070,0.211111,1.336088,0.199154,0.000000,0.000000,0.099487,,0.032455,0.000000,,,,0.175916,0.133354,1.500000,20.073935,36.469372,0.000000,circle,预设轨迹15,forward
1775478888.127368,18.398810,1775478918.430785|完整运动,完整运动,circle_orbit,1,1.000000,1.500000,1.500000,,,,,,,,,,,,,,,,1.202413,0.212496,1.342995,0.222881,0.000000,0.000000,0.103600,,0.027018,0.000000,,,,0.176725,0.133614,1.500000,20.121324,36.421982,0.000000,circle,预设轨迹15,forward
1775478888.148298,18.419739,1775478918.430785|完整运动,完整运动,circle_orbit,1,1.000000,1.500000,1.500000,,,,,,,,,,,,,,,,1.204860,0.213581,1.351688,0.221718,0.000000,0.000000,0.107339,,0.020867,0.000000,,,,0.177266,0.133886,1.500000,20.169302,36.374004,0.000000,circle,预设轨迹15,forward
1775478888.175167,18.446608,1775478918.430785|完整运动,完整运动,circle_orbit,1,1.000000,1.500000,1.500000,,,,,,,,,,,,,,,,1.207267,0.212028,1.351688,0.200383,0.000000,0.000000,0.107339,,0.020867,0.000000,,,,0.175627,0.134153,1.500000,20.169302,36.374004,0.000000,circle,预设轨迹15,forward
1775478888.209694,18.481135,1775478918.430785|完整运动,完整运动,circle_orbit,1,1.000000,1.500000,1.500000,,,,,,,,,,,,,,,,1.209800,0.212948,1.361785,0.219846,0.000000,0.000000,0.110743,,0.014211,0.000000,,,,0.176019,0.134435,1.500000,20.217126,36.326181,0.000000,circle,预设轨迹15,forward
1775478888.237447,18.508888,1775478918.430785|完整运动,完整运动,circle_orbit,1,1.000000,1.500000,1.500000,,,,,,,,,,,,,,,,1.212343,0.212424,1.364893,0.208495,0.000000,0.000000,0.112108,,0.012036,0.000000,,,,0.175218,0.134718,1.500000,20.240534,36.302772,0.000000,circle,预设轨迹15,forward
1775478888.272684,18.544126,1775478918.430785|完整运动,完整运动,circle_orbit,1,1.000000,1.500000,1.500000,,,,,,,,,,,,,,,,1.214965,0.212369,1.372314,0.211952,0.000000,0.000000,0.114083,,0.007444,0.000000,,,,0.174794,0.135009,1.500000,20.287484,36.255823,0.000000,circle,预设轨迹15,forward
1775478888.297942,18.569383,1775478918.430785|完整运动,完整运动,circle_orbit,1,1.000000,1.500000,1.500000,,,,,,,,,,,,,,,,1.217632,0.211546,1.377628,0.205375,0.000000,0.000000,0.114932,,0.004432,0.000000,,,,0.173735,0.135305,1.500000,20.311047,36.232260,0.000000,circle,预设轨迹15,forward
1775478888.318483,18.589924,1775478918.430785|完整运动,完整运动,circle_orbit,1,1.000000,1.500000,1.500000,,,,,,,,,,,,,,,,1.220299,0.211206,1.380349,0.208655,0.000000,0.000000,0.116409,,-0.002434,0.000000,,,,0.173077,0.135602,1.500000,20.358369,36.184937,0.000000,circle,预设轨迹15,forward
1775478888.349688,18.621129,1775478918.430785|完整运动,完整运动,circle_orbit,1,1.000000,1.500000,1.500000,,,,,,,,,,,,,,,,1.222638,0.210968,1.362965,0.209183,0.000000,0.000000,0.118006,,-0.010386,0.000000,,,,0.172551,0.135862,1.500000,20.405070,36.138237,0.000000,circle,预设轨迹15,forward
1775478888.390848,18.662289,1775478918.430785|完整运动,完整运动,circle_orbit,1,1.000000,1.500000,1.500000,,,,,,,,,,,,,,,,1.224938,0.209639,1.362965,0.199673,0.000000,0.000000,0.118006,,-0.010386,0.000000,,,,0.171142,0.136117,1.500000,20.405070,36.138237,0.000000,circle,预设轨迹15,forward
1775478888.424551,18.695992,1775478918.430785|完整运动,完整运动,circle_orbit,1,1.000000,1.500000,1.500000,,,,,,,,,,,,,,,,1.226775,0.210525,1.336982,0.217172,0.000000,0.000000,0.121098,,-0.022380,0.000000,,,,0.171609,0.136321,1.500000,20.473610,36.069697,0.000000,circle,预设轨迹15,forward
1775478888.455015,18.726456,1775478918.430785|完整运动,完整运动,circle_orbit,1,1.000000,1.500000,1.500000,,,,,,,,,,,,,,,,1.228484,0.209557,1.330983,0.202299,0.000000,0.000000,0.121588,,-0.025322,0.000000,,,,0.170582,0.136511,1.500000,20.496377,36.046930,0.000000,circle,预设轨迹15,forward
1775478888.475826,18.747267,1775478918.430785|完整运动,完整运动,circle_orbit,1,1.000000,1.500000,1.500000,,,,,,,,,,,,,,,,1.229984,0.208486,1.319999,0.200450,0.000000,0.000000,0.121874,,-0.031056,0.000000,,,,0.169503,0.136678,1.500000,20.542119,36.001187,0.000000,circle,预设轨迹15,forward
1775478888.501256,18.772697,1775478918.430785|完整运动,完整运动,circle_orbit,1,1.000000,1.500000,1.500000,,,,,,,,,,,,,,,,1.231386,0.207145,1.315493,0.197087,0.000000,0.000000,0.121705,,-0.033564,0.000000,,,,0.168221,0.136834,1.500000,20.565467,35.977840,0.000000,circle,预设轨迹15,forward
1775478888.542212,18.813653,1775478918.430785|完整运动,完整运动,circle_orbit,1,1.000000,1.500000,1.500000,,,,,,,,,,,,,,,,1.232618,0.205377,1.306553,0.192121,0.000000,0.000000,0.120860,,-0.038816,0.000000,,,,0.166619,0.136971,1.500000,20.612592,35.930715,0.000000,circle,预设轨迹15,forward
1775478888.572911,18.844352,1775478918.430785|完整运动,完整运动,circle_orbit,1,1.000000,1.500000,1.500000,,,,,,,,,,,,,,,,1.233753,0.203979,1.301843,0.193487,0.000000,0.000000,0.120438,,-0.041600,0.000000,,,,0.165332,0.137097,1.500000,20.636462,35.906845,0.000000,circle,预设轨迹15,forward
1775478888.612434,18.883875,1775478918.430785|完整运动,完整运动,circle_orbit,1,1.000000,1.500000,1.500000,,,,,,,,,,,,,,,,1.234714,0.202562,1.292407,0.191937,0.000000,0.000000,0.119928,,-0.047084,0.000000,,,,0.164056,0.137203,1.500000,20.684547,35.858760,0.000000,circle,预设轨迹15,forward
1775478888.633691,18.905132,1775478918.430785|完整运动,完整运动,circle_orbit,1,1.000000,1.500000,1.500000,,,,,,,,,,,,,,,,1.235499,0.201271,1.282611,0.191591,0.000000,0.000000,0.119537,,-0.052798,0.000000,,,,0.162907,0.137291,1.500000,20.733304,35.810003,0.000000,circle,预设轨迹15,forward
1775478888.654871,18.926312,1775478918.430785|完整运动,完整运动,circle_orbit,1,1.000000,1.500000,1.500000,,,,,,,,,,,,,,,,1.236203,0.200115,1.278426,0.191440,0.000000,0.000000,0.119276,,-0.055307,0.000000,,,,0.161878,0.137369,1.500000,20.757792,35.785515,0.000000,circle,预设轨迹15,forward
1775478888.693931,18.965372,1775478918.430785|完整运动,完整运动,circle_orbit,1,1.000000,1.500000,1.500000,,,,,,,,,,,,,,,,1.236833,0.198941,1.274650,0.190136,0.000000,0.000000,0.118937,,-0.057630,0.000000,,,,0.160847,0.137439,1.500000,20.782735,35.760572,0.000000,circle,预设轨迹15,forward
1775478888.727668,18.999109,1775478918.430785|完整运动,完整运动,circle_orbit,1,1.000000,1.500000,1.500000,,,,,,,,,,,,,,,,1.237323,0.197423,1.266721,0.186041,0.000000,0.000000,0.118070,,-0.062619,0.000000,,,,0.159557,0.137493,1.500000,20.832337,35.710969,0.000000,circle,预设轨迹15,forward
1775478888.756109,19.027550,1775478918.430785|完整运动,完整运动,circle_orbit,1,1.000000,1.500000,1.500000,,,,,,,,,,,,,,,,1.237733,0.196136,1.262339,0.186485,0.000000,0.000000,0.117466,,-0.065457,0.000000,,,,0.158464,0.137539,1.500000,20.857286,35.686021,0.000000,circle,预设轨迹15,forward
1775478888.776452,19.047893,1775478918.430785|完整运动,完整运动,circle_orbit,1,1.000000,1.500000,1.500000,,,,,,,,,,,,,,,,1.238034,0.194121,1.256038,0.179007,0.000000,0.000000,0.115785,,-0.069930,0.000000,,,,0.156798,0.137572,1.500000,20.908044,35.635263,0.000000,circle,预设轨迹15,forward
1775478888.801868,19.073309,1775478918.430785|完整运动,完整运动,circle_orbit,1,1.000000,1.500000,1.500000,,,,,,,,,,,,,,,,1.238261,0.192530,1.251898,0.180600,0.000000,0.000000,0.114620,,-0.072916,0.000000,,,,0.155484,0.137598,1.500000,20.933398,35.609909,0.000000,circle,预设轨迹15,forward
1775478888.834573,19.106014,1775478918.430785|完整运动,完整运动,circle_orbit,1,1.000000,1.500000,1.500000,,,,,,,,,,,,,,,,1.238301,0.190345,1.240717,0.173954,0.000000,0.000000,0.112571,,-0.080575,0.000000,,,,0.153714,0.137602,1.500000,20.983802,35.559504,0.000000,circle,预设轨迹15,forward
1775478888.855392,19.126833,1775478918.430785|完整运动,完整运动,circle_orbit,1,1.000000,1.500000,1.500000,,,,,,,,,,,,,,,,1.238258,0.189009,1.235693,0.178989,0.000000,0.000000,0.111643,,-0.084060,0.000000,,,,0.152641,0.137597,1.500000,21.008550,35.534757,0.000000,circle,预设轨迹15,forward
1775478888.879902,19.151343,1775478918.430785|完整运动,完整运动,circle_orbit,1,1.000000,1.500000,1.500000,,,,,,,,,,,,,,,,1.238165,0.187555,1.232592,0.176652,0.000000,0.000000,0.110507,,-0.086473,0.000000,,,,0.151478,0.137587,1.500000,21.033292,35.510015,0.000000,circle,预设轨迹15,forward
1775478888.913621,19.185062,1775478918.430785|完整运动,完整运动,circle_orbit,1,1.000000,1.500000,1.500000,,,,,,,,,,,,,,,,1.237930,0.185332,1.223801,0.168661,0.000000,0.000000,0.108250,,-0.092940,0.000000,,,,0.149712,0.137561,1.500000,21.082210,35.461097,0.000000,circle,预设轨迹15,forward
1775478888.934299,19.205740,1775478918.430785|完整运动,完整运动,circle_orbit,1,1.000000,1.500000,1.500000,,,,,,,,,,,,,,,,1.237637,0.183896,1.220083,0.173125,0.000000,0.000000,0.107027,,-0.095818,0.000000,,,,0.148586,0.137528,1.500000,21.106670,35.436636,0.000000,circle,预设轨迹15,forward
1775478888.959551,19.230992,1775478918.430785|完整运动,完整运动,circle_orbit,1,1.000000,1.500000,1.500000,,,,,,,,,,,,,,,,1.237285,0.182566,1.216139,0.172586,0.000000,0.000000,0.105918,,-0.098803,0.000000,,,,0.147553,0.137489,1.500000,21.130695,35.412611,0.000000,circle,预设轨迹15,forward
1775478888.993418,19.264859,1775478918.430785|完整运动,完整运动,circle_orbit,1,1.000000,1.500000,1.500000,,,,,,,,,,,,,,,,1.236865,0.180180,1.211670,0.162290,0.000000,0.000000,0.103285,,-0.102817,0.000000,,,,0.145675,0.137442,1.500000,21.179251,35.364056,0.000000,circle,预设轨迹15,forward
1775478889.014758,19.286199,1775478918.430785|完整运动,完整运动,circle_orbit,1,1.000000,1.500000,1.500000,,,,,,,,,,,,,,,,1.236408,0.178705,1.208960,0.167637,0.000000,0.000000,0.101856,,-0.105187,0.000000,,,,0.144535,0.137392,1.500000,21.203884,35.339423,0.000000,circle,预设轨迹15,forward
1775478889.038024,19.309465,1775478918.430785|完整运动,完整运动,circle_orbit,1,1.000000,1.500000,1.500000,,,,,,,,,,,,,,,,1.235901,0.177110,1.205514,0.165151,0.000000,0.000000,0.100224,,-0.108128,0.000000,,,,0.143304,0.137335,1.500000,21.228661,35.314645,0.000000,circle,预设轨迹15,forward
1775478889.080719,19.352161,1775478918.430785|完整运动,完整运动,circle_orbit,1,1.000000,1.500000,1.500000,,,,,,,,,,,,,,,,1.235349,0.175465,1.202226,0.163131,0.000000,0.000000,0.098483,,-0.111029,0.000000,,,,0.142037,0.137274,1.500000,21.253631,35.289676,0.000000,circle,预设轨迹15,forward
1775478889.102907,19.374348,1775478918.430785|完整运动,完整运动,circle_orbit,1,1.000000,1.500000,1.500000,,,,,,,,,,,,,,,,1.234714,0.172590,1.196627,0.151022,0.000000,0.000000,0.094961,,-0.116243,0.000000,,,,0.139781,0.137203,1.500000,21.303446,35.239860,0.000000,circle,预设轨迹15,forward
1775478889.124131,19.395572,1775478918.430785|完整运动,完整运动,circle_orbit,1,1.000000,1.500000,1.500000,,,,,,,,,,,,,,,,1.234062,0.170972,1.194923,0.158837,0.000000,0.000000,0.093118,,-0.118180,0.000000,,,,0.138544,0.137131,1.500000,21.328449,35.214858,0.000000,circle,预设轨迹15,forward
1775478889.149466,19.420907,1775478918.430785|完整运动,完整运动,circle_orbit,1,1.000000,1.500000,1.500000,,,,,,,,,,,,,,,,1.233387,0.169394,1.192867,0.157564,0.000000,0.000000,0.091295,,-0.120342,0.000000,,,,0.137341,0.137056,1.500000,21.353359,35.189948,0.000000,circle,预设轨迹15,forward
1775478889.170151,19.441592,1775478918.430785|完整运动,完整运动,circle_orbit,1,1.000000,1.500000,1.500000,,,,,,,,,,,,,,,,1.232647,0.166359,1.188244,0.143591,0.000000,0.000000,0.087379,,-0.125141,0.000000,,,,0.134961,0.136974,1.500000,21.403158,35.140149,0.000000,circle,预设轨迹15,forward
1775478889.194928,19.466369,1775478918.430785|完整运动,完整运动,circle_orbit,1,1.000000,1.500000,1.500000,,,,,,,,,,,,,,,,1.231919,0.166164,1.188244,0.164703,0.000000,0.000000,0.087379,,-0.125141,0.000000,,,,0.134882,0.136893,1.500000,21.403158,35.140149,0.000000,circle,预设轨迹15,forward
1775478889.221786,19.493227,1775478918.430785|完整运动,完整运动,circle_orbit,1,1.000000,1.500000,1.500000,,,,,,,,,,,,,,,,1.231162,0.162922,1.185785,0.138609,0.000000,0.000000,0.083102,,-0.128678,0.000000,,,,0.132332,0.136809,1.500000,21.452855,35.090452,0.000000,circle,预设轨迹15,forward
1775478889.242075,19.513516,1775478918.430785|完整运动,完整运动,circle_orbit,1,1.000000,1.500000,1.500000,,,,,,,,,,,,,,,,1.230406,0.161047,1.185018,0.146983,0.000000,0.000000,0.080643,,-0.130282,0.000000,,,,0.130889,0.136725,1.500000,21.477519,35.065787,0.000000,circle,预设轨迹15,forward
1775478889.270241,19.541683,1775478918.430785|完整运动,完整运动,circle_orbit,1,1.000000,1.500000,1.500000,,,,,,,,,,,,,,,,1.229622,0.157007,1.182617,0.126711,0.000000,0.000000,0.075075,,-0.134363,0.000000,,,,0.127687,0.136638,1.500000,21.526329,35.016977,0.000000,circle,预设轨迹15,forward
1775478889.299966,19.571407,1775478918.430785|完整运动,完整运动,circle_orbit,1,1.000000,1.500000,1.500000,,,,,,,,,,,,,,,,1.228852,0.157004,1.182617,0.156982,0.000000,0.000000,0.075075,,-0.134363,0.000000,,,,0.127765,0.136552,1.500000,21.526329,35.016977,0.000000,circle,预设轨迹15,forward
1775478889.320737,19.592178,1775478918.430785|完整运动,完整运动,circle_orbit,1,1.000000,1.500000,1.500000,,,,,,,,,,,,,,,,1.228024,0.153330,1.178356,0.125772,0.000000,0.000000,0.069937,,-0.139514,0.000000,,,,0.124859,0.136460,1.500000,21.574716,34.968590,0.000000,circle,预设轨迹15,forward
1775478889.350379,19.621820,1775478918.430785|完整运动,完整运动,circle_orbit,1,1.000000,1.500000,1.500000,,,,,,,,,,,,,,,,1.227142,0.150050,1.174244,0.125446,0.000000,0.000000,0.065235,,-0.144390,0.000000,,,,0.122276,0.136362,1.500000,21.622653,34.920653,0.000000,circle,预设轨迹15,forward
1775478889.382442,19.653883,1775478918.430785|完整运动,完整运动,circle_orbit,1,1.000000,1.500000,1.500000,,,,,,,,,,,,,,,,1.226275,0.150162,1.174244,0.151005,0.000000,0.000000,0.065235,,-0.144390,0.000000,,,,0.122454,0.136266,1.500000,21.622653,34.920653,0.000000,circle,预设轨迹15,forward
1775478889.404819,19.676260,1775478918.430785|完整运动,完整运动,circle_orbit,1,1.000000,1.500000,1.500000,,,,,,,,,,,,,,,,1.225403,0.146600,1.173074,0.119890,0.000000,0.000000,0.060097,,-0.147470,0.000000,,,,0.119635,0.136169,1.500000,21.670516,34.872790,0.000000,circle,预设轨迹15,forward
1775478889.426419,19.697860,1775478918.430785|完整运动,完整运动,circle_orbit,1,1.000000,1.500000,1.500000,,,,,,,,,,,,,,,,1.224513,0.142987,1.171105,0.115886,0.000000,0.000000,0.054766,,-0.151183,0.000000,,,,0.116771,0.136070,1.500000,21.718410,34.824897,0.000000,circle,预设轨迹15,forward
1775478889.458803,19.730244,1775478918.430785|完整运动,完整运动,circle_orbit,1,1.000000,1.500000,1.500000,,,,,,,,,,,,,,,,1.223637,0.143218,1.171105,0.144953,0.000000,0.000000,0.054766,,-0.151183,0.000000,,,,0.117043,0.135973,1.500000,21.718410,34.824897,0.000000,circle,预设轨迹15,forward
1775478889.481179,19.752621,1775478918.430785|完整运动,完整运动,circle_orbit,1,1.000000,1.500000,1.500000,,,,,,,,,,,,,,,,1.222727,0.139529,1.168089,0.111861,0.000000,0.000000,0.049295,,-0.155682,0.000000,,,,0.114113,0.135871,1.500000,21.766638,34.776669,0.000000,circle,预设轨迹15,forward
1775478889.502200,19.773641,1775478918.430785|完整运动,完整运动,circle_orbit,1,1.000000,1.500000,1.500000,,,,,,,,,,,,,,,,1.221808,0.137745,1.166680,0.124366,0.000000,0.000000,0.046402,,-0.157937,0.000000,,,,0.112739,0.135769,1.500000,21.790996,34.752311,0.000000,circle,预设轨迹15,forward
1775478889.527364,19.798805,1775478918.430785|完整运动,完整运动,circle_orbit,1,1.000000,1.500000,1.500000,,,,,,,,,,,,,,,,1.220895,0.135955,1.166111,0.122527,0.000000,0.000000,0.043478,,-0.159628,0.000000,,,,0.111357,0.135668,1.500000,21.815231,34.728076,0.000000,circle,预设轨迹15,forward
1775478889.547842,19.819283,1775478918.430785|完整运动,完整运动,circle_orbit,1,1.000000,1.500000,1.500000,,,,,,,,,,,,,,,,1.219968,0.131866,1.164349,0.101198,0.000000,0.000000,0.037275,,-0.163603,0.000000,,,,0.108090,0.135565,1.500000,21.863525,34.679782,0.000000,circle,预设轨迹15,forward
1775478889.575253,19.846694,1775478918.430785|完整运动,完整运动,circle_orbit,1,1.000000,1.500000,1.500000,,,,,,,,,,,,,,,,1.219056,0.132252,1.164349,0.135146,0.000000,0.000000,0.037275,,-0.163603,0.000000,,,,0.108487,0.135464,1.500000,21.863525,34.679782,0.000000,circle,预设轨迹15,forward
1775478889.606965,19.878407,1775478918.430785|完整运动,完整运动,circle_orbit,1,1.000000,1.500000,1.500000,,,,,,,,,,,,,,,,1.218153,0.128169,1.163937,0.097544,0.000000,0.000000,0.031031,,-0.166663,0.000000,,,,0.105216,0.135363,1.500000,21.911996,34.631311,0.000000,circle,预设轨迹15,forward
1775478889.627811,19.899252,1775478918.430785|完整运动,完整运动,circle_orbit,1,1.000000,1.500000,1.500000,,,,,,,,,,,,,,,,1.217254,0.124133,1.163320,0.093866,0.000000,0.000000,0.024712,,-0.169899,0.000000,,,,0.101978,0.135263,1.500000,21.960463,34.582843,0.000000,circle,预设轨迹15,forward
1775478889.659890,19.931331,1775478918.430785|完整运动,完整运动,circle_orbit,1,1.000000,1.500000,1.500000,,,,,,,,,,,,,,,,1.216370,0.124647,1.163320,0.128502,0.000000,0.000000,0.024712,,-0.169899,0.000000,,,,0.102475,0.135165,1.500000,21.960463,34.582843,0.000000,circle,预设轨迹15,forward
1775478889.686094,19.957536,1775478918.430785|完整运动,完整运动,circle_orbit,1,1.000000,1.500000,1.500000,,,,,,,,,,,,,,,,1.215514,0.120395,1.164152,0.088502,0.000000,0.000000,0.017747,,-0.172419,0.000000,,,,0.099048,0.135070,1.500000,22.008842,34.534465,0.000000,circle,预设轨迹15,forward
1775478889.707152,19.978593,1775478918.430785|完整运动,完整运动,circle_orbit,1,1.000000,1.500000,1.500000,,,,,,,,,,,,,,,,1.214681,0.115717,1.164706,0.080636,0.000000,0.000000,0.010363,,-0.175318,0.000000,,,,0.095266,0.134977,1.500000,22.057045,34.486261,0.000000,circle,预设轨迹15,forward
1775478889.735013,20.006454,1775478918.430785|完整运动,完整运动,circle_orbit,1,1.000000,1.500000,1.500000,,,,,,,,,,,,,,,,1.213861,0.116296,1.164706,0.120636,0.000000,0.000000,0.010363,,-0.175318,0.000000,,,,0.095806,0.134886,1.500000,22.057045,34.486261,0.000000,circle,预设轨迹15,forward
1775478889.764937,20.036378,1775478918.430785|完整运动,完整运动,circle_orbit,1,1.000000,1.500000,1.500000,,,,,,,,,,,,,,,,1.213088,0.112100,1.166687,0.080636,0.000000,0.000000,0.003151,,-0.177157,0.000000,,,,0.092409,0.134800,1.500000,22.104865,34.438441,0.000000,circle,预设轨迹15,forward
1775478889.785595,20.057036,1775478918.430785|完整运动,完整运动,circle_orbit,1,1.000000,1.500000,1.500000,,,,,,,,,,,,,,,,1.212259,0.107557,1.162519,0.073484,0.000000,0.000000,-0.004214,,-0.179565,0.000000,,,,0.088725,0.134708,1.500000,22.152425,34.390882,0.000000,circle,预设轨迹15,forward
1775478889.819265,20.090706,1775478918.430785|完整运动,完整运动,circle_orbit,1,1.000000,1.500000,1.500000,,,,,,,,,,,,,,,,1.211444,0.108255,1.162519,0.113484,0.000000,0.000000,-0.004214,,-0.179565,0.000000,,,,0.089360,0.134618,1.500000,22.152425,34.390882,0.000000,circle,预设轨迹15,forward
1775478889.849895,20.121336,1775478918.430785|完整运动,完整运动,circle_orbit,1,1.000000,1.500000,1.500000,,,,,,,,,,,,,,,,1.210495,0.104164,1.153605,0.073484,0.000000,0.000000,-0.011454,,-0.182579,0.000000,,,,0.086051,0.134512,1.500000,22.200292,34.343015,0.000000,circle,预设轨迹15,forward
1775478889.870363,20.141804,1775478918.430785|完整运动,完整运动,circle_orbit,1,1.000000,1.500000,1.500000,,,,,,,,,,,,,,,,1.209426,0.099560,1.145281,0.065035,0.000000,0.000000,-0.019040,,-0.185113,0.000000,,,,0.082320,0.134393,1.500000,22.247791,34.295515,0.000000,circle,预设轨迹15,forward
1775478889.899162,20.170603,1775478918.430785|完整运动,完整运动,circle_orbit,1,1.000000,1.500000,1.500000,,,,,,,,,,,,,,,,1.208375,0.100204,1.145281,0.105035,0.000000,0.000000,-0.019040,,-0.185113,0.000000,,,,0.082925,0.134277,1.500000,22.247791,34.295515,0.000000,circle,预设轨迹15,forward
1775478889.927876,20.199317,1775478918.430785|完整运动,完整运动,circle_orbit,1,1.000000,1.500000,1.500000,,,,,,,,,,,,,,,,1.207220,0.096067,1.137917,0.065035,0.000000,0.000000,-0.026855,,-0.186937,0.000000,,,,0.079577,0.134148,1.500000,22.295384,34.247923,0.000000,circle,预设轨迹15,forward
1775478889.948339,20.219780,1775478918.430785|完整运动,完整运动,circle_orbit,1,1.000000,1.500000,1.500000,,,,,,,,,,,,,,,,1.205979,0.091634,1.131550,0.058384,0.000000,0.000000,-0.034333,,-0.188249,0.000000,,,,0.075983,0.134010,1.500000,22.343446,34.199860,0.000000,circle,预设轨迹15,forward
1775478889.974166,20.245607,1775478918.430785|完整运动,完整运动,circle_orbit,1,1.000000,1.500000,1.500000,,,,,,,,,,,,,,,,1.204759,0.092428,1.131550,0.098384,0.000000,0.000000,-0.034333,,-0.188249,0.000000,,,,0.076719,0.133875,1.500000,22.343446,34.199860,0.000000,circle,预设轨迹15,forward
1775478890.006553,20.277994,1775478918.430785|完整运动,完整运动,circle_orbit,1,1.000000,1.500000,1.500000,,,,,,,,,,,,,,,,1.203483,0.088423,1.126948,0.058384,0.000000,0.000000,-0.041845,,-0.188293,0.000000,,,,0.073472,0.133733,1.500000,22.392012,34.151295,0.000000,circle,预设轨迹15,forward
1775478890.027124,20.298565,1775478918.430785|完整运动,完整运动,circle_orbit,1,1.000000,1.500000,1.500000,,,,,,,,,,,,,,,,1.202150,0.084013,1.122118,0.050936,0.000000,0.000000,-0.049420,,-0.188507,0.000000,,,,0.069885,0.133585,1.500000,22.440709,34.102598,0.000000,circle,预设轨迹15,forward
1775478890.050126,20.321567,1775478918.430785|完整运动,完整运动,circle_orbit,1,1.000000,1.500000,1.500000,,,,,,,,,,,,,,,,1.200793,0.082403,1.119426,0.070332,0.000000,0.000000,-0.053170,,-0.188849,0.000000,,,,0.068624,0.133434,1.500000,22.465175,34.078131,0.000000,circle,预设轨迹15,forward
1775478890.085211,20.356652,1775478918.430785|完整运动,完整运动,circle_orbit,1,1.000000,1.500000,1.500000,,,,,,,,,,,,,,,,1.199418,0.080728,1.116868,0.068165,0.000000,0.000000,-0.057010,,-0.189061,0.000000,,,,0.067306,0.133281,1.500000,22.489754,34.053553,0.000000,circle,预设轨迹15,forward
1775478890.105600,20.377042,1775478918.430785|完整运动,完整运动,circle_orbit,1,1.000000,1.500000,1.500000,,,,,,,,,,,,,,,,1.197984,0.076285,1.111968,0.042960,0.000000,0.000000,-0.064785,,-0.189304,0.000000,,,,0.063678,0.133122,1.500000,22.538378,34.004929,0.000000,circle,预设轨迹15,forward
1775478890.139444,20.410885,1775478918.430785|完整运动,完整运动,circle_orbit,1,1.000000,1.500000,1.500000,,,,,,,,,,,,,,,,1.196530,0.074630,1.109292,0.062222,0.000000,0.000000,-0.068749,,-0.189575,0.000000,,,,0.062372,0.132960,1.500000,22.562255,33.981051,0.000000,circle,预设轨迹15,forward
1775478890.171997,20.443438,1775478918.430785|完整运动,完整运动,circle_orbit,1,1.000000,1.500000,1.500000,,,,,,,,,,,,,,,,1.195063,0.072884,1.107026,0.059784,0.000000,0.000000,-0.072842,,-0.189486,0.000000,,,,0.060987,0.132797,1.500000,22.586017,33.957289,0.000000,circle,预设轨迹15,forward
1775478890.192572,20.464013,1775478918.430785|完整运动,完整运动,circle_orbit,1,1.000000,1.500000,1.500000,,,,,,,,,,,,,,,,1.193543,0.068089,1.102367,0.032127,0.000000,0.000000,-0.081268,,-0.189320,0.000000,,,,0.057048,0.132628,1.500000,22.633984,33.909323,0.000000,circle,预设轨迹15,forward
1775478890.218670,20.490111,1775478918.430785|完整运动,完整运动,circle_orbit,1,1.000000,1.500000,1.500000,,,,,,,,,,,,,,,,1.192049,0.068564,1.102367,0.072127,0.000000,0.000000,-0.081268,,-0.189320,0.000000,,,,0.057518,0.132462,1.500000,22.633984,33.909323,0.000000,circle,预设轨迹15,forward
1775478890.249943,20.521384,1775478918.430785|完整运动,完整运动,circle_orbit,1,1.000000,1.500000,1.500000,,,,,,,,,,,,,,,,1.190480,0.064277,1.096370,0.032127,0.000000,0.000000,-0.089263,,-0.190418,0.000000,,,,0.053993,0.132288,1.500000,22.681864,33.861443,0.000000,circle,预设轨迹15,forward
1775478890.270548,20.541989,1775478918.430785|完整运动,完整运动,circle_orbit,1,1.000000,1.500000,1.500000,,,,,,,,,,,,,,,,1.188854,0.059922,1.091280,0.027255,0.000000,0.000000,-0.097316,,-0.190827,0.000000,,,,0.050403,0.132107,1.500000,22.729930,33.813376,0.000000,circle,预设轨迹15,forward
1775478890.296778,20.568220,1775478918.430785|完整运动,完整运动,circle_orbit,1,1.000000,1.500000,1.500000,,,,,,,,,,,,,,,,1.187226,0.058462,1.089548,0.047517,0.000000,0.000000,-0.101388,,-0.190383,0.000000,,,,0.049243,0.131926,1.500000,22.754173,33.789134,0.000000,circle,预设轨迹15,forward
1775478890.336386,20.607827,1775478918.430785|完整运动,完整运动,circle_orbit,1,1.000000,1.500000,1.500000,,,,,,,,,,,,,,,,1.185586,0.057196,1.087169,0.047702,0.000000,0.000000,-0.105157,,-0.190591,0.000000,,,,0.048243,0.131744,1.500000,22.778373,33.764934,0.000000,circle,预设轨迹15,forward
1775478890.364897,20.636338,1775478918.430785|完整运动,完整运动,circle_orbit,1,1.000000,1.500000,1.500000,,,,,,,,,,,,,,,,1.183908,0.053561,1.083229,0.026299,0.000000,0.000000,-0.112257,,-0.190571,0.000000,,,,0.045241,0.131558,1.500000,22.826880,33.716426,0.000000,circle,预设轨迹15,forward
1775478890.389412,20.660853,1775478918.430785|完整运动,完整运动,circle_orbit,1,1.000000,1.500000,1.500000,,,,,,,,,,,,,,,,1.182213,0.050159,1.080545,0.024641,0.000000,0.000000,-0.119126,,-0.189668,0.000000,,,,0.042428,0.131369,1.500000,22.875005,33.668302,0.000000,circle,预设轨迹15,forward
1775478890.421855,20.693296,1775478918.430785|完整运动,完整运动,circle_orbit,1,1.000000,1.500000,1.500000,,,,,,,,,,,,,,,,1.180546,0.051648,1.080545,0.062815,0.000000,0.000000,-0.119126,,-0.189668,0.000000,,,,0.043749,0.131184,1.500000,22.875005,33.668302,0.000000,circle,预设轨迹15,forward
1775478890.442300,20.713742,1775478918.430785|完整运动,完整运动,circle_orbit,1,1.000000,1.500000,1.500000,,,,,,,,,,,,,,,,1.178871,0.048256,1.078342,0.022815,0.000000,0.000000,-0.125932,,-0.188415,0.000000,,,,0.040934,0.130998,1.500000,22.922926,33.620381,0.000000,circle,预设轨迹15,forward
1775478890.472202,20.743643,1775478918.430785|完整运动,完整运动,circle_orbit,1,1.000000,1.500000,1.500000,,,,,,,,,,,,,,,,1.177192,0.044357,1.076474,0.015117,0.000000,0.000000,-0.133499,,-0.186561,0.000000,,,,0.037681,0.130812,1.500000,22.970990,33.572317,0.000000,circle,预设轨迹15,forward
1775478890.498838,20.770279,1775478918.430785|完整运动,完整运动,circle_orbit,1,1.000000,1.500000,1.500000,,,,,,,,,,,,,,,,1.175524,0.043115,1.075412,0.033797,0.000000,0.000000,-0.137408,,-0.185683,0.000000,,,,0.036677,0.130626,1.500000,22.995188,33.548118,0.000000,circle,预设轨迹15,forward
1775478890.519208,20.790649,1775478918.430785|完整运动,完整运动,circle_orbit,1,1.000000,1.500000,1.500000,,,,,,,,,,,,,,,,1.173870,0.041886,1.074653,0.032672,0.000000,0.000000,-0.141269,,-0.184583,0.000000,,,,0.035682,0.130442,1.500000,23.019416,33.523891,0.000000,circle,预设轨迹15,forward
1775478890.549752,20.821194,1775478918.430785|完整运动,完整运动,circle_orbit,1,1.000000,1.500000,1.500000,,,,,,,,,,,,,,,,1.172221,0.040617,1.073245,0.031100,0.000000,0.000000,-0.145158,,-0.183998,0.000000,,,,0.034650,0.130259,1.500000,23.043452,33.499855,0.000000,circle,预设轨迹15,forward
1775478890.584126,20.855567,1775478918.430785|完整运动,完整运动,circle_orbit,1,1.000000,1.500000,1.500000,,,,,,,,,,,,,,,,1.170561,0.036303,1.070968,0.003947,0.000000,0.000000,-0.153355,,-0.182212,0.000000,,,,0.031013,0.130075,1.500000,23.091028,33.452278,0.000000,circle,预设轨迹15,forward
1775478890.604737,20.876178,1775478918.430785|完整运动,完整运动,circle_orbit,1,1.000000,1.500000,1.500000,,,,,,,,,,,,,,,,1.168887,0.032411,1.068464,0.003216,0.000000,0.000000,-0.161100,,-0.180821,0.000000,,,,0.027728,0.129889,1.500000,23.138515,33.404792,0.000000,circle,预设轨迹15,forward
1775478890.626555,20.897996,1775478918.430785|完整运动,完整运动,circle_orbit,1,1.000000,1.500000,1.500000,,,,,,,,,,,,,,,,1.167241,0.033682,1.068464,0.043216,0.000000,0.000000,-0.161100,,-0.180821,0.000000,,,,0.028856,0.129706,1.500000,23.138515,33.404792,0.000000,circle,预设轨迹15,forward
1775478890.661788,20.933229,1775478918.430785|完整运动,完整运动,circle_orbit,1,1.000000,1.500000,1.500000,,,,,,,,,,,,,,,,1.165601,0.032555,1.067228,0.024106,0.000000,0.000000,-0.164900,,-0.180148,0.000000,,,,0.027930,0.129524,1.500000,23.162264,33.381043,0.000000,circle,预设轨迹15,forward
1775478890.682310,20.953751,1775478918.430785|完整运动,完整运动,circle_orbit,1,1.000000,1.500000,1.500000,,,,,,,,,,,,,,,,1.163948,0.029024,1.064780,0.002538,0.000000,0.000000,-0.172087,,-0.178973,0.000000,,,,0.024936,0.129340,1.500000,23.209387,33.333920,0.000000,circle,预设轨迹15,forward
1775478890.710403,20.981844,1775478918.430785|完整运动,完整运动,circle_orbit,1,1.000000,1.500000,1.500000,,,,,,,,,,,,,,,,1.162307,0.028212,1.063856,0.022121,0.000000,0.000000,-0.175513,,-0.178215,0.000000,,,,0.024272,0.129158,1.500000,23.232877,33.310429,0.000000,circle,预设轨迹15,forward
1775478890.743959,21.015400,1775478918.430785|完整运动,完整运动,circle_orbit,1,1.000000,1.500000,1.500000,,,,,,,,,,,,,,,,1.160685,0.027380,1.063363,0.021143,0.000000,0.000000,-0.178919,,-0.177110,0.000000,,,,0.023590,0.128977,1.500000,23.256529,33.286778,0.000000,circle,预设轨迹15,forward
1775478890.764421,21.035862,1775478918.430785|完整运动,完整运动,circle_orbit,1,1.000000,1.500000,1.500000,,,,,,,,,,,,,,,,1.159069,0.024284,1.062088,0.001065,0.000000,0.000000,-0.185502,,-0.175242,0.000000,,,,0.020951,0.128798,1.500000,23.304317,33.238989,0.000000,circle,预设轨迹15,forward
1775478890.793597,21.065038,1775478918.430785|完整运动,完整运动,circle_orbit,1,1.000000,1.500000,1.500000,,,,,,,,,,,,,,,,1.157473,0.023684,1.061733,0.019185,0.000000,0.000000,-0.188623,,-0.174149,0.000000,,,,0.020462,0.128620,1.500000,23.328248,33.215058,0.000000,circle,预设轨迹15,forward
1775478890.823400,21.094841,1775478918.430785|完整运动,完整运动,circle_orbit,1,1.000000,1.500000,1.500000,,,,,,,,,,,,,,,,1.155909,0.020847,1.062016,-0.000432,0.000000,0.000000,-0.194877,,-0.171134,0.000000,,,,0.018035,0.128446,1.500000,23.375820,33.167487,0.000000,circle,预设轨迹15,forward
1775478890.843923,21.115364,1775478918.430785|完整运动,完整运动,circle_orbit,1,1.000000,1.500000,1.500000,,,,,,,,,,,,,,,,1.154378,0.020092,1.062529,0.014426,0.000000,0.000000,-0.198247,,-0.169210,0.000000,,,,0.017405,0.128276,1.500000,23.399446,33.143860,0.000000,circle,预设轨迹15,forward
1775478890.873557,21.144998,1775478918.430785|完整运动,完整运动,circle_orbit,1,1.000000,1.500000,1.500000,,,,,,,,,,,,,,,,1.152874,0.019263,1.062658,0.013047,0.000000,0.000000,-0.201680,,-0.167578,0.000000,,,,0.016709,0.128109,1.500000,23.423081,33.120226,0.000000,circle,预设轨迹15,forward
1775478890.911253,21.182694,1775478918.430785|完整运动,完整运动,circle_orbit,1,1.000000,1.500000,1.500000,,,,,,,,,,,,,,,,1.151392,0.018429,1.062490,0.012171,0.000000,0.000000,-0.205087,,-0.166203,0.000000,,,,0.016005,0.127945,1.500000,23.446747,33.096559,0.000000,circle,预设轨迹15,forward
1775478890.939158,21.210599,1775478918.430785|完整运动,完整运动,circle_orbit,1,1.000000,1.500000,1.500000,,,,,,,,,,,,,,,,1.149944,0.013079,1.063030,-0.027041,0.000000,0.000000,-0.214891,,-0.161397,0.000000,,,,0.011374,0.127784,1.500000,23.517757,33.025549,0.000000,circle,预设轨迹15,forward
1775478890.960361,21.231802,1775478918.430785|完整运动,完整运动,circle_orbit,1,1.000000,1.500000,1.500000,,,,,,,,,,,,,,,,1.148533,0.012359,1.063878,0.006955,0.000000,0.000000,-0.218337,,-0.159162,0.000000,,,,0.010760,0.127627,1.500000,23.541294,33.002013,0.000000,circle,预设轨迹15,forward
1775478890.995579,21.267021,1775478918.430785|完整运动,完整运动,circle_orbit,1,1.000000,1.500000,1.500000,,,,,,,,,,,,,,,,1.147153,0.011473,1.064359,0.004833,0.000000,0.000000,-0.221974,,-0.157148,0.000000,,,,0.010002,0.127474,1.500000,23.564751,32.978556,0.000000,circle,预设轨迹15,forward
1775478891.026251,21.297692,1775478918.430785|完整运动,完整运动,circle_orbit,1,1.000000,1.500000,1.500000,,,,,,,,,,,,,,,,1.145795,0.007762,1.064333,-0.020069,0.000000,0.000000,-0.229601,,-0.153779,0.000000,,,,0.006775,0.127323,1.500000,23.611848,32.931459,0.000000,circle,预设轨迹15,forward
1775478891.056450,21.327891,1775478918.430785|完整运动,完整运动,circle_orbit,1,1.000000,1.500000,1.500000,,,,,,,,,,,,,,,,1.144458,0.004899,1.064213,-0.016580,0.000000,0.000000,-0.236153,,-0.150966,0.000000,,,,0.004280,0.127174,1.500000,23.658605,32.884702,0.000000,circle,预设轨迹15,forward
1775478891.079524,21.350965,1775478918.430785|完整运动,完整运动,circle_orbit,1,1.000000,1.500000,1.500000,,,,,,,,,,,,,,,,1.143145,0.004613,1.064360,0.002474,0.000000,0.000000,-0.239114,,-0.149529,0.000000,,,,0.004036,0.127028,1.500000,23.682053,32.861254,0.000000,circle,预设轨迹15,forward
1775478891.114850,21.386292,1775478918.430785|完整运动,完整运动,circle_orbit,1,1.000000,1.500000,1.500000,,,,,,,,,,,,,,,,1.141858,0.004311,1.064658,0.002043,0.000000,0.000000,-0.242029,,-0.147986,0.000000,,,,0.003775,0.126885,1.500000,23.705454,32.837853,0.000000,circle,预设轨迹15,forward
1775478891.142099,21.413540,1775478918.430785|完整运动,完整运动,circle_orbit,1,1.000000,1.500000,1.500000,,,,,,,,,,,,,,,,1.140606,0.001951,1.065503,-0.015749,0.000000,0.000000,-0.247812,,-0.144717,0.000000,,,,0.001710,0.126746,1.500000,23.752226,32.791081,0.000000,circle,预设轨迹15,forward
1775478891.162387,21.433828,1775478918.430785|完整运动,完整运动,circle_orbit,1,1.000000,1.500000,1.500000,,,,,,,,,,,,,,,,1.139385,0.001842,1.066076,0.001027,0.000000,0.000000,-0.250450,,-0.143072,0.000000,,,,0.001617,0.126610,1.500000,23.775602,32.767704,0.000000,circle,预设轨迹15,forward
1775478891.191913,21.463354,1775478918.430785|完整运动,完整运动,circle_orbit,1,1.000000,1.500000,1.500000,,,,,,,,,,,,,,,,1.138197,0.001772,1.066930,0.001245,0.000000,0.000000,-0.252965,,-0.141250,0.000000,,,,0.001557,0.126478,1.500000,23.798983,32.744324,0.000000,circle,预设轨迹15,forward
1775478891.217372,21.488813,1775478918.430785|完整运动,完整运动,circle_orbit,1,1.000000,1.500000,1.500000,,,,,,,,,,,,,,,,1.137059,0.000000,1.068785,-0.013290,0.000000,0.000000,-0.257839,,-0.137559,0.000000,,,,0.000000,0.126352,1.500000,23.846348,32.696959,0.000000,circle,预设轨迹15,forward
1775478891.237881,21.509322,1775478918.430785|完整运动,完整运动,circle_orbit,1,1.000000,1.500000,1.500000,,,,,,,,,,,,,,,,1.135956,0.000009,1.069791,0.000076,0.000000,0.000000,-0.260214,,-0.135678,0.000000,,,,0.000008,0.126229,1.500000,23.870073,32.673234,0.000000,circle,预设轨迹15,forward
1775478891.268465,21.539906,1775478918.430785|完整运动,完整运动,circle_orbit,1,1.000000,1.500000,1.500000,,,,,,,,,,,,,,,,1.134889,-0.000050,1.070860,-0.000488,0.000000,0.000000,-0.262619,,-0.133734,0.000000,,,,0.000044,0.126111,1.500000,23.893898,32.649409,0.000000,circle,预设轨迹15,forward
1775478891.303076,21.574517,1775478918.430785|完整运动,完整运动,circle_orbit,1,1.000000,1.500000,1.500000,,,,,,,,,,,,,,,,1.133881,-0.001778,1.073416,-0.014738,0.000000,0.000000,-0.267349,,-0.129547,0.000000,,,,0.001568,0.125999,1.500000,23.941263,32.602044,0.000000,circle,预设轨迹15,forward
1775478891.323820,21.595261,1775478918.430785|完整运动,完整运动,circle_orbit,1,1.000000,1.500000,1.500000,,,,,,,,,,,,,,,,1.132914,-0.001781,1.074854,-0.001809,0.000000,0.000000,-0.269668,,-0.127347,0.000000,,,,0.001572,0.125891,1.500000,23.965003,32.578304,0.000000,circle,预设轨迹15,forward
1775478891.350453,21.621894,1775478918.430785|完整运动,完整运动,circle_orbit,1,1.000000,1.500000,1.500000,,,,,,,,,,,,,,,,1.131982,-0.001845,1.076057,-0.002325,0.000000,0.000000,-0.272015,,-0.125329,0.000000,,,,0.001630,0.125788,1.500000,23.988868,32.554439,0.000000,circle,预设轨迹15,forward
1775478891.376964,21.648405,1775478918.430785|完整运动,完整运动,circle_orbit,1,1.000000,1.500000,1.500000,,,,,,,,,,,,,,,,1.131120,-0.003662,1.079400,-0.017289,0.000000,0.000000,-0.276816,,-0.120497,0.000000,,,,0.003238,0.125692,1.500000,24.036548,32.506758,0.000000,circle,预设轨迹15,forward
1775478891.397356,21.668797,1775478918.430785|完整运动,完整运动,circle_orbit,1,1.000000,1.500000,1.500000,,,,,,,,,,,,,,,,1.130297,-0.003906,1.080932,-0.005735,0.000000,0.000000,-0.279432,,-0.118104,0.000000,,,,0.003456,0.125600,1.500000,24.060163,32.483144,0.000000,circle,预设轨迹15,forward
1775478891.429013,21.700454,1775478918.430785|完整运动,完整运动,circle_orbit,1,1.000000,1.500000,1.500000,,,,,,,,,,,,,,,,1.129507,-0.004169,1.082094,-0.006144,0.000000,0.000000,-0.282038,,-0.116013,0.000000,,,,0.003691,0.125513,1.500000,24.083777,32.459529,0.000000,circle,预设轨迹15,forward
1775478891.471185,21.742627,1775478918.430785|完整运动,完整运动,circle_orbit,1,1.000000,1.500000,1.500000,,,,,,,,,,,,,,,,1.128773,-0.006356,1.084757,-0.022758,0.000000,0.000000,-0.287353,,-0.111525,0.000000,,,,0.005631,0.125431,1.500000,24.130952,32.412355,0.000000,circle,预设轨迹15,forward
1775478891.491939,21.763380,1775478918.430785|完整运动,完整运动,circle_orbit,1,1.000000,1.500000,1.500000,,,,,,,,,,,,,,,,1.128083,-0.007785,1.086677,-0.018500,0.000000,0.000000,-0.291668,,-0.108079,0.000000,,,,0.006901,0.125354,1.500000,24.178127,32.365179,0.000000,circle,预设轨迹15,forward
1775478891.513253,21.784694,1775478918.430785|完整运动,完整运动,circle_orbit,1,1.000000,1.500000,1.500000,,,,,,,,,,,,,,,,1.127431,-0.007534,1.088322,-0.005652,0.000000,0.000000,-0.293626,,-0.105906,0.000000,,,,0.006682,0.125282,1.500000,24.201558,32.341748,0.000000,circle,预设轨迹15,forward
1775478891.545290,21.816731,1775478918.430785|完整运动,完整运动,circle_orbit,1,1.000000,1.500000,1.500000,,,,,,,,,,,,,,,,1.126790,-0.005955,1.088322,0.005884,0.000000,0.000000,-0.293626,,-0.105906,0.000000,,,,0.005285,0.125211,1.500000,24.201558,32.341748,0.000000,circle,预设轨迹15,forward
1775478891.566377,21.837818,1775478918.430785|完整运动,完整运动,circle_orbit,1,1.000000,1.500000,1.500000,,,,,,,,,,,,,,,,1.126247,-0.008384,1.093666,-0.026601,0.000000,0.000000,-0.299207,,-0.099215,0.000000,,,,0.007444,0.125150,1.500000,24.272039,32.271268,0.000000,circle,预设轨迹15,forward
1775478891.596771,21.868213,1775478918.430785|完整运动,完整运动,circle_orbit,1,1.000000,1.500000,1.500000,,,,,,,,,,,,,,,,1.125740,-0.007935,1.095353,-0.004569,0.000000,0.000000,-0.300794,,-0.097189,0.000000,,,,0.007049,0.125094,1.500000,24.295633,32.247673,0.000000,circle,预设轨迹15,forward
1775478891.626172,21.897613,1775478918.430785|完整运动,完整运动,circle_orbit,1,1.000000,1.500000,1.500000,,,,,,,,,,,,,,,,1.125273,-0.007376,1.097198,-0.003177,0.000000,0.000000,-0.302157,,-0.095144,0.000000,,,,0.006554,0.125042,1.500000,24.319043,32.224263,0.000000,circle,预设轨迹15,forward
1775478891.646784,21.918225,1775478918.430785|完整运动,完整运动,circle_orbit,1,1.000000,1.500000,1.500000,,,,,,,,,,,,,,,,1.124899,-0.007953,1.102503,-0.012285,0.000000,0.000000,-0.305081,,-0.089733,0.000000,,,,0.007070,0.125001,1.500000,24.366073,32.177234,0.000000,circle,预设轨迹15,forward
1775478891.673482,21.944924,1775478918.430785|完整运动,完整运动,circle_orbit,1,1.000000,1.500000,1.500000,,,,,,,,,,,,,,,,1.124532,-0.006480,1.102503,0.004571,0.000000,0.000000,-0.305081,,-0.089733,0.000000,,,,0.005762,0.124960,1.500000,24.366073,32.177234,0.000000,circle,预设轨迹15,forward
1775478891.710764,21.982205,1775478918.430785|完整运动,完整运动,circle_orbit,1,1.000000,1.500000,1.500000,,,,,,,,,,,,,,,,1.124246,-0.007432,1.107086,-0.014575,0.000000,0.000000,-0.308427,,-0.084726,0.000000,,,,0.006611,0.124928,1.500000,24.413156,32.130150,0.000000,circle,预设轨迹15,forward
1775478891.732008,22.003449,1775478918.430785|完整运动,完整运动,circle_orbit,1,1.000000,1.500000,1.500000,,,,,,,,,,,,,,,,1.124039,-0.008285,1.111592,-0.014683,0.000000,0.000000,-0.311669,,-0.079852,0.000000,,,,0.007371,0.124905,1.500000,24.460274,32.083033,0.000000,circle,预设轨迹15,forward
1775478891.752588,22.024029,1775478918.430785|完整运动,完整运动,circle_orbit,1,1.000000,1.500000,1.500000,,,,,,,,,,,,,,,,1.123877,-0.007773,1.114157,-0.003932,0.000000,0.000000,-0.312991,,-0.077323,0.000000,,,,0.006916,0.124887,1.500000,24.483770,32.059537,0.000000,circle,预设轨迹15,forward
1775478891.783215,22.054656,1775478918.430785|完整运动,完整运动,circle_orbit,1,1.000000,1.500000,1.500000,,,,,,,,,,,,,,,,1.123756,-0.007240,1.116542,-0.003241,0.000000,0.000000,-0.314229,,-0.074975,0.000000,,,,0.006443,0.124874,1.500000,24.507317,32.035989,0.000000,circle,预设轨迹15,forward
1775478891.804242,22.075683,1775478918.430785|完整运动,完整运动,circle_orbit,1,1.000000,1.500000,1.500000,,,,,,,,,,,,,,,,1.123689,-0.006657,1.119635,-0.002283,0.000000,0.000000,-0.315347,,-0.072159,0.000000,,,,0.005924,0.124866,1.500000,24.530891,32.012416,0.000000,circle,预设轨迹15,forward
1775478891.828923,22.100364,1775478918.430785|完整运动,完整运动,circle_orbit,1,1.000000,1.500000,1.500000,,,,,,,,,,,,,,,,1.123676,-0.006028,1.122894,-0.001313,0.000000,0.000000,-0.316349,,-0.069283,0.000000,,,,0.005365,0.124865,1.500000,24.554574,31.988733,0.000000,circle,预设轨迹15,forward
1775478891.855557,22.126998,1775478918.430785|完整运动,完整运动,circle_orbit,1,1.000000,1.500000,1.500000,,,,,,,,,,,,,,,,1.123763,-0.006304,1.129008,-0.008377,0.000000,0.000000,-0.318600,,-0.063761,0.000000,,,,0.005610,0.124874,1.500000,24.601782,31.941525,0.000000,circle,预设轨迹15,forward
1775478891.875984,22.147426,1775478918.430785|完整运动,完整运动,circle_orbit,1,1.000000,1.500000,1.500000,,,,,,,,,,,,,,,,1.123892,-0.005876,1.131603,-0.002660,0.000000,0.000000,-0.319851,,-0.061301,0.000000,,,,0.005228,0.124889,1.500000,24.625287,31.918020,0.000000,circle,预设轨迹15,forward
1775478891.908860,22.180301,1775478918.430785|完整运动,完整运动,circle_orbit,1,1.000000,1.500000,1.500000,,,,,,,,,,,,,,,,1.124067,-0.005617,1.134604,-0.003675,0.000000,0.000000,-0.321307,,-0.058463,0.000000,,,,0.004997,0.124908,1.500000,24.648812,31.894495,0.000000,circle,预设轨迹15,forward
1775478891.942711,22.214152,1775478918.430785|完整运动,完整运动,circle_orbit,1,1.000000,1.500000,1.500000,,,,,,,,,,,,,,,,1.124317,-0.006075,1.139288,-0.009512,0.000000,0.000000,-0.323766,,-0.053973,0.000000,,,,0.005403,0.124936,1.500000,24.696255,31.847051,0.000000,circle,预设轨迹15,forward
1775478891.964514,22.235955,1775478918.430785|完整运动,完整运动,circle_orbit,1,1.000000,1.500000,1.500000,,,,,,,,,,,,,,,,1.124609,-0.005438,1.142134,-0.000659,0.000000,0.000000,-0.324683,,-0.051515,0.000000,,,,0.004835,0.124968,1.500000,24.720196,31.823111,0.000000,circle,预设轨迹15,forward
1775478891.986056,22.257497,1775478918.430785|完整运动,完整运动,circle_orbit,1,1.000000,1.500000,1.500000,,,,,,,,,,,,,,,,1.124938,-0.004617,1.144697,0.001536,0.000000,0.000000,-0.325293,,-0.049406,0.000000,,,,0.004105,0.125005,1.500000,24.743750,31.799557,0.000000,circle,预设轨迹15,forward
1775478892.019983,22.291424,1775478918.430785|完整运动,完整运动,circle_orbit,1,1.000000,1.500000,1.500000,,,,,,,,,,,,,,,,1.125370,-0.004152,1.151249,-0.000664,0.000000,0.000000,-0.326367,,-0.044267,0.000000,,,,0.003690,0.125053,1.500000,24.790808,31.752499,0.000000,circle,预设轨迹15,forward
1775478892.041676,22.313117,1775478918.430785|完整运动,完整运动,circle_orbit,1,1.000000,1.500000,1.500000,,,,,,,,,,,,,,,,1.125845,-0.003174,1.154384,0.004161,0.000000,0.000000,-0.326683,,-0.041915,0.000000,,,,0.002820,0.125106,1.500000,24.814278,31.729028,0.000000,circle,预设轨迹15,forward
1775478892.062574,22.334015,1775478918.430785|完整运动,完整运动,circle_orbit,1,1.000000,1.500000,1.500000,,,,,,,,,,,,,,,,1.126367,-0.002250,1.157689,0.004683,0.000000,0.000000,-0.327018,,-0.039448,0.000000,,,,0.001998,0.125164,1.500000,24.837840,31.705467,0.000000,circle,预设轨迹15,forward
1775478892.096905,22.368346,1775478918.430785|完整运动,完整运动,circle_orbit,1,1.000000,1.500000,1.500000,,,,,,,,,,,,,,,,1.126935,-0.001345,1.161018,0.005440,0.000000,0.000000,-0.327332,,-0.036987,0.000000,,,,0.001194,0.125227,1.500000,24.861178,31.682129,0.000000,circle,预设轨迹15,forward
1775478892.117483,22.388924,1775478918.430785|完整运动,完整运动,circle_orbit,1,1.000000,1.500000,1.500000,,,,,,,,,,,,,,,,1.127607,-0.000710,1.167873,0.004057,0.000000,0.000000,-0.327993,,-0.031953,0.000000,,,,0.000629,0.125301,1.500000,24.907911,31.635396,0.000000,circle,预设轨迹15,forward
1775478892.151518,22.422960,1775478918.430785|完整运动,完整运动,circle_orbit,1,1.000000,1.500000,1.500000,,,,,,,,,,,,,,,,1.128322,0.000151,1.171271,0.006603,0.000000,0.000000,-0.328306,,-0.029485,0.000000,,,,0.000133,0.125381,1.500000,24.931464,31.611843,0.000000,circle,预设轨迹15,forward
1775478892.180144,22.451585,1775478918.430785|完整运动,完整运动,circle_orbit,1,1.000000,1.500000,1.500000,,,,,,,,,,,,,,,,1.129146,0.000961,1.178549,0.007042,0.000000,0.000000,-0.328660,,-0.024385,0.000000,,,,0.000851,0.125473,1.500000,24.978901,31.564406,0.000000,circle,预设轨迹15,forward
1775478892.200496,22.471937,1775478918.430785|完整运动,完整运动,circle_orbit,1,1.000000,1.500000,1.500000,,,,,,,,,,,,,,,,1.130011,0.002017,1.181905,0.009934,0.000000,0.000000,-0.328630,,-0.022139,0.000000,,,,0.001785,0.125569,1.500000,25.002672,31.540635,0.000000,circle,预设轨迹15,forward
1775478892.230865,22.502306,1775478918.430785|完整运动,完整运动,circle_orbit,1,1.000000,1.500000,1.500000,,,,,,,,,,,,,,,,1.130921,0.003030,1.185566,0.010631,0.000000,0.000000,-0.328615,,-0.019697,0.000000,,,,0.002680,0.125670,1.500000,25.026457,31.516850,0.000000,circle,预设轨迹15,forward
1775478892.270523,22.541964,1775478918.430785|完整运动,完整运动,circle_orbit,1,1.000000,1.500000,1.500000,,,,,,,,,,,,,,,,1.131952,0.004299,1.193808,0.013809,0.000000,0.000000,-0.328208,,-0.014418,0.000000,,,,0.003797,0.125784,1.500000,25.074157,31.469150,0.000000,circle,预设轨迹15,forward
1775478892.292210,22.563651,1775478918.430785|完整运动,完整运动,circle_orbit,1,1.000000,1.500000,1.500000,,,,,,,,,,,,,,,,1.133114,0.005398,1.202826,0.013642,0.000000,0.000000,-0.328001,,-0.008622,0.000000,,,,0.004764,0.125914,1.500000,25.121794,31.421512,0.000000,circle,预设轨迹15,forward
1775478892.316586,22.588027,1775478918.430785|完整运动,完整运动,circle_orbit,1,1.000000,1.500000,1.500000,,,,,,,,,,,,,,,,1.134319,0.006223,1.206587,0.012411,0.000000,0.000000,-0.328143,,-0.006130,0.000000,,,,0.005486,0.126047,1.500000,25.145537,31.397769,0.000000,circle,预设轨迹15,forward
1775478892.348976,22.620417,1775478918.430785|完整运动,完整运动,circle_orbit,1,1.000000,1.500000,1.500000,,,,,,,,,,,,,,,,1.135566,0.006944,1.210413,0.012355,0.000000,0.000000,-0.328408,,-0.003556,0.000000,,,,0.006115,0.126186,1.500000,25.169159,31.374148,0.000000,circle,预设轨迹15,forward
1775478892.369486,22.640928,1775478918.430785|完整运动,完整运动,circle_orbit,1,1.000000,1.500000,1.500000,,,,,,,,,,,,,,,,1.136847,0.007611,1.213714,0.012607,0.000000,0.000000,-0.328743,,0.001301,0.000000,,,,0.006694,0.126328,1.500000,25.216930,31.326377,0.000000,circle,预设轨迹15,forward
1775478892.397636,22.669077,1775478918.430785|完整运动,完整运动,circle_orbit,1,1.000000,1.500000,1.500000,,,,,,,,,,,,,,,,1.138048,0.008686,1.210078,0.016750,0.000000,0.000000,-0.328482,,0.003737,0.000000,,,,0.007632,0.126462,1.500000,25.240874,31.302433,0.000000,circle,预设轨迹15,forward
1775478892.424636,22.696077,1775478918.430785|完整运动,完整运动,circle_orbit,1,1.000000,1.500000,1.500000,,,,,,,,,,,,,,,,1.139171,0.009875,1.206595,0.018798,0.000000,0.000000,-0.328021,,0.006179,0.000000,,,,0.008669,0.126587,1.500000,25.264812,31.278494,0.000000,circle,预设轨迹15,forward
1775478892.446004,22.717445,1775478918.430785|完整运动,完整运动,circle_orbit,1,1.000000,1.500000,1.500000,,,,,,,,,,,,,,,,1.140238,0.011237,1.204262,0.021447,0.000000,0.000000,-0.327271,,0.008017,0.000000,,,,0.009855,0.126705,1.500000,25.288643,31.254663,0.000000,circle,预设轨迹15,forward
1775478892.475137,22.746579,1775478918.430785|完整运动,完整运动,circle_orbit,1,1.000000,1.500000,1.500000,,,,,,,,,,,,,,,,1.141237,0.012570,1.201151,0.022566,0.000000,0.000000,-0.326513,,0.010371,0.000000,,,,0.011014,0.126816,1.500000,25.312633,31.230673,0.000000,circle,预设轨迹15,forward
1775478892.497010,22.768451,1775478918.430785|完整运动,完整运动,circle_orbit,1,1.000000,1.500000,1.500000,,,,,,,,,,,,,,,,1.142110,0.014563,1.194475,0.029511,0.000000,0.000000,-0.324779,,0.015503,0.000000,,,,0.012751,0.126913,1.500000,25.360681,31.182625,0.000000,circle,预设轨迹15,forward
1775478892.530696,22.802137,1775478918.430785|完整运动,完整运动,circle_orbit,1,1.000000,1.500000,1.500000,,,,,,,,,,,,,,,,1.142923,0.016004,1.191697,0.026816,0.000000,0.000000,-0.323749,,0.017791,0.000000,,,,0.014003,0.127003,1.500000,25.384479,31.158828,0.000000,circle,预设轨迹15,forward
1775478892.568170,22.839611,1775478918.430785|完整运动,完整运动,circle_orbit,1,1.000000,1.500000,1.500000,,,,,,,,,,,,,,,,1.143619,0.018168,1.185399,0.034396,0.000000,0.000000,-0.321654,,0.022902,0.000000,,,,0.015886,0.127081,1.500000,25.431841,31.111466,0.000000,circle,预设轨迹15,forward
1775478892.604113,22.875554,1775478918.430785|完整运动,完整运动,circle_orbit,1,1.000000,1.500000,1.500000,,,,,,,,,,,,,,,,1.144249,0.019472,1.182053,0.029250,0.000000,0.000000,-0.320697,,0.025566,0.000000,,,,0.017017,0.127151,1.500000,25.455771,31.087536,0.000000,circle,预设轨迹15,forward
1775478892.624436,22.895877,1775478918.430785|完整运动,完整运动,circle_orbit,1,1.000000,1.500000,1.500000,,,,,,,,,,,,,,,,1.144777,0.021498,1.176429,0.036693,0.000000,0.000000,-0.318687,,0.030251,0.000000,,,,0.018779,0.127209,1.500000,25.503879,31.039428,0.000000,circle,预设轨迹15,forward
1775478892.653779,22.925220,1775478918.430785|完整运动,完整运动,circle_orbit,1,1.000000,1.500000,1.500000,,,,,,,,,,,,,,,,1.145208,0.023728,1.171086,0.040456,0.000000,0.000000,-0.316321,,0.034938,0.000000,,,,0.020720,0.127257,1.500000,25.551965,30.991341,0.000000,circle,预设轨迹15,forward
1775478892.687242,22.958683,1775478918.430785|完整运动,完整运动,circle_orbit,1,1.000000,1.500000,1.500000,,,,,,,,,,,,,,,,1.145584,0.025173,1.168150,0.036013,0.000000,0.000000,-0.314989,,0.037542,0.000000,,,,0.021974,0.127299,1.500000,25.576073,30.967233,0.000000,circle,预设轨迹15,forward
1775478892.707688,22.979129,1775478918.430785|完整运动,完整运动,circle_orbit,1,1.000000,1.500000,1.500000,,,,,,,,,,,,,,,,1.145853,0.027599,1.161988,0.045792,0.000000,0.000000,-0.312239,,0.043021,0.000000,,,,0.024086,0.127329,1.500000,25.624857,30.918450,0.000000,circle,预设轨迹15,forward
1775478892.734949,23.006390,1775478918.430785|完整运动,完整运动,circle_orbit,1,1.000000,1.500000,1.500000,,,,,,,,,,,,,,,,1.146117,0.028019,1.161988,0.031171,0.000000,0.000000,-0.312239,,0.043021,0.000000,,,,0.024447,0.127358,1.500000,25.624857,30.918450,0.000000,circle,预设轨迹15,forward
1775478892.760512,23.031953,1775478918.430785|完整运动,完整运动,circle_orbit,1,1.000000,1.500000,1.500000,,,,,,,,,,,,,,,,1.146293,0.030245,1.156810,0.046934,0.000000,0.000000,-0.309706,,0.047758,0.000000,,,,0.026385,0.127378,1.500000,25.673418,30.869889,0.000000,circle,预设轨迹15,forward
1775478892.781218,23.052660,1775478918.430785|完整运动,完整运动,circle_orbit,1,1.000000,1.500000,1.500000,,,,,,,,,,,,,,,,1.146418,0.031363,1.153938,0.039751,0.000000,0.000000,-0.308667,,0.050237,0.000000,,,,0.027357,0.127392,1.500000,25.697448,30.845859,0.000000,circle,预设轨迹15,forward
1775478892.805355,23.076797,1775478918.430785|完整运动,完整运动,circle_orbit,1,1.000000,1.500000,1.500000,,,,,,,,,,,,,,,,1.146491,0.032429,1.150836,0.040423,0.000000,0.000000,-0.307687,,0.052863,0.000000,,,,0.028285,0.127400,1.500000,25.721564,30.821742,0.000000,circle,预设轨迹15,forward
1775478892.829828,23.101269,1775478918.430785|完整运动,完整运动,circle_orbit,1,1.000000,1.500000,1.500000,,,,,,,,,,,,,,,,1.146476,0.034670,1.145631,0.051480,0.000000,0.000000,-0.305033,,0.057743,0.000000,,,,0.030241,0.127398,1.500000,25.769818,30.773489,0.000000,circle,预设轨迹15,forward
1775478892.856760,23.128201,1775478918.430785|完整运动,完整运动,circle_orbit,1,1.000000,1.500000,1.500000,,,,,,,,,,,,,,,,1.146425,0.036166,1.143322,0.047385,0.000000,0.000000,-0.303360,,0.060140,0.000000,,,,0.031547,0.127393,1.500000,25.793851,30.749456,0.000000,circle,预设轨迹15,forward
1775478892.891629,23.163070,1775478918.430785|完整运动,完整运动,circle_orbit,1,1.000000,1.500000,1.500000,,,,,,,,,,,,,,,,1.146352,0.037775,1.142015,0.049844,0.000000,0.000000,-0.301488,,0.061911,0.000000,,,,0.032953,0.127385,1.500000,25.817758,30.725549,0.000000,circle,预设轨迹15,forward
1775478892.925903,23.197345,1775478918.430785|完整运动,完整运动,circle_orbit,1,1.000000,1.500000,1.500000,,,,,,,,,,,,,,,,1.146225,0.040808,1.138560,0.063552,0.000000,0.000000,-0.297560,,0.066147,0.000000,,,,0.035602,0.127370,1.500000,25.865853,30.677454,0.000000,circle,预设轨迹15,forward
1775478892.946370,23.217811,1775478918.430785|完整运动,完整运动,circle_orbit,1,1.000000,1.500000,1.500000,,,,,,,,,,,,,,,,1.146054,0.044063,1.135785,0.068480,0.000000,0.000000,-0.293204,,0.070095,0.000000,,,,0.038448,0.127351,1.500000,25.913833,30.629474,0.000000,circle,预设轨迹15,forward
1775478892.979668,23.251110,1775478918.430785|完整运动,完整运动,circle_orbit,1,1.000000,1.500000,1.500000,,,,,,,,,,,,,,,,1.145885,0.044159,1.135785,0.044880,0.000000,0.000000,-0.293204,,0.070095,0.000000,,,,0.038537,0.127333,1.500000,25.913833,30.629474,0.000000,circle,预设轨迹15,forward
1775478893.012358,23.283800,1775478918.430785|完整运动,完整运动,circle_orbit,1,1.000000,1.500000,1.500000,,,,,,,,,,,,,,,,1.145668,0.047543,1.132633,0.072916,0.000000,0.000000,-0.288593,,0.074442,0.000000,,,,0.041498,0.127309,1.500000,25.961734,30.581572,0.000000,circle,预设轨迹15,forward
1775478893.032831,23.304272,1775478918.430785|完整运动,完整运动,circle_orbit,1,1.000000,1.500000,1.500000,,,,,,,,,,,,,,,,1.145393,0.050790,1.128903,0.075148,0.000000,0.000000,-0.284054,,0.079194,0.000000,,,,0.044343,0.127278,1.500000,26.009768,30.533539,0.000000,circle,预设轨迹15,forward
1775478893.058397,23.329839,1775478918.430785|完整运动,完整运动,circle_orbit,1,1.000000,1.500000,1.500000,,,,,,,,,,,,,,,,1.145123,0.050754,1.128903,0.050480,0.000000,0.000000,-0.284054,,0.079194,0.000000,,,,0.044322,0.127248,1.500000,26.009768,30.533539,0.000000,circle,预设轨迹15,forward
1775478893.095281,23.366722,1775478918.430785|完整运动,完整运动,circle_orbit,1,1.000000,1.500000,1.500000,,,,,,,,,,,,,,,,1.144810,0.053992,1.126021,0.078279,0.000000,0.000000,-0.279473,,0.083356,0.000000,,,,0.047162,0.127213,1.500000,26.057429,30.485878,0.000000,circle,预设轨迹15,forward
1775478893.116526,23.387968,1775478918.430785|完整运动,完整运动,circle_orbit,1,1.000000,1.500000,1.500000,,,,,,,,,,,,,,,,1.144463,0.057463,1.123685,0.083493,0.000000,0.000000,-0.274450,,0.087319,0.000000,,,,0.050209,0.127175,1.500000,26.104782,30.438524,0.000000,circle,预设轨迹15,forward
1775478893.139030,23.410471,1775478918.430785|完整运动,完整运动,circle_orbit,1,1.000000,1.500000,1.500000,,,,,,,,,,,,,,,,1.144094,0.059145,1.121948,0.071759,0.000000,0.000000,-0.271843,,0.089769,0.000000,,,,0.051696,0.127134,1.500000,26.128523,30.414784,0.000000,circle,预设轨迹15,forward
1775478893.167521,23.438962,1775478918.430785|完整运动,完整运动,circle_orbit,1,1.000000,1.500000,1.500000,,,,,,,,,,,,,,,,1.143695,0.060669,1.119750,0.072097,0.000000,0.000000,-0.269438,,0.092479,0.000000,,,,0.053046,0.127089,1.500000,26.152436,30.390871,0.000000,circle,预设轨迹15,forward
1775478893.187993,23.459435,1775478918.430785|完整运动,完整运动,circle_orbit,1,1.000000,1.500000,1.500000,,,,,,,,,,,,,,,,1.143265,0.063872,1.117477,0.087898,0.000000,0.000000,-0.264637,,0.096316,0.000000,,,,0.055868,0.127042,1.500000,26.200075,30.343232,0.000000,circle,预设轨迹15,forward
1775478893.217504,23.488945,1775478918.430785|完整运动,完整运动,circle_orbit,1,1.000000,1.500000,1.500000,,,,,,,,,,,,,,,,1.142827,0.065298,1.116538,0.075996,0.000000,0.000000,-0.262250,,0.098082,0.000000,,,,0.057137,0.126993,1.500000,26.223890,30.319416,0.000000,circle,预设轨迹15,forward
1775478893.239561,23.511002,1775478918.430785|完整运动,完整运动,circle_orbit,1,1.000000,1.500000,1.500000,,,,,,,,,,,,,,,,1.142373,0.066654,1.115101,0.076823,0.000000,0.000000,-0.259955,,0.100185,0.000000,,,,0.058347,0.126942,1.500000,26.247995,30.295312,0.000000,circle,预设轨迹15,forward
1775478893.263916,23.535357,1775478918.430785|完整运动,完整运动,circle_orbit,1,1.000000,1.500000,1.500000,,,,,,,,,,,,,,,,1.141911,0.068084,1.114235,0.078805,0.000000,0.000000,-0.257547,,0.101908,0.000000,,,,0.059623,0.126891,1.500000,26.272085,30.271222,0.000000,circle,预设轨迹15,forward
1775478893.284287,23.555728,1775478918.430785|完整运动,完整运动,circle_orbit,1,1.000000,1.500000,1.500000,,,,,,,,,,,,,,,,1.141447,0.071719,1.113601,0.098988,0.000000,0.000000,-0.251995,,0.104855,0.000000,,,,0.062832,0.126839,1.500000,26.319811,30.223495,0.000000,circle,预设轨迹15,forward
1775478893.309475,23.580916,1775478918.430785|完整运动,完整运动,circle_orbit,1,1.000000,1.500000,1.500000,,,,,,,,,,,,,,,,1.140990,0.073516,1.113528,0.086991,0.000000,0.000000,-0.248922,,0.106276,0.000000,,,,0.064432,0.126789,1.500000,26.343511,30.199796,0.000000,circle,预设轨迹15,forward
1775478893.337222,23.608663,1775478918.430785|完整运动,完整运动,circle_orbit,1,1.000000,1.500000,1.500000,,,,,,,,,,,,,,,,1.140530,0.075315,1.112948,0.088805,0.000000,0.000000,-0.245818,,0.108095,0.000000,,,,0.066035,0.126738,1.500000,26.367420,30.175887,0.000000,circle,预设轨迹15,forward
1775478893.357949,23.629390,1775478918.430785|完整运动,完整运动,circle_orbit,1,1.000000,1.500000,1.500000,,,,,,,,,,,,,,,,1.140068,0.077156,1.112367,0.090964,0.000000,0.000000,-0.242624,,0.109954,0.000000,,,,0.067677,0.126686,1.500000,26.391464,30.151843,0.000000,circle,预设轨迹15,forward
1775478893.383770,23.655211,1775478918.430785|完整运动,完整运动,circle_orbit,1,1.000000,1.500000,1.500000,,,,,,,,,,,,,,,,1.139613,0.079055,1.112284,0.093297,0.000000,0.000000,-0.239316,,0.111487,0.000000,,,,0.069370,0.126636,1.500000,26.415328,30.127978,0.000000,circle,预设轨迹15,forward
1775478893.416099,23.687540,1775478918.430785|完整运动,完整运动,circle_orbit,1,1.000000,1.500000,1.500000,,,,,,,,,,,,,,,,1.139167,0.081012,1.112420,0.095695,0.000000,0.000000,-0.235888,,0.112908,0.000000,,,,0.071116,0.126586,1.500000,26.438990,30.104317,0.000000,circle,预设轨迹15,forward
1775478893.436673,23.708114,1775478918.430785|完整运动,完整运动,circle_orbit,1,1.000000,1.500000,1.500000,,,,,,,,,,,,,,,,1.138714,0.085226,1.111554,0.116826,0.000000,0.000000,-0.229226,,0.116526,0.000000,,,,0.074844,0.126536,1.500000,26.486339,30.056968,0.000000,circle,预设轨迹15,forward
1775478893.462240,23.733682,1775478918.430785|完整运动,完整运动,circle_orbit,1,1.000000,1.500000,1.500000,,,,,,,,,,,,,,,,1.138265,0.086938,1.111329,0.099783,0.000000,0.000000,-0.225956,,0.118150,0.000000,,,,0.076378,0.126486,1.500000,26.510231,30.033076,0.000000,circle,预设轨迹15,forward
1775478893.490735,23.762176,1775478918.430785|完整运动,完整运动,circle_orbit,1,1.000000,1.500000,1.500000,,,,,,,,,,,,,,,,1.137822,0.088600,1.111209,0.101060,0.000000,0.000000,-0.222741,,0.119670,0.000000,,,,0.077868,0.126437,1.500000,26.534221,30.009086,0.000000,circle,预设轨迹15,forward
1775478893.511228,23.782669,1775478918.430785|完整运动,完整运动,circle_orbit,1,1.000000,1.500000,1.500000,,,,,,,,,,,,,,,,1.137391,0.092648,1.111522,0.123008,0.000000,0.000000,-0.216124,,0.122373,0.000000,,,,0.081457,0.126389,1.500000,26.581836,29.961470,0.000000,circle,预设轨迹15,forward
1775478893.540423,23.811864,1775478918.430785|完整运动,完整运动,circle_orbit,1,1.000000,1.500000,1.500000,,,,,,,,,,,,,,,,1.136975,0.094385,1.112010,0.107414,0.000000,0.000000,-0.212643,,0.123551,0.000000,,,,0.083014,0.126342,1.500000,26.605415,29.937892,0.000000,circle,预设轨迹15,forward
1775478893.561509,23.832950,1775478918.430785|完整运动,完整运动,circle_orbit,1,1.000000,1.500000,1.500000,,,,,,,,,,,,,,,,1.136569,0.096205,1.112246,0.109853,0.000000,0.000000,-0.209030,,0.124978,0.000000,,,,0.084645,0.126297,1.500000,26.628949,29.914358,0.000000,circle,预设轨迹15,forward
1775478893.587286,23.858727,1775478918.430785|完整运动,完整运动,circle_orbit,1,1.000000,1.500000,1.500000,,,,,,,,,,,,,,,,1.136169,0.097977,1.112145,0.111269,0.000000,0.000000,-0.205464,,0.126640,0.000000,,,,0.086235,0.126253,1.500000,26.652655,29.890652,0.000000,circle,预设轨迹15,forward
1775478893.615154,23.886595,1775478918.430785|完整运动,完整运动,circle_orbit,1,1.000000,1.500000,1.500000,,,,,,,,,,,,,,,,1.135779,0.101994,1.112376,0.132124,0.000000,0.000000,-0.198695,,0.129473,0.000000,,,,0.089801,0.126210,1.500000,26.699755,29.843552,0.000000,circle,预设轨迹15,forward
1775478893.640526,23.911967,1775478918.430785|完整运动,完整运动,circle_orbit,1,1.000000,1.500000,1.500000,,,,,,,,,,,,,,,,1.135400,0.103440,1.112649,0.114286,0.000000,0.000000,-0.195437,,0.130715,0.000000,,,,0.091105,0.126167,1.500000,26.723107,29.820199,0.000000,circle,预设轨迹15,forward
1775478893.666999,23.938441,1775478918.430785|完整运动,完整运动,circle_orbit,1,1.000000,1.500000,1.500000,,,,,,,,,,,,,,,,1.135029,0.104855,1.112793,0.115462,0.000000,0.000000,-0.192228,,0.132032,0.000000,,,,0.092381,0.126126,1.500000,26.746492,29.796815,0.000000,circle,预设轨迹15,forward
1775478893.692194,23.963636,1775478918.430785|完整运动,完整运动,circle_orbit,1,1.000000,1.500000,1.500000,,,,,,,,,,,,,,,,1.134686,0.108753,1.114104,0.137988,0.000000,0.000000,-0.185496,,0.134033,0.000000,,,,0.095844,0.126088,1.500000,26.793675,29.749632,0.000000,circle,预设轨迹15,forward
1775478893.737566,24.009008,1775478918.430785|完整运动,完整运动,circle_orbit,1,1.000000,1.500000,1.500000,,,,,,,,,,,,,,,,1.134378,0.110412,1.115872,0.122860,0.000000,0.000000,-0.181807,,0.134339,0.000000,,,,0.097333,0.126054,1.500000,26.816986,29.726321,0.000000,circle,预设轨迹15,forward
1775478893.758578,24.030019,1775478918.430785|完整运动,完整运动,circle_orbit,1,1.000000,1.500000,1.500000,,,,,,,,,,,,,,,,1.134128,0.114925,1.119135,0.148767,0.000000,0.000000,-0.174058,,0.135334,0.000000,,,,0.101333,0.126026,1.500000,26.863226,29.680081,0.000000,circle,预设轨迹15,forward
1775478893.784713,24.056154,1775478918.430785|完整运动,完整运动,circle_orbit,1,1.000000,1.500000,1.500000,,,,,,,,,,,,,,,,1.133920,0.119423,1.121471,0.153156,0.000000,0.000000,-0.166170,,0.137095,0.000000,,,,0.105318,0.126003,1.500000,26.909891,29.633416,0.000000,circle,预设轨迹15,forward
1775478893.809414,24.080856,1775478918.430785|完整运动,完整运动,circle_orbit,1,1.000000,1.500000,1.500000,,,,,,,,,,,,,,,,1.133716,0.118685,1.121471,0.113156,0.000000,0.000000,-0.166170,,0.137095,0.000000,,,,0.104687,0.125980,1.500000,26.909891,29.633416,0.000000,circle,预设轨迹15,forward
1775478893.830303,24.101744,1775478918.430785|完整运动,完整运动,circle_orbit,1,1.000000,1.500000,1.500000,,,,,,,,,,,,,,,,1.133574,0.122741,1.125057,0.153156,0.000000,0.000000,-0.158103,,0.138017,0.000000,,,,0.108278,0.125965,1.500000,26.956378,29.586928,0.000000,circle,预设轨迹15,forward
1775478893.861228,24.132669,1775478918.430785|完整运动,完整运动,circle_orbit,1,1.000000,1.500000,1.500000,,,,,,,,,,,,,,,,1.133468,0.124473,1.127110,0.137467,0.000000,0.000000,-0.153998,,0.138323,0.000000,,,,0.109816,0.125953,1.500000,26.979408,29.563899,0.000000,circle,预设轨迹15,forward
1775478893.893996,24.165437,1775478918.430785|完整运动,完整运动,circle_orbit,1,1.000000,1.500000,1.500000,,,,,,,,,,,,,,,,1.133421,0.128916,1.130589,0.162239,0.000000,0.000000,-0.146039,,0.139302,0.000000,,,,0.113741,0.125948,1.500000,27.025571,29.517736,0.000000,circle,预设轨迹15,forward
1775478893.914633,24.186074,1775478918.430785|完整运动,完整运动,circle_orbit,1,1.000000,1.500000,1.500000,,,,,,,,,,,,,,,,1.133403,0.130391,1.132344,0.141451,0.000000,0.000000,-0.142144,,0.139748,0.000000,,,,0.115044,0.125946,1.500000,27.048876,29.494431,0.000000,circle,预设轨迹15,forward
1775478893.938784,24.210226,1775478918.430785|完整运动,完整运动,circle_orbit,1,1.000000,1.500000,1.500000,,,,,,,,,,,,,,,,1.133424,0.131868,1.134687,0.142947,0.000000,0.000000,-0.138256,,0.139766,0.000000,,,,0.116345,0.125948,1.500000,27.072163,29.471143,0.000000,circle,预设轨迹15,forward
1775478893.975859,24.247300,1775478918.430785|完整运动,完整运动,circle_orbit,1,1.000000,1.500000,1.500000,,,,,,,,,,,,,,,,1.133535,0.136429,1.140195,0.170639,0.000000,0.000000,-0.129995,,0.139447,0.000000,,,,0.120357,0.125960,1.500000,27.118442,29.424864,0.000000,circle,预设轨迹15,forward
1775478893.997080,24.268521,1775478918.430785|完整运动,完整运动,circle_orbit,1,1.000000,1.500000,1.500000,,,,,,,,,,,,,,,,1.133676,0.138034,1.142112,0.150072,0.000000,0.000000,-0.125776,,0.139942,0.000000,,,,0.121758,0.125976,1.500000,27.141593,29.401714,0.000000,circle,预设轨迹15,forward
1775478894.017683,24.289124,1775478918.430785|完整运动,完整运动,circle_orbit,1,1.000000,1.500000,1.500000,,,,,,,,,,,,,,,,1.133841,0.139498,1.143737,0.150478,0.000000,0.000000,-0.121766,,0.140558,0.000000,,,,0.123032,0.125994,1.500000,27.164735,29.378572,0.000000,circle,预设轨迹15,forward
1775478894.054742,24.326184,1775478918.430785|完整运动,完整运动,circle_orbit,1,1.000000,1.500000,1.500000,,,,,,,,,,,,,,,,1.134080,0.143654,1.148443,0.174822,0.000000,0.000000,-0.113945,,0.140675,0.000000,,,,0.126670,0.126021,1.500000,27.211093,29.332214,0.000000,circle,预设轨迹15,forward
1775478894.089692,24.361134,1775478918.430785|完整运动,完整运动,circle_orbit,1,1.000000,1.500000,1.500000,,,,,,,,,,,,,,,,1.134363,0.144956,1.151341,0.154721,0.000000,0.000000,-0.110041,,0.140356,0.000000,,,,0.127786,0.126052,1.500000,27.234256,29.309051,0.000000,circle,预设轨迹15,forward
1775478894.132072,24.403513,1775478918.430785|完整运动,完整运动,circle_orbit,1,1.000000,1.500000,1.500000,,,,,,,,,,,,,,,,1.134739,0.149141,1.157261,0.180524,0.000000,0.000000,-0.102064,,0.139736,0.000000,,,,0.131432,0.126094,1.500000,27.280696,29.262610,0.000000,circle,预设轨迹15,forward
1775478894.152586,24.424027,1775478918.430785|完整运动,完整运动,circle_orbit,1,1.000000,1.500000,1.500000,,,,,,,,,,,,,,,,1.135211,0.153232,1.163562,0.183914,0.000000,0.000000,-0.094084,,0.138897,0.000000,,,,0.134981,0.126147,1.500000,27.327107,29.216200,0.000000,circle,预设轨迹15,forward
1775478894.179217,24.450659,1775478918.430785|完整运动,完整运动,circle_orbit,1,1.000000,1.500000,1.500000,,,,,,,,,,,,,,,,1.135740,0.154504,1.167495,0.164045,0.000000,0.000000,-0.089981,,0.138006,0.000000,,,,0.136038,0.126205,1.500000,27.350133,29.193173,0.000000,circle,预设轨迹15,forward
1775478894.218736,24.490177,1775478918.430785|完整运动,完整运动,circle_orbit,1,1.000000,1.500000,1.500000,,,,,,,,,,,,,,,,1.136390,0.158779,1.175381,0.190845,0.000000,0.000000,-0.081640,,0.136326,0.000000,,,,0.139722,0.126278,1.500000,27.395827,29.147479,0.000000,circle,预设轨迹15,forward
1775478894.239460,24.510901,1775478918.430785|完整运动,完整运动,circle_orbit,1,1.000000,1.500000,1.500000,,,,,,,,,,,,,,,,1.137097,0.160096,1.179498,0.169973,0.000000,0.000000,-0.077368,,0.135441,0.000000,,,,0.140794,0.126356,1.500000,27.418653,29.124654,0.000000,circle,预设轨迹15,forward
1775478894.259961,24.531402,1775478918.430785|完整运动,完整运动,circle_orbit,1,1.000000,1.500000,1.500000,,,,,,,,,,,,,,,,1.137854,0.161156,1.183256,0.169102,0.000000,0.000000,-0.073493,,0.134639,0.000000,,,,0.141631,0.126440,1.500000,27.440899,29.102408,0.000000,circle,预设轨迹15,forward
1775478894.287435,24.558876,1775478918.430785|完整运动,完整运动,circle_orbit,1,1.000000,1.500000,1.500000,,,,,,,,,,,,,,,,1.138664,0.162229,1.187281,0.170281,0.000000,0.000000,-0.069638,,0.133666,0.000000,,,,0.142473,0.126530,1.500000,27.463348,29.079958,0.000000,circle,预设轨迹15,forward
1775478894.307734,24.579175,1775478918.430785|完整运动,完整运动,circle_orbit,1,1.000000,1.500000,1.500000,,,,,,,,,,,,,,,,1.139602,0.165996,1.195879,0.194252,0.000000,0.000000,-0.061986,,0.131390,0.000000,,,,0.145662,0.126634,1.500000,27.507992,29.035315,0.000000,circle,预设轨迹15,forward
1775478894.335004,24.606445,1775478918.430785|完整运动,完整运动,circle_orbit,1,1.000000,1.500000,1.500000,,,,,,,,,,,,,,,,1.140524,0.164615,1.195879,0.154252,0.000000,0.000000,-0.061986,,0.131390,0.000000,,,,0.144333,0.126737,1.500000,27.507992,29.035315,0.000000,circle,预设轨迹15,forward
1775478894.363788,24.635229,1775478918.430785|完整运动,完整运动,circle_orbit,1,1.000000,1.500000,1.500000,,,,,,,,,,,,,,,,1.141565,0.168101,1.203982,0.194252,0.000000,0.000000,-0.054575,,0.129408,0.000000,,,,0.147255,0.126853,1.500000,27.552662,28.990644,0.000000,circle,预设轨迹15,forward
1775478894.384131,24.655572,1775478918.430785|完整运动,完整运动,circle_orbit,1,1.000000,1.500000,1.500000,,,,,,,,,,,,,,,,1.142729,0.171684,1.212570,0.198555,0.000000,0.000000,-0.047114,,0.127209,0.000000,,,,0.150241,0.126982,1.500000,27.597672,28.945634,0.000000,circle,预设轨迹15,forward
1775478894.412777,24.684218,1775478918.430785|完整运动,完整运动,circle_orbit,1,1.000000,1.500000,1.500000,,,,,,,,,,,,,,,,1.143874,0.170140,1.212570,0.158555,0.000000,0.000000,-0.047114,,0.127209,0.000000,,,,0.148740,0.127109,1.500000,27.597672,28.945634,0.000000,circle,预设轨迹15,forward
1775478894.456236,24.727677,1775478918.430785|完整运动,完整运动,circle_orbit,1,1.000000,1.500000,1.500000,,,,,,,,,,,,,,,,1.145134,0.173483,1.220743,0.198555,0.000000,0.000000,-0.039812,,0.125279,0.000000,,,,0.151495,0.127249,1.500000,27.642868,28.900438,0.000000,circle,预设轨迹15,forward
1775478894.490075,24.761516,1775478918.430785|完整运动,完整运动,circle_orbit,1,1.000000,1.500000,1.500000,,,,,,,,,,,,,,,,1.146582,0.179135,1.233503,0.221532,0.000000,0.000000,-0.029378,,0.121973,0.000000,,,,0.156234,0.127410,1.500000,27.710615,28.832691,0.000000,circle,预设轨迹15,forward
1775478894.521219,24.792660,1775478918.430785|完整运动,完整运动,circle_orbit,1,1.000000,1.500000,1.500000,,,,,,,,,,,,,,,,1.148087,0.179838,1.238330,0.185108,0.000000,0.000000,-0.025759,,0.120618,0.000000,,,,0.156642,0.127577,1.500000,27.733368,28.809939,0.000000,circle,预设轨迹15,forward
1775478894.541839,24.813280,1775478918.430785|完整运动,完整运动,circle_orbit,1,1.000000,1.500000,1.500000,,,,,,,,,,,,,,,,1.149650,0.180599,1.243460,0.186302,0.000000,0.000000,-0.022118,,0.119113,0.000000,,,,0.157090,0.127751,1.500000,27.756272,28.787035,0.000000,circle,预设轨迹15,forward
1775478894.566519,24.837960,1775478918.430785|完整运动,完整运动,circle_orbit,1,1.000000,1.500000,1.500000,,,,,,,,,,,,,,,,1.151273,0.181406,1.248681,0.187461,0.000000,0.000000,-0.018462,,0.117586,0.000000,,,,0.157570,0.127931,1.500000,27.779121,28.764186,0.000000,circle,预设轨迹15,forward
1775478894.605523,24.876965,1775478918.430785|完整运动,完整运动,circle_orbit,1,1.000000,1.500000,1.500000,,,,,,,,,,,,,,,,1.152957,0.182142,1.253945,0.187661,0.000000,0.000000,-0.014951,,0.115995,0.000000,,,,0.157978,0.128118,1.500000,27.801848,28.741458,0.000000,circle,预设轨迹15,forward
1775478894.627373,24.898815,1775478918.430785|完整运动,完整运动,circle_orbit,1,1.000000,1.500000,1.500000,,,,,,,,,,,,,,,,1.154784,0.185090,1.264402,0.207202,0.000000,0.000000,-0.008335,,0.112752,0.000000,,,,0.160281,0.128321,1.500000,27.847566,28.695740,0.000000,circle,预设轨迹15,forward
1775478894.655471,24.926913,1775478918.430785|完整运动,完整运动,circle_orbit,1,1.000000,1.500000,1.500000,,,,,,,,,,,,,,,,1.156680,0.185704,1.270436,0.190311,0.000000,0.000000,-0.004956,,0.110733,0.000000,,,,0.160549,0.128532,1.500000,27.870488,28.672819,0.000000,circle,预设轨迹15,forward
1775478894.681959,24.953400,1775478918.430785|完整运动,完整运动,circle_orbit,1,1.000000,1.500000,1.500000,,,,,,,,,,,,,,,,1.158696,0.188612,1.279711,0.210421,0.000000,0.000000,0.001639,,0.106859,0.000000,,,,0.162780,0.128756,1.500000,27.916124,28.627182,0.000000,circle,预设轨迹15,forward
1775478894.703700,24.975141,1775478918.430785|完整运动,完整运动,circle_orbit,1,1.000000,1.500000,1.500000,,,,,,,,,,,,,,,,1.160702,0.189142,1.281014,0.193118,0.000000,0.000000,0.004933,,0.104649,0.000000,,,,0.162955,0.128979,1.500000,27.938826,28.604480,0.000000,circle,预设轨迹15,forward
1775478894.726638,24.998079,1775478918.430785|完整运动,完整运动,circle_orbit,1,1.000000,1.500000,1.500000,,,,,,,,,,,,,,,,1.162700,0.189725,1.282624,0.194092,0.000000,0.000000,0.008251,,0.102256,0.000000,,,,0.163176,0.129201,1.500000,27.961409,28.581898,0.000000,circle,预设轨迹15,forward
1775478894.747357,25.018798,1775478918.430785|完整运动,完整运动,circle_orbit,1,1.000000,1.500000,1.500000,,,,,,,,,,,,,,,,1.164715,0.192638,1.285601,0.214488,0.000000,0.000000,0.014843,,0.097634,0.000000,,,,0.165395,0.129425,1.500000,28.006637,28.536669,0.000000,circle,预设轨迹15,forward
1775478894.775177,25.046618,1775478918.430785|完整运动,完整运动,circle_orbit,1,1.000000,1.500000,1.500000,,,,,,,,,,,,,,,,1.166697,0.190859,1.285601,0.177514,0.000000,0.000000,0.014843,,0.097634,0.000000,,,,0.163589,0.129645,1.500000,28.006637,28.536669,0.000000,circle,预设轨迹15,forward
1775478894.795638,25.067080,1775478918.430785|完整运动,完整运动,circle_orbit,1,1.000000,1.500000,1.500000,,,,,,,,,,,,,,,,1.168686,0.193784,1.288008,0.215726,0.000000,0.000000,0.021363,,0.093373,0.000000,,,,0.165814,0.129866,1.500000,28.051645,28.491662,0.000000,circle,预设轨迹15,forward
1775478894.828167,25.099609,1775478918.430785|完整运动,完整运动,circle_orbit,1,1.000000,1.500000,1.500000,,,,,,,,,,,,,,,,1.170659,0.194301,1.289038,0.198175,0.000000,0.000000,0.024550,,0.091374,0.000000,,,,0.165976,0.130086,1.500000,28.074266,28.469041,0.000000,circle,预设轨迹15,forward
1775478894.853096,25.124537,1775478918.430785|完整运动,完整运动,circle_orbit,1,1.000000,1.500000,1.500000,,,,,,,,,,,,,,,,1.172606,0.194726,1.289428,0.197912,0.000000,0.000000,0.027562,,0.089816,0.000000,,,,0.166062,0.130302,1.500000,28.097036,28.446271,0.000000,circle,预设轨迹15,forward
1775478894.874090,25.145531,1775478918.430785|完整运动,完整运动,circle_orbit,1,1.000000,1.500000,1.500000,,,,,,,,,,,,,,,,1.174569,0.197156,1.292377,0.215382,0.000000,0.000000,0.033386,,0.085568,0.000000,,,,0.167854,0.130520,1.500000,28.142749,28.400558,0.000000,circle,预设轨迹15,forward
1775478894.905277,25.176718,1775478918.430785|完整运动,完整运动,circle_orbit,1,1.000000,1.500000,1.500000,,,,,,,,,,,,,,,,1.176523,0.197443,1.293778,0.199594,0.000000,0.000000,0.036232,,0.083518,0.000000,,,,0.167819,0.130737,1.500000,28.165652,28.377654,0.000000,circle,预设轨迹15,forward
1775478894.934581,25.206022,1775478918.430785|完整运动,完整运动,circle_orbit,1,1.000000,1.500000,1.500000,,,,,,,,,,,,,,,,1.178510,0.199870,1.297730,0.218075,0.000000,0.000000,0.042077,,0.078713,0.000000,,,,0.169595,0.130958,1.500000,28.211691,28.331616,0.000000,circle,预设轨迹15,forward
1775478894.954859,25.226300,1775478918.430785|完整运动,完整运动,circle_orbit,1,1.000000,1.500000,1.500000,,,,,,,,,,,,,,,,1.180488,0.200194,1.299127,0.202626,0.000000,0.000000,0.045000,,0.076637,0.000000,,,,0.169586,0.131178,1.500000,28.234946,28.308361,0.000000,circle,预设轨迹15,forward
1775478894.982383,25.253824,1775478918.430785|完整运动,完整运动,circle_orbit,1,1.000000,1.500000,1.500000,,,,,,,,,,,,,,,,1.182466,0.200623,1.301196,0.203836,0.000000,0.000000,0.048023,,0.074146,0.000000,,,,0.169665,0.131398,1.500000,28.258222,28.285084,0.000000,circle,预设轨迹15,forward
1775478895.013724,25.285165,1775478918.430785|完整运动,完整运动,circle_orbit,1,1.000000,1.500000,1.500000,,,,,,,,,,,,,,,,1.184449,0.201164,1.303379,0.205222,0.000000,0.000000,0.051167,,0.071541,0.000000,,,,0.169838,0.131618,1.500000,28.281716,28.261591,0.000000,circle,预设轨迹15,forward
1775478895.034435,25.305876,1775478918.430785|完整运动,完整运动,circle_orbit,1,1.000000,1.500000,1.500000,,,,,,,,,,,,,,,,1.186454,0.203643,1.306761,0.222234,0.000000,0.000000,0.057042,,0.067069,0.000000,,,,0.171640,0.131841,1.500000,28.328820,28.214487,0.000000,circle,预设轨迹15,forward
1775478895.062298,25.333739,1775478918.430785|完整运动,完整运动,circle_orbit,1,1.000000,1.500000,1.500000,,,,,,,,,,,,,,,,1.188462,0.203821,1.308986,0.205161,0.000000,0.000000,0.059724,,0.064657,0.000000,,,,0.171500,0.132064,1.500000,28.352358,28.190948,0.000000,circle,预设轨迹15,forward
1775478895.083499,25.354940,1775478918.430785|完整运动,完整运动,circle_orbit,1,1.000000,1.500000,1.500000,,,,,,,,,,,,,,,,1.190477,0.203875,1.311367,0.204277,0.000000,0.000000,0.062177,,0.062266,0.000000,,,,0.171255,0.132288,1.500000,28.376003,28.167303,0.000000,circle,预设轨迹15,forward
1775478895.103949,25.375390,1775478918.430785|完整运动,完整运动,circle_orbit,1,1.000000,1.500000,1.500000,,,,,,,,,,,,,,,,1.192504,0.204007,1.314119,0.204999,0.000000,0.000000,0.064688,,0.059653,0.000000,,,,0.171074,0.132513,1.500000,28.399578,28.143729,0.000000,circle,预设轨迹15,forward
1775478895.134909,25.406350,1775478918.430785|完整运动,完整运动,circle_orbit,1,1.000000,1.500000,1.500000,,,,,,,,,,,,,,,,1.194601,0.205995,1.320424,0.220909,0.000000,0.000000,0.069800,,0.053974,0.000000,,,,0.172439,0.132746,1.500000,28.446510,28.096797,0.000000,circle,预设轨迹15,forward
1775478895.179559,25.451001,1775478918.430785|完整运动,完整运动,circle_orbit,1,1.000000,1.500000,1.500000,,,,,,,,,,,,,,,,1.196716,0.206097,1.323583,0.206859,0.000000,0.000000,0.072289,,0.051173,0.000000,,,,0.172219,0.132981,1.500000,28.469857,28.073450,0.000000,circle,预设轨迹15,forward
1775478895.215645,25.487086,1775478918.430785|完整运动,完整运动,circle_orbit,1,1.000000,1.500000,1.500000,,,,,,,,,,,,,,,,1.198889,0.208019,1.329298,0.222432,0.000000,0.000000,0.077325,,0.045889,0.000000,,,,0.173510,0.133223,1.500000,28.516587,28.026720,0.000000,circle,预设轨迹15,forward
1775478895.247527,25.518968,1775478918.430785|完整运动,完整运动,circle_orbit,1,1.000000,1.500000,1.500000,,,,,,,,,,,,,,,,1.201136,0.209183,1.335958,0.217917,0.000000,0.000000,0.081348,,0.040585,0.000000,,,,0.174155,0.133472,1.500000,28.563332,27.979975,0.000000,circle,预设轨迹15,forward
1775478895.268174,25.539615,1775478918.430785|完整运动,完整运动,circle_orbit,1,1.000000,1.500000,1.500000,,,,,,,,,,,,,,,,1.203457,0.210197,1.342716,0.217800,0.000000,0.000000,0.085175,,0.035353,0.000000,,,,0.174661,0.133730,1.500000,28.610197,27.933110,0.000000,circle,预设轨迹15,forward
1775478895.291743,25.563184,1775478918.430785|完整运动,完整运动,circle_orbit,1,1.000000,1.500000,1.500000,,,,,,,,,,,,,,,,1.205740,0.208525,1.342716,0.195984,0.000000,0.000000,0.085175,,0.035353,0.000000,,,,0.172943,0.133984,1.500000,28.610197,27.933110,0.000000,circle,预设轨迹15,forward
1775478895.320520,25.591961,1775478918.430785|完整运动,完整运动,circle_orbit,1,1.000000,1.500000,1.500000,,,,,,,,,,,,,,,,1.208103,0.209442,1.349847,0.216316,0.000000,0.000000,0.088718,,0.030089,0.000000,,,,0.173364,0.134246,1.500000,28.657707,27.885600,0.000000,circle,预设轨迹15,forward
1775478895.340884,25.612325,1775478918.430785|完整运动,完整运动,circle_orbit,1,1.000000,1.500000,1.500000,,,,,,,,,,,,,,,,1.210492,0.209081,1.353860,0.206379,0.000000,0.000000,0.090452,,0.027260,0.000000,,,,0.172724,0.134512,1.500000,28.681686,27.861621,0.000000,circle,预设轨迹15,forward
1775478895.366559,25.638000,1775478918.430785|完整运动,完整运动,circle_orbit,1,1.000000,1.500000,1.500000,,,,,,,,,,,,,,,,1.212912,0.208785,1.358130,0.206561,0.000000,0.000000,0.092211,,0.024301,0.000000,,,,0.172135,0.134781,1.500000,28.705770,27.837536,0.000000,circle,预设轨迹15,forward
1775478895.398646,25.670087,1775478918.430785|完整运动,完整运动,circle_orbit,1,1.000000,1.500000,1.500000,,,,,,,,,,,,,,,,1.215422,0.209571,1.365990,0.215466,0.000000,0.000000,0.095460,,0.018885,0.000000,,,,0.172426,0.135060,1.500000,28.754021,27.789286,0.000000,circle,预设轨迹15,forward
1775478895.419046,25.690487,1775478918.430785|完整运动,完整运动,circle_orbit,1,1.000000,1.500000,1.500000,,,,,,,,,,,,,,,,1.217957,0.209162,1.370049,0.206095,0.000000,0.000000,0.097014,,0.016161,0.000000,,,,0.171732,0.135341,1.500000,28.778313,27.764993,0.000000,circle,预设轨迹15,forward
1775478895.446705,25.718146,1775478918.430785|完整运动,完整运动,circle_orbit,1,1.000000,1.500000,1.500000,,,,,,,,,,,,,,,,1.220519,0.208787,1.374263,0.205972,0.000000,0.000000,0.098553,,0.013378,0.000000,,,,0.171064,0.135626,1.500000,28.802737,27.740570,0.000000,circle,预设轨迹15,forward
1775478895.471694,25.743135,1775478918.430785|完整运动,完整运动,circle_orbit,1,1.000000,1.500000,1.500000,,,,,,,,,,,,,,,,1.223106,0.208344,1.378330,0.205021,0.000000,0.000000,0.099939,,0.010749,0.000000,,,,0.170340,0.135914,1.500000,28.827252,27.716055,0.000000,circle,预设轨迹15,forward
1775478895.493717,25.765158,1775478918.430785|完整运动,完整运动,circle_orbit,1,1.000000,1.500000,1.500000,,,,,,,,,,,,,,,,1.225811,0.208898,1.388117,0.213056,0.000000,0.000000,0.102696,,0.004729,0.000000,,,,0.170416,0.136214,1.500000,28.876345,27.666962,0.000000,circle,预设轨迹15,forward
1775478895.524285,25.795726,1775478918.430785|完整运动,完整运动,circle_orbit,1,1.000000,1.500000,1.500000,,,,,,,,,,,,,,,,1.228552,0.208327,1.392986,0.204042,0.000000,0.000000,0.103853,,0.001854,0.000000,,,,0.169571,0.136519,1.500000,28.900960,27.642346,0.000000,circle,预设轨迹15,forward
1775478895.549293,25.820734,1775478918.430785|完整运动,完整运动,circle_orbit,1,1.000000,1.500000,1.500000,,,,,,,,,,,,,,,,1.231270,0.207635,1.394351,0.202451,0.000000,0.000000,0.104776,,-0.000784,0.000000,,,,0.168635,0.136821,1.500000,28.925638,27.617669,0.000000,circle,预设轨迹15,forward
1775478895.573412,25.844853,1775478918.430785|完整运动,完整运动,circle_orbit,1,1.000000,1.500000,1.500000,,,,,,,,,,,,,,,,1.233721,0.207725,1.380824,0.208398,0.000000,0.000000,0.106755,,-0.006491,0.000000,,,,0.168373,0.137093,1.500000,28.974465,27.568841,0.000000,circle,预设轨迹15,forward
1775478895.601364,25.872805,1775478918.430785|完整运动,完整运动,circle_orbit,1,1.000000,1.500000,1.500000,,,,,,,,,,,,,,,,1.236031,0.206963,1.374624,0.201249,0.000000,0.000000,0.107505,,-0.009220,0.000000,,,,0.167442,0.137350,1.500000,28.998929,27.544378,0.000000,circle,预设轨迹15,forward
1775478895.632543,25.903984,1775478918.430785|完整运动,完整运动,circle_orbit,1,1.000000,1.500000,1.500000,,,,,,,,,,,,,,,,1.238196,0.206269,1.368078,0.201065,0.000000,0.000000,0.108289,,-0.012135,0.000000,,,,0.166589,0.137590,1.500000,29.023216,27.520091,0.000000,circle,预设轨迹15,forward
1775478895.653290,25.924731,1775478918.430785|完整运动,完整运动,circle_orbit,1,1.000000,1.500000,1.500000,,,,,,,,,,,,,,,,1.240122,0.205895,1.355673,0.203086,0.000000,0.000000,0.109482,,-0.017875,0.000000,,,,0.166028,0.137804,1.500000,29.072096,27.471211,0.000000,circle,预设轨迹15,forward
1775478895.677616,25.949058,1775478918.430785|完整运动,完整运动,circle_orbit,1,1.000000,1.500000,1.500000,,,,,,,,,,,,,,,,1.241913,0.205071,1.349385,0.198892,0.000000,0.000000,0.110003,,-0.020866,0.000000,,,,0.165125,0.138003,1.500000,29.096498,27.446808,0.000000,circle,预设轨迹15,forward
1775478895.705330,25.976771,1775478918.430785|完整运动,完整运动,circle_orbit,1,1.000000,1.500000,1.500000,,,,,,,,,,,,,,,,1.243577,0.204199,1.343422,0.197658,0.000000,0.000000,0.110398,,-0.023775,0.000000,,,,0.164203,0.138188,1.500000,29.120999,27.422307,0.000000,circle,预设轨迹15,forward
1775478895.725676,25.997117,1775478918.430785|完整运动,完整运动,circle_orbit,1,1.000000,1.500000,1.500000,,,,,,,,,,,,,,,,1.245050,0.203397,1.333392,0.197380,0.000000,0.000000,0.110844,,-0.028825,0.000000,,,,0.163364,0.138352,1.500000,29.170387,27.372920,0.000000,circle,预设轨迹15,forward
1775478895.753437,26.024879,1775478918.430785|完整运动,完整运动,circle_orbit,1,1.000000,1.500000,1.500000,,,,,,,,,,,,,,,,1.246498,0.202323,1.333392,0.194272,0.000000,0.000000,0.110844,,-0.028825,0.000000,,,,0.162313,0.138513,1.500000,29.170387,27.372920,0.000000,circle,预设轨迹15,forward
1775478895.780885,26.052327,1775478918.430785|完整运动,完整运动,circle_orbit,1,1.000000,1.500000,1.500000,,,,,,,,,,,,,,,,1.247733,0.201540,1.321856,0.195668,0.000000,0.000000,0.111208,,-0.034799,0.000000,,,,0.161525,0.138650,1.500000,29.220567,27.322739,0.000000,circle,预设轨迹15,forward
1775478895.801187,26.072628,1775478918.430785|完整运动,完整运动,circle_orbit,1,1.000000,1.500000,1.500000,,,,,,,,,,,,,,,,1.248845,0.200793,1.315564,0.195192,0.000000,0.000000,0.111583,,-0.038025,0.000000,,,,0.160783,0.138774,1.500000,29.245724,27.297583,0.000000,circle,预设轨迹15,forward
1775478895.829479,26.100921,1775478918.430785|完整运动,完整运动,circle_orbit,1,1.000000,1.500000,1.500000,,,,,,,,,,,,,,,,1.249834,0.200167,1.309141,0.195471,0.000000,0.000000,0.112092,,-0.041295,0.000000,,,,0.160155,0.138884,1.500000,29.270697,27.272609,0.000000,circle,预设轨迹15,forward
1775478895.866412,26.137853,1775478918.430785|完整运动,完整运动,circle_orbit,1,1.000000,1.500000,1.500000,,,,,,,,,,,,,,,,1.250706,0.199506,1.303032,0.194548,0.000000,0.000000,0.112524,,-0.044461,0.000000,,,,0.159515,0.138980,1.500000,29.295630,27.247677,0.000000,circle,预设轨迹15,forward
1775478895.887300,26.158741,1775478918.430785|完整运动,完整运动,circle_orbit,1,1.000000,1.500000,1.500000,,,,,,,,,,,,,,,,1.251335,0.198734,1.289083,0.192947,0.000000,0.000000,0.112787,,-0.052129,0.000000,,,,0.158818,0.139050,1.500000,29.370759,27.172548,0.000000,circle,预设轨迹15,forward
1775478895.908594,26.180035,1775478918.430785|完整运动,完整运动,circle_orbit,1,1.000000,1.500000,1.500000,,,,,,,,,,,,,,,,1.251893,0.197603,1.285369,0.189119,0.000000,0.000000,0.112503,,-0.054356,0.000000,,,,0.157844,0.139112,1.500000,29.395911,27.147396,0.000000,circle,预设轨迹15,forward
1775478895.942139,26.213580,1775478918.430785|完整运动,完整运动,circle_orbit,1,1.000000,1.500000,1.500000,,,,,,,,,,,,,,,,1.252381,0.196391,1.281653,0.187298,0.000000,0.000000,0.112050,,-0.056673,0.000000,,,,0.156814,0.139167,1.500000,29.420963,27.122344,0.000000,circle,预设轨迹15,forward
1775478895.963268,26.234709,1775478918.430785|完整运动,完整运动,circle_orbit,1,1.000000,1.500000,1.500000,,,,,,,,,,,,,,,,1.252802,0.195047,1.278059,0.184973,0.000000,0.000000,0.111355,,-0.059039,0.000000,,,,0.155689,0.139213,1.500000,29.445999,27.097308,0.000000,circle,预设轨迹15,forward
1775478895.984480,26.255921,1775478918.430785|完整运动,完整运动,circle_orbit,1,1.000000,1.500000,1.500000,,,,,,,,,,,,,,,,1.253174,0.193551,1.275541,0.182329,0.000000,0.000000,0.110380,,-0.060920,0.000000,,,,0.154449,0.139255,1.500000,29.471171,27.072136,0.000000,circle,预设轨迹15,forward
1775478896.007940,26.279381,1775478918.430785|完整运动,完整运动,circle_orbit,1,1.000000,1.500000,1.500000,,,,,,,,,,,,,,,,1.253478,0.192313,1.271696,0.183026,0.000000,0.000000,0.109707,,-0.063441,0.000000,,,,0.153423,0.139289,1.500000,29.496013,27.047293,0.000000,circle,预设轨迹15,forward
1775478896.028257,26.299699,1775478918.430785|完整运动,完整运动,circle_orbit,1,1.000000,1.500000,1.500000,,,,,,,,,,,,,,,,1.253662,0.190534,1.264700,0.177193,0.000000,0.000000,0.108227,,-0.068177,0.000000,,,,0.151982,0.139309,1.500000,29.545718,26.997589,0.000000,circle,预设轨迹15,forward
1775478896.056482,26.327924,1775478918.430785|完整运动,完整运动,circle_orbit,1,1.000000,1.500000,1.500000,,,,,,,,,,,,,,,,1.253843,0.189857,1.264700,0.184776,0.000000,0.000000,0.108227,,-0.068177,0.000000,,,,0.151420,0.139329,1.500000,29.545718,26.997589,0.000000,circle,预设轨迹15,forward
1775478896.083553,26.354994,1775478918.430785|完整运动,完整运动,circle_orbit,1,1.000000,1.500000,1.500000,,,,,,,,,,,,,,,,1.253852,0.188511,1.254374,0.178414,0.000000,0.000000,0.107281,,-0.074700,0.000000,,,,0.150345,0.139330,1.500000,29.594961,26.948346,0.000000,circle,预设轨迹15,forward
1775478896.103971,26.375412,1775478918.430785|完整运动,完整运动,circle_orbit,1,1.000000,1.500000,1.500000,,,,,,,,,,,,,,,,1.253776,0.187657,1.249268,0.181256,0.000000,0.000000,0.106990,,-0.077884,0.000000,,,,0.149673,0.139322,1.500000,29.619486,26.923821,0.000000,circle,预设轨迹15,forward
1775478896.131383,26.402824,1775478918.430785|完整运动,完整运动,circle_orbit,1,1.000000,1.500000,1.500000,,,,,,,,,,,,,,,,1.253572,0.186447,1.241286,0.177367,0.000000,0.000000,0.106184,,-0.083068,0.000000,,,,0.148732,0.139299,1.500000,29.668380,26.874926,0.000000,circle,预设轨迹15,forward
1775478896.159011,26.430452,1775478918.430785|完整运动,完整运动,circle_orbit,1,1.000000,1.500000,1.500000,,,,,,,,,,,,,,,,1.253323,0.185360,1.238425,0.177212,0.000000,0.000000,0.105514,,-0.085111,0.000000,,,,0.147895,0.139271,1.500000,29.693054,26.850253,0.000000,circle,预设轨迹15,forward
1775478896.179738,26.451179,1775478918.430785|完整运动,完整运动,circle_orbit,1,1.000000,1.500000,1.500000,,,,,,,,,,,,,,,,1.253039,0.184127,1.235957,0.174881,0.000000,0.000000,0.104603,,-0.087027,0.000000,,,,0.146945,0.139240,1.500000,29.717848,26.825459,0.000000,circle,预设轨迹15,forward
1775478896.211985,26.483426,1775478918.430785|完整运动,完整运动,circle_orbit,1,1.000000,1.500000,1.500000,,,,,,,,,,,,,,,,1.252683,0.181832,1.231318,0.164620,0.000000,0.000000,0.102153,,-0.090974,0.000000,,,,0.145154,0.139200,1.500000,29.767909,26.775398,0.000000,circle,预设轨迹15,forward
1775478896.236315,26.507756,1775478918.430785|完整运动,完整运动,circle_orbit,1,1.000000,1.500000,1.500000,,,,,,,,,,,,,,,,1.252286,0.180420,1.228477,0.169829,0.000000,0.000000,0.100863,,-0.093308,0.000000,,,,0.144073,0.139156,1.500000,29.793095,26.750211,0.000000,circle,预设轨迹15,forward
1775478896.257202,26.528643,1775478918.430785|完整运动,完整运动,circle_orbit,1,1.000000,1.500000,1.500000,,,,,,,,,,,,,,,,1.251848,0.179011,1.225597,0.168443,0.000000,0.000000,0.099537,,-0.095690,0.000000,,,,0.142997,0.139107,1.500000,29.818374,26.724933,0.000000,circle,预设轨迹15,forward
1775478896.288537,26.559978,1775478918.430785|完整运动,完整运动,circle_orbit,1,1.000000,1.500000,1.500000,,,,,,,,,,,,,,,,1.251381,0.177542,1.223367,0.166522,0.000000,0.000000,0.098085,,-0.097730,0.000000,,,,0.141877,0.139056,1.500000,29.843642,26.699665,0.000000,circle,预设轨迹15,forward
1775478896.311945,26.583387,1775478918.430785|完整运动,完整运动,circle_orbit,1,1.000000,1.500000,1.500000,,,,,,,,,,,,,,,,1.250889,0.176128,1.221320,0.165524,0.000000,0.000000,0.096668,,-0.099645,0.000000,,,,0.140802,0.139001,1.500000,29.868844,26.674463,0.000000,circle,预设轨迹15,forward
1775478896.332530,26.603972,1775478918.430785|完整运动,完整运动,circle_orbit,1,1.000000,1.500000,1.500000,,,,,,,,,,,,,,,,1.250326,0.173758,1.216559,0.155981,0.000000,0.000000,0.093862,,-0.103896,0.000000,,,,0.138970,0.138938,1.500000,29.919197,26.624110,0.000000,circle,预设轨迹15,forward
1775478896.363282,26.634723,1775478918.430785|完整运动,完整运动,circle_orbit,1,1.000000,1.500000,1.500000,,,,,,,,,,,,,,,,1.249739,0.172409,1.214512,0.162291,0.000000,0.000000,0.092419,,-0.105836,0.000000,,,,0.137956,0.138873,1.500000,29.944202,26.599104,0.000000,circle,预设轨迹15,forward
1775478896.391595,26.663036,1775478918.430785|完整运动,完整运动,circle_orbit,1,1.000000,1.500000,1.500000,,,,,,,,,,,,,,,,1.249133,0.170998,1.212798,0.160420,0.000000,0.000000,0.090858,,-0.107621,0.000000,,,,0.136893,0.138806,1.500000,29.969169,26.574137,0.000000,circle,预设轨迹15,forward
1775478896.411878,26.683319,1775478918.430785|完整运动,完整运动,circle_orbit,1,1.000000,1.500000,1.500000,,,,,,,,,,,,,,,,1.248467,0.168201,1.208472,0.147218,0.000000,0.000000,0.087303,,-0.111968,0.000000,,,,0.134726,0.138732,1.500000,30.018887,26.524420,0.000000,circle,预设轨迹15,forward
1775478896.441275,26.712717,1775478918.430785|完整运动,完整运动,circle_orbit,1,1.000000,1.500000,1.500000,,,,,,,,,,,,,,,,1.247811,0.167986,1.208472,0.166376,0.000000,0.000000,0.087303,,-0.111968,0.000000,,,,0.134624,0.138659,1.500000,30.018887,26.524420,0.000000,circle,预设轨迹15,forward
1775478896.481488,26.752929,1775478918.430785|完整运动,完整运动,circle_orbit,1,1.000000,1.500000,1.500000,,,,,,,,,,,,,,,,1.247089,0.165359,1.203760,0.145658,0.000000,0.000000,0.083923,,-0.116507,0.000000,,,,0.132596,0.138579,1.500000,30.068743,26.474564,0.000000,circle,预设轨迹15,forward
1775478896.517327,26.788768,1775478918.430785|完整运动,完整运动,circle_orbit,1,1.000000,1.500000,1.500000,,,,,,,,,,,,,,,,1.246306,0.162666,1.199359,0.142469,0.000000,0.000000,0.080364,,-0.120947,0.000000,,,,0.130519,0.138492,1.500000,30.118582,26.424724,0.000000,circle,预设轨迹15,forward
1775478896.551252,26.822693,1775478918.430785|完整运动,完整运动,circle_orbit,1,1.000000,1.500000,1.500000,,,,,,,,,,,,,,,,1.245455,0.160129,1.194371,0.141098,0.000000,0.000000,0.076942,,-0.125732,0.000000,,,,0.128571,0.138397,1.500000,30.168559,26.374747,0.000000,circle,预设轨迹15,forward
1775478896.572268,26.843710,1775478918.430785|完整运动,完整运动,circle_orbit,1,1.000000,1.500000,1.500000,,,,,,,,,,,,,,,,1.244528,0.157750,1.188912,0.139910,0.000000,0.000000,0.073676,,-0.130788,0.000000,,,,0.126755,0.138294,1.500000,30.218483,26.324824,0.000000,circle,预设轨迹15,forward
1775478896.593573,26.865014,1775478918.430785|完整运动,完整运动,circle_orbit,1,1.000000,1.500000,1.500000,,,,,,,,,,,,,,,,1.243570,0.156546,1.186087,0.147517,0.000000,0.000000,0.072012,,-0.133406,0.000000,,,,0.125885,0.138188,1.500000,30.243407,26.299900,0.000000,circle,预设轨迹15,forward
1775478896.618505,26.889946,1775478918.430785|完整运动,完整运动,circle_orbit,1,1.000000,1.500000,1.500000,,,,,,,,,,,,,,,,1.242628,0.156523,1.186087,0.156346,0.000000,0.000000,0.072012,,-0.133406,0.000000,,,,0.125961,0.138083,1.500000,30.243407,26.299900,0.000000,circle,预设轨迹15,forward
1775478896.638889,26.910331,1775478918.430785|完整运动,完整运动,circle_orbit,1,1.000000,1.500000,1.500000,,,,,,,,,,,,,,,,1.241611,0.153883,1.180630,0.134089,0.000000,0.000000,0.068367,,-0.138679,0.000000,,,,0.123938,0.137970,1.500000,30.293137,26.250170,0.000000,circle,预设轨迹15,forward
1775478896.664467,26.935908,1775478918.430785|完整运动,完整运动,circle_orbit,1,1.000000,1.500000,1.500000,,,,,,,,,,,,,,,,1.240568,0.152506,1.177993,0.142172,0.000000,0.000000,0.066429,,-0.141318,0.000000,,,,0.122932,0.137854,1.500000,30.317966,26.225340,0.000000,circle,预设轨迹15,forward
1775478896.693930,26.965371,1775478918.430785|完整运动,完整运动,circle_orbit,1,1.000000,1.500000,1.500000,,,,,,,,,,,,,,,,1.239469,0.149837,1.173528,0.129819,0.000000,0.000000,0.062652,,-0.146026,0.000000,,,,0.120888,0.137732,1.500000,30.367849,26.175458,0.000000,circle,预设轨迹15,forward
1775478896.714236,26.985678,1775478918.430785|完整运动,完整运动,circle_orbit,1,1.000000,1.500000,1.500000,,,,,,,,,,,,,,,,1.238365,0.148468,1.172102,0.138208,0.000000,0.000000,0.060637,,-0.147893,0.000000,,,,0.119891,0.137609,1.500000,30.392964,26.150343,0.000000,circle,预设轨迹15,forward
1775478896.742586,27.014027,1775478918.430785|完整运动,完整运动,circle_orbit,1,1.000000,1.500000,1.500000,,,,,,,,,,,,,,,,1.237260,0.147009,1.170939,0.136067,0.000000,0.000000,0.058480,,-0.149646,0.000000,,,,0.118819,0.137486,1.500000,30.418035,26.125272,0.000000,circle,预设轨迹15,forward
1775478896.773852,27.045293,1775478918.430785|完整运动,完整运动,circle_orbit,1,1.000000,1.500000,1.500000,,,,,,,,,,,,,,,,1.236163,0.145380,1.170347,0.133158,0.000000,0.000000,0.056061,,-0.151126,0.000000,,,,0.117606,0.137364,1.500000,30.443178,26.100128,0.000000,circle,预设轨迹15,forward
1775478896.797332,27.068773,1775478918.430785|完整运动,完整运动,circle_orbit,1,1.000000,1.500000,1.500000,,,,,,,,,,,,,,,,1.235072,0.141832,1.169643,0.115221,0.000000,0.000000,0.050892,,-0.153906,0.000000,,,,0.114837,0.137243,1.500000,30.493375,26.049932,0.000000,circle,预设轨迹15,forward
1775478896.828023,27.099465,1775478918.430785|完整运动,完整运动,circle_orbit,1,1.000000,1.500000,1.500000,,,,,,,,,,,,,,,,1.233994,0.140098,1.169320,0.127094,0.000000,0.000000,0.048168,,-0.155338,0.000000,,,,0.113532,0.137123,1.500000,30.518585,26.024722,0.000000,circle,预设轨迹15,forward
1775478896.872044,27.143486,1775478918.430785|完整运动,完整运动,circle_orbit,1,1.000000,1.500000,1.500000,,,,,,,,,,,,,,,,1.232888,0.136356,1.166508,0.108294,0.000000,0.000000,0.042575,,-0.159757,0.000000,,,,0.110599,0.137001,1.500000,30.569015,25.974292,0.000000,circle,预设轨迹15,forward
1775478896.896528,27.167969,1775478918.430785|完整运动,完整运动,circle_orbit,1,1.000000,1.500000,1.500000,,,,,,,,,,,,,,,,1.231778,0.132715,1.165188,0.105405,0.000000,0.000000,0.036996,,-0.163147,0.000000,,,,0.107743,0.136877,1.500000,30.619013,25.924294,0.000000,circle,预设轨迹15,forward
1775478896.922970,27.194411,1775478918.430785|完整运动,完整运动,circle_orbit,1,1.000000,1.500000,1.500000,,,,,,,,,,,,,,,,1.230671,0.131061,1.164256,0.118655,0.000000,0.000000,0.034118,,-0.165070,0.000000,,,,0.106495,0.136754,1.500000,30.643827,25.899480,0.000000,circle,预设轨迹15,forward
1775478896.959217,27.230659,1775478918.430785|完整运动,完整运动,circle_orbit,1,1.000000,1.500000,1.500000,,,,,,,,,,,,,,,,1.229578,0.127267,1.163959,0.098815,0.000000,0.000000,0.028193,,-0.167909,0.000000,,,,0.103505,0.136633,1.500000,30.693578,25.849729,0.000000,circle,预设轨迹15,forward
1775478896.979826,27.251268,1775478918.430785|完整运动,完整运动,circle_orbit,1,1.000000,1.500000,1.500000,,,,,,,,,,,,,,,,1.228510,0.125541,1.164434,0.112598,0.000000,0.000000,0.025075,,-0.168967,0.000000,,,,0.102190,0.136514,1.500000,30.718456,25.824851,0.000000,circle,预设轨迹15,forward
1775478897.002478,27.273920,1775478918.430785|完整运动,完整运动,circle_orbit,1,1.000000,1.500000,1.500000,,,,,,,,,,,,,,,,1.227471,0.123689,1.165130,0.109793,0.000000,0.000000,0.021762,,-0.169958,0.000000,,,,0.100767,0.136399,1.500000,30.743151,25.800156,0.000000,circle,预设轨迹15,forward
1775478897.031225,27.302666,1775478918.430785|完整运动,完整运动,circle_orbit,1,1.000000,1.500000,1.500000,,,,,,,,,,,,,,,,1.226464,0.121861,1.166092,0.108153,0.000000,0.000000,0.018462,,-0.170761,0.000000,,,,0.099360,0.136287,1.500000,30.767753,25.775554,0.000000,circle,预设轨迹15,forward
1775478897.051605,27.323046,1775478918.430785|完整运动,完整运动,circle_orbit,1,1.000000,1.500000,1.500000,,,,,,,,,,,,,,,,1.225520,0.117660,1.168870,0.086155,0.000000,0.000000,0.011770,,-0.171825,0.000000,,,,0.096008,0.136182,1.500000,30.816776,25.726531,0.000000,circle,预设轨迹15,forward
1775478897.075217,27.346658,1775478918.430785|完整运动,完整运动,circle_orbit,1,1.000000,1.500000,1.500000,,,,,,,,,,,,,,,,1.224591,0.118279,1.168870,0.122918,0.000000,0.000000,0.011770,,-0.171825,0.000000,,,,0.096586,0.136079,1.500000,30.816776,25.726531,0.000000,circle,预设轨迹15,forward
1775478897.102125,27.373567,1775478918.430785|完整运动,完整运动,circle_orbit,1,1.000000,1.500000,1.500000,,,,,,,,,,,,,,,,1.223743,0.114119,1.172822,0.082918,0.000000,0.000000,0.004662,,-0.172282,0.000000,,,,0.093254,0.135984,1.500000,30.866231,25.677075,0.000000,circle,预设轨迹15,forward
1775478897.122563,27.394005,1775478918.430785|完整运动,完整运动,circle_orbit,1,1.000000,1.500000,1.500000,,,,,,,,,,,,,,,,1.222919,0.112372,1.173484,0.099269,0.000000,0.000000,0.001299,,-0.173326,0.000000,,,,0.091888,0.135893,1.500000,30.890754,25.652553,0.000000,circle,预设轨迹15,forward
1775478897.148326,27.419767,1775478918.430785|完整运动,完整运动,circle_orbit,1,1.000000,1.500000,1.500000,,,,,,,,,,,,,,,,1.222090,0.110522,1.172340,0.096648,0.000000,0.000000,-0.002230,,-0.173692,0.000000,,,,0.090437,0.135801,1.500000,30.915325,25.627981,0.000000,circle,预设轨迹15,forward
1775478897.184277,27.455718,1775478918.430785|完整运动,完整运动,circle_orbit,1,1.000000,1.500000,1.500000,,,,,,,,,,,,,,,,1.221186,0.106357,1.166943,0.075124,0.000000,0.000000,-0.009071,,-0.174350,0.000000,,,,0.087094,0.135700,1.500000,30.963863,25.579444,0.000000,circle,预设轨迹15,forward
1775478897.204648,27.476089,1775478918.430785|完整运动,完整运动,circle_orbit,1,1.000000,1.500000,1.500000,,,,,,,,,,,,,,,,1.220260,0.104645,1.164707,0.091799,0.000000,0.000000,-0.012580,,-0.174332,0.000000,,,,0.085756,0.135597,1.500000,30.988199,25.555107,0.000000,circle,预设轨迹15,forward
1775478897.235681,27.507122,1775478918.430785|完整运动,完整运动,circle_orbit,1,1.000000,1.500000,1.500000,,,,,,,,,,,,,,,,1.219305,0.102932,1.162037,0.090088,0.000000,0.000000,-0.016101,,-0.174616,0.000000,,,,0.084419,0.135491,1.500000,31.012605,25.530701,0.000000,circle,预设轨迹15,forward
1775478897.280768,27.552209,1775478918.430785|完整运动,完整运动,circle_orbit,1,1.000000,1.500000,1.500000,,,,,,,,,,,,,,,,1.218268,0.098607,1.156036,0.066170,0.000000,0.000000,-0.023344,,-0.175585,0.000000,,,,0.080940,0.135376,1.500000,31.061564,25.481742,0.000000,circle,预设轨迹15,forward
1775478897.311532,27.582974,1775478918.430785|完整运动,完整运动,circle_orbit,1,1.000000,1.500000,1.500000,,,,,,,,,,,,,,,,1.217133,0.094270,1.149033,0.061742,0.000000,0.000000,-0.030752,,-0.177235,0.000000,,,,0.077453,0.135250,1.500000,31.110321,25.432985,0.000000,circle,预设轨迹15,forward
1775478897.341164,27.612606,1775478918.430785|完整运动,完整运动,circle_orbit,1,1.000000,1.500000,1.500000,,,,,,,,,,,,,,,,1.215919,0.090271,1.143055,0.060274,0.000000,0.000000,-0.037823,,-0.178358,0.000000,,,,0.074241,0.135115,1.500000,31.158866,25.384441,0.000000,circle,预设轨迹15,forward
1775478897.361637,27.633078,1775478918.430785|完整运动,完整运动,circle_orbit,1,1.000000,1.500000,1.500000,,,,,,,,,,,,,,,,1.214669,0.088736,1.139676,0.077223,0.000000,0.000000,-0.041514,,-0.179149,0.000000,,,,0.073053,0.134976,1.500000,31.182972,25.360334,0.000000,circle,预设轨迹15,forward
1775478897.392448,27.663889,1775478918.430785|完整运动,完整运动,circle_orbit,1,1.000000,1.500000,1.500000,,,,,,,,,,,,,,,,1.213389,0.087160,1.136573,0.075341,0.000000,0.000000,-0.045247,,-0.179736,0.000000,,,,0.071832,0.134834,1.500000,31.207125,25.336182,0.000000,circle,预设轨迹15,forward
1775478897.422882,27.694323,1775478918.430785|完整运动,完整运动,circle_orbit,1,1.000000,1.500000,1.500000,,,,,,,,,,,,,,,,1.212024,0.082947,1.130167,0.051350,0.000000,0.000000,-0.052712,,-0.181094,0.000000,,,,0.068437,0.134682,1.500000,31.255508,25.287798,0.000000,circle,预设轨迹15,forward
1775478897.443975,27.715416,1775478918.430785|完整运动,完整运动,circle_orbit,1,1.000000,1.500000,1.500000,,,,,,,,,,,,,,,,1.210585,0.079180,1.124232,0.050931,0.000000,0.000000,-0.059673,,-0.182379,0.000000,,,,0.065407,0.134522,1.500000,31.303654,25.239653,0.000000,circle,预设轨迹15,forward
1775478897.469614,27.741055,1775478918.430785|完整运动,完整运动,circle_orbit,1,1.000000,1.500000,1.500000,,,,,,,,,,,,,,,,1.209169,0.080387,1.124232,0.089441,0.000000,0.000000,-0.059673,,-0.182379,0.000000,,,,0.066481,0.134365,1.500000,31.303654,25.239653,0.000000,circle,预设轨迹15,forward
1775478897.498652,27.770094,1775478918.430785|完整运动,完整运动,circle_orbit,1,1.000000,1.500000,1.500000,,,,,,,,,,,,,,,,1.207695,0.076747,1.119247,0.049441,0.000000,0.000000,-0.066683,,-0.182977,0.000000,,,,0.063548,0.134201,1.500000,31.352401,25.190906,0.000000,circle,预设轨迹15,forward
1775478897.519105,27.790546,1775478918.430785|完整运动,完整运动,circle_orbit,1,1.000000,1.500000,1.500000,,,,,,,,,,,,,,,,1.206206,0.075401,1.116850,0.065306,0.000000,0.000000,-0.070225,,-0.183200,0.000000,,,,0.062511,0.134036,1.500000,31.376948,25.166359,0.000000,circle,预设轨迹15,forward
1775478897.546535,27.817976,1775478918.430785|完整运动,完整运动,circle_orbit,1,1.000000,1.500000,1.500000,,,,,,,,,,,,,,,,1.204664,0.071592,1.112130,0.043024,0.000000,0.000000,-0.077244,,-0.183643,0.000000,,,,0.059429,0.133864,1.500000,31.425908,25.117399,0.000000,circle,预设轨迹15,forward
1775478897.572071,27.843512,1775478918.430785|完整运动,完整运动,circle_orbit,1,1.000000,1.500000,1.500000,,,,,,,,,,,,,,,,1.203147,0.072805,1.112130,0.081908,0.000000,0.000000,-0.077244,,-0.183643,0.000000,,,,0.060512,0.133696,1.500000,31.425908,25.117399,0.000000,circle,预设轨迹15,forward
1775478897.592582,27.864023,1775478918.430785|完整运动,完整运动,circle_orbit,1,1.000000,1.500000,1.500000,,,,,,,,,,,,,,,,1.201589,0.069170,1.108092,0.041908,0.000000,0.000000,-0.084216,,-0.183616,0.000000,,,,0.057566,0.133523,1.500000,31.474744,25.068562,0.000000,circle,预设轨迹15,forward
1775478897.624296,27.895737,1775478918.430785|完整运动,完整运动,circle_orbit,1,1.000000,1.500000,1.500000,,,,,,,,,,,,,,,,1.200028,0.067881,1.106384,0.058211,0.000000,0.000000,-0.087707,,-0.183370,0.000000,,,,0.056566,0.133349,1.500000,31.499228,25.044079,0.000000,circle,预设轨迹15,forward
1775478897.649515,27.920956,1775478918.430785|完整运动,完整运动,circle_orbit,1,1.000000,1.500000,1.500000,,,,,,,,,,,,,,,,1.198467,0.066418,1.104840,0.055442,0.000000,0.000000,-0.091432,,-0.182899,0.000000,,,,0.055419,0.133176,1.500000,31.523782,25.019524,0.000000,circle,预设轨迹15,forward
1775478897.669855,27.941296,1775478918.430785|完整运动,完整运动,circle_orbit,1,1.000000,1.500000,1.500000,,,,,,,,,,,,,,,,1.196881,0.061976,1.101686,0.028666,0.000000,0.000000,-0.099387,,-0.181792,0.000000,,,,0.051781,0.132999,1.500000,31.572468,24.970838,0.000000,circle,预设轨迹15,forward
1775478897.700784,27.972225,1775478918.430785|完整运动,完整运动,circle_orbit,1,1.000000,1.500000,1.500000,,,,,,,,,,,,,,,,1.195289,0.060245,1.099791,0.047258,0.000000,0.000000,-0.103651,,-0.181363,0.000000,,,,0.050402,0.132823,1.500000,31.596861,24.946446,0.000000,circle,预设轨迹15,forward
1775478897.734947,28.006388,1775478918.430785|完整运动,完整运动,circle_orbit,1,1.000000,1.500000,1.500000,,,,,,,,,,,,,,,,1.193645,0.055710,1.094994,0.021702,0.000000,0.000000,-0.111900,,-0.181431,0.000000,,,,0.046672,0.132640,1.500000,31.645833,24.897474,0.000000,circle,预设轨迹15,forward
1775478897.755589,28.027030,1775478918.430785|完整运动,完整运动,circle_orbit,1,1.000000,1.500000,1.500000,,,,,,,,,,,,,,,,1.191988,0.054242,1.092582,0.043227,0.000000,0.000000,-0.115948,,-0.181522,0.000000,,,,0.045505,0.132456,1.500000,31.670332,24.872975,0.000000,circle,预设轨迹15,forward
1775478897.780590,28.052031,1775478918.430785|完整运动,完整运动,circle_orbit,1,1.000000,1.500000,1.500000,,,,,,,,,,,,,,,,1.190320,0.052878,1.090238,0.042654,0.000000,0.000000,-0.119829,,-0.181641,0.000000,,,,0.044424,0.132270,1.500000,31.694603,24.848704,0.000000,circle,预设轨迹15,forward
1775478897.809972,28.081413,1775478918.430785|完整运动,完整运动,circle_orbit,1,1.000000,1.500000,1.500000,,,,,,,,,,,,,,,,1.188643,0.051676,1.088006,0.042656,0.000000,0.000000,-0.123462,,-0.181791,0.000000,,,,0.043475,0.132084,1.500000,31.718746,24.824561,0.000000,circle,预设轨迹15,forward
1775478897.830491,28.101932,1775478918.430785|完整运动,完整运动,circle_orbit,1,1.000000,1.500000,1.500000,,,,,,,,,,,,,,,,1.186949,0.048225,1.085296,0.022345,0.000000,0.000000,-0.130266,,-0.180918,0.000000,,,,0.040629,0.131896,1.500000,31.767438,24.775869,0.000000,circle,预设轨迹15,forward
1775478897.858893,28.130334,1775478918.430785|完整运动,完整运动,circle_orbit,1,1.000000,1.500000,1.500000,,,,,,,,,,,,,,,,1.185251,0.047425,1.083407,0.041426,0.000000,0.000000,-0.133401,,-0.181030,0.000000,,,,0.040013,0.131707,1.500000,31.791931,24.751376,0.000000,circle,预设轨迹15,forward
1775478897.897006,28.168447,1775478918.430785|完整运动,完整运动,circle_orbit,1,1.000000,1.500000,1.500000,,,,,,,,,,,,,,,,1.183569,0.046569,1.082612,0.040148,0.000000,0.000000,-0.136572,,-0.180257,0.000000,,,,0.039346,0.131520,1.500000,31.816360,24.726946,0.000000,circle,预设轨迹15,forward
1775478897.917593,28.189034,1775478918.430785|完整运动,完整运动,circle_orbit,1,1.000000,1.500000,1.500000,,,,,,,,,,,,,,,,1.181887,0.043359,1.081000,0.019285,0.000000,0.000000,-0.143051,,-0.178669,0.000000,,,,0.036686,0.131333,1.500000,31.864893,24.678414,0.000000,circle,预设轨迹15,forward
1775478897.938233,28.209674,1775478918.430785|完整运动,完整运动,circle_orbit,1,1.000000,1.500000,1.500000,,,,,,,,,,,,,,,,1.180227,0.042323,1.080612,0.034552,0.000000,0.000000,-0.146535,,-0.177431,0.000000,,,,0.035860,0.131149,1.500000,31.889020,24.654287,0.000000,circle,预设轨迹15,forward
1775478897.976228,28.247669,1775478918.430785|完整运动,完整运动,circle_orbit,1,1.000000,1.500000,1.500000,,,,,,,,,,,,,,,,1.178586,0.041079,1.080128,0.031750,0.000000,0.000000,-0.150289,,-0.176151,0.000000,,,,0.034855,0.130966,1.500000,31.913222,24.630084,0.000000,circle,预设轨迹15,forward
1775478897.997979,28.269420,1775478918.430785|完整运动,完整运动,circle_orbit,1,1.000000,1.500000,1.500000,,,,,,,,,,,,,,,,1.176950,0.037176,1.078785,0.007906,0.000000,0.000000,-0.157811,,-0.173889,0.000000,,,,0.031587,0.130785,1.500000,31.961689,24.581617,0.000000,circle,预设轨迹15,forward
1775478898.019781,28.291222,1775478918.430785|完整运动,完整运动,circle_orbit,1,1.000000,1.500000,1.500000,,,,,,,,,,,,,,,,1.175329,0.036091,1.078067,0.027947,0.000000,0.000000,-0.161462,,-0.172844,0.000000,,,,0.030707,0.130604,1.500000,31.985892,24.557415,0.000000,circle,预设轨迹15,forward
1775478898.049057,28.320498,1775478918.430785|完整运动,完整运动,circle_orbit,1,1.000000,1.500000,1.500000,,,,,,,,,,,,,,,,1.173719,0.035062,1.077107,0.027347,0.000000,0.000000,-0.165006,,-0.172044,0.000000,,,,0.029873,0.130426,1.500000,32.010054,24.533253,0.000000,circle,预设轨迹15,forward
1775478898.069669,28.341110,1775478918.430785|完整运动,完整运动,circle_orbit,1,1.000000,1.500000,1.500000,,,,,,,,,,,,,,,,1.172094,0.032022,1.074583,0.009221,0.000000,0.000000,-0.171380,,-0.171255,0.000000,,,,0.027320,0.130245,1.500000,32.057885,24.485421,0.000000,circle,预设轨迹15,forward
1775478898.093152,28.364594,1775478918.430785|完整运动,完整运动,circle_orbit,1,1.000000,1.500000,1.500000,,,,,,,,,,,,,,,,1.170484,0.031447,1.073930,0.027139,0.000000,0.000000,-0.174336,,-0.170472,0.000000,,,,0.026867,0.130066,1.500000,32.081728,24.461578,0.000000,circle,预设轨迹15,forward
1775478898.124281,28.395722,1775478918.430785|完整运动,完整运动,circle_orbit,1,1.000000,1.500000,1.500000,,,,,,,,,,,,,,,,1.168899,0.030902,1.073780,0.026810,0.000000,0.000000,-0.177199,,-0.169321,0.000000,,,,0.026437,0.129890,1.500000,32.105476,24.437831,0.000000,circle,预设轨迹15,forward
1775478898.145041,28.416483,1775478918.430785|完整运动,完整运动,circle_orbit,1,1.000000,1.500000,1.500000,,,,,,,,,,,,,,,,1.167323,0.028279,1.072788,0.008611,0.000000,0.000000,-0.182969,,-0.167564,0.000000,,,,0.024226,0.129715,1.500000,32.152997,24.390310,0.000000,circle,预设轨迹15,forward
1775478898.169099,28.440540,1775478918.430785|完整运动,完整运动,circle_orbit,1,1.000000,1.500000,1.500000,,,,,,,,,,,,,,,,1.165774,0.029762,1.072788,0.040885,0.000000,0.000000,-0.182969,,-0.167564,0.000000,,,,0.025530,0.129543,1.500000,32.152997,24.390310,0.000000,circle,预设轨迹15,forward
1775478898.195828,28.467269,1775478918.430785|完整运动,完整运动,circle_orbit,1,1.000000,1.500000,1.500000,,,,,,,,,,,,,,,,1.164225,0.027366,1.071308,0.009390,0.000000,0.000000,-0.188325,,-0.166390,0.000000,,,,0.023505,0.129371,1.500000,32.200194,24.343112,0.000000,circle,预设轨迹15,forward
1775478898.217812,28.489253,1775478918.430785|完整运动,完整运动,circle_orbit,1,1.000000,1.500000,1.500000,,,,,,,,,,,,,,,,1.162693,0.026870,1.070776,0.023154,0.000000,0.000000,-0.191043,,-0.165617,0.000000,,,,0.023110,0.129200,1.500000,32.223660,24.319647,0.000000,circle,预设轨迹15,forward
1775478898.250320,28.521762,1775478918.430785|完整运动,完整运动,circle_orbit,1,1.000000,1.500000,1.500000,,,,,,,,,,,,,,,,1.161181,0.026249,1.070445,0.021586,0.000000,0.000000,-0.193897,,-0.164619,0.000000,,,,0.022605,0.129032,1.500000,32.247223,24.296083,0.000000,circle,预设轨迹15,forward
1775478898.281931,28.553372,1775478918.430785|完整运动,完整运动,circle_orbit,1,1.000000,1.500000,1.500000,,,,,,,,,,,,,,,,1.159693,0.024972,1.070437,0.015395,0.000000,0.000000,-0.197654,,-0.162956,0.000000,,,,0.021533,0.128867,1.500000,32.270580,24.272726,0.000000,circle,预设轨迹15,forward
1775478898.302697,28.574138,1775478918.430785|完整运动,完整运动,circle_orbit,1,1.000000,1.500000,1.500000,,,,,,,,,,,,,,,,1.158204,0.020681,1.068823,-0.011501,0.000000,0.000000,-0.205703,,-0.160701,0.000000,,,,0.017856,0.128701,1.500000,32.317301,24.226006,0.000000,circle,预设轨迹15,forward
1775478898.326073,28.597514,1775478918.430785|完整运动,完整运动,circle_orbit,1,1.000000,1.500000,1.500000,,,,,,,,,,,,,,,,1.156722,0.019429,1.067822,0.010042,0.000000,0.000000,-0.209602,,-0.159790,0.000000,,,,0.016797,0.128537,1.500000,32.340794,24.202513,0.000000,circle,预设轨迹15,forward
1775478898.354323,28.625764,1775478918.430785|完整运动,完整运动,circle_orbit,1,1.000000,1.500000,1.500000,,,,,,,,,,,,,,,,1.155255,0.018248,1.067227,0.009388,0.000000,0.000000,-0.213397,,-0.158592,0.000000,,,,0.015796,0.128374,1.500000,32.364190,24.179117,0.000000,circle,预设轨迹15,forward
1775478898.374729,28.646170,1775478918.430785|完整运动,完整运动,circle_orbit,1,1.000000,1.500000,1.500000,,,,,,,,,,,,,,,,1.153798,0.014314,1.066373,-0.015190,0.000000,0.000000,-0.221104,,-0.155870,0.000000,,,,0.012406,0.128212,1.500000,32.410934,24.132373,0.000000,circle,预设轨迹15,forward
1775478898.404074,28.675515,1775478918.430785|完整运动,完整运动,circle_orbit,1,1.000000,1.500000,1.500000,,,,,,,,,,,,,,,,1.152356,0.013274,1.065850,0.005470,0.000000,0.000000,-0.224843,,-0.154640,0.000000,,,,0.011519,0.128052,1.500000,32.434456,24.108850,0.000000,circle,预设轨迹15,forward
1775478898.428488,28.699929,1775478918.430785|完整运动,完整运动,circle_orbit,1,1.000000,1.500000,1.500000,,,,,,,,,,,,,,,,1.150935,0.012331,1.065702,0.005266,0.000000,0.000000,-0.228425,,-0.153170,0.000000,,,,0.010714,0.127894,1.500000,32.458040,24.085266,0.000000,circle,预设轨迹15,forward
1775478898.449947,28.721388,1775478918.430785|完整运动,完整运动,circle_orbit,1,1.000000,1.500000,1.500000,,,,,,,,,,,,,,,,1.149521,0.009439,1.064653,-0.012257,0.000000,0.000000,-0.234758,,-0.151222,0.000000,,,,0.008211,0.127737,1.500000,32.506074,24.037233,0.000000,circle,预设轨迹15,forward
1775478898.475847,28.747289,1775478918.430785|完整运动,完整运动,circle_orbit,1,1.000000,1.500000,1.500000,,,,,,,,,,,,,,,,1.148130,0.011060,1.064653,0.023220,0.000000,0.000000,-0.234758,,-0.151222,0.000000,,,,0.009633,0.127582,1.500000,32.506074,24.037233,0.000000,circle,预设轨迹15,forward
1775478898.505280,28.776721,1775478918.430785|完整运动,完整运动,circle_orbit,1,1.000000,1.500000,1.500000,,,,,,,,,,,,,,,,1.146773,0.008168,1.065374,-0.013520,0.000000,0.000000,-0.241017,,-0.147844,0.000000,,,,0.007123,0.127431,1.500000,32.553937,23.989369,0.000000,circle,预设轨迹15,forward
1775478898.526984,28.798425,1775478918.430785|完整运动,完整运动,circle_orbit,1,1.000000,1.500000,1.500000,,,,,,,,,,,,,,,,1.145447,0.004560,1.065914,-0.022505,0.000000,0.000000,-0.248395,,-0.144119,0.000000,,,,0.003981,0.127284,1.500000,32.600849,23.942457,0.000000,circle,预设轨迹15,forward
1775478898.554022,28.825463,1775478918.430785|完整运动,完整运动,circle_orbit,1,1.000000,1.500000,1.500000,,,,,,,,,,,,,,,,1.144144,0.006082,1.065914,0.017495,0.000000,0.000000,-0.248395,,-0.144119,0.000000,,,,0.005315,0.127139,1.500000,32.600849,23.942457,0.000000,circle,预设轨迹15,forward
1775478898.589247,28.860688,1775478918.430785|完整运动,完整运动,circle_orbit,1,1.000000,1.500000,1.500000,,,,,,,,,,,,,,,,1.142881,0.002718,1.067135,-0.022505,0.000000,0.000000,-0.257145,,-0.139223,0.000000,,,,0.002379,0.126999,1.500000,32.647336,23.895970,0.000000,circle,预设轨迹15,forward
1775478898.609885,28.881326,1775478918.430785|完整运动,完整运动,circle_orbit,1,1.000000,1.500000,1.500000,,,,,,,,,,,,,,,,1.141659,-0.002236,1.068300,-0.039392,0.000000,0.000000,-0.266423,,-0.134141,0.000000,,,,0.001958,0.126863,1.500000,32.693486,23.849820,0.000000,circle,预设轨迹15,forward
1775478898.634012,28.905453,1775478918.430785|完整运动,完整运动,circle_orbit,1,1.000000,1.500000,1.500000,,,,,,,,,,,,,,,,1.140461,-0.003625,1.068594,-0.014046,0.000000,0.000000,-0.270847,,-0.131934,0.000000,,,,0.003179,0.126730,1.500000,32.716253,23.827053,0.000000,circle,预设轨迹15,forward
1775478898.672963,28.944404,1775478918.430785|完整运动,完整运动,circle_orbit,1,1.000000,1.500000,1.500000,,,,,,,,,,,,,,,,1.139289,-0.004925,1.068959,-0.014675,0.000000,0.000000,-0.275151,,-0.129720,0.000000,,,,0.004323,0.126600,1.500000,32.738863,23.804444,0.000000,circle,预设轨迹15,forward
1775478898.694507,28.965948,1775478918.430785|完整运动,完整运动,circle_orbit,1,1.000000,1.500000,1.500000,,,,,,,,,,,,,,,,1.138157,-0.008944,1.070284,-0.039085,0.000000,0.000000,-0.283332,,-0.124998,0.000000,,,,0.007858,0.126474,1.500000,32.784439,23.758868,0.000000,circle,预设轨迹15,forward
1775478898.715880,28.987321,1775478918.430785|完整运动,完整运动,circle_orbit,1,1.000000,1.500000,1.500000,,,,,,,,,,,,,,,,1.137058,-0.009828,1.071083,-0.016460,0.000000,0.000000,-0.287210,,-0.122621,0.000000,,,,0.008644,0.126352,1.500000,32.807475,23.735832,0.000000,circle,预设轨迹15,forward
1775478898.745406,29.016847,1775478918.430785|完整运动,完整运动,circle_orbit,1,1.000000,1.500000,1.500000,,,,,,,,,,,,,,,,1.135986,-0.010624,1.071670,-0.016595,0.000000,0.000000,-0.290937,,-0.120486,0.000000,,,,0.009352,0.126233,1.500000,32.830640,23.712666,0.000000,circle,预设轨迹15,forward
1775478898.765983,29.037425,1775478918.430785|完整运动,完整运动,circle_orbit,1,1.000000,1.500000,1.500000,,,,,,,,,,,,,,,,1.134972,-0.013951,1.074123,-0.038904,0.000000,0.000000,-0.298245,,-0.115239,0.000000,,,,0.012292,0.126120,1.500000,32.876566,23.666741,0.000000,circle,预设轨迹15,forward
1775478898.791533,29.062974,1775478918.430785|完整运动,完整运动,circle_orbit,1,1.000000,1.500000,1.500000,,,,,,,,,,,,,,,,1.133974,-0.012181,1.074123,0.001096,0.000000,0.000000,-0.298245,,-0.115239,0.000000,,,,0.010742,0.126009,1.500000,32.876566,23.666741,0.000000,circle,预设轨迹15,forward
1775478898.826105,29.097547,1775478918.430785|完整运动,完整运动,circle_orbit,1,1.000000,1.500000,1.500000,,,,,,,,,,,,,,,,1.133045,-0.015325,1.077275,-0.038904,0.000000,0.000000,-0.305402,,-0.109504,0.000000,,,,0.013525,0.125906,1.500000,32.922314,23.620993,0.000000,circle,预设轨迹15,forward
1775478898.846442,29.117883,1775478918.430785|完整运动,完整运动,circle_orbit,1,1.000000,1.500000,1.500000,,,,,,,,,,,,,,,,1.132197,-0.018101,1.081329,-0.038918,0.000000,0.000000,-0.311999,,-0.103310,0.000000,,,,0.015987,0.125812,1.500000,32.968226,23.575080,0.000000,circle,预设轨迹15,forward
1775478898.870451,29.141892,1775478918.430785|完整运动,完整运动,circle_orbit,1,1.000000,1.500000,1.500000,,,,,,,,,,,,,,,,1.131401,-0.018396,1.083661,-0.020607,0.000000,0.000000,-0.315158,,-0.100039,0.000000,,,,0.016259,0.125723,1.500000,32.991226,23.552081,0.000000,circle,预设轨迹15,forward
1775478898.904467,29.175908,1775478918.430785|完整运动,完整运动,circle_orbit,1,1.000000,1.500000,1.500000,,,,,,,,,,,,,,,,1.130619,-0.016511,1.083661,-0.002379,0.000000,0.000000,-0.315158,,-0.100039,0.000000,,,,0.014604,0.125636,1.500000,32.991226,23.552081,0.000000,circle,预设轨迹15,forward
1775478898.925059,29.196500,1775478918.430785|完整运动,完整运动,circle_orbit,1,1.000000,1.500000,1.500000,,,,,,,,,,,,,,,,1.129944,-0.019555,1.089491,-0.042379,0.000000,0.000000,-0.325746,,-0.090704,0.000000,,,,0.017306,0.125561,1.500000,33.060688,23.482619,0.000000,circle,预设轨迹15,forward
1775478898.947150,29.218591,1775478918.430785|完整运动,完整运动,circle_orbit,1,1.000000,1.500000,1.500000,,,,,,,,,,,,,,,,1.129281,-0.017907,1.089491,-0.005554,0.000000,0.000000,-0.325746,,-0.090704,0.000000,,,,0.015857,0.125488,1.500000,33.060688,23.482619,0.000000,circle,预设轨迹15,forward
1775478898.983377,29.254818,1775478918.430785|完整运动,完整运动,circle_orbit,1,1.000000,1.500000,1.500000,,,,,,,,,,,,,,,,1.128689,-0.021160,1.093152,-0.045554,0.000000,0.000000,-0.333056,,-0.084573,0.000000,,,,0.018747,0.125422,1.500000,33.107429,23.435878,0.000000,circle,预设轨迹15,forward
1775478899.005597,29.277039,1775478918.430785|完整运动,完整运动,circle_orbit,1,1.000000,1.500000,1.500000,,,,,,,,,,,,,,,,1.128129,-0.021507,1.094512,-0.024113,0.000000,0.000000,-0.335895,,-0.082246,0.000000,,,,0.019065,0.125360,1.500000,33.130723,23.412584,0.000000,circle,预设轨迹15,forward
1775478899.028754,29.300195,1775478918.430785|完整运动,完整运动,circle_orbit,1,1.000000,1.500000,1.500000,,,,,,,,,,,,,,,,1.127614,-0.021906,1.096765,-0.024898,0.000000,0.000000,-0.338797,,-0.079196,0.000000,,,,0.019427,0.125302,1.500000,33.153928,23.389379,0.000000,circle,预设轨迹15,forward
1775478899.054879,29.326320,1775478918.430785|完整运动,完整运动,circle_orbit,1,1.000000,1.500000,1.500000,,,,,,,,,,,,,,,,1.127163,-0.023718,1.100044,-0.037303,0.000000,0.000000,-0.343706,,-0.074466,0.000000,,,,0.021042,0.125252,1.500000,33.200146,23.343161,0.000000,circle,预设轨迹15,forward
1775478899.082152,29.353593,1775478918.430785|完整运动,完整运动,circle_orbit,1,1.000000,1.500000,1.500000,,,,,,,,,,,,,,,,1.126754,-0.023381,1.102236,-0.020854,0.000000,0.000000,-0.345631,,-0.071916,0.000000,,,,0.020751,0.125207,1.500000,33.223042,23.320264,0.000000,circle,预设轨迹15,forward
1775478899.102526,29.373967,1775478918.430785|完整运动,完整运动,circle_orbit,1,1.000000,1.500000,1.500000,,,,,,,,,,,,,,,,1.126398,-0.022973,1.105025,-0.019918,0.000000,0.000000,-0.347406,,-0.068979,0.000000,,,,0.020395,0.125167,1.500000,33.245660,23.297647,0.000000,circle,预设轨迹15,forward
1775478899.130674,29.402115,1775478918.430785|完整运动,完整运动,circle_orbit,1,1.000000,1.500000,1.500000,,,,,,,,,,,,,,,,1.126089,-0.022489,1.107579,-0.018857,0.000000,0.000000,-0.349021,,-0.066305,0.000000,,,,0.019971,0.125133,1.500000,33.267571,23.275736,0.000000,circle,预设轨迹15,forward
1775478899.162657,29.434098,1775478918.430785|完整运动,完整运动,circle_orbit,1,1.000000,1.500000,1.500000,,,,,,,,,,,,,,,,1.125880,-0.023630,1.113342,-0.032184,0.000000,0.000000,-0.352906,,-0.060197,0.000000,,,,0.020988,0.125110,1.500000,33.311242,23.232065,0.000000,circle,预设轨迹15,forward
1775478899.183746,29.455187,1775478918.430785|完整运动,完整运动,circle_orbit,1,1.000000,1.500000,1.500000,,,,,,,,,,,,,,,,1.125716,-0.023558,1.115863,-0.023022,0.000000,0.000000,-0.355108,,-0.057316,0.000000,,,,0.020927,0.125091,1.500000,33.333163,23.210143,0.000000,circle,预设轨迹15,forward
1775478899.211616,29.483057,1775478918.430785|完整运动,完整运动,circle_orbit,1,1.000000,1.500000,1.500000,,,,,,,,,,,,,,,,1.125591,-0.023585,1.118080,-0.023782,0.000000,0.000000,-0.357421,,-0.054622,0.000000,,,,0.020953,0.125078,1.500000,33.355310,23.187996,0.000000,circle,预设轨迹15,forward
1775478899.243958,29.515399,1775478918.430785|完整运动,完整运动,circle_orbit,1,1.000000,1.500000,1.500000,,,,,,,,,,,,,,,,1.125530,-0.025199,1.121895,-0.037305,0.000000,0.000000,-0.361975,,-0.049746,0.000000,,,,0.022388,0.125071,1.500000,33.399686,23.143621,0.000000,circle,预设轨迹15,forward
1775478899.269524,29.540966,1775478918.430785|完整运动,完整运动,circle_orbit,1,1.000000,1.500000,1.500000,,,,,,,,,,,,,,,,1.125529,-0.027050,1.125430,-0.040939,0.000000,0.000000,-0.366941,,-0.044915,0.000000,,,,0.024034,0.125071,1.500000,33.444214,23.099093,0.000000,circle,预设轨迹15,forward
1775478899.292877,29.564318,1775478918.430785|完整运动,完整运动,circle_orbit,1,1.000000,1.500000,1.500000,,,,,,,,,,,,,,,,1.125558,-0.026587,1.127308,-0.023115,0.000000,0.000000,-0.368690,,-0.042749,0.000000,,,,0.023622,0.125074,1.500000,33.466961,23.076345,0.000000,circle,预设轨迹15,forward
1775478899.322801,29.594242,1775478918.430785|完整运动,完整运动,circle_orbit,1,1.000000,1.500000,1.500000,,,,,,,,,,,,,,,,1.125610,-0.025802,1.128733,-0.019911,0.000000,0.000000,-0.369921,,-0.041152,0.000000,,,,0.022923,0.125080,1.500000,33.489783,23.053524,0.000000,circle,预设轨迹15,forward
1775478899.343390,29.614831,1775478918.430785|完整运动,完整运动,circle_orbit,1,1.000000,1.500000,1.500000,,,,,,,,,,,,,,,,1.125707,-0.025034,1.131550,-0.019272,0.000000,0.000000,-0.371108,,-0.038557,0.000000,,,,0.022238,0.125090,1.500000,33.512772,23.030535,0.000000,circle,预设轨迹15,forward
1775478899.368397,29.639838,1775478918.430785|完整运动,完整运动,circle_orbit,1,1.000000,1.500000,1.500000,,,,,,,,,,,,,,,,1.125845,-0.024151,1.134121,-0.017532,0.000000,0.000000,-0.372068,,-0.036252,0.000000,,,,0.021452,0.125106,1.500000,33.535241,23.008065,0.000000,circle,预设轨迹15,forward
1775478899.406928,29.678369,1775478918.430785|完整运动,完整运动,circle_orbit,1,1.000000,1.500000,1.500000,,,,,,,,,,,,,,,,1.126016,-0.023279,1.136246,-0.016735,0.000000,0.000000,-0.372974,,-0.034303,0.000000,,,,0.020673,0.125125,1.500000,33.557690,22.985617,0.000000,circle,预设轨迹15,forward
1775478899.428143,29.699584,1775478918.430785|完整运动,完整运动,circle_orbit,1,1.000000,1.500000,1.500000,,,,,,,,,,,,,,,,1.126318,-0.023929,1.144447,-0.028808,0.000000,0.000000,-0.376000,,-0.027046,0.000000,,,,0.021245,0.125158,1.500000,33.624607,22.918700,0.000000,circle,预设轨迹15,forward
1775478899.448786,29.720227,1775478918.430785|完整运动,完整运动,circle_orbit,1,1.000000,1.500000,1.500000,,,,,,,,,,,,,,,,1.126660,-0.023359,1.147210,-0.019080,0.000000,0.000000,-0.377316,,-0.024488,0.000000,,,,0.020733,0.125196,1.500000,33.646939,22.896368,0.000000,circle,预设轨迹15,forward
1775478899.478081,29.749522,1775478918.430785|完整运动,完整运动,circle_orbit,1,1.000000,1.500000,1.500000,,,,,,,,,,,,,,,,1.126997,-0.021900,1.147210,-0.010961,0.000000,0.000000,-0.377316,,-0.024488,0.000000,,,,0.019432,0.125234,1.500000,33.646939,22.896368,0.000000,circle,预设轨迹15,forward
1775478899.498567,29.770008,1775478918.430785|完整运动,完整运动,circle_orbit,1,1.000000,1.500000,1.500000,,,,,,,,,,,,,,,,1.127400,-0.022411,1.151580,-0.026246,0.000000,0.000000,-0.380032,,-0.020179,0.000000,,,,0.019879,0.125279,1.500000,33.692073,22.851233,0.000000,circle,预设轨迹15,forward
1775478899.526643,29.798084,1775478918.430785|完整运动,完整运动,circle_orbit,1,1.000000,1.500000,1.500000,,,,,,,,,,,,,,,,1.127829,-0.021754,1.153556,-0.016827,0.000000,0.000000,-0.381109,,-0.018307,0.000000,,,,0.019289,0.125326,1.500000,33.714785,22.828521,0.000000,circle,预设轨迹15,forward
1775478899.554201,29.825642,1775478918.430785|完整运动,完整运动,circle_orbit,1,1.000000,1.500000,1.500000,,,,,,,,,,,,,,,,1.128289,-0.021043,1.155876,-0.015710,0.000000,0.000000,-0.382063,,-0.016251,0.000000,,,,0.018651,0.125377,1.500000,33.737801,22.805505,0.000000,circle,预设轨迹15,forward
1775478899.574571,29.846012,1775478918.430785|完整运动,完整运动,circle_orbit,1,1.000000,1.500000,1.500000,,,,,,,,,,,,,,,,1.128803,-0.020729,1.159673,-0.018371,0.000000,0.000000,-0.383542,,-0.012938,0.000000,,,,0.018364,0.125434,1.500000,33.784264,22.759042,0.000000,circle,预设轨迹15,forward
1775478899.605920,29.877361,1775478918.430785|完整运动,完整运动,circle_orbit,1,1.000000,1.500000,1.500000,,,,,,,,,,,,,,,,1.129352,-0.019960,1.162283,-0.014191,0.000000,0.000000,-0.384353,,-0.010762,0.000000,,,,0.017674,0.125495,1.500000,33.807841,22.735466,0.000000,circle,预设轨迹15,forward
1775478899.638557,29.909998,1775478918.430785|完整运动,完整运动,circle_orbit,1,1.000000,1.500000,1.500000,,,,,,,,,,,,,,,,1.129918,-0.019051,1.163873,-0.012236,0.000000,0.000000,-0.384918,,-0.009409,0.000000,,,,0.016861,0.125558,1.500000,33.831159,22.712148,0.000000,circle,预设轨迹15,forward
1775478899.659292,29.930733,1775478918.430785|完整运动,完整运动,circle_orbit,1,1.000000,1.500000,1.500000,,,,,,,,,,,,,,,,1.130560,-0.018655,1.169070,-0.015681,0.000000,0.000000,-0.386169,,-0.005272,0.000000,,,,0.016500,0.125630,1.500000,33.877386,22.665921,0.000000,circle,预设轨迹15,forward
1775478899.684427,29.955868,1775478918.430785|完整运动,完整运动,circle_orbit,1,1.000000,1.500000,1.500000,,,,,,,,,,,,,,,,1.131251,-0.018037,1.172707,-0.013406,0.000000,0.000000,-0.387089,,-0.002377,0.000000,,,,0.015944,0.125706,1.500000,33.900180,22.643126,0.000000,circle,预设轨迹15,forward
1775478899.712644,29.984085,1775478918.430785|完整运动,完整运动,circle_orbit,1,1.000000,1.500000,1.500000,,,,,,,,,,,,,,,,1.131970,-0.017494,1.175118,-0.013421,0.000000,0.000000,-0.388086,,0.000293,0.000000,,,,0.015455,0.125786,1.500000,33.923067,22.620240,0.000000,circle,预设轨迹15,forward
1775478899.733387,30.004828,1775478918.430785|完整运动,完整运动,circle_orbit,1,1.000000,1.500000,1.500000,,,,,,,,,,,,,,,,1.132525,-0.017381,1.165827,-0.016534,0.000000,0.000000,-0.389680,,0.005943,0.000000,,,,0.015347,0.125848,1.500000,33.968964,22.574343,0.000000,circle,预设轨迹15,forward
1775478899.764757,30.036198,1775478918.430785|完整运动,完整运动,circle_orbit,1,1.000000,1.500000,1.500000,,,,,,,,,,,,,,,,1.133005,-0.016482,1.161788,-0.009735,0.000000,0.000000,-0.390156,,0.008527,0.000000,,,,0.014547,0.125901,1.500000,33.992304,22.551003,0.000000,circle,预设轨迹15,forward
1775478899.790573,30.062014,1775478918.430785|完整运动,完整运动,circle_orbit,1,1.000000,1.500000,1.500000,,,,,,,,,,,,,,,,1.133413,-0.015481,1.157893,-0.007979,0.000000,0.000000,-0.390443,,0.011114,0.000000,,,,0.013659,0.125947,1.500000,34.015998,22.527309,0.000000,circle,预设轨迹15,forward
1775478899.810903,30.082344,1775478918.430785|完整运动,完整运动,circle_orbit,1,1.000000,1.500000,1.500000,,,,,,,,,,,,,,,,1.133663,-0.014557,1.148668,-0.007624,0.000000,0.000000,-0.390805,,0.017455,0.000000,,,,0.012841,0.125974,1.500000,34.064543,22.478764,0.000000,circle,预设轨迹15,forward
1775478899.841491,30.112932,1775478918.430785|完整运动,完整运动,circle_orbit,1,1.000000,1.500000,1.500000,,,,,,,,,,,,,,,,1.133832,-0.013646,1.143987,-0.006810,0.000000,0.000000,-0.391144,,0.020644,0.000000,,,,0.012035,0.125993,1.500000,34.089161,22.454146,0.000000,circle,预设轨迹15,forward
1775478899.874622,30.146063,1775478918.430785|完整运动,完整运动,circle_orbit,1,1.000000,1.500000,1.500000,,,,,,,,,,,,,,,,1.133918,-0.012761,1.139086,-0.006123,0.000000,0.000000,-0.391483,,0.024019,0.000000,,,,0.011253,0.126003,1.500000,34.114091,22.429216,0.000000,circle,预设轨迹15,forward
1775478899.895236,30.166678,1775478918.430785|完整运动,完整运动,circle_orbit,1,1.000000,1.500000,1.500000,,,,,,,,,,,,,,,,1.133854,-0.012063,1.130018,-0.006828,0.000000,0.000000,-0.392063,,0.030366,0.000000,,,,0.010639,0.125996,1.500000,34.163989,22.379317,0.000000,circle,预设轨迹15,forward
1775478899.919336,30.190777,1775478918.430785|完整运动,完整运动,circle_orbit,1,1.000000,1.500000,1.500000,,,,,,,,,,,,,,,,1.133689,-0.011329,1.123806,-0.005824,0.000000,0.000000,-0.392571,,0.034726,0.000000,,,,0.009993,0.125977,1.500000,34.188801,22.354506,0.000000,circle,预设轨迹15,forward
1775478899.957558,30.228999,1775478918.430785|完整运动,完整运动,circle_orbit,1,1.000000,1.500000,1.500000,,,,,,,,,,,,,,,,1.133358,-0.011031,1.113462,-0.008802,0.000000,0.000000,-0.393688,,0.041979,0.000000,,,,0.009733,0.125941,1.500000,34.236818,22.306488,0.000000,circle,预设轨迹15,forward
1775478899.978545,30.249987,1775478918.430785|完整运动,完整运动,circle_orbit,1,1.000000,1.500000,1.500000,,,,,,,,,,,,,,,,1.132967,-0.010232,1.109538,-0.004236,0.000000,0.000000,-0.394086,,0.044780,0.000000,,,,0.009031,0.125897,1.500000,34.260229,22.283078,0.000000,circle,预设轨迹15,forward
1775478899.998886,30.270327,1775478918.430785|完整运动,完整运动,circle_orbit,1,1.000000,1.500000,1.500000,,,,,,,,,,,,,,,,1.132524,-0.009026,1.105914,0.000019,0.000000,0.000000,-0.393873,,0.047644,0.000000,,,,0.007970,0.125848,1.500000,34.283331,22.259976,0.000000,circle,预设轨迹15,forward
1775478900.029029,30.300470,1775478918.430785|完整运动,完整运动,circle_orbit,1,1.000000,1.500000,1.500000,,,,,,,,,,,,,,,,1.132018,-0.007856,1.101659,0.000921,0.000000,0.000000,-0.393659,,0.051013,0.000000,,,,0.006940,0.125792,1.500000,34.306447,22.236859,0.000000,circle,预设轨迹15,forward
1775478900.049681,30.321122,1775478918.430785|完整运动,完整运动,circle_orbit,1,1.000000,1.500000,1.500000,,,,,,,,,,,,,,,,1.131372,-0.006658,1.092614,0.002329,0.000000,0.000000,-0.393371,,0.058186,0.000000,,,,0.005884,0.125720,1.500000,34.353378,22.189929,0.000000,circle,预设轨迹15,forward
1775478900.075432,30.346873,1775478918.430785|完整运动,完整运动,circle_orbit,1,1.000000,1.500000,1.500000,,,,,,,,,,,,,,,,1.130690,-0.005316,1.089748,0.004742,0.000000,0.000000,-0.392828,,0.060684,0.000000,,,,0.004702,0.125644,1.500000,34.377159,22.166147,0.000000,circle,预设轨迹15,forward
1775478900.104106,30.375547,1775478918.430785|完整运动,完整运动,circle_orbit,1,1.000000,1.500000,1.500000,,,,,,,,,,,,,,,,1.130018,-0.004405,1.089748,0.002427,0.000000,0.000000,-0.392828,,0.060684,0.000000,,,,0.003899,0.125570,1.500000,34.377159,22.166147,0.000000,circle,预设轨迹15,forward
1775478900.124497,30.395938,1775478918.430785|完整运动,完整运动,circle_orbit,1,1.000000,1.500000,1.500000,,,,,,,,,,,,,,,,1.129230,-0.000533,1.081913,0.028513,0.000000,0.000000,-0.388609,,0.068789,0.000000,,,,0.000472,0.125482,1.500000,34.449314,22.093993,0.000000,circle,预设轨迹15,forward
1775478900.153444,30.424885,1775478918.430785|完整运动,完整运动,circle_orbit,1,1.000000,1.500000,1.500000,,,,,,,,,,,,,,,,1.128411,0.001625,1.079281,0.017810,0.000000,0.000000,-0.386637,,0.071779,0.000000,,,,0.001440,0.125391,1.500000,34.473465,22.069842,0.000000,circle,预设轨迹15,forward
1775478900.177937,30.449378,1775478918.430785|完整运动,完整运动,circle_orbit,1,1.000000,1.500000,1.500000,,,,,,,,,,,,,,,,1.127568,0.003888,1.076994,0.020859,0.000000,0.000000,-0.384427,,0.074606,0.000000,,,,0.003448,0.125297,1.500000,34.497571,22.045736,0.000000,circle,预设轨迹15,forward
1775478900.199633,30.471074,1775478918.430785|完整运动,完整运动,circle_orbit,1,1.000000,1.500000,1.500000,,,,,,,,,,,,,,,,1.126701,0.006163,1.074692,0.023223,0.000000,0.000000,-0.382110,,0.077500,0.000000,,,,0.005470,0.125201,1.500000,34.521488,22.021818,0.000000,circle,预设轨迹15,forward
1775478900.230536,30.501977,1775478918.430785|完整运动,完整运动,circle_orbit,1,1.000000,1.500000,1.500000,,,,,,,,,,,,,,,,1.125811,0.008370,1.072404,0.024924,0.000000,0.000000,-0.379801,,0.080387,0.000000,,,,0.007435,0.125102,1.500000,34.545265,21.998041,0.000000,circle,预设轨迹15,forward
1775478900.260505,30.531946,1775478918.430785|完整运动,完整运动,circle_orbit,1,1.000000,1.500000,1.500000,,,,,,,,,,,,,,,,1.124863,0.011997,1.067960,0.039196,0.000000,0.000000,-0.375405,,0.085979,0.000000,,,,0.010665,0.124997,1.500000,34.592214,21.951093,0.000000,circle,预设轨迹15,forward
1775478900.282936,30.554378,1775478918.430785|完整运动,完整运动,circle_orbit,1,1.000000,1.500000,1.500000,,,,,,,,,,,,,,,,1.123899,0.014015,1.066089,0.029155,0.000000,0.000000,-0.373138,,0.088528,0.000000,,,,0.012470,0.124890,1.500000,34.615647,21.927659,0.000000,circle,预设轨迹15,forward
1775478900.313894,30.585335,1775478918.430785|完整运动,完整运动,circle_orbit,1,1.000000,1.500000,1.500000,,,,,,,,,,,,,,,,1.122882,0.017304,1.061845,0.041973,0.000000,0.000000,-0.369015,,0.093875,0.000000,,,,0.015411,0.124776,1.500000,34.662790,21.880516,0.000000,circle,预设轨迹15,forward
1775478900.340986,30.612427,1775478918.430785|完整运动,完整运动,circle_orbit,1,1.000000,1.500000,1.500000,,,,,,,,,,,,,,,,1.121844,0.018866,1.059553,0.030574,0.000000,0.000000,-0.367219,,0.096583,0.000000,,,,0.016817,0.124661,1.500000,34.686466,21.856840,0.000000,circle,预设轨迹15,forward
1775478900.361700,30.633141,1775478918.430785|完整运动,完整运动,circle_orbit,1,1.000000,1.500000,1.500000,,,,,,,,,,,,,,,,1.120778,0.020286,1.056843,0.030943,0.000000,0.000000,-0.365592,,0.099575,0.000000,,,,0.018100,0.124543,1.500000,34.710512,21.832795,0.000000,circle,预设轨迹15,forward
1775478900.392189,30.663630,1775478918.430785|完整运动,完整运动,circle_orbit,1,1.000000,1.500000,1.500000,,,,,,,,,,,,,,,,1.119666,0.022999,1.052918,0.043345,0.000000,0.000000,-0.362115,,0.104428,0.000000,,,,0.020541,0.124419,1.500000,34.758640,21.784666,0.000000,circle,预设轨迹15,forward
1775478900.425296,30.696738,1775478918.430785|完整运动,完整运动,circle_orbit,1,1.000000,1.500000,1.500000,,,,,,,,,,,,,,,,1.118549,0.024644,1.051569,0.036981,0.000000,0.000000,-0.360058,,0.106484,0.000000,,,,0.022032,0.124295,1.500000,34.782692,21.760615,0.000000,circle,预设轨迹15,forward
1775478900.445754,30.717195,1775478918.430785|完整运动,完整运动,circle_orbit,1,1.000000,1.500000,1.500000,,,,,,,,,,,,,,,,1.117414,0.028260,1.049295,0.055377,0.000000,0.000000,-0.355175,,0.110587,0.000000,,,,0.025290,0.124169,1.500000,34.830089,21.713218,0.000000,circle,预设轨迹15,forward
1775478900.469423,30.740864,1775478918.430785|完整运动,完整运动,circle_orbit,1,1.000000,1.500000,1.500000,,,,,,,,,,,,,,,,1.116297,0.028332,1.049295,0.028876,0.000000,0.000000,-0.355175,,0.110587,0.000000,,,,0.025381,0.124045,1.500000,34.830089,21.713218,0.000000,circle,预设轨迹15,forward
1775478900.502458,30.773899,1775478918.430785|完整运动,完整运动,circle_orbit,1,1.000000,1.500000,1.500000,,,,,,,,,,,,,,,,1.115159,0.032228,1.046885,0.061446,0.000000,0.000000,-0.349807,,0.115030,0.000000,,,,0.028900,0.123918,1.500000,34.876697,21.666610,0.000000,circle,预设轨迹15,forward
1775478900.522788,30.794229,1775478918.430785|完整运动,完整运动,circle_orbit,1,1.000000,1.500000,1.500000,,,,,,,,,,,,,,,,1.114029,0.034353,1.046197,0.050290,0.000000,0.000000,-0.346798,,0.116955,0.000000,,,,0.030837,0.123793,1.500000,34.899531,21.643776,0.000000,circle,预设轨迹15,forward
1775478900.547485,30.818927,1775478918.430785|完整运动,完整运动,circle_orbit,1,1.000000,1.500000,1.500000,,,,,,,,,,,,,,,,1.112914,0.036595,1.045997,0.053406,0.000000,0.000000,-0.343568,,0.118563,0.000000,,,,0.032882,0.123669,1.500000,34.922056,21.621251,0.000000,circle,预设轨迹15,forward
1775478900.582967,30.854408,1775478918.430785|完整运动,完整运动,circle_orbit,1,1.000000,1.500000,1.500000,,,,,,,,,,,,,,,,1.111799,0.041167,1.044936,0.075462,0.000000,0.000000,-0.336973,,0.122404,0.000000,,,,0.037028,0.123545,1.500000,34.966427,21.576879,0.000000,circle,预设轨迹15,forward
1775478900.603672,30.875113,1775478918.430785|完整运动,完整运动,circle_orbit,1,1.000000,1.500000,1.500000,,,,,,,,,,,,,,,,1.110679,0.043001,1.043478,0.056757,0.000000,0.000000,-0.334087,,0.124940,0.000000,,,,0.038716,0.123421,1.500000,34.988707,21.554600,0.000000,circle,预设轨迹15,forward
1775478900.628357,30.899798,1775478918.430785|完整运动,完整运动,circle_orbit,1,1.000000,1.500000,1.500000,,,,,,,,,,,,,,,,1.109548,0.044632,1.041655,0.056863,0.000000,0.000000,-0.331464,,0.127678,0.000000,,,,0.040226,0.123295,1.500000,35.011225,21.532081,0.000000,circle,预设轨迹15,forward
1775478900.654199,30.925640,1775478918.430785|完整运动,完整运动,circle_orbit,1,1.000000,1.500000,1.500000,,,,,,,,,,,,,,,,1.108403,0.046053,1.039704,0.056708,0.000000,0.000000,-0.329124,,0.130408,0.000000,,,,0.041549,0.123168,1.500000,35.033912,21.509394,0.000000,circle,预设轨迹15,forward
1775478900.674737,30.946178,1775478918.430785|完整运动,完整运动,circle_orbit,1,1.000000,1.500000,1.500000,,,,,,,,,,,,,,,,1.107220,0.048864,1.036273,0.069952,0.000000,0.000000,-0.324810,,0.135311,0.000000,,,,0.044133,0.123036,1.500000,35.079506,21.463801,0.000000,circle,预设轨迹15,forward
1775478900.705872,30.977314,1775478918.430785|完整运动,完整运动,circle_orbit,1,1.000000,1.500000,1.500000,,,,,,,,,,,,,,,,1.106032,0.050078,1.034729,0.059176,0.000000,0.000000,-0.322682,,0.137606,0.000000,,,,0.045277,0.122904,1.500000,35.102368,21.440939,0.000000,circle,预设轨迹15,forward
1775478900.738480,31.009921,1775478918.430785|完整运动,完整运动,circle_orbit,1,1.000000,1.500000,1.500000,,,,,,,,,,,,,,,,1.104834,0.051366,1.032968,0.061027,0.000000,0.000000,-0.320453,,0.140142,0.000000,,,,0.046492,0.122771,1.500000,35.125446,21.417861,0.000000,circle,预设轨迹15,forward
1775478900.759039,31.030480,1775478918.430785|完整运动,完整运动,circle_orbit,1,1.000000,1.500000,1.500000,,,,,,,,,,,,,,,,1.103619,0.054835,1.030714,0.080851,0.000000,0.000000,-0.315131,,0.144492,0.000000,,,,0.049686,0.122636,1.500000,35.171635,21.371672,0.000000,circle,预设轨迹15,forward
1775478900.783995,31.055436,1775478918.430785|完整运动,完整运动,circle_orbit,1,1.000000,1.500000,1.500000,,,,,,,,,,,,,,,,1.102417,0.056684,1.030287,0.070555,0.000000,0.000000,-0.311986,,0.146267,0.000000,,,,0.051418,0.122502,1.500000,35.194680,21.348627,0.000000,circle,预设轨迹15,forward
1775478900.813483,31.084924,1775478918.430785|完整运动,完整运动,circle_orbit,1,1.000000,1.500000,1.500000,,,,,,,,,,,,,,,,1.101230,0.058672,1.030040,0.073580,0.000000,0.000000,-0.308612,,0.147985,0.000000,,,,0.053278,0.122371,1.500000,35.217701,21.325606,0.000000,circle,预设轨迹15,forward
1775478900.834001,31.105442,1775478918.430785|完整运动,完整运动,circle_orbit,1,1.000000,1.500000,1.500000,,,,,,,,,,,,,,,,1.100051,0.063276,1.029287,0.097809,0.000000,0.000000,-0.301489,,0.151817,0.000000,,,,0.057521,0.122239,1.500000,35.263426,21.279881,0.000000,circle,预设轨迹15,forward
1775478900.862741,31.134182,1775478918.430785|完整运动,完整运动,circle_orbit,1,1.000000,1.500000,1.500000,,,,,,,,,,,,,,,,1.098892,0.065279,1.029359,0.080297,0.000000,0.000000,-0.297882,,0.153357,0.000000,,,,0.059404,0.122111,1.500000,35.285909,21.257398,0.000000,circle,预设轨迹15,forward
1775478900.901278,31.172719,1775478918.430785|完整运动,完整运动,circle_orbit,1,1.000000,1.500000,1.500000,,,,,,,,,,,,,,,,1.097754,0.067247,1.029497,0.082007,0.000000,0.000000,-0.294290,,0.154831,0.000000,,,,0.061258,0.121984,1.500000,35.308078,21.235229,0.000000,circle,预设轨迹15,forward
1775478900.922652,31.194093,1775478918.430785|完整运动,完整运动,circle_orbit,1,1.000000,1.500000,1.500000,,,,,,,,,,,,,,,,1.096645,0.071792,1.030057,0.105886,0.000000,0.000000,-0.287009,,0.157572,0.000000,,,,0.065465,0.121861,1.500000,35.351823,21.191483,0.000000,circle,预设轨迹15,forward
1775478900.943488,31.214929,1775478918.430785|完整运动,完整运动,circle_orbit,1,1.000000,1.500000,1.500000,,,,,,,,,,,,,,,,1.095552,0.073588,1.030001,0.087054,0.000000,0.000000,-0.283465,,0.159196,0.000000,,,,0.067170,0.121740,1.500000,35.373766,21.169540,0.000000,circle,预设轨迹15,forward
1775478900.973264,31.244705,1775478918.430785|完整运动,完整运动,circle_orbit,1,1.000000,1.500000,1.500000,,,,,,,,,,,,,,,,1.094490,0.075421,1.030735,0.089173,0.000000,0.000000,-0.279850,,0.160156,0.000000,,,,0.068910,0.121621,1.500000,35.395704,21.147603,0.000000,circle,预设轨迹15,forward
1775478900.993851,31.265292,1775478918.430785|完整运动,完整运动,circle_orbit,1,1.000000,1.500000,1.500000,,,,,,,,,,,,,,,,1.093475,0.079814,1.032628,0.112761,0.000000,0.000000,-0.272580,,0.161720,0.000000,,,,0.072991,0.121509,1.500000,35.439508,21.103799,0.000000,circle,预设轨迹15,forward
1775478901.017961,31.289402,1775478918.430785|完整运动,完整运动,circle_orbit,1,1.000000,1.500000,1.500000,,,,,,,,,,,,,,,,1.092492,0.081446,1.033502,0.093683,0.000000,0.000000,-0.269072,,0.162511,0.000000,,,,0.074551,0.121400,1.500000,35.461332,21.081975,0.000000,circle,预设轨迹15,forward
1775478901.060274,31.331715,1775478918.430785|完整运动,完整运动,circle_orbit,1,1.000000,1.500000,1.500000,,,,,,,,,,,,,,,,1.091538,0.083009,1.034289,0.094733,0.000000,0.000000,-0.265657,,0.163339,0.000000,,,,0.076048,0.121294,1.500000,35.483457,21.059850,0.000000,circle,预设轨迹15,forward
1775478901.081659,31.353100,1775478918.430785|完整运动,完整运动,circle_orbit,1,1.000000,1.500000,1.500000,,,,,,,,,,,,,,,,1.090626,0.086933,1.035870,0.116362,0.000000,0.000000,-0.258888,,0.164964,0.000000,,,,0.079709,0.121192,1.500000,35.528431,21.014876,0.000000,circle,预设轨迹15,forward
1775478901.102684,31.374125,1775478918.430785|完整运动,完整运动,circle_orbit,1,1.000000,1.500000,1.500000,,,,,,,,,,,,,,,,1.089749,0.088505,1.037133,0.100292,0.000000,0.000000,-0.255327,,0.165445,0.000000,,,,0.081216,0.121095,1.500000,35.551169,20.992138,0.000000,circle,预设轨迹15,forward
1775478901.143679,31.415121,1775478918.430785|完整运动,完整运动,circle_orbit,1,1.000000,1.500000,1.500000,,,,,,,,,,,,,,,,1.088927,0.092711,1.039655,0.124257,0.000000,0.000000,-0.248024,,0.166499,0.000000,,,,0.085140,0.121003,1.500000,35.596737,20.946570,0.000000,circle,预设轨迹15,forward
1775478901.164015,31.435456,1775478918.430785|完整运动,完整运动,circle_orbit,1,1.000000,1.500000,1.500000,,,,,,,,,,,,,,,,1.088135,0.094255,1.040571,0.105835,0.000000,0.000000,-0.244358,,0.167334,0.000000,,,,0.086621,0.120915,1.500000,35.619514,20.923793,0.000000,circle,预设轨迹15,forward
1775478901.195001,31.466442,1775478918.430785|完整运动,完整运动,circle_orbit,1,1.000000,1.500000,1.500000,,,,,,,,,,,,,,,,1.087382,0.098445,1.042209,0.129867,0.000000,0.000000,-0.236943,,0.169214,0.000000,,,,0.090534,0.120832,1.500000,35.665501,20.877805,0.000000,circle,预设轨迹15,forward
1775478901.242585,31.514027,1775478918.430785|完整运动,完整运动,circle_orbit,1,1.000000,1.500000,1.500000,,,,,,,,,,,,,,,,1.086666,0.101192,1.043701,0.121799,0.000000,0.000000,-0.231439,,0.170374,0.000000,,,,0.093122,0.120752,1.500000,35.688396,20.854911,0.000000,circle,预设轨迹15,forward
1775478901.263032,31.534473,1775478918.430785|完整运动,完整运动,circle_orbit,1,1.000000,1.500000,1.500000,,,,,,,,,,,,,,,,1.086002,0.106954,1.046183,0.150169,0.000000,0.000000,-0.221601,,0.172616,0.000000,,,,0.098484,0.120678,1.500000,35.734511,20.808795,0.000000,circle,预设轨迹15,forward
1775478901.284055,31.555496,1775478918.430785|完整运动,完整运动,circle_orbit,1,1.000000,1.500000,1.500000,,,,,,,,,,,,,,,,1.085371,0.109177,1.047495,0.125850,0.000000,0.000000,-0.216574,,0.173728,0.000000,,,,0.100590,0.120608,1.500000,35.757624,20.785683,0.000000,circle,预设轨迹15,forward
1775478901.305041,31.576482,1775478918.430785|完整运动,完整运动,circle_orbit,1,1.000000,1.500000,1.500000,,,,,,,,,,,,,,,,1.084812,0.115084,1.051310,0.159384,0.000000,0.000000,-0.206299,,0.175048,0.000000,,,,0.106086,0.120546,1.500000,35.803783,20.739523,0.000000,circle,预设轨迹15,forward
1775478901.333298,31.604739,1775478918.430785|完整运动,完整运动,circle_orbit,1,1.000000,1.500000,1.500000,,,,,,,,,,,,,,,,1.084263,0.115590,1.051310,0.119384,0.000000,0.000000,-0.206299,,0.175048,0.000000,,,,0.106607,0.120485,1.500000,35.803783,20.739523,0.000000,circle,预设轨迹15,forward
1775478901.353755,31.625196,1775478918.430785|完整运动,完整运动,circle_orbit,1,1.000000,1.500000,1.500000,,,,,,,,,,,,,,,,1.083779,0.120742,1.054736,0.159384,0.000000,0.000000,-0.195881,,0.176781,0.000000,,,,0.111408,0.120431,1.500000,35.849807,20.693500,0.000000,circle,预设轨迹15,forward
1775478901.379321,31.650763,1775478918.430785|完整运动,完整运动,circle_orbit,1,1.000000,1.500000,1.500000,,,,,,,,,,,,,,,,1.083325,0.122743,1.056059,0.137755,0.000000,0.000000,-0.190714,,0.177964,0.000000,,,,0.113303,0.120381,1.500000,35.872813,20.670494,0.000000,circle,预设轨迹15,forward
1775478901.413011,31.684452,1775478918.430785|完整运动,完整运动,circle_orbit,1,1.000000,1.500000,1.500000,,,,,,,,,,,,,,,,1.082913,0.124802,1.058201,0.140238,0.000000,0.000000,-0.185480,,0.178494,0.000000,,,,0.115246,0.120335,1.500000,35.895702,20.647605,0.000000,circle,预设轨迹15,forward
1775478901.433386,31.704827,1775478918.430785|完整运动,完整运动,circle_orbit,1,1.000000,1.500000,1.500000,,,,,,,,,,,,,,,,1.082586,0.130801,1.063006,0.175795,0.000000,0.000000,-0.174657,,0.179300,0.000000,,,,0.120822,0.120299,1.500000,35.941108,20.602199,0.000000,circle,预设轨迹15,forward
1775478901.459620,31.731061,1775478918.430785|完整运动,完整运动,circle_orbit,1,1.000000,1.500000,1.500000,,,,,,,,,,,,,,,,1.082313,0.132978,1.065913,0.149305,0.000000,0.000000,-0.169056,,0.179385,0.000000,,,,0.122864,0.120268,1.500000,35.963299,20.580007,0.000000,circle,预设轨迹15,forward
1775478901.493492,31.764933,1775478918.430785|完整运动,完整运动,circle_orbit,1,1.000000,1.500000,1.500000,,,,,,,,,,,,,,,,1.082086,0.135166,1.068448,0.151576,0.000000,0.000000,-0.163446,,0.179792,0.000000,,,,0.124912,0.120243,1.500000,35.985145,20.558161,0.000000,circle,预设轨迹15,forward
1775478901.514137,31.785578,1775478918.430785|完整运动,完整运动,circle_orbit,1,1.000000,1.500000,1.500000,,,,,,,,,,,,,,,,1.081932,0.141164,1.072703,0.186147,0.000000,0.000000,-0.152430,,0.181207,0.000000,,,,0.130474,0.120226,1.500000,36.028104,20.515202,0.000000,circle,预设轨迹15,forward
1775478901.539236,31.810678,1775478918.430785|完整运动,完整运动,circle_orbit,1,1.000000,1.500000,1.500000,,,,,,,,,,,,,,,,1.081805,0.142986,1.074174,0.156650,0.000000,0.000000,-0.147147,,0.182359,0.000000,,,,0.132173,0.120212,1.500000,36.049544,20.493763,0.000000,circle,预设轨迹15,forward
1775478901.573564,31.845005,1775478918.430785|完整运动,完整运动,circle_orbit,1,1.000000,1.500000,1.500000,,,,,,,,,,,,,,,,1.081708,0.144762,1.075907,0.158085,0.000000,0.000000,-0.141959,,0.183259,0.000000,,,,0.133827,0.120201,1.500000,36.070839,20.472468,0.000000,circle,预设轨迹15,forward
1775478901.594138,31.865579,1775478918.430785|完整运动,完整运动,circle_orbit,1,1.000000,1.500000,1.500000,,,,,,,,,,,,,,,,1.081682,0.149994,1.080116,0.189235,0.000000,0.000000,-0.131892,,0.184338,0.000000,,,,0.138667,0.120198,1.500000,36.112945,20.430362,0.000000,circle,预设轨迹15,forward
1775478901.619204,31.890645,1775478918.430785|完整运动,完整运动,circle_orbit,1,1.000000,1.500000,1.500000,,,,,,,,,,,,,,,,1.081706,0.151488,1.083153,0.162694,0.000000,0.000000,-0.126970,,0.184092,0.000000,,,,0.140046,0.120201,1.500000,36.133762,20.409545,0.000000,circle,预设轨迹15,forward
1775478901.653187,31.924628,1775478918.430785|完整运动,完整运动,circle_orbit,1,1.000000,1.500000,1.500000,,,,,,,,,,,,,,,,1.081797,0.156189,1.087217,0.191445,0.000000,0.000000,-0.117540,,0.185049,0.000000,,,,0.144379,0.120211,1.500000,36.175617,20.367690,0.000000,circle,预设轨迹15,forward
1775478901.673940,31.945381,1775478918.430785|完整运动,完整运动,circle_orbit,1,1.000000,1.500000,1.500000,,,,,,,,,,,,,,,,1.081917,0.157359,1.089173,0.166135,0.000000,0.000000,-0.112994,,0.185520,0.000000,,,,0.145445,0.120224,1.500000,36.196600,20.346707,0.000000,circle,预设轨迹15,forward
1775478901.699339,31.970780,1775478918.430785|完整运动,完整运动,circle_orbit,1,1.000000,1.500000,1.500000,,,,,,,,,,,,,,,,1.082068,0.158548,1.091086,0.167465,0.000000,0.000000,-0.108485,,0.186016,0.000000,,,,0.146523,0.120241,1.500000,36.217587,20.325719,0.000000,circle,预设轨迹15,forward
1775478901.731251,32.002692,1775478918.430785|完整运动,完整运动,circle_orbit,1,1.000000,1.500000,1.500000,,,,,,,,,,,,,,,,1.082266,0.159826,1.094139,0.169406,0.000000,0.000000,-0.103902,,0.185655,0.000000,,,,0.147677,0.120263,1.500000,36.238387,20.304920,0.000000,circle,预设轨迹15,forward
1775478901.751664,32.023105,1775478918.430785|完整运动,完整运动,circle_orbit,1,1.000000,1.500000,1.500000,,,,,,,,,,,,,,,,1.082562,0.164488,1.100371,0.199455,0.000000,0.000000,-0.094551,,0.184958,0.000000,,,,0.151943,0.120296,1.500000,36.279971,20.263335,0.000000,circle,预设轨迹15,forward
1775478901.782743,32.054184,1775478918.430785|完整运动,完整运动,circle_orbit,1,1.000000,1.500000,1.500000,,,,,,,,,,,,,,,,1.082911,0.165790,1.103851,0.175553,0.000000,0.000000,-0.089831,,0.184371,0.000000,,,,0.153096,0.120335,1.500000,36.300763,20.242543,0.000000,circle,预设轨迹15,forward
1775478901.810397,32.081838,1775478918.430785|完整运动,完整运动,circle_orbit,1,1.000000,1.500000,1.500000,,,,,,,,,,,,,,,,1.083323,0.167143,1.108010,0.177298,0.000000,0.000000,-0.085076,,0.183296,0.000000,,,,0.154288,0.120381,1.500000,36.321569,20.221738,0.000000,circle,预设轨迹15,forward
1775478901.830797,32.102238,1775478918.430785|完整运动,完整运动,circle_orbit,1,1.000000,1.500000,1.500000,,,,,,,,,,,,,,,,1.083853,0.171871,1.115686,0.207326,0.000000,0.000000,-0.075561,,0.181705,0.000000,,,,0.158574,0.120440,1.500000,36.362953,20.180353,0.000000,circle,预设轨迹15,forward
1775478901.861815,32.133256,1775478918.430785|完整运动,完整运动,circle_orbit,1,1.000000,1.500000,1.500000,,,,,,,,,,,,,,,,1.084438,0.173134,1.119504,0.182604,0.000000,0.000000,-0.070817,,0.180948,0.000000,,,,0.159653,0.120505,1.500000,36.383565,20.159741,0.000000,circle,预设轨迹15,forward
1775478901.885267,32.156708,1775478918.430785|完整运动,完整运动,circle_orbit,1,1.000000,1.500000,1.500000,,,,,,,,,,,,,,,,1.085065,0.174364,1.122712,0.183590,0.000000,0.000000,-0.066163,,0.180623,0.000000,,,,0.160694,0.120574,1.500000,36.404359,20.138948,0.000000,circle,预设轨迹15,forward
1775478901.911521,32.182963,1775478918.430785|完整运动,完整运动,circle_orbit,1,1.000000,1.500000,1.500000,,,,,,,,,,,,,,,,1.085787,0.178685,1.129112,0.211091,0.000000,0.000000,-0.057159,,0.179892,0.000000,,,,0.164567,0.120654,1.500000,36.446068,20.097238,0.000000,circle,预设轨迹15,forward
1775478901.949526,32.220967,1775478918.430785|完整运动,完整运动,circle_orbit,1,1.000000,1.500000,1.500000,,,,,,,,,,,,,,,,1.086565,0.179772,1.133205,0.187928,0.000000,0.000000,-0.052617,,0.178912,0.000000,,,,0.165450,0.120741,1.500000,36.466983,20.076324,0.000000,circle,预设轨迹15,forward
1775478901.983192,32.254633,1775478918.430785|完整运动,完整运动,circle_orbit,1,1.000000,1.500000,1.500000,,,,,,,,,,,,,,,,1.087478,0.184123,1.142267,0.216754,0.000000,0.000000,-0.043483,,0.176409,0.000000,,,,0.169312,0.120842,1.500000,36.508891,20.034416,0.000000,circle,预设轨迹15,forward
1775478902.003488,32.274929,1775478918.430785|完整运动,完整运动,circle_orbit,1,1.000000,1.500000,1.500000,,,,,,,,,,,,,,,,1.088451,0.184685,1.146837,0.188903,0.000000,0.000000,-0.039597,,0.174865,0.000000,,,,0.169677,0.120950,1.500000,36.529916,20.013391,0.000000,circle,预设轨迹15,forward
1775478902.032831,32.304272,1775478918.430785|完整运动,完整运动,circle_orbit,1,1.000000,1.500000,1.500000,,,,,,,,,,,,,,,,1.089490,0.185365,1.151833,0.190461,0.000000,0.000000,-0.035621,,0.173087,0.000000,,,,0.170139,0.121066,1.500000,36.550712,19.992595,0.000000,circle,预设轨迹15,forward
1775478902.067443,32.338884,1775478918.430785|完整运动,完整运动,circle_orbit,1,1.000000,1.500000,1.500000,,,,,,,,,,,,,,,,1.090672,0.188920,1.161620,0.215582,0.000000,0.000000,-0.027618,,0.169787,0.000000,,,,0.173214,0.121197,1.500000,36.591751,19.951555,0.000000,circle,预设轨迹15,forward
1775478902.087743,32.359184,1775478918.430785|完整运动,完整运动,circle_orbit,1,1.000000,1.500000,1.500000,,,,,,,,,,,,,,,,1.091975,0.191960,1.170099,0.214764,0.000000,0.000000,-0.020246,,0.167215,0.000000,,,,0.175792,0.121342,1.500000,36.633239,19.910068,0.000000,circle,预设轨迹15,forward
1775478902.113877,32.385319,1775478918.430785|完整运动,完整运动,circle_orbit,1,1.000000,1.500000,1.500000,,,,,,,,,,,,,,,,1.093255,0.189937,1.170099,0.174764,0.000000,0.000000,-0.020246,,0.167215,0.000000,,,,0.173735,0.121484,1.500000,36.633239,19.910068,0.000000,circle,预设轨迹15,forward
1775478902.161941,32.433382,1775478918.430785|完整运动,完整运动,circle_orbit,1,1.000000,1.500000,1.500000,,,,,,,,,,,,,,,,1.094675,0.192858,1.179851,0.214764,0.000000,0.000000,-0.013166,,0.163740,0.000000,,,,0.176178,0.121642,1.500000,36.675154,19.868152,0.000000,circle,预设轨迹15,forward
1775478902.194894,32.466335,1775478918.430785|完整运动,完整运动,circle_orbit,1,1.000000,1.500000,1.500000,,,,,,,,,,,,,,,,1.096331,0.197873,1.195695,0.235485,0.000000,0.000000,-0.003034,,0.157714,0.000000,,,,0.180486,0.121826,1.500000,36.738002,19.805304,0.000000,circle,预设轨迹15,forward
1775478902.240789,32.512230,1775478918.430785|完整运动,完整运动,circle_orbit,1,1.000000,1.500000,1.500000,,,,,,,,,,,,,,,,1.098038,0.197879,1.200443,0.197926,0.000000,0.000000,0.000158,,0.155892,0.000000,,,,0.180212,0.122016,1.500000,36.759219,19.784088,0.000000,circle,预设轨迹15,forward
1775478902.261777,32.533218,1775478918.430785|完整运动,完整运动,circle_orbit,1,1.000000,1.500000,1.500000,,,,,,,,,,,,,,,,1.099694,0.199987,1.199080,0.215797,0.000000,0.000000,0.006233,,0.154078,0.000000,,,,0.181857,0.122200,1.500000,36.802717,19.740589,0.000000,circle,预设轨迹15,forward
1775478902.282425,32.553866,1775478918.430785|完整运动,完整运动,circle_orbit,1,1.000000,1.500000,1.500000,,,,,,,,,,,,,,,,1.101339,0.199984,1.200012,0.199963,0.000000,0.000000,0.009330,,0.152095,0.000000,,,,0.181583,0.122383,1.500000,36.824533,19.718773,0.000000,circle,预设轨迹15,forward
1775478902.315030,32.586471,1775478918.430785|完整运动,完整运动,circle_orbit,1,1.000000,1.500000,1.500000,,,,,,,,,,,,,,,,1.102985,0.200048,1.201790,0.200527,0.000000,0.000000,0.012429,,0.149561,0.000000,,,,0.181370,0.122566,1.500000,36.846329,19.696978,0.000000,circle,预设轨迹15,forward
1775478902.335575,32.607016,1775478918.430785|完整运动,完整运动,circle_orbit,1,1.000000,1.500000,1.500000,,,,,,,,,,,,,,,,1.104654,0.202559,1.204738,0.221390,0.000000,0.000000,0.018933,,0.144762,0.000000,,,,0.183369,0.122751,1.500000,36.889620,19.653687,0.000000,circle,预设轨迹15,forward
1775478902.371330,32.642771,1775478918.430785|完整运动,完整运动,circle_orbit,1,1.000000,1.500000,1.500000,,,,,,,,,,,,,,,,1.106326,0.202863,1.206684,0.205147,0.000000,0.000000,0.022359,,0.141984,0.000000,,,,0.183367,0.122937,1.500000,36.911197,19.632110,0.000000,circle,预设轨迹15,forward
1775478902.410511,32.681952,1775478918.430785|完整运动,完整运动,circle_orbit,1,1.000000,1.500000,1.500000,,,,,,,,,,,,,,,,1.108010,0.205793,1.209070,0.227764,0.000000,0.000000,0.029458,,0.137296,0.000000,,,,0.185732,0.123124,1.500000,36.954204,19.589103,0.000000,circle,预设轨迹15,forward
1775478902.431052,32.702493,1775478918.430785|完整运动,完整运动,circle_orbit,1,1.000000,1.500000,1.500000,,,,,,,,,,,,,,,,1.109713,0.208767,1.211865,0.231076,0.000000,0.000000,0.036711,,0.132283,0.000000,,,,0.188127,0.123313,1.500000,36.996724,19.546583,0.000000,circle,预设轨迹15,forward
1775478902.462678,32.734119,1775478918.430785|完整运动,完整运动,circle_orbit,1,1.000000,1.500000,1.500000,,,,,,,,,,,,,,,,1.111400,0.209048,1.212648,0.211150,0.000000,0.000000,0.040214,,0.130227,0.000000,,,,0.188094,0.123501,1.500000,37.018022,19.525285,0.000000,circle,预设轨迹15,forward
1775478902.494536,32.765977,1775478918.430785|完整运动,完整运动,circle_orbit,1,1.000000,1.500000,1.500000,,,,,,,,,,,,,,,,1.113080,0.209342,1.213846,0.211546,0.000000,0.000000,0.043667,,0.127929,0.000000,,,,0.188074,0.123687,1.500000,37.039303,19.504004,0.000000,circle,预设轨迹15,forward
1775478902.514969,32.786410,1775478918.430785|完整运动,完整运动,circle_orbit,1,1.000000,1.500000,1.500000,,,,,,,,,,,,,,,,1.114773,0.212119,1.216331,0.232954,0.000000,0.000000,0.050594,,0.123272,0.000000,,,,0.190281,0.123875,1.500000,37.082481,19.460826,0.000000,circle,预设轨迹15,forward
1775478902.544720,32.816161,1775478918.430785|完整运动,完整运动,circle_orbit,1,1.000000,1.500000,1.500000,,,,,,,,,,,,,,,,1.116465,0.212442,1.218032,0.214861,0.000000,0.000000,0.054108,,0.120634,0.000000,,,,0.190281,0.124063,1.500000,37.104196,19.439110,0.000000,circle,预设轨迹15,forward
1775478902.579642,32.851084,1775478918.430785|完整运动,完整运动,circle_orbit,1,1.000000,1.500000,1.500000,,,,,,,,,,,,,,,,1.118138,0.212727,1.218484,0.214862,0.000000,0.000000,0.057505,,0.118839,0.000000,,,,0.190251,0.124249,1.500000,37.126164,19.417142,0.000000,circle,预设轨迹15,forward
1775478902.600158,32.871599,1775478918.430785|完整运动,完整运动,circle_orbit,1,1.000000,1.500000,1.500000,,,,,,,,,,,,,,,,1.119823,0.215324,1.220941,0.234804,0.000000,0.000000,0.064137,,0.114343,0.000000,,,,0.192284,0.124437,1.500000,37.170232,19.373074,0.000000,circle,预设轨迹15,forward
1775478902.626362,32.897803,1775478918.430785|完整运动,完整运动,circle_orbit,1,1.000000,1.500000,1.500000,,,,,,,,,,,,,,,,1.121518,0.215442,1.223202,0.216328,0.000000,0.000000,0.067317,,0.111509,0.000000,,,,0.192099,0.124625,1.500000,37.192178,19.351129,0.000000,circle,预设轨迹15,forward
1775478902.656347,32.927788,1775478918.430785|完整运动,完整运动,circle_orbit,1,1.000000,1.500000,1.500000,,,,,,,,,,,,,,,,1.123228,0.215541,1.225839,0.216281,0.000000,0.000000,0.070406,,0.108488,0.000000,,,,0.191894,0.124815,1.500000,37.214070,19.329236,0.000000,circle,预设轨迹15,forward
1775478902.676703,32.948145,1775478918.430785|完整运动,完整运动,circle_orbit,1,1.000000,1.500000,1.500000,,,,,,,,,,,,,,,,1.124984,0.217633,1.230327,0.233326,0.000000,0.000000,0.076275,,0.103089,0.000000,,,,0.193455,0.125010,1.500000,37.257883,19.285424,0.000000,circle,预设轨迹15,forward
1775478902.706426,32.977867,1775478918.430785|完整运动,完整运动,circle_orbit,1,1.000000,1.500000,1.500000,,,,,,,,,,,,,,,,1.126762,0.217618,1.233455,0.217501,0.000000,0.000000,0.079199,,0.099857,0.000000,,,,0.193136,0.125208,1.500000,37.279656,19.263651,0.000000,circle,预设轨迹15,forward
1775478902.731703,33.003145,1775478918.430785|完整运动,完整运动,circle_orbit,1,1.000000,1.500000,1.500000,,,,,,,,,,,,,,,,1.128563,0.217630,1.236639,0.217721,0.000000,0.000000,0.082098,,0.096612,0.000000,,,,0.192838,0.125408,1.500000,37.301336,19.241970,0.000000,circle,预设轨迹15,forward
1775478902.752078,33.023519,1775478918.430785|完整运动,完整运动,circle_orbit,1,1.000000,1.500000,1.500000,,,,,,,,,,,,,,,,1.130397,0.219155,1.240435,0.230592,0.000000,0.000000,0.087091,,0.092072,0.000000,,,,0.193874,0.125612,1.500000,37.345375,19.197931,0.000000,circle,预设轨迹15,forward
1775478902.785114,33.056555,1775478918.430785|完整运动,完整运动,circle_orbit,1,1.000000,1.500000,1.500000,,,,,,,,,,,,,,,,1.132234,0.218772,1.242447,0.215901,0.000000,0.000000,0.089396,,0.089824,0.000000,,,,0.193222,0.125816,1.500000,37.367544,19.175762,0.000000,circle,预设轨迹15,forward
1775478902.817920,33.089361,1775478918.430785|完整运动,完整运动,circle_orbit,1,1.000000,1.500000,1.500000,,,,,,,,,,,,,,,,1.134080,0.218379,1.244839,0.215430,0.000000,0.000000,0.091605,,0.087392,0.000000,,,,0.192560,0.126021,1.500000,37.389718,19.153589,0.000000,circle,预设轨迹15,forward
1775478902.838427,33.109869,1775478918.430785|完整运动,完整运动,circle_orbit,1,1.000000,1.500000,1.500000,,,,,,,,,,,,,,,,1.135983,0.219656,1.250168,0.229233,0.000000,0.000000,0.096120,,0.082175,0.000000,,,,0.193362,0.126232,1.500000,37.434252,19.109055,0.000000,circle,预设轨迹15,forward
1775478902.864330,33.135771,1775478918.430785|完整运动,完整运动,circle_orbit,1,1.000000,1.500000,1.500000,,,,,,,,,,,,,,,,1.137905,0.219301,1.253197,0.216636,0.000000,0.000000,0.098335,,0.079378,0.000000,,,,0.192723,0.126446,1.500000,37.456701,19.086605,0.000000,circle,预设轨迹15,forward
1775478902.898480,33.169921,1775478918.430785|完整运动,完整运动,circle_orbit,1,1.000000,1.500000,1.500000,,,,,,,,,,,,,,,,1.139903,0.220573,1.259781,0.230113,0.000000,0.000000,0.102803,,0.073482,0.000000,,,,0.193501,0.126668,1.500000,37.501967,19.041340,0.000000,circle,预设轨迹15,forward
1775478902.919014,33.190456,1775478918.430785|完整运动,完整运动,circle_orbit,1,1.000000,1.500000,1.500000,,,,,,,,,,,,,,,,1.141929,0.220468,1.263499,0.219683,0.000000,0.000000,0.105338,,0.070165,0.000000,,,,0.193066,0.126893,1.500000,37.524530,19.018777,0.000000,circle,预设轨迹15,forward
1775478902.944907,33.216348,1775478918.430785|完整运动,完整运动,circle_orbit,1,1.000000,1.500000,1.500000,,,,,,,,,,,,,,,,1.143975,0.220417,1.266770,0.220037,0.000000,0.000000,0.107896,,0.067113,0.000000,,,,0.192677,0.127120,1.500000,37.547082,18.996225,0.000000,circle,预设轨迹15,forward
1775478902.989962,33.261403,1775478918.430785|完整运动,完整运动,circle_orbit,1,1.000000,1.500000,1.500000,,,,,,,,,,,,,,,,1.146070,0.221729,1.271766,0.231564,0.000000,0.000000,0.112348,,0.062227,0.000000,,,,0.193469,0.127353,1.500000,37.592725,18.950582,0.000000,circle,预设轨迹15,forward
1775478903.025778,33.297220,1775478918.430785|完整运动,完整运动,circle_orbit,1,1.000000,1.500000,1.500000,,,,,,,,,,,,,,,,1.148229,0.222233,1.277723,0.226019,0.000000,0.000000,0.115689,,0.057305,0.000000,,,,0.193545,0.127593,1.500000,37.638866,18.904440,0.000000,circle,预设轨迹15,forward
1775478903.055752,33.327193,1775478918.430785|完整运动,完整运动,circle_orbit,1,1.000000,1.500000,1.500000,,,,,,,,,,,,,,,,1.150430,0.221683,1.282544,0.217553,0.000000,0.000000,0.117515,,0.053735,0.000000,,,,0.192696,0.127838,1.500000,37.661734,18.881573,0.000000,circle,预设轨迹15,forward
1775478903.076210,33.347651,1775478918.430785|完整运动,完整运动,circle_orbit,1,1.000000,1.500000,1.500000,,,,,,,,,,,,,,,,1.152709,0.222135,1.289396,0.225528,0.000000,0.000000,0.120700,,0.048435,0.000000,,,,0.192707,0.128091,1.500000,37.707525,18.835782,0.000000,circle,预设轨迹15,forward
1775478903.098031,33.369473,1775478918.430785|完整运动,完整运动,circle_orbit,1,1.000000,1.500000,1.500000,,,,,,,,,,,,,,,,1.155012,0.221406,1.293230,0.215937,0.000000,0.000000,0.122189,,0.045618,0.000000,,,,0.191692,0.128347,1.500000,37.730424,18.812882,0.000000,circle,预设轨迹15,forward
1775478903.118973,33.390414,1775478918.430785|完整运动,完整运动,circle_orbit,1,1.000000,1.500000,1.500000,,,,,,,,,,,,,,,,1.157360,0.220713,1.298210,0.215514,0.000000,0.000000,0.123651,,0.042187,0.000000,,,,0.190704,0.128608,1.500000,37.753428,18.789879,0.000000,circle,预设轨迹15,forward
1775478903.141930,33.413372,1775478918.430785|完整运动,完整运动,circle_orbit,1,1.000000,1.500000,1.500000,,,,,,,,,,,,,,,,1.159743,0.219962,1.302729,0.214328,0.000000,0.000000,0.124958,,0.039101,0.000000,,,,0.189664,0.128873,1.500000,37.776336,18.766970,0.000000,circle,预设轨迹15,forward
1775478903.162285,33.433727,1775478918.430785|完整运动,完整运动,circle_orbit,1,1.000000,1.500000,1.500000,,,,,,,,,,,,,,,,1.162149,0.219107,1.306503,0.212694,0.000000,0.000000,0.126042,,0.036540,0.000000,,,,0.188536,0.129140,1.500000,37.799099,18.744208,0.000000,circle,预设轨迹15,forward
1775478903.190496,33.461938,1775478918.430785|完整运动,完整运动,circle_orbit,1,1.000000,1.500000,1.500000,,,,,,,,,,,,,,,,1.164587,0.218205,1.310875,0.211445,0.000000,0.000000,0.126985,,0.033728,0.000000,,,,0.187367,0.129411,1.500000,37.821604,18.721703,0.000000,circle,预设轨迹15,forward
1775478903.217684,33.489125,1775478918.430785|完整运动,完整运动,circle_orbit,1,1.000000,1.500000,1.500000,,,,,,,,,,,,,,,,1.167177,0.217667,1.322581,0.213626,0.000000,0.000000,0.128383,,0.026777,0.000000,,,,0.186490,0.129699,1.500000,37.865631,18.677676,0.000000,circle,预设轨迹15,forward
1775478903.238060,33.509502,1775478918.430785|完整运动,完整运动,circle_orbit,1,1.000000,1.500000,1.500000,,,,,,,,,,,,,,,,1.169806,0.216416,1.327563,0.207036,0.000000,0.000000,0.128718,,0.023968,0.000000,,,,0.185002,0.129991,1.500000,37.887730,18.655577,0.000000,circle,预设轨迹15,forward
1775478903.269063,33.540504,1775478918.430785|完整运动,完整运动,circle_orbit,1,1.000000,1.500000,1.500000,,,,,,,,,,,,,,,,1.172469,0.215090,1.332236,0.205144,0.000000,0.000000,0.128855,,0.021429,0.000000,,,,0.183450,0.130287,1.500000,37.909606,18.633701,0.000000,circle,预设轨迹15,forward
1775478903.314496,33.585937,1775478918.430785|完整运动,完整运动,circle_orbit,1,1.000000,1.500000,1.500000,,,,,,,,,,,,,,,,1.175175,0.213716,1.337548,0.203413,0.000000,0.000000,0.128836,,0.018644,0.000000,,,,0.181859,0.130587,1.500000,37.931580,18.611727,0.000000,circle,预设轨迹15,forward
1775478903.336659,33.608100,1775478918.430785|完整运动,完整运动,circle_orbit,1,1.000000,1.500000,1.500000,,,,,,,,,,,,,,,,1.178205,0.212636,1.359970,0.204536,0.000000,0.000000,0.129180,,0.006935,0.000000,,,,0.180475,0.130924,1.500000,37.998018,18.545289,0.000000,circle,预设轨迹15,forward
1775478903.381473,33.652914,1775478918.430785|完整运动,完整运动,circle_orbit,1,1.000000,1.500000,1.500000,,,,,,,,,,,,,,,,1.181311,0.211412,1.367668,0.202234,0.000000,0.000000,0.129253,,0.003022,0.000000,,,,0.178964,0.131269,1.500000,38.020632,18.522675,0.000000,circle,预设轨迹15,forward
1775478903.415073,33.686514,1775478918.430785|完整运动,完整运动,circle_orbit,1,1.000000,1.500000,1.500000,,,,,,,,,,,,,,,,1.184285,0.210743,1.362777,0.205721,0.000000,0.000000,0.130061,,-0.005123,0.000000,,,,0.177949,0.131600,1.500000,38.066016,18.477290,0.000000,circle,预设轨迹15,forward
1775478903.435553,33.706994,1775478918.430785|完整运动,完整运动,circle_orbit,1,1.000000,1.500000,1.500000,,,,,,,,,,,,,,,,1.186970,0.210605,1.348054,0.209574,0.000000,0.000000,0.131600,,-0.011952,0.000000,,,,0.177431,0.131898,1.500000,38.111581,18.431726,0.000000,circle,预设轨迹15,forward
1775478903.466505,33.737946,1775478918.430785|完整运动,完整运动,circle_orbit,1,1.000000,1.500000,1.500000,,,,,,,,,,,,,,,,1.189498,0.209975,1.341143,0.205250,0.000000,0.000000,0.132429,,-0.015168,0.000000,,,,0.176524,0.132179,1.500000,38.134361,18.408946,0.000000,circle,预设轨迹15,forward
1775478903.500702,33.772143,1775478918.430785|完整运动,完整运动,circle_orbit,1,1.000000,1.500000,1.500000,,,,,,,,,,,,,,,,1.191760,0.209920,1.327522,0.209502,0.000000,0.000000,0.134052,,-0.021619,0.000000,,,,0.176142,0.132430,1.500000,38.180113,18.363193,0.000000,circle,预设轨迹15,forward
1775478903.521571,33.793013,1775478918.430785|完整运动,完整运动,circle_orbit,1,1.000000,1.500000,1.500000,,,,,,,,,,,,,,,,1.193898,0.208910,1.322169,0.201337,0.000000,0.000000,0.134315,,-0.024361,0.000000,,,,0.174981,0.132668,1.500000,38.203542,18.339765,0.000000,circle,预设轨迹15,forward
1775478903.551904,33.823345,1775478918.430785|完整运动,完整运动,circle_orbit,1,1.000000,1.500000,1.500000,,,,,,,,,,,,,,,,1.195922,0.207691,1.317347,0.198549,0.000000,0.000000,0.134223,,-0.026997,0.000000,,,,0.173666,0.132893,1.500000,38.227030,18.316276,0.000000,circle,预设轨迹15,forward
1775478903.585176,33.856617,1775478918.430785|完整运动,完整运动,circle_orbit,1,1.000000,1.500000,1.500000,,,,,,,,,,,,,,,,1.197844,0.206092,1.313186,0.194101,0.000000,0.000000,0.133524,,-0.029563,0.000000,,,,0.172052,0.133106,1.500000,38.250779,18.292527,0.000000,circle,预设轨迹15,forward
1775478903.610584,33.882025,1775478918.430785|完整运动,完整运动,circle_orbit,1,1.000000,1.500000,1.500000,,,,,,,,,,,,,,,,1.199506,0.202918,1.299237,0.179114,0.000000,0.000000,0.130531,,-0.038558,0.000000,,,,0.169168,0.133291,1.500000,38.322120,18.221187,0.000000,circle,预设轨迹15,forward
1775478903.635986,33.907428,1775478918.430785|完整运动,完整运动,circle_orbit,1,1.000000,1.500000,1.500000,,,,,,,,,,,,,,,,1.201051,0.201241,1.293707,0.188663,0.000000,0.000000,0.129505,,-0.042099,0.000000,,,,0.167554,0.133463,1.500000,38.346137,18.197169,0.000000,circle,预设轨迹15,forward
1775478903.677846,33.949287,1775478918.430785|完整运动,完整运动,circle_orbit,1,1.000000,1.500000,1.500000,,,,,,,,,,,,,,,,1.202480,0.199658,1.288241,0.187785,0.000000,0.000000,0.128540,,-0.045602,0.000000,,,,0.166039,0.133622,1.500000,38.370191,18.173115,0.000000,circle,预设轨迹15,forward
1775478903.713640,33.985082,1775478918.430785|完整运动,完整运动,circle_orbit,1,1.000000,1.500000,1.500000,,,,,,,,,,,,,,,,1.203720,0.197545,1.278118,0.181701,0.000000,0.000000,0.126774,,-0.052151,0.000000,,,,0.164112,0.133759,1.500000,38.418383,18.124923,0.000000,circle,预设轨迹15,forward
1775478903.746763,34.018205,1775478918.430785|完整运动,完整运动,circle_orbit,1,1.000000,1.500000,1.500000,,,,,,,,,,,,,,,,1.204808,0.195401,1.270105,0.179317,0.000000,0.000000,0.124881,,-0.057620,0.000000,,,,0.162184,0.133880,1.500000,38.466006,18.077300,0.000000,circle,预设轨迹15,forward
1775478903.767437,34.038878,1775478918.430785|完整运动,完整运动,circle_orbit,1,1.000000,1.500000,1.500000,,,,,,,,,,,,,,,,1.205753,0.193318,1.262439,0.177695,0.000000,0.000000,0.122998,,-0.062939,0.000000,,,,0.160330,0.133985,1.500000,38.513415,18.029891,0.000000,circle,预设轨迹15,forward
1775478903.794041,34.065482,1775478918.430785|完整运动,完整运动,circle_orbit,1,1.000000,1.500000,1.500000,,,,,,,,,,,,,,,,1.206682,0.192626,1.262439,0.187434,0.000000,0.000000,0.122998,,-0.062939,0.000000,,,,0.159632,0.134089,1.500000,38.513415,18.029891,0.000000,circle,预设轨迹15,forward
1775478903.826203,34.097644,1775478918.430785|完整运动,完整运动,circle_orbit,1,1.000000,1.500000,1.500000,,,,,,,,,,,,,,,,1.207477,0.190540,1.255152,0.174899,0.000000,0.000000,0.121025,,-0.068127,0.000000,,,,0.157800,0.134177,1.500000,38.560704,17.982603,0.000000,circle,预设轨迹15,forward
1775478903.846936,34.118378,1775478918.430785|完整运动,完整运动,circle_orbit,1,1.000000,1.500000,1.500000,,,,,,,,,,,,,,,,1.208128,0.188493,1.247167,0.173140,0.000000,0.000000,0.119039,,-0.073792,0.000000,,,,0.156021,0.134249,1.500000,38.608000,17.935306,0.000000,circle,预设轨迹15,forward
1775478903.875198,34.146640,1775478918.430785|完整运动,完整运动,circle_orbit,1,1.000000,1.500000,1.500000,,,,,,,,,,,,,,,,1.208768,0.187904,1.247167,0.183483,0.000000,0.000000,0.119039,,-0.073792,0.000000,,,,0.155451,0.134320,1.500000,38.608000,17.935306,0.000000,circle,预设轨迹15,forward
1775478903.907783,34.179224,1775478918.430785|完整运动,完整运动,circle_orbit,1,1.000000,1.500000,1.500000,,,,,,,,,,,,,,,,1.209288,0.185694,1.240529,0.169121,0.000000,0.000000,0.116754,,-0.078830,0.000000,,,,0.153556,0.134378,1.500000,38.655819,17.887488,0.000000,circle,预设轨迹15,forward
1775478903.928121,34.199562,1775478918.430785|完整运动,完整运动,circle_orbit,1,1.000000,1.500000,1.500000,,,,,,,,,,,,,,,,1.209823,0.181804,1.241916,0.152630,0.000000,0.000000,0.111994,,-0.080102,0.000000,,,,0.150273,0.134438,1.500000,38.704803,17.838503,0.000000,circle,预设轨迹15,forward
1775478903.954135,34.225576,1775478918.430785|完整运动,完整运动,circle_orbit,1,1.000000,1.500000,1.500000,,,,,,,,,,,,,,,,1.210349,0.181391,1.241916,0.178294,0.000000,0.000000,0.111994,,-0.080102,0.000000,,,,0.149867,0.134496,1.500000,38.704803,17.838503,0.000000,circle,预设轨迹15,forward
1775478903.979154,34.250596,1775478918.430785|完整运动,完整运动,circle_orbit,1,1.000000,1.500000,1.500000,,,,,,,,,,,,,,,,1.210767,0.177792,1.235835,0.150797,0.000000,0.000000,0.107505,,-0.085812,0.000000,,,,0.146842,0.134542,1.500000,38.754501,17.788806,0.000000,circle,预设轨迹15,forward
1775478903.999626,34.271067,1775478918.430785|完整运动,完整运动,circle_orbit,1,1.000000,1.500000,1.500000,,,,,,,,,,,,,,,,1.211142,0.176126,1.233666,0.163629,0.000000,0.000000,0.105613,,-0.087986,0.000000,,,,0.145421,0.134584,1.500000,38.779214,17.764093,0.000000,circle,预设轨迹15,forward
1775478904.030638,34.302079,1775478918.430785|完整运动,完整运动,circle_orbit,1,1.000000,1.500000,1.500000,,,,,,,,,,,,,,,,1.211482,0.174531,1.231866,0.162568,0.000000,0.000000,0.103782,,-0.089911,0.000000,,,,0.144064,0.134622,1.500000,38.803596,17.739711,0.000000,circle,预设轨迹15,forward
1775478904.065859,34.337300,1775478918.430785|完整运动,完整运动,circle_orbit,1,1.000000,1.500000,1.500000,,,,,,,,,,,,,,,,1.211662,0.172351,1.222476,0.156001,0.000000,0.000000,0.101105,,-0.096947,0.000000,,,,0.142243,0.134642,1.500000,38.851011,17.692296,0.000000,circle,预设轨迹15,forward
1775478904.086191,34.357633,1775478918.430785|完整运动,完整运动,circle_orbit,1,1.000000,1.500000,1.500000,,,,,,,,,,,,,,,,1.211774,0.169726,1.218500,0.150038,0.000000,0.000000,0.097737,,-0.100946,0.000000,,,,0.140064,0.134654,1.500000,38.898783,17.644524,0.000000,circle,预设轨迹15,forward
1775478904.112545,34.383986,1775478918.430785|完整运动,完整运动,circle_orbit,1,1.000000,1.500000,1.500000,,,,,,,,,,,,,,,,1.211885,0.169539,1.218500,0.168138,0.000000,0.000000,0.097737,,-0.100946,0.000000,,,,0.139897,0.134667,1.500000,38.898783,17.644524,0.000000,circle,预设轨迹15,forward
1775478904.141468,34.412909,1775478918.430785|完整运动,完整运动,circle_orbit,1,1.000000,1.500000,1.500000,,,,,,,,,,,,,,,,1.211960,0.165952,1.216491,0.139054,0.000000,0.000000,0.092959,,-0.104340,0.000000,,,,0.136929,0.134675,1.500000,38.947227,17.596080,0.000000,circle,预设轨迹15,forward
1775478904.161943,34.433384,1775478918.430785|完整运动,完整运动,circle_orbit,1,1.000000,1.500000,1.500000,,,,,,,,,,,,,,,,1.212032,0.163785,1.216355,0.147526,0.000000,0.000000,0.090052,,-0.105718,0.000000,,,,0.135132,0.134683,1.500000,38.971400,17.571906,0.000000,circle,预设轨迹15,forward
1775478904.192919,34.464360,1775478918.430785|完整运动,完整运动,circle_orbit,1,1.000000,1.500000,1.500000,,,,,,,,,,,,,,,,1.212013,0.159737,1.210844,0.129376,0.000000,0.000000,0.084432,,-0.111724,0.000000,,,,0.131794,0.134681,1.500000,39.019675,17.523632,0.000000,circle,预设轨迹15,forward
1775478904.227078,34.498520,1775478918.430785|完整运动,完整运动,circle_orbit,1,1.000000,1.500000,1.500000,,,,,,,,,,,,,,,,1.211977,0.157652,1.209813,0.142022,0.000000,0.000000,0.081444,,-0.113712,0.000000,,,,0.130079,0.134677,1.500000,39.044258,17.499049,0.000000,circle,预设轨迹15,forward
1775478904.250804,34.522245,1775478918.430785|完整运动,完整运动,circle_orbit,1,1.000000,1.500000,1.500000,,,,,,,,,,,,,,,,1.211977,0.152849,1.211992,0.116821,0.000000,0.000000,0.074546,,-0.115385,0.000000,,,,0.126115,0.134677,1.500000,39.094065,17.449241,0.000000,circle,预设轨迹15,forward
1775478904.273068,34.544509,1775478918.430785|完整运动,完整运动,circle_orbit,1,1.000000,1.500000,1.500000,,,,,,,,,,,,,,,,1.211977,0.153041,1.211992,0.154478,0.000000,0.000000,0.074546,,-0.115385,0.000000,,,,0.126273,0.134677,1.500000,39.094065,17.449241,0.000000,circle,预设轨迹15,forward
1775478904.294098,34.565539,1775478918.430785|完整运动,完整运动,circle_orbit,1,1.000000,1.500000,1.500000,,,,,,,,,,,,,,,,1.211913,0.149162,1.208074,0.120072,0.000000,0.000000,0.068862,,-0.120420,0.000000,,,,0.123080,0.134670,1.500000,39.143198,17.400108,0.000000,circle,预设轨迹15,forward
1775478904.316682,34.588123,1775478918.430785|完整运动,完整运动,circle_orbit,1,1.000000,1.500000,1.500000,,,,,,,,,,,,,,,,1.211792,0.148052,1.204526,0.139727,0.000000,0.000000,0.066977,,-0.123544,0.000000,,,,0.122176,0.134656,1.500000,39.166832,17.376475,0.000000,circle,预设轨迹15,forward
1775478904.342881,34.614323,1775478918.430785|完整运动,完整运动,circle_orbit,1,1.000000,1.500000,1.500000,,,,,,,,,,,,,,,,1.211617,0.146750,1.201127,0.136987,0.000000,0.000000,0.064839,,-0.126697,0.000000,,,,0.121119,0.134637,1.500000,39.190186,17.353120,0.000000,circle,预设轨迹15,forward
1775478904.363984,34.635425,1775478918.430785|完整运动,完整运动,circle_orbit,1,1.000000,1.500000,1.500000,,,,,,,,,,,,,,,,1.211488,0.144527,1.203710,0.127851,0.000000,0.000000,0.061385,,-0.126557,0.000000,,,,0.119297,0.134623,1.500000,39.214268,17.329039,0.000000,circle,预设轨迹15,forward
1775478904.391483,34.662924,1775478918.430785|完整运动,完整运动,circle_orbit,1,1.000000,1.500000,1.500000,,,,,,,,,,,,,,,,1.211423,0.142086,1.207552,0.123777,0.000000,0.000000,0.057562,,-0.125779,0.000000,,,,0.117288,0.134615,1.500000,39.238364,17.304942,0.000000,circle,预设轨迹15,forward
1775478904.412041,34.683482,1775478918.430785|完整运动,完整运动,circle_orbit,1,1.000000,1.500000,1.500000,,,,,,,,,,,,,,,,1.211397,0.136820,1.209811,0.097326,0.000000,0.000000,0.049664,,-0.127839,0.000000,,,,0.112944,0.134612,1.500000,39.287570,17.255737,0.000000,circle,预设轨迹15,forward
1775478904.439894,34.711336,1775478918.430785|完整运动,完整运动,circle_orbit,1,1.000000,1.500000,1.500000,,,,,,,,,,,,,,,,1.211371,0.136879,1.209811,0.137326,0.000000,0.000000,0.049664,,-0.127839,0.000000,,,,0.112995,0.134610,1.500000,39.287570,17.255737,0.000000,circle,预设轨迹15,forward
1775478904.476406,34.747847,1775478918.430785|完整运动,完整运动,circle_orbit,1,1.000000,1.500000,1.500000,,,,,,,,,,,,,,,,1.211285,0.132797,1.206118,0.102176,0.000000,0.000000,0.043283,,-0.133048,0.000000,,,,0.109633,0.134600,1.500000,39.336467,17.206839,0.000000,circle,预设轨迹15,forward
1775478904.497271,34.768712,1775478918.430785|完整运动,完整运动,circle_orbit,1,1.000000,1.500000,1.500000,,,,,,,,,,,,,,,,1.211214,0.128999,1.206944,0.100517,0.000000,0.000000,0.037168,,-0.135234,0.000000,,,,0.106504,0.134592,1.500000,39.386180,17.157127,0.000000,circle,预设轨迹15,forward
1775478904.525579,34.797020,1775478918.430785|完整运动,完整运动,circle_orbit,1,1.000000,1.500000,1.500000,,,,,,,,,,,,,,,,1.211120,0.125896,1.205500,0.102626,0.000000,0.000000,0.031926,,-0.138495,0.000000,,,,0.103950,0.134582,1.500000,39.436362,17.106945,0.000000,circle,预设轨迹15,forward
1775478904.557699,34.829141,1775478918.430785|完整运动,完整运动,circle_orbit,1,1.000000,1.500000,1.500000,,,,,,,,,,,,,,,,1.211021,0.124799,1.205110,0.116573,0.000000,0.000000,0.029455,,-0.139845,0.000000,,,,0.103053,0.134571,1.500000,39.461304,17.082003,0.000000,circle,预设轨迹15,forward
1775478904.578030,34.849471,1775478918.430785|完整运动,完整运动,circle_orbit,1,1.000000,1.500000,1.500000,,,,,,,,,,,,,,,,1.210910,0.123643,1.204235,0.114971,0.000000,0.000000,0.026930,,-0.141533,0.000000,,,,0.102108,0.134558,1.500000,39.486260,17.057047,0.000000,circle,预设轨迹15,forward
1775478904.604447,34.875888,1775478918.430785|完整运动,完整运动,circle_orbit,1,1.000000,1.500000,1.500000,,,,,,,,,,,,,,,,1.210817,0.122128,1.205234,0.110763,0.000000,0.000000,0.023915,,-0.142228,0.000000,,,,0.100864,0.134548,1.500000,39.511115,17.032191,0.000000,circle,预设轨迹15,forward
1775478904.633288,34.904729,1775478918.430785|完整运动,完整运动,circle_orbit,1,1.000000,1.500000,1.500000,,,,,,,,,,,,,,,,1.210736,0.120511,1.205893,0.108388,0.000000,0.000000,0.020755,,-0.143207,0.000000,,,,0.099536,0.134539,1.500000,39.535804,17.007503,0.000000,circle,预设轨迹15,forward
1775478904.657474,34.928915,1775478918.430785|完整运动,完整运动,circle_orbit,1,1.000000,1.500000,1.500000,,,,,,,,,,,,,,,,1.210688,0.115938,1.207815,0.081642,0.000000,0.000000,0.013389,,-0.145243,0.000000,,,,0.095762,0.134534,1.500000,39.584842,16.958465,0.000000,circle,预设轨迹15,forward
1775478904.682923,34.954364,1775478918.430785|完整运动,完整运动,circle_orbit,1,1.000000,1.500000,1.500000,,,,,,,,,,,,,,,,1.210659,0.113926,1.208872,0.098829,0.000000,0.000000,0.009491,,-0.146298,0.000000,,,,0.094102,0.134530,1.500000,39.609407,16.933900,0.000000,circle,预设轨迹15,forward
1775478904.714175,34.985616,1775478918.430785|完整运动,完整运动,circle_orbit,1,1.000000,1.500000,1.500000,,,,,,,,,,,,,,,,1.210647,0.111844,1.209943,0.096230,0.000000,0.000000,0.005470,,-0.147398,0.000000,,,,0.092383,0.134529,1.500000,39.633976,16.909330,0.000000,circle,预设轨迹15,forward
1775478904.734519,35.005960,1775478918.430785|完整运动,完整运动,circle_orbit,1,1.000000,1.500000,1.500000,,,,,,,,,,,,,,,,1.210593,0.107176,1.207386,0.072170,0.000000,0.000000,-0.002245,,-0.150473,0.000000,,,,0.088532,0.134523,1.500000,39.682724,16.860582,0.000000,circle,预设轨迹15,forward
1775478904.765411,35.036852,1775478918.430785|完整运动,完整运动,circle_orbit,1,1.000000,1.500000,1.500000,,,,,,,,,,,,,,,,1.210470,0.105423,1.203070,0.092275,0.000000,0.000000,-0.005988,,-0.151595,0.000000,,,,0.087093,0.134509,1.500000,39.706946,16.836361,0.000000,circle,预设轨迹15,forward
1775478904.800174,35.071615,1775478918.430785|完整运动,完整运动,circle_orbit,1,1.000000,1.500000,1.500000,,,,,,,,,,,,,,,,1.210206,0.101130,1.194358,0.068930,0.000000,0.000000,-0.013337,,-0.154012,0.000000,,,,0.083564,0.134480,1.500000,39.755341,16.787965,0.000000,circle,预设轨迹15,forward
1775478904.820700,35.092141,1775478918.430785|完整运动,完整运动,circle_orbit,1,1.000000,1.500000,1.500000,,,,,,,,,,,,,,,,1.209874,0.099607,1.189936,0.088186,0.000000,0.000000,-0.016891,,-0.155349,0.000000,,,,0.082328,0.134443,1.500000,39.779500,16.763807,0.000000,circle,预设轨迹15,forward
1775478904.854282,35.125723,1775478918.430785|完整运动,完整运动,circle_orbit,1,1.000000,1.500000,1.500000,,,,,,,,,,,,,,,,1.209426,0.095809,1.182593,0.067320,0.000000,0.000000,-0.023662,,-0.157232,0.000000,,,,0.079218,0.134393,1.500000,39.827980,16.715327,0.000000,circle,预设轨迹15,forward
1775478904.890347,35.161788,1775478918.430785|完整运动,完整运动,circle_orbit,1,1.000000,1.500000,1.500000,,,,,,,,,,,,,,,,1.208883,0.092389,1.176283,0.066741,0.000000,0.000000,-0.030004,,-0.158666,0.000000,,,,0.076425,0.134333,1.500000,39.876561,16.666745,0.000000,circle,预设轨迹15,forward
1775478904.910589,35.182030,1775478918.430785|完整运动,完整运动,circle_orbit,1,1.000000,1.500000,1.500000,,,,,,,,,,,,,,,,1.208310,0.091242,1.173893,0.082638,0.000000,0.000000,-0.033208,,-0.158865,0.000000,,,,0.075512,0.134269,1.500000,39.901079,16.642228,0.000000,circle,预设轨迹15,forward
1775478904.934623,35.206064,1775478918.430785|完整运动,完整运动,circle_orbit,1,1.000000,1.500000,1.500000,,,,,,,,,,,,,,,,1.207745,0.092326,1.173893,0.100457,0.000000,0.000000,-0.033208,,-0.158865,0.000000,,,,0.076445,0.134207,1.500000,39.901079,16.642228,0.000000,circle,预设轨迹15,forward
1775478904.974903,35.246345,1775478918.430785|完整运动,完整运动,circle_orbit,1,1.000000,1.500000,1.500000,,,,,,,,,,,,,,,,1.207111,0.088743,1.169082,0.061872,0.000000,0.000000,-0.039687,,-0.159271,0.000000,,,,0.073517,0.134136,1.500000,39.950490,16.592816,0.000000,circle,预设轨迹15,forward
1775478904.995414,35.266855,1775478918.430785|完整运动,完整运动,circle_orbit,1,1.000000,1.500000,1.500000,,,,,,,,,,,,,,,,1.206418,0.084558,1.164788,0.053170,0.000000,0.000000,-0.047135,,-0.158917,0.000000,,,,0.070090,0.134059,1.500000,40.000624,16.542682,0.000000,circle,预设轨迹15,forward
1775478905.029604,35.301046,1775478918.430785|完整运动,完整运动,circle_orbit,1,1.000000,1.500000,1.500000,,,,,,,,,,,,,,,,1.205697,0.082718,1.162443,0.068921,0.000000,0.000000,-0.051392,,-0.158648,0.000000,,,,0.068606,0.133979,1.500000,40.025816,16.517491,0.000000,circle,预设轨迹15,forward
1775478905.062593,35.334034,1775478918.430785|完整运动,完整运动,circle_orbit,1,1.000000,1.500000,1.500000,,,,,,,,,,,,,,,,1.204876,0.077986,1.155612,0.042491,0.000000,0.000000,-0.059761,,-0.159695,0.000000,,,,0.064725,0.133888,1.500000,40.076149,16.467158,0.000000,circle,预设轨迹15,forward
1775478905.083133,35.354574,1775478918.430785|完整运动,完整运动,circle_orbit,1,1.000000,1.500000,1.500000,,,,,,,,,,,,,,,,1.204003,0.076540,1.151619,0.065697,0.000000,0.000000,-0.063620,,-0.160793,0.000000,,,,0.063571,0.133791,1.500000,40.101385,16.441922,0.000000,circle,预设轨迹15,forward
1775478905.113527,35.384969,1775478918.430785|完整运动,完整运动,circle_orbit,1,1.000000,1.500000,1.500000,,,,,,,,,,,,,,,,1.203053,0.072595,1.146085,0.043008,0.000000,0.000000,-0.071007,,-0.161440,0.000000,,,,0.060342,0.133685,1.500000,40.151599,16.391707,0.000000,circle,预设轨迹15,forward
1775478905.139367,35.410808,1775478918.430785|完整运动,完整运动,circle_orbit,1,1.000000,1.500000,1.500000,,,,,,,,,,,,,,,,1.202087,0.071260,1.144099,0.061247,0.000000,0.000000,-0.074805,,-0.161172,0.000000,,,,0.059280,0.133578,1.500000,40.176496,16.366811,0.000000,circle,预设轨迹15,forward
1775478905.159750,35.431191,1775478918.430785|完整运动,完整运动,circle_orbit,1,1.000000,1.500000,1.500000,,,,,,,,,,,,,,,,1.201101,0.069943,1.141950,0.060066,0.000000,0.000000,-0.078550,,-0.161050,0.000000,,,,0.058232,0.133468,1.500000,40.201144,16.342163,0.000000,circle,预设轨迹15,forward
1775478905.190567,35.462008,1775478918.430785|完整运动,完整运动,circle_orbit,1,1.000000,1.500000,1.500000,,,,,,,,,,,,,,,,1.200090,0.068646,1.139448,0.058918,0.000000,0.000000,-0.082242,,-0.161212,0.000000,,,,0.057201,0.133356,1.500000,40.225697,16.317610,0.000000,circle,预设轨迹15,forward
1775478905.227362,35.498804,1775478918.430785|完整运动,完整运动,circle_orbit,1,1.000000,1.500000,1.500000,,,,,,,,,,,,,,,,1.199037,0.064991,1.135825,0.037577,0.000000,0.000000,-0.089262,,-0.160716,0.000000,,,,0.054202,0.133239,1.500000,40.275179,16.268127,0.000000,circle,预设轨迹15,forward
1775478905.247688,35.519129,1775478918.430785|完整运动,完整运动,circle_orbit,1,1.000000,1.500000,1.500000,,,,,,,,,,,,,,,,1.197937,0.061432,1.131967,0.034739,0.000000,0.000000,-0.096255,,-0.160420,0.000000,,,,0.051281,0.133117,1.500000,40.324810,16.218496,0.000000,circle,预设轨迹15,forward
1775478905.274414,35.545855,1775478918.430785|完整运动,完整运动,circle_orbit,1,1.000000,1.500000,1.500000,,,,,,,,,,,,,,,,1.196856,0.062863,1.131967,0.073599,0.000000,0.000000,-0.096255,,-0.160420,0.000000,,,,0.052524,0.132997,1.500000,40.324810,16.218496,0.000000,circle,预设轨迹15,forward
1775478905.313447,35.584888,1775478918.430785|完整运动,完整运动,circle_orbit,1,1.000000,1.500000,1.500000,,,,,,,,,,,,,,,,1.195729,0.059589,1.128159,0.035032,0.000000,0.000000,-0.102766,,-0.160322,0.000000,,,,0.049835,0.132871,1.500000,40.373785,16.169521,0.000000,circle,预设轨迹15,forward
1775478905.333776,35.605218,1775478918.430785|完整运动,完整运动,circle_orbit,1,1.000000,1.500000,1.500000,,,,,,,,,,,,,,,,1.194579,0.056961,1.125534,0.037252,0.000000,0.000000,-0.108452,,-0.159732,0.000000,,,,0.047683,0.132744,1.500000,40.422390,16.120917,0.000000,circle,预设轨迹15,forward
1775478905.362513,35.633955,1775478918.430785|完整运动,完整运动,circle_orbit,1,1.000000,1.500000,1.500000,,,,,,,,,,,,,,,,1.193433,0.056516,1.124716,0.053179,0.000000,0.000000,-0.111090,,-0.159166,0.000000,,,,0.047356,0.132616,1.500000,40.446787,16.096520,0.000000,circle,预设轨迹15,forward
1775478905.392948,35.664390,1775478918.430785|完整运动,完整运动,circle_orbit,1,1.000000,1.500000,1.500000,,,,,,,,,,,,,,,,1.192297,0.056016,1.124083,0.052268,0.000000,0.000000,-0.113743,,-0.158456,0.000000,,,,0.046982,0.132490,1.500000,40.471311,16.071996,0.000000,circle,预设轨迹15,forward
1775478905.413608,35.685049,1775478918.430785|完整运动,完整运动,circle_orbit,1,1.000000,1.500000,1.500000,,,,,,,,,,,,,,,,1.191156,0.053518,1.122695,0.034783,0.000000,0.000000,-0.119182,,-0.157070,0.000000,,,,0.044930,0.132363,1.500000,40.520264,16.023042,0.000000,circle,预设轨迹15,forward
1775478905.445694,35.717136,1775478918.430785|完整运动,完整运动,circle_orbit,1,1.000000,1.500000,1.500000,,,,,,,,,,,,,,,,1.190015,0.053008,1.121596,0.049180,0.000000,0.000000,-0.121852,,-0.156700,0.000000,,,,0.044544,0.132236,1.500000,40.544603,15.998703,0.000000,circle,预设轨迹15,forward
1775478905.481694,35.753135,1775478918.430785|完整运动,完整运动,circle_orbit,1,1.000000,1.500000,1.500000,,,,,,,,,,,,,,,,1.188861,0.050371,1.119630,0.030591,0.000000,0.000000,-0.127494,,-0.155661,0.000000,,,,0.042369,0.132108,1.500000,40.593717,15.949590,0.000000,circle,预设轨迹15,forward
1775478905.502413,35.773854,1775478918.430785|完整运动,完整运动,circle_orbit,1,1.000000,1.500000,1.500000,,,,,,,,,,,,,,,,1.187702,0.049797,1.118122,0.045493,0.000000,0.000000,-0.130268,,-0.155557,0.000000,,,,0.041927,0.131979,1.500000,40.618400,15.924906,0.000000,circle,预设轨迹15,forward
1775478905.545883,35.817324,1775478918.430785|完整运动,完整运动,circle_orbit,1,1.000000,1.500000,1.500000,,,,,,,,,,,,,,,,1.186527,0.046989,1.116036,0.025931,0.000000,0.000000,-0.136171,,-0.154500,0.000000,,,,0.039602,0.131849,1.500000,40.667605,15.875702,0.000000,circle,预设轨迹15,forward
1775478905.575231,35.846672,1775478918.430785|完整运动,完整运动,circle_orbit,1,1.000000,1.500000,1.500000,,,,,,,,,,,,,,,,1.185342,0.046418,1.114224,0.042137,0.000000,0.000000,-0.138970,,-0.154623,0.000000,,,,0.039160,0.131717,1.500000,40.691922,15.851384,0.000000,circle,预设轨迹15,forward
1775478905.595534,35.866975,1775478918.430785|完整运动,完整运动,circle_orbit,1,1.000000,1.500000,1.500000,,,,,,,,,,,,,,,,1.184139,0.043769,1.112012,0.023903,0.000000,0.000000,-0.144676,,-0.153760,0.000000,,,,0.036963,0.131584,1.500000,40.740704,15.802603,0.000000,circle,预设轨迹15,forward
1775478905.627755,35.899196,1775478918.430785|完整运动,完整运动,circle_orbit,1,1.000000,1.500000,1.500000,,,,,,,,,,,,,,,,1.182930,0.043196,1.110342,0.038892,0.000000,0.000000,-0.147500,,-0.153772,0.000000,,,,0.036516,0.131449,1.500000,40.765182,15.778124,0.000000,circle,预设轨迹15,forward
1775478905.654290,35.925732,1775478918.430785|完整运动,完整运动,circle_orbit,1,1.000000,1.500000,1.500000,,,,,,,,,,,,,,,,1.181724,0.042471,1.109410,0.037036,0.000000,0.000000,-0.150493,,-0.153151,0.000000,,,,0.035940,0.131315,1.500000,40.789778,15.753529,0.000000,circle,预设轨迹15,forward
1775478905.674730,35.946171,1775478918.430785|完整运动,完整运动,circle_orbit,1,1.000000,1.500000,1.500000,,,,,,,,,,,,,,,,1.180515,0.039405,1.107969,0.016412,0.000000,0.000000,-0.156784,,-0.151454,0.000000,,,,0.033380,0.131181,1.500000,40.839210,15.704097,0.000000,circle,预设轨迹15,forward
1775478905.705631,35.977072,1775478918.430785|完整运动,完整运动,circle_orbit,1,1.000000,1.500000,1.500000,,,,,,,,,,,,,,,,1.179313,0.038627,1.107156,0.032789,0.000000,0.000000,-0.159921,,-0.150681,0.000000,,,,0.032754,0.131047,1.500000,40.864094,15.679212,0.000000,circle,预设轨迹15,forward
1775478905.736167,36.007608,1775478918.430785|完整运动,完整运动,circle_orbit,1,1.000000,1.500000,1.500000,,,,,,,,,,,,,,,,1.178117,0.038014,1.106347,0.033422,0.000000,0.000000,-0.162791,,-0.150025,0.000000,,,,0.032267,0.130914,1.500000,40.888993,15.654314,0.000000,circle,预设轨迹15,forward
1775478905.756476,36.027917,1775478918.430785|完整运动,完整运动,circle_orbit,1,1.000000,1.500000,1.500000,,,,,,,,,,,,,,,,1.176936,0.035476,1.106125,0.016438,0.000000,0.000000,-0.168366,,-0.147717,0.000000,,,,0.030143,0.130783,1.500000,40.938429,15.604878,0.000000,circle,预设轨迹15,forward
1775478905.787977,36.059418,1775478918.430785|完整运动,完整运动,circle_orbit,1,1.000000,1.500000,1.500000,,,,,,,,,,,,,,,,1.175778,0.034970,1.106254,0.031175,0.000000,0.000000,-0.171125,,-0.146392,0.000000,,,,0.029742,0.130654,1.500000,40.962953,15.580354,0.000000,circle,预设轨迹15,forward
1775478905.816728,36.088169,1775478918.430785|完整运动,完整运动,circle_orbit,1,1.000000,1.500000,1.500000,,,,,,,,,,,,,,,,1.174671,0.032256,1.108244,0.011898,0.000000,0.000000,-0.176993,,-0.142262,0.000000,,,,0.027459,0.130531,1.500000,41.011716,15.531591,0.000000,circle,预设轨迹15,forward
1775478905.837112,36.108553,1775478918.430785|完整运动,完整运动,circle_orbit,1,1.000000,1.500000,1.500000,,,,,,,,,,,,,,,,1.173587,0.031692,1.108593,0.027465,0.000000,0.000000,-0.179887,,-0.140709,0.000000,,,,0.027004,0.130411,1.500000,41.036039,15.507267,0.000000,circle,预设轨迹15,forward
1775478905.869511,36.140952,1775478918.430785|完整运动,完整运动,circle_orbit,1,1.000000,1.500000,1.500000,,,,,,,,,,,,,,,,1.172529,0.031100,1.109004,0.026661,0.000000,0.000000,-0.182786,,-0.139108,0.000000,,,,0.026524,0.130293,1.500000,41.060056,15.483251,0.000000,circle,预设轨迹15,forward
1775478905.903040,36.174481,1775478918.430785|完整运动,完整运动,circle_orbit,1,1.000000,1.500000,1.500000,,,,,,,,,,,,,,,,1.171497,0.030394,1.109606,0.025096,0.000000,0.000000,-0.185817,,-0.137301,0.000000,,,,0.025944,0.130179,1.500000,41.084072,15.459235,0.000000,circle,预设轨迹15,forward
1775478905.923368,36.194809,1775478918.430785|完整运动,完整运动,circle_orbit,1,1.000000,1.500000,1.500000,,,,,,,,,,,,,,,,1.170492,0.027558,1.110169,0.006291,0.000000,0.000000,-0.191856,,-0.134189,0.000000,,,,0.023544,0.130067,1.500000,41.131603,15.411704,0.000000,circle,预设轨迹15,forward
1775478905.950686,36.222127,1775478918.430785|完整运动,完整运动,circle_orbit,1,1.000000,1.500000,1.500000,,,,,,,,,,,,,,,,1.169493,0.026996,1.109582,0.022782,0.000000,0.000000,-0.194757,,-0.133346,0.000000,,,,0.023084,0.129956,1.500000,41.155280,15.388027,0.000000,circle,预设轨迹15,forward
1775478905.983541,36.254982,1775478918.430785|完整运动,完整运动,circle_orbit,1,1.000000,1.500000,1.500000,,,,,,,,,,,,,,,,1.168505,0.026562,1.109193,0.023305,0.000000,0.000000,-0.197441,,-0.132449,0.000000,,,,0.022732,0.129846,1.500000,41.178776,15.364531,0.000000,circle,预设轨迹15,forward
1775478906.004278,36.275719,1775478918.430785|完整运动,完整运动,circle_orbit,1,1.000000,1.500000,1.500000,,,,,,,,,,,,,,,,1.167550,0.022081,1.110267,-0.011528,0.000000,0.000000,-0.205850,,-0.127894,0.000000,,,,0.018912,0.129740,1.500000,41.249725,15.293582,0.000000,circle,预设轨迹15,forward
1775478906.025106,36.296547,1775478918.430785|完整运动,完整运动,circle_orbit,1,1.000000,1.500000,1.500000,,,,,,,,,,,,,,,,1.166611,0.022833,1.110267,0.028472,0.000000,0.000000,-0.205850,,-0.127894,0.000000,,,,0.019572,0.129636,1.500000,41.249725,15.293582,0.000000,circle,预设轨迹15,forward
1775478906.051845,36.323286,1775478918.430785|完整运动,完整运动,circle_orbit,1,1.000000,1.500000,1.500000,,,,,,,,,,,,,,,,1.165690,0.020835,1.110464,0.005857,0.000000,0.000000,-0.210896,,-0.125501,0.000000,,,,0.017874,0.129533,1.500000,41.297633,15.245674,0.000000,circle,预设轨迹15,forward
1775478906.077466,36.348907,1775478918.430785|完整运动,完整运动,circle_orbit,1,1.000000,1.500000,1.500000,,,,,,,,,,,,,,,,1.164786,0.020663,1.110497,0.019371,0.000000,0.000000,-0.213389,,-0.124368,0.000000,,,,0.017740,0.129433,1.500000,41.321499,15.221807,0.000000,circle,预设轨迹15,forward
1775478906.107068,36.378509,1775478918.430785|完整运动,完整运动,circle_orbit,1,1.000000,1.500000,1.500000,,,,,,,,,,,,,,,,1.163895,0.020496,1.110438,0.019245,0.000000,0.000000,-0.215812,,-0.123336,0.000000,,,,0.017610,0.129334,1.500000,41.345420,15.197887,0.000000,circle,预设轨迹15,forward
1775478906.148175,36.419616,1775478918.430785|完整运动,完整运动,circle_orbit,1,1.000000,1.500000,1.500000,,,,,,,,,,,,,,,,1.163046,0.018414,1.112150,0.002793,0.000000,0.000000,-0.220910,,-0.119771,0.000000,,,,0.015832,0.129240,1.500000,41.393787,15.149519,0.000000,circle,预设轨迹15,forward
1775478906.168822,36.440264,1775478918.430785|完整运动,完整运动,circle_orbit,1,1.000000,1.500000,1.500000,,,,,,,,,,,,,,,,1.162231,0.016011,1.113334,-0.002007,0.000000,0.000000,-0.226522,,-0.116379,0.000000,,,,0.013776,0.129149,1.500000,41.442851,15.100455,0.000000,circle,预设轨迹15,forward
1775478906.195815,36.467256,1775478918.430785|完整运动,完整运动,circle_orbit,1,1.000000,1.500000,1.500000,,,,,,,,,,,,,,,,1.161441,0.016173,1.114029,0.017387,0.000000,0.000000,-0.228558,,-0.114949,0.000000,,,,0.013925,0.129061,1.500000,41.466922,15.076385,0.000000,circle,预设轨迹15,forward
1775478906.226652,36.498094,1775478918.430785|完整运动,完整运动,circle_orbit,1,1.000000,1.500000,1.500000,,,,,,,,,,,,,,,,1.160680,0.016099,1.115005,0.015545,0.000000,0.000000,-0.230857,,-0.113190,0.000000,,,,0.013870,0.128977,1.500000,41.491111,15.052196,0.000000,circle,预设轨迹15,forward
1775478906.247200,36.518641,1775478918.430785|完整运动,完整运动,circle_orbit,1,1.000000,1.500000,1.500000,,,,,,,,,,,,,,,,1.159976,0.014174,1.117735,-0.000269,0.000000,0.000000,-0.235742,,-0.108966,0.000000,,,,0.012219,0.128898,1.500000,41.539583,15.003723,0.000000,circle,预设轨迹15,forward
1775478906.274408,36.545849,1775478918.430785|完整运动,完整运动,circle_orbit,1,1.000000,1.500000,1.500000,,,,,,,,,,,,,,,,1.159300,0.014019,1.118741,0.012856,0.000000,0.000000,-0.238162,,-0.107136,0.000000,,,,0.012092,0.128823,1.500000,41.563826,14.979481,0.000000,circle,预设轨迹15,forward
1775478906.302158,36.573599,1775478918.430785|完整运动,完整运动,circle_orbit,1,1.000000,1.500000,1.500000,,,,,,,,,,,,,,,,1.158652,0.013878,1.119771,0.012826,0.000000,0.000000,-0.240513,,-0.105320,0.000000,,,,0.011978,0.128751,1.500000,41.588217,14.955089,0.000000,circle,预设轨迹15,forward
1775478906.322525,36.593966,1775478918.430785|完整运动,完整运动,circle_orbit,1,1.000000,1.500000,1.500000,,,,,,,,,,,,,,,,1.158025,0.013837,1.120395,0.013528,0.000000,0.000000,-0.242677,,-0.103892,0.000000,,,,0.011949,0.128682,1.500000,41.612562,14.930744,0.000000,circle,预设轨迹15,forward
1775478906.357359,36.628800,1775478918.430785|完整运动,完整运动,circle_orbit,1,1.000000,1.500000,1.500000,,,,,,,,,,,,,,,,1.157424,0.013739,1.121387,0.013001,0.000000,0.000000,-0.244876,,-0.102174,0.000000,,,,0.011870,0.128615,1.500000,41.636935,14.906371,0.000000,circle,预设轨迹15,forward
1775478906.388250,36.659691,1775478918.430785|完整运动,完整运动,circle_orbit,1,1.000000,1.500000,1.500000,,,,,,,,,,,,,,,,1.156872,0.012024,1.123721,-0.000835,0.000000,0.000000,-0.249338,,-0.098454,0.000000,,,,0.010394,0.128553,1.500000,41.684475,14.858831,0.000000,circle,预设轨迹15,forward
1775478906.409010,36.680451,1775478918.430785|完整运动,完整运动,circle_orbit,1,1.000000,1.500000,1.500000,,,,,,,,,,,,,,,,1.156375,0.010559,1.126588,-0.000433,0.000000,0.000000,-0.253505,,-0.094479,0.000000,,,,0.009131,0.128498,1.500000,41.731571,14.811736,0.000000,circle,预设轨迹15,forward
1775478906.434099,36.705540,1775478918.430785|完整运动,完整运动,circle_orbit,1,1.000000,1.500000,1.500000,,,,,,,,,,,,,,,,1.155909,0.010667,1.127932,0.011478,0.000000,0.000000,-0.255471,,-0.092614,0.000000,,,,0.009228,0.128446,1.500000,41.755446,14.787861,0.000000,circle,预设轨迹15,forward
1775478906.465128,36.736569,1775478918.430785|完整运动,完整运动,circle_orbit,1,1.000000,1.500000,1.500000,,,,,,,,,,,,,,,,1.155469,0.010809,1.129084,0.011872,0.000000,0.000000,-0.257337,,-0.090936,0.000000,,,,0.009354,0.128398,1.500000,41.779246,14.764060,0.000000,circle,预设轨迹15,forward
1775478906.485499,36.756940,1775478918.430785|完整运动,完整运动,circle_orbit,1,1.000000,1.500000,1.500000,,,,,,,,,,,,,,,,1.155069,0.010107,1.131072,0.004841,0.000000,0.000000,-0.260356,,-0.088135,0.000000,,,,0.008750,0.128353,1.500000,41.826509,14.716798,0.000000,circle,预设轨迹15,forward
1775478906.510876,36.782317,1775478918.430785|完整运动,完整运动,circle_orbit,1,1.000000,1.500000,1.500000,,,,,,,,,,,,,,,,1.154676,0.011524,1.131072,0.022153,0.000000,0.000000,-0.260356,,-0.088135,0.000000,,,,0.009980,0.128309,1.500000,41.826509,14.716798,0.000000,circle,预设轨迹15,forward
1775478906.541835,36.813277,1775478918.430785|完整运动,完整运动,circle_orbit,1,1.000000,1.500000,1.500000,,,,,,,,,,,,,,,,1.154342,0.011040,1.134330,0.007412,0.000000,0.000000,-0.262950,,-0.084601,0.000000,,,,0.009564,0.128272,1.500000,41.874020,14.669286,0.000000,circle,预设轨迹15,forward
1775478906.562464,36.833905,1775478918.430785|完整运动,完整运动,circle_orbit,1,1.000000,1.500000,1.500000,,,,,,,,,,,,,,,,1.154048,0.011544,1.136410,0.015327,0.000000,0.000000,-0.264135,,-0.082562,0.000000,,,,0.010003,0.128240,1.500000,41.898005,14.645302,0.000000,circle,预设轨迹15,forward
1775478906.587455,36.858896,1775478918.430785|完整运动,完整运动,circle_orbit,1,1.000000,1.500000,1.500000,,,,,,,,,,,,,,,,1.153818,0.011570,1.140007,0.011763,0.000000,0.000000,-0.265950,,-0.079152,0.000000,,,,0.010028,0.128214,1.500000,41.945621,14.597686,0.000000,circle,预设轨迹15,forward
1775478906.618624,36.890066,1775478918.430785|完整运动,完整运动,circle_orbit,1,1.000000,1.500000,1.500000,,,,,,,,,,,,,,,,1.153592,0.012848,1.140007,0.022435,0.000000,0.000000,-0.265950,,-0.079152,0.000000,,,,0.011138,0.128189,1.500000,41.945621,14.597686,0.000000,circle,预设轨迹15,forward
1775478906.639514,36.910956,1775478918.430785|完整运动,完整运动,circle_orbit,1,1.000000,1.500000,1.500000,,,,,,,,,,,,,,,,1.153429,0.013052,1.143685,0.014579,0.000000,0.000000,-0.267389,,-0.075868,0.000000,,,,0.011316,0.128171,1.500000,41.992811,14.550495,0.000000,circle,预设轨迹15,forward
1775478906.663945,36.935386,1775478918.430785|完整运动,完整运动,circle_orbit,1,1.000000,1.500000,1.500000,,,,,,,,,,,,,,,,1.153293,0.013823,1.145100,0.019605,0.000000,0.000000,-0.267990,,-0.074587,0.000000,,,,0.011986,0.128156,1.500000,42.016544,14.526763,0.000000,circle,预设轨迹15,forward
1775478906.696046,36.967487,1775478918.430785|完整运动,完整运动,circle_orbit,1,1.000000,1.500000,1.500000,,,,,,,,,,,,,,,,1.153196,0.014611,1.147372,0.020519,0.000000,0.000000,-0.268509,,-0.072736,0.000000,,,,0.012670,0.128145,1.500000,42.040577,14.502729,0.000000,circle,预设轨迹15,forward
1775478906.716733,36.988174,1775478918.430785|完整运动,完整运动,circle_orbit,1,1.000000,1.500000,1.500000,,,,,,,,,,,,,,,,1.153160,0.015160,1.151035,0.019284,0.000000,0.000000,-0.269314,,-0.069778,0.000000,,,,0.013147,0.128141,1.500000,42.088747,14.454560,0.000000,circle,预设轨迹15,forward
1775478906.741013,37.012454,1775478918.430785|完整运动,完整运动,circle_orbit,1,1.000000,1.500000,1.500000,,,,,,,,,,,,,,,,1.153151,0.015985,1.152603,0.022169,0.000000,0.000000,-0.269686,,-0.068504,0.000000,,,,0.013862,0.128140,1.500000,42.112958,14.430349,0.000000,circle,预设轨迹15,forward
1775478906.774163,37.045604,1775478918.430785|完整运动,完整运动,circle_orbit,1,1.000000,1.500000,1.500000,,,,,,,,,,,,,,,,1.153161,0.016846,1.153744,0.023301,0.000000,0.000000,-0.269951,,-0.067582,0.000000,,,,0.014608,0.128141,1.500000,42.137253,14.406054,0.000000,circle,预设轨迹15,forward
1775478906.794512,37.065953,1775478918.430785|完整运动,完整运动,circle_orbit,1,1.000000,1.500000,1.500000,,,,,,,,,,,,,,,,1.153233,0.017571,1.157541,0.023015,0.000000,0.000000,-0.270359,,-0.064736,0.000000,,,,0.015237,0.128149,1.500000,42.186064,14.357242,0.000000,circle,预设轨迹15,forward
1775478906.817383,37.088824,1775478918.430785|完整运动,完整运动,circle_orbit,1,1.000000,1.500000,1.500000,,,,,,,,,,,,,,,,1.153332,0.018547,1.159300,0.025863,0.000000,0.000000,-0.270368,,-0.063503,0.000000,,,,0.016081,0.128160,1.500000,42.210718,14.332588,0.000000,circle,预设轨迹15,forward
1775478906.848934,37.120375,1775478918.430785|完整运动,完整运动,circle_orbit,1,1.000000,1.500000,1.500000,,,,,,,,,,,,,,,,1.153467,0.019560,1.161586,0.027154,0.000000,0.000000,-0.270271,,-0.061954,0.000000,,,,0.016957,0.128175,1.500000,42.235469,14.307838,0.000000,circle,预设轨迹15,forward
1775478906.869617,37.141058,1775478918.430785|完整运动,完整运动,circle_orbit,1,1.000000,1.500000,1.500000,,,,,,,,,,,,,,,,1.153651,0.020842,1.164645,0.030456,0.000000,0.000000,-0.269738,,-0.060071,0.000000,,,,0.018066,0.128196,1.500000,42.285206,14.258101,0.000000,circle,预设轨迹15,forward
1775478906.893998,37.165439,1775478918.430785|完整运动,完整运动,circle_orbit,1,1.000000,1.500000,1.500000,,,,,,,,,,,,,,,,1.153860,0.022033,1.166449,0.030973,0.000000,0.000000,-0.269266,,-0.059036,0.000000,,,,0.019095,0.128219,1.500000,42.309859,14.233448,0.000000,circle,预设轨迹15,forward
1775478906.936759,37.208201,1775478918.430785|完整运动,完整运动,circle_orbit,1,1.000000,1.500000,1.500000,,,,,,,,,,,,,,,,1.154090,0.023214,1.167853,0.032069,0.000000,0.000000,-0.268750,,-0.058300,0.000000,,,,0.020115,0.128244,1.500000,42.334210,14.209097,0.000000,circle,预设轨迹15,forward
1775478906.962277,37.233718,1775478918.430785|完整运动,完整运动,circle_orbit,1,1.000000,1.500000,1.500000,,,,,,,,,,,,,,,,1.154364,0.024538,1.170833,0.034464,0.000000,0.000000,-0.267978,,-0.056599,0.000000,,,,0.021256,0.128275,1.500000,42.382573,14.160733,0.000000,circle,预设轨迹15,forward
1775478906.986125,37.257566,1775478918.430785|完整运动,完整运动,circle_orbit,1,1.000000,1.500000,1.500000,,,,,,,,,,,,,,,,1.154659,0.025519,1.172342,0.032881,0.000000,0.000000,-0.267629,,-0.055724,0.000000,,,,0.022101,0.128308,1.500000,42.406582,14.136724,0.000000,circle,预设轨迹15,forward
1775478907.013132,37.284573,1775478918.430785|完整运动,完整运动,circle_orbit,1,1.000000,1.500000,1.500000,,,,,,,,,,,,,,,,1.155018,0.025971,1.176552,0.029363,0.000000,0.000000,-0.268001,,-0.052697,0.000000,,,,0.022486,0.128347,1.500000,42.455178,14.088128,0.000000,circle,预设轨迹15,forward
1775478907.048163,37.319604,1775478918.430785|完整运动,完整运动,circle_orbit,1,1.000000,1.500000,1.500000,,,,,,,,,,,,,,,,1.155398,0.026565,1.178196,0.031017,0.000000,0.000000,-0.268162,,-0.051514,0.000000,,,,0.022992,0.128390,1.500000,42.479215,14.064091,0.000000,circle,预设轨迹15,forward
1775478907.082844,37.354285,1775478918.430785|完整运动,完整运动,circle_orbit,1,1.000000,1.500000,1.500000,,,,,,,,,,,,,,,,1.155821,0.026943,1.181193,0.029778,0.000000,0.000000,-0.268616,,-0.049293,0.000000,,,,0.023311,0.128437,1.500000,42.503329,14.039978,0.000000,circle,预设轨迹15,forward
1775478907.103233,37.374675,1775478918.430785|完整运动,完整运动,circle_orbit,1,1.000000,1.500000,1.500000,,,,,,,,,,,,,,,,1.156322,0.026659,1.186400,0.024532,0.000000,0.000000,-0.270016,,-0.045187,0.000000,,,,0.023055,0.128492,1.500000,42.551336,13.991971,0.000000,circle,预设轨迹15,forward
1775478907.128424,37.399866,1775478918.430785|完整运动,完整运动,circle_orbit,1,1.000000,1.500000,1.500000,,,,,,,,,,,,,,,,1.156861,0.026776,1.189198,0.027648,0.000000,0.000000,-0.270882,,-0.042943,0.000000,,,,0.023145,0.128552,1.500000,42.575465,13.967842,0.000000,circle,预设轨迹15,forward
1775478907.161668,37.433109,1775478918.430785|完整运动,完整运动,circle_orbit,1,1.000000,1.500000,1.500000,,,,,,,,,,,,,,,,1.157470,0.026423,1.194023,0.023780,0.000000,0.000000,-0.272430,,-0.039069,0.000000,,,,0.022828,0.128620,1.500000,42.623901,13.919406,0.000000,circle,预设轨迹15,forward
1775478907.182044,37.453485,1775478918.430785|完整运动,完整运动,circle_orbit,1,1.000000,1.500000,1.500000,,,,,,,,,,,,,,,,1.158113,0.026699,1.196648,0.028771,0.000000,0.000000,-0.273118,,-0.037041,0.000000,,,,0.023054,0.128691,1.500000,42.648090,13.895216,0.000000,circle,预设轨迹15,forward
1775478907.205014,37.476456,1775478918.430785|完整运动,完整运动,circle_orbit,1,1.000000,1.500000,1.500000,,,,,,,,,,,,,,,,1.158793,0.026911,1.199650,0.028494,0.000000,0.000000,-0.273896,,-0.034735,0.000000,,,,0.023223,0.128767,1.500000,42.671432,13.871875,0.000000,circle,预设轨迹15,forward
1775478907.236912,37.508353,1775478918.430785|完整运动,完整运动,circle_orbit,1,1.000000,1.500000,1.500000,,,,,,,,,,,,,,,,1.159528,0.027075,1.203591,0.028312,0.000000,0.000000,-0.274745,,-0.031799,0.000000,,,,0.023350,0.128849,1.500000,42.694923,13.848384,0.000000,circle,预设轨迹15,forward
1775478907.257245,37.528686,1775478918.430785|完整运动,完整运动,circle_orbit,1,1.000000,1.500000,1.500000,,,,,,,,,,,,,,,,1.160343,0.026934,1.209269,0.025872,0.000000,0.000000,-0.276040,,-0.027566,0.000000,,,,0.023212,0.128939,1.500000,42.741435,13.801872,0.000000,circle,预设轨迹15,forward
1775478907.282530,37.553971,1775478918.430785|完整运动,完整运动,circle_orbit,1,1.000000,1.500000,1.500000,,,,,,,,,,,,,,,,1.161198,0.027422,1.212490,0.031087,0.000000,0.000000,-0.276460,,-0.025320,0.000000,,,,0.023616,0.129034,1.500000,42.764556,13.778751,0.000000,circle,预设轨迹15,forward
1775478907.313850,37.585291,1775478918.430785|完整运动,完整运动,circle_orbit,1,1.000000,1.500000,1.500000,,,,,,,,,,,,,,,,1.162088,0.027979,1.215455,0.032155,0.000000,0.000000,-0.276766,,-0.023297,0.000000,,,,0.024077,0.129133,1.500000,42.787728,13.755578,0.000000,circle,预设轨迹15,forward
1775478907.334174,37.605615,1775478918.430785|完整运动,完整运动,circle_orbit,1,1.000000,1.500000,1.500000,,,,,,,,,,,,,,,,1.163073,0.028479,1.222223,0.032231,0.000000,0.000000,-0.277143,,-0.018858,0.000000,,,,0.024486,0.129243,1.500000,42.834057,13.709249,0.000000,circle,预设轨迹15,forward
1775478907.362841,37.634282,1775478918.430785|完整运动,完整运动,circle_orbit,1,1.000000,1.500000,1.500000,,,,,,,,,,,,,,,,1.164116,0.028966,1.226693,0.032616,0.000000,0.000000,-0.277528,,-0.015893,0.000000,,,,0.024882,0.129359,1.500000,42.857360,13.685946,0.000000,circle,预设轨迹15,forward
1775478907.393547,37.664988,1775478918.430785|完整运动,完整运动,circle_orbit,1,1.000000,1.500000,1.500000,,,,,,,,,,,,,,,,1.165204,0.029434,1.230439,0.032946,0.000000,0.000000,-0.277927,,-0.013388,0.000000,,,,0.025261,0.129479,1.500000,42.880763,13.662544,0.000000,circle,预设轨迹15,forward
1775478907.414122,37.685563,1775478918.430785|完整运动,完整运动,circle_orbit,1,1.000000,1.500000,1.500000,,,,,,,,,,,,,,,,1.166295,0.030932,1.231807,0.042163,0.000000,0.000000,-0.276846,,-0.013023,0.000000,,,,0.026521,0.129601,1.500000,42.926316,13.616991,0.000000,circle,预设轨迹15,forward
1775478907.438782,37.710223,1775478918.430785|完整运动,完整运动,circle_orbit,1,1.000000,1.500000,1.500000,,,,,,,,,,,,,,,,1.167401,0.032717,1.233710,0.046106,0.000000,0.000000,-0.275282,,-0.012544,0.000000,,,,0.028025,0.129723,1.500000,42.948554,13.594752,0.000000,circle,预设轨迹15,forward
1775478907.472096,37.743537,1775478918.430785|完整运动,完整运动,circle_orbit,1,1.000000,1.500000,1.500000,,,,,,,,,,,,,,,,1.168610,0.035662,1.241144,0.057753,0.000000,0.000000,-0.271996,,-0.009453,0.000000,,,,0.030517,0.129858,1.500000,42.993508,13.549799,0.000000,circle,预设轨迹15,forward
1775478907.492587,37.764029,1775478918.430785|完整运动,完整运动,circle_orbit,1,1.000000,1.500000,1.500000,,,,,,,,,,,,,,,,1.169851,0.037335,1.244313,0.049882,0.000000,0.000000,-0.270379,,-0.008248,0.000000,,,,0.031915,0.129996,1.500000,43.016532,13.526775,0.000000,circle,预设轨迹15,forward
1775478907.514751,37.786192,1775478918.430785|完整运动,完整运动,circle_orbit,1,1.000000,1.500000,1.500000,,,,,,,,,,,,,,,,1.171071,0.037821,1.244313,0.041465,0.000000,0.000000,-0.270379,,-0.008248,0.000000,,,,0.032296,0.130131,1.500000,43.016532,13.526775,0.000000,circle,预设轨迹15,forward
1775478907.541458,37.812899,1775478918.430785|完整运动,完整运动,circle_orbit,1,1.000000,1.500000,1.500000,,,,,,,,,,,,,,,,1.172339,0.041047,1.248406,0.065237,0.000000,0.000000,-0.266488,,-0.007508,0.000000,,,,0.035012,0.130272,1.500000,43.063066,13.480241,0.000000,circle,预设轨迹15,forward
1775478907.561830,37.833271,1775478918.430785|完整运动,完整运动,circle_orbit,1,1.000000,1.500000,1.500000,,,,,,,,,,,,,,,,1.173624,0.043077,1.250710,0.058302,0.000000,0.000000,-0.264146,,-0.007165,0.000000,,,,0.036704,0.130415,1.500000,43.086196,13.457110,0.000000,circle,预设轨迹15,forward
1775478907.588191,37.859632,1775478918.430785|完整运动,完整运动,circle_orbit,1,1.000000,1.500000,1.500000,,,,,,,,,,,,,,,,1.175009,0.046418,1.258113,0.071480,0.000000,0.000000,-0.259874,,-0.004653,0.000000,,,,0.039504,0.130569,1.500000,43.133468,13.409839,0.000000,circle,预设轨迹15,forward
1775478907.622618,37.894060,1775478918.430785|完整运动,完整运动,circle_orbit,1,1.000000,1.500000,1.500000,,,,,,,,,,,,,,,,1.176371,0.046650,1.258113,0.048389,0.000000,0.000000,-0.259874,,-0.004653,0.000000,,,,0.039656,0.130720,1.500000,43.133468,13.409839,0.000000,circle,预设轨迹15,forward
1775478907.643052,37.914493,1775478918.430785|完整运动,完整运动,circle_orbit,1,1.000000,1.500000,1.500000,,,,,,,,,,,,,,,,1.177819,0.049314,1.264704,0.069298,0.000000,0.000000,-0.256456,,-0.002289,0.000000,,,,0.041869,0.130881,1.500000,43.181751,13.361556,0.000000,circle,预设轨迹15,forward
1775478907.670917,37.942358,1775478918.430785|完整运动,完整运动,circle_orbit,1,1.000000,1.500000,1.500000,,,,,,,,,,,,,,,,1.179299,0.050560,1.268072,0.059899,0.000000,0.000000,-0.254956,,-0.000987,0.000000,,,,0.042873,0.131046,1.500000,43.205890,13.337417,0.000000,circle,预设轨迹15,forward
1775478907.713093,37.984535,1775478918.430785|完整运动,完整运动,circle_orbit,1,1.000000,1.500000,1.500000,,,,,,,,,,,,,,,,1.180725,0.052068,1.266273,0.063376,0.000000,0.000000,-0.253073,,0.002874,0.000000,,,,0.044098,0.131204,1.500000,43.251688,13.291618,0.000000,circle,预设轨迹15,forward
1775478907.733933,38.005374,1775478918.430785|完整运动,完整运动,circle_orbit,1,1.000000,1.500000,1.500000,,,,,,,,,,,,,,,,1.182147,0.052299,1.267495,0.054035,0.000000,0.000000,-0.252963,,0.002210,0.000000,,,,0.044241,0.131362,1.500000,43.296217,13.247089,0.000000,circle,预设轨迹15,forward
1775478907.758645,38.030087,1775478918.430785|完整运动,完整运动,circle_orbit,1,1.000000,1.500000,1.500000,,,,,,,,,,,,,,,,1.183550,0.052261,1.267735,0.051972,0.000000,0.000000,-0.253265,,0.001935,0.000000,,,,0.044156,0.131518,1.500000,43.318112,13.225195,0.000000,circle,预设轨迹15,forward
1775478907.796273,38.067714,1775478918.430785|完整运动,完整运动,circle_orbit,1,1.000000,1.500000,1.500000,,,,,,,,,,,,,,,,1.184902,0.051650,1.266019,0.047071,0.000000,0.000000,-0.254424,,0.002422,0.000000,,,,0.043590,0.131668,1.500000,43.361857,13.181450,0.000000,circle,预设轨迹15,forward
1775478907.817235,38.088676,1775478918.430785|完整运动,完整运动,circle_orbit,1,1.000000,1.500000,1.500000,,,,,,,,,,,,,,,,1.186250,0.052122,1.267148,0.055665,0.000000,0.000000,-0.254111,,0.001901,0.000000,,,,0.043939,0.131818,1.500000,43.384054,13.159253,0.000000,circle,预设轨迹15,forward
1775478907.841428,38.112869,1775478918.430785|完整运动,完整运动,circle_orbit,1,1.000000,1.500000,1.500000,,,,,,,,,,,,,,,,1.187540,0.052866,1.264881,0.058445,0.000000,0.000000,-0.253423,,0.003533,0.000000,,,,0.044517,0.131961,1.500000,43.406727,13.136579,0.000000,circle,预设轨迹15,forward
1775478907.878280,38.149721,1775478918.430785|完整运动,完整运动,circle_orbit,1,1.000000,1.500000,1.500000,,,,,,,,,,,,,,,,1.188813,0.053932,1.265227,0.061923,0.000000,0.000000,-0.252268,,0.003844,0.000000,,,,0.045366,0.132103,1.500000,43.429584,13.113723,0.000000,circle,预设轨迹15,forward
1775478907.901542,38.172983,1775478918.430785|完整运动,完整运动,circle_orbit,1,1.000000,1.500000,1.500000,,,,,,,,,,,,,,,,1.190051,0.056203,1.264341,0.073241,0.000000,0.000000,-0.249378,,0.005648,0.000000,,,,0.047228,0.132240,1.500000,43.475723,13.067584,0.000000,circle,预设轨迹15,forward
1775478907.928077,38.199518,1775478918.430785|完整运动,完整运动,circle_orbit,1,1.000000,1.500000,1.500000,,,,,,,,,,,,,,,,1.191237,0.057566,1.262380,0.067783,0.000000,0.000000,-0.247694,,0.007548,0.000000,,,,0.048324,0.132372,1.500000,43.498670,13.044636,0.000000,circle,预设轨迹15,forward
1775478907.961844,38.233285,1775478918.430785|完整运动,完整运动,circle_orbit,1,1.000000,1.500000,1.500000,,,,,,,,,,,,,,,,1.192312,0.060042,1.256808,0.078617,0.000000,0.000000,-0.244405,,0.012303,0.000000,,,,0.050358,0.132492,1.500000,43.544805,12.998502,0.000000,circle,预设轨迹15,forward
1775478907.982207,38.253649,1775478918.430785|完整运动,完整运动,circle_orbit,1,1.000000,1.500000,1.500000,,,,,,,,,,,,,,,,1.193326,0.061353,1.254196,0.071182,0.000000,0.000000,-0.242681,,0.014622,0.000000,,,,0.051413,0.132604,1.500000,43.567950,12.975357,0.000000,circle,预设轨迹15,forward
1775478908.007607,38.279048,1775478918.430785|完整运动,完整运动,circle_orbit,1,1.000000,1.500000,1.500000,,,,,,,,,,,,,,,,1.194280,0.062665,1.251483,0.072508,0.000000,0.000000,-0.240932,,0.017020,0.000000,,,,0.052471,0.132710,1.500000,43.591556,12.951751,0.000000,circle,预设轨迹15,forward
1775478908.040884,38.312325,1775478918.430785|完整运动,完整运动,circle_orbit,1,1.000000,1.500000,1.500000,,,,,,,,,,,,,,,,1.195130,0.065191,1.246127,0.084137,0.000000,0.000000,-0.237444,,0.021791,0.000000,,,,0.054547,0.132805,1.500000,43.638276,12.905031,0.000000,circle,预设轨迹15,forward
1775478908.061244,38.332686,1775478918.430785|完整运动,完整运动,circle_orbit,1,1.000000,1.500000,1.500000,,,,,,,,,,,,,,,,1.195900,0.066126,1.242138,0.073134,0.000000,0.000000,-0.236130,,0.024790,0.000000,,,,0.055294,0.132890,1.500000,43.661737,12.881570,0.000000,circle,预设轨迹15,forward
1775478908.083650,38.355091,1775478918.430785|完整运动,完整运动,circle_orbit,1,1.000000,1.500000,1.500000,,,,,,,,,,,,,,,,1.196595,0.066586,1.238302,0.070036,0.000000,0.000000,-0.235492,,0.027412,0.000000,,,,0.055646,0.132968,1.500000,43.685668,12.857639,0.000000,circle,预设轨迹15,forward
1775478908.114008,38.385449,1775478918.430785|完整运动,完整运动,circle_orbit,1,1.000000,1.500000,1.500000,,,,,,,,,,,,,,,,1.197145,0.066875,1.230107,0.069041,0.000000,0.000000,-0.235132,,0.032616,0.000000,,,,0.055862,0.133029,1.500000,43.735022,12.808285,0.000000,circle,预设轨迹15,forward
1775478908.134591,38.406033,1775478918.430785|完整运动,完整运动,circle_orbit,1,1.000000,1.500000,1.500000,,,,,,,,,,,,,,,,1.197657,0.067148,1.228374,0.069200,0.000000,0.000000,-0.234819,,0.033830,0.000000,,,,0.056066,0.133086,1.500000,43.760085,12.783222,0.000000,circle,预设轨迹15,forward
1775478908.158238,38.429679,1775478918.430785|完整运动,完整运动,circle_orbit,1,1.000000,1.500000,1.500000,,,,,,,,,,,,,,,,1.198137,0.067455,1.226941,0.069756,0.000000,0.000000,-0.234482,,0.034871,0.000000,,,,0.056300,0.133139,1.500000,43.785152,12.758155,0.000000,circle,预设轨迹15,forward
1775478908.185927,38.457368,1775478918.430785|完整运动,完整运动,circle_orbit,1,1.000000,1.500000,1.500000,,,,,,,,,,,,,,,,1.198555,0.067725,1.223653,0.069747,0.000000,0.000000,-0.234222,,0.037040,0.000000,,,,0.056505,0.133185,1.500000,43.810363,12.732943,0.000000,circle,预设轨迹15,forward
1775478908.207718,38.479159,1775478918.430785|完整运动,完整运动,circle_orbit,1,1.000000,1.500000,1.500000,,,,,,,,,,,,,,,,1.198864,0.068460,1.217398,0.073979,0.000000,0.000000,-0.233329,,0.041374,0.000000,,,,0.057104,0.133220,1.500000,43.861523,12.681784,0.000000,circle,预设轨迹15,forward
1775478908.235532,38.506973,1775478918.430785|完整运动,完整运动,circle_orbit,1,1.000000,1.500000,1.500000,,,,,,,,,,,,,,,,1.199134,0.069226,1.215354,0.074965,0.000000,0.000000,-0.232389,,0.043087,0.000000,,,,0.057730,0.133250,1.500000,43.887461,12.655845,0.000000,circle,预设轨迹15,forward
1775478908.269047,38.540489,1775478918.430785|完整运动,完整运动,circle_orbit,1,1.000000,1.500000,1.500000,,,,,,,,,,,,,,,,1.199394,0.070384,1.214975,0.079071,0.000000,0.000000,-0.230878,,0.043999,0.000000,,,,0.058683,0.133279,1.500000,43.913453,12.629854,0.000000,circle,预设轨迹15,forward
1775478908.289564,38.561005,1775478918.430785|完整运动,完整运动,circle_orbit,1,1.000000,1.500000,1.500000,,,,,,,,,,,,,,,,1.199616,0.073323,1.212915,0.095365,0.000000,0.000000,-0.226812,,0.047116,0.000000,,,,0.061122,0.133303,1.500000,43.965634,12.577673,0.000000,circle,预设轨迹15,forward
1775478908.314471,38.585912,1775478918.430785|完整运动,完整运动,circle_orbit,1,1.000000,1.500000,1.500000,,,,,,,,,,,,,,,,1.199818,0.074973,1.211975,0.087352,0.000000,0.000000,-0.224451,,0.048765,0.000000,,,,0.062487,0.133326,1.500000,43.992333,12.550973,0.000000,circle,预设轨迹15,forward
1775478908.346980,38.618421,1775478918.430785|完整运动,完整运动,circle_orbit,1,1.000000,1.500000,1.500000,,,,,,,,,,,,,,,,1.199984,0.078337,1.209902,0.103562,0.000000,0.000000,-0.219615,,0.052241,0.000000,,,,0.065282,0.133344,1.500000,44.045920,12.497386,0.000000,circle,预设轨迹15,forward
1775478908.367383,38.638824,1775478918.430785|完整运动,完整运动,circle_orbit,1,1.000000,1.500000,1.500000,,,,,,,,,,,,,,,,1.200108,0.079606,1.207564,0.089129,0.000000,0.000000,-0.217615,,0.054630,0.000000,,,,0.066333,0.133358,1.500000,44.072512,12.470795,0.000000,circle,预设轨迹15,forward
1775478908.393523,38.664964,1775478918.430785|完整运动,完整运动,circle_orbit,1,1.000000,1.500000,1.500000,,,,,,,,,,,,,,,,1.200230,0.079449,1.207564,0.078272,0.000000,0.000000,-0.217615,,0.054630,0.000000,,,,0.066195,0.133372,1.500000,44.072512,12.470795,0.000000,circle,预设轨迹15,forward
1775478908.433796,38.705237,1775478918.430785|完整运动,完整运动,circle_orbit,1,1.000000,1.500000,1.500000,,,,,,,,,,,,,,,,1.200288,0.081590,1.203775,0.097643,0.000000,0.000000,-0.214416,,0.058495,0.000000,,,,0.067975,0.133378,1.500000,44.125229,12.418078,0.000000,circle,预设轨迹15,forward
1775478908.454693,38.726134,1775478918.430785|完整运动,完整运动,circle_orbit,1,1.000000,1.500000,1.500000,,,,,,,,,,,,,,,,1.200281,0.083697,1.199840,0.099502,0.000000,0.000000,-0.211200,,0.062479,0.000000,,,,0.069731,0.133377,1.500000,44.177980,12.365326,0.000000,circle,预设轨迹15,forward
1775478908.475879,38.747320,1775478918.430785|完整运动,完整运动,circle_orbit,1,1.000000,1.500000,1.500000,,,,,,,,,,,,,,,,1.200252,0.084691,1.198503,0.092146,0.000000,0.000000,-0.209497,,0.064107,0.000000,,,,0.070561,0.133374,1.500000,44.204007,12.339299,0.000000,circle,预设轨迹15,forward
1775478908.499585,38.771027,1775478918.430785|完整运动,完整运动,circle_orbit,1,1.000000,1.500000,1.500000,,,,,,,,,,,,,,,,1.200206,0.085587,1.197465,0.092302,0.000000,0.000000,-0.207929,,0.065482,0.000000,,,,0.071310,0.133369,1.500000,44.229741,12.313566,0.000000,circle,预设轨迹15,forward
1775478908.519905,38.791346,1775478918.430785|完整运动,完整运动,circle_orbit,1,1.000000,1.500000,1.500000,,,,,,,,,,,,,,,,1.200122,0.086301,1.195106,0.091661,0.000000,0.000000,-0.206617,,0.067611,0.000000,,,,0.071910,0.133360,1.500000,44.255555,12.287752,0.000000,circle,预设轨迹15,forward
1775478908.550713,38.822154,1775478918.430785|完整运动,完整运动,circle_orbit,1,1.000000,1.500000,1.500000,,,,,,,,,,,,,,,,1.200030,0.087208,1.194464,0.094009,0.000000,0.000000,-0.205038,,0.068735,0.000000,,,,0.072672,0.133349,1.500000,44.281118,12.262188,0.000000,circle,预设轨迹15,forward
1775478908.582212,38.853654,1775478918.430785|完整运动,完整运动,circle_orbit,1,1.000000,1.500000,1.500000,,,,,,,,,,,,,,,,1.199920,0.089649,1.193338,0.107956,0.000000,0.000000,-0.201277,,0.071147,0.000000,,,,0.074713,0.133337,1.500000,44.332205,12.211102,0.000000,circle,预设轨迹15,forward
1775478908.602571,38.874012,1775478918.430785|完整运动,完整运动,circle_orbit,1,1.000000,1.500000,1.500000,,,,,,,,,,,,,,,,1.199817,0.090813,1.193654,0.099546,0.000000,0.000000,-0.199238,,0.071845,0.000000,,,,0.075689,0.133326,1.500000,44.357435,12.185871,0.000000,circle,预设轨迹15,forward
1775478908.628793,38.900234,1775478918.430785|完整运动,完整运动,circle_orbit,1,1.000000,1.500000,1.500000,,,,,,,,,,,,,,,,1.199719,0.091969,1.193796,0.100633,0.000000,0.000000,-0.197194,,0.072660,0.000000,,,,0.076658,0.133315,1.500000,44.382665,12.160642,0.000000,circle,预设轨迹15,forward
1775478908.661254,38.932695,1775478918.430785|完整运动,完整运动,circle_orbit,1,1.000000,1.500000,1.500000,,,,,,,,,,,,,,,,1.199606,0.094744,1.192823,0.115559,0.000000,0.000000,-0.192837,,0.075237,0.000000,,,,0.078979,0.133302,1.500000,44.433167,12.110139,0.000000,circle,预设轨迹15,forward
1775478908.682425,38.953867,1775478918.430785|完整运动,完整运动,circle_orbit,1,1.000000,1.500000,1.500000,,,,,,,,,,,,,,,,1.199483,0.095903,1.192142,0.104599,0.000000,0.000000,-0.190672,,0.076648,0.000000,,,,0.079954,0.133289,1.500000,44.458036,12.085271,0.000000,circle,预设轨迹15,forward
1775478908.706018,38.977460,1775478918.430785|完整运动,完整运动,circle_orbit,1,1.000000,1.500000,1.500000,,,,,,,,,,,,,,,,1.199345,0.096983,1.191043,0.105082,0.000000,0.000000,-0.188609,,0.078291,0.000000,,,,0.080864,0.133273,1.500000,44.482811,12.060496,0.000000,circle,预设轨迹15,forward
1775478908.736639,39.008080,1775478918.430785|完整运动,完整运动,circle_orbit,1,1.000000,1.500000,1.500000,,,,,,,,,,,,,,,,1.199182,0.097832,1.189416,0.104197,0.000000,0.000000,-0.186869,,0.080141,0.000000,,,,0.081582,0.133255,1.500000,44.507626,12.035681,0.000000,circle,预设轨迹15,forward
1775478908.756954,39.028395,1775478918.430785|完整运动,完整运动,circle_orbit,1,1.000000,1.500000,1.500000,,,,,,,,,,,,,,,,1.198985,0.099817,1.187141,0.114707,0.000000,0.000000,-0.183522,,0.083139,0.000000,,,,0.083252,0.133233,1.500000,44.557615,11.985692,0.000000,circle,预设轨迹15,forward
1775478908.784473,39.055915,1775478918.430785|完整运动,完整运动,circle_orbit,1,1.000000,1.500000,1.500000,,,,,,,,,,,,,,,,1.198781,0.100619,1.186532,0.106635,0.000000,0.000000,-0.181797,,0.084311,0.000000,,,,0.083935,0.133210,1.500000,44.582871,11.960436,0.000000,circle,预设轨迹15,forward
1775478908.818743,39.090184,1775478918.430785|完整运动,完整运动,circle_orbit,1,1.000000,1.500000,1.500000,,,,,,,,,,,,,,,,1.198569,0.101445,1.185892,0.107640,0.000000,0.000000,-0.180044,,0.085517,0.000000,,,,0.084639,0.133187,1.500000,44.608153,11.935154,0.000000,circle,预设轨迹15,forward
1775478908.839449,39.110890,1775478918.430785|完整运动,完整运动,circle_orbit,1,1.000000,1.500000,1.500000,,,,,,,,,,,,,,,,1.198334,0.103458,1.184237,0.118551,0.000000,0.000000,-0.176613,,0.088147,0.000000,,,,0.086335,0.133161,1.500000,44.659090,11.884217,0.000000,circle,预设轨迹15,forward
1775478908.865047,39.136488,1775478918.430785|完整运动,完整运动,circle_orbit,1,1.000000,1.500000,1.500000,,,,,,,,,,,,,,,,1.198087,0.104246,1.183244,0.110156,0.000000,0.000000,-0.174860,,0.089591,0.000000,,,,0.087010,0.133133,1.500000,44.684781,11.858526,0.000000,circle,预设轨迹15,forward
1775478908.898599,39.170040,1775478918.430785|完整运动,完整运动,circle_orbit,1,1.000000,1.500000,1.500000,,,,,,,,,,,,,,,,1.197817,0.104955,1.181609,0.110278,0.000000,0.000000,-0.173227,,0.091413,0.000000,,,,0.087622,0.133103,1.500000,44.710557,11.832750,0.000000,circle,预设轨迹15,forward
1775478908.918905,39.190346,1775478918.430785|完整运动,完整运动,circle_orbit,1,1.000000,1.500000,1.500000,,,,,,,,,,,,,,,,1.197476,0.106591,1.177044,0.118855,0.000000,0.000000,-0.170299,,0.095791,0.000000,,,,0.089013,0.133066,1.500000,44.762142,11.781165,0.000000,circle,预设轨迹15,forward
1775478908.942263,39.213705,1775478918.430785|完整运动,完整运动,circle_orbit,1,1.000000,1.500000,1.500000,,,,,,,,,,,,,,,,1.197108,0.107124,1.175002,0.111124,0.000000,0.000000,-0.168896,,0.097799,0.000000,,,,0.089486,0.133025,1.500000,44.788028,11.755278,0.000000,circle,预设轨迹15,forward
1775478908.977287,39.248728,1775478918.430785|完整运动,完整运动,circle_orbit,1,1.000000,1.500000,1.500000,,,,,,,,,,,,,,,,1.196709,0.107671,1.172808,0.111772,0.000000,0.000000,-0.167495,,0.099914,0.000000,,,,0.089972,0.132980,1.500000,44.814133,11.729174,0.000000,circle,预设轨迹15,forward
1775478908.997743,39.269185,1775478918.430785|完整运动,完整运动,circle_orbit,1,1.000000,1.500000,1.500000,,,,,,,,,,,,,,,,1.196339,0.109863,1.174087,0.126308,0.000000,0.000000,-0.163768,,0.100700,0.000000,,,,0.091833,0.132939,1.500000,44.865391,11.677916,0.000000,circle,预设轨迹15,forward
1775478909.024577,39.296019,1775478918.430785|完整运动,完整运动,circle_orbit,1,1.000000,1.500000,1.500000,,,,,,,,,,,,,,,,1.196010,0.111158,1.176317,0.120871,0.000000,0.000000,-0.161234,,0.100313,0.000000,,,,0.092941,0.132903,1.500000,44.890261,11.653045,0.000000,circle,预设轨迹15,forward
1775478909.053069,39.324510,1775478918.430785|完整运动,完整运动,circle_orbit,1,1.000000,1.500000,1.500000,,,,,,,,,,,,,,,,1.195721,0.112654,1.178356,0.123874,0.000000,0.000000,-0.158386,,0.100199,0.000000,,,,0.094215,0.132870,1.500000,44.914758,11.628548,0.000000,circle,预设轨迹15,forward
1775478909.073497,39.344938,1775478918.430785|完整运动,完整运动,circle_orbit,1,1.000000,1.500000,1.500000,,,,,,,,,,,,,,,,1.195489,0.116497,1.181587,0.145314,0.000000,0.000000,-0.152167,,0.100788,0.000000,,,,0.097447,0.132845,1.500000,44.963722,11.579584,0.000000,circle,预设轨迹15,forward
1775478909.102839,39.374280,1775478918.430785|完整运动,完整运动,circle_orbit,1,1.000000,1.500000,1.500000,,,,,,,,,,,,,,,,1.195300,0.118207,1.183941,0.131036,0.000000,0.000000,-0.148814,,0.100701,0.000000,,,,0.098893,0.132824,1.500000,44.988101,11.555205,0.000000,circle,预设轨迹15,forward
1775478909.131487,39.402928,1775478918.430785|完整运动,完整运动,circle_orbit,1,1.000000,1.500000,1.500000,,,,,,,,,,,,,,,,1.195155,0.120022,1.186472,0.133631,0.000000,0.000000,-0.145271,,0.100587,0.000000,,,,0.100424,0.132808,1.500000,45.012612,11.530695,0.000000,circle,预设轨迹15,forward
1775478909.151777,39.423218,1775478918.430785|完整运动,完整运动,circle_orbit,1,1.000000,1.500000,1.500000,,,,,,,,,,,,,,,,1.195097,0.124301,1.191601,0.156393,0.000000,0.000000,-0.138181,,0.100337,0.000000,,,,0.104009,0.132801,1.500000,45.061025,11.482282,0.000000,circle,预设轨迹15,forward
1775478909.180039,39.451480,1775478918.430785|完整运动,完整运动,circle_orbit,1,1.000000,1.500000,1.500000,,,,,,,,,,,,,,,,1.195073,0.125863,1.193659,0.137584,0.000000,0.000000,-0.134775,,0.100495,0.000000,,,,0.105319,0.132799,1.500000,45.085326,11.457980,0.000000,circle,预设轨迹15,forward
1775478909.219730,39.491171,1775478918.430785|完整运动,完整运动,circle_orbit,1,1.000000,1.500000,1.500000,,,,,,,,,,,,,,,,1.195114,0.129396,1.197578,0.155887,0.000000,0.000000,-0.128550,,0.100691,0.000000,,,,0.108270,0.132803,1.500000,45.134066,11.409241,0.000000,circle,预设轨迹15,forward
1775478909.241721,39.513162,1775478918.430785|完整运动,完整运动,circle_orbit,1,1.000000,1.500000,1.500000,,,,,,,,,,,,,,,,1.195186,0.130549,1.199505,0.139200,0.000000,0.000000,-0.125578,,0.100754,0.000000,,,,0.109229,0.132811,1.500000,45.158507,11.384800,0.000000,circle,预设轨迹15,forward
1775478909.262945,39.534386,1775478918.430785|完整运动,完整运动,circle_orbit,1,1.000000,1.500000,1.500000,,,,,,,,,,,,,,,,1.195310,0.131912,1.202702,0.142137,0.000000,0.000000,-0.122312,,0.100129,0.000000,,,,0.110358,0.132825,1.500000,45.181449,11.361858,0.000000,circle,预设轨迹15,forward
1775478909.292995,39.564436,1775478918.430785|完整运动,完整运动,circle_orbit,1,1.000000,1.500000,1.500000,,,,,,,,,,,,,,,,1.195494,0.133166,1.206571,0.142572,0.000000,0.000000,-0.119190,,0.099017,0.000000,,,,0.111390,0.132845,1.500000,45.204517,11.338790,0.000000,circle,预设轨迹15,forward
1775478909.313697,39.585138,1775478918.430785|完整运动,完整运动,circle_orbit,1,1.000000,1.500000,1.500000,,,,,,,,,,,,,,,,1.195795,0.136454,1.213823,0.161113,0.000000,0.000000,-0.113170,,0.097051,0.000000,,,,0.114112,0.132879,1.500000,45.250228,11.293079,0.000000,circle,预设轨迹15,forward
1775478909.339381,39.610823,1775478918.430785|完整运动,完整运动,circle_orbit,1,1.000000,1.500000,1.500000,,,,,,,,,,,,,,,,1.196090,0.135426,1.213823,0.127710,0.000000,0.000000,-0.113170,,0.097051,0.000000,,,,0.113224,0.132912,1.500000,45.250228,11.293079,0.000000,circle,预设轨迹15,forward
1775478909.369397,39.640838,1775478918.430785|完整运动,完整运动,circle_orbit,1,1.000000,1.500000,1.500000,,,,,,,,,,,,,,,,1.196571,0.139224,1.225412,0.167710,0.000000,0.000000,-0.104918,,0.093414,0.000000,,,,0.116352,0.132965,1.500000,45.318340,11.224967,0.000000,circle,预设轨迹15,forward
1775478909.391415,39.662857,1775478918.430785|完整运动,完整运动,circle_orbit,1,1.000000,1.500000,1.500000,,,,,,,,,,,,,,,,1.197092,0.140158,1.228339,0.147166,0.000000,0.000000,-0.102216,,0.092792,0.000000,,,,0.117082,0.133023,1.500000,45.341738,11.201569,0.000000,circle,预设轨迹15,forward
1775478909.420596,39.692037,1775478918.430785|完整运动,完整运动,circle_orbit,1,1.000000,1.500000,1.500000,,,,,,,,,,,,,,,,1.197666,0.141254,1.232138,0.149473,0.000000,0.000000,-0.099289,,0.091740,0.000000,,,,0.117941,0.133087,1.500000,45.364915,11.178392,0.000000,circle,预设轨迹15,forward
1775478909.448858,39.720299,1775478918.430785|完整运动,完整运动,circle_orbit,1,1.000000,1.500000,1.500000,,,,,,,,,,,,,,,,1.198309,0.142484,1.236892,0.151710,0.000000,0.000000,-0.096163,,0.090205,0.000000,,,,0.118904,0.133158,1.500000,45.387940,11.155366,0.000000,circle,预设轨迹15,forward
1775478909.469320,39.740761,1775478918.430785|完整运动,完整运动,circle_orbit,1,1.000000,1.500000,1.500000,,,,,,,,,,,,,,,,1.199148,0.146448,1.249454,0.176176,0.000000,0.000000,-0.089126,,0.085713,0.000000,,,,0.122127,0.133251,1.500000,45.433280,11.110027,0.000000,circle,预设轨迹15,forward
1775478909.498189,39.769630,1775478918.430785|完整运动,完整运动,circle_orbit,1,1.000000,1.500000,1.500000,,,,,,,,,,,,,,,,1.200038,0.147798,1.253426,0.157922,0.000000,0.000000,-0.085644,,0.084883,0.000000,,,,0.123161,0.133350,1.500000,45.456402,11.086904,0.000000,circle,预设轨迹15,forward
1775478909.525086,39.796527,1775478918.430785|完整运动,完整运动,circle_orbit,1,1.000000,1.500000,1.500000,,,,,,,,,,,,,,,,1.200966,0.149041,1.256697,0.158367,0.000000,0.000000,-0.082305,,0.084420,0.000000,,,,0.124101,0.133453,1.500000,45.479692,11.063615,0.000000,circle,预设轨迹15,forward
1775478909.545421,39.816862,1775478918.430785|完整运动,完整运动,circle_orbit,1,1.000000,1.500000,1.500000,,,,,,,,,,,,,,,,1.202025,0.152498,1.265532,0.178422,0.000000,0.000000,-0.075811,,0.082098,0.000000,,,,0.126867,0.133571,1.500000,45.526575,11.016732,0.000000,circle,预设轨迹15,forward
1775478909.573902,39.845344,1775478918.430785|完整运动,完整运动,circle_orbit,1,1.000000,1.500000,1.500000,,,,,,,,,,,,,,,,1.203066,0.151298,1.265532,0.142300,0.000000,0.000000,-0.075811,,0.082098,0.000000,,,,0.125760,0.133687,1.500000,45.526575,11.016732,0.000000,circle,预设轨迹15,forward
1775478909.617392,39.888833,1775478918.430785|完整运动,完整运动,circle_orbit,1,1.000000,1.500000,1.500000,,,,,,,,,,,,,,,,1.204228,0.154636,1.273973,0.179668,0.000000,0.000000,-0.069492,,0.079999,0.000000,,,,0.128410,0.133816,1.500000,45.573168,10.970139,0.000000,circle,预设轨迹15,forward
1775478909.650620,39.922062,1775478918.430785|完整运动,完整运动,circle_orbit,1,1.000000,1.500000,1.500000,,,,,,,,,,,,,,,,1.205490,0.157605,1.281188,0.179874,0.000000,0.000000,-0.063574,,0.078485,0.000000,,,,0.130739,0.133956,1.500000,45.620393,10.922913,0.000000,circle,预设轨迹15,forward
1775478909.678609,39.950050,1775478918.430785|完整运动,完整运动,circle_orbit,1,1.000000,1.500000,1.500000,,,,,,,,,,,,,,,,1.206859,0.160398,1.289008,0.181343,0.000000,0.000000,-0.057809,,0.076608,0.000000,,,,0.132905,0.134108,1.500000,45.668142,10.875165,0.000000,circle,预设轨迹15,forward
1775478909.698986,39.970427,1775478918.430785|完整运动,完整运动,circle_orbit,1,1.000000,1.500000,1.500000,,,,,,,,,,,,,,,,1.208262,0.161059,1.292446,0.166021,0.000000,0.000000,-0.054992,,0.075926,0.000000,,,,0.133298,0.134264,1.500000,45.691842,10.851465,0.000000,circle,预设轨迹15,forward
1775478909.729242,40.000683,1775478918.430785|完整运动,完整运动,circle_orbit,1,1.000000,1.500000,1.500000,,,,,,,,,,,,,,,,1.209702,0.161696,1.296090,0.166469,0.000000,0.000000,-0.052250,,0.075105,0.000000,,,,0.133666,0.134424,1.500000,45.715526,10.827781,0.000000,circle,预设轨迹15,forward
1775478909.762022,40.033463,1775478918.430785|完整运动,完整运动,circle_orbit,1,1.000000,1.500000,1.500000,,,,,,,,,,,,,,,,1.211242,0.164434,1.303642,0.184971,0.000000,0.000000,-0.046556,,0.073446,0.000000,,,,0.135756,0.134595,1.500000,45.762814,10.780493,0.000000,circle,预设轨迹15,forward
1775478909.782459,40.053901,1775478918.430785|完整运动,完整运动,circle_orbit,1,1.000000,1.500000,1.500000,,,,,,,,,,,,,,,,1.212829,0.165189,1.308024,0.170851,0.000000,0.000000,-0.043599,,0.072351,0.000000,,,,0.136201,0.134772,1.500000,45.786681,10.756625,0.000000,circle,预设轨迹15,forward
1775478909.815616,40.087057,1775478918.430785|完整运动,完整运动,circle_orbit,1,1.000000,1.500000,1.500000,,,,,,,,,,,,,,,,1.214478,0.165892,1.313461,0.171169,0.000000,0.000000,-0.040743,,0.070654,0.000000,,,,0.136596,0.134955,1.500000,45.810790,10.732517,0.000000,circle,预设轨迹15,forward
1775478909.849815,40.121257,1775478918.430785|完整运动,完整运动,circle_orbit,1,1.000000,1.500000,1.500000,,,,,,,,,,,,,,,,1.216271,0.168772,1.323851,0.190370,0.000000,0.000000,-0.034818,,0.067685,0.000000,,,,0.138762,0.135154,1.500000,45.859346,10.683960,0.000000,circle,预设轨迹15,forward
1775478909.871195,40.142637,1775478918.430785|完整运动,完整运动,circle_orbit,1,1.000000,1.500000,1.500000,,,,,,,,,,,,,,,,1.218196,0.171731,1.333653,0.193918,0.000000,0.000000,-0.028689,,0.065205,0.000000,,,,0.140971,0.135368,1.500000,45.907731,10.635576,0.000000,circle,预设轨迹15,forward
1775478909.903052,40.174493,1775478918.430785|完整运动,完整运动,circle_orbit,1,1.000000,1.500000,1.500000,,,,,,,,,,,,,,,,1.220158,0.172258,1.337932,0.176210,0.000000,0.000000,-0.025926,,0.064184,0.000000,,,,0.141176,0.135586,1.500000,45.931903,10.611403,0.000000,circle,预设轨迹15,forward
1775478909.929989,40.201430,1775478918.430785|完整运动,完整运动,circle_orbit,1,1.000000,1.500000,1.500000,,,,,,,,,,,,,,,,1.222194,0.174245,1.344351,0.189151,0.000000,0.000000,-0.021135,,0.062968,0.000000,,,,0.142567,0.135812,1.500000,45.980599,10.562707,0.000000,circle,预设轨迹15,forward
1775478909.950324,40.221766,1775478918.430785|完整运动,完整运动,circle_orbit,1,1.000000,1.500000,1.500000,,,,,,,,,,,,,,,,1.224274,0.174439,1.349046,0.175893,0.000000,0.000000,-0.018855,,0.061555,0.000000,,,,0.142484,0.136043,1.500000,46.005046,10.538261,0.000000,circle,预设轨迹15,forward
1775478909.979250,40.250692,1775478918.430785|完整运动,完整运动,circle_orbit,1,1.000000,1.500000,1.500000,,,,,,,,,,,,,,,,1.226319,0.173075,1.349046,0.162849,0.000000,0.000000,-0.018855,,0.061555,0.000000,,,,0.141134,0.136271,1.500000,46.005046,10.538261,0.000000,circle,预设轨迹15,forward
1775478910.020309,40.291750,1775478918.430785|完整运动,完整运动,circle_orbit,1,1.000000,1.500000,1.500000,,,,,,,,,,,,,,,,1.228581,0.176537,1.364294,0.202501,0.000000,0.000000,-0.012128,,0.056778,0.000000,,,,0.143692,0.136522,1.500000,46.079290,10.464017,0.000000,circle,预设轨迹15,forward
1775478910.054290,40.325731,1775478918.430785|完整运动,完整运动,circle_orbit,1,1.000000,1.500000,1.500000,,,,,,,,,,,,,,,,1.230903,0.176895,1.370225,0.179574,0.000000,0.000000,-0.009682,,0.054890,0.000000,,,,0.143711,0.136780,1.500000,46.104268,10.439038,0.000000,circle,预设轨迹15,forward
1775478910.081410,40.352851,1775478918.430785|完整运动,完整运动,circle_orbit,1,1.000000,1.500000,1.500000,,,,,,,,,,,,,,,,1.233384,0.179128,1.382236,0.195883,0.000000,0.000000,-0.004609,,0.051200,0.000000,,,,0.145233,0.137056,1.500000,46.154100,10.389207,0.000000,circle,预设轨迹15,forward
1775478910.101747,40.373188,1775478918.430785|完整运动,完整运动,circle_orbit,1,1.000000,1.500000,1.500000,,,,,,,,,,,,,,,,1.235916,0.179584,1.387814,0.183002,0.000000,0.000000,-0.002006,,0.049631,0.000000,,,,0.145305,0.137337,1.500000,46.178903,10.364404,0.000000,circle,预设轨迹15,forward
1775478910.127648,40.399090,1775478918.430785|完整运动,完整运动,circle_orbit,1,1.000000,1.500000,1.500000,,,,,,,,,,,,,,,,1.238486,0.181849,1.392685,0.198838,0.000000,0.000000,0.003132,,0.046768,0.000000,,,,0.146832,0.137623,1.500000,46.227966,10.315341,0.000000,circle,预设轨迹15,forward
1775478910.163557,40.434998,1775478918.430785|完整运动,完整运动,circle_orbit,1,1.000000,1.500000,1.500000,,,,,,,,,,,,,,,,1.241023,0.182295,1.393280,0.185636,0.000000,0.000000,0.005743,,0.045320,0.000000,,,,0.146891,0.137905,1.500000,46.252444,10.290863,0.000000,circle,预设轨迹15,forward
1775478910.185368,40.456810,1775478918.430785|完整运动,完整运动,circle_orbit,1,1.000000,1.500000,1.500000,,,,,,,,,,,,,,,,1.243524,0.184458,1.393533,0.200681,0.000000,0.000000,0.010755,,0.042970,0.000000,,,,0.148335,0.138182,1.500000,46.300907,10.242400,0.000000,circle,预设轨迹15,forward
1775478910.208115,40.479556,1775478918.430785|完整运动,完整运动,circle_orbit,1,1.000000,1.500000,1.500000,,,,,,,,,,,,,,,,1.245983,0.183059,1.393533,0.172571,0.000000,0.000000,0.010755,,0.042970,0.000000,,,,0.146920,0.138456,1.500000,46.300907,10.242400,0.000000,circle,预设轨迹15,forward
1775478910.239017,40.510458,1775478918.430785|完整运动,完整运动,circle_orbit,1,1.000000,1.500000,1.500000,,,,,,,,,,,,,,,,1.248408,0.183307,1.393951,0.185162,0.000000,0.000000,0.012952,,0.041792,0.000000,,,,0.146832,0.138725,1.500000,46.325345,10.217962,0.000000,circle,预设轨迹15,forward
1775478910.259892,40.531333,1775478918.430785|完整运动,完整运动,circle_orbit,1,1.000000,1.500000,1.500000,,,,,,,,,,,,,,,,1.250863,0.184763,1.398137,0.195687,0.000000,0.000000,0.016832,,0.038053,0.000000,,,,0.147709,0.138998,1.500000,46.374483,10.168823,0.000000,circle,预设轨迹15,forward
1775478910.284280,40.555721,1775478918.430785|完整运动,完整运动,circle_orbit,1,1.000000,1.500000,1.500000,,,,,,,,,,,,,,,,1.253369,0.186128,1.403709,0.196362,0.000000,0.000000,0.020618,,0.033709,0.000000,,,,0.148502,0.139276,1.500000,46.423510,10.119796,0.000000,circle,预设轨迹15,forward
1775478910.318403,40.589844,1775478918.430785|完整运动,完整运动,circle_orbit,1,1.000000,1.500000,1.500000,,,,,,,,,,,,,,,,1.255897,0.186130,1.407610,0.186148,0.000000,0.000000,0.022491,,0.031026,0.000000,,,,0.148205,0.139557,1.500000,46.447922,10.095384,0.000000,circle,预设轨迹15,forward
1775478910.338836,40.610278,1775478918.430785|完整运动,完整运动,circle_orbit,1,1.000000,1.500000,1.500000,,,,,,,,,,,,,,,,1.258442,0.186160,1.411128,0.186386,0.000000,0.000000,0.024351,,0.028538,0.000000,,,,0.147929,0.139840,1.500000,46.472357,10.070950,0.000000,circle,预设轨迹15,forward
1775478910.364371,40.635813,1775478918.430785|完整运动,完整运动,circle_orbit,1,1.000000,1.500000,1.500000,,,,,,,,,,,,,,,,1.260995,0.186207,1.414159,0.186556,0.000000,0.000000,0.026187,,0.026298,0.000000,,,,0.147667,0.140124,1.500000,46.496561,10.046746,0.000000,circle,预设轨迹15,forward
1775478910.391031,40.662472,1775478918.430785|完整运动,完整运动,circle_orbit,1,1.000000,1.500000,1.500000,,,,,,,,,,,,,,,,1.263560,0.186279,1.417475,0.186822,0.000000,0.000000,0.028016,,0.023935,0.000000,,,,0.147424,0.140409,1.500000,46.520676,10.022630,0.000000,circle,预设轨迹15,forward
1775478910.412687,40.684128,1775478918.430785|完整运动,完整运动,circle_orbit,1,1.000000,1.500000,1.500000,,,,,,,,,,,,,,,,1.266177,0.187670,1.423212,0.198104,0.000000,0.000000,0.031686,,0.019637,0.000000,,,,0.148218,0.140700,1.500000,46.568760,9.974547,0.000000,circle,预设轨迹15,forward
1775478910.443976,40.715417,1775478918.430785|完整运动,完整运动,circle_orbit,1,1.000000,1.500000,1.500000,,,,,,,,,,,,,,,,1.268793,0.187758,1.425766,0.188412,0.000000,0.000000,0.033535,,0.017635,0.000000,,,,0.147981,0.140990,1.500000,46.592943,9.950364,0.000000,circle,预设轨迹15,forward
1775478910.475641,40.747082,1775478918.430785|完整运动,完整运动,circle_orbit,1,1.000000,1.500000,1.500000,,,,,,,,,,,,,,,,1.271405,0.187839,1.428097,0.188447,0.000000,0.000000,0.035336,,0.015762,0.000000,,,,0.147741,0.141281,1.500000,46.617271,9.926036,0.000000,circle,预设轨迹15,forward
1775478910.496449,40.767891,1775478918.430785|完整运动,完整运动,circle_orbit,1,1.000000,1.500000,1.500000,,,,,,,,,,,,,,,,1.274056,0.188896,1.433104,0.196828,0.000000,0.000000,0.038492,,0.012065,0.000000,,,,0.148264,0.141575,1.500000,46.666339,9.876968,0.000000,circle,预设轨迹15,forward
1775478910.521174,40.792615,1775478918.430785|完整运动,完整运动,circle_orbit,1,1.000000,1.500000,1.500000,,,,,,,,,,,,,,,,1.276714,0.188818,1.436214,0.188228,0.000000,0.000000,0.040051,,0.009956,0.000000,,,,0.147894,0.141871,1.500000,46.691088,9.852218,0.000000,circle,预设轨迹15,forward
1775478910.548237,40.819678,1775478918.430785|完整运动,完整运动,circle_orbit,1,1.000000,1.500000,1.500000,,,,,,,,,,,,,,,,1.279365,0.188738,1.438400,0.188138,0.000000,0.000000,0.041561,,0.008292,0.000000,,,,0.147525,0.142165,1.500000,46.716111,9.827196,0.000000,circle,预设轨迹15,forward
1775478910.568718,40.840159,1775478918.430785|完整运动,完整运动,circle_orbit,1,1.000000,1.500000,1.500000,,,,,,,,,,,,,,,,1.282073,0.189583,1.444573,0.195922,0.000000,0.000000,0.044351,,0.004268,0.000000,,,,0.147872,0.142466,1.500000,46.766708,9.776598,0.000000,circle,预设轨迹15,forward
1775478910.598617,40.870058,1775478918.430785|完整运动,完整运动,circle_orbit,1,1.000000,1.500000,1.500000,,,,,,,,,,,,,,,,1.284737,0.188464,1.444573,0.180072,0.000000,0.000000,0.044351,,0.004268,0.000000,,,,0.146695,0.142762,1.500000,46.766708,9.776598,0.000000,circle,预设轨迹15,forward
1775478910.626344,40.897785,1775478918.430785|完整运动,完整运动,circle_orbit,1,1.000000,1.500000,1.500000,,,,,,,,,,,,,,,,1.287445,0.189458,1.449899,0.196909,0.000000,0.000000,0.047261,,0.000590,0.000000,,,,0.147158,0.143063,1.500000,46.817382,9.725925,0.000000,circle,预设轨迹15,forward
1775478910.646650,40.918092,1775478918.430785|完整运动,完整运动,circle_orbit,1,1.000000,1.500000,1.500000,,,,,,,,,,,,,,,,1.290013,0.190114,1.444124,0.195035,0.000000,0.000000,0.049717,,-0.002084,0.000000,,,,0.147374,0.143348,1.500000,46.868167,9.675139,0.000000,circle,预设轨迹15,forward
1775478910.675527,40.946969,1775478918.430785|完整运动,完整运动,circle_orbit,1,1.000000,1.500000,1.500000,,,,,,,,,,,,,,,,1.292539,0.189045,1.444124,0.181030,0.000000,0.000000,0.049717,,-0.002084,0.000000,,,,0.146259,0.143629,1.500000,46.868167,9.675139,0.000000,circle,预设轨迹15,forward
1775478910.703181,40.974622,1775478918.430785|完整运动,完整运动,circle_orbit,1,1.000000,1.500000,1.500000,,,,,,,,,,,,,,,,1.294889,0.188956,1.435843,0.188287,0.000000,0.000000,0.051024,,-0.005247,0.000000,,,,0.145924,0.143890,1.500000,46.919649,9.623657,0.000000,circle,预设轨迹15,forward
1775478910.723480,40.994922,1775478918.430785|完整运动,完整运动,circle_orbit,1,1.000000,1.500000,1.500000,,,,,,,,,,,,,,,,1.297115,0.188495,1.430672,0.185041,0.000000,0.000000,0.051771,,-0.007275,0.000000,,,,0.145319,0.144138,1.500000,46.945426,9.597881,0.000000,circle,预设轨迹15,forward
1775478910.751986,41.023427,1775478918.430785|完整运动,完整运动,circle_orbit,1,1.000000,1.500000,1.500000,,,,,,,,,,,,,,,,1.299228,0.187980,1.426055,0.184118,0.000000,0.000000,0.052392,,-0.009121,0.000000,,,,0.144686,0.144372,1.500000,46.971067,9.572240,0.000000,circle,预设轨迹15,forward
1775478910.780468,41.051909,1775478918.430785|完整运动,完整运动,circle_orbit,1,1.000000,1.500000,1.500000,,,,,,,,,,,,,,,,1.301111,0.187949,1.414092,0.187718,0.000000,0.000000,0.053663,,-0.014117,0.000000,,,,0.144453,0.144582,1.500000,47.022448,9.520859,0.000000,circle,预设轨迹15,forward
1775478910.800851,41.072292,1775478918.430785|完整运动,完整运动,circle_orbit,1,1.000000,1.500000,1.500000,,,,,,,,,,,,,,,,1.302871,0.187609,1.408422,0.185052,0.000000,0.000000,0.054474,,-0.016426,0.000000,,,,0.143996,0.144777,1.500000,47.048190,9.495117,0.000000,circle,预设轨迹15,forward
1775478910.825056,41.096497,1775478918.430785|完整运动,完整运动,circle_orbit,1,1.000000,1.500000,1.500000,,,,,,,,,,,,,,,,1.304522,0.187267,1.403589,0.184703,0.000000,0.000000,0.055250,,-0.018373,0.000000,,,,0.143552,0.144961,1.500000,47.074032,9.469274,0.000000,circle,预设轨迹15,forward
1775478910.863549,41.134990,1775478918.430785|完整运动,完整运动,circle_orbit,1,1.000000,1.500000,1.500000,,,,,,,,,,,,,,,,1.305999,0.187491,1.394636,0.189168,0.000000,0.000000,0.056802,,-0.021971,0.000000,,,,0.143561,0.145125,1.500000,47.125115,9.418191,0.000000,circle,预设轨迹15,forward
1775478910.883841,41.155282,1775478918.430785|完整运动,完整运动,circle_orbit,1,1.000000,1.500000,1.500000,,,,,,,,,,,,,,,,1.307314,0.187645,1.386243,0.188805,0.000000,0.000000,0.058261,,-0.025392,0.000000,,,,0.143535,0.145271,1.500000,47.176461,9.366846,0.000000,circle,预设轨迹15,forward
1775478910.906411,41.177853,1775478918.430785|完整运动,完整运动,circle_orbit,1,1.000000,1.500000,1.500000,,,,,,,,,,,,,,,,1.308608,0.186781,1.386243,0.180304,0.000000,0.000000,0.058261,,-0.025392,0.000000,,,,0.142733,0.145415,1.500000,47.176461,9.366846,0.000000,circle,预设轨迹15,forward
1775478910.935016,41.206457,1775478918.430785|完整运动,完整运动,circle_orbit,1,1.000000,1.500000,1.500000,,,,,,,,,,,,,,,,1.309818,0.186312,1.382399,0.182792,0.000000,0.000000,0.058761,,-0.027051,0.000000,,,,0.142243,0.145549,1.500000,47.202397,9.340909,0.000000,circle,预设轨迹15,forward
1775478910.955320,41.226762,1775478918.430785|完整运动,完整运动,circle_orbit,1,1.000000,1.500000,1.500000,,,,,,,,,,,,,,,,1.310874,0.185955,1.374218,0.183277,0.000000,0.000000,0.059394,,-0.030806,0.000000,,,,0.141856,0.145666,1.500000,47.254493,9.288814,0.000000,circle,预设轨迹15,forward
1775478910.984490,41.255931,1775478918.430785|完整运动,完整运动,circle_orbit,1,1.000000,1.500000,1.500000,,,,,,,,,,,,,,,,1.311848,0.185295,1.370293,0.180347,0.000000,0.000000,0.059570,,-0.032682,0.000000,,,,0.141247,0.145775,1.500000,47.280696,9.262610,0.000000,circle,预设轨迹15,forward
1775478911.018419,41.289860,1775478918.430785|完整运动,完整运动,circle_orbit,1,1.000000,1.500000,1.500000,,,,,,,,,,,,,,,,1.312678,0.184887,1.362475,0.181822,0.000000,0.000000,0.060070,,-0.036386,0.000000,,,,0.140847,0.145867,1.500000,47.334169,9.209138,0.000000,circle,预设轨迹15,forward
1775478911.038727,41.310169,1775478918.430785|完整运动,完整运动,circle_orbit,1,1.000000,1.500000,1.500000,,,,,,,,,,,,,,,,1.313430,0.184402,1.358535,0.180765,0.000000,0.000000,0.060436,,-0.038219,0.000000,,,,0.140397,0.145950,1.500000,47.360828,9.182479,0.000000,circle,预设轨迹15,forward
1775478911.062380,41.333822,1775478918.430785|完整运动,完整运动,circle_orbit,1,1.000000,1.500000,1.500000,,,,,,,,,,,,,,,,1.314109,0.183932,1.354881,0.180412,0.000000,0.000000,0.060795,,-0.039920,0.000000,,,,0.139967,0.146026,1.500000,47.387640,9.155666,0.000000,circle,预设轨迹15,forward
1775478911.094593,41.366034,1775478918.430785|完整运动,完整运动,circle_orbit,1,1.000000,1.500000,1.500000,,,,,,,,,,,,,,,,1.314720,0.183411,1.351348,0.179503,0.000000,0.000000,0.061054,,-0.041614,0.000000,,,,0.139506,0.146094,1.500000,47.414328,9.128979,0.000000,circle,预设轨迹15,forward
1775478911.115262,41.386703,1775478918.430785|完整运动,完整运动,circle_orbit,1,1.000000,1.500000,1.500000,,,,,,,,,,,,,,,,1.315211,0.182785,1.344674,0.178088,0.000000,0.000000,0.061143,,-0.045017,0.000000,,,,0.138978,0.146148,1.500000,47.467570,9.075737,0.000000,circle,预设轨迹15,forward
1775478911.139257,41.410698,1775478918.430785|完整运动,完整运动,circle_orbit,1,1.000000,1.500000,1.500000,,,,,,,,,,,,,,,,1.315637,0.182105,1.341234,0.177001,0.000000,0.000000,0.061124,,-0.046815,0.000000,,,,0.138416,0.146196,1.500000,47.494035,9.049272,0.000000,circle,预设轨迹15,forward
1775478911.172982,41.444423,1775478918.430785|完整运动,完整运动,circle_orbit,1,1.000000,1.500000,1.500000,,,,,,,,,,,,,,,,1.316006,0.181221,1.338110,0.174591,0.000000,0.000000,0.060783,,-0.048598,0.000000,,,,0.137705,0.146237,1.500000,47.520362,9.022945,0.000000,circle,预设轨迹15,forward
1775478911.193525,41.464966,1775478918.430785|完整运动,完整运动,circle_orbit,1,1.000000,1.500000,1.500000,,,,,,,,,,,,,,,,1.316251,0.180048,1.330993,0.171257,0.000000,0.000000,0.059999,,-0.052692,0.000000,,,,0.136789,0.146264,1.500000,47.572616,8.970691,0.000000,circle,预设轨迹15,forward
1775478911.218680,41.490121,1775478918.430785|完整运动,完整运动,circle_orbit,1,1.000000,1.500000,1.500000,,,,,,,,,,,,,,,,1.316439,0.179033,1.327679,0.171420,0.000000,0.000000,0.059384,,-0.054724,0.000000,,,,0.135998,0.146285,1.500000,47.598562,8.944745,0.000000,circle,预设轨迹15,forward
1775478911.251475,41.522916,1775478918.430785|完整运动,完整运动,circle_orbit,1,1.000000,1.500000,1.500000,,,,,,,,,,,,,,,,1.316515,0.177471,1.321095,0.165757,0.000000,0.000000,0.057958,,-0.058877,0.000000,,,,0.134804,0.146293,1.500000,47.650537,8.892769,0.000000,circle,预设轨迹15,forward
1775478911.271911,41.543353,1775478918.430785|完整运动,完整运动,circle_orbit,1,1.000000,1.500000,1.500000,,,,,,,,,,,,,,,,1.316524,0.176514,1.317088,0.169337,0.000000,0.000000,0.057323,,-0.061318,0.000000,,,,0.134076,0.146294,1.500000,47.676582,8.866725,0.000000,circle,预设轨迹15,forward
1775478911.294819,41.566260,1775478918.430785|完整运动,完整运动,circle_orbit,1,1.000000,1.500000,1.500000,,,,,,,,,,,,,,,,1.316476,0.175652,1.313556,0.169183,0.000000,0.000000,0.056789,,-0.063470,0.000000,,,,0.133426,0.146289,1.500000,47.702671,8.840636,0.000000,circle,预设轨迹15,forward
1775478911.325435,41.596876,1775478918.430785|完整运动,完整运动,circle_orbit,1,1.000000,1.500000,1.500000,,,,,,,,,,,,,,,,1.316377,0.174785,1.310464,0.168281,0.000000,0.000000,0.056221,,-0.065406,0.000000,,,,0.132777,0.146278,1.500000,47.728673,8.814634,0.000000,circle,预设轨迹15,forward
1775478911.345828,41.617269,1775478918.430785|完整运动,完整运动,circle_orbit,1,1.000000,1.500000,1.500000,,,,,,,,,,,,,,,,1.316181,0.173505,1.304406,0.163910,0.000000,0.000000,0.055048,,-0.069250,0.000000,,,,0.131825,0.146256,1.500000,47.780636,8.762671,0.000000,circle,预设轨迹15,forward
1775478911.372991,41.644432,1775478918.430785|完整运动,完整运动,circle_orbit,1,1.000000,1.500000,1.500000,,,,,,,,,,,,,,,,1.315988,0.173091,1.304406,0.169980,0.000000,0.000000,0.055048,,-0.069250,0.000000,,,,0.131529,0.146235,1.500000,47.780636,8.762671,0.000000,circle,预设轨迹15,forward
1775478911.404124,41.675565,1775478918.430785|完整运动,完整运动,circle_orbit,1,1.000000,1.500000,1.500000,,,,,,,,,,,,,,,,1.315737,0.171391,1.300694,0.158642,0.000000,0.000000,0.053227,,-0.072110,0.000000,,,,0.130262,0.146207,1.500000,47.833105,8.710202,0.000000,circle,预设轨迹15,forward
1775478911.424771,41.696212,1775478918.430785|完整运动,完整运动,circle_orbit,1,1.000000,1.500000,1.500000,,,,,,,,,,,,,,,,1.315415,0.169540,1.296055,0.155658,0.000000,0.000000,0.051129,,-0.075623,0.000000,,,,0.128887,0.146171,1.500000,47.885889,8.657418,0.000000,circle,预设轨迹15,forward
1775478911.448007,41.719449,1775478918.430785|完整运动,完整运动,circle_orbit,1,1.000000,1.500000,1.500000,,,,,,,,,,,,,,,,1.315060,0.168489,1.293776,0.160606,0.000000,0.000000,0.050093,,-0.077357,0.000000,,,,0.128123,0.146132,1.500000,47.912309,8.630998,0.000000,circle,预设轨迹15,forward
1775478911.476466,41.747907,1775478918.430785|完整运动,完整运动,circle_orbit,1,1.000000,1.500000,1.500000,,,,,,,,,,,,,,,,1.314711,0.168191,1.293776,0.165959,0.000000,0.000000,0.050093,,-0.077357,0.000000,,,,0.127930,0.146093,1.500000,47.912309,8.630998,0.000000,circle,预设轨迹15,forward
1775478911.496760,41.768202,1775478918.430785|完整运动,完整运动,circle_orbit,1,1.000000,1.500000,1.500000,,,,,,,,,,,,,,,,1.314289,0.166553,1.288964,0.154269,0.000000,0.000000,0.048210,,-0.080900,0.000000,,,,0.126725,0.146046,1.500000,47.964668,8.578639,0.000000,circle,预设轨迹15,forward
1775478911.522210,41.793651,1775478918.430785|完整运动,完整运动,circle_orbit,1,1.000000,1.500000,1.500000,,,,,,,,,,,,,,,,1.313849,0.165410,1.287487,0.156831,0.000000,0.000000,0.046968,,-0.082286,0.000000,,,,0.125897,0.145997,1.500000,47.991011,8.552295,0.000000,circle,预设轨迹15,forward
1775478911.551313,41.822754,1775478918.430785|完整运动,完整运动,circle_orbit,1,1.000000,1.500000,1.500000,,,,,,,,,,,,,,,,1.313343,0.163482,1.282928,0.149022,0.000000,0.000000,0.044589,,-0.085931,0.000000,,,,0.124477,0.145941,1.500000,48.043184,8.500122,0.000000,circle,预设轨迹15,forward
1775478911.571607,41.843049,1775478918.430785|完整运动,完整运动,circle_orbit,1,1.000000,1.500000,1.500000,,,,,,,,,,,,,,,,1.312807,0.162311,1.280651,0.153535,0.000000,0.000000,0.043215,,-0.087841,0.000000,,,,0.123637,0.145881,1.500000,48.069100,8.474207,0.000000,circle,预设轨迹15,forward
1775478911.598627,41.870068,1775478918.430785|完整运动,完整运动,circle_orbit,1,1.000000,1.500000,1.500000,,,,,,,,,,,,,,,,1.312244,0.161115,1.278458,0.152143,0.000000,0.000000,0.041778,,-0.089736,0.000000,,,,0.122778,0.145819,1.500000,48.094666,8.448641,0.000000,circle,预设轨迹15,forward
1775478911.628121,41.899562,1775478918.430785|完整运动,完整运动,circle_orbit,1,1.000000,1.500000,1.500000,,,,,,,,,,,,,,,,1.311658,0.159835,1.276537,0.150234,0.000000,0.000000,0.040194,,-0.091543,0.000000,,,,0.121857,0.145754,1.500000,48.120375,8.422932,0.000000,circle,预设轨迹15,forward
1775478911.648443,41.919884,1775478918.430785|完整运动,完整运动,circle_orbit,1,1.000000,1.500000,1.500000,,,,,,,,,,,,,,,,1.311044,0.157254,1.274202,0.137897,0.000000,0.000000,0.036735,,-0.094427,0.000000,,,,0.119946,0.145685,1.500000,48.172406,8.370901,0.000000,circle,预设轨迹15,forward
1775478911.674407,41.945848,1775478918.430785|完整运动,完整运动,circle_orbit,1,1.000000,1.500000,1.500000,,,,,,,,,,,,,,,,1.310398,0.156031,1.271654,0.146861,0.000000,0.000000,0.035106,,-0.096625,0.000000,,,,0.119072,0.145614,1.500000,48.198380,8.344927,0.000000,circle,预设轨迹15,forward
1775478911.700376,41.971817,1775478918.430785|完整运动,完整运动,circle_orbit,1,1.000000,1.500000,1.500000,,,,,,,,,,,,,,,,1.309716,0.154931,1.268777,0.146683,0.000000,0.000000,0.033632,,-0.098952,0.000000,,,,0.118294,0.145538,1.500000,48.224189,8.319118,0.000000,circle,预设轨迹15,forward
1775478911.723629,41.995071,1775478918.430785|完整运动,完整运动,circle_orbit,1,1.000000,1.500000,1.500000,,,,,,,,,,,,,,,,1.309004,0.153856,1.266269,0.145794,0.000000,0.000000,0.032179,,-0.101061,0.000000,,,,0.117537,0.145459,1.500000,48.250094,8.293212,0.000000,circle,预设轨迹15,forward
1775478911.752057,42.023499,1775478918.430785|完整运动,完整运动,circle_orbit,1,1.000000,1.500000,1.500000,,,,,,,,,,,,,,,,1.308263,0.151461,1.263842,0.133492,0.000000,0.000000,0.028839,,-0.103967,0.000000,,,,0.115772,0.145376,1.500000,48.302238,8.241069,0.000000,circle,预设轨迹15,forward
1775478911.790433,42.061874,1775478918.430785|完整运动,完整运动,circle_orbit,1,1.000000,1.500000,1.500000,,,,,,,,,,,,,,,,1.307514,0.150155,1.262578,0.140361,0.000000,0.000000,0.026962,,-0.105544,0.000000,,,,0.114840,0.145293,1.500000,48.328434,8.214873,0.000000,circle,预设轨迹15,forward
1775478911.811301,42.082742,1775478918.430785|完整运动,完整运动,circle_orbit,1,1.000000,1.500000,1.500000,,,,,,,,,,,,,,,,1.306738,0.147758,1.260136,0.129777,0.000000,0.000000,0.023517,,-0.108514,0.000000,,,,0.113074,0.145207,1.500000,48.380492,8.162815,0.000000,circle,预设轨迹15,forward
1775478911.832595,42.104037,1775478918.430785|完整运动,完整运动,circle_orbit,1,1.000000,1.500000,1.500000,,,,,,,,,,,,,,,,1.305964,0.146556,1.259565,0.137543,0.000000,0.000000,0.021686,,-0.109665,0.000000,,,,0.112220,0.145121,1.500000,48.406591,8.136716,0.000000,circle,预设轨迹15,forward
1775478911.870867,42.142308,1775478918.430785|完整运动,完整运动,circle_orbit,1,1.000000,1.500000,1.500000,,,,,,,,,,,,,,,,1.305194,0.145424,1.258946,0.136933,0.000000,0.000000,0.019938,,-0.110809,0.000000,,,,0.111419,0.145035,1.500000,48.432748,8.110559,0.000000,circle,预设轨迹15,forward
1775478911.903821,42.175262,1775478918.430785|完整运动,完整运动,circle_orbit,1,1.000000,1.500000,1.500000,,,,,,,,,,,,,,,,1.304393,0.142937,1.256347,0.124289,0.000000,0.000000,0.016262,,-0.113982,0.000000,,,,0.109581,0.144946,1.500000,48.485209,8.058097,0.000000,circle,预设轨迹15,forward
1775478911.940834,42.212275,1775478918.430785|完整运动,完整运动,circle_orbit,1,1.000000,1.500000,1.500000,,,,,,,,,,,,,,,,1.303619,0.141518,1.257158,0.130875,0.000000,0.000000,0.014014,,-0.114501,0.000000,,,,0.108558,0.144860,1.500000,48.511344,8.031962,0.000000,circle,预设轨迹15,forward
1775478911.961219,42.232661,1775478918.430785|完整运动,完整运动,circle_orbit,1,1.000000,1.500000,1.500000,,,,,,,,,,,,,,,,1.302846,0.138364,1.256489,0.114705,0.000000,0.000000,0.009281,,-0.117001,0.000000,,,,0.106201,0.144774,1.500000,48.563117,7.980190,0.000000,circle,预设轨迹15,forward
1775478911.991299,42.262740,1775478918.430785|完整运动,完整运动,circle_orbit,1,1.000000,1.500000,1.500000,,,,,,,,,,,,,,,,1.302080,0.136975,1.256097,0.126560,0.000000,0.000000,0.006940,,-0.118275,0.000000,,,,0.105197,0.144689,1.500000,48.588976,7.954331,0.000000,circle,预设轨迹15,forward
1775478912.021374,42.292815,1775478918.430785|完整运动,完整运动,circle_orbit,1,1.000000,1.500000,1.500000,,,,,,,,,,,,,,,,1.301291,0.134361,1.253955,0.114760,0.000000,0.000000,0.002849,,-0.121368,0.000000,,,,0.103252,0.144602,1.500000,48.641377,7.901930,0.000000,circle,预设轨迹15,forward
1775478912.047003,42.318444,1775478918.430785|完整运动,完整运动,circle_orbit,1,1.000000,1.500000,1.500000,,,,,,,,,,,,,,,,1.300516,0.133160,1.254031,0.124152,0.000000,0.000000,0.000679,,-0.122287,0.000000,,,,0.102390,0.144515,1.500000,48.667538,7.875768,0.000000,circle,预设轨迹15,forward
1775478912.073226,42.344668,1775478918.430785|完整运动,完整运动,circle_orbit,1,1.000000,1.500000,1.500000,,,,,,,,,,,,,,,,1.299639,0.130413,1.247049,0.109810,0.000000,0.000000,-0.003683,,-0.125138,0.000000,,,,0.100346,0.144418,1.500000,48.719367,7.823940,0.000000,circle,预设轨迹15,forward
1775478912.101302,42.372743,1775478918.430785|完整运动,完整运动,circle_orbit,1,1.000000,1.500000,1.500000,,,,,,,,,,,,,,,,1.298725,0.129179,1.243850,0.119923,0.000000,0.000000,-0.005986,,-0.126047,0.000000,,,,0.099466,0.144316,1.500000,48.745321,7.797985,0.000000,circle,预设轨迹15,forward
1775478912.130807,42.402249,1775478918.430785|完整运动,完整运动,circle_orbit,1,1.000000,1.500000,1.500000,,,,,,,,,,,,,,,,1.297762,0.127968,1.240015,0.118881,0.000000,0.000000,-0.008258,,-0.127368,0.000000,,,,0.098606,0.144209,1.500000,48.771381,7.771926,0.000000,circle,预设轨迹15,forward
1775478912.156363,42.427804,1775478918.430785|完整运动,完整运动,circle_orbit,1,1.000000,1.500000,1.500000,,,,,,,,,,,,,,,,1.296697,0.125262,1.232802,0.104973,0.000000,0.000000,-0.012650,,-0.129840,0.000000,,,,0.096601,0.144091,1.500000,48.823838,7.719468,0.000000,circle,预设轨迹15,forward
1775478912.177034,42.448476,1775478918.430785|完整运动,完整运动,circle_orbit,1,1.000000,1.500000,1.500000,,,,,,,,,,,,,,,,1.295590,0.123837,1.229169,0.113145,0.000000,0.000000,-0.015308,,-0.130906,0.000000,,,,0.095583,0.143968,1.500000,48.849450,7.693857,0.000000,circle,预设轨迹15,forward
1775478912.197751,42.469192,1775478918.430785|完整运动,完整运动,circle_orbit,1,1.000000,1.500000,1.500000,,,,,,,,,,,,,,,,1.294451,0.122472,1.226064,0.112236,0.000000,0.000000,-0.017893,,-0.131689,0.000000,,,,0.094613,0.143841,1.500000,48.875107,7.668200,0.000000,circle,预设轨迹15,forward
1775478912.218578,42.490020,1775478918.430785|完整运动,完整运动,circle_orbit,1,1.000000,1.500000,1.500000,,,,,,,,,,,,,,,,1.293277,0.121057,1.222862,0.110446,0.000000,0.000000,-0.020559,,-0.132506,0.000000,,,,0.093605,0.143711,1.500000,48.900791,7.642516,0.000000,circle,预设轨迹15,forward
1775478912.249339,42.520780,1775478918.430785|完整运动,完整运动,circle_orbit,1,1.000000,1.500000,1.500000,,,,,,,,,,,,,,,,1.292073,0.119705,1.219812,0.109568,0.000000,0.000000,-0.023148,,-0.133272,0.000000,,,,0.092646,0.143577,1.500000,48.926468,7.616839,0.000000,circle,预设轨迹15,forward
1775478912.269826,42.541268,1775478918.430785|完整运动,完整运动,circle_orbit,1,1.000000,1.500000,1.500000,,,,,,,,,,,,,,,,1.290804,0.116369,1.214662,0.091349,0.000000,0.000000,-0.028567,,-0.134122,0.000000,,,,0.090153,0.143436,1.500000,48.978168,7.565139,0.000000,circle,预设轨迹15,forward
1775478912.303315,42.574757,1775478918.430785|完整运动,完整运动,circle_orbit,1,1.000000,1.500000,1.500000,,,,,,,,,,,,,,,,1.289509,0.114833,1.211813,0.103315,0.000000,0.000000,-0.031547,,-0.134612,0.000000,,,,0.089052,0.143292,1.500000,49.004010,7.539297,0.000000,circle,预设轨迹15,forward
1775478912.326065,42.597506,1775478918.430785|完整运动,完整运动,circle_orbit,1,1.000000,1.500000,1.500000,,,,,,,,,,,,,,,,1.288184,0.113116,1.208689,0.100237,0.000000,0.000000,-0.034801,,-0.135165,0.000000,,,,0.087811,0.143145,1.500000,49.029616,7.513691,0.000000,circle,预设轨迹15,forward
1775478912.354630,42.626072,1775478918.430785|完整运动,完整运动,circle_orbit,1,1.000000,1.500000,1.500000,,,,,,,,,,,,,,,,1.286771,0.109040,1.201985,0.078466,0.000000,0.000000,-0.041430,,-0.136545,0.000000,,,,0.084739,0.142988,1.500000,49.080983,7.462323,0.000000,circle,预设轨迹15,forward
1775478912.376522,42.647963,1775478918.430785|完整运动,完整运动,circle_orbit,1,1.000000,1.500000,1.500000,,,,,,,,,,,,,,,,1.285331,0.107491,1.198949,0.095872,0.000000,0.000000,-0.044620,,-0.137102,0.000000,,,,0.083629,0.142828,1.500000,49.106765,7.436542,0.000000,circle,预设轨迹15,forward
1775478912.399245,42.670686,1775478918.430785|完整运动,完整运动,circle_orbit,1,1.000000,1.500000,1.500000,,,,,,,,,,,,,,,,1.283863,0.106006,1.195750,0.094874,0.000000,0.000000,-0.047727,,-0.137813,0.000000,,,,0.082568,0.142665,1.500000,49.132448,7.410858,0.000000,circle,预设轨迹15,forward
1775478912.425334,42.696775,1775478918.430785|完整运动,完整运动,circle_orbit,1,1.000000,1.500000,1.500000,,,,,,,,,,,,,,,,1.282355,0.104613,1.191903,0.094166,0.000000,0.000000,-0.050708,,-0.139019,0.000000,,,,0.081579,0.142497,1.500000,49.157967,7.385339,0.000000,circle,预设轨迹15,forward
1775478912.463407,42.734848,1775478918.430785|完整运动,完整运动,circle_orbit,1,1.000000,1.500000,1.500000,,,,,,,,,,,,,,,,1.280820,0.103308,1.188749,0.093522,0.000000,0.000000,-0.053565,,-0.139835,0.000000,,,,0.080658,0.142327,1.500000,49.183475,7.359832,0.000000,circle,预设轨迹15,forward
1775478912.483974,42.755415,1775478918.430785|完整运动,完整运动,circle_orbit,1,1.000000,1.500000,1.500000,,,,,,,,,,,,,,,,1.279179,0.097583,1.180720,0.054638,0.000000,0.000000,-0.062698,,-0.141138,0.000000,,,,0.076285,0.142145,1.500000,49.259667,7.283639,0.000000,circle,预设轨迹15,forward
1775478912.506071,42.777512,1775478918.430785|完整运动,完整运动,circle_orbit,1,1.000000,1.500000,1.500000,,,,,,,,,,,,,,,,1.277522,0.096275,1.178088,0.086470,0.000000,0.000000,-0.065793,,-0.141537,0.000000,,,,0.075361,0.141960,1.500000,49.285020,7.258286,0.000000,circle,预设轨迹15,forward
1775478912.547452,42.818893,1775478918.430785|完整运动,完整运动,circle_orbit,1,1.000000,1.500000,1.500000,,,,,,,,,,,,,,,,1.275843,0.094935,1.175092,0.084885,0.000000,0.000000,-0.068921,,-0.142176,0.000000,,,,0.074410,0.141774,1.500000,49.310421,7.232885,0.000000,circle,预设轨迹15,forward
1775478912.568534,42.839975,1775478918.430785|完整运动,完整运动,circle_orbit,1,1.000000,1.500000,1.500000,,,,,,,,,,,,,,,,1.274105,0.091440,1.169804,0.065226,0.000000,0.000000,-0.075101,,-0.143035,0.000000,,,,0.071768,0.141581,1.500000,49.361167,7.182140,0.000000,circle,预设轨迹15,forward
1775478912.589771,42.861212,1775478918.430785|完整运动,完整运动,circle_orbit,1,1.000000,1.500000,1.500000,,,,,,,,,,,,,,,,1.272357,0.090173,1.167479,0.080675,0.000000,0.000000,-0.078225,,-0.143243,0.000000,,,,0.070871,0.141386,1.500000,49.386549,7.156758,0.000000,circle,预设轨迹15,forward
1775478912.617847,42.889288,1775478918.430785|完整运动,完整运动,circle_orbit,1,1.000000,1.500000,1.500000,,,,,,,,,,,,,,,,1.270601,0.088927,1.165277,0.079578,0.000000,0.000000,-0.081307,,-0.143390,0.000000,,,,0.069988,0.141191,1.500000,49.411983,7.131324,0.000000,circle,预设轨迹15,forward
1775478912.638304,42.909745,1775478918.430785|完整运动,完整运动,circle_orbit,1,1.000000,1.500000,1.500000,,,,,,,,,,,,,,,,1.268841,0.087634,1.163206,0.077936,0.000000,0.000000,-0.084443,,-0.143429,0.000000,,,,0.069066,0.140996,1.500000,49.437433,7.105873,0.000000,circle,预设轨迹15,forward
1775478912.662188,42.933629,1775478918.430785|完整运动,完整运动,circle_orbit,1,1.000000,1.500000,1.500000,,,,,,,,,,,,,,,,1.267082,0.086272,1.161539,0.076058,0.000000,0.000000,-0.087670,,-0.143151,0.000000,,,,0.068087,0.140800,1.500000,49.462837,7.080469,0.000000,circle,预设轨迹15,forward
1775478912.693954,42.965395,1775478918.430785|完整运动,完整运动,circle_orbit,1,1.000000,1.500000,1.500000,,,,,,,,,,,,,,,,1.265322,0.084831,1.159759,0.074027,0.000000,0.000000,-0.091009,,-0.142905,0.000000,,,,0.067043,0.140605,1.500000,49.488154,7.055153,0.000000,circle,预设轨迹15,forward
1775478912.714859,42.986300,1775478918.430785|完整运动,完整运动,circle_orbit,1,1.000000,1.500000,1.500000,,,,,,,,,,,,,,,,1.263529,0.080843,1.155938,0.050929,0.000000,0.000000,-0.097973,,-0.142482,0.000000,,,,0.063982,0.140405,1.500000,49.538708,7.004598,0.000000,circle,预设轨迹15,forward
1775478912.738657,43.010098,1775478918.430785|完整运动,完整运动,circle_orbit,1,1.000000,1.500000,1.500000,,,,,,,,,,,,,,,,1.261737,0.079312,1.154185,0.067834,0.000000,0.000000,-0.101588,,-0.142107,0.000000,,,,0.062860,0.140206,1.500000,49.564167,6.979140,0.000000,circle,预设轨迹15,forward
1775478912.773202,43.044643,1775478918.430785|完整运动,完整运动,circle_orbit,1,1.000000,1.500000,1.500000,,,,,,,,,,,,,,,,1.259948,0.077802,1.152644,0.066473,0.000000,0.000000,-0.105179,,-0.141597,0.000000,,,,0.061750,0.140008,1.500000,49.589657,6.953650,0.000000,circle,预设轨迹15,forward
1775478912.793647,43.065088,1775478918.430785|完整运动,完整运动,circle_orbit,1,1.000000,1.500000,1.500000,,,,,,,,,,,,,,,,1.258112,0.074024,1.147924,0.045689,0.000000,0.000000,-0.111993,,-0.141912,0.000000,,,,0.058837,0.139803,1.500000,49.640073,6.903234,0.000000,circle,预设轨迹15,forward
1775478912.817274,43.088715,1775478918.430785|完整运动,完整运动,circle_orbit,1,1.000000,1.500000,1.500000,,,,,,,,,,,,,,,,1.256305,0.075131,1.147924,0.083434,0.000000,0.000000,-0.111993,,-0.141912,0.000000,,,,0.059803,0.139603,1.500000,49.640073,6.903234,0.000000,circle,预设轨迹15,forward
1775478912.848584,43.120025,1775478918.430785|完整运动,完整运动,circle_orbit,1,1.000000,1.500000,1.500000,,,,,,,,,,,,,,,,1.254464,0.071572,1.143963,0.044875,0.000000,0.000000,-0.118481,,-0.141856,0.000000,,,,0.057053,0.139398,1.500000,49.690532,6.852774,0.000000,circle,预设轨迹15,forward
1775478912.869216,43.140657,1775478918.430785|完整运动,完整运动,circle_orbit,1,1.000000,1.500000,1.500000,,,,,,,,,,,,,,,,1.252585,0.068167,1.139882,0.042634,0.000000,0.000000,-0.124865,,-0.141953,0.000000,,,,0.054421,0.139189,1.500000,49.741025,6.802282,0.000000,circle,预设轨迹15,forward
1775478912.891638,43.163079,1775478918.430785|完整运动,完整运动,circle_orbit,1,1.000000,1.500000,1.500000,,,,,,,,,,,,,,,,1.250738,0.069329,1.139882,0.078047,0.000000,0.000000,-0.124865,,-0.141953,0.000000,,,,0.055431,0.138984,1.500000,49.741025,6.802282,0.000000,circle,预设轨迹15,forward
1775478912.928524,43.199965,1775478918.430785|完整运动,完整运动,circle_orbit,1,1.000000,1.500000,1.500000,,,,,,,,,,,,,,,,1.248857,0.066224,1.136023,0.042929,0.000000,0.000000,-0.130782,,-0.142117,0.000000,,,,0.053027,0.138775,1.500000,49.791126,6.752180,0.000000,circle,预设轨迹15,forward
1775478912.948880,43.220321,1775478918.430785|完整运动,完整运动,circle_orbit,1,1.000000,1.500000,1.500000,,,,,,,,,,,,,,,,1.246958,0.063188,1.133029,0.040418,0.000000,0.000000,-0.136694,,-0.141669,0.000000,,,,0.050673,0.138564,1.500000,49.840967,6.702340,0.000000,circle,预设轨迹15,forward
1775478912.973997,43.245438,1775478918.430785|完整运动,完整运动,circle_orbit,1,1.000000,1.500000,1.500000,,,,,,,,,,,,,,,,1.245091,0.064373,1.133029,0.073260,0.000000,0.000000,-0.136694,,-0.141669,0.000000,,,,0.051701,0.138357,1.500000,49.840967,6.702340,0.000000,circle,预设轨迹15,forward
1775478913.005145,43.276586,1775478918.430785|完整运动,完整运动,circle_orbit,1,1.000000,1.500000,1.500000,,,,,,,,,,,,,,,,1.243208,0.061569,1.130265,0.040541,0.000000,0.000000,-0.142216,,-0.141238,0.000000,,,,0.049524,0.138147,1.500000,49.891244,6.652063,0.000000,circle,预设轨迹15,forward
1775478913.025456,43.296898,1775478918.430785|完整运动,完整运动,circle_orbit,1,1.000000,1.500000,1.500000,,,,,,,,,,,,,,,,1.241327,0.058865,1.128461,0.038585,0.000000,0.000000,-0.147680,,-0.140136,0.000000,,,,0.047421,0.137938,1.500000,49.941848,6.601459,0.000000,circle,预设轨迹15,forward
1775478913.050378,43.321819,1775478918.430785|完整运动,完整运动,circle_orbit,1,1.000000,1.500000,1.500000,,,,,,,,,,,,,,,,1.239477,0.060055,1.128461,0.068985,0.000000,0.000000,-0.147680,,-0.140136,0.000000,,,,0.048452,0.137733,1.500000,49.941848,6.601459,0.000000,circle,预设轨迹15,forward
1775478913.084244,43.355685,1775478918.430785|完整运动,完整运动,circle_orbit,1,1.000000,1.500000,1.500000,,,,,,,,,,,,,,,,1.237639,0.056963,1.127380,0.033773,0.000000,0.000000,-0.153629,,-0.138288,0.000000,,,,0.046026,0.137529,1.500000,49.992047,6.551259,0.000000,circle,预设轨迹15,forward
1775478913.104522,43.375963,1775478918.430785|完整运动,完整运动,circle_orbit,1,1.000000,1.500000,1.500000,,,,,,,,,,,,,,,,1.235808,0.053969,1.125955,0.031509,0.000000,0.000000,-0.159543,,-0.136712,0.000000,,,,0.043671,0.137325,1.500000,50.042696,6.500611,0.000000,circle,预设轨迹15,forward
1775478913.124942,43.396383,1775478918.430785|完整运动,完整运动,circle_orbit,1,1.000000,1.500000,1.500000,,,,,,,,,,,,,,,,1.234007,0.055198,1.125955,0.064416,0.000000,0.000000,-0.159543,,-0.136712,0.000000,,,,0.044731,0.137125,1.500000,50.042696,6.500611,0.000000,circle,预设轨迹15,forward
1775478913.160563,43.432004,1775478918.430785|完整运动,完整运动,circle_orbit,1,1.000000,1.500000,1.500000,,,,,,,,,,,,,,,,1.232224,0.054276,1.125242,0.047364,0.000000,0.000000,-0.162457,,-0.135944,0.000000,,,,0.044047,0.136927,1.500000,50.068106,6.475201,0.000000,circle,预设轨迹15,forward
1775478913.181535,43.452976,1775478918.430785|完整运动,完整运动,circle_orbit,1,1.000000,1.500000,1.500000,,,,,,,,,,,,,,,,1.230432,0.051497,1.122886,0.030653,0.000000,0.000000,-0.167995,,-0.135231,0.000000,,,,0.041853,0.136728,1.500000,50.118598,6.424709,0.000000,circle,预设轨迹15,forward
1775478913.207287,43.478728,1775478918.430785|完整运动,完整运动,circle_orbit,1,1.000000,1.500000,1.500000,,,,,,,,,,,,,,,,1.228660,0.048936,1.122321,0.029729,0.000000,0.000000,-0.173313,,-0.133288,0.000000,,,,0.039829,0.136531,1.500000,50.168987,6.374319,0.000000,circle,预设轨迹15,forward
1775478913.243552,43.514993,1775478918.430785|完整运动,完整运动,circle_orbit,1,1.000000,1.500000,1.500000,,,,,,,,,,,,,,,,1.226912,0.048220,1.122050,0.042851,0.000000,0.000000,-0.176080,,-0.132259,0.000000,,,,0.039302,0.136336,1.500000,50.194222,6.349085,0.000000,circle,预设轨迹15,forward
1775478913.264451,43.535892,1775478918.430785|完整运动,完整运动,circle_orbit,1,1.000000,1.500000,1.500000,,,,,,,,,,,,,,,,1.225174,0.045548,1.120870,0.025509,0.000000,0.000000,-0.181597,,-0.130686,0.000000,,,,0.037177,0.136143,1.500000,50.244777,6.298530,0.000000,circle,预设轨迹15,forward
1775478913.293420,43.564861,1775478918.430785|完整运动,完整运动,circle_orbit,1,1.000000,1.500000,1.500000,,,,,,,,,,,,,,,,1.223464,0.046811,1.120870,0.056284,0.000000,0.000000,-0.181597,,-0.130686,0.000000,,,,0.038261,0.135953,1.500000,50.244777,6.298530,0.000000,circle,预设轨迹15,forward
1775478913.322108,43.593549,1775478918.430785|完整运动,完整运动,circle_orbit,1,1.000000,1.500000,1.500000,,,,,,,,,,,,,,,,1.221762,0.044287,1.119664,0.025358,0.000000,0.000000,-0.186842,,-0.129256,0.000000,,,,0.036249,0.135764,1.500000,50.294973,6.248333,0.000000,circle,预设轨迹15,forward
1775478913.342466,43.613907,1775478918.430785|完整运动,完整运动,circle_orbit,1,1.000000,1.500000,1.500000,,,,,,,,,,,,,,,,1.220090,0.043691,1.119745,0.039218,0.000000,0.000000,-0.189423,,-0.128048,0.000000,,,,0.035810,0.135578,1.500000,50.320001,6.223306,0.000000,circle,预设轨迹15,forward
1775478913.368842,43.640283,1775478918.430785|完整运动,完整运动,circle_orbit,1,1.000000,1.500000,1.500000,,,,,,,,,,,,,,,,1.218436,0.041399,1.119231,0.024213,0.000000,0.000000,-0.194383,,-0.126228,0.000000,,,,0.033978,0.135395,1.500000,50.369956,6.173351,0.000000,circle,预设轨迹15,forward
1775478913.409294,43.680735,1775478918.430785|完整运动,完整运动,circle_orbit,1,1.000000,1.500000,1.500000,,,,,,,,,,,,,,,,1.216811,0.040995,1.119304,0.037963,0.000000,0.000000,-0.196725,,-0.125133,0.000000,,,,0.033691,0.135214,1.500000,50.395126,6.148181,0.000000,circle,预设轨迹15,forward
1775478913.429747,43.701188,1775478918.430785|完整运动,完整运动,circle_orbit,1,1.000000,1.500000,1.500000,,,,,,,,,,,,,,,,1.215224,0.038965,1.119999,0.023738,0.000000,0.000000,-0.201340,,-0.122561,0.000000,,,,0.032064,0.135038,1.500000,50.445223,6.098084,0.000000,circle,预设轨迹15,forward
1775478913.455963,43.727404,1775478918.430785|完整运动,完整运动,circle_orbit,1,1.000000,1.500000,1.500000,,,,,,,,,,,,,,,,1.213664,0.038532,1.120056,0.035286,0.000000,0.000000,-0.203735,,-0.121454,0.000000,,,,0.031749,0.134864,1.500000,50.469980,6.073326,0.000000,circle,预设轨迹15,forward
1775478913.486043,43.757484,1775478918.430785|完整运动,完整运动,circle_orbit,1,1.000000,1.500000,1.500000,,,,,,,,,,,,,,,,1.212133,0.037947,1.120288,0.033562,0.000000,0.000000,-0.206308,,-0.120138,0.000000,,,,0.031306,0.134694,1.500000,50.494801,6.048506,0.000000,circle,预设轨迹15,forward
1775478913.506346,43.777787,1775478918.430785|完整运动,完整运动,circle_orbit,1,1.000000,1.500000,1.500000,,,,,,,,,,,,,,,,1.210649,0.035596,1.121608,0.017963,0.000000,0.000000,-0.211371,,-0.116902,0.000000,,,,0.029403,0.134529,1.500000,50.544800,5.998507,0.000000,circle,预设轨迹15,forward
1775478913.533953,43.805395,1775478918.430785|完整运动,完整运动,circle_orbit,1,1.000000,1.500000,1.500000,,,,,,,,,,,,,,,,1.209189,0.036856,1.121608,0.046300,0.000000,0.000000,-0.211371,,-0.116902,0.000000,,,,0.030480,0.134367,1.500000,50.544800,5.998507,0.000000,circle,预设轨迹15,forward
1775478913.569467,43.840908,1775478918.430785|完整运动,完整运动,circle_orbit,1,1.000000,1.500000,1.500000,,,,,,,,,,,,,,,,1.207764,0.034562,1.122254,0.017358,0.000000,0.000000,-0.216298,,-0.114230,0.000000,,,,0.028616,0.134209,1.500000,50.594988,5.948318,0.000000,circle,预设轨迹15,forward
1775478913.589869,43.861310,1775478918.430785|完整运动,完整运动,circle_orbit,1,1.000000,1.500000,1.500000,,,,,,,,,,,,,,,,1.206367,0.032386,1.122507,0.016069,0.000000,0.000000,-0.221134,,-0.111893,0.000000,,,,0.026846,0.134053,1.500000,50.644760,5.898547,0.000000,circle,预设轨迹15,forward
1775478913.613606,43.885047,1775478918.430785|完整运动,完整运动,circle_orbit,1,1.000000,1.500000,1.500000,,,,,,,,,,,,,,,,1.204999,0.031988,1.122965,0.029003,0.000000,0.000000,-0.223508,,-0.110497,0.000000,,,,0.026546,0.133902,1.500000,50.669687,5.873620,0.000000,circle,预设轨迹15,forward
1775478913.653291,43.924732,1775478918.430785|完整运动,完整运动,circle_orbit,1,1.000000,1.500000,1.500000,,,,,,,,,,,,,,,,1.203663,0.031546,1.123470,0.028228,0.000000,0.000000,-0.225910,,-0.109054,0.000000,,,,0.026208,0.133753,1.500000,50.694579,5.848728,0.000000,circle,预设轨迹15,forward
1775478913.674651,43.946093,1775478918.430785|完整运动,完整运动,circle_orbit,1,1.000000,1.500000,1.500000,,,,,,,,,,,,,,,,1.202367,0.029474,1.124621,0.013937,0.000000,0.000000,-0.230603,,-0.106114,0.000000,,,,0.024513,0.133609,1.500000,50.744267,5.799040,0.000000,circle,预设轨迹15,forward
1775478913.695514,43.966955,1775478918.430785|完整运动,完整运动,circle_orbit,1,1.000000,1.500000,1.500000,,,,,,,,,,,,,,,,1.201101,0.029187,1.125168,0.027036,0.000000,0.000000,-0.232820,,-0.104724,0.000000,,,,0.024300,0.133468,1.500000,50.769069,5.774237,0.000000,circle,预设轨迹15,forward
1775478913.737000,44.008442,1775478918.430785|完整运动,完整运动,circle_orbit,1,1.000000,1.500000,1.500000,,,,,,,,,,,,,,,,1.199860,0.029010,1.125394,0.027677,0.000000,0.000000,-0.234843,,-0.103657,0.000000,,,,0.024177,0.133330,1.500000,50.793710,5.749597,0.000000,circle,预设轨迹15,forward
1775478913.772567,44.044008,1775478918.430785|完整运动,完整运动,circle_orbit,1,1.000000,1.500000,1.500000,,,,,,,,,,,,,,,,1.198660,0.027533,1.126630,0.016461,0.000000,0.000000,-0.238675,,-0.101040,0.000000,,,,0.022970,0.133197,1.500000,50.842898,5.700409,0.000000,circle,预设轨迹15,forward
1775478913.805793,44.077234,1775478918.430785|完整运动,完整运动,circle_orbit,1,1.000000,1.500000,1.500000,,,,,,,,,,,,,,,,1.197503,0.026389,1.128118,0.017808,0.000000,0.000000,-0.242072,,-0.098433,0.000000,,,,0.022037,0.133069,1.500000,50.892373,5.650934,0.000000,circle,预设轨迹15,forward
1775478913.826081,44.097522,1775478918.430785|完整运动,完整运动,circle_orbit,1,1.000000,1.500000,1.500000,,,,,,,,,,,,,,,,1.196400,0.025392,1.130189,0.017911,0.000000,0.000000,-0.245279,,-0.095484,0.000000,,,,0.021223,0.132946,1.500000,50.941944,5.601363,0.000000,circle,预设轨迹15,forward
1775478913.852169,44.123610,1775478918.430785|完整运动,完整运动,circle_orbit,1,1.000000,1.500000,1.500000,,,,,,,,,,,,,,,,1.195315,0.026651,1.130189,0.036098,0.000000,0.000000,-0.245279,,-0.095484,0.000000,,,,0.022296,0.132825,1.500000,50.941944,5.601363,0.000000,circle,预设轨迹15,forward
1775478913.886023,44.157465,1775478918.430785|完整运动,完整运动,circle_orbit,1,1.000000,1.500000,1.500000,,,,,,,,,,,,,,,,1.194293,0.025327,1.132988,0.015396,0.000000,0.000000,-0.248843,,-0.091851,0.000000,,,,0.021207,0.132712,1.500000,50.991137,5.552170,0.000000,circle,预设轨迹15,forward
1775478913.906532,44.177974,1775478918.430785|完整运动,完整运动,circle_orbit,1,1.000000,1.500000,1.500000,,,,,,,,,,,,,,,,1.193332,0.024042,1.135705,0.014406,0.000000,0.000000,-0.252390,,-0.088294,0.000000,,,,0.020147,0.132605,1.500000,51.040617,5.502690,0.000000,circle,预设轨迹15,forward
1775478913.930736,44.202177,1775478918.430785|完整运动,完整运动,circle_orbit,1,1.000000,1.500000,1.500000,,,,,,,,,,,,,,,,1.192388,0.025269,1.135705,0.034472,0.000000,0.000000,-0.252390,,-0.088294,0.000000,,,,0.021192,0.132500,1.500000,51.040617,5.502690,0.000000,circle,预设轨迹15,forward
1775478913.964389,44.235831,1775478918.430785|完整运动,完整运动,circle_orbit,1,1.000000,1.500000,1.500000,,,,,,,,,,,,,,,,1.191501,0.024106,1.138278,0.015380,0.000000,0.000000,-0.255685,,-0.084964,0.000000,,,,0.020231,0.132402,1.500000,51.090243,5.453064,0.000000,circle,预设轨迹15,forward
1775478913.985071,44.256512,1775478918.430785|完整运动,完整运动,circle_orbit,1,1.000000,1.500000,1.500000,,,,,,,,,,,,,,,,1.190677,0.023005,1.141287,0.014747,0.000000,0.000000,-0.258927,,-0.081352,0.000000,,,,0.019321,0.132310,1.500000,51.139585,5.403722,0.000000,circle,预设轨迹15,forward
1775478914.008370,44.279811,1775478918.430785|完整运动,完整运动,circle_orbit,1,1.000000,1.500000,1.500000,,,,,,,,,,,,,,,,1.189868,0.024197,1.141287,0.033139,0.000000,0.000000,-0.258927,,-0.081352,0.000000,,,,0.020336,0.132220,1.500000,51.139585,5.403722,0.000000,circle,预设轨迹15,forward
1775478914.035854,44.307295,1775478918.430785|完整运动,完整运动,circle_orbit,1,1.000000,1.500000,1.500000,,,,,,,,,,,,,,,,1.189091,0.024222,1.142464,0.024412,0.000000,0.000000,-0.260483,,-0.079813,0.000000,,,,0.020370,0.132134,1.500000,51.164415,5.378892,0.000000,circle,预设轨迹15,forward
1775478914.056393,44.327834,1775478918.430785|完整运动,完整运动,circle_orbit,1,1.000000,1.500000,1.500000,,,,,,,,,,,,,,,,1.188370,0.023289,1.145104,0.016287,0.000000,0.000000,-0.263376,,-0.076635,0.000000,,,,0.019597,0.132054,1.500000,51.214140,5.329167,0.000000,circle,预设轨迹15,forward
1775478914.087230,44.358671,1775478918.430785|完整运动,完整运动,circle_orbit,1,1.000000,1.500000,1.500000,,,,,,,,,,,,,,,,1.187683,0.023456,1.146515,0.024712,0.000000,0.000000,-0.264727,,-0.075028,0.000000,,,,0.019750,0.131977,1.500000,51.238875,5.304432,0.000000,circle,预设轨迹15,forward
1775478914.120300,44.391742,1775478918.430785|完整运动,完整运动,circle_orbit,1,1.000000,1.500000,1.500000,,,,,,,,,,,,,,,,1.187030,0.023646,1.147799,0.025065,0.000000,0.000000,-0.266007,,-0.073544,0.000000,,,,0.019920,0.131905,1.500000,51.263659,5.279648,0.000000,circle,预设轨迹15,forward
1775478914.140830,44.412271,1775478918.430785|完整运动,完整运动,circle_orbit,1,1.000000,1.500000,1.500000,,,,,,,,,,,,,,,,1.186445,0.022978,1.151355,0.017973,0.000000,0.000000,-0.268475,,-0.069924,0.000000,,,,0.019367,0.131840,1.500000,51.313190,5.230117,0.000000,circle,预设轨迹15,forward
1775478914.166861,44.438303,1775478918.430785|完整运动,完整运动,circle_orbit,1,1.000000,1.500000,1.500000,,,,,,,,,,,,,,,,1.185896,0.023331,1.152973,0.025979,0.000000,0.000000,-0.269505,,-0.068324,0.000000,,,,0.019674,0.131779,1.500000,51.337867,5.205439,0.000000,circle,预设轨迹15,forward
1775478914.199611,44.471052,1775478918.430785|完整运动,完整运动,circle_orbit,1,1.000000,1.500000,1.500000,,,,,,,,,,,,,,,,1.185386,0.023683,1.154786,0.026319,0.000000,0.000000,-0.270494,,-0.066608,0.000000,,,,0.019979,0.131722,1.500000,51.362429,5.180878,0.000000,circle,预设轨迹15,forward
1775478914.220158,44.491599,1775478918.430785|完整运动,完整运动,circle_orbit,1,1.000000,1.500000,1.500000,,,,,,,,,,,,,,,,1.184944,0.023146,1.158434,0.019122,0.000000,0.000000,-0.272711,,-0.063066,0.000000,,,,0.019534,0.131673,1.500000,51.412151,5.131156,0.000000,circle,预设轨迹15,forward
1775478914.245293,44.516734,1775478918.430785|完整运动,完整运动,circle_orbit,1,1.000000,1.500000,1.500000,,,,,,,,,,,,,,,,1.184540,0.023462,1.160308,0.025828,0.000000,0.000000,-0.273727,,-0.061307,0.000000,,,,0.019807,0.131628,1.500000,51.437078,5.106228,0.000000,circle,预设轨迹15,forward
1775478914.280646,44.552088,1775478918.430785|完整运动,完整运动,circle_orbit,1,1.000000,1.500000,1.500000,,,,,,,,,,,,,,,,1.184212,0.022952,1.164544,0.019129,0.000000,0.000000,-0.275888,,-0.057407,0.000000,,,,0.019382,0.131592,1.500000,51.486742,5.056564,0.000000,circle,预设轨迹15,forward
1775478914.301200,44.572641,1775478918.430785|完整运动,完整运动,circle_orbit,1,1.000000,1.500000,1.500000,,,,,,,,,,,,,,,,1.183928,0.023096,1.166878,0.024180,0.000000,0.000000,-0.277132,,-0.055245,0.000000,,,,0.019508,0.131560,1.500000,51.511583,5.031724,0.000000,circle,预设轨迹15,forward
1775478914.324286,44.595727,1775478918.430785|完整运动,完整运动,circle_orbit,1,1.000000,1.500000,1.500000,,,,,,,,,,,,,,,,1.183686,0.023267,1.169144,0.024549,0.000000,0.000000,-0.278314,,-0.053162,0.000000,,,,0.019657,0.131533,1.500000,51.536367,5.006940,0.000000,circle,预设轨迹15,forward
1775478914.373204,44.644646,1775478918.430785|完整运动,完整运动,circle_orbit,1,1.000000,1.500000,1.500000,,,,,,,,,,,,,,,,1.183487,0.023465,1.171530,0.024945,0.000000,0.000000,-0.279435,,-0.051030,0.000000,,,,0.019827,0.131511,1.500000,51.561345,4.981962,0.000000,circle,预设轨迹15,forward
1775478914.393567,44.665008,1775478918.430785|完整运动,完整运动,circle_orbit,1,1.000000,1.500000,1.500000,,,,,,,,,,,,,,,,1.183387,0.022453,1.177431,0.014868,0.000000,0.000000,-0.282263,,-0.045763,0.000000,,,,0.018974,0.131500,1.500000,51.635951,4.907356,0.000000,circle,预设轨迹15,forward
1775478914.425302,44.696743,1775478918.430785|完整运动,完整运动,circle_orbit,1,1.000000,1.500000,1.500000,,,,,,,,,,,,,,,,1.183331,0.022802,1.179929,0.025418,0.000000,0.000000,-0.283202,,-0.043660,0.000000,,,,0.019269,0.131494,1.500000,51.660852,4.882455,0.000000,circle,预设轨迹15,forward
1775478914.448933,44.720375,1775478918.430785|完整运动,完整运动,circle_orbit,1,1.000000,1.500000,1.500000,,,,,,,,,,,,,,,,1.183356,0.022597,1.184849,0.021060,0.000000,0.000000,-0.284902,,-0.039605,0.000000,,,,0.019096,0.131496,1.500000,51.710949,4.832358,0.000000,circle,预设轨迹15,forward
1775478914.489742,44.761183,1775478918.430785|完整运动,完整运动,circle_orbit,1,1.000000,1.500000,1.500000,,,,,,,,,,,,,,,,1.183424,0.023051,1.187513,0.026454,0.000000,0.000000,-0.285667,,-0.037490,0.000000,,,,0.019478,0.131504,1.500000,51.736027,4.807280,0.000000,circle,预设轨迹15,forward
1775478914.526157,44.797598,1775478918.430785|完整运动,完整运动,circle_orbit,1,1.000000,1.500000,1.500000,,,,,,,,,,,,,,,,1.183567,0.023028,1.192168,0.022854,0.000000,0.000000,-0.287080,,-0.033779,0.000000,,,,0.019456,0.131520,1.500000,51.785606,4.757701,0.000000,circle,预设轨迹15,forward
1775478914.559395,44.830836,1775478918.430785|完整运动,完整运动,circle_orbit,1,1.000000,1.500000,1.500000,,,,,,,,,,,,,,,,1.183754,0.023500,1.194946,0.027041,0.000000,0.000000,-0.287782,,-0.031639,0.000000,,,,0.019852,0.131541,1.500000,51.810457,4.732849,0.000000,circle,预设轨迹15,forward
1775478914.579713,44.851154,1775478918.430785|完整运动,完整运动,circle_orbit,1,1.000000,1.500000,1.500000,,,,,,,,,,,,,,,,1.184017,0.023648,1.199826,0.024761,0.000000,0.000000,-0.288917,,-0.027944,0.000000,,,,0.019973,0.131570,1.500000,51.860093,4.683213,0.000000,circle,预设轨迹15,forward
1775478914.606703,44.878145,1775478918.430785|完整运动,完整运动,circle_orbit,1,1.000000,1.500000,1.500000,,,,,,,,,,,,,,,,1.184360,0.024198,1.204913,0.028323,0.000000,0.000000,-0.289474,,-0.024397,0.000000,,,,0.020431,0.131608,1.500000,51.909426,4.633881,0.000000,circle,预设轨迹15,forward
1775478914.639368,44.910810,1775478918.430785|完整运动,完整运动,circle_orbit,1,1.000000,1.500000,1.500000,,,,,,,,,,,,,,,,1.184697,0.025110,1.204913,0.031945,0.000000,0.000000,-0.289474,,-0.024397,0.000000,,,,0.021195,0.131645,1.500000,51.909426,4.633881,0.000000,circle,预设轨迹15,forward
1775478914.659724,44.931165,1775478918.430785|完整运动,完整运动,circle_orbit,1,1.000000,1.500000,1.500000,,,,,,,,,,,,,,,,1.185127,0.025846,1.210964,0.031370,0.000000,0.000000,-0.289678,,-0.020419,0.000000,,,,0.021809,0.131693,1.500000,51.959084,4.584223,0.000000,circle,预设轨迹15,forward
1775478914.686820,44.958261,1775478918.430785|完整运动,完整运动,circle_orbit,1,1.000000,1.500000,1.500000,,,,,,,,,,,,,,,,1.185651,0.026431,1.217067,0.030817,0.000000,0.000000,-0.290066,,-0.016364,0.000000,,,,0.022292,0.131751,1.500000,52.008636,4.534671,0.000000,circle,预设轨迹15,forward
1775478914.718515,44.989956,1775478918.430785|完整运动,完整运动,circle_orbit,1,1.000000,1.500000,1.500000,,,,,,,,,,,,,,,,1.186166,0.027263,1.217067,0.033502,0.000000,0.000000,-0.290066,,-0.016364,0.000000,,,,0.022984,0.131809,1.500000,52.008636,4.534671,0.000000,circle,预设轨迹15,forward
1775478914.739090,45.010532,1775478918.430785|完整运动,完整运动,circle_orbit,1,1.000000,1.500000,1.500000,,,,,,,,,,,,,,,,1.186772,0.027789,1.223162,0.031739,0.000000,0.000000,-0.290467,,-0.012347,0.000000,,,,0.023416,0.131876,1.500000,52.058097,4.485210,0.000000,circle,预设轨迹15,forward
1775478914.765545,45.036986,1775478918.430785|完整运动,完整运动,circle_orbit,1,1.000000,1.500000,1.500000,,,,,,,,,,,,,,,,1.187426,0.028538,1.226620,0.034156,0.000000,0.000000,-0.290531,,-0.010158,0.000000,,,,0.024034,0.131949,1.500000,52.083056,4.460251,0.000000,circle,预设轨迹15,forward
1775478914.800149,45.071590,1775478918.430785|完整运动,完整运动,circle_orbit,1,1.000000,1.500000,1.500000,,,,,,,,,,,,,,,,1.188134,0.029306,1.230618,0.035062,0.000000,0.000000,-0.290537,,-0.007672,0.000000,,,,0.024665,0.132027,1.500000,52.108161,4.435146,0.000000,circle,预设轨迹15,forward
1775478914.820615,45.092056,1775478918.430785|完整运动,完整运动,circle_orbit,1,1.000000,1.500000,1.500000,,,,,,,,,,,,,,,,1.188927,0.030210,1.236498,0.036988,0.000000,0.000000,-0.290324,,-0.004144,0.000000,,,,0.025409,0.132115,1.500000,52.157888,4.385418,0.000000,circle,预设轨迹15,forward
1775478914.845467,45.116908,1775478918.430785|完整运动,完整运动,circle_orbit,1,1.000000,1.500000,1.500000,,,,,,,,,,,,,,,,1.189765,0.030986,1.240095,0.036812,0.000000,0.000000,-0.290255,,-0.001976,0.000000,,,,0.026044,0.132209,1.500000,52.182842,4.360465,0.000000,circle,预设轨迹15,forward
1775478914.880859,45.152300,1775478918.430785|完整运动,完整运动,circle_orbit,1,1.000000,1.500000,1.500000,,,,,,,,,,,,,,,,1.190629,0.031656,1.242433,0.036681,0.000000,0.000000,-0.290311,,0.000529,0.000000,,,,0.026588,0.132305,1.500000,52.208008,4.335299,0.000000,circle,预设轨迹15,forward
1775478914.901275,45.172716,1775478918.430785|完整运动,完整运动,circle_orbit,1,1.000000,1.500000,1.500000,,,,,,,,,,,,,,,,1.191381,0.032483,1.236487,0.038686,0.000000,0.000000,-0.290127,,0.004238,0.000000,,,,0.027265,0.132388,1.500000,52.258458,4.284848,0.000000,circle,预设轨迹15,forward
1775478914.926395,45.197836,1775478918.430785|完整运动,完整运动,circle_orbit,1,1.000000,1.500000,1.500000,,,,,,,,,,,,,,,,1.192069,0.033301,1.233400,0.039431,0.000000,0.000000,-0.289927,,0.006225,0.000000,,,,0.027935,0.132465,1.500000,52.283560,4.259747,0.000000,circle,预设轨迹15,forward
1775478914.955848,45.227289,1775478918.430785|完整运动,完整运动,circle_orbit,1,1.000000,1.500000,1.500000,,,,,,,,,,,,,,,,1.192701,0.034191,1.230573,0.040869,0.000000,0.000000,-0.289594,,0.008119,0.000000,,,,0.028667,0.132535,1.500000,52.308553,4.234754,0.000000,circle,预设轨迹15,forward
1775478914.976184,45.247626,1775478918.430785|完整运动,完整运动,circle_orbit,1,1.000000,1.500000,1.500000,,,,,,,,,,,,,,,,1.193215,0.035365,1.224103,0.044171,0.000000,0.000000,-0.288836,,0.012483,0.000000,,,,0.029639,0.132592,1.500000,52.358723,4.184584,0.000000,circle,预设轨迹15,forward
1775478915.005295,45.276736,1775478918.430785|完整运动,完整运动,circle_orbit,1,1.000000,1.500000,1.500000,,,,,,,,,,,,,,,,1.193684,0.036414,1.221769,0.044280,0.000000,0.000000,-0.288207,,0.014226,0.000000,,,,0.030506,0.132644,1.500000,52.383477,4.159830,0.000000,circle,预设轨迹15,forward
1775478915.040913,45.312354,1775478918.430785|完整运动,完整运动,circle_orbit,1,1.000000,1.500000,1.500000,,,,,,,,,,,,,,,,1.194108,0.037521,1.219577,0.045819,0.000000,0.000000,-0.287458,,0.015938,0.000000,,,,0.031421,0.132691,1.500000,52.408201,4.135106,0.000000,circle,预设轨迹15,forward
1775478915.061252,45.332693,1775478918.430785|完整运动,完整运动,circle_orbit,1,1.000000,1.500000,1.500000,,,,,,,,,,,,,,,,1.194451,0.039447,1.215062,0.053895,0.000000,0.000000,-0.285511,,0.019660,0.000000,,,,0.033025,0.132729,1.500000,52.457595,4.085712,0.000000,circle,预设轨迹15,forward
1775478915.086299,45.357741,1775478918.430785|完整运动,完整运动,circle_orbit,1,1.000000,1.500000,1.500000,,,,,,,,,,,,,,,,1.194758,0.040729,1.213145,0.050345,0.000000,0.000000,-0.284396,,0.021375,0.000000,,,,0.034090,0.132763,1.500000,52.482366,4.060941,0.000000,circle,预设轨迹15,forward
1775478915.108466,45.379907,1775478918.430785|完整运动,完整运动,circle_orbit,1,1.000000,1.500000,1.500000,,,,,,,,,,,,,,,,1.194981,0.042643,1.208375,0.056997,0.000000,0.000000,-0.282348,,0.025336,0.000000,,,,0.035685,0.132788,1.500000,52.531803,4.011503,0.000000,circle,预设轨迹15,forward
1775478915.136582,45.408024,1775478918.430785|完整运动,完整运动,circle_orbit,1,1.000000,1.500000,1.500000,,,,,,,,,,,,,,,,1.195156,0.043707,1.205662,0.051684,0.000000,0.000000,-0.281430,,0.027489,0.000000,,,,0.036570,0.132808,1.500000,52.556456,3.986850,0.000000,circle,预设轨迹15,forward
1775478915.171666,45.443107,1775478918.430785|完整运动,完整运动,circle_orbit,1,1.000000,1.500000,1.500000,,,,,,,,,,,,,,,,1.195286,0.044767,1.203094,0.052720,0.000000,0.000000,-0.280491,,0.029566,0.000000,,,,0.037453,0.132822,1.500000,52.581261,3.962045,0.000000,circle,预设轨迹15,forward
1775478915.210973,45.482414,1775478918.430785|完整运动,完整运动,circle_orbit,1,1.000000,1.500000,1.500000,,,,,,,,,,,,,,,,1.195342,0.046765,1.198686,0.061749,0.000000,0.000000,-0.278199,,0.033450,0.000000,,,,0.039123,0.132828,1.500000,52.631234,3.912072,0.000000,circle,预设轨迹15,forward
1775478915.232070,45.503511,1775478918.430785|完整运动,完整运动,circle_orbit,1,1.000000,1.500000,1.500000,,,,,,,,,,,,,,,,1.195346,0.049047,1.195591,0.066164,0.000000,0.000000,-0.275431,,0.036706,0.000000,,,,0.041032,0.132829,1.500000,52.681337,3.861969,0.000000,circle,预设轨迹15,forward
1775478915.252542,45.523983,1775478918.430785|完整运动,完整运动,circle_orbit,1,1.000000,1.500000,1.500000,,,,,,,,,,,,,,,,1.195319,0.050258,1.193668,0.059341,0.000000,0.000000,-0.274094,,0.038563,0.000000,,,,0.042046,0.132826,1.500000,52.706336,3.836971,0.000000,circle,预设轨迹15,forward
1775478915.291692,45.563133,1775478918.430785|完整运动,完整运动,circle_orbit,1,1.000000,1.500000,1.500000,,,,,,,,,,,,,,,,1.195246,0.051308,1.190860,0.059181,0.000000,0.000000,-0.272960,,0.040919,0.000000,,,,0.042927,0.132818,1.500000,52.731505,3.811801,0.000000,circle,预设轨迹15,forward
1775478915.312564,45.584005,1775478918.430785|完整运动,完整运动,circle_orbit,1,1.000000,1.500000,1.500000,,,,,,,,,,,,,,,,1.195109,0.053396,1.186932,0.069058,0.000000,0.000000,-0.270339,,0.044689,0.000000,,,,0.044679,0.132803,1.500000,52.781897,3.761410,0.000000,circle,预设轨迹15,forward
1775478915.333201,45.604642,1775478918.430785|完整运动,完整运动,circle_orbit,1,1.000000,1.500000,1.500000,,,,,,,,,,,,,,,,1.194943,0.054591,1.184946,0.063550,0.000000,0.000000,-0.268911,,0.046648,0.000000,,,,0.045685,0.132784,1.500000,52.807068,3.736238,0.000000,circle,预设轨迹15,forward
1775478915.365698,45.637139,1775478918.430785|完整运动,完整运动,circle_orbit,1,1.000000,1.500000,1.500000,,,,,,,,,,,,,,,,1.194755,0.055848,1.183518,0.065273,0.000000,0.000000,-0.267369,,0.048288,0.000000,,,,0.046744,0.132763,1.500000,52.831977,3.711329,0.000000,circle,预设轨迹15,forward
1775478915.386090,45.657531,1775478918.430785|完整运动,完整运动,circle_orbit,1,1.000000,1.500000,1.500000,,,,,,,,,,,,,,,,1.194514,0.058218,1.180013,0.075998,0.000000,0.000000,-0.264224,,0.052039,0.000000,,,,0.048738,0.132736,1.500000,52.881921,3.661386,0.000000,circle,预设轨迹15,forward
1775478915.418201,45.689643,1775478918.430785|完整运动,完整运动,circle_orbit,1,1.000000,1.500000,1.500000,,,,,,,,,,,,,,,,1.194256,0.059435,1.178774,0.068557,0.000000,0.000000,-0.262629,,0.053583,0.000000,,,,0.049767,0.132708,1.500000,52.906791,3.636515,0.000000,circle,预设轨迹15,forward
1775478915.457429,45.728871,1775478918.430785|完整运动,完整运动,circle_orbit,1,1.000000,1.500000,1.500000,,,,,,,,,,,,,,,,1.193984,0.060745,1.177658,0.070569,0.000000,0.000000,-0.260877,,0.055115,0.000000,,,,0.050875,0.132677,1.500000,52.931565,3.611741,0.000000,circle,预设轨迹15,forward
1775478915.477850,45.749291,1775478918.430785|完整运动,完整运动,circle_orbit,1,1.000000,1.500000,1.500000,,,,,,,,,,,,,,,,1.193688,0.063542,1.175924,0.084524,0.000000,0.000000,-0.256988,,0.058018,0.000000,,,,0.053232,0.132645,1.500000,52.981002,3.562304,0.000000,circle,预设轨迹15,forward
1775478915.504785,45.776226,1775478918.430785|完整运动,完整运动,circle_orbit,1,1.000000,1.500000,1.500000,,,,,,,,,,,,,,,,1.193375,0.064960,1.174620,0.075591,0.000000,0.000000,-0.254953,,0.059807,0.000000,,,,0.054433,0.132610,1.500000,53.005775,3.537532,0.000000,circle,预设轨迹15,forward
1775478915.542241,45.813682,1775478918.430785|完整运动,完整运动,circle_orbit,1,1.000000,1.500000,1.500000,,,,,,,,,,,,,,,,1.193051,0.066314,1.173606,0.076469,0.000000,0.000000,-0.252978,,0.061375,0.000000,,,,0.055583,0.132574,1.500000,53.030398,3.512909,0.000000,circle,预设轨迹15,forward
1775478915.562568,45.834009,1775478918.430785|完整运动,完整运动,circle_orbit,1,1.000000,1.500000,1.500000,,,,,,,,,,,,,,,,1.192697,0.069008,1.171440,0.089220,0.000000,0.000000,-0.249078,,0.064585,0.000000,,,,0.057859,0.132534,1.500000,53.079682,3.463625,0.000000,circle,预设轨迹15,forward
1775478915.589219,45.860660,1775478918.430785|完整运动,完整运动,circle_orbit,1,1.000000,1.500000,1.500000,,,,,,,,,,,,,,,,1.192334,0.070373,1.170551,0.080609,0.000000,0.000000,-0.246969,,0.066131,0.000000,,,,0.059021,0.132494,1.500000,53.104363,3.438944,0.000000,circle,预设轨迹15,forward
1775478915.623722,45.895163,1775478918.430785|完整运动,完整运动,circle_orbit,1,1.000000,1.500000,1.500000,,,,,,,,,,,,,,,,1.191937,0.073334,1.168116,0.095539,0.000000,0.000000,-0.242578,,0.069752,0.000000,,,,0.061525,0.132450,1.500000,53.154086,3.389221,0.000000,circle,预设轨迹15,forward
1775478915.644036,45.915477,1775478918.430785|完整运动,完整运动,circle_orbit,1,1.000000,1.500000,1.500000,,,,,,,,,,,,,,,,1.191521,0.076283,1.166573,0.098405,0.000000,0.000000,-0.238100,,0.072804,0.000000,,,,0.064022,0.132404,1.500000,53.203605,3.339701,0.000000,circle,预设轨迹15,forward
1775478915.676596,45.948037,1775478918.430785|完整运动,完整运动,circle_orbit,1,1.000000,1.500000,1.500000,,,,,,,,,,,,,,,,1.191112,0.076003,1.166573,0.073903,0.000000,0.000000,-0.238100,,0.072804,0.000000,,,,0.063809,0.132358,1.500000,53.203605,3.339701,0.000000,circle,预设轨迹15,forward
1775478915.712256,45.983697,1775478918.430785|完整运动,完整运动,circle_orbit,1,1.000000,1.500000,1.500000,,,,,,,,,,,,,,,,1.190683,0.078792,1.164940,0.099709,0.000000,0.000000,-0.233820,,0.075833,0.000000,,,,0.066174,0.132311,1.500000,53.253241,3.290066,0.000000,circle,预设轨迹15,forward
1775478915.732756,46.004197,1775478918.430785|完整运动,完整运动,circle_orbit,1,1.000000,1.500000,1.500000,,,,,,,,,,,,,,,,1.190240,0.081525,1.163650,0.102021,0.000000,0.000000,-0.229527,,0.078633,0.000000,,,,0.068495,0.132261,1.500000,53.303184,3.240122,0.000000,circle,预设轨迹15,forward
1775478915.757797,46.029239,1775478918.430785|完整运动,完整运动,circle_orbit,1,1.000000,1.500000,1.500000,,,,,,,,,,,,,,,,1.189791,0.082755,1.162848,0.091982,0.000000,0.000000,-0.227278,,0.080188,0.000000,,,,0.069554,0.132211,1.500000,53.328046,3.215261,0.000000,circle,预设轨迹15,forward
1775478915.796835,46.068276,1775478918.430785|完整运动,完整运动,circle_orbit,1,1.000000,1.500000,1.500000,,,,,,,,,,,,,,,,1.189344,0.085720,1.162560,0.107958,0.000000,0.000000,-0.222562,,0.082484,0.000000,,,,0.072074,0.132162,1.500000,53.377340,3.165967,0.000000,circle,预设轨迹15,forward
1775478915.817834,46.089275,1775478918.430785|完整运动,完整运动,circle_orbit,1,1.000000,1.500000,1.500000,,,,,,,,,,,,,,,,1.188901,0.086981,1.162294,0.096440,0.000000,0.000000,-0.220165,,0.083734,0.000000,,,,0.073161,0.132113,1.500000,53.402015,3.141292,0.000000,circle,预设轨迹15,forward
1775478915.838364,46.109805,1775478918.430785|完整运动,完整运动,circle_orbit,1,1.000000,1.500000,1.500000,,,,,,,,,,,,,,,,1.188460,0.088274,1.162032,0.097967,0.000000,0.000000,-0.217717,,0.085004,0.000000,,,,0.074276,0.132064,1.500000,53.426619,3.116688,0.000000,circle,预设轨迹15,forward
1775478915.872243,46.143684,1775478918.430785|完整运动,完整运动,circle_orbit,1,1.000000,1.500000,1.500000,,,,,,,,,,,,,,,,1.188037,0.091568,1.162626,0.116273,0.000000,0.000000,-0.212419,,0.086947,0.000000,,,,0.077075,0.132017,1.500000,53.475746,3.067561,0.000000,circle,预设轨迹15,forward
1775478915.892603,46.164044,1775478918.430785|完整运动,完整运动,circle_orbit,1,1.000000,1.500000,1.500000,,,,,,,,,,,,,,,,1.187625,0.092988,1.162897,0.103639,0.000000,0.000000,-0.209664,,0.087983,0.000000,,,,0.078297,0.131971,1.500000,53.500325,3.042981,0.000000,circle,预设轨迹15,forward
1775478915.917667,46.189108,1775478918.430785|完整运动,完整运动,circle_orbit,1,1.000000,1.500000,1.500000,,,,,,,,,,,,,,,,1.187224,0.094333,1.163216,0.104416,0.000000,0.000000,-0.207004,,0.088945,0.000000,,,,0.079456,0.131926,1.500000,53.524835,3.018472,0.000000,circle,预设轨迹15,forward
1775478915.960878,46.232319,1775478918.430785|完整运动,完整运动,circle_orbit,1,1.000000,1.500000,1.500000,,,,,,,,,,,,,,,,1.186833,0.095577,1.163318,0.104909,0.000000,0.000000,-0.204476,,0.089998,0.000000,,,,0.080531,0.131883,1.500000,53.549251,2.994055,0.000000,circle,预设轨迹15,forward
1775478915.991865,46.263307,1775478918.430785|完整运动,完整运动,circle_orbit,1,1.000000,1.500000,1.500000,,,,,,,,,,,,,,,,1.186452,0.098571,1.163649,0.121028,0.000000,0.000000,-0.199459,,0.091998,0.000000,,,,0.083081,0.131841,1.500000,53.597880,2.945426,0.000000,circle,预设轨迹15,forward
1775478916.030865,46.302307,1775478918.430785|完整运动,完整运动,circle_orbit,1,1.000000,1.500000,1.500000,,,,,,,,,,,,,,,,1.186087,0.101857,1.164186,0.126504,0.000000,0.000000,-0.193931,,0.094084,0.000000,,,,0.085877,0.131800,1.500000,53.647026,2.896281,0.000000,circle,预设轨迹15,forward
1775478916.051182,46.322623,1775478918.430785|完整运动,完整运动,circle_orbit,1,1.000000,1.500000,1.500000,,,,,,,,,,,,,,,,1.185757,0.105303,1.165914,0.131148,0.000000,0.000000,-0.188066,,0.095497,0.000000,,,,0.088807,0.131763,1.500000,53.696014,2.847292,0.000000,circle,预设轨迹15,forward
1775478916.078120,46.349561,1775478918.430785|完整运动,完整运动,circle_orbit,1,1.000000,1.500000,1.500000,,,,,,,,,,,,,,,,1.185438,0.106570,1.166317,0.116069,0.000000,0.000000,-0.185179,,0.096502,0.000000,,,,0.089899,0.131728,1.500000,53.720414,2.822892,0.000000,circle,预设轨迹15,forward
1775478916.108428,46.379869,1775478918.430785|完整运动,完整运动,circle_orbit,1,1.000000,1.500000,1.500000,,,,,,,,,,,,,,,,1.185137,0.107868,1.167049,0.117601,0.000000,0.000000,-0.182254,,0.097299,0.000000,,,,0.091017,0.131694,1.500000,53.744877,2.798429,0.000000,circle,预设轨迹15,forward
1775478916.128723,46.400164,1775478918.430785|完整运动,完整运动,circle_orbit,1,1.000000,1.500000,1.500000,,,,,,,,,,,,,,,,1.184851,0.111062,1.167687,0.135018,0.000000,0.000000,-0.176639,,0.099355,0.000000,,,,0.093735,0.131663,1.500000,53.794373,2.748934,0.000000,circle,预设轨迹15,forward
1775478916.158266,46.429707,1775478918.430785|完整运动,完整运动,circle_orbit,1,1.000000,1.500000,1.500000,,,,,,,,,,,,,,,,1.184583,0.112162,1.168508,0.120418,0.000000,0.000000,-0.173896,,0.100011,0.000000,,,,0.094685,0.131633,1.500000,53.819093,2.724214,0.000000,circle,预设轨迹15,forward
1775478916.197323,46.468764,1775478918.430785|完整运动,完整运动,circle_orbit,1,1.000000,1.500000,1.500000,,,,,,,,,,,,,,,,1.184369,0.115965,1.171527,0.144481,0.000000,0.000000,-0.167328,,0.100863,0.000000,,,,0.097913,0.131609,1.500000,53.868058,2.675248,0.000000,circle,预设轨迹15,forward
1775478916.217663,46.489104,1775478918.430785|完整运动,完整运动,circle_orbit,1,1.000000,1.500000,1.500000,,,,,,,,,,,,,,,,1.184181,0.117382,1.172928,0.128008,0.000000,0.000000,-0.164015,,0.101379,0.000000,,,,0.099125,0.131588,1.500000,53.892383,2.650923,0.000000,circle,预设轨迹15,forward
1775478916.241392,46.512834,1775478918.430785|完整运动,完整运动,circle_orbit,1,1.000000,1.500000,1.500000,,,,,,,,,,,,,,,,1.184025,0.118818,1.174667,0.129591,0.000000,0.000000,-0.160672,,0.101682,0.000000,,,,0.100351,0.131571,1.500000,53.916695,2.626611,0.000000,circle,预设轨迹15,forward
1775478916.280687,46.552128,1775478918.430785|完整运动,完整运动,circle_orbit,1,1.000000,1.500000,1.500000,,,,,,,,,,,,,,,,1.183930,0.122606,1.178197,0.151018,0.000000,0.000000,-0.153984,,0.102263,0.000000,,,,0.103559,0.131560,1.500000,53.965029,2.578278,0.000000,circle,预设轨迹15,forward
1775478916.301136,46.572577,1775478918.430785|完整运动,完整运动,circle_orbit,1,1.000000,1.500000,1.500000,,,,,,,,,,,,,,,,1.183879,0.124024,1.180862,0.134661,0.000000,0.000000,-0.150530,,0.102003,0.000000,,,,0.104761,0.131555,1.500000,53.989087,2.554220,0.000000,circle,预设轨迹15,forward
1775478916.325338,46.596779,1775478918.430785|完整运动,完整运动,circle_orbit,1,1.000000,1.500000,1.500000,,,,,,,,,,,,,,,,1.183861,0.125384,1.182787,0.135581,0.000000,0.000000,-0.147159,,0.102209,0.000000,,,,0.105911,0.131553,1.500000,54.013074,2.530233,0.000000,circle,预设轨迹15,forward
1775478916.364151,46.635592,1775478918.430785|完整运动,完整运动,circle_orbit,1,1.000000,1.500000,1.500000,,,,,,,,,,,,,,,,1.183908,0.128913,1.186724,0.155381,0.000000,0.000000,-0.140709,,0.102447,0.000000,,,,0.108888,0.131558,1.500000,54.060867,2.482440,0.000000,circle,预设轨迹15,forward
1775478916.384599,46.656040,1775478918.430785|完整运动,完整运动,circle_orbit,1,1.000000,1.500000,1.500000,,,,,,,,,,,,,,,,1.184025,0.132431,1.191035,0.158820,0.000000,0.000000,-0.134157,,0.102499,0.000000,,,,0.111849,0.131571,1.500000,54.108602,2.434705,0.000000,circle,预设轨迹15,forward
1775478916.416023,46.687464,1775478918.430785|完整运动,完整运动,circle_orbit,1,1.000000,1.500000,1.500000,,,,,,,,,,,,,,,,1.184180,0.133754,1.193475,0.143671,0.000000,0.000000,-0.130615,,0.102465,0.000000,,,,0.112951,0.131588,1.500000,54.132523,2.410784,0.000000,circle,预设轨迹15,forward
1775478916.456397,46.727838,1775478918.430785|完整运动,完整运动,circle_orbit,1,1.000000,1.500000,1.500000,,,,,,,,,,,,,,,,1.184376,0.135140,1.196142,0.145535,0.000000,0.000000,-0.126992,,0.102323,0.000000,,,,0.114102,0.131610,1.500000,54.156501,2.386806,0.000000,circle,预设轨迹15,forward
1775478916.476953,46.748394,1775478918.430785|完整运动,完整运动,circle_orbit,1,1.000000,1.500000,1.500000,,,,,,,,,,,,,,,,1.184657,0.139029,1.201480,0.168200,0.000000,0.000000,-0.119818,,0.102030,0.000000,,,,0.117358,0.131641,1.500000,54.204293,2.339014,0.000000,circle,预设轨迹15,forward
1775478916.501631,46.773072,1775478918.430785|完整运动,完整运动,circle_orbit,1,1.000000,1.500000,1.500000,,,,,,,,,,,,,,,,1.184978,0.140268,1.204254,0.149554,0.000000,0.000000,-0.116278,,0.101806,0.000000,,,,0.118371,0.131677,1.500000,54.228216,2.315091,0.000000,circle,预设轨迹15,forward
1775478916.541060,46.812501,1775478918.430785|完整运动,完整运动,circle_orbit,1,1.000000,1.500000,1.500000,,,,,,,,,,,,,,,,1.185362,0.143911,1.208420,0.171240,0.000000,0.000000,-0.109340,,0.102206,0.000000,,,,0.121407,0.131719,1.500000,54.276563,2.266744,0.000000,circle,预设轨迹15,forward
1775478916.562496,46.833938,1775478918.430785|完整运动,完整运动,circle_orbit,1,1.000000,1.500000,1.500000,,,,,,,,,,,,,,,,1.185779,0.144928,1.210819,0.152555,0.000000,0.000000,-0.106020,,0.102144,0.000000,,,,0.122222,0.131766,1.500000,54.300802,2.242505,0.000000,circle,预设轨迹15,forward
1775478916.593502,46.864943,1775478918.430785|完整运动,完整运动,circle_orbit,1,1.000000,1.500000,1.500000,,,,,,,,,,,,,,,,1.186228,0.145913,1.213155,0.153297,0.000000,0.000000,-0.102778,,0.102095,0.000000,,,,0.123006,0.131816,1.500000,54.325126,2.218181,0.000000,circle,预设轨迹15,forward
1775478916.616077,46.887518,1775478918.430785|完整运动,完整运动,circle_orbit,1,1.000000,1.500000,1.500000,,,,,,,,,,,,,,,,1.186759,0.149236,1.218608,0.174159,0.000000,0.000000,-0.096241,,0.101543,0.000000,,,,0.125751,0.131875,1.500000,54.373887,2.169420,0.000000,circle,预设轨迹15,forward
1775478916.644115,46.915556,1775478918.430785|完整运动,完整运动,circle_orbit,1,1.000000,1.500000,1.500000,,,,,,,,,,,,,,,,1.187334,0.150265,1.221819,0.157987,0.000000,0.000000,-0.092862,,0.101023,0.000000,,,,0.126557,0.131938,1.500000,54.398296,2.145011,0.000000,circle,预设轨迹15,forward
1775478916.664477,46.935918,1775478918.430785|完整运动,完整运动,circle_orbit,1,1.000000,1.500000,1.500000,,,,,,,,,,,,,,,,1.188018,0.153866,1.229053,0.180873,0.000000,0.000000,-0.085853,,0.099622,0.000000,,,,0.129515,0.132014,1.500000,54.446783,2.096523,0.000000,circle,预设轨迹15,forward
1775478916.696908,46.968349,1775478918.430785|完整运动,完整运动,circle_orbit,1,1.000000,1.500000,1.500000,,,,,,,,,,,,,,,,1.188690,0.152455,1.229053,0.141869,0.000000,0.000000,-0.085853,,0.099622,0.000000,,,,0.128255,0.132089,1.500000,54.446783,2.096523,0.000000,circle,预设轨迹15,forward
1775478916.733793,47.005235,1775478918.430785|完整运动,完整运动,circle_orbit,1,1.000000,1.500000,1.500000,,,,,,,,,,,,,,,,1.189532,0.155915,1.240047,0.181869,0.000000,0.000000,-0.075369,,0.097519,0.000000,,,,0.131073,0.132183,1.500000,54.519343,2.023964,0.000000,circle,预设轨迹15,forward
1775478916.754243,47.025685,1775478918.430785|完整运动,完整运动,circle_orbit,1,1.000000,1.500000,1.500000,,,,,,,,,,,,,,,,1.190424,0.157008,1.243910,0.165203,0.000000,0.000000,-0.072149,,0.096603,0.000000,,,,0.131893,0.132282,1.500000,54.543163,2.000144,0.000000,circle,预设轨迹15,forward
1775478916.781548,47.052989,1775478918.430785|完整运动,完整运动,circle_orbit,1,1.000000,1.500000,1.500000,,,,,,,,,,,,,,,,1.191367,0.158020,1.247963,0.165614,0.000000,0.000000,-0.069035,,0.095539,0.000000,,,,0.132638,0.132387,1.500000,54.566938,1.976369,0.000000,circle,预设轨迹15,forward
1775478916.822576,47.094017,1775478918.430785|完整运动,完整运动,circle_orbit,1,1.000000,1.500000,1.500000,,,,,,,,,,,,,,,,1.192363,0.159120,1.252123,0.167365,0.000000,0.000000,-0.065793,,0.094484,0.000000,,,,0.133449,0.132497,1.500000,54.590781,1.952526,0.000000,circle,预设轨迹15,forward
1775478916.844497,47.115939,1775478918.430785|完整运动,完整运动,circle_orbit,1,1.000000,1.500000,1.500000,,,,,,,,,,,,,,,,1.193479,0.162704,1.260418,0.189588,0.000000,0.000000,-0.059009,,0.092572,0.000000,,,,0.136328,0.132621,1.500000,54.638793,1.904514,0.000000,circle,预设轨迹15,forward
1775478916.865021,47.136463,1775478918.430785|完整运动,完整运动,circle_orbit,1,1.000000,1.500000,1.500000,,,,,,,,,,,,,,,,1.194648,0.163892,1.264788,0.172801,0.000000,0.000000,-0.055488,,0.091568,0.000000,,,,0.137189,0.132751,1.500000,54.662691,1.880616,0.000000,circle,预设轨迹15,forward
1775478916.897257,47.168699,1775478918.430785|完整运动,完整运动,circle_orbit,1,1.000000,1.500000,1.500000,,,,,,,,,,,,,,,,1.195866,0.164991,1.268967,0.173230,0.000000,0.000000,-0.052089,,0.090637,0.000000,,,,0.137968,0.132887,1.500000,54.686662,1.856645,0.000000,circle,预设轨迹15,forward
1775478916.917765,47.189206,1775478918.430785|完整运动,完整运动,circle_orbit,1,1.000000,1.500000,1.500000,,,,,,,,,,,,,,,,1.197204,0.168305,1.277461,0.193160,0.000000,0.000000,-0.045539,,0.088636,0.000000,,,,0.140582,0.133035,1.500000,54.734818,1.808489,0.000000,circle,预设轨迹15,forward
1775478916.949948,47.221389,1775478918.430785|完整运动,完整运动,circle_orbit,1,1.000000,1.500000,1.500000,,,,,,,,,,,,,,,,1.198659,0.171499,1.286005,0.195453,0.000000,0.000000,-0.039036,,0.086651,0.000000,,,,0.143076,0.133197,1.500000,54.783502,1.759805,0.000000,circle,预设轨迹15,forward
1775478916.986221,47.257663,1775478918.430785|完整运动,完整运动,circle_orbit,1,1.000000,1.500000,1.500000,,,,,,,,,,,,,,,,1.200165,0.172315,1.290531,0.178437,0.000000,0.000000,-0.035804,,0.085531,0.000000,,,,0.143576,0.133364,1.500000,54.807846,1.735461,0.000000,circle,预设轨迹15,forward
1775478917.006554,47.277995,1775478918.430785|完整运动,完整运动,circle_orbit,1,1.000000,1.500000,1.500000,,,,,,,,,,,,,,,,1.201800,0.175038,1.299870,0.195457,0.000000,0.000000,-0.029885,,0.082942,0.000000,,,,0.145646,0.133546,1.500000,54.856189,1.687118,0.000000,circle,预设轨迹15,forward
1775478917.030259,47.301700,1775478918.430785|完整运动,完整运动,circle_orbit,1,1.000000,1.500000,1.500000,,,,,,,,,,,,,,,,1.203408,0.173542,1.299870,0.162323,0.000000,0.000000,-0.029885,,0.082942,0.000000,,,,0.144209,0.133725,1.500000,54.856189,1.687118,0.000000,circle,预设轨迹15,forward
1775478917.067863,47.339304,1775478918.430785|完整运动,完整运动,circle_orbit,1,1.000000,1.500000,1.500000,,,,,,,,,,,,,,,,1.205127,0.176143,1.308311,0.195655,0.000000,0.000000,-0.024212,,0.080811,0.000000,,,,0.146162,0.133916,1.500000,54.904592,1.638715,0.000000,circle,预设轨迹15,forward
1775478917.088551,47.359993,1775478918.430785|完整运动,完整运动,circle_orbit,1,1.000000,1.500000,1.500000,,,,,,,,,,,,,,,,1.206988,0.178727,1.318651,0.198106,0.000000,0.000000,-0.018480,,0.077740,0.000000,,,,0.148077,0.134123,1.500000,54.953142,1.590165,0.000000,circle,预设轨迹15,forward
1775478917.116244,47.387685,1775478918.430785|完整运动,完整运动,circle_orbit,1,1.000000,1.500000,1.500000,,,,,,,,,,,,,,,,1.208898,0.179139,1.323459,0.182230,0.000000,0.000000,-0.015761,,0.076366,0.000000,,,,0.148184,0.134335,1.500000,54.977511,1.565796,0.000000,circle,预设轨迹15,forward
1775478917.137296,47.408737,1775478918.430785|完整运动,完整运动,circle_orbit,1,1.000000,1.500000,1.500000,,,,,,,,,,,,,,,,1.210860,0.179503,1.328564,0.182230,0.000000,0.000000,-0.013158,,0.074801,0.000000,,,,0.148244,0.134553,1.500000,55.001744,1.541562,0.000000,circle,预设轨迹15,forward
1775478917.160955,47.432396,1775478918.430785|完整运动,完整运动,circle_orbit,1,1.000000,1.500000,1.500000,,,,,,,,,,,,,,,,1.212874,0.179816,1.333765,0.182166,0.000000,0.000000,-0.010672,,0.073154,0.000000,,,,0.148256,0.134777,1.500000,55.025866,1.517441,0.000000,circle,预设轨迹15,forward
1775478917.182858,47.454299,1775478918.430785|完整运动,完整运动,circle_orbit,1,1.000000,1.500000,1.500000,,,,,,,,,,,,,,,,1.214947,0.180135,1.339280,0.182522,0.000000,0.000000,-0.008223,,0.071348,0.000000,,,,0.148265,0.135007,1.500000,55.049749,1.493557,0.000000,circle,预设轨迹15,forward
1775478917.205804,47.477246,1775478918.430785|完整运动,完整运动,circle_orbit,1,1.000000,1.500000,1.500000,,,,,,,,,,,,,,,,1.217183,0.182380,1.351394,0.199219,0.000000,0.000000,-0.003071,,0.067363,0.000000,,,,0.149838,0.135255,1.500000,55.097731,1.445576,0.000000,circle,预设轨迹15,forward
1775478917.239173,47.510615,1775478918.430785|完整运动,完整运动,circle_orbit,1,1.000000,1.500000,1.500000,,,,,,,,,,,,,,,,1.219384,0.180958,1.351394,0.170293,0.000000,0.000000,-0.003071,,0.067363,0.000000,,,,0.148401,0.135500,1.500000,55.097731,1.445576,0.000000,circle,预设轨迹15,forward
1775478917.259726,47.531167,1775478918.430785|完整运动,完整运动,circle_orbit,1,1.000000,1.500000,1.500000,,,,,,,,,,,,,,,,1.221682,0.183560,1.359559,0.203077,0.000000,0.000000,0.002519,,0.063442,0.000000,,,,0.150252,0.135755,1.500000,55.145855,1.397452,0.000000,circle,预设轨迹15,forward
1775478917.287274,47.558715,1775478918.430785|完整运动,完整运动,circle_orbit,1,1.000000,1.500000,1.500000,,,,,,,,,,,,,,,,1.223964,0.184022,1.360918,0.187489,0.000000,0.000000,0.005157,,0.061581,0.000000,,,,0.150349,0.136009,1.500000,55.169892,1.373414,0.000000,circle,预设轨迹15,forward
1775478917.320895,47.592336,1775478918.430785|完整运动,完整运动,circle_orbit,1,1.000000,1.500000,1.500000,,,,,,,,,,,,,,,,1.226266,0.186329,1.364376,0.203630,0.000000,0.000000,0.010392,,0.057508,0.000000,,,,0.151948,0.136265,1.500000,55.218119,1.325188,0.000000,circle,预设轨迹15,forward
1775478917.341255,47.612696,1775478918.430785|完整运动,完整运动,circle_orbit,1,1.000000,1.500000,1.500000,,,,,,,,,,,,,,,,1.228559,0.186698,1.366130,0.189468,0.000000,0.000000,0.012946,,0.055491,0.000000,,,,0.151965,0.136519,1.500000,55.242316,1.300990,0.000000,circle,预设轨迹15,forward
1775478917.370556,47.641997,1775478918.430785|完整运动,完整运动,circle_orbit,1,1.000000,1.500000,1.500000,,,,,,,,,,,,,,,,1.230835,0.187061,1.367413,0.189777,0.000000,0.000000,0.015451,,0.053733,0.000000,,,,0.151979,0.136772,1.500000,55.266660,1.276647,0.000000,circle,预设轨迹15,forward
1775478917.402395,47.673836,1775478918.430785|完整运动,完整运动,circle_orbit,1,1.000000,1.500000,1.500000,,,,,,,,,,,,,,,,1.233121,0.189199,1.370256,0.205237,0.000000,0.000000,0.020452,,0.050088,0.000000,,,,0.153431,0.137026,1.500000,55.315523,1.227783,0.000000,circle,预设轨迹15,forward
1775478917.423454,47.694896,1775478918.430785|完整运动,完整运动,circle_orbit,1,1.000000,1.500000,1.500000,,,,,,,,,,,,,,,,1.235397,0.189539,1.371974,0.192087,0.000000,0.000000,0.022959,,0.048117,0.000000,,,,0.153423,0.137279,1.500000,55.340048,1.203259,0.000000,circle,预设轨迹15,forward
1775478917.453707,47.725148,1775478918.430785|完整运动,完整运动,circle_orbit,1,1.000000,1.500000,1.500000,,,,,,,,,,,,,,,,1.237664,0.189850,1.373711,0.192186,0.000000,0.000000,0.025390,,0.046173,0.000000,,,,0.153394,0.137531,1.500000,55.364505,1.178802,0.000000,circle,预设轨迹15,forward
1775478917.477478,47.748919,1775478918.430785|完整运动,完整运动,circle_orbit,1,1.000000,1.500000,1.500000,,,,,,,,,,,,,,,,1.239941,0.191544,1.376505,0.204246,0.000000,0.000000,0.029752,,0.042848,0.000000,,,,0.154478,0.137784,1.500000,55.413484,1.129823,0.000000,circle,预设轨迹15,forward
1775478917.503840,47.775281,1775478918.430785|完整运动,完整运动,circle_orbit,1,1.000000,1.500000,1.500000,,,,,,,,,,,,,,,,1.242215,0.191573,1.378697,0.191794,0.000000,0.000000,0.031791,,0.040859,0.000000,,,,0.154219,0.138037,1.500000,55.437972,1.105335,0.000000,circle,预设轨迹15,forward
1775478917.526107,47.797549,1775478918.430785|完整运动,完整运动,circle_orbit,1,1.000000,1.500000,1.500000,,,,,,,,,,,,,,,,1.244532,0.192834,1.383534,0.202288,0.000000,0.000000,0.035536,,0.036817,0.000000,,,,0.154945,0.138294,1.500000,55.486814,1.056492,0.000000,circle,预设轨迹15,forward
1775478917.548223,47.819664,1775478918.430785|完整运动,完整运动,circle_orbit,1,1.000000,1.500000,1.500000,,,,,,,,,,,,,,,,1.246811,0.191451,1.383534,0.181081,0.000000,0.000000,0.035536,,0.036817,0.000000,,,,0.153553,0.138548,1.500000,55.486814,1.056492,0.000000,circle,预设轨迹15,forward
1775478917.582162,47.853603,1775478918.430785|完整运动,完整运动,circle_orbit,1,1.000000,1.500000,1.500000,,,,,,,,,,,,,,,,1.249109,0.191376,1.386997,0.190813,0.000000,0.000000,0.037271,,0.034354,0.000000,,,,0.153210,0.138803,1.500000,55.511142,1.032165,0.000000,circle,预设轨迹15,forward
1775478917.602482,47.873924,1775478918.430785|完整运动,完整运动,circle_orbit,1,1.000000,1.500000,1.500000,,,,,,,,,,,,,,,,1.251465,0.192520,1.392848,0.201105,0.000000,0.000000,0.040701,,0.029990,0.000000,,,,0.153836,0.139065,1.500000,55.560368,0.982939,0.000000,circle,预设轨迹15,forward
1775478917.628223,47.899665,1775478918.430785|完整运动,完整运动,circle_orbit,1,1.000000,1.500000,1.500000,,,,,,,,,,,,,,,,1.253835,0.192481,1.396039,0.192185,0.000000,0.000000,0.042471,,0.027665,0.000000,,,,0.153514,0.139328,1.500000,55.585015,0.958291,0.000000,circle,预设轨迹15,forward
1775478917.662939,47.934381,1775478918.430785|完整运动,完整运动,circle_orbit,1,1.000000,1.500000,1.500000,,,,,,,,,,,,,,,,1.256264,0.193569,1.402012,0.201726,0.000000,0.000000,0.045808,,0.023321,0.000000,,,,0.154083,0.139598,1.500000,55.634409,0.908898,0.000000,circle,预设轨迹15,forward
1775478917.683272,47.954713,1775478918.430785|完整运动,完整运动,circle_orbit,1,1.000000,1.500000,1.500000,,,,,,,,,,,,,,,,1.258789,0.194527,1.410258,0.201716,0.000000,0.000000,0.048992,,0.017996,0.000000,,,,0.154535,0.139879,1.500000,55.684153,0.859154,0.000000,circle,预设轨迹15,forward
1775478917.710032,47.981473,1775478918.430785|完整运动,完整运动,circle_orbit,1,1.000000,1.500000,1.500000,,,,,,,,,,,,,,,,1.261330,0.194353,1.413802,0.193048,0.000000,0.000000,0.050578,,0.015624,0.000000,,,,0.154086,0.140161,1.500000,55.709136,0.834170,0.000000,circle,预设轨迹15,forward
1775478917.752510,48.023951,1775478918.430785|完整运动,完整运动,circle_orbit,1,1.000000,1.500000,1.500000,,,,,,,,,,,,,,,,1.263885,0.194235,1.417212,0.193351,0.000000,0.000000,0.052194,,0.013311,0.000000,,,,0.153681,0.140445,1.500000,55.734255,0.809051,0.000000,circle,预设轨迹15,forward
1775478917.781825,48.053267,1775478918.430785|完整运动,完整运动,circle_orbit,1,1.000000,1.500000,1.500000,,,,,,,,,,,,,,,,1.266499,0.195170,1.423326,0.202183,0.000000,0.000000,0.055269,,0.009103,0.000000,,,,0.154102,0.140735,1.500000,55.784505,0.758802,0.000000,circle,预设轨迹15,forward
1775478917.803222,48.074663,1775478918.430785|完整运动,完整运动,circle_orbit,1,1.000000,1.500000,1.500000,,,,,,,,,,,,,,,,1.269124,0.194929,1.426615,0.193123,0.000000,0.000000,0.056686,,0.006954,0.000000,,,,0.153594,0.141027,1.500000,55.809739,0.733568,0.000000,circle,预设轨迹15,forward
1775478917.831887,48.103328,1775478918.430785|完整运动,完整运动,circle_orbit,1,1.000000,1.500000,1.500000,,,,,,,,,,,,,,,,1.271769,0.194657,1.430447,0.192612,0.000000,0.000000,0.058008,,0.004606,0.000000,,,,0.153060,0.141321,1.500000,55.834968,0.708339,0.000000,circle,预设轨迹15,forward
1775478917.870884,48.142326,1775478918.430785|完整运动,完整运动,circle_orbit,1,1.000000,1.500000,1.500000,,,,,,,,,,,,,,,,1.274476,0.195220,1.436920,0.199440,0.000000,0.000000,0.060474,,0.000558,0.000000,,,,0.153176,0.141622,1.500000,55.885720,0.657587,0.000000,circle,预设轨迹15,forward
1775478917.902084,48.173525,1775478918.430785|完整运动,完整运动,circle_orbit,1,1.000000,1.500000,1.500000,,,,,,,,,,,,,,,,1.277006,0.195472,1.428813,0.197365,0.000000,0.000000,0.062504,,-0.003357,0.000000,,,,0.153070,0.141903,1.500000,55.936457,0.606849,0.000000,circle,预设轨迹15,forward
1775478917.922646,48.194087,1775478918.430785|完整运动,完整运动,circle_orbit,1,1.000000,1.500000,1.500000,,,,,,,,,,,,,,,,1.279426,0.194720,1.424632,0.189077,0.000000,0.000000,0.063086,,-0.005024,0.000000,,,,0.152193,0.142172,1.500000,55.961778,0.581529,0.000000,circle,预设轨迹15,forward
1775478917.947731,48.219172,1775478918.430785|完整运动,完整运动,circle_orbit,1,1.000000,1.500000,1.500000,,,,,,,,,,,,,,,,1.281717,0.194030,1.419150,0.188857,0.000000,0.000000,0.063687,,-0.007299,0.000000,,,,0.151383,0.142426,1.500000,55.986796,0.556511,0.000000,circle,预设轨迹15,forward
1775478917.979876,48.251317,1775478918.430785|完整运动,完整运动,circle_orbit,1,1.000000,1.500000,1.500000,,,,,,,,,,,,,,,,1.283886,0.193439,1.414032,0.189011,0.000000,0.000000,0.064365,,-0.009388,0.000000,,,,0.150667,0.142668,1.500000,56.011996,0.531311,0.000000,circle,预设轨迹15,forward
1775478918.000393,48.271834,1775478918.430785|完整运动,完整运动,circle_orbit,1,1.000000,1.500000,1.500000,,,,,,,,,,,,,,,,1.285842,0.193347,1.403194,0.192653,0.000000,0.000000,0.065706,,-0.013913,0.000000,,,,0.150366,0.142885,1.500000,56.062333,0.480974,0.000000,circle,预设轨迹15,forward
1775478918.027133,48.298574,1775478918.430785|完整运动,完整运动,circle_orbit,1,1.000000,1.500000,1.500000,,,,,,,,,,,,,,,,1.287682,0.192743,1.398093,0.188217,0.000000,0.000000,0.066297,,-0.016088,0.000000,,,,0.149682,0.143089,1.500000,56.087682,0.455624,0.000000,circle,预设轨迹15,forward
1775478918.060289,48.331731,1775478918.430785|完整运动,完整运动,circle_orbit,1,1.000000,1.500000,1.500000,,,,,,,,,,,,,,,,1.289412,0.192083,1.393239,0.187132,0.000000,0.000000,0.066758,,-0.018219,0.000000,,,,0.148970,0.143282,1.500000,56.112918,0.430389,0.000000,circle,预设轨迹15,forward
1775478918.080664,48.352105,1775478918.430785|完整运动,完整运动,circle_orbit,1,1.000000,1.500000,1.500000,,,,,,,,,,,,,,,,1.290898,0.191904,1.380012,0.190561,0.000000,0.000000,0.067868,,-0.024175,0.000000,,,,0.148659,0.143447,1.500000,56.163407,0.379900,0.000000,circle,预设轨迹15,forward
1775478918.107184,48.378625,1775478918.430785|完整运动,完整运动,circle_orbit,1,1.000000,1.500000,1.500000,,,,,,,,,,,,,,,,1.292265,0.191305,1.374296,0.186814,0.000000,0.000000,0.068363,,-0.026781,0.000000,,,,0.148039,0.143599,1.500000,56.188734,0.354573,0.000000,circle,预设轨迹15,forward
1775478918.140698,48.412139,1775478918.430785|完整运动,完整运动,circle_orbit,1,1.000000,1.500000,1.500000,,,,,,,,,,,,,,,,1.293518,0.190679,1.368729,0.185978,0.000000,0.000000,0.068777,,-0.029372,0.000000,,,,0.147411,0.143738,1.500000,56.214270,0.329037,0.000000,circle,预设轨迹15,forward
1775478918.161435,48.432876,1775478918.430785|完整运动,完整运动,circle_orbit,1,1.000000,1.500000,1.500000,,,,,,,,,,,,,,,,1.294576,0.190261,1.358014,0.187129,0.000000,0.000000,0.069459,,-0.034473,0.000000,,,,0.146968,0.143855,1.500000,56.265518,0.277789,0.000000,circle,预设轨迹15,forward
1775478918.187438,48.458880,1775478918.430785|完整运动,完整运动,circle_orbit,1,1.000000,1.500000,1.500000,,,,,,,,,,,,,,,,1.295535,0.189571,1.353091,0.184395,0.000000,0.000000,0.069728,,-0.036865,0.000000,,,,0.146326,0.143962,1.500000,56.291131,0.252175,0.000000,circle,预设轨迹15,forward
1775478918.220442,48.491883,1775478918.430785|完整运动,完整运动,circle_orbit,1,1.000000,1.500000,1.500000,,,,,,,,,,,,,,,,1.296392,0.188864,1.347799,0.183562,0.000000,0.000000,0.069934,,-0.039494,0.000000,,,,0.145684,0.144057,1.500000,56.316628,0.226679,0.000000,circle,预设轨迹15,forward
1775478918.241037,48.512478,1775478918.430785|完整运动,完整运动,circle_orbit,1,1.000000,1.500000,1.500000,,,,,,,,,,,,,,,,1.297088,0.188155,1.338865,0.182836,0.000000,0.000000,0.070107,,-0.044059,0.000000,,,,0.145059,0.144135,1.500000,56.368059,0.175247,0.000000,circle,预设轨迹15,forward
1775478918.266941,48.538382,1775478918.430785|完整运动,完整运动,circle_orbit,1,1.000000,1.500000,1.500000,,,,,,,,,,,,,,,,1.297712,0.187343,1.335119,0.181255,0.000000,0.000000,0.070096,,-0.046028,0.000000,,,,0.144364,0.144204,1.500000,56.393925,0.149382,0.000000,circle,预设轨迹15,forward
1775478918.301338,48.572779,1775478918.430785|完整运动,完整运动,circle_orbit,1,1.000000,1.500000,1.500000,,,,,,,,,,,,,,,,1.298276,0.186401,1.332121,0.179337,0.000000,0.000000,0.069858,,-0.047714,0.000000,,,,0.143576,0.144267,1.500000,56.419880,0.123427,0.000000,circle,预设轨迹15,forward
1775478918.321718,48.593160,1775478918.430785|完整运动,完整运动,circle_orbit,1,1.000000,1.500000,1.500000,,,,,,,,,,,,,,,,1.298700,0.185133,1.324192,0.175624,0.000000,0.000000,0.069121,,-0.052256,0.000000,,,,0.142553,0.144314,1.500000,56.471630,0.071676,0.000000,circle,预设轨迹15,forward
1775478918.345870,48.617311,1775478918.430785|完整运动,完整运动,circle_orbit,1,1.000000,1.500000,1.500000,,,,,,,,,,,,,,,,1.299064,0.184060,1.320868,0.176015,0.000000,0.000000,0.068599,,-0.054269,0.000000,,,,0.141687,0.144354,1.500000,56.497735,0.045572,0.000000,circle,预设轨迹15,forward
1775478918.388534,48.659976,1775478918.430785|完整运动,完整运动,circle_orbit,1,1.000000,1.500000,1.500000,,,,,,,,,,,,,,,,1.299360,0.183116,1.317126,0.176031,0.000000,0.000000,0.068213,,-0.056457,0.000000,,,,0.140928,0.144387,1.500000,56.523796,0.019511,0.000000,circle,预设轨迹15,forward
