timestamp,relative_time_s,run_key,run_label,tracking_mode,segment_index,speed_sign,speed_mps,nominal_speed_abs_mps,lookahead_base_m,arrival_dist_m,slow_down_dist_m,stanley_gain,stanley_softening_distance_m,stanley_term_rad,lateral_pid_kp,lateral_pid_ki,lateral_pid_kd,heading_pid_kp,heading_pid_ki,heading_pid_kd,yaw_rate_pid_kp,yaw_rate_pid_ki,yaw_rate_pid_kd,cmd_v_mps,cmd_w_radps,desired_v_mps,desired_w_radps,feedback_v_mps,feedback_w_radps,lateral_error_m,stanley_lateral_pd_output_radps,heading_error_rad,yaw_rate_error_radps,lateral_pid_output_radps,heading_pid_output_radps,yaw_rate_pid_output_radps,path_curvature_inv_m,path_ff_w_radps,profile_speed_mps,path_s_m,dist_to_goal_m,pose_age_s,segment_kind,segment_trajectory_name,motion_direction
1775478782.528728,0.000000,1775478816.724946|完整运动,完整运动,circle_orbit,1,1.000000,2.500000,2.500000,,,,,,,,,,,,,,,,0.040983,0.004552,2.499958,0.004552,0.000000,0.000000,-0.000011,,0.000005,0.000000,,,,0.045518,0.004554,2.500000,0.000000,56.543307,0.000000,circle,预设轨迹15,forward
1775478782.549692,0.020965,1775478816.724946|完整运动,完整运动,circle_orbit,1,1.000000,2.500000,2.500000,,,,,,,,,,,,,,,,0.081293,0.004672,2.499925,0.005575,0.000000,0.000000,-0.000018,,0.000011,0.000000,,,,0.046722,0.009033,2.500000,0.000009,56.543297,0.000000,circle,预设轨迹15,forward
1775478782.570002,0.041274,1775478816.724946|完整运动,完整运动,circle_orbit,1,1.000000,2.500000,2.500000,,,,,,,,,,,,,,,,0.120943,0.004910,2.499918,0.006694,0.000000,0.000000,-0.000024,,-0.000010,0.000000,,,,0.040598,0.013439,2.500000,0.000013,56.543293,0.000000,circle,预设轨迹15,forward
1775478782.590456,0.061728,1775478816.724946|完整运动,完整运动,circle_orbit,1,1.000000,2.500000,2.500000,,,,,,,,,,,,,,,,0.159943,0.005259,2.499914,0.007873,0.000000,0.000000,-0.000028,,-0.000009,0.000000,,,,0.032878,0.017773,2.500000,0.000020,56.543286,0.000000,circle,预设轨迹15,forward
1775478782.615427,0.086700,1775478816.724946|完整运动,完整运动,circle_orbit,1,1.000000,2.500000,2.500000,,,,,,,,,,,,,,,,0.198301,0.005713,2.499837,0.009125,0.000000,0.000000,-0.000027,,-0.000029,0.000000,,,,0.028812,0.022036,2.500000,0.000029,56.543278,0.000000,circle,预设轨迹15,forward
1775478782.647663,0.118936,1775478816.724946|完整运动,完整运动,circle_orbit,1,1.000000,2.500000,2.500000,,,,,,,,,,,,,,,,0.236032,0.006261,2.499839,0.010367,0.000000,0.000000,-0.000032,,-0.000026,0.000000,,,,0.026526,0.026228,2.500000,0.000039,56.543267,0.000000,circle,预设轨迹15,forward
1775478782.668435,0.139708,1775478816.724946|完整运动,完整运动,circle_orbit,1,1.000000,2.500000,2.500000,,,,,,,,,,,,,,,,0.273144,0.006886,2.499888,0.011577,0.000000,0.000000,-0.000055,,-0.000004,0.000000,,,,0.025211,0.030352,2.500000,0.000075,56.543232,0.000000,circle,预设轨迹15,forward
1775478782.689028,0.160300,1775478816.724946|完整运动,完整运动,circle_orbit,1,1.000000,2.500000,2.500000,,,,,,,,,,,,,,,,0.309639,0.007513,2.499308,0.012217,0.000000,0.000000,-0.000197,,0.000085,0.000000,,,,0.024265,0.034408,2.500000,0.001062,56.542244,0.000000,circle,预设轨迹15,forward
1775478782.709649,0.180922,1775478816.724946|完整运动,完整运动,circle_orbit,1,1.000000,2.500000,2.500000,,,,,,,,,,,,,,,,0.345486,0.008208,2.496312,0.013419,0.000000,0.000000,-0.000366,,0.000761,0.000000,,,,0.023758,0.038391,2.500000,0.002519,56.540787,0.000000,circle,预设轨迹15,forward
1775478782.735657,0.206929,1775478816.724946|完整运动,完整运动,circle_orbit,1,1.000000,2.500000,2.500000,,,,,,,,,,,,,,,,0.380745,0.009101,2.496312,0.015796,0.000000,0.000000,-0.000366,,0.000761,0.000000,,,,0.023903,0.042309,2.500000,0.002519,56.540787,0.000000,circle,预设轨迹15,forward
1775478782.756628,0.227901,1775478816.724946|完整运动,完整运动,circle_orbit,1,1.000000,2.500000,2.500000,,,,,,,,,,,,,,,,0.415386,0.009889,2.493826,0.015802,0.000000,0.000000,-0.000616,,0.001274,0.000000,,,,0.023807,0.046158,2.500000,0.007971,56.535335,0.000000,circle,预设轨迹15,forward
1775478782.778217,0.249489,1775478816.724946|完整运动,完整运动,circle_orbit,1,1.000000,2.500000,2.500000,,,,,,,,,,,,,,,,0.449427,0.010823,2.491887,0.017830,0.000000,0.000000,-0.000763,,0.001696,0.000000,,,,0.024083,0.049941,2.500000,0.012056,56.531251,0.000000,circle,预设轨迹15,forward
1775478782.798540,0.269813,1775478816.724946|完整运动,完整运动,circle_orbit,1,1.000000,2.500000,2.500000,,,,,,,,,,,,,,,,0.482885,0.011871,2.490361,0.019731,0.000000,0.000000,-0.000843,,0.002044,0.000000,,,,0.024584,0.053659,2.500000,0.016952,56.526355,0.000000,circle,预设轨迹15,forward
1775478782.832331,0.303604,1775478816.724946|完整运动,完整运动,circle_orbit,1,1.000000,2.500000,2.500000,,,,,,,,,,,,,,,,0.515745,0.012958,2.487350,0.021105,0.000000,0.000000,-0.000956,,0.002754,0.000000,,,,0.025124,0.057310,2.500000,0.022677,56.520629,0.000000,circle,预设轨迹15,forward
1775478782.852896,0.324168,1775478816.724946|完整运动,完整运动,circle_orbit,1,1.000000,2.500000,2.500000,,,,,,,,,,,,,,,,0.547961,0.014103,2.480917,0.022690,0.000000,0.000000,-0.001072,,0.004331,0.000000,,,,0.025737,0.060890,2.500000,0.036457,56.506850,0.000000,circle,预设轨迹15,forward
1775478782.883964,0.355236,1775478816.724946|完整运动,完整运动,circle_orbit,1,1.000000,2.500000,2.500000,,,,,,,,,,,,,,,,0.579591,0.015395,2.477387,0.025089,0.000000,0.000000,-0.001058,,0.005235,0.000000,,,,0.026562,0.064405,2.500000,0.044355,56.498952,0.000000,circle,预设轨迹15,forward
1775478782.909245,0.380517,1775478816.724946|完整运动,完整运动,circle_orbit,1,1.000000,2.500000,2.500000,,,,,,,,,,,,,,,,0.610647,0.016790,2.474012,0.027253,0.000000,0.000000,-0.000968,,0.006135,0.000000,,,,0.027496,0.067856,2.500000,0.052788,56.490519,0.000000,circle,预设轨迹15,forward
1775478782.939589,0.410862,1775478816.724946|完整运动,完整运动,circle_orbit,1,1.000000,2.500000,2.500000,,,,,,,,,,,,,,,,0.641099,0.018398,2.468209,0.030459,0.000000,0.000000,-0.000640,,0.007766,0.000000,,,,0.028698,0.071240,2.500000,0.071042,56.472265,0.000000,circle,预设轨迹15,forward
1775478782.962309,0.433581,1775478816.724946|完整运动,完整运动,circle_orbit,1,1.000000,2.500000,2.500000,,,,,,,,,,,,,,,,0.670975,0.019900,2.463564,0.031162,0.000000,0.000000,-0.000514,,0.009015,0.000000,,,,0.029658,0.074560,2.500000,0.080825,56.462481,0.000000,circle,预设轨迹15,forward
1775478782.984676,0.455948,1775478816.724946|完整运动,完整运动,circle_orbit,1,1.000000,2.500000,2.500000,,,,,,,,,,,,,,,,0.700291,0.021437,2.459260,0.032968,0.000000,0.000000,-0.000394,,0.010178,0.000000,,,,0.030612,0.077818,2.500000,0.091131,56.452175,0.000000,circle,预设轨迹15,forward
1775478783.008162,0.479434,1775478816.724946|完整运动,完整运动,circle_orbit,1,1.000000,2.500000,2.500000,,,,,,,,,,,,,,,,0.729059,0.023002,2.455127,0.034736,0.000000,0.000000,-0.000288,,0.011296,0.000000,,,,0.031550,0.081014,2.500000,0.101930,56.441377,0.000000,circle,预设轨迹15,forward
1775478783.029180,0.500453,1775478816.724946|完整运动,完整运动,circle_orbit,1,1.000000,2.500000,2.500000,,,,,,,,,,,,,,,,0.757221,0.024674,2.446940,0.037216,0.000000,0.000000,-0.000082,,0.013516,0.000000,,,,0.032585,0.084144,2.500000,0.124896,56.418411,0.000000,circle,预设轨迹15,forward
1775478783.054331,0.525603,1775478816.724946|完整运动,完整运动,circle_orbit,1,1.000000,2.500000,2.500000,,,,,,,,,,,,,,,,0.784921,0.026229,2.446940,0.037888,0.000000,0.000000,-0.000082,,0.013516,0.000000,,,,0.033416,0.087222,2.500000,0.124896,56.418411,0.000000,circle,预设轨迹15,forward
1775478783.076013,0.547285,1775478816.724946|完整运动,完整运动,circle_orbit,1,1.000000,2.500000,2.500000,,,,,,,,,,,,,,,,0.812001,0.027995,2.436785,0.041240,0.000000,0.000000,0.000165,,0.016141,0.000000,,,,0.034476,0.090231,2.500000,0.149988,56.393319,0.000000,circle,预设轨迹15,forward
1775478783.099208,0.570481,1775478816.724946|完整运动,完整运动,circle_orbit,1,1.000000,2.500000,2.500000,,,,,,,,,,,,,,,,0.838637,0.029609,2.436785,0.041716,0.000000,0.000000,0.000165,,0.016141,0.000000,,,,0.035306,0.093191,2.500000,0.149988,56.393319,0.000000,circle,预设轨迹15,forward
1775478783.123310,0.594582,1775478816.724946|完整运动,完整运动,circle_orbit,1,1.000000,2.500000,2.500000,,,,,,,,,,,,,,,,0.864677,0.031549,2.427083,0.046103,0.000000,0.000000,0.000581,,0.018519,0.000000,,,,0.036487,0.096084,2.500000,0.177395,56.365912,0.000000,circle,预设轨迹15,forward
1775478783.143826,0.615098,1775478816.724946|完整运动,完整运动,circle_orbit,1,1.000000,2.500000,2.500000,,,,,,,,,,,,,,,,0.890200,0.033425,2.421571,0.047489,0.000000,0.000000,0.000880,,0.019851,0.000000,,,,0.037547,0.098920,2.500000,0.191890,56.351416,0.000000,circle,预设轨迹15,forward
1775478783.170938,0.642211,1775478816.724946|完整运动,完整运动,circle_orbit,1,1.000000,2.500000,2.500000,,,,,,,,,,,,,,,,0.915224,0.035373,2.416699,0.049988,0.000000,0.000000,0.001258,,0.020984,0.000000,,,,0.038650,0.101701,2.500000,0.206873,56.336434,0.000000,circle,预设轨迹15,forward
1775478783.202102,0.673375,1775478816.724946|完整运动,完整运动,circle_orbit,1,1.000000,2.500000,2.500000,,,,,,,,,,,,,,,,0.939754,0.037408,2.411542,0.052666,0.000000,0.000000,0.001735,,0.022154,0.000000,,,,0.039806,0.104427,2.500000,0.222374,56.320933,0.000000,circle,预设轨迹15,forward
1775478783.223516,0.694789,1775478816.724946|完整运动,完整运动,circle_orbit,1,1.000000,2.500000,2.500000,,,,,,,,,,,,,,,,0.963668,0.039943,2.398472,0.058957,0.000000,0.000000,0.002902,,0.025167,0.000000,,,,0.041449,0.107084,2.500000,0.254582,56.288724,0.000000,circle,预设轨迹15,forward
1775478783.245614,0.716886,1775478816.724946|完整运动,完整运动,circle_orbit,1,1.000000,2.500000,2.500000,,,,,,,,,,,,,,,,0.987082,0.042051,2.391963,0.057864,0.000000,0.000000,0.003472,,0.026686,0.000000,,,,0.042602,0.109686,2.500000,0.271267,56.272040,0.000000,circle,预设轨迹15,forward
1775478783.273969,0.745241,1775478816.724946|完整运动,完整运动,circle_orbit,1,1.000000,2.500000,2.500000,,,,,,,,,,,,,,,,1.010002,0.044223,2.385208,0.060508,0.000000,0.000000,0.004119,,0.028248,0.000000,,,,0.043785,0.112233,2.500000,0.288464,56.254843,0.000000,circle,预设轨迹15,forward
1775478783.294301,0.765574,1775478816.724946|完整运动,完整运动,circle_orbit,1,1.000000,2.500000,2.500000,,,,,,,,,,,,,,,,1.032328,0.046950,2.371890,0.067404,0.000000,0.000000,0.005540,,0.031295,0.000000,,,,0.045480,0.114714,2.500000,0.324164,56.219143,0.000000,circle,预设轨迹15,forward
1775478783.317965,0.789237,1775478816.724946|完整运动,完整运动,circle_orbit,1,1.000000,2.500000,2.500000,,,,,,,,,,,,,,,,1.054189,0.049141,2.365852,0.065577,0.000000,0.000000,0.006224,,0.032672,0.000000,,,,0.046615,0.117143,2.500000,0.342496,56.200811,0.000000,circle,预设轨迹15,forward
1775478783.349236,0.820508,1775478816.724946|完整运动,完整运动,circle_orbit,1,1.000000,2.500000,2.500000,,,,,,,,,,,,,,,,1.075589,0.051378,2.359586,0.068149,0.000000,0.000000,0.006963,,0.034097,0.000000,,,,0.047767,0.119521,2.500000,0.361211,56.182096,0.000000,circle,预设轨迹15,forward
1775478783.372264,0.843537,1775478816.724946|完整运动,完整运动,circle_orbit,1,1.000000,2.500000,2.500000,,,,,,,,,,,,,,,,1.096425,0.054306,2.346559,0.076271,0.000000,0.000000,0.008677,,0.037012,0.000000,,,,0.049530,0.121837,2.500000,0.400124,56.143183,0.000000,circle,预设轨迹15,forward
1775478783.393294,0.864567,1775478816.724946|完整运动,完整运动,circle_orbit,1,1.000000,2.500000,2.500000,,,,,,,,,,,,,,,,1.116919,0.056000,2.346559,0.068707,0.000000,0.000000,0.008677,,0.037012,0.000000,,,,0.050138,0.124114,2.500000,0.400124,56.143183,0.000000,circle,预设轨迹15,forward
1775478783.419900,0.891172,1775478816.724946|完整运动,完整运动,circle_orbit,1,1.000000,2.500000,2.500000,,,,,,,,,,,,,,,,1.136964,0.058421,2.339647,0.076576,0.000000,0.000000,0.009676,,0.038535,0.000000,,,,0.051383,0.126341,2.500000,0.420264,56.123042,0.000000,circle,预设轨迹15,forward
1775478783.440203,0.911475,1775478816.724946|完整运动,完整运动,circle_orbit,1,1.000000,2.500000,2.500000,,,,,,,,,,,,,,,,1.156452,0.061665,2.325753,0.085991,0.000000,0.000000,0.011846,,0.041560,0.000000,,,,0.053322,0.128507,2.500000,0.461537,56.081770,0.000000,circle,预设轨迹15,forward
1775478783.470667,0.941940,1775478816.724946|完整运动,完整运动,circle_orbit,1,1.000000,2.500000,2.500000,,,,,,,,,,,,,,,,1.175399,0.065171,2.312199,0.091468,0.000000,0.000000,0.014438,,0.044346,0.000000,,,,0.055446,0.130612,2.500000,0.504421,56.038886,0.000000,circle,预设轨迹15,forward
1775478783.515450,0.986723,1775478816.724946|完整运动,完整运动,circle_orbit,1,1.000000,2.500000,2.500000,,,,,,,,,,,,,,,,1.193910,0.067755,2.304613,0.087132,0.000000,0.000000,0.015784,,0.045972,0.000000,,,,0.056750,0.132669,2.500000,0.526625,56.016681,0.000000,circle,预设轨迹15,forward
1775478783.536146,1.007418,1775478816.724946|完整运动,完整运动,circle_orbit,1,1.000000,2.500000,2.500000,,,,,,,,,,,,,,,,1.211884,0.071377,2.290311,0.098547,0.000000,0.000000,0.018616,,0.048947,0.000000,,,,0.058898,0.134667,2.500000,0.572066,55.971240,0.000000,circle,预设轨迹15,forward
1775478783.566166,1.037438,1775478816.724946|完整运动,完整运动,circle_orbit,1,1.000000,2.500000,2.500000,,,,,,,,,,,,,,,,1.229451,0.073877,2.283448,0.092621,0.000000,0.000000,0.019923,,0.050417,0.000000,,,,0.060089,0.136619,2.500000,0.594984,55.948323,0.000000,circle,预设轨迹15,forward
1775478783.587464,1.058737,1775478816.724946|完整运动,完整运动,circle_orbit,1,1.000000,2.500000,2.500000,,,,,,,,,,,,,,,,1.246473,0.077206,2.267776,0.102177,0.000000,0.000000,0.022410,,0.054040,0.000000,,,,0.061940,0.138510,2.500000,0.641582,55.901725,0.000000,circle,预设轨迹15,forward
1775478783.616614,1.087887,1775478816.724946|完整运动,完整运动,circle_orbit,1,1.000000,2.500000,2.500000,,,,,,,,,,,,,,,,1.263080,0.079697,2.259520,0.098382,0.000000,0.000000,0.023759,,0.055958,0.000000,,,,0.063098,0.140356,2.500000,0.665427,55.877880,0.000000,circle,预设轨迹15,forward
1775478783.637024,1.108297,1775478816.724946|完整运动,完整运动,circle_orbit,1,1.000000,2.500000,2.500000,,,,,,,,,,,,,,,,1.279289,0.082324,2.251856,0.102020,0.000000,0.000000,0.025308,,0.057623,0.000000,,,,0.064351,0.142157,2.500000,0.689633,55.853674,0.000000,circle,预设轨迹15,forward
1775478783.680800,1.152072,1775478816.724946|完整运动,完整运动,circle_orbit,1,1.000000,2.500000,2.500000,,,,,,,,,,,,,,,,1.295020,0.086296,2.238832,0.116088,0.000000,0.000000,0.028784,,0.060115,0.000000,,,,0.066637,0.143905,2.500000,0.738378,55.804929,0.000000,circle,预设轨迹15,forward
1775478783.711419,1.182691,1775478816.724946|完整运动,完整运动,circle_orbit,1,1.000000,2.500000,2.500000,,,,,,,,,,,,,,,,1.310381,0.089042,2.232085,0.109641,0.000000,0.000000,0.030610,,0.061412,0.000000,,,,0.067951,0.145612,2.500000,0.763077,55.780229,0.000000,circle,预设轨迹15,forward
1775478783.745558,1.216830,1775478816.724946|完整运动,完整运动,circle_orbit,1,1.000000,2.500000,2.500000,,,,,,,,,,,,,,,,1.325250,0.093203,2.217346,0.124409,0.000000,0.000000,0.034463,,0.064353,0.000000,,,,0.070329,0.147264,2.500000,0.813380,55.729926,0.000000,circle,预设轨迹15,forward
1775478783.776257,1.247529,1775478816.724946|完整运动,完整运动,circle_orbit,1,1.000000,2.500000,2.500000,,,,,,,,,,,,,,,,1.339751,0.095943,2.209831,0.116495,0.000000,0.000000,0.036397,,0.065890,0.000000,,,,0.071613,0.148875,2.500000,0.838911,55.704396,0.000000,circle,预设轨迹15,forward
1775478783.796671,1.267944,1775478816.724946|完整运动,完整运动,circle_orbit,1,1.000000,2.500000,2.500000,,,,,,,,,,,,,,,,1.353761,0.100193,2.194377,0.132066,0.000000,0.000000,0.040490,,0.069050,0.000000,,,,0.074011,0.150432,2.500000,0.890273,55.653034,0.000000,circle,预设轨迹15,forward
1775478783.832650,1.303923,1775478816.724946|完整运动,完整运动,circle_orbit,1,1.000000,2.500000,2.500000,,,,,,,,,,,,,,,,1.367418,0.103110,2.186845,0.124988,0.000000,0.000000,0.042793,,0.070479,0.000000,,,,0.075405,0.151950,2.500000,0.916127,55.627179,0.000000,circle,预设轨迹15,forward
1775478783.864322,1.335595,1775478816.724946|完整运动,完整运动,circle_orbit,1,1.000000,2.500000,2.500000,,,,,,,,,,,,,,,,1.380589,0.107795,2.170846,0.142929,0.000000,0.000000,0.047630,,0.073595,0.000000,,,,0.078079,0.153413,2.500000,0.968692,55.574615,0.000000,circle,预设轨迹15,forward
1775478783.885614,1.356886,1775478816.724946|完整运动,完整运动,circle_orbit,1,1.000000,2.500000,2.500000,,,,,,,,,,,,,,,,1.393446,0.110877,2.164842,0.133992,0.000000,0.000000,0.050318,,0.074396,0.000000,,,,0.079570,0.154842,2.500000,0.995121,55.548186,0.000000,circle,预设轨迹15,forward
1775478783.909360,1.380632,1775478816.724946|完整运动,完整运动,circle_orbit,1,1.000000,2.500000,2.500000,,,,,,,,,,,,,,,,1.405964,0.113979,2.157061,0.137245,0.000000,0.000000,0.053070,,0.075776,0.000000,,,,0.081068,0.156233,2.500000,1.022019,55.521288,0.000000,circle,预设轨迹15,forward
1775478783.941593,1.412866,1775478816.724946|完整运动,完整运动,circle_orbit,1,1.000000,2.500000,2.500000,,,,,,,,,,,,,,,,1.418015,0.118697,2.141051,0.154081,0.000000,0.000000,0.058149,,0.078936,0.000000,,,,0.083706,0.157572,2.500000,1.075980,55.467326,0.000000,circle,预设轨迹15,forward
1775478783.962851,1.434124,1775478816.724946|完整运动,完整运动,circle_orbit,1,1.000000,2.500000,2.500000,,,,,,,,,,,,,,,,1.429755,0.121563,2.134157,0.143063,0.000000,0.000000,0.060723,,0.080148,0.000000,,,,0.085024,0.158877,2.500000,1.103000,55.440307,0.000000,circle,预设轨迹15,forward
1775478783.986784,1.458056,1775478816.724946|完整运动,完整运动,circle_orbit,1,1.000000,2.500000,2.500000,,,,,,,,,,,,,,,,1.441165,0.124436,2.125791,0.145977,0.000000,0.000000,0.063327,,0.081872,0.000000,,,,0.086344,0.160145,2.500000,1.130184,55.413123,0.000000,circle,预设轨迹15,forward
1775478784.010911,1.482183,1775478816.724946|完整运动,完整运动,circle_orbit,1,1.000000,2.500000,2.500000,,,,,,,,,,,,,,,,1.452275,0.127300,2.118852,0.148784,0.000000,0.000000,0.065945,,0.083116,0.000000,,,,0.087656,0.161379,2.500000,1.157576,55.385731,0.000000,circle,预设轨迹15,forward
1775478784.031224,1.502496,1775478816.724946|完整运动,完整运动,circle_orbit,1,1.000000,2.500000,2.500000,,,,,,,,,,,,,,,,1.462951,0.132205,2.103518,0.168993,0.000000,0.000000,0.071482,,0.086030,0.000000,,,,0.090369,0.162566,2.500000,1.213561,55.329746,0.000000,circle,预设轨迹15,forward
1775478784.065166,1.536438,1775478816.724946|完整运动,完整运动,circle_orbit,1,1.000000,2.500000,2.500000,,,,,,,,,,,,,,,,1.473452,0.133112,2.103518,0.139911,0.000000,0.000000,0.071482,,0.086030,0.000000,,,,0.090340,0.163732,2.500000,1.213561,55.329746,0.000000,circle,预设轨迹15,forward
1775478784.098427,1.569700,1775478816.724946|完整运动,完整运动,circle_orbit,1,1.000000,2.500000,2.500000,,,,,,,,,,,,,,,,1.483448,0.138618,2.083179,0.179911,0.000000,0.000000,0.080444,,0.089299,0.000000,,,,0.093443,0.164843,2.500000,1.298566,55.244740,0.000000,circle,预设轨迹15,forward
1775478784.119510,1.590782,1775478816.724946|完整运动,完整运动,circle_orbit,1,1.000000,2.500000,2.500000,,,,,,,,,,,,,,,,1.493178,0.141659,2.076976,0.164466,0.000000,0.000000,0.083363,,0.090242,0.000000,,,,0.094871,0.165924,2.500000,1.327279,55.216027,0.000000,circle,预设轨迹15,forward
1775478784.142844,1.614117,1775478816.724946|完整运动,完整运动,circle_orbit,1,1.000000,2.500000,2.500000,,,,,,,,,,,,,,,,1.502644,0.144708,2.070643,0.167579,0.000000,0.000000,0.086349,,0.091215,0.000000,,,,0.096302,0.166976,2.500000,1.356300,55.187006,0.000000,circle,预设轨迹15,forward
1775478784.175693,1.646965,1775478816.724946|完整运动,完整运动,circle_orbit,1,1.000000,2.500000,2.500000,,,,,,,,,,,,,,,,1.511854,0.147855,2.064442,0.171457,0.000000,0.000000,0.089529,,0.092069,0.000000,,,,0.097797,0.168000,2.500000,1.385544,55.157762,0.000000,circle,预设轨迹15,forward
1775478784.197032,1.668305,1775478816.724946|完整运动,完整运动,circle_orbit,1,1.000000,2.500000,2.500000,,,,,,,,,,,,,,,,1.520697,0.153591,2.051280,0.196612,0.000000,0.000000,0.096445,,0.093851,0.000000,,,,0.101000,0.168982,2.500000,1.444705,55.098601,0.000000,circle,预设轨迹15,forward
1775478784.220438,1.691710,1775478816.724946|完整运动,完整运动,circle_orbit,1,1.000000,2.500000,2.500000,,,,,,,,,,,,,,,,1.529287,0.156862,2.044664,0.181395,0.000000,0.000000,0.100058,,0.094710,0.000000,,,,0.102572,0.169937,2.500000,1.474473,55.068834,0.000000,circle,预设轨迹15,forward
1775478784.252882,1.724154,1775478816.724946|完整运动,完整运动,circle_orbit,1,1.000000,2.500000,2.500000,,,,,,,,,,,,,,,,1.537650,0.160171,2.039442,0.184989,0.000000,0.000000,0.103786,,0.095009,0.000000,,,,0.104166,0.170866,2.500000,1.504333,55.038974,0.000000,circle,预设轨迹15,forward
1775478784.274461,1.745733,1775478816.724946|完整运动,完整运动,circle_orbit,1,1.000000,2.500000,2.500000,,,,,,,,,,,,,,,,1.545635,0.166337,2.024755,0.212582,0.000000,0.000000,0.111630,,0.097080,0.000000,,,,0.107617,0.171754,2.500000,1.564884,54.978423,0.000000,circle,预设轨迹15,forward
1775478784.297853,1.769125,1775478816.724946|完整运动,完整运动,circle_orbit,1,1.000000,2.500000,2.500000,,,,,,,,,,,,,,,,1.553377,0.169438,2.017857,0.192692,0.000000,0.000000,0.115333,,0.098072,0.000000,,,,0.109077,0.172614,2.500000,1.595396,54.947911,0.000000,circle,预设轨迹15,forward
1775478784.320745,1.792018,1775478816.724946|完整运动,完整运动,circle_orbit,1,1.000000,2.500000,2.500000,,,,,,,,,,,,,,,,1.560895,0.172591,2.011982,0.196244,0.000000,0.000000,0.119153,,0.098635,0.000000,,,,0.110572,0.173449,2.500000,1.625670,54.917637,0.000000,circle,预设轨迹15,forward
1775478784.341337,1.812610,1775478816.724946|完整运动,完整运动,circle_orbit,1,1.000000,2.500000,2.500000,,,,,,,,,,,,,,,,1.568186,0.175810,2.005665,0.199945,0.000000,0.000000,0.123112,,0.099322,0.000000,,,,0.112110,0.174259,2.500000,1.656133,54.887173,0.000000,circle,预设轨迹15,forward
1775478784.373659,1.844931,1775478816.724946|完整运动,完整运动,circle_orbit,1,1.000000,2.500000,2.500000,,,,,,,,,,,,,,,,1.575158,0.181952,1.993455,0.228022,0.000000,0.000000,0.131274,,0.100465,0.000000,,,,0.115514,0.175034,2.500000,1.717458,54.825849,0.000000,circle,预设轨迹15,forward
1775478784.399950,1.871223,1775478816.724946|完整运动,完整运动,circle_orbit,1,1.000000,2.500000,2.500000,,,,,,,,,,,,,,,,1.581911,0.185026,1.987108,0.208082,0.000000,0.000000,0.135286,,0.101186,0.000000,,,,0.116964,0.175785,2.500000,1.748385,54.794921,0.000000,circle,预设轨迹15,forward
1775478784.420435,1.891707,1775478816.724946|完整运动,完整运动,circle_orbit,1,1.000000,2.500000,2.500000,,,,,,,,,,,,,,,,1.588465,0.188078,1.981728,0.210967,0.000000,0.000000,0.139303,,0.101535,0.000000,,,,0.118402,0.176513,2.500000,1.779380,54.763926,0.000000,circle,预设轨迹15,forward
1775478784.451462,1.922734,1775478816.724946|完整运动,完整运动,circle_orbit,1,1.000000,2.500000,2.500000,,,,,,,,,,,,,,,,1.594827,0.191128,1.976557,0.214007,0.000000,0.000000,0.143357,,0.101796,0.000000,,,,0.119843,0.177220,2.500000,1.810327,54.732980,0.000000,circle,预设轨迹15,forward
1775478784.474573,1.945845,1775478816.724946|完整运动,完整运动,circle_orbit,1,1.000000,2.500000,2.500000,,,,,,,,,,,,,,,,1.600957,0.196896,1.968762,0.240153,0.000000,0.000000,0.151313,,0.101390,0.000000,,,,0.122986,0.177901,2.500000,1.872419,54.670887,0.000000,circle,预设轨迹15,forward
1775478784.497637,1.968909,1775478816.724946|完整运动,完整运动,circle_orbit,1,1.000000,2.500000,2.500000,,,,,,,,,,,,,,,,1.606934,0.199803,1.965553,0.221606,0.000000,0.000000,0.155395,,0.100871,0.000000,,,,0.124338,0.178565,2.500000,1.903578,54.639728,0.000000,circle,预设轨迹15,forward
1775478784.533742,2.005014,1775478816.724946|完整运动,完整运动,circle_orbit,1,1.000000,2.500000,2.500000,,,,,,,,,,,,,,,,1.612730,0.202638,1.960489,0.223897,0.000000,0.000000,0.159401,,0.101143,0.000000,,,,0.125649,0.179209,2.500000,1.935122,54.608185,0.000000,circle,预设轨迹15,forward
1775478784.567055,2.038328,1775478816.724946|完整运动,完整运动,circle_orbit,1,1.000000,2.500000,2.500000,,,,,,,,,,,,,,,,1.618323,0.208569,1.953901,0.253050,0.000000,0.000000,0.167837,,0.100081,0.000000,,,,0.128879,0.179831,2.500000,1.998253,54.545054,0.000000,circle,预设轨迹15,forward
1775478784.587540,2.058812,1775478816.724946|完整运动,完整运动,circle_orbit,1,1.000000,2.500000,2.500000,,,,,,,,,,,,,,,,1.623710,0.214546,1.946908,0.259372,0.000000,0.000000,0.176537,,0.099087,0.000000,,,,0.132133,0.180429,2.500000,2.061265,54.482041,0.000000,circle,预设轨迹15,forward
1775478784.619047,2.090319,1775478816.724946|完整运动,完整运动,circle_orbit,1,1.000000,2.500000,2.500000,,,,,,,,,,,,,,,,1.628955,0.217148,1.943649,0.236664,0.000000,0.000000,0.180634,,0.098611,0.000000,,,,0.133305,0.181012,2.500000,2.092826,54.450481,0.000000,circle,预设轨迹15,forward
1775478784.649191,2.120463,1775478816.724946|完整运动,完整运动,circle_orbit,1,1.000000,2.500000,2.500000,,,,,,,,,,,,,,,,1.634072,0.219795,1.941119,0.239650,0.000000,0.000000,0.184801,,0.097807,0.000000,,,,0.134508,0.181581,2.500000,2.124340,54.418967,0.000000,circle,预设轨迹15,forward
1775478784.669609,2.140881,1775478816.724946|完整运动,完整运动,circle_orbit,1,1.000000,2.500000,2.500000,,,,,,,,,,,,,,,,1.639013,0.225639,1.935455,0.269467,0.000000,0.000000,0.193523,,0.096286,0.000000,,,,0.137667,0.182130,2.500000,2.187719,54.355587,0.000000,circle,预设轨迹15,forward
1775478784.702656,2.173929,1775478816.724946|完整运动,完整运动,circle_orbit,1,1.000000,2.500000,2.500000,,,,,,,,,,,,,,,,1.643820,0.228236,1.932213,0.247719,0.000000,0.000000,0.197819,,0.095730,0.000000,,,,0.138845,0.182664,2.500000,2.219467,54.323840,0.000000,circle,预设轨迹15,forward
1775478784.729612,2.200884,1775478816.724946|完整运动,完整运动,circle_orbit,1,1.000000,2.500000,2.500000,,,,,,,,,,,,,,,,1.648517,0.230738,1.930366,0.249496,0.000000,0.000000,0.201985,,0.094652,0.000000,,,,0.139967,0.183186,2.500000,2.251251,54.292056,0.000000,circle,预设轨迹15,forward
1775478784.750418,2.221690,1775478816.724946|完整运动,完整运动,circle_orbit,1,1.000000,2.500000,2.500000,,,,,,,,,,,,,,,,1.653091,0.236040,1.927538,0.275807,0.000000,0.000000,0.210142,,0.092214,0.000000,,,,0.142787,0.183694,2.500000,2.314845,54.228462,0.000000,circle,预设轨迹15,forward
1775478784.782606,2.253879,1775478816.724946|完整运动,完整运动,circle_orbit,1,1.000000,2.500000,2.500000,,,,,,,,,,,,,,,,1.657590,0.236013,1.927538,0.235807,0.000000,0.000000,0.210142,,0.092214,0.000000,,,,0.142383,0.184194,2.500000,2.314845,54.228462,0.000000,circle,预设轨迹15,forward
1775478784.810050,2.281322,1775478816.724946|完整运动,完整运动,circle_orbit,1,1.000000,2.500000,2.500000,,,,,,,,,,,,,,,,1.661997,0.240694,1.926385,0.275807,0.000000,0.000000,0.218048,,0.089185,0.000000,,,,0.144822,0.184684,2.500000,2.379015,54.164292,0.000000,circle,预设轨迹15,forward
1775478784.830702,2.301975,1775478816.724946|完整运动,完整运动,circle_orbit,1,1.000000,2.500000,2.500000,,,,,,,,,,,,,,,,1.666333,0.245637,1.926516,0.282711,0.000000,0.000000,0.225878,,0.085650,0.000000,,,,0.147412,0.185166,2.500000,2.443808,54.099499,0.000000,circle,预设轨迹15,forward
1775478784.861392,2.332664,1775478816.724946|完整运动,完整运动,circle_orbit,1,1.000000,2.500000,2.500000,,,,,,,,,,,,,,,,1.670613,0.247843,1.927395,0.264382,0.000000,0.000000,0.229963,,0.083464,0.000000,,,,0.148354,0.185641,2.500000,2.476312,54.066994,0.000000,circle,预设轨迹15,forward
1775478784.884491,2.355764,1775478816.724946|完整运动,完整运动,circle_orbit,1,1.000000,2.500000,2.500000,,,,,,,,,,,,,,,,1.674837,0.250084,1.928310,0.266889,0.000000,0.000000,0.234093,,0.081244,0.000000,,,,0.149318,0.186111,2.500000,2.508551,54.034756,0.000000,circle,预设轨迹15,forward
1775478784.904963,2.376236,1775478816.724946|完整运动,完整运动,circle_orbit,1,1.000000,2.500000,2.500000,,,,,,,,,,,,,,,,1.679011,0.252290,1.929426,0.268839,0.000000,0.000000,0.238175,,0.078960,0.000000,,,,0.150261,0.186574,2.500000,2.540699,54.002608,0.000000,circle,预设轨迹15,forward
1775478784.935762,2.407034,1775478816.724946|完整运动,完整运动,circle_orbit,1,1.000000,2.500000,2.500000,,,,,,,,,,,,,,,,1.683122,0.254365,1.929787,0.269931,0.000000,0.000000,0.242072,,0.077077,0.000000,,,,0.151127,0.187031,2.500000,2.572976,53.970331,0.000000,circle,预设轨迹15,forward
1775478784.961537,2.432809,1775478816.724946|完整运动,完整运动,circle_orbit,1,1.000000,2.500000,2.500000,,,,,,,,,,,,,,,,1.687184,0.259150,1.930907,0.295037,0.000000,0.000000,0.249823,,0.073162,0.000000,,,,0.153599,0.187483,2.500000,2.637894,53.905413,0.000000,circle,预设轨迹15,forward
1775478784.981980,2.453252,1775478816.724946|完整运动,完整运动,circle_orbit,1,1.000000,2.500000,2.500000,,,,,,,,,,,,,,,,1.691203,0.261151,1.932323,0.276155,0.000000,0.000000,0.253766,,0.070817,0.000000,,,,0.154417,0.187929,2.500000,2.670348,53.872958,0.000000,circle,预设轨迹15,forward
1775478785.017167,2.488440,1775478816.724946|完整运动,完整运动,circle_orbit,1,1.000000,2.500000,2.500000,,,,,,,,,,,,,,,,1.695170,0.262959,1.933214,0.276517,0.000000,0.000000,0.257427,,0.068816,0.000000,,,,0.155122,0.188370,2.500000,2.702888,53.840418,0.000000,circle,预设轨迹15,forward
1775478785.040658,2.511930,1775478816.724946|完整运动,完整运动,circle_orbit,1,1.000000,2.500000,2.500000,,,,,,,,,,,,,,,,1.699129,0.267164,1.936683,0.298706,0.000000,0.000000,0.264491,,0.064229,0.000000,,,,0.157236,0.188810,2.500000,2.767759,53.775548,0.000000,circle,预设轨迹15,forward
1775478785.060971,2.532244,1775478816.724946|完整运动,完整运动,circle_orbit,1,1.000000,2.500000,2.500000,,,,,,,,,,,,,,,,1.703065,0.268710,1.939210,0.280301,0.000000,0.000000,0.267895,,0.061665,0.000000,,,,0.157780,0.189247,2.500000,2.800288,53.743019,0.000000,circle,预设轨迹15,forward
1775478785.092411,2.563683,1775478816.724946|完整运动,完整运动,circle_orbit,1,1.000000,2.500000,2.500000,,,,,,,,,,,,,,,,1.706986,0.270110,1.942242,0.280614,0.000000,0.000000,0.271067,,0.058997,0.000000,,,,0.158238,0.189683,2.500000,2.833151,53.710156,0.000000,circle,预设轨迹15,forward
1775478785.119564,2.590836,1775478816.724946|完整运动,完整运动,circle_orbit,1,1.000000,2.500000,2.500000,,,,,,,,,,,,,,,,1.710947,0.273446,1.948574,0.298463,0.000000,0.000000,0.276968,,0.053760,0.000000,,,,0.159821,0.190123,2.500000,2.899143,53.644163,0.000000,circle,预设轨迹15,forward
1775478785.139940,2.611212,1775478816.724946|完整运动,完整运动,circle_orbit,1,1.000000,2.500000,2.500000,,,,,,,,,,,,,,,,1.714924,0.274621,1.953561,0.283435,0.000000,0.000000,0.279882,,0.050418,0.000000,,,,0.160136,0.190565,2.500000,2.932279,53.611028,0.000000,circle,预设轨迹15,forward
1775478785.165730,2.637002,1775478816.724946|完整运动,完整运动,circle_orbit,1,1.000000,2.500000,2.500000,,,,,,,,,,,,,,,,1.718919,0.275866,1.958617,0.285200,0.000000,0.000000,0.282858,,0.047030,0.000000,,,,0.160488,0.191009,2.500000,2.965302,53.578005,0.000000,circle,预设轨迹15,forward
1775478785.190583,2.661856,1775478816.724946|完整运动,完整运动,circle_orbit,1,1.000000,2.500000,2.500000,,,,,,,,,,,,,,,,1.722934,0.277119,1.963828,0.286516,0.000000,0.000000,0.285818,,0.043598,0.000000,,,,0.160841,0.191455,2.500000,2.998360,53.544947,0.000000,circle,预设轨迹15,forward
1775478785.213236,2.684508,1775478816.724946|完整运动,完整运动,circle_orbit,1,1.000000,2.500000,2.500000,,,,,,,,,,,,,,,,1.727051,0.280595,1.974083,0.306667,0.000000,0.000000,0.291927,,0.036749,0.000000,,,,0.162470,0.191913,2.500000,3.064242,53.479065,0.000000,circle,预设轨迹15,forward
1775478785.250462,2.721735,1775478816.724946|完整运动,完整运动,circle_orbit,1,1.000000,2.500000,2.500000,,,,,,,,,,,,,,,,1.731162,0.281768,1.977840,0.290567,0.000000,0.000000,0.294861,,0.033942,0.000000,,,,0.162762,0.192370,2.500000,3.097427,53.445880,0.000000,circle,预设轨迹15,forward
1775478785.278889,2.750161,1775478816.724946|完整运动,完整运动,circle_orbit,1,1.000000,2.500000,2.500000,,,,,,,,,,,,,,,,1.735347,0.284714,1.986422,0.306813,0.000000,0.000000,0.300296,,0.028113,0.000000,,,,0.164068,0.192835,2.500000,3.163966,53.379340,0.000000,circle,预设轨迹15,forward
1775478785.299335,2.770608,1775478816.724946|完整运动,完整运动,circle_orbit,1,1.000000,2.500000,2.500000,,,,,,,,,,,,,,,,1.739561,0.285717,1.992405,0.293232,0.000000,0.000000,0.303041,,0.024531,0.000000,,,,0.164246,0.193303,2.500000,3.197139,53.346168,0.000000,circle,预设轨迹15,forward
1775478785.330095,2.801368,1775478816.724946|完整运动,完整运动,circle_orbit,1,1.000000,2.500000,2.500000,,,,,,,,,,,,,,,,1.743784,0.286693,1.997186,0.294016,0.000000,0.000000,0.305712,,0.021466,0.000000,,,,0.164408,0.193772,2.500000,3.230270,53.313037,0.000000,circle,预设轨迹15,forward
1775478785.356327,2.827599,1775478816.724946|完整运动,完整运动,circle_orbit,1,1.000000,2.500000,2.500000,,,,,,,,,,,,,,,,1.748119,0.289187,2.008186,0.307889,0.000000,0.000000,0.310518,,0.015044,0.000000,,,,0.165427,0.194254,2.500000,3.297075,53.246231,0.000000,circle,预设轨迹15,forward
1775478785.376620,2.847893,1775478816.724946|完整运动,完整运动,circle_orbit,1,1.000000,2.500000,2.500000,,,,,,,,,,,,,,,,1.752473,0.289689,2.013714,0.293458,0.000000,0.000000,0.312547,,0.012007,0.000000,,,,0.165303,0.194738,2.500000,3.330774,53.212533,0.000000,circle,预设轨迹15,forward
1775478785.399270,2.870543,1775478816.724946|完整运动,完整运动,circle_orbit,1,1.000000,2.500000,2.500000,,,,,,,,,,,,,,,,1.756871,0.290180,2.020759,0.293861,0.000000,0.000000,0.314503,,0.008432,0.000000,,,,0.165169,0.195226,2.500000,3.364821,53.178486,0.000000,circle,预设轨迹15,forward
1775478785.421225,2.892497,1775478816.724946|完整运动,完整运动,circle_orbit,1,1.000000,2.500000,2.500000,,,,,,,,,,,,,,,,1.761333,0.290631,2.029081,0.294016,0.000000,0.000000,0.316354,,0.004438,0.000000,,,,0.165006,0.195722,2.500000,3.398791,53.144515,0.000000,circle,预设轨迹15,forward
1775478785.447301,2.918574,1775478816.724946|完整运动,完整运动,circle_orbit,1,1.000000,2.500000,2.500000,,,,,,,,,,,,,,,,1.765692,0.292209,2.027221,0.304046,0.000000,0.000000,0.319776,,-0.003623,0.000000,,,,0.165493,0.196207,2.500000,3.466383,53.076924,0.000000,circle,预设轨迹15,forward
1775478785.473888,2.945161,1775478816.724946|完整运动,完整运动,circle_orbit,1,1.000000,2.500000,2.500000,,,,,,,,,,,,,,,,1.769980,0.291377,2.027221,0.285133,0.000000,0.000000,0.319776,,-0.003623,0.000000,,,,0.164622,0.196683,2.500000,3.466383,53.076924,0.000000,circle,预设轨迹15,forward
1775478785.494537,2.965810,1775478816.724946|完整运动,完整运动,circle_orbit,1,1.000000,2.500000,2.500000,,,,,,,,,,,,,,,,1.773837,0.292537,2.005293,0.301238,0.000000,0.000000,0.322512,,-0.010836,0.000000,,,,0.164918,0.197112,2.500000,3.534131,53.009176,0.000000,circle,预设轨迹15,forward
1775478785.520084,2.991356,1775478816.724946|完整运动,完整运动,circle_orbit,1,1.000000,2.500000,2.500000,,,,,,,,,,,,,,,,1.777460,0.292746,1.994848,0.294314,0.000000,0.000000,0.323902,,-0.014298,0.000000,,,,0.164699,0.197514,2.500000,3.568274,52.975033,0.000000,circle,预设轨迹15,forward
1775478785.540721,3.011993,1775478816.724946|完整运动,完整运动,circle_orbit,1,1.000000,2.500000,2.500000,,,,,,,,,,,,,,,,1.780846,0.292958,1.983969,0.294548,0.000000,0.000000,0.325253,,-0.017992,0.000000,,,,0.164505,0.197890,2.500000,3.602361,52.940946,0.000000,circle,预设轨迹15,forward
1775478785.570322,3.041594,1775478816.724946|完整运动,完整运动,circle_orbit,1,1.000000,2.500000,2.500000,,,,,,,,,,,,,,,,1.784023,0.292995,1.974669,0.293272,0.000000,0.000000,0.326316,,-0.021229,0.000000,,,,0.164233,0.198244,2.500000,3.636676,52.906630,0.000000,circle,预设轨迹15,forward
1775478785.596835,3.068107,1775478816.724946|完整运动,完整运动,circle_orbit,1,1.000000,2.500000,2.500000,,,,,,,,,,,,,,,,1.786799,0.293706,1.953380,0.299043,0.000000,0.000000,0.328312,,-0.028965,0.000000,,,,0.164376,0.198552,2.500000,3.704717,52.838590,0.000000,circle,预设轨迹15,forward
1775478785.618482,3.089754,1775478816.724946|完整运动,完整运动,circle_orbit,1,1.000000,2.500000,2.500000,,,,,,,,,,,,,,,,1.789388,0.293565,1.944687,0.292503,0.000000,0.000000,0.329092,,-0.032194,0.000000,,,,0.164059,0.198840,2.500000,3.739094,52.804212,0.000000,circle,预设轨迹15,forward
1775478785.641695,3.112968,1775478816.724946|完整运动,完整运动,circle_orbit,1,1.000000,2.500000,2.500000,,,,,,,,,,,,,,,,1.791822,0.293187,1.937885,0.290353,0.000000,0.000000,0.329487,,-0.034839,0.000000,,,,0.163625,0.199110,2.500000,3.773610,52.769697,0.000000,circle,预设轨迹15,forward
1775478785.665990,3.137262,1775478816.724946|完整运动,完整运动,circle_orbit,1,1.000000,2.500000,2.500000,,,,,,,,,,,,,,,,1.794070,0.292771,1.928920,0.289652,0.000000,0.000000,0.329774,,-0.038458,0.000000,,,,0.163188,0.199360,2.500000,3.808458,52.734849,0.000000,circle,预设轨迹15,forward
1775478785.691048,3.162321,1775478816.724946|完整运动,完整运动,circle_orbit,1,1.000000,2.500000,2.500000,,,,,,,,,,,,,,,,1.796084,0.292516,1.916944,0.290607,0.000000,0.000000,0.330245,,-0.043310,0.000000,,,,0.162863,0.199584,2.500000,3.843261,52.700045,0.000000,circle,预设轨迹15,forward
1775478785.713898,3.185171,1775478816.724946|完整运动,完整运动,circle_orbit,1,1.000000,2.500000,2.500000,,,,,,,,,,,,,,,,1.797716,0.292542,1.895658,0.292734,0.000000,0.000000,0.331099,,-0.052083,0.000000,,,,0.162730,0.199765,2.500000,3.912645,52.630662,0.000000,circle,预设轨迹15,forward
1775478785.742406,3.213678,1775478816.724946|完整运动,完整运动,circle_orbit,1,1.000000,2.500000,2.500000,,,,,,,,,,,,,,,,1.799322,0.291990,1.895658,0.287851,0.000000,0.000000,0.331099,,-0.052083,0.000000,,,,0.162278,0.199944,2.500000,3.912645,52.630662,0.000000,circle,预设轨迹15,forward
1775478785.764384,3.235656,1775478816.724946|完整运动,完整运动,circle_orbit,1,1.000000,2.500000,2.500000,,,,,,,,,,,,,,,,1.800603,0.291497,1.877465,0.287795,0.000000,0.000000,0.331153,,-0.060046,0.000000,,,,0.161888,0.200086,2.500000,3.981795,52.561511,0.000000,circle,预设轨迹15,forward
1775478785.790119,3.261391,1775478816.724946|完整运动,完整运动,circle_orbit,1,1.000000,2.500000,2.500000,,,,,,,,,,,,,,,,1.801723,0.290890,1.868923,0.286344,0.000000,0.000000,0.331009,,-0.063914,0.000000,,,,0.161451,0.200210,2.500000,4.016477,52.526830,0.000000,circle,预设轨迹15,forward
1775478785.811345,3.282618,1775478816.724946|完整运动,完整运动,circle_orbit,1,1.000000,2.500000,2.500000,,,,,,,,,,,,,,,,1.802560,0.289926,1.852785,0.282692,0.000000,0.000000,0.330331,,-0.071497,0.000000,,,,0.160841,0.200303,2.500000,4.085913,52.457394,0.000000,circle,预设轨迹15,forward
1775478785.832217,3.303489,1775478816.724946|完整运动,完整运动,circle_orbit,1,1.000000,2.500000,2.500000,,,,,,,,,,,,,,,,1.803383,0.289489,1.852785,0.286210,0.000000,0.000000,0.330331,,-0.071497,0.000000,,,,0.160525,0.200395,2.500000,4.085913,52.457394,0.000000,circle,预设轨迹15,forward
1775478785.858281,3.329553,1775478816.724946|完整运动,完整运动,circle_orbit,1,1.000000,2.500000,2.500000,,,,,,,,,,,,,,,,1.803938,0.287982,1.837223,0.276679,0.000000,0.000000,0.328805,,-0.079319,0.000000,,,,0.159641,0.200457,2.500000,4.155242,52.388064,0.000000,circle,预设轨迹15,forward
1775478785.878580,3.349852,1775478816.724946|完整运动,完整运动,circle_orbit,1,1.000000,2.500000,2.500000,,,,,,,,,,,,,,,,1.804372,0.286784,1.830428,0.277805,0.000000,0.000000,0.327640,,-0.082994,0.000000,,,,0.158939,0.200505,2.500000,4.190241,52.353066,0.000000,circle,预设轨迹15,forward
1775478785.908597,3.379869,1775478816.724946|完整运动,完整运动,circle_orbit,1,1.000000,2.500000,2.500000,,,,,,,,,,,,,,,,1.804677,0.285519,1.822959,0.276029,0.000000,0.000000,0.326323,,-0.087076,0.000000,,,,0.158211,0.200539,2.500000,4.225059,52.318248,0.000000,circle,预设轨迹15,forward
1775478785.929576,3.400849,1775478816.724946|完整运动,完整运动,circle_orbit,1,1.000000,2.500000,2.500000,,,,,,,,,,,,,,,,1.804867,0.284143,1.816264,0.273822,0.000000,0.000000,0.324795,,-0.090916,0.000000,,,,0.157432,0.200560,2.500000,4.260398,52.282909,0.000000,circle,预设轨迹15,forward
1775478785.950847,3.422120,1775478816.724946|完整运动,完整运动,circle_orbit,1,1.000000,2.500000,2.500000,,,,,,,,,,,,,,,,1.804825,0.281938,1.802289,0.265400,0.000000,0.000000,0.322048,,-0.098807,0.000000,,,,0.156213,0.200555,2.500000,4.330884,52.212422,0.000000,circle,预设轨迹15,forward
1775478785.982113,3.453386,1775478816.724946|完整运动,完整运动,circle_orbit,1,1.000000,2.500000,2.500000,,,,,,,,,,,,,,,,1.804669,0.280707,1.795320,0.271474,0.000000,0.000000,0.320589,,-0.102821,0.000000,,,,0.155545,0.200538,2.500000,4.365959,52.177348,0.000000,circle,预设轨迹15,forward
1775478786.013313,3.484586,1775478816.724946|完整运动,完整运动,circle_orbit,1,1.000000,2.500000,2.500000,,,,,,,,,,,,,,,,1.804399,0.279323,1.788228,0.268940,0.000000,0.000000,0.318875,,-0.107034,0.000000,,,,0.154801,0.200508,2.500000,4.400947,52.142360,0.000000,circle,预设轨迹15,forward
1775478786.033715,3.504988,1775478816.724946|完整运动,完整运动,circle_orbit,1,1.000000,2.500000,2.500000,,,,,,,,,,,,,,,,1.803939,0.276441,1.776317,0.254827,0.000000,0.000000,0.315005,,-0.114614,0.000000,,,,0.153243,0.200457,2.500000,4.471398,52.071909,0.000000,circle,预设轨迹15,forward
1775478786.062039,3.533312,1775478816.724946|完整运动,完整运动,circle_orbit,1,1.000000,2.500000,2.500000,,,,,,,,,,,,,,,,1.803383,0.274809,1.769995,0.262571,0.000000,0.000000,0.312791,,-0.118740,0.000000,,,,0.152385,0.200395,2.500000,4.506546,52.036761,0.000000,circle,预设轨迹15,forward
1775478786.094163,3.565436,1775478816.724946|完整运动,完整运动,circle_orbit,1,1.000000,2.500000,2.500000,,,,,,,,,,,,,,,,1.802732,0.273248,1.763710,0.261541,0.000000,0.000000,0.310632,,-0.122845,0.000000,,,,0.151574,0.200323,2.500000,4.541592,52.001715,0.000000,circle,预设轨迹15,forward
1775478786.114673,3.585945,1775478816.724946|完整运动,完整运动,circle_orbit,1,1.000000,2.500000,2.500000,,,,,,,,,,,,,,,,1.801894,0.270095,1.751628,0.246447,0.000000,0.000000,0.306188,,-0.130931,0.000000,,,,0.149895,0.200229,2.500000,4.610462,51.932844,0.000000,circle,预设轨迹15,forward
1775478786.149406,3.620678,1775478816.724946|完整运动,完整运动,circle_orbit,1,1.000000,2.500000,2.500000,,,,,,,,,,,,,,,,1.800976,0.268291,1.745876,0.254759,0.000000,0.000000,0.303539,,-0.135047,0.000000,,,,0.148970,0.200127,2.500000,4.644769,51.898538,0.000000,circle,预设轨迹15,forward
1775478786.173961,3.645233,1775478816.724946|完整运动,完整运动,circle_orbit,1,1.000000,2.500000,2.500000,,,,,,,,,,,,,,,,1.799984,0.266307,1.740459,0.251431,0.000000,0.000000,0.300592,,-0.139142,0.000000,,,,0.147950,0.200017,2.500000,4.679043,51.864264,0.000000,circle,预设轨迹15,forward
1775478786.194495,3.665767,1775478816.724946|完整运动,完整运动,circle_orbit,1,1.000000,2.500000,2.500000,,,,,,,,,,,,,,,,1.798794,0.262095,1.727366,0.230501,0.000000,0.000000,0.294452,,-0.148676,0.000000,,,,0.145706,0.199885,2.500000,4.747819,51.795487,0.000000,circle,预设轨迹15,forward
1775478786.228256,3.699529,1775478816.724946|完整运动,完整运动,circle_orbit,1,1.000000,2.500000,2.500000,,,,,,,,,,,,,,,,1.797623,0.262333,1.727366,0.264119,0.000000,0.000000,0.294452,,-0.148676,0.000000,,,,0.145933,0.199755,2.500000,4.747819,51.795487,0.000000,circle,预设轨迹15,forward
1775478786.260253,3.731526,1775478816.724946|完整运动,完整运动,circle_orbit,1,1.000000,2.500000,2.500000,,,,,,,,,,,,,,,,1.796220,0.257837,1.712075,0.224119,0.000000,0.000000,0.285114,,-0.160906,0.000000,,,,0.143544,0.199599,2.500000,4.850165,51.693141,0.000000,circle,预设轨迹15,forward
1775478786.282172,3.753444,1775478816.724946|完整运动,完整运动,circle_orbit,1,1.000000,2.500000,2.500000,,,,,,,,,,,,,,,,1.794786,0.255331,1.708758,0.236534,0.000000,0.000000,0.281369,,-0.164343,0.000000,,,,0.142262,0.199440,2.500000,4.884407,51.658899,0.000000,circle,预设轨迹15,forward
1775478786.305954,3.777227,1775478816.724946|完整运动,完整运动,circle_orbit,1,1.000000,2.500000,2.500000,,,,,,,,,,,,,,,,1.793319,0.252813,1.705302,0.233934,0.000000,0.000000,0.277525,,-0.167904,0.000000,,,,0.140975,0.199277,2.500000,4.918770,51.624537,0.000000,circle,预设轨迹15,forward
1775478786.338847,3.810119,1775478816.724946|完整运动,完整运动,circle_orbit,1,1.000000,2.500000,2.500000,,,,,,,,,,,,,,,,1.791813,0.246956,1.701450,0.203029,0.000000,0.000000,0.268869,,-0.173826,0.000000,,,,0.137825,0.199109,2.500000,4.987711,51.555595,0.000000,circle,预设轨迹15,forward
1775478786.360159,3.831432,1775478816.724946|完整运动,完整运动,circle_orbit,1,1.000000,2.500000,2.500000,,,,,,,,,,,,,,,,1.790323,0.244129,1.700912,0.222925,0.000000,0.000000,0.264259,,-0.176165,0.000000,,,,0.136360,0.198944,2.500000,5.022150,51.521156,0.000000,circle,预设轨迹15,forward
1775478786.383501,3.854774,1775478816.724946|完整运动,完整运动,circle_orbit,1,1.000000,2.500000,2.500000,,,,,,,,,,,,,,,,1.788849,0.241224,1.700403,0.219439,0.000000,0.000000,0.259457,,-0.178575,0.000000,,,,0.134849,0.198780,2.500000,5.056646,51.486660,0.000000,circle,预设轨迹15,forward
1775478786.407259,3.878532,1775478816.724946|完整运动,完整运动,circle_orbit,1,1.000000,2.500000,2.500000,,,,,,,,,,,,,,,,1.787390,0.238245,1.699824,0.215902,0.000000,0.000000,0.254469,,-0.181105,0.000000,,,,0.133292,0.198618,2.500000,5.091519,51.451788,0.000000,circle,预设轨迹15,forward
1775478786.427534,3.898806,1775478816.724946|完整运动,完整运动,circle_orbit,1,1.000000,2.500000,2.500000,,,,,,,,,,,,,,,,1.785937,0.231726,1.698760,0.182832,0.000000,0.000000,0.244380,,-0.186165,0.000000,,,,0.129750,0.198456,2.500000,5.161596,51.381711,0.000000,circle,预设轨迹15,forward
1775478786.457645,3.928917,1775478816.724946|完整运动,完整运动,circle_orbit,1,1.000000,2.500000,2.500000,,,,,,,,,,,,,,,,1.784508,0.230680,1.698760,0.222832,0.000000,0.000000,0.244380,,-0.186165,0.000000,,,,0.129268,0.198297,2.500000,5.161596,51.381711,0.000000,circle,预设轨迹15,forward
1775478786.482929,3.954202,1775478816.724946|完整运动,完整运动,circle_orbit,1,1.000000,2.500000,2.500000,,,,,,,,,,,,,,,,1.783094,0.225051,1.698284,0.182832,0.000000,0.000000,0.234169,,-0.190961,0.000000,,,,0.126214,0.198140,2.500000,5.231635,51.311672,0.000000,circle,预设轨迹15,forward
1775478786.503210,3.974483,1775478816.724946|完整运动,完整运动,circle_orbit,1,1.000000,2.500000,2.500000,,,,,,,,,,,,,,,,1.781680,0.222466,1.696833,0.203077,0.000000,0.000000,0.229119,,-0.193993,0.000000,,,,0.124863,0.197983,2.500000,5.266483,51.276824,0.000000,circle,预设轨迹15,forward
1775478786.532015,4.003287,1775478816.724946|完整运动,完整运动,circle_orbit,1,1.000000,2.500000,2.500000,,,,,,,,,,,,,,,,1.780278,0.216527,1.696140,0.171986,0.000000,0.000000,0.219287,,-0.198739,0.000000,,,,0.121625,0.197827,2.500000,5.336084,51.207222,0.000000,circle,预设轨迹15,forward
1775478786.556671,4.027943,1775478816.724946|完整运动,完整运动,circle_orbit,1,1.000000,2.500000,2.500000,,,,,,,,,,,,,,,,1.778935,0.213982,1.698396,0.194899,0.000000,0.000000,0.214065,,-0.199837,0.000000,,,,0.120287,0.197678,2.500000,5.370888,51.172418,0.000000,circle,预设轨迹15,forward
1775478786.577027,4.048300,1775478816.724946|完整运动,完整运动,circle_orbit,1,1.000000,2.500000,2.500000,,,,,,,,,,,,,,,,1.777670,0.211067,1.701730,0.189203,0.000000,0.000000,0.208293,,-0.200600,0.000000,,,,0.118733,0.197538,2.500000,5.405656,51.137650,0.000000,circle,预设轨迹15,forward
1775478786.608397,4.079669,1775478816.724946|完整运动,完整运动,circle_orbit,1,1.000000,2.500000,2.500000,,,,,,,,,,,,,,,,1.776470,0.207924,1.704472,0.184347,0.000000,0.000000,0.202155,,-0.201851,0.000000,,,,0.117043,0.197404,2.500000,5.440318,51.102989,0.000000,circle,预设轨迹15,forward
1775478786.634474,4.105746,1775478816.724946|完整运动,完整运动,circle_orbit,1,1.000000,2.500000,2.500000,,,,,,,,,,,,,,,,1.775317,0.200606,1.706180,0.145722,0.000000,0.000000,0.190044,,-0.206317,0.000000,,,,0.112997,0.197276,2.500000,5.509150,51.034157,0.000000,circle,预设轨迹15,forward
1775478786.654777,4.126050,1775478816.724946|完整运动,完整运动,circle_orbit,1,1.000000,2.500000,2.500000,,,,,,,,,,,,,,,,1.774189,0.197679,1.706462,0.175724,0.000000,0.000000,0.183898,,-0.208897,0.000000,,,,0.111419,0.197151,2.500000,5.543761,50.999545,0.000000,circle,预设轨迹15,forward
1775478786.683971,4.155244,1775478816.724946|完整运动,完整运动,circle_orbit,1,1.000000,2.500000,2.500000,,,,,,,,,,,,,,,,1.773100,0.194563,1.707760,0.171193,0.000000,0.000000,0.177458,,-0.211063,0.000000,,,,0.109730,0.197030,2.500000,5.578456,50.964850,0.000000,circle,预设轨迹15,forward
1775478786.714986,4.186258,1775478816.724946|完整运动,完整运动,circle_orbit,1,1.000000,2.500000,2.500000,,,,,,,,,,,,,,,,1.772049,0.191489,1.708979,0.168440,0.000000,0.000000,0.171042,,-0.213263,0.000000,,,,0.108061,0.196913,2.500000,5.613456,50.929851,0.000000,circle,预设轨迹15,forward
1775478786.737043,4.208316,1775478816.724946|完整运动,完整运动,circle_orbit,1,1.000000,2.500000,2.500000,,,,,,,,,,,,,,,,1.770984,0.184469,1.707134,0.131821,0.000000,0.000000,0.159000,,-0.219603,0.000000,,,,0.104162,0.196795,2.500000,5.683194,50.860113,0.000000,circle,预设轨迹15,forward
1775478786.759204,4.230477,1775478816.724946|完整运动,完整运动,circle_orbit,1,1.000000,2.500000,2.500000,,,,,,,,,,,,,,,,1.769962,0.181910,1.708640,0.162713,0.000000,0.000000,0.153046,,-0.221443,0.000000,,,,0.102776,0.196681,2.500000,5.717725,50.825582,0.000000,circle,预设轨迹15,forward
1775478786.796140,4.267413,1775478816.724946|完整运动,完整运动,circle_orbit,1,1.000000,2.500000,2.500000,,,,,,,,,,,,,,,,1.768998,0.179187,1.711112,0.158761,0.000000,0.000000,0.146858,,-0.222872,0.000000,,,,0.101293,0.196574,2.500000,5.752251,50.791055,0.000000,circle,预设轨迹15,forward
1775478786.832336,4.303609,1775478816.724946|完整运动,完整运动,circle_orbit,1,1.000000,2.500000,2.500000,,,,,,,,,,,,,,,,1.768128,0.172078,1.715977,0.118761,0.000000,0.000000,0.134224,,-0.225899,0.000000,,,,0.097322,0.196477,2.500000,5.821485,50.721822,0.000000,circle,预设轨迹15,forward
1775478786.869499,4.340771,1775478816.724946|完整运动,完整运动,circle_orbit,1,1.000000,2.500000,2.500000,,,,,,,,,,,,,,,,1.767320,0.169397,1.718820,0.149293,0.000000,0.000000,0.127858,,-0.227223,0.000000,,,,0.095850,0.196388,2.500000,5.856264,50.687043,0.000000,circle,预设轨迹15,forward
1775478786.906215,4.377488,1775478816.724946|完整运动,完整运动,circle_orbit,1,1.000000,2.500000,2.500000,,,,,,,,,,,,,,,,1.766647,0.162326,1.726284,0.109293,0.000000,0.000000,0.108271,,-0.231999,0.000000,,,,0.091884,0.196313,2.500000,5.959879,50.583427,0.000000,circle,预设轨迹15,forward
1775478786.936291,4.407563,1775478816.724946|完整运动,完整运动,circle_orbit,1,1.000000,2.500000,2.500000,,,,,,,,,,,,,,,,1.766030,0.159063,1.729007,0.134590,0.000000,0.000000,0.101406,,-0.233624,0.000000,,,,0.090068,0.196244,2.500000,5.994376,50.548930,0.000000,circle,预设轨迹15,forward
1775478786.958859,4.430132,1775478816.724946|完整运动,完整运动,circle_orbit,1,1.000000,2.500000,2.500000,,,,,,,,,,,,,,,,1.765533,0.151478,1.735694,0.094590,0.000000,0.000000,0.087256,,-0.236432,0.000000,,,,0.085797,0.196189,2.500000,6.063672,50.479635,0.000000,circle,预设轨迹15,forward
1775478786.979501,4.450773,1775478816.724946|完整运动,完整运动,circle_orbit,1,1.000000,2.500000,2.500000,,,,,,,,,,,,,,,,1.765102,0.148141,1.739245,0.123112,0.000000,0.000000,0.079994,,-0.237822,0.000000,,,,0.083928,0.196141,2.500000,6.098550,50.444757,0.000000,circle,预设轨迹15,forward
1775478787.007324,4.478597,1775478816.724946|完整运动,完整运动,circle_orbit,1,1.000000,2.500000,2.500000,,,,,,,,,,,,,,,,1.764722,0.144914,1.741934,0.120714,0.000000,0.000000,0.072819,,-0.239625,0.000000,,,,0.082117,0.196099,2.500000,6.133438,50.409869,0.000000,circle,预设轨迹15,forward
1775478787.029779,4.501051,1775478816.724946|完整运动,完整运动,circle_orbit,1,1.000000,2.500000,2.500000,,,,,,,,,,,,,,,,1.764461,0.137361,1.748775,0.080714,0.000000,0.000000,0.058657,,-0.242411,0.000000,,,,0.077849,0.196070,2.500000,6.202839,50.340468,0.000000,circle,预设轨迹15,forward
1775478787.050337,4.521609,1775478816.724946|完整运动,完整运动,circle_orbit,1,1.000000,2.500000,2.500000,,,,,,,,,,,,,,,,1.764270,0.134381,1.752804,0.112026,0.000000,0.000000,0.051543,,-0.243519,0.000000,,,,0.076168,0.196049,2.500000,6.237358,50.305948,0.000000,circle,预设轨迹15,forward
1775478787.072056,4.543328,1775478816.724946|完整运动,完整运动,circle_orbit,1,1.000000,2.500000,2.500000,,,,,,,,,,,,,,,,1.764170,0.131235,1.758200,0.107647,0.000000,0.000000,0.044152,,-0.244068,0.000000,,,,0.074389,0.196037,2.500000,6.272199,50.271108,0.000000,circle,预设轨迹15,forward
1775478787.092580,4.563853,1775478816.724946|完整运动,完整运动,circle_orbit,1,1.000000,2.500000,2.500000,,,,,,,,,,,,,,,,1.764159,0.128210,1.763469,0.105522,0.000000,0.000000,0.036881,,-0.244644,0.000000,,,,0.072675,0.196036,2.500000,6.306940,50.236367,0.000000,circle,预设轨迹15,forward
1775478787.120962,4.592235,1775478816.724946|完整运动,完整运动,circle_orbit,1,1.000000,2.500000,2.500000,,,,,,,,,,,,,,,,1.764232,0.125199,1.768612,0.102611,0.000000,0.000000,0.029584,,-0.245311,0.000000,,,,0.070965,0.196044,2.500000,6.341721,50.201586,0.000000,circle,预设轨迹15,forward
1775478787.149663,4.620936,1775478816.724946|完整运动,完整运动,circle_orbit,1,1.000000,2.500000,2.500000,,,,,,,,,,,,,,,,1.764399,0.122304,1.774436,0.100596,0.000000,0.000000,0.022409,,-0.245601,0.000000,,,,0.069318,0.196063,2.500000,6.376464,50.166843,0.000000,circle,预设轨迹15,forward
1775478787.171884,4.643157,1775478816.724946|完整运动,完整运动,circle_orbit,1,1.000000,2.500000,2.500000,,,,,,,,,,,,,,,,1.764778,0.115044,1.787514,0.060596,0.000000,0.000000,0.007686,,-0.245703,0.000000,,,,0.065189,0.196105,2.500000,6.445519,50.097787,0.000000,circle,预设轨迹15,forward
1775478787.193099,4.664371,1775478816.724946|完整运动,完整运动,circle_orbit,1,1.000000,2.500000,2.500000,,,,,,,,,,,,,,,,1.765262,0.111826,1.794296,0.087691,0.000000,0.000000,-0.000160,,-0.245744,0.000000,,,,0.063348,0.196159,2.500000,6.480148,50.063158,0.000000,circle,预设轨迹15,forward
1775478787.227749,4.699022,1775478816.724946|完整运动,完整运动,circle_orbit,1,1.000000,2.500000,2.500000,,,,,,,,,,,,,,,,1.765612,0.108560,1.786620,0.084061,0.000000,0.000000,-0.008127,,-0.245944,0.000000,,,,0.061486,0.196198,2.500000,6.515070,50.028237,0.000000,circle,预设轨迹15,forward
1775478787.249461,4.720734,1775478816.724946|完整运动,完整运动,circle_orbit,1,1.000000,2.500000,2.500000,,,,,,,,,,,,,,,,1.765683,0.100972,1.769921,0.044061,0.000000,0.000000,-0.023880,,-0.247193,0.000000,,,,0.057186,0.196206,2.500000,6.585031,49.958276,0.000000,circle,预设轨迹15,forward
1775478787.270330,4.741603,1775478816.724946|完整运动,完整运动,circle_orbit,1,1.000000,2.500000,2.500000,,,,,,,,,,,,,,,,1.765619,0.098091,1.761778,0.076486,0.000000,0.000000,-0.031503,,-0.247885,0.000000,,,,0.055556,0.196198,2.500000,6.620012,49.923294,0.000000,circle,预设轨迹15,forward
1775478787.308559,4.779831,1775478816.724946|完整运动,完整运动,circle_orbit,1,1.000000,2.500000,2.500000,,,,,,,,,,,,,,,,1.765449,0.095279,1.755246,0.074186,0.000000,0.000000,-0.039058,,-0.247828,0.000000,,,,0.053969,0.196180,2.500000,6.654626,49.888681,0.000000,circle,预设轨迹15,forward
1775478787.337002,4.808274,1775478816.724946|完整运动,完整运动,circle_orbit,1,1.000000,2.500000,2.500000,,,,,,,,,,,,,,,,1.765173,0.092198,1.748658,0.069092,0.000000,0.000000,-0.047021,,-0.247642,0.000000,,,,0.052232,0.196149,2.500000,6.688950,49.854356,0.000000,circle,预设轨迹15,forward
1775478787.366118,4.837390,1775478816.724946|完整运动,完整运动,circle_orbit,1,1.000000,2.500000,2.500000,,,,,,,,,,,,,,,,1.764675,0.084774,1.734774,0.029092,0.000000,0.000000,-0.062245,,-0.248026,0.000000,,,,0.048039,0.196094,2.500000,6.758098,49.785209,0.000000,circle,预设轨迹15,forward
1775478787.386423,4.857695,1775478816.724946|完整运动,完整运动,circle_orbit,1,1.000000,2.500000,2.500000,,,,,,,,,,,,,,,,1.764100,0.082082,1.729614,0.061898,0.000000,0.000000,-0.069883,,-0.247319,0.000000,,,,0.046529,0.196030,2.500000,6.792958,49.750349,0.000000,circle,预设轨迹15,forward
1775478787.415178,4.886451,1775478816.724946|完整运动,完整运动,circle_orbit,1,1.000000,2.500000,2.500000,,,,,,,,,,,,,,,,1.763431,0.079653,1.723289,0.061431,0.000000,0.000000,-0.077161,,-0.247400,0.000000,,,,0.045169,0.195955,2.500000,6.827445,49.715861,0.000000,circle,预设轨迹15,forward
1775478787.437235,4.908507,1775478816.724946|完整运动,完整运动,circle_orbit,1,1.000000,2.500000,2.500000,,,,,,,,,,,,,,,,1.762683,0.077218,1.717812,0.058954,0.000000,0.000000,-0.084446,,-0.247053,0.000000,,,,0.043807,0.195872,2.500000,6.862055,49.681252,0.000000,circle,预设轨迹15,forward
1775478787.458337,4.929609,1775478816.724946|完整运动,完整运动,circle_orbit,1,1.000000,2.500000,2.500000,,,,,,,,,,,,,,,,1.761793,0.070363,1.708359,0.018954,0.000000,0.000000,-0.099185,,-0.245534,0.000000,,,,0.039938,0.195773,2.500000,6.930968,49.612339,0.000000,circle,预设轨迹15,forward
1775478787.489721,4.960994,1775478816.724946|完整运动,完整运动,circle_orbit,1,1.000000,2.500000,2.500000,,,,,,,,,,,,,,,,1.760833,0.067622,1.703276,0.047068,0.000000,0.000000,-0.107058,,-0.244764,0.000000,,,,0.038404,0.195667,2.500000,6.965696,49.577610,0.000000,circle,预设轨迹15,forward
1775478787.522458,4.993731,1775478816.724946|完整运动,完整运动,circle_orbit,1,1.000000,2.500000,2.500000,,,,,,,,,,,,,,,,1.759729,0.060498,1.693432,0.007068,0.000000,0.000000,-0.123148,,-0.242944,0.000000,,,,0.034379,0.195544,2.500000,7.035794,49.507513,0.000000,circle,预设轨迹15,forward
1775478787.544445,5.015718,1775478816.724946|完整运动,完整运动,circle_orbit,1,1.000000,2.500000,2.500000,,,,,,,,,,,,,,,,1.758549,0.057805,1.687791,0.037606,0.000000,0.000000,-0.131070,,-0.242508,0.000000,,,,0.032871,0.195413,2.500000,7.070969,49.472338,0.000000,circle,预设轨迹15,forward
1775478787.564905,5.036178,1775478816.724946|完整运动,完整运动,circle_orbit,1,1.000000,2.500000,2.500000,,,,,,,,,,,,,,,,1.757302,0.055260,1.682496,0.036175,0.000000,0.000000,-0.138795,,-0.241987,0.000000,,,,0.031446,0.195274,2.500000,7.105974,49.437333,0.000000,circle,预设轨迹15,forward
1775478787.596445,5.067718,1775478816.724946|完整运动,完整运动,circle_orbit,1,1.000000,2.500000,2.500000,,,,,,,,,,,,,,,,1.756003,0.052659,1.678010,0.033146,0.000000,0.000000,-0.146610,,-0.240996,0.000000,,,,0.029988,0.195130,2.500000,7.140828,49.402479,0.000000,circle,预设轨迹15,forward
1775478787.616977,5.088249,1775478816.724946|完整运动,完整运动,circle_orbit,1,1.000000,2.500000,2.500000,,,,,,,,,,,,,,,,1.754584,0.045657,1.669487,-0.006854,0.000000,0.000000,-0.162052,,-0.238887,0.000000,,,,0.026022,0.194972,2.500000,7.210694,49.332613,0.000000,circle,预设轨迹15,forward
1775478787.638647,5.109920,1775478816.724946|完整运动,完整运动,circle_orbit,1,1.000000,2.500000,2.500000,,,,,,,,,,,,,,,,1.753127,0.043462,1.665668,0.026999,0.000000,0.000000,-0.169449,,-0.237745,0.000000,,,,0.024791,0.194810,2.500000,7.246004,49.297302,0.000000,circle,预设轨迹15,forward
1775478787.660091,5.131363,1775478816.724946|完整运动,完整运动,circle_orbit,1,1.000000,2.500000,2.500000,,,,,,,,,,,,,,,,1.751640,0.041333,1.662422,0.025365,0.000000,0.000000,-0.176742,,-0.236334,0.000000,,,,0.023597,0.194645,2.500000,7.281400,49.261907,0.000000,circle,预设轨迹15,forward
1775478787.680583,5.151856,1775478816.724946|完整运动,完整运动,circle_orbit,1,1.000000,2.500000,2.500000,,,,,,,,,,,,,,,,1.750125,0.039288,1.659271,0.023945,0.000000,0.000000,-0.183906,,-0.234935,0.000000,,,,0.022448,0.194477,2.500000,7.316635,49.226672,0.000000,circle,预设轨迹15,forward
1775478787.710735,5.182008,1775478816.724946|完整运动,完整运动,circle_orbit,1,1.000000,2.500000,2.500000,,,,,,,,,,,,,,,,1.748585,0.037488,1.656190,0.023987,0.000000,0.000000,-0.190706,,-0.233664,0.000000,,,,0.021439,0.194306,2.500000,7.351491,49.191815,0.000000,circle,预设轨迹15,forward
1775478787.733692,5.204965,1775478816.724946|完整运动,完整运动,circle_orbit,1,1.000000,2.500000,2.500000,,,,,,,,,,,,,,,,1.747008,0.031193,1.652331,-0.016013,0.000000,0.000000,-0.204465,,-0.229752,0.000000,,,,0.017855,0.194130,2.500000,7.421386,49.121920,0.000000,circle,预设轨迹15,forward
1775478787.754244,5.225517,1775478816.724946|完整运动,完整运动,circle_orbit,1,1.000000,2.500000,2.500000,,,,,,,,,,,,,,,,1.745413,0.029266,1.649760,0.014806,0.000000,0.000000,-0.211605,,-0.228052,0.000000,,,,0.016767,0.193953,2.500000,7.456679,49.086628,0.000000,circle,预设轨迹15,forward
1775478787.791266,5.262539,1775478816.724946|完整运动,完整运动,circle_orbit,1,1.000000,2.500000,2.500000,,,,,,,,,,,,,,,,1.743799,0.027243,1.646962,0.012076,0.000000,0.000000,-0.218857,,-0.226438,0.000000,,,,0.015623,0.193774,2.500000,7.491960,49.051346,0.000000,circle,预设轨迹15,forward
1775478787.829245,5.300518,1775478816.724946|完整运动,完整运动,circle_orbit,1,1.000000,2.500000,2.500000,,,,,,,,,,,,,,,,1.742131,0.020753,1.642051,-0.027924,0.000000,0.000000,-0.233181,,-0.222908,0.000000,,,,0.011912,0.193589,2.500000,7.562566,48.980740,0.000000,circle,预设轨迹15,forward
1775478787.849873,5.321145,1775478816.724946|完整运动,完整运动,circle_orbit,1,1.000000,2.500000,2.500000,,,,,,,,,,,,,,,,1.740433,0.014009,1.638530,-0.036568,0.000000,0.000000,-0.247313,,-0.218671,0.000000,,,,0.008049,0.193400,2.500000,7.632460,48.910846,0.000000,circle,预设轨迹15,forward
1775478787.884918,5.356190,1775478816.724946|完整运动,完整运动,circle_orbit,1,1.000000,2.500000,2.500000,,,,,,,,,,,,,,,,1.738762,0.012765,1.638530,0.003432,0.000000,0.000000,-0.247313,,-0.218671,0.000000,,,,0.007341,0.193214,2.500000,7.632460,48.910846,0.000000,circle,预设轨迹15,forward
1775478787.911721,5.382994,1775478816.724946|完整运动,完整运动,circle_orbit,1,1.000000,2.500000,2.500000,,,,,,,,,,,,,,,,1.737051,0.006961,1.634382,-0.036568,0.000000,0.000000,-0.261113,,-0.214957,0.000000,,,,0.004007,0.193024,2.500000,7.702123,48.841184,0.000000,circle,预设轨迹15,forward
1775478787.932087,5.403359,1775478816.724946|完整运动,完整运动,circle_orbit,1,1.000000,2.500000,2.500000,,,,,,,,,,,,,,,,1.735330,0.001629,1.632039,-0.038362,0.000000,0.000000,-0.274041,,-0.210584,0.000000,,,,0.000939,0.192833,2.500000,7.772141,48.771165,0.000000,circle,预设轨迹15,forward
1775478787.958809,5.430082,1775478816.724946|完整运动,完整运动,circle_orbit,1,1.000000,2.500000,2.500000,,,,,,,,,,,,,,,,1.733636,0.001630,1.632039,0.001638,0.000000,0.000000,-0.274041,,-0.210584,0.000000,,,,0.000940,0.192645,2.500000,7.772141,48.771165,0.000000,circle,预设轨迹15,forward
1775478787.982354,5.453626,1775478816.724946|完整运动,完整运动,circle_orbit,1,1.000000,2.500000,2.500000,,,,,,,,,,,,,,,,1.731968,-0.003075,1.631861,-0.038362,0.000000,0.000000,-0.286494,,-0.205153,0.000000,,,,0.001775,0.192459,2.500000,7.842000,48.701306,0.000000,circle,预设轨迹15,forward
1775478788.002748,5.474020,1775478816.724946|完整运动,完整运动,circle_orbit,1,1.000000,2.500000,2.500000,,,,,,,,,,,,,,,,1.730317,-0.003113,1.631255,-0.003398,0.000000,0.000000,-0.292299,,-0.202929,0.000000,,,,0.001799,0.192276,2.500000,7.876972,48.666335,0.000000,circle,预设轨迹15,forward
1775478788.031999,5.503272,1775478816.724946|完整运动,完整运动,circle_orbit,1,1.000000,2.500000,2.500000,,,,,,,,,,,,,,,,1.728707,-0.003349,1.632104,-0.005122,0.000000,0.000000,-0.298185,,-0.199814,0.000000,,,,0.001938,0.192097,2.500000,7.912119,48.631187,0.000000,circle,预设轨迹15,forward
1775478788.053031,5.524303,1775478816.724946|完整运动,完整运动,circle_orbit,1,1.000000,2.500000,2.500000,,,,,,,,,,,,,,,,1.727128,-0.008067,1.632400,-0.043449,0.000000,0.000000,-0.310272,,-0.194268,0.000000,,,,0.004671,0.191921,2.500000,7.982731,48.560576,0.000000,circle,预设轨迹15,forward
1775478788.076292,5.547564,1775478816.724946|完整运动,完整运动,circle_orbit,1,1.000000,2.500000,2.500000,,,,,,,,,,,,,,,,1.725576,-0.008433,1.632465,-0.011177,0.000000,0.000000,-0.316253,,-0.191571,0.000000,,,,0.004887,0.191749,2.500000,8.018199,48.525107,0.000000,circle,预设轨迹15,forward
1775478788.107271,5.578544,1775478816.724946|完整运动,完整运动,circle_orbit,1,1.000000,2.500000,2.500000,,,,,,,,,,,,,,,,1.724045,-0.008838,1.632193,-0.011876,0.000000,0.000000,-0.322133,,-0.189117,0.000000,,,,0.005126,0.191579,2.500000,8.053788,48.489519,0.000000,circle,预设轨迹15,forward
1775478788.134487,5.605759,1775478816.724946|完整运动,完整运动,circle_orbit,1,1.000000,2.500000,2.500000,,,,,,,,,,,,,,,,1.722541,-0.009263,1.632302,-0.012454,0.000000,0.000000,-0.327899,,-0.186491,0.000000,,,,0.005378,0.191412,2.500000,8.089204,48.454103,0.000000,circle,预设轨迹15,forward
1775478788.154806,5.626078,1775478816.724946|完整运动,完整运动,circle_orbit,1,1.000000,2.500000,2.500000,,,,,,,,,,,,,,,,1.721084,-0.013819,1.633657,-0.047987,0.000000,0.000000,-0.339415,,-0.180578,0.000000,,,,0.008029,0.191250,2.500000,8.159859,48.383448,0.000000,circle,预设轨迹15,forward
1775478788.182395,5.653668,1775478816.724946|完整运动,完整运动,circle_orbit,1,1.000000,2.500000,2.500000,,,,,,,,,,,,,,,,1.719666,-0.014116,1.634546,-0.016340,0.000000,0.000000,-0.344982,,-0.177583,0.000000,,,,0.008208,0.191092,2.500000,8.195205,48.348102,0.000000,circle,预设轨迹15,forward
1775478788.204898,5.676171,1775478816.724946|完整运动,完整运动,circle_orbit,1,1.000000,2.500000,2.500000,,,,,,,,,,,,,,,,1.718287,-0.014319,1.635557,-0.015843,0.000000,0.000000,-0.350287,,-0.174634,0.000000,,,,0.008333,0.190939,2.500000,8.230921,48.312386,0.000000,circle,预设轨迹15,forward
1775478788.225266,5.696539,1775478816.724946|完整运动,完整运动,circle_orbit,1,1.000000,2.500000,2.500000,,,,,,,,,,,,,,,,1.716951,-0.014453,1.636785,-0.015455,0.000000,0.000000,-0.355368,,-0.171659,0.000000,,,,0.008418,0.190790,2.500000,8.266645,48.276662,0.000000,circle,预设轨迹15,forward
1775478788.250152,5.721424,1775478816.724946|完整运动,完整运动,circle_orbit,1,1.000000,2.500000,2.500000,,,,,,,,,,,,,,,,1.715665,-0.014552,1.638494,-0.015294,0.000000,0.000000,-0.360282,,-0.168480,0.000000,,,,0.008482,0.190647,2.500000,8.302122,48.241184,0.000000,circle,预设轨迹15,forward
1775478788.272640,5.743912,1775478816.724946|完整运动,完整运动,circle_orbit,1,1.000000,2.500000,2.500000,,,,,,,,,,,,,,,,1.714486,-0.017923,1.643795,-0.043213,0.000000,0.000000,-0.369750,,-0.161196,0.000000,,,,0.010454,0.190517,2.500000,8.373050,48.170257,0.000000,circle,预设轨迹15,forward
1775478788.296474,5.767746,1775478816.724946|完整运动,完整运动,circle_orbit,1,1.000000,2.500000,2.500000,,,,,,,,,,,,,,,,1.713327,-0.016193,1.643795,-0.003213,0.000000,0.000000,-0.369750,,-0.161196,0.000000,,,,0.009451,0.190388,2.500000,8.373050,48.170257,0.000000,circle,预设轨迹15,forward
1775478788.330263,5.801536,1775478816.724946|完整运动,完整运动,circle_orbit,1,1.000000,2.500000,2.500000,,,,,,,,,,,,,,,,1.712263,-0.019372,1.648397,-0.043213,0.000000,0.000000,-0.379717,,-0.154112,0.000000,,,,0.011313,0.190269,2.500000,8.445145,48.098162,0.000000,circle,预设轨迹15,forward
1775478788.360534,5.831807,1775478816.724946|完整运动,完整运动,circle_orbit,1,1.000000,2.500000,2.500000,,,,,,,,,,,,,,,,1.711248,-0.019509,1.650349,-0.020538,0.000000,0.000000,-0.384642,,-0.150801,0.000000,,,,0.011400,0.190157,2.500000,8.481472,48.061835,0.000000,circle,预设轨迹15,forward
1775478788.385241,5.856514,1775478816.724946|完整运动,完整运动,circle_orbit,1,1.000000,2.500000,2.500000,,,,,,,,,,,,,,,,1.710331,-0.023178,1.655337,-0.050696,0.000000,0.000000,-0.394497,,-0.143568,0.000000,,,,0.013552,0.190055,2.500000,8.554166,47.989141,0.000000,circle,预设轨迹15,forward
1775478788.408562,5.879835,1775478816.724946|完整运动,完整运动,circle_orbit,1,1.000000,2.500000,2.500000,,,,,,,,,,,,,,,,1.709474,-0.023197,1.658040,-0.023343,0.000000,0.000000,-0.399263,,-0.139911,0.000000,,,,0.013570,0.189960,2.500000,8.590650,47.952657,0.000000,circle,预设轨迹15,forward
1775478788.440192,5.911464,1775478816.724946|完整运动,完整运动,circle_orbit,1,1.000000,2.500000,2.500000,,,,,,,,,,,,,,,,1.708679,-0.023257,1.660995,-0.023709,0.000000,0.000000,-0.403982,,-0.136136,0.000000,,,,0.013611,0.189871,2.500000,8.626927,47.916380,0.000000,circle,预设轨迹15,forward
1775478788.473107,5.944380,1775478816.724946|完整运动,完整运动,circle_orbit,1,1.000000,2.500000,2.500000,,,,,,,,,,,,,,,,1.707990,-0.026405,1.666602,-0.050010,0.000000,0.000000,-0.413008,,-0.128960,0.000000,,,,0.015460,0.189795,2.500000,8.699182,47.844125,0.000000,circle,预设轨迹15,forward
1775478788.497994,5.969267,1775478816.724946|完整运动,完整运动,circle_orbit,1,1.000000,2.500000,2.500000,,,,,,,,,,,,,,,,1.707437,-0.028837,1.674270,-0.047080,0.000000,0.000000,-0.421112,,-0.121064,0.000000,,,,0.016889,0.189733,2.500000,8.771933,47.771374,0.000000,circle,预设轨迹15,forward
1775478788.518322,5.989595,1775478816.724946|完整运动,完整运动,circle_orbit,1,1.000000,2.500000,2.500000,,,,,,,,,,,,,,,,1.706953,-0.028171,1.677924,-0.023175,0.000000,0.000000,-0.424851,,-0.117370,0.000000,,,,0.016504,0.189679,2.500000,8.808282,47.735025,0.000000,circle,预设轨迹15,forward
1775478788.545390,6.016662,1775478816.724946|完整运动,完整运动,circle_orbit,1,1.000000,2.500000,2.500000,,,,,,,,,,,,,,,,1.706550,-0.027533,1.682395,-0.022746,0.000000,0.000000,-0.428501,,-0.113272,0.000000,,,,0.016134,0.189635,2.500000,8.844685,47.698622,0.000000,circle,预设轨迹15,forward
1775478788.576743,6.048015,1775478816.724946|完整运动,完整运动,circle_orbit,1,1.000000,2.500000,2.500000,,,,,,,,,,,,,,,,1.706226,-0.026788,1.686752,-0.021205,0.000000,0.000000,-0.431881,,-0.109371,0.000000,,,,0.015700,0.189599,2.500000,8.880994,47.662313,0.000000,circle,预设轨迹15,forward
1775478788.600748,6.072021,1775478816.724946|完整运动,完整运动,circle_orbit,1,1.000000,2.500000,2.500000,,,,,,,,,,,,,,,,1.706076,-0.028258,1.697071,-0.039284,0.000000,0.000000,-0.438309,,-0.100881,0.000000,,,,0.016563,0.189582,2.500000,8.953751,47.589556,0.000000,circle,预设轨迹15,forward
1775478788.621711,6.092983,1775478816.724946|完整运动,完整运动,circle_orbit,1,1.000000,2.500000,2.500000,,,,,,,,,,,,,,,,1.706013,-0.027340,1.702240,-0.020455,0.000000,0.000000,-0.441356,,-0.096731,0.000000,,,,0.016026,0.189575,2.500000,8.990336,47.552971,0.000000,circle,预设轨迹15,forward
1775478788.649236,6.120508,1775478816.724946|完整运动,完整运动,circle_orbit,1,1.000000,2.500000,2.500000,,,,,,,,,,,,,,,,1.706036,-0.026462,1.707411,-0.019875,0.000000,0.000000,-0.444342,,-0.092624,0.000000,,,,0.015511,0.189578,2.500000,9.026873,47.516434,0.000000,circle,预设轨迹15,forward
1775478788.669657,6.140929,1775478816.724946|完整运动,完整运动,circle_orbit,1,1.000000,2.500000,2.500000,,,,,,,,,,,,,,,,1.706231,-0.027692,1.717945,-0.036913,0.000000,0.000000,-0.450232,,-0.084395,0.000000,,,,0.016230,0.189599,2.500000,9.100187,47.443120,0.000000,circle,预设轨迹15,forward
1775478788.707551,6.178823,1775478816.724946|完整运动,完整运动,circle_orbit,1,1.000000,2.500000,2.500000,,,,,,,,,,,,,,,,1.706524,-0.026767,1.724080,-0.019829,0.000000,0.000000,-0.453076,,-0.079894,0.000000,,,,0.015685,0.189632,2.500000,9.136823,47.406484,0.000000,circle,预设轨迹15,forward
1775478788.733065,6.204338,1775478816.724946|完整运动,完整运动,circle_orbit,1,1.000000,2.500000,2.500000,,,,,,,,,,,,,,,,1.706991,-0.027584,1.735034,-0.033717,0.000000,0.000000,-0.458309,,-0.071847,0.000000,,,,0.016160,0.189684,2.500000,9.209361,47.333946,0.000000,circle,预设轨迹15,forward
1775478788.753758,6.225030,1775478816.724946|完整运动,完整运动,circle_orbit,1,1.000000,2.500000,2.500000,,,,,,,,,,,,,,,,1.707540,-0.026167,1.740502,-0.015534,0.000000,0.000000,-0.460363,,-0.068104,0.000000,,,,0.015324,0.189745,2.500000,9.245505,47.297802,0.000000,circle,预设轨迹15,forward
1775478788.775181,6.246454,1775478816.724946|完整运动,完整运动,circle_orbit,1,1.000000,2.500000,2.500000,,,,,,,,,,,,,,,,1.708081,-0.023401,1.740502,-0.002659,0.000000,0.000000,-0.460363,,-0.068104,0.000000,,,,0.013700,0.189805,2.500000,9.245505,47.297802,0.000000,circle,预设轨迹15,forward
1775478788.799511,6.270783,1775478816.724946|完整运动,完整运动,circle_orbit,1,1.000000,2.500000,2.500000,,,,,,,,,,,,,,,,1.708824,-0.022919,1.753391,-0.019304,0.000000,0.000000,-0.463436,,-0.060140,0.000000,,,,0.013412,0.189887,2.500000,9.318435,47.224872,0.000000,circle,预设轨迹15,forward
1775478788.819830,6.291102,1775478816.724946|完整运动,完整运动,circle_orbit,1,1.000000,2.500000,2.500000,,,,,,,,,,,,,,,,1.709676,-0.021253,1.760806,-0.008758,0.000000,0.000000,-0.464775,,-0.055792,0.000000,,,,0.012431,0.189982,2.500000,9.354914,47.188392,0.000000,circle,预设轨迹15,forward
1775478788.848602,6.319875,1775478816.724946|完整运动,完整运动,circle_orbit,1,1.000000,2.500000,2.500000,,,,,,,,,,,,,,,,1.710650,-0.019598,1.769076,-0.007186,0.000000,0.000000,-0.466019,,-0.051090,0.000000,,,,0.011457,0.190090,2.500000,9.391539,47.151768,0.000000,circle,预设轨迹15,forward
1775478788.872970,6.344242,1775478816.724946|完整运动,完整运动,circle_orbit,1,1.000000,2.500000,2.500000,,,,,,,,,,,,,,,,1.711744,-0.017921,1.777433,-0.005340,0.000000,0.000000,-0.467127,,-0.046445,0.000000,,,,0.010469,0.190212,2.500000,9.427960,47.115347,0.000000,circle,预设轨迹15,forward
1775478788.893350,6.364623,1775478816.724946|完整运动,完整运动,circle_orbit,1,1.000000,2.500000,2.500000,,,,,,,,,,,,,,,,1.713084,-0.017033,1.793476,-0.010372,0.000000,0.000000,-0.469275,,-0.037626,0.000000,,,,0.009943,0.190361,2.500000,9.501194,47.042113,0.000000,circle,预设轨迹15,forward
1775478788.924494,6.395766,1775478816.724946|完整运动,完整运动,circle_orbit,1,1.000000,2.500000,2.500000,,,,,,,,,,,,,,,,1.714537,-0.015414,1.801692,-0.003279,0.000000,0.000000,-0.470335,,-0.033183,0.000000,,,,0.008990,0.190522,2.500000,9.538137,47.005169,0.000000,circle,预设轨迹15,forward
1775478788.946115,6.417388,1775478816.724946|完整运动,完整运动,circle_orbit,1,1.000000,2.500000,2.500000,,,,,,,,,,,,,,,,1.716103,-0.013867,1.810060,-0.002262,0.000000,0.000000,-0.471407,,-0.028697,0.000000,,,,0.008081,0.190696,2.500000,9.575178,46.968129,0.000000,circle,预设轨迹15,forward
1775478788.966439,6.437711,1775478816.724946|完整运动,完整运动,circle_orbit,1,1.000000,2.500000,2.500000,,,,,,,,,,,,,,,,1.717775,-0.012307,1.818084,-0.000607,0.000000,0.000000,-0.472381,,-0.024454,0.000000,,,,0.007165,0.190882,2.500000,9.612341,46.930966,0.000000,circle,预设轨迹15,forward
1775478788.994110,6.465383,1775478816.724946|完整运动,完整运动,circle_orbit,1,1.000000,2.500000,2.500000,,,,,,,,,,,,,,,,1.719549,-0.010595,1.826036,0.002250,0.000000,0.000000,-0.473061,,-0.020409,0.000000,,,,0.006161,0.191079,2.500000,9.649615,46.893692,0.000000,circle,预设轨迹15,forward
1775478789.026427,6.497699,1775478816.724946|完整运动,完整运动,circle_orbit,1,1.000000,2.500000,2.500000,,,,,,,,,,,,,,,,1.721605,-0.008381,1.844972,0.008222,0.000000,0.000000,-0.472968,,-0.011669,0.000000,,,,0.004868,0.191308,2.500000,9.723210,46.820097,0.000000,circle,预设轨迹15,forward
1775478789.047235,6.518507,1775478816.724946|完整运动,完整运动,circle_orbit,1,1.000000,2.500000,2.500000,,,,,,,,,,,,,,,,1.723937,-0.005585,1.863842,0.015382,0.000000,0.000000,-0.471960,,-0.003542,0.000000,,,,0.003240,0.191567,2.500000,9.796775,46.746531,0.000000,circle,预设轨迹15,forward
1775478789.068667,6.539939,1775478816.724946|完整运动,完整运动,circle_orbit,1,1.000000,2.500000,2.500000,,,,,,,,,,,,,,,,1.726346,-0.003026,1.870889,0.016167,0.000000,0.000000,-0.471161,,0.000740,0.000000,,,,0.001753,0.191834,2.500000,9.833757,46.709550,0.000000,circle,预设轨迹15,forward
1775478789.091104,6.562377,1775478816.724946|完整运动,完整运动,circle_orbit,1,1.000000,2.500000,2.500000,,,,,,,,,,,,,,,,1.728716,-0.001118,1.870889,0.013189,0.000000,0.000000,-0.471161,,0.000740,0.000000,,,,0.000647,0.192098,2.500000,9.833757,46.709550,0.000000,circle,预设轨迹15,forward
1775478789.111516,6.582789,1775478816.724946|完整运动,完整运动,circle_orbit,1,1.000000,2.500000,2.500000,,,,,,,,,,,,,,,,1.730764,0.002158,1.853682,0.026734,0.000000,0.000000,-0.469163,,0.009381,0.000000,,,,0.001247,0.192325,2.500000,9.907423,46.635884,0.000000,circle,预设轨迹15,forward
1775478789.137790,6.609062,1775478816.724946|完整运动,完整运动,circle_orbit,1,1.000000,2.500000,2.500000,,,,,,,,,,,,,,,,1.732779,0.003917,1.853682,0.017106,0.000000,0.000000,-0.469163,,0.009381,0.000000,,,,0.002260,0.192549,2.500000,9.907423,46.635884,0.000000,circle,预设轨迹15,forward
1775478789.163670,6.634942,1775478816.724946|完整运动,完整运动,circle_orbit,1,1.000000,2.500000,2.500000,,,,,,,,,,,,,,,,1.734461,0.007348,1.835351,0.033080,0.000000,0.000000,-0.466752,,0.018871,0.000000,,,,0.004236,0.192736,2.500000,9.980914,46.562393,0.000000,circle,预设轨迹15,forward
1775478789.183989,6.655262,1775478816.724946|完整运动,完整运动,circle_orbit,1,1.000000,2.500000,2.500000,,,,,,,,,,,,,,,,1.735980,0.009958,1.827102,0.029537,0.000000,0.000000,-0.465365,,0.023331,0.000000,,,,0.005736,0.192905,2.500000,10.017747,46.525559,0.000000,circle,预设轨迹15,forward
1775478789.207974,6.679247,1775478816.724946|完整运动,完整运动,circle_orbit,1,1.000000,2.500000,2.500000,,,,,,,,,,,,,,,,1.737347,0.012566,1.819415,0.032121,0.000000,0.000000,-0.463887,,0.027601,0.000000,,,,0.007233,0.193057,2.500000,10.054516,46.488790,0.000000,circle,预设轨迹15,forward
1775478789.234798,6.706071,1775478816.724946|完整运动,完整运动,circle_orbit,1,1.000000,2.500000,2.500000,,,,,,,,,,,,,,,,1.738568,0.014986,1.811812,0.033141,0.000000,0.000000,-0.462583,,0.031784,0.000000,,,,0.008620,0.193193,2.500000,10.091615,46.451692,0.000000,circle,预设轨迹15,forward
1775478789.255122,6.726394,1775478816.724946|完整运动,完整运动,circle_orbit,1,1.000000,2.500000,2.500000,,,,,,,,,,,,,,,,1.739539,0.018722,1.797772,0.046741,0.000000,0.000000,-0.459347,,0.039958,0.000000,,,,0.010763,0.193300,2.500000,10.165573,46.377734,0.000000,circle,预设轨迹15,forward
1775478789.282615,6.753888,1775478816.724946|完整运动,完整运动,circle_orbit,1,1.000000,2.500000,2.500000,,,,,,,,,,,,,,,,1.740376,0.021402,1.790620,0.041500,0.000000,0.000000,-0.457463,,0.044266,0.000000,,,,0.012297,0.193393,2.500000,10.202808,46.340498,0.000000,circle,预设轨迹15,forward
1775478789.304229,6.775501,1775478816.724946|完整运动,完整运动,circle_orbit,1,1.000000,2.500000,2.500000,,,,,,,,,,,,,,,,1.741080,0.024125,1.783324,0.044551,0.000000,0.000000,-0.455432,,0.048739,0.000000,,,,0.013857,0.193472,2.500000,10.239886,46.303420,0.000000,circle,预设轨迹15,forward
1775478789.324569,6.795842,1775478816.724946|完整运动,完整运动,circle_orbit,1,1.000000,2.500000,2.500000,,,,,,,,,,,,,,,,1.741663,0.026819,1.776660,0.047025,0.000000,0.000000,-0.453357,,0.052948,0.000000,,,,0.015399,0.193537,2.500000,10.276819,46.266488,0.000000,circle,预设轨迹15,forward
1775478789.353901,6.825174,1775478816.724946|完整运动,完整运动,circle_orbit,1,1.000000,2.500000,2.500000,,,,,,,,,,,,,,,,1.742144,0.029587,1.770992,0.050344,0.000000,0.000000,-0.451093,,0.056769,0.000000,,,,0.016983,0.193590,2.500000,10.313709,46.229597,0.000000,circle,预设轨迹15,forward
1775478789.379841,6.851113,1775478816.724946|完整运动,完整运动,circle_orbit,1,1.000000,2.500000,2.500000,,,,,,,,,,,,,,,,1.742437,0.034487,1.759997,0.071239,0.000000,0.000000,-0.445729,,0.064665,0.000000,,,,0.019793,0.193622,2.500000,10.387655,46.155651,0.000000,circle,预设轨迹15,forward
1775478789.400154,6.871426,1775478816.724946|完整运动,完整运动,circle_orbit,1,1.000000,2.500000,2.500000,,,,,,,,,,,,,,,,1.742633,0.037532,1.754397,0.060371,0.000000,0.000000,-0.442802,,0.068800,0.000000,,,,0.021538,0.193644,2.500000,10.424540,46.118767,0.000000,circle,预设轨迹15,forward
1775478789.423509,6.894781,1775478816.724946|完整运动,完整运动,circle_orbit,1,1.000000,2.500000,2.500000,,,,,,,,,,,,,,,,1.742742,0.040668,1.749257,0.064186,0.000000,0.000000,-0.439656,,0.072815,0.000000,,,,0.023336,0.193656,2.500000,10.461484,46.081822,0.000000,circle,预设轨迹15,forward
1775478789.451480,6.922752,1775478816.724946|完整运动,完整运动,circle_orbit,1,1.000000,2.500000,2.500000,,,,,,,,,,,,,,,,1.742760,0.043848,1.743886,0.067698,0.000000,0.000000,-0.436354,,0.077034,0.000000,,,,0.025160,0.193658,2.500000,10.498169,46.045137,0.000000,circle,预设轨迹15,forward
1775478789.471848,6.943121,1775478816.724946|完整运动,完整运动,circle_orbit,1,1.000000,2.500000,2.500000,,,,,,,,,,,,,,,,1.742617,0.049498,1.734024,0.091869,0.000000,0.000000,-0.429466,,0.085191,0.000000,,,,0.028404,0.193642,2.500000,10.571781,45.971526,0.000000,circle,预设轨迹15,forward
1775478789.499013,6.970286,1775478816.724946|完整运动,完整运动,circle_orbit,1,1.000000,2.500000,2.500000,,,,,,,,,,,,,,,,1.742404,0.052696,1.729638,0.076680,0.000000,0.000000,-0.425835,,0.089090,0.000000,,,,0.030243,0.193619,2.500000,10.608746,45.934561,0.000000,circle,预设轨迹15,forward
1775478789.522538,6.993810,1775478816.724946|完整运动,完整运动,circle_orbit,1,1.000000,2.500000,2.500000,,,,,,,,,,,,,,,,1.742131,0.055885,1.725723,0.079809,0.000000,0.000000,-0.422131,,0.092786,0.000000,,,,0.032079,0.193588,2.500000,10.645620,45.897686,0.000000,circle,预设轨迹15,forward
1775478789.542868,7.014141,1775478816.724946|完整运动,完整运动,circle_orbit,1,1.000000,2.500000,2.500000,,,,,,,,,,,,,,,,1.741798,0.059082,1.721840,0.083052,0.000000,0.000000,-0.418335,,0.096515,0.000000,,,,0.033920,0.193551,2.500000,10.682588,45.860719,0.000000,circle,预设轨迹15,forward
1775478789.569925,7.041197,1775478816.724946|完整运动,完整运动,circle_orbit,1,1.000000,2.500000,2.500000,,,,,,,,,,,,,,,,1.741415,0.062343,1.718423,0.086802,0.000000,0.000000,-0.414364,,0.100085,0.000000,,,,0.035800,0.193509,2.500000,10.719564,45.823743,0.000000,circle,预设轨迹15,forward
1775478789.600933,7.072206,1775478816.724946|完整运动,完整运动,circle_orbit,1,1.000000,2.500000,2.500000,,,,,,,,,,,,,,,,1.740929,0.068529,1.711785,0.114924,0.000000,0.000000,-0.406166,,0.107254,0.000000,,,,0.039363,0.193455,2.500000,10.793350,45.749957,0.000000,circle,预设轨迹15,forward
1775478789.626244,7.097516,1775478816.724946|完整运动,完整运动,circle_orbit,1,1.000000,2.500000,2.500000,,,,,,,,,,,,,,,,1.740416,0.071770,1.709622,0.096083,0.000000,0.000000,-0.401909,,0.110302,0.000000,,,,0.041238,0.193398,2.500000,10.830074,45.713232,0.000000,circle,预设轨迹15,forward
1775478789.648324,7.119596,1775478816.724946|完整运动,完整运动,circle_orbit,1,1.000000,2.500000,2.500000,,,,,,,,,,,,,,,,1.739870,0.075080,1.707105,0.099900,0.000000,0.000000,-0.397482,,0.113617,0.000000,,,,0.043153,0.193337,2.500000,10.866828,45.676478,0.000000,circle,预设轨迹15,forward
1775478789.671688,7.142960,1775478816.724946|完整运动,完整运动,circle_orbit,1,1.000000,2.500000,2.500000,,,,,,,,,,,,,,,,1.739249,0.081932,1.702018,0.133327,0.000000,0.000000,-0.387958,,0.120586,0.000000,,,,0.047108,0.193268,2.500000,10.940589,45.602718,0.000000,circle,预设轨迹15,forward
1775478789.692083,7.163356,1775478816.724946|完整运动,完整运动,circle_orbit,1,1.000000,2.500000,2.500000,,,,,,,,,,,,,,,,1.738618,0.085384,1.700728,0.111275,0.000000,0.000000,-0.382998,,0.123487,0.000000,,,,0.049111,0.193198,2.500000,10.977213,45.566094,0.000000,circle,预设轨迹15,forward
1775478789.720531,7.191804,1775478816.724946|完整运动,完整运动,circle_orbit,1,1.000000,2.500000,2.500000,,,,,,,,,,,,,,,,1.737959,0.088930,1.698442,0.115520,0.000000,0.000000,-0.377833,,0.127019,0.000000,,,,0.051169,0.193125,2.500000,11.013720,45.529587,0.000000,circle,预设轨迹15,forward
1775478789.746087,7.217360,1775478816.724946|完整运动,完整运动,circle_orbit,1,1.000000,2.500000,2.500000,,,,,,,,,,,,,,,,1.737265,0.092422,1.695614,0.118614,0.000000,0.000000,-0.372669,,0.130849,0.000000,,,,0.053200,0.193048,2.500000,11.050232,45.493074,0.000000,circle,预设轨迹15,forward
1775478789.766396,7.237669,1775478816.724946|完整运动,完整运动,circle_orbit,1,1.000000,2.500000,2.500000,,,,,,,,,,,,,,,,1.736566,0.096014,1.694585,0.122955,0.000000,0.000000,-0.367287,,0.133801,0.000000,,,,0.055290,0.192970,2.500000,11.086584,45.456723,0.000000,circle,预设轨迹15,forward
1775478789.792757,7.264029,1775478816.724946|完整运动,完整运动,circle_orbit,1,1.000000,2.500000,2.500000,,,,,,,,,,,,,,,,1.735854,0.099628,1.693177,0.126730,0.000000,0.000000,-0.361795,,0.137008,0.000000,,,,0.057394,0.192891,2.500000,11.123257,45.420050,0.000000,circle,预设轨迹15,forward
1775478789.816068,7.287341,1775478816.724946|完整运动,完整运动,circle_orbit,1,1.000000,2.500000,2.500000,,,,,,,,,,,,,,,,1.735134,0.107210,1.691921,0.164079,0.000000,0.000000,-0.350595,,0.142672,0.000000,,,,0.061788,0.192811,2.500000,11.196220,45.347087,0.000000,circle,预设轨迹15,forward
1775478789.836401,7.307674,1775478816.724946|完整运动,完整运动,circle_orbit,1,1.000000,2.500000,2.500000,,,,,,,,,,,,,,,,1.734416,0.110738,1.691323,0.137199,0.000000,0.000000,-0.344862,,0.145546,0.000000,,,,0.063848,0.192731,2.500000,11.232796,45.310511,0.000000,circle,预设轨迹15,forward
1775478789.860373,7.331645,1775478816.724946|完整运动,完整运动,circle_orbit,1,1.000000,2.500000,2.500000,,,,,,,,,,,,,,,,1.733685,0.114200,1.689829,0.140164,0.000000,0.000000,-0.339163,,0.148896,0.000000,,,,0.065871,0.192650,2.500000,11.269404,45.273902,0.000000,circle,预设轨迹15,forward
1775478789.898038,7.369310,1775478816.724946|完整运动,完整运动,circle_orbit,1,1.000000,2.500000,2.500000,,,,,,,,,,,,,,,,1.732964,0.117722,1.689716,0.144138,0.000000,0.000000,-0.333317,,0.151557,0.000000,,,,0.067931,0.192570,2.500000,11.305876,45.237431,0.000000,circle,预设轨迹15,forward
1775478789.919479,7.390751,1775478816.724946|完整运动,完整运动,circle_orbit,1,1.000000,2.500000,2.500000,,,,,,,,,,,,,,,,1.732260,0.125484,1.689997,0.183693,0.000000,0.000000,-0.321395,,0.156702,0.000000,,,,0.072439,0.192492,2.500000,11.378296,45.165010,0.000000,circle,预设轨迹15,forward
1775478789.947701,7.418973,1775478816.724946|完整运动,完整运动,circle_orbit,1,1.000000,2.500000,2.500000,,,,,,,,,,,,,,,,1.731563,0.129007,1.689785,0.155429,0.000000,0.000000,-0.315203,,0.159570,0.000000,,,,0.074503,0.192414,2.500000,11.414561,45.128746,0.000000,circle,预设轨迹15,forward
1775478789.989994,7.461266,1775478816.724946|完整运动,完整运动,circle_orbit,1,1.000000,2.500000,2.500000,,,,,,,,,,,,,,,,1.730883,0.132568,1.690043,0.159278,0.000000,0.000000,-0.308905,,0.162228,0.000000,,,,0.076590,0.192339,2.500000,11.450848,45.092459,0.000000,circle,预设轨迹15,forward
1775478790.013494,7.484767,1775478816.724946|完整运动,完整运动,circle_orbit,1,1.000000,2.500000,2.500000,,,,,,,,,,,,,,,,1.730261,0.140416,1.692962,0.199278,0.000000,0.000000,-0.288605,,0.169658,0.000000,,,,0.081153,0.192269,2.500000,11.558478,44.984829,0.000000,circle,预设轨迹15,forward
1775478790.034198,7.505470,1775478816.724946|完整运动,完整运动,circle_orbit,1,1.000000,2.500000,2.500000,,,,,,,,,,,,,,,,1.729673,0.144610,1.694387,0.176063,0.000000,0.000000,-0.281715,,0.171944,0.000000,,,,0.083605,0.192204,2.500000,11.594009,44.949298,0.000000,circle,预设轨迹15,forward
1775478790.055980,7.527252,1775478816.724946|完整运动,完整运动,circle_orbit,1,1.000000,2.500000,2.500000,,,,,,,,,,,,,,,,1.729125,0.148835,1.696244,0.180521,0.000000,0.000000,-0.274646,,0.174077,0.000000,,,,0.086075,0.192143,2.500000,11.629697,44.913610,0.000000,circle,预设轨迹15,forward
1775478790.076258,7.547531,1775478816.724946|完整运动,完整运动,circle_orbit,1,1.000000,2.500000,2.500000,,,,,,,,,,,,,,,,1.728601,0.152977,1.697160,0.184041,0.000000,0.000000,-0.267564,,0.176727,0.000000,,,,0.088497,0.192085,2.500000,11.665559,44.877748,0.000000,circle,预设轨迹15,forward
1775478790.101458,7.572731,1775478816.724946|完整运动,完整运动,circle_orbit,1,1.000000,2.500000,2.500000,,,,,,,,,,,,,,,,1.728122,0.157067,1.699394,0.187748,0.000000,0.000000,-0.260433,,0.178686,0.000000,,,,0.090889,0.192032,2.500000,11.701221,44.842086,0.000000,circle,预设轨迹15,forward
1775478790.124517,7.595790,1775478816.724946|完整运动,完整运动,circle_orbit,1,1.000000,2.500000,2.500000,,,,,,,,,,,,,,,,1.727696,0.161073,1.702136,0.191113,0.000000,0.000000,-0.253306,,0.180373,0.000000,,,,0.093230,0.191984,2.500000,11.736962,44.806344,0.000000,circle,预设轨迹15,forward
1775478790.149002,7.620275,1775478816.724946|完整运动,完整运动,circle_orbit,1,1.000000,2.500000,2.500000,,,,,,,,,,,,,,,,1.727330,0.165086,1.705332,0.195187,0.000000,0.000000,-0.246059,,0.181874,0.000000,,,,0.095573,0.191944,2.500000,11.772556,44.770751,0.000000,circle,预设轨迹15,forward
1775478790.171902,7.643174,1775478816.724946|完整运动,完整运动,circle_orbit,1,1.000000,2.500000,2.500000,,,,,,,,,,,,,,,,1.726999,0.169031,1.707169,0.198617,0.000000,0.000000,-0.238807,,0.184111,0.000000,,,,0.097876,0.191907,2.500000,11.808147,44.735160,0.000000,circle,预设轨迹15,forward
1775478790.197328,7.668601,1775478816.724946|完整运动,完整运动,circle_orbit,1,1.000000,2.500000,2.500000,,,,,,,,,,,,,,,,1.726781,0.177218,1.713694,0.238617,0.000000,0.000000,-0.224402,,0.187029,0.000000,,,,0.102629,0.191883,2.500000,11.878818,44.664488,0.000000,circle,预设轨迹15,forward
1775478790.219659,7.690932,1775478816.724946|完整运动,完整运动,circle_orbit,1,1.000000,2.500000,2.500000,,,,,,,,,,,,,,,,1.726607,0.180721,1.716161,0.206999,0.000000,0.000000,-0.217445,,0.188811,0.000000,,,,0.104668,0.191863,2.500000,11.914352,44.628954,0.000000,circle,预设轨迹15,forward
1775478790.247883,7.719155,1775478816.724946|完整运动,完整运动,circle_orbit,1,1.000000,2.500000,2.500000,,,,,,,,,,,,,,,,1.726504,0.184410,1.720332,0.212071,0.000000,0.000000,-0.210161,,0.189841,0.000000,,,,0.106811,0.191852,2.500000,11.949748,44.593558,0.000000,circle,预设轨迹15,forward
1775478790.282295,7.753568,1775478816.724946|完整运动,完整运动,circle_orbit,1,1.000000,2.500000,2.500000,,,,,,,,,,,,,,,,1.726558,0.192370,1.729818,0.252071,0.000000,0.000000,-0.195057,,0.191574,0.000000,,,,0.111418,0.191858,2.500000,12.019961,44.523346,0.000000,circle,预设轨迹15,forward
1775478790.303222,7.774494,1775478816.724946|完整运动,完整运动,circle_orbit,1,1.000000,2.500000,2.500000,,,,,,,,,,,,,,,,1.726688,0.196108,1.734459,0.224143,0.000000,0.000000,-0.187464,,0.192532,0.000000,,,,0.113575,0.191872,2.500000,12.054907,44.488400,0.000000,circle,预设轨迹15,forward
1775478790.323701,7.794973,1775478816.724946|完整运动,完整运动,circle_orbit,1,1.000000,2.500000,2.500000,,,,,,,,,,,,,,,,1.726878,0.199768,1.738270,0.227220,0.000000,0.000000,-0.179910,,0.193915,0.000000,,,,0.115682,0.191893,2.500000,12.089689,44.453617,0.000000,circle,预设轨迹15,forward
1775478790.345704,7.816976,1775478816.724946|完整运动,完整运动,circle_orbit,1,1.000000,2.500000,2.500000,,,,,,,,,,,,,,,,1.727155,0.203406,1.743788,0.230693,0.000000,0.000000,-0.172318,,0.194445,0.000000,,,,0.117770,0.191924,2.500000,12.124663,44.418644,0.000000,circle,预设轨迹15,forward
1775478790.366162,7.837435,1775478816.724946|完整运动,完整运动,circle_orbit,1,1.000000,2.500000,2.500000,,,,,,,,,,,,,,,,1.727508,0.206973,1.748700,0.233726,0.000000,0.000000,-0.164763,,0.195286,0.000000,,,,0.119810,0.191964,2.500000,12.159657,44.383650,0.000000,circle,预设轨迹15,forward
1775478790.391981,7.863253,1775478816.724946|完整运动,完整运动,circle_orbit,1,1.000000,2.500000,2.500000,,,,,,,,,,,,,,,,1.727947,0.210477,1.754302,0.236756,0.000000,0.000000,-0.157235,,0.195779,0.000000,,,,0.121808,0.192012,2.500000,12.194722,44.348584,0.000000,circle,预设轨迹15,forward
1775478790.417959,7.889232,1775478816.724946|完整运动,完整运动,circle_orbit,1,1.000000,2.500000,2.500000,,,,,,,,,,,,,,,,1.728587,0.218275,1.766953,0.276756,0.000000,0.000000,-0.142017,,0.196166,0.000000,,,,0.126274,0.192083,2.500000,12.264801,44.278506,0.000000,circle,预设轨迹15,forward
1775478790.438321,7.909594,1775478816.724946|完整运动,完整运动,circle_orbit,1,1.000000,2.500000,2.500000,,,,,,,,,,,,,,,,1.729321,0.221686,1.773401,0.247274,0.000000,0.000000,-0.134398,,0.196337,0.000000,,,,0.128193,0.192165,2.500000,12.299793,44.243514,0.000000,circle,预设轨迹15,forward
1775478790.462773,7.934045,1775478816.724946|完整运动,完整运动,circle_orbit,1,1.000000,2.500000,2.500000,,,,,,,,,,,,,,,,1.730141,0.224873,1.779323,0.248771,0.000000,0.000000,-0.127051,,0.196671,0.000000,,,,0.129974,0.192256,2.500000,12.334755,44.208551,0.000000,circle,预设轨迹15,forward
1775478790.497762,7.969034,1775478816.724946|完整运动,完整运动,circle_orbit,1,1.000000,2.500000,2.500000,,,,,,,,,,,,,,,,1.731070,0.228027,1.786801,0.251683,0.000000,0.000000,-0.119710,,0.196259,0.000000,,,,0.131726,0.192359,2.500000,12.369409,44.173897,0.000000,circle,预设轨迹15,forward
1775478790.518305,7.989578,1775478816.724946|完整运动,完整运动,circle_orbit,1,1.000000,2.500000,2.500000,,,,,,,,,,,,,,,,1.732266,0.235516,1.804000,0.291683,0.000000,0.000000,-0.104649,,0.194616,0.000000,,,,0.135958,0.192492,2.500000,12.438805,44.104501,0.000000,circle,预设轨迹15,forward
1775478790.539454,8.010727,1775478816.724946|完整运动,完整运动,circle_orbit,1,1.000000,2.500000,2.500000,,,,,,,,,,,,,,,,1.733589,0.238806,1.813003,0.263485,0.000000,0.000000,-0.096923,,0.193749,0.000000,,,,0.137753,0.192639,2.500000,12.473382,44.069924,0.000000,circle,预设轨迹15,forward
1775478790.566849,8.038122,1775478816.724946|完整运动,完整运动,circle_orbit,1,1.000000,2.500000,2.500000,,,,,,,,,,,,,,,,1.735049,0.242156,1.822626,0.267281,0.000000,0.000000,-0.089068,,0.192690,0.000000,,,,0.139567,0.192801,2.500000,12.507765,44.035542,0.000000,circle,预设轨迹15,forward
1775478790.587353,8.058626,1775478816.724946|完整运动,完整运动,circle_orbit,1,1.000000,2.500000,2.500000,,,,,,,,,,,,,,,,1.736787,0.249818,1.841061,0.307281,0.000000,0.000000,-0.073695,,0.190939,0.000000,,,,0.143839,0.192995,2.500000,12.576298,43.967009,0.000000,circle,预设轨迹15,forward
1775478790.608173,8.079445,1775478816.724946|完整运动,完整运动,circle_orbit,1,1.000000,2.500000,2.500000,,,,,,,,,,,,,,,,1.738640,0.252831,1.849846,0.275424,0.000000,0.000000,-0.066102,,0.190284,0.000000,,,,0.145419,0.193201,2.500000,12.610593,43.932714,0.000000,circle,预设轨迹15,forward
1775478790.639120,8.110392,1775478816.724946|完整运动,完整运动,circle_orbit,1,1.000000,2.500000,2.500000,,,,,,,,,,,,,,,,1.740631,0.255761,1.860078,0.277742,0.000000,0.000000,-0.058599,,0.188972,0.000000,,,,0.146936,0.193422,2.500000,12.644915,43.898392,0.000000,circle,预设轨迹15,forward
1775478790.660368,8.131640,1775478816.724946|完整运动,完整运动,circle_orbit,1,1.000000,2.500000,2.500000,,,,,,,,,,,,,,,,1.742779,0.258786,1.871697,0.281474,0.000000,0.000000,-0.050941,,0.187161,0.000000,,,,0.148491,0.193661,2.500000,12.679203,43.864103,0.000000,circle,预设轨迹15,forward
1775478790.686052,8.157325,1775478816.724946|完整运动,完整运动,circle_orbit,1,1.000000,2.500000,2.500000,,,,,,,,,,,,,,,,1.745076,0.261889,1.882859,0.285157,0.000000,0.000000,-0.043144,,0.185678,0.000000,,,,0.150073,0.193916,2.500000,12.713523,43.829784,0.000000,circle,预设轨迹15,forward
1775478790.713922,8.185195,1775478816.724946|完整运动,完整运动,circle_orbit,1,1.000000,2.500000,2.500000,,,,,,,,,,,,,,,,1.747681,0.269332,1.904010,0.325157,0.000000,0.000000,-0.028163,,0.183119,0.000000,,,,0.154108,0.194205,2.500000,12.782166,43.761141,0.000000,circle,预设轨迹15,forward
1775478790.735207,8.206480,1775478816.724946|完整运动,完整运动,circle_orbit,1,1.000000,2.500000,2.500000,,,,,,,,,,,,,,,,1.750448,0.271872,1.916436,0.290924,0.000000,0.000000,-0.020943,,0.181007,0.000000,,,,0.155316,0.194513,2.500000,12.816322,43.726984,0.000000,circle,预设轨迹15,forward
1775478790.755878,8.227151,1775478816.724946|完整运动,完整运动,circle_orbit,1,1.000000,2.500000,2.500000,,,,,,,,,,,,,,,,1.753371,0.274436,1.928750,0.293668,0.000000,0.000000,-0.013693,,0.179024,0.000000,,,,0.156519,0.194837,2.500000,12.850576,43.692730,0.000000,circle,预设轨迹15,forward
1775478790.784883,8.256155,1775478816.724946|完整运动,完整运动,circle_orbit,1,1.000000,2.500000,2.500000,,,,,,,,,,,,,,,,1.756448,0.276957,1.941055,0.295857,0.000000,0.000000,-0.006508,,0.177082,0.000000,,,,0.157680,0.195179,2.500000,12.885043,43.658263,0.000000,circle,预设轨迹15,forward
1775478790.805203,8.276476,1775478816.724946|完整运动,完整运动,circle_orbit,1,1.000000,2.500000,2.500000,,,,,,,,,,,,,,,,1.759664,0.279402,1.952638,0.297746,0.000000,0.000000,0.000572,,0.174945,0.000000,,,,0.158782,0.195537,2.500000,12.919660,43.623647,0.000000,circle,预设轨迹15,forward
1775478790.826165,8.297438,1775478816.724946|完整运动,完整运动,circle_orbit,1,1.000000,2.500000,2.500000,,,,,,,,,,,,,,,,1.762810,0.281878,1.951592,0.300447,0.000000,0.000000,0.007694,,0.172209,0.000000,,,,0.159903,0.195886,2.500000,12.954221,43.589086,0.000000,circle,预设轨迹15,forward
1775478790.862550,8.333823,1775478816.724946|完整运动,完整运动,circle_orbit,1,1.000000,2.500000,2.500000,,,,,,,,,,,,,,,,1.765828,0.288769,1.946873,0.340447,0.000000,0.000000,0.021638,,0.167951,0.000000,,,,0.163532,0.196222,2.500000,13.023382,43.519925,0.000000,circle,预设轨迹15,forward
1775478790.883340,8.354612,1775478816.724946|完整运动,完整运动,circle_orbit,1,1.000000,2.500000,2.500000,,,,,,,,,,,,,,,,1.768794,0.290945,1.946760,0.307270,0.000000,0.000000,0.028546,,0.164927,0.000000,,,,0.164488,0.196551,2.500000,13.057917,43.485390,0.000000,circle,预设轨迹15,forward
1775478790.904613,8.375885,1775478816.724946|完整运动,完整运动,circle_orbit,1,1.000000,2.500000,2.500000,,,,,,,,,,,,,,,,1.771703,0.293216,1.946272,0.310246,0.000000,0.000000,0.035571,,0.162006,0.000000,,,,0.165500,0.196875,2.500000,13.092477,43.450830,0.000000,circle,预设轨迹15,forward
1775478790.931829,8.403102,1775478816.724946|完整运动,完整运动,circle_orbit,1,1.000000,2.500000,2.500000,,,,,,,,,,,,,,,,1.774549,0.299925,1.945313,0.350246,0.000000,0.000000,0.049589,,0.156171,0.000000,,,,0.169015,0.197191,2.500000,13.161477,43.381830,0.000000,circle,预设轨迹15,forward
1775478790.952244,8.423516,1775478816.724946|完整运动,完整运动,circle_orbit,1,1.000000,2.500000,2.500000,,,,,,,,,,,,,,,,1.777354,0.302108,1.945664,0.318477,0.000000,0.000000,0.056671,,0.152878,0.000000,,,,0.169976,0.197503,2.500000,13.196036,43.347271,0.000000,circle,预设轨迹15,forward
1775478790.972820,8.444093,1775478816.724946|完整运动,完整运动,circle_orbit,1,1.000000,2.500000,2.500000,,,,,,,,,,,,,,,,1.780092,0.304206,1.944372,0.319942,0.000000,0.000000,0.063615,,0.150325,0.000000,,,,0.170893,0.197807,2.500000,13.230609,43.312698,0.000000,circle,预设轨迹15,forward
1775478791.001777,8.473050,1775478816.724946|完整运动,完整运动,circle_orbit,1,1.000000,2.500000,2.500000,,,,,,,,,,,,,,,,1.782797,0.306357,1.945065,0.322488,0.000000,0.000000,0.070618,,0.146927,0.000000,,,,0.171841,0.198107,2.500000,13.264824,43.278482,0.000000,circle,预设轨迹15,forward
1775478791.022658,8.493930,1775478816.724946|完整运动,完整运动,circle_orbit,1,1.000000,2.500000,2.500000,,,,,,,,,,,,,,,,1.785466,0.308465,1.945585,0.324278,0.000000,0.000000,0.077550,,0.143630,0.000000,,,,0.172765,0.198404,2.500000,13.299155,43.244151,0.000000,circle,预设轨迹15,forward
1775478791.043581,8.514853,1775478816.724946|完整运动,完整运动,circle_orbit,1,1.000000,2.500000,2.500000,,,,,,,,,,,,,,,,1.788092,0.310481,1.945690,0.325602,0.000000,0.000000,0.084341,,0.140569,0.000000,,,,0.173638,0.198696,2.500000,13.333458,43.209848,0.000000,circle,预设轨迹15,forward
1775478791.068935,8.540207,1775478816.724946|完整运动,完整运动,circle_orbit,1,1.000000,2.500000,2.500000,,,,,,,,,,,,,,,,1.790704,0.312461,1.947386,0.327307,0.000000,0.000000,0.091069,,0.136879,0.000000,,,,0.174491,0.198986,2.500000,13.367814,43.175492,0.000000,circle,预设轨迹15,forward
1775478791.093444,8.564716,1775478816.724946|完整运动,完整运动,circle_orbit,1,1.000000,2.500000,2.500000,,,,,,,,,,,,,,,,1.793322,0.318858,1.950417,0.366833,0.000000,0.000000,0.104075,,0.129850,0.000000,,,,0.177803,0.199277,2.500000,13.436781,43.106526,0.000000,circle,预设轨迹15,forward
1775478791.122042,8.593314,1775478816.724946|完整运动,完整运动,circle_orbit,1,1.000000,2.500000,2.500000,,,,,,,,,,,,,,,,1.795919,0.320301,1.951750,0.331125,0.000000,0.000000,0.110272,,0.126549,0.000000,,,,0.178349,0.199565,2.500000,13.471251,43.072055,0.000000,circle,预设轨迹15,forward
1775478791.150023,8.621296,1775478816.724946|完整运动,完整运动,circle_orbit,1,1.000000,2.500000,2.500000,,,,,,,,,,,,,,,,1.798499,0.321505,1.953327,0.330537,0.000000,0.000000,0.116080,,0.123321,0.000000,,,,0.178763,0.199852,2.500000,13.505822,43.037485,0.000000,circle,预设轨迹15,forward
1775478791.170457,8.641730,1775478816.724946|完整运动,完整运动,circle_orbit,1,1.000000,2.500000,2.500000,,,,,,,,,,,,,,,,1.801132,0.326603,1.959080,0.364836,0.000000,0.000000,0.127378,,0.115951,0.000000,,,,0.181332,0.200145,2.500000,13.575293,42.968014,0.000000,circle,预设轨迹15,forward
1775478791.190902,8.662175,1775478816.724946|完整运动,完整运动,circle_orbit,1,1.000000,2.500000,2.500000,,,,,,,,,,,,,,,,1.803783,0.327636,1.962865,0.335387,0.000000,0.000000,0.133060,,0.111887,0.000000,,,,0.181638,0.200439,2.500000,13.610236,42.933071,0.000000,circle,预设轨迹15,forward
1775478791.214309,8.685581,1775478816.724946|完整运动,完整运动,circle_orbit,1,1.000000,2.500000,2.500000,,,,,,,,,,,,,,,,1.806452,0.328644,1.966604,0.336204,0.000000,0.000000,0.138639,,0.107893,0.000000,,,,0.181928,0.200736,2.500000,13.645600,42.897706,0.000000,circle,预设轨迹15,forward
1775478791.234718,8.705990,1775478816.724946|完整运动,完整运动,circle_orbit,1,1.000000,2.500000,2.500000,,,,,,,,,,,,,,,,1.809150,0.329597,1.970987,0.336745,0.000000,0.000000,0.144079,,0.103709,0.000000,,,,0.182184,0.201036,2.500000,13.680990,42.862317,0.000000,circle,预设轨迹15,forward
1775478791.260765,8.732037,1775478816.724946|完整运动,完整运动,circle_orbit,1,1.000000,2.500000,2.500000,,,,,,,,,,,,,,,,1.811884,0.330531,1.975918,0.337536,0.000000,0.000000,0.149433,,0.099351,0.000000,,,,0.182424,0.201339,2.500000,13.716228,42.827079,0.000000,circle,预设轨迹15,forward
1775478791.286258,8.757530,1775478816.724946|完整运动,完整运动,circle_orbit,1,1.000000,2.500000,2.500000,,,,,,,,,,,,,,,,1.814631,0.331467,1.979451,0.338484,0.000000,0.000000,0.154731,,0.095585,0.000000,,,,0.182664,0.201645,2.500000,13.751499,42.791808,0.000000,circle,预设轨迹15,forward
1775478791.306669,8.777941,1775478816.724946|完整运动,完整运动,circle_orbit,1,1.000000,2.500000,2.500000,,,,,,,,,,,,,,,,1.817467,0.336113,1.987634,0.370955,0.000000,0.000000,0.165264,,0.087653,0.000000,,,,0.184935,0.201960,2.500000,13.821883,42.721423,0.000000,circle,预设轨迹15,forward
1775478791.328307,8.799580,1775478816.724946|完整运动,完整运动,circle_orbit,1,1.000000,2.500000,2.500000,,,,,,,,,,,,,,,,1.820256,0.335506,1.987634,0.330955,0.000000,0.000000,0.165264,,0.087653,0.000000,,,,0.184318,0.202270,2.500000,13.821883,42.721423,0.000000,circle,预设轨迹15,forward
1775478791.355833,8.827106,1775478816.724946|完整运动,完整运动,circle_orbit,1,1.000000,2.500000,2.500000,,,,,,,,,,,,,,,,1.823082,0.336247,1.992593,0.341810,0.000000,0.000000,0.170505,,0.083367,0.000000,,,,0.184439,0.202584,2.500000,13.857142,42.686165,0.000000,circle,预设轨迹15,forward
1775478791.376139,8.847412,1775478816.724946|完整运动,完整运动,circle_orbit,1,1.000000,2.500000,2.500000,,,,,,,,,,,,,,,,1.825996,0.340063,2.000871,0.368676,0.000000,0.000000,0.180045,,0.075882,0.000000,,,,0.186234,0.202908,2.500000,13.928347,42.614959,0.000000,circle,预设轨迹15,forward
1775478791.403091,8.874363,1775478816.724946|完整运动,完整运动,circle_orbit,1,1.000000,2.500000,2.500000,,,,,,,,,,,,,,,,1.828952,0.339979,2.006299,0.339352,0.000000,0.000000,0.184137,,0.071951,0.000000,,,,0.185887,0.203236,2.500000,13.963888,42.579419,0.000000,circle,预设轨迹15,forward
1775478791.423834,8.895107,1775478816.724946|完整运动,完整运动,circle_orbit,1,1.000000,2.500000,2.500000,,,,,,,,,,,,,,,,1.831971,0.339809,2.013100,0.338536,0.000000,0.000000,0.187986,,0.067609,0.000000,,,,0.185488,0.203572,2.500000,13.999409,42.543897,0.000000,circle,预设轨迹15,forward
1775478791.445638,8.916911,1775478816.724946|完整运动,完整运动,circle_orbit,1,1.000000,2.500000,2.500000,,,,,,,,,,,,,,,,1.835069,0.339672,2.020977,0.338646,0.000000,0.000000,0.191765,,0.062904,0.000000,,,,0.185101,0.203916,2.500000,14.034938,42.508369,0.000000,circle,预设轨迹15,forward
1775478791.469876,8.941149,1775478816.724946|完整运动,完整运动,circle_orbit,1,1.000000,2.500000,2.500000,,,,,,,,,,,,,,,,1.838266,0.339581,2.030101,0.338894,0.000000,0.000000,0.195504,,0.057767,0.000000,,,,0.184729,0.204271,2.500000,14.070427,42.472879,0.000000,circle,预设轨迹15,forward
1775478791.501018,8.972290,1775478816.724946|完整运动,完整运动,circle_orbit,1,1.000000,2.500000,2.500000,,,,,,,,,,,,,,,,1.841546,0.339561,2.038334,0.339415,0.000000,0.000000,0.199249,,0.052994,0.000000,,,,0.184389,0.204636,2.500000,14.106163,42.437143,0.000000,circle,预设轨迹15,forward
1775478791.522121,8.993394,1775478816.724946|完整运动,完整运动,circle_orbit,1,1.000000,2.500000,2.500000,,,,,,,,,,,,,,,,1.845066,0.341952,2.056229,0.359885,0.000000,0.000000,0.206350,,0.043166,0.000000,,,,0.185333,0.205027,2.500000,14.177725,42.365582,0.000000,circle,预设轨迹15,forward
1775478791.544272,9.015545,1775478816.724946|完整运动,完整运动,circle_orbit,1,1.000000,2.500000,2.500000,,,,,,,,,,,,,,,,1.848672,0.341596,2.065031,0.338924,0.000000,0.000000,0.209595,,0.038485,0.000000,,,,0.184779,0.205427,2.500000,14.213559,42.329748,0.000000,circle,预设轨迹15,forward
1775478791.580184,9.051456,1775478816.724946|完整运动,完整运动,circle_orbit,1,1.000000,2.500000,2.500000,,,,,,,,,,,,,,,,1.852388,0.341371,2.075352,0.339682,0.000000,0.000000,0.212925,,0.033242,0.000000,,,,0.184287,0.205840,2.500000,14.249236,42.294071,0.000000,circle,预设轨迹15,forward
1775478791.601686,9.072958,1775478816.724946|完整运动,完整运动,circle_orbit,1,1.000000,2.500000,2.500000,,,,,,,,,,,,,,,,1.856311,0.343580,2.091729,0.360146,0.000000,0.000000,0.219638,,0.024363,0.000000,,,,0.185087,0.206276,2.500000,14.320729,42.222577,0.000000,circle,预设轨迹15,forward
1775478791.622264,9.093536,1775478816.724946|完整运动,完整运动,circle_orbit,1,1.000000,2.500000,2.500000,,,,,,,,,,,,,,,,1.860303,0.343198,2.099808,0.340334,0.000000,0.000000,0.222714,,0.020122,0.000000,,,,0.184485,0.206720,2.500000,14.356827,42.186479,0.000000,circle,预设轨迹15,forward
1775478791.661725,9.132997,1775478816.724946|完整运动,完整运动,circle_orbit,1,1.000000,2.500000,2.500000,,,,,,,,,,,,,,,,1.864376,0.342515,2.108740,0.337397,0.000000,0.000000,0.225263,,0.015837,0.000000,,,,0.183716,0.207173,2.500000,14.392870,42.150437,0.000000,circle,预设轨迹15,forward
1775478791.683783,9.155056,1775478816.724946|完整运动,完整运动,circle_orbit,1,1.000000,2.500000,2.500000,,,,,,,,,,,,,,,,1.868735,0.343146,2.130309,0.347876,0.000000,0.000000,0.229589,,0.006413,0.000000,,,,0.183625,0.207657,2.500000,14.465722,42.077585,0.000000,circle,预设轨迹15,forward
1775478791.704895,9.176167,1775478816.724946|完整运动,完整运动,circle_orbit,1,1.000000,2.500000,2.500000,,,,,,,,,,,,,,,,1.873239,0.342010,2.143436,0.333493,0.000000,0.000000,0.231374,,0.001127,0.000000,,,,0.182577,0.208157,2.500000,14.502129,42.041178,0.000000,circle,预设轨迹15,forward
1775478791.733218,9.204490,1775478816.724946|完整运动,完整运动,circle_orbit,1,1.000000,2.500000,2.500000,,,,,,,,,,,,,,,,1.877474,0.340909,2.131584,0.332649,0.000000,0.000000,0.233087,,-0.004419,0.000000,,,,0.181579,0.208628,2.500000,14.538518,42.004789,0.000000,circle,预设轨迹15,forward
1775478791.753654,9.224927,1775478816.724946|完整运动,完整运动,circle_orbit,1,1.000000,2.500000,2.500000,,,,,,,,,,,,,,,,1.881053,0.340979,2.095774,0.341506,0.000000,0.000000,0.236376,,-0.015482,0.000000,,,,0.181271,0.209026,2.500000,14.611301,41.932006,0.000000,circle,预设轨迹15,forward
1775478791.777784,9.249057,1775478816.724946|完整运动,完整运动,circle_orbit,1,1.000000,2.500000,2.500000,,,,,,,,,,,,,,,,1.884300,0.339753,2.079155,0.330559,0.000000,0.000000,0.237783,,-0.020816,0.000000,,,,0.180307,0.209387,2.500000,14.647779,41.895528,0.000000,circle,预设轨迹15,forward
1775478791.799664,9.270936,1775478816.724946|完整运动,完整运动,circle_orbit,1,1.000000,2.500000,2.500000,,,,,,,,,,,,,,,,1.887229,0.338474,2.062959,0.328878,0.000000,0.000000,0.239007,,-0.026171,0.000000,,,,0.179350,0.209712,2.500000,14.684212,41.859094,0.000000,circle,预设轨迹15,forward
1775478791.819927,9.291199,1775478816.724946|完整运动,完整运动,circle_orbit,1,1.000000,2.500000,2.500000,,,,,,,,,,,,,,,,1.889874,0.337063,2.048560,0.326480,0.000000,0.000000,0.239941,,-0.031080,0.000000,,,,0.178352,0.210006,2.500000,14.720832,41.822475,0.000000,circle,预设轨迹15,forward
1775478791.848463,9.319735,1775478816.724946|完整运动,完整运动,circle_orbit,1,1.000000,2.500000,2.500000,,,,,,,,,,,,,,,,1.892248,0.335639,2.034713,0.324956,0.000000,0.000000,0.240751,,-0.035911,0.000000,,,,0.177376,0.210270,2.500000,14.757361,41.785946,0.000000,circle,预设轨迹15,forward
1775478791.882223,9.353495,1775478816.724946|完整运动,完整运动,circle_orbit,1,1.000000,2.500000,2.500000,,,,,,,,,,,,,,,,1.894204,0.334499,2.011557,0.325955,0.000000,0.000000,0.241882,,-0.044248,0.000000,,,,0.176591,0.210487,2.500000,14.830632,41.712675,0.000000,circle,预设轨迹15,forward
1775478791.902699,9.373972,1775478816.724946|完整运动,完整运动,circle_orbit,1,1.000000,2.500000,2.500000,,,,,,,,,,,,,,,,1.895954,0.332857,2.000956,0.320539,0.000000,0.000000,0.242218,,-0.048214,0.000000,,,,0.175562,0.210682,2.500000,14.867479,41.675828,0.000000,circle,预设轨迹15,forward
1775478791.923821,9.395094,1775478816.724946|完整运动,完整运动,circle_orbit,1,1.000000,2.500000,2.500000,,,,,,,,,,,,,,,,1.897479,0.330998,1.988956,0.317055,0.000000,0.000000,0.242146,,-0.052957,0.000000,,,,0.174441,0.210851,2.500000,14.904414,41.638893,0.000000,circle,预设轨迹15,forward
1775478791.947122,9.418394,1775478816.724946|完整运动,完整运动,circle_orbit,1,1.000000,2.500000,2.500000,,,,,,,,,,,,,,,,1.898768,0.329057,1.976128,0.314502,0.000000,0.000000,0.241855,,-0.058186,0.000000,,,,0.173300,0.210994,2.500000,14.941493,41.601813,0.000000,circle,预设轨迹15,forward
1775478791.967392,9.438665,1775478816.724946|完整运动,完整运动,circle_orbit,1,1.000000,2.500000,2.500000,,,,,,,,,,,,,,,,1.899612,0.326607,1.950232,0.308230,0.000000,0.000000,0.240763,,-0.069171,0.000000,,,,0.171934,0.211088,2.500000,15.016090,41.527217,0.000000,circle,预设轨迹15,forward
1775478791.994789,9.466062,1775478816.724946|完整运动,完整运动,circle_orbit,1,1.000000,2.500000,2.500000,,,,,,,,,,,,,,,,1.900442,0.325027,1.950232,0.313177,0.000000,0.000000,0.240763,,-0.069171,0.000000,,,,0.171027,0.211180,2.500000,15.016090,41.527217,0.000000,circle,预设轨迹15,forward
1775478792.020472,9.491744,1775478816.724946|完整运动,完整运动,circle_orbit,1,1.000000,2.500000,2.500000,,,,,,,,,,,,,,,,1.900882,0.322407,1.927301,0.302755,0.000000,0.000000,0.239236,,-0.079382,0.000000,,,,0.169609,0.211229,2.500000,15.090200,41.453107,0.000000,circle,预设轨迹15,forward
1775478792.043808,9.515081,1775478816.724946|完整运动,完整运动,circle_orbit,1,1.000000,2.500000,2.500000,,,,,,,,,,,,,,,,1.901131,0.320176,1.916062,0.303442,0.000000,0.000000,0.238142,,-0.084624,0.000000,,,,0.168413,0.211257,2.500000,15.127173,41.416133,0.000000,circle,预设轨迹15,forward
1775478792.075001,9.546273,1775478816.724946|完整运动,完整运动,circle_orbit,1,1.000000,2.500000,2.500000,,,,,,,,,,,,,,,,1.901182,0.317942,1.904265,0.301187,0.000000,0.000000,0.236953,,-0.090204,0.000000,,,,0.167234,0.211262,2.500000,15.164161,41.379146,0.000000,circle,预设轨迹15,forward
1775478792.102758,9.574030,1775478816.724946|完整运动,完整运动,circle_orbit,1,1.000000,2.500000,2.500000,,,,,,,,,,,,,,,,1.900864,0.314818,1.881789,0.291391,0.000000,0.000000,0.234435,,-0.101124,0.000000,,,,0.165618,0.211227,2.500000,15.238099,41.305208,0.000000,circle,预设轨迹15,forward
1775478792.125677,9.596949,1775478816.724946|完整运动,完整运动,circle_orbit,1,1.000000,2.500000,2.500000,,,,,,,,,,,,,,,,1.900421,0.312294,1.873825,0.293365,0.000000,0.000000,0.232634,,-0.105453,0.000000,,,,0.164329,0.211178,2.500000,15.275111,41.268196,0.000000,circle,预设轨迹15,forward
1775478792.149035,9.620307,1775478816.724946|完整运动,完整运动,circle_orbit,1,1.000000,2.500000,2.500000,,,,,,,,,,,,,,,,1.899866,0.309593,1.866597,0.289334,0.000000,0.000000,0.230486,,-0.109637,0.000000,,,,0.162955,0.211116,2.500000,15.312163,41.231143,0.000000,circle,预设轨迹15,forward
1775478792.169601,9.640873,1775478816.724946|完整运动,完整运动,circle_orbit,1,1.000000,2.500000,2.500000,,,,,,,,,,,,,,,,1.899121,0.304883,1.854388,0.269558,0.000000,0.000000,0.225398,,-0.117409,0.000000,,,,0.160539,0.211033,2.500000,15.386630,41.156676,0.000000,circle,预设轨迹15,forward
1775478792.192188,9.663460,1775478816.724946|完整运动,完整运动,circle_orbit,1,1.000000,2.500000,2.500000,,,,,,,,,,,,,,,,1.898388,0.303910,1.854388,0.296613,0.000000,0.000000,0.225398,,-0.117409,0.000000,,,,0.160088,0.210952,2.500000,15.386630,41.156676,0.000000,circle,预设轨迹15,forward
1775478792.213410,9.684683,1775478816.724946|完整运动,完整运动,circle_orbit,1,1.000000,2.500000,2.500000,,,,,,,,,,,,,,,,1.897400,0.299088,1.838130,0.262921,0.000000,0.000000,0.219960,,-0.127279,0.000000,,,,0.157630,0.210842,2.500000,15.461322,41.081985,0.000000,circle,预设轨迹15,forward
1775478792.245242,9.716514,1775478816.724946|完整运动,完整运动,circle_orbit,1,1.000000,2.500000,2.500000,,,,,,,,,,,,,,,,1.896296,0.296089,1.830101,0.273603,0.000000,0.000000,0.216915,,-0.132362,0.000000,,,,0.156141,0.210720,2.500000,15.498734,41.044572,0.000000,circle,预设轨迹15,forward
1775478792.269496,9.740768,1775478816.724946|完整运动,完整运动,circle_orbit,1,1.000000,2.500000,2.500000,,,,,,,,,,,,,,,,1.895088,0.293130,1.822576,0.270934,0.000000,0.000000,0.213835,,-0.137256,0.000000,,,,0.154679,0.210585,2.500000,15.536072,41.007235,0.000000,circle,预设轨迹15,forward
1775478792.290153,9.761425,1775478816.724946|完整运动,完整运动,circle_orbit,1,1.000000,2.500000,2.500000,,,,,,,,,,,,,,,,1.893683,0.287583,1.809412,0.245977,0.000000,0.000000,0.207012,,-0.146526,0.000000,,,,0.151864,0.210429,2.500000,15.610737,40.932569,0.000000,circle,预设轨迹15,forward
1775478792.316753,9.788025,1775478816.724946|完整运动,完整运动,circle_orbit,1,1.000000,2.500000,2.500000,,,,,,,,,,,,,,,,1.892302,0.287006,1.809412,0.282685,0.000000,0.000000,0.207012,,-0.146526,0.000000,,,,0.151670,0.210276,2.500000,15.610737,40.932569,0.000000,circle,预设轨迹15,forward
1775478792.352678,9.823950,1775478816.724946|完整运动,完整运动,circle_orbit,1,1.000000,2.500000,2.500000,,,,,,,,,,,,,,,,1.890738,0.281792,1.796924,0.242685,0.000000,0.000000,0.199883,,-0.155696,0.000000,,,,0.149038,0.210102,2.500000,15.685186,40.858121,0.000000,circle,预设轨迹15,forward
1775478792.373911,9.845184,1775478816.724946|完整运动,完整运动,circle_orbit,1,1.000000,2.500000,2.500000,,,,,,,,,,,,,,,,1.889083,0.275500,1.789747,0.228307,0.000000,0.000000,0.191700,,-0.162820,0.000000,,,,0.145838,0.209918,2.500000,15.759202,40.784105,0.000000,circle,预设轨迹15,forward
1775478792.394811,9.866084,1775478816.724946|完整运动,完整运动,circle_orbit,1,1.000000,2.500000,2.500000,,,,,,,,,,,,,,,,1.887389,0.271901,1.785796,0.244911,0.000000,0.000000,0.187091,,-0.166801,0.000000,,,,0.144062,0.209730,2.500000,15.796263,40.747044,0.000000,circle,预设轨迹15,forward
1775478792.415869,9.887142,1775478816.724946|完整运动,完整运动,circle_orbit,1,1.000000,2.500000,2.500000,,,,,,,,,,,,,,,,1.885662,0.268282,1.782003,0.241136,0.000000,0.000000,0.182357,,-0.170767,0.000000,,,,0.142275,0.209538,2.500000,15.833366,40.709940,0.000000,circle,预设轨迹15,forward
1775478792.436182,9.907455,1775478816.724946|完整运动,完整运动,circle_orbit,1,1.000000,2.500000,2.500000,,,,,,,,,,,,,,,,1.883890,0.264779,1.777578,0.238506,0.000000,0.000000,0.177697,,-0.175021,0.000000,,,,0.140549,0.209341,2.500000,15.870500,40.672807,0.000000,circle,预设轨迹15,forward
1775478792.467098,9.938370,1775478816.724946|完整运动,完整运动,circle_orbit,1,1.000000,2.500000,2.500000,,,,,,,,,,,,,,,,1.882088,0.261368,1.773990,0.235790,0.000000,0.000000,0.173083,,-0.178850,0.000000,,,,0.138871,0.209141,2.500000,15.907716,40.635591,0.000000,circle,预设轨迹15,forward
1775478792.489502,9.960774,1775478816.724946|完整运动,完整运动,circle_orbit,1,1.000000,2.500000,2.500000,,,,,,,,,,,,,,,,1.880289,0.257853,1.772305,0.231488,0.000000,0.000000,0.168239,,-0.181840,0.000000,,,,0.137135,0.208941,2.500000,15.944868,40.598439,0.000000,circle,预设轨迹15,forward
1775478792.509813,9.981086,1775478816.724946|完整运动,完整运动,circle_orbit,1,1.000000,2.500000,2.500000,,,,,,,,,,,,,,,,1.878381,0.250711,1.763902,0.197147,0.000000,0.000000,0.158182,,-0.190510,0.000000,,,,0.133472,0.208729,2.500000,16.018819,40.524487,0.000000,circle,预设轨迹15,forward
1775478792.540273,10.011546,1775478816.724946|完整运动,完整运动,circle_orbit,1,1.000000,2.500000,2.500000,,,,,,,,,,,,,,,,1.876504,0.249115,1.763902,0.237147,0.000000,0.000000,0.158182,,-0.190510,0.000000,,,,0.132755,0.208520,2.500000,16.018819,40.524487,0.000000,circle,预设轨迹15,forward
1775478792.567761,10.039034,1775478816.724946|完整运动,完整运动,circle_orbit,1,1.000000,2.500000,2.500000,,,,,,,,,,,,,,,,1.874553,0.243001,1.757525,0.197147,0.000000,0.000000,0.147743,,-0.198365,0.000000,,,,0.129632,0.208303,2.500000,16.092802,40.450504,0.000000,circle,预设轨迹15,forward
1775478792.588069,10.059342,1775478816.724946|完整运动,完整运动,circle_orbit,1,1.000000,2.500000,2.500000,,,,,,,,,,,,,,,,1.872607,0.235149,1.755838,0.176259,0.000000,0.000000,0.136173,,-0.204361,0.000000,,,,0.125573,0.208087,2.500000,16.166318,40.376988,0.000000,circle,预设轨迹15,forward
1775478792.618469,10.089742,1775478816.724946|完整运动,完整运动,circle_orbit,1,1.000000,2.500000,2.500000,,,,,,,,,,,,,,,,1.870693,0.232927,1.755838,0.216259,0.000000,0.000000,0.136173,,-0.204361,0.000000,,,,0.124514,0.207874,2.500000,16.166318,40.376988,0.000000,circle,预设轨迹15,forward
1775478792.639283,10.110555,1775478816.724946|完整运动,完整运动,circle_orbit,1,1.000000,2.500000,2.500000,,,,,,,,,,,,,,,,1.868761,0.226260,1.752816,0.176259,0.000000,0.000000,0.123742,,-0.211421,0.000000,,,,0.121075,0.207660,2.500000,16.239364,40.303942,0.000000,circle,预设轨迹15,forward
1775478792.660096,10.131368,1775478816.724946|完整运动,完整运动,circle_orbit,1,1.000000,2.500000,2.500000,,,,,,,,,,,,,,,,1.866841,0.222506,1.751674,0.194350,0.000000,0.000000,0.117388,,-0.214827,0.000000,,,,0.119188,0.207446,2.500000,16.275823,40.267484,0.000000,circle,预设轨迹15,forward
1775478792.691397,10.162670,1775478816.724946|完整运动,完整运动,circle_orbit,1,1.000000,2.500000,2.500000,,,,,,,,,,,,,,,,1.864950,0.218586,1.751499,0.189188,0.000000,0.000000,0.110755,,-0.217864,0.000000,,,,0.117207,0.207236,2.500000,16.312458,40.230849,0.000000,circle,预设轨迹15,forward
1775478792.721931,10.193203,1775478816.724946|完整运动,完整运动,circle_orbit,1,1.000000,2.500000,2.500000,,,,,,,,,,,,,,,,1.863081,0.210422,1.750908,0.149188,0.000000,0.000000,0.097443,,-0.224082,0.000000,,,,0.112943,0.207029,2.500000,16.385952,40.157355,0.000000,circle,预设轨迹15,forward
1775478792.742330,10.213603,1775478816.724946|完整运动,完整运动,circle_orbit,1,1.000000,2.500000,2.500000,,,,,,,,,,,,,,,,1.861246,0.206682,1.751144,0.178638,0.000000,0.000000,0.090791,,-0.226919,0.000000,,,,0.111045,0.206825,2.500000,16.422668,40.120638,0.000000,circle,预设轨迹15,forward
1775478792.763653,10.234925,1775478816.724946|完整运动,完整运动,circle_orbit,1,1.000000,2.500000,2.500000,,,,,,,,,,,,,,,,1.859446,0.202896,1.751453,0.174500,0.000000,0.000000,0.084034,,-0.229765,0.000000,,,,0.109117,0.206625,2.500000,16.459207,40.084100,0.000000,circle,预设轨迹15,forward
1775478792.784630,10.255903,1775478816.724946|完整运动,完整运动,circle_orbit,1,1.000000,2.500000,2.500000,,,,,,,,,,,,,,,,1.857678,0.199097,1.751599,0.170606,0.000000,0.000000,0.077217,,-0.232720,0.000000,,,,0.107175,0.206428,2.500000,16.495698,40.047608,0.000000,circle,预设轨迹15,forward
1775478792.807768,10.279040,1775478816.724946|完整运动,完整运动,circle_orbit,1,1.000000,2.500000,2.500000,,,,,,,,,,,,,,,,1.855965,0.195213,1.753216,0.166083,0.000000,0.000000,0.070231,,-0.235002,0.000000,,,,0.105182,0.206238,2.500000,16.532246,40.011061,0.000000,circle,预设轨迹15,forward
1775478792.828201,10.299474,1775478816.724946|完整运动,完整运动,circle_orbit,1,1.000000,2.500000,2.500000,,,,,,,,,,,,,,,,1.854387,0.187081,1.759660,0.126083,0.000000,0.000000,0.055625,,-0.238231,0.000000,,,,0.100885,0.206062,2.500000,16.605399,39.937907,0.000000,circle,预设轨迹15,forward
1775478792.857126,10.328399,1775478816.724946|完整运动,完整运动,circle_orbit,1,1.000000,2.500000,2.500000,,,,,,,,,,,,,,,,1.852881,0.182878,1.762550,0.151358,0.000000,0.000000,0.047976,,-0.240175,0.000000,,,,0.098699,0.205895,2.500000,16.641757,39.901550,0.000000,circle,预设轨迹15,forward
1775478792.882220,10.353492,1775478816.724946|完整运动,完整运动,circle_orbit,1,1.000000,2.500000,2.500000,,,,,,,,,,,,,,,,1.851447,0.178620,1.765368,0.146686,0.000000,0.000000,0.040175,,-0.242227,0.000000,,,,0.096476,0.205736,2.500000,16.678172,39.865134,0.000000,circle,预设轨迹15,forward
1775478792.902513,10.373786,1775478816.724946|完整运动,完整运动,circle_orbit,1,1.000000,2.500000,2.500000,,,,,,,,,,,,,,,,1.850078,0.174316,1.767975,0.142034,0.000000,0.000000,0.032235,,-0.244451,0.000000,,,,0.094221,0.205584,2.500000,16.714373,39.828934,0.000000,circle,预设轨迹15,forward
1775478792.934148,10.405420,1775478816.724946|完整运动,完整运动,circle_orbit,1,1.000000,2.500000,2.500000,,,,,,,,,,,,,,,,1.848788,0.169939,1.771394,0.137110,0.000000,0.000000,0.024114,,-0.246355,0.000000,,,,0.091919,0.205440,2.500000,16.750664,39.792643,0.000000,circle,预设轨迹15,forward
1775478792.957086,10.428358,1775478816.724946|完整运动,完整运动,circle_orbit,1,1.000000,2.500000,2.500000,,,,,,,,,,,,,,,,1.847621,0.161371,1.777614,0.097110,0.000000,0.000000,0.008148,,-0.250366,0.000000,,,,0.087340,0.205311,2.500000,16.823291,39.720016,0.000000,circle,预设轨迹15,forward
1775478792.977378,10.448651,1775478816.724946|完整运动,完整运动,circle_orbit,1,1.000000,2.500000,2.500000,,,,,,,,,,,,,,,,1.846538,0.157237,1.781538,0.126238,0.000000,0.000000,0.000138,,-0.251990,0.000000,,,,0.085152,0.205190,2.500000,16.859864,39.683443,0.000000,circle,预设轨迹15,forward
1775478793.008158,10.479430,1775478816.724946|完整运动,完整运动,circle_orbit,1,1.000000,2.500000,2.500000,,,,,,,,,,,,,,,,1.845292,0.153214,1.770549,0.123036,0.000000,0.000000,-0.007781,,-0.254036,0.000000,,,,0.083029,0.205052,2.500000,16.896132,39.647174,0.000000,circle,预设轨迹15,forward
1775478793.041776,10.513048,1775478816.724946|完整运动,完整运动,circle_orbit,1,1.000000,2.500000,2.500000,,,,,,,,,,,,,,,,1.843901,0.149076,1.760448,0.118047,0.000000,0.000000,-0.015924,,-0.255480,0.000000,,,,0.080848,0.204897,2.500000,16.932535,39.610772,0.000000,circle,预设轨迹15,forward
1775478793.064940,10.536212,1775478816.724946|完整运动,完整运动,circle_orbit,1,1.000000,2.500000,2.500000,,,,,,,,,,,,,,,,1.842218,0.140720,1.741195,0.078047,0.000000,0.000000,-0.031668,,-0.258296,0.000000,,,,0.076386,0.204710,2.500000,17.005156,39.538150,0.000000,circle,预设轨迹15,forward
1775478793.085363,10.556635,1775478816.724946|完整运动,完整运动,circle_orbit,1,1.000000,2.500000,2.500000,,,,,,,,,,,,,,,,1.840423,0.136884,1.732720,0.108113,0.000000,0.000000,-0.039615,,-0.259153,0.000000,,,,0.074376,0.204511,2.500000,17.041699,39.501608,0.000000,circle,预设轨迹15,forward
1775478793.116362,10.587635,1775478816.724946|完整运动,完整运动,circle_orbit,1,1.000000,2.500000,2.500000,,,,,,,,,,,,,,,,1.838512,0.132991,1.723847,0.103796,0.000000,0.000000,-0.047689,,-0.260206,0.000000,,,,0.072336,0.204298,2.500000,17.078193,39.465114,0.000000,circle,预设轨迹15,forward
1775478793.138596,10.609869,1775478816.724946|完整运动,完整运动,circle_orbit,1,1.000000,2.500000,2.500000,,,,,,,,,,,,,,,,1.836348,0.124851,1.706527,0.063796,0.000000,0.000000,-0.064803,,-0.261798,0.000000,,,,0.067989,0.204058,2.500000,17.150816,39.392491,0.000000,circle,预设轨迹15,forward
1775478793.159042,10.630314,1775478816.724946|完整运动,完整运动,circle_orbit,1,1.000000,2.500000,2.500000,,,,,,,,,,,,,,,,1.834069,0.120625,1.697302,0.088937,0.000000,0.000000,-0.073441,,-0.262935,0.000000,,,,0.065769,0.203805,2.500000,17.186833,39.356473,0.000000,circle,预设轨迹15,forward
1775478793.191126,10.662398,1775478816.724946|完整运动,完整运动,circle_orbit,1,1.000000,2.500000,2.500000,,,,,,,,,,,,,,,,1.831680,0.116400,1.688362,0.084710,0.000000,0.000000,-0.082156,,-0.263936,0.000000,,,,0.063548,0.203539,2.500000,17.222898,39.320408,0.000000,circle,预设轨迹15,forward
1775478793.214008,10.685281,1775478816.724946|完整运动,完整运动,circle_orbit,1,1.000000,2.500000,2.500000,,,,,,,,,,,,,,,,1.829039,0.107966,1.670608,0.044710,0.000000,0.000000,-0.099614,,-0.266011,0.000000,,,,0.059029,0.203246,2.500000,17.295590,39.247716,0.000000,circle,预设轨迹15,forward
1775478793.238121,10.709393,1775478816.724946|完整运动,完整运动,circle_orbit,1,1.000000,2.500000,2.500000,,,,,,,,,,,,,,,,1.826310,0.103785,1.662526,0.072427,0.000000,0.000000,-0.108419,,-0.266644,0.000000,,,,0.056828,0.202943,2.500000,17.331936,39.211371,0.000000,circle,预设轨迹15,forward
1775478793.271857,10.743129,1775478816.724946|完整运动,完整运动,circle_orbit,1,1.000000,2.500000,2.500000,,,,,,,,,,,,,,,,1.823495,0.099597,1.654617,0.068188,0.000000,0.000000,-0.117310,,-0.267184,0.000000,,,,0.054619,0.202630,2.500000,17.368324,39.174982,0.000000,circle,预设轨迹15,forward
1775478793.308520,10.779792,1775478816.724946|完整运动,完整运动,circle_orbit,1,1.000000,2.500000,2.500000,,,,,,,,,,,,,,,,1.820490,0.091196,1.640160,0.028188,0.000000,0.000000,-0.134372,,-0.267924,0.000000,,,,0.050094,0.202296,2.500000,17.441088,39.102219,0.000000,circle,预设轨迹15,forward
1775478793.331778,10.803051,1775478816.724946|完整运动,完整运动,circle_orbit,1,1.000000,2.500000,2.500000,,,,,,,,,,,,,,,,1.817437,0.087760,1.634300,0.061988,0.000000,0.000000,-0.142400,,-0.267772,0.000000,,,,0.048288,0.201957,2.500000,17.477872,39.065435,0.000000,circle,预设轨迹15,forward
1775478793.352268,10.823541,1775478816.724946|完整运动,完整运动,circle_orbit,1,1.000000,2.500000,2.500000,,,,,,,,,,,,,,,,1.814275,0.080022,1.624554,0.021988,0.000000,0.000000,-0.158957,,-0.266148,0.000000,,,,0.044107,0.201605,2.500000,17.551797,38.991510,0.000000,circle,预设轨迹15,forward
1775478793.385292,10.856564,1775478816.724946|完整运动,完整运动,circle_orbit,1,1.000000,2.500000,2.500000,,,,,,,,,,,,,,,,1.811085,0.076311,1.619651,0.048476,0.000000,0.000000,-0.167494,,-0.265265,0.000000,,,,0.042135,0.201251,2.500000,17.588718,38.954589,0.000000,circle,预设轨迹15,forward
1775478793.415732,10.887005,1775478816.724946|完整运动,完整运动,circle_orbit,1,1.000000,2.500000,2.500000,,,,,,,,,,,,,,,,1.807776,0.068330,1.609240,0.008476,0.000000,0.000000,-0.184713,,-0.263853,0.000000,,,,0.037798,0.200883,2.500000,17.662281,38.881026,0.000000,circle,预设轨迹15,forward
1775478793.438087,10.909360,1775478816.724946|完整运动,完整运动,circle_orbit,1,1.000000,2.500000,2.500000,,,,,,,,,,,,,,,,1.804424,0.064716,1.603328,0.037608,0.000000,0.000000,-0.193246,,-0.263640,0.000000,,,,0.035865,0.200511,2.500000,17.699007,38.844300,0.000000,circle,预设轨迹15,forward
1775478793.459198,10.930471,1775478816.724946|完整运动,完整运动,circle_orbit,1,1.000000,2.500000,2.500000,,,,,,,,,,,,,,,,1.801042,0.060993,1.598143,0.033076,0.000000,0.000000,-0.201986,,-0.262917,0.000000,,,,0.033866,0.200135,2.500000,17.735916,38.807390,0.000000,circle,预设轨迹15,forward
1775478793.480099,10.951371,1775478816.724946|完整运动,完整运动,circle_orbit,1,1.000000,2.500000,2.500000,,,,,,,,,,,,,,,,1.797638,0.057293,1.593368,0.029544,0.000000,0.000000,-0.210753,,-0.261951,0.000000,,,,0.031872,0.199756,2.500000,17.772785,38.770522,0.000000,circle,预设轨迹15,forward
1775478793.500944,10.972216,1775478816.724946|完整运动,完整运动,circle_orbit,1,1.000000,2.500000,2.500000,,,,,,,,,,,,,,,,1.794216,0.053661,1.588881,0.026418,0.000000,0.000000,-0.219480,,-0.260840,0.000000,,,,0.029908,0.199376,2.500000,17.809699,38.733608,0.000000,circle,预设轨迹15,forward
1775478793.531517,11.002789,1775478816.724946|完整运动,完整运动,circle_orbit,1,1.000000,2.500000,2.500000,,,,,,,,,,,,,,,,1.790771,0.050175,1.584104,0.024026,0.000000,0.000000,-0.228050,,-0.259996,0.000000,,,,0.028018,0.198993,2.500000,17.846314,38.696993,0.000000,circle,预设轨迹15,forward
1775478793.555392,11.026665,1775478816.724946|完整运动,完整运动,circle_orbit,1,1.000000,2.500000,2.500000,,,,,,,,,,,,,,,,1.787240,0.042392,1.575359,-0.015974,0.000000,0.000000,-0.244799,,-0.258027,0.000000,,,,0.023719,0.198601,2.500000,17.919552,38.623755,0.000000,circle,预设轨迹15,forward
1775478793.576128,11.047400,1775478816.724946|完整运动,完整运动,circle_orbit,1,1.000000,2.500000,2.500000,,,,,,,,,,,,,,,,1.783699,0.039587,1.571250,0.018544,0.000000,0.000000,-0.252557,,-0.257173,0.000000,,,,0.022194,0.198208,2.500000,17.956105,38.587202,0.000000,circle,预设轨迹15,forward
1775478793.610092,11.081364,1775478816.724946|完整运动,完整运动,circle_orbit,1,1.000000,2.500000,2.500000,,,,,,,,,,,,,,,,1.780166,0.036767,1.568179,0.015615,0.000000,0.000000,-0.260343,,-0.255660,0.000000,,,,0.020653,0.197815,2.500000,17.992980,38.550326,0.000000,circle,预设轨迹15,forward
1775478793.634213,11.105486,1775478816.724946|完整运动,完整运动,circle_orbit,1,1.000000,2.500000,2.500000,,,,,,,,,,,,,,,,1.776655,0.033937,1.566026,0.012714,0.000000,0.000000,-0.268155,,-0.253557,0.000000,,,,0.019102,0.197425,2.500000,18.029673,38.513633,0.000000,circle,预设轨迹15,forward
1775478793.654583,11.125856,1775478816.724946|完整运动,完整运动,circle_orbit,1,1.000000,2.500000,2.500000,,,,,,,,,,,,,,,,1.773116,0.026734,1.560773,-0.027286,0.000000,0.000000,-0.284013,,-0.249866,0.000000,,,,0.015077,0.197032,2.500000,18.102641,38.440666,0.000000,circle,预设轨迹15,forward
1775478793.686202,11.157474,1775478816.724946|完整运动,完整运动,circle_orbit,1,1.000000,2.500000,2.500000,,,,,,,,,,,,,,,,1.769602,0.023894,1.558766,0.002597,0.000000,0.000000,-0.291966,,-0.247621,0.000000,,,,0.013503,0.196641,2.500000,18.139014,38.404292,0.000000,circle,预设轨迹15,forward
1775478793.722986,11.194258,1775478816.724946|完整运动,完整运动,circle_orbit,1,1.000000,2.500000,2.500000,,,,,,,,,,,,,,,,1.766112,0.020966,1.556707,-0.001000,0.000000,0.000000,-0.300062,,-0.245348,0.000000,,,,0.011871,0.196253,2.500000,18.175414,38.367893,0.000000,circle,预设轨迹15,forward
1775478793.743592,11.214864,1775478816.724946|完整运动,完整运动,circle_orbit,1,1.000000,2.500000,2.500000,,,,,,,,,,,,,,,,1.762602,0.013676,1.551979,-0.041000,0.000000,0.000000,-0.316327,,-0.241176,0.000000,,,,0.007759,0.195863,2.500000,18.248684,38.294623,0.000000,circle,预设轨迹15,forward
1775478793.770553,11.241825,1775478816.724946|完整运动,完整运动,circle_orbit,1,1.000000,2.500000,2.500000,,,,,,,,,,,,,,,,1.759061,0.005580,1.546577,-0.055138,0.000000,0.000000,-0.331899,,-0.237771,0.000000,,,,0.003172,0.195470,2.500000,18.322133,38.221173,0.000000,circle,预设轨迹15,forward
1775478793.795178,11.266451,1775478816.724946|完整运动,完整运动,circle_orbit,1,1.000000,2.500000,2.500000,,,,,,,,,,,,,,,,1.755577,0.003142,1.546577,-0.015138,0.000000,0.000000,-0.331899,,-0.237771,0.000000,,,,0.001790,0.195083,2.500000,18.322133,38.221173,0.000000,circle,预设轨迹15,forward
1775478793.815476,11.286749,1775478816.724946|完整运动,完整运动,circle_orbit,1,1.000000,2.500000,2.500000,,,,,,,,,,,,,,,,1.752091,-0.003714,1.542907,-0.055138,0.000000,0.000000,-0.346867,,-0.233521,0.000000,,,,0.002120,0.194695,2.500000,18.394904,38.148403,0.000000,circle,预设轨迹15,forward
1775478793.846380,11.317652,1775478816.724946|完整运动,完整运动,circle_orbit,1,1.000000,2.500000,2.500000,,,,,,,,,,,,,,,,1.748643,-0.005204,1.541776,-0.016379,0.000000,0.000000,-0.354107,,-0.231046,0.000000,,,,0.002976,0.194312,2.500000,18.431409,38.111897,0.000000,circle,预设轨迹15,forward
1775478793.871190,11.342463,1775478816.724946|完整运动,完整运动,circle_orbit,1,1.000000,2.500000,2.500000,,,,,,,,,,,,,,,,1.745233,-0.011225,1.540654,-0.056379,0.000000,0.000000,-0.367721,,-0.225732,0.000000,,,,0.006432,0.193933,2.500000,18.504166,38.039140,0.000000,circle,预设轨迹15,forward
1775478793.891502,11.362774,1775478816.724946|完整运动,完整运动,circle_orbit,1,1.000000,2.500000,2.500000,,,,,,,,,,,,,,,,1.741876,-0.012367,1.540441,-0.020937,0.000000,0.000000,-0.374479,,-0.222869,0.000000,,,,0.007100,0.193560,2.500000,18.540563,38.002744,0.000000,circle,预设轨迹15,forward
1775478793.921942,11.393214,1775478816.724946|完整运动,完整运动,circle_orbit,1,1.000000,2.500000,2.500000,,,,,,,,,,,,,,,,1.738574,-0.008856,1.540441,0.017482,0.000000,0.000000,-0.374479,,-0.222869,0.000000,,,,0.005094,0.193193,2.500000,18.540563,38.002744,0.000000,circle,预设轨迹15,forward
1775478793.954956,11.426228,1775478816.724946|完整运动,完整运动,circle_orbit,1,1.000000,2.500000,2.500000,,,,,,,,,,,,,,,,1.735329,-0.010463,1.540651,-0.022518,0.000000,0.000000,-0.387974,,-0.216732,0.000000,,,,0.006029,0.192833,2.500000,18.613088,37.930219,0.000000,circle,预设轨迹15,forward
1775478793.976833,11.448106,1775478816.724946|完整运动,完整运动,circle_orbit,1,1.000000,2.500000,2.500000,,,,,,,,,,,,,,,,1.732143,-0.016587,1.540960,-0.062518,0.000000,0.000000,-0.401584,,-0.210479,0.000000,,,,0.009576,0.192479,2.500000,18.685596,37.857711,0.000000,circle,预设轨迹15,forward
1775478793.998038,11.469310,1775478816.724946|完整运动,完整运动,circle_orbit,1,1.000000,2.500000,2.500000,,,,,,,,,,,,,,,,1.729004,-0.018654,1.540641,-0.034161,0.000000,0.000000,-0.408720,,-0.207518,0.000000,,,,0.010789,0.192130,2.500000,18.721604,37.821703,0.000000,circle,预设轨迹15,forward
1775478794.020526,11.491798,1775478816.724946|完整运动,完整运动,circle_orbit,1,1.000000,2.500000,2.500000,,,,,,,,,,,,,,,,1.725913,-0.020624,1.540450,-0.035397,0.000000,0.000000,-0.415717,,-0.204533,0.000000,,,,0.011950,0.191786,2.500000,18.757743,37.785564,0.000000,circle,预设轨迹15,forward
1775478794.040900,11.512172,1775478816.724946|完整运动,完整运动,circle_orbit,1,1.000000,2.500000,2.500000,,,,,,,,,,,,,,,,1.722865,-0.022407,1.540019,-0.035778,0.000000,0.000000,-0.422443,,-0.201827,0.000000,,,,0.013006,0.191448,2.500000,18.794027,37.749279,0.000000,circle,预设轨迹15,forward
1775478794.072873,11.544145,1775478816.724946|完整运动,完整运动,circle_orbit,1,1.000000,2.500000,2.500000,,,,,,,,,,,,,,,,1.719862,-0.023982,1.539668,-0.035793,0.000000,0.000000,-0.428861,,-0.199206,0.000000,,,,0.013944,0.191114,2.500000,18.830248,37.713059,0.000000,circle,预设轨迹15,forward
1775478794.094075,11.565348,1775478816.724946|完整运动,完整运动,circle_orbit,1,1.000000,2.500000,2.500000,,,,,,,,,,,,,,,,1.716931,-0.029745,1.541058,-0.072965,0.000000,0.000000,-0.441219,,-0.192798,0.000000,,,,0.017324,0.190788,2.500000,18.902431,37.640876,0.000000,circle,预设轨迹15,forward
1775478794.115141,11.586414,1775478816.724946|完整运动,完整运动,circle_orbit,1,1.000000,2.500000,2.500000,,,,,,,,,,,,,,,,1.714066,-0.030783,1.542185,-0.038570,0.000000,0.000000,-0.447072,,-0.189455,0.000000,,,,0.017959,0.190470,2.500000,18.938555,37.604752,0.000000,circle,预设轨迹15,forward
1775478794.145744,11.617017,1775478816.724946|完整运动,完整运动,circle_orbit,1,1.000000,2.500000,2.500000,,,,,,,,,,,,,,,,1.711280,-0.031800,1.544141,-0.039427,0.000000,0.000000,-0.452839,,-0.185609,0.000000,,,,0.018582,0.190160,2.500000,18.974836,37.568471,0.000000,circle,预设轨迹15,forward
1775478794.177896,11.649168,1775478816.724946|完整运动,完整运动,circle_orbit,1,1.000000,2.500000,2.500000,,,,,,,,,,,,,,,,1.708563,-0.032647,1.545532,-0.038997,0.000000,0.000000,-0.458310,,-0.182266,0.000000,,,,0.019108,0.189858,2.500000,19.011089,37.532218,0.000000,circle,预设轨迹15,forward
1775478794.198431,11.669703,1775478816.724946|完整运动,完整运动,circle_orbit,1,1.000000,2.500000,2.500000,,,,,,,,,,,,,,,,1.705962,-0.037325,1.549874,-0.072411,0.000000,0.000000,-0.469182,,-0.174601,0.000000,,,,0.021879,0.189569,2.500000,19.083651,37.459656,0.000000,circle,预设轨迹15,forward
1775478794.221218,11.692490,1775478816.724946|完整运动,完整运动,circle_orbit,1,1.000000,2.500000,2.500000,,,,,,,,,,,,,,,,1.703437,-0.038002,1.551961,-0.043079,0.000000,0.000000,-0.474523,,-0.170872,0.000000,,,,0.022309,0.189289,2.500000,19.119775,37.423532,0.000000,circle,预设轨迹15,forward
1775478794.243771,11.715043,1775478816.724946|完整运动,完整运动,circle_orbit,1,1.000000,2.500000,2.500000,,,,,,,,,,,,,,,,1.700988,-0.038733,1.554030,-0.044215,0.000000,0.000000,-0.479871,,-0.167154,0.000000,,,,0.022771,0.189017,2.500000,19.155709,37.387598,0.000000,circle,预设轨迹15,forward
1775478794.268286,11.739559,1775478816.724946|完整运动,完整运动,circle_orbit,1,1.000000,2.500000,2.500000,,,,,,,,,,,,,,,,1.698622,-0.039514,1.556704,-0.045374,0.000000,0.000000,-0.485230,,-0.163045,0.000000,,,,0.023262,0.188754,2.500000,19.192362,37.350945,0.000000,circle,预设轨迹15,forward
1775478794.292413,11.763685,1775478816.724946|完整运动,完整运动,circle_orbit,1,1.000000,2.500000,2.500000,,,,,,,,,,,,,,,,1.696343,-0.040309,1.559587,-0.046275,0.000000,0.000000,-0.490557,,-0.158822,0.000000,,,,0.023763,0.188500,2.500000,19.228896,37.314410,0.000000,circle,预设轨迹15,forward
1775478794.313339,11.784612,1775478816.724946|完整运动,完整运动,circle_orbit,1,1.000000,2.500000,2.500000,,,,,,,,,,,,,,,,1.694185,-0.044592,1.564681,-0.076711,0.000000,0.000000,-0.500806,,-0.151005,0.000000,,,,0.026321,0.188261,2.500000,19.302035,37.241271,0.000000,circle,预设轨迹15,forward
1775478794.335303,11.806575,1775478816.724946|完整运动,完整运动,circle_orbit,1,1.000000,2.500000,2.500000,,,,,,,,,,,,,,,,1.692105,-0.044928,1.567327,-0.047450,0.000000,0.000000,-0.505591,,-0.147192,0.000000,,,,0.026552,0.188030,2.500000,19.338667,37.204640,0.000000,circle,预设轨迹15,forward
1775478794.358552,11.829824,1775478816.724946|完整运动,完整运动,circle_orbit,1,1.000000,2.500000,2.500000,,,,,,,,,,,,,,,,1.690113,-0.045204,1.570585,-0.047276,0.000000,0.000000,-0.510215,,-0.143069,0.000000,,,,0.026746,0.187808,2.500000,19.375070,37.168237,0.000000,circle,预设轨迹15,forward
1775478794.378950,11.850223,1775478816.724946|完整运动,完整运动,circle_orbit,1,1.000000,2.500000,2.500000,,,,,,,,,,,,,,,,1.688203,-0.045435,1.573608,-0.047166,0.000000,0.000000,-0.514700,,-0.139164,0.000000,,,,0.026913,0.187596,2.500000,19.411496,37.131810,0.000000,circle,预设轨迹15,forward
1775478794.413909,11.885182,1775478816.724946|完整运动,完整运动,circle_orbit,1,1.000000,2.500000,2.500000,,,,,,,,,,,,,,,,1.686377,-0.045515,1.576807,-0.046113,0.000000,0.000000,-0.518900,,-0.135282,0.000000,,,,0.026990,0.187393,2.500000,19.447656,37.095651,0.000000,circle,预设轨迹15,forward
1775478794.442684,11.913956,1775478816.724946|完整运动,完整运动,circle_orbit,1,1.000000,2.500000,2.500000,,,,,,,,,,,,,,,,1.684719,-0.047928,1.585223,-0.066029,0.000000,0.000000,-0.526361,,-0.126705,0.000000,,,,0.028449,0.187209,2.500000,19.520504,37.022802,0.000000,circle,预设轨迹15,forward
1775478794.465662,11.936934,1775478816.724946|完整运动,完整运动,circle_orbit,1,1.000000,2.500000,2.500000,,,,,,,,,,,,,,,,1.683160,-0.047488,1.589625,-0.044184,0.000000,0.000000,-0.529824,,-0.122436,0.000000,,,,0.028214,0.187035,2.500000,19.557109,36.986198,0.000000,circle,预设轨迹15,forward
1775478794.489774,11.961046,1775478816.724946|完整运动,完整运动,circle_orbit,1,1.000000,2.500000,2.500000,,,,,,,,,,,,,,,,1.681710,-0.047027,1.594720,-0.043567,0.000000,0.000000,-0.533162,,-0.117813,0.000000,,,,0.027964,0.186874,2.500000,19.593549,36.949758,0.000000,circle,预设轨迹15,forward
1775478794.521489,11.992762,1775478816.724946|完整运动,完整运动,circle_orbit,1,1.000000,2.500000,2.500000,,,,,,,,,,,,,,,,1.680446,-0.048789,1.604625,-0.062006,0.000000,0.000000,-0.539586,,-0.108909,0.000000,,,,0.029033,0.186734,2.500000,19.666314,36.876993,0.000000,circle,预设轨迹15,forward
1775478794.542432,12.013705,1775478816.724946|完整运动,完整运动,circle_orbit,1,1.000000,2.500000,2.500000,,,,,,,,,,,,,,,,1.679290,-0.048208,1.609928,-0.043848,0.000000,0.000000,-0.542714,,-0.104311,0.000000,,,,0.028707,0.186605,2.500000,19.702582,36.840725,0.000000,circle,预设轨迹15,forward
1775478794.563932,12.035204,1775478816.724946|完整运动,完整运动,circle_orbit,1,1.000000,2.500000,2.500000,,,,,,,,,,,,,,,,1.678249,-0.047724,1.615774,-0.044095,0.000000,0.000000,-0.545890,,-0.099388,0.000000,,,,0.028437,0.186490,2.500000,19.739051,36.804255,0.000000,circle,预设轨迹15,forward
1775478794.596075,12.067348,1775478816.724946|完整运动,完整运动,circle_orbit,1,1.000000,2.500000,2.500000,,,,,,,,,,,,,,,,1.677320,-0.047318,1.621593,-0.044277,0.000000,0.000000,-0.549098,,-0.094492,0.000000,,,,0.028211,0.186387,2.500000,19.775493,36.767814,0.000000,circle,预设轨迹15,forward
1775478794.617126,12.088398,1775478816.724946|完整运动,完整运动,circle_orbit,1,1.000000,2.500000,2.500000,,,,,,,,,,,,,,,,1.676575,-0.048997,1.631844,-0.061589,0.000000,0.000000,-0.555213,,-0.085721,0.000000,,,,0.029225,0.186304,2.500000,19.848742,36.694565,0.000000,circle,预设轨迹15,forward
1775478794.639203,12.110475,1775478816.724946|完整运动,完整运动,circle_orbit,1,1.000000,2.500000,2.500000,,,,,,,,,,,,,,,,1.675927,-0.048152,1.637065,-0.041812,0.000000,0.000000,-0.557785,,-0.081524,0.000000,,,,0.028732,0.186232,2.500000,19.885454,36.657853,0.000000,circle,预设轨迹15,forward
1775478794.664303,12.135575,1775478816.724946|完整运动,完整运动,circle_orbit,1,1.000000,2.500000,2.500000,,,,,,,,,,,,,,,,1.675387,-0.047186,1.642980,-0.039938,0.000000,0.000000,-0.560092,,-0.077062,0.000000,,,,0.028164,0.186172,2.500000,19.922053,36.621253,0.000000,circle,预设轨迹15,forward
1775478794.684676,12.155949,1775478816.724946|完整运动,完整运动,circle_orbit,1,1.000000,2.500000,2.500000,,,,,,,,,,,,,,,,1.674947,-0.046032,1.648551,-0.037381,0.000000,0.000000,-0.562039,,-0.072983,0.000000,,,,0.027483,0.186123,2.500000,19.958549,36.584758,0.000000,circle,预设轨迹15,forward
1775478794.715456,12.186728,1775478816.724946|完整运动,完整运动,circle_orbit,1,1.000000,2.500000,2.500000,,,,,,,,,,,,,,,,1.674615,-0.044758,1.654675,-0.035201,0.000000,0.000000,-0.563715,,-0.068730,0.000000,,,,0.026727,0.186086,2.500000,19.994952,36.548355,0.000000,circle,预设轨迹15,forward
1775478794.743905,12.215177,1775478816.724946|完整运动,完整运动,circle_orbit,1,1.000000,2.500000,2.500000,,,,,,,,,,,,,,,,1.674524,-0.043979,1.669112,-0.038134,0.000000,0.000000,-0.566016,,-0.059540,0.000000,,,,0.026263,0.186076,2.500000,20.068042,36.475264,0.000000,circle,预设轨迹15,forward
1775478794.764882,12.236155,1775478816.724946|完整运动,完整运动,circle_orbit,1,1.000000,2.500000,2.500000,,,,,,,,,,,,,,,,1.674565,-0.042275,1.677018,-0.029497,0.000000,0.000000,-0.566940,,-0.054716,0.000000,,,,0.025245,0.186080,2.500000,20.104728,36.438578,0.000000,circle,预设轨迹15,forward
1775478794.795562,12.266835,1775478816.724946|完整运动,完整运动,circle_orbit,1,1.000000,2.500000,2.500000,,,,,,,,,,,,,,,,1.674736,-0.040551,1.684998,-0.027623,0.000000,0.000000,-0.567725,,-0.049955,0.000000,,,,0.024213,0.186099,2.500000,20.141013,36.402293,0.000000,circle,预设轨迹15,forward
1775478794.826148,12.297420,1775478816.724946|完整运动,完整运动,circle_orbit,1,1.000000,2.500000,2.500000,,,,,,,,,,,,,,,,1.675178,-0.039493,1.701690,-0.031557,0.000000,0.000000,-0.569372,,-0.040126,0.000000,,,,0.023575,0.186149,2.500000,20.213617,36.329690,0.000000,circle,预设轨迹15,forward
1775478794.846905,12.318177,1775478816.724946|完整运动,完整运动,circle_orbit,1,1.000000,2.500000,2.500000,,,,,,,,,,,,,,,,1.675896,-0.038699,1.718989,-0.032741,0.000000,0.000000,-0.571354,,-0.030005,0.000000,,,,0.023091,0.186228,2.500000,20.286363,36.256944,0.000000,circle,预设轨迹15,forward
1775478794.871967,12.343240,1775478816.724946|完整运动,完整运动,circle_orbit,1,1.000000,2.500000,2.500000,,,,,,,,,,,,,,,,1.676603,-0.036554,1.718989,-0.020470,0.000000,0.000000,-0.571354,,-0.030005,0.000000,,,,0.021802,0.186307,2.500000,20.286363,36.256944,0.000000,circle,预设轨迹15,forward
1775478794.899813,12.371086,1775478816.724946|完整运动,完整运动,circle_orbit,1,1.000000,2.500000,2.500000,,,,,,,,,,,,,,,,1.677573,-0.036024,1.735800,-0.032045,0.000000,0.000000,-0.573553,,-0.020225,0.000000,,,,0.021474,0.186415,2.500000,20.359341,36.183966,0.000000,circle,预设轨迹15,forward
1775478794.920161,12.391433,1775478816.724946|完整运动,完整运动,circle_orbit,1,1.000000,2.500000,2.500000,,,,,,,,,,,,,,,,1.678653,-0.034418,1.743448,-0.022377,0.000000,0.000000,-0.574202,,-0.015988,0.000000,,,,0.020503,0.186535,2.500000,20.395938,36.147368,0.000000,circle,预设轨迹15,forward
1775478794.950306,12.421578,1775478816.724946|完整运动,完整运动,circle_orbit,1,1.000000,2.500000,2.500000,,,,,,,,,,,,,,,,1.679861,-0.032643,1.752328,-0.019332,0.000000,0.000000,-0.574532,,-0.011299,0.000000,,,,0.019432,0.186669,2.500000,20.432755,36.110552,0.000000,circle,预设轨迹15,forward
1775478794.984774,12.456047,1775478816.724946|完整运动,完整运动,circle_orbit,1,1.000000,2.500000,2.500000,,,,,,,,,,,,,,,,1.681356,-0.030444,1.771052,-0.013952,0.000000,0.000000,-0.574195,,-0.002022,0.000000,,,,0.018107,0.186835,2.500000,20.506245,36.037062,0.000000,circle,预设轨迹15,forward
1775478795.005733,12.477006,1775478816.724946|完整运动,完整运动,circle_orbit,1,1.000000,2.500000,2.500000,,,,,,,,,,,,,,,,1.682804,-0.028189,1.769709,-0.011276,0.000000,0.000000,-0.573678,,0.002921,0.000000,,,,0.016751,0.186996,2.500000,20.542743,36.000564,0.000000,circle,预设轨迹15,forward
1775478795.029359,12.500632,1775478816.724946|完整运动,完整运动,circle_orbit,1,1.000000,2.500000,2.500000,,,,,,,,,,,,,,,,1.683948,-0.024814,1.752546,0.000499,0.000000,0.000000,-0.571489,,0.012541,0.000000,,,,0.014736,0.187123,2.500000,20.616098,35.927208,0.000000,circle,预设轨迹15,forward
1775478795.064377,12.535650,1775478816.724946|完整运动,完整运动,circle_orbit,1,1.000000,2.500000,2.500000,,,,,,,,,,,,,,,,1.685072,-0.023103,1.752546,-0.010272,0.000000,0.000000,-0.571489,,0.012541,0.000000,,,,0.013711,0.187248,2.500000,20.616098,35.927208,0.000000,circle,预设轨迹15,forward
1775478795.085545,12.556818,1775478816.724946|完整运动,完整运动,circle_orbit,1,1.000000,2.500000,2.500000,,,,,,,,,,,,,,,,1.685910,-0.019314,1.736171,0.009105,0.000000,0.000000,-0.568496,,0.022280,0.000000,,,,0.011456,0.187341,2.500000,20.689412,35.853895,0.000000,circle,预设轨迹15,forward
1775478795.108228,12.579501,1775478816.724946|完整运动,完整运动,circle_orbit,1,1.000000,2.500000,2.500000,,,,,,,,,,,,,,,,1.686461,-0.015586,1.719533,0.012375,0.000000,0.000000,-0.565439,,0.032347,0.000000,,,,0.009242,0.187402,2.500000,20.762215,35.781092,0.000000,circle,预设轨迹15,forward
1775478795.143577,12.614849,1775478816.724946|完整运动,完整运动,circle_orbit,1,1.000000,2.500000,2.500000,,,,,,,,,,,,,,,,1.687003,-0.014135,1.719533,-0.003255,0.000000,0.000000,-0.565439,,0.032347,0.000000,,,,0.008379,0.187463,2.500000,20.762215,35.781092,0.000000,circle,预设轨迹15,forward
1775478795.164322,12.635594,1775478816.724946|完整运动,完整运动,circle_orbit,1,1.000000,2.500000,2.500000,,,,,,,,,,,,,,,,1.687262,-0.010630,1.702773,0.015657,0.000000,0.000000,-0.562511,,0.042592,0.000000,,,,0.006300,0.187491,2.500000,20.834949,35.708358,0.000000,circle,预设轨迹15,forward
1775478795.186844,12.658117,1775478816.724946|完整运动,完整运动,circle_orbit,1,1.000000,2.500000,2.500000,,,,,,,,,,,,,,,,1.687394,-0.008215,1.695311,0.009896,0.000000,0.000000,-0.560989,,0.047308,0.000000,,,,0.004869,0.187506,2.500000,20.871150,35.672157,0.000000,circle,预设轨迹15,forward
1775478795.223459,12.694731,1775478816.724946|完整运动,完整运动,circle_orbit,1,1.000000,2.500000,2.500000,,,,,,,,,,,,,,,,1.687334,-0.004274,1.683726,0.025283,0.000000,0.000000,-0.557233,,0.055319,0.000000,,,,0.002533,0.187499,2.500000,20.943010,35.600296,0.000000,circle,预设轨迹15,forward
1775478795.244813,12.716085,1775478816.724946|完整运动,完整运动,circle_orbit,1,1.000000,2.500000,2.500000,,,,,,,,,,,,,,,,1.687193,-0.001320,1.678740,0.020836,0.000000,0.000000,-0.554716,,0.059194,0.000000,,,,0.000783,0.187484,2.500000,20.978744,35.564562,0.000000,circle,预设轨迹15,forward
1775478795.268292,12.739564,1775478816.724946|完整运动,完整运动,circle_orbit,1,1.000000,2.500000,2.500000,,,,,,,,,,,,,,,,1.686973,0.001691,1.673786,0.024275,0.000000,0.000000,-0.552016,,0.063148,0.000000,,,,0.001002,0.187459,2.500000,21.014320,35.528987,0.000000,circle,预设轨迹15,forward
1775478795.295426,12.766698,1775478816.724946|完整运动,完整运动,circle_orbit,1,1.000000,2.500000,2.500000,,,,,,,,,,,,,,,,1.686602,0.006877,1.664342,0.045772,0.000000,0.000000,-0.546140,,0.071058,0.000000,,,,0.004077,0.187418,2.500000,21.084819,35.458487,0.000000,circle,预设轨迹15,forward
1775478795.315923,12.787195,1775478816.724946|完整运动,完整运动,circle_orbit,1,1.000000,2.500000,2.500000,,,,,,,,,,,,,,,,1.686141,0.009963,1.658462,0.033107,0.000000,0.000000,-0.543033,,0.075767,0.000000,,,,0.005909,0.187367,2.500000,21.119815,35.423492,0.000000,circle,预设轨迹15,forward
1775478795.337826,12.809099,1775478816.724946|完整运动,完整运动,circle_orbit,1,1.000000,2.500000,2.500000,,,,,,,,,,,,,,,,1.685589,0.012967,1.652480,0.035495,0.000000,0.000000,-0.539951,,0.080547,0.000000,,,,0.007693,0.187305,2.500000,21.154759,35.388547,0.000000,circle,预设轨迹15,forward
1775478795.369287,12.840559,1775478816.724946|完整运动,完整运动,circle_orbit,1,1.000000,2.500000,2.500000,,,,,,,,,,,,,,,,1.684950,0.015933,1.646636,0.038180,0.000000,0.000000,-0.536837,,0.085288,0.000000,,,,0.009456,0.187234,2.500000,21.190093,35.353213,0.000000,circle,预设轨迹15,forward
1775478795.389589,12.860861,1775478816.724946|完整运动,完整运动,circle_orbit,1,1.000000,2.500000,2.500000,,,,,,,,,,,,,,,,1.684143,0.021272,1.635709,0.061312,0.000000,0.000000,-0.530289,,0.094537,0.000000,,,,0.012630,0.187145,2.500000,21.260972,35.282335,0.000000,circle,预设轨迹15,forward
1775478795.416448,12.887720,1775478816.724946|完整运动,完整运动,circle_orbit,1,1.000000,2.500000,2.500000,,,,,,,,,,,,,,,,1.683349,0.021842,1.635709,0.026117,0.000000,0.000000,-0.530289,,0.094537,0.000000,,,,0.012975,0.187057,2.500000,21.260972,35.282335,0.000000,circle,预设轨迹15,forward
1775478795.446935,12.918208,1775478816.724946|完整运动,完整运动,circle_orbit,1,1.000000,2.500000,2.500000,,,,,,,,,,,,,,,,1.682403,0.027051,1.625671,0.066117,0.000000,0.000000,-0.523425,,0.103486,0.000000,,,,0.016079,0.186951,2.500000,21.332260,35.211046,0.000000,circle,预设轨迹15,forward
1775478795.467253,12.938526,1775478816.724946|完整运动,完整运动,circle_orbit,1,1.000000,2.500000,2.500000,,,,,,,,,,,,,,,,1.681325,0.032759,1.616596,0.075574,0.000000,0.000000,-0.516042,,0.112163,0.000000,,,,0.019484,0.186832,2.500000,21.403899,35.139407,0.000000,circle,预设轨迹15,forward
1775478795.498714,12.969987,1775478816.724946|完整运动,完整运动,circle_orbit,1,1.000000,2.500000,2.500000,,,,,,,,,,,,,,,,1.680264,0.033103,1.616596,0.035683,0.000000,0.000000,-0.516042,,0.112163,0.000000,,,,0.019701,0.186714,2.500000,21.403899,35.139407,0.000000,circle,预设轨迹15,forward
1775478795.532095,13.003368,1775478816.724946|完整运动,完整运动,circle_orbit,1,1.000000,2.500000,2.500000,,,,,,,,,,,,,,,,1.679086,0.038112,1.608447,0.075683,0.000000,0.000000,-0.507749,,0.120746,0.000000,,,,0.022698,0.186583,2.500000,21.476394,35.066912,0.000000,circle,预设轨迹15,forward
1775478795.553690,13.024962,1775478816.724946|完整运动,完整运动,circle_orbit,1,1.000000,2.500000,2.500000,,,,,,,,,,,,,,,,1.677811,0.045263,1.601281,0.098892,0.000000,0.000000,-0.498146,,0.129362,0.000000,,,,0.026977,0.186441,2.500000,21.549363,34.993943,0.000000,circle,预设轨迹15,forward
1775478795.575523,13.046796,1775478816.724946|完整运动,完整运动,circle_orbit,1,1.000000,2.500000,2.500000,,,,,,,,,,,,,,,,1.676512,0.048930,1.598591,0.076436,0.000000,0.000000,-0.493185,,0.133209,0.000000,,,,0.029186,0.186297,2.500000,21.585703,34.957603,0.000000,circle,预设轨迹15,forward
1775478795.599313,13.070586,1775478816.724946|完整运动,完整运动,circle_orbit,1,1.000000,2.500000,2.500000,,,,,,,,,,,,,,,,1.675184,0.052565,1.595497,0.079824,0.000000,0.000000,-0.488167,,0.137335,0.000000,,,,0.031379,0.186149,2.500000,21.622196,34.921111,0.000000,circle,预设轨迹15,forward
1775478795.619842,13.091115,1775478816.724946|完整运动,完整运动,circle_orbit,1,1.000000,2.500000,2.500000,,,,,,,,,,,,,,,,1.673827,0.056199,1.592422,0.083450,0.000000,0.000000,-0.483053,,0.141499,0.000000,,,,0.033575,0.185998,2.500000,21.658610,34.884697,0.000000,circle,预设轨迹15,forward
1775478795.651928,13.123201,1775478816.724946|完整运动,完整运动,circle_orbit,1,1.000000,2.500000,2.500000,,,,,,,,,,,,,,,,1.672454,0.059965,1.590037,0.088213,0.000000,0.000000,-0.477652,,0.145372,0.000000,,,,0.035854,0.185846,2.500000,21.695013,34.848294,0.000000,circle,预设轨迹15,forward
1775478795.676033,13.147305,1775478816.724946|完整运动,完整运动,circle_orbit,1,1.000000,2.500000,2.500000,,,,,,,,,,,,,,,,1.671061,0.063757,1.587540,0.092198,0.000000,0.000000,-0.472112,,0.149379,0.000000,,,,0.038154,0.185691,2.500000,21.731227,34.812079,0.000000,circle,预设轨迹15,forward
1775478795.696728,13.168001,1775478816.724946|完整运动,完整运动,circle_orbit,1,1.000000,2.500000,2.500000,,,,,,,,,,,,,,,,1.669616,0.071565,1.582870,0.130127,0.000000,0.000000,-0.460782,,0.157320,0.000000,,,,0.042863,0.185530,2.500000,21.802783,34.740523,0.000000,circle,预设轨迹15,forward
1775478795.732034,13.203306,1775478816.724946|完整运动,完整运动,circle_orbit,1,1.000000,2.500000,2.500000,,,,,,,,,,,,,,,,1.668151,0.075159,1.580290,0.102111,0.000000,0.000000,-0.455125,,0.161446,0.000000,,,,0.045055,0.185368,2.500000,21.838345,34.704961,0.000000,circle,预设轨迹15,forward
1775478795.764739,13.236011,1775478816.724946|完整运动,完整运动,circle_orbit,1,1.000000,2.500000,2.500000,,,,,,,,,,,,,,,,1.666644,0.083036,1.576174,0.142111,0.000000,0.000000,-0.443319,,0.169275,0.000000,,,,0.049822,0.185200,2.500000,21.909479,34.633828,0.000000,circle,预设轨迹15,forward
1775478795.785290,13.256562,1775478816.724946|完整运动,完整运动,circle_orbit,1,1.000000,2.500000,2.500000,,,,,,,,,,,,,,,,1.665130,0.086609,1.574323,0.113408,0.000000,0.000000,-0.437329,,0.173103,0.000000,,,,0.052013,0.185032,2.500000,21.944921,34.598386,0.000000,circle,预设轨迹15,forward
1775478795.810720,13.281992,1775478816.724946|完整运动,完整运动,circle_orbit,1,1.000000,2.500000,2.500000,,,,,,,,,,,,,,,,1.663633,0.090213,1.573813,0.117245,0.000000,0.000000,-0.431232,,0.176134,0.000000,,,,0.054227,0.184866,2.500000,21.980396,34.562910,0.000000,circle,预设轨迹15,forward
1775478795.838521,13.309793,1775478816.724946|完整运动,完整运动,circle_orbit,1,1.000000,2.500000,2.500000,,,,,,,,,,,,,,,,1.662151,0.093876,1.573254,0.121349,0.000000,0.000000,-0.424988,,0.179263,0.000000,,,,0.056479,0.184701,2.500000,22.015787,34.527519,0.000000,circle,预设轨迹15,forward
1775478795.858866,13.330138,1775478816.724946|完整运动,完整运动,circle_orbit,1,1.000000,2.500000,2.500000,,,,,,,,,,,,,,,,1.660681,0.101814,1.572428,0.161349,0.000000,0.000000,-0.412072,,0.185526,0.000000,,,,0.061309,0.184538,2.500000,22.086257,34.457049,0.000000,circle,预设轨迹15,forward
1775478795.886296,13.357568,1775478816.724946|完整运动,完整运动,circle_orbit,1,1.000000,2.500000,2.500000,,,,,,,,,,,,,,,,1.659240,0.105594,1.572824,0.133943,0.000000,0.000000,-0.405351,,0.188263,0.000000,,,,0.063640,0.184378,2.500000,22.121141,34.422166,0.000000,circle,预设轨迹15,forward
1775478795.909845,13.381117,1775478816.724946|完整运动,完整运动,circle_orbit,1,1.000000,2.500000,2.500000,,,,,,,,,,,,,,,,1.657827,0.109546,1.573052,0.139184,0.000000,0.000000,-0.398319,,0.191244,0.000000,,,,0.066078,0.184221,2.500000,22.156053,34.387254,0.000000,circle,预设轨迹15,forward
1775478795.930138,13.401411,1775478816.724946|完整运动,完整运动,circle_orbit,1,1.000000,2.500000,2.500000,,,,,,,,,,,,,,,,1.656451,0.117739,1.573897,0.179184,0.000000,0.000000,-0.383524,,0.197288,0.000000,,,,0.071079,0.184068,2.500000,22.225448,34.317859,0.000000,circle,预设轨迹15,forward
1775478795.956701,13.427974,1775478816.724946|完整运动,完整运动,circle_orbit,1,1.000000,2.500000,2.500000,,,,,,,,,,,,,,,,1.655098,0.120262,1.573897,0.139184,0.000000,0.000000,-0.383524,,0.197288,0.000000,,,,0.072661,0.183917,2.500000,22.225448,34.317859,0.000000,circle,预设轨迹15,forward
1775478795.978076,13.449348,1775478816.724946|完整运动,完整运动,circle_orbit,1,1.000000,2.500000,2.500000,,,,,,,,,,,,,,,,1.653786,0.127194,1.575058,0.179184,0.000000,0.000000,-0.368513,,0.203228,0.000000,,,,0.076911,0.183771,2.500000,22.294463,34.248844,0.000000,circle,预设轨迹15,forward
1775478796.004333,13.475605,1775478816.724946|完整运动,完整运动,circle_orbit,1,1.000000,2.500000,2.500000,,,,,,,,,,,,,,,,1.652513,0.131164,1.576105,0.160944,0.000000,0.000000,-0.360854,,0.205973,0.000000,,,,0.079373,0.183630,2.500000,22.328725,34.214582,0.000000,circle,预设轨迹15,forward
1775478796.037685,13.508957,1775478816.724946|完整运动,完整运动,circle_orbit,1,1.000000,2.500000,2.500000,,,,,,,,,,,,,,,,1.651298,0.139374,1.578431,0.200944,0.000000,0.000000,-0.345727,,0.211236,0.000000,,,,0.084403,0.183495,2.500000,22.396877,34.146429,0.000000,circle,预设轨迹15,forward
1775478796.062857,13.534130,1775478816.724946|完整运动,完整运动,circle_orbit,1,1.000000,2.500000,2.500000,,,,,,,,,,,,,,,,1.650124,0.143079,1.579697,0.170865,0.000000,0.000000,-0.338225,,0.213777,0.000000,,,,0.086708,0.183365,2.500000,22.430962,34.112345,0.000000,circle,预设轨迹15,forward
1775478796.083160,13.554433,1775478816.724946|完整运动,完整运动,circle_orbit,1,1.000000,2.500000,2.500000,,,,,,,,,,,,,,,,1.648984,0.146687,1.580583,0.173752,0.000000,0.000000,-0.330817,,0.216516,0.000000,,,,0.088956,0.183238,2.500000,22.465153,34.078154,0.000000,circle,预设轨迹15,forward
1775478796.108113,13.579385,1775478816.724946|完整运动,完整运动,circle_orbit,1,1.000000,2.500000,2.500000,,,,,,,,,,,,,,,,1.647885,0.150272,1.581939,0.177160,0.000000,0.000000,-0.323404,,0.218963,0.000000,,,,0.091191,0.183116,2.500000,22.499594,34.043712,0.000000,circle,预设轨迹15,forward
1775478796.141268,13.612541,1775478816.724946|完整运动,完整运动,circle_orbit,1,1.000000,2.500000,2.500000,,,,,,,,,,,,,,,,1.646899,0.158141,1.587732,0.217160,0.000000,0.000000,-0.307810,,0.222290,0.000000,,,,0.096024,0.183006,2.500000,22.568325,33.974981,0.000000,circle,预设轨迹15,forward
1775478796.161920,13.633192,1775478816.724946|完整运动,完整运动,circle_orbit,1,1.000000,2.500000,2.500000,,,,,,,,,,,,,,,,1.645973,0.162094,1.590433,0.191735,0.000000,0.000000,-0.299730,,0.224211,0.000000,,,,0.098479,0.182903,2.500000,22.602598,33.940709,0.000000,circle,预设轨迹15,forward
1775478796.193528,13.664801,1775478816.724946|完整运动,完整运动,circle_orbit,1,1.000000,2.500000,2.500000,,,,,,,,,,,,,,,,1.645190,0.170287,1.598164,0.231735,0.000000,0.000000,-0.283339,,0.226744,0.000000,,,,0.103506,0.182816,2.500000,22.670216,33.873091,0.000000,circle,预设轨迹15,forward
1775478796.214116,13.685388,1775478816.724946|完整运动,完整运动,circle_orbit,1,1.000000,2.500000,2.500000,,,,,,,,,,,,,,,,1.644484,0.174455,1.602145,0.205717,0.000000,0.000000,-0.274773,,0.228122,0.000000,,,,0.106085,0.182738,2.500000,22.703798,33.839509,0.000000,circle,预设轨迹15,forward
1775478796.237195,13.708467,1775478816.724946|完整运动,完整运动,circle_orbit,1,1.000000,2.500000,2.500000,,,,,,,,,,,,,,,,1.643843,0.178651,1.605399,0.210117,0.000000,0.000000,-0.266088,,0.230005,0.000000,,,,0.108679,0.182667,2.500000,22.737310,33.805997,0.000000,circle,预设轨迹15,forward
1775478796.262206,13.733478,1775478816.724946|完整运动,完整运动,circle_orbit,1,1.000000,2.500000,2.500000,,,,,,,,,,,,,,,,1.643278,0.182826,1.609366,0.214145,0.000000,0.000000,-0.257351,,0.231490,0.000000,,,,0.111257,0.182604,2.500000,22.771140,33.772167,0.000000,circle,预设轨迹15,forward
1775478796.284305,13.755578,1775478816.724946|完整运动,完整运动,circle_orbit,1,1.000000,2.500000,2.500000,,,,,,,,,,,,,,,,1.642794,0.187004,1.613749,0.218340,0.000000,0.000000,-0.248532,,0.232774,0.000000,,,,0.113833,0.182550,2.500000,22.804845,33.738462,0.000000,circle,预设轨迹15,forward
1775478796.323155,13.794428,1775478816.724946|完整运动,完整运动,circle_orbit,1,1.000000,2.500000,2.500000,,,,,,,,,,,,,,,,1.642451,0.195397,1.621889,0.258340,0.000000,0.000000,-0.231405,,0.235527,0.000000,,,,0.118967,0.182512,2.500000,22.871991,33.671316,0.000000,circle,预设轨迹15,forward
1775478796.347149,13.818422,1775478816.724946|完整运动,完整运动,circle_orbit,1,1.000000,2.500000,2.500000,,,,,,,,,,,,,,,,1.642208,0.199230,1.627598,0.227982,0.000000,0.000000,-0.222877,,0.235937,0.000000,,,,0.121319,0.182485,2.500000,22.905138,33.638169,0.000000,circle,预设轨迹15,forward
1775478796.372287,13.843559,1775478816.724946|完整运动,完整运动,circle_orbit,1,1.000000,2.500000,2.500000,,,,,,,,,,,,,,,,1.642057,0.203074,1.633013,0.231900,0.000000,0.000000,-0.214274,,0.236579,0.000000,,,,0.123670,0.182468,2.500000,22.938178,33.605129,0.000000,circle,预设轨迹15,forward
1775478796.407166,13.878439,1775478816.724946|完整运动,完整运动,circle_orbit,1,1.000000,2.500000,2.500000,,,,,,,,,,,,,,,,1.642113,0.211171,1.645487,0.271900,0.000000,0.000000,-0.196987,,0.237009,0.000000,,,,0.128597,0.182474,2.500000,23.004036,33.539271,0.000000,circle,预设轨迹15,forward
1775478796.427739,13.899011,1775478816.724946|完整运动,完整运动,circle_orbit,1,1.000000,2.500000,2.500000,,,,,,,,,,,,,,,,1.642400,0.221012,1.659578,0.294815,0.000000,0.000000,-0.179715,,0.236623,0.000000,,,,0.134566,0.182506,2.500000,23.069769,33.473537,0.000000,circle,预设轨迹15,forward
1775478796.456397,13.927669,1775478816.724946|完整运动,完整运动,circle_orbit,1,1.000000,2.500000,2.500000,,,,,,,,,,,,,,,,1.642681,0.224988,1.659578,0.254815,0.000000,0.000000,-0.179715,,0.236623,0.000000,,,,0.136964,0.182537,2.500000,23.069769,33.473537,0.000000,circle,预设轨迹15,forward
1775478796.484424,13.955696,1775478816.724946|完整运动,完整运动,circle_orbit,1,1.000000,2.500000,2.500000,,,,,,,,,,,,,,,,1.643188,0.233203,1.673586,0.294815,0.000000,0.000000,-0.162802,,0.236261,0.000000,,,,0.141921,0.182594,2.500000,23.134920,33.408386,0.000000,circle,预设轨迹15,forward
1775478796.505157,13.976429,1775478816.724946|完整运动,完整运动,circle_orbit,1,1.000000,2.500000,2.500000,,,,,,,,,,,,,,,,1.643823,0.236027,1.681931,0.257205,0.000000,0.000000,-0.154153,,0.235473,0.000000,,,,0.143584,0.182664,2.500000,23.167533,33.375774,0.000000,circle,预设轨迹15,forward
1775478796.537987,14.009259,1775478816.724946|完整运动,完整运动,circle_orbit,1,1.000000,2.500000,2.500000,,,,,,,,,,,,,,,,1.644587,0.239112,1.690420,0.262251,0.000000,0.000000,-0.145208,,0.234784,0.000000,,,,0.145393,0.182749,2.500000,23.200598,33.342709,0.000000,circle,预设轨迹15,forward
1775478796.566175,14.037447,1775478816.724946|完整运动,完整运动,circle_orbit,1,1.000000,2.500000,2.500000,,,,,,,,,,,,,,,,1.645645,0.246540,1.709147,0.302251,0.000000,0.000000,-0.127379,,0.232580,0.000000,,,,0.149814,0.182867,2.500000,23.266485,33.276822,0.000000,circle,预设轨迹15,forward
1775478796.586463,14.057736,1775478816.724946|完整运动,完整运动,circle_orbit,1,1.000000,2.500000,2.500000,,,,,,,,,,,,,,,,1.646997,0.255766,1.728120,0.324956,0.000000,0.000000,-0.109783,,0.230365,0.000000,,,,0.155292,0.183017,2.500000,23.331449,33.211857,0.000000,circle,预设轨迹15,forward
1775478796.617410,14.088683,1775478816.724946|完整运动,完整运动,circle_orbit,1,1.000000,2.500000,2.500000,,,,,,,,,,,,,,,,1.648484,0.259200,1.737719,0.284956,0.000000,0.000000,-0.100906,,0.229316,0.000000,,,,0.157235,0.183182,2.500000,23.363738,33.179569,0.000000,circle,预设轨迹15,forward
1775478796.644224,14.115496,1775478816.724946|完整运动,完整运动,circle_orbit,1,1.000000,2.500000,2.500000,,,,,,,,,,,,,,,,1.650108,0.262168,1.747545,0.284432,0.000000,0.000000,-0.091863,,0.228280,0.000000,,,,0.158879,0.183363,2.500000,23.396364,33.146943,0.000000,circle,预设轨迹15,forward
1775478796.664620,14.135893,1775478816.724946|完整运动,完整运动,circle_orbit,1,1.000000,2.500000,2.500000,,,,,,,,,,,,,,,,1.651861,0.265101,1.757015,0.287096,0.000000,0.000000,-0.082922,,0.227435,0.000000,,,,0.160486,0.183558,2.500000,23.429013,33.114294,0.000000,circle,预设轨迹15,forward
1775478796.695964,14.167236,1775478816.724946|完整运动,完整运动,circle_orbit,1,1.000000,2.500000,2.500000,,,,,,,,,,,,,,,,1.653952,0.272394,1.779436,0.327096,0.000000,0.000000,-0.065436,,0.224002,0.000000,,,,0.164693,0.183790,2.500000,23.494555,33.048752,0.000000,circle,预设轨迹15,forward
1775478796.720040,14.191313,1775478816.724946|完整运动,完整运动,circle_orbit,1,1.000000,2.500000,2.500000,,,,,,,,,,,,,,,,1.656191,0.275146,1.790527,0.295785,0.000000,0.000000,-0.056784,,0.222408,0.000000,,,,0.166132,0.184039,2.500000,23.527248,33.016059,0.000000,circle,预设轨迹15,forward
1775478796.740343,14.211615,1775478816.724946|完整运动,完整运动,circle_orbit,1,1.000000,2.500000,2.500000,,,,,,,,,,,,,,,,1.658594,0.277858,1.802752,0.298195,0.000000,0.000000,-0.048227,,0.220294,0.000000,,,,0.167526,0.184306,2.500000,23.559636,32.983671,0.000000,circle,预设轨迹15,forward
1775478796.773643,14.244915,1775478816.724946|完整运动,完整运动,circle_orbit,1,1.000000,2.500000,2.500000,,,,,,,,,,,,,,,,1.661191,0.280561,1.817006,0.300834,0.000000,0.000000,-0.039712,,0.217280,0.000000,,,,0.168891,0.184594,2.500000,23.592042,32.951265,0.000000,circle,预设轨迹15,forward
1775478796.800974,14.272247,1775478816.724946|完整运动,完整运动,circle_orbit,1,1.000000,2.500000,2.500000,,,,,,,,,,,,,,,,1.664206,0.287652,1.845126,0.340834,0.000000,0.000000,-0.022398,,0.211870,0.000000,,,,0.172846,0.184929,2.500000,23.657014,32.886293,0.000000,circle,预设轨迹15,forward
1775478796.821660,14.292933,1775478816.724946|完整运动,完整运动,circle_orbit,1,1.000000,2.500000,2.500000,,,,,,,,,,,,,,,,1.667395,0.290405,1.858727,0.311053,0.000000,0.000000,-0.013829,,0.209482,0.000000,,,,0.174167,0.185284,2.500000,23.689564,32.853743,0.000000,circle,预设轨迹15,forward
1775478796.847860,14.319132,1775478816.724946|完整运动,完整运动,circle_orbit,1,1.000000,2.500000,2.500000,,,,,,,,,,,,,,,,1.670763,0.292972,1.872861,0.312223,0.000000,0.000000,-0.005538,,0.206824,0.000000,,,,0.175352,0.185658,2.500000,23.721779,32.821527,0.000000,circle,预设轨迹15,forward
1775478796.874146,14.345419,1775478816.724946|完整运动,完整运动,circle_orbit,1,1.000000,2.500000,2.500000,,,,,,,,,,,,,,,,1.674190,0.299943,1.879760,0.352223,0.000000,0.000000,0.010981,,0.201343,0.000000,,,,0.179157,0.186039,2.500000,23.786096,32.757210,0.000000,circle,预设轨迹15,forward
1775478796.897289,14.368562,1775478816.724946|完整运动,完整运动,circle_orbit,1,1.000000,2.500000,2.500000,,,,,,,,,,,,,,,,1.677545,0.302413,1.878896,0.320943,0.000000,0.000000,0.019188,,0.198076,0.000000,,,,0.180271,0.186412,2.500000,23.818179,32.725128,0.000000,circle,预设轨迹15,forward
1775478796.935205,14.406477,1775478816.724946|完整运动,完整运动,circle_orbit,1,1.000000,2.500000,2.500000,,,,,,,,,,,,,,,,1.680739,0.309299,1.872376,0.360943,0.000000,0.000000,0.034886,,0.193995,0.000000,,,,0.184026,0.186767,2.500000,23.882737,32.660570,0.000000,circle,预设轨迹15,forward
1775478796.977014,14.448287,1775478816.724946|完整运动,完整运动,circle_orbit,1,1.000000,2.500000,2.500000,,,,,,,,,,,,,,,,1.683860,0.311298,1.871116,0.326294,0.000000,0.000000,0.042536,,0.191157,0.000000,,,,0.184872,0.187113,2.500000,23.915200,32.628106,0.000000,circle,预设轨迹15,forward
1775478797.007167,14.478439,1775478816.724946|完整运动,完整运动,circle_orbit,1,1.000000,2.500000,2.500000,,,,,,,,,,,,,,,,1.686907,0.317768,1.869685,0.366294,0.000000,0.000000,0.057671,,0.185068,0.000000,,,,0.188373,0.187452,2.500000,23.980790,32.562517,0.000000,circle,预设轨迹15,forward
1775478797.033808,14.505081,1775478816.724946|完整运动,完整运动,circle_orbit,1,1.000000,2.500000,2.500000,,,,,,,,,,,,,,,,1.689911,0.325091,1.870206,0.380006,0.000000,0.000000,0.072981,,0.178030,0.000000,,,,0.192371,0.187786,2.500000,24.046794,32.496513,0.000000,circle,预设轨迹15,forward
1775478797.056952,14.528224,1775478816.724946|完整运动,完整运动,circle_orbit,1,1.000000,2.500000,2.500000,,,,,,,,,,,,,,,,1.692865,0.326845,1.870081,0.340006,0.000000,0.000000,0.080528,,0.174732,0.000000,,,,0.193072,0.188114,2.500000,24.079745,32.463562,0.000000,circle,预设轨迹15,forward
1775478797.092881,14.564154,1775478816.724946|完整运动,完整运动,circle_orbit,1,1.000000,2.500000,2.500000,,,,,,,,,,,,,,,,1.695783,0.328559,1.870861,0.341413,0.000000,0.000000,0.088068,,0.171032,0.000000,,,,0.193751,0.188438,2.500000,24.112512,32.430795,0.000000,circle,预设轨迹15,forward
1775478797.116513,14.587785,1775478816.724946|完整运动,完整运动,circle_orbit,1,1.000000,2.500000,2.500000,,,,,,,,,,,,,,,,1.698697,0.334777,1.873539,0.381413,0.000000,0.000000,0.102833,,0.163275,0.000000,,,,0.197079,0.188762,2.500000,24.178458,32.364849,0.000000,circle,预设轨迹15,forward
1775478797.136832,14.608104,1775478816.724946|完整运动,完整运动,circle_orbit,1,1.000000,2.500000,2.500000,,,,,,,,,,,,,,,,1.701601,0.336279,1.875827,0.347542,0.000000,0.000000,0.110153,,0.159004,0.000000,,,,0.197625,0.189085,2.500000,24.211605,32.331701,0.000000,circle,预设轨迹15,forward
1775478797.167463,14.638735,1775478816.724946|完整运动,完整运动,circle_orbit,1,1.000000,2.500000,2.500000,,,,,,,,,,,,,,,,1.704512,0.337594,1.879196,0.347456,0.000000,0.000000,0.117143,,0.154404,0.000000,,,,0.198059,0.189408,2.500000,24.244547,32.298760,0.000000,circle,预设轨迹15,forward
1775478797.194572,14.665845,1775478816.724946|完整运动,完整运动,circle_orbit,1,1.000000,2.500000,2.500000,,,,,,,,,,,,,,,,1.707412,0.338758,1.881378,0.347485,0.000000,0.000000,0.123850,,0.150459,0.000000,,,,0.198404,0.189730,2.500000,24.277800,32.265506,0.000000,circle,预设轨迹15,forward
1775478797.214892,14.686165,1775478816.724946|完整运动,完整运动,circle_orbit,1,1.000000,2.500000,2.500000,,,,,,,,,,,,,,,,1.710361,0.344400,1.887313,0.386721,0.000000,0.000000,0.136864,,0.142062,0.000000,,,,0.201361,0.190058,2.500000,24.343558,32.199748,0.000000,circle,预设轨迹15,forward
1775478797.243296,14.714568,1775478816.724946|完整运动,完整运动,circle_orbit,1,1.000000,2.500000,2.500000,,,,,,,,,,,,,,,,1.713262,0.344673,1.887313,0.346721,0.000000,0.000000,0.136864,,0.142062,0.000000,,,,0.201180,0.190380,2.500000,24.343558,32.199748,0.000000,circle,预设轨迹15,forward
1775478797.269922,14.741195,1775478816.724946|完整运动,完整运动,circle_orbit,1,1.000000,2.500000,2.500000,,,,,,,,,,,,,,,,1.716318,0.349620,1.899669,0.386721,0.000000,0.000000,0.155866,,0.128231,0.000000,,,,0.203704,0.190720,2.500000,24.442038,32.101269,0.000000,circle,预设轨迹15,forward
1775478797.290586,14.761858,1775478816.724946|完整运动,完整运动,circle_orbit,1,1.000000,2.500000,2.500000,,,,,,,,,,,,,,,,1.719401,0.350388,1.904388,0.356147,0.000000,0.000000,0.162054,,0.123443,0.000000,,,,0.203785,0.191063,2.500000,24.475094,32.068212,0.000000,circle,预设轨迹15,forward
1775478797.320414,14.791687,1775478816.724946|完整运动,完整运动,circle_orbit,1,1.000000,2.500000,2.500000,,,,,,,,,,,,,,,,1.722433,0.346871,1.904388,0.320493,0.000000,0.000000,0.162054,,0.123443,0.000000,,,,0.201384,0.191400,2.500000,24.475094,32.068212,0.000000,circle,预设轨迹15,forward
1775478797.354491,14.825763,1775478816.724946|完整运动,完整运动,circle_orbit,1,1.000000,2.500000,2.500000,,,,,,,,,,,,,,,,1.725563,0.348474,1.913364,0.360493,0.000000,0.000000,0.174025,,0.114273,0.000000,,,,0.201948,0.191747,2.500000,24.541283,32.002023,0.000000,circle,预设轨迹15,forward
1775478797.376432,14.847705,1775478816.724946|完整运动,完整运动,circle_orbit,1,1.000000,2.500000,2.500000,,,,,,,,,,,,,,,,1.728758,0.353200,1.920454,0.388648,0.000000,0.000000,0.185048,,0.106358,0.000000,,,,0.204309,0.192102,2.500000,24.607605,31.935701,0.000000,circle,预设轨迹15,forward
1775478797.397093,14.868366,1775478816.724946|完整运动,完整运动,circle_orbit,1,1.000000,2.500000,2.500000,,,,,,,,,,,,,,,,1.732006,0.353616,1.926900,0.356739,0.000000,0.000000,0.190142,,0.101373,0.000000,,,,0.204166,0.192463,2.500000,24.640826,31.902480,0.000000,circle,预设轨迹15,forward
1775478797.418967,14.890239,1775478816.724946|完整运动,完整运动,circle_orbit,1,1.000000,2.500000,2.500000,,,,,,,,,,,,,,,,1.735319,0.353985,1.934070,0.356749,0.000000,0.000000,0.195117,,0.096155,0.000000,,,,0.203988,0.192831,2.500000,24.674220,31.869086,0.000000,circle,预设轨迹15,forward
1775478797.439244,14.910517,1775478816.724946|完整运动,完整运动,circle_orbit,1,1.000000,2.500000,2.500000,,,,,,,,,,,,,,,,1.738726,0.354415,1.943120,0.357636,0.000000,0.000000,0.200131,,0.090164,0.000000,,,,0.203836,0.193210,2.500000,24.707476,31.835830,0.000000,circle,预设轨迹15,forward
1775478797.469773,14.941045,1775478816.724946|完整运动,完整运动,circle_orbit,1,1.000000,2.500000,2.500000,,,,,,,,,,,,,,,,1.742228,0.354825,1.952388,0.357900,0.000000,0.000000,0.205076,,0.084149,0.000000,,,,0.203661,0.193599,2.500000,24.740875,31.802432,0.000000,circle,预设轨迹15,forward
1775478797.495416,14.966688,1775478816.724946|完整运动,完整运动,circle_orbit,1,1.000000,2.500000,2.500000,,,,,,,,,,,,,,,,1.745823,0.355210,1.961486,0.358100,0.000000,0.000000,0.209943,,0.078273,0.000000,,,,0.203463,0.193999,2.500000,24.774066,31.769241,0.000000,circle,预设轨迹15,forward
1775478797.515997,14.987270,1775478816.724946|完整运动,完整运动,circle_orbit,1,1.000000,2.500000,2.500000,,,,,,,,,,,,,,,,1.749623,0.358627,1.977665,0.384253,0.000000,0.000000,0.219094,,0.067689,0.000000,,,,0.204974,0.194421,2.500000,24.840837,31.702470,0.000000,circle,预设轨迹15,forward
1775478797.544050,15.015322,1775478816.724946|完整运动,完整运动,circle_orbit,1,1.000000,2.500000,2.500000,,,,,,,,,,,,,,,,1.753535,0.358683,1.988248,0.359107,0.000000,0.000000,0.223594,,0.061483,0.000000,,,,0.204549,0.194856,2.500000,24.874069,31.669238,0.000000,circle,预设轨迹15,forward
1775478797.567758,15.039030,1775478816.724946|完整运动,完整运动,circle_orbit,1,1.000000,2.500000,2.500000,,,,,,,,,,,,,,,,1.757699,0.361945,2.007527,0.386410,0.000000,0.000000,0.232602,,0.049933,0.000000,,,,0.205920,0.195318,2.500000,24.941025,31.602282,0.000000,circle,预设轨迹15,forward
1775478797.588306,15.059578,1775478816.724946|完整运动,完整运动,circle_orbit,1,1.000000,2.500000,2.500000,,,,,,,,,,,,,,,,1.761945,0.361611,2.016678,0.359105,0.000000,0.000000,0.236606,,0.044621,0.000000,,,,0.205234,0.195790,2.500000,24.974718,31.568589,0.000000,circle,预设轨迹15,forward
1775478797.616644,15.087916,1775478816.724946|完整运动,完整运动,circle_orbit,1,1.000000,2.500000,2.500000,,,,,,,,,,,,,,,,1.766120,0.358539,2.016678,0.335502,0.000000,0.000000,0.236606,,0.044621,0.000000,,,,0.203010,0.196254,2.500000,24.974718,31.568589,0.000000,circle,预设轨迹15,forward
1775478797.642066,15.113338,1775478816.724946|完整运动,完整运动,circle_orbit,1,1.000000,2.500000,2.500000,,,,,,,,,,,,,,,,1.770582,0.360535,2.038287,0.375502,0.000000,0.000000,0.243676,,0.033264,0.000000,,,,0.203625,0.196750,2.500000,25.042677,31.500629,0.000000,circle,预设轨迹15,forward
1775478797.662931,15.134203,1775478816.724946|完整运动,完整运动,circle_orbit,1,1.000000,2.500000,2.500000,,,,,,,,,,,,,,,,1.775146,0.359721,2.048946,0.353619,0.000000,0.000000,0.246711,,0.027928,0.000000,,,,0.202643,0.197257,2.500000,25.076863,31.466444,0.000000,circle,预设轨迹15,forward
1775478797.694423,15.165696,1775478816.724946|完整运动,完整运动,circle_orbit,1,1.000000,2.500000,2.500000,,,,,,,,,,,,,,,,1.780022,0.360741,2.072637,0.368388,0.000000,0.000000,0.252265,,0.016742,0.000000,,,,0.202661,0.197799,2.500000,25.145384,31.397923,0.000000,circle,预设轨迹15,forward
1775478797.716250,15.187523,1775478816.724946|完整运动,完整运动,circle_orbit,1,1.000000,2.500000,2.500000,,,,,,,,,,,,,,,,1.785028,0.359734,2.085338,0.352184,0.000000,0.000000,0.254937,,0.010963,0.000000,,,,0.201529,0.198355,2.500000,25.179685,31.363622,0.000000,circle,预设轨迹15,forward
1775478797.737648,15.208920,1775478816.724946|完整运动,完整运动,circle_orbit,1,1.000000,2.500000,2.500000,,,,,,,,,,,,,,,,1.790171,0.358762,2.098795,0.351468,0.000000,0.000000,0.257545,,0.005000,0.000000,,,,0.200406,0.198927,2.500000,25.213833,31.329474,0.000000,circle,预设轨迹15,forward
1775478797.771296,15.242569,1775478816.724946|完整运动,完整运动,circle_orbit,1,1.000000,2.500000,2.500000,,,,,,,,,,,,,,,,1.795377,0.357696,2.107708,0.349704,0.000000,0.000000,0.259913,,-0.000799,0.000000,,,,0.199232,0.199505,2.500000,25.247960,31.295346,0.000000,circle,预设轨迹15,forward
1775478797.804976,15.276249,1775478816.724946|完整运动,完整运动,circle_orbit,1,1.000000,2.500000,2.500000,,,,,,,,,,,,,,,,1.799850,0.357907,2.068225,0.359485,0.000000,0.000000,0.264017,,-0.013127,0.000000,,,,0.198854,0.200002,2.500000,25.316323,31.226984,0.000000,circle,预设轨迹15,forward
1775478797.825387,15.296659,1775478816.724946|完整运动,完整运动,circle_orbit,1,1.000000,2.500000,2.500000,,,,,,,,,,,,,,,,1.803965,0.356312,2.050850,0.344351,0.000000,0.000000,0.265527,,-0.018856,0.000000,,,,0.197516,0.200460,2.500000,25.350676,31.192631,0.000000,circle,预设轨迹15,forward
1775478797.854296,15.325568,1775478816.724946|完整运动,完整运动,circle_orbit,1,1.000000,2.500000,2.500000,,,,,,,,,,,,,,,,1.807431,0.355682,2.015417,0.350961,0.000000,0.000000,0.268311,,-0.031013,0.000000,,,,0.196789,0.200845,2.500000,25.419072,31.124235,0.000000,circle,预设轨迹15,forward
1775478797.881506,15.352779,1775478816.724946|完整运动,完整运动,circle_orbit,1,1.000000,2.500000,2.500000,,,,,,,,,,,,,,,,1.810623,0.353805,2.002173,0.339729,0.000000,0.000000,0.269255,,-0.035722,0.000000,,,,0.195405,0.201199,2.500000,25.453639,31.089668,0.000000,circle,预设轨迹15,forward
1775478797.904244,15.375517,1775478816.724946|完整运动,完整运动,circle_orbit,1,1.000000,2.500000,2.500000,,,,,,,,,,,,,,,,1.813590,0.351734,1.991591,0.336198,0.000000,0.000000,0.269788,,-0.039632,0.000000,,,,0.193943,0.201529,2.500000,25.488265,31.055042,0.000000,circle,预设轨迹15,forward
1775478797.925079,15.396352,1775478816.724946|完整运动,完整运动,circle_orbit,1,1.000000,2.500000,2.500000,,,,,,,,,,,,,,,,1.816303,0.349560,1.979099,0.333259,0.000000,0.000000,0.270042,,-0.044471,0.000000,,,,0.192457,0.201831,2.500000,25.523200,31.020107,0.000000,circle,预设轨迹15,forward
1775478797.948716,15.419988,1775478816.724946|完整运动,完整运动,circle_orbit,1,1.000000,2.500000,2.500000,,,,,,,,,,,,,,,,1.818766,0.347401,1.966509,0.331206,0.000000,0.000000,0.270184,,-0.049462,0.000000,,,,0.191009,0.202104,2.500000,25.558214,30.985093,0.000000,circle,预设轨迹15,forward
1775478797.969328,15.440600,1775478816.724946|完整运动,完整运动,circle_orbit,1,1.000000,2.500000,2.500000,,,,,,,,,,,,,,,,1.820776,0.345259,1.941363,0.329195,0.000000,0.000000,0.270249,,-0.059725,0.000000,,,,0.189622,0.202328,2.500000,25.628120,30.915186,0.000000,circle,预设轨迹15,forward
1775478797.992581,15.463854,1775478816.724946|完整运动,完整运动,circle_orbit,1,1.000000,2.500000,2.500000,,,,,,,,,,,,,,,,1.822752,0.343167,1.941363,0.327476,0.000000,0.000000,0.270249,,-0.059725,0.000000,,,,0.188269,0.202547,2.500000,25.628120,30.915186,0.000000,circle,预设轨迹15,forward
1775478798.019139,15.490412,1775478816.724946|完整运动,完整运动,circle_orbit,1,1.000000,2.500000,2.500000,,,,,,,,,,,,,,,,1.824357,0.340523,1.920630,0.320688,0.000000,0.000000,0.269374,,-0.068802,0.000000,,,,0.186653,0.202726,2.500000,25.699414,30.843893,0.000000,circle,预设轨迹15,forward
1775478798.039641,15.510914,1775478816.724946|完整运动,完整运动,circle_orbit,1,1.000000,2.500000,2.500000,,,,,,,,,,,,,,,,1.825737,0.338083,1.908512,0.319788,0.000000,0.000000,0.268661,,-0.074284,0.000000,,,,0.185176,0.202879,2.500000,25.735313,30.807993,0.000000,circle,预设轨迹15,forward
1775478798.071420,15.542692,1775478816.724946|完整运动,完整运动,circle_orbit,1,1.000000,2.500000,2.500000,,,,,,,,,,,,,,,,1.826883,0.335699,1.895694,0.317818,0.000000,0.000000,0.267916,,-0.080151,0.000000,,,,0.183755,0.203006,2.500000,25.771164,30.772143,0.000000,circle,预设轨迹15,forward
1775478798.109483,15.580755,1775478816.724946|完整运动,完整运动,circle_orbit,1,1.000000,2.500000,2.500000,,,,,,,,,,,,,,,,1.827536,0.332591,1.866719,0.309277,0.000000,0.000000,0.266073,,-0.093764,0.000000,,,,0.181988,0.203079,2.500000,25.842251,30.701056,0.000000,circle,预设轨迹15,forward
1775478798.130099,15.601371,1775478816.724946|完整运动,完整运动,circle_orbit,1,1.000000,2.500000,2.500000,,,,,,,,,,,,,,,,1.827745,0.329462,1.840280,0.305994,0.000000,0.000000,0.264095,,-0.106669,0.000000,,,,0.180256,0.203102,2.500000,25.913462,30.629845,0.000000,circle,预设轨迹15,forward
1775478798.154609,15.625881,1775478816.724946|完整运动,完整运动,circle_orbit,1,1.000000,2.500000,2.500000,,,,,,,,,,,,,,,,1.827951,0.327832,1.840280,0.315608,0.000000,0.000000,0.264095,,-0.106669,0.000000,,,,0.179344,0.203125,2.500000,25.913462,30.629845,0.000000,circle,预设轨迹15,forward
1775478798.181531,15.652803,1775478816.724946|完整运动,完整运动,circle_orbit,1,1.000000,2.500000,2.500000,,,,,,,,,,,,,,,,1.827970,0.325314,1.829109,0.306431,0.000000,0.000000,0.262791,,-0.112434,0.000000,,,,0.177965,0.203127,2.500000,25.948927,30.594380,0.000000,circle,预设轨迹15,forward
1775478798.201857,15.673130,1775478816.724946|完整运动,完整运动,circle_orbit,1,1.000000,2.500000,2.500000,,,,,,,,,,,,,,,,1.827676,0.321317,1.810054,0.291336,0.000000,0.000000,0.259317,,-0.122971,0.000000,,,,0.175806,0.203094,2.500000,26.019857,30.523449,0.000000,circle,预设轨迹15,forward
1775478798.229259,15.700531,1775478816.724946|完整运动,完整运动,circle_orbit,1,1.000000,2.500000,2.500000,,,,,,,,,,,,,,,,1.827106,0.316871,1.792913,0.283529,0.000000,0.000000,0.255060,,-0.133116,0.000000,,,,0.173428,0.203031,2.500000,26.090628,30.452679,0.000000,circle,预设轨迹15,forward
1775478798.263814,15.735087,1775478816.724946|完整运动,完整运动,circle_orbit,1,1.000000,2.500000,2.500000,,,,,,,,,,,,,,,,1.826546,0.315564,1.792913,0.305765,0.000000,0.000000,0.255060,,-0.133116,0.000000,,,,0.172766,0.202969,2.500000,26.090628,30.452679,0.000000,circle,预设轨迹15,forward
1775478798.284991,15.756263,1775478816.724946|完整运动,完整运动,circle_orbit,1,1.000000,2.500000,2.500000,,,,,,,,,,,,,,,,1.825790,0.309986,1.780464,0.268147,0.000000,0.000000,0.249001,,-0.141903,0.000000,,,,0.169782,0.202885,2.500000,26.161864,30.381442,0.000000,circle,预设轨迹15,forward
1775478798.306992,15.778265,1775478816.724946|完整运动,完整运动,circle_orbit,1,1.000000,2.500000,2.500000,,,,,,,,,,,,,,,,1.824970,0.306066,1.775766,0.276668,0.000000,0.000000,0.245059,,-0.145977,0.000000,,,,0.167710,0.202794,2.500000,26.198037,30.345270,0.000000,circle,预设轨迹15,forward
1775478798.329605,15.800877,1775478816.724946|完整运动,完整运动,circle_orbit,1,1.000000,2.500000,2.500000,,,,,,,,,,,,,,,,1.824064,0.302228,1.769691,0.273439,0.000000,0.000000,0.241096,,-0.150759,0.000000,,,,0.165689,0.202693,2.500000,26.234101,30.309205,0.000000,circle,预设轨迹15,forward
1775478798.349895,15.821168,1775478816.724946|完整运动,完整运动,circle_orbit,1,1.000000,2.500000,2.500000,,,,,,,,,,,,,,,,1.822926,0.295577,1.754664,0.245696,0.000000,0.000000,0.233037,,-0.161902,0.000000,,,,0.162144,0.202567,2.500000,26.305834,30.237472,0.000000,circle,预设轨迹15,forward
1775478798.378442,15.849715,1775478816.724946|完整运动,完整运动,circle_orbit,1,1.000000,2.500000,2.500000,,,,,,,,,,,,,,,,1.821807,0.294414,1.754664,0.285696,0.000000,0.000000,0.233037,,-0.161902,0.000000,,,,0.161606,0.202442,2.500000,26.305834,30.237472,0.000000,circle,预设轨迹15,forward
1775478798.412013,15.883286,1775478816.724946|完整运动,完整运动,circle_orbit,1,1.000000,2.500000,2.500000,,,,,,,,,,,,,,,,1.820488,0.288683,1.741335,0.245696,0.000000,0.000000,0.224773,,-0.172392,0.000000,,,,0.158574,0.202296,2.500000,26.377771,30.165536,0.000000,circle,预设轨迹15,forward
1775478798.436854,15.908126,1775478816.724946|完整运动,完整运动,circle_orbit,1,1.000000,2.500000,2.500000,,,,,,,,,,,,,,,,1.819015,0.281521,1.730658,0.227813,0.000000,0.000000,0.215621,,-0.181995,0.000000,,,,0.154766,0.202132,2.500000,26.449914,30.093393,0.000000,circle,预设轨迹15,forward
1775478798.459981,15.931253,1775478816.724946|完整运动,完整运动,circle_orbit,1,1.000000,2.500000,2.500000,,,,,,,,,,,,,,,,1.817457,0.277825,1.723964,0.250099,0.000000,0.000000,0.211108,,-0.187507,0.000000,,,,0.152865,0.201959,2.500000,26.485491,30.057816,0.000000,circle,预设轨迹15,forward
1775478798.504871,15.976144,1775478816.724946|完整运动,完整运动,circle_orbit,1,1.000000,2.500000,2.500000,,,,,,,,,,,,,,,,1.815840,0.274045,1.718818,0.245695,0.000000,0.000000,0.206391,,-0.192317,0.000000,,,,0.150919,0.201779,2.500000,26.521146,30.022161,0.000000,circle,预设轨迹15,forward
1775478798.526697,15.997969,1775478816.724946|完整运动,完整运动,circle_orbit,1,1.000000,2.500000,2.500000,,,,,,,,,,,,,,,,1.814150,0.266626,1.712712,0.210988,0.000000,0.000000,0.196429,,-0.199986,0.000000,,,,0.146970,0.201591,2.500000,26.592475,29.950831,0.000000,circle,预设轨迹15,forward
1775478798.549647,16.020920,1775478816.724946|完整运动,完整运动,circle_orbit,1,1.000000,2.500000,2.500000,,,,,,,,,,,,,,,,1.812419,0.258073,1.708605,0.193926,0.000000,0.000000,0.184584,,-0.207444,0.000000,,,,0.142392,0.201399,2.500000,26.664537,29.878770,0.000000,circle,预设轨迹15,forward
1775478798.583511,16.054783,1775478816.724946|完整运动,完整运动,circle_orbit,1,1.000000,2.500000,2.500000,,,,,,,,,,,,,,,,1.810676,0.253703,1.706054,0.220927,0.000000,0.000000,0.178349,,-0.211583,0.000000,,,,0.140115,0.201205,2.500000,26.700554,29.842753,0.000000,circle,预设轨迹15,forward
1775478798.606108,16.077380,1775478816.724946|完整运动,完整运动,circle_orbit,1,1.000000,2.500000,2.500000,,,,,,,,,,,,,,,,1.808922,0.249245,1.703691,0.215807,0.000000,0.000000,0.171897,,-0.215720,0.000000,,,,0.137786,0.201010,2.500000,26.736370,29.806937,0.000000,circle,预设轨迹15,forward
1775478798.627139,16.098411,1775478816.724946|完整运动,完整运动,circle_orbit,1,1.000000,2.500000,2.500000,,,,,,,,,,,,,,,,1.807156,0.244858,1.701212,0.211961,0.000000,0.000000,0.165453,,-0.219921,0.000000,,,,0.135494,0.200814,2.500000,26.772085,29.771221,0.000000,circle,预设轨迹15,forward
1775478798.657656,16.128928,1775478816.724946|完整运动,完整运动,circle_orbit,1,1.000000,2.500000,2.500000,,,,,,,,,,,,,,,,1.805375,0.236282,1.698501,0.171961,0.000000,0.000000,0.152146,,-0.227302,0.000000,,,,0.130877,0.200616,2.500000,26.843722,29.699585,0.000000,circle,预设轨迹15,forward
1775478798.680007,16.151280,1775478816.724946|完整运动,完整运动,circle_orbit,1,1.000000,2.500000,2.500000,,,,,,,,,,,,,,,,1.803598,0.231891,1.696998,0.198959,0.000000,0.000000,0.145371,,-0.231128,0.000000,,,,0.128571,0.200419,2.500000,26.879425,29.663882,0.000000,circle,预设轨迹15,forward
1775478798.701227,16.172499,1775478816.724946|完整运动,完整运动,circle_orbit,1,1.000000,2.500000,2.500000,,,,,,,,,,,,,,,,1.801810,0.227664,1.694495,0.195958,0.000000,0.000000,0.138748,,-0.235432,0.000000,,,,0.126353,0.200220,2.500000,26.914843,29.628463,0.000000,circle,预设轨迹15,forward
1775478798.735020,16.206292,1775478816.724946|完整运动,完整运动,circle_orbit,1,1.000000,2.500000,2.500000,,,,,,,,,,,,,,,,1.800006,0.223568,1.691774,0.192846,0.000000,0.000000,0.132242,,-0.239807,0.000000,,,,0.124204,0.200020,2.500000,26.950085,29.593222,0.000000,circle,预设轨迹15,forward
1775478798.769209,16.240481,1775478816.724946|完整运动,完整运动,circle_orbit,1,1.000000,2.500000,2.500000,,,,,,,,,,,,,,,,1.798193,0.215247,1.689453,0.152846,0.000000,0.000000,0.118924,,-0.246996,0.000000,,,,0.119702,0.199818,2.500000,27.020532,29.522775,0.000000,circle,预设轨迹15,forward
1775478798.792318,16.263590,1775478816.724946|完整运动,完整运动,circle_orbit,1,1.000000,2.500000,2.500000,,,,,,,,,,,,,,,,1.796432,0.210976,1.690779,0.178941,0.000000,0.000000,0.111880,,-0.249401,0.000000,,,,0.117442,0.199623,2.500000,27.055875,29.487431,0.000000,circle,预设轨迹15,forward
1775478798.813851,16.285124,1775478816.724946|完整运动,完整运动,circle_orbit,1,1.000000,2.500000,2.500000,,,,,,,,,,,,,,,,1.794732,0.202501,1.692732,0.138941,0.000000,0.000000,0.097000,,-0.254949,0.000000,,,,0.112831,0.199434,2.500000,27.126418,29.416889,0.000000,circle,预设轨迹15,forward
1775478798.845244,16.316517,1775478816.724946|完整运动,完整运动,circle_orbit,1,1.000000,2.500000,2.500000,,,,,,,,,,,,,,,,1.793058,0.198008,1.692568,0.164308,0.000000,0.000000,0.089429,,-0.258404,0.000000,,,,0.110430,0.199248,2.500000,27.161563,29.381743,0.000000,circle,预设轨迹15,forward
1775478798.875469,16.346741,1775478816.724946|完整运动,完整运动,circle_orbit,1,1.000000,2.500000,2.500000,,,,,,,,,,,,,,,,1.791423,0.189337,1.693340,0.124308,0.000000,0.000000,0.073852,,-0.264906,0.000000,,,,0.105691,0.199066,2.500000,27.231689,29.311618,0.000000,circle,预设轨迹15,forward
1775478798.898268,16.369540,1775478816.724946|完整运动,完整运动,circle_orbit,1,1.000000,2.500000,2.500000,,,,,,,,,,,,,,,,1.789851,0.184539,1.695563,0.148554,0.000000,0.000000,0.065628,,-0.267352,0.000000,,,,0.103103,0.198891,2.500000,27.267047,29.276260,0.000000,circle,预设轨迹15,forward
1775478798.919330,16.390603,1775478816.724946|完整运动,完整运动,circle_orbit,1,1.000000,2.500000,2.500000,,,,,,,,,,,,,,,,1.788349,0.179657,1.698192,0.143040,0.000000,0.000000,0.057182,,-0.269679,0.000000,,,,0.100460,0.198724,2.500000,27.302410,29.240897,0.000000,circle,预设轨迹15,forward
1775478798.948528,16.419801,1775478816.724946|完整运动,完整运动,circle_orbit,1,1.000000,2.500000,2.500000,,,,,,,,,,,,,,,,1.786914,0.174803,1.700840,0.138398,0.000000,0.000000,0.048670,,-0.272031,0.000000,,,,0.097824,0.198565,2.500000,27.337865,29.205441,0.000000,circle,预设轨迹15,forward
1775478798.970261,16.441534,1775478816.724946|完整运动,完整运动,circle_orbit,1,1.000000,2.500000,2.500000,,,,,,,,,,,,,,,,1.785572,0.165814,1.705023,0.098398,0.000000,0.000000,0.031826,,-0.277264,0.000000,,,,0.092863,0.198416,2.500000,27.408147,29.135159,0.000000,circle,预设轨迹15,forward
1775478798.991331,16.462604,1775478816.724946|完整运动,完整运动,circle_orbit,1,1.000000,2.500000,2.500000,,,,,,,,,,,,,,,,1.784294,0.161320,1.707636,0.127618,0.000000,0.000000,0.023601,,-0.279517,0.000000,,,,0.090411,0.198274,2.500000,27.442910,29.100396,0.000000,circle,预设轨迹15,forward
1775478799.012084,16.483356,1775478816.724946|完整运动,完整运动,circle_orbit,1,1.000000,2.500000,2.500000,,,,,,,,,,,,,,,,1.783090,0.156827,1.710846,0.123122,0.000000,0.000000,0.015290,,-0.281495,0.000000,,,,0.087952,0.198140,2.500000,27.477715,29.065592,0.000000,circle,预设轨迹15,forward
1775478799.032354,16.503627,1775478816.724946|完整运动,完整运动,circle_orbit,1,1.000000,2.500000,2.500000,,,,,,,,,,,,,,,,1.781986,0.152143,1.715742,0.117019,0.000000,0.000000,0.006621,,-0.282742,0.000000,,,,0.085378,0.198017,2.500000,27.512875,29.030431,0.000000,circle,预设轨迹15,forward
1775478799.063059,16.534332,1775478816.724946|完整运动,完整运动,circle_orbit,1,1.000000,2.500000,2.500000,,,,,,,,,,,,,,,,1.780921,0.147500,1.717048,0.112680,0.000000,0.000000,-0.002087,,-0.284064,0.000000,,,,0.082823,0.197899,2.500000,27.547867,28.995440,0.000000,circle,预设轨迹15,forward
1775478799.086380,16.557653,1775478816.724946|完整运动,完整运动,circle_orbit,1,1.000000,2.500000,2.500000,,,,,,,,,,,,,,,,1.779700,0.142888,1.706393,0.108296,0.000000,0.000000,-0.010843,,-0.285854,0.000000,,,,0.080288,0.197763,2.500000,27.583109,28.960197,0.000000,circle,预设轨迹15,forward
1775478799.107086,16.578359,1775478816.724946|完整运动,完整运动,circle_orbit,1,1.000000,2.500000,2.500000,,,,,,,,,,,,,,,,1.778183,0.134113,1.687170,0.068296,0.000000,0.000000,-0.028124,,-0.288606,0.000000,,,,0.075421,0.197595,2.500000,27.652678,28.890629,0.000000,circle,预设轨迹15,forward
1775478799.136168,16.607440,1775478816.724946|完整运动,完整运动,circle_orbit,1,1.000000,2.500000,2.500000,,,,,,,,,,,,,,,,1.776691,0.131075,1.687170,0.108296,0.000000,0.000000,-0.028124,,-0.288606,0.000000,,,,0.073775,0.197429,2.500000,27.652678,28.890629,0.000000,circle,预设轨迹15,forward
1775478799.160441,16.631713,1775478816.724946|完整运动,完整运动,circle_orbit,1,1.000000,2.500000,2.500000,,,,,,,,,,,,,,,,1.774923,0.123689,1.668837,0.068296,0.000000,0.000000,-0.046014,,-0.290828,0.000000,,,,0.069687,0.197232,2.500000,27.722360,28.820947,0.000000,circle,预设轨迹15,forward
1775478799.181215,16.652488,1775478816.724946|完整运动,完整运动,circle_orbit,1,1.000000,2.500000,2.500000,,,,,,,,,,,,,,,,1.773036,0.119199,1.659843,0.085518,0.000000,0.000000,-0.055170,,-0.291832,0.000000,,,,0.067229,0.197023,2.500000,27.757372,28.785934,0.000000,circle,预设轨迹15,forward
1775478799.207711,16.678984,1775478816.724946|完整运动,完整运动,circle_orbit,1,1.000000,2.500000,2.500000,,,,,,,,,,,,,,,,1.771038,0.114697,1.651176,0.080934,0.000000,0.000000,-0.064407,,-0.292667,0.000000,,,,0.064763,0.196801,2.500000,27.792598,28.750709,0.000000,circle,预设轨迹15,forward
1775478799.233587,16.704859,1775478816.724946|完整运动,完整运动,circle_orbit,1,1.000000,2.500000,2.500000,,,,,,,,,,,,,,,,1.768937,0.110199,1.642829,0.076467,0.000000,0.000000,-0.073704,,-0.293343,0.000000,,,,0.062297,0.196567,2.500000,27.827650,28.715657,0.000000,circle,预设轨迹15,forward
1775478799.254081,16.725354,1775478816.724946|完整运动,完整运动,circle_orbit,1,1.000000,2.500000,2.500000,,,,,,,,,,,,,,,,1.766595,0.101525,1.626081,0.036467,0.000000,0.000000,-0.092295,,-0.294875,0.000000,,,,0.057469,0.196307,2.500000,27.897141,28.646165,0.000000,circle,预设轨迹15,forward
1775478799.282079,16.753351,1775478816.724946|完整运动,完整运动,circle_orbit,1,1.000000,2.500000,2.500000,,,,,,,,,,,,,,,,1.764170,0.096996,1.618715,0.063025,0.000000,0.000000,-0.101726,,-0.295056,0.000000,,,,0.054981,0.196038,2.500000,27.932049,28.611258,0.000000,circle,预设轨迹15,forward
1775478799.305544,16.776816,1775478816.724946|完整运动,完整运动,circle_orbit,1,1.000000,2.500000,2.500000,,,,,,,,,,,,,,,,1.761664,0.092534,1.611303,0.059072,0.000000,0.000000,-0.111139,,-0.295312,0.000000,,,,0.052526,0.195759,2.500000,27.967097,28.576209,0.000000,circle,预设轨迹15,forward
1775478799.326105,16.797377,1775478816.724946|完整运动,完整运动,circle_orbit,1,1.000000,2.500000,2.500000,,,,,,,,,,,,,,,,1.759085,0.088024,1.604301,0.054196,0.000000,0.000000,-0.120696,,-0.295297,0.000000,,,,0.050039,0.195472,2.500000,28.002378,28.540928,0.000000,circle,预设轨迹15,forward
1775478799.354788,16.826060,1775478816.724946|完整运动,完整运动,circle_orbit,1,1.000000,2.500000,2.500000,,,,,,,,,,,,,,,,1.756418,0.083634,1.596432,0.050709,0.000000,0.000000,-0.130155,,-0.295893,0.000000,,,,0.047616,0.195176,2.500000,28.037816,28.505491,0.000000,circle,预设轨迹15,forward
1775478799.378109,16.849381,1775478816.724946|完整运动,完整运动,circle_orbit,1,1.000000,2.500000,2.500000,,,,,,,,,,,,,,,,1.753674,0.079492,1.589026,0.048427,0.000000,0.000000,-0.139328,,-0.296377,0.000000,,,,0.045329,0.194871,2.500000,28.073034,28.470272,0.000000,circle,预设轨迹15,forward
1775478799.398431,16.869703,1775478816.724946|完整运动,完整运动,circle_orbit,1,1.000000,2.500000,2.500000,,,,,,,,,,,,,,,,1.750774,0.071131,1.576749,0.008427,0.000000,0.000000,-0.157719,,-0.295859,0.000000,,,,0.040628,0.194549,2.500000,28.143253,28.400054,0.000000,circle,预设轨迹15,forward
1775478799.426246,16.897518,1775478816.724946|完整运动,完整运动,circle_orbit,1,1.000000,2.500000,2.500000,,,,,,,,,,,,,,,,1.747825,0.066956,1.570926,0.035643,0.000000,0.000000,-0.167022,,-0.295397,0.000000,,,,0.038308,0.194221,2.500000,28.178460,28.364846,0.000000,circle,预设轨迹15,forward
1775478799.451860,16.923133,1775478816.724946|完整运动,完整运动,circle_orbit,1,1.000000,2.500000,2.500000,,,,,,,,,,,,,,,,1.744753,0.058566,1.560379,-0.004357,0.000000,0.000000,-0.185818,,-0.293766,0.000000,,,,0.033567,0.193880,2.500000,28.249443,28.293863,0.000000,circle,预设轨迹15,forward
1775478799.472348,16.943620,1775478816.724946|完整运动,完整运动,circle_orbit,1,1.000000,2.500000,2.500000,,,,,,,,,,,,,,,,1.741649,0.054325,1.555439,0.022511,0.000000,0.000000,-0.195306,,-0.292729,0.000000,,,,0.031191,0.193535,2.500000,28.284820,28.258487,0.000000,circle,预设轨迹15,forward
1775478799.496727,16.967999,1775478816.724946|完整运动,完整运动,circle_orbit,1,1.000000,2.500000,2.500000,,,,,,,,,,,,,,,,1.738596,0.055288,1.555439,0.062511,0.000000,0.000000,-0.195306,,-0.292729,0.000000,,,,0.031800,0.193196,2.500000,28.284820,28.258487,0.000000,circle,预设轨迹15,forward
1775478799.525272,16.996544,1775478816.724946|完整运动,完整运动,circle_orbit,1,1.000000,2.500000,2.500000,,,,,,,,,,,,,,,,1.735424,0.051432,1.545063,0.022511,0.000000,0.000000,-0.214111,,-0.291116,0.000000,,,,0.029636,0.192843,2.500000,28.354896,28.188411,0.000000,circle,预设轨迹15,forward
1775478799.545627,17.016899,1775478816.724946|完整运动,完整运动,circle_orbit,1,1.000000,2.500000,2.500000,,,,,,,,,,,,,,,,1.732221,0.046796,1.540028,0.012032,0.000000,0.000000,-0.223481,,-0.290257,0.000000,,,,0.027015,0.192487,2.500000,28.389735,28.153572,0.000000,circle,预设轨迹15,forward
1775478799.575902,17.047175,1775478816.724946|完整运动,完整运动,circle_orbit,1,1.000000,2.500000,2.500000,,,,,,,,,,,,,,,,1.728999,0.042319,1.535684,0.008734,0.000000,0.000000,-0.232797,,-0.288987,0.000000,,,,0.024476,0.192129,2.500000,28.424659,28.118648,0.000000,circle,预设轨迹15,forward
1775478799.614150,17.085423,1775478816.724946|完整运动,完整运动,circle_orbit,1,1.000000,2.500000,2.500000,,,,,,,,,,,,,,,,1.725613,0.033662,1.522472,-0.031266,0.000000,0.000000,-0.260160,,-0.285654,0.000000,,,,0.019507,0.191753,2.500000,28.529718,28.013589,0.000000,circle,预设轨迹15,forward
1775478799.650394,17.121667,1775478816.724946|完整运动,完整运动,circle_orbit,1,1.000000,2.500000,2.500000,,,,,,,,,,,,,,,,1.722199,0.029323,1.517385,-0.003214,0.000000,0.000000,-0.268843,,-0.285235,0.000000,,,,0.017027,0.191374,2.500000,28.564726,27.978580,0.000000,circle,预设轨迹15,forward
1775478799.683860,17.155132,1775478816.724946|完整运动,完整运动,circle_orbit,1,1.000000,2.500000,2.500000,,,,,,,,,,,,,,,,1.718718,0.020789,1.509860,-0.043214,0.000000,0.000000,-0.286191,,-0.282656,0.000000,,,,0.012096,0.190987,2.500000,28.634523,27.908784,0.000000,circle,预设轨迹15,forward
1775478799.704535,17.175807,1775478816.724946|完整运动,完整运动,circle_orbit,1,1.000000,2.500000,2.500000,,,,,,,,,,,,,,,,1.715245,0.016798,1.506842,-0.013140,0.000000,0.000000,-0.294799,,-0.280903,0.000000,,,,0.009793,0.190601,2.500000,28.669444,27.873862,0.000000,circle,预设轨迹15,forward
1775478799.725846,17.197118,1775478816.724946|完整运动,完整运动,circle_orbit,1,1.000000,2.500000,2.500000,,,,,,,,,,,,,,,,1.711784,0.012886,1.504151,-0.016451,0.000000,0.000000,-0.303456,,-0.278910,0.000000,,,,0.007528,0.190216,2.500000,28.704553,27.838753,0.000000,circle,预设轨迹15,forward
1775478799.747756,17.219028,1775478816.724946|完整运动,完整运动,circle_orbit,1,1.000000,2.500000,2.500000,,,,,,,,,,,,,,,,1.708342,0.009076,1.501780,-0.019498,0.000000,0.000000,-0.312118,,-0.276699,0.000000,,,,0.005313,0.189834,2.500000,28.739772,27.803534,0.000000,circle,预设轨迹15,forward
1775478799.768515,17.239787,1775478816.724946|完整运动,完整运动,circle_orbit,1,1.000000,2.500000,2.500000,,,,,,,,,,,,,,,,1.704851,0.001009,1.495397,-0.059498,0.000000,0.000000,-0.329147,,-0.273572,0.000000,,,,0.000592,0.189446,2.500000,28.810080,27.733227,0.000000,circle,预设轨迹15,forward
1775478799.793762,17.265035,1775478816.724946|完整运动,完整运动,circle_orbit,1,1.000000,2.500000,2.500000,,,,,,,,,,,,,,,,1.701417,-0.001404,1.495397,-0.019498,0.000000,0.000000,-0.329147,,-0.273572,0.000000,,,,0.000825,0.189064,2.500000,28.810080,27.733227,0.000000,circle,预设轨迹15,forward
1775478799.814558,17.285830,1775478816.724946|完整运动,完整运动,circle_orbit,1,1.000000,2.500000,2.500000,,,,,,,,,,,,,,,,1.697972,-0.008239,1.491251,-0.059498,0.000000,0.000000,-0.346184,,-0.268904,0.000000,,,,0.004852,0.188681,2.500000,28.879857,27.663450,0.000000,circle,预设轨迹15,forward
1775478799.837982,17.309255,1775478816.724946|完整运动,完整运动,circle_orbit,1,1.000000,2.500000,2.500000,,,,,,,,,,,,,,,,1.694552,-0.011276,1.489381,-0.034054,0.000000,0.000000,-0.354651,,-0.266456,0.000000,,,,0.006654,0.188301,2.500000,28.914635,27.628672,0.000000,circle,预设轨迹15,forward
1775478799.860783,17.332055,1775478816.724946|完整运动,完整运动,circle_orbit,1,1.000000,2.500000,2.500000,,,,,,,,,,,,,,,,1.691160,-0.014279,1.487598,-0.036800,0.000000,0.000000,-0.363107,,-0.263955,0.000000,,,,0.008443,0.187924,2.500000,28.949576,27.593731,0.000000,circle,预设轨迹15,forward
1775478799.881197,17.352469,1775478816.724946|完整运动,完整运动,circle_orbit,1,1.000000,2.500000,2.500000,,,,,,,,,,,,,,,,1.687794,-0.017136,1.485857,-0.038567,0.000000,0.000000,-0.371392,,-0.261503,0.000000,,,,0.010153,0.187550,2.500000,28.984533,27.558773,0.000000,circle,预设轨迹15,forward
1775478799.903107,17.374380,1775478816.724946|完整运动,完整运动,circle_orbit,1,1.000000,2.500000,2.500000,,,,,,,,,,,,,,,,1.684450,-0.019847,1.483794,-0.040182,0.000000,0.000000,-0.379496,,-0.259363,0.000000,,,,0.011783,0.187179,2.500000,29.019522,27.523785,0.000000,circle,预设轨迹15,forward
1775478799.924255,17.395527,1775478816.724946|完整运动,完整运动,circle_orbit,1,1.000000,2.500000,2.500000,,,,,,,,,,,,,,,,1.681141,-0.022527,1.482598,-0.042627,0.000000,0.000000,-0.387576,,-0.256621,0.000000,,,,0.013400,0.186811,2.500000,29.054810,27.488496,0.000000,circle,预设轨迹15,forward
1775478799.955533,17.426806,1775478816.724946|完整运动,完整运动,circle_orbit,1,1.000000,2.500000,2.500000,,,,,,,,,,,,,,,,1.677844,-0.029598,1.480021,-0.082627,0.000000,0.000000,-0.403086,,-0.251562,0.000000,,,,0.017640,0.186445,2.500000,29.124510,27.418796,0.000000,circle,预设轨迹15,forward
1775478799.991379,17.462651,1775478816.724946|完整运动,完整运动,circle_orbit,1,1.000000,2.500000,2.500000,,,,,,,,,,,,,,,,1.674589,-0.031772,1.479299,-0.048073,0.000000,0.000000,-0.410636,,-0.248722,0.000000,,,,0.018973,0.186083,2.500000,29.159546,27.383760,0.000000,circle,预设轨迹15,forward
1775478800.012717,17.483989,1775478816.724946|完整运动,完整运动,circle_orbit,1,1.000000,2.500000,2.500000,,,,,,,,,,,,,,,,1.671386,-0.038395,1.479236,-0.088073,0.000000,0.000000,-0.425423,,-0.242194,0.000000,,,,0.022972,0.185727,2.500000,29.229632,27.313674,0.000000,circle,预设轨迹15,forward
1775478800.033661,17.504934,1775478816.724946|完整运动,完整运动,circle_orbit,1,1.000000,2.500000,2.500000,,,,,,,,,,,,,,,,1.668241,-0.040265,1.479523,-0.054288,0.000000,0.000000,-0.432700,,-0.238754,0.000000,,,,0.024136,0.185378,2.500000,29.264550,27.278757,0.000000,circle,预设轨迹15,forward
1775478800.066173,17.537445,1775478816.724946|完整运动,完整运动,circle_orbit,1,1.000000,2.500000,2.500000,,,,,,,,,,,,,,,,1.665153,-0.042125,1.479853,-0.056072,0.000000,0.000000,-0.439934,,-0.235303,0.000000,,,,0.025298,0.185035,2.500000,29.299323,27.243983,0.000000,circle,预设轨迹15,forward
1775478800.087501,17.558774,1775478816.724946|完整运动,完整运动,circle_orbit,1,1.000000,2.500000,2.500000,,,,,,,,,,,,,,,,1.662126,-0.048471,1.480505,-0.096072,0.000000,0.000000,-0.454396,,-0.228410,0.000000,,,,0.029162,0.184698,2.500000,29.368371,27.174936,0.000000,circle,预设轨迹15,forward
1775478800.108264,17.579536,1775478816.724946|完整运动,完整运动,circle_orbit,1,1.000000,2.500000,2.500000,,,,,,,,,,,,,,,,1.659157,-0.050203,1.481034,-0.063191,0.000000,0.000000,-0.461583,,-0.224839,0.000000,,,,0.030258,0.184368,2.500000,29.403056,27.140250,0.000000,circle,预设轨迹15,forward
1775478800.146289,17.617561,1775478816.724946|完整运动,完整运动,circle_orbit,1,1.000000,2.500000,2.500000,,,,,,,,,,,,,,,,1.656252,-0.051887,1.481983,-0.064513,0.000000,0.000000,-0.468668,,-0.221014,0.000000,,,,0.031328,0.184046,2.500000,29.437760,27.105547,0.000000,circle,预设轨迹15,forward
1775478800.179318,17.650590,1775478816.724946|完整运动,完整运动,circle_orbit,1,1.000000,2.500000,2.500000,,,,,,,,,,,,,,,,1.653425,-0.058078,1.483779,-0.104513,0.000000,0.000000,-0.482572,,-0.213557,0.000000,,,,0.035126,0.183731,2.500000,29.506940,27.036367,0.000000,circle,预设轨迹15,forward
1775478800.221223,17.692496,1775478816.724946|完整运动,完整运动,circle_orbit,1,1.000000,2.500000,2.500000,,,,,,,,,,,,,,,,1.650648,-0.059259,1.484004,-0.068119,0.000000,0.000000,-0.489100,,-0.210496,0.000000,,,,0.035901,0.183423,2.500000,29.541458,27.001849,0.000000,circle,预设轨迹15,forward
1775478800.254365,17.725637,1775478816.724946|完整运动,完整运动,circle_orbit,1,1.000000,2.500000,2.500000,,,,,,,,,,,,,,,,1.647974,-0.064593,1.487554,-0.104598,0.000000,0.000000,-0.501481,,-0.202481,0.000000,,,,0.039196,0.183126,2.500000,29.610931,26.932376,0.000000,circle,预设轨迹15,forward
1775478800.280937,17.752210,1775478816.724946|完整运动,完整运动,circle_orbit,1,1.000000,2.500000,2.500000,,,,,,,,,,,,,,,,1.645410,-0.069197,1.491567,-0.103727,0.000000,0.000000,-0.513005,,-0.194532,0.000000,,,,0.042055,0.182841,2.500000,29.680776,26.862530,0.000000,circle,预设轨迹15,forward
1775478800.301283,17.772556,1775478816.724946|完整运动,完整运动,circle_orbit,1,1.000000,2.500000,2.500000,,,,,,,,,,,,,,,,1.642932,-0.069476,1.494267,-0.071565,0.000000,0.000000,-0.518504,,-0.190196,0.000000,,,,0.042288,0.182565,2.500000,29.715760,26.827547,0.000000,circle,预设轨迹15,forward
1775478800.329479,17.800752,1775478816.724946|完整运动,完整运动,circle_orbit,1,1.000000,2.500000,2.500000,,,,,,,,,,,,,,,,1.640534,-0.069737,1.496636,-0.071694,0.000000,0.000000,-0.523859,,-0.186160,0.000000,,,,0.042509,0.182299,2.500000,29.750920,26.792387,0.000000,circle,预设轨迹15,forward
1775478800.353976,17.825249,1775478816.724946|完整运动,完整运动,circle_orbit,1,1.000000,2.500000,2.500000,,,,,,,,,,,,,,,,1.638271,-0.073787,1.502498,-0.104164,0.000000,0.000000,-0.534506,,-0.177354,0.000000,,,,0.045040,0.182047,2.500000,29.821355,26.721952,0.000000,circle,预设轨迹15,forward
1775478800.374275,17.845547,1775478816.724946|完整运动,完整运动,circle_orbit,1,1.000000,2.500000,2.500000,,,,,,,,,,,,,,,,1.636091,-0.073924,1.505288,-0.074949,0.000000,0.000000,-0.539695,,-0.173120,0.000000,,,,0.045183,0.181805,2.500000,29.856466,26.686841,0.000000,circle,预设轨迹15,forward
1775478800.404917,17.876189,1775478816.724946|完整运动,完整运动,circle_orbit,1,1.000000,2.500000,2.500000,,,,,,,,,,,,,,,,1.634005,-0.074212,1.508867,-0.076375,0.000000,0.000000,-0.544989,,-0.168305,0.000000,,,,0.045417,0.181573,2.500000,29.891514,26.651793,0.000000,circle,预设轨迹15,forward
1775478800.430275,17.901547,1775478816.724946|完整运动,完整运动,circle_orbit,1,1.000000,2.500000,2.500000,,,,,,,,,,,,,,,,1.632066,-0.078049,1.515699,-0.106828,0.000000,0.000000,-0.555248,,-0.159077,0.000000,,,,0.047822,0.181358,2.500000,29.962010,26.581296,0.000000,circle,预设轨迹15,forward
1775478800.450564,17.921837,1775478816.724946|完整运动,完整运动,circle_orbit,1,1.000000,2.500000,2.500000,,,,,,,,,,,,,,,,1.630211,-0.078004,1.518921,-0.077662,0.000000,0.000000,-0.560094,,-0.154737,0.000000,,,,0.047849,0.181152,2.500000,29.997411,26.545895,0.000000,circle,预设轨迹15,forward
1775478800.477238,17.948510,1775478816.724946|完整运动,完整运动,circle_orbit,1,1.000000,2.500000,2.500000,,,,,,,,,,,,,,,,1.628387,-0.074638,1.518921,-0.049394,0.000000,0.000000,-0.560094,,-0.154737,0.000000,,,,0.045836,0.180949,2.500000,29.997411,26.545895,0.000000,circle,预设轨迹15,forward
1775478800.512629,17.983901,1775478816.724946|完整运动,完整运动,circle_orbit,1,1.000000,2.500000,2.500000,,,,,,,,,,,,,,,,1.626701,-0.076374,1.525548,-0.089394,0.000000,0.000000,-0.569260,,-0.146194,0.000000,,,,0.046950,0.180762,2.500000,30.068280,26.475027,0.000000,circle,预设轨迹15,forward
1775478800.534892,18.006165,1775478816.724946|完整运动,完整运动,circle_orbit,1,1.000000,2.500000,2.500000,,,,,,,,,,,,,,,,1.625183,-0.078956,1.534106,-0.098320,0.000000,0.000000,-0.577301,,-0.136906,0.000000,,,,0.048583,0.180593,2.500000,30.139622,26.403685,0.000000,circle,预设轨迹15,forward
1775478800.561508,18.032780,1775478816.724946|完整运动,完整运动,circle_orbit,1,1.000000,2.500000,2.500000,,,,,,,,,,,,,,,,1.623756,-0.078371,1.538178,-0.073987,0.000000,0.000000,-0.580915,,-0.132603,0.000000,,,,0.048265,0.180434,2.500000,30.175094,26.368212,0.000000,circle,预设轨迹15,forward
1775478800.586576,18.057849,1775478816.724946|完整运动,完整运动,circle_orbit,1,1.000000,2.500000,2.500000,,,,,,,,,,,,,,,,1.622424,-0.077722,1.542465,-0.072855,0.000000,0.000000,-0.584336,,-0.128259,0.000000,,,,0.047905,0.180286,2.500000,30.210861,26.332445,0.000000,circle,预设轨迹15,forward
1775478800.612845,18.084117,1775478816.724946|完整运动,完整运动,circle_orbit,1,1.000000,2.500000,2.500000,,,,,,,,,,,,,,,,1.621204,-0.077020,1.548017,-0.071751,0.000000,0.000000,-0.587585,,-0.123182,0.000000,,,,0.047508,0.180151,2.500000,30.246747,26.296560,0.000000,circle,预设轨迹15,forward
1775478800.650480,18.121752,1775478816.724946|完整运动,完整运动,circle_orbit,1,1.000000,2.500000,2.500000,,,,,,,,,,,,,,,,1.620192,-0.078447,1.559496,-0.089150,0.000000,0.000000,-0.593787,,-0.112996,0.000000,,,,0.048418,0.180038,2.500000,30.318465,26.224842,0.000000,circle,预设轨迹15,forward
1775478800.681665,18.152938,1775478816.724946|完整运动,完整运动,circle_orbit,1,1.000000,2.500000,2.500000,,,,,,,,,,,,,,,,1.619375,-0.079743,1.570320,-0.089463,0.000000,0.000000,-0.599849,,-0.103395,0.000000,,,,0.049243,0.179948,2.500000,30.389526,26.153780,0.000000,circle,预设轨迹15,forward
1775478800.702015,18.173288,1775478816.724946|完整运动,完整运动,circle_orbit,1,1.000000,2.500000,2.500000,,,,,,,,,,,,,,,,1.618661,-0.078858,1.575810,-0.072223,0.000000,0.000000,-0.602831,,-0.098603,0.000000,,,,0.048718,0.179868,2.500000,30.424974,26.118332,0.000000,circle,预设轨迹15,forward
1775478800.732696,18.203969,1775478816.724946|完整运动,完整运动,circle_orbit,1,1.000000,2.500000,2.500000,,,,,,,,,,,,,,,,1.618157,-0.079837,1.587960,-0.087177,0.000000,0.000000,-0.608382,,-0.088549,0.000000,,,,0.049338,0.179812,2.500000,30.496527,26.046779,0.000000,circle,预设轨迹15,forward
1775478800.762811,18.234083,1775478816.724946|完整运动,完整运动,circle_orbit,1,1.000000,2.500000,2.500000,,,,,,,,,,,,,,,,1.617768,-0.078604,1.594376,-0.069356,0.000000,0.000000,-0.610799,,-0.083515,0.000000,,,,0.048588,0.179769,2.500000,30.532486,26.010821,0.000000,circle,预设轨迹15,forward
1775478800.783321,18.254593,1775478816.724946|完整运动,完整运动,circle_orbit,1,1.000000,2.500000,2.500000,,,,,,,,,,,,,,,,1.617486,-0.077308,1.600581,-0.067589,0.000000,0.000000,-0.613015,,-0.078731,0.000000,,,,0.047795,0.179738,2.500000,30.568163,25.975144,0.000000,circle,预设轨迹15,forward
1775478800.820025,18.291297,1775478816.724946|完整运动,完整运动,circle_orbit,1,1.000000,2.500000,2.500000,,,,,,,,,,,,,,,,1.617315,-0.075931,1.607066,-0.065602,0.000000,0.000000,-0.615007,,-0.073906,0.000000,,,,0.046949,0.179719,2.500000,30.603486,25.939820,0.000000,circle,预设轨迹15,forward
1775478800.853567,18.324839,1775478816.724946|完整运动,完整运动,circle_orbit,1,1.000000,2.500000,2.500000,,,,,,,,,,,,,,,,1.617504,-0.076145,1.628858,-0.077751,0.000000,0.000000,-0.619195,,-0.059037,0.000000,,,,0.047076,0.179740,2.500000,30.710155,25.833152,0.000000,circle,预设轨迹15,forward
1775478800.881821,18.353094,1775478816.724946|完整运动,完整运动,circle_orbit,1,1.000000,2.500000,2.500000,,,,,,,,,,,,,,,,1.617844,-0.074413,1.638207,-0.061420,0.000000,0.000000,-0.620608,,-0.052934,0.000000,,,,0.045995,0.179777,2.500000,30.745605,25.797701,0.000000,circle,预设轨迹15,forward
1775478800.902297,18.373569,1775478816.724946|完整运动,完整运动,circle_orbit,1,1.000000,2.500000,2.500000,,,,,,,,,,,,,,,,1.618308,-0.072699,1.646158,-0.059851,0.000000,0.000000,-0.621933,,-0.047739,0.000000,,,,0.044923,0.179829,2.500000,30.781112,25.762195,0.000000,circle,预设轨迹15,forward
1775478800.925940,18.397212,1775478816.724946|完整运动,完整运动,circle_orbit,1,1.000000,2.500000,2.500000,,,,,,,,,,,,,,,,1.618894,-0.070943,1.654050,-0.057766,0.000000,0.000000,-0.623087,,-0.042697,0.000000,,,,0.043822,0.179894,2.500000,30.816336,25.726970,0.000000,circle,预设轨迹15,forward
1775478800.946257,18.417529,1775478816.724946|完整运动,完整运动,circle_orbit,1,1.000000,2.500000,2.500000,,,,,,,,,,,,,,,,1.619750,-0.069490,1.671159,-0.058597,0.000000,0.000000,-0.624591,,-0.032358,0.000000,,,,0.042902,0.179989,2.500000,30.887846,25.655460,0.000000,circle,预设轨迹15,forward
1775478800.978143,18.449416,1775478816.724946|完整运动,完整运动,circle_orbit,1,1.000000,2.500000,2.500000,,,,,,,,,,,,,,,,1.620729,-0.067205,1.679416,-0.050066,0.000000,0.000000,-0.624827,,-0.027655,0.000000,,,,0.041466,0.180098,2.500000,30.923446,25.619861,0.000000,circle,预设轨迹15,forward
1775478801.011714,18.482986,1775478816.724946|完整运动,完整运动,circle_orbit,1,1.000000,2.500000,2.500000,,,,,,,,,,,,,,,,1.621859,-0.064966,1.689684,-0.048173,0.000000,0.000000,-0.625010,,-0.021920,0.000000,,,,0.040056,0.180224,2.500000,30.958748,25.584558,0.000000,circle,预设轨迹15,forward
1775478801.035130,18.506402,1775478816.724946|完整运动,完整运动,circle_orbit,1,1.000000,2.500000,2.500000,,,,,,,,,,,,,,,,1.623297,-0.062914,1.709557,-0.047525,0.000000,0.000000,-0.625370,,-0.011011,0.000000,,,,0.038757,0.180383,2.500000,31.028710,25.514596,0.000000,circle,预设轨迹15,forward
1775478801.058143,18.529415,1775478816.724946|完整运动,完整运动,circle_orbit,1,1.000000,2.500000,2.500000,,,,,,,,,,,,,,,,1.624885,-0.060764,1.720181,-0.044641,0.000000,0.000000,-0.625498,,-0.005309,0.000000,,,,0.037396,0.180560,2.500000,31.063972,25.479335,0.000000,circle,预设轨迹15,forward
1775478801.093995,18.565268,1775478816.724946|完整运动,完整运动,circle_orbit,1,1.000000,2.500000,2.500000,,,,,,,,,,,,,,,,1.626593,-0.058559,1.729101,-0.042022,0.000000,0.000000,-0.625453,,0.000643,0.000000,,,,0.036001,0.180750,2.500000,31.099614,25.443693,0.000000,circle,预设轨迹15,forward
1775478801.116238,18.587510,1775478816.724946|完整运动,完整运动,circle_orbit,1,1.000000,2.500000,2.500000,,,,,,,,,,,,,,,,1.627977,-0.055820,1.710980,-0.035277,0.000000,0.000000,-0.624574,,0.010605,0.000000,,,,0.034288,0.180903,2.500000,31.170560,25.372747,0.000000,circle,预设轨迹15,forward
1775478801.138655,18.609928,1775478816.724946|完整运动,完整运动,circle_orbit,1,1.000000,2.500000,2.500000,,,,,,,,,,,,,,,,1.629193,-0.053180,1.702152,-0.033380,0.000000,0.000000,-0.623713,,0.015724,0.000000,,,,0.032642,0.181039,2.500000,31.205950,25.337357,0.000000,circle,预设轨迹15,forward
1775478801.163464,18.634736,1775478816.724946|完整运动,完整运动,circle_orbit,1,1.000000,2.500000,2.500000,,,,,,,,,,,,,,,,1.630225,-0.050600,1.692174,-0.031250,0.000000,0.000000,-0.622829,,0.021529,0.000000,,,,0.031039,0.181153,2.500000,31.241097,25.302210,0.000000,circle,预设轨迹15,forward
1775478801.184079,18.655352,1775478816.724946|完整运动,完整运动,circle_orbit,1,1.000000,2.500000,2.500000,,,,,,,,,,,,,,,,1.631090,-0.048397,1.682958,-0.031873,0.000000,0.000000,-0.622376,,0.026787,0.000000,,,,0.029672,0.181249,2.500000,31.276514,25.266793,0.000000,circle,预设轨迹15,forward
1775478801.220221,18.691493,1775478816.724946|完整运动,完整运动,circle_orbit,1,1.000000,2.500000,2.500000,,,,,,,,,,,,,,,,1.631635,-0.045246,1.664368,-0.021614,0.000000,0.000000,-0.620520,,0.037982,0.000000,,,,0.027730,0.181310,2.500000,31.347427,25.195879,0.000000,circle,预设轨迹15,forward
1775478801.258129,18.729401,1775478816.724946|完整运动,完整运动,circle_orbit,1,1.000000,2.500000,2.500000,,,,,,,,,,,,,,,,1.631922,-0.040841,1.649104,-0.007807,0.000000,0.000000,-0.616773,,0.048337,0.000000,,,,0.025027,0.181342,2.500000,31.418766,25.124541,0.000000,circle,预设轨迹15,forward
1775478801.279013,18.750286,1775478816.724946|完整运动,完整运动,circle_orbit,1,1.000000,2.500000,2.500000,,,,,,,,,,,,,,,,1.632080,-0.037624,1.641591,-0.013490,0.000000,0.000000,-0.614520,,0.053675,0.000000,,,,0.023053,0.181359,2.500000,31.454169,25.089138,0.000000,circle,预设轨迹15,forward
1775478801.300591,18.771863,1775478816.724946|完整运动,完整运动,circle_orbit,1,1.000000,2.500000,2.500000,,,,,,,,,,,,,,,,1.632124,-0.034415,1.634767,-0.010353,0.000000,0.000000,-0.612158,,0.058698,0.000000,,,,0.021086,0.181364,2.500000,31.489677,25.053629,0.000000,circle,预设轨迹15,forward
1775478801.325928,18.797200,1775478816.724946|完整运动,完整运动,circle_orbit,1,1.000000,2.500000,2.500000,,,,,,,,,,,,,,,,1.632044,-0.031370,1.627211,-0.008526,0.000000,0.000000,-0.609912,,0.064134,0.000000,,,,0.019221,0.181355,2.500000,31.524939,25.018368,0.000000,circle,预设轨迹15,forward
1775478801.346245,18.817517,1775478816.724946|完整运动,完整运动,circle_orbit,1,1.000000,2.500000,2.500000,,,,,,,,,,,,,,,,1.631713,-0.026931,1.611861,0.006362,0.000000,0.000000,-0.605606,,0.075193,0.000000,,,,0.016504,0.181319,2.500000,31.595618,24.947689,0.000000,circle,预设轨迹15,forward
1775478801.376308,18.847581,1775478816.724946|完整运动,完整运动,circle_orbit,1,1.000000,2.500000,2.500000,,,,,,,,,,,,,,,,1.631387,-0.025661,1.611861,-0.016141,0.000000,0.000000,-0.605606,,0.075193,0.000000,,,,0.015730,0.181282,2.500000,31.595618,24.947689,0.000000,circle,预设轨迹15,forward
1775478801.402711,18.873984,1775478816.724946|完整运动,完整运动,circle_orbit,1,1.000000,2.500000,2.500000,,,,,,,,,,,,,,,,1.630824,-0.021039,1.597029,0.013624,0.000000,0.000000,-0.600867,,0.086302,0.000000,,,,0.012901,0.181220,2.500000,31.666701,24.876606,0.000000,circle,预设轨迹15,forward
1775478801.423239,18.894512,1775478816.724946|完整运动,完整运动,circle_orbit,1,1.000000,2.500000,2.500000,,,,,,,,,,,,,,,,1.630158,-0.018041,1.590206,0.004450,0.000000,0.000000,-0.598252,,0.091662,0.000000,,,,0.011067,0.181146,2.500000,31.702387,24.840920,0.000000,circle,预设轨迹15,forward
1775478801.454920,18.926193,1775478816.724946|完整运动,完整运动,circle_orbit,1,1.000000,2.500000,2.500000,,,,,,,,,,,,,,,,1.629417,-0.014750,1.584922,0.009926,0.000000,0.000000,-0.595132,,0.096325,0.000000,,,,0.009053,0.181063,2.500000,31.738016,24.805290,0.000000,circle,预设轨迹15,forward
1775478801.481839,18.953112,1775478816.724946|完整运动,完整运动,circle_orbit,1,1.000000,2.500000,2.500000,,,,,,,,,,,,,,,,1.628512,-0.008697,1.574240,0.036707,0.000000,0.000000,-0.588002,,0.106183,0.000000,,,,0.005340,0.180963,2.500000,31.809012,24.734295,0.000000,circle,预设轨迹15,forward
1775478801.502268,18.973540,1775478816.724946|完整运动,完整运动,circle_orbit,1,1.000000,2.500000,2.500000,,,,,,,,,,,,,,,,1.627531,-0.005091,1.568659,0.021948,0.000000,0.000000,-0.584101,,0.111449,0.000000,,,,0.003128,0.180854,2.500000,31.844355,24.698952,0.000000,circle,预设轨迹15,forward
1775478801.534293,19.005566,1775478816.724946|完整运动,完整运动,circle_orbit,1,1.000000,2.500000,2.500000,,,,,,,,,,,,,,,,1.626473,-0.001489,1.563003,0.025526,0.000000,0.000000,-0.580100,,0.116831,0.000000,,,,0.000916,0.180736,2.500000,31.879723,24.663584,0.000000,circle,预设轨迹15,forward
1775478801.565968,19.037241,1775478816.724946|完整运动,完整运动,circle_orbit,1,1.000000,2.500000,2.500000,,,,,,,,,,,,,,,,1.625268,0.005214,1.552974,0.055490,0.000000,0.000000,-0.571608,,0.127062,0.000000,,,,0.003208,0.180602,2.500000,31.950838,24.592468,0.000000,circle,预设轨迹15,forward
1775478801.586570,19.057842,1775478816.724946|完整运动,完整运动,circle_orbit,1,1.000000,2.500000,2.500000,,,,,,,,,,,,,,,,1.623938,0.012120,1.544110,0.063917,0.000000,0.000000,-0.562578,,0.136851,0.000000,,,,0.007464,0.180455,2.500000,32.021306,24.522001,0.000000,circle,预设轨迹15,forward
1775478801.613383,19.084655,1775478816.724946|完整运动,完整运动,circle_orbit,1,1.000000,2.500000,2.500000,,,,,,,,,,,,,,,,1.622629,0.013508,1.544110,0.023917,0.000000,0.000000,-0.562578,,0.136851,0.000000,,,,0.008325,0.180309,2.500000,32.021306,24.522001,0.000000,circle,预设轨迹15,forward
1775478801.641394,19.112666,1775478816.724946|完整运动,完整运动,circle_orbit,1,1.000000,2.500000,2.500000,,,,,,,,,,,,,,,,1.621183,0.019439,1.534429,0.063917,0.000000,0.000000,-0.553685,,0.147188,0.000000,,,,0.011990,0.180149,2.500000,32.091018,24.452289,0.000000,circle,预设轨迹15,forward
1775478801.661711,19.132984,1775478816.724946|完整运动,完整运动,circle_orbit,1,1.000000,2.500000,2.500000,,,,,,,,,,,,,,,,1.619684,0.022744,1.529759,0.047537,0.000000,0.000000,-0.549295,,0.152248,0.000000,,,,0.014042,0.179982,2.500000,32.125741,24.417566,0.000000,circle,预设轨迹15,forward
1775478801.688841,19.160113,1775478816.724946|完整运动,完整运动,circle_orbit,1,1.000000,2.500000,2.500000,,,,,,,,,,,,,,,,1.618150,0.026144,1.526109,0.051639,0.000000,0.000000,-0.544710,,0.156729,0.000000,,,,0.016157,0.179812,2.500000,32.160594,24.382713,0.000000,circle,预设轨迹15,forward
1775478801.714475,19.185747,1775478816.724946|完整运动,完整运动,circle_orbit,1,1.000000,2.500000,2.500000,,,,,,,,,,,,,,,,1.616582,0.029671,1.522473,0.056126,0.000000,0.000000,-0.539876,,0.161323,0.000000,,,,0.018354,0.179637,2.500000,32.195170,24.348137,0.000000,circle,预设轨迹15,forward
1775478801.734884,19.206156,1775478816.724946|完整运动,完整运动,circle_orbit,1,1.000000,2.500000,2.500000,,,,,,,,,,,,,,,,1.614935,0.037442,1.516106,0.095723,0.000000,0.000000,-0.528957,,0.170487,0.000000,,,,0.023185,0.179454,2.500000,32.264044,24.279262,0.000000,circle,预设轨迹15,forward
1775478801.763660,19.234933,1775478816.724946|完整运动,完整运动,circle_orbit,1,1.000000,2.500000,2.500000,,,,,,,,,,,,,,,,1.613293,0.041668,1.514815,0.073362,0.000000,0.000000,-0.522768,,0.174116,0.000000,,,,0.025828,0.179272,2.500000,32.298243,24.245064,0.000000,circle,预设轨迹15,forward
1775478801.798737,19.270009,1775478816.724946|完整运动,完整运动,circle_orbit,1,1.000000,2.500000,2.500000,,,,,,,,,,,,,,,,1.611615,0.050102,1.510877,0.113362,0.000000,0.000000,-0.509647,,0.182636,0.000000,,,,0.031088,0.179085,2.500000,32.366339,24.176968,0.000000,circle,预设轨迹15,forward
1775478801.822529,19.293801,1775478816.724946|完整运动,完整运动,circle_orbit,1,1.000000,2.500000,2.500000,,,,,,,,,,,,,,,,1.609925,0.054327,1.508534,0.086014,0.000000,0.000000,-0.503121,,0.187143,0.000000,,,,0.033745,0.178897,2.500000,32.400168,24.143139,0.000000,circle,预设轨迹15,forward
1775478801.842956,19.314228,1775478816.724946|完整运动,完整运动,circle_orbit,1,1.000000,2.500000,2.500000,,,,,,,,,,,,,,,,1.608237,0.058477,1.506946,0.089598,0.000000,0.000000,-0.496611,,0.191128,0.000000,,,,0.036361,0.178710,2.500000,32.434118,24.109188,0.000000,circle,预设轨迹15,forward
1775478801.865695,19.336968,1775478816.724946|完整运动,完整运动,circle_orbit,1,1.000000,2.500000,2.500000,,,,,,,,,,,,,,,,1.606541,0.062567,1.504823,0.093244,0.000000,0.000000,-0.490100,,0.195485,0.000000,,,,0.038945,0.178522,2.500000,32.468153,24.075154,0.000000,circle,预设轨迹15,forward
1775478801.886739,19.358011,1775478816.724946|完整运动,完整运动,circle_orbit,1,1.000000,2.500000,2.500000,,,,,,,,,,,,,,,,1.604835,0.066534,1.502480,0.096289,0.000000,0.000000,-0.483681,,0.199958,0.000000,,,,0.041459,0.178332,2.500000,32.502216,24.041091,0.000000,circle,预设轨迹15,forward
1775478801.915874,19.387146,1775478816.724946|完整运动,完整运动,circle_orbit,1,1.000000,2.500000,2.500000,,,,,,,,,,,,,,,,1.603106,0.074741,1.499345,0.136289,0.000000,0.000000,-0.471139,,0.207707,0.000000,,,,0.046622,0.178140,2.500000,32.570040,23.973267,0.000000,circle,预设轨迹15,forward
1775478801.940048,19.411320,1775478816.724946|完整运动,完整运动,circle_orbit,1,1.000000,2.500000,2.500000,,,,,,,,,,,,,,,,1.601388,0.078583,1.498321,0.107404,0.000000,0.000000,-0.464533,,0.211356,0.000000,,,,0.049072,0.177949,2.500000,32.603899,23.939408,0.000000,circle,预设轨迹15,forward
1775478801.960365,19.431638,1775478816.724946|完整运动,完整运动,circle_orbit,1,1.000000,2.500000,2.500000,,,,,,,,,,,,,,,,1.599692,0.082644,1.497953,0.113095,0.000000,0.000000,-0.457558,,0.214712,0.000000,,,,0.051662,0.177760,2.500000,32.637625,23.905681,0.000000,circle,预设轨迹15,forward
1775478801.989826,19.461098,1775478816.724946|完整运动,完整运动,circle_orbit,1,1.000000,2.500000,2.500000,,,,,,,,,,,,,,,,1.598016,0.086800,1.497427,0.117972,0.000000,0.000000,-0.450374,,0.218272,0.000000,,,,0.054317,0.177574,2.500000,32.671386,23.871920,0.000000,circle,预设轨迹15,forward
1775478802.014382,19.485654,1775478816.724946|完整运动,完整运动,circle_orbit,1,1.000000,2.500000,2.500000,,,,,,,,,,,,,,,,1.596367,0.091187,1.497430,0.124086,0.000000,0.000000,-0.442785,,0.221642,0.000000,,,,0.057121,0.177391,2.500000,32.704896,23.838411,0.000000,circle,预设轨迹15,forward
1775478802.034904,19.506176,1775478816.724946|完整运动,完整运动,circle_orbit,1,1.000000,2.500000,2.500000,,,,,,,,,,,,,,,,1.594757,0.099763,1.498124,0.164086,0.000000,0.000000,-0.427010,,0.228171,0.000000,,,,0.062557,0.177212,2.500000,32.771429,23.771878,0.000000,circle,预设轨迹15,forward
1775478802.064164,19.535436,1775478816.724946|完整运动,完整运动,circle_orbit,1,1.000000,2.500000,2.500000,,,,,,,,,,,,,,,,1.593175,0.104352,1.498270,0.138772,0.000000,0.000000,-0.418913,,0.231668,0.000000,,,,0.065500,0.177036,2.500000,32.804374,23.738933,0.000000,circle,预设轨迹15,forward
1775478802.096964,19.568236,1775478816.724946|完整运动,完整运动,circle_orbit,1,1.000000,2.500000,2.500000,,,,,,,,,,,,,,,,1.591628,0.108760,1.498823,0.141822,0.000000,0.000000,-0.410971,,0.234813,0.000000,,,,0.068333,0.176864,2.500000,32.837395,23.705911,0.000000,circle,预设轨迹15,forward
1775478802.118314,19.589586,1775478816.724946|完整运动,完整运动,circle_orbit,1,1.000000,2.500000,2.500000,,,,,,,,,,,,,,,,1.590124,0.117356,1.499869,0.181822,0.000000,0.000000,-0.394808,,0.241271,0.000000,,,,0.073803,0.176697,2.500000,32.903259,23.640047,0.000000,circle,预设轨迹15,forward
1775478802.139360,19.610633,1775478816.724946|完整运动,完整运动,circle_orbit,1,1.000000,2.500000,2.500000,,,,,,,,,,,,,,,,1.588655,0.121777,1.500532,0.154930,0.000000,0.000000,-0.386631,,0.244445,0.000000,,,,0.076654,0.176534,2.500000,32.936394,23.606913,0.000000,circle,预设轨迹15,forward
1775478802.161049,19.632322,1775478816.724946|完整运动,完整运动,circle_orbit,1,1.000000,2.500000,2.500000,,,,,,,,,,,,,,,,1.587224,0.126218,1.501384,0.159529,0.000000,0.000000,-0.378330,,0.247543,0.000000,,,,0.079521,0.176375,2.500000,32.969871,23.573436,0.000000,circle,预设轨迹15,forward
1775478802.181352,19.652625,1775478816.724946|完整运动,完整运动,circle_orbit,1,1.000000,2.500000,2.500000,,,,,,,,,,,,,,,,1.585866,0.130883,1.504388,0.165869,0.000000,0.000000,-0.369615,,0.249340,0.000000,,,,0.082531,0.176224,2.500000,33.003228,23.540078,0.000000,circle,预设轨迹15,forward
1775478802.210553,19.681826,1775478816.724946|完整运动,完整运动,circle_orbit,1,1.000000,2.500000,2.500000,,,,,,,,,,,,,,,,1.584628,0.139705,1.510336,0.205869,0.000000,0.000000,-0.351336,,0.253374,0.000000,,,,0.088163,0.176086,2.500000,33.068806,23.474500,0.000000,circle,预设轨迹15,forward
1775478802.243737,19.715010,1775478816.724946|完整运动,完整运动,circle_orbit,1,1.000000,2.500000,2.500000,,,,,,,,,,,,,,,,1.583445,0.144513,1.512472,0.180575,0.000000,0.000000,-0.342277,,0.255939,0.000000,,,,0.091265,0.175955,2.500000,33.101401,23.441905,0.000000,circle,预设轨迹15,forward
1775478802.264418,19.735690,1775478816.724946|完整运动,完整运动,circle_orbit,1,1.000000,2.500000,2.500000,,,,,,,,,,,,,,,,1.582317,0.149220,1.514630,0.184522,0.000000,0.000000,-0.333242,,0.258483,0.000000,,,,0.094305,0.175830,2.500000,33.134027,23.409280,0.000000,circle,预设轨迹15,forward
1775478802.284910,19.756182,1775478816.724946|完整运动,完整运动,circle_orbit,1,1.000000,2.500000,2.500000,,,,,,,,,,,,,,,,1.581233,0.153711,1.516180,0.187396,0.000000,0.000000,-0.324403,,0.261357,0.000000,,,,0.097210,0.175709,2.500000,33.166856,23.376450,0.000000,circle,预设轨迹15,forward
1775478802.316133,19.787405,1775478816.724946|完整运动,完整运动,circle_orbit,1,1.000000,2.500000,2.500000,,,,,,,,,,,,,,,,1.580198,0.158130,1.518108,0.191272,0.000000,0.000000,-0.315570,,0.263975,0.000000,,,,0.100070,0.175594,2.500000,33.199878,23.343429,0.000000,circle,预设轨迹15,forward
1775478802.337978,19.809250,1775478816.724946|完整运动,完整运动,circle_orbit,1,1.000000,2.500000,2.500000,,,,,,,,,,,,,,,,1.579251,0.166735,1.522436,0.231272,0.000000,0.000000,-0.298084,,0.268821,0.000000,,,,0.105579,0.175489,2.500000,33.265833,23.277473,0.000000,circle,预设轨迹15,forward
1775478802.358522,19.829794,1775478816.724946|完整运动,完整运动,circle_orbit,1,1.000000,2.500000,2.500000,,,,,,,,,,,,,,,,1.578380,0.171078,1.526097,0.203645,0.000000,0.000000,-0.289171,,0.270321,0.000000,,,,0.108388,0.175392,2.500000,33.298618,23.244689,0.000000,circle,预设轨迹15,forward
1775478802.382036,19.853308,1775478816.724946|完整运动,完整运动,circle_orbit,1,1.000000,2.500000,2.500000,,,,,,,,,,,,,,,,1.577598,0.175594,1.530684,0.209471,0.000000,0.000000,-0.279916,,0.271367,0.000000,,,,0.111305,0.175305,2.500000,33.331202,23.212104,0.000000,circle,预设轨迹15,forward
1775478802.402373,19.873646,1775478816.724946|完整运动,完整运动,circle_orbit,1,1.000000,2.500000,2.500000,,,,,,,,,,,,,,,,1.576910,0.180303,1.535620,0.215615,0.000000,0.000000,-0.270287,,0.272365,0.000000,,,,0.114339,0.175229,2.500000,33.363663,23.179644,0.000000,circle,预设轨迹15,forward
1775478802.430046,19.901318,1775478816.724946|完整运动,完整运动,circle_orbit,1,1.000000,2.500000,2.500000,,,,,,,,,,,,,,,,1.576315,0.185083,1.540621,0.220936,0.000000,0.000000,-0.260447,,0.273436,0.000000,,,,0.117415,0.175163,2.500000,33.395592,23.147714,0.000000,circle,预设轨迹15,forward
1775478802.455782,19.927054,1775478816.724946|完整运动,完整运动,circle_orbit,1,1.000000,2.500000,2.500000,,,,,,,,,,,,,,,,1.575801,0.189833,1.544994,0.225457,0.000000,0.000000,-0.250543,,0.274968,0.000000,,,,0.120468,0.175106,2.500000,33.427283,23.116024,0.000000,circle,预设轨迹15,forward
1775478802.476217,19.947490,1775478816.724946|完整运动,完整运动,circle_orbit,1,1.000000,2.500000,2.500000,,,,,,,,,,,,,,,,1.575460,0.198730,1.554959,0.265457,0.000000,0.000000,-0.230231,,0.277515,0.000000,,,,0.126141,0.175068,2.500000,33.490524,23.052782,0.000000,circle,预设轨迹15,forward
1775478802.505922,19.977195,1775478816.724946|完整运动,完整运动,circle_orbit,1,1.000000,2.500000,2.500000,,,,,,,,,,,,,,,,1.575219,0.203878,1.560777,0.242486,0.000000,0.000000,-0.219693,,0.278454,0.000000,,,,0.129428,0.175041,2.500000,33.522261,23.021046,0.000000,circle,预设轨迹15,forward
1775478802.529726,20.000998,1775478816.724946|完整运动,完整运动,circle_orbit,1,1.000000,2.500000,2.500000,,,,,,,,,,,,,,,,1.575100,0.209144,1.567980,0.248639,0.000000,0.000000,-0.208845,,0.278677,0.000000,,,,0.132781,0.175028,2.500000,33.554017,22.989290,0.000000,circle,预设轨迹15,forward
1775478802.550104,20.021376,1775478816.724946|完整运动,完整运动,circle_orbit,1,1.000000,2.500000,2.500000,,,,,,,,,,,,,,,,1.575143,0.218496,1.577713,0.288639,0.000000,0.000000,-0.188892,,0.281397,0.000000,,,,0.138715,0.175033,2.500000,33.616104,22.927202,0.000000,circle,预设轨迹15,forward
1775478802.576033,20.047306,1775478816.724946|完整运动,完整运动,circle_orbit,1,1.000000,2.500000,2.500000,,,,,,,,,,,,,,,,1.575185,0.222042,1.577713,0.248639,0.000000,0.000000,-0.188892,,0.281397,0.000000,,,,0.140963,0.175037,2.500000,33.616104,22.927202,0.000000,circle,预设轨迹15,forward
1775478802.601908,20.073180,1775478816.724946|完整运动,完整运动,circle_orbit,1,1.000000,2.500000,2.500000,,,,,,,,,,,,,,,,1.575399,0.229877,1.588212,0.288639,0.000000,0.000000,-0.170916,,0.282841,0.000000,,,,0.145917,0.175061,2.500000,33.677064,22.866243,0.000000,circle,预设轨迹15,forward
1775478802.622356,20.093628,1775478816.724946|完整运动,完整运动,circle_orbit,1,1.000000,2.500000,2.500000,,,,,,,,,,,,,,,,1.575688,0.232794,1.593060,0.254665,0.000000,0.000000,-0.162421,,0.283623,0.000000,,,,0.147741,0.175093,2.500000,33.707652,22.835655,0.000000,circle,预设轨迹15,forward
1775478802.650239,20.121511,1775478816.724946|完整运动,完整运动,circle_orbit,1,1.000000,2.500000,2.500000,,,,,,,,,,,,,,,,1.576029,0.235610,1.596479,0.256735,0.000000,0.000000,-0.154110,,0.285217,0.000000,,,,0.149496,0.175131,2.500000,33.738672,22.804635,0.000000,circle,预设轨迹15,forward
1775478802.680219,20.151492,1775478816.724946|完整运动,完整运动,circle_orbit,1,1.000000,2.500000,2.500000,,,,,,,,,,,,,,,,1.576420,0.238362,1.599886,0.258999,0.000000,0.000000,-0.145932,,0.286767,0.000000,,,,0.151205,0.175174,2.500000,33.769434,22.773873,0.000000,circle,预设轨迹15,forward
1775478802.700619,20.171891,1775478816.724946|完整运动,完整运动,circle_orbit,1,1.000000,2.500000,2.500000,,,,,,,,,,,,,,,,1.577126,0.245496,1.619443,0.298999,0.000000,0.000000,-0.127996,,0.282946,0.000000,,,,0.155660,0.175253,2.500000,33.828253,22.715053,0.000000,circle,预设轨迹15,forward
1775478802.726119,20.197392,1775478816.724946|完整运动,完整运动,circle_orbit,1,1.000000,2.500000,2.500000,,,,,,,,,,,,,,,,1.577946,0.248872,1.627144,0.274194,0.000000,0.000000,-0.119026,,0.282366,0.000000,,,,0.157719,0.175344,2.500000,33.857175,22.686132,0.000000,circle,预设轨迹15,forward
1775478802.751838,20.223111,1775478816.724946|完整运动,完整运动,circle_orbit,1,1.000000,2.500000,2.500000,,,,,,,,,,,,,,,,1.578904,0.252393,1.636389,0.278800,0.000000,0.000000,-0.109824,,0.281031,0.000000,,,,0.159853,0.175450,2.500000,33.885717,22.657589,0.000000,circle,预设轨迹15,forward
1775478802.780674,20.251946,1775478816.724946|完整运动,完整运动,circle_orbit,1,1.000000,2.500000,2.500000,,,,,,,,,,,,,,,,1.580138,0.260206,1.654219,0.318800,0.000000,0.000000,-0.090856,,0.279170,0.000000,,,,0.164673,0.175588,2.500000,33.943657,22.599650,0.000000,circle,预设轨迹15,forward
1775478802.804562,20.275834,1775478816.724946|完整运动,完整运动,circle_orbit,1,1.000000,2.500000,2.500000,,,,,,,,,,,,,,,,1.581514,0.264082,1.664040,0.293157,0.000000,0.000000,-0.081137,,0.277916,0.000000,,,,0.166981,0.175740,2.500000,33.972468,22.570839,0.000000,circle,预设轨迹15,forward
1775478802.825063,20.296336,1775478816.724946|完整运动,完整运动,circle_orbit,1,1.000000,2.500000,2.500000,,,,,,,,,,,,,,,,1.583012,0.267721,1.672921,0.295009,0.000000,0.000000,-0.071692,,0.277129,0.000000,,,,0.169121,0.175907,2.500000,34.001490,22.541817,0.000000,circle,预设轨迹15,forward
1775478802.846582,20.317855,1775478816.724946|完整运动,完整运动,circle_orbit,1,1.000000,2.500000,2.500000,,,,,,,,,,,,,,,,1.584648,0.271201,1.682765,0.297306,0.000000,0.000000,-0.062420,,0.275787,0.000000,,,,0.171143,0.176089,2.500000,34.030124,22.513183,0.000000,circle,预设轨迹15,forward
1775478802.872345,20.343617,1775478816.724946|完整运动,完整运动,circle_orbit,1,1.000000,2.500000,2.500000,,,,,,,,,,,,,,,,1.586565,0.278978,1.701603,0.337306,0.000000,0.000000,-0.044348,,0.273540,0.000000,,,,0.175838,0.176302,2.500000,34.088462,22.454845,0.000000,circle,预设轨迹15,forward
1775478802.893562,20.364834,1775478816.724946|完整运动,完整运动,circle_orbit,1,1.000000,2.500000,2.500000,,,,,,,,,,,,,,,,1.588633,0.281996,1.712725,0.304626,0.000000,0.000000,-0.035626,,0.271453,0.000000,,,,0.177508,0.176532,2.500000,34.117800,22.425507,0.000000,circle,预设轨迹15,forward
1775478802.914463,20.385735,1775478816.724946|完整运动,完整运动,circle_orbit,1,1.000000,2.500000,2.500000,,,,,,,,,,,,,,,,1.590854,0.284824,1.724099,0.306035,0.000000,0.000000,-0.027149,,0.269203,0.000000,,,,0.179038,0.176778,2.500000,34.147313,22.395993,0.000000,circle,预设轨迹15,forward
1775478802.939072,20.410344,1775478816.724946|完整运动,完整运动,circle_orbit,1,1.000000,2.500000,2.500000,,,,,,,,,,,,,,,,1.593257,0.287667,1.737434,0.308988,0.000000,0.000000,-0.018634,,0.266032,0.000000,,,,0.180553,0.177045,2.500000,34.176718,22.366588,0.000000,circle,预设轨迹15,forward
1775478802.959362,20.430635,1775478816.724946|完整运动,完整运动,circle_orbit,1,1.000000,2.500000,2.500000,,,,,,,,,,,,,,,,1.595900,0.290507,1.754523,0.311809,0.000000,0.000000,-0.010098,,0.261067,0.000000,,,,0.182033,0.177339,2.500000,34.205640,22.337667,0.000000,circle,预设轨迹15,forward
1775478802.987741,20.459014,1775478816.724946|完整运动,完整运动,circle_orbit,1,1.000000,2.500000,2.500000,,,,,,,,,,,,,,,,1.598768,0.293205,1.770796,0.313440,0.000000,0.000000,-0.001741,,0.256598,0.000000,,,,0.183394,0.177658,2.500000,34.234774,22.308533,0.000000,circle,预设轨迹15,forward
1775478803.015514,20.486786,1775478816.724946|完整运动,完整运动,circle_orbit,1,1.000000,2.500000,2.500000,,,,,,,,,,,,,,,,1.601604,0.295996,1.771793,0.316931,0.000000,0.000000,0.006757,,0.253871,0.000000,,,,0.184812,0.177973,2.500000,34.264067,22.279240,0.000000,circle,预设轨迹15,forward
1775478803.035811,20.507084,1775478816.724946|完整运动,完整运动,circle_orbit,1,1.000000,2.500000,2.500000,,,,,,,,,,,,,,,,1.604324,0.303165,1.767512,0.356931,0.000000,0.000000,0.023434,,0.248595,0.000000,,,,0.188967,0.178275,2.500000,34.323011,22.220296,0.000000,circle,预设轨迹15,forward
1775478803.065632,20.536905,1775478816.724946|完整运动,完整运动,circle_orbit,1,1.000000,2.500000,2.500000,,,,,,,,,,,,,,,,1.606978,0.305580,1.766217,0.323696,0.000000,0.000000,0.031523,,0.245648,0.000000,,,,0.190158,0.178570,2.500000,34.352532,22.190775,0.000000,circle,预设轨迹15,forward
1775478803.091250,20.562523,1775478816.724946|完整运动,完整运动,circle_orbit,1,1.000000,2.500000,2.500000,,,,,,,,,,,,,,,,1.609598,0.308224,1.766780,0.328048,0.000000,0.000000,0.039937,,0.241626,0.000000,,,,0.191491,0.178861,2.500000,34.381898,22.161408,0.000000,circle,预设轨迹15,forward
1775478803.111741,20.583013,1775478816.724946|完整运动,完整运动,circle_orbit,1,1.000000,2.500000,2.500000,,,,,,,,,,,,,,,,1.612155,0.315262,1.765589,0.368048,0.000000,0.000000,0.056727,,0.234759,0.000000,,,,0.195553,0.179145,2.500000,34.440320,22.102987,0.000000,circle,预设轨迹15,forward
1775478803.137556,20.608829,1775478816.724946|完整运动,完整运动,circle_orbit,1,1.000000,2.500000,2.500000,,,,,,,,,,,,,,,,1.614670,0.316766,1.765589,0.328048,0.000000,0.000000,0.056727,,0.234759,0.000000,,,,0.196180,0.179425,2.500000,34.440320,22.102987,0.000000,circle,预设轨迹15,forward
1775478803.159821,20.631094,1775478816.724946|完整运动,完整运动,circle_orbit,1,1.000000,2.500000,2.500000,,,,,,,,,,,,,,,,1.617140,0.322799,1.765352,0.368048,0.000000,0.000000,0.073290,,0.227516,0.000000,,,,0.199611,0.179699,2.500000,34.498635,22.044672,0.000000,circle,预设轨迹15,forward
1775478803.184666,20.655938,1775478816.724946|完整运动,完整运动,circle_orbit,1,1.000000,2.500000,2.500000,,,,,,,,,,,,,,,,1.619559,0.324745,1.764672,0.339337,0.000000,0.000000,0.081269,,0.224310,0.000000,,,,0.200514,0.179968,2.500000,34.528109,22.015197,0.000000,circle,预设轨迹15,forward
1775478803.209749,20.681021,1775478816.724946|完整运动,完整运动,circle_orbit,1,1.000000,2.500000,2.500000,,,,,,,,,,,,,,,,1.621945,0.326593,1.765125,0.340454,0.000000,0.000000,0.089059,,0.220621,0.000000,,,,0.201359,0.180233,2.500000,34.557478,21.985828,0.000000,circle,预设轨迹15,forward
1775478803.230947,20.702220,1775478816.724946|完整运动,完整运动,circle_orbit,1,1.000000,2.500000,2.500000,,,,,,,,,,,,,,,,1.624311,0.332929,1.766259,0.380454,0.000000,0.000000,0.103503,,0.213632,0.000000,,,,0.204967,0.180496,2.500000,34.615633,21.927674,0.000000,circle,预设轨迹15,forward
1775478803.257336,20.728609,1775478816.724946|完整运动,完整运动,circle_orbit,1,1.000000,2.500000,2.500000,,,,,,,,,,,,,,,,1.626654,0.333943,1.767261,0.341545,0.000000,0.000000,0.110239,,0.210137,0.000000,,,,0.205294,0.180757,2.500000,34.645001,21.898305,0.000000,circle,预设轨迹15,forward
1775478803.280376,20.751648,1775478816.724946|完整运动,完整运动,circle_orbit,1,1.000000,2.500000,2.500000,,,,,,,,,,,,,,,,1.628990,0.334885,1.769137,0.341953,0.000000,0.000000,0.116778,,0.206293,0.000000,,,,0.205578,0.181016,2.500000,34.674682,21.868624,0.000000,circle,预设轨迹15,forward
1775478803.301458,20.772730,1775478816.724946|完整运动,完整运动,circle_orbit,1,1.000000,2.500000,2.500000,,,,,,,,,,,,,,,,1.631341,0.335789,1.772406,0.342569,0.000000,0.000000,0.123172,,0.201822,0.000000,,,,0.205836,0.181277,2.500000,34.704238,21.839069,0.000000,circle,预设轨迹15,forward
1775478803.326870,20.798142,1775478816.724946|完整运动,完整运动,circle_orbit,1,1.000000,2.500000,2.500000,,,,,,,,,,,,,,,,1.633752,0.336689,1.778387,0.343434,0.000000,0.000000,0.129479,,0.196053,0.000000,,,,0.206083,0.181545,2.500000,34.733302,21.810005,0.000000,circle,预设轨迹15,forward
1775478803.347422,20.818694,1775478816.724946|完整运动,完整运动,circle_orbit,1,1.000000,2.500000,2.500000,,,,,,,,,,,,,,,,1.636289,0.341605,1.788485,0.378479,0.000000,0.000000,0.141438,,0.185777,0.000000,,,,0.208768,0.181827,2.500000,34.791744,21.751562,0.000000,circle,预设轨迹15,forward
1775478803.373614,20.844886,1775478816.724946|完整运动,完整运动,circle_orbit,1,1.000000,2.500000,2.500000,,,,,,,,,,,,,,,,1.638784,0.341238,1.788485,0.338479,0.000000,0.000000,0.141438,,0.185777,0.000000,,,,0.208226,0.182104,2.500000,34.791744,21.751562,0.000000,circle,预设轨迹15,forward
1775478803.398412,20.869684,1775478816.724946|完整运动,完整运动,circle_orbit,1,1.000000,2.500000,2.500000,,,,,,,,,,,,,,,,1.641285,0.341383,1.791346,0.342472,0.000000,0.000000,0.146958,,0.181928,0.000000,,,,0.207997,0.182382,2.500000,34.821508,21.721799,0.000000,circle,预设轨迹15,forward
1775478803.418689,20.889961,1775478816.724946|完整运动,完整运动,circle_orbit,1,1.000000,2.500000,2.500000,,,,,,,,,,,,,,,,1.643837,0.344834,1.796960,0.370721,0.000000,0.000000,0.157043,,0.174721,0.000000,,,,0.209774,0.182666,2.500000,34.881454,21.661853,0.000000,circle,预设轨迹15,forward
1775478803.448354,20.919626,1775478816.724946|完整运动,完整运动,circle_orbit,1,1.000000,2.500000,2.500000,,,,,,,,,,,,,,,,1.646408,0.344697,1.800691,0.343668,0.000000,0.000000,0.162072,,0.170684,0.000000,,,,0.209363,0.182952,2.500000,34.911642,21.631665,0.000000,circle,预设轨迹15,forward
1775478803.483373,20.954645,1775478816.724946|完整运动,完整运动,circle_orbit,1,1.000000,2.500000,2.500000,,,,,,,,,,,,,,,,1.649081,0.347898,1.809437,0.371900,0.000000,0.000000,0.171710,,0.162206,0.000000,,,,0.210965,0.183249,2.500000,34.973448,21.569858,0.000000,circle,预设轨迹15,forward
1775478803.507507,20.978779,1775478816.724946|完整运动,完整运动,circle_orbit,1,1.000000,2.500000,2.500000,,,,,,,,,,,,,,,,1.651778,0.347655,1.813626,0.345834,0.000000,0.000000,0.176495,,0.158084,0.000000,,,,0.210473,0.183548,2.500000,35.005027,21.538280,0.000000,circle,预设轨迹15,forward
1775478803.528310,20.999582,1775478816.724946|完整运动,完整运动,circle_orbit,1,1.000000,2.500000,2.500000,,,,,,,,,,,,,,,,1.654635,0.351724,1.826049,0.382246,0.000000,0.000000,0.187285,,0.147427,0.000000,,,,0.212569,0.183866,2.500000,35.067850,21.475457,0.000000,circle,预设轨迹15,forward
1775478803.559038,21.030311,1775478816.724946|完整运动,完整运动,circle_orbit,1,1.000000,2.500000,2.500000,,,,,,,,,,,,,,,,1.657539,0.351938,1.831786,0.353542,0.000000,0.000000,0.192696,,0.142342,0.000000,,,,0.212326,0.184188,2.500000,35.099314,21.443993,0.000000,circle,预设轨迹15,forward
1775478803.581749,21.053021,1775478816.724946|完整运动,完整运动,circle_orbit,1,1.000000,2.500000,2.500000,,,,,,,,,,,,,,,,1.660483,0.352200,1.837092,0.354163,0.000000,0.000000,0.198060,,0.137494,0.000000,,,,0.212107,0.184516,2.500000,35.131011,21.412295,0.000000,circle,预设轨迹15,forward
1775478803.602401,21.073673,1775478816.724946|完整运动,完整运动,circle_orbit,1,1.000000,2.500000,2.500000,,,,,,,,,,,,,,,,1.663447,0.352234,1.841288,0.352493,0.000000,0.000000,0.202994,,0.133363,0.000000,,,,0.211750,0.184845,2.500000,35.162888,21.380418,0.000000,circle,预设轨迹15,forward
1775478803.627641,21.098914,1775478816.724946|完整运动,完整运动,circle_orbit,1,1.000000,2.500000,2.500000,,,,,,,,,,,,,,,,1.666425,0.351982,1.845115,0.350088,0.000000,0.000000,0.207407,,0.129641,0.000000,,,,0.211220,0.185176,2.500000,35.195467,21.347840,0.000000,circle,预设轨迹15,forward
1775478803.647972,21.119245,1775478816.724946|完整运动,完整运动,circle_orbit,1,1.000000,2.500000,2.500000,,,,,,,,,,,,,,,,1.669497,0.353924,1.853827,0.368491,0.000000,0.000000,0.214831,,0.122362,0.000000,,,,0.211994,0.185517,2.500000,35.261389,21.281918,0.000000,circle,预设轨迹15,forward
1775478803.677402,21.148675,1775478816.724946|完整运动,完整运动,circle_orbit,1,1.000000,2.500000,2.500000,,,,,,,,,,,,,,,,1.672749,0.353231,1.867902,0.348032,0.000000,0.000000,0.218530,,0.114366,0.000000,,,,0.211168,0.185879,2.500000,35.292570,21.250737,0.000000,circle,预设轨迹15,forward
1775478803.699178,21.170451,1775478816.724946|完整运动,完整运动,circle_orbit,1,1.000000,2.500000,2.500000,,,,,,,,,,,,,,,,1.676200,0.352818,1.883253,0.349722,0.000000,0.000000,0.222506,,0.105780,0.000000,,,,0.210487,0.186262,2.500000,35.323815,21.219491,0.000000,circle,预设轨迹15,forward
1775478803.721317,21.192589,1775478816.724946|完整运动,完整运动,circle_orbit,1,1.000000,2.500000,2.500000,,,,,,,,,,,,,,,,1.679819,0.352922,1.896939,0.353703,0.000000,0.000000,0.227117,,0.097745,0.000000,,,,0.210095,0.186664,2.500000,35.354213,21.189094,0.000000,circle,预设轨迹15,forward
1775478803.755987,21.227260,1775478816.724946|完整运动,完整运动,circle_orbit,1,1.000000,2.500000,2.500000,,,,,,,,,,,,,,,,1.683571,0.353219,1.908677,0.355444,0.000000,0.000000,0.231931,,0.090539,0.000000,,,,0.209803,0.187081,2.500000,35.384597,21.158710,0.000000,circle,预设轨迹15,forward
1775478803.781850,21.253122,1775478816.724946|完整运动,完整运动,circle_orbit,1,1.000000,2.500000,2.500000,,,,,,,,,,,,,,,,1.687557,0.356610,1.926742,0.382041,0.000000,0.000000,0.241103,,0.078787,0.000000,,,,0.211317,0.187524,2.500000,35.446520,21.096787,0.000000,circle,预设轨迹15,forward
1775478803.802458,21.273731,1775478816.724946|完整运动,完整运动,circle_orbit,1,1.000000,2.500000,2.500000,,,,,,,,,,,,,,,,1.691559,0.356239,1.931687,0.353455,0.000000,0.000000,0.245030,,0.074966,0.000000,,,,0.210598,0.187969,2.500000,35.477529,21.065778,0.000000,circle,预设轨迹15,forward
1775478803.833799,21.305072,1775478816.724946|完整运动,完整运动,circle_orbit,1,1.000000,2.500000,2.500000,,,,,,,,,,,,,,,,1.695615,0.357426,1.938954,0.366330,0.000000,0.000000,0.251069,,0.069250,0.000000,,,,0.210794,0.188420,2.500000,35.539667,21.003639,0.000000,circle,预设轨迹15,forward
1775478803.854542,21.325814,1775478816.724946|完整运动,完整运动,circle_orbit,1,1.000000,2.500000,2.500000,,,,,,,,,,,,,,,,1.699726,0.356097,1.946396,0.346134,0.000000,0.000000,0.253517,,0.065081,0.000000,,,,0.209503,0.188876,2.500000,35.570831,20.972475,0.000000,circle,预设轨迹15,forward
1775478803.880803,21.352076,1775478816.724946|完整运动,完整运动,circle_orbit,1,1.000000,2.500000,2.500000,,,,,,,,,,,,,,,,1.703945,0.354598,1.957092,0.343357,0.000000,0.000000,0.255573,,0.059780,0.000000,,,,0.208104,0.189345,2.500000,35.602230,20.941076,0.000000,circle,预设轨迹15,forward
1775478803.915206,21.386479,1775478816.724946|完整运动,完整运动,circle_orbit,1,1.000000,2.500000,2.500000,,,,,,,,,,,,,,,,1.708269,0.352918,1.967686,0.340314,0.000000,0.000000,0.257220,,0.054749,0.000000,,,,0.206594,0.189826,2.500000,35.634417,20.908889,0.000000,circle,预设轨迹15,forward
1775478803.940279,21.411552,1775478816.724946|完整运动,完整运动,circle_orbit,1,1.000000,2.500000,2.500000,,,,,,,,,,,,,,,,1.712899,0.351946,1.990711,0.344658,0.000000,0.000000,0.259741,,0.044444,0.000000,,,,0.205468,0.190340,2.500000,35.699820,20.843487,0.000000,circle,预设轨迹15,forward
1775478803.960575,21.431847,1775478816.724946|完整运动,完整运动,circle_orbit,1,1.000000,2.500000,2.500000,,,,,,,,,,,,,,,,1.717709,0.350281,2.006316,0.337795,0.000000,0.000000,0.261175,,0.037701,0.000000,,,,0.203924,0.190875,2.500000,35.732239,20.811068,0.000000,circle,预设轨迹15,forward
1775478803.991971,21.463244,1775478816.724946|完整运动,完整运动,circle_orbit,1,1.000000,2.500000,2.500000,,,,,,,,,,,,,,,,1.722699,0.348932,2.022095,0.338812,0.000000,0.000000,0.262923,,0.030848,0.000000,,,,0.202550,0.191429,2.500000,35.764397,20.778909,0.000000,circle,预设轨迹15,forward
1775478804.018654,21.489927,1775478816.724946|完整运动,完整运动,circle_orbit,1,1.000000,2.500000,2.500000,,,,,,,,,,,,,,,,1.728097,0.350493,2.051960,0.362203,0.000000,0.000000,0.268721,,0.017024,0.000000,,,,0.202820,0.192029,2.500000,35.827870,20.715437,0.000000,circle,预设轨迹15,forward
1775478804.038986,21.510259,1775478816.724946|完整运动,完整运动,circle_orbit,1,1.000000,2.500000,2.500000,,,,,,,,,,,,,,,,1.733609,0.349752,2.064367,0.344194,0.000000,0.000000,0.271291,,0.011306,0.000000,,,,0.201748,0.192642,2.500000,35.860030,20.683276,0.000000,circle,预设轨迹15,forward
1775478804.067775,21.539047,1775478816.724946|完整运动,完整运动,circle_orbit,1,1.000000,2.500000,2.500000,,,,,,,,,,,,,,,,1.739172,0.348496,2.072926,0.339072,0.000000,0.000000,0.273037,,0.007404,0.000000,,,,0.200380,0.193260,2.500000,35.893061,20.650246,0.000000,circle,预设轨迹15,forward
1775478804.096536,21.567809,1775478816.724946|完整运动,完整运动,circle_orbit,1,1.000000,2.500000,2.500000,,,,,,,,,,,,,,,,1.744915,0.347303,2.089508,0.338358,0.000000,0.000000,0.274768,,0.000653,0.000000,,,,0.199037,0.193898,2.500000,35.959420,20.583887,0.000000,circle,预设轨迹15,forward
1775478804.116880,21.588153,1775478816.724946|完整运动,完整运动,circle_orbit,1,1.000000,2.500000,2.500000,,,,,,,,,,,,,,,,1.750346,0.345640,2.076207,0.333167,0.000000,0.000000,0.275731,,-0.005015,0.000000,,,,0.197470,0.194501,2.500000,35.992493,20.550814,0.000000,circle,预设轨迹15,forward
1775478804.145651,21.616923,1775478816.724946|完整运动,完整运动,circle_orbit,1,1.000000,2.500000,2.500000,,,,,,,,,,,,,,,,1.755376,0.344033,2.057136,0.331979,0.000000,0.000000,0.276658,,-0.011581,0.000000,,,,0.195988,0.195060,2.500000,36.025167,20.518140,0.000000,circle,预设轨迹15,forward
1775478804.174074,21.645347,1775478816.724946|完整运动,完整运动,circle_orbit,1,1.000000,2.500000,2.500000,,,,,,,,,,,,,,,,1.760010,0.342259,2.038075,0.328953,0.000000,0.000000,0.277242,,-0.018424,0.000000,,,,0.194464,0.195575,2.500000,36.058097,20.485210,0.000000,circle,预设轨迹15,forward
1775478804.194393,21.665666,1775478816.724946|完整运动,完整运动,circle_orbit,1,1.000000,2.500000,2.500000,,,,,,,,,,,,,,,,1.764084,0.340512,2.008543,0.327415,0.000000,0.000000,0.277776,,-0.029459,0.000000,,,,0.193025,0.196028,2.500000,36.124665,20.418641,0.000000,circle,预设轨迹15,forward
1775478804.224274,21.695546,1775478816.724946|完整运动,完整运动,circle_orbit,1,1.000000,2.500000,2.500000,,,,,,,,,,,,,,,,1.768092,0.338480,2.008543,0.323238,0.000000,0.000000,0.277776,,-0.029459,0.000000,,,,0.191438,0.196473,2.500000,36.124665,20.418641,0.000000,circle,预设轨迹15,forward
1775478804.252128,21.723400,1775478816.724946|完整运动,完整运动,circle_orbit,1,1.000000,2.500000,2.500000,,,,,,,,,,,,,,,,1.771325,0.337416,1.965306,0.329436,0.000000,0.000000,0.279083,,-0.045993,0.000000,,,,0.190488,0.196833,2.500000,36.225431,20.317876,0.000000,circle,预设轨迹15,forward
1775478804.272461,21.743733,1775478816.724946|完整运动,完整运动,circle_orbit,1,1.000000,2.500000,2.500000,,,,,,,,,,,,,,,,1.774314,0.335582,1.953635,0.321828,0.000000,0.000000,0.279236,,-0.050675,0.000000,,,,0.189134,0.197165,2.500000,36.258817,20.284489,0.000000,circle,预设轨迹15,forward
1775478804.297797,21.769069,1775478816.724946|完整运动,完整运动,circle_orbit,1,1.000000,2.500000,2.500000,,,,,,,,,,,,,,,,1.777253,0.333723,1.953635,0.319777,0.000000,0.000000,0.279236,,-0.050675,0.000000,,,,0.187774,0.197491,2.500000,36.258817,20.284489,0.000000,circle,预设轨迹15,forward
1775478804.327675,21.798948,1775478816.724946|完整运动,完整运动,circle_orbit,1,1.000000,2.500000,2.500000,,,,,,,,,,,,,,,,1.779709,0.331793,1.927067,0.317321,0.000000,0.000000,0.279068,,-0.061776,0.000000,,,,0.186431,0.197764,2.500000,36.326113,20.217194,0.000000,circle,预设轨迹15,forward
1775478804.347977,21.819250,1775478816.724946|完整运动,完整运动,circle_orbit,1,1.000000,2.500000,2.500000,,,,,,,,,,,,,,,,1.781770,0.328631,1.905432,0.304914,0.000000,0.000000,0.277077,,-0.071867,0.000000,,,,0.184441,0.197993,2.500000,36.395515,20.147791,0.000000,circle,预设轨迹15,forward
1775478804.371013,21.842286,1775478816.724946|完整运动,完整运动,circle_orbit,1,1.000000,2.500000,2.500000,,,,,,,,,,,,,,,,1.783797,0.326992,1.905432,0.314704,0.000000,0.000000,0.277077,,-0.071867,0.000000,,,,0.183313,0.198219,2.500000,36.395515,20.147791,0.000000,circle,预设轨迹15,forward
1775478804.400598,21.871870,1775478816.724946|完整运动,完整运动,circle_orbit,1,1.000000,2.500000,2.500000,,,,,,,,,,,,,,,,1.785395,0.323773,1.881258,0.299629,0.000000,0.000000,0.274794,,-0.083419,0.000000,,,,0.181345,0.198396,2.500000,36.465232,20.078074,0.000000,circle,预设轨迹15,forward
1775478804.421234,21.892507,1775478816.724946|完整运动,完整运动,circle_orbit,1,1.000000,2.500000,2.500000,,,,,,,,,,,,,,,,1.786754,0.321387,1.868305,0.303494,0.000000,0.000000,0.273554,,-0.089728,0.000000,,,,0.179872,0.198547,2.500000,36.500238,20.043069,0.000000,circle,预设轨迹15,forward
1775478804.450827,21.922100,1775478816.724946|完整运动,完整运动,circle_orbit,1,1.000000,2.500000,2.500000,,,,,,,,,,,,,,,,1.787908,0.319057,1.857112,0.301583,0.000000,0.000000,0.272303,,-0.095325,0.000000,,,,0.178453,0.198675,2.500000,36.535187,20.008120,0.000000,circle,预设轨迹15,forward
1775478804.477924,21.949196,1775478816.724946|完整运动,完整运动,circle_orbit,1,1.000000,2.500000,2.500000,,,,,,,,,,,,,,,,1.788874,0.316760,1.846851,0.299526,0.000000,0.000000,0.271011,,-0.100574,0.000000,,,,0.177072,0.198783,2.500000,36.570442,19.972864,0.000000,circle,预设轨迹15,forward
1775478804.498229,21.969501,1775478816.724946|完整运动,完整运动,circle_orbit,1,1.000000,2.500000,2.500000,,,,,,,,,,,,,,,,1.789426,0.313869,1.822565,0.292187,0.000000,0.000000,0.268825,,-0.112819,0.000000,,,,0.175402,0.198844,2.500000,36.640619,19.902688,0.000000,circle,预设轨迹15,forward
1775478804.525311,21.996583,1775478816.724946|完整运动,完整运动,circle_orbit,1,1.000000,2.500000,2.500000,,,,,,,,,,,,,,,,1.789745,0.312001,1.808863,0.297992,0.000000,0.000000,0.267992,,-0.119684,0.000000,,,,0.174327,0.198879,2.500000,36.675350,19.867956,0.000000,circle,预设轨迹15,forward
1775478804.553316,22.024589,1775478816.724946|完整运动,完整运动,circle_orbit,1,1.000000,2.500000,2.500000,,,,,,,,,,,,,,,,1.789840,0.310110,1.795547,0.295933,0.000000,0.000000,0.267085,,-0.126493,0.000000,,,,0.173262,0.198890,2.500000,36.710110,19.833197,0.000000,circle,预设轨迹15,forward
1775478804.573603,22.044876,1775478816.724946|完整运动,完整运动,circle_orbit,1,1.000000,2.500000,2.500000,,,,,,,,,,,,,,,,1.789624,0.306672,1.776669,0.280880,0.000000,0.000000,0.263952,,-0.137132,0.000000,,,,0.171361,0.198866,2.500000,36.780080,19.763226,0.000000,circle,预设轨迹15,forward
1775478804.597702,22.068974,1775478816.724946|完整运动,完整运动,circle_orbit,1,1.000000,2.500000,2.500000,,,,,,,,,,,,,,,,1.789380,0.303552,1.774747,0.280158,0.000000,0.000000,0.261133,,-0.139337,0.000000,,,,0.169641,0.198839,2.500000,36.815652,19.727654,0.000000,circle,预设轨迹15,forward
1775478804.627601,22.098874,1775478816.724946|完整运动,完整运动,circle_orbit,1,1.000000,2.500000,2.500000,,,,,,,,,,,,,,,,1.789098,0.300142,1.772180,0.274568,0.000000,0.000000,0.257784,,-0.142101,0.000000,,,,0.167762,0.198808,2.500000,36.851296,19.692010,0.000000,circle,预设轨迹15,forward
1775478804.648175,22.119447,1775478816.724946|完整运动,完整运动,circle_orbit,1,1.000000,2.500000,2.500000,,,,,,,,,,,,,,,,1.788686,0.293822,1.763919,0.246415,0.000000,0.000000,0.250191,,-0.149605,0.000000,,,,0.164267,0.198762,2.500000,36.922317,19.620989,0.000000,circle,预设轨迹15,forward
1775478804.680103,22.151375,1775478816.724946|完整运动,完整运动,circle_orbit,1,1.000000,2.500000,2.500000,,,,,,,,,,,,,,,,1.788280,0.292950,1.763919,0.286415,0.000000,0.000000,0.250191,,-0.149605,0.000000,,,,0.163817,0.198717,2.500000,36.922317,19.620989,0.000000,circle,预设轨迹15,forward
1775478804.705639,22.176911,1775478816.724946|完整运动,完整运动,circle_orbit,1,1.000000,2.500000,2.500000,,,,,,,,,,,,,,,,1.787760,0.287475,1.756581,0.246415,0.000000,0.000000,0.241608,,-0.157121,0.000000,,,,0.160802,0.198659,2.500000,36.993935,19.549372,0.000000,circle,预设轨迹15,forward
1775478804.726026,22.197298,1775478816.724946|完整运动,完整运动,circle_orbit,1,1.000000,2.500000,2.500000,,,,,,,,,,,,,,,,1.787204,0.283432,1.753873,0.253104,0.000000,0.000000,0.236930,,-0.160573,0.000000,,,,0.158589,0.198597,2.500000,37.030026,19.513281,0.000000,circle,预设轨迹15,forward
1775478804.755279,22.226552,1775478816.724946|完整运动,完整运动,circle_orbit,1,1.000000,2.500000,2.500000,,,,,,,,,,,,,,,,1.786627,0.279492,1.751958,0.249946,0.000000,0.000000,0.232252,,-0.163626,0.000000,,,,0.156436,0.198533,2.500000,37.065989,19.477318,0.000000,circle,预设轨迹15,forward
1775478804.777764,22.249036,1775478816.724946|完整运动,完整运动,circle_orbit,1,1.000000,2.500000,2.500000,,,,,,,,,,,,,,,,1.785975,0.272761,1.746863,0.222275,0.000000,0.000000,0.223485,,-0.170125,0.000000,,,,0.152724,0.198460,2.500000,37.136957,19.406350,0.000000,circle,预设轨迹15,forward
1775478804.798764,22.270037,1775478816.724946|完整运动,完整运动,circle_orbit,1,1.000000,2.500000,2.500000,,,,,,,,,,,,,,,,1.785317,0.269398,1.745879,0.244178,0.000000,0.000000,0.219219,,-0.172525,0.000000,,,,0.150896,0.198387,2.500000,37.171826,19.371480,0.000000,circle,预设轨迹15,forward
1775478804.841290,22.312563,1775478816.724946|完整运动,完整运动,circle_orbit,1,1.000000,2.500000,2.500000,,,,,,,,,,,,,,,,1.784631,0.266194,1.743474,0.242163,0.000000,0.000000,0.215091,,-0.175594,0.000000,,,,0.149159,0.198311,2.500000,37.206395,19.336911,0.000000,circle,预设轨迹15,forward
1775478804.890544,22.361817,1775478816.724946|完整运动,完整运动,circle_orbit,1,1.000000,2.500000,2.500000,,,,,,,,,,,,,,,,1.783898,0.259513,1.739919,0.209404,0.000000,0.000000,0.205958,,-0.181485,0.000000,,,,0.145475,0.198230,2.500000,37.275266,19.268041,0.000000,circle,预设轨迹15,forward
1775478804.925355,22.396627,1775478816.724946|完整运动,完整运动,circle_orbit,1,1.000000,2.500000,2.500000,,,,,,,,,,,,,,,,1.783038,0.248912,1.731439,0.169404,0.000000,0.000000,0.190362,,-0.192815,0.000000,,,,0.139600,0.198134,2.500000,37.376970,19.166337,0.000000,circle,预设轨迹15,forward
1775478804.951038,22.422310,1775478816.724946|完整运动,完整运动,circle_orbit,1,1.000000,2.500000,2.500000,,,,,,,,,,,,,,,,1.782107,0.244264,1.726247,0.209404,0.000000,0.000000,0.184874,,-0.197969,0.000000,,,,0.137065,0.198031,2.500000,37.410181,19.133125,0.000000,circle,预设轨迹15,forward
1775478804.978686,22.449958,1775478816.724946|完整运动,完整运动,circle_orbit,1,1.000000,2.500000,2.500000,,,,,,,,,,,,,,,,1.781107,0.240550,1.721075,0.212692,0.000000,0.000000,0.179106,,-0.203253,0.000000,,,,0.135056,0.197920,2.500000,37.443516,19.099790,0.000000,circle,预设轨迹15,forward
1775478805.013833,22.485106,1775478816.724946|完整运动,完整运动,circle_orbit,1,1.000000,2.500000,2.500000,,,,,,,,,,,,,,,,1.780057,0.232566,1.717031,0.172692,0.000000,0.000000,0.165871,,-0.211273,0.000000,,,,0.130651,0.197803,2.500000,37.510884,19.032422,0.000000,circle,预设轨迹15,forward
1775478805.038685,22.509958,1775478816.724946|完整运动,完整运动,circle_orbit,1,1.000000,2.500000,2.500000,,,,,,,,,,,,,,,,1.778994,0.222917,1.715245,0.150543,0.000000,0.000000,0.151471,,-0.218622,0.000000,,,,0.125305,0.197685,2.500000,37.578181,18.965126,0.000000,circle,预设轨迹15,forward
1775478805.059075,22.530347,1775478816.724946|完整运动,完整运动,circle_orbit,1,1.000000,2.500000,2.500000,,,,,,,,,,,,,,,,1.777946,0.218564,1.715086,0.185921,0.000000,0.000000,0.144222,,-0.221928,0.000000,,,,0.122931,0.197568,2.500000,37.611835,18.931471,0.000000,circle,预设轨迹15,forward
1775478805.090497,22.561769,1775478816.724946|完整运动,完整运动,circle_orbit,1,1.000000,2.500000,2.500000,,,,,,,,,,,,,,,,1.776905,0.214328,1.714421,0.182555,0.000000,0.000000,0.137067,,-0.225462,0.000000,,,,0.120619,0.197453,2.500000,37.645559,18.897748,0.000000,circle,预设轨迹15,forward
1775478805.110912,22.582185,1775478816.724946|完整运动,完整运动,circle_orbit,1,1.000000,2.500000,2.500000,,,,,,,,,,,,,,,,1.775864,0.210221,1.713436,0.179423,0.000000,0.000000,0.130031,,-0.229113,0.000000,,,,0.118377,0.197337,2.500000,37.679378,18.863929,0.000000,circle,预设轨迹15,forward
1775478805.132387,22.603659,1775478816.724946|完整运动,完整运动,circle_orbit,1,1.000000,2.500000,2.500000,,,,,,,,,,,,,,,,1.774796,0.201892,1.710660,0.139423,0.000000,0.000000,0.116447,,-0.236631,0.000000,,,,0.113755,0.197218,2.500000,37.747223,18.796084,0.000000,circle,预设轨迹15,forward
1775478805.166198,22.637471,1775478816.724946|完整运动,完整运动,circle_orbit,1,1.000000,2.500000,2.500000,,,,,,,,,,,,,,,,1.773756,0.197973,1.711383,0.168578,0.000000,0.000000,0.109385,,-0.239384,0.000000,,,,0.111612,0.197103,2.500000,37.780919,18.762388,0.000000,circle,预设轨迹15,forward
1775478805.205597,22.676870,1775478816.724946|完整运动,完整运动,circle_orbit,1,1.000000,2.500000,2.500000,,,,,,,,,,,,,,,,1.772818,0.189809,1.716515,0.128578,0.000000,0.000000,0.093899,,-0.243538,0.000000,,,,0.107066,0.196998,2.500000,37.847882,18.695424,0.000000,circle,预设轨迹15,forward
1775478805.236263,22.707535,1775478816.724946|完整运动,完整运动,circle_orbit,1,1.000000,2.500000,2.500000,,,,,,,,,,,,,,,,1.771885,0.185416,1.715902,0.152472,0.000000,0.000000,0.086044,,-0.247354,0.000000,,,,0.104644,0.196895,2.500000,37.881577,18.661729,0.000000,circle,预设轨迹15,forward
1775478805.262339,22.733612,1775478816.724946|完整运动,完整运动,circle_orbit,1,1.000000,2.500000,2.500000,,,,,,,,,,,,,,,,1.770964,0.176835,1.715739,0.112472,0.000000,0.000000,0.069933,,-0.254602,0.000000,,,,0.099852,0.196792,2.500000,37.948862,18.594444,0.000000,circle,预设轨迹15,forward
1775478805.283081,22.754353,1775478816.724946|完整运动,完整运动,circle_orbit,1,1.000000,2.500000,2.500000,,,,,,,,,,,,,,,,1.770070,0.172277,1.716420,0.138096,0.000000,0.000000,0.061663,,-0.257916,0.000000,,,,0.097328,0.196693,2.500000,37.982282,18.561025,0.000000,circle,预设轨迹15,forward
1775478805.315406,22.786679,1775478816.724946|完整运动,完整运动,circle_orbit,1,1.000000,2.500000,2.500000,,,,,,,,,,,,,,,,1.769179,0.163550,1.715731,0.098096,0.000000,0.000000,0.045059,,-0.265662,0.000000,,,,0.092444,0.196594,2.500000,38.049600,18.493707,0.000000,circle,预设轨迹15,forward
1775478805.336068,22.807341,1775478816.724946|完整运动,完整运动,circle_orbit,1,1.000000,2.500000,2.500000,,,,,,,,,,,,,,,,1.768331,0.159038,1.717468,0.125202,0.000000,0.000000,0.036660,,-0.268475,0.000000,,,,0.089937,0.196500,2.500000,38.083601,18.459706,0.000000,circle,预设轨迹15,forward
1775478805.357345,22.828618,1775478816.724946|完整运动,完整运动,circle_orbit,1,1.000000,2.500000,2.500000,,,,,,,,,,,,,,,,1.767545,0.154540,1.720334,0.120799,0.000000,0.000000,0.028190,,-0.270724,0.000000,,,,0.087432,0.196412,2.500000,38.117875,18.425431,0.000000,circle,预设轨迹15,forward
1775478805.387908,22.859180,1775478816.724946|完整运动,完整运动,circle_orbit,1,1.000000,2.500000,2.500000,,,,,,,,,,,,,,,,1.766810,0.150174,1.722739,0.117432,0.000000,0.000000,0.019821,,-0.273176,0.000000,,,,0.084997,0.196331,2.500000,38.152315,18.390992,0.000000,circle,预设轨迹15,forward
1775478805.412186,22.883458,1775478816.724946|完整运动,完整运动,circle_orbit,1,1.000000,2.500000,2.500000,,,,,,,,,,,,,,,,1.766174,0.145580,1.727986,0.111125,0.000000,0.000000,0.011043,,-0.274323,0.000000,,,,0.082427,0.196260,2.500000,38.187115,18.356191,0.000000,circle,预设轨迹15,forward
1775478805.433102,22.904375,1775478816.724946|完整运动,完整运动,circle_orbit,1,1.000000,2.500000,2.500000,,,,,,,,,,,,,,,,1.765537,0.136820,1.727315,0.071125,0.000000,0.000000,-0.007538,,-0.276232,0.000000,,,,0.077495,0.196189,2.500000,38.257252,18.286055,0.000000,circle,预设轨迹15,forward
1775478805.463660,22.934932,1775478816.724946|完整运动,完整运动,circle_orbit,1,1.000000,2.500000,2.500000,,,,,,,,,,,,,,,,1.764747,0.131608,1.717354,0.092511,0.000000,0.000000,-0.017303,,-0.277139,0.000000,,,,0.074576,0.196102,2.500000,38.292500,18.250807,0.000000,circle,预设轨迹15,forward
1775478805.500020,22.971292,1775478816.724946|完整运动,完整运动,circle_orbit,1,1.000000,2.500000,2.500000,,,,,,,,,,,,,,,,1.763797,0.126358,1.706799,0.086984,0.000000,0.000000,-0.027260,,-0.278340,0.000000,,,,0.071640,0.195996,2.500000,38.327876,18.215431,0.000000,circle,预设轨迹15,forward
1775478805.522115,22.993388,1775478816.724946|完整运动,完整运动,circle_orbit,1,1.000000,2.500000,2.500000,,,,,,,,,,,,,,,,1.762547,0.117020,1.687579,0.046984,0.000000,0.000000,-0.047595,,-0.279727,0.000000,,,,0.066392,0.195857,2.500000,38.398605,18.144701,0.000000,circle,预设轨迹15,forward
1775478805.542718,23.013991,1775478816.724946|完整运动,完整运动,circle_orbit,1,1.000000,2.500000,2.500000,,,,,,,,,,,,,,,,1.761156,0.111910,1.677680,0.073584,0.000000,0.000000,-0.057481,,-0.280796,0.000000,,,,0.063543,0.195703,2.500000,38.433715,18.109591,0.000000,circle,预设轨迹15,forward
1775478805.564382,23.035655,1775478816.724946|完整运动,完整运动,circle_orbit,1,1.000000,2.500000,2.500000,,,,,,,,,,,,,,,,1.759628,0.107416,1.667928,0.073713,0.000000,0.000000,-0.066626,,-0.282176,0.000000,,,,0.061045,0.195533,2.500000,38.468326,18.074981,0.000000,circle,预设轨迹15,forward
1775478805.584718,23.055990,1775478816.724946|完整运动,完整运动,circle_orbit,1,1.000000,2.500000,2.500000,,,,,,,,,,,,,,,,1.757990,0.103218,1.659699,0.071738,0.000000,0.000000,-0.075450,,-0.282899,0.000000,,,,0.058714,0.195351,2.500000,38.502689,18.040618,0.000000,circle,预设轨迹15,forward
1775478805.610491,23.081763,1775478816.724946|完整运动,完整运动,circle_orbit,1,1.000000,2.500000,2.500000,,,,,,,,,,,,,,,,1.756264,0.099161,1.652733,0.068731,0.000000,0.000000,-0.084157,,-0.282997,0.000000,,,,0.056461,0.195159,2.500000,38.536531,18.006776,0.000000,circle,预设轨迹15,forward
1775478805.637330,23.108602,1775478816.724946|完整运动,完整运动,circle_orbit,1,1.000000,2.500000,2.500000,,,,,,,,,,,,,,,,1.754324,0.090875,1.637919,0.028731,0.000000,0.000000,-0.101530,,-0.283826,0.000000,,,,0.051801,0.194943,2.500000,38.605354,17.937953,0.000000,circle,预设轨迹15,forward
1775478805.657929,23.129201,1775478816.724946|完整运动,完整运动,circle_orbit,1,1.000000,2.500000,2.500000,,,,,,,,,,,,,,,,1.752299,0.086949,1.630804,0.057506,0.000000,0.000000,-0.110209,,-0.284130,0.000000,,,,0.049620,0.194718,2.500000,38.640080,17.903227,0.000000,circle,预设轨迹15,forward
1775478805.691758,23.163031,1775478816.724946|完整运动,完整运动,circle_orbit,1,1.000000,2.500000,2.500000,,,,,,,,,,,,,,,,1.750188,0.082940,1.623529,0.052873,0.000000,0.000000,-0.119073,,-0.284483,0.000000,,,,0.047389,0.194484,2.500000,38.675385,17.867922,0.000000,circle,预设轨迹15,forward
1775478805.712214,23.183486,1775478816.724946|完整运动,完整运动,circle_orbit,1,1.000000,2.500000,2.500000,,,,,,,,,,,,,,,,1.747900,0.074697,1.610615,0.012873,0.000000,0.000000,-0.137942,,-0.283813,0.000000,,,,0.042735,0.194230,2.500000,38.745841,17.797466,0.000000,circle,预设轨迹15,forward
1775478805.733343,23.204615,1775478816.724946|完整运动,完整运动,circle_orbit,1,1.000000,2.500000,2.500000,,,,,,,,,,,,,,,,1.745553,0.069834,1.604762,0.033356,0.000000,0.000000,-0.148079,,-0.282845,0.000000,,,,0.040007,0.193969,2.500000,38.781327,17.761980,0.000000,circle,预设轨迹15,forward
1775478805.766380,23.237652,1775478816.724946|完整运动,完整运动,circle_orbit,1,1.000000,2.500000,2.500000,,,,,,,,,,,,,,,,1.743169,0.064727,1.600096,0.026428,0.000000,0.000000,-0.158696,,-0.280966,0.000000,,,,0.037132,0.193704,2.500000,38.817323,17.725984,0.000000,circle,预设轨迹15,forward
1775478805.792356,23.263628,1775478816.724946|完整运动,完整运动,circle_orbit,1,1.000000,2.500000,2.500000,,,,,,,,,,,,,,,,1.740743,0.059645,1.595178,0.021528,0.000000,0.000000,-0.169420,,-0.279210,0.000000,,,,0.034264,0.193434,2.500000,38.853595,17.689712,0.000000,circle,预设轨迹15,forward
1775478805.812708,23.283980,1775478816.724946|完整运动,完整运动,circle_orbit,1,1.000000,2.500000,2.500000,,,,,,,,,,,,,,,,1.738168,0.050455,1.583651,-0.018472,0.000000,0.000000,-0.191013,,-0.276741,0.000000,,,,0.029027,0.193148,2.500000,38.926321,17.616985,0.000000,circle,预设轨迹15,forward
1775478805.835972,23.307244,1775478816.724946|完整运动,完整运动,circle_orbit,1,1.000000,2.500000,2.500000,,,,,,,,,,,,,,,,1.735634,0.047051,1.583651,0.021528,0.000000,0.000000,-0.191013,,-0.276741,0.000000,,,,0.027109,0.192867,2.500000,38.926321,17.616985,0.000000,circle,预设轨迹15,forward
1775478805.857196,23.328468,1775478816.724946|完整运动,完整运动,circle_orbit,1,1.000000,2.500000,2.500000,,,,,,,,,,,,,,,,1.732946,0.039343,1.571659,-0.018472,0.000000,0.000000,-0.211839,,-0.275013,0.000000,,,,0.022703,0.192568,2.500000,38.997862,17.545444,0.000000,circle,预设轨迹15,forward
1775478805.881046,23.352318,1775478816.724946|完整运动,完整运动,circle_orbit,1,1.000000,2.500000,2.500000,,,,,,,,,,,,,,,,1.730216,0.035290,1.566390,0.004898,0.000000,0.000000,-0.221695,,-0.273976,0.000000,,,,0.020397,0.192264,2.500000,39.033165,17.510141,0.000000,circle,预设轨迹15,forward
1775478805.911463,23.382736,1775478816.724946|完整运动,完整运动,circle_orbit,1,1.000000,2.500000,2.500000,,,,,,,,,,,,,,,,1.727458,0.031498,1.561953,0.003055,0.000000,0.000000,-0.231239,,-0.272567,0.000000,,,,0.018234,0.191958,2.500000,39.068327,17.474979,0.000000,circle,预设轨迹15,forward
1775478805.955344,23.426617,1775478816.724946|完整运动,完整运动,circle_orbit,1,1.000000,2.500000,2.500000,,,,,,,,,,,,,,,,1.724592,0.023446,1.552676,-0.036945,0.000000,0.000000,-0.248729,,-0.270770,0.000000,,,,0.013595,0.191640,2.500000,39.137816,17.405491,0.000000,circle,预设轨迹15,forward
1775478805.976456,23.447729,1775478816.724946|完整运动,完整运动,circle_orbit,1,1.000000,2.500000,2.500000,,,,,,,,,,,,,,,,1.721669,0.015008,1.546245,-0.048273,0.000000,0.000000,-0.265046,,-0.267703,0.000000,,,,0.008717,0.191315,2.500000,39.207390,17.335916,0.000000,circle,预设轨迹15,forward
1775478805.999570,23.470843,1775478816.724946|完整运动,完整运动,circle_orbit,1,1.000000,2.500000,2.500000,,,,,,,,,,,,,,,,1.718752,0.012269,1.543768,-0.008273,0.000000,0.000000,-0.273420,,-0.265602,0.000000,,,,0.007138,0.190991,2.500000,39.241783,17.301524,0.000000,circle,预设轨迹15,forward
1775478806.025609,23.496882,1775478816.724946|完整运动,完整运动,circle_orbit,1,1.000000,2.500000,2.500000,,,,,,,,,,,,,,,,1.715884,0.014558,1.543768,0.031727,0.000000,0.000000,-0.273420,,-0.265602,0.000000,,,,0.008484,0.190672,2.500000,39.241783,17.301524,0.000000,circle,预设轨迹15,forward
1775478806.046035,23.517308,1775478816.724946|完整运动,完整运动,circle_orbit,1,1.000000,2.500000,2.500000,,,,,,,,,,,,,,,,1.712946,0.011872,1.536672,-0.008273,0.000000,0.000000,-0.290004,,-0.262905,0.000000,,,,0.006931,0.190345,2.500000,39.309986,17.233320,0.000000,circle,预设轨迹15,forward
1775478806.068477,23.539749,1775478816.724946|完整运动,完整运动,circle_orbit,1,1.000000,2.500000,2.500000,,,,,,,,,,,,,,,,1.710001,0.008669,1.533319,-0.015357,0.000000,0.000000,-0.298291,,-0.261445,0.000000,,,,0.005069,0.190018,2.500000,39.344072,17.199235,0.000000,circle,预设轨迹15,forward
1775478806.100876,23.572149,1775478816.724946|完整运动,完整运动,circle_orbit,1,1.000000,2.500000,2.500000,,,,,,,,,,,,,,,,1.707089,0.004987,1.532342,-0.022630,0.000000,0.000000,-0.307340,,-0.258073,0.000000,,,,0.002921,0.189694,2.500000,39.378405,17.164901,0.000000,circle,预设轨迹15,forward
1775478806.121305,23.592577,1775478816.724946|完整运动,完整运动,circle_orbit,1,1.000000,2.500000,2.500000,,,,,,,,,,,,,,,,1.704145,-0.002968,1.527561,-0.062630,0.000000,0.000000,-0.326345,,-0.252816,0.000000,,,,0.001742,0.189367,2.500000,39.447205,17.096102,0.000000,circle,预设轨迹15,forward
1775478806.152109,23.623381,1775478816.724946|完整运动,完整运动,circle_orbit,1,1.000000,2.500000,2.500000,,,,,,,,,,,,,,,,1.701205,-0.006936,1.524795,-0.036697,0.000000,0.000000,-0.335931,,-0.250411,0.000000,,,,0.004077,0.189041,2.500000,39.481497,17.061810,0.000000,circle,预设轨迹15,forward
1775478806.190117,23.661389,1775478816.724946|完整运动,完整运动,circle_orbit,1,1.000000,2.500000,2.500000,,,,,,,,,,,,,,,,1.698256,-0.010706,1.521301,-0.038982,0.000000,0.000000,-0.345352,,-0.248577,0.000000,,,,0.006304,0.188713,2.500000,39.515698,17.027609,0.000000,circle,预设轨迹15,forward
1775478806.215779,23.687051,1775478816.724946|完整运动,完整运动,circle_orbit,1,1.000000,2.500000,2.500000,,,,,,,,,,,,,,,,1.695202,-0.018739,1.511973,-0.078982,0.000000,0.000000,-0.374971,,-0.241748,0.000000,,,,0.011054,0.188374,2.500000,39.620450,16.922857,0.000000,circle,预设轨迹15,forward
1775478806.242320,23.713593,1775478816.724946|完整运动,完整运动,circle_orbit,1,1.000000,2.500000,2.500000,,,,,,,,,,,,,,,,1.692139,-0.022354,1.508377,-0.049463,0.000000,0.000000,-0.383488,,-0.240427,0.000000,,,,0.013210,0.188033,2.500000,39.655726,16.887580,0.000000,circle,预设轨迹15,forward
1775478806.266519,23.737791,1775478816.724946|完整运动,完整运动,circle_orbit,1,1.000000,2.500000,2.500000,,,,,,,,,,,,,,,,1.689085,-0.025677,1.505843,-0.050601,0.000000,0.000000,-0.391758,,-0.238494,0.000000,,,,0.015202,0.187694,2.500000,39.691469,16.851837,0.000000,circle,预设轨迹15,forward
1775478806.296432,23.767705,1775478816.724946|完整运动,完整运动,circle_orbit,1,1.000000,2.500000,2.500000,,,,,,,,,,,,,,,,1.686068,-0.028841,1.505033,-0.052569,0.000000,0.000000,-0.399946,,-0.235412,0.000000,,,,0.017105,0.187359,2.500000,39.727400,16.815907,0.000000,circle,预设轨迹15,forward
1775478806.335881,23.807153,1775478816.724946|完整运动,完整运动,circle_orbit,1,1.000000,2.500000,2.500000,,,,,,,,,,,,,,,,1.683073,-0.036338,1.503385,-0.092569,0.000000,0.000000,-0.415608,,-0.229589,0.000000,,,,0.021590,0.187026,2.500000,39.799648,16.743659,0.000000,circle,预设轨迹15,forward
1775478806.357203,23.828475,1775478816.724946|完整运动,完整运动,circle_orbit,1,1.000000,2.500000,2.500000,,,,,,,,,,,,,,,,1.680132,-0.044463,1.503631,-0.105403,0.000000,0.000000,-0.431253,,-0.222465,0.000000,,,,0.026464,0.186699,2.500000,39.871996,16.671310,0.000000,circle,预设轨迹15,forward
1775478806.378347,23.849619,1775478816.724946|完整运动,完整运动,circle_orbit,1,1.000000,2.500000,2.500000,,,,,,,,,,,,,,,,1.677242,-0.047012,1.503879,-0.066123,0.000000,0.000000,-0.439347,,-0.218696,0.000000,,,,0.028029,0.186378,2.500000,39.908269,16.635038,0.000000,circle,预设轨迹15,forward
1775478806.411746,23.883018,1775478816.724946|完整运动,完整运动,circle_orbit,1,1.000000,2.500000,2.500000,,,,,,,,,,,,,,,,1.674413,-0.049536,1.504631,-0.068469,0.000000,0.000000,-0.447461,,-0.214570,0.000000,,,,0.029584,0.186063,2.500000,39.944616,16.598691,0.000000,circle,预设轨迹15,forward
1775478806.433231,23.904504,1775478816.724946|完整运动,完整运动,circle_orbit,1,1.000000,2.500000,2.500000,,,,,,,,,,,,,,,,1.671656,-0.056469,1.506287,-0.108469,0.000000,0.000000,-0.464132,,-0.206018,0.000000,,,,0.033780,0.185757,2.500000,40.017629,16.525678,0.000000,circle,预设轨迹15,forward
1775478806.455000,23.926272,1775478816.724946|完整运动,完整运动,circle_orbit,1,1.000000,2.500000,2.500000,,,,,,,,,,,,,,,,1.668937,-0.059148,1.505768,-0.079243,0.000000,0.000000,-0.472635,,-0.202596,0.000000,,,,0.035441,0.185455,2.500000,40.053575,16.489732,0.000000,circle,预设轨迹15,forward
1775478806.480148,23.951420,1775478816.724946|完整运动,完整运动,circle_orbit,1,1.000000,2.500000,2.500000,,,,,,,,,,,,,,,,1.666183,-0.061279,1.500946,-0.077256,0.000000,0.000000,-0.480397,,-0.202480,0.000000,,,,0.036778,0.185149,2.500000,40.089051,16.454255,0.000000,circle,预设轨迹15,forward
1775478806.500457,23.971730,1775478816.724946|完整运动,完整运动,circle_orbit,1,1.000000,2.500000,2.500000,,,,,,,,,,,,,,,,1.663459,-0.063230,1.500025,-0.077862,0.000000,0.000000,-0.487920,,-0.199775,0.000000,,,,0.038011,0.184846,2.500000,40.124470,16.418837,0.000000,circle,预设轨迹15,forward
1775478806.529960,24.001232,1775478816.724946|完整运动,完整运动,circle_orbit,1,1.000000,2.500000,2.500000,,,,,,,,,,,,,,,,1.660743,-0.064439,1.497768,-0.073508,0.000000,0.000000,-0.494389,,-0.198469,0.000000,,,,0.038801,0.184544,2.500000,40.159318,16.383989,0.000000,circle,预设轨迹15,forward
1775478806.554513,24.025785,1775478816.724946|完整运动,完整运动,circle_orbit,1,1.000000,2.500000,2.500000,,,,,,,,,,,,,,,,1.658074,-0.065468,1.497944,-0.073188,0.000000,0.000000,-0.500569,,-0.195600,0.000000,,,,0.039485,0.184248,2.500000,40.194726,16.348580,0.000000,circle,预设轨迹15,forward
1775478806.574969,24.046242,1775478816.724946|完整运动,完整运动,circle_orbit,1,1.000000,2.500000,2.500000,,,,,,,,,,,,,,,,1.655433,-0.070135,1.496959,-0.105137,0.000000,0.000000,-0.511882,,-0.191258,0.000000,,,,0.042367,0.183954,2.500000,40.267016,16.276291,0.000000,circle,预设轨迹15,forward
1775478806.608512,24.079784,1775478816.724946|完整运动,完整运动,circle_orbit,1,1.000000,2.500000,2.500000,,,,,,,,,,,,,,,,1.652863,-0.070861,1.498686,-0.076305,0.000000,0.000000,-0.517756,,-0.187444,0.000000,,,,0.042872,0.183669,2.500000,40.302755,16.240552,0.000000,circle,预设轨迹15,forward
1775478806.649047,24.120320,1775478816.724946|完整运动,完整运动,circle_orbit,1,1.000000,2.500000,2.500000,,,,,,,,,,,,,,,,1.650430,-0.076207,1.504411,-0.116305,0.000000,0.000000,-0.530190,,-0.177950,0.000000,,,,0.046174,0.183398,2.500000,40.373602,16.169705,0.000000,circle,预设轨迹15,forward
1775478806.677230,24.148502,1775478816.724946|完整运动,完整运动,circle_orbit,1,1.000000,2.500000,2.500000,,,,,,,,,,,,,,,,1.648069,-0.077142,1.506452,-0.084154,0.000000,0.000000,-0.536515,,-0.173732,0.000000,,,,0.046808,0.183136,2.500000,40.408941,16.134365,0.000000,circle,预设轨迹15,forward
1775478806.698827,24.170099,1775478816.724946|完整运动,完整运动,circle_orbit,1,1.000000,2.500000,2.500000,,,,,,,,,,,,,,,,1.645809,-0.082673,1.510162,-0.124154,0.000000,0.000000,-0.549580,,-0.165376,0.000000,,,,0.050233,0.182885,2.500000,40.480448,16.062859,0.000000,circle,预设轨迹15,forward
1775478806.725382,24.196654,1775478816.724946|完整运动,完整运动,circle_orbit,1,1.000000,2.500000,2.500000,,,,,,,,,,,,,,,,1.643623,-0.083810,1.512475,-0.092340,0.000000,0.000000,-0.556334,,-0.160792,0.000000,,,,0.050991,0.182642,2.500000,40.516363,16.026944,0.000000,circle,预设轨迹15,forward
1775478806.760276,24.231549,1775478816.724946|完整运动,完整运动,circle_orbit,1,1.000000,2.500000,2.500000,,,,,,,,,,,,,,,,1.641523,-0.084975,1.515565,-0.093709,0.000000,0.000000,-0.563082,,-0.155686,0.000000,,,,0.051766,0.182409,2.500000,40.552707,15.990599,0.000000,circle,预设轨迹15,forward
1775478806.783656,24.254929,1775478816.724946|完整运动,完整运动,circle_orbit,1,1.000000,2.500000,2.500000,,,,,,,,,,,,,,,,1.639575,-0.090203,1.522688,-0.129416,0.000000,0.000000,-0.575586,,-0.145306,0.000000,,,,0.055016,0.182192,2.500000,40.625276,15.918031,0.000000,circle,预设轨迹15,forward
1775478806.805534,24.276806,1775478816.724946|完整运动,完整运动,circle_orbit,1,1.000000,2.500000,2.500000,,,,,,,,,,,,,,,,1.637720,-0.090574,1.526393,-0.093352,0.000000,0.000000,-0.581371,,-0.140244,0.000000,,,,0.055305,0.181986,2.500000,40.661251,15.882056,0.000000,circle,预设轨迹15,forward
1775478806.839775,24.311048,1775478816.724946|完整运动,完整运动,circle_orbit,1,1.000000,2.500000,2.500000,,,,,,,,,,,,,,,,1.635926,-0.090489,1.528281,-0.089855,0.000000,0.000000,-0.586416,,-0.136736,0.000000,,,,0.055314,0.181787,2.500000,40.696690,15.846617,0.000000,circle,预设轨迹15,forward
1775478806.875031,24.346303,1775478816.724946|完整运动,完整运动,circle_orbit,1,1.000000,2.500000,2.500000,,,,,,,,,,,,,,,,1.634310,-0.092670,1.537390,-0.109029,0.000000,0.000000,-0.594594,,-0.127044,0.000000,,,,0.056703,0.181607,2.500000,40.768062,15.775245,0.000000,circle,预设轨迹15,forward
1775478806.896580,24.367852,1775478816.724946|完整运动,完整运动,circle_orbit,1,1.000000,2.500000,2.500000,,,,,,,,,,,,,,,,1.632861,-0.094672,1.545882,-0.109688,0.000000,0.000000,-0.602558,,-0.117921,0.000000,,,,0.057979,0.181446,2.500000,40.840709,15.702598,0.000000,circle,预设轨迹15,forward
1775478806.917582,24.388855,1775478816.724946|完整运动,完整运动,circle_orbit,1,1.000000,2.500000,2.500000,,,,,,,,,,,,,,,,1.631504,-0.093607,1.550099,-0.085619,0.000000,0.000000,-0.606175,,-0.113563,0.000000,,,,0.057375,0.181295,2.500000,40.876955,15.666352,0.000000,circle,预设轨迹15,forward
1775478806.939508,24.410780,1775478816.724946|完整运动,完整运动,circle_orbit,1,1.000000,2.500000,2.500000,,,,,,,,,,,,,,,,1.630226,-0.092303,1.553558,-0.082518,0.000000,0.000000,-0.609296,,-0.109932,0.000000,,,,0.056620,0.181153,2.500000,40.912728,15.630578,0.000000,circle,预设轨迹15,forward
1775478806.963105,24.434378,1775478816.724946|完整运动,完整运动,circle_orbit,1,1.000000,2.500000,2.500000,,,,,,,,,,,,,,,,1.629044,-0.091051,1.558139,-0.081666,0.000000,0.000000,-0.612338,,-0.105623,0.000000,,,,0.055892,0.181022,2.500000,40.948322,15.594984,0.000000,circle,预设轨迹15,forward
1775478806.983584,24.454856,1775478816.724946|完整运动,完整运动,circle_orbit,1,1.000000,2.500000,2.500000,,,,,,,,,,,,,,,,1.627959,-0.089945,1.562855,-0.081644,0.000000,0.000000,-0.615441,,-0.101217,0.000000,,,,0.055250,0.180902,2.500000,40.983731,15.559576,0.000000,circle,预设轨迹15,forward
1775478807.018367,24.489639,1775478816.724946|完整运动,完整运动,circle_orbit,1,1.000000,2.500000,2.500000,,,,,,,,,,,,,,,,1.627051,-0.090519,1.572524,-0.094831,0.000000,0.000000,-0.620824,,-0.092677,0.000000,,,,0.055634,0.180801,2.500000,41.054389,15.488918,0.000000,circle,预设轨迹15,forward
1775478807.049168,24.520440,1775478816.724946|完整运动,完整运动,circle_orbit,1,1.000000,2.500000,2.500000,,,,,,,,,,,,,,,,1.626250,-0.089521,1.578233,-0.082036,0.000000,0.000000,-0.623946,,-0.087696,0.000000,,,,0.055048,0.180712,2.500000,41.089707,15.453599,0.000000,circle,预设轨迹15,forward
1775478807.071954,24.543227,1775478816.724946|完整运动,完整运动,circle_orbit,1,1.000000,2.500000,2.500000,,,,,,,,,,,,,,,,1.625626,-0.090606,1.588165,-0.098743,0.000000,0.000000,-0.629935,,-0.078842,0.000000,,,,0.055736,0.180642,2.500000,41.160054,15.383253,0.000000,circle,预设轨迹15,forward
1775478807.106348,24.577621,1775478816.724946|完整运动,完整运动,circle_orbit,1,1.000000,2.500000,2.500000,,,,,,,,,,,,,,,,1.625118,-0.089345,1.594667,-0.079883,0.000000,0.000000,-0.632600,,-0.073646,0.000000,,,,0.054977,0.180586,2.500000,41.195272,15.348034,0.000000,circle,预设轨迹15,forward
1775478807.127309,24.598581,1775478816.724946|完整运动,完整运动,circle_orbit,1,1.000000,2.500000,2.500000,,,,,,,,,,,,,,,,1.624721,-0.087946,1.600877,-0.077457,0.000000,0.000000,-0.634954,,-0.068799,0.000000,,,,0.054130,0.180542,2.500000,41.230475,15.312832,0.000000,circle,预设轨迹15,forward
1775478807.152373,24.623646,1775478816.724946|完整运动,完整运动,circle_orbit,1,1.000000,2.500000,2.500000,,,,,,,,,,,,,,,,1.624447,-0.086445,1.607979,-0.075183,0.000000,0.000000,-0.637046,,-0.063558,0.000000,,,,0.053215,0.180511,2.500000,41.265736,15.277571,0.000000,circle,预设轨迹15,forward
1775478807.189569,24.660841,1775478816.724946|完整运动,完整运动,circle_orbit,1,1.000000,2.500000,2.500000,,,,,,,,,,,,,,,,1.624438,-0.086488,1.623924,-0.086815,0.000000,0.000000,-0.641244,,-0.052151,0.000000,,,,0.053242,0.180510,2.500000,41.336813,15.206493,0.000000,circle,预设轨迹15,forward
1775478807.212565,24.683838,1775478816.724946|完整运动,完整运动,circle_orbit,1,1.000000,2.500000,2.500000,,,,,,,,,,,,,,,,1.624581,-0.085279,1.633149,-0.076211,0.000000,0.000000,-0.643643,,-0.045650,0.000000,,,,0.052493,0.180526,2.500000,41.372704,15.170603,0.000000,circle,预设轨迹15,forward
1775478807.232891,24.704164,1775478816.724946|完整运动,完整运动,circle_orbit,1,1.000000,2.500000,2.500000,,,,,,,,,,,,,,,,1.624981,-0.085204,1.648996,-0.084643,0.000000,0.000000,-0.647586,,-0.034703,0.000000,,,,0.052434,0.180571,2.500000,41.444968,15.098339,0.000000,circle,预设轨迹15,forward
1775478807.258389,24.729661,1775478816.724946|完整运动,完整运动,circle_orbit,1,1.000000,2.500000,2.500000,,,,,,,,,,,,,,,,1.625515,-0.083370,1.657550,-0.069616,0.000000,0.000000,-0.649008,,-0.029181,0.000000,,,,0.051289,0.180630,2.500000,41.481175,15.062132,0.000000,circle,预设轨迹15,forward
1775478807.279614,24.750886,1775478816.724946|完整运动,完整运动,circle_orbit,1,1.000000,2.500000,2.500000,,,,,,,,,,,,,,,,1.626204,-0.081379,1.667575,-0.066448,0.000000,0.000000,-0.650093,,-0.023032,0.000000,,,,0.050043,0.180707,2.500000,41.517015,15.026292,0.000000,circle,预设轨迹15,forward
1775478807.308920,24.780192,1775478816.724946|完整运动,完整运动,circle_orbit,1,1.000000,2.500000,2.500000,,,,,,,,,,,,,,,,1.627043,-0.079336,1.677346,-0.064011,0.000000,0.000000,-0.650988,,-0.017176,0.000000,,,,0.048761,0.180800,2.500000,41.552983,14.990323,0.000000,circle,预设轨迹15,forward
1775478807.337085,24.808357,1775478816.724946|完整运动,完整运动,circle_orbit,1,1.000000,2.500000,2.500000,,,,,,,,,,,,,,,,1.628010,-0.077192,1.686009,-0.061108,0.000000,0.000000,-0.651624,,-0.012107,0.000000,,,,0.047415,0.180907,2.500000,41.588831,14.954476,0.000000,circle,预设轨迹15,forward
1775478807.382742,24.854014,1775478816.724946|完整运动,完整运动,circle_orbit,1,1.000000,2.500000,2.500000,,,,,,,,,,,,,,,,1.629270,-0.075501,1.704905,-0.062818,0.000000,0.000000,-0.652812,,-0.001307,0.000000,,,,0.046340,0.181047,2.500000,41.660920,14.882387,0.000000,circle,预设轨迹15,forward
1775478807.418432,24.889705,1775478816.724946|完整运动,完整运动,circle_orbit,1,1.000000,2.500000,2.500000,,,,,,,,,,,,,,,,1.630273,-0.073168,1.690468,-0.055670,0.000000,0.000000,-0.653025,,0.009040,0.000000,,,,0.044881,0.181159,2.500000,41.733196,14.810111,0.000000,circle,预设轨迹15,forward
1775478807.445894,24.917167,1775478816.724946|完整运动,完整运动,circle_orbit,1,1.000000,2.500000,2.500000,,,,,,,,,,,,,,,,1.630980,-0.069925,1.673358,-0.045609,0.000000,0.000000,-0.651847,,0.019014,0.000000,,,,0.042873,0.181237,2.500000,41.804857,14.738449,0.000000,circle,预设轨迹15,forward
1775478807.466188,24.937460,1775478816.724946|完整运动,完整运动,circle_orbit,1,1.000000,2.500000,2.500000,,,,,,,,,,,,,,,,1.631532,-0.066995,1.664696,-0.045013,0.000000,0.000000,-0.650951,,0.024271,0.000000,,,,0.041062,0.181299,2.500000,41.840912,14.702394,0.000000,circle,预设轨迹15,forward
1775478807.487267,24.958539,1775478816.724946|完整运动,完整运动,circle_orbit,1,1.000000,2.500000,2.500000,,,,,,,,,,,,,,,,1.631777,-0.063583,1.646484,-0.037997,0.000000,0.000000,-0.649257,,0.035406,0.000000,,,,0.038966,0.181326,2.500000,41.913358,14.629948,0.000000,circle,预设轨迹15,forward
1775478807.508470,24.979743,1775478816.724946|完整运动,完整运动,circle_orbit,1,1.000000,2.500000,2.500000,,,,,,,,,,,,,,,,1.632019,-0.061489,1.646484,-0.045786,0.000000,0.000000,-0.649257,,0.035406,0.000000,,,,0.037677,0.181353,2.500000,41.913358,14.629948,0.000000,circle,预设轨迹15,forward
1775478807.538700,25.009973,1775478816.724946|完整运动,完整运动,circle_orbit,1,1.000000,2.500000,2.500000,,,,,,,,,,,,,,,,1.631977,-0.058034,1.629461,-0.032118,0.000000,0.000000,-0.647264,,0.046206,0.000000,,,,0.035561,0.181348,2.500000,41.985501,14.557805,0.000000,circle,预设轨迹15,forward
1775478807.559160,25.030432,1775478816.724946|完整运动,完整运动,circle_orbit,1,1.000000,2.500000,2.500000,,,,,,,,,,,,,,,,1.631821,-0.055060,1.622455,-0.032752,0.000000,0.000000,-0.645800,,0.050997,0.000000,,,,0.033741,0.181331,2.500000,42.021453,14.521854,0.000000,circle,预设轨迹15,forward
1775478807.583944,25.055216,1775478816.724946|完整运动,完整运动,circle_orbit,1,1.000000,2.500000,2.500000,,,,,,,,,,,,,,,,1.631563,-0.051880,1.616093,-0.028031,0.000000,0.000000,-0.643921,,0.055623,0.000000,,,,0.031798,0.181302,2.500000,42.057440,14.485866,0.000000,circle,预设轨迹15,forward
1775478807.618533,25.089806,1775478816.724946|完整运动,完整运动,circle_orbit,1,1.000000,2.500000,2.500000,,,,,,,,,,,,,,,,1.631173,-0.048851,1.607758,-0.026135,0.000000,0.000000,-0.642132,,0.061431,0.000000,,,,0.029948,0.181259,2.500000,42.093659,14.449648,0.000000,circle,预设轨迹15,forward
1775478807.640184,25.111457,1775478816.724946|完整运动,完整运动,circle_orbit,1,1.000000,2.500000,2.500000,,,,,,,,,,,,,,,,1.630572,-0.044360,1.594551,-0.010679,0.000000,0.000000,-0.638169,,0.071242,0.000000,,,,0.027205,0.181192,2.500000,42.165730,14.377576,0.000000,circle,预设轨迹15,forward
1775478807.660558,25.131830,1775478816.724946|完整运动,完整运动,circle_orbit,1,1.000000,2.500000,2.500000,,,,,,,,,,,,,,,,1.629867,-0.041245,1.587559,-0.017882,0.000000,0.000000,-0.635970,,0.076535,0.000000,,,,0.025306,0.181114,2.500000,42.201603,14.341704,0.000000,circle,预设轨迹15,forward
1775478807.685771,25.157044,1775478816.724946|完整运动,完整运动,circle_orbit,1,1.000000,2.500000,2.500000,,,,,,,,,,,,,,,,1.629064,-0.037903,1.580865,-0.012841,0.000000,0.000000,-0.633341,,0.081871,0.000000,,,,0.023267,0.181024,2.500000,42.237574,14.305732,0.000000,circle,预设轨迹15,forward
1775478807.706288,25.177561,1775478816.724946|完整运动,完整运动,circle_orbit,1,1.000000,2.500000,2.500000,,,,,,,,,,,,,,,,1.628184,-0.034336,1.575410,-0.007580,0.000000,0.000000,-0.630271,,0.086658,0.000000,,,,0.021088,0.180927,2.500000,42.273500,14.269807,0.000000,circle,预设轨迹15,forward
1775478807.732058,25.203330,1775478816.724946|完整运动,完整运动,circle_orbit,1,1.000000,2.500000,2.500000,,,,,,,,,,,,,,,,1.627242,-0.030432,1.570690,-0.001154,0.000000,0.000000,-0.626594,,0.091273,0.000000,,,,0.018702,0.180822,2.500000,42.309344,14.233963,0.000000,circle,预设轨迹15,forward
1775478807.769046,25.240319,1775478816.724946|完整运动,完整运动,circle_orbit,1,1.000000,2.500000,2.500000,,,,,,,,,,,,,,,,1.626158,-0.023312,1.561129,0.030089,0.000000,0.000000,-0.618226,,0.101085,0.000000,,,,0.014336,0.180701,2.500000,42.380213,14.163094,0.000000,circle,预设轨迹15,forward
1775478807.790150,25.261422,1775478816.724946|完整运动,完整运动,circle_orbit,1,1.000000,2.500000,2.500000,,,,,,,,,,,,,,,,1.624957,-0.015958,1.552901,0.039194,0.000000,0.000000,-0.609232,,0.110386,0.000000,,,,0.009821,0.180568,2.500000,42.450942,14.092365,0.000000,circle,预设轨迹15,forward
1775478807.810620,25.281893,1775478816.724946|完整运动,完整运动,circle_orbit,1,1.000000,2.500000,2.500000,,,,,,,,,,,,,,,,1.623692,-0.012065,1.547770,0.017134,0.000000,0.000000,-0.604848,,0.115670,0.000000,,,,0.007431,0.180427,2.500000,42.486324,14.056983,0.000000,circle,预设轨迹15,forward
1775478807.845345,25.316617,1775478816.724946|完整运动,完整运动,circle_orbit,1,1.000000,2.500000,2.500000,,,,,,,,,,,,,,,,1.622380,-0.008187,1.543659,0.020900,0.000000,0.000000,-0.600374,,0.120347,0.000000,,,,0.005046,0.180281,2.500000,42.521502,14.021805,0.000000,circle,预设轨迹15,forward
1775478807.866046,25.337319,1775478816.724946|完整运动,完整运动,circle_orbit,1,1.000000,2.500000,2.500000,,,,,,,,,,,,,,,,1.621016,-0.004406,1.539200,0.023951,0.000000,0.000000,-0.595932,,0.125254,0.000000,,,,0.002718,0.180130,2.500000,42.556745,13.986562,0.000000,circle,预设轨迹15,forward
1775478807.887100,25.358373,1775478816.724946|完整运动,完整运动,circle_orbit,1,1.000000,2.500000,2.500000,,,,,,,,,,,,,,,,1.619597,-0.000768,1.534487,0.026518,0.000000,0.000000,-0.591593,,0.130300,0.000000,,,,0.000474,0.179972,2.500000,42.592120,13.951186,0.000000,circle,预设轨迹15,forward
1775478807.925969,25.397242,1775478816.724946|完整运动,完整运动,circle_orbit,1,1.000000,2.500000,2.500000,,,,,,,,,,,,,,,,1.618080,0.006029,1.527064,0.057003,0.000000,0.000000,-0.582693,,0.139206,0.000000,,,,0.003726,0.179804,2.500000,42.662112,13.881195,0.000000,circle,预设轨迹15,forward
1775478807.958518,25.429791,1775478816.724946|完整运动,完整运动,circle_orbit,1,1.000000,2.500000,2.500000,,,,,,,,,,,,,,,,1.616545,0.009771,1.524389,0.037839,0.000000,0.000000,-0.577869,,0.143146,0.000000,,,,0.006044,0.179633,2.500000,42.696882,13.846424,0.000000,circle,预设轨迹15,forward
1775478807.981558,25.452830,1775478816.724946|完整运动,完整运动,circle_orbit,1,1.000000,2.500000,2.500000,,,,,,,,,,,,,,,,1.614954,0.017737,1.519495,0.077484,0.000000,0.000000,-0.566972,,0.151291,0.000000,,,,0.010983,0.179456,2.500000,42.766041,13.777265,0.000000,circle,预设轨迹15,forward
1775478808.005238,25.476511,1775478816.724946|完整运动,完整运动,circle_orbit,1,1.000000,2.500000,2.500000,,,,,,,,,,,,,,,,1.613344,0.022189,1.516797,0.055579,0.000000,0.000000,-0.560755,,0.155883,0.000000,,,,0.013754,0.179277,2.500000,42.800576,13.742731,0.000000,circle,预设轨迹15,forward
1775478808.033882,25.505155,1775478816.724946|完整运动,完整运动,circle_orbit,1,1.000000,2.500000,2.500000,,,,,,,,,,,,,,,,1.611731,0.026722,1.514934,0.060718,0.000000,0.000000,-0.554312,,0.160014,0.000000,,,,0.016580,0.179098,2.500000,42.834995,13.708311,0.000000,circle,预设轨迹15,forward
1775478808.056666,25.527939,1775478816.724946|完整运动,完整运动,circle_orbit,1,1.000000,2.500000,2.500000,,,,,,,,,,,,,,,,1.610074,0.035428,1.510650,0.100718,0.000000,0.000000,-0.540969,,0.168869,0.000000,,,,0.022004,0.178914,2.500000,42.903106,13.640200,0.000000,circle,预设轨迹15,forward
1775478808.079741,25.551014,1775478816.724946|完整运动,完整运动,circle_orbit,1,1.000000,2.500000,2.500000,,,,,,,,,,,,,,,,1.608405,0.039923,1.508271,0.073642,0.000000,0.000000,-0.534218,,0.173502,0.000000,,,,0.024822,0.178729,2.500000,42.937200,13.606107,0.000000,circle,预设轨迹15,forward
1775478808.114054,25.585326,1775478816.724946|完整运动,完整运动,circle_orbit,1,1.000000,2.500000,2.500000,,,,,,,,,,,,,,,,1.606715,0.044294,1.505327,0.077073,0.000000,0.000000,-0.527545,,0.178494,0.000000,,,,0.027568,0.178541,2.500000,42.971693,13.571614,0.000000,circle,预设轨迹15,forward
1775478808.141999,25.613271,1775478816.724946|完整运动,完整运动,circle_orbit,1,1.000000,2.500000,2.500000,,,,,,,,,,,,,,,,1.604962,0.052856,1.499747,0.117073,0.000000,0.000000,-0.514691,,0.188069,0.000000,,,,0.032933,0.178346,2.500000,43.040383,13.502924,0.000000,circle,预设轨迹15,forward
1775478808.162599,25.633872,1775478816.724946|完整运动,完整运动,circle_orbit,1,1.000000,2.500000,2.500000,,,,,,,,,,,,,,,,1.603202,0.056419,1.497615,0.083143,0.000000,0.000000,-0.508784,,0.192178,0.000000,,,,0.035192,0.178150,2.500000,43.074506,13.468800,0.000000,circle,预设轨迹15,forward
1775478808.188613,25.659885,1775478816.724946|完整运动,完整运动,circle_orbit,1,1.000000,2.500000,2.500000,,,,,,,,,,,,,,,,1.601444,0.060210,1.495954,0.088644,0.000000,0.000000,-0.502513,,0.196124,0.000000,,,,0.037598,0.177955,2.500000,43.108218,13.435089,0.000000,circle,预设轨迹15,forward
1775478808.214936,25.686208,1775478816.724946|完整运动,完整运动,circle_orbit,1,1.000000,2.500000,2.500000,,,,,,,,,,,,,,,,1.599689,0.064184,1.494418,0.093985,0.000000,0.000000,-0.495929,,0.200124,0.000000,,,,0.040123,0.177760,2.500000,43.142061,13.401246,0.000000,circle,预设轨迹15,forward
1775478808.235294,25.706566,1775478816.724946|完整运动,完整运动,circle_orbit,1,1.000000,2.500000,2.500000,,,,,,,,,,,,,,,,1.597930,0.072396,1.492364,0.133985,0.000000,0.000000,-0.481712,,0.207882,0.000000,,,,0.045306,0.177565,2.500000,43.209627,13.333680,0.000000,circle,预设轨迹15,forward
1775478808.256359,25.727632,1775478816.724946|完整运动,完整运动,circle_orbit,1,1.000000,2.500000,2.500000,,,,,,,,,,,,,,,,1.596196,0.076744,1.492157,0.109354,0.000000,0.000000,-0.474372,,0.211290,0.000000,,,,0.048079,0.177372,2.500000,43.242845,13.300462,0.000000,circle,预设轨迹15,forward
1775478808.278368,25.749640,1775478816.724946|完整运动,完整运动,circle_orbit,1,1.000000,2.500000,2.500000,,,,,,,,,,,,,,,,1.594481,0.080993,1.491602,0.112861,0.000000,0.000000,-0.467085,,0.214919,0.000000,,,,0.050796,0.177181,2.500000,43.275644,13.267663,0.000000,circle,预设轨迹15,forward
1775478808.301895,25.773168,1775478816.724946|完整运动,完整运动,circle_orbit,1,1.000000,2.500000,2.500000,,,,,,,,,,,,,,,,1.592788,0.085265,1.491210,0.117304,0.000000,0.000000,-0.459684,,0.218483,0.000000,,,,0.053532,0.176993,2.500000,43.308166,13.235140,0.000000,circle,预设轨迹15,forward
1775478808.336009,25.807282,1775478816.724946|完整运动,完整运动,circle_orbit,1,1.000000,2.500000,2.500000,,,,,,,,,,,,,,,,1.591114,0.089519,1.490681,0.121426,0.000000,0.000000,-0.452226,,0.222170,0.000000,,,,0.056262,0.176807,2.500000,43.340994,13.202313,0.000000,circle,预设轨迹15,forward
1775478808.362560,25.833832,1775478816.724946|完整运动,完整运动,circle_orbit,1,1.000000,2.500000,2.500000,,,,,,,,,,,,,,,,1.589476,0.097979,1.491186,0.161426,0.000000,0.000000,-0.436654,,0.228737,0.000000,,,,0.061642,0.176625,2.500000,43.406268,13.137038,0.000000,circle,预设轨迹15,forward
1775478808.382932,25.854205,1775478816.724946|完整运动,完整运动,circle_orbit,1,1.000000,2.500000,2.500000,,,,,,,,,,,,,,,,1.587856,0.102305,1.490625,0.134753,0.000000,0.000000,-0.428883,,0.232585,0.000000,,,,0.064430,0.176445,2.500000,43.438790,13.104517,0.000000,circle,预设轨迹15,forward
1775478808.408532,25.879804,1775478816.724946|完整运动,完整运动,circle_orbit,1,1.000000,2.500000,2.500000,,,,,,,,,,,,,,,,1.586264,0.106506,1.490743,0.138009,0.000000,0.000000,-0.421203,,0.235916,0.000000,,,,0.067142,0.176268,2.500000,43.471150,13.072157,0.000000,circle,预设轨迹15,forward
1775478808.442462,25.913735,1775478816.724946|完整运动,完整运动,circle_orbit,1,1.000000,2.500000,2.500000,,,,,,,,,,,,,,,,1.584693,0.110721,1.490478,0.142335,0.000000,0.000000,-0.413423,,0.239560,0.000000,,,,0.069869,0.176094,2.500000,43.503999,13.039308,0.000000,circle,预设轨迹15,forward
1775478808.464468,25.935741,1775478816.724946|完整运动,完整运动,circle_orbit,1,1.000000,2.500000,2.500000,,,,,,,,,,,,,,,,1.583151,0.119146,1.490611,0.182335,0.000000,0.000000,-0.397628,,0.246487,0.000000,,,,0.075259,0.175922,2.500000,43.570266,12.973041,0.000000,circle,预设轨迹15,forward
1775478808.485207,25.956480,1775478816.724946|完整运动,完整运动,circle_orbit,1,1.000000,2.500000,2.500000,,,,,,,,,,,,,,,,1.581652,0.123443,1.491711,0.155667,0.000000,0.000000,-0.389516,,0.249320,0.000000,,,,0.078047,0.175756,2.500000,43.603412,12.939895,0.000000,circle,预设轨迹15,forward
1775478808.522925,25.994197,1775478816.724946|完整运动,完整运动,circle_orbit,1,1.000000,2.500000,2.500000,,,,,,,,,,,,,,,,1.580219,0.131940,1.494260,0.195667,0.000000,0.000000,-0.372836,,0.254947,0.000000,,,,0.083494,0.175597,2.500000,43.669579,12.873728,0.000000,circle,预设轨迹15,forward
1775478808.546010,26.017282,1775478816.724946|完整运动,完整运动,circle_orbit,1,1.000000,2.500000,2.500000,,,,,,,,,,,,,,,,1.578825,0.136468,1.495149,0.170435,0.000000,0.000000,-0.364213,,0.258159,0.000000,,,,0.086437,0.175442,2.500000,43.703001,12.840305,0.000000,circle,预设轨迹15,forward
1775478808.581495,26.052768,1775478816.724946|完整运动,完整运动,circle_orbit,1,1.000000,2.500000,2.500000,,,,,,,,,,,,,,,,1.577453,0.140869,1.495161,0.173873,0.000000,0.000000,-0.355673,,0.261946,0.000000,,,,0.089302,0.175289,2.500000,43.736601,12.806705,0.000000,circle,预设轨迹15,forward
1775478808.601833,26.073105,1775478816.724946|完整运动,完整运动,circle_orbit,1,1.000000,2.500000,2.500000,,,,,,,,,,,,,,,,1.576112,0.149458,1.495614,0.213873,0.000000,0.000000,-0.338933,,0.269071,0.000000,,,,0.094827,0.175140,2.500000,43.803539,12.739767,0.000000,circle,预设轨迹15,forward
1775478808.629194,26.100466,1775478816.724946|完整运动,完整运动,circle_orbit,1,1.000000,2.500000,2.500000,,,,,,,,,,,,,,,,1.574812,0.153689,1.496847,0.185426,0.000000,0.000000,-0.330416,,0.271996,0.000000,,,,0.097592,0.174996,2.500000,43.836700,12.706607,0.000000,circle,预设轨迹15,forward
1775478808.670348,26.141620,1775478816.724946|完整运动,完整运动,circle_orbit,1,1.000000,2.500000,2.500000,,,,,,,,,,,,,,,,1.573582,0.158180,1.499795,0.191860,0.000000,0.000000,-0.321445,,0.273931,0.000000,,,,0.100522,0.174859,2.500000,43.869630,12.673677,0.000000,circle,预设轨迹15,forward
1775478808.700453,26.171725,1775478816.724946|完整运动,完整运动,circle_orbit,1,1.000000,2.500000,2.500000,,,,,,,,,,,,,,,,1.572635,0.166848,1.515769,0.231860,0.000000,0.000000,-0.292500,,0.275817,0.000000,,,,0.106095,0.174754,2.500000,43.963889,12.579418,0.000000,circle,预设轨迹15,forward
1775478808.729361,26.200634,1775478816.724946|完整运动,完整运动,circle_orbit,1,1.000000,2.500000,2.500000,,,,,,,,,,,,,,,,1.571781,0.172701,1.520547,0.216599,0.000000,0.000000,-0.282289,,0.277118,0.000000,,,,0.109876,0.174659,2.500000,43.994517,12.548789,0.000000,circle,预设轨迹15,forward
1775478808.749690,26.220962,1775478816.724946|完整运动,完整运动,circle_orbit,1,1.000000,2.500000,2.500000,,,,,,,,,,,,,,,,1.571115,0.182572,1.531151,0.256599,0.000000,0.000000,-0.261771,,0.279120,0.000000,,,,0.116205,0.174585,2.500000,44.055948,12.487358,0.000000,circle,预设轨迹15,forward
1775478808.775406,26.246679,1775478816.724946|完整运动,完整运动,circle_orbit,1,1.000000,2.500000,2.500000,,,,,,,,,,,,,,,,1.570545,0.188165,1.536338,0.230115,0.000000,0.000000,-0.251565,,0.280211,0.000000,,,,0.119809,0.174522,2.500000,44.086563,12.456744,0.000000,circle,预设轨迹15,forward
1775478808.802832,26.274105,1775478816.724946|完整运动,完整运动,circle_orbit,1,1.000000,2.500000,2.500000,,,,,,,,,,,,,,,,1.570084,0.193642,1.542424,0.234722,0.000000,0.000000,-0.241289,,0.280766,0.000000,,,,0.123332,0.174470,2.500000,44.116900,12.426407,0.000000,circle,预设轨迹15,forward
1775478808.823128,26.294400,1775478816.724946|完整运动,完整运动,circle_orbit,1,1.000000,2.500000,2.500000,,,,,,,,,,,,,,,,1.569728,0.198890,1.548386,0.238249,0.000000,0.000000,-0.231124,,0.281384,0.000000,,,,0.126704,0.174431,2.500000,44.147222,12.396085,0.000000,circle,预设轨迹15,forward
1775478808.849542,26.320814,1775478816.724946|完整运动,完整运动,circle_orbit,1,1.000000,2.500000,2.500000,,,,,,,,,,,,,,,,1.569489,0.203963,1.555157,0.242010,0.000000,0.000000,-0.221014,,0.281484,0.000000,,,,0.129955,0.174404,2.500000,44.178188,12.365119,0.000000,circle,预设轨迹15,forward
1775478808.874465,26.345737,1775478816.724946|完整运动,完整运动,circle_orbit,1,1.000000,2.500000,2.500000,,,,,,,,,,,,,,,,1.569364,0.208761,1.561832,0.244747,0.000000,0.000000,-0.211120,,0.281588,0.000000,,,,0.133023,0.174390,2.500000,44.209468,12.333839,0.000000,circle,预设轨迹15,forward
1775478808.894766,26.366038,1775478816.724946|完整运动,完整运动,circle_orbit,1,1.000000,2.500000,2.500000,,,,,,,,,,,,,,,,1.569531,0.217701,1.579565,0.284747,0.000000,0.000000,-0.190705,,0.279430,0.000000,,,,0.138704,0.174409,2.500000,44.271515,12.271792,0.000000,circle,预设轨迹15,forward
1775478808.923828,26.395101,1775478816.724946|完整运动,完整运动,circle_orbit,1,1.000000,2.500000,2.500000,,,,,,,,,,,,,,,,1.569866,0.222788,1.589990,0.260942,0.000000,0.000000,-0.180229,,0.277601,0.000000,,,,0.141915,0.174446,2.500000,44.302015,12.241292,0.000000,circle,预设轨迹15,forward
1775478808.963637,26.434909,1775478816.724946|完整运动,完整运动,circle_orbit,1,1.000000,2.500000,2.500000,,,,,,,,,,,,,,,,1.570557,0.231983,1.612033,0.300942,0.000000,0.000000,-0.158828,,0.273676,0.000000,,,,0.147707,0.174523,2.500000,44.362831,12.180476,0.000000,circle,预设轨迹15,forward
1775478808.998720,26.469992,1775478816.724946|完整运动,完整运动,circle_orbit,1,1.000000,2.500000,2.500000,,,,,,,,,,,,,,,,1.571596,0.244801,1.633885,0.340942,0.000000,0.000000,-0.136520,,0.270628,0.000000,,,,0.155766,0.174638,2.500000,44.423091,12.120215,0.000000,circle,预设轨迹15,forward
1775478809.024684,26.495957,1775478816.724946|完整运动,完整运动,circle_orbit,1,1.000000,2.500000,2.500000,,,,,,,,,,,,,,,,1.572714,0.251406,1.639828,0.300942,0.000000,0.000000,-0.126028,,0.271826,0.000000,,,,0.159855,0.174763,2.500000,44.452677,12.090629,0.000000,circle,预设轨迹15,forward
1775478809.044976,26.516249,1775478816.724946|完整运动,完整运动,circle_orbit,1,1.000000,2.500000,2.500000,,,,,,,,,,,,,,,,1.573948,0.255188,1.647968,0.283555,0.000000,0.000000,-0.116237,,0.271472,0.000000,,,,0.162133,0.174900,2.500000,44.481689,12.061617,0.000000,circle,预设轨迹15,forward
1775478809.072001,26.543273,1775478816.724946|完整运动,完整运动,circle_orbit,1,1.000000,2.500000,2.500000,,,,,,,,,,,,,,,,1.575321,0.258759,1.657683,0.285535,0.000000,0.000000,-0.106701,,0.270153,0.000000,,,,0.164258,0.175052,2.500000,44.510516,12.032790,0.000000,circle,预设轨迹15,forward
1775478809.098256,26.569528,1775478816.724946|完整运动,完整运动,circle_orbit,1,1.000000,2.500000,2.500000,,,,,,,,,,,,,,,,1.576833,0.262251,1.667557,0.288441,0.000000,0.000000,-0.097241,,0.268777,0.000000,,,,0.166315,0.175220,2.500000,44.539568,12.003739,0.000000,circle,预设轨迹15,forward
1775478809.120636,26.591908,1775478816.724946|完整运动,完整运动,circle_orbit,1,1.000000,2.500000,2.500000,,,,,,,,,,,,,,,,1.578608,0.270038,1.685146,0.328441,0.000000,0.000000,-0.078468,,0.267341,0.000000,,,,0.171061,0.175418,2.500000,44.597784,11.945523,0.000000,circle,预设轨迹15,forward
1775478809.149992,26.621265,1775478816.724946|完整运动,完整运动,circle_orbit,1,1.000000,2.500000,2.500000,,,,,,,,,,,,,,,,1.580487,0.273386,1.693222,0.298500,0.000000,0.000000,-0.069179,,0.267048,0.000000,,,,0.172976,0.175626,2.500000,44.626960,11.916346,0.000000,circle,预设轨迹15,forward
1775478809.176048,26.647320,1775478816.724946|完整运动,完整运动,circle_orbit,1,1.000000,2.500000,2.500000,,,,,,,,,,,,,,,,1.582498,0.276687,1.703142,0.301446,0.000000,0.000000,-0.059924,,0.265787,0.000000,,,,0.174842,0.175850,2.500000,44.655771,11.887536,0.000000,circle,预设轨迹15,forward
1775478809.200423,26.671695,1775478816.724946|完整运动,完整运动,circle_orbit,1,1.000000,2.500000,2.500000,,,,,,,,,,,,,,,,1.584782,0.284306,1.721854,0.341446,0.000000,0.000000,-0.041740,,0.263899,0.000000,,,,0.179398,0.176104,2.500000,44.713290,11.830017,0.000000,circle,预设轨迹15,forward
1775478809.227053,26.698325,1775478816.724946|完整运动,完整运动,circle_orbit,1,1.000000,2.500000,2.500000,,,,,,,,,,,,,,,,1.587298,0.293691,1.738220,0.364075,0.000000,0.000000,-0.023776,,0.263340,0.000000,,,,0.185026,0.176383,2.500000,44.770684,11.772623,0.000000,circle,预设轨迹15,forward
1775478809.252237,26.723510,1775478816.724946|完整运动,完整运动,circle_orbit,1,1.000000,2.500000,2.500000,,,,,,,,,,,,,,,,1.589910,0.297265,1.746650,0.324075,0.000000,0.000000,-0.014972,,0.262915,0.000000,,,,0.186970,0.176673,2.500000,44.799283,11.744023,0.000000,circle,预设轨迹15,forward
1775478809.274570,26.745842,1775478816.724946|完整运动,完整运动,circle_orbit,1,1.000000,2.500000,2.500000,,,,,,,,,,,,,,,,1.592480,0.295714,1.746650,0.284075,0.000000,0.000000,-0.014972,,0.262915,0.000000,,,,0.185694,0.176959,2.500000,44.799283,11.744023,0.000000,circle,预设轨迹15,forward
1775478809.306601,26.777874,1775478816.724946|完整运动,完整运动,circle_orbit,1,1.000000,2.500000,2.500000,,,,,,,,,,,,,,,,1.595255,0.299050,1.761804,0.324075,0.000000,0.000000,0.002013,,0.260980,0.000000,,,,0.187462,0.177267,2.500000,44.859101,11.684206,0.000000,circle,预设轨迹15,forward
1775478809.335711,26.806984,1775478816.724946|完整运动,完整运动,circle_orbit,1,1.000000,2.500000,2.500000,,,,,,,,,,,,,,,,1.597893,0.301698,1.756136,0.321555,0.000000,0.000000,0.010299,,0.260160,0.000000,,,,0.188810,0.177560,2.500000,44.889678,11.653629,0.000000,circle,预设轨迹15,forward
1775478809.356054,26.827327,1775478816.724946|完整运动,完整运动,circle_orbit,1,1.000000,2.500000,2.500000,,,,,,,,,,,,,,,,1.600368,0.308740,1.748889,0.361555,0.000000,0.000000,0.027030,,0.256410,0.000000,,,,0.192918,0.177836,2.500000,44.951385,11.591922,0.000000,circle,预设轨迹15,forward
1775478809.385792,26.857064,1775478816.724946|完整运动,完整运动,circle_orbit,1,1.000000,2.500000,2.500000,,,,,,,,,,,,,,,,1.602743,0.311235,1.745241,0.329945,0.000000,0.000000,0.035215,,0.254640,0.000000,,,,0.194189,0.178099,2.500000,44.982667,11.560639,0.000000,circle,预设轨迹15,forward
1775478809.410688,26.881961,1775478816.724946|完整运动,完整运动,circle_orbit,1,1.000000,2.500000,2.500000,,,,,,,,,,,,,,,,1.605016,0.313528,1.741404,0.330726,0.000000,0.000000,0.043129,,0.253094,0.000000,,,,0.195342,0.178352,2.500000,45.014563,11.528744,0.000000,circle,预设轨迹15,forward
1775478809.430976,26.902248,1775478816.724946|完整运动,完整运动,circle_orbit,1,1.000000,2.500000,2.500000,,,,,,,,,,,,,,,,1.607167,0.320257,1.736183,0.370726,0.000000,0.000000,0.059354,,0.248580,0.000000,,,,0.199268,0.178591,2.500000,45.078394,11.464913,0.000000,circle,预设轨迹15,forward
1775478809.456601,26.927873,1775478816.724946|完整运动,完整运动,circle_orbit,1,1.000000,2.500000,2.500000,,,,,,,,,,,,,,,,1.609282,0.321489,1.736183,0.330726,0.000000,0.000000,0.059354,,0.248580,0.000000,,,,0.199772,0.178826,2.500000,45.078394,11.464913,0.000000,circle,预设轨迹15,forward
1775478809.481619,26.952891,1775478816.724946|完整运动,完整运动,circle_orbit,1,1.000000,2.500000,2.500000,,,,,,,,,,,,,,,,1.611303,0.327281,1.732601,0.370726,0.000000,0.000000,0.076648,,0.242754,0.000000,,,,0.203116,0.179051,2.500000,45.141863,11.401444,0.000000,circle,预设轨迹15,forward
1775478809.502230,26.973503,1775478816.724946|完整运动,完整运动,circle_orbit,1,1.000000,2.500000,2.500000,,,,,,,,,,,,,,,,1.613278,0.329982,1.731770,0.350233,0.000000,0.000000,0.085575,,0.239219,0.000000,,,,0.204541,0.179270,2.500000,45.173571,11.369736,0.000000,circle,预设轨迹15,forward
1775478809.530850,27.002123,1775478816.724946|完整运动,完整运动,circle_orbit,1,1.000000,2.500000,2.500000,,,,,,,,,,,,,,,,1.615175,0.337070,1.728980,0.390233,0.000000,0.000000,0.103851,,0.232551,0.000000,,,,0.208690,0.179481,2.500000,45.237889,11.305418,0.000000,circle,预设轨迹15,forward
1775478809.569572,27.040845,1775478816.724946|完整运动,完整运动,circle_orbit,1,1.000000,2.500000,2.500000,,,,,,,,,,,,,,,,1.617058,0.340069,1.730023,0.362561,0.000000,0.000000,0.113238,,0.227835,0.000000,,,,0.210301,0.179690,2.500000,45.269767,11.273540,0.000000,circle,预设轨迹15,forward
1775478809.601586,27.072859,1775478816.724946|完整运动,完整运动,circle_orbit,1,1.000000,2.500000,2.500000,,,,,,,,,,,,,,,,1.618964,0.347421,1.733358,0.402561,0.000000,0.000000,0.131932,,0.217788,0.000000,,,,0.214595,0.179902,2.500000,45.333273,11.210034,0.000000,circle,预设轨迹15,forward
1775478809.636698,27.107970,1775478816.724946|完整运动,完整运动,circle_orbit,1,1.000000,2.500000,2.500000,,,,,,,,,,,,,,,,1.620862,0.350180,1.734741,0.370870,0.000000,0.000000,0.141075,,0.213005,0.000000,,,,0.216045,0.180113,2.500000,45.365186,11.178120,0.000000,circle,预设轨迹15,forward
1775478809.658052,27.129325,1775478816.724946|完整运动,完整运动,circle_orbit,1,1.000000,2.500000,2.500000,,,,,,,,,,,,,,,,1.622780,0.357320,1.737830,0.410870,0.000000,0.000000,0.158312,,0.203742,0.000000,,,,0.220190,0.180326,2.500000,45.429211,11.114096,0.000000,circle,预设轨迹15,forward
1775478809.679207,27.150479,1775478816.724946|完整运动,完整运动,circle_orbit,1,1.000000,2.500000,2.500000,,,,,,,,,,,,,,,,1.624727,0.359387,1.741594,0.374891,0.000000,0.000000,0.166659,,0.198089,0.000000,,,,0.221198,0.180542,2.500000,45.461019,11.082288,0.000000,circle,预设轨迹15,forward
1775478809.709472,27.180745,1775478816.724946|完整运动,完整运动,circle_orbit,1,1.000000,2.500000,2.500000,,,,,,,,,,,,,,,,1.626829,0.365917,1.752927,0.414891,0.000000,0.000000,0.183336,,0.184876,0.000000,,,,0.224926,0.180776,2.500000,45.523628,11.019679,0.000000,circle,预设轨迹15,forward
1775478809.732236,27.203509,1775478816.724946|完整运动,完整运动,circle_orbit,1,1.000000,2.500000,2.500000,,,,,,,,,,,,,,,,1.629003,0.367736,1.759420,0.381377,0.000000,0.000000,0.191449,,0.177980,0.000000,,,,0.225743,0.181017,2.500000,45.554907,10.988400,0.000000,circle,预设轨迹15,forward
1775478809.753538,27.224811,1775478816.724946|完整运动,完整运动,circle_orbit,1,1.000000,2.500000,2.500000,,,,,,,,,,,,,,,,1.631260,0.369506,1.766728,0.382782,0.000000,0.000000,0.199488,,0.170734,0.000000,,,,0.226515,0.181268,2.500000,45.585920,10.957387,0.000000,circle,预设轨迹15,forward
1775478809.784178,27.255451,1775478816.724946|完整运动,完整运动,circle_orbit,1,1.000000,2.500000,2.500000,,,,,,,,,,,,,,,,1.633481,0.366362,1.766728,0.342782,0.000000,0.000000,0.199488,,0.170734,0.000000,,,,0.224283,0.181515,2.500000,45.585920,10.957387,0.000000,circle,预设轨迹15,forward
1775478809.805407,27.276680,1775478816.724946|完整运动,完整运动,circle_orbit,1,1.000000,2.500000,2.500000,,,,,,,,,,,,,,,,1.635744,0.368294,1.771507,0.382782,0.000000,0.000000,0.214149,,0.161831,0.000000,,,,0.225154,0.181767,2.500000,45.648042,10.895265,0.000000,circle,预设轨迹15,forward
1775478809.826886,27.298159,1775478816.724946|完整运动,完整运动,circle_orbit,1,1.000000,2.500000,2.500000,,,,,,,,,,,,,,,,1.637945,0.369418,1.769999,0.377855,0.000000,0.000000,0.220522,,0.159750,0.000000,,,,0.225538,0.182011,2.500000,45.679341,10.863966,0.000000,circle,预设轨迹15,forward
1775478809.861183,27.332455,1775478816.724946|完整运动,完整运动,circle_orbit,1,1.000000,2.500000,2.500000,,,,,,,,,,,,,,,,1.640067,0.370092,1.767393,0.375145,0.000000,0.000000,0.226249,,0.158506,0.000000,,,,0.225657,0.182247,2.500000,45.710991,10.832315,0.000000,circle,预设轨迹15,forward
1775478809.893335,27.364607,1775478816.724946|完整运动,完整运动,circle_orbit,1,1.000000,2.500000,2.500000,,,,,,,,,,,,,,,,1.642172,0.374537,1.768456,0.407876,0.000000,0.000000,0.237320,,0.153054,0.000000,,,,0.228074,0.182481,2.500000,45.775128,10.768178,0.000000,circle,预设轨迹15,forward
1775478809.929010,27.400283,1775478816.724946|完整运动,完整运动,circle_orbit,1,1.000000,2.500000,2.500000,,,,,,,,,,,,,,,,1.644283,0.374833,1.770960,0.377047,0.000000,0.000000,0.242676,,0.149423,0.000000,,,,0.227961,0.182715,2.500000,45.807765,10.735541,0.000000,circle,预设轨迹15,forward
1775478809.951227,27.422499,1775478816.724946|完整运动,完整运动,circle_orbit,1,1.000000,2.500000,2.500000,,,,,,,,,,,,,,,,1.646565,0.379799,1.783481,0.417047,0.000000,0.000000,0.257068,,0.136833,0.000000,,,,0.230661,0.182969,2.500000,45.906583,10.636723,0.000000,circle,预设轨迹15,forward
1775478809.978629,27.449901,1775478816.724946|完整运动,完整运动,circle_orbit,1,1.000000,2.500000,2.500000,,,,,,,,,,,,,,,,1.648858,0.379475,1.786442,0.377047,0.000000,0.000000,0.261191,,0.133547,0.000000,,,,0.230144,0.183224,2.500000,45.939922,10.603385,0.000000,circle,预设轨迹15,forward
1775478810.014271,27.485543,1775478816.724946|完整运动,完整运动,circle_orbit,1,1.000000,2.500000,2.500000,,,,,,,,,,,,,,,,1.651182,0.378996,1.790609,0.375400,0.000000,0.000000,0.265377,,0.129651,0.000000,,,,0.229530,0.183482,2.500000,45.973275,10.570032,0.000000,circle,预设轨迹15,forward
1775478810.049509,27.520782,1775478816.724946|完整运动,完整运动,circle_orbit,1,1.000000,2.500000,2.500000,,,,,,,,,,,,,,,,1.653653,0.381951,1.801928,0.404115,0.000000,0.000000,0.274377,,0.120170,0.000000,,,,0.230974,0.183757,2.500000,46.039121,10.504186,0.000000,circle,预设轨迹15,forward
1775478810.078086,27.549359,1775478816.724946|完整运动,完整运动,circle_orbit,1,1.000000,2.500000,2.500000,,,,,,,,,,,,,,,,1.656392,0.386291,1.820732,0.418839,0.000000,0.000000,0.285481,,0.106279,0.000000,,,,0.233212,0.184061,2.500000,46.102149,10.441158,0.000000,circle,预设轨迹15,forward
1775478810.098536,27.569808,1775478816.724946|完整运动,完整运动,circle_orbit,1,1.000000,2.500000,2.500000,,,,,,,,,,,,,,,,1.659243,0.386717,1.830305,0.389915,0.000000,0.000000,0.291204,,0.099247,0.000000,,,,0.233068,0.184378,2.500000,46.133576,10.409730,0.000000,circle,预设轨迹15,forward
1775478810.124111,27.595384,1775478816.724946|完整运动,完整运动,circle_orbit,1,1.000000,2.500000,2.500000,,,,,,,,,,,,,,,,1.662186,0.386943,1.838767,0.388635,0.000000,0.000000,0.296594,,0.092922,0.000000,,,,0.232792,0.184705,2.500000,46.165177,10.378130,0.000000,circle,预设轨迹15,forward
1775478810.163046,27.634319,1775478816.724946|完整运动,完整运动,circle_orbit,1,1.000000,2.500000,2.500000,,,,,,,,,,,,,,,,1.665188,0.386888,1.845290,0.386475,0.000000,0.000000,0.301525,,0.087726,0.000000,,,,0.232339,0.185038,2.500000,46.197127,10.346180,0.000000,circle,预设轨迹15,forward
1775478810.196419,27.667691,1775478816.724946|完整运动,完整运动,circle_orbit,1,1.000000,2.500000,2.500000,,,,,,,,,,,,,,,,1.668446,0.389967,1.863910,0.413065,0.000000,0.000000,0.310865,,0.075116,0.000000,,,,0.233731,0.185400,2.500000,46.260614,10.282692,0.000000,circle,预设轨迹15,forward
1775478810.218591,27.689864,1775478816.724946|完整运动,完整运动,circle_orbit,1,1.000000,2.500000,2.500000,,,,,,,,,,,,,,,,1.671822,0.389796,1.874389,0.388510,0.000000,0.000000,0.315690,,0.068285,0.000000,,,,0.233156,0.185776,2.500000,46.291103,10.252204,0.000000,circle,预设轨迹15,forward
1775478810.240306,27.711578,1775478816.724946|完整运动,完整运动,circle_orbit,1,1.000000,2.500000,2.500000,,,,,,,,,,,,,,,,1.675493,0.391780,1.895784,0.406661,0.000000,0.000000,0.323523,,0.055396,0.000000,,,,0.233830,0.186184,2.500000,46.353654,10.189653,0.000000,circle,预设轨迹15,forward
1775478810.270941,27.742214,1775478816.724946|完整运动,完整运动,circle_orbit,1,1.000000,2.500000,2.500000,,,,,,,,,,,,,,,,1.679319,0.390567,1.908854,0.381466,0.000000,0.000000,0.326854,,0.048272,0.000000,,,,0.232574,0.186609,2.500000,46.385134,10.158173,0.000000,circle,预设轨迹15,forward
1775478810.296714,27.767986,1775478816.724946|完整运动,完整运动,circle_orbit,1,1.000000,2.500000,2.500000,,,,,,,,,,,,,,,,1.683594,0.391479,1.940136,0.398322,0.000000,0.000000,0.333105,,0.032295,0.000000,,,,0.232526,0.187084,2.500000,46.447681,10.095625,0.000000,circle,预设轨迹15,forward
1775478810.317021,27.788294,1775478816.724946|完整运动,完整运动,circle_orbit,1,1.000000,2.500000,2.500000,,,,,,,,,,,,,,,,1.688069,0.390094,1.956560,0.379703,0.000000,0.000000,0.336080,,0.024213,0.000000,,,,0.231089,0.187581,2.500000,46.478454,10.064853,0.000000,circle,预设轨迹15,forward
1775478810.348726,27.819998,1775478816.724946|完整运动,完整运动,circle_orbit,1,1.000000,2.500000,2.500000,,,,,,,,,,,,,,,,1.692791,0.388831,1.976101,0.379360,0.000000,0.000000,0.339097,,0.014974,0.000000,,,,0.229698,0.188106,2.500000,46.508593,10.034714,0.000000,circle,预设轨迹15,forward
1775478810.372358,27.843631,1775478816.724946|完整运动,完整运动,circle_orbit,1,1.000000,2.500000,2.500000,,,,,,,,,,,,,,,,1.697696,0.387449,1.992010,0.377083,0.000000,0.000000,0.341820,,0.007449,0.000000,,,,0.228220,0.188651,2.500000,46.539063,10.004244,0.000000,circle,预设轨迹15,forward
1775478810.392674,27.863946,1775478816.724946|完整运动,完整运动,circle_orbit,1,1.000000,2.500000,2.500000,,,,,,,,,,,,,,,,1.702499,0.387751,1.990689,0.390021,0.000000,0.000000,0.346833,,-0.005741,0.000000,,,,0.227754,0.189185,2.500000,46.599582,9.943724,0.000000,circle,预设轨迹15,forward
1775478810.423240,27.894513,1775478816.724946|完整运动,完整运动,circle_orbit,1,1.000000,2.500000,2.500000,,,,,,,,,,,,,,,,1.706925,0.386091,1.972455,0.373641,0.000000,0.000000,0.349026,,-0.012023,0.000000,,,,0.226191,0.189676,2.500000,46.630278,9.913028,0.000000,circle,预设轨迹15,forward
1775478810.460443,27.931715,1775478816.724946|完整运动,完整运动,circle_orbit,1,1.000000,2.500000,2.500000,,,,,,,,,,,,,,,,1.711024,0.384302,1.956956,0.370886,0.000000,0.000000,0.350897,,-0.017465,0.000000,,,,0.224604,0.190132,2.500000,46.661132,9.882175,0.000000,circle,预设轨迹15,forward
1775478810.481751,27.953023,1775478816.724946|完整运动,完整运动,circle_orbit,1,1.000000,2.500000,2.500000,,,,,,,,,,,,,,,,1.714555,0.383624,1.926439,0.378533,0.000000,0.000000,0.354230,,-0.028631,0.000000,,,,0.223745,0.190524,2.500000,46.723650,9.819656,0.000000,circle,预设轨迹15,forward
1775478810.503988,27.975260,1775478816.724946|完整运动,完整运动,circle_orbit,1,1.000000,2.500000,2.500000,,,,,,,,,,,,,,,,1.717785,0.381435,1.911541,0.365016,0.000000,0.000000,0.355349,,-0.034455,0.000000,,,,0.222050,0.190883,2.500000,46.755515,9.787791,0.000000,circle,预设轨迹15,forward
1775478810.528109,27.999381,1775478816.724946|完整运动,完整运动,circle_orbit,1,1.000000,2.500000,2.500000,,,,,,,,,,,,,,,,1.720718,0.379197,1.896729,0.362413,0.000000,0.000000,0.356254,,-0.040437,0.000000,,,,0.220371,0.191209,2.500000,46.787564,9.755743,0.000000,circle,预设轨迹15,forward
1775478810.548458,28.019731,1775478816.724946|完整运动,完整运动,circle_orbit,1,1.000000,2.500000,2.500000,,,,,,,,,,,,,,,,1.723114,0.377299,1.866901,0.363067,0.000000,0.000000,0.357529,,-0.053032,0.000000,,,,0.218963,0.191475,2.500000,46.852981,9.690326,0.000000,circle,预设轨迹15,forward
1775478810.577316,28.048588,1775478816.724946|完整运动,完整运动,circle_orbit,1,1.000000,2.500000,2.500000,,,,,,,,,,,,,,,,1.725472,0.374601,1.866901,0.354366,0.000000,0.000000,0.357529,,-0.053032,0.000000,,,,0.217101,0.191737,2.500000,46.852981,9.690326,0.000000,circle,预设轨迹15,forward
1775478810.605359,28.076631,1775478816.724946|完整运动,完整运动,circle_orbit,1,1.000000,2.500000,2.500000,,,,,,,,,,,,,,,,1.727274,0.372830,1.835389,0.359544,0.000000,0.000000,0.358727,,-0.066869,0.000000,,,,0.215849,0.191937,2.500000,46.918648,9.624658,0.000000,circle,预设轨迹15,forward
1775478810.625980,28.097252,1775478816.724946|完整运动,完整运动,circle_orbit,1,1.000000,2.500000,2.500000,,,,,,,,,,,,,,,,1.728756,0.370629,1.817733,0.354124,0.000000,0.000000,0.359231,,-0.074914,0.000000,,,,0.214391,0.192102,2.500000,46.951322,9.591985,0.000000,circle,预设轨迹15,forward
1775478810.653863,28.125136,1775478816.724946|完整运动,完整运动,circle_orbit,1,1.000000,2.500000,2.500000,,,,,,,,,,,,,,,,1.729987,0.368180,1.803831,0.349810,0.000000,0.000000,0.359273,,-0.081520,0.000000,,,,0.212822,0.192239,2.500000,46.984016,9.559291,0.000000,circle,预设轨迹15,forward
1775478810.681715,28.152987,1775478816.724946|完整运动,完整运动,circle_orbit,1,1.000000,2.500000,2.500000,,,,,,,,,,,,,,,,1.730838,0.365202,1.781869,0.342865,0.000000,0.000000,0.358466,,-0.092555,0.000000,,,,0.210997,0.192334,2.500000,47.050290,9.493017,0.000000,circle,预设轨迹15,forward
1775478810.702242,28.173515,1775478816.724946|完整运动,完整运动,circle_orbit,1,1.000000,2.500000,2.500000,,,,,,,,,,,,,,,,1.731547,0.362241,1.774125,0.340036,0.000000,0.000000,0.357537,,-0.096795,0.000000,,,,0.209201,0.192412,2.500000,47.083889,9.459417,0.000000,circle,预设轨迹15,forward
1775478810.730808,28.202080,1775478816.724946|完整运动,完整运动,circle_orbit,1,1.000000,2.500000,2.500000,,,,,,,,,,,,,,,,1.732075,0.359326,1.763724,0.337462,0.000000,0.000000,0.356537,,-0.102434,0.000000,,,,0.207454,0.192471,2.500000,47.117273,9.426033,0.000000,circle,预设轨迹15,forward
1775478810.758055,28.229328,1775478816.724946|完整运动,完整运动,circle_orbit,1,1.000000,2.500000,2.500000,,,,,,,,,,,,,,,,1.732255,0.355491,1.743068,0.326734,0.000000,0.000000,0.354131,,-0.114001,0.000000,,,,0.205219,0.192491,2.500000,47.183865,9.359442,0.000000,circle,预设轨迹15,forward
1775478810.778808,28.250080,1775478816.724946|完整运动,完整运动,circle_orbit,1,1.000000,2.500000,2.500000,,,,,,,,,,,,,,,,1.732234,0.352730,1.730987,0.332023,0.000000,0.000000,0.353085,,-0.120723,0.000000,,,,0.203627,0.192489,2.500000,47.216956,9.326351,0.000000,circle,预设轨迹15,forward
1775478810.806353,28.277626,1775478816.724946|完整运动,完整运动,circle_orbit,1,1.000000,2.500000,2.500000,,,,,,,,,,,,,,,,1.732040,0.350061,1.720361,0.330041,0.000000,0.000000,0.352068,,-0.126750,0.000000,,,,0.202109,0.192467,2.500000,47.250417,9.292890,0.000000,circle,预设轨迹15,forward
1775478810.833358,28.304630,1775478816.724946|完整运动,完整运动,circle_orbit,1,1.000000,2.500000,2.500000,,,,,,,,,,,,,,,,1.731726,0.347095,1.712920,0.324849,0.000000,0.000000,0.350531,,-0.131379,0.000000,,,,0.200433,0.192432,2.500000,47.284100,9.259207,0.000000,circle,预设轨迹15,forward
1775478810.853979,28.325252,1775478816.724946|完整运动,完整运动,circle_orbit,1,1.000000,2.500000,2.500000,,,,,,,,,,,,,,,,1.731186,0.342295,1.698752,0.306291,0.000000,0.000000,0.346298,,-0.140868,0.000000,,,,0.197723,0.192372,2.500000,47.351335,9.191971,0.000000,circle,预设轨迹15,forward
1775478810.879363,28.350636,1775478816.724946|完整运动,完整运动,circle_orbit,1,1.000000,2.500000,2.500000,,,,,,,,,,,,,,,,1.730497,0.339022,1.689174,0.314481,0.000000,0.000000,0.344038,,-0.147088,0.000000,,,,0.195910,0.192296,2.500000,47.384560,9.158747,0.000000,circle,预设轨迹15,forward
1775478810.915582,28.386855,1775478816.724946|完整运动,完整运动,circle_orbit,1,1.000000,2.500000,2.500000,,,,,,,,,,,,,,,,1.729642,0.335755,1.678338,0.311249,0.000000,0.000000,0.341683,,-0.154107,0.000000,,,,0.194118,0.192201,2.500000,47.417505,9.125801,0.000000,circle,预设轨迹15,forward
1775478810.936683,28.407956,1775478816.724946|完整运动,完整运动,circle_orbit,1,1.000000,2.500000,2.500000,,,,,,,,,,,,,,,,1.728487,0.330184,1.659223,0.288405,0.000000,0.000000,0.335982,,-0.167366,0.000000,,,,0.191025,0.192072,2.500000,47.483102,9.060204,0.000000,circle,预设轨迹15,forward
1775478810.959743,28.431016,1775478816.724946|完整运动,完整运动,circle_orbit,1,1.000000,2.500000,2.500000,,,,,,,,,,,,,,,,1.727247,0.326363,1.652836,0.297704,0.000000,0.000000,0.332541,,-0.172535,0.000000,,,,0.188950,0.191935,2.500000,47.516065,9.027242,0.000000,circle,预设轨迹15,forward
1775478810.985699,28.456971,1775478816.724946|完整运动,完整运动,circle_orbit,1,1.000000,2.500000,2.500000,,,,,,,,,,,,,,,,1.725899,0.322486,1.645015,0.293404,0.000000,0.000000,0.328903,,-0.178646,0.000000,,,,0.186851,0.191785,2.500000,47.548902,8.994404,0.000000,circle,预设轨迹15,forward
1775478811.006022,28.477295,1775478816.724946|完整运动,完整运动,circle_orbit,1,1.000000,2.500000,2.500000,,,,,,,,,,,,,,,,1.724435,0.318645,1.636611,0.289844,0.000000,0.000000,0.325205,,-0.185168,0.000000,,,,0.184782,0.191622,2.500000,47.582029,8.961278,0.000000,circle,预设轨迹15,forward
1775478811.038192,28.509465,1775478816.724946|完整运动,完整运动,circle_orbit,1,1.000000,2.500000,2.500000,,,,,,,,,,,,,,,,1.722858,0.314767,1.628209,0.285676,0.000000,0.000000,0.321344,,-0.191810,0.000000,,,,0.182700,0.191447,2.500000,47.614914,8.928393,0.000000,circle,预设轨迹15,forward
1775478811.062968,28.534241,1775478816.724946|完整运动,完整运动,circle_orbit,1,1.000000,2.500000,2.500000,,,,,,,,,,,,,,,,1.721051,0.307844,1.612661,0.255928,0.000000,0.000000,0.313080,,-0.204736,0.000000,,,,0.178870,0.191246,2.500000,47.680066,8.863241,0.000000,circle,预设轨迹15,forward
1775478811.083265,28.554538,1775478816.724946|完整运动,完整运动,circle_orbit,1,1.000000,2.500000,2.500000,,,,,,,,,,,,,,,,1.719215,0.303396,1.609016,0.270031,0.000000,0.000000,0.308056,,-0.209164,0.000000,,,,0.176473,0.191042,2.500000,47.713113,8.830194,0.000000,circle,预设轨迹15,forward
1775478811.112889,28.584161,1775478816.724946|完整运动,完整运动,circle_orbit,1,1.000000,2.500000,2.500000,,,,,,,,,,,,,,,,1.717350,0.298825,1.605480,0.264542,0.000000,0.000000,0.302730,,-0.213670,0.000000,,,,0.174003,0.190835,2.500000,47.746257,8.797050,0.000000,circle,预设轨迹15,forward
1775478811.138415,28.609687,1775478816.724946|完整运动,完整运动,circle_orbit,1,1.000000,2.500000,2.500000,,,,,,,,,,,,,,,,1.715403,0.290146,1.598581,0.225053,0.000000,0.000000,0.291456,,-0.222881,0.000000,,,,0.169141,0.190618,2.500000,47.812790,8.730516,0.000000,circle,预设轨迹15,forward
1775478811.158805,28.630078,1775478816.724946|完整运动,完整运动,circle_orbit,1,1.000000,2.500000,2.500000,,,,,,,,,,,,,,,,1.713415,0.285674,1.594134,0.252137,0.000000,0.000000,0.285815,,-0.228115,0.000000,,,,0.166728,0.190398,2.500000,47.845841,8.697466,0.000000,circle,预设轨迹15,forward
1775478811.180371,28.651644,1775478816.724946|完整运动,完整运动,circle_orbit,1,1.000000,2.500000,2.500000,,,,,,,,,,,,,,,,1.711403,0.280980,1.590674,0.245773,0.000000,0.000000,0.279754,,-0.232941,0.000000,,,,0.164181,0.190174,2.500000,47.878465,8.664841,0.000000,circle,预设轨迹15,forward
1775478811.202877,28.674150,1775478816.724946|完整运动,完整运动,circle_orbit,1,1.000000,2.500000,2.500000,,,,,,,,,,,,,,,,1.709385,0.276314,1.588284,0.241319,0.000000,0.000000,0.273617,,-0.237147,0.000000,,,,0.161645,0.189950,2.500000,47.911379,8.631927,0.000000,circle,预设轨迹15,forward
1775478811.231836,28.703108,1775478816.724946|完整运动,完整运动,circle_orbit,1,1.000000,2.500000,2.500000,,,,,,,,,,,,,,,,1.707343,0.267491,1.584843,0.201319,0.000000,0.000000,0.260465,,-0.245129,0.000000,,,,0.156671,0.189723,2.500000,47.977609,8.565697,0.000000,circle,预设轨迹15,forward
1775478811.261292,28.732564,1775478816.724946|完整运动,完整运动,circle_orbit,1,1.000000,2.500000,2.500000,,,,,,,,,,,,,,,,1.705291,0.262609,1.582191,0.225991,0.000000,0.000000,0.253675,,-0.249799,0.000000,,,,0.153996,0.189495,2.500000,48.010816,8.532491,0.000000,circle,预设轨迹15,forward
1775478811.281988,28.753261,1775478816.724946|完整运动,完整运动,circle_orbit,1,1.000000,2.500000,2.500000,,,,,,,,,,,,,,,,1.703212,0.257771,1.578467,0.221488,0.000000,0.000000,0.246839,,-0.255168,0.000000,,,,0.151344,0.189264,2.500000,48.043567,8.499740,0.000000,circle,预设轨迹15,forward
1775478811.312028,28.783301,1775478816.724946|完整运动,完整运动,circle_orbit,1,1.000000,2.500000,2.500000,,,,,,,,,,,,,,,,1.701046,0.248796,1.571079,0.181488,0.000000,0.000000,0.232499,,-0.266197,0.000000,,,,0.146261,0.189023,2.500000,48.108973,8.434334,0.000000,circle,预设轨迹15,forward
1775478811.332687,28.803960,1775478816.724946|完整运动,完整运动,circle_orbit,1,1.000000,2.500000,2.500000,,,,,,,,,,,,,,,,1.698883,0.243591,1.569080,0.204549,0.000000,0.000000,0.224857,,-0.270861,0.000000,,,,0.143383,0.188783,2.500000,48.141888,8.401418,0.000000,circle,预设轨迹15,forward
1775478811.357339,28.828611,1775478816.724946|完整运动,完整运动,circle_orbit,1,1.000000,2.500000,2.500000,,,,,,,,,,,,,,,,1.696755,0.243704,1.569080,0.244549,0.000000,0.000000,0.224857,,-0.270861,0.000000,,,,0.143629,0.188546,2.500000,48.141888,8.401418,0.000000,circle,预设轨迹15,forward
1775478811.388046,28.859319,1775478816.724946|完整运动,完整运动,circle_orbit,1,1.000000,2.500000,2.500000,,,,,,,,,,,,,,,,1.694589,0.239097,1.564635,0.204549,0.000000,0.000000,0.209333,,-0.280590,0.000000,,,,0.141094,0.188306,2.500000,48.207706,8.335601,0.000000,circle,预设轨迹15,forward
1775478811.410943,28.882215,1775478816.724946|完整运动,完整运动,circle_orbit,1,1.000000,2.500000,2.500000,,,,,,,,,,,,,,,,1.692389,0.230327,1.560390,0.164549,0.000000,0.000000,0.193811,,-0.290205,0.000000,,,,0.136096,0.188061,2.500000,48.273137,8.270170,0.000000,circle,预设轨迹15,forward
1775478811.436840,28.908112,1775478816.724946|完整运动,完整运动,circle_orbit,1,1.000000,2.500000,2.500000,,,,,,,,,,,,,,,,1.690225,0.227294,1.560390,0.204549,0.000000,0.000000,0.193811,,-0.290205,0.000000,,,,0.134476,0.187821,2.500000,48.273137,8.270170,0.000000,circle,预设轨迹15,forward
1775478811.463732,28.935005,1775478816.724946|完整运动,完整运动,circle_orbit,1,1.000000,2.500000,2.500000,,,,,,,,,,,,,,,,1.688079,0.219912,1.559341,0.164549,0.000000,0.000000,0.178236,,-0.297802,0.000000,,,,0.130274,0.187582,2.500000,48.338192,8.205115,0.000000,circle,预设轨迹15,forward
1775478811.485123,28.956395,1775478816.724946|完整运动,完整运动,circle_orbit,1,1.000000,2.500000,2.500000,,,,,,,,,,,,,,,,1.685999,0.214010,1.561151,0.169740,0.000000,0.000000,0.169850,,-0.300368,0.000000,,,,0.126934,0.187351,2.500000,48.370906,8.172401,0.000000,circle,预设轨迹15,forward
1775478811.515631,28.986903,1775478816.724946|完整运动,完整运动,circle_orbit,1,1.000000,2.500000,2.500000,,,,,,,,,,,,,,,,1.683978,0.208135,1.562730,0.164071,0.000000,0.000000,0.161273,,-0.303169,0.000000,,,,0.123597,0.187126,2.500000,48.403539,8.139768,0.000000,circle,预设轨迹15,forward
1775478811.536252,29.007525,1775478816.724946|完整运动,完整运动,circle_orbit,1,1.000000,2.500000,2.500000,,,,,,,,,,,,,,,,1.682006,0.198245,1.563668,0.124071,0.000000,0.000000,0.143910,,-0.310287,0.000000,,,,0.117862,0.186907,2.500000,48.468785,8.074521,0.000000,circle,预设轨迹15,forward
1775478811.561747,29.033019,1775478816.724946|完整运动,完整运动,circle_orbit,1,1.000000,2.500000,2.500000,,,,,,,,,,,,,,,,1.680071,0.192376,1.564003,0.148364,0.000000,0.000000,0.134952,,-0.314054,0.000000,,,,0.114505,0.186692,2.500000,48.501178,8.042128,0.000000,circle,预设轨迹15,forward
1775478811.597653,29.068925,1775478816.724946|完整运动,完整运动,circle_orbit,1,1.000000,2.500000,2.500000,,,,,,,,,,,,,,,,1.678148,0.182493,1.562747,0.108364,0.000000,0.000000,0.117065,,-0.322808,0.000000,,,,0.108746,0.186479,2.500000,48.565709,7.977597,0.000000,circle,预设轨迹15,forward
1775478811.622537,29.093810,1775478816.724946|完整运动,完整运动,circle_orbit,1,1.000000,2.500000,2.500000,,,,,,,,,,,,,,,,1.676269,0.176666,1.563512,0.132965,0.000000,0.000000,0.107816,,-0.326430,0.000000,,,,0.105392,0.186270,2.500000,48.598291,7.945015,0.000000,circle,预设轨迹15,forward
1775478811.642904,29.114177,1775478816.724946|完整运动,完整运动,circle_orbit,1,1.000000,2.500000,2.500000,,,,,,,,,,,,,,,,1.674421,0.171177,1.563579,0.130013,0.000000,0.000000,0.098857,,-0.330370,0.000000,,,,0.102231,0.186064,2.500000,48.630279,7.913028,0.000000,circle,预设轨迹15,forward
1775478811.668563,29.139835,1775478816.724946|完整运动,完整运动,circle_orbit,1,1.000000,2.500000,2.500000,,,,,,,,,,,,,,,,1.672619,0.165625,1.564513,0.123980,0.000000,0.000000,0.089640,,-0.333869,0.000000,,,,0.099021,0.185864,2.500000,48.662528,7.880779,0.000000,circle,预设轨迹15,forward
1775478811.694055,29.165328,1775478816.724946|完整运动,完整运动,circle_orbit,1,1.000000,2.500000,2.500000,,,,,,,,,,,,,,,,1.670918,0.156019,1.568849,0.083980,0.000000,0.000000,0.071099,,-0.339350,0.000000,,,,0.093373,0.185675,2.500000,48.726160,7.817147,0.000000,circle,预设轨迹15,forward
1775478811.714388,29.185660,1775478816.724946|完整运动,完整运动,circle_orbit,1,1.000000,2.500000,2.500000,,,,,,,,,,,,,,,,1.669302,0.150443,1.572348,0.108617,0.000000,0.000000,0.061585,,-0.341363,0.000000,,,,0.090123,0.185496,2.500000,48.757959,7.785348,0.000000,circle,预设轨迹15,forward
1775478811.740016,29.211288,1775478816.724946|完整运动,完整运动,circle_orbit,1,1.000000,2.500000,2.500000,,,,,,,,,,,,,,,,1.667777,0.144920,1.576266,0.103503,0.000000,0.000000,0.051978,,-0.343163,0.000000,,,,0.086894,0.185326,2.500000,48.789695,7.753612,0.000000,circle,预设轨迹15,forward
1775478811.766201,29.237474,1775478816.724946|完整运动,完整运动,circle_orbit,1,1.000000,2.500000,2.500000,,,,,,,,,,,,,,,,1.666350,0.139313,1.580745,0.097260,0.000000,0.000000,0.042087,,-0.344751,0.000000,,,,0.083604,0.185168,2.500000,48.821687,7.721619,0.000000,circle,预设轨迹15,forward
1775478811.786922,29.258195,1775478816.724946|完整运动,完整运动,circle_orbit,1,1.000000,2.500000,2.500000,,,,,,,,,,,,,,,,1.665092,0.129660,1.589583,0.057260,0.000000,0.000000,0.021775,,-0.348283,0.000000,,,,0.077870,0.185028,2.500000,48.885951,7.657355,0.000000,circle,预设轨迹15,forward
1775478811.813985,29.285258,1775478816.724946|完整运动,完整运动,circle_orbit,1,1.000000,2.500000,2.500000,,,,,,,,,,,,,,,,1.663854,0.125848,1.589583,0.097260,0.000000,0.000000,0.021775,,-0.348283,0.000000,,,,0.075637,0.184890,2.500000,48.885951,7.657355,0.000000,circle,预设轨迹15,forward
1775478811.835670,29.306942,1775478816.724946|完整运动,完整运动,circle_orbit,1,1.000000,2.500000,2.500000,,,,,,,,,,,,,,,,1.662819,0.117779,1.600731,0.057260,0.000000,0.000000,0.000814,,-0.350755,0.000000,,,,0.070831,0.184775,2.500000,48.949944,7.593363,0.000000,circle,预设轨迹15,forward
1775478811.867253,29.338525,1775478816.724946|完整运动,完整运动,circle_orbit,1,1.000000,2.500000,2.500000,,,,,,,,,,,,,,,,1.661651,0.112088,1.591582,0.069403,0.000000,0.000000,-0.009747,,-0.352396,0.000000,,,,0.067456,0.184645,2.500000,48.981854,7.561452,0.000000,circle,预设轨迹15,forward
1775478811.901807,29.373080,1775478816.724946|完整运动,完整运动,circle_orbit,1,1.000000,2.500000,2.500000,,,,,,,,,,,,,,,,1.660205,0.102360,1.573431,0.029403,0.000000,0.000000,-0.031147,,-0.354209,0.000000,,,,0.061655,0.184485,2.500000,49.045883,7.497424,0.000000,circle,预设轨迹15,forward
1775478811.928521,29.399793,1775478816.724946|完整运动,完整运动,circle_orbit,1,1.000000,2.500000,2.500000,,,,,,,,,,,,,,,,1.658620,0.096735,1.563531,0.054545,0.000000,0.000000,-0.041741,,-0.355787,0.000000,,,,0.058322,0.184309,2.500000,49.078038,7.465269,0.000000,circle,预设轨迹15,forward
1775478811.948889,29.420162,1775478816.724946|完整运动,完整运动,circle_orbit,1,1.000000,2.500000,2.500000,,,,,,,,,,,,,,,,1.656754,0.087065,1.544787,0.014545,0.000000,0.000000,-0.062523,,-0.358676,0.000000,,,,0.052552,0.184101,2.500000,49.142125,7.401182,0.000000,circle,预设轨迹15,forward
1775478811.977056,29.448328,1775478816.724946|完整运动,完整运动,circle_orbit,1,1.000000,2.500000,2.500000,,,,,,,,,,,,,,,,1.654919,0.083239,1.544787,0.054545,0.000000,0.000000,-0.062523,,-0.358676,0.000000,,,,0.050298,0.183897,2.500000,49.142125,7.401182,0.000000,circle,预设轨迹15,forward
1775478812.003080,29.474353,1775478816.724946|完整运动,完整运动,circle_orbit,1,1.000000,2.500000,2.500000,,,,,,,,,,,,,,,,1.652870,0.075158,1.529919,0.014545,0.000000,0.000000,-0.082930,,-0.359435,0.000000,,,,0.045471,0.183670,2.500000,49.205925,7.337382,0.000000,circle,预设轨迹15,forward
1775478812.023618,29.494890,1775478816.724946|完整运动,完整运动,circle_orbit,1,1.000000,2.500000,2.500000,,,,,,,,,,,,,,,,1.650751,0.070266,1.523669,0.033577,0.000000,0.000000,-0.093220,,-0.359050,0.000000,,,,0.042566,0.183434,2.500000,49.237977,7.305330,0.000000,circle,预设轨迹15,forward
1775478812.053804,29.525076,1775478816.724946|完整运动,完整运动,circle_orbit,1,1.000000,2.500000,2.500000,,,,,,,,,,,,,,,,1.648566,0.065312,1.517416,0.028161,0.000000,0.000000,-0.103701,,-0.358617,0.000000,,,,0.039618,0.183191,2.500000,49.270139,7.273167,0.000000,circle,预设轨迹15,forward
1775478812.079697,29.550970,1775478816.724946|完整运动,完整运动,circle_orbit,1,1.000000,2.500000,2.500000,,,,,,,,,,,,,,,,1.646198,0.056236,1.504114,-0.011839,0.000000,0.000000,-0.124807,,-0.358342,0.000000,,,,0.034161,0.182928,2.500000,49.334668,7.208638,0.000000,circle,预设轨迹15,forward
1775478812.100226,29.571499,1775478816.724946|完整运动,完整运动,circle_orbit,1,1.000000,2.500000,2.500000,,,,,,,,,,,,,,,,1.643762,0.051274,1.497608,0.014058,0.000000,0.000000,-0.135347,,-0.358171,0.000000,,,,0.031193,0.182658,2.500000,49.366862,7.176444,0.000000,circle,预设轨迹15,forward
1775478812.124674,29.595947,1775478816.724946|完整运动,完整运动,circle_orbit,1,1.000000,2.500000,2.500000,,,,,,,,,,,,,,,,1.641272,0.046327,1.491904,0.009226,0.000000,0.000000,-0.145986,,-0.357431,0.000000,,,,0.028226,0.182381,2.500000,49.399001,7.144305,0.000000,circle,预设轨迹15,forward
1775478812.160656,29.631929,1775478816.724946|完整运动,完整运动,circle_orbit,1,1.000000,2.500000,2.500000,,,,,,,,,,,,,,,,1.638731,0.041319,1.486227,0.003763,0.000000,0.000000,-0.156824,,-0.356614,0.000000,,,,0.025214,0.182098,2.500000,49.431200,7.112106,0.000000,circle,预设轨迹15,forward
1775478812.181391,29.652664,1775478816.724946|完整运动,完整运动,circle_orbit,1,1.000000,2.500000,2.500000,,,,,,,,,,,,,,,,1.636034,0.032195,1.474251,-0.036237,0.000000,0.000000,-0.178705,,-0.355428,0.000000,,,,0.019679,0.181799,2.500000,49.495813,7.047494,0.000000,circle,预设轨迹15,forward
1775478812.202767,29.674040,1775478816.724946|完整运动,完整运动,circle_orbit,1,1.000000,2.500000,2.500000,,,,,,,,,,,,,,,,1.633280,0.027296,1.468013,-0.009449,0.000000,0.000000,-0.189424,,-0.355168,0.000000,,,,0.016712,0.181493,2.500000,49.528354,7.014953,0.000000,circle,预设轨迹15,forward
1775478812.236223,29.707496,1775478816.724946|完整运动,完整运动,circle_orbit,1,1.000000,2.500000,2.500000,,,,,,,,,,,,,,,,1.630483,0.022511,1.462686,-0.013373,0.000000,0.000000,-0.200103,,-0.354297,0.000000,,,,0.013806,0.181182,2.500000,49.560882,6.982424,0.000000,circle,预设轨迹15,forward
1775478812.257225,29.728497,1775478816.724946|完整运动,完整运动,circle_orbit,1,1.000000,2.500000,2.500000,,,,,,,,,,,,,,,,1.627584,0.013584,1.453614,-0.053373,0.000000,0.000000,-0.221215,,-0.351580,0.000000,,,,0.008346,0.180860,2.500000,49.625475,6.917832,0.000000,circle,预设轨迹15,forward
1775478812.278637,29.749910,1775478816.724946|完整运动,完整运动,circle_orbit,1,1.000000,2.500000,2.500000,,,,,,,,,,,,,,,,1.624649,0.008529,1.448594,-0.029380,0.000000,0.000000,-0.232372,,-0.350346,0.000000,,,,0.005250,0.180534,2.500000,49.657717,6.885589,0.000000,circle,预设轨迹15,forward
1775478812.301897,29.773170,1775478816.724946|完整运动,完整运动,circle_orbit,1,1.000000,2.500000,2.500000,,,,,,,,,,,,,,,,1.621692,0.003865,1.444268,-0.031116,0.000000,0.000000,-0.243113,,-0.348802,0.000000,,,,0.002383,0.180205,2.500000,49.690052,6.853255,0.000000,circle,预设轨迹15,forward
1775478812.322303,29.793576,1775478816.724946|完整运动,完整运动,circle_orbit,1,1.000000,2.500000,2.500000,,,,,,,,,,,,,,,,1.618726,-0.000717,1.440731,-0.035078,0.000000,0.000000,-0.253849,,-0.346686,0.000000,,,,0.000443,0.179875,2.500000,49.722365,6.820942,0.000000,circle,预设轨迹15,forward
1775478812.353706,29.824978,1775478816.724946|完整运动,完整运动,circle_orbit,1,1.000000,2.500000,2.500000,,,,,,,,,,,,,,,,1.615751,-0.005289,1.437291,-0.039582,0.000000,0.000000,-0.264677,,-0.344469,0.000000,,,,0.003273,0.179545,2.500000,49.754819,6.788488,0.000000,circle,预设轨迹15,forward
1775478812.387550,29.858823,1775478816.724946|完整运动,完整运动,circle_orbit,1,1.000000,2.500000,2.500000,,,,,,,,,,,,,,,,1.612709,-0.014029,1.430189,-0.079582,0.000000,0.000000,-0.286163,,-0.340318,0.000000,,,,0.008699,0.179207,2.500000,49.819923,6.723383,0.000000,circle,预设轨迹15,forward
1775478812.408893,29.880166,1775478816.724946|完整运动,完整运动,circle_orbit,1,1.000000,2.500000,2.500000,,,,,,,,,,,,,,,,1.609620,-0.025882,1.424236,-0.114776,0.000000,0.000000,-0.307400,,-0.335444,0.000000,,,,0.016079,0.178864,2.500000,49.884796,6.658510,0.000000,circle,预设轨迹15,forward
1775478812.430086,29.901358,1775478816.724946|完整运动,完整运动,circle_orbit,1,1.000000,2.500000,2.500000,,,,,,,,,,,,,,,,1.606533,-0.031634,1.421321,-0.074776,0.000000,0.000000,-0.318279,,-0.332859,0.000000,,,,0.019691,0.178521,2.500000,49.917167,6.626140,0.000000,circle,预设轨迹15,forward
1775478812.458635,29.929907,1775478816.724946|完整运动,完整运动,circle_orbit,1,1.000000,2.500000,2.500000,,,,,,,,,,,,,,,,1.603455,-0.035605,1.418761,-0.065389,0.000000,0.000000,-0.329149,,-0.330011,0.000000,,,,0.022205,0.178179,2.500000,49.949605,6.593701,0.000000,circle,预设轨迹15,forward
1775478812.479059,29.950331,1775478816.724946|完整运动,完整运动,circle_orbit,1,1.000000,2.500000,2.500000,,,,,,,,,,,,,,,,1.600381,-0.039582,1.415998,-0.069408,0.000000,0.000000,-0.340059,,-0.327311,0.000000,,,,0.024733,0.177837,2.500000,49.982367,6.560940,0.000000,circle,预设轨迹15,forward
1775478812.506585,29.977858,1775478816.724946|完整运动,完整运动,circle_orbit,1,1.000000,2.500000,2.500000,,,,,,,,,,,,,,,,1.597315,-0.043512,1.413319,-0.072990,0.000000,0.000000,-0.350937,,-0.324567,0.000000,,,,0.027241,0.177496,2.500000,50.015120,6.528186,0.000000,circle,预设轨迹15,forward
1775478812.530853,30.002126,1775478816.724946|完整运动,完整运动,circle_orbit,1,1.000000,2.500000,2.500000,,,,,,,,,,,,,,,,1.594245,-0.047288,1.410044,-0.075602,0.000000,0.000000,-0.361624,,-0.322385,0.000000,,,,0.029661,0.177155,2.500000,50.048069,6.495238,0.000000,circle,预设轨迹15,forward
1775478812.551153,30.022426,1775478816.724946|完整运动,完整运动,circle_orbit,1,1.000000,2.500000,2.500000,,,,,,,,,,,,,,,,1.591137,-0.055324,1.404677,-0.115602,0.000000,0.000000,-0.382198,,-0.317473,0.000000,,,,0.034770,0.176810,2.500000,50.113618,6.429689,0.000000,circle,预设轨迹15,forward
1775478812.575270,30.046542,1775478816.724946|完整运动,完整运动,circle_orbit,1,1.000000,2.500000,2.500000,,,,,,,,,,,,,,,,1.588051,-0.058583,1.402865,-0.083020,0.000000,0.000000,-0.392135,,-0.314494,0.000000,,,,0.036890,0.176467,2.500000,50.146117,6.397190,0.000000,circle,预设轨迹15,forward
1775478812.607432,30.078704,1775478816.724946|完整运动,完整运动,circle_orbit,1,1.000000,2.500000,2.500000,,,,,,,,,,,,,,,,1.584982,-0.061654,1.400880,-0.084691,0.000000,0.000000,-0.401820,,-0.311766,0.000000,,,,0.038899,0.176126,2.500000,50.178708,6.364599,0.000000,circle,预设轨迹15,forward
1775478812.627740,30.099012,1775478816.724946|完整运动,完整运动,circle_orbit,1,1.000000,2.500000,2.500000,,,,,,,,,,,,,,,,1.581939,-0.069070,1.399367,-0.124691,0.000000,0.000000,-0.420868,,-0.304506,0.000000,,,,0.043662,0.175788,2.500000,50.243943,6.299364,0.000000,circle,预设轨迹15,forward
1775478812.658718,30.129991,1775478816.724946|完整运动,完整运动,circle_orbit,1,1.000000,2.500000,2.500000,,,,,,,,,,,,,,,,1.578946,-0.070908,1.399367,-0.084691,0.000000,0.000000,-0.420868,,-0.304506,0.000000,,,,0.044909,0.175455,2.500000,50.243943,6.299364,0.000000,circle,预设轨迹15,forward
1775478812.684131,30.155404,1775478816.724946|完整运动,完整运动,circle_orbit,1,1.000000,2.500000,2.500000,,,,,,,,,,,,,,,,1.575983,-0.077236,1.398190,-0.124691,0.000000,0.000000,-0.439700,,-0.297075,0.000000,,,,0.049008,0.175126,2.500000,50.309221,6.234086,0.000000,circle,预设轨迹15,forward
1775478812.704449,30.175721,1775478816.724946|完整运动,完整运动,circle_orbit,1,1.000000,2.500000,2.500000,,,,,,,,,,,,,,,,1.573059,-0.079636,1.397589,-0.097640,0.000000,0.000000,-0.448862,,-0.293484,0.000000,,,,0.050625,0.174801,2.500000,50.342006,6.201301,0.000000,circle,预设轨迹15,forward
1775478812.730935,30.202208,1775478816.724946|完整运动,完整运动,circle_orbit,1,1.000000,2.500000,2.500000,,,,,,,,,,,,,,,,1.570182,-0.082009,1.397557,-0.099805,0.000000,0.000000,-0.457942,,-0.289473,0.000000,,,,0.052229,0.174481,2.500000,50.374588,6.168718,0.000000,circle,预设轨迹15,forward
1775478812.768868,30.240141,1775478816.724946|完整运动,完整运动,circle_orbit,1,1.000000,2.500000,2.500000,,,,,,,,,,,,,,,,1.567352,-0.084456,1.397570,-0.102813,0.000000,0.000000,-0.467088,,-0.285397,0.000000,,,,0.053885,0.174167,2.500000,50.407101,6.136206,0.000000,circle,预设轨迹15,forward
1775478812.804064,30.275336,1775478816.724946|完整运动,完整运动,circle_orbit,1,1.000000,2.500000,2.500000,,,,,,,,,,,,,,,,1.564559,-0.091322,1.396970,-0.142813,0.000000,0.000000,-0.494757,,-0.273579,0.000000,,,,0.058369,0.173856,2.500000,50.504765,6.038542,0.000000,circle,预设轨迹15,forward
1775478812.837970,30.309242,1775478816.724946|完整运动,完整运动,circle_orbit,1,1.000000,2.500000,2.500000,,,,,,,,,,,,,,,,1.561810,-0.094149,1.396881,-0.115348,0.000000,0.000000,-0.503675,,-0.269686,0.000000,,,,0.060282,0.173551,2.500000,50.537692,6.005615,0.000000,circle,预设轨迹15,forward
1775478812.858984,30.330257,1775478816.724946|完整运动,完整运动,circle_orbit,1,1.000000,2.500000,2.500000,,,,,,,,,,,,,,,,1.559107,-0.101349,1.396940,-0.155348,0.000000,0.000000,-0.520181,,-0.262303,0.000000,,,,0.065004,0.173251,2.500000,50.603132,5.940175,0.000000,circle,预设轨迹15,forward
1775478812.879821,30.351094,1775478816.724946|完整运动,完整运动,circle_orbit,1,1.000000,2.500000,2.500000,,,,,,,,,,,,,,,,1.556475,-0.103383,1.398513,-0.118644,0.000000,0.000000,-0.528261,,-0.257453,0.000000,,,,0.066422,0.172958,2.500000,50.636216,5.907091,0.000000,circle,预设轨迹15,forward
1775478812.910659,30.381931,1775478816.724946|完整运动,完整运动,circle_orbit,1,1.000000,2.500000,2.500000,,,,,,,,,,,,,,,,1.553885,-0.100473,1.398513,-0.078644,0.000000,0.000000,-0.528261,,-0.257453,0.000000,,,,0.064659,0.172670,2.500000,50.636216,5.907091,0.000000,circle,预设轨迹15,forward
1775478812.932850,30.404123,1775478816.724946|完整运动,完整运动,circle_orbit,1,1.000000,2.500000,2.500000,,,,,,,,,,,,,,,,1.551395,-0.102611,1.402021,-0.118644,0.000000,0.000000,-0.550779,,-0.244649,0.000000,,,,0.066141,0.172394,2.500000,50.735127,5.808180,0.000000,circle,预设轨迹15,forward
1775478812.953802,30.425074,1775478816.724946|完整运动,完整运动,circle_orbit,1,1.000000,2.500000,2.500000,,,,,,,,,,,,,,,,1.548982,-0.104988,1.404179,-0.122817,0.000000,0.000000,-0.558097,,-0.239683,0.000000,,,,0.067779,0.172125,2.500000,50.767998,5.775309,0.000000,circle,预设轨迹15,forward
1775478812.984930,30.456203,1775478816.724946|完整运动,完整运动,circle_orbit,1,1.000000,2.500000,2.500000,,,,,,,,,,,,,,,,1.546641,-0.107215,1.406207,-0.123916,0.000000,0.000000,-0.565347,,-0.234856,0.000000,,,,0.069321,0.171865,2.500000,50.800952,5.742355,0.000000,circle,预设轨迹15,forward
1775478813.007140,30.478413,1775478816.724946|完整运动,完整运动,circle_orbit,1,1.000000,2.500000,2.500000,,,,,,,,,,,,,,,,1.544380,-0.109070,1.408691,-0.122981,0.000000,0.000000,-0.572197,,-0.229852,0.000000,,,,0.070624,0.171614,2.500000,50.834086,5.709221,0.000000,circle,预设轨迹15,forward
1775478813.027769,30.499042,1775478816.724946|完整运动,完整运动,circle_orbit,1,1.000000,2.500000,2.500000,,,,,,,,,,,,,,,,1.542234,-0.115219,1.413451,-0.161340,0.000000,0.000000,-0.585263,,-0.220309,0.000000,,,,0.074709,0.171376,2.500000,50.900197,5.643110,0.000000,circle,预设轨迹15,forward
1775478813.053703,30.524976,1775478816.724946|完整运动,完整运动,circle_orbit,1,1.000000,2.500000,2.500000,,,,,,,,,,,,,,,,1.540167,-0.116570,1.416148,-0.126699,0.000000,0.000000,-0.591831,,-0.215284,0.000000,,,,0.075686,0.171146,2.500000,50.933106,5.610201,0.000000,circle,预设轨迹15,forward
1775478813.074051,30.545324,1775478816.724946|完整运动,完整运动,circle_orbit,1,1.000000,2.500000,2.500000,,,,,,,,,,,,,,,,1.538173,-0.117864,1.418561,-0.127571,0.000000,0.000000,-0.598360,,-0.210505,0.000000,,,,0.076626,0.170924,2.500000,50.965913,5.577394,0.000000,circle,预设轨迹15,forward
1775478813.100114,30.571386,1775478816.724946|完整运动,完整运动,circle_orbit,1,1.000000,2.500000,2.500000,,,,,,,,,,,,,,,,1.536255,-0.119134,1.421184,-0.128663,0.000000,0.000000,-0.604889,,-0.205570,0.000000,,,,0.077549,0.170711,2.500000,50.998919,5.544388,0.000000,circle,预设轨迹15,forward
1775478813.125403,30.596675,1775478816.724946|完整运动,完整运动,circle_orbit,1,1.000000,2.500000,2.500000,,,,,,,,,,,,,,,,1.534415,-0.120266,1.424029,-0.128750,0.000000,0.000000,-0.611251,,-0.200546,0.000000,,,,0.078379,0.170507,2.500000,51.032304,5.511002,0.000000,circle,预设轨迹15,forward
1775478813.145684,30.616956,1775478816.724946|完整运动,完整运动,circle_orbit,1,1.000000,2.500000,2.500000,,,,,,,,,,,,,,,,1.532651,-0.121191,1.426793,-0.128130,0.000000,0.000000,-0.617339,,-0.195715,0.000000,,,,0.079073,0.170311,2.500000,51.065771,5.477536,0.000000,circle,预设轨迹15,forward
1775478813.174154,30.645426,1775478816.724946|完整运动,完整运动,circle_orbit,1,1.000000,2.500000,2.500000,,,,,,,,,,,,,,,,1.531008,-0.125841,1.432395,-0.160718,0.000000,0.000000,-0.628742,,-0.186363,0.000000,,,,0.082195,0.170128,2.500000,51.132393,5.410914,0.000000,circle,预设轨迹15,forward
1775478813.199234,30.670507,1775478816.724946|完整运动,完整运动,circle_orbit,1,1.000000,2.500000,2.500000,,,,,,,,,,,,,,,,1.529453,-0.126045,1.436174,-0.127577,0.000000,0.000000,-0.634035,,-0.181140,0.000000,,,,0.082412,0.169955,2.500000,51.165732,5.377574,0.000000,circle,预设轨迹15,forward
1775478813.219530,30.690803,1775478816.724946|完整运动,完整运动,circle_orbit,1,1.000000,2.500000,2.500000,,,,,,,,,,,,,,,,1.527983,-0.126054,1.439757,-0.126116,0.000000,0.000000,-0.639002,,-0.176225,0.000000,,,,0.082497,0.169792,2.500000,51.198948,5.344358,0.000000,circle,预设轨迹15,forward
1775478813.248816,30.720088,1775478816.724946|完整运动,完整运动,circle_orbit,1,1.000000,2.500000,2.500000,,,,,,,,,,,,,,,,1.526600,-0.125957,1.443668,-0.125231,0.000000,0.000000,-0.643766,,-0.171167,0.000000,,,,0.082508,0.169638,2.500000,51.232352,5.310955,0.000000,circle,预设轨迹15,forward
1775478813.274459,30.745732,1775478816.724946|完整运动,完整运动,circle_orbit,1,1.000000,2.500000,2.500000,,,,,,,,,,,,,,,,1.525307,-0.125691,1.447698,-0.123694,0.000000,0.000000,-0.648232,,-0.166170,0.000000,,,,0.082403,0.169495,2.500000,51.265666,5.277640,0.000000,circle,预设轨迹15,forward
1775478813.294793,30.766065,1775478816.724946|完整运动,完整运动,circle_orbit,1,1.000000,2.500000,2.500000,,,,,,,,,,,,,,,,1.524190,-0.128542,1.457185,-0.149924,0.000000,0.000000,-0.657086,,-0.155207,0.000000,,,,0.084334,0.169371,2.500000,51.332519,5.210788,0.000000,circle,预设轨迹15,forward
1775478813.321859,30.793132,1775478816.724946|完整运动,完整运动,circle_orbit,1,1.000000,2.500000,2.500000,,,,,,,,,,,,,,,,1.523092,-0.126351,1.457185,-0.109924,0.000000,0.000000,-0.657086,,-0.155207,0.000000,,,,0.082957,0.169248,2.500000,51.332519,5.210788,0.000000,circle,预设轨迹15,forward
1775478813.343926,30.815199,1775478816.724946|完整运动,完整运动,circle_orbit,1,1.000000,2.500000,2.500000,,,,,,,,,,,,,,,,1.522171,-0.128834,1.466920,-0.147451,0.000000,0.000000,-0.665499,,-0.144352,0.000000,,,,0.084638,0.169146,2.500000,51.399738,5.143569,0.000000,circle,预设轨迹15,forward
1775478813.365376,30.836648,1775478816.724946|完整运动,完整运动,circle_orbit,1,1.000000,2.500000,2.500000,,,,,,,,,,,,,,,,1.521354,-0.128155,1.472339,-0.123068,0.000000,0.000000,-0.669501,,-0.138652,0.000000,,,,0.084238,0.169055,2.500000,51.433417,5.109890,0.000000,circle,预设轨迹15,forward
1775478813.391025,30.862297,1775478816.724946|完整运动,完整运动,circle_orbit,1,1.000000,2.500000,2.500000,,,,,,,,,,,,,,,,1.520641,-0.127496,1.477895,-0.122548,0.000000,0.000000,-0.673435,,-0.132914,0.000000,,,,0.083843,0.168976,2.500000,51.466956,5.076350,0.000000,circle,预设轨迹15,forward
1775478813.427674,30.898947,1775478816.724946|完整运动,完整运动,circle_orbit,1,1.000000,2.500000,2.500000,,,,,,,,,,,,,,,,1.520113,-0.129713,1.488417,-0.146344,0.000000,0.000000,-0.681391,,-0.121904,0.000000,,,,0.085331,0.168917,2.500000,51.533816,5.009491,0.000000,circle,预设轨迹15,forward
1775478813.450342,30.921614,1775478816.724946|完整运动,完整运动,circle_orbit,1,1.000000,2.500000,2.500000,,,,,,,,,,,,,,,,1.519689,-0.128987,1.494216,-0.123544,0.000000,0.000000,-0.685238,,-0.116119,0.000000,,,,0.084877,0.168870,2.500000,51.567457,4.975849,0.000000,circle,预设轨迹15,forward
1775478813.486696,30.957968,1775478816.724946|完整运动,完整运动,circle_orbit,1,1.000000,2.500000,2.500000,,,,,,,,,,,,,,,,1.519456,-0.130418,1.505514,-0.141152,0.000000,0.000000,-0.692080,,-0.105231,0.000000,,,,0.085832,0.168844,2.500000,51.634849,4.908457,0.000000,circle,预设轨迹15,forward
1775478813.509673,30.980945,1775478816.724946|完整运动,完整运动,circle_orbit,1,1.000000,2.500000,2.500000,,,,,,,,,,,,,,,,1.519327,-0.129038,1.511563,-0.118684,0.000000,0.000000,-0.694959,,-0.099798,0.000000,,,,0.084931,0.168830,2.500000,51.668540,4.874766,0.000000,circle,预设轨迹15,forward
1775478813.540088,31.011360,1775478816.724946|完整运动,完整运动,circle_orbit,1,1.000000,2.500000,2.500000,,,,,,,,,,,,,,,,1.519415,-0.129087,1.524677,-0.129454,0.000000,0.000000,-0.699768,,-0.088770,0.000000,,,,0.084958,0.168840,2.500000,51.735792,4.807515,0.000000,circle,预设轨迹15,forward
1775478813.573410,31.044682,1775478816.724946|完整运动,完整运动,circle_orbit,1,1.000000,2.500000,2.500000,,,,,,,,,,,,,,,,1.519617,-0.127270,1.531750,-0.113640,0.000000,0.000000,-0.701889,,-0.083094,0.000000,,,,0.083751,0.168862,2.500000,51.769224,4.774082,0.000000,circle,预设轨迹15,forward
1775478813.602755,31.074027,1775478816.724946|完整运动,完整运动,circle_orbit,1,1.000000,2.500000,2.500000,,,,,,,,,,,,,,,,1.520079,-0.126797,1.547814,-0.123252,0.000000,0.000000,-0.705813,,-0.070763,0.000000,,,,0.083415,0.168914,2.500000,51.835948,4.707359,0.000000,circle,预设轨迹15,forward
1775478813.623185,31.094457,1775478816.724946|完整运动,完整运动,circle_orbit,1,1.000000,2.500000,2.500000,,,,,,,,,,,,,,,,1.520673,-0.124887,1.556308,-0.110566,0.000000,0.000000,-0.707644,,-0.064441,0.000000,,,,0.082126,0.168980,2.500000,51.869450,4.673856,0.000000,circle,预设轨迹15,forward
1775478813.650442,31.121715,1775478816.724946|完整运动,完整运动,circle_orbit,1,1.000000,2.500000,2.500000,,,,,,,,,,,,,,,,1.521396,-0.122944,1.564798,-0.108364,0.000000,0.000000,-0.709299,,-0.058257,0.000000,,,,0.080810,0.169060,2.500000,51.903112,4.640194,0.000000,circle,预设轨迹15,forward
1775478813.674794,31.146067,1775478816.724946|完整运动,完整运动,circle_orbit,1,1.000000,2.500000,2.500000,,,,,,,,,,,,,,,,1.522397,-0.121842,1.582434,-0.113579,0.000000,0.000000,-0.712055,,-0.045904,0.000000,,,,0.080033,0.169171,2.500000,51.970849,4.572457,0.000000,circle,预设轨迹15,forward
1775478813.695171,31.166444,1775478816.724946|完整运动,完整运动,circle_orbit,1,1.000000,2.500000,2.500000,,,,,,,,,,,,,,,,1.523538,-0.119631,1.592020,-0.103053,0.000000,0.000000,-0.713168,,-0.039464,0.000000,,,,0.078522,0.169298,2.500000,52.004673,4.538634,0.000000,circle,预设轨迹15,forward
1775478813.723318,31.194591,1775478816.724946|完整运动,完整运动,circle_orbit,1,1.000000,2.500000,2.500000,,,,,,,,,,,,,,,,1.524821,-0.117454,1.601801,-0.101124,0.000000,0.000000,-0.714206,,-0.033010,0.000000,,,,0.077028,0.169441,2.500000,52.038392,4.504914,0.000000,circle,预设轨迹15,forward
1775478813.753498,31.224770,1775478816.724946|完整运动,完整运动,circle_orbit,1,1.000000,2.500000,2.500000,,,,,,,,,,,,,,,,1.526236,-0.115269,1.611089,-0.098882,0.000000,0.000000,-0.715116,,-0.026981,0.000000,,,,0.075525,0.169598,2.500000,52.072059,4.471248,0.000000,circle,预设轨迹15,forward
1775478813.773921,31.245193,1775478816.724946|完整运动,完整运动,circle_orbit,1,1.000000,2.500000,2.500000,,,,,,,,,,,,,,,,1.527964,-0.113458,1.631665,-0.099876,0.000000,0.000000,-0.716476,,-0.014147,0.000000,,,,0.074254,0.169790,2.500000,52.139719,4.403588,0.000000,circle,预设轨迹15,forward
1775478813.795482,31.266754,1775478816.724946|完整运动,完整运动,circle_orbit,1,1.000000,2.500000,2.500000,,,,,,,,,,,,,,,,1.529835,-0.110881,1.642073,-0.091551,0.000000,0.000000,-0.716664,,-0.007994,0.000000,,,,0.072479,0.169998,2.500000,52.173681,4.369625,0.000000,circle,预设轨迹15,forward
1775478813.828338,31.299611,1775478816.724946|完整运动,完整运动,circle_orbit,1,1.000000,2.500000,2.500000,,,,,,,,,,,,,,,,1.531852,-0.108139,1.652876,-0.087571,0.000000,0.000000,-0.716497,,-0.001849,0.000000,,,,0.070593,0.170222,2.500000,52.207678,4.335629,0.000000,circle,预设轨迹15,forward
1775478813.848701,31.319974,1775478816.724946|完整运动,完整运动,circle_orbit,1,1.000000,2.500000,2.500000,,,,,,,,,,,,,,,,1.533600,-0.104781,1.638502,-0.079595,0.000000,0.000000,-0.715356,,0.010649,0.000000,,,,0.068323,0.170416,2.500000,52.275297,4.268009,0.000000,circle,预设轨迹15,forward
1775478813.874642,31.345914,1775478816.724946|完整运动,完整运动,circle_orbit,1,1.000000,2.500000,2.500000,,,,,,,,,,,,,,,,1.535320,-0.102349,1.638502,-0.084117,0.000000,0.000000,-0.715356,,0.010649,0.000000,,,,0.066663,0.170607,2.500000,52.275297,4.268009,0.000000,circle,预设轨迹15,forward
1775478813.906636,31.377909,1775478816.724946|完整运动,完整运动,circle_orbit,1,1.000000,2.500000,2.500000,,,,,,,,,,,,,,,,1.536690,-0.098586,1.618906,-0.070363,0.000000,0.000000,-0.713392,,0.023065,0.000000,,,,0.064155,0.170760,2.500000,52.342550,4.200757,0.000000,circle,预设轨迹15,forward
1775478813.927398,31.398671,1775478816.724946|完整运动,完整运动,circle_orbit,1,1.000000,2.500000,2.500000,,,,,,,,,,,,,,,,1.537711,-0.094589,1.598957,-0.064606,0.000000,0.000000,-0.710957,,0.036189,0.000000,,,,0.061513,0.170873,2.500000,52.409741,4.133566,0.000000,circle,预设轨迹15,forward
1775478813.957271,31.428544,1775478816.724946|完整运动,完整运动,circle_orbit,1,1.000000,2.500000,2.500000,,,,,,,,,,,,,,,,1.538715,-0.092443,1.598957,-0.076349,0.000000,0.000000,-0.710957,,0.036189,0.000000,,,,0.060078,0.170985,2.500000,52.409741,4.133566,0.000000,circle,预设轨迹15,forward
1775478813.996726,31.467999,1775478816.724946|完整运动,完整运动,circle_orbit,1,1.000000,2.500000,2.500000,,,,,,,,,,,,,,,,1.539397,-0.088042,1.580352,-0.055033,0.000000,0.000000,-0.707715,,0.049134,0.000000,,,,0.057192,0.171060,2.500000,52.477262,4.066044,0.000000,circle,预设轨迹15,forward
1775478814.017714,31.488986,1775478816.724946|完整运动,完整运动,circle_orbit,1,1.000000,2.500000,2.500000,,,,,,,,,,,,,,,,1.539788,-0.083124,1.563248,-0.046241,0.000000,0.000000,-0.703578,,0.061790,0.000000,,,,0.053984,0.171104,2.500000,52.544812,3.998495,0.000000,circle,预设轨迹15,forward
1775478814.044634,31.515906,1775478816.724946|完整运动,完整运动,circle_orbit,1,1.000000,2.500000,2.500000,,,,,,,,,,,,,,,,1.540036,-0.079622,1.554899,-0.053355,0.000000,0.000000,-0.701246,,0.068194,0.000000,,,,0.051701,0.171131,2.500000,52.578684,3.964623,0.000000,circle,预设轨迹15,forward
1775478814.083796,31.555069,1775478816.724946|完整运动,完整运动,circle_orbit,1,1.000000,2.500000,2.500000,,,,,,,,,,,,,,,,1.540148,-0.076088,1.546871,-0.049588,0.000000,0.000000,-0.698749,,0.074519,0.000000,,,,0.049403,0.171144,2.500000,52.612417,3.930890,0.000000,circle,预设轨迹15,forward
1775478814.105957,31.577229,1775478816.724946|完整运动,完整运动,circle_orbit,1,1.000000,2.500000,2.500000,,,,,,,,,,,,,,,,1.540008,-0.070662,1.531576,-0.029968,0.000000,0.000000,-0.693467,,0.086955,0.000000,,,,0.045884,0.171128,2.500000,52.680209,3.863098,0.000000,circle,预设轨迹15,forward
1775478814.128084,31.599356,1775478816.724946|完整运动,完整运动,circle_orbit,1,1.000000,2.500000,2.500000,,,,,,,,,,,,,,,,1.539742,-0.067121,1.523824,-0.040556,0.000000,0.000000,-0.690643,,0.093400,0.000000,,,,0.043592,0.171099,2.500000,52.714272,3.829035,0.000000,circle,预设轨迹15,forward
1775478814.150676,31.621948,1775478816.724946|完整运动,完整运动,circle_orbit,1,1.000000,2.500000,2.500000,,,,,,,,,,,,,,,,1.539253,-0.060877,1.509908,-0.014051,0.000000,0.000000,-0.683897,,0.105848,0.000000,,,,0.039550,0.171044,2.500000,52.782418,3.760888,0.000000,circle,预设轨迹15,forward
1775478814.170939,31.642212,1775478816.724946|完整运动,完整运动,circle_orbit,1,1.000000,2.500000,2.500000,,,,,,,,,,,,,,,,1.538670,-0.056877,1.503709,-0.026877,0.000000,0.000000,-0.680085,,0.111809,0.000000,,,,0.036965,0.170980,2.500000,52.816295,3.727012,0.000000,circle,预设轨迹15,forward
1775478814.199703,31.670975,1775478816.724946|完整运动,完整运动,circle_orbit,1,1.000000,2.500000,2.500000,,,,,,,,,,,,,,,,1.538097,-0.055663,1.503709,-0.046555,0.000000,0.000000,-0.680085,,0.111809,0.000000,,,,0.036189,0.170916,2.500000,52.816295,3.727012,0.000000,circle,预设轨迹15,forward
1775478814.227275,31.698547,1775478816.724946|完整运动,完整运动,circle_orbit,1,1.000000,2.500000,2.500000,,,,,,,,,,,,,,,,1.537351,-0.049885,1.492574,-0.006555,0.000000,0.000000,-0.672391,,0.122980,0.000000,,,,0.032449,0.170833,2.500000,52.882954,3.660353,0.000000,circle,预设轨迹15,forward
1775478814.247692,31.718965,1775478816.724946|完整运动,完整运动,circle_orbit,1,1.000000,2.500000,2.500000,,,,,,,,,,,,,,,,1.536403,-0.043151,1.479546,0.007359,0.000000,0.000000,-0.664506,,0.135703,0.000000,,,,0.028086,0.170728,2.500000,52.949339,3.593967,0.000000,circle,预设轨迹15,forward
1775478814.277104,31.748376,1775478816.724946|完整运动,完整运动,circle_orbit,1,1.000000,2.500000,2.500000,,,,,,,,,,,,,,,,1.535471,-0.041914,1.479546,-0.032641,0.000000,0.000000,-0.664506,,0.135703,0.000000,,,,0.027297,0.170624,2.500000,52.949339,3.593967,0.000000,circle,预设轨迹15,forward
1775478814.300996,31.772268,1775478816.724946|完整运动,完整运动,circle_orbit,1,1.000000,2.500000,2.500000,,,,,,,,,,,,,,,,1.534367,-0.036117,1.468110,0.007359,0.000000,0.000000,-0.655901,,0.147754,0.000000,,,,0.023539,0.170501,2.500000,53.015902,3.527405,0.000000,circle,预设轨迹15,forward
1775478814.323277,31.794550,1775478816.724946|完整运动,完整运动,circle_orbit,1,1.000000,2.500000,2.500000,,,,,,,,,,,,,,,,1.533192,-0.031967,1.462688,-0.000835,0.000000,0.000000,-0.651348,,0.153723,0.000000,,,,0.020850,0.170371,2.500000,53.049188,3.494118,0.000000,circle,预设轨迹15,forward
1775478814.355768,31.827040,1775478816.724946|完整运动,完整运动,circle_orbit,1,1.000000,2.500000,2.500000,,,,,,,,,,,,,,,,1.531870,-0.024292,1.452527,0.033266,0.000000,0.000000,-0.641681,,0.165493,0.000000,,,,0.015858,0.170224,2.500000,53.115711,3.427596,0.000000,circle,预设轨迹15,forward
1775478814.379224,31.850497,1775478816.724946|完整运动,完整运动,circle_orbit,1,1.000000,2.500000,2.500000,,,,,,,,,,,,,,,,1.530477,-0.020159,1.446950,0.010840,0.000000,0.000000,-0.636729,,0.171840,0.000000,,,,0.013172,0.170069,2.500000,53.148982,3.394325,0.000000,circle,预设轨迹15,forward
1775478814.401053,31.872326,1775478816.724946|完整运动,完整运动,circle_orbit,1,1.000000,2.500000,2.500000,,,,,,,,,,,,,,,,1.529022,-0.016245,1.441676,0.013109,0.000000,0.000000,-0.631978,,0.177902,0.000000,,,,0.010625,0.169907,2.500000,53.182129,3.361177,0.000000,circle,预设轨迹15,forward
1775478814.432970,31.904243,1775478816.724946|完整运动,完整运动,circle_orbit,1,1.000000,2.500000,2.500000,,,,,,,,,,,,,,,,1.527517,-0.012306,1.437229,0.017239,0.000000,0.000000,-0.627090,,0.183428,0.000000,,,,0.008056,0.169740,2.500000,53.215214,3.328092,0.000000,circle,预设轨迹15,forward
1775478814.455998,31.927270,1775478816.724946|完整运动,完整运动,circle_orbit,1,1.000000,2.500000,2.500000,,,,,,,,,,,,,,,,1.525924,-0.004158,1.430331,0.056949,0.000000,0.000000,-0.616142,,0.193538,0.000000,,,,0.002725,0.169563,2.500000,53.280784,3.262522,0.000000,circle,预设轨迹15,forward
1775478814.477220,31.948492,1775478816.724946|完整运动,完整运动,circle_orbit,1,1.000000,2.500000,2.500000,,,,,,,,,,,,,,,,1.524294,0.000345,1.426492,0.034118,0.000000,0.000000,-0.610048,,0.199186,0.000000,,,,0.000226,0.169382,2.500000,53.313423,3.229884,0.000000,circle,预设轨迹15,forward
1775478814.508012,31.979285,1775478816.724946|完整运动,完整运动,circle_orbit,1,1.000000,2.500000,2.500000,,,,,,,,,,,,,,,,1.522644,0.005058,1.423648,0.040409,0.000000,0.000000,-0.603538,,0.204268,0.000000,,,,0.003322,0.169199,2.500000,53.345943,3.197364,0.000000,circle,预设轨迹15,forward
1775478814.530190,32.001462,1775478816.724946|完整运动,完整运动,circle_orbit,1,1.000000,2.500000,2.500000,,,,,,,,,,,,,,,,1.520995,0.009966,1.422059,0.046774,0.000000,0.000000,-0.596625,,0.208568,0.000000,,,,0.006552,0.169015,2.500000,53.378037,3.165269,0.000000,circle,预设轨迹15,forward
1775478814.555448,32.026720,1775478816.724946|完整运动,完整运动,circle_orbit,1,1.000000,2.500000,2.500000,,,,,,,,,,,,,,,,1.519338,0.014852,1.419946,0.051494,0.000000,0.000000,-0.589608,,0.213321,0.000000,,,,0.009775,0.168831,2.500000,53.409979,3.133328,0.000000,circle,预设轨迹15,forward
1775478814.586348,32.057621,1775478816.724946|完整运动,完整运动,circle_orbit,1,1.000000,2.500000,2.500000,,,,,,,,,,,,,,,,1.517615,0.023868,1.414210,0.091494,0.000000,0.000000,-0.575717,,0.223959,0.000000,,,,0.015728,0.168640,2.500000,53.473321,3.069986,0.000000,circle,预设轨迹15,forward
1775478814.614791,32.086063,1775478816.724946|完整运动,完整运动,circle_orbit,1,1.000000,2.500000,2.500000,,,,,,,,,,,,,,,,1.515837,0.033514,1.409168,0.105855,0.000000,0.000000,-0.561575,,0.234198,0.000000,,,,0.022109,0.168442,2.500000,53.536654,3.006653,0.000000,circle,预设轨迹15,forward
1775478814.635638,32.106910,1775478816.724946|完整运动,完整运动,circle_orbit,1,1.000000,2.500000,2.500000,,,,,,,,,,,,,,,,1.514044,0.037932,1.406485,0.071065,0.000000,0.000000,-0.554488,,0.239463,0.000000,,,,0.025053,0.168243,2.500000,53.568078,2.975229,0.000000,circle,预设轨迹15,forward
1775478814.671743,32.143016,1775478816.724946|完整运动,完整运动,circle_orbit,1,1.000000,2.500000,2.500000,,,,,,,,,,,,,,,,1.512243,0.042317,1.404160,0.075208,0.000000,0.000000,-0.547371,,0.244465,0.000000,,,,0.027983,0.168043,2.500000,53.599561,2.943745,0.000000,circle,预设轨迹15,forward
1775478814.696951,32.168223,1775478816.724946|完整运动,完整运动,circle_orbit,1,1.000000,2.500000,2.500000,,,,,,,,,,,,,,,,1.510420,0.050892,1.401051,0.115208,0.000000,0.000000,-0.532917,,0.253360,0.000000,,,,0.033694,0.167840,2.500000,53.662098,2.881209,0.000000,circle,预设轨迹15,forward
1775478814.717272,32.188544,1775478816.724946|完整运动,完整运动,circle_orbit,1,1.000000,2.500000,2.500000,,,,,,,,,,,,,,,,1.508598,0.055245,1.399288,0.087885,0.000000,0.000000,-0.525591,,0.258021,0.000000,,,,0.036620,0.167638,2.500000,53.693201,2.850106,0.000000,circle,预设轨迹15,forward
1775478814.737957,32.209230,1775478816.724946|完整运动,完整运动,circle_orbit,1,1.000000,2.500000,2.500000,,,,,,,,,,,,,,,,1.506783,0.059550,1.397837,0.091843,0.000000,0.000000,-0.518257,,0.262440,0.000000,,,,0.039521,0.167436,2.500000,53.724205,2.819102,0.000000,circle,预设轨迹15,forward
1775478814.758918,32.230191,1775478816.724946|完整运动,完整运动,circle_orbit,1,1.000000,2.500000,2.500000,,,,,,,,,,,,,,,,1.504975,0.063852,1.396501,0.096112,0.000000,0.000000,-0.510857,,0.266799,0.000000,,,,0.042427,0.167235,2.500000,53.755039,2.788267,0.000000,circle,预设轨迹15,forward
1775478814.789972,32.261245,1775478816.724946|完整运动,完整运动,circle_orbit,1,1.000000,2.500000,2.500000,,,,,,,,,,,,,,,,1.503185,0.068352,1.395791,0.102106,0.000000,0.000000,-0.503100,,0.270815,0.000000,,,,0.045472,0.167036,2.500000,53.785863,2.757444,0.000000,circle,预设轨迹15,forward
1775478814.813341,32.284613,1775478816.724946|完整运动,完整运动,circle_orbit,1,1.000000,2.500000,2.500000,,,,,,,,,,,,,,,,1.501395,0.077029,1.394027,0.142106,0.000000,0.000000,-0.486442,,0.279636,0.000000,,,,0.051305,0.166838,2.500000,53.847508,2.695798,0.000000,circle,预设轨迹15,forward
1775478814.834812,32.306084,1775478816.724946|完整运动,完整运动,circle_orbit,1,1.000000,2.500000,2.500000,,,,,,,,,,,,,,,,1.499644,0.082223,1.394533,0.121175,0.000000,0.000000,-0.477555,,0.283180,0.000000,,,,0.054828,0.166643,2.500000,53.877914,2.665393,0.000000,circle,预设轨迹15,forward
1775478814.862931,32.334204,1775478816.724946|完整运动,完整运动,circle_orbit,1,1.000000,2.500000,2.500000,,,,,,,,,,,,,,,,1.497920,0.082099,1.394533,0.081175,0.000000,0.000000,-0.477555,,0.283180,0.000000,,,,0.054809,0.166451,2.500000,53.877914,2.665393,0.000000,circle,预设轨迹15,forward
1775478814.885418,32.356690,1775478816.724946|完整运动,完整运动,circle_orbit,1,1.000000,2.500000,2.500000,,,,,,,,,,,,,,,,1.496234,0.086696,1.395075,0.121175,0.000000,0.000000,-0.459331,,0.290845,0.000000,,,,0.057943,0.166264,2.500000,53.938159,2.605147,0.000000,circle,预设轨迹15,forward
1775478814.907409,32.378682,1775478816.724946|完整运动,完整运动,circle_orbit,1,1.000000,2.500000,2.500000,,,,,,,,,,,,,,,,1.494576,0.092472,1.395069,0.135792,0.000000,0.000000,-0.450234,,0.294894,0.000000,,,,0.061872,0.166080,2.500000,53.968179,2.575128,0.000000,circle,预设轨迹15,forward
1775478814.938646,32.409919,1775478816.724946|完整运动,完整运动,circle_orbit,1,1.000000,2.500000,2.500000,,,,,,,,,,,,,,,,1.492944,0.098089,1.395013,0.140213,0.000000,0.000000,-0.441132,,0.298984,0.000000,,,,0.065702,0.165898,2.500000,53.998273,2.545034,0.000000,circle,预设轨迹15,forward
1775478814.959627,32.430900,1775478816.724946|完整运动,完整运动,circle_orbit,1,1.000000,2.500000,2.500000,,,,,,,,,,,,,,,,1.491351,0.107751,1.395777,0.180213,0.000000,0.000000,-0.422800,,0.306519,0.000000,,,,0.072250,0.165721,2.500000,54.058459,2.484848,0.000000,circle,预设轨迹15,forward
1775478814.995219,32.466491,1775478816.724946|完整运动,完整运动,circle_orbit,1,1.000000,2.500000,2.500000,,,,,,,,,,,,,,,,1.489796,0.113122,1.396496,0.153406,0.000000,0.000000,-0.413691,,0.309992,0.000000,,,,0.075931,0.165549,2.500000,54.088302,2.455004,0.000000,circle,预设轨迹15,forward
1775478815.029799,32.501071,1775478816.724946|完整运动,完整运动,circle_orbit,1,1.000000,2.500000,2.500000,,,,,,,,,,,,,,,,1.488284,0.118606,1.397573,0.159738,0.000000,0.000000,-0.404228,,0.313336,0.000000,,,,0.079693,0.165381,2.500000,54.118385,2.424921,0.000000,circle,预设轨迹15,forward
1775478815.050392,32.521665,1775478816.724946|完整运动,完整运动,circle_orbit,1,1.000000,2.500000,2.500000,,,,,,,,,,,,,,,,1.486869,0.128151,1.401960,0.199738,0.000000,0.000000,-0.375237,,0.322724,0.000000,,,,0.086188,0.165223,2.500000,54.208660,2.334646,0.000000,circle,预设轨迹15,forward
1775478815.076528,32.547800,1775478816.724946|完整运动,完整运动,circle_orbit,1,1.000000,2.500000,2.500000,,,,,,,,,,,,,,,,1.485477,0.131867,1.401960,0.159738,0.000000,0.000000,-0.375237,,0.322724,0.000000,,,,0.088771,0.165069,2.500000,54.208660,2.334646,0.000000,circle,预设轨迹15,forward
1775478815.110636,32.581908,1775478816.724946|完整运动,完整运动,circle_orbit,1,1.000000,2.500000,2.500000,,,,,,,,,,,,,,,,1.484183,0.139852,1.406576,0.199738,0.000000,0.000000,-0.355651,,0.327772,0.000000,,,,0.094228,0.164925,2.500000,54.268314,2.274992,0.000000,circle,预设轨迹15,forward
1775478815.131996,32.603268,1775478816.724946|完整运动,完整运动,circle_orbit,1,1.000000,2.500000,2.500000,,,,,,,,,,,,,,,,1.482994,0.151603,1.411652,0.239738,0.000000,0.000000,-0.335224,,0.332856,0.000000,,,,0.102228,0.164793,2.500000,54.327847,2.215460,0.000000,circle,预设轨迹15,forward
1775478815.152923,32.624195,1775478816.724946|完整运动,完整运动,circle_orbit,1,1.000000,2.500000,2.500000,,,,,,,,,,,,,,,,1.481867,0.157657,1.414199,0.203059,0.000000,0.000000,-0.324573,,0.335597,0.000000,,,,0.106391,0.164667,2.500000,54.358034,2.185272,0.000000,circle,预设轨迹15,forward
1775478815.175575,32.646847,1775478816.724946|完整运动,完整运动,circle_orbit,1,1.000000,2.500000,2.500000,,,,,,,,,,,,,,,,1.480823,0.163560,1.418175,0.207833,0.000000,0.000000,-0.313886,,0.337250,0.000000,,,,0.110452,0.164551,2.500000,54.387647,2.155659,0.000000,circle,预设轨迹15,forward
1775478815.195869,32.667142,1775478816.724946|完整运动,完整运动,circle_orbit,1,1.000000,2.500000,2.500000,,,,,,,,,,,,,,,,1.479856,0.169358,1.421871,0.212843,0.000000,0.000000,-0.303122,,0.339170,0.000000,,,,0.114442,0.164444,2.500000,54.417185,2.126121,0.000000,circle,预设轨迹15,forward
1775478815.226051,32.697324,1775478816.724946|完整运动,完整运动,circle_orbit,1,1.000000,2.500000,2.500000,,,,,,,,,,,,,,,,1.478961,0.175013,1.425279,0.217425,0.000000,0.000000,-0.292354,,0.341329,0.000000,,,,0.118335,0.164345,2.500000,54.446570,2.096737,0.000000,circle,预设轨迹15,forward
1775478815.253015,32.724288,1775478816.724946|完整运动,完整运动,circle_orbit,1,1.000000,2.500000,2.500000,,,,,,,,,,,,,,,,1.478140,0.180583,1.428860,0.222361,0.000000,0.000000,-0.281515,,0.343400,0.000000,,,,0.122169,0.164253,2.500000,54.475856,2.067451,0.000000,circle,预设轨迹15,forward
1775478815.273317,32.744590,1775478816.724946|完整运动,完整运动,circle_orbit,1,1.000000,2.500000,2.500000,,,,,,,,,,,,,,,,1.477440,0.190204,1.435452,0.262361,0.000000,0.000000,-0.259663,,0.348091,0.000000,,,,0.128739,0.164176,2.500000,54.534949,2.008358,0.000000,circle,预设轨迹15,forward
1775478815.300452,32.771724,1775478816.724946|完整运动,完整运动,circle_orbit,1,1.000000,2.500000,2.500000,,,,,,,,,,,,,,,,1.476818,0.195798,1.439478,0.237756,0.000000,0.000000,-0.248645,,0.349943,0.000000,,,,0.132581,0.164106,2.500000,54.564461,1.978846,0.000000,circle,预设轨迹15,forward
1775478815.327450,32.798723,1775478816.724946|完整运动,完整运动,circle_orbit,1,1.000000,2.500000,2.500000,,,,,,,,,,,,,,,,1.476283,0.201290,1.444171,0.242473,0.000000,0.000000,-0.237586,,0.351332,0.000000,,,,0.136349,0.164047,2.500000,54.593800,1.949507,0.000000,circle,预设轨迹15,forward
1775478815.347757,32.819030,1775478816.724946|完整运动,完整运动,circle_orbit,1,1.000000,2.500000,2.500000,,,,,,,,,,,,,,,,1.475905,0.210841,1.453263,0.282473,0.000000,0.000000,-0.215520,,0.354371,0.000000,,,,0.142855,0.164005,2.500000,54.652375,1.890932,0.000000,circle,预设轨迹15,forward
1775478815.374582,32.845854,1775478816.724946|完整运动,完整运动,circle_orbit,1,1.000000,2.500000,2.500000,,,,,,,,,,,,,,,,1.475534,0.214562,1.453263,0.242473,0.000000,0.000000,-0.215520,,0.354371,0.000000,,,,0.145413,0.163964,2.500000,54.652375,1.890932,0.000000,circle,预设轨迹15,forward
1775478815.415465,32.886738,1775478816.724946|完整运动,完整运动,circle_orbit,1,1.000000,2.500000,2.500000,,,,,,,,,,,,,,,,1.475322,0.222552,1.462571,0.282473,0.000000,0.000000,-0.193465,,0.357332,0.000000,,,,0.150850,0.163940,2.500000,54.710882,1.832425,0.000000,circle,预设轨迹15,forward
1775478815.449628,32.920901,1775478816.724946|完整运动,完整运动,circle_orbit,1,1.000000,2.500000,2.500000,,,,,,,,,,,,,,,,1.475314,0.234307,1.474838,0.322473,0.000000,0.000000,-0.171707,,0.358117,0.000000,,,,0.158818,0.163939,2.500000,54.768572,1.774734,0.000000,circle,预设轨迹15,forward
1775478815.474257,32.945529,1775478816.724946|完整运动,完整运动,circle_orbit,1,1.000000,2.500000,2.500000,,,,,,,,,,,,,,,,1.475544,0.247141,1.489345,0.343398,0.000000,0.000000,-0.149163,,0.357818,0.000000,,,,0.167492,0.163965,2.500000,54.825879,1.717428,0.000000,circle,预设轨迹15,forward
1775478815.494601,32.965873,1775478816.724946|完整运动,完整运动,circle_orbit,1,1.000000,2.500000,2.500000,,,,,,,,,,,,,,,,1.475887,0.253760,1.496499,0.303398,0.000000,0.000000,-0.137680,,0.357906,0.000000,,,,0.171937,0.164003,2.500000,54.854471,1.688835,0.000000,circle,预设轨迹15,forward
1775478815.520795,32.992068,1775478816.724946|完整运动,完整运动,circle_orbit,1,1.000000,2.500000,2.500000,,,,,,,,,,,,,,,,1.476370,0.258301,1.505356,0.292362,0.000000,0.000000,-0.125996,,0.356957,0.000000,,,,0.174957,0.164057,2.500000,54.882556,1.660751,0.000000,circle,预设轨迹15,forward
1775478815.547272,33.018545,1775478816.724946|完整运动,完整运动,circle_orbit,1,1.000000,2.500000,2.500000,,,,,,,,,,,,,,,,1.476989,0.262827,1.514100,0.296770,0.000000,0.000000,-0.114300,,0.356161,0.000000,,,,0.177948,0.164125,2.500000,54.910597,1.632710,0.000000,circle,预设轨迹15,forward
1775478815.580136,33.051408,1775478816.724946|完整运动,完整运动,circle_orbit,1,1.000000,2.500000,2.500000,,,,,,,,,,,,,,,,1.477740,0.267173,1.522810,0.299772,0.000000,0.000000,-0.102824,,0.355360,0.000000,,,,0.180799,0.164209,2.500000,54.938304,1.605003,0.000000,circle,预设轨迹15,forward
1775478815.619281,33.090554,1775478816.724946|完整运动,完整运动,circle_orbit,1,1.000000,2.500000,2.500000,,,,,,,,,,,,,,,,1.478751,0.275714,1.539405,0.339772,0.000000,0.000000,-0.080183,,0.354362,0.000000,,,,0.186451,0.164321,2.500000,54.994462,1.548845,0.000000,circle,预设轨迹15,forward
1775478815.648003,33.119275,1775478816.724946|完整运动,完整运动,circle_orbit,1,1.000000,2.500000,2.500000,,,,,,,,,,,,,,,,1.480064,0.287956,1.558829,0.379769,0.000000,0.000000,-0.057619,,0.351744,0.000000,,,,0.194557,0.164467,2.500000,55.050714,1.492593,0.000000,circle,预设轨迹15,forward
1775478815.668633,33.139905,1775478816.724946|完整运动,完整运动,circle_orbit,1,1.000000,2.500000,2.500000,,,,,,,,,,,,,,,,1.481710,0.299848,1.580467,0.389038,0.000000,0.000000,-0.035064,,0.348046,0.000000,,,,0.202366,0.164650,2.500000,55.106828,1.436479,0.000000,circle,预设轨迹15,forward
1775478815.706067,33.177340,1775478816.724946|完整运动,完整运动,circle_orbit,1,1.000000,2.500000,2.500000,,,,,,,,,,,,,,,,1.483329,0.305635,1.580467,0.349038,0.000000,0.000000,-0.035064,,0.348046,0.000000,,,,0.206047,0.164830,2.500000,55.106828,1.436479,0.000000,circle,预设轨迹15,forward
1775478815.735226,33.206498,1775478816.724946|完整运动,完整运动,circle_orbit,1,1.000000,2.500000,2.500000,,,,,,,,,,,,,,,,1.485304,0.315447,1.603807,0.389038,0.000000,0.000000,-0.012349,,0.343755,0.000000,,,,0.212379,0.165049,2.500000,55.163241,1.380066,0.000000,circle,预设轨迹15,forward
1775478815.756764,33.228037,1775478816.724946|完整运动,完整运动,circle_orbit,1,1.000000,2.500000,2.500000,,,,,,,,,,,,,,,,1.487425,0.325958,1.614708,0.404790,0.000000,0.000000,0.010007,,0.338219,0.000000,,,,0.219143,0.165285,2.500000,55.219632,1.323675,0.000000,circle,预设轨迹15,forward
1775478815.784072,33.255345,1775478816.724946|完整运动,完整运动,circle_orbit,1,1.000000,2.500000,2.500000,,,,,,,,,,,,,,,,1.489466,0.330527,1.611902,0.364790,0.000000,0.000000,0.021173,,0.334940,0.000000,,,,0.221909,0.165512,2.500000,55.247770,1.295537,0.000000,circle,预设轨迹15,forward
1775478815.821022,33.292295,1775478816.724946|完整运动,完整运动,circle_orbit,1,1.000000,2.500000,2.500000,,,,,,,,,,,,,,,,1.491441,0.332932,1.609944,0.350970,0.000000,0.000000,0.032425,,0.331118,0.000000,,,,0.223228,0.165731,2.500000,55.275795,1.267512,0.000000,circle,预设轨迹15,forward
1775478815.842635,33.313908,1775478816.724946|完整运动,完整运动,circle_orbit,1,1.000000,2.500000,2.500000,,,,,,,,,,,,,,,,1.493307,0.339760,1.605260,0.390970,0.000000,0.000000,0.054879,,0.323969,0.000000,,,,0.227522,0.165939,2.500000,55.331969,1.211338,0.000000,circle,预设轨迹15,forward
1775478815.863241,33.334514,1775478816.724946|完整运动,完整运动,circle_orbit,1,1.000000,2.500000,2.500000,,,,,,,,,,,,,,,,1.495104,0.342322,1.602940,0.361543,0.000000,0.000000,0.065813,,0.320519,0.000000,,,,0.228962,0.166138,2.500000,55.360072,1.183234,0.000000,circle,预设轨迹15,forward
1775478815.889416,33.360688,1775478816.724946|完整运动,完整运动,circle_orbit,1,1.000000,2.500000,2.500000,,,,,,,,,,,,,,,,1.496864,0.344988,1.602450,0.364981,0.000000,0.000000,0.076763,,0.315949,0.000000,,,,0.230474,0.166334,2.500000,55.387693,1.155614,0.000000,circle,预设轨迹15,forward
1775478815.909786,33.381058,1775478816.724946|完整运动,完整运动,circle_orbit,1,1.000000,2.500000,2.500000,,,,,,,,,,,,,,,,1.498550,0.352046,1.599727,0.404981,0.000000,0.000000,0.098137,,0.308109,0.000000,,,,0.234924,0.166521,2.500000,55.443380,1.099926,0.000000,circle,预设轨迹15,forward
1775478815.932455,33.403727,1775478816.724946|完整运动,完整运动,circle_orbit,1,1.000000,2.500000,2.500000,,,,,,,,,,,,,,,,1.500204,0.354686,1.599425,0.374487,0.000000,0.000000,0.108750,,0.303576,0.000000,,,,0.236425,0.166705,2.500000,55.471152,1.072155,0.000000,circle,预设轨迹15,forward
1775478815.962217,33.433489,1775478816.724946|完整运动,完整运动,circle_orbit,1,1.000000,2.500000,2.500000,,,,,,,,,,,,,,,,1.501815,0.357317,1.598523,0.377045,0.000000,0.000000,0.119276,,0.299448,0.000000,,,,0.237923,0.166884,2.500000,55.499237,1.044069,0.000000,circle,预设轨迹15,forward
1775478815.982640,33.453912,1775478816.724946|完整运动,完整运动,circle_orbit,1,1.000000,2.500000,2.500000,,,,,,,,,,,,,,,,1.503396,0.359968,1.598202,0.379854,0.000000,0.000000,0.129769,,0.294980,0.000000,,,,0.239437,0.167060,2.500000,55.527035,1.016271,0.000000,circle,预设轨迹15,forward
1775478816.012628,33.483900,1775478816.724946|完整运动,完整运动,circle_orbit,1,1.000000,2.500000,2.500000,,,,,,,,,,,,,,,,1.504950,0.367013,1.598203,0.419854,0.000000,0.000000,0.150822,,0.285623,0.000000,,,,0.243871,0.167232,2.500000,55.583051,0.960256,0.000000,circle,预设轨迹15,forward
1775478816.039534,33.510806,1775478816.724946|完整运动,完整运动,circle_orbit,1,1.000000,2.500000,2.500000,,,,,,,,,,,,,,,,1.506461,0.369563,1.597125,0.388688,0.000000,0.000000,0.160972,,0.281771,0.000000,,,,0.245319,0.167400,2.500000,55.611388,0.931919,0.000000,circle,预设轨迹15,forward
1775478816.059920,33.531192,1775478816.724946|完整运动,完整运动,circle_orbit,1,1.000000,2.500000,2.500000,,,,,,,,,,,,,,,,1.507950,0.372059,1.597274,0.390780,0.000000,0.000000,0.171016,,0.277215,0.000000,,,,0.246732,0.167566,2.500000,55.639706,0.903601,0.000000,circle,预设轨迹15,forward
1775478816.090948,33.562220,1775478816.724946|完整运动,完整运动,circle_orbit,1,1.000000,2.500000,2.500000,,,,,,,,,,,,,,,,1.509440,0.374551,1.598877,0.393241,0.000000,0.000000,0.181030,,0.271783,0.000000,,,,0.248139,0.167731,2.500000,55.668067,0.875240,0.000000,circle,预设轨迹15,forward
1775478816.113826,33.585099,1775478816.724946|完整运动,完整运动,circle_orbit,1,1.000000,2.500000,2.500000,,,,,,,,,,,,,,,,1.510937,0.377105,1.600720,0.396258,0.000000,0.000000,0.191111,,0.266177,0.000000,,,,0.249584,0.167898,2.500000,55.696507,0.846800,0.000000,circle,预设轨迹15,forward
1775478816.134095,33.605368,1775478816.724946|完整运动,完整运动,circle_orbit,1,1.000000,2.500000,2.500000,,,,,,,,,,,,,,,,1.512495,0.384064,1.606012,0.436258,0.000000,0.000000,0.211086,,0.254082,0.000000,,,,0.253928,0.168071,2.500000,55.753627,0.789680,0.000000,circle,预设轨迹15,forward
1775478816.163604,33.634877,1775478816.724946|完整运动,完整运动,circle_orbit,1,1.000000,2.500000,2.500000,,,,,,,,,,,,,,,,1.514082,0.386496,1.609262,0.404734,0.000000,0.000000,0.220944,,0.247735,0.000000,,,,0.255268,0.168247,2.500000,55.782082,0.761224,0.000000,circle,预设轨迹15,forward
1775478816.189811,33.661083,1775478816.724946|完整运动,完整运动,circle_orbit,1,1.000000,2.500000,2.500000,,,,,,,,,,,,,,,,1.515701,0.388796,1.612889,0.406044,0.000000,0.000000,0.230615,,0.241253,0.000000,,,,0.256512,0.168427,2.500000,55.810312,0.732994,0.000000,circle,预设轨迹15,forward
1775478816.210373,33.681646,1775478816.724946|完整运动,完整运动,circle_orbit,1,1.000000,2.500000,2.500000,,,,,,,,,,,,,,,,1.517392,0.395531,1.618831,0.446044,0.000000,0.000000,0.248322,,0.229827,0.000000,,,,0.260665,0.168615,2.500000,55.866816,0.676491,0.000000,circle,预设轨迹15,forward
1775478816.240507,33.711779,1775478816.724946|完整运动,完整运动,circle_orbit,1,1.000000,2.500000,2.500000,,,,,,,,,,,,,,,,1.519055,0.396768,1.618831,0.406044,0.000000,0.000000,0.248322,,0.229827,0.000000,,,,0.261194,0.168800,2.500000,55.866816,0.676491,0.000000,circle,预设轨迹15,forward
1775478816.277517,33.748790,1775478816.724946|完整运动,完整运动,circle_orbit,1,1.000000,2.500000,2.500000,,,,,,,,,,,,,,,,1.520851,0.402565,1.628628,0.446044,0.000000,0.000000,0.265063,,0.216579,0.000000,,,,0.264697,0.168999,2.500000,55.922861,0.620446,0.000000,circle,预设轨迹15,forward
1775478816.298533,33.769806,1775478816.724946|完整运动,完整运动,circle_orbit,1,1.000000,2.500000,2.500000,,,,,,,,,,,,,,,,1.522786,0.408964,1.638882,0.456960,0.000000,0.000000,0.281311,,0.203355,0.000000,,,,0.268563,0.169214,2.500000,55.978645,0.564662,0.000000,circle,预设轨迹15,forward
1775478816.319703,33.790976,1775478816.724946|完整运动,完整运动,circle_orbit,1,1.000000,2.500000,2.500000,,,,,,,,,,,,,,,,1.524777,0.409905,1.644228,0.416960,0.000000,0.000000,0.289176,,0.196759,0.000000,,,,0.268829,0.169436,2.500000,56.006639,0.536668,0.000000,circle,预设轨迹15,forward
1775478816.343533,33.814805,1775478816.724946|完整运动,完整运动,circle_orbit,1,1.000000,2.500000,2.500000,,,,,,,,,,,,,,,,1.526822,0.410065,1.649511,0.411269,0.000000,0.000000,0.296657,,0.190390,0.000000,,,,0.268574,0.169663,2.500000,56.034686,0.508621,0.000000,circle,预设轨迹15,forward
1775478816.364088,33.835361,1775478816.724946|完整运动,完整运动,circle_orbit,1,1.000000,2.500000,2.500000,,,,,,,,,,,,,,,,1.528933,0.410122,1.655601,0.410548,0.000000,0.000000,0.303820,,0.183722,0.000000,,,,0.268241,0.169898,2.500000,56.062775,0.480532,0.000000,circle,预设轨迹15,forward
1775478816.392552,33.863824,1775478816.724946|完整运动,完整运动,circle_orbit,1,1.000000,2.500000,2.500000,,,,,,,,,,,,,,,,1.531120,0.410154,1.662345,0.410393,0.000000,0.000000,0.310785,,0.176797,0.000000,,,,0.267878,0.170141,2.500000,56.090985,0.452321,0.000000,circle,预设轨迹15,forward
1775478816.418966,33.890238,1775478816.724946|完整运动,完整运动,circle_orbit,1,1.000000,2.500000,2.500000,,,,,,,,,,,,,,,,1.533377,0.410165,1.668776,0.410245,0.000000,0.000000,0.317566,,0.170161,0.000000,,,,0.267491,0.170391,2.500000,56.119473,0.423833,0.000000,circle,预设轨迹15,forward
1775478816.439266,33.910539,1775478816.724946|完整运动,完整运动,circle_orbit,1,1.000000,2.500000,2.500000,,,,,,,,,,,,,,,,1.535834,0.414820,1.683259,0.449732,0.000000,0.000000,0.330830,,0.156210,0.000000,,,,0.270094,0.170664,2.500000,56.176594,0.366713,0.000000,circle,预设轨迹15,forward
1775478816.466597,33.937870,1775478816.724946|完整运动,完整运动,circle_orbit,1,1.000000,2.500000,2.500000,,,,,,,,,,,,,,,,1.538372,0.414607,1.690646,0.413008,0.000000,0.000000,0.337292,,0.149281,0.000000,,,,0.269510,0.170946,2.500000,56.205290,0.338016,0.000000,circle,预设轨迹15,forward
1775478816.494212,33.965484,1775478816.724946|完整运动,完整运动,circle_orbit,1,1.000000,2.500000,2.500000,,,,,,,,,,,,,,,,1.541011,0.414415,1.699383,0.412980,0.000000,0.000000,0.343637,,0.141709,0.000000,,,,0.268924,0.171240,2.500000,56.233737,0.309569,0.000000,circle,预设轨迹15,forward
1775478816.514516,33.985788,1775478816.724946|完整运动,完整运动,circle_orbit,1,1.000000,2.500000,2.500000,,,,,,,,,,,,,,,,1.543871,0.418116,1.715444,0.445869,0.000000,0.000000,0.355395,,0.127874,0.000000,,,,0.270823,0.171557,2.500000,56.291462,0.251845,0.000000,circle,预设轨迹15,forward
1775478816.541173,34.012446,1775478816.724946|完整运动,完整运动,circle_orbit,1,1.000000,2.500000,2.500000,,,,,,,,,,,,,,,,1.546683,0.416675,1.715444,0.405869,0.000000,0.000000,0.355395,,0.127874,0.000000,,,,0.269399,0.171870,2.500000,56.291462,0.251845,0.000000,circle,预设轨迹15,forward
1775478816.568602,34.039874,1775478816.724946|完整运动,完整运动,circle_orbit,1,1.000000,2.500000,2.500000,,,,,,,,,,,,,,,,1.549775,0.419566,1.735268,0.441246,0.000000,0.000000,0.366242,,0.112648,0.000000,,,,0.270727,0.172214,2.500000,56.349485,0.193822,0.000000,circle,预设轨迹15,forward
1775478816.588912,34.060184,1775478816.724946|完整运动,完整运动,circle_orbit,1,1.000000,2.500000,2.500000,,,,,,,,,,,,,,,,1.553171,0.421884,1.756924,0.439272,0.000000,0.000000,0.376316,,0.097071,0.000000,,,,0.271628,0.172591,2.500000,56.407394,0.135912,0.000000,circle,预设轨迹15,forward
1775478816.616571,34.087843,1775478816.724946|完整运动,完整运动,circle_orbit,1,1.000000,2.500000,2.500000,,,,,,,,,,,,,,,,1.556511,0.419224,1.756924,0.399272,0.000000,0.000000,0.376316,,0.097071,0.000000,,,,0.269336,0.172962,2.500000,56.407394,0.135912,0.000000,circle,预设轨迹15,forward
1775478816.657965,34.129237,1775478816.724946|完整运动,完整运动,circle_orbit,1,1.000000,2.500000,2.500000,,,,,,,,,,,,,,,,1.560151,0.420971,1.778568,0.434075,0.000000,0.000000,0.385508,,0.082163,0.000000,,,,0.269827,0.173367,2.500000,56.465366,0.077941,0.000000,circle,预设轨迹15,forward
1775478816.691755,34.163027,1775478816.724946|完整运动,完整运动,circle_orbit,1,1.000000,2.500000,2.500000,,,,,,,,,,,,,,,,1.564146,0.422011,1.803825,0.429812,0.000000,0.000000,0.393675,,0.066232,0.000000,,,,0.269803,0.173810,2.500000,56.523438,0.019869,0.000000,circle,预设轨迹15,forward
