timestamp,relative_time_s,run_key,run_label,tracking_mode,segment_index,speed_sign,speed_mps,nominal_speed_abs_mps,lookahead_base_m,arrival_dist_m,slow_down_dist_m,stanley_gain,stanley_softening_distance_m,stanley_term_rad,lateral_pid_kp,lateral_pid_ki,lateral_pid_kd,heading_pid_kp,heading_pid_ki,heading_pid_kd,yaw_rate_pid_kp,yaw_rate_pid_ki,yaw_rate_pid_kd,cmd_v_mps,cmd_w_radps,desired_v_mps,desired_w_radps,feedback_v_mps,feedback_w_radps,lateral_error_m,stanley_lateral_pd_output_radps,heading_error_rad,yaw_rate_error_radps,lateral_pid_output_radps,heading_pid_output_radps,yaw_rate_pid_output_radps,path_curvature_inv_m,path_ff_w_radps,profile_speed_mps,path_s_m,dist_to_goal_m,pose_age_s,segment_kind,segment_trajectory_name,motion_direction
1775480060.588644,0.000000,1775480100.062021|完整运动,完整运动,circle_orbit,1,1.000000,2.500000,2.500000,,,,,,,,,,,,,,,,0.040984,0.004099,2.500000,0.004099,0.000000,0.000000,0.000000,,0.000000,0.000000,,,,0.040987,0.004099,2.500000,0.000000,62.827006,0.000000,circle,预设轨迹15,forward
1775480060.610394,0.021750,1775480100.062021|完整运动,完整运动,circle_orbit,1,1.000000,2.500000,2.500000,,,,,,,,,,,,,,,,0.081295,0.004234,2.499948,0.005235,0.000000,0.000000,0.000030,,0.000001,0.000000,,,,0.042342,0.008130,2.500000,0.000008,62.826998,0.000000,circle,预设轨迹15,forward
1775480060.642372,0.053728,1775480100.062021|完整运动,完整运动,circle_orbit,1,1.000000,2.500000,2.500000,,,,,,,,,,,,,,,,0.120944,0.004464,2.499927,0.006145,0.000000,0.000000,0.000041,,0.000002,0.000000,,,,0.036906,0.012095,2.500000,0.000009,62.826998,0.000000,circle,预设轨迹15,forward
1775480060.663138,0.074493,1775480100.062021|完整运动,完整运动,circle_orbit,1,1.000000,2.500000,2.500000,,,,,,,,,,,,,,,,0.159943,0.004790,2.499873,0.007165,0.000000,0.000000,0.000046,,0.000013,0.000000,,,,0.029948,0.015996,2.500000,0.000011,62.826996,0.000000,circle,预设轨迹15,forward
1775480060.693589,0.104945,1775480100.062021|完整运动,完整运动,circle_orbit,1,1.000000,2.500000,2.500000,,,,,,,,,,,,,,,,0.198302,0.005237,2.499856,0.008468,0.000000,0.000000,0.000082,,0.000003,0.000000,,,,0.026411,0.019832,2.500000,0.000006,62.827001,0.000000,circle,预设轨迹15,forward
1775480060.713949,0.125305,1775480100.062021|完整运动,完整运动,circle_orbit,1,1.000000,2.500000,2.500000,,,,,,,,,,,,,,,,0.236031,0.005766,2.499744,0.009554,0.000000,0.000000,0.000105,,-0.000022,0.000000,,,,0.024429,0.023605,2.500000,0.000014,62.826992,0.000000,circle,预设轨迹15,forward
1775480060.738119,0.149475,1775480100.062021|完整运动,完整运动,circle_orbit,1,1.000000,2.500000,2.500000,,,,,,,,,,,,,,,,0.273126,0.006371,2.498844,0.010680,0.000000,0.000000,0.000118,,-0.000242,0.000000,,,,0.023328,0.027315,2.500000,0.000149,62.826858,0.000000,circle,预设轨迹15,forward
1775480060.758472,0.169827,1775480100.062021|完整运动,完整运动,circle_orbit,1,1.000000,2.500000,2.500000,,,,,,,,,,,,,,,,0.309623,0.006979,2.499442,0.011267,0.000000,0.000000,0.000029,,0.000128,0.000000,,,,0.022539,0.030965,2.500000,0.000713,62.826294,0.000000,circle,预设轨迹15,forward
1775480060.788834,0.200190,1775480100.062021|完整运动,完整运动,circle_orbit,1,1.000000,2.500000,2.500000,,,,,,,,,,,,,,,,0.345492,0.007715,2.497614,0.012882,0.000000,0.000000,0.000000,,0.000597,0.000000,,,,0.022331,0.034552,2.500000,0.001903,62.825103,0.000000,circle,预设轨迹15,forward
1775480060.809331,0.220687,1775480100.062021|完整运动,完整运动,circle_orbit,1,1.000000,2.500000,2.500000,,,,,,,,,,,,,,,,0.380752,0.008610,2.496366,0.014840,0.000000,0.000000,0.000072,,0.000881,0.000000,,,,0.022613,0.038078,2.500000,0.006484,62.820522,0.000000,circle,预设轨迹15,forward
1775480060.835837,0.247193,1775480100.062021|完整运动,完整运动,circle_orbit,1,1.000000,2.500000,2.500000,,,,,,,,,,,,,,,,0.415415,0.009525,2.495194,0.015857,0.000000,0.000000,0.000088,,0.001169,0.000000,,,,0.022930,0.041545,2.500000,0.009960,62.817046,0.000000,circle,预设轨迹15,forward
1775480060.856139,0.267494,1775480100.062021|完整运动,完整运动,circle_orbit,1,1.000000,2.500000,2.500000,,,,,,,,,,,,,,,,0.449492,0.010526,2.494107,0.017400,0.000000,0.000000,0.000127,,0.001426,0.000000,,,,0.023418,0.044953,2.500000,0.014194,62.812813,0.000000,circle,预设轨迹15,forward
1775480060.884738,0.296093,1775480100.062021|完整运动,完整运动,circle_orbit,1,1.000000,2.500000,2.500000,,,,,,,,,,,,,,,,0.482975,0.011550,2.491929,0.018532,0.000000,0.000000,0.000122,,0.001976,0.000000,,,,0.023914,0.048301,2.500000,0.019312,62.807694,0.000000,circle,预设轨迹15,forward
1775480060.905150,0.316505,1775480100.062021|完整运动,完整运动,circle_orbit,1,1.000000,2.500000,2.500000,,,,,,,,,,,,,,,,0.515873,0.012715,2.489753,0.020611,0.000000,0.000000,0.000210,,0.002488,0.000000,,,,0.024648,0.051591,2.500000,0.025214,62.801792,0.000000,circle,预设轨迹15,forward
1775480060.933911,0.345267,1775480100.062021|完整运动,完整运动,circle_orbit,1,1.000000,2.500000,2.500000,,,,,,,,,,,,,,,,0.548199,0.013977,2.487761,0.022464,0.000000,0.000000,0.000346,,0.002936,0.000000,,,,0.025495,0.054824,2.500000,0.031671,62.795335,0.000000,circle,预设轨迹15,forward
1775480060.964806,0.376162,1775480100.062021|完整运动,完整运动,circle_orbit,1,1.000000,2.500000,2.500000,,,,,,,,,,,,,,,,0.579886,0.015536,2.481102,0.025960,0.000000,0.000000,0.000756,,0.004458,0.000000,,,,0.026791,0.057993,2.500000,0.046592,62.780415,0.000000,circle,预设轨迹15,forward
1775480060.995959,0.407315,1775480100.062021|完整运动,完整运动,circle_orbit,1,1.000000,2.500000,2.500000,,,,,,,,,,,,,,,,0.611011,0.017045,2.478514,0.027066,0.000000,0.000000,0.001072,,0.004989,0.000000,,,,0.027896,0.061106,2.500000,0.054870,62.772137,0.000000,circle,预设轨迹15,forward
1775480061.027442,0.438797,1775480100.062021|完整运动,完整运动,circle_orbit,1,1.000000,2.500000,2.500000,,,,,,,,,,,,,,,,0.641503,0.018898,2.471069,0.031124,0.000000,0.000000,0.001716,,0.006631,0.000000,,,,0.029459,0.064155,2.500000,0.073261,62.753746,0.000000,circle,预设轨迹15,forward
1775480061.056537,0.467893,1775480100.062021|完整运动,完整运动,circle_orbit,1,1.000000,2.500000,2.500000,,,,,,,,,,,,,,,,0.671431,0.020486,2.467092,0.030894,0.000000,0.000000,0.002053,,0.007516,0.000000,,,,0.030510,0.067148,2.500000,0.083273,62.743733,0.000000,circle,预设轨迹15,forward
1775480061.083377,0.494733,1775480100.062021|完整运动,完整运动,circle_orbit,1,1.000000,2.500000,2.500000,,,,,,,,,,,,,,,,0.700729,0.022327,2.458618,0.034324,0.000000,0.000000,0.002617,,0.009473,0.000000,,,,0.031863,0.070078,2.500000,0.104669,62.722337,0.000000,circle,预设轨迹15,forward
1775480061.123303,0.534659,1775480100.062021|完整运动,完整运动,circle_orbit,1,1.000000,2.500000,2.500000,,,,,,,,,,,,,,,,0.729394,0.024011,2.449295,0.034916,0.000000,0.000000,0.002990,,0.011743,0.000000,,,,0.032920,0.072945,2.500000,0.127620,62.699387,0.000000,circle,预设轨迹15,forward
1775480061.149640,0.560995,1775480100.062021|完整运动,完整运动,circle_orbit,1,1.000000,2.500000,2.500000,,,,,,,,,,,,,,,,0.757510,0.025546,2.444468,0.035418,0.000000,0.000000,0.003179,,0.012927,0.000000,,,,0.033723,0.075757,2.500000,0.139762,62.687245,0.000000,circle,预设轨迹15,forward
1775480061.174282,0.585638,1775480100.062021|完整运动,完整运动,circle_orbit,1,1.000000,2.500000,2.500000,,,,,,,,,,,,,,,,0.785100,0.027210,2.440462,0.037858,0.000000,0.000000,0.003465,,0.013861,0.000000,,,,0.034659,0.078516,2.500000,0.152361,62.674646,0.000000,circle,预设轨迹15,forward
1775480061.194992,0.606348,1775480100.062021|完整运动,完整运动,circle_orbit,1,1.000000,2.500000,2.500000,,,,,,,,,,,,,,,,0.812094,0.029403,2.431759,0.043346,0.000000,0.000000,0.004250,,0.015839,0.000000,,,,0.036207,0.081216,2.500000,0.178696,62.648310,0.000000,circle,预设轨迹15,forward
1775480061.223864,0.635219,1775480100.062021|完整运动,完整运动,circle_orbit,1,1.000000,2.500000,2.500000,,,,,,,,,,,,,,,,0.838646,0.030805,2.431759,0.039665,0.000000,0.000000,0.004250,,0.015839,0.000000,,,,0.036732,0.083871,2.500000,0.178696,62.648310,0.000000,circle,预设轨迹15,forward
1775480061.249769,0.661124,1775480100.062021|完整运动,完整运动,circle_orbit,1,1.000000,2.500000,2.500000,,,,,,,,,,,,,,,,0.864622,0.033601,2.423184,0.051168,0.000000,0.000000,0.005575,,0.017583,0.000000,,,,0.038862,0.086469,2.500000,0.206708,62.620298,0.000000,circle,预设轨迹15,forward
1775480061.273836,0.685192,1775480100.062021|完整运动,完整运动,circle_orbit,1,1.000000,2.500000,2.500000,,,,,,,,,,,,,,,,0.890063,0.035662,2.416538,0.048543,0.000000,0.000000,0.006214,,0.019100,0.000000,,,,0.040067,0.089013,2.500000,0.221305,62.605701,0.000000,circle,预设轨迹15,forward
1775480061.294178,0.705534,1775480100.062021|完整运动,完整运动,circle_orbit,1,1.000000,2.500000,2.500000,,,,,,,,,,,,,,,,0.914902,0.038114,2.405244,0.053351,0.000000,0.000000,0.007215,,0.021736,0.000000,,,,0.041659,0.091497,2.500000,0.251625,62.575382,0.000000,circle,预设轨迹15,forward
1775480061.320141,0.731497,1775480100.062021|完整运动,完整运动,circle_orbit,1,1.000000,2.500000,2.500000,,,,,,,,,,,,,,,,0.939244,0.039986,2.399753,0.051552,0.000000,0.000000,0.007674,,0.023039,0.000000,,,,0.042573,0.093932,2.500000,0.267476,62.559530,0.000000,circle,预设轨迹15,forward
1775480061.343682,0.755038,1775480100.062021|完整运动,完整运动,circle_orbit,1,1.000000,2.500000,2.500000,,,,,,,,,,,,,,,,0.963098,0.041999,2.394346,0.054371,0.000000,0.000000,0.008246,,0.024280,0.000000,,,,0.043608,0.096317,2.500000,0.283807,62.543200,0.000000,circle,预设轨迹15,forward
1775480061.365747,0.777103,1775480100.062021|完整运动,完整运动,circle_orbit,1,1.000000,2.500000,2.500000,,,,,,,,,,,,,,,,0.986466,0.044113,2.388547,0.057038,0.000000,0.000000,0.008901,,0.025603,0.000000,,,,0.044719,0.098654,2.500000,0.300698,62.526309,0.000000,circle,预设轨迹15,forward
1775480061.386195,0.797551,1775480100.062021|完整运动,完整运动,circle_orbit,1,1.000000,2.500000,2.500000,,,,,,,,,,,,,,,,1.009354,0.046308,2.382653,0.059651,0.000000,0.000000,0.009625,,0.026931,0.000000,,,,0.045879,0.100943,2.500000,0.318064,62.508943,0.000000,circle,预设轨迹15,forward
1775480061.415903,0.827259,1775480100.062021|完整运动,完整运动,circle_orbit,1,1.000000,2.500000,2.500000,,,,,,,,,,,,,,,,1.031784,0.048594,2.377583,0.062420,0.000000,0.000000,0.010432,,0.028007,0.000000,,,,0.047097,0.103186,2.500000,0.335712,62.491295,0.000000,circle,预设轨迹15,forward
1775480061.449776,0.861131,1775480100.062021|完整运动,完整运动,circle_orbit,1,1.000000,2.500000,2.500000,,,,,,,,,,,,,,,,1.053665,0.052151,2.366501,0.073562,0.000000,0.000000,0.012393,,0.030300,0.000000,,,,0.049495,0.105375,2.500000,0.371983,62.455023,0.000000,circle,预设轨迹15,forward
1775480061.473875,0.885231,1775480100.062021|完整运动,完整运动,circle_orbit,1,1.000000,2.500000,2.500000,,,,,,,,,,,,,,,,1.075068,0.054504,2.359222,0.068591,0.000000,0.000000,0.013338,,0.031959,0.000000,,,,0.050698,0.107515,2.500000,0.390837,62.436170,0.000000,circle,预设轨迹15,forward
1775480061.495796,0.907151,1775480100.062021|完整运动,完整运动,circle_orbit,1,1.000000,2.500000,2.500000,,,,,,,,,,,,,,,,1.095920,0.057920,2.347080,0.078275,0.000000,0.000000,0.015231,,0.034628,0.000000,,,,0.052850,0.109600,2.500000,0.430053,62.396954,0.000000,circle,预设轨迹15,forward
1775480061.517548,0.928904,1775480100.062021|完整运动,完整运动,circle_orbit,1,1.000000,2.500000,2.500000,,,,,,,,,,,,,,,,1.116340,0.060278,2.341504,0.074262,0.000000,0.000000,0.016247,,0.035807,0.000000,,,,0.053996,0.111643,2.500000,0.450215,62.376791,0.000000,circle,预设轨迹15,forward
1775480061.545924,0.957280,1775480100.062021|完整运动,完整运动,circle_orbit,1,1.000000,2.500000,2.500000,,,,,,,,,,,,,,,,1.136333,0.062582,2.335967,0.076180,0.000000,0.000000,0.017216,,0.037001,0.000000,,,,0.055074,0.113642,2.500000,0.470663,62.356344,0.000000,circle,预设轨迹15,forward
1775480061.572686,0.984042,1775480100.062021|完整运动,完整运动,circle_orbit,1,1.000000,2.500000,2.500000,,,,,,,,,,,,,,,,1.155891,0.065008,2.329314,0.079261,0.000000,0.000000,0.018289,,0.038482,0.000000,,,,0.056241,0.115598,2.500000,0.491428,62.335578,0.000000,circle,预设轨迹15,forward
1775480061.601550,1.012905,1775480100.062021|完整运动,完整运动,circle_orbit,1,1.000000,2.500000,2.500000,,,,,,,,,,,,,,,,1.174905,0.068783,2.315791,0.090857,0.000000,0.000000,0.020527,,0.041504,0.000000,,,,0.058543,0.117500,2.500000,0.534031,62.292976,0.000000,circle,预设轨迹15,forward
1775480061.622795,1.034151,1775480100.062021|完整运动,完整运动,circle_orbit,1,1.000000,2.500000,2.500000,,,,,,,,,,,,,,,,1.193536,0.071478,2.311408,0.087169,0.000000,0.000000,0.021919,,0.042227,0.000000,,,,0.059888,0.119363,2.500000,0.555668,62.271339,0.000000,circle,预设轨迹15,forward
1775480061.652086,1.063441,1775480100.062021|完整运动,完整运动,circle_orbit,1,1.000000,2.500000,2.500000,,,,,,,,,,,,,,,,1.211668,0.076437,2.299577,0.105177,0.000000,0.000000,0.025247,,0.044373,0.000000,,,,0.063084,0.121176,2.500000,0.600112,62.226894,0.000000,circle,预设轨迹15,forward
1775480061.683688,1.095044,1775480100.062021|完整运动,完整运动,circle_orbit,1,1.000000,2.500000,2.500000,,,,,,,,,,,,,,,,1.229400,0.079501,2.293278,0.097188,0.000000,0.000000,0.027113,,0.045493,0.000000,,,,0.064667,0.122949,2.500000,0.622750,62.204256,0.000000,circle,预设轨迹15,forward
1775480061.715184,1.126539,1775480100.062021|完整运动,完整运动,circle_orbit,1,1.000000,2.500000,2.500000,,,,,,,,,,,,,,,,1.246718,0.082316,2.285846,0.098492,0.000000,0.000000,0.028798,,0.047034,0.000000,,,,0.066026,0.124681,2.500000,0.645753,62.181254,0.000000,circle,预设轨迹15,forward
1775480061.737660,1.149016,1775480100.062021|完整运动,完整运动,circle_orbit,1,1.000000,2.500000,2.500000,,,,,,,,,,,,,,,,1.263534,0.087070,2.272467,0.114276,0.000000,0.000000,0.032104,,0.049736,0.000000,,,,0.068910,0.126363,2.500000,0.692630,62.134377,0.000000,circle,预设轨迹15,forward
1775480061.758029,1.169385,1775480100.062021|完整运动,完整运动,circle_orbit,1,1.000000,2.500000,2.500000,,,,,,,,,,,,,,,,1.279978,0.089637,2.266606,0.104269,0.000000,0.000000,0.033723,,0.050866,0.000000,,,,0.070030,0.128008,2.500000,0.716697,62.110309,0.000000,circle,预设轨迹15,forward
1775480061.789891,1.201246,1775480100.062021|完整运动,完整运动,circle_orbit,1,1.000000,2.500000,2.500000,,,,,,,,,,,,,,,,1.296039,0.092278,2.259715,0.107270,0.000000,0.000000,0.035398,,0.052298,0.000000,,,,0.071200,0.129614,2.500000,0.740757,62.086250,0.000000,circle,预设轨迹15,forward
1775480061.810222,1.221577,1775480100.062021|完整运动,完整运动,circle_orbit,1,1.000000,2.500000,2.500000,,,,,,,,,,,,,,,,1.311621,0.097103,2.246562,0.124394,0.000000,0.000000,0.038850,,0.054966,0.000000,,,,0.074033,0.131172,2.500000,0.789579,62.037428,0.000000,circle,预设轨迹15,forward
1775480061.835685,1.247040,1775480100.062021|完整运动,完整运动,circle_orbit,1,1.000000,2.500000,2.500000,,,,,,,,,,,,,,,,1.326835,0.099731,2.239678,0.114535,0.000000,0.000000,0.040645,,0.056386,0.000000,,,,0.075164,0.132694,2.500000,0.814373,62.012634,0.000000,circle,预设轨迹15,forward
1775480061.858536,1.269891,1775480100.062021|完整运动,完整运动,circle_orbit,1,1.000000,2.500000,2.500000,,,,,,,,,,,,,,,,1.341800,0.100129,2.239678,0.102363,0.000000,0.000000,0.040645,,0.056386,0.000000,,,,0.074623,0.134190,2.500000,0.814373,62.012634,0.000000,circle,预设轨迹15,forward
1775480061.882460,1.293815,1775480100.062021|完整运动,完整运动,circle_orbit,1,1.000000,2.500000,2.500000,,,,,,,,,,,,,,,,1.356321,0.105783,2.227571,0.137404,0.000000,0.000000,0.044721,,0.058547,0.000000,,,,0.077992,0.135643,2.500000,0.864731,61.962276,0.000000,circle,预设轨迹15,forward
1775480061.913513,1.324868,1775480100.062021|完整运动,完整运动,circle_orbit,1,1.000000,2.500000,2.500000,,,,,,,,,,,,,,,,1.370484,0.108775,2.220270,0.125448,0.000000,0.000000,0.046856,,0.060000,0.000000,,,,0.079370,0.137059,2.500000,0.890348,61.936659,0.000000,circle,预设轨迹15,forward
1775480061.934597,1.345953,1775480100.062021|完整运动,完整运动,circle_orbit,1,1.000000,2.500000,2.500000,,,,,,,,,,,,,,,,1.384229,0.114027,2.208919,0.143195,0.000000,0.000000,0.050793,,0.062041,0.000000,,,,0.082376,0.138434,2.500000,0.941870,61.885136,0.000000,circle,预设轨迹15,forward
1775480061.957011,1.368366,1775480100.062021|完整运动,完整运动,circle_orbit,1,1.000000,2.500000,2.500000,,,,,,,,,,,,,,,,1.397748,0.114082,2.208919,0.114385,0.000000,0.000000,0.050793,,0.062041,0.000000,,,,0.081618,0.139786,2.500000,0.941870,61.885136,0.000000,circle,预设轨迹15,forward
1775480061.982704,1.394060,1775480100.062021|完整运动,完整运动,circle_orbit,1,1.000000,2.500000,2.500000,,,,,,,,,,,,,,,,1.410889,0.119360,2.199343,0.148477,0.000000,0.000000,0.054725,,0.063548,0.000000,,,,0.084599,0.141100,2.500000,0.994790,61.832216,0.000000,circle,预设轨迹15,forward
1775480062.003816,1.415172,1775480100.062021|完整运动,完整运动,circle_orbit,1,1.000000,2.500000,2.500000,,,,,,,,,,,,,,,,1.423712,0.122011,2.193097,0.136584,0.000000,0.000000,0.056765,,0.064755,0.000000,,,,0.085699,0.142382,2.500000,1.021911,61.805095,0.000000,circle,预设轨迹15,forward
1775480062.027567,1.438923,1775480100.062021|完整运动,完整运动,circle_orbit,1,1.000000,2.500000,2.500000,,,,,,,,,,,,,,,,1.436233,0.124847,2.187480,0.140392,0.000000,0.000000,0.058947,,0.065712,0.000000,,,,0.086927,0.143634,2.500000,1.048871,61.778136,0.000000,circle,预设轨迹15,forward
1775480062.065099,1.476455,1775480100.062021|完整运动,完整运动,circle_orbit,1,1.000000,2.500000,2.500000,,,,,,,,,,,,,,,,1.448461,0.127854,2.182157,0.144276,0.000000,0.000000,0.061271,,0.066524,0.000000,,,,0.088269,0.144857,2.500000,1.076163,61.750843,0.000000,circle,预设轨迹15,forward
1775480062.086056,1.497412,1775480100.062021|完整运动,完整运动,circle_orbit,1,1.000000,2.500000,2.500000,,,,,,,,,,,,,,,,1.460290,0.134619,2.170001,0.171466,0.000000,0.000000,0.066493,,0.068446,0.000000,,,,0.092186,0.146040,2.500000,1.131255,61.695752,0.000000,circle,预设轨迹15,forward
1775480062.106682,1.518038,1775480100.062021|完整运动,完整运动,circle_orbit,1,1.000000,2.500000,2.500000,,,,,,,,,,,,,,,,1.471823,0.137578,2.163828,0.153647,0.000000,0.000000,0.069047,,0.069479,0.000000,,,,0.093475,0.147194,2.500000,1.159348,61.667659,0.000000,circle,预设轨迹15,forward
1775480062.132971,1.544326,1775480100.062021|完整运动,完整运动,circle_orbit,1,1.000000,2.500000,2.500000,,,,,,,,,,,,,,,,1.482970,0.144135,2.151774,0.179636,0.000000,0.000000,0.074333,,0.071410,0.000000,,,,0.097193,0.148308,2.500000,1.216457,61.610549,0.000000,circle,预设轨迹15,forward
1775480062.161484,1.572840,1775480100.062021|完整运动,完整运动,circle_orbit,1,1.000000,2.500000,2.500000,,,,,,,,,,,,,,,,1.493839,0.147024,2.145974,0.162627,0.000000,0.000000,0.077062,,0.072281,0.000000,,,,0.098421,0.149395,2.500000,1.245138,61.581869,0.000000,circle,预设轨迹15,forward
1775480062.197699,1.609055,1775480100.062021|完整运动,完整运动,circle_orbit,1,1.000000,2.500000,2.500000,,,,,,,,,,,,,,,,1.504435,0.149725,2.140187,0.164266,0.000000,0.000000,0.079642,,0.073217,0.000000,,,,0.099522,0.150455,2.500000,1.273948,61.553059,0.000000,circle,预设轨迹15,forward
1775480062.218345,1.629701,1775480100.062021|完整运动,完整运动,circle_orbit,1,1.000000,2.500000,2.500000,,,,,,,,,,,,,,,,1.514666,0.156080,2.128561,0.190203,0.000000,0.000000,0.084941,,0.075085,0.000000,,,,0.103045,0.151478,2.500000,1.332336,61.494670,0.000000,circle,预设轨迹15,forward
1775480062.238626,1.649982,1775480100.062021|完整运动,完整运动,circle_orbit,1,1.000000,2.500000,2.500000,,,,,,,,,,,,,,,,1.524649,0.158835,2.123598,0.173593,0.000000,0.000000,0.087755,,0.075675,0.000000,,,,0.104178,0.152477,2.500000,1.362004,61.465002,0.000000,circle,预设轨迹15,forward
1775480062.267543,1.678899,1775480100.062021|完整运动,完整运动,circle_orbit,1,1.000000,2.500000,2.500000,,,,,,,,,,,,,,,,1.534393,0.161118,2.119059,0.173313,0.000000,0.000000,0.090201,,0.076272,0.000000,,,,0.105004,0.153451,2.500000,1.391957,61.435050,0.000000,circle,预设轨迹15,forward
1775480062.298022,1.709378,1775480100.062021|完整运动,完整运动,circle_orbit,1,1.000000,2.500000,2.500000,,,,,,,,,,,,,,,,1.543891,0.163545,2.113770,0.176477,0.000000,0.000000,0.092715,,0.077112,0.000000,,,,0.105930,0.154401,2.500000,1.421984,61.405022,0.000000,circle,预设轨迹15,forward
1775480062.334094,1.745450,1775480100.062021|完整运动,完整运动,circle_orbit,1,1.000000,2.500000,2.500000,,,,,,,,,,,,,,,,1.553095,0.169511,2.105290,0.201229,0.000000,0.000000,0.097810,,0.078051,0.000000,,,,0.109144,0.155321,2.500000,1.481740,61.345266,0.000000,circle,预设轨迹15,forward
1775480062.356019,1.767375,1775480100.062021|完整运动,完整运动,circle_orbit,1,1.000000,2.500000,2.500000,,,,,,,,,,,,,,,,1.562065,0.171512,2.100299,0.182120,0.000000,0.000000,0.100175,,0.078869,0.000000,,,,0.109798,0.156219,2.500000,1.512125,61.314882,0.000000,circle,预设轨迹15,forward
1775480062.376687,1.788043,1775480100.062021|完整运动,完整运动,circle_orbit,1,1.000000,2.500000,2.500000,,,,,,,,,,,,,,,,1.570773,0.177531,2.093220,0.209382,0.000000,0.000000,0.105424,,0.079285,0.000000,,,,0.113022,0.157089,2.500000,1.573015,61.253992,0.000000,circle,预设轨迹15,forward
1775480062.405172,1.816528,1775480100.062021|完整运动,完整运动,circle_orbit,1,1.000000,2.500000,2.500000,,,,,,,,,,,,,,,,1.579284,0.180144,2.089970,0.193939,0.000000,0.000000,0.108375,,0.079265,0.000000,,,,0.114067,0.157941,2.500000,1.603662,61.223345,0.000000,circle,预设轨迹15,forward
1775480062.433725,1.845080,1775480100.062021|完整运动,完整运动,circle_orbit,1,1.000000,2.500000,2.500000,,,,,,,,,,,,,,,,1.587555,0.187442,2.083837,0.225881,0.000000,0.000000,0.114704,,0.078934,0.000000,,,,0.118069,0.158768,2.500000,1.664970,61.162037,0.000000,circle,预设轨迹15,forward
1775480062.455121,1.866477,1775480100.062021|完整运动,完整运动,circle_orbit,1,1.000000,2.500000,2.500000,,,,,,,,,,,,,,,,1.595621,0.189804,2.079573,0.202221,0.000000,0.000000,0.117714,,0.079267,0.000000,,,,0.118953,0.159574,2.500000,1.696047,61.130959,0.000000,circle,预设轨迹15,forward
1775480062.476629,1.887985,1775480100.062021|完整运动,完整运动,circle_orbit,1,1.000000,2.500000,2.500000,,,,,,,,,,,,,,,,1.603501,0.192257,2.076278,0.205133,0.000000,0.000000,0.120747,,0.079246,0.000000,,,,0.119898,0.160362,2.500000,1.727068,61.099938,0.000000,circle,预设轨迹15,forward
1775480062.502505,1.913860,1775480100.062021|完整运动,完整运动,circle_orbit,1,1.000000,2.500000,2.500000,,,,,,,,,,,,,,,,1.611194,0.194634,2.072801,0.207117,0.000000,0.000000,0.123701,,0.079327,0.000000,,,,0.120801,0.161132,2.500000,1.758224,61.068782,0.000000,circle,预设轨迹15,forward
1775480062.524830,1.936186,1775480100.062021|完整运动,完整运动,circle_orbit,1,1.000000,2.500000,2.500000,,,,,,,,,,,,,,,,1.618715,0.197178,2.069950,0.210530,0.000000,0.000000,0.126750,,0.079145,0.000000,,,,0.121811,0.161884,2.500000,1.789508,61.037499,0.000000,circle,预设轨迹15,forward
1775480062.546235,1.957591,1775480100.062021|完整运动,完整运动,circle_orbit,1,1.000000,2.500000,2.500000,,,,,,,,,,,,,,,,1.626072,0.199863,2.067494,0.213960,0.000000,0.000000,0.129891,,0.078785,0.000000,,,,0.122911,0.162620,2.500000,1.821102,61.005904,0.000000,circle,预设轨迹15,forward
1775480062.575449,1.986805,1775480100.062021|完整运动,完整运动,circle_orbit,1,1.000000,2.500000,2.500000,,,,,,,,,,,,,,,,1.633271,0.202451,2.065210,0.216039,0.000000,0.000000,0.132966,,0.078391,0.000000,,,,0.123954,0.163340,2.500000,1.853138,60.973869,0.000000,circle,预设轨迹15,forward
1775480062.596074,2.007430,1775480100.062021|完整运动,完整运动,circle_orbit,1,1.000000,2.500000,2.500000,,,,,,,,,,,,,,,,1.640322,0.209072,2.063392,0.243831,0.000000,0.000000,0.138954,,0.076662,0.000000,,,,0.127458,0.164045,2.500000,1.917424,60.909582,0.000000,circle,预设轨迹15,forward
1775480062.627040,2.038396,1775480100.062021|完整运动,完整运动,circle_orbit,1,1.000000,2.500000,2.500000,,,,,,,,,,,,,,,,1.647233,0.211144,2.061905,0.222022,0.000000,0.000000,0.141900,,0.076030,0.000000,,,,0.128181,0.164736,2.500000,1.949580,60.877427,0.000000,circle,预设轨迹15,forward
1775480062.668570,2.079926,1775480100.062021|完整运动,完整运动,circle_orbit,1,1.000000,2.500000,2.500000,,,,,,,,,,,,,,,,1.654024,0.213312,2.061491,0.224694,0.000000,0.000000,0.144876,,0.074992,0.000000,,,,0.128965,0.165415,2.500000,1.981666,60.845340,0.000000,circle,预设轨迹15,forward
1775480062.689356,2.100712,1775480100.062021|完整运动,完整运动,circle_orbit,1,1.000000,2.500000,2.500000,,,,,,,,,,,,,,,,1.660732,0.220010,2.063187,0.255174,0.000000,0.000000,0.151097,,0.071880,0.000000,,,,0.132478,0.166086,2.500000,2.045978,60.781029,0.000000,circle,预设轨迹15,forward
1775480062.722411,2.133766,1775480100.062021|完整运动,完整运动,circle_orbit,1,1.000000,2.500000,2.500000,,,,,,,,,,,,,,,,1.667358,0.222535,2.064918,0.235790,0.000000,0.000000,0.154553,,0.069863,0.000000,,,,0.133465,0.166749,2.500000,2.077962,60.749044,0.000000,circle,预设轨迹15,forward
1775480062.748123,2.159479,1775480100.062021|完整运动,完整运动,circle_orbit,1,1.000000,2.500000,2.500000,,,,,,,,,,,,,,,,1.673885,0.229615,2.065482,0.266785,0.000000,0.000000,0.161284,,0.066963,0.000000,,,,0.137175,0.167401,2.500000,2.142535,60.684472,0.000000,circle,预设轨迹15,forward
1775480062.778628,2.189984,1775480100.062021|完整运动,完整运动,circle_orbit,1,1.000000,2.500000,2.500000,,,,,,,,,,,,,,,,1.680311,0.231443,2.065890,0.241045,0.000000,0.000000,0.164484,,0.065534,0.000000,,,,0.137738,0.168044,2.500000,2.175019,60.651987,0.000000,circle,预设轨迹15,forward
1775480062.803638,2.214994,1775480100.062021|完整运动,完整运动,circle_orbit,1,1.000000,2.500000,2.500000,,,,,,,,,,,,,,,,1.686651,0.237334,2.067070,0.268261,0.000000,0.000000,0.170553,,0.062675,0.000000,,,,0.140713,0.168678,2.500000,2.239855,60.587152,0.000000,circle,预设轨迹15,forward
1775480062.824300,2.235656,1775480100.062021|完整运动,完整运动,circle_orbit,1,1.000000,2.500000,2.500000,,,,,,,,,,,,,,,,1.692915,0.238585,2.068772,0.245153,0.000000,0.000000,0.173455,,0.060892,0.000000,,,,0.140932,0.169305,2.500000,2.272285,60.554721,0.000000,circle,预设轨迹15,forward
1775480062.859067,2.270423,1775480100.062021|完整运动,完整运动,circle_orbit,1,1.000000,2.500000,2.500000,,,,,,,,,,,,,,,,1.699095,0.239698,2.069855,0.245541,0.000000,0.000000,0.176156,,0.059416,0.000000,,,,0.141074,0.169923,2.500000,2.305168,60.521839,0.000000,circle,预设轨迹15,forward
1775480062.881786,2.293142,1775480100.062021|完整运动,完整运动,circle_orbit,1,1.000000,2.500000,2.500000,,,,,,,,,,,,,,,,1.705197,0.244116,2.071314,0.267312,0.000000,0.000000,0.181145,,0.056888,0.000000,,,,0.143160,0.170533,2.500000,2.372069,60.454938,0.000000,circle,预设轨迹15,forward
1775480062.902135,2.313491,1775480100.062021|完整运动,完整运动,circle_orbit,1,1.000000,2.500000,2.500000,,,,,,,,,,,,,,,,1.711257,0.244838,2.074898,0.248627,0.000000,0.000000,0.183573,,0.054614,0.000000,,,,0.143075,0.171139,2.500000,2.405551,60.421455,0.000000,circle,预设轨迹15,forward
1775480062.928903,2.340259,1775480100.062021|完整运动,完整运动,circle_orbit,1,1.000000,2.500000,2.500000,,,,,,,,,,,,,,,,1.717283,0.246121,2.078848,0.252855,0.000000,0.000000,0.186291,,0.052096,0.000000,,,,0.143320,0.171742,2.500000,2.438712,60.388294,0.000000,circle,预设轨迹15,forward
1775480062.958342,2.369698,1775480100.062021|完整运动,完整运动,circle_orbit,1,1.000000,2.500000,2.500000,,,,,,,,,,,,,,,,1.723255,0.247546,2.081525,0.255031,0.000000,0.000000,0.189039,,0.050030,0.000000,,,,0.143651,0.172339,2.500000,2.472254,60.354753,0.000000,circle,预设轨迹15,forward
1775480062.998793,2.410149,1775480100.062021|完整运动,完整运动,circle_orbit,1,1.000000,2.500000,2.500000,,,,,,,,,,,,,,,,1.729230,0.252686,2.087767,0.279670,0.000000,0.000000,0.194416,,0.045635,0.000000,,,,0.146126,0.172936,2.500000,2.539990,60.287017,0.000000,circle,预设轨迹15,forward
1775480063.020680,2.432036,1775480100.062021|完整运动,完整运动,circle_orbit,1,1.000000,2.500000,2.500000,,,,,,,,,,,,,,,,1.735214,0.256771,2.094236,0.278216,0.000000,0.000000,0.199204,,0.041408,0.000000,,,,0.147977,0.173535,2.500000,2.608145,60.218862,0.000000,circle,预设轨迹15,forward
1775480063.040971,2.452327,1775480100.062021|完整运动,完整运动,circle_orbit,1,1.000000,2.500000,2.500000,,,,,,,,,,,,,,,,1.741175,0.257533,2.098809,0.261530,0.000000,0.000000,0.201692,,0.038787,0.000000,,,,0.147907,0.174131,2.500000,2.642024,60.184983,0.000000,circle,预设轨迹15,forward
1775480063.071658,2.483014,1775480100.062021|完整运动,完整运动,circle_orbit,1,1.000000,2.500000,2.500000,,,,,,,,,,,,,,,,1.747101,0.258533,2.102697,0.263783,0.000000,0.000000,0.204250,,0.036387,0.000000,,,,0.147978,0.174724,2.500000,2.675839,60.151168,0.000000,circle,预设轨迹15,forward
1775480063.100359,2.511714,1775480100.062021|完整运动,完整运动,circle_orbit,1,1.000000,2.500000,2.500000,,,,,,,,,,,,,,,,1.753061,0.263115,2.110682,0.287175,0.000000,0.000000,0.209320,,0.031548,0.000000,,,,0.150089,0.175320,2.500000,2.743436,60.083571,0.000000,circle,预设轨迹15,forward
1775480063.122499,2.533854,1775480100.062021|完整运动,完整运动,circle_orbit,1,1.000000,2.500000,2.500000,,,,,,,,,,,,,,,,1.758997,0.263783,2.115108,0.267288,0.000000,0.000000,0.211704,,0.029045,0.000000,,,,0.149962,0.175913,2.500000,2.777436,60.049570,0.000000,circle,预设轨迹15,forward
1775480063.148400,2.559756,1775480100.062021|完整运动,完整运动,circle_orbit,1,1.000000,2.500000,2.500000,,,,,,,,,,,,,,,,1.764924,0.264545,2.120566,0.268546,0.000000,0.000000,0.214058,,0.026202,0.000000,,,,0.149890,0.176506,2.500000,2.811588,60.015419,0.000000,circle,预设轨迹15,forward
1775480063.170315,2.581671,1775480100.062021|完整运动,完整运动,circle_orbit,1,1.000000,2.500000,2.500000,,,,,,,,,,,,,,,,1.770854,0.265211,2.126663,0.268706,0.000000,0.000000,0.216259,,0.023209,0.000000,,,,0.149764,0.177099,2.500000,2.845738,59.981269,0.000000,circle,预设轨迹15,forward
1775480063.190703,2.602059,1775480100.062021|完整运动,完整运动,circle_orbit,1,1.000000,2.500000,2.500000,,,,,,,,,,,,,,,,1.776864,0.268450,2.137451,0.285453,0.000000,0.000000,0.220240,,0.017908,0.000000,,,,0.151081,0.177700,2.500000,2.914476,59.912531,0.000000,circle,预设轨迹15,forward
1775480063.221966,2.633322,1775480100.062021|完整运动,完整运动,circle_orbit,1,1.000000,2.500000,2.500000,,,,,,,,,,,,,,,,1.782775,0.266073,2.137451,0.253594,0.000000,0.000000,0.220240,,0.017908,0.000000,,,,0.149246,0.178291,2.500000,2.914476,59.912531,0.000000,circle,预设轨迹15,forward
1775480063.253939,2.665295,1775480100.062021|完整运动,完整运动,circle_orbit,1,1.000000,2.500000,2.500000,,,,,,,,,,,,,,,,1.788830,0.269155,2.152111,0.285334,0.000000,0.000000,0.223928,,0.011453,0.000000,,,,0.150464,0.178897,2.500000,2.983599,59.843407,0.000000,circle,预设轨迹15,forward
1775480063.287724,2.699080,1775480100.062021|完整运动,完整运动,circle_orbit,1,1.000000,2.500000,2.500000,,,,,,,,,,,,,,,,1.795056,0.271820,2.168650,0.285811,0.000000,0.000000,0.227406,,0.004525,0.000000,,,,0.151427,0.179519,2.500000,3.053412,59.773595,0.000000,circle,预设轨迹15,forward
1775480063.318357,2.729713,1775480100.062021|完整运动,完整运动,circle_orbit,1,1.000000,2.500000,2.500000,,,,,,,,,,,,,,,,1.801323,0.271790,2.177297,0.271633,0.000000,0.000000,0.228993,,0.001029,0.000000,,,,0.150883,0.180146,2.500000,3.088510,59.738496,0.000000,circle,预设轨迹15,forward
1775480063.339495,2.750851,1775480100.062021|完整运动,完整运动,circle_orbit,1,1.000000,2.500000,2.500000,,,,,,,,,,,,,,,,1.807208,0.273712,2.160300,0.283802,0.000000,0.000000,0.231888,,-0.005517,0.000000,,,,0.151456,0.180735,2.500000,3.158346,59.668660,0.000000,circle,预设轨迹15,forward
1775480063.359937,2.771293,1775480100.062021|完整运动,完整运动,circle_orbit,1,1.000000,2.500000,2.500000,,,,,,,,,,,,,,,,1.812805,0.273318,2.148633,0.271249,0.000000,0.000000,0.233130,,-0.008947,0.000000,,,,0.150771,0.181294,2.500000,3.193161,59.633846,0.000000,circle,预设轨迹15,forward
1775480063.393258,2.804613,1775480100.062021|完整运动,完整运动,circle_orbit,1,1.000000,2.500000,2.500000,,,,,,,,,,,,,,,,1.818126,0.272963,2.137395,0.271102,0.000000,0.000000,0.234283,,-0.012309,0.000000,,,,0.150134,0.181827,2.500000,3.228047,59.598959,0.000000,circle,预设轨迹15,forward
1775480063.433472,2.844828,1775480100.062021|完整运动,完整运动,circle_orbit,1,1.000000,2.500000,2.500000,,,,,,,,,,,,,,,,1.823035,0.273685,2.117579,0.277476,0.000000,0.000000,0.236113,,-0.018418,0.000000,,,,0.150126,0.182318,2.500000,3.298451,59.528555,0.000000,circle,预设轨迹15,forward
1775480063.463066,2.874422,1775480100.062021|完整运动,完整运动,circle_orbit,1,1.000000,2.500000,2.500000,,,,,,,,,,,,,,,,1.827687,0.272835,2.106838,0.268373,0.000000,0.000000,0.236775,,-0.021915,0.000000,,,,0.149279,0.182783,2.500000,3.333793,59.493213,0.000000,circle,预设轨迹15,forward
1775480063.496384,2.907740,1775480100.062021|完整运动,完整运动,circle_orbit,1,1.000000,2.500000,2.500000,,,,,,,,,,,,,,,,1.831923,0.272985,2.086066,0.273771,0.000000,0.000000,0.238043,,-0.028793,0.000000,,,,0.149016,0.183206,2.500000,3.404344,59.422663,0.000000,circle,预设轨迹15,forward
1775480063.529490,2.940846,1775480100.062021|完整运动,完整运动,circle_orbit,1,1.000000,2.500000,2.500000,,,,,,,,,,,,,,,,1.835787,0.272258,2.067635,0.268444,0.000000,0.000000,0.238632,,-0.035234,0.000000,,,,0.148306,0.183593,2.500000,3.475527,59.351480,0.000000,circle,预设轨迹15,forward
1775480063.560143,2.971499,1775480100.062021|完整运动,完整运动,circle_orbit,1,1.000000,2.500000,2.500000,,,,,,,,,,,,,,,,1.839451,0.271143,2.059253,0.265286,0.000000,0.000000,0.238840,,-0.038227,0.000000,,,,0.147404,0.183959,2.500000,3.511312,59.315695,0.000000,circle,预设轨迹15,forward
1775480063.581462,2.992818,1775480100.062021|完整运动,完整运动,circle_orbit,1,1.000000,2.500000,2.500000,,,,,,,,,,,,,,,,1.842754,0.269851,2.040962,0.263067,0.000000,0.000000,0.238812,,-0.045038,0.000000,,,,0.146439,0.184290,2.500000,3.582898,59.244109,0.000000,circle,预设轨迹15,forward
1775480063.601743,3.013099,1775480100.062021|完整运动,完整运动,circle_orbit,1,1.000000,2.500000,2.500000,,,,,,,,,,,,,,,,1.845857,0.268382,2.032003,0.260670,0.000000,0.000000,0.238540,,-0.048522,0.000000,,,,0.145397,0.184600,2.500000,3.618645,59.208362,0.000000,circle,预设轨迹15,forward
1775480063.632793,3.044149,1775480100.062021|完整运动,完整运动,circle_orbit,1,1.000000,2.500000,2.500000,,,,,,,,,,,,,,,,1.848757,0.266894,2.022811,0.259081,0.000000,0.000000,0.238137,,-0.052178,0.000000,,,,0.144364,0.184890,2.500000,3.654367,59.172640,0.000000,circle,预设轨迹15,forward
1775480063.667084,3.078439,1775480100.062021|完整运动,完整运动,circle_orbit,1,1.000000,2.500000,2.500000,,,,,,,,,,,,,,,,1.851329,0.264383,2.005630,0.251201,0.000000,0.000000,0.236892,,-0.059293,0.000000,,,,0.142807,0.185147,2.500000,3.726022,59.100984,0.000000,circle,预设轨迹15,forward
1775480063.704091,3.115446,1775480100.062021|完整运动,完整运动,circle_orbit,1,1.000000,2.500000,2.500000,,,,,,,,,,,,,,,,1.853603,0.261138,1.990017,0.244103,0.000000,0.000000,0.234961,,-0.066177,0.000000,,,,0.140881,0.185375,2.500000,3.798574,59.028432,0.000000,circle,预设轨迹15,forward
1775480063.733488,3.144844,1775480100.062021|完整运动,完整运动,circle_orbit,1,1.000000,2.500000,2.500000,,,,,,,,,,,,,,,,1.855695,0.259473,1.981210,0.250733,0.000000,0.000000,0.233977,,-0.070062,0.000000,,,,0.139825,0.185584,2.500000,3.834987,58.992019,0.000000,circle,预设轨迹15,forward
1775480063.764388,3.175743,1775480100.062021|完整运动,完整运动,circle_orbit,1,1.000000,2.500000,2.500000,,,,,,,,,,,,,,,,1.857606,0.257756,1.972292,0.248737,0.000000,0.000000,0.232867,,-0.074071,0.000000,,,,0.138757,0.185775,2.500000,3.871362,58.955645,0.000000,circle,预设轨迹15,forward
1775480063.796671,3.208026,1775480100.062021|完整运动,完整运动,circle_orbit,1,1.000000,2.500000,2.500000,,,,,,,,,,,,,,,,1.859247,0.254476,1.957701,0.237257,0.000000,0.000000,0.230551,,-0.080902,0.000000,,,,0.136870,0.185939,2.500000,3.944320,58.882687,0.000000,circle,预设轨迹15,forward
1775480063.817986,3.229341,1775480100.062021|完整运动,完整运动,circle_orbit,1,1.000000,2.500000,2.500000,,,,,,,,,,,,,,,,1.860657,0.250462,1.945289,0.229387,0.000000,0.000000,0.227538,,-0.087200,0.000000,,,,0.134609,0.186080,2.500000,4.017707,58.809299,0.000000,circle,预设轨迹15,forward
1775480063.842850,3.254206,1775480100.062021|完整运动,完整运动,circle_orbit,1,1.000000,2.500000,2.500000,,,,,,,,,,,,,,,,1.862045,0.250913,1.945289,0.253285,0.000000,0.000000,0.227538,,-0.087200,0.000000,,,,0.134751,0.186219,2.500000,4.017707,58.809299,0.000000,circle,预设轨迹15,forward
1775480063.876929,3.288284,1775480100.062021|完整运动,完整运动,circle_orbit,1,1.000000,2.500000,2.500000,,,,,,,,,,,,,,,,1.863170,0.246869,1.930675,0.225635,0.000000,0.000000,0.224373,,-0.094546,0.000000,,,,0.132499,0.186331,2.500000,4.090601,58.736405,0.000000,circle,预设轨迹15,forward
1775480063.903432,3.314788,1775480100.062021|完整运动,完整运动,circle_orbit,1,1.000000,2.500000,2.500000,,,,,,,,,,,,,,,,1.864102,0.241650,1.920025,0.214252,0.000000,0.000000,0.220166,,-0.100718,0.000000,,,,0.129634,0.186425,2.500000,4.163381,58.663625,0.000000,circle,预设轨迹15,forward
1775480063.930343,3.341699,1775480100.062021|完整运动,完整运动,circle_orbit,1,1.000000,2.500000,2.500000,,,,,,,,,,,,,,,,1.864842,0.235658,1.909219,0.204202,0.000000,0.000000,0.215152,,-0.107330,0.000000,,,,0.126369,0.186499,2.500000,4.236190,58.590817,0.000000,circle,预设轨迹15,forward
1775480063.950850,3.362206,1775480100.062021|完整运动,完整运动,circle_orbit,1,1.000000,2.500000,2.500000,,,,,,,,,,,,,,,,1.865481,0.233098,1.903816,0.219654,0.000000,0.000000,0.212330,,-0.110782,0.000000,,,,0.124953,0.186562,2.500000,4.272637,58.554370,0.000000,circle,预设轨迹15,forward
1775480063.984180,3.395536,1775480100.062021|完整运动,完整运动,circle_orbit,1,1.000000,2.500000,2.500000,,,,,,,,,,,,,,,,1.866109,0.234545,1.903816,0.242140,0.000000,0.000000,0.212330,,-0.110782,0.000000,,,,0.125686,0.186625,2.500000,4.272637,58.554370,0.000000,circle,预设轨迹15,forward
1775480064.019377,3.430733,1775480100.062021|完整运动,完整运动,circle_orbit,1,1.000000,2.500000,2.500000,,,,,,,,,,,,,,,,1.866549,0.227819,1.892963,0.192513,0.000000,0.000000,0.206613,,-0.117774,0.000000,,,,0.122054,0.186669,2.500000,4.345592,58.481414,0.000000,circle,预设轨迹15,forward
1775480064.046430,3.457785,1775480100.062021|完整运动,完整运动,circle_orbit,1,1.000000,2.500000,2.500000,,,,,,,,,,,,,,,,1.866814,0.221278,1.882728,0.186935,0.000000,0.000000,0.200714,,-0.124621,0.000000,,,,0.118532,0.186696,2.500000,4.418842,58.408165,0.000000,circle,预设轨迹15,forward
1775480064.073053,3.484408,1775480100.062021|完整运动,完整运动,circle_orbit,1,1.000000,2.500000,2.500000,,,,,,,,,,,,,,,,1.867007,0.219073,1.878579,0.207500,0.000000,0.000000,0.197654,,-0.127678,0.000000,,,,0.117339,0.186715,2.500000,4.455585,58.371421,0.000000,circle,预设轨迹15,forward
1775480064.093444,3.504800,1775480100.062021|完整运动,完整运动,circle_orbit,1,1.000000,2.500000,2.500000,,,,,,,,,,,,,,,,1.867078,0.212179,1.871290,0.175985,0.000000,0.000000,0.191197,,-0.133501,0.000000,,,,0.113642,0.186722,2.500000,4.529153,58.297853,0.000000,circle,预设轨迹15,forward
1775480064.128685,3.540041,1775480100.062021|完整运动,完整运动,circle_orbit,1,1.000000,2.500000,2.500000,,,,,,,,,,,,,,,,1.867080,0.210180,1.867215,0.199682,0.000000,0.000000,0.187978,,-0.136611,0.000000,,,,0.112571,0.186722,2.500000,4.565726,58.261281,0.000000,circle,预设轨迹15,forward
1775480064.159594,3.570949,1775480100.062021|完整运动,完整运动,circle_orbit,1,1.000000,2.500000,2.500000,,,,,,,,,,,,,,,,1.866994,0.202407,1.861828,0.161601,0.000000,0.000000,0.180608,,-0.141980,0.000000,,,,0.108413,0.186714,2.500000,4.638920,58.188087,0.000000,circle,预设轨迹15,forward
1775480064.198361,3.609717,1775480100.062021|完整运动,完整运动,circle_orbit,1,1.000000,2.500000,2.500000,,,,,,,,,,,,,,,,1.866876,0.199591,1.859816,0.184804,0.000000,0.000000,0.176482,,-0.144539,0.000000,,,,0.106912,0.186702,2.500000,4.675743,58.151264,0.000000,circle,预设轨迹15,forward
1775480064.227055,3.638411,1775480100.062021|完整运动,完整运动,circle_orbit,1,1.000000,2.500000,2.500000,,,,,,,,,,,,,,,,1.866689,0.190601,1.855485,0.143403,0.000000,0.000000,0.167883,,-0.149940,0.000000,,,,0.102106,0.186683,2.500000,4.750055,58.076952,0.000000,circle,预设轨迹15,forward
1775480064.257712,3.669067,1775480100.062021|完整运动,完整运动,circle_orbit,1,1.000000,2.500000,2.500000,,,,,,,,,,,,,,,,1.866420,0.181589,1.850260,0.134278,0.000000,0.000000,0.158886,,-0.155917,0.000000,,,,0.097293,0.186656,2.500000,4.824113,58.002894,0.000000,circle,预设轨迹15,forward
1775480064.282191,3.693546,1775480100.062021|完整运动,完整运动,circle_orbit,1,1.000000,2.500000,2.500000,,,,,,,,,,,,,,,,1.866132,0.179286,1.848883,0.167193,0.000000,0.000000,0.154365,,-0.158354,0.000000,,,,0.096073,0.186628,2.500000,4.861269,57.965737,0.000000,circle,预设轨迹15,forward
1775480064.302529,3.713885,1775480100.062021|完整运动,完整运动,circle_orbit,1,1.000000,2.500000,2.500000,,,,,,,,,,,,,,,,1.865853,0.176711,1.849107,0.163197,0.000000,0.000000,0.149700,,-0.160118,0.000000,,,,0.094708,0.186600,2.500000,4.898609,57.928398,0.000000,circle,预设轨迹15,forward
1775480064.327691,3.739047,1775480100.062021|完整运动,完整运动,circle_orbit,1,1.000000,2.500000,2.500000,,,,,,,,,,,,,,,,1.865575,0.174026,1.848879,0.159930,0.000000,0.000000,0.144982,,-0.162110,0.000000,,,,0.093283,0.186572,2.500000,4.935957,57.891050,0.000000,circle,预设轨迹15,forward
1775480064.359730,3.771086,1775480100.062021|完整运动,完整运动,circle_orbit,1,1.000000,2.500000,2.500000,,,,,,,,,,,,,,,,1.865327,0.164722,1.850454,0.115877,0.000000,0.000000,0.135503,,-0.165182,0.000000,,,,0.088308,0.186547,2.500000,5.010537,57.816470,0.000000,circle,预设轨迹15,forward
1775480064.380084,3.791440,1775480100.062021|完整运动,完整运动,circle_orbit,1,1.000000,2.500000,2.500000,,,,,,,,,,,,,,,,1.865100,0.162175,1.851491,0.148800,0.000000,0.000000,0.130519,,-0.166703,0.000000,,,,0.086952,0.186524,2.500000,5.047432,57.779575,0.000000,circle,预设轨迹15,forward
1775480064.401641,3.812997,1775480100.062021|完整运动,完整运动,circle_orbit,1,1.000000,2.500000,2.500000,,,,,,,,,,,,,,,,1.864877,0.166479,1.851491,0.189076,0.000000,0.000000,0.130519,,-0.166703,0.000000,,,,0.089271,0.186502,2.500000,5.047432,57.779575,0.000000,circle,预设轨迹15,forward
1775480064.434921,3.846277,1775480100.062021|完整运动,完整运动,circle_orbit,1,1.000000,2.500000,2.500000,,,,,,,,,,,,,,,,1.864734,0.160494,1.856155,0.129076,0.000000,0.000000,0.120049,,-0.168770,0.000000,,,,0.086068,0.186488,2.500000,5.121477,57.705530,0.000000,circle,预设轨迹15,forward
1775480064.471613,3.882969,1775480100.062021|完整运动,完整运动,circle_orbit,1,1.000000,2.500000,2.500000,,,,,,,,,,,,,,,,1.864655,0.148604,1.859926,0.086180,0.000000,0.000000,0.108870,,-0.171536,0.000000,,,,0.079695,0.186480,2.500000,5.196076,57.630931,0.000000,circle,预设轨迹15,forward
1775480064.498723,3.910079,1775480100.062021|完整运动,完整运动,circle_orbit,1,1.000000,2.500000,2.500000,,,,,,,,,,,,,,,,1.864603,0.144943,1.861444,0.125720,0.000000,0.000000,0.103063,,-0.173174,0.000000,,,,0.077734,0.186475,2.500000,5.233319,57.593687,0.000000,circle,预设轨迹15,forward
1775480064.519335,3.930691,1775480100.062021|完整运动,完整运动,circle_orbit,1,1.000000,2.500000,2.500000,,,,,,,,,,,,,,,,1.864579,0.133797,1.863133,0.075284,0.000000,0.000000,0.091813,,-0.176913,0.000000,,,,0.071757,0.186472,2.500000,5.307550,57.519456,0.000000,circle,预设轨迹15,forward
1775480064.540632,3.951988,1775480100.062021|完整运动,完整运动,circle_orbit,1,1.000000,2.500000,2.500000,,,,,,,,,,,,,,,,1.864555,0.134035,1.863133,0.135284,0.000000,0.000000,0.091813,,-0.176913,0.000000,,,,0.071886,0.186470,2.500000,5.307550,57.519456,0.000000,circle,预设轨迹15,forward
1775480064.568439,3.979795,1775480100.062021|完整运动,完整运动,circle_orbit,1,1.000000,2.500000,2.500000,,,,,,,,,,,,,,,,1.864589,0.124635,1.866600,0.075284,0.000000,0.000000,0.081014,,-0.179675,0.000000,,,,0.066843,0.186473,2.500000,5.381946,57.445060,0.000000,circle,预设轨迹15,forward
1775480064.589630,4.000986,1775480100.062021|完整运动,完整运动,circle_orbit,1,1.000000,2.500000,2.500000,,,,,,,,,,,,,,,,1.864678,0.122682,1.870035,0.112428,0.000000,0.000000,0.075521,,-0.180335,0.000000,,,,0.065793,0.186482,2.500000,5.419370,57.407637,0.000000,circle,预设轨迹15,forward
1775480064.611136,4.022492,1775480100.062021|完整运动,完整运动,circle_orbit,1,1.000000,2.500000,2.500000,,,,,,,,,,,,,,,,1.864861,0.113360,1.875844,0.064420,0.000000,0.000000,0.064818,,-0.182029,0.000000,,,,0.060787,0.186500,2.500000,5.493728,57.333279,0.000000,circle,预设轨迹15,forward
1775480064.644798,4.056154,1775480100.062021|完整运动,完整运动,circle_orbit,1,1.000000,2.500000,2.500000,,,,,,,,,,,,,,,,1.865041,0.115130,1.875844,0.124420,0.000000,0.000000,0.064818,,-0.182029,0.000000,,,,0.061730,0.186518,2.500000,5.493728,57.333279,0.000000,circle,预设轨迹15,forward
1775480064.678342,4.089698,1775480100.062021|完整运动,完整运动,circle_orbit,1,1.000000,2.500000,2.500000,,,,,,,,,,,,,,,,1.865389,0.107016,1.886291,0.064420,0.000000,0.000000,0.048062,,-0.184119,0.000000,,,,0.057369,0.186553,2.500000,5.605029,57.221978,0.000000,circle,预设轨迹15,forward
1775480064.714149,4.125504,1775480100.062021|完整运动,完整运动,circle_orbit,1,1.000000,2.500000,2.500000,,,,,,,,,,,,,,,,1.865801,0.104516,1.890482,0.091389,0.000000,0.000000,0.042304,,-0.184586,0.000000,,,,0.056017,0.186594,2.500000,5.642294,57.184713,0.000000,circle,预设轨迹15,forward
1775480064.745795,4.157151,1775480100.062021|完整运动,完整运动,circle_orbit,1,1.000000,2.500000,2.500000,,,,,,,,,,,,,,,,1.866343,0.093235,1.898879,0.034013,0.000000,0.000000,0.030249,,-0.185753,0.000000,,,,0.049956,0.186649,2.500000,5.716809,57.110198,0.000000,circle,预设轨迹15,forward
1775480064.782274,4.193629,1775480100.062021|完整运动,完整运动,circle_orbit,1,1.000000,2.500000,2.500000,,,,,,,,,,,,,,,,1.866934,0.090873,1.902421,0.078472,0.000000,0.000000,0.024147,,-0.186662,0.000000,,,,0.048675,0.186708,2.500000,5.753963,57.073044,0.000000,circle,预设轨迹15,forward
1775480064.806882,4.218238,1775480100.062021|完整运动,完整运动,circle_orbit,1,1.000000,2.500000,2.500000,,,,,,,,,,,,,,,,1.867650,0.080132,1.910597,0.023743,0.000000,0.000000,0.012068,,-0.187980,0.000000,,,,0.042905,0.186779,2.500000,5.828412,56.998594,0.000000,circle,预设轨迹15,forward
1775480064.839762,4.251118,1775480100.062021|完整运动,完整运动,circle_orbit,1,1.000000,2.500000,2.500000,,,,,,,,,,,,,,,,1.868451,0.078331,1.916477,0.068874,0.000000,0.000000,0.006007,,-0.187895,0.000000,,,,0.041923,0.186859,2.500000,5.865656,56.961350,0.000000,circle,预设轨迹15,forward
1775480064.862214,4.273570,1775480100.062021|完整运动,完整运动,circle_orbit,1,1.000000,2.500000,2.500000,,,,,,,,,,,,,,,,1.869252,0.068096,1.917340,0.014360,0.000000,0.000000,-0.006024,,-0.187521,0.000000,,,,0.036429,0.186940,2.500000,5.940318,56.886688,0.000000,circle,预设轨迹15,forward
1775480064.882544,4.293899,1775480100.062021|完整运动,完整运动,circle_orbit,1,1.000000,2.500000,2.500000,,,,,,,,,,,,,,,,1.869979,0.066964,1.913611,0.061025,0.000000,0.000000,-0.011878,,-0.186768,0.000000,,,,0.035810,0.187012,2.500000,5.977389,56.849617,0.000000,circle,预设轨迹15,forward
1775480064.907929,4.319285,1775480100.062021|完整运动,完整运动,circle_orbit,1,1.000000,2.500000,2.500000,,,,,,,,,,,,,,,,1.870637,0.065177,1.910106,0.055791,0.000000,0.000000,-0.018037,,-0.185802,0.000000,,,,0.034842,0.187078,2.500000,6.014499,56.812508,0.000000,circle,预设轨迹15,forward
1775480064.929821,4.341177,1775480100.062021|完整运动,完整运动,circle_orbit,1,1.000000,2.500000,2.500000,,,,,,,,,,,,,,,,1.871193,0.054305,1.904527,-0.002772,0.000000,0.000000,-0.030645,,-0.183155,0.000000,,,,0.029021,0.187134,2.500000,6.088775,56.738231,0.000000,circle,预设轨迹15,forward
1775480064.950168,4.361524,1775480100.062021|完整运动,完整运动,circle_orbit,1,1.000000,2.500000,2.500000,,,,,,,,,,,,,,,,1.871663,0.053012,1.899879,0.046225,0.000000,0.000000,-0.036773,,-0.182711,0.000000,,,,0.028323,0.187181,2.500000,6.126024,56.700982,0.000000,circle,预设轨迹15,forward
1775480064.984076,4.395432,1775480100.062021|完整运动,完整运动,circle_orbit,1,1.000000,2.500000,2.500000,,,,,,,,,,,,,,,,1.872125,0.059989,1.899879,0.096622,0.000000,0.000000,-0.036773,,-0.182711,0.000000,,,,0.032044,0.187227,2.500000,6.126024,56.700982,0.000000,circle,预设轨迹15,forward
1775480065.015328,4.426684,1775480100.062021|完整运动,完整运动,circle_orbit,1,1.000000,2.500000,2.500000,,,,,,,,,,,,,,,,1.872465,0.056251,1.892842,0.036622,0.000000,0.000000,-0.049337,,-0.180742,0.000000,,,,0.030041,0.187261,2.500000,6.200808,56.626198,0.000000,circle,预设轨迹15,forward
1775480065.049387,4.460742,1775480100.062021|完整运动,完整运动,circle_orbit,1,1.000000,2.500000,2.500000,,,,,,,,,,,,,,,,1.872659,0.043975,1.884304,-0.020473,0.000000,0.000000,-0.062230,,-0.179325,0.000000,,,,0.023483,0.187280,2.500000,6.275172,56.551834,0.000000,circle,预设轨迹15,forward
1775480065.080585,4.491941,1775480100.062021|完整运动,完整运动,circle_orbit,1,1.000000,2.500000,2.500000,,,,,,,,,,,,,,,,1.872784,0.041823,1.880269,0.030527,0.000000,0.000000,-0.068406,,-0.178634,0.000000,,,,0.022332,0.187293,2.500000,6.312496,56.514511,0.000000,circle,预设轨迹15,forward
1775480065.117123,4.528478,1775480100.062021|完整运动,完整运动,circle_orbit,1,1.000000,2.500000,2.500000,,,,,,,,,,,,,,,,1.872805,0.032003,1.874059,-0.019551,0.000000,0.000000,-0.080074,,-0.176720,0.000000,,,,0.017088,0.187295,2.500000,6.387583,56.439423,0.000000,circle,预设轨迹15,forward
1775480065.141590,4.552945,1775480100.062021|完整运动,完整运动,circle_orbit,1,1.000000,2.500000,2.500000,,,,,,,,,,,,,,,,1.872798,0.031165,1.872399,0.026761,0.000000,0.000000,-0.085674,,-0.175219,0.000000,,,,0.016641,0.187294,2.500000,6.425240,56.401767,0.000000,circle,预设轨迹15,forward
1775480065.169735,4.581091,1775480100.062021|完整运动,完整运动,circle_orbit,1,1.000000,2.500000,2.500000,,,,,,,,,,,,,,,,1.872728,0.022492,1.868547,-0.023036,0.000000,0.000000,-0.096790,,-0.172492,0.000000,,,,0.012011,0.187287,2.500000,6.500076,56.326931,0.000000,circle,预设轨迹15,forward
1775480065.205669,4.617025,1775480100.062021|完整运动,完整运动,circle_orbit,1,1.000000,2.500000,2.500000,,,,,,,,,,,,,,,,1.872644,0.021890,1.867559,0.018725,0.000000,0.000000,-0.102416,,-0.170684,0.000000,,,,0.011689,0.187279,2.500000,6.537495,56.289512,0.000000,circle,预设轨迹15,forward
1775480065.226403,4.637759,1775480100.062021|完整运动,完整运动,circle_orbit,1,1.000000,2.500000,2.500000,,,,,,,,,,,,,,,,1.872539,0.012987,1.866264,-0.033750,0.000000,0.000000,-0.113875,,-0.166681,0.000000,,,,0.006936,0.187268,2.500000,6.613503,56.213504,0.000000,circle,预设轨迹15,forward
1775480065.247097,4.658453,1775480100.062021|完整运动,完整运动,circle_orbit,1,1.000000,2.500000,2.500000,,,,,,,,,,,,,,,,1.872408,0.012666,1.864549,0.010979,0.000000,0.000000,-0.119482,,-0.165208,0.000000,,,,0.006765,0.187255,2.500000,6.651371,56.175635,0.000000,circle,预设轨迹15,forward
1775480065.274587,4.685943,1775480100.062021|完整运动,完整运动,circle_orbit,1,1.000000,2.500000,2.500000,,,,,,,,,,,,,,,,1.872252,0.011913,1.862892,0.007962,0.000000,0.000000,-0.125215,,-0.163660,0.000000,,,,0.006363,0.187240,2.500000,6.689306,56.137700,0.000000,circle,预设轨迹15,forward
1775480065.307253,4.718609,1775480100.062021|完整运动,完整运动,circle_orbit,1,1.000000,2.500000,2.500000,,,,,,,,,,,,,,,,1.872075,0.003141,1.861452,-0.042915,0.000000,0.000000,-0.136597,,-0.159755,0.000000,,,,0.001678,0.187222,2.500000,6.765021,56.061985,0.000000,circle,预设轨迹15,forward
1775480065.338528,4.749884,1775480100.062021|完整运动,完整运动,circle_orbit,1,1.000000,2.500000,2.500000,,,,,,,,,,,,,,,,1.871879,-0.004397,1.860110,-0.043972,0.000000,0.000000,-0.147435,,-0.156026,0.000000,,,,0.002349,0.187202,2.500000,6.841056,55.985950,0.000000,circle,预设轨迹15,forward
1775480065.366129,4.777485,1775480100.062021|完整运动,完整运动,circle_orbit,1,1.000000,2.500000,2.500000,,,,,,,,,,,,,,,,1.871676,-0.003720,1.859472,-0.000163,0.000000,0.000000,-0.152592,,-0.154251,0.000000,,,,0.001987,0.187182,2.500000,6.879197,55.947810,0.000000,circle,预设轨迹15,forward
1775480065.389036,4.800391,1775480100.062021|完整运动,完整运动,circle_orbit,1,1.000000,2.500000,2.500000,,,,,,,,,,,,,,,,1.871479,-0.003229,1.859685,-0.000651,0.000000,0.000000,-0.157633,,-0.152138,0.000000,,,,0.001725,0.187162,2.500000,6.917324,55.909683,0.000000,circle,预设轨迹15,forward
1775480065.409348,4.820704,1775480100.062021|完整运动,完整运动,circle_orbit,1,1.000000,2.500000,2.500000,,,,,,,,,,,,,,,,1.871327,-0.009297,1.862221,-0.041153,0.000000,0.000000,-0.167196,,-0.147168,0.000000,,,,0.004968,0.187147,2.500000,6.993066,55.833940,0.000000,circle,预设轨迹15,forward
1775480065.438209,4.849565,1775480100.062021|完整运动,完整运动,circle_orbit,1,1.000000,2.500000,2.500000,,,,,,,,,,,,,,,,1.871218,-0.008556,1.864656,-0.004666,0.000000,0.000000,-0.172032,,-0.144138,0.000000,,,,0.004572,0.187136,2.500000,7.031044,55.795963,0.000000,circle,预设轨迹15,forward
1775480065.462466,4.873821,1775480100.062021|完整运动,完整运动,circle_orbit,1,1.000000,2.500000,2.500000,,,,,,,,,,,,,,,,1.871144,-0.008082,1.866694,-0.005598,0.000000,0.000000,-0.176837,,-0.141301,0.000000,,,,0.004320,0.187129,2.500000,7.069233,55.757774,0.000000,circle,预设轨迹15,forward
1775480065.488409,4.899765,1775480100.062021|完整运动,完整运动,circle_orbit,1,1.000000,2.500000,2.500000,,,,,,,,,,,,,,,,1.871111,-0.007926,1.869176,-0.007105,0.000000,0.000000,-0.181679,,-0.138253,0.000000,,,,0.004236,0.187126,2.500000,7.107721,55.719285,0.000000,circle,预设轨迹15,forward
1775480065.512218,4.923574,1775480100.062021|完整运动,完整运动,circle_orbit,1,1.000000,2.500000,2.500000,,,,,,,,,,,,,,,,1.871140,-0.014179,1.872843,-0.047005,0.000000,0.000000,-0.190994,,-0.132890,0.000000,,,,0.007578,0.187128,2.500000,7.184347,55.642659,0.000000,circle,预设轨迹15,forward
1775480065.536106,4.947461,1775480100.062021|完整运动,完整运动,circle_orbit,1,1.000000,2.500000,2.500000,,,,,,,,,,,,,,,,1.871205,-0.013728,1.875131,-0.011360,0.000000,0.000000,-0.195705,,-0.129987,0.000000,,,,0.007336,0.187135,2.500000,7.222430,55.604577,0.000000,circle,预设轨迹15,forward
1775480065.567968,4.979324,1775480100.062021|完整运动,完整运动,circle_orbit,1,1.000000,2.500000,2.500000,,,,,,,,,,,,,,,,1.871270,-0.007003,1.875131,0.028300,0.000000,0.000000,-0.195705,,-0.129987,0.000000,,,,0.003743,0.187141,2.500000,7.222430,55.604577,0.000000,circle,预设轨迹15,forward
1775480065.601110,5.012466,1775480100.062021|完整运动,完整运动,circle_orbit,1,1.000000,2.500000,2.500000,,,,,,,,,,,,,,,,1.871390,-0.010955,1.878619,-0.031700,0.000000,0.000000,-0.204864,,-0.124776,0.000000,,,,0.005854,0.187153,2.500000,7.298804,55.528203,0.000000,circle,预设轨迹15,forward
1775480065.632597,5.043952,1775480100.062021|完整运动,完整运动,circle_orbit,1,1.000000,2.500000,2.500000,,,,,,,,,,,,,,,,1.871611,-0.016582,1.884895,-0.046126,0.000000,0.000000,-0.213236,,-0.118657,0.000000,,,,0.008860,0.187176,2.500000,7.375816,55.451190,0.000000,circle,预设轨迹15,forward
1775480065.656823,5.068179,1775480100.062021|完整运动,完整运动,circle_orbit,1,1.000000,2.500000,2.500000,,,,,,,,,,,,,,,,1.871891,-0.015517,1.888667,-0.009923,0.000000,0.000000,-0.217018,,-0.115489,0.000000,,,,0.008289,0.187204,2.500000,7.414413,55.412594,0.000000,circle,预设轨迹15,forward
1775480065.679353,5.090708,1775480100.062021|完整运动,完整运动,circle_orbit,1,1.000000,2.500000,2.500000,,,,,,,,,,,,,,,,1.872289,-0.018827,1.896152,-0.036207,0.000000,0.000000,-0.223793,,-0.109513,0.000000,,,,0.010056,0.187243,2.500000,7.491054,55.335952,0.000000,circle,预设轨迹15,forward
1775480065.700357,5.111713,1775480100.062021|完整运动,完整运动,circle_orbit,1,1.000000,2.500000,2.500000,,,,,,,,,,,,,,,,1.872772,-0.017696,1.901753,-0.011760,0.000000,0.000000,-0.227464,,-0.105618,0.000000,,,,0.009449,0.187292,2.500000,7.529653,55.297354,0.000000,circle,预设轨迹15,forward
1775480065.728736,5.140092,1775480100.062021|完整运动,完整运动,circle_orbit,1,1.000000,2.500000,2.500000,,,,,,,,,,,,,,,,1.873330,-0.016637,1.906824,-0.011075,0.000000,0.000000,-0.231020,,-0.102010,0.000000,,,,0.008881,0.187347,2.500000,7.568134,55.258872,0.000000,circle,预设轨迹15,forward
1775480065.761609,5.172965,1775480100.062021|完整运动,完整运动,circle_orbit,1,1.000000,2.500000,2.500000,,,,,,,,,,,,,,,,1.873965,-0.015517,1.912053,-0.009635,0.000000,0.000000,-0.234380,,-0.098425,0.000000,,,,0.008280,0.187411,2.500000,7.607021,55.219986,0.000000,circle,预设轨迹15,forward
1775480065.791518,5.202873,1775480100.062021|完整运动,完整运动,circle_orbit,1,1.000000,2.500000,2.500000,,,,,,,,,,,,,,,,1.874757,-0.019083,1.922289,-0.037805,0.000000,0.000000,-0.240986,,-0.091431,0.000000,,,,0.010179,0.187490,2.500000,7.684717,55.142290,0.000000,circle,预设轨迹15,forward
1775480065.819228,5.230584,1775480100.062021|完整运动,完整运动,circle_orbit,1,1.000000,2.500000,2.500000,,,,,,,,,,,,,,,,1.875620,-0.017673,1.927428,-0.010274,0.000000,0.000000,-0.244144,,-0.088001,0.000000,,,,0.009423,0.187577,2.500000,7.723412,55.103594,0.000000,circle,预设轨迹15,forward
1775480065.850355,5.261711,1775480100.062021|完整运动,完整运动,circle_orbit,1,1.000000,2.500000,2.500000,,,,,,,,,,,,,,,,1.876645,-0.020511,1.938103,-0.035407,0.000000,0.000000,-0.250214,,-0.081107,0.000000,,,,0.010930,0.187679,2.500000,7.800651,55.026356,0.000000,circle,预设轨迹15,forward
1775480065.884489,5.295845,1775480100.062021|完整运动,完整运动,circle_orbit,1,1.000000,2.500000,2.500000,,,,,,,,,,,,,,,,1.877833,-0.021827,1.949129,-0.028734,0.000000,0.000000,-0.255294,,-0.074515,0.000000,,,,0.011623,0.187798,2.500000,7.878534,54.948473,0.000000,circle,预设轨迹15,forward
1775480065.914202,5.325558,1775480100.062021|完整运动,完整运动,circle_orbit,1,1.000000,2.500000,2.500000,,,,,,,,,,,,,,,,1.879118,-0.018861,1.956222,-0.003292,0.000000,0.000000,-0.257291,,-0.070809,0.000000,,,,0.010037,0.187926,2.500000,7.917517,54.909490,0.000000,circle,预设轨迹15,forward
1775480065.944329,5.355685,1775480100.062021|完整运动,完整运动,circle_orbit,1,1.000000,2.500000,2.500000,,,,,,,,,,,,,,,,1.880632,-0.018179,1.971443,-0.014599,0.000000,0.000000,-0.260696,,-0.063280,0.000000,,,,0.009667,0.188078,2.500000,7.994772,54.832234,0.000000,circle,预设轨迹15,forward
1775480065.976526,5.387882,1775480100.062021|完整运动,完整运动,circle_orbit,1,1.000000,2.500000,2.500000,,,,,,,,,,,,,,,,1.882253,-0.015553,1.979512,-0.001765,0.000000,0.000000,-0.262604,,-0.059286,0.000000,,,,0.008263,0.188240,2.500000,8.033414,54.793592,0.000000,circle,预设轨迹15,forward
1775480066.009438,5.420794,1775480100.062021|完整运动,完整运动,circle_orbit,1,1.000000,2.500000,2.500000,,,,,,,,,,,,,,,,1.884124,-0.015234,1.996427,-0.013557,0.000000,0.000000,-0.265983,,-0.051247,0.000000,,,,0.008085,0.188427,2.500000,8.111024,54.715982,0.000000,circle,预设轨迹15,forward
1775480066.039599,5.450954,1775480100.062021|完整运动,完整运动,circle_orbit,1,1.000000,2.500000,2.500000,,,,,,,,,,,,,,,,1.886128,-0.012412,2.006367,0.002402,0.000000,0.000000,-0.267505,,-0.046761,0.000000,,,,0.006581,0.188627,2.500000,8.150147,54.676859,0.000000,circle,预设轨迹15,forward
1775480066.070944,5.482299,1775480100.062021|完整运动,完整运动,circle_orbit,1,1.000000,2.500000,2.500000,,,,,,,,,,,,,,,,1.888385,-0.011146,2.023806,-0.004500,0.000000,0.000000,-0.269960,,-0.039068,0.000000,,,,0.005902,0.188853,2.500000,8.227975,54.599032,0.000000,circle,预设轨迹15,forward
1775480066.100564,5.511920,1775480100.062021|完整运动,完整运动,circle_orbit,1,1.000000,2.500000,2.500000,,,,,,,,,,,,,,,,1.890748,-0.008233,2.032537,0.007060,0.000000,0.000000,-0.271135,,-0.035281,0.000000,,,,0.004354,0.189089,2.500000,8.266929,54.560078,0.000000,circle,预设轨迹15,forward
1775480066.130783,5.542138,1775480100.062021|完整运动,完整运动,circle_orbit,1,1.000000,2.500000,2.500000,,,,,,,,,,,,,,,,1.893352,-0.006440,2.049584,0.002973,0.000000,0.000000,-0.272940,,-0.028165,0.000000,,,,0.003401,0.189350,2.500000,8.345182,54.481824,0.000000,circle,预设轨迹15,forward
1775480066.160181,5.571537,1775480100.062021|完整运动,完整运动,circle_orbit,1,1.000000,2.500000,2.500000,,,,,,,,,,,,,,,,1.896084,-0.002962,2.059968,0.015301,0.000000,0.000000,-0.273425,,-0.024129,0.000000,,,,0.001562,0.189623,2.500000,8.384491,54.442515,0.000000,circle,预设轨迹15,forward
1775480066.193324,5.604680,1775480100.062021|完整运动,完整运动,circle_orbit,1,1.000000,2.500000,2.500000,,,,,,,,,,,,,,,,1.899101,0.000740,2.080123,0.020174,0.000000,0.000000,-0.273556,,-0.016726,0.000000,,,,0.000390,0.189925,2.500000,8.462794,54.364212,0.000000,circle,预设轨迹15,forward
1775480066.221403,5.632759,1775480100.062021|完整运动,完整运动,circle_orbit,1,1.000000,2.500000,2.500000,,,,,,,,,,,,,,,,1.902444,0.004422,2.103064,0.023750,0.000000,0.000000,-0.273511,,-0.008551,0.000000,,,,0.002324,0.190259,2.500000,8.540709,54.286298,0.000000,circle,预设轨迹15,forward
1775480066.251900,5.663256,1775480100.062021|完整运动,完整运动,circle_orbit,1,1.000000,2.500000,2.500000,,,,,,,,,,,,,,,,1.905927,0.007783,2.114855,0.025427,0.000000,0.000000,-0.273513,,-0.004408,0.000000,,,,0.004083,0.190607,2.500000,8.579831,54.247175,0.000000,circle,预设轨迹15,forward
1775480066.283089,5.694445,1775480100.062021|完整运动,完整运动,circle_orbit,1,1.000000,2.500000,2.500000,,,,,,,,,,,,,,,,1.909521,0.011994,2.125192,0.034104,0.000000,0.000000,-0.272745,,-0.001121,0.000000,,,,0.006281,0.190967,2.500000,8.618636,54.208371,0.000000,circle,预设轨迹15,forward
1775480066.313089,5.724444,1775480100.062021|完整运动,完整运动,circle_orbit,1,1.000000,2.500000,2.500000,,,,,,,,,,,,,,,,1.912895,0.018518,2.115338,0.052770,0.000000,0.000000,-0.270115,,0.005599,0.000000,,,,0.009681,0.191304,2.500000,8.696137,54.130870,0.000000,circle,预设轨迹15,forward
1775480066.344321,5.755677,1775480100.062021|完整运动,完整运动,circle_orbit,1,1.000000,2.500000,2.500000,,,,,,,,,,,,,,,,1.915934,0.025109,2.098283,0.059711,0.000000,0.000000,-0.267118,,0.012801,0.000000,,,,0.013105,0.191608,2.500000,8.773344,54.053663,0.000000,circle,预设轨迹15,forward
1775480066.376486,5.787842,1775480100.062021|完整运动,完整运动,circle_orbit,1,1.000000,2.500000,2.500000,,,,,,,,,,,,,,,,1.918786,0.029346,2.089870,0.051590,0.000000,0.000000,-0.265510,,0.016442,0.000000,,,,0.015294,0.191893,2.500000,8.812058,54.014948,0.000000,circle,预设轨迹15,forward
1775480066.406769,5.818125,1775480100.062021|完整运动,完整运动,circle_orbit,1,1.000000,2.500000,2.500000,,,,,,,,,,,,,,,,1.921473,0.033459,2.082722,0.055053,0.000000,0.000000,-0.263838,,0.019677,0.000000,,,,0.017413,0.192162,2.500000,8.850964,53.976043,0.000000,circle,预设轨迹15,forward
1775480066.441330,5.852686,1775480100.062021|完整运动,完整运动,circle_orbit,1,1.000000,2.500000,2.500000,,,,,,,,,,,,,,,,1.923798,0.043606,2.063306,0.096877,0.000000,0.000000,-0.257680,,0.029200,0.000000,,,,0.022667,0.192395,2.500000,8.967928,53.859078,0.000000,circle,预设轨迹15,forward
1775480066.471920,5.883275,1775480100.062021|完整运动,完整运动,circle_orbit,1,1.000000,2.500000,2.500000,,,,,,,,,,,,,,,,1.925971,0.047849,2.056319,0.070125,0.000000,0.000000,-0.255292,,0.032728,0.000000,,,,0.024844,0.192612,2.500000,9.006899,53.820108,0.000000,circle,预设轨迹15,forward
1775480066.499851,5.911207,1775480100.062021|完整运动,完整运动,circle_orbit,1,1.000000,2.500000,2.500000,,,,,,,,,,,,,,,,1.927982,0.051842,2.048655,0.072808,0.000000,0.000000,-0.252972,,0.036499,0.000000,,,,0.026889,0.192813,2.500000,9.045917,53.781090,0.000000,circle,预设轨迹15,forward
1775480066.525786,5.937142,1775480100.062021|完整运动,完整运动,circle_orbit,1,1.000000,2.500000,2.500000,,,,,,,,,,,,,,,,1.929690,0.058457,2.032179,0.093184,0.000000,0.000000,-0.248670,,0.044403,0.000000,,,,0.030294,0.192984,2.500000,9.124573,53.702434,0.000000,circle,预设轨迹15,forward
1775480066.559850,5.971206,1775480100.062021|完整运动,完整运动,circle_orbit,1,1.000000,2.500000,2.500000,,,,,,,,,,,,,,,,1.931252,0.062142,2.024965,0.081486,0.000000,0.000000,-0.246235,,0.048117,0.000000,,,,0.032177,0.193140,2.500000,9.164103,53.662903,0.000000,circle,预设轨迹15,forward
1775480066.587308,5.998663,1775480100.062021|完整运动,完整运动,circle_orbit,1,1.000000,2.500000,2.500000,,,,,,,,,,,,,,,,1.932556,0.069147,2.010801,0.105924,0.000000,0.000000,-0.241344,,0.055508,0.000000,,,,0.035780,0.193271,2.500000,9.243075,53.583931,0.000000,circle,预设轨迹15,forward
1775480066.618237,6.029593,1775480100.062021|完整运动,完整运动,circle_orbit,1,1.000000,2.500000,2.500000,,,,,,,,,,,,,,,,1.933733,0.072565,2.004371,0.090507,0.000000,0.000000,-0.238782,,0.059026,0.000000,,,,0.037526,0.193388,2.500000,9.282730,53.544276,0.000000,circle,预设轨迹15,forward
1775480066.645540,6.056895,1775480100.062021|完整运动,完整运动,circle_orbit,1,1.000000,2.500000,2.500000,,,,,,,,,,,,,,,,1.934627,0.078545,1.988244,0.109944,0.000000,0.000000,-0.234340,,0.067126,0.000000,,,,0.040600,0.193478,2.500000,9.361783,53.465223,0.000000,circle,预设轨迹15,forward
1775480066.679525,6.090881,1775480100.062021|完整运动,完整运动,circle_orbit,1,1.000000,2.500000,2.500000,,,,,,,,,,,,,,,,1.935377,0.080943,1.980345,0.093533,0.000000,0.000000,-0.232294,,0.071079,0.000000,,,,0.041823,0.193553,2.500000,9.401465,53.425541,0.000000,circle,预设轨迹15,forward
1775480066.713522,6.124877,1775480100.062021|完整运动,完整运动,circle_orbit,1,1.000000,2.500000,2.500000,,,,,,,,,,,,,,,,1.935886,0.087351,1.966467,0.120990,0.000000,0.000000,-0.227389,,0.078609,0.000000,,,,0.045122,0.193604,2.500000,9.481063,53.345944,0.000000,circle,预设轨迹15,forward
1775480066.739978,6.151334,1775480100.062021|完整运动,完整运动,circle_orbit,1,1.000000,2.500000,2.500000,,,,,,,,,,,,,,,,1.936304,0.091027,1.961374,0.110329,0.000000,0.000000,-0.224238,,0.081933,0.000000,,,,0.047011,0.193645,2.500000,9.520878,53.306128,0.000000,circle,预设轨迹15,forward
1775480066.768846,6.180201,1775480100.062021|完整运动,完整运动,circle_orbit,1,1.000000,2.500000,2.500000,,,,,,,,,,,,,,,,1.936596,0.099995,1.954122,0.147078,0.000000,0.000000,-0.217226,,0.087695,0.000000,,,,0.051635,0.193675,2.500000,9.601256,53.225750,0.000000,circle,预设轨迹15,forward
1775480066.789303,6.200659,1775480100.062021|完整运动,完整运动,circle_orbit,1,1.000000,2.500000,2.500000,,,,,,,,,,,,,,,,1.936845,0.104705,1.951794,0.129431,0.000000,0.000000,-0.212926,,0.090369,0.000000,,,,0.054060,0.193699,2.500000,9.641660,53.185346,0.000000,circle,预设轨迹15,forward
1775480066.811135,6.222491,1775480100.062021|完整运动,完整运动,circle_orbit,1,1.000000,2.500000,2.500000,,,,,,,,,,,,,,,,1.936959,0.115673,1.943765,0.173255,0.000000,0.000000,-0.204024,,0.097237,0.000000,,,,0.059719,0.193711,2.500000,9.722430,53.104576,0.000000,circle,预设轨迹15,forward
1775480066.837121,6.248477,1775480100.062021|完整运动,完整运动,circle_orbit,1,1.000000,2.500000,2.500000,,,,,,,,,,,,,,,,1.937023,0.119916,1.940872,0.142192,0.000000,0.000000,-0.199515,,0.100238,0.000000,,,,0.061907,0.193717,2.500000,9.762639,53.064367,0.000000,circle,预设轨迹15,forward
1775480066.869510,6.280866,1775480100.062021|完整运动,完整运动,circle_orbit,1,1.000000,2.500000,2.500000,,,,,,,,,,,,,,,,1.937041,0.124227,1.938117,0.146862,0.000000,0.000000,-0.194920,,0.103221,0.000000,,,,0.064133,0.193719,2.500000,9.802972,53.024034,0.000000,circle,预设轨迹15,forward
1775480066.910314,6.321670,1775480100.062021|完整运动,完整运动,circle_orbit,1,1.000000,2.500000,2.500000,,,,,,,,,,,,,,,,1.937031,0.135376,1.936417,0.193904,0.000000,0.000000,-0.185348,,0.107758,0.000000,,,,0.069888,0.193718,2.500000,9.883707,52.943300,0.000000,circle,预设轨迹15,forward
1775480066.942416,6.353772,1775480100.062021|完整运动,完整运动,circle_orbit,1,1.000000,2.500000,2.500000,,,,,,,,,,,,,,,,1.937017,0.139772,1.936183,0.162850,0.000000,0.000000,-0.180197,,0.109916,0.000000,,,,0.072158,0.193717,2.500000,9.924206,52.902801,0.000000,circle,预设轨迹15,forward
1775480066.964844,6.376200,1775480100.062021|完整运动,完整运动,circle_orbit,1,1.000000,2.500000,2.500000,,,,,,,,,,,,,,,,1.936972,0.151880,1.934296,0.215450,0.000000,0.000000,-0.169453,,0.115001,0.000000,,,,0.078411,0.193712,2.500000,10.004729,52.822277,0.000000,circle,预设轨迹15,forward
1775480066.985814,6.397170,1775480100.062021|完整运动,完整运动,circle_orbit,1,1.000000,2.500000,2.500000,,,,,,,,,,,,,,,,1.936887,0.155593,1.931768,0.175087,0.000000,0.000000,-0.164282,,0.118127,0.000000,,,,0.080332,0.193704,2.500000,10.044357,52.782650,0.000000,circle,预设轨迹15,forward
1775480067.008909,6.420265,1775480100.062021|完整运动,完整运动,circle_orbit,1,1.000000,2.500000,2.500000,,,,,,,,,,,,,,,,1.936781,0.159342,1.930451,0.179023,0.000000,0.000000,-0.159118,,0.120744,0.000000,,,,0.082272,0.193693,2.500000,10.084122,52.742884,0.000000,circle,预设轨迹15,forward
1775480067.037171,6.448526,1775480100.062021|完整运动,完整运动,circle_orbit,1,1.000000,2.500000,2.500000,,,,,,,,,,,,,,,,1.936667,0.163144,1.929785,0.183106,0.000000,0.000000,-0.153940,,0.123095,0.000000,,,,0.084240,0.193682,2.500000,10.123668,52.703339,0.000000,circle,预设轨迹15,forward
1775480067.057954,6.469310,1775480100.062021|完整运动,完整运动,circle_orbit,1,1.000000,2.500000,2.500000,,,,,,,,,,,,,,,,1.936528,0.175350,1.928233,0.239433,0.000000,0.000000,-0.142712,,0.128238,0.000000,,,,0.090549,0.193668,2.500000,10.203324,52.623683,0.000000,circle,预设轨迹15,forward
1775480067.079160,6.490515,1775480100.062021|完整运动,完整运动,circle_orbit,1,1.000000,2.500000,2.500000,,,,,,,,,,,,,,,,1.936393,0.179272,1.928286,0.199858,0.000000,0.000000,-0.136972,,0.130512,0.000000,,,,0.092580,0.193654,2.500000,10.242941,52.584066,0.000000,circle,预设轨迹15,forward
1775480067.103791,6.515146,1775480100.062021|完整运动,完整运动,circle_orbit,1,1.000000,2.500000,2.500000,,,,,,,,,,,,,,,,1.936301,0.183396,1.930794,0.205051,0.000000,0.000000,-0.131108,,0.131805,0.000000,,,,0.094715,0.193645,2.500000,10.281998,52.545009,0.000000,circle,预设轨迹15,forward
1775480067.130558,6.541914,1775480100.062021|完整运动,完整运动,circle_orbit,1,1.000000,2.500000,2.500000,,,,,,,,,,,,,,,,1.936229,0.187680,1.931906,0.210170,0.000000,0.000000,-0.125135,,0.133729,0.000000,,,,0.096931,0.193638,2.500000,10.321111,52.505896,0.000000,circle,预设轨迹15,forward
1775480067.161908,6.573264,1775480100.062021|完整运动,完整运动,circle_orbit,1,1.000000,2.500000,2.500000,,,,,,,,,,,,,,,,1.936230,0.200580,1.936281,0.268304,0.000000,0.000000,-0.112933,,0.136783,0.000000,,,,0.103593,0.193638,2.500000,10.399392,52.427615,0.000000,circle,预设轨迹15,forward
1775480067.183361,6.594717,1775480100.062021|完整运动,完整运动,circle_orbit,1,1.000000,2.500000,2.500000,,,,,,,,,,,,,,,,1.936286,0.204339,1.939660,0.224071,0.000000,0.000000,-0.106802,,0.137829,0.000000,,,,0.105531,0.193644,2.500000,10.438657,52.388349,0.000000,circle,预设轨迹15,forward
1775480067.204424,6.615780,1775480100.062021|完整运动,完整运动,circle_orbit,1,1.000000,2.500000,2.500000,,,,,,,,,,,,,,,,1.936409,0.208322,1.943753,0.229238,0.000000,0.000000,-0.100552,,0.138633,0.000000,,,,0.107582,0.193656,2.500000,10.477836,52.349171,0.000000,circle,预设轨迹15,forward
1775480067.224919,6.636274,1775480100.062021|完整运动,完整运动,circle_orbit,1,1.000000,2.500000,2.500000,,,,,,,,,,,,,,,,1.936589,0.212407,1.947394,0.233854,0.000000,0.000000,-0.094249,,0.139652,0.000000,,,,0.109681,0.193674,2.500000,10.516961,52.310046,0.000000,circle,预设轨迹15,forward
1775480067.248589,6.659945,1775480100.062021|完整运动,完整运动,circle_orbit,1,1.000000,2.500000,2.500000,,,,,,,,,,,,,,,,1.936825,0.216465,1.950989,0.237768,0.000000,0.000000,-0.087974,,0.140684,0.000000,,,,0.111763,0.193697,2.500000,10.556094,52.270912,0.000000,circle,预设轨迹15,forward
1775480067.280707,6.692062,1775480100.062021|完整运动,完整运动,circle_orbit,1,1.000000,2.500000,2.500000,,,,,,,,,,,,,,,,1.937114,0.220400,1.954429,0.241059,0.000000,0.000000,-0.081791,,0.141747,0.000000,,,,0.113778,0.193726,2.500000,10.595367,52.231639,0.000000,circle,预设轨迹15,forward
1775480067.306704,6.718060,1775480100.062021|完整运动,完整运动,circle_orbit,1,1.000000,2.500000,2.500000,,,,,,,,,,,,,,,,1.937567,0.233306,1.964763,0.301059,0.000000,0.000000,-0.069105,,0.142617,0.000000,,,,0.120412,0.193772,2.500000,10.674250,52.152757,0.000000,circle,预设轨迹15,forward
1775480067.338616,6.749971,1775480100.062021|完整运动,完整运动,circle_orbit,1,1.000000,2.500000,2.500000,,,,,,,,,,,,,,,,1.938113,0.237042,1.970898,0.256659,0.000000,0.000000,-0.062539,,0.142768,0.000000,,,,0.122306,0.193826,2.500000,10.713533,52.113473,0.000000,circle,预设轨迹15,forward
1775480067.366339,6.777694,1775480100.062021|完整运动,完整运动,circle_orbit,1,1.000000,2.500000,2.500000,,,,,,,,,,,,,,,,1.938842,0.249366,1.982566,0.314070,0.000000,0.000000,-0.049814,,0.143193,0.000000,,,,0.128616,0.193899,2.500000,10.792021,52.034986,0.000000,circle,预设轨迹15,forward
1775480067.391810,6.803166,1775480100.062021|完整运动,完整运动,circle_orbit,1,1.000000,2.500000,2.500000,,,,,,,,,,,,,,,,1.939680,0.252419,1.989958,0.268446,0.000000,0.000000,-0.043305,,0.142869,0.000000,,,,0.130135,0.193983,2.500000,10.831178,51.995828,0.000000,circle,预设轨迹15,forward
1775480067.412866,6.824222,1775480100.062021|完整运动,完整运动,circle_orbit,1,1.000000,2.500000,2.500000,,,,,,,,,,,,,,,,1.940738,0.264584,2.004249,0.328446,0.000000,0.000000,-0.030085,,0.142559,0.000000,,,,0.136331,0.194089,2.500000,10.909568,51.917439,0.000000,circle,预设轨迹15,forward
1775480067.440241,6.851597,1775480100.062021|完整运动,完整运动,circle_orbit,1,1.000000,2.500000,2.500000,,,,,,,,,,,,,,,,1.941923,0.267279,2.012964,0.281427,0.000000,0.000000,-0.023496,,0.141819,0.000000,,,,0.137636,0.194207,2.500000,10.948766,51.878241,0.000000,circle,预设轨迹15,forward
1775480067.460609,6.871964,1775480100.062021|完整运动,完整运动,circle_orbit,1,1.000000,2.500000,2.500000,,,,,,,,,,,,,,,,1.943264,0.270465,2.023774,0.287196,0.000000,0.000000,-0.016680,,0.140400,0.000000,,,,0.139181,0.194341,2.500000,10.987567,51.839439,0.000000,circle,预设轨迹15,forward
1775480067.483535,6.894891,1775480100.062021|完整运动,完整运动,circle_orbit,1,1.000000,2.500000,2.500000,,,,,,,,,,,,,,,,1.944750,0.273661,2.033867,0.290440,0.000000,0.000000,-0.009944,,0.139263,0.000000,,,,0.140718,0.194490,2.500000,11.025836,51.801170,0.000000,circle,预设轨迹15,forward
1775480067.514585,6.925941,1775480100.062021|完整运动,完整运动,circle_orbit,1,1.000000,2.500000,2.500000,,,,,,,,,,,,,,,,1.946362,0.276658,2.043077,0.292388,0.000000,0.000000,-0.003426,,0.138407,0.000000,,,,0.142141,0.194651,2.500000,11.064210,51.762797,0.000000,circle,预设轨迹15,forward
1775480067.538117,6.949473,1775480100.062021|完整运动,完整运动,circle_orbit,1,1.000000,2.500000,2.500000,,,,,,,,,,,,,,,,1.947937,0.288600,2.042491,0.351297,0.000000,0.000000,0.009476,,0.136206,0.000000,,,,0.148157,0.194809,2.500000,11.141175,51.685832,0.000000,circle,预设轨迹15,forward
1775480067.559214,6.970570,1775480100.062021|完整运动,完整运动,circle_orbit,1,1.000000,2.500000,2.500000,,,,,,,,,,,,,,,,1.949436,0.291219,2.039371,0.304971,0.000000,0.000000,0.016114,,0.134721,0.000000,,,,0.149386,0.194959,2.500000,11.179999,51.647007,0.000000,circle,预设轨迹15,forward
1775480067.579715,6.991070,1775480100.062021|完整运动,完整运动,circle_orbit,1,1.000000,2.500000,2.500000,,,,,,,,,,,,,,,,1.950882,0.293919,2.037613,0.308093,0.000000,0.000000,0.022698,,0.132749,0.000000,,,,0.150660,0.195103,2.500000,11.218832,51.608174,0.000000,circle,预设轨迹15,forward
1775480067.602863,7.014219,1775480100.062021|完整运动,完整运动,circle_orbit,1,1.000000,2.500000,2.500000,,,,,,,,,,,,,,,,1.952267,0.296629,2.035353,0.310858,0.000000,0.000000,0.029196,,0.131001,0.000000,,,,0.151941,0.195242,2.500000,11.257643,51.569363,0.000000,circle,预设轨迹15,forward
1775480067.636052,7.047408,1775480100.062021|完整运动,完整运动,circle_orbit,1,1.000000,2.500000,2.500000,,,,,,,,,,,,,,,,1.953613,0.299228,2.034408,0.312872,0.000000,0.000000,0.035532,,0.128823,0.000000,,,,0.153167,0.195376,2.500000,11.296396,51.530611,0.000000,circle,预设轨迹15,forward
1775480067.660947,7.072302,1775480100.062021|完整运动,完整运动,circle_orbit,1,1.000000,2.500000,2.500000,,,,,,,,,,,,,,,,1.954977,0.311011,2.036788,0.372872,0.000000,0.000000,0.048484,,0.122744,0.000000,,,,0.159087,0.195513,2.500000,11.373600,51.453407,0.000000,circle,预设轨迹15,forward
1775480067.693002,7.104358,1775480100.062021|完整运动,完整运动,circle_orbit,1,1.000000,2.500000,2.500000,,,,,,,,,,,,,,,,1.956319,0.313117,2.036869,0.324173,0.000000,0.000000,0.054865,,0.120161,0.000000,,,,0.160054,0.195647,2.500000,11.412344,51.414663,0.000000,circle,预设轨迹15,forward
1775480067.723495,7.134851,1775480100.062021|完整运动,完整运动,circle_orbit,1,1.000000,2.500000,2.500000,,,,,,,,,,,,,,,,1.957630,0.323773,2.036252,0.379716,0.000000,0.000000,0.067299,,0.115419,0.000000,,,,0.165390,0.195778,2.500000,11.490307,51.336700,0.000000,circle,预设轨迹15,forward
1775480067.749589,7.160945,1775480100.062021|完整运动,完整运动,circle_orbit,1,1.000000,2.500000,2.500000,,,,,,,,,,,,,,,,1.958931,0.324843,2.037022,0.330461,0.000000,0.000000,0.073210,,0.112765,0.000000,,,,0.165827,0.195908,2.500000,11.529197,51.297810,0.000000,circle,预设轨迹15,forward
1775480067.770401,7.181756,1775480100.062021|完整运动,完整运动,circle_orbit,1,1.000000,2.500000,2.500000,,,,,,,,,,,,,,,,1.960284,0.334142,2.041457,0.382960,0.000000,0.000000,0.084875,,0.106432,0.000000,,,,0.170456,0.196044,2.500000,11.606345,51.220661,0.000000,circle,预设轨迹15,forward
1775480067.791610,7.202965,1775480100.062021|完整运动,完整运动,circle_orbit,1,1.000000,2.500000,2.500000,,,,,,,,,,,,,,,,1.961640,0.334809,2.042987,0.338312,0.000000,0.000000,0.090621,,0.103560,0.000000,,,,0.170678,0.196179,2.500000,11.644879,51.182127,0.000000,circle,预设轨迹15,forward
1775480067.819058,7.230414,1775480100.062021|完整运动,完整运动,circle_orbit,1,1.000000,2.500000,2.500000,,,,,,,,,,,,,,,,1.963027,0.335534,2.046233,0.339344,0.000000,0.000000,0.096195,,0.100117,0.000000,,,,0.170927,0.196318,2.500000,11.683717,51.143290,0.000000,circle,预设轨迹15,forward
1775480067.840016,7.251372,1775480100.062021|完整运动,完整运动,circle_orbit,1,1.000000,2.500000,2.500000,,,,,,,,,,,,,,,,1.964461,0.336366,2.050526,0.340735,0.000000,0.000000,0.101654,,0.096335,0.000000,,,,0.171226,0.196461,2.500000,11.722513,51.104494,0.000000,circle,预设轨迹15,forward
1775480067.861263,7.272618,1775480100.062021|完整运动,完整运动,circle_orbit,1,1.000000,2.500000,2.500000,,,,,,,,,,,,,,,,1.965943,0.337352,2.054865,0.342525,0.000000,0.000000,0.107056,,0.092565,0.000000,,,,0.171598,0.196609,2.500000,11.761349,51.065657,0.000000,circle,预设轨迹15,forward
1775480067.885911,7.297267,1775480100.062021|完整运动,完整运动,circle_orbit,1,1.000000,2.500000,2.500000,,,,,,,,,,,,,,,,1.967472,0.338351,2.059233,0.343594,0.000000,0.000000,0.112324,,0.088845,0.000000,,,,0.171972,0.196762,2.500000,11.800336,51.026671,0.000000,circle,预设轨迹15,forward
1775480067.908816,7.320172,1775480100.062021|完整运动,完整运动,circle_orbit,1,1.000000,2.500000,2.500000,,,,,,,,,,,,,,,,1.969053,0.339665,2.063921,0.346563,0.000000,0.000000,0.117690,,0.084975,0.000000,,,,0.172501,0.196921,2.500000,11.839132,50.987874,0.000000,circle,预设轨迹15,forward
1775480067.935220,7.346575,1775480100.062021|完整运动,完整运动,circle_orbit,1,1.000000,2.500000,2.500000,,,,,,,,,,,,,,,,1.970784,0.348424,2.074596,0.394409,0.000000,0.000000,0.128338,,0.076820,0.000000,,,,0.176794,0.197094,2.500000,11.916218,50.910789,0.000000,circle,预设轨迹15,forward
1775480067.955641,7.366997,1775480100.062021|完整运动,完整运动,circle_orbit,1,1.000000,2.500000,2.500000,,,,,,,,,,,,,,,,1.972576,0.349061,2.080144,0.352410,0.000000,0.000000,0.133474,,0.072756,0.000000,,,,0.176957,0.197273,2.500000,11.954603,50.872404,0.000000,circle,预设轨迹15,forward
1775480067.979379,7.390734,1775480100.062021|完整运动,完整运动,circle_orbit,1,1.000000,2.500000,2.500000,,,,,,,,,,,,,,,,1.974407,0.349121,2.084258,0.349437,0.000000,0.000000,0.138041,,0.069446,0.000000,,,,0.176823,0.197456,2.500000,11.993170,50.833836,0.000000,circle,预设轨迹15,forward
1775480068.000346,7.411702,1775480100.062021|完整运动,完整运动,circle_orbit,1,1.000000,2.500000,2.500000,,,,,,,,,,,,,,,,1.976310,0.349089,2.090456,0.348916,0.000000,0.000000,0.142370,,0.065492,0.000000,,,,0.176637,0.197646,2.500000,12.031671,50.795336,0.000000,circle,预设轨迹15,forward
1775480068.020861,7.432217,1775480100.062021|完整运动,完整运动,circle_orbit,1,1.000000,2.500000,2.500000,,,,,,,,,,,,,,,,1.978322,0.349481,2.099062,0.351542,0.000000,0.000000,0.146842,,0.060639,0.000000,,,,0.176655,0.197847,2.500000,12.070318,50.756688,0.000000,circle,预设轨迹15,forward
1775480068.042800,7.454155,1775480100.062021|完整运动,完整运动,circle_orbit,1,1.000000,2.500000,2.500000,,,,,,,,,,,,,,,,1.980440,0.349792,2.107538,0.351425,0.000000,0.000000,0.151132,,0.055929,0.000000,,,,0.176623,0.198059,2.500000,12.109015,50.717991,0.000000,circle,预设轨迹15,forward
1775480068.071020,7.482376,1775480100.062021|完整运动,完整运动,circle_orbit,1,1.000000,2.500000,2.500000,,,,,,,,,,,,,,,,1.982674,0.349813,2.116700,0.349920,0.000000,0.000000,0.155093,,0.051135,0.000000,,,,0.176435,0.198283,2.500000,12.147537,50.679470,0.000000,circle,预设轨迹15,forward
1775480068.091500,7.502856,1775480100.062021|完整运动,完整运动,circle_orbit,1,1.000000,2.500000,2.500000,,,,,,,,,,,,,,,,1.985181,0.354693,2.135580,0.380314,0.000000,0.000000,0.162443,,0.041669,0.000000,,,,0.178670,0.198533,2.500000,12.224786,50.602220,0.000000,circle,预设轨迹15,forward
1775480068.112734,7.524089,1775480100.062021|完整运动,完整运动,circle_orbit,1,1.000000,2.500000,2.500000,,,,,,,,,,,,,,,,1.987817,0.353895,2.145991,0.349709,0.000000,0.000000,0.165865,,0.036751,0.000000,,,,0.178032,0.198797,2.500000,12.263733,50.563274,0.000000,circle,预设轨迹15,forward
1775480068.144391,7.555747,1775480100.062021|完整运动,完整运动,circle_orbit,1,1.000000,2.500000,2.500000,,,,,,,,,,,,,,,,1.990599,0.353333,2.157506,0.350382,0.000000,0.000000,0.169282,,0.031498,0.000000,,,,0.177501,0.199075,2.500000,12.302746,50.524260,0.000000,circle,预设轨迹15,forward
1775480068.168143,7.579499,1775480100.062021|完整运动,完整运动,circle_orbit,1,1.000000,2.500000,2.500000,,,,,,,,,,,,,,,,1.993512,0.352771,2.168310,0.349819,0.000000,0.000000,0.172549,,0.026582,0.000000,,,,0.176960,0.199367,2.500000,12.341948,50.485059,0.000000,circle,预设轨迹15,forward
1775480068.188509,7.599864,1775480100.062021|完整运动,完整运动,circle_orbit,1,1.000000,2.500000,2.500000,,,,,,,,,,,,,,,,1.996537,0.352281,2.178033,0.349707,0.000000,0.000000,0.175728,,0.022094,0.000000,,,,0.176446,0.199669,2.500000,12.380974,50.446033,0.000000,circle,预设轨迹15,forward
1775480068.208848,7.620204,1775480100.062021|完整运动,完整运动,circle_orbit,1,1.000000,2.500000,2.500000,,,,,,,,,,,,,,,,1.999821,0.355446,2.196868,0.372066,0.000000,0.000000,0.181428,,0.013663,0.000000,,,,0.177739,0.199998,2.500000,12.458863,50.368144,0.000000,circle,预设轨迹15,forward
1775480068.232508,7.643864,1775480100.062021|完整运动,完整运动,circle_orbit,1,1.000000,2.500000,2.500000,,,,,,,,,,,,,,,,2.003051,0.350589,2.196868,0.325087,0.000000,0.000000,0.181428,,0.013663,0.000000,,,,0.175027,0.200321,2.500000,12.458863,50.368144,0.000000,circle,预设轨迹15,forward
1775480068.262098,7.673454,1775480100.062021|完整运动,完整运动,circle_orbit,1,1.000000,2.500000,2.500000,,,,,,,,,,,,,,,,2.006627,0.351804,2.221137,0.358186,0.000000,0.000000,0.185438,,0.004288,0.000000,,,,0.175321,0.200678,2.500000,12.537648,50.289358,0.000000,circle,预设轨迹15,forward
1775480068.282597,7.693952,1775480100.062021|完整运动,完整运动,circle_orbit,1,1.000000,2.500000,2.500000,,,,,,,,,,,,,,,,2.010274,0.350047,2.229087,0.340820,0.000000,0.000000,0.187306,,-0.001031,0.000000,,,,0.174129,0.201043,2.500000,12.577110,50.249896,0.000000,circle,预设轨迹15,forward
1775480068.303546,7.714902,1775480100.062021|完整运动,完整运动,circle_orbit,1,1.000000,2.500000,2.500000,,,,,,,,,,,,,,,,2.013568,0.348129,2.211212,0.338058,0.000000,0.000000,0.188886,,-0.006066,0.000000,,,,0.172891,0.201372,2.500000,12.616705,50.210301,0.000000,circle,预设轨迹15,forward
1775480068.331850,7.743205,1775480100.062021|完整运动,完整运动,circle_orbit,1,1.000000,2.500000,2.500000,,,,,,,,,,,,,,,,2.016501,0.346180,2.192479,0.335951,0.000000,0.000000,0.190277,,-0.011547,0.000000,,,,0.171674,0.201666,2.500000,12.656119,50.170887,0.000000,circle,预设轨迹15,forward
1775480068.363098,7.774454,1775480100.062021|完整运动,完整运动,circle_orbit,1,1.000000,2.500000,2.500000,,,,,,,,,,,,,,,,2.018745,0.345712,2.153395,0.343255,0.000000,0.000000,0.192590,,-0.023556,0.000000,,,,0.171251,0.201890,2.500000,12.735133,50.091873,0.000000,circle,预设轨迹15,forward
1775480068.389997,7.801353,1775480100.062021|完整运动,完整运动,circle_orbit,1,1.000000,2.500000,2.500000,,,,,,,,,,,,,,,,2.020668,0.343545,2.136076,0.332167,0.000000,0.000000,0.193618,,-0.029028,0.000000,,,,0.170015,0.202082,2.500000,12.774906,50.052101,0.000000,circle,预设轨迹15,forward
1775480068.421728,7.833084,1775480100.062021|完整运动,完整运动,circle_orbit,1,1.000000,2.500000,2.500000,,,,,,,,,,,,,,,,2.022053,0.342385,2.105123,0.336295,0.000000,0.000000,0.195227,,-0.039140,0.000000,,,,0.169325,0.202221,2.500000,12.854581,49.972425,0.000000,circle,预设轨迹15,forward
1775480068.452178,7.863534,1775480100.062021|完整运动,完整运动,circle_orbit,1,1.000000,2.500000,2.500000,,,,,,,,,,,,,,,,2.023244,0.339259,2.094720,0.322849,0.000000,0.000000,0.195329,,-0.042785,0.000000,,,,0.167681,0.202340,2.500000,12.894547,49.932460,0.000000,circle,预设轨迹15,forward
1775480068.473192,7.884547,1775480100.062021|完整运动,完整运动,circle_orbit,1,1.000000,2.500000,2.500000,,,,,,,,,,,,,,,,2.023949,0.336370,2.066250,0.321202,0.000000,0.000000,0.195415,,-0.053029,0.000000,,,,0.166195,0.202411,2.500000,12.973909,49.853098,0.000000,circle,预设轨迹15,forward
1775480068.502904,7.914260,1775480100.062021|完整运动,完整运动,circle_orbit,1,1.000000,2.500000,2.500000,,,,,,,,,,,,,,,,2.024451,0.333064,2.054548,0.315709,0.000000,0.000000,0.195031,,-0.057489,0.000000,,,,0.164521,0.202461,2.500000,13.014057,49.812949,0.000000,circle,预设轨迹15,forward
1775480068.527161,7.938517,1775480100.062021|完整运动,完整运动,circle_orbit,1,1.000000,2.500000,2.500000,,,,,,,,,,,,,,,,2.024757,0.329467,2.043168,0.310584,0.000000,0.000000,0.194254,,-0.062036,0.000000,,,,0.162719,0.202491,2.500000,13.054388,49.772619,0.000000,circle,预设轨迹15,forward
1775480068.549998,7.961354,1775480100.062021|完整运动,完整运动,circle_orbit,1,1.000000,2.500000,2.500000,,,,,,,,,,,,,,,,2.024657,0.323530,2.018620,0.292355,0.000000,0.000000,0.191607,,-0.072395,0.000000,,,,0.159795,0.202481,2.500000,13.135021,49.691986,0.000000,circle,预设轨迹15,forward
1775480068.575401,7.986757,1775480100.062021|完整运动,完整运动,circle_orbit,1,1.000000,2.500000,2.500000,,,,,,,,,,,,,,,,2.024558,0.321707,2.018620,0.312140,0.000000,0.000000,0.191607,,-0.072395,0.000000,,,,0.158902,0.202471,2.500000,13.135021,49.691986,0.000000,circle,预设轨迹15,forward
1775480068.604913,8.016269,1775480100.062021|完整运动,完整运动,circle_orbit,1,1.000000,2.500000,2.500000,,,,,,,,,,,,,,,,2.023960,0.316389,1.988060,0.288468,0.000000,0.000000,0.189047,,-0.085317,0.000000,,,,0.156322,0.202412,2.500000,13.215258,49.611749,0.000000,circle,预设轨迹15,forward
1775480068.630065,8.041420,1775480100.062021|完整运动,完整运动,circle_orbit,1,1.000000,2.500000,2.500000,,,,,,,,,,,,,,,,2.023178,0.312975,1.976296,0.295052,0.000000,0.000000,0.187605,,-0.090573,0.000000,,,,0.154695,0.202333,2.500000,13.255501,49.571505,0.000000,circle,预设轨迹15,forward
1775480068.652911,8.064266,1775480100.062021|完整运动,完整运动,circle_orbit,1,1.000000,2.500000,2.500000,,,,,,,,,,,,,,,,2.022071,0.306833,1.955655,0.274585,0.000000,0.000000,0.184074,,-0.100330,0.000000,,,,0.151742,0.202223,2.500000,13.335961,49.491045,0.000000,circle,预设轨迹15,forward
1775480068.679427,8.090782,1775480100.062021|完整运动,完整运动,circle_orbit,1,1.000000,2.500000,2.500000,,,,,,,,,,,,,,,,2.020983,0.305986,1.955655,0.301541,0.000000,0.000000,0.184074,,-0.100330,0.000000,,,,0.151405,0.202114,2.500000,13.335961,49.491045,0.000000,circle,预设轨迹15,forward
1775480068.709446,8.120801,1775480100.062021|完整运动,完整运动,circle_orbit,1,1.000000,2.500000,2.500000,,,,,,,,,,,,,,,,2.019617,0.298755,1.937687,0.260796,0.000000,0.000000,0.179521,,-0.109560,0.000000,,,,0.147927,0.201977,2.500000,13.416048,49.410958,0.000000,circle,预设轨迹15,forward
1775480068.740824,8.152180,1775480100.062021|完整运动,完整运动,circle_orbit,1,1.000000,2.500000,2.500000,,,,,,,,,,,,,,,,2.018138,0.294828,1.929426,0.274212,0.000000,0.000000,0.177016,,-0.114014,0.000000,,,,0.146089,0.201829,2.500000,13.456098,49.370909,0.000000,circle,预设轨迹15,forward
1775480068.771674,8.183030,1775480100.062021|完整运动,完整运动,circle_orbit,1,1.000000,2.500000,2.500000,,,,,,,,,,,,,,,,2.016466,0.286602,1.916116,0.243412,0.000000,0.000000,0.171293,,-0.121929,0.000000,,,,0.142131,0.201662,2.500000,13.536281,49.290726,0.000000,circle,预设轨迹15,forward
1775480068.806550,8.217906,1775480100.062021|完整运动,完整运动,circle_orbit,1,1.000000,2.500000,2.500000,,,,,,,,,,,,,,,,2.014706,0.281817,1.909122,0.256700,0.000000,0.000000,0.167683,,-0.126360,0.000000,,,,0.139880,0.201486,2.500000,13.576412,49.250594,0.000000,circle,预设轨迹15,forward
1775480068.832109,8.243465,1775480100.062021|完整运动,完整运动,circle_orbit,1,1.000000,2.500000,2.500000,,,,,,,,,,,,,,,,2.012690,0.271582,1.891696,0.217849,0.000000,0.000000,0.160007,,-0.136971,0.000000,,,,0.134935,0.201284,2.500000,13.656962,49.170044,0.000000,circle,预设轨迹15,forward
1775480068.864124,8.275480,1775480100.062021|完整运动,完整运动,circle_orbit,1,1.000000,2.500000,2.500000,,,,,,,,,,,,,,,,2.010445,0.262050,1.875738,0.212006,0.000000,0.000000,0.152386,,-0.147046,0.000000,,,,0.130344,0.201060,2.500000,13.737235,49.089771,0.000000,circle,预设轨迹15,forward
1775480068.888180,8.299536,1775480100.062021|完整运动,完整运动,circle_orbit,1,1.000000,2.500000,2.500000,,,,,,,,,,,,,,,,2.008105,0.258287,1.867728,0.238528,0.000000,0.000000,0.148540,,-0.152157,0.000000,,,,0.128622,0.200826,2.500000,13.777334,49.049673,0.000000,circle,预设轨迹15,forward
1775480068.908669,8.320024,1775480100.062021|完整运动,完整运动,circle_orbit,1,1.000000,2.500000,2.500000,,,,,,,,,,,,,,,,2.005697,0.254314,1.861206,0.233454,0.000000,0.000000,0.144515,,-0.156699,0.000000,,,,0.126796,0.200585,2.500000,13.816997,49.010009,0.000000,circle,预设轨迹15,forward
1775480068.933342,8.344698,1775480100.062021|完整运动,完整运动,circle_orbit,1,1.000000,2.500000,2.500000,,,,,,,,,,,,,,,,2.003222,0.250120,1.854717,0.228106,0.000000,0.000000,0.140289,,-0.161326,0.000000,,,,0.124859,0.200338,2.500000,13.856770,48.970236,0.000000,circle,预设轨迹15,forward
1775480068.967087,8.378443,1775480100.062021|完整运动,完整运动,circle_orbit,1,1.000000,2.500000,2.500000,,,,,,,,,,,,,,,,2.000665,0.239284,1.847268,0.182395,0.000000,0.000000,0.131216,,-0.168353,0.000000,,,,0.119602,0.200082,2.500000,13.936398,48.890608,0.000000,circle,预设轨迹15,forward
1775480068.997235,8.408591,1775480100.062021|完整运动,完整运动,circle_orbit,1,1.000000,2.500000,2.500000,,,,,,,,,,,,,,,,1.998085,0.227191,1.843259,0.163700,0.000000,0.000000,0.120786,,-0.174365,0.000000,,,,0.113704,0.199824,2.500000,14.015898,48.811108,0.000000,circle,预设轨迹15,forward
1775480069.023823,8.435179,1775480100.062021|完整运动,完整运动,circle_orbit,1,1.000000,2.500000,2.500000,,,,,,,,,,,,,,,,1.995495,0.222575,1.840091,0.198344,0.000000,0.000000,0.115254,,-0.178038,0.000000,,,,0.111539,0.199565,2.500000,14.055645,48.771362,0.000000,circle,预设轨迹15,forward
1775480069.045680,8.457036,1775480100.062021|完整运动,完整运动,circle_orbit,1,1.000000,2.500000,2.500000,,,,,,,,,,,,,,,,1.992897,0.217546,1.837045,0.191145,0.000000,0.000000,0.109394,,-0.181790,0.000000,,,,0.109161,0.199305,2.500000,14.095402,48.731605,0.000000,circle,预设轨迹15,forward
1775480069.066566,8.477922,1775480100.062021|完整运动,完整运动,circle_orbit,1,1.000000,2.500000,2.500000,,,,,,,,,,,,,,,,1.990304,0.212423,1.834722,0.185527,0.000000,0.000000,0.103408,,-0.185262,0.000000,,,,0.106729,0.199046,2.500000,14.135409,48.691598,0.000000,circle,预设轨迹15,forward
1775480069.092275,8.503631,1775480100.062021|完整运动,完整运动,circle_orbit,1,1.000000,2.500000,2.500000,,,,,,,,,,,,,,,,1.987717,0.207305,1.832483,0.180437,0.000000,0.000000,0.097361,,-0.188721,0.000000,,,,0.104293,0.198787,2.500000,14.175341,48.651665,0.000000,circle,预设轨迹15,forward
1775480069.112902,8.524258,1775480100.062021|完整运动,完整运动,circle_orbit,1,1.000000,2.500000,2.500000,,,,,,,,,,,,,,,,1.985137,0.193865,1.830368,0.123304,0.000000,0.000000,0.085244,,-0.194553,0.000000,,,,0.097658,0.198529,2.500000,14.254529,48.572478,0.000000,circle,预设轨迹15,forward
1775480069.133637,8.544993,1775480100.062021|完整运动,完整运动,circle_orbit,1,1.000000,2.500000,2.500000,,,,,,,,,,,,,,,,1.982597,0.189201,1.830168,0.164712,0.000000,0.000000,0.078902,,-0.197184,0.000000,,,,0.095431,0.198275,2.500000,14.293652,48.533354,0.000000,circle,预设轨迹15,forward
1775480069.159678,8.571034,1775480100.062021|完整运动,完整运动,circle_orbit,1,1.000000,2.500000,2.500000,,,,,,,,,,,,,,,,1.980105,0.184404,1.830574,0.159224,0.000000,0.000000,0.072455,,-0.199573,0.000000,,,,0.093129,0.198026,2.500000,14.333011,48.493996,0.000000,circle,预设轨迹15,forward
1775480069.180951,8.592307,1775480100.062021|完整运动,完整运动,circle_orbit,1,1.000000,2.500000,2.500000,,,,,,,,,,,,,,,,1.977639,0.179828,1.829678,0.155804,0.000000,0.000000,0.066145,,-0.202515,0.000000,,,,0.090931,0.197779,2.500000,14.372377,48.454629,0.000000,circle,预设轨迹15,forward
1775480069.202321,8.613677,1775480100.062021|完整运动,完整运动,circle_orbit,1,1.000000,2.500000,2.500000,,,,,,,,,,,,,,,,1.975205,0.175188,1.829164,0.150828,0.000000,0.000000,0.059776,,-0.205303,0.000000,,,,0.088694,0.197536,2.500000,14.411828,48.415179,0.000000,circle,预设轨迹15,forward
1775480069.226176,8.637531,1775480100.062021|完整运动,完整运动,circle_orbit,1,1.000000,2.500000,2.500000,,,,,,,,,,,,,,,,1.972835,0.170278,1.830650,0.144501,0.000000,0.000000,0.053189,,-0.207245,0.000000,,,,0.086311,0.197299,2.500000,14.451263,48.375743,0.000000,circle,预设轨迹15,forward
1775480069.255299,8.666655,1775480100.062021|完整运动,完整运动,circle_orbit,1,1.000000,2.500000,2.500000,,,,,,,,,,,,,,,,1.970550,0.164595,1.833439,0.134757,0.000000,0.000000,0.046000,,-0.208822,0.000000,,,,0.083527,0.197070,2.500000,14.490734,48.336272,0.000000,circle,预设轨迹15,forward
1775480069.286569,8.697924,1775480100.062021|完整运动,完整运动,circle_orbit,1,1.000000,2.500000,2.500000,,,,,,,,,,,,,,,,1.968347,0.150221,1.836160,0.074757,0.000000,0.000000,0.031411,,-0.213395,0.000000,,,,0.076318,0.196850,2.500000,14.569580,48.257427,0.000000,circle,预设轨迹15,forward
1775480069.311008,8.722364,1775480100.062021|完整运动,完整运动,circle_orbit,1,1.000000,2.500000,2.500000,,,,,,,,,,,,,,,,1.966212,0.145096,1.838160,0.118192,0.000000,0.000000,0.024013,,-0.215429,0.000000,,,,0.073795,0.196636,2.500000,14.609229,48.217777,0.000000,circle,预设轨迹15,forward
1775480069.333262,8.744617,1775480100.062021|完整运动,完整运动,circle_orbit,1,1.000000,2.500000,2.500000,,,,,,,,,,,,,,,,1.964163,0.139935,1.841194,0.112839,0.000000,0.000000,0.016558,,-0.217010,0.000000,,,,0.071244,0.196431,2.500000,14.648816,48.178191,0.000000,circle,预设轨迹15,forward
1775480069.357427,8.768783,1775480100.062021|完整运动,完整运动,circle_orbit,1,1.000000,2.500000,2.500000,,,,,,,,,,,,,,,,1.962275,0.125999,1.849030,0.052839,0.000000,0.000000,0.001221,,-0.219549,0.000000,,,,0.064211,0.196243,2.500000,14.727551,48.099456,0.000000,circle,预设轨迹15,forward
1775480069.378828,8.790184,1775480100.062021|完整运动,完整运动,circle_orbit,1,1.000000,2.500000,2.500000,,,,,,,,,,,,,,,,1.960283,0.120983,1.840710,0.094647,0.000000,0.000000,-0.006608,,-0.221214,0.000000,,,,0.061717,0.196043,2.500000,14.766550,48.060457,0.000000,circle,预设轨迹15,forward
1775480069.411084,8.822440,1775480100.062021|完整运动,完整运动,circle_orbit,1,1.000000,2.500000,2.500000,,,,,,,,,,,,,,,,1.958155,0.116021,1.830475,0.089969,0.000000,0.000000,-0.014408,,-0.222840,0.000000,,,,0.059250,0.195831,2.500000,14.805533,48.021474,0.000000,circle,预设轨迹15,forward
1775480069.436640,8.847995,1775480100.062021|完整运动,完整运动,circle_orbit,1,1.000000,2.500000,2.500000,,,,,,,,,,,,,,,,1.955785,0.102252,1.813616,0.029969,0.000000,0.000000,-0.030050,,-0.224517,0.000000,,,,0.052282,0.195594,2.500000,14.883844,47.943163,0.000000,circle,预设轨迹15,forward
1775480069.461442,8.872797,1775480100.062021|完整运动,完整运动,circle_orbit,1,1.000000,2.500000,2.500000,,,,,,,,,,,,,,,,1.953312,0.097507,1.804903,0.072590,0.000000,0.000000,-0.038130,,-0.225444,0.000000,,,,0.049919,0.195346,2.500000,14.923011,47.903995,0.000000,circle,预设轨迹15,forward
1775480069.481885,8.893241,1775480100.062021|完整运动,完整运动,circle_orbit,1,1.000000,2.500000,2.500000,,,,,,,,,,,,,,,,1.950743,0.092769,1.796637,0.067896,0.000000,0.000000,-0.046188,,-0.226204,0.000000,,,,0.047556,0.195089,2.500000,14.962195,47.864812,0.000000,circle,预设轨迹15,forward
1775480069.503294,8.914650,1775480100.062021|完整运动,完整运动,circle_orbit,1,1.000000,2.500000,2.500000,,,,,,,,,,,,,,,,1.948091,0.087953,1.788965,0.062673,0.000000,0.000000,-0.054294,,-0.226691,0.000000,,,,0.045148,0.194824,2.500000,15.001320,47.825687,0.000000,circle,预设轨迹15,forward
1775480069.532705,8.944061,1775480100.062021|完整运动,完整运动,circle_orbit,1,1.000000,2.500000,2.500000,,,,,,,,,,,,,,,,1.945363,0.082994,1.781701,0.056960,0.000000,0.000000,-0.062506,,-0.226966,0.000000,,,,0.042663,0.194551,2.500000,15.040619,47.786387,0.000000,circle,预设轨迹15,forward
1775480069.553516,8.964872,1775480100.062021|完整运动,完整运动,circle_orbit,1,1.000000,2.500000,2.500000,,,,,,,,,,,,,,,,1.942449,0.069229,1.767598,-0.003040,0.000000,0.000000,-0.078515,,-0.227560,0.000000,,,,0.035640,0.194260,2.500000,15.119442,47.707564,0.000000,circle,预设轨迹15,forward
1775480069.574622,8.985978,1775480100.062021|完整运动,完整运动,circle_orbit,1,1.000000,2.500000,2.500000,,,,,,,,,,,,,,,,1.939495,0.064882,1.762219,0.042060,0.000000,0.000000,-0.086732,,-0.226971,0.000000,,,,0.033453,0.193964,2.500000,15.158804,47.668202,0.000000,circle,预设轨迹15,forward
1775480069.601403,9.012759,1775480100.062021|完整运动,完整运动,circle_orbit,1,1.000000,2.500000,2.500000,,,,,,,,,,,,,,,,1.936588,0.070830,1.762219,0.102060,0.000000,0.000000,-0.086732,,-0.226971,0.000000,,,,0.036575,0.193674,2.500000,15.158804,47.668202,0.000000,circle,预设轨迹15,forward
1775480069.626485,9.037841,1775480100.062021|完整运动,完整运动,circle_orbit,1,1.000000,2.500000,2.500000,,,,,,,,,,,,,,,,1.933537,0.066227,1.750458,0.042060,0.000000,0.000000,-0.103178,,-0.226349,0.000000,,,,0.034252,0.193369,2.500000,15.236822,47.590185,0.000000,circle,预设轨迹15,forward
1775480069.657982,9.069338,1775480100.062021|完整运动,完整运动,circle_orbit,1,1.000000,2.500000,2.500000,,,,,,,,,,,,,,,,1.930346,0.052760,1.738863,-0.017940,0.000000,0.000000,-0.119586,,-0.225738,0.000000,,,,0.027332,0.193049,2.500000,15.314608,47.512399,0.000000,circle,预设轨迹15,forward
1775480069.688075,9.099431,1775480100.062021|完整运动,完整运动,circle_orbit,1,1.000000,2.500000,2.500000,,,,,,,,,,,,,,,,1.927119,0.047409,1.733527,0.019318,0.000000,0.000000,-0.127659,,-0.225274,0.000000,,,,0.024601,0.192727,2.500000,15.353665,47.473341,0.000000,circle,预设轨迹15,forward
1775480069.719535,9.130891,1775480100.062021|完整运动,完整运动,circle_orbit,1,1.000000,2.500000,2.500000,,,,,,,,,,,,,,,,1.923879,0.042120,1.729469,0.014353,0.000000,0.000000,-0.135807,,-0.224129,0.000000,,,,0.021893,0.192403,2.500000,15.392884,47.434123,0.000000,circle,预设轨迹15,forward
1775480069.747183,9.158539,1775480100.062021|完整运动,完整运动,circle_orbit,1,1.000000,2.500000,2.500000,,,,,,,,,,,,,,,,1.920538,0.028078,1.720049,-0.045647,0.000000,0.000000,-0.151816,,-0.222673,0.000000,,,,0.014620,0.192069,2.500000,15.470536,47.356471,0.000000,circle,预设轨迹15,forward
1775480069.778553,9.189909,1775480100.062021|完整运动,完整运动,circle_orbit,1,1.000000,2.500000,2.500000,,,,,,,,,,,,,,,,1.917130,0.012926,1.712676,-0.066622,0.000000,0.000000,-0.167711,,-0.220225,0.000000,,,,0.006742,0.191728,2.500000,15.548505,47.278502,0.000000,circle,预设轨迹15,forward
1775480069.799621,9.210977,1775480100.062021|完整运动,完整运动,circle_orbit,1,1.000000,2.500000,2.500000,,,,,,,,,,,,,,,,1.913713,0.009798,1.708682,-0.006622,0.000000,0.000000,-0.175469,,-0.219254,0.000000,,,,0.005120,0.191386,2.500000,15.587626,47.239380,0.000000,circle,预设轨迹15,forward
1775480069.820856,9.232212,1775480100.062021|完整运动,完整运动,circle_orbit,1,1.000000,2.500000,2.500000,,,,,,,,,,,,,,,,1.910317,0.006622,1.706541,-0.010053,0.000000,0.000000,-0.183301,,-0.217268,0.000000,,,,0.003466,0.191046,2.500000,15.626957,47.200049,0.000000,circle,预设轨迹15,forward
1775480069.844505,9.255860,1775480100.062021|完整运动,完整运动,circle_orbit,1,1.000000,2.500000,2.500000,,,,,,,,,,,,,,,,1.906937,0.003100,1.704174,-0.015391,0.000000,0.000000,-0.191307,,-0.215338,0.000000,,,,0.001625,0.190708,2.500000,15.666399,47.160607,0.000000,circle,预设轨迹15,forward
1775480069.872961,9.284317,1775480100.062021|完整运动,完整运动,circle_orbit,1,1.000000,2.500000,2.500000,,,,,,,,,,,,,,,,1.903565,-0.000093,1.701261,-0.016857,0.000000,0.000000,-0.199029,,-0.213819,0.000000,,,,0.000049,0.190371,2.500000,15.705218,47.121788,0.000000,circle,预设轨迹15,forward
1775480069.894560,9.305916,1775480100.062021|完整运动,完整运动,circle_orbit,1,1.000000,2.500000,2.500000,,,,,,,,,,,,,,,,1.900168,-0.012376,1.696321,-0.076857,0.000000,0.000000,-0.214489,,-0.210309,0.000000,,,,0.006513,0.190031,2.500000,15.783221,47.043786,0.000000,circle,预设轨迹15,forward
1775480069.914884,9.326239,1775480100.062021|完整运动,完整运动,circle_orbit,1,1.000000,2.500000,2.500000,,,,,,,,,,,,,,,,1.896793,-0.014521,1.694266,-0.025782,0.000000,0.000000,-0.221789,,-0.208506,0.000000,,,,0.007655,0.189694,2.500000,15.822299,47.004707,0.000000,circle,预设轨迹15,forward
1775480069.937417,9.348773,1775480100.062021|完整运动,完整运动,circle_orbit,1,1.000000,2.500000,2.500000,,,,,,,,,,,,,,,,1.893472,-0.006742,1.694266,0.034096,0.000000,0.000000,-0.221789,,-0.208506,0.000000,,,,0.003561,0.189362,2.500000,15.822299,47.004707,0.000000,circle,预设轨迹15,forward
1775480069.966748,9.378103,1775480100.062021|完整运动,完整运动,circle_orbit,1,1.000000,2.500000,2.500000,,,,,,,,,,,,,,,,1.890170,-0.009808,1.692026,-0.025904,0.000000,0.000000,-0.236623,,-0.203793,0.000000,,,,0.005189,0.189032,2.500000,15.900571,46.926435,0.000000,circle,预设轨迹15,forward
1775480069.993490,9.404845,1775480100.062021|完整运动,完整运动,circle_orbit,1,1.000000,2.500000,2.500000,,,,,,,,,,,,,,,,1.886906,-0.013963,1.691084,-0.035776,0.000000,0.000000,-0.243920,,-0.201388,0.000000,,,,0.007400,0.188705,2.500000,15.939525,46.887481,0.000000,circle,预设轨迹15,forward
1775480070.017352,9.428708,1775480100.062021|完整运动,完整运动,circle_orbit,1,1.000000,2.500000,2.500000,,,,,,,,,,,,,,,,1.883676,-0.017592,1.689849,-0.036648,0.000000,0.000000,-0.250946,,-0.199253,0.000000,,,,0.009339,0.188382,2.500000,15.978419,46.848588,0.000000,circle,预设轨迹15,forward
1775480070.037836,9.449192,1775480100.062021|完整运动,完整运动,circle_orbit,1,1.000000,2.500000,2.500000,,,,,,,,,,,,,,,,1.880487,-0.030241,1.689181,-0.096648,0.000000,0.000000,-0.264572,,-0.194168,0.000000,,,,0.016082,0.188063,2.500000,16.056569,46.770438,0.000000,circle,预设轨迹15,forward
1775480070.061609,9.472965,1775480100.062021|完整运动,完整运动,circle_orbit,1,1.000000,2.500000,2.500000,,,,,,,,,,,,,,,,1.877352,-0.032343,1.689244,-0.043376,0.000000,0.000000,-0.271173,,-0.191492,0.000000,,,,0.017228,0.187750,2.500000,16.095529,46.731478,0.000000,circle,预设轨迹15,forward
1775480070.091901,9.503257,1775480100.062021|完整运动,完整运动,circle_orbit,1,1.000000,2.500000,2.500000,,,,,,,,,,,,,,,,1.874262,-0.034303,1.688843,-0.044593,0.000000,0.000000,-0.277611,,-0.189137,0.000000,,,,0.018302,0.187441,2.500000,16.134367,46.692640,0.000000,circle,预设轨迹15,forward
1775480070.123245,9.534600,1775480100.062021|完整运动,完整运动,circle_orbit,1,1.000000,2.500000,2.500000,,,,,,,,,,,,,,,,1.871249,-0.036571,1.690478,-0.048478,0.000000,0.000000,-0.284210,,-0.185602,0.000000,,,,0.019544,0.187139,2.500000,16.173199,46.653808,0.000000,circle,预设轨迹15,forward
1775480070.155692,9.567048,1775480100.062021|完整运动,完整运动,circle_orbit,1,1.000000,2.500000,2.500000,,,,,,,,,,,,,,,,1.868317,-0.047676,1.692394,-0.105980,0.000000,0.000000,-0.297158,,-0.179376,0.000000,,,,0.025518,0.186846,2.500000,16.249790,46.577217,0.000000,circle,预设轨迹15,forward
1775480070.182434,9.593789,1775480100.062021|完整运动,完整运动,circle_orbit,1,1.000000,2.500000,2.500000,,,,,,,,,,,,,,,,1.865468,-0.057779,1.694504,-0.110819,0.000000,0.000000,-0.309879,,-0.173137,0.000000,,,,0.030973,0.186561,2.500000,16.326191,46.500815,0.000000,circle,预设轨迹15,forward
1775480070.206370,9.617726,1775480100.062021|完整运动,完整运动,circle_orbit,1,1.000000,2.500000,2.500000,,,,,,,,,,,,,,,,1.862706,-0.058182,1.697019,-0.060296,0.000000,0.000000,-0.316000,,-0.169322,0.000000,,,,0.031235,0.186285,2.500000,16.364518,46.462488,0.000000,circle,预设轨迹15,forward
1775480070.226842,9.638198,1775480100.062021|完整运动,完整运动,circle_orbit,1,1.000000,2.500000,2.500000,,,,,,,,,,,,,,,,1.860021,-0.058765,1.698883,-0.061828,0.000000,0.000000,-0.322056,,-0.165890,0.000000,,,,0.031594,0.186016,2.500000,16.402749,46.424258,0.000000,circle,预设轨迹15,forward
1775480070.248048,9.659404,1775480100.062021|完整运动,完整运动,circle_orbit,1,1.000000,2.500000,2.500000,,,,,,,,,,,,,,,,1.857409,-0.059323,1.700729,-0.062253,0.000000,0.000000,-0.327923,,-0.162545,0.000000,,,,0.031939,0.185755,2.500000,16.440990,46.386016,0.000000,circle,预设轨迹15,forward
1775480070.276122,9.687478,1775480100.062021|完整运动,完整运动,circle_orbit,1,1.000000,2.500000,2.500000,,,,,,,,,,,,,,,,1.854864,-0.059545,1.702152,-0.060710,0.000000,0.000000,-0.333389,,-0.159590,0.000000,,,,0.032102,0.185501,2.500000,16.479128,46.347879,0.000000,circle,预设轨迹15,forward
1775480070.297626,9.708982,1775480100.062021|完整运动,完整运动,circle_orbit,1,1.000000,2.500000,2.500000,,,,,,,,,,,,,,,,1.852451,-0.066884,1.707672,-0.105411,0.000000,0.000000,-0.343836,,-0.152444,0.000000,,,,0.036106,0.185259,2.500000,16.556148,46.270859,0.000000,circle,预设轨迹15,forward
1775480070.324648,9.736004,1775480100.062021|完整运动,完整运动,circle_orbit,1,1.000000,2.500000,2.500000,,,,,,,,,,,,,,,,1.850134,-0.066329,1.711122,-0.063417,0.000000,0.000000,-0.348856,,-0.148590,0.000000,,,,0.035851,0.185028,2.500000,16.594877,46.232130,0.000000,circle,预设轨迹15,forward
1775480070.345373,9.756728,1775480100.062021|完整运动,完整运动,circle_orbit,1,1.000000,2.500000,2.500000,,,,,,,,,,,,,,,,1.847893,-0.065451,1.713439,-0.060840,0.000000,0.000000,-0.353429,,-0.145526,0.000000,,,,0.035419,0.184804,2.500000,16.633277,46.193730,0.000000,circle,预设轨迹15,forward
1775480070.371563,9.782919,1775480100.062021|完整运动,完整运动,circle_orbit,1,1.000000,2.500000,2.500000,,,,,,,,,,,,,,,,1.845753,-0.064821,1.717317,-0.061515,0.000000,0.000000,-0.357967,,-0.141652,0.000000,,,,0.035119,0.184590,2.500000,16.671993,46.155013,0.000000,circle,预设轨迹15,forward
1775480070.395989,9.807345,1775480100.062021|完整运动,完整运动,circle_orbit,1,1.000000,2.500000,2.500000,,,,,,,,,,,,,,,,1.843726,-0.064538,1.722126,-0.063052,0.000000,0.000000,-0.362572,,-0.137269,0.000000,,,,0.035004,0.184387,2.500000,16.710350,46.116657,0.000000,circle,预设轨迹15,forward
1775480070.423691,9.835047,1775480100.062021|完整运动,完整运动,circle_orbit,1,1.000000,2.500000,2.500000,,,,,,,,,,,,,,,,1.841886,-0.071395,1.731475,-0.107396,0.000000,0.000000,-0.372192,,-0.128522,0.000000,,,,0.038762,0.184203,2.500000,16.787235,46.039771,0.000000,circle,预设轨迹15,forward
1775480070.457880,9.869236,1775480100.062021|完整运动,完整运动,circle_orbit,1,1.000000,2.500000,2.500000,,,,,,,,,,,,,,,,1.840142,-0.070868,1.735525,-0.068097,0.000000,0.000000,-0.376766,,-0.124586,0.000000,,,,0.038512,0.184028,2.500000,16.825542,46.001464,0.000000,circle,预设轨迹15,forward
1775480070.479095,9.890450,1775480100.062021|完整运动,完整运动,circle_orbit,1,1.000000,2.500000,2.500000,,,,,,,,,,,,,,,,1.838593,-0.076448,1.745631,-0.105747,0.000000,0.000000,-0.385588,,-0.115845,0.000000,,,,0.041580,0.183873,2.500000,16.902611,45.924396,0.000000,circle,预设轨迹15,forward
1775480070.500254,9.911610,1775480100.062021|完整运动,完整运动,circle_orbit,1,1.000000,2.500000,2.500000,,,,,,,,,,,,,,,,1.837150,-0.075105,1.750575,-0.068053,0.000000,0.000000,-0.389617,,-0.111705,0.000000,,,,0.040881,0.183729,2.500000,16.941134,45.885873,0.000000,circle,预设轨迹15,forward
1775480070.523462,9.934818,1775480100.062021|完整运动,完整运动,circle_orbit,1,1.000000,2.500000,2.500000,,,,,,,,,,,,,,,,1.835824,-0.073638,1.756243,-0.065936,0.000000,0.000000,-0.393341,,-0.107335,0.000000,,,,0.040112,0.183597,2.500000,16.979668,45.847338,0.000000,circle,预设轨迹15,forward
1775480070.549403,9.960759,1775480100.062021|完整运动,完整运动,circle_orbit,1,1.000000,2.500000,2.500000,,,,,,,,,,,,,,,,1.834608,-0.071980,1.761701,-0.063276,0.000000,0.000000,-0.396718,,-0.103228,0.000000,,,,0.039235,0.183475,2.500000,17.018129,45.808878,0.000000,circle,预设轨迹15,forward
1775480070.585450,9.996806,1775480100.062021|完整运动,完整运动,circle_orbit,1,1.000000,2.500000,2.500000,,,,,,,,,,,,,,,,1.833636,-0.074746,1.775305,-0.089268,0.000000,0.000000,-0.403093,,-0.093881,0.000000,,,,0.040764,0.183378,2.500000,17.095403,45.731603,0.000000,circle,预设轨迹15,forward
1775480070.610640,10.021995,1775480100.062021|完整运动,完整运动,circle_orbit,1,1.000000,2.500000,2.500000,,,,,,,,,,,,,,,,1.832797,-0.072621,1.782456,-0.061462,0.000000,0.000000,-0.406011,,-0.089183,0.000000,,,,0.039623,0.183294,2.500000,17.134134,45.692873,0.000000,circle,预设轨迹15,forward
1775480070.645848,10.057204,1775480100.062021|完整运动,完整运动,circle_orbit,1,1.000000,2.500000,2.500000,,,,,,,,,,,,,,,,1.832225,-0.073637,1.797872,-0.078975,0.000000,0.000000,-0.410985,,-0.079676,0.000000,,,,0.040190,0.183237,2.500000,17.211483,45.615523,0.000000,circle,预设轨迹15,forward
1775480070.677747,10.089103,1775480100.062021|完整运动,完整运动,circle_orbit,1,1.000000,2.500000,2.500000,,,,,,,,,,,,,,,,1.831940,-0.075387,1.814850,-0.084575,0.000000,0.000000,-0.416480,,-0.069348,0.000000,,,,0.041152,0.183208,2.500000,17.288273,45.538733,0.000000,circle,预设轨迹15,forward
1775480070.709855,10.121211,1775480100.062021|完整运动,完整运动,circle_orbit,1,1.000000,2.500000,2.500000,,,,,,,,,,,,,,,,1.831769,-0.073123,1.821515,-0.061233,0.000000,0.000000,-0.419104,,-0.065148,0.000000,,,,0.039919,0.183191,2.500000,17.326990,45.500017,0.000000,circle,预设轨迹15,forward
1775480070.740376,10.151731,1775480100.062021|完整运动,完整运动,circle_orbit,1,1.000000,2.500000,2.500000,,,,,,,,,,,,,,,,1.831725,-0.070565,1.829093,-0.057135,0.000000,0.000000,-0.421303,,-0.060715,0.000000,,,,0.038524,0.183187,2.500000,17.365728,45.461278,0.000000,circle,预设轨迹15,forward
1775480070.771058,10.182414,1775480100.062021|完整运动,完整运动,circle_orbit,1,1.000000,2.500000,2.500000,,,,,,,,,,,,,,,,1.831993,-0.070382,1.848055,-0.069425,0.000000,0.000000,-0.425012,,-0.050466,0.000000,,,,0.038418,0.183213,2.500000,17.444047,45.382960,0.000000,circle,预设轨迹15,forward
1775480070.804427,10.215783,1775480100.062021|完整运动,完整运动,circle_orbit,1,1.000000,2.500000,2.500000,,,,,,,,,,,,,,,,1.832553,-0.068214,1.866166,-0.056829,0.000000,0.000000,-0.427236,,-0.041371,0.000000,,,,0.037223,0.183269,2.500000,17.522205,45.304801,0.000000,circle,预设轨迹15,forward
1775480070.829596,10.240951,1775480100.062021|完整运动,完整运动,circle_orbit,1,1.000000,2.500000,2.500000,,,,,,,,,,,,,,,,1.833278,-0.064282,1.876789,-0.043639,0.000000,0.000000,-0.428016,,-0.036319,0.000000,,,,0.035064,0.183342,2.500000,17.561376,45.265630,0.000000,circle,预设轨迹15,forward
1775480070.862317,10.273672,1775480100.062021|完整运动,完整运动,circle_orbit,1,1.000000,2.500000,2.500000,,,,,,,,,,,,,,,,1.834376,-0.061959,1.900256,-0.049763,0.000000,0.000000,-0.429704,,-0.025363,0.000000,,,,0.033776,0.183452,2.500000,17.640021,45.186985,0.000000,circle,预设轨迹15,forward
1775480070.894166,10.305522,1775480100.062021|完整运动,完整运动,circle_orbit,1,1.000000,2.500000,2.500000,,,,,,,,,,,,,,,,1.835646,-0.058342,1.911827,-0.039352,0.000000,0.000000,-0.430306,,-0.020145,0.000000,,,,0.031783,0.183579,2.500000,17.679261,45.147745,0.000000,circle,预设轨迹15,forward
1775480070.925722,10.337078,1775480100.062021|完整运动,完整运动,circle_orbit,1,1.000000,2.500000,2.500000,,,,,,,,,,,,,,,,1.837252,-0.054289,1.933640,-0.033016,0.000000,0.000000,-0.430384,,-0.010895,0.000000,,,,0.029549,0.183739,2.500000,17.757145,45.069862,0.000000,circle,预设轨迹15,forward
1775480070.955638,10.366994,1775480100.062021|完整运动,完整运动,circle_orbit,1,1.000000,2.500000,2.500000,,,,,,,,,,,,,,,,1.839055,-0.050202,1.947191,-0.028745,0.000000,0.000000,-0.430207,,-0.005342,0.000000,,,,0.027298,0.183920,2.500000,17.795711,45.031296,0.000000,circle,预设轨迹15,forward
1775480070.985999,10.397354,1775480100.062021|完整运动,完整运动,circle_orbit,1,1.000000,2.500000,2.500000,,,,,,,,,,,,,,,,1.840840,-0.046507,1.947965,-0.027106,0.000000,0.000000,-0.430104,,0.005064,0.000000,,,,0.025264,0.184098,2.500000,17.873510,44.953496,0.000000,circle,预设轨迹15,forward
1775480071.017447,10.428802,1775480100.062021|完整运动,完整运动,circle_orbit,1,1.000000,2.500000,2.500000,,,,,,,,,,,,,,,,1.842409,-0.042550,1.936563,-0.021777,0.000000,0.000000,-0.429630,,0.009977,0.000000,,,,0.023095,0.184255,2.500000,17.912184,44.914823,0.000000,circle,预设轨迹15,forward
1775480071.045583,10.456939,1775480100.062021|完整运动,完整运动,circle_orbit,1,1.000000,2.500000,2.500000,,,,,,,,,,,,,,,,1.843571,-0.037252,1.913287,-0.009434,0.000000,0.000000,-0.428007,,0.020442,0.000000,,,,0.020206,0.184371,2.500000,17.989613,44.837394,0.000000,circle,预设轨迹15,forward
1775480071.078628,10.489984,1775480100.062021|完整运动,完整运动,circle_orbit,1,1.000000,2.500000,2.500000,,,,,,,,,,,,,,,,1.844533,-0.032809,1.902259,-0.009489,0.000000,0.000000,-0.426744,,0.025681,0.000000,,,,0.017787,0.184468,2.500000,18.028256,44.798750,0.000000,circle,预设轨迹15,forward
1775480071.105755,10.517111,1775480100.062021|完整运动,完整运动,circle_orbit,1,1.000000,2.500000,2.500000,,,,,,,,,,,,,,,,1.845127,-0.026440,1.880729,0.007002,0.000000,0.000000,-0.423905,,0.036220,0.000000,,,,0.014329,0.184527,2.500000,18.105699,44.721307,0.000000,circle,预设轨迹15,forward
1775480071.135171,10.546527,1775480100.062021|完整运动,完整运动,circle_orbit,1,1.000000,2.500000,2.500000,,,,,,,,,,,,,,,,1.845538,-0.022193,1.870220,0.000104,0.000000,0.000000,-0.422300,,0.041530,0.000000,,,,0.012025,0.184568,2.500000,18.144686,44.682320,0.000000,circle,预设轨迹15,forward
1775480071.157259,10.568614,1775480100.062021|完整运动,完整运动,circle_orbit,1,1.000000,2.500000,2.500000,,,,,,,,,,,,,,,,1.845660,-0.013907,1.852992,0.029593,0.000000,0.000000,-0.417630,,0.051166,0.000000,,,,0.007535,0.184580,2.500000,18.222505,44.604501,0.000000,circle,预设轨迹15,forward
1775480071.178246,10.589602,1775480100.062021|完整运动,完整运动,circle_orbit,1,1.000000,2.500000,2.500000,,,,,,,,,,,,,,,,1.845639,-0.008809,1.844365,0.017955,0.000000,0.000000,-0.414871,,0.056214,0.000000,,,,0.004773,0.184578,2.500000,18.261465,44.565542,0.000000,circle,预设轨迹15,forward
1775480071.203379,10.614734,1775480100.062021|完整运动,完整运动,circle_orbit,1,1.000000,2.500000,2.500000,,,,,,,,,,,,,,,,1.845618,-0.007794,1.844365,-0.002463,0.000000,0.000000,-0.414871,,0.056214,0.000000,,,,0.004223,0.184576,2.500000,18.261465,44.565542,0.000000,circle,预设轨迹15,forward
1775480071.224787,10.636143,1775480100.062021|完整运动,完整运动,circle_orbit,1,1.000000,2.500000,2.500000,,,,,,,,,,,,,,,,1.845283,-0.000630,1.825156,0.036980,0.000000,0.000000,-0.410512,,0.066874,0.000000,,,,0.000341,0.184543,2.500000,18.338904,44.488102,0.000000,circle,预设轨迹15,forward
1775480071.246825,10.658180,1775480100.062021|完整运动,完整运动,circle_orbit,1,1.000000,2.500000,2.500000,,,,,,,,,,,,,,,,1.844804,0.002871,1.816074,0.021250,0.000000,0.000000,-0.408494,,0.071962,0.000000,,,,0.001556,0.184495,2.500000,18.377864,44.449142,0.000000,circle,预设轨迹15,forward
1775480071.278698,10.690054,1775480100.062021|完整运动,完整运动,circle_orbit,1,1.000000,2.500000,2.500000,,,,,,,,,,,,,,,,1.844200,0.006865,1.807982,0.027832,0.000000,0.000000,-0.406050,,0.076791,0.000000,,,,0.003722,0.184434,2.500000,18.416427,44.410580,0.000000,circle,预设轨迹15,forward
1775480071.299158,10.710514,1775480100.062021|完整运动,完整运动,circle_orbit,1,1.000000,2.500000,2.500000,,,,,,,,,,,,,,,,1.843356,0.015495,1.792735,0.060806,0.000000,0.000000,-0.400166,,0.086495,0.000000,,,,0.008406,0.184350,2.500000,18.494048,44.332959,0.000000,circle,预设轨迹15,forward
1775480071.320173,10.731529,1775480100.062021|完整运动,完整运动,circle_orbit,1,1.000000,2.500000,2.500000,,,,,,,,,,,,,,,,1.842411,0.020069,1.785655,0.044080,0.000000,0.000000,-0.396837,,0.091282,0.000000,,,,0.010893,0.184255,2.500000,18.532864,44.294142,0.000000,circle,预设轨迹15,forward
1775480071.348814,10.760170,1775480100.062021|完整运动,完整运动,circle_orbit,1,1.000000,2.500000,2.500000,,,,,,,,,,,,,,,,1.841385,0.024887,1.779855,0.050182,0.000000,0.000000,-0.393218,,0.095581,0.000000,,,,0.013515,0.184153,2.500000,18.571579,44.255427,0.000000,circle,预设轨迹15,forward
1775480071.374835,10.786191,1775480100.062021|完整运动,完整运动,circle_orbit,1,1.000000,2.500000,2.500000,,,,,,,,,,,,,,,,1.840285,0.029800,1.774269,0.055591,0.000000,0.000000,-0.389405,,0.099870,0.000000,,,,0.016193,0.184043,2.500000,18.610105,44.216902,0.000000,circle,预设轨迹15,forward
1775480071.395732,10.807088,1775480100.062021|完整运动,完整运动,circle_orbit,1,1.000000,2.500000,2.500000,,,,,,,,,,,,,,,,1.838989,0.040014,1.761212,0.093639,0.000000,0.000000,-0.381645,,0.109503,0.000000,,,,0.021759,0.183913,2.500000,18.687606,44.139401,0.000000,circle,预设轨迹15,forward
1775480071.416189,10.827544,1775480100.062021|完整运动,完整运动,circle_orbit,1,1.000000,2.500000,2.500000,,,,,,,,,,,,,,,,1.837633,0.044893,1.756295,0.070507,0.000000,0.000000,-0.377297,,0.113726,0.000000,,,,0.024430,0.183777,2.500000,18.726248,44.100759,0.000000,circle,预设轨迹15,forward
1775480071.440344,10.851700,1775480100.062021|完整运动,完整运动,circle_orbit,1,1.000000,2.500000,2.500000,,,,,,,,,,,,,,,,1.836236,0.050175,1.752398,0.077905,0.000000,0.000000,-0.372559,,0.117600,0.000000,,,,0.027325,0.183638,2.500000,18.764606,44.062401,0.000000,circle,预设轨迹15,forward
1775480071.460765,10.872121,1775480100.062021|完整运动,完整运动,circle_orbit,1,1.000000,2.500000,2.500000,,,,,,,,,,,,,,,,1.834777,0.055489,1.747285,0.083387,0.000000,0.000000,-0.367676,,0.122163,0.000000,,,,0.030243,0.183492,2.500000,18.803250,44.023757,0.000000,circle,预设轨迹15,forward
1775480071.481364,10.892720,1775480100.062021|完整运动,完整运动,circle_orbit,1,1.000000,2.500000,2.500000,,,,,,,,,,,,,,,,1.833270,0.060641,1.742841,0.087690,0.000000,0.000000,-0.362788,,0.126398,0.000000,,,,0.033078,0.183341,2.500000,18.841497,43.985510,0.000000,circle,预设轨迹15,forward
1775480071.503487,10.914843,1775480100.062021|完整运动,完整运动,circle_orbit,1,1.000000,2.500000,2.500000,,,,,,,,,,,,,,,,1.831699,0.065236,1.737448,0.089358,0.000000,0.000000,-0.358193,,0.131019,0.000000,,,,0.035615,0.183184,2.500000,18.879893,43.947114,0.000000,circle,预设轨迹15,forward
1775480071.524541,10.935897,1775480100.062021|完整运动,完整运动,circle_orbit,1,1.000000,2.500000,2.500000,,,,,,,,,,,,,,,,1.830086,0.069738,1.733297,0.093374,0.000000,0.000000,-0.353591,,0.135014,0.000000,,,,0.038106,0.183023,2.500000,18.918251,43.908756,0.000000,circle,预设轨迹15,forward
1775480071.544925,10.956281,1775480100.062021|完整运动,完整运动,circle_orbit,1,1.000000,2.500000,2.500000,,,,,,,,,,,,,,,,1.828453,0.074802,1.730473,0.101386,0.000000,0.000000,-0.348511,,0.138517,0.000000,,,,0.040910,0.182859,2.500000,18.956253,43.870753,0.000000,circle,预设轨迹15,forward
1775480071.569014,10.980369,1775480100.062021|完整运动,完整运动,circle_orbit,1,1.000000,2.500000,2.500000,,,,,,,,,,,,,,,,1.826789,0.079911,1.726952,0.106736,0.000000,0.000000,-0.343294,,0.142445,0.000000,,,,0.043744,0.182693,2.500000,18.994516,43.832491,0.000000,circle,预设轨迹15,forward
1775480071.600121,11.011477,1775480100.062021|完整运动,完整运动,circle_orbit,1,1.000000,2.500000,2.500000,,,,,,,,,,,,,,,,1.825097,0.085218,1.723585,0.113079,0.000000,0.000000,-0.337829,,0.146399,0.000000,,,,0.046692,0.182524,2.500000,19.032541,43.794465,0.000000,circle,预设轨迹15,forward
1775480071.630211,11.041567,1775480100.062021|完整运动,完整运动,circle_orbit,1,1.000000,2.500000,2.500000,,,,,,,,,,,,,,,,1.823361,0.098564,1.719147,0.168630,0.000000,0.000000,-0.326450,,0.153291,0.000000,,,,0.054056,0.182350,2.500000,19.108452,43.718554,0.000000,circle,预设轨迹15,forward
1775480071.658818,11.070174,1775480100.062021|完整运动,完整运动,circle_orbit,1,1.000000,2.500000,2.500000,,,,,,,,,,,,,,,,1.821585,0.111859,1.715073,0.181660,0.000000,0.000000,-0.314522,,0.160221,0.000000,,,,0.061408,0.182173,2.500000,19.184281,43.642726,0.000000,circle,预设轨迹15,forward
1775480071.680701,11.092057,1775480100.062021|完整运动,完整运动,circle_orbit,1,1.000000,2.500000,2.500000,,,,,,,,,,,,,,,,1.819806,0.116400,1.713019,0.140241,0.000000,0.000000,-0.308360,,0.163779,0.000000,,,,0.063963,0.181995,2.500000,19.222259,43.604747,0.000000,circle,预设轨迹15,forward
1775480071.701940,11.113296,1775480100.062021|完整运动,完整运动,circle_orbit,1,1.000000,2.500000,2.500000,,,,,,,,,,,,,,,,1.818060,0.121781,1.713322,0.150029,0.000000,0.000000,-0.301585,,0.166328,0.000000,,,,0.066984,0.181820,2.500000,19.259873,43.567134,0.000000,circle,预设轨迹15,forward
1775480071.725865,11.137221,1775480100.062021|完整运动,完整运动,circle_orbit,1,1.000000,2.500000,2.500000,,,,,,,,,,,,,,,,1.816340,0.127315,1.713129,0.156367,0.000000,0.000000,-0.294638,,0.169210,0.000000,,,,0.070094,0.181648,2.500000,19.297484,43.529522,0.000000,circle,预设轨迹15,forward
1775480071.761756,11.173112,1775480100.062021|完整运动,完整运动,circle_orbit,1,1.000000,2.500000,2.500000,,,,,,,,,,,,,,,,1.814630,0.132592,1.712051,0.160296,0.000000,0.000000,-0.287804,,0.172518,0.000000,,,,0.073068,0.181477,2.500000,19.335110,43.491896,0.000000,circle,预设轨迹15,forward
1775480071.788665,11.200020,1775480100.062021|完整运动,完整运动,circle_orbit,1,1.000000,2.500000,2.500000,,,,,,,,,,,,,,,,1.812908,0.146246,1.709562,0.217932,0.000000,0.000000,-0.274869,,0.179021,0.000000,,,,0.080669,0.181305,2.500000,19.410081,43.416925,0.000000,circle,预设轨迹15,forward
1775480071.813390,11.224746,1775480100.062021|完整运动,完整运动,circle_orbit,1,1.000000,2.500000,2.500000,,,,,,,,,,,,,,,,1.811211,0.150202,1.709395,0.170973,0.000000,0.000000,-0.268375,,0.181707,0.000000,,,,0.082929,0.181135,2.500000,19.447401,43.379606,0.000000,circle,预设轨迹15,forward
1775480071.846281,11.257637,1775480100.062021|完整运动,完整运动,circle_orbit,1,1.000000,2.500000,2.500000,,,,,,,,,,,,,,,,1.809561,0.163126,1.710609,0.230973,0.000000,0.000000,-0.254425,,0.186640,0.000000,,,,0.090146,0.180970,2.500000,19.521944,43.305062,0.000000,circle,预设轨迹15,forward
1775480071.867416,11.278772,1775480100.062021|完整运动,完整运动,circle_orbit,1,1.000000,2.500000,2.500000,,,,,,,,,,,,,,,,1.807945,0.167413,1.710967,0.189925,0.000000,0.000000,-0.247329,,0.189287,0.000000,,,,0.092599,0.180808,2.500000,19.559176,43.267831,0.000000,circle,预设轨迹15,forward
1775480071.888585,11.299941,1775480100.062021|完整运动,完整运动,circle_orbit,1,1.000000,2.500000,2.500000,,,,,,,,,,,,,,,,1.806373,0.171881,1.712015,0.195336,0.000000,0.000000,-0.240139,,0.191604,0.000000,,,,0.095153,0.180651,2.500000,19.596440,43.230567,0.000000,circle,预设轨迹15,forward
1775480071.914117,11.325473,1775480100.062021|完整运动,完整运动,circle_orbit,1,1.000000,2.500000,2.500000,,,,,,,,,,,,,,,,1.804881,0.185234,1.715362,0.255336,0.000000,0.000000,-0.225096,,0.195841,0.000000,,,,0.102629,0.180502,2.500000,19.670583,43.156423,0.000000,circle,预设轨迹15,forward
1775480071.944779,11.356134,1775480100.062021|完整运动,完整运动,circle_orbit,1,1.000000,2.500000,2.500000,,,,,,,,,,,,,,,,1.803452,0.190152,1.717730,0.215972,0.000000,0.000000,-0.217195,,0.197746,0.000000,,,,0.105438,0.180359,2.500000,19.707725,43.119282,0.000000,circle,预设轨迹15,forward
1775480071.977904,11.389260,1775480100.062021|完整运动,完整运动,circle_orbit,1,1.000000,2.500000,2.500000,,,,,,,,,,,,,,,,1.802164,0.203883,1.724873,0.275972,0.000000,0.000000,-0.200379,,0.200706,0.000000,,,,0.113132,0.180230,2.500000,19.781683,43.045324,0.000000,circle,预设轨迹15,forward
1775480072.008343,11.419699,1775480100.062021|完整运动,完整运动,circle_orbit,1,1.000000,2.500000,2.500000,,,,,,,,,,,,,,,,1.800939,0.209364,1.727461,0.238141,0.000000,0.000000,-0.191742,,0.202804,0.000000,,,,0.116253,0.180108,2.500000,19.818819,43.008187,0.000000,circle,预设轨迹15,forward
1775480072.039513,11.450869,1775480100.062021|完整运动,完整运动,circle_orbit,1,1.000000,2.500000,2.500000,,,,,,,,,,,,,,,,1.799791,0.214459,1.730889,0.241205,0.000000,0.000000,-0.183354,,0.204368,0.000000,,,,0.119158,0.179993,2.500000,19.855582,42.971424,0.000000,circle,预设轨迹15,forward
1775480072.070111,11.481467,1775480100.062021|完整运动,完整运动,circle_orbit,1,1.000000,2.500000,2.500000,,,,,,,,,,,,,,,,1.798765,0.228338,1.737204,0.301205,0.000000,0.000000,-0.167299,,0.207509,0.000000,,,,0.126942,0.179890,2.500000,19.929353,42.897654,0.000000,circle,预设轨迹15,forward
1775480072.094732,11.506088,1775480100.062021|完整运动,完整运动,circle_orbit,1,1.000000,2.500000,2.500000,,,,,,,,,,,,,,,,1.797902,0.243805,1.746155,0.325004,0.000000,0.000000,-0.150980,,0.209427,0.000000,,,,0.135605,0.179804,2.500000,20.002597,42.824410,0.000000,circle,预设轨迹15,forward
1775480072.115105,11.526461,1775480100.062021|完整运动,完整运动,circle_orbit,1,1.000000,2.500000,2.500000,,,,,,,,,,,,,,,,1.797125,0.247334,1.750497,0.265862,0.000000,0.000000,-0.142666,,0.210533,0.000000,,,,0.137628,0.179726,2.500000,20.039137,42.787870,0.000000,circle,预设轨迹15,forward
1775480072.138872,11.550228,1775480100.062021|完整运动,完整运动,circle_orbit,1,1.000000,2.500000,2.500000,,,,,,,,,,,,,,,,1.796456,0.251192,1.756282,0.271449,0.000000,0.000000,-0.134244,,0.210962,0.000000,,,,0.139827,0.179659,2.500000,20.075665,42.751341,0.000000,circle,预设轨迹15,forward
1775480072.177191,11.588547,1775480100.062021|完整运动,完整运动,circle_orbit,1,1.000000,2.500000,2.500000,,,,,,,,,,,,,,,,1.795911,0.255282,1.763232,0.276751,0.000000,0.000000,-0.125747,,0.210854,0.000000,,,,0.142146,0.179605,2.500000,20.112055,42.714951,0.000000,circle,预设轨迹15,forward
1775480072.200607,11.611963,1775480100.062021|完整运动,完整运动,circle_orbit,1,1.000000,2.500000,2.500000,,,,,,,,,,,,,,,,1.795508,0.259587,1.771320,0.282189,0.000000,0.000000,-0.117160,,0.210243,0.000000,,,,0.144576,0.179565,2.500000,20.148234,42.678773,0.000000,circle,预设轨迹15,forward
1775480072.234540,11.645896,1775480100.062021|完整运动,完整运动,circle_orbit,1,1.000000,2.500000,2.500000,,,,,,,,,,,,,,,,1.795360,0.272803,1.786497,0.342189,0.000000,0.000000,-0.099676,,0.209743,0.000000,,,,0.151949,0.179550,2.500000,20.220700,42.606307,0.000000,circle,预设轨迹15,forward
1775480072.263733,11.675089,1775480100.062021|完整运动,完整运动,circle_orbit,1,1.000000,2.500000,2.500000,,,,,,,,,,,,,,,,1.795502,0.289187,1.803997,0.375201,0.000000,0.000000,-0.082112,,0.208285,0.000000,,,,0.161062,0.179564,2.500000,20.292968,42.534038,0.000000,circle,预设轨迹15,forward
1775480072.295317,11.706672,1775480100.062021|完整运动,完整运动,circle_orbit,1,1.000000,2.500000,2.500000,,,,,,,,,,,,,,,,1.795785,0.293349,1.812784,0.315201,0.000000,0.000000,-0.073388,,0.207576,0.000000,,,,0.163354,0.179592,2.500000,20.328780,42.498227,0.000000,circle,预设轨迹15,forward
1775480072.324600,11.735956,1775480100.062021|完整运动,完整运动,circle_orbit,1,1.000000,2.500000,2.500000,,,,,,,,,,,,,,,,1.796341,0.306446,1.829724,0.375201,0.000000,0.000000,-0.056901,,0.206192,0.000000,,,,0.170594,0.179648,2.500000,20.400054,42.426953,0.000000,circle,预设轨迹15,forward
1775480072.352584,11.763939,1775480100.062021|完整运动,完整运动,circle_orbit,1,1.000000,2.500000,2.500000,,,,,,,,,,,,,,,,1.797057,0.308324,1.840009,0.318185,0.000000,0.000000,-0.048776,,0.204669,0.000000,,,,0.171572,0.179720,2.500000,20.435563,42.391444,0.000000,circle,预设轨迹15,forward
1775480072.388155,11.799511,1775480100.062021|完整运动,完整运动,circle_orbit,1,1.000000,2.500000,2.500000,,,,,,,,,,,,,,,,1.798155,0.319502,1.863997,0.378185,0.000000,0.000000,-0.032118,,0.200405,0.000000,,,,0.177683,0.179829,2.500000,20.506621,42.320386,0.000000,circle,预设轨迹15,forward
1775480072.418040,11.829396,1775480100.062021|完整运动,完整运动,circle_orbit,1,1.000000,2.500000,2.500000,,,,,,,,,,,,,,,,1.799428,0.321555,1.875865,0.332333,0.000000,0.000000,-0.023922,,0.198379,0.000000,,,,0.178698,0.179957,2.500000,20.542209,42.284798,0.000000,circle,预设轨迹15,forward
1775480072.445223,11.856579,1775480100.062021|完整运动,完整运动,circle_orbit,1,1.000000,2.500000,2.500000,,,,,,,,,,,,,,,,1.801122,0.332879,1.902753,0.392333,0.000000,0.000000,-0.007951,,0.192998,0.000000,,,,0.184818,0.180126,2.500000,20.612914,42.214092,0.000000,circle,预设轨迹15,forward
1775480072.468442,11.879798,1775480100.062021|完整运动,完整运动,circle_orbit,1,1.000000,2.500000,2.500000,,,,,,,,,,,,,,,,1.803044,0.334435,1.918326,0.342605,0.000000,0.000000,-0.000051,,0.189492,0.000000,,,,0.185484,0.180318,2.500000,20.648136,42.178870,0.000000,circle,预设轨迹15,forward
1775480072.488907,11.900263,1775480100.062021|完整运动,完整运动,circle_orbit,1,1.000000,2.500000,2.500000,,,,,,,,,,,,,,,,1.804944,0.336342,1.918959,0.346354,0.000000,0.000000,0.007879,,0.186092,0.000000,,,,0.186345,0.180508,2.500000,20.683508,42.143499,0.000000,circle,预设轨迹15,forward
1775480072.510668,11.922024,1775480100.062021|完整运动,完整运动,circle_orbit,1,1.000000,2.500000,2.500000,,,,,,,,,,,,,,,,1.806812,0.338513,1.918892,0.349910,0.000000,0.000000,0.015816,,0.182945,0.000000,,,,0.187354,0.180695,2.500000,20.718891,42.108116,0.000000,circle,预设轨迹15,forward
1775480072.542777,11.954133,1775480100.062021|完整运动,完整运动,circle_orbit,1,1.000000,2.500000,2.500000,,,,,,,,,,,,,,,,1.808625,0.349936,1.917417,0.409910,0.000000,0.000000,0.031294,,0.177380,0.000000,,,,0.193482,0.180876,2.500000,20.790394,42.036612,0.000000,circle,预设轨迹15,forward
1775480072.574329,11.985684,1775480100.062021|完整运动,完整运动,circle_orbit,1,1.000000,2.500000,2.500000,,,,,,,,,,,,,,,,1.810457,0.361821,1.920355,0.424212,0.000000,0.000000,0.046439,,0.170075,0.000000,,,,0.199850,0.181060,2.500000,20.861184,41.965823,0.000000,circle,预设轨迹15,forward
1775480072.608100,12.019456,1775480100.062021|完整运动,完整运动,circle_orbit,1,1.000000,2.500000,2.500000,,,,,,,,,,,,,,,,1.812258,0.362203,1.920355,0.364212,0.000000,0.000000,0.046439,,0.170075,0.000000,,,,0.199863,0.181240,2.500000,20.861184,41.965823,0.000000,circle,预设轨迹15,forward
1775480072.634374,12.045730,1775480100.062021|完整运动,完整运动,circle_orbit,1,1.000000,2.500000,2.500000,,,,,,,,,,,,,,,,1.814088,0.372125,1.923887,0.424212,0.000000,0.000000,0.061209,,0.162672,0.000000,,,,0.205130,0.181423,2.500000,20.931881,41.895126,0.000000,circle,预设轨迹15,forward
1775480072.661282,12.072637,1775480100.062021|完整运动,完整运动,circle_orbit,1,1.000000,2.500000,2.500000,,,,,,,,,,,,,,,,1.815978,0.381520,1.929386,0.430842,0.000000,0.000000,0.075510,,0.154636,0.000000,,,,0.210090,0.181612,2.500000,21.003233,41.823773,0.000000,circle,预设轨迹15,forward
1775480072.682684,12.094040,1775480100.062021|完整运动,完整运动,circle_orbit,1,1.000000,2.500000,2.500000,,,,,,,,,,,,,,,,1.817916,0.380519,1.934181,0.375267,0.000000,0.000000,0.082527,,0.149822,0.000000,,,,0.209316,0.181806,2.500000,21.038779,41.788228,0.000000,circle,预设轨迹15,forward
1775480072.703890,12.115246,1775480100.062021|完整运动,完整运动,circle_orbit,1,1.000000,2.500000,2.500000,,,,,,,,,,,,,,,,1.819935,0.379736,1.941053,0.375623,0.000000,0.000000,0.089298,,0.144254,0.000000,,,,0.208653,0.182008,2.500000,21.074298,41.752709,0.000000,circle,预设轨迹15,forward
1775480072.729508,12.140863,1775480100.062021|完整运动,完整运动,circle_orbit,1,1.000000,2.500000,2.500000,,,,,,,,,,,,,,,,1.822034,0.379241,1.948008,0.376641,0.000000,0.000000,0.095918,,0.138731,0.000000,,,,0.208141,0.182217,2.500000,21.109599,41.717408,0.000000,circle,预设轨迹15,forward
1775480072.760462,12.171818,1775480100.062021|完整运动,完整运动,circle_orbit,1,1.000000,2.500000,2.500000,,,,,,,,,,,,,,,,1.824352,0.388179,1.963421,0.435108,0.000000,0.000000,0.109048,,0.127182,0.000000,,,,0.212777,0.182449,2.500000,21.180693,41.646313,0.000000,circle,预设轨迹15,forward
1775480072.791999,12.203354,1775480100.062021|完整运动,完整运动,circle_orbit,1,1.000000,2.500000,2.500000,,,,,,,,,,,,,,,,1.826750,0.387415,1.970608,0.383404,0.000000,0.000000,0.115445,,0.121721,0.000000,,,,0.212079,0.182689,2.500000,21.216561,41.610445,0.000000,circle,预设轨迹15,forward
1775480072.824038,12.235394,1775480100.062021|完整运动,完整运动,circle_orbit,1,1.000000,2.500000,2.500000,,,,,,,,,,,,,,,,1.829341,0.395451,1.984824,0.437640,0.000000,0.000000,0.127887,,0.111065,0.000000,,,,0.216171,0.182948,2.500000,21.288020,41.538987,0.000000,circle,预设轨迹15,forward
1775480072.854407,12.265762,1775480100.062021|完整运动,完整运动,circle_orbit,1,1.000000,2.500000,2.500000,,,,,,,,,,,,,,,,1.832177,0.402174,2.002294,0.437469,0.000000,0.000000,0.139620,,0.099502,0.000000,,,,0.219506,0.183232,2.500000,21.359471,41.467535,0.000000,circle,预设轨迹15,forward
1775480072.885779,12.297134,1775480100.062021|完整运动,完整运动,circle_orbit,1,1.000000,2.500000,2.500000,,,,,,,,,,,,,,,,1.835102,0.400467,2.010600,0.391504,0.000000,0.000000,0.145408,,0.093964,0.000000,,,,0.218226,0.183524,2.500000,21.395454,41.431553,0.000000,circle,预设轨迹15,forward
1775480072.916560,12.327916,1775480100.062021|完整运动,完整运动,circle_orbit,1,1.000000,2.500000,2.500000,,,,,,,,,,,,,,,,1.838228,0.405874,2.025820,0.434259,0.000000,0.000000,0.155972,,0.083899,0.000000,,,,0.220796,0.183837,2.500000,21.467794,41.359212,0.000000,circle,预设轨迹15,forward
1775480072.945357,12.356713,1775480100.062021|完整运动,完整运动,circle_orbit,1,1.000000,2.500000,2.500000,,,,,,,,,,,,,,,,1.841489,0.403111,2.037151,0.388605,0.000000,0.000000,0.160723,,0.077708,0.000000,,,,0.218905,0.184163,2.500000,21.504150,41.322856,0.000000,circle,预设轨迹15,forward
1775480072.974418,12.385774,1775480100.062021|完整运动,完整运动,circle_orbit,1,1.000000,2.500000,2.500000,,,,,,,,,,,,,,,,1.844906,0.400425,2.049934,0.386327,0.000000,0.000000,0.165129,,0.071163,0.000000,,,,0.217044,0.184505,2.500000,21.540421,41.286586,0.000000,circle,预设轨迹15,forward
1775480072.995392,12.406748,1775480100.062021|完整运动,完整运动,circle_orbit,1,1.000000,2.500000,2.500000,,,,,,,,,,,,,,,,1.848760,0.404347,2.079967,0.424933,0.000000,0.000000,0.173948,,0.056629,0.000000,,,,0.218712,0.184890,2.500000,21.612641,41.214366,0.000000,circle,预设轨迹15,forward
1775480073.018084,12.429440,1775480100.062021|完整运动,完整运动,circle_orbit,1,1.000000,2.500000,2.500000,,,,,,,,,,,,,,,,1.852768,0.401492,2.093283,0.386507,0.000000,0.000000,0.177926,,0.050259,0.000000,,,,0.216699,0.185291,2.500000,21.648874,41.178132,0.000000,circle,预设轨迹15,forward
1775480073.039860,12.451216,1775480100.062021|完整运动,完整运动,circle_orbit,1,1.000000,2.500000,2.500000,,,,,,,,,,,,,,,,1.856925,0.398981,2.106349,0.385797,0.000000,0.000000,0.181797,,0.044081,0.000000,,,,0.214861,0.185707,2.500000,21.685098,41.141909,0.000000,circle,预设轨迹15,forward
1775480073.072683,12.484039,1775480100.062021|完整运动,完整运动,circle_orbit,1,1.000000,2.500000,2.500000,,,,,,,,,,,,,,,,1.861237,0.396532,2.119924,0.383677,0.000000,0.000000,0.185403,,0.037888,0.000000,,,,0.213048,0.186138,2.500000,21.721337,41.105669,0.000000,circle,预设轨迹15,forward
1775480073.098942,12.510298,1775480100.062021|完整运动,完整运动,circle_orbit,1,1.000000,2.500000,2.500000,,,,,,,,,,,,,,,,1.865945,0.398306,2.148466,0.407619,0.000000,0.000000,0.191783,,0.025544,0.000000,,,,0.213461,0.186609,2.500000,21.793657,41.033350,0.000000,circle,预设轨迹15,forward
1775480073.130570,12.541926,1775480100.062021|完整运动,完整运动,circle_orbit,1,1.000000,2.500000,2.500000,,,,,,,,,,,,,,,,1.870826,0.395309,2.163660,0.379576,0.000000,0.000000,0.194703,,0.019269,0.000000,,,,0.211302,0.187097,2.500000,21.829828,40.997179,0.000000,circle,预设轨迹15,forward
1775480073.160648,12.572004,1775480100.062021|完整运动,完整运动,circle_orbit,1,1.000000,2.500000,2.500000,,,,,,,,,,,,,,,,1.875837,0.392416,2.176525,0.377222,0.000000,0.000000,0.197398,,0.013922,0.000000,,,,0.209195,0.187598,2.500000,21.866440,40.960566,0.000000,circle,预设轨迹15,forward
1775480073.194413,12.605769,1775480100.062021|完整运动,完整运动,circle_orbit,1,1.000000,2.500000,2.500000,,,,,,,,,,,,,,,,1.881244,0.392324,2.205613,0.391841,0.000000,0.000000,0.201851,,0.002673,0.000000,,,,0.208545,0.188139,2.500000,21.939930,40.887077,0.000000,circle,预设轨迹15,forward
1775480073.222328,12.633684,1775480100.062021|完整运动,完整运动,circle_orbit,1,1.000000,2.500000,2.500000,,,,,,,,,,,,,,,,1.886050,0.391028,2.174418,0.384224,0.000000,0.000000,0.205362,,-0.011432,0.000000,,,,0.207326,0.188620,2.500000,22.013623,40.813383,0.000000,circle,预设轨迹15,forward
1775480073.254512,12.665868,1775480100.062021|完整运动,完整运动,circle_orbit,1,1.000000,2.500000,2.500000,,,,,,,,,,,,,,,,1.890362,0.387136,2.149100,0.366702,0.000000,0.000000,0.206848,,-0.019303,0.000000,,,,0.204794,0.189051,2.500000,22.050535,40.776471,0.000000,circle,预设轨迹15,forward
1775480073.280413,12.691769,1775480100.062021|完整运动,完整运动,circle_orbit,1,1.000000,2.500000,2.500000,,,,,,,,,,,,,,,,1.893849,0.384987,2.103056,0.373705,0.000000,0.000000,0.209313,,-0.034234,0.000000,,,,0.203283,0.189399,2.500000,22.124738,40.702269,0.000000,circle,预设轨迹15,forward
1775480073.306014,12.717370,1775480100.062021|完整运动,完整运动,circle_orbit,1,1.000000,2.500000,2.500000,,,,,,,,,,,,,,,,1.896972,0.380781,2.084359,0.358701,0.000000,0.000000,0.210122,,-0.040576,0.000000,,,,0.200731,0.189712,2.500000,22.161825,40.665181,0.000000,circle,预设轨迹15,forward
1775480073.327327,12.738683,1775480100.062021|完整运动,完整运动,circle_orbit,1,1.000000,2.500000,2.500000,,,,,,,,,,,,,,,,1.899727,0.376626,2.065021,0.354809,0.000000,0.000000,0.210685,,-0.047371,0.000000,,,,0.198252,0.189987,2.500000,22.198964,40.628042,0.000000,circle,预设轨迹15,forward
1775480073.357045,12.768401,1775480100.062021|完整运动,完整运动,circle_orbit,1,1.000000,2.500000,2.500000,,,,,,,,,,,,,,,,1.902092,0.372384,2.044015,0.350115,0.000000,0.000000,0.210926,,-0.055050,0.000000,,,,0.195776,0.190224,2.500000,22.235785,40.591221,0.000000,circle,预设轨迹15,forward
1775480073.382696,12.794052,1775480100.062021|完整运动,完整运动,circle_orbit,1,1.000000,2.500000,2.500000,,,,,,,,,,,,,,,,1.903780,0.368648,2.005041,0.349034,0.000000,0.000000,0.211299,,-0.069760,0.000000,,,,0.193640,0.190393,2.500000,22.309541,40.517465,0.000000,circle,预设轨迹15,forward
1775480073.403837,12.815193,1775480100.062021|完整运动,完整运动,circle_orbit,1,1.000000,2.500000,2.500000,,,,,,,,,,,,,,,,1.905202,0.364182,1.990526,0.340737,0.000000,0.000000,0.210940,,-0.075586,0.000000,,,,0.191151,0.190535,2.500000,22.346695,40.480312,0.000000,circle,预设轨迹15,forward
1775480073.433936,12.845292,1775480100.062021|完整运动,完整运动,circle_orbit,1,1.000000,2.500000,2.500000,,,,,,,,,,,,,,,,1.906396,0.359143,1.978010,0.332687,0.000000,0.000000,0.209930,,-0.080957,0.000000,,,,0.188388,0.190654,2.500000,22.384176,40.442831,0.000000,circle,预设轨迹15,forward
1775480073.461203,12.872558,1775480100.062021|完整运动,完整运动,circle_orbit,1,1.000000,2.500000,2.500000,,,,,,,,,,,,,,,,1.907074,0.351744,1.947768,0.312898,0.000000,0.000000,0.206975,,-0.094404,0.000000,,,,0.184442,0.190722,2.500000,22.459014,40.367992,0.000000,circle,预设轨迹15,forward
1775480073.482097,12.893453,1775480100.062021|完整运动,完整运动,circle_orbit,1,1.000000,2.500000,2.500000,,,,,,,,,,,,,,,,1.907497,0.346716,1.932911,0.320318,0.000000,0.000000,0.205353,,-0.101219,0.000000,,,,0.181765,0.190764,2.500000,22.496401,40.330606,0.000000,circle,预设轨迹15,forward
1775480073.508422,12.919778,1775480100.062021|完整运动,完整运动,circle_orbit,1,1.000000,2.500000,2.500000,,,,,,,,,,,,,,,,1.907684,0.341804,1.918892,0.316020,0.000000,0.000000,0.203600,,-0.107826,0.000000,,,,0.179172,0.190783,2.500000,22.533899,40.293107,0.000000,circle,预设轨迹15,forward
1775480073.540667,12.952023,1775480100.062021|完整运动,完整运动,circle_orbit,1,1.000000,2.500000,2.500000,,,,,,,,,,,,,,,,1.907662,0.336694,1.906361,0.309862,0.000000,0.000000,0.201505,,-0.114016,0.000000,,,,0.176495,0.190781,2.500000,22.571655,40.255351,0.000000,circle,预设轨迹15,forward
1775480073.568918,12.980274,1775480100.062021|完整运动,完整运动,circle_orbit,1,1.000000,2.500000,2.500000,,,,,,,,,,,,,,,,1.907242,0.327641,1.882003,0.280114,0.000000,0.000000,0.196377,,-0.126676,0.000000,,,,0.171788,0.190739,2.500000,22.647202,40.179805,0.000000,circle,预设轨迹15,forward
1775480073.590258,13.001613,1775480100.062021|完整运动,完整运动,circle_orbit,1,1.000000,2.500000,2.500000,,,,,,,,,,,,,,,,1.906635,0.322062,1.870216,0.292775,0.000000,0.000000,0.193335,,-0.133125,0.000000,,,,0.168917,0.190678,2.500000,22.684843,40.142163,0.000000,circle,预设轨迹15,forward
1775480073.613411,13.024766,1775480100.062021|完整运动,完整运动,circle_orbit,1,1.000000,2.500000,2.500000,,,,,,,,,,,,,,,,1.905649,0.312139,1.846515,0.260039,0.000000,0.000000,0.186977,,-0.146392,0.000000,,,,0.163796,0.190580,2.500000,22.759891,40.067115,0.000000,circle,预设轨迹15,forward
1775480073.639313,13.050669,1775480100.062021|完整运动,完整运动,circle_orbit,1,1.000000,2.500000,2.500000,,,,,,,,,,,,,,,,1.904529,0.306731,1.837322,0.278343,0.000000,0.000000,0.183439,,-0.152041,0.000000,,,,0.161054,0.190468,2.500000,22.797491,40.029516,0.000000,circle,预设轨迹15,forward
1775480073.672142,13.083497,1775480100.062021|完整运动,完整运动,circle_orbit,1,1.000000,2.500000,2.500000,,,,,,,,,,,,,,,,1.903294,0.301085,1.829208,0.271441,0.000000,0.000000,0.179579,,-0.157358,0.000000,,,,0.158191,0.190344,2.500000,22.835282,39.991725,0.000000,circle,预设轨迹15,forward
1775480073.702453,13.113808,1775480100.062021|完整运动,完整运动,circle_orbit,1,1.000000,2.500000,2.500000,,,,,,,,,,,,,,,,1.901933,0.295295,1.820272,0.264900,0.000000,0.000000,0.175459,,-0.163199,0.000000,,,,0.155261,0.190208,2.500000,22.873038,39.953969,0.000000,circle,预设轨迹15,forward
1775480073.737168,13.148524,1775480100.062021|完整运动,完整运动,circle_orbit,1,1.000000,2.500000,2.500000,,,,,,,,,,,,,,,,1.900296,0.283051,1.802068,0.218772,0.000000,0.000000,0.166533,,-0.175441,0.000000,,,,0.148951,0.190044,2.500000,22.948664,39.878342,0.000000,circle,预设轨迹15,forward
1775480073.758429,13.169785,1775480100.062021|完整运动,完整运动,circle_orbit,1,1.000000,2.500000,2.500000,,,,,,,,,,,,,,,,1.898389,0.271297,1.783953,0.209589,0.000000,0.000000,0.157436,,-0.187885,0.000000,,,,0.142909,0.189854,2.500000,23.024292,39.802715,0.000000,circle,预设轨迹15,forward
1775480073.779188,13.190544,1775480100.062021|完整运动,完整运动,circle_orbit,1,1.000000,2.500000,2.500000,,,,,,,,,,,,,,,,1.896413,0.266075,1.777843,0.238659,0.000000,0.000000,0.152578,,-0.192838,0.000000,,,,0.140305,0.189656,2.500000,23.062204,39.764802,0.000000,circle,预设轨迹15,forward
1775480073.805337,13.216693,1775480100.062021|完整运动,完整运动,circle_orbit,1,1.000000,2.500000,2.500000,,,,,,,,,,,,,,,,1.894372,0.260556,1.771950,0.231580,0.000000,0.000000,0.147441,,-0.197816,0.000000,,,,0.137542,0.189452,2.500000,23.100024,39.726983,0.000000,circle,预设轨迹15,forward
1775480073.836238,13.247594,1775480100.062021|完整运动,完整运动,circle_orbit,1,1.000000,2.500000,2.500000,,,,,,,,,,,,,,,,1.892161,0.246700,1.759469,0.173955,0.000000,0.000000,0.136213,,-0.208563,0.000000,,,,0.130380,0.189231,2.500000,23.175500,39.651507,0.000000,circle,预设轨迹15,forward
1775480073.870989,13.282345,1775480100.062021|完整运动,完整运动,circle_orbit,1,1.000000,2.500000,2.500000,,,,,,,,,,,,,,,,1.889891,0.241083,1.753714,0.211592,0.000000,0.000000,0.130356,,-0.213820,0.000000,,,,0.127564,0.189004,2.500000,23.213125,39.613882,0.000000,circle,预设轨迹15,forward
1775480073.899518,13.310874,1775480100.062021|完整运动,完整运动,circle_orbit,1,1.000000,2.500000,2.500000,,,,,,,,,,,,,,,,1.887583,0.235353,1.749100,0.205274,0.000000,0.000000,0.124360,,-0.218569,0.000000,,,,0.124685,0.188773,2.500000,23.250580,39.576427,0.000000,circle,预设轨迹15,forward
1775480073.932404,13.343760,1775480100.062021|完整运动,完整运动,circle_orbit,1,1.000000,2.500000,2.500000,,,,,,,,,,,,,,,,1.885189,0.220940,1.741567,0.145274,0.000000,0.000000,0.111267,,-0.227671,0.000000,,,,0.117198,0.188533,2.500000,23.325137,39.501869,0.000000,circle,预设轨迹15,forward
1775480073.960583,13.371939,1775480100.062021|完整运动,完整运动,circle_orbit,1,1.000000,2.500000,2.500000,,,,,,,,,,,,,,,,1.882712,0.205081,1.734049,0.121816,0.000000,0.000000,0.097384,,-0.237114,0.000000,,,,0.108928,0.188286,2.500000,23.399345,39.427662,0.000000,circle,预设轨迹15,forward
1775480073.997521,13.408877,1775480100.062021|完整运动,完整运动,circle_orbit,1,1.000000,2.500000,2.500000,,,,,,,,,,,,,,,,1.880225,0.199575,1.731037,0.170674,0.000000,0.000000,0.090334,,-0.241502,0.000000,,,,0.106144,0.188037,2.500000,23.436431,39.390576,0.000000,circle,预设轨迹15,forward
1775480074.021980,13.433336,1775480100.062021|完整运动,完整运动,circle_orbit,1,1.000000,2.500000,2.500000,,,,,,,,,,,,,,,,1.877752,0.193714,1.729340,0.162940,0.000000,0.000000,0.083031,,-0.245309,0.000000,,,,0.103163,0.187790,2.500000,23.473696,39.353311,0.000000,circle,预设轨迹15,forward
1775480074.051942,13.463298,1775480100.062021|完整运动,完整运动,circle_orbit,1,1.000000,2.500000,2.500000,,,,,,,,,,,,,,,,1.875289,0.179190,1.727553,0.102940,0.000000,0.000000,0.067952,,-0.252275,0.000000,,,,0.095553,0.187543,2.500000,23.547918,39.279089,0.000000,circle,预设轨迹15,forward
1775480074.083138,13.494494,1775480100.062021|完整运动,完整运动,circle_orbit,1,1.000000,2.500000,2.500000,,,,,,,,,,,,,,,,1.872894,0.173305,1.729174,0.142406,0.000000,0.000000,0.060186,,-0.254534,0.000000,,,,0.092533,0.187304,2.500000,23.584920,39.242087,0.000000,circle,预设轨迹15,forward
1775480074.103881,13.515237,1775480100.062021|完整运动,完整运动,circle_orbit,1,1.000000,2.500000,2.500000,,,,,,,,,,,,,,,,1.870549,0.158761,1.729832,0.082406,0.000000,0.000000,0.044259,,-0.260562,0.000000,,,,0.084874,0.187069,2.500000,23.658805,39.168201,0.000000,circle,预设轨迹15,forward
1775480074.124993,13.536349,1775480100.062021|完整运动,完整运动,circle_orbit,1,1.000000,2.500000,2.500000,,,,,,,,,,,,,,,,1.868283,0.152511,1.732314,0.119698,0.000000,0.000000,0.035832,,-0.262639,0.000000,,,,0.081632,0.186843,2.500000,23.695925,39.131081,0.000000,circle,预设轨迹15,forward
1775480074.153207,13.564563,1775480100.062021|完整运动,完整运动,circle_orbit,1,1.000000,2.500000,2.500000,,,,,,,,,,,,,,,,1.866096,0.146040,1.734868,0.112069,0.000000,0.000000,0.027215,,-0.264758,0.000000,,,,0.078260,0.186624,2.500000,23.732902,39.094104,0.000000,circle,预设轨迹15,forward
1775480074.183935,13.595290,1775480100.062021|完整运动,完整运动,circle_orbit,1,1.000000,2.500000,2.500000,,,,,,,,,,,,,,,,1.864021,0.131005,1.739574,0.052069,0.000000,0.000000,0.009509,,-0.269404,0.000000,,,,0.070281,0.186417,2.500000,23.806376,39.020631,0.000000,circle,预设轨迹15,forward
1775480074.217991,13.629346,1775480100.062021|完整运动,完整运动,circle_orbit,1,1.000000,2.500000,2.500000,,,,,,,,,,,,,,,,1.862011,0.124246,1.741393,0.088765,0.000000,0.000000,0.000302,,-0.272149,0.000000,,,,0.066727,0.186215,2.500000,23.843145,38.983861,0.000000,circle,预设轨迹15,forward
1775480074.253223,13.664579,1775480100.062021|完整运动,完整运动,circle_orbit,1,1.000000,2.500000,2.500000,,,,,,,,,,,,,,,,1.859680,0.108969,1.719835,0.028765,0.000000,0.000000,-0.017985,,-0.276323,0.000000,,,,0.058596,0.185982,2.500000,23.917003,38.910003,0.000000,circle,预设轨迹15,forward
1775480074.275313,13.686669,1775480100.062021|完整运动,完整运动,circle_orbit,1,1.000000,2.500000,2.500000,,,,,,,,,,,,,,,,1.857236,0.102528,1.710548,0.068711,0.000000,0.000000,-0.027367,,-0.277503,0.000000,,,,0.055205,0.185738,2.500000,23.954053,38.872954,0.000000,circle,预设轨迹15,forward
1775480074.296725,13.708081,1775480100.062021|完整运动,完整运动,circle_orbit,1,1.000000,2.500000,2.500000,,,,,,,,,,,,,,,,1.854551,0.087517,1.693460,0.008711,0.000000,0.000000,-0.046125,,-0.279216,0.000000,,,,0.047191,0.185469,2.500000,24.028088,38.798918,0.000000,circle,预设轨迹15,forward
1775480074.322414,13.733770,1775480100.062021|完整运动,完整运动,circle_orbit,1,1.000000,2.500000,2.500000,,,,,,,,,,,,,,,,1.851768,0.081499,1.684792,0.049902,0.000000,0.000000,-0.055539,,-0.280197,0.000000,,,,0.044011,0.185191,2.500000,24.064730,38.762276,0.000000,circle,预设轨迹15,forward
1775480074.345433,13.756788,1775480100.062021|完整运动,完整运动,circle_orbit,1,1.000000,2.500000,2.500000,,,,,,,,,,,,,,,,1.848905,0.075701,1.677145,0.045261,0.000000,0.000000,-0.064803,,-0.280719,0.000000,,,,0.040944,0.184905,2.500000,24.101470,38.725536,0.000000,circle,预设轨迹15,forward
1775480074.383877,13.795233,1775480100.062021|完整运动,完整运动,circle_orbit,1,1.000000,2.500000,2.500000,,,,,,,,,,,,,,,,1.845983,0.069580,1.670662,0.037448,0.000000,0.000000,-0.074304,,-0.280534,0.000000,,,,0.037693,0.184613,2.500000,24.138274,38.688732,0.000000,circle,预设轨迹15,forward
1775480074.409397,13.820753,1775480100.062021|完整运动,完整运动,circle_orbit,1,1.000000,2.500000,2.500000,,,,,,,,,,,,,,,,1.842895,0.054839,1.657618,-0.022552,0.000000,0.000000,-0.094036,,-0.280001,0.000000,,,,0.029757,0.184304,2.500000,24.212271,38.614736,0.000000,circle,预设轨迹15,forward
1775480074.443657,13.855013,1775480100.062021|完整运动,完整运动,circle_orbit,1,1.000000,2.500000,2.500000,,,,,,,,,,,,,,,,1.839735,0.048324,1.650118,0.014119,0.000000,0.000000,-0.104086,,-0.280265,0.000000,,,,0.026267,0.183988,2.500000,24.249247,38.577759,0.000000,circle,预设轨迹15,forward
1775480074.466897,13.878253,1775480100.062021|完整运动,完整运动,circle_orbit,1,1.000000,2.500000,2.500000,,,,,,,,,,,,,,,,1.836395,0.033251,1.636031,-0.045881,0.000000,0.000000,-0.124069,,-0.280423,0.000000,,,,0.018107,0.183654,2.500000,24.322770,38.504237,0.000000,circle,预设轨迹15,forward
1775480074.503831,13.915187,1775480100.062021|完整运动,完整运动,circle_orbit,1,1.000000,2.500000,2.500000,,,,,,,,,,,,,,,,1.833009,0.027027,1.629810,-0.005650,0.000000,0.000000,-0.134242,,-0.280000,0.000000,,,,0.014745,0.183315,2.500000,24.359694,38.467312,0.000000,circle,预设轨迹15,forward
1775480074.534286,13.945642,1775480100.062021|完整运动,完整运动,circle_orbit,1,1.000000,2.500000,2.500000,,,,,,,,,,,,,,,,1.829477,0.012199,1.617597,-0.065650,0.000000,0.000000,-0.154136,,-0.279280,0.000000,,,,0.006668,0.182962,2.500000,24.433792,38.393214,0.000000,circle,预设轨迹15,forward
1775480074.562385,13.973741,1775480100.062021|完整运动,完整运动,circle_orbit,1,1.000000,2.500000,2.500000,,,,,,,,,,,,,,,,1.825844,-0.006204,1.607836,-0.102816,0.000000,0.000000,-0.173418,,-0.277431,0.000000,,,,0.003398,0.182598,2.500000,24.507907,38.319099,0.000000,circle,预设轨迹15,forward
1775480074.583419,13.994774,1775480100.062021|完整运动,完整运动,circle_orbit,1,1.000000,2.500000,2.500000,,,,,,,,,,,,,,,,1.822213,-0.012062,1.604347,-0.042816,0.000000,0.000000,-0.183230,,-0.275619,0.000000,,,,0.006619,0.182235,2.500000,24.544727,38.282280,0.000000,circle,预设轨迹15,forward
1775480074.608151,14.019507,1775480100.062021|完整运动,完整运动,circle_orbit,1,1.000000,2.500000,2.500000,,,,,,,,,,,,,,,,1.818566,-0.015406,1.599745,-0.032967,0.000000,0.000000,-0.192461,,-0.274728,0.000000,,,,0.008472,0.181871,2.500000,24.581261,38.245746,0.000000,circle,预设轨迹15,forward
1775480074.636024,14.047380,1775480100.062021|完整运动,完整运动,circle_orbit,1,1.000000,2.500000,2.500000,,,,,,,,,,,,,,,,1.814927,-0.018992,1.596590,-0.037817,0.000000,0.000000,-0.201688,,-0.272967,0.000000,,,,0.010464,0.181507,2.500000,24.618151,38.208856,0.000000,circle,预设轨迹15,forward
1775480074.671059,14.082415,1775480100.062021|完整运动,完整运动,circle_orbit,1,1.000000,2.500000,2.500000,,,,,,,,,,,,,,,,1.811261,-0.031604,1.591282,-0.097817,0.000000,0.000000,-0.220483,,-0.268713,0.000000,,,,0.017449,0.181140,2.500000,24.692007,38.134999,0.000000,circle,预设轨迹15,forward
1775480074.702104,14.113460,1775480100.062021|完整运动,完整运动,circle_orbit,1,1.000000,2.500000,2.500000,,,,,,,,,,,,,,,,1.807560,-0.049163,1.585532,-0.141350,0.000000,0.000000,-0.239819,,-0.264538,0.000000,,,,0.027199,0.180770,2.500000,24.765553,38.061453,0.000000,circle,预设轨迹15,forward
1775480074.735234,14.146590,1775480100.062021|完整运动,完整运动,circle_orbit,1,1.000000,2.500000,2.500000,,,,,,,,,,,,,,,,1.803867,-0.054313,1.582253,-0.081350,0.000000,0.000000,-0.249363,,-0.262763,0.000000,,,,0.030109,0.180401,2.500000,24.802097,38.024909,0.000000,circle,预设轨迹15,forward
1775480074.755770,14.167126,1775480100.062021|完整运动,完整运动,circle_orbit,1,1.000000,2.500000,2.500000,,,,,,,,,,,,,,,,1.800157,-0.068239,1.577568,-0.141350,0.000000,0.000000,-0.268171,,-0.258172,0.000000,,,,0.037907,0.180030,2.500000,24.875697,37.951310,0.000000,circle,预设轨迹15,forward
1775480074.777264,14.188620,1775480100.062021|完整运动,完整运动,circle_orbit,1,1.000000,2.500000,2.500000,,,,,,,,,,,,,,,,1.796471,-0.070337,1.575352,-0.081350,0.000000,0.000000,-0.277415,,-0.255867,0.000000,,,,0.039153,0.179661,2.500000,24.912440,37.914567,0.000000,circle,预设轨迹15,forward
1775480074.806168,14.217523,1775480100.062021|完整运动,完整运动,circle_orbit,1,1.000000,2.500000,2.500000,,,,,,,,,,,,,,,,1.792801,-0.072416,1.572575,-0.083334,0.000000,0.000000,-0.286406,,-0.254022,0.000000,,,,0.040393,0.179294,2.500000,24.949472,37.877535,0.000000,circle,预设轨迹15,forward
1775480074.836861,14.248217,1775480100.062021|完整运动,完整运动,circle_orbit,1,1.000000,2.500000,2.500000,,,,,,,,,,,,,,,,1.789179,-0.074808,1.571861,-0.087366,0.000000,0.000000,-0.295380,,-0.250884,0.000000,,,,0.041812,0.178932,2.500000,24.986365,37.840641,0.000000,circle,预设轨迹15,forward
1775480074.870489,14.281844,1775480100.062021|完整运动,完整运动,circle_orbit,1,1.000000,2.500000,2.500000,,,,,,,,,,,,,,,,1.785615,-0.086418,1.571783,-0.147366,0.000000,0.000000,-0.313013,,-0.243879,0.000000,,,,0.048397,0.178575,2.500000,25.059936,37.767070,0.000000,circle,预设轨迹15,forward
1775480074.904487,14.315843,1775480100.062021|完整运动,完整运动,circle_orbit,1,1.000000,2.500000,2.500000,,,,,,,,,,,,,,,,1.782116,-0.088042,1.572135,-0.096569,0.000000,0.000000,-0.321433,,-0.240288,0.000000,,,,0.049403,0.178225,2.500000,25.096562,37.730445,0.000000,circle,预设轨迹15,forward
1775480074.927480,14.338836,1775480100.062021|完整运动,完整运动,circle_orbit,1,1.000000,2.500000,2.500000,,,,,,,,,,,,,,,,1.778702,-0.099006,1.573902,-0.156569,0.000000,0.000000,-0.337735,,-0.232652,0.000000,,,,0.055662,0.177884,2.500000,25.170450,37.656556,0.000000,circle,预设轨迹15,forward
1775480074.949049,14.360405,1775480100.062021|完整运动,完整运动,circle_orbit,1,1.000000,2.500000,2.500000,,,,,,,,,,,,,,,,1.775366,-0.100065,1.575192,-0.105626,0.000000,0.000000,-0.345765,,-0.228626,0.000000,,,,0.056363,0.177550,2.500000,25.207423,37.619583,0.000000,circle,预设轨迹15,forward
1775480074.974560,14.385916,1775480100.062021|完整运动,完整运动,circle_orbit,1,1.000000,2.500000,2.500000,,,,,,,,,,,,,,,,1.772125,-0.110555,1.577693,-0.165626,0.000000,0.000000,-0.361773,,-0.220650,0.000000,,,,0.062386,0.177226,2.500000,25.280884,37.546123,0.000000,circle,预设轨迹15,forward
1775480074.995409,14.406765,1775480100.062021|完整运动,完整运动,circle_orbit,1,1.000000,2.500000,2.500000,,,,,,,,,,,,,,,,1.768938,-0.109766,1.577693,-0.105626,0.000000,0.000000,-0.361773,,-0.220650,0.000000,,,,0.062052,0.176907,2.500000,25.280884,37.546123,0.000000,circle,预设轨迹15,forward
1775480075.029626,14.440981,1775480100.062021|完整运动,完整运动,circle_orbit,1,1.000000,2.500000,2.500000,,,,,,,,,,,,,,,,1.765853,-0.118704,1.580777,-0.165626,0.000000,0.000000,-0.377105,,-0.212584,0.000000,,,,0.067222,0.176599,2.500000,25.354272,37.472735,0.000000,circle,预设轨迹15,forward
1775480075.056578,14.467934,1775480100.062021|完整运动,完整运动,circle_orbit,1,1.000000,2.500000,2.500000,,,,,,,,,,,,,,,,1.762850,-0.118589,1.582639,-0.117986,0.000000,0.000000,-0.384541,,-0.208447,0.000000,,,,0.067271,0.176299,2.500000,25.391292,37.435715,0.000000,circle,预设轨迹15,forward
1775480075.083812,14.495168,1775480100.062021|完整运动,完整运动,circle_orbit,1,1.000000,2.500000,2.500000,,,,,,,,,,,,,,,,1.759955,-0.128059,1.586245,-0.177775,0.000000,0.000000,-0.398581,,-0.200586,0.000000,,,,0.072763,0.176009,2.500000,25.465284,37.361723,0.000000,circle,预设轨迹15,forward
1775480075.118413,14.529768,1775480100.062021|完整运动,完整运动,circle_orbit,1,1.000000,2.500000,2.500000,,,,,,,,,,,,,,,,1.757156,-0.126887,1.589209,-0.120735,0.000000,0.000000,-0.405212,,-0.196096,0.000000,,,,0.072212,0.175729,2.500000,25.502146,37.324861,0.000000,circle,预设轨迹15,forward
1775480075.151150,14.562506,1775480100.062021|完整运动,完整运动,circle_orbit,1,1.000000,2.500000,2.500000,,,,,,,,,,,,,,,,1.754521,-0.135320,1.596428,-0.179591,0.000000,0.000000,-0.418416,,-0.186368,0.000000,,,,0.077126,0.175466,2.500000,25.575882,37.251124,0.000000,circle,预设轨迹15,forward
1775480075.179994,14.591350,1775480100.062021|完整运动,完整运动,circle_orbit,1,1.000000,2.500000,2.500000,,,,,,,,,,,,,,,,1.751984,-0.133738,1.599789,-0.125432,0.000000,0.000000,-0.424619,,-0.181831,0.000000,,,,0.076335,0.175212,2.500000,25.612755,37.214252,0.000000,circle,预设轨迹15,forward
1775480075.212493,14.623849,1775480100.062021|完整运动,完整运动,circle_orbit,1,1.000000,2.500000,2.500000,,,,,,,,,,,,,,,,1.749633,-0.140381,1.608565,-0.175260,0.000000,0.000000,-0.436393,,-0.171792,0.000000,,,,0.080235,0.174977,2.500000,25.686402,37.140604,0.000000,circle,预设轨迹15,forward
1775480075.239314,14.650670,1775480100.062021|完整运动,完整运动,circle_orbit,1,1.000000,2.500000,2.500000,,,,,,,,,,,,,,,,1.747473,-0.146677,1.617897,-0.179728,0.000000,0.000000,-0.448068,,-0.161519,0.000000,,,,0.083936,0.174761,2.500000,25.760166,37.066840,0.000000,circle,预设轨迹15,forward
1775480075.264134,14.675490,1775480100.062021|完整运动,完整运动,circle_orbit,1,1.000000,2.500000,2.500000,,,,,,,,,,,,,,,,1.745422,-0.144495,1.622363,-0.133042,0.000000,0.000000,-0.453740,,-0.156591,0.000000,,,,0.082785,0.174556,2.500000,25.796992,37.030015,0.000000,circle,预设轨迹15,forward
1775480075.287102,14.698458,1775480100.062021|完整运动,完整运动,circle_orbit,1,1.000000,2.500000,2.500000,,,,,,,,,,,,,,,,1.743480,-0.142607,1.626907,-0.132693,0.000000,0.000000,-0.459233,,-0.151704,0.000000,,,,0.081794,0.174361,2.500000,25.833854,36.993152,0.000000,circle,预设轨迹15,forward
1775480075.308713,14.720069,1775480100.062021|完整运动,完整运动,circle_orbit,1,1.000000,2.500000,2.500000,,,,,,,,,,,,,,,,1.741655,-0.140858,1.632167,-0.131678,0.000000,0.000000,-0.464484,,-0.146508,0.000000,,,,0.080876,0.174179,2.500000,25.870649,36.956358,0.000000,circle,预设轨迹15,forward
1775480075.338786,14.750142,1775480100.062021|完整运动,完整运动,circle_orbit,1,1.000000,2.500000,2.500000,,,,,,,,,,,,,,,,1.739956,-0.139244,1.638047,-0.130771,0.000000,0.000000,-0.469526,,-0.141055,0.000000,,,,0.080027,0.174009,2.500000,25.907695,36.919312,0.000000,circle,预设轨迹15,forward
1775480075.364263,14.775619,1775480100.062021|完整运动,完整运动,circle_orbit,1,1.000000,2.500000,2.500000,,,,,,,,,,,,,,,,1.738464,-0.143840,1.648930,-0.167967,0.000000,0.000000,-0.478782,,-0.131057,0.000000,,,,0.082740,0.173860,2.500000,25.981659,36.845348,0.000000,circle,预设轨迹15,forward
1775480075.384772,14.796128,1775480100.062021|完整运动,完整运动,circle_orbit,1,1.000000,2.500000,2.500000,,,,,,,,,,,,,,,,1.737097,-0.141107,1.655098,-0.126757,0.000000,0.000000,-0.482859,,-0.125895,0.000000,,,,0.081231,0.173723,2.500000,26.018711,36.808296,0.000000,circle,预设轨迹15,forward
1775480075.405962,14.817318,1775480100.062021|完整运动,完整运动,circle_orbit,1,1.000000,2.500000,2.500000,,,,,,,,,,,,,,,,1.735876,-0.138785,1.662600,-0.126597,0.000000,0.000000,-0.486908,,-0.120015,0.000000,,,,0.079951,0.173601,2.500000,26.055686,36.771320,0.000000,circle,预设轨迹15,forward
1775480075.430819,14.842175,1775480100.062021|完整运动,完整运动,circle_orbit,1,1.000000,2.500000,2.500000,,,,,,,,,,,,,,,,1.734794,-0.136862,1.669882,-0.126764,0.000000,0.000000,-0.490965,,-0.114294,0.000000,,,,0.078892,0.173493,2.500000,26.092660,36.734346,0.000000,circle,预设轨迹15,forward
1775480075.470187,14.881543,1775480100.062021|完整运动,完整运动,circle_orbit,1,1.000000,2.500000,2.500000,,,,,,,,,,,,,,,,1.733957,-0.139615,1.683730,-0.154067,0.000000,0.000000,-0.498172,,-0.103715,0.000000,,,,0.080518,0.173409,2.500000,26.166713,36.660294,0.000000,circle,预设轨迹15,forward
1775480075.494120,14.905476,1775480100.062021|完整运动,完整运动,circle_orbit,1,1.000000,2.500000,2.500000,,,,,,,,,,,,,,,,1.733257,-0.136843,1.691233,-0.122294,0.000000,0.000000,-0.501450,,-0.098287,0.000000,,,,0.078952,0.173339,2.500000,26.203920,36.623087,0.000000,circle,预设轨迹15,forward
1775480075.536694,14.948050,1775480100.062021|完整运动,完整运动,circle_orbit,1,1.000000,2.500000,2.500000,,,,,,,,,,,,,,,,1.732991,-0.143973,1.717073,-0.181401,0.000000,0.000000,-0.511626,,-0.080313,0.000000,,,,0.083078,0.173313,2.500000,26.315626,36.511380,0.000000,circle,预设轨迹15,forward
1775480075.573353,14.984709,1775480100.062021|完整运动,完整运动,circle_orbit,1,1.000000,2.500000,2.500000,,,,,,,,,,,,,,,,1.732730,-0.140361,1.717073,-0.121401,0.000000,0.000000,-0.511626,,-0.080313,0.000000,,,,0.081006,0.173286,2.500000,26.315626,36.511380,0.000000,circle,预设轨迹15,forward
1775480075.609658,15.021013,1775480100.062021|完整运动,完整运动,circle_orbit,1,1.000000,2.500000,2.500000,,,,,,,,,,,,,,,,1.732918,-0.144689,1.744187,-0.167407,0.000000,0.000000,-0.520016,,-0.062810,0.000000,,,,0.083494,0.173305,2.500000,26.427654,36.399352,0.000000,circle,预设轨迹15,forward
1775480075.632736,15.044092,1775480100.062021|完整运动,完整运动,circle_orbit,1,1.000000,2.500000,2.500000,,,,,,,,,,,,,,,,1.733275,-0.140393,1.754649,-0.117838,0.000000,0.000000,-0.522334,,-0.056542,0.000000,,,,0.080998,0.173341,2.500000,26.465160,36.361847,0.000000,circle,预设轨迹15,forward
1775480075.653774,15.065130,1775480100.062021|完整运动,完整运动,circle_orbit,1,1.000000,2.500000,2.500000,,,,,,,,,,,,,,,,1.733956,-0.137898,1.774839,-0.124799,0.000000,0.000000,-0.525593,,-0.045108,0.000000,,,,0.079528,0.173409,2.500000,26.540013,36.286993,0.000000,circle,预设轨迹15,forward
1775480075.674099,15.085455,1775480100.062021|完整运动,完整运动,circle_orbit,1,1.000000,2.500000,2.500000,,,,,,,,,,,,,,,,1.734626,-0.131229,1.774839,-0.096222,0.000000,0.000000,-0.525593,,-0.045108,0.000000,,,,0.075653,0.173476,2.500000,26.540013,36.286993,0.000000,circle,预设轨迹15,forward
1775480075.698813,15.110168,1775480100.062021|完整运动,完整运动,circle_orbit,1,1.000000,2.500000,2.500000,,,,,,,,,,,,,,,,1.735480,-0.126797,1.786720,-0.103529,0.000000,0.000000,-0.526741,,-0.038795,0.000000,,,,0.073062,0.173561,2.500000,26.577453,36.249553,0.000000,circle,预设轨迹15,forward
1775480075.719232,15.130587,1775480100.062021|完整运动,完整运动,circle_orbit,1,1.000000,2.500000,2.500000,,,,,,,,,,,,,,,,1.736723,-0.124166,1.811271,-0.110350,0.000000,0.000000,-0.528898,,-0.026078,0.000000,,,,0.071494,0.173686,2.500000,26.652141,36.174866,0.000000,circle,预设轨迹15,forward
1775480075.740969,15.152325,1775480100.062021|完整运动,完整运动,circle_orbit,1,1.000000,2.500000,2.500000,,,,,,,,,,,,,,,,1.738145,-0.119511,1.823472,-0.095075,0.000000,0.000000,-0.529420,,-0.020098,0.000000,,,,0.068758,0.173828,2.500000,26.689322,36.137684,0.000000,circle,预设轨迹15,forward
1775480075.765442,15.176798,1775480100.062021|完整运动,完整运动,circle_orbit,1,1.000000,2.500000,2.500000,,,,,,,,,,,,,,,,1.739764,-0.115061,1.836913,-0.091700,0.000000,0.000000,-0.529806,,-0.013673,0.000000,,,,0.066136,0.173990,2.500000,26.726709,36.100297,0.000000,circle,预设轨迹15,forward
1775480075.798644,15.210000,1775480100.062021|完整运动,完整运动,circle_orbit,1,1.000000,2.500000,2.500000,,,,,,,,,,,,,,,,1.741575,-0.110870,1.850250,-0.088868,0.000000,0.000000,-0.530125,,-0.007414,0.000000,,,,0.063661,0.174171,2.500000,26.763969,36.063038,0.000000,circle,预设轨迹15,forward
1775480075.829858,15.241214,1775480100.062021|完整运动,完整运动,circle_orbit,1,1.000000,2.500000,2.500000,,,,,,,,,,,,,,,,1.743412,-0.107391,1.853618,-0.089122,0.000000,0.000000,-0.530746,,0.005631,0.000000,,,,0.061598,0.174355,2.500000,26.838808,35.988198,0.000000,circle,预设轨迹15,forward
1775480075.859396,15.270751,1775480100.062021|完整运动,完整运动,circle_orbit,1,1.000000,2.500000,2.500000,,,,,,,,,,,,,,,,1.744996,-0.103265,1.840058,-0.081603,0.000000,0.000000,-0.530733,,0.011849,0.000000,,,,0.059178,0.174513,2.500000,26.876057,35.950950,0.000000,circle,预设轨迹15,forward
1775480075.884032,15.295388,1775480100.062021|完整运动,完整运动,circle_orbit,1,1.000000,2.500000,2.500000,,,,,,,,,,,,,,,,1.746132,-0.098337,1.814269,-0.072464,0.000000,0.000000,-0.529952,,0.024231,0.000000,,,,0.056317,0.174627,2.500000,26.950632,35.876374,0.000000,circle,预设轨迹15,forward
1775480075.904380,15.315736,1775480100.062021|完整运动,完整运动,circle_orbit,1,1.000000,2.500000,2.500000,,,,,,,,,,,,,,,,1.747052,-0.093442,1.802252,-0.067747,0.000000,0.000000,-0.528959,,0.030371,0.000000,,,,0.053486,0.174719,2.500000,26.987879,35.839127,0.000000,circle,预设轨迹15,forward
1775480075.932686,15.344042,1775480100.062021|完整运动,完整运动,circle_orbit,1,1.000000,2.500000,2.500000,,,,,,,,,,,,,,,,1.747574,-0.086233,1.778897,-0.048388,0.000000,0.000000,-0.526083,,0.042904,0.000000,,,,0.049345,0.174771,2.500000,27.062741,35.764265,0.000000,circle,预设轨迹15,forward
1775480075.957163,15.368519,1775480100.062021|完整运动,完整运动,circle_orbit,1,1.000000,2.500000,2.500000,,,,,,,,,,,,,,,,1.748087,-0.083506,1.778897,-0.069184,0.000000,0.000000,-0.526083,,0.042904,0.000000,,,,0.047770,0.174822,2.500000,27.062741,35.764265,0.000000,circle,预设轨迹15,forward
1775480075.979108,15.390464,1775480100.062021|完整运动,完整运动,circle_orbit,1,1.000000,2.500000,2.500000,,,,,,,,,,,,,,,,1.748219,-0.075190,1.756144,-0.031531,0.000000,0.000000,-0.521998,,0.055918,0.000000,,,,0.043009,0.174835,2.500000,27.137862,35.689144,0.000000,circle,预设轨迹15,forward
1775480076.000504,15.411860,1775480100.062021|完整运动,完整运动,circle_orbit,1,1.000000,2.500000,2.500000,,,,,,,,,,,,,,,,1.748187,-0.069708,1.746215,-0.040930,0.000000,0.000000,-0.519563,,0.061951,0.000000,,,,0.039874,0.174832,2.500000,27.175290,35.651717,0.000000,circle,预设轨迹15,forward
1775480076.021568,15.432924,1775480100.062021|完整运动,完整运动,circle_orbit,1,1.000000,2.500000,2.500000,,,,,,,,,,,,,,,,1.748009,-0.064017,1.737336,-0.034137,0.000000,0.000000,-0.516770,,0.067642,0.000000,,,,0.036623,0.174814,2.500000,27.212493,35.614514,0.000000,circle,预设轨迹15,forward
1775480076.058643,15.469999,1775480100.062021|完整运动,完整运动,circle_orbit,1,1.000000,2.500000,2.500000,,,,,,,,,,,,,,,,1.747667,-0.058531,1.727194,-0.029734,0.000000,0.000000,-0.513919,,0.074063,0.000000,,,,0.033491,0.174780,2.500000,27.249730,35.577277,0.000000,circle,预设轨迹15,forward
1775480076.089789,15.501144,1775480100.062021|完整运动,完整运动,circle_orbit,1,1.000000,2.500000,2.500000,,,,,,,,,,,,,,,,1.746995,-0.049569,1.706647,-0.002514,0.000000,0.000000,-0.508381,,0.087170,0.000000,,,,0.028374,0.174713,2.500000,27.324373,35.502634,0.000000,circle,预设轨迹15,forward
1775480076.120749,15.532104,1775480100.062021|完整运动,完整运动,circle_orbit,1,1.000000,2.500000,2.500000,,,,,,,,,,,,,,,,1.746046,-0.040126,1.689086,0.009448,0.000000,0.000000,-0.502121,,0.099193,0.000000,,,,0.022981,0.174618,2.500000,27.399053,35.427954,0.000000,circle,预设轨迹15,forward
1775480076.150683,15.562039,1775480100.062021|完整运动,完整运动,circle_orbit,1,1.000000,2.500000,2.500000,,,,,,,,,,,,,,,,1.744970,-0.035061,1.680417,-0.008469,0.000000,0.000000,-0.498625,,0.105363,0.000000,,,,0.020093,0.174510,2.500000,27.436324,35.390682,0.000000,circle,预设轨迹15,forward
1775480076.178158,15.589513,1775480100.062021|完整运动,完整运动,circle_orbit,1,1.000000,2.500000,2.500000,,,,,,,,,,,,,,,,1.743633,-0.024697,1.663409,0.029715,0.000000,0.000000,-0.491201,,0.117841,0.000000,,,,0.014164,0.174377,2.500000,27.510333,35.316673,0.000000,circle,预设轨迹15,forward
1775480076.206233,15.617589,1775480100.062021|完整运动,完整运动,circle_orbit,1,1.000000,2.500000,2.500000,,,,,,,,,,,,,,,,1.742190,-0.019693,1.655635,0.006579,0.000000,0.000000,-0.487217,,0.123845,0.000000,,,,0.011303,0.174232,2.500000,27.547495,35.279512,0.000000,circle,预设轨迹15,forward
1775480076.226857,15.638213,1775480100.062021|完整运动,完整运动,circle_orbit,1,1.000000,2.500000,2.500000,,,,,,,,,,,,,,,,1.740651,-0.014288,1.648323,0.014085,0.000000,0.000000,-0.482856,,0.129776,0.000000,,,,0.008208,0.174079,2.500000,27.584446,35.242561,0.000000,circle,预设轨迹15,forward
1775480076.252595,15.663950,1775480100.062021|完整运动,完整运动,circle_orbit,1,1.000000,2.500000,2.500000,,,,,,,,,,,,,,,,1.739038,-0.008229,1.642251,0.023583,0.000000,0.000000,-0.477909,,0.135260,0.000000,,,,0.004732,0.173917,2.500000,27.621685,35.205322,0.000000,circle,预设轨迹15,forward
1775480076.277443,15.688799,1775480100.062021|完整运动,完整运动,circle_orbit,1,1.000000,2.500000,2.500000,,,,,,,,,,,,,,,,1.737353,-0.001946,1.636238,0.031038,0.000000,0.000000,-0.472650,,0.140860,0.000000,,,,0.001120,0.173749,2.500000,27.658718,35.168288,0.000000,circle,预设轨迹15,forward
1775480076.298497,15.709852,1775480100.062021|完整运动,完整运动,circle_orbit,1,1.000000,2.500000,2.500000,,,,,,,,,,,,,,,,1.735503,0.012147,1.624492,0.086134,0.000000,0.000000,-0.461602,,0.152184,0.000000,,,,0.006999,0.173564,2.500000,27.731877,35.095130,0.000000,circle,预设轨迹15,forward
1775480076.319096,15.730452,1775480100.062021|完整运动,完整运动,circle_orbit,1,1.000000,2.500000,2.500000,,,,,,,,,,,,,,,,1.733599,0.018054,1.619374,0.049065,0.000000,0.000000,-0.455844,,0.157527,0.000000,,,,0.010414,0.173373,2.500000,27.768360,35.058647,0.000000,circle,预设轨迹15,forward
1775480076.347903,15.759259,1775480100.062021|完整运动,完整运动,circle_orbit,1,1.000000,2.500000,2.500000,,,,,,,,,,,,,,,,1.731636,0.023958,1.613837,0.054954,0.000000,0.000000,-0.449989,,0.163180,0.000000,,,,0.013835,0.173177,2.500000,27.804891,35.022116,0.000000,circle,预设轨迹15,forward
1775480076.381310,15.792665,1775480100.062021|完整运动,完整运动,circle_orbit,1,1.000000,2.500000,2.500000,,,,,,,,,,,,,,,,1.729606,0.029755,1.607851,0.060190,0.000000,0.000000,-0.444111,,0.169136,0.000000,,,,0.017203,0.172974,2.500000,27.841504,34.985502,0.000000,circle,预设轨迹15,forward
1775480076.414083,15.825438,1775480100.062021|完整运动,完整运动,circle_orbit,1,1.000000,2.500000,2.500000,,,,,,,,,,,,,,,,1.727442,0.043846,1.597580,0.117824,0.000000,0.000000,-0.432162,,0.180164,0.000000,,,,0.025382,0.172758,2.500000,27.914562,34.912445,0.000000,circle,预设轨迹15,forward
1775480076.452276,15.863632,1775480100.062021|完整运动,完整运动,circle_orbit,1,1.000000,2.500000,2.500000,,,,,,,,,,,,,,,,1.725171,0.057655,1.588895,0.130149,0.000000,0.000000,-0.419838,,0.190439,0.000000,,,,0.033420,0.172530,2.500000,27.986715,34.840292,0.000000,circle,预设轨迹15,forward
1775480076.474842,15.886197,1775480100.062021|完整运动,完整运动,circle_orbit,1,1.000000,2.500000,2.500000,,,,,,,,,,,,,,,,1.722884,0.062458,1.585661,0.087675,0.000000,0.000000,-0.413476,,0.194990,0.000000,,,,0.036252,0.172302,2.500000,28.022494,34.804512,0.000000,circle,预设轨迹15,forward
1775480076.510851,15.922207,1775480100.062021|完整运动,完整运动,circle_orbit,1,1.000000,2.500000,2.500000,,,,,,,,,,,,,,,,1.720530,0.076093,1.579299,0.147675,0.000000,0.000000,-0.399597,,0.204512,0.000000,,,,0.044226,0.172066,2.500000,28.093781,34.733226,0.000000,circle,预设轨迹15,forward
1775480076.543871,15.955227,1775480100.062021|完整运动,完整运动,circle_orbit,1,1.000000,2.500000,2.500000,,,,,,,,,,,,,,,,1.718169,0.081768,1.576527,0.111561,0.000000,0.000000,-0.392216,,0.209204,0.000000,,,,0.047590,0.171830,2.500000,28.129285,34.697722,0.000000,circle,预设轨迹15,forward
1775480076.574739,15.986094,1775480100.062021|完整运动,完整运动,circle_orbit,1,1.000000,2.500000,2.500000,,,,,,,,,,,,,,,,1.715778,0.096135,1.572310,0.171561,0.000000,0.000000,-0.376546,,0.218131,0.000000,,,,0.056030,0.171591,2.500000,28.199831,34.627175,0.000000,circle,预设轨迹15,forward
1775480076.608257,16.019613,1775480100.062021|完整运动,完整运动,circle_orbit,1,1.000000,2.500000,2.500000,,,,,,,,,,,,,,,,1.713383,0.113370,1.569680,0.203858,0.000000,0.000000,-0.360423,,0.226245,0.000000,,,,0.066168,0.171352,2.500000,28.268987,34.558019,0.000000,circle,预设轨迹15,forward
1775480076.642183,16.053539,1775480100.062021|完整运动,完整运动,circle_orbit,1,1.000000,2.500000,2.500000,,,,,,,,,,,,,,,,1.710991,0.118614,1.567476,0.146141,0.000000,0.000000,-0.352259,,0.230911,0.000000,,,,0.069325,0.171112,2.500000,28.303443,34.523563,0.000000,circle,预设轨迹15,forward
1775480076.673015,16.084370,1775480100.062021|完整运动,完整运动,circle_orbit,1,1.000000,2.500000,2.500000,,,,,,,,,,,,,,,,1.708586,0.132618,1.564281,0.206141,0.000000,0.000000,-0.336026,,0.239441,0.000000,,,,0.077619,0.170872,2.500000,28.373052,34.453955,0.000000,circle,预设轨迹15,forward
1775480076.698866,16.110221,1775480100.062021|完整运动,完整运动,circle_orbit,1,1.000000,2.500000,2.500000,,,,,,,,,,,,,,,,1.706202,0.137352,1.563182,0.162204,0.000000,0.000000,-0.327943,,0.243376,0.000000,,,,0.080501,0.170633,2.500000,28.407838,34.419168,0.000000,circle,预设轨迹15,forward
1775480076.722119,16.133475,1775480100.062021|完整运动,完整运动,circle_orbit,1,1.000000,2.500000,2.500000,,,,,,,,,,,,,,,,1.703860,0.150928,1.563333,0.222204,0.000000,0.000000,-0.311382,,0.249905,0.000000,,,,0.088580,0.170399,2.500000,28.476817,34.350190,0.000000,circle,预设轨迹15,forward
1775480076.742443,16.153798,1775480100.062021|完整运动,完整运动,circle_orbit,1,1.000000,2.500000,2.500000,,,,,,,,,,,,,,,,1.701564,0.156002,1.563808,0.182638,0.000000,0.000000,-0.302843,,0.253017,0.000000,,,,0.091681,0.170170,2.500000,28.511116,34.315890,0.000000,circle,预设轨迹15,forward
1775480076.773036,16.184391,1775480100.062021|完整运动,完整运动,circle_orbit,1,1.000000,2.500000,2.500000,,,,,,,,,,,,,,,,1.699344,0.169863,1.566127,0.242638,0.000000,0.000000,-0.284903,,0.258714,0.000000,,,,0.099958,0.169948,2.500000,28.579914,34.247092,0.000000,circle,预设轨迹15,forward
1775480076.801224,16.212580,1775480100.062021|完整运动,完整运动,circle_orbit,1,1.000000,2.500000,2.500000,,,,,,,,,,,,,,,,1.697160,0.171907,1.566127,0.182638,0.000000,0.000000,-0.284903,,0.258714,0.000000,,,,0.101291,0.169729,2.500000,28.579914,34.247092,0.000000,circle,预设轨迹15,forward
1775480076.833486,16.244842,1775480100.062021|完整运动,完整运动,circle_orbit,1,1.000000,2.500000,2.500000,,,,,,,,,,,,,,,,1.695069,0.183224,1.569590,0.242638,0.000000,0.000000,-0.266091,,0.264038,0.000000,,,,0.108093,0.169520,2.500000,28.648557,34.178449,0.000000,circle,预设轨迹15,forward
1775480076.863953,16.275309,1775480100.062021|完整运动,完整运动,circle_orbit,1,1.000000,2.500000,2.500000,,,,,,,,,,,,,,,,1.693097,0.202330,1.574772,0.302638,0.000000,0.000000,-0.246465,,0.268614,0.000000,,,,0.119503,0.169323,2.500000,28.717118,34.109888,0.000000,circle,预设轨迹15,forward
1775480076.887021,16.298377,1775480100.062021|完整运动,完整运动,circle_orbit,1,1.000000,2.500000,2.500000,,,,,,,,,,,,,,,,1.691201,0.208780,1.577436,0.242638,0.000000,0.000000,-0.236557,,0.270901,0.000000,,,,0.123451,0.169133,2.500000,28.751076,34.075930,0.000000,circle,预设轨迹15,forward
1775480076.913131,16.324487,1775480100.062021|完整运动,完整运动,circle_orbit,1,1.000000,2.500000,2.500000,,,,,,,,,,,,,,,,1.689374,0.214074,1.579760,0.241868,0.000000,0.000000,-0.226679,,0.273396,0.000000,,,,0.126718,0.168950,2.500000,28.785123,34.041883,0.000000,circle,预设轨迹15,forward
1775480076.945358,16.356713,1775480100.062021|完整运动,完整运动,circle_orbit,1,1.000000,2.500000,2.500000,,,,,,,,,,,,,,,,1.687667,0.228121,1.585275,0.301868,0.000000,0.000000,-0.206903,,0.277866,0.000000,,,,0.135169,0.168780,2.500000,28.853390,33.973617,0.000000,circle,预设轨迹15,forward
1775480076.969666,16.381021,1775480100.062021|完整运动,完整运动,circle_orbit,1,1.000000,2.500000,2.500000,,,,,,,,,,,,,,,,1.686041,0.233217,1.588446,0.259975,0.000000,0.000000,-0.197049,,0.279840,0.000000,,,,0.138323,0.168617,2.500000,28.887720,33.939286,0.000000,circle,预设轨迹15,forward
1775480076.995677,16.407033,1775480100.062021|完整运动,完整运动,circle_orbit,1,1.000000,2.500000,2.500000,,,,,,,,,,,,,,,,1.684574,0.247099,1.596557,0.319975,0.000000,0.000000,-0.176944,,0.282885,0.000000,,,,0.146683,0.168470,2.500000,28.956104,33.870902,0.000000,circle,预设轨迹15,forward
1775480077.015993,16.427349,1775480100.062021|完整运动,完整运动,circle_orbit,1,1.000000,2.500000,2.500000,,,,,,,,,,,,,,,,1.683214,0.252526,1.601620,0.281019,0.000000,0.000000,-0.166747,,0.283871,0.000000,,,,0.150026,0.168334,2.500000,28.989923,33.837084,0.000000,circle,预设轨迹15,forward
1775480077.038538,16.449893,1775480100.062021|完整运动,完整运动,circle_orbit,1,1.000000,2.500000,2.500000,,,,,,,,,,,,,,,,1.681876,0.247485,1.601620,0.221019,0.000000,0.000000,-0.166747,,0.283871,0.000000,,,,0.147148,0.168201,2.500000,28.989923,33.837084,0.000000,circle,预设轨迹15,forward
1775480077.078793,16.490149,1775480100.062021|完整运动,完整运动,circle_orbit,1,1.000000,2.500000,2.500000,,,,,,,,,,,,,,,,1.680744,0.252850,1.612787,0.281019,0.000000,0.000000,-0.146282,,0.285302,0.000000,,,,0.150439,0.168087,2.500000,29.057440,33.769566,0.000000,circle,预设轨迹15,forward
1775480077.114141,16.525497,1775480100.062021|完整运动,完整运动,circle_orbit,1,1.000000,2.500000,2.500000,,,,,,,,,,,,,,,,1.679832,0.266957,1.625124,0.341019,0.000000,0.000000,-0.125225,,0.286371,0.000000,,,,0.158919,0.167996,2.500000,29.124801,33.702206,0.000000,circle,预设轨迹15,forward
1775480077.149610,16.560965,1775480100.062021|完整运动,完整运动,circle_orbit,1,1.000000,2.500000,2.500000,,,,,,,,,,,,,,,,1.679298,0.288407,1.647250,0.401019,0.000000,0.000000,-0.092978,,0.286357,0.000000,,,,0.171743,0.167943,2.500000,29.225365,33.601641,0.000000,circle,预设轨迹15,forward
1775480077.172994,16.584350,1775480100.062021|完整运动,完整运动,circle_orbit,1,1.000000,2.500000,2.500000,,,,,,,,,,,,,,,,1.678772,0.296825,1.647250,0.341019,0.000000,0.000000,-0.092978,,0.286357,0.000000,,,,0.176811,0.167890,2.500000,29.225365,33.601641,0.000000,circle,预设轨迹15,forward
1775480077.204863,16.616219,1775480100.062021|完整运动,完整运动,circle_orbit,1,1.000000,2.500000,2.500000,,,,,,,,,,,,,,,,1.678396,0.302292,1.655806,0.330994,0.000000,0.000000,-0.082547,,0.285628,0.000000,,,,0.180108,0.167853,2.500000,29.258396,33.568610,0.000000,circle,预设轨迹15,forward
1775480077.226615,16.637971,1775480100.062021|完整运动,完整运动,circle_orbit,1,1.000000,2.500000,2.500000,,,,,,,,,,,,,,,,1.678304,0.316484,1.672769,0.390994,0.000000,0.000000,-0.061461,,0.284494,0.000000,,,,0.188574,0.167843,2.500000,29.324162,33.502844,0.000000,circle,预设轨迹15,forward
1775480077.248049,16.659405,1775480100.062021|完整运动,完整运动,circle_orbit,1,1.000000,2.500000,2.500000,,,,,,,,,,,,,,,,1.678378,0.321727,1.682837,0.349254,0.000000,0.000000,-0.050958,,0.283106,0.000000,,,,0.191689,0.167851,2.500000,29.356836,33.470170,0.000000,circle,预设轨迹15,forward
1775480077.272626,16.683982,1775480100.062021|完整运动,完整运动,circle_orbit,1,1.000000,2.500000,2.500000,,,,,,,,,,,,,,,,1.678835,0.335732,1.706246,0.409254,0.000000,0.000000,-0.030064,,0.278727,0.000000,,,,0.199979,0.167896,2.500000,29.421817,33.405189,0.000000,circle,预设轨迹15,forward
1775480077.310925,16.722280,1775480100.062021|完整运动,完整运动,circle_orbit,1,1.000000,2.500000,2.500000,,,,,,,,,,,,,,,,1.679491,0.340350,1.718848,0.364595,0.000000,0.000000,-0.019768,,0.276131,0.000000,,,,0.202651,0.167962,2.500000,29.453938,33.373068,0.000000,circle,预设轨迹15,forward
1775480077.338153,16.749508,1775480100.062021|完整运动,完整运动,circle_orbit,1,1.000000,2.500000,2.500000,,,,,,,,,,,,,,,,1.680552,0.353829,1.744249,0.424595,0.000000,0.000000,0.000090,,0.270765,0.000000,,,,0.210543,0.168068,2.500000,29.518022,33.308984,0.000000,circle,预设轨迹15,forward
1775480077.360484,16.771840,1775480100.062021|完整运动,完整运动,circle_orbit,1,1.000000,2.500000,2.500000,,,,,,,,,,,,,,,,1.681563,0.357417,1.742201,0.376252,0.000000,0.000000,0.009891,,0.267897,0.000000,,,,0.212550,0.168169,2.500000,29.550327,33.276680,0.000000,circle,预设轨迹15,forward
1775480077.384243,16.795599,1775480100.062021|完整运动,完整运动,circle_orbit,1,1.000000,2.500000,2.500000,,,,,,,,,,,,,,,,1.682555,0.360945,1.742070,0.379465,0.000000,0.000000,0.019569,,0.264093,0.000000,,,,0.214522,0.168268,2.500000,29.582337,33.244669,0.000000,circle,预设轨迹15,forward
1775480077.408136,16.819492,1775480100.062021|完整运动,完整运动,circle_orbit,1,1.000000,2.500000,2.500000,,,,,,,,,,,,,,,,1.683529,0.364535,1.741986,0.383387,0.000000,0.000000,0.029221,,0.260276,0.000000,,,,0.216530,0.168366,2.500000,29.614458,33.212549,0.000000,circle,预设轨迹15,forward
1775480077.430418,16.841774,1775480100.062021|完整运动,完整运动,circle_orbit,1,1.000000,2.500000,2.500000,,,,,,,,,,,,,,,,1.684481,0.377151,1.741593,0.443387,0.000000,0.000000,0.048368,,0.252818,0.000000,,,,0.223898,0.168461,2.500000,29.678250,33.148756,0.000000,circle,预设轨迹15,forward
1775480077.453352,16.864707,1775480100.062021|完整运动,完整运动,circle_orbit,1,1.000000,2.500000,2.500000,,,,,,,,,,,,,,,,1.685411,0.379829,1.741193,0.393883,0.000000,0.000000,0.057555,,0.249350,0.000000,,,,0.225363,0.168554,2.500000,29.710334,33.116673,0.000000,circle,预设轨迹15,forward
1775480077.485179,16.896535,1775480100.062021|完整运动,完整运动,circle_orbit,1,1.000000,2.500000,2.500000,,,,,,,,,,,,,,,,1.686325,0.372477,1.741193,0.333883,0.000000,0.000000,0.057555,,0.249350,0.000000,,,,0.220881,0.168646,2.500000,29.710334,33.116673,0.000000,circle,预设轨迹15,forward
1775480077.513385,16.924741,1775480100.062021|完整运动,完整运动,circle_orbit,1,1.000000,2.500000,2.500000,,,,,,,,,,,,,,,,1.687254,0.375902,1.742955,0.393883,0.000000,0.000000,0.076143,,0.241007,0.000000,,,,0.222790,0.168738,2.500000,29.773916,33.053090,0.000000,circle,预设轨迹15,forward
1775480077.541533,16.952888,1775480100.062021|完整运动,完整运动,circle_orbit,1,1.000000,2.500000,2.500000,,,,,,,,,,,,,,,,1.688177,0.380715,1.743583,0.405980,0.000000,0.000000,0.085449,,0.236961,0.000000,,,,0.225518,0.168831,2.500000,29.805908,33.021099,0.000000,circle,预设轨迹15,forward
1775480077.574663,16.986019,1775480100.062021|完整运动,完整运动,circle_orbit,1,1.000000,2.500000,2.500000,,,,,,,,,,,,,,,,1.689157,0.394357,1.747969,0.465980,0.000000,0.000000,0.103854,,0.227350,0.000000,,,,0.233464,0.168929,2.500000,29.870271,32.956735,0.000000,circle,预设轨迹15,forward
1775480077.615457,17.026813,1775480100.062021|完整运动,完整运动,circle_orbit,1,1.000000,2.500000,2.500000,,,,,,,,,,,,,,,,1.690198,0.409920,1.752627,0.491626,0.000000,0.000000,0.121525,,0.217905,0.000000,,,,0.242528,0.169033,2.500000,29.935439,32.891568,0.000000,circle,预设轨迹15,forward
1775480077.652228,17.063583,1775480100.062021|完整运动,完整运动,circle_orbit,1,1.000000,2.500000,2.500000,,,,,,,,,,,,,,,,1.691382,0.423793,1.762420,0.496624,0.000000,0.000000,0.138731,,0.206068,0.000000,,,,0.250560,0.169151,2.500000,30.000664,32.826343,0.000000,circle,预设轨迹15,forward
1775480077.685812,17.097168,1775480100.062021|完整运动,完整运动,circle_orbit,1,1.000000,2.500000,2.500000,,,,,,,,,,,,,,,,1.692642,0.425846,1.768251,0.436624,0.000000,0.000000,0.147157,,0.199774,0.000000,,,,0.251587,0.169277,2.500000,30.033341,32.793665,0.000000,circle,预设轨迹15,forward
1775480077.713476,17.124832,1775480100.062021|完整运动,完整运动,circle_orbit,1,1.000000,2.500000,2.500000,,,,,,,,,,,,,,,,1.694102,0.437170,1.781693,0.496624,0.000000,0.000000,0.163790,,0.186454,0.000000,,,,0.258054,0.169423,2.500000,30.098913,32.728093,0.000000,circle,预设轨迹15,forward
1775480077.737118,17.148474,1775480100.062021|完整运动,完整运动,circle_orbit,1,1.000000,2.500000,2.500000,,,,,,,,,,,,,,,,1.695766,0.447792,1.795608,0.503555,0.000000,0.000000,0.179555,,0.173351,0.000000,,,,0.264065,0.169590,2.500000,30.164343,32.662663,0.000000,circle,预设轨迹15,forward
1775480077.758179,17.169534,1775480100.062021|完整运动,完整运动,circle_orbit,1,1.000000,2.500000,2.500000,,,,,,,,,,,,,,,,1.697519,0.447114,1.802692,0.443555,0.000000,0.000000,0.187222,,0.166864,0.000000,,,,0.263393,0.169765,2.500000,30.196863,32.630143,0.000000,circle,预设轨迹15,forward
1775480077.794004,17.205360,1775480100.062021|完整运动,完整运动,circle_orbit,1,1.000000,2.500000,2.500000,,,,,,,,,,,,,,,,1.699363,0.446121,1.810057,0.440908,0.000000,0.000000,0.194646,,0.160368,0.000000,,,,0.262522,0.169949,2.500000,30.229840,32.597167,0.000000,circle,预设轨迹15,forward
1775480077.824514,17.235870,1775480100.062021|完整运动,完整运动,circle_orbit,1,1.000000,2.500000,2.500000,,,,,,,,,,,,,,,,1.701419,0.454887,1.824769,0.500908,0.000000,0.000000,0.208905,,0.147704,0.000000,,,,0.267357,0.170155,2.500000,30.295662,32.531345,0.000000,circle,预设轨迹15,forward
1775480077.852114,17.263470,1775480100.062021|完整运动,完整运动,circle_orbit,1,1.000000,2.500000,2.500000,,,,,,,,,,,,,,,,1.703582,0.453252,1.833339,0.444668,0.000000,0.000000,0.215814,,0.140938,0.000000,,,,0.266058,0.170371,2.500000,30.328605,32.498402,0.000000,circle,预设轨迹15,forward
1775480077.892015,17.303371,1775480100.062021|完整运动,完整运动,circle_orbit,1,1.000000,2.500000,2.500000,,,,,,,,,,,,,,,,1.706036,0.460943,1.853267,0.501323,0.000000,0.000000,0.229112,,0.126454,0.000000,,,,0.270184,0.170617,2.500000,30.394597,32.432410,0.000000,circle,预设轨迹15,forward
1775480077.925712,17.337067,1775480100.062021|完整运动,完整运动,circle_orbit,1,1.000000,2.500000,2.500000,,,,,,,,,,,,,,,,1.708814,0.467199,1.875503,0.500039,0.000000,0.000000,0.241610,,0.111458,0.000000,,,,0.273405,0.170895,2.500000,30.461520,32.365486,0.000000,circle,预设轨迹15,forward
1775480077.953806,17.365162,1775480100.062021|完整运动,完整运动,circle_orbit,1,1.000000,2.500000,2.500000,,,,,,,,,,,,,,,,1.711747,0.464383,1.887717,0.449603,0.000000,0.000000,0.247687,,0.103637,0.000000,,,,0.271292,0.171188,2.500000,30.495129,32.331877,0.000000,circle,预设轨迹15,forward
1775480077.974365,17.385721,1775480100.062021|完整运动,完整运动,circle_orbit,1,1.000000,2.500000,2.500000,,,,,,,,,,,,,,,,1.715095,0.469860,1.915976,0.498612,0.000000,0.000000,0.259347,,0.086764,0.000000,,,,0.273956,0.171523,2.500000,30.561574,32.265433,0.000000,circle,预设轨迹15,forward
1775480077.996648,17.408003,1775480100.062021|完整运动,完整运动,circle_orbit,1,1.000000,2.500000,2.500000,,,,,,,,,,,,,,,,1.718655,0.466533,1.932239,0.449066,0.000000,0.000000,0.264758,,0.077736,0.000000,,,,0.271452,0.171879,2.500000,30.594704,32.232302,0.000000,circle,预设轨迹15,forward
1775480078.021536,17.432892,1775480100.062021|完整运动,完整运动,circle_orbit,1,1.000000,2.500000,2.500000,,,,,,,,,,,,,,,,1.722427,0.463430,1.948793,0.447142,0.000000,0.000000,0.269910,,0.068806,0.000000,,,,0.269057,0.172256,2.500000,30.627819,32.199187,0.000000,circle,预设轨迹15,forward
1775480078.060661,17.472017,1775480100.062021|完整运动,完整运动,circle_orbit,1,1.000000,2.500000,2.500000,,,,,,,,,,,,,,,,1.726394,0.460291,1.964415,0.443807,0.000000,0.000000,0.274654,,0.060532,0.000000,,,,0.266620,0.172653,2.500000,30.661141,32.165866,0.000000,circle,预设轨迹15,forward
1775480078.090686,17.502042,1775480100.062021|完整运动,完整运动,circle_orbit,1,1.000000,2.500000,2.500000,,,,,,,,,,,,,,,,1.730824,0.462938,1.996598,0.476839,0.000000,0.000000,0.283235,,0.044279,0.000000,,,,0.267467,0.173096,2.500000,30.727589,32.099418,0.000000,circle,预设轨迹15,forward
1775480078.123404,17.534760,1775480100.062021|完整运动,完整运动,circle_orbit,1,1.000000,2.500000,2.500000,,,,,,,,,,,,,,,,1.735756,0.463477,2.031653,0.466303,0.000000,0.000000,0.290316,,0.027943,0.000000,,,,0.267017,0.173589,2.500000,30.793372,32.033634,0.000000,circle,预设轨迹15,forward
1775480078.155946,17.567302,1775480100.062021|完整运动,完整运动,circle_orbit,1,1.000000,2.500000,2.500000,,,,,,,,,,,,,,,,1.740943,0.458789,2.052182,0.434176,0.000000,0.000000,0.293509,,0.018972,0.000000,,,,0.263529,0.174108,2.500000,30.826326,32.000680,0.000000,circle,预设轨迹15,forward
1775480078.188901,17.600257,1775480100.062021|完整运动,完整运动,circle_orbit,1,1.000000,2.500000,2.500000,,,,,,,,,,,,,,,,1.746683,0.458153,2.091117,0.454817,0.000000,0.000000,0.299222,,0.002510,0.000000,,,,0.262299,0.174682,2.500000,30.892781,31.934226,0.000000,circle,预设轨迹15,forward
1775480078.214898,17.626254,1775480100.062021|完整运动,完整运动,circle_orbit,1,1.000000,2.500000,2.500000,,,,,,,,,,,,,,,,1.751682,0.456274,2.051616,0.446406,0.000000,0.000000,0.303903,,-0.015024,0.000000,,,,0.260477,0.175182,2.500000,30.959789,31.867218,0.000000,circle,预设轨迹15,forward
1775480078.235295,17.646650,1775480100.062021|完整运动,完整运动,circle_orbit,1,1.000000,2.500000,2.500000,,,,,,,,,,,,,,,,1.756183,0.450949,2.026244,0.422994,0.000000,0.000000,0.305884,,-0.023768,0.000000,,,,0.256778,0.175632,2.500000,30.993220,31.833786,0.000000,circle,预设轨迹15,forward
1775480078.255764,17.667120,1775480100.062021|完整运动,完整运动,circle_orbit,1,1.000000,2.500000,2.500000,,,,,,,,,,,,,,,,1.760178,0.446056,1.999887,0.420367,0.000000,0.000000,0.307776,,-0.033174,0.000000,,,,0.253415,0.176031,2.500000,31.026478,31.800529,0.000000,circle,预设轨迹15,forward
1775480078.278154,17.689510,1775480100.062021|完整运动,完整运动,circle_orbit,1,1.000000,2.500000,2.500000,,,,,,,,,,,,,,,,1.763726,0.441119,1.976561,0.415203,0.000000,0.000000,0.309287,,-0.041790,0.000000,,,,0.250107,0.176386,2.500000,31.059933,31.767073,0.000000,circle,预设轨迹15,forward
1775480078.299181,17.710537,1775480100.062021|完整运动,完整运动,circle_orbit,1,1.000000,2.500000,2.500000,,,,,,,,,,,,,,,,1.766880,0.435828,1.956158,0.408047,0.000000,0.000000,0.310210,,-0.049666,0.000000,,,,0.246665,0.176702,2.500000,31.093534,31.733473,0.000000,circle,预设轨迹15,forward
1775480078.319927,17.731283,1775480100.062021|完整运动,完整运动,circle_orbit,1,1.000000,2.500000,2.500000,,,,,,,,,,,,,,,,1.769662,0.430396,1.936571,0.401882,0.000000,0.000000,0.310702,,-0.057548,0.000000,,,,0.243208,0.176980,2.500000,31.127333,31.699673,0.000000,circle,预设轨迹15,forward
1775480078.343908,17.755263,1775480100.062021|完整运动,完整运动,circle_orbit,1,1.000000,2.500000,2.500000,,,,,,,,,,,,,,,,1.772056,0.425171,1.915697,0.397735,0.000000,0.000000,0.311024,,-0.066211,0.000000,,,,0.239931,0.177219,2.500000,31.161157,31.665850,0.000000,circle,预设轨迹15,forward
1775480078.380347,17.791703,1775480100.062021|完整运动,完整运动,circle_orbit,1,1.000000,2.500000,2.500000,,,,,,,,,,,,,,,,1.773689,0.420254,1.871678,0.394440,0.000000,0.000000,0.311304,,-0.085281,0.000000,,,,0.236938,0.177383,2.500000,31.228225,31.598782,0.000000,circle,预设轨迹15,forward
1775480078.408721,17.820077,1775480100.062021|完整运动,完整运动,circle_orbit,1,1.000000,2.500000,2.500000,,,,,,,,,,,,,,,,1.774958,0.414695,1.851050,0.385512,0.000000,0.000000,0.310872,,-0.094757,0.000000,,,,0.233637,0.177509,2.500000,31.261786,31.565220,0.000000,circle,预设轨迹15,forward
1775480078.429830,17.841185,1775480100.062021|完整运动,完整运动,circle_orbit,1,1.000000,2.500000,2.500000,,,,,,,,,,,,,,,,1.775664,0.406774,1.818052,0.365191,0.000000,0.000000,0.308476,,-0.111036,0.000000,,,,0.229083,0.177580,2.500000,31.329845,31.497162,0.000000,circle,预设轨迹15,forward
1775480078.451910,17.863265,1775480100.062021|完整运动,完整运动,circle_orbit,1,1.000000,2.500000,2.500000,,,,,,,,,,,,,,,,1.776096,0.400261,1.802038,0.366067,0.000000,0.000000,0.306699,,-0.119385,0.000000,,,,0.225360,0.177623,2.500000,31.364194,31.462812,0.000000,circle,预设轨迹15,forward
1775480078.477561,17.888917,1775480100.062021|完整运动,完整运动,circle_orbit,1,1.000000,2.500000,2.500000,,,,,,,,,,,,,,,,1.776522,0.396635,1.802038,0.377597,0.000000,0.000000,0.306699,,-0.119385,0.000000,,,,0.223265,0.177666,2.500000,31.364194,31.462812,0.000000,circle,预设轨迹15,forward
1775480078.504368,17.915723,1775480100.062021|完整运动,完整运动,circle_orbit,1,1.000000,2.500000,2.500000,,,,,,,,,,,,,,,,1.776379,0.388544,1.767849,0.346069,0.000000,0.000000,0.303390,,-0.137477,0.000000,,,,0.218728,0.177652,2.500000,31.431980,31.395026,0.000000,circle,预设轨迹15,forward
1775480078.539462,17.950818,1775480100.062021|完整运动,完整运动,circle_orbit,1,1.000000,2.500000,2.500000,,,,,,,,,,,,,,,,1.775990,0.382743,1.752616,0.352290,0.000000,0.000000,0.301369,,-0.145968,0.000000,,,,0.215510,0.177613,2.500000,31.465997,31.361009,0.000000,circle,预设轨迹15,forward
1775480078.571598,17.982953,1775480100.062021|完整运动,完整运动,circle_orbit,1,1.000000,2.500000,2.500000,,,,,,,,,,,,,,,,1.775205,0.372119,1.728137,0.316339,0.000000,0.000000,0.295669,,-0.160876,0.000000,,,,0.209620,0.177534,2.500000,31.534741,31.292265,0.000000,circle,预设轨迹15,forward
1775480078.592102,18.003457,1775480100.062021|完整运动,完整运动,circle_orbit,1,1.000000,2.500000,2.500000,,,,,,,,,,,,,,,,1.774082,0.359168,1.706671,0.291174,0.000000,0.000000,0.287817,,-0.175389,0.000000,,,,0.202453,0.177422,2.500000,31.604067,31.222939,0.000000,circle,预设轨迹15,forward
1775480078.613545,18.024901,1775480100.062021|完整运动,完整运动,circle_orbit,1,1.000000,2.500000,2.500000,,,,,,,,,,,,,,,,1.772817,0.351760,1.696895,0.312867,0.000000,0.000000,0.283369,,-0.182443,0.000000,,,,0.198418,0.177295,2.500000,31.638577,31.188430,0.000000,circle,预设轨迹15,forward
1775480078.647631,18.058987,1775480100.062021|完整运动,完整运动,circle_orbit,1,1.000000,2.500000,2.500000,,,,,,,,,,,,,,,,1.771408,0.344605,1.686885,0.307046,0.000000,0.000000,0.278871,,-0.189706,0.000000,,,,0.194538,0.177154,2.500000,31.672837,31.154170,0.000000,circle,预设轨迹15,forward
1775480078.668250,18.079606,1775480100.062021|完整运动,完整运动,circle_orbit,1,1.000000,2.500000,2.500000,,,,,,,,,,,,,,,,1.769859,0.336781,1.676940,0.295705,0.000000,0.000000,0.273682,,-0.197275,0.000000,,,,0.190287,0.177000,2.500000,31.707437,31.119570,0.000000,circle,预设轨迹15,forward
1775480078.688858,18.100214,1775480100.062021|完整运动,完整运动,circle_orbit,1,1.000000,2.500000,2.500000,,,,,,,,,,,,,,,,1.768004,0.321804,1.656713,0.243173,0.000000,0.000000,0.263103,,-0.212883,0.000000,,,,0.182015,0.176814,2.500000,31.776627,31.050380,0.000000,circle,预设轨迹15,forward
1775480078.712475,18.123831,1775480100.062021|完整运动,完整运动,circle_orbit,1,1.000000,2.500000,2.500000,,,,,,,,,,,,,,,,1.766003,0.315064,1.645902,0.279676,0.000000,0.000000,0.257819,,-0.221192,0.000000,,,,0.178405,0.176614,2.500000,31.811094,31.015913,0.000000,circle,预设轨迹15,forward
1775480078.742669,18.154025,1775480100.062021|完整运动,完整运动,circle_orbit,1,1.000000,2.500000,2.500000,,,,,,,,,,,,,,,,1.763903,0.308278,1.637936,0.272656,0.000000,0.000000,0.252373,,-0.227987,0.000000,,,,0.174771,0.176404,2.500000,31.845379,30.981627,0.000000,circle,预设轨迹15,forward
1775480078.777236,18.188592,1775480100.062021|完整运动,完整运动,circle_orbit,1,1.000000,2.500000,2.500000,,,,,,,,,,,,,,,,1.761700,0.301663,1.629494,0.266934,0.000000,0.000000,0.246920,,-0.235111,0.000000,,,,0.171234,0.176184,2.500000,31.879515,30.947492,0.000000,circle,预设轨迹15,forward
1775480078.804879,18.216235,1775480100.062021|完整运动,完整运动,circle_orbit,1,1.000000,2.500000,2.500000,,,,,,,,,,,,,,,,1.759320,0.286507,1.616545,0.206934,0.000000,0.000000,0.234906,,-0.247598,0.000000,,,,0.162851,0.175946,2.500000,31.947493,30.879513,0.000000,circle,预设轨迹15,forward
1775480078.835608,18.246964,1775480100.062021|完整运动,完整运动,circle_orbit,1,1.000000,2.500000,2.500000,,,,,,,,,,,,,,,,1.756918,0.279475,1.612783,0.242561,0.000000,0.000000,0.228440,,-0.252440,0.000000,,,,0.159071,0.175705,2.500000,31.981646,30.845361,0.000000,circle,预设轨迹15,forward
1775480078.858190,18.269546,1775480100.062021|完整运动,完整运动,circle_orbit,1,1.000000,2.500000,2.500000,,,,,,,,,,,,,,,,1.754416,0.263969,1.604313,0.182561,0.000000,0.000000,0.214240,,-0.263234,0.000000,,,,0.150460,0.175455,2.500000,32.049708,30.777298,0.000000,circle,预设轨迹15,forward
1775480078.878873,18.290229,1775480100.062021|完整运动,完整运动,circle_orbit,1,1.000000,2.500000,2.500000,,,,,,,,,,,,,,,,1.751863,0.256529,1.598683,0.217470,0.000000,0.000000,0.206881,,-0.269608,0.000000,,,,0.146432,0.175200,2.500000,32.083674,30.743333,0.000000,circle,预设轨迹15,forward
1775480078.910637,18.321993,1775480100.062021|完整运动,完整运动,circle_orbit,1,1.000000,2.500000,2.500000,,,,,,,,,,,,,,,,1.749271,0.248586,1.593718,0.206885,0.000000,0.000000,0.199046,,-0.275787,0.000000,,,,0.142108,0.174941,2.500000,32.117574,30.709433,0.000000,circle,预设轨迹15,forward
1775480078.933750,18.345106,1775480100.062021|完整运动,完整运动,circle_orbit,1,1.000000,2.500000,2.500000,,,,,,,,,,,,,,,,1.746673,0.240147,1.590788,0.195840,0.000000,0.000000,0.190708,,-0.280928,0.000000,,,,0.137488,0.174681,2.500000,32.151979,30.675027,0.000000,circle,预设轨迹15,forward
1775480078.966988,18.378344,1775480100.062021|完整运动,完整运动,circle_orbit,1,1.000000,2.500000,2.500000,,,,,,,,,,,,,,,,1.744018,0.223458,1.584738,0.135840,0.000000,0.000000,0.173200,,-0.291682,0.000000,,,,0.128128,0.174415,2.500000,32.220056,30.606951,0.000000,circle,预设轨迹15,forward
1775480078.992417,18.403773,1775480100.062021|完整运动,完整运动,circle_orbit,1,1.000000,2.500000,2.500000,,,,,,,,,,,,,,,,1.741329,0.215513,1.580004,0.173805,0.000000,0.000000,0.164638,,-0.298061,0.000000,,,,0.123764,0.174146,2.500000,32.253941,30.573065,0.000000,circle,预设轨迹15,forward
1775480079.012755,18.424110,1775480100.062021|完整运动,完整运动,circle_orbit,1,1.000000,2.500000,2.500000,,,,,,,,,,,,,,,,1.738559,0.199240,1.572378,0.113805,0.000000,0.000000,0.147769,,-0.309606,0.000000,,,,0.114601,0.173869,2.500000,32.321283,30.505724,0.000000,circle,预设轨迹15,forward
1775480079.038478,18.449834,1775480100.062021|完整运动,完整运动,circle_orbit,1,1.000000,2.500000,2.500000,,,,,,,,,,,,,,,,1.735797,0.191843,1.570041,0.153011,0.000000,0.000000,0.139039,,-0.314577,0.000000,,,,0.110522,0.173593,2.500000,32.354805,30.472202,0.000000,circle,预设轨迹15,forward
1775480079.066616,18.477972,1775480100.062021|完整运动,完整运动,circle_orbit,1,1.000000,2.500000,2.500000,,,,,,,,,,,,,,,,1.733074,0.184444,1.569688,0.145598,0.000000,0.000000,0.130230,,-0.318325,0.000000,,,,0.106426,0.173321,2.500000,32.388433,30.438573,0.000000,circle,预设轨迹15,forward
1775480079.089126,18.500482,1775480100.062021|完整运动,完整运动,circle_orbit,1,1.000000,2.500000,2.500000,,,,,,,,,,,,,,,,1.730403,0.176434,1.570180,0.134381,0.000000,0.000000,0.120898,,-0.321746,0.000000,,,,0.101961,0.173054,2.500000,32.422251,30.404755,0.000000,circle,预设轨迹15,forward
1775480079.109842,18.521198,1775480100.062021|完整运动,完整运动,circle_orbit,1,1.000000,2.500000,2.500000,,,,,,,,,,,,,,,,1.727776,0.160105,1.570140,0.074381,0.000000,0.000000,0.101850,,-0.329391,0.000000,,,,0.092666,0.172791,2.500000,32.489079,30.337928,0.000000,circle,预设轨迹15,forward
1775480079.131017,18.542373,1775480100.062021|完整运动,完整运动,circle_orbit,1,1.000000,2.500000,2.500000,,,,,,,,,,,,,,,,1.725192,0.155990,1.570140,0.134381,0.000000,0.000000,0.101850,,-0.329391,0.000000,,,,0.090419,0.172533,2.500000,32.489079,30.337928,0.000000,circle,预设轨迹15,forward
1775480079.165628,18.576984,1775480100.062021|完整运动,完整运动,circle_orbit,1,1.000000,2.500000,2.500000,,,,,,,,,,,,,,,,1.722673,0.148795,1.571555,0.111022,0.000000,0.000000,0.092226,,-0.332345,0.000000,,,,0.086374,0.172281,2.500000,32.522287,30.304719,0.000000,circle,预设轨迹15,forward
1775480079.192188,18.603544,1775480100.062021|完整运动,完整运动,circle_orbit,1,1.000000,2.500000,2.500000,,,,,,,,,,,,,,,,1.720274,0.133151,1.576323,0.051022,0.000000,0.000000,0.061086,,-0.341794,0.000000,,,,0.077401,0.172041,2.500000,32.621864,30.205143,0.000000,circle,预设轨迹15,forward
1775480079.213181,18.624537,1775480100.062021|完整运动,完整运动,circle_orbit,1,1.000000,2.500000,2.500000,,,,,,,,,,,,,,,,1.717961,0.122906,1.579182,0.069117,0.000000,0.000000,0.049894,,-0.344477,0.000000,,,,0.071542,0.171809,2.500000,32.655106,30.171900,0.000000,circle,预设轨迹15,forward
1775480079.234220,18.645576,1775480100.062021|完整运动,完整运动,circle_orbit,1,1.000000,2.500000,2.500000,,,,,,,,,,,,,,,,1.715748,0.112889,1.582973,0.060301,0.000000,0.000000,0.038563,,-0.346640,0.000000,,,,0.065796,0.171588,2.500000,32.688203,30.138803,0.000000,circle,预设轨迹15,forward
1775480079.259500,18.670856,1775480100.062021|完整运动,完整运动,circle_orbit,1,1.000000,2.500000,2.500000,,,,,,,,,,,,,,,,1.713631,0.103607,1.586614,0.054879,0.000000,0.000000,0.027486,,-0.348806,0.000000,,,,0.060461,0.171376,2.500000,32.721287,30.105720,0.000000,circle,预设轨迹15,forward
1775480079.290117,18.701473,1775480100.062021|完整运动,完整运动,circle_orbit,1,1.000000,2.500000,2.500000,,,,,,,,,,,,,,,,1.711612,0.094804,1.590469,0.048585,0.000000,0.000000,0.016530,,-0.350802,0.000000,,,,0.055389,0.171174,2.500000,32.754287,30.072720,0.000000,circle,预设轨迹15,forward
1775480079.320207,18.731563,1775480100.062021|完整运动,完整运动,circle_orbit,1,1.000000,2.500000,2.500000,,,,,,,,,,,,,,,,1.709699,0.086100,1.594902,0.040402,0.000000,0.000000,0.005459,,-0.352500,0.000000,,,,0.050360,0.170983,2.500000,32.787372,30.039634,0.000000,circle,预设轨迹15,forward
1775480079.341290,18.752646,1775480100.062021|完整运动,完整运动,circle_orbit,1,1.000000,2.500000,2.500000,,,,,,,,,,,,,,,,1.707609,0.069188,1.582199,-0.019598,0.000000,0.000000,-0.016410,,-0.355985,0.000000,,,,0.040518,0.170774,2.500000,32.853644,29.973363,0.000000,circle,预设轨迹15,forward
1775480079.362358,18.773713,1775480100.062021|完整运动,完整运动,circle_orbit,1,1.000000,2.500000,2.500000,,,,,,,,,,,,,,,,1.705410,0.060907,1.573474,0.017429,0.000000,0.000000,-0.027643,,-0.356968,0.000000,,,,0.035714,0.170554,2.500000,32.886943,29.940063,0.000000,circle,预设轨迹15,forward
1775480079.384593,18.795949,1775480100.062021|完整运动,完整运动,circle_orbit,1,1.000000,2.500000,2.500000,,,,,,,,,,,,,,,,1.703111,0.052749,1.565157,0.009923,0.000000,0.000000,-0.038930,,-0.357729,0.000000,,,,0.030972,0.170324,2.500000,32.920148,29.906858,0.000000,circle,预设轨迹15,forward
1775480079.405017,18.816372,1775480100.062021|完整运动,完整运动,circle_orbit,1,1.000000,2.500000,2.500000,,,,,,,,,,,,,,,,1.700717,0.044515,1.557086,0.001283,0.000000,0.000000,-0.050408,,-0.358313,0.000000,,,,0.026174,0.170085,2.500000,32.953593,29.873413,0.000000,circle,预设轨迹15,forward
1775480079.425764,18.837120,1775480100.062021|完整运动,完整运动,circle_orbit,1,1.000000,2.500000,2.500000,,,,,,,,,,,,,,,,1.698240,0.036680,1.549611,-0.004451,0.000000,0.000000,-0.061734,,-0.358622,0.000000,,,,0.021599,0.169837,2.500000,32.986593,29.840414,0.000000,circle,预设轨迹15,forward
1775480079.448853,18.860208,1775480100.062021|完整运动,完整运动,circle_orbit,1,1.000000,2.500000,2.500000,,,,,,,,,,,,,,,,1.695688,0.028486,1.542594,-0.014535,0.000000,0.000000,-0.073433,,-0.358528,0.000000,,,,0.016799,0.169582,2.500000,33.019788,29.807219,0.000000,circle,预设轨迹15,forward
1775480079.470061,18.881417,1775480100.062021|完整运动,完整运动,circle_orbit,1,1.000000,2.500000,2.500000,,,,,,,,,,,,,,,,1.692951,0.012002,1.528709,-0.074535,0.000000,0.000000,-0.097549,,-0.358081,0.000000,,,,0.007090,0.169308,2.500000,33.085899,29.741108,0.000000,circle,预设轨迹15,forward
1775480079.491062,18.902418,1775480100.062021|完整运动,完整运动,circle_orbit,1,1.000000,2.500000,2.500000,,,,,,,,,,,,,,,,1.690146,0.003622,1.521838,-0.040373,0.000000,0.000000,-0.109648,,-0.357857,0.000000,,,,0.002143,0.169028,2.500000,33.118977,29.708029,0.000000,circle,预设轨迹15,forward
1775480079.519115,18.930471,1775480100.062021|完整运动,完整运动,circle_orbit,1,1.000000,2.500000,2.500000,,,,,,,,,,,,,,,,1.687264,-0.004239,1.514400,-0.045510,0.000000,0.000000,-0.121524,,-0.358149,0.000000,,,,0.002512,0.168739,2.500000,33.151967,29.675039,0.000000,circle,预设轨迹15,forward
1775480079.552840,18.964195,1775480100.062021|完整运动,完整运动,circle_orbit,1,1.000000,2.500000,2.500000,,,,,,,,,,,,,,,,1.684319,-0.011428,1.507579,-0.049171,0.000000,0.000000,-0.133031,,-0.358213,0.000000,,,,0.006785,0.168445,2.500000,33.184918,29.642089,0.000000,circle,预设轨迹15,forward
1775480079.581671,18.993027,1775480100.062021|完整运动,完整运动,circle_orbit,1,1.000000,2.500000,2.500000,,,,,,,,,,,,,,,,1.681251,-0.027067,1.497184,-0.109171,0.000000,0.000000,-0.155906,,-0.356259,0.000000,,,,0.016099,0.168138,2.500000,33.250803,29.576204,0.000000,circle,预设轨迹15,forward
1775480079.610537,19.021893,1775480100.062021|完整运动,完整运动,circle_orbit,1,1.000000,2.500000,2.500000,,,,,,,,,,,,,,,,1.678155,-0.033469,1.492398,-0.067079,0.000000,0.000000,-0.167101,,-0.355127,0.000000,,,,0.019944,0.167828,2.500000,33.283591,29.543415,0.000000,circle,预设轨迹15,forward
1775480079.636438,19.047793,1775480100.062021|完整运动,完整运动,circle_orbit,1,1.000000,2.500000,2.500000,,,,,,,,,,,,,,,,1.675035,-0.039857,1.487806,-0.073395,0.000000,0.000000,-0.178323,,-0.353869,0.000000,,,,0.023795,0.167516,2.500000,33.316218,29.510789,0.000000,circle,预设轨迹15,forward
1775480079.656947,19.068303,1775480100.062021|完整运动,完整运动,circle_orbit,1,1.000000,2.500000,2.500000,,,,,,,,,,,,,,,,1.671821,-0.054823,1.479004,-0.133395,0.000000,0.000000,-0.200330,,-0.351316,0.000000,,,,0.032792,0.167195,2.500000,33.381007,29.446000,0.000000,circle,预设轨迹15,forward
1775480079.686296,19.097652,1775480100.062021|完整运动,完整运动,circle_orbit,1,1.000000,2.500000,2.500000,,,,,,,,,,,,,,,,1.668660,-0.057795,1.479004,-0.073395,0.000000,0.000000,-0.200330,,-0.351316,0.000000,,,,0.034635,0.166879,2.500000,33.381007,29.446000,0.000000,circle,预设轨迹15,forward
1775480079.715605,19.126961,1775480100.062021|完整运动,完整运动,circle_orbit,1,1.000000,2.500000,2.500000,,,,,,,,,,,,,,,,1.665453,-0.069891,1.473001,-0.133395,0.000000,0.000000,-0.222403,,-0.346792,0.000000,,,,0.041965,0.166558,2.500000,33.446042,29.380964,0.000000,circle,预设轨迹15,forward
1775480079.737759,19.149115,1775480100.062021|完整运动,完整运动,circle_orbit,1,1.000000,2.500000,2.500000,,,,,,,,,,,,,,,,1.662177,-0.089651,1.465654,-0.193395,0.000000,0.000000,-0.244349,,-0.343330,0.000000,,,,0.053936,0.166231,2.500000,33.511150,29.315856,0.000000,circle,预设轨迹15,forward
1775480079.761166,19.172522,1775480100.062021|完整运动,完整运动,circle_orbit,1,1.000000,2.500000,2.500000,,,,,,,,,,,,,,,,1.658900,-0.096650,1.462243,-0.133395,0.000000,0.000000,-0.255254,,-0.341455,0.000000,,,,0.058262,0.165903,2.500000,33.543699,29.283307,0.000000,circle,预设轨迹15,forward
1775480079.794191,19.205547,1775480100.062021|完整运动,完整运动,circle_orbit,1,1.000000,2.500000,2.500000,,,,,,,,,,,,,,,,1.655636,-0.100389,1.459849,-0.120016,0.000000,0.000000,-0.266202,,-0.338827,0.000000,,,,0.060634,0.165576,2.500000,33.576627,29.250380,0.000000,circle,预设轨迹15,forward
1775480079.815491,19.226846,1775480100.062021|完整运动,完整运动,circle_orbit,1,1.000000,2.500000,2.500000,,,,,,,,,,,,,,,,1.652351,-0.113129,1.455222,-0.180016,0.000000,0.000000,-0.287625,,-0.333660,0.000000,,,,0.068465,0.165248,2.500000,33.642363,29.184644,0.000000,circle,预设轨迹15,forward
1775480079.842635,19.253991,1775480100.062021|完整运动,完整运动,circle_orbit,1,1.000000,2.500000,2.500000,,,,,,,,,,,,,,,,1.649119,-0.114231,1.455222,-0.120016,0.000000,0.000000,-0.287625,,-0.333660,0.000000,,,,0.069268,0.164925,2.500000,33.642363,29.184644,0.000000,circle,预设轨迹15,forward
1775480079.877578,19.288934,1775480100.062021|完整运动,完整运动,circle_orbit,1,1.000000,2.500000,2.500000,,,,,,,,,,,,,,,,1.645901,-0.124756,1.452819,-0.180016,0.000000,0.000000,-0.308755,,-0.326984,0.000000,,,,0.075798,0.164603,2.500000,33.707805,29.119202,0.000000,circle,预设轨迹15,forward
1775480079.899406,19.310762,1775480100.062021|完整运动,完整运动,circle_orbit,1,1.000000,2.500000,2.500000,,,,,,,,,,,,,,,,1.642718,-0.142911,1.451691,-0.238223,0.000000,0.000000,-0.330188,,-0.319246,0.000000,,,,0.086997,0.164284,2.500000,33.773640,29.053367,0.000000,circle,预设轨迹15,forward
1775480079.919886,19.331242,1775480100.062021|完整运动,完整运动,circle_orbit,1,1.000000,2.500000,2.500000,,,,,,,,,,,,,,,,1.639579,-0.148561,1.451260,-0.178223,0.000000,0.000000,-0.340642,,-0.315384,0.000000,,,,0.090609,0.163971,2.500000,33.806727,29.020279,0.000000,circle,预设轨迹15,forward
1775480079.949321,19.360677,1775480100.062021|完整运动,完整运动,circle_orbit,1,1.000000,2.500000,2.500000,,,,,,,,,,,,,,,,1.636478,-0.149866,1.450440,-0.156717,0.000000,0.000000,-0.350728,,-0.311957,0.000000,,,,0.091578,0.163660,2.500000,33.839862,28.987145,0.000000,circle,预设轨迹15,forward
1775480079.979098,19.390453,1775480100.062021|完整运动,完整运动,circle_orbit,1,1.000000,2.500000,2.500000,,,,,,,,,,,,,,,,1.633416,-0.151003,1.449685,-0.156972,0.000000,0.000000,-0.360343,,-0.308672,0.000000,,,,0.092446,0.163354,2.500000,33.872920,28.954087,0.000000,circle,预设轨迹15,forward
1775480080.003833,19.415189,1775480100.062021|完整运动,完整运动,circle_orbit,1,1.000000,2.500000,2.500000,,,,,,,,,,,,,,,,1.630439,-0.161558,1.451799,-0.216972,0.000000,0.000000,-0.379359,,-0.299496,0.000000,,,,0.099089,0.163056,2.500000,33.939326,28.887680,0.000000,circle,预设轨迹15,forward
1775480080.024433,19.435789,1775480100.062021|完整运动,完整运动,circle_orbit,1,1.000000,2.500000,2.500000,,,,,,,,,,,,,,,,1.627522,-0.162729,1.452492,-0.168877,0.000000,0.000000,-0.388715,,-0.295240,0.000000,,,,0.099986,0.162765,2.500000,33.972631,28.854376,0.000000,circle,预设轨迹15,forward
1775480080.050841,19.462197,1775480100.062021|完整运动,完整运动,circle_orbit,1,1.000000,2.500000,2.500000,,,,,,,,,,,,,,,,1.624665,-0.164014,1.453269,-0.170758,0.000000,0.000000,-0.397866,,-0.291004,0.000000,,,,0.100952,0.162479,2.500000,34.006090,28.820916,0.000000,circle,预设轨迹15,forward
1775480080.082699,19.494055,1775480100.062021|完整运动,完整运动,circle_orbit,1,1.000000,2.500000,2.500000,,,,,,,,,,,,,,,,1.621905,-0.174693,1.456337,-0.230758,0.000000,0.000000,-0.415540,,-0.281668,0.000000,,,,0.107708,0.162203,2.500000,34.073047,28.753960,0.000000,circle,预设轨迹15,forward
1775480080.109437,19.520793,1775480100.062021|完整运动,完整运动,circle_orbit,1,1.000000,2.500000,2.500000,,,,,,,,,,,,,,,,1.619223,-0.175545,1.458269,-0.180022,0.000000,0.000000,-0.424306,,-0.276741,0.000000,,,,0.108413,0.161935,2.500000,34.106730,28.720276,0.000000,circle,预设轨迹15,forward
1775480080.130780,19.542135,1775480100.062021|完整运动,完整运动,circle_orbit,1,1.000000,2.500000,2.500000,,,,,,,,,,,,,,,,1.616640,-0.185862,1.461666,-0.240022,0.000000,0.000000,-0.441627,,-0.267321,0.000000,,,,0.114968,0.161676,2.500000,34.174297,28.652710,0.000000,circle,预设轨迹15,forward
1775480080.158135,19.569491,1775480100.062021|完整运动,完整运动,circle_orbit,1,1.000000,2.500000,2.500000,,,,,,,,,,,,,,,,1.614099,-0.184927,1.461666,-0.180022,0.000000,0.000000,-0.441627,,-0.267321,0.000000,,,,0.114570,0.161422,2.500000,34.174297,28.652710,0.000000,circle,预设轨迹15,forward
1775480080.179855,19.591210,1775480100.062021|完整运动,完整运动,circle_orbit,1,1.000000,2.500000,2.500000,,,,,,,,,,,,,,,,1.611681,-0.193743,1.466561,-0.240022,0.000000,0.000000,-0.459228,,-0.256712,0.000000,,,,0.120212,0.161181,2.500000,34.240793,28.586214,0.000000,circle,预设轨迹15,forward
1775480080.200311,19.611667,1775480100.062021|完整运动,完整运动,circle_orbit,1,1.000000,2.500000,2.500000,,,,,,,,,,,,,,,,1.609332,-0.194307,1.468430,-0.197271,0.000000,0.000000,-0.467911,,-0.251882,0.000000,,,,0.120738,0.160946,2.500000,34.273993,28.553014,0.000000,circle,预设轨迹15,forward
1775480080.230878,19.642234,1775480100.062021|完整运动,完整运动,circle_orbit,1,1.000000,2.500000,2.500000,,,,,,,,,,,,,,,,1.607061,-0.194825,1.470798,-0.197544,0.000000,0.000000,-0.476290,,-0.246818,0.000000,,,,0.121231,0.160719,2.500000,34.307350,28.519656,0.000000,circle,预设轨迹15,forward
1775480080.258090,19.669446,1775480100.062021|完整运动,完整运动,circle_orbit,1,1.000000,2.500000,2.500000,,,,,,,,,,,,,,,,1.604870,-0.195293,1.473401,-0.197752,0.000000,0.000000,-0.484384,,-0.241704,0.000000,,,,0.121688,0.160499,2.500000,34.341024,28.485982,0.000000,circle,预设轨迹15,forward
1775480080.286995,19.698350,1775480100.062021|完整运动,完整运动,circle_orbit,1,1.000000,2.500000,2.500000,,,,,,,,,,,,,,,,1.602827,-0.205287,1.480227,-0.257752,0.000000,0.000000,-0.499309,,-0.230842,0.000000,,,,0.128078,0.160295,2.500000,34.408955,28.418052,0.000000,circle,预设轨迹15,forward
1775480080.307360,19.718715,1775480100.062021|完整运动,完整运动,circle_orbit,1,1.000000,2.500000,2.500000,,,,,,,,,,,,,,,,1.600880,-0.204299,1.484097,-0.199112,0.000000,0.000000,-0.506467,,-0.225226,0.000000,,,,0.127617,0.160100,2.500000,34.443085,28.383921,0.000000,circle,预设轨迹15,forward
1775480080.336250,19.747606,1775480100.062021|完整运动,完整运动,circle_orbit,1,1.000000,2.500000,2.500000,,,,,,,,,,,,,,,,1.599032,-0.203258,1.488100,-0.197792,0.000000,0.000000,-0.513271,,-0.219672,0.000000,,,,0.127113,0.159915,2.500000,34.477268,28.349738,0.000000,circle,预设轨迹15,forward
1775480080.357700,19.769056,1775480100.062021|完整运动,完整运动,circle_orbit,1,1.000000,2.500000,2.500000,,,,,,,,,,,,,,,,1.597361,-0.211545,1.497099,-0.255086,0.000000,0.000000,-0.526533,,-0.208055,0.000000,,,,0.132434,0.159748,2.500000,34.546030,28.280976,0.000000,circle,预设轨迹15,forward
1775480080.378089,19.789444,1775480100.062021|完整运动,完整运动,circle_orbit,1,1.000000,2.500000,2.500000,,,,,,,,,,,,,,,,1.595793,-0.209716,1.501757,-0.200098,0.000000,0.000000,-0.532766,,-0.202325,0.000000,,,,0.131418,0.159592,2.500000,34.580266,28.246740,0.000000,circle,预设轨迹15,forward
1775480080.404150,19.815505,1775480100.062021|完整运动,完整运动,circle_orbit,1,1.000000,2.500000,2.500000,,,,,,,,,,,,,,,,1.594252,-0.199749,1.501757,-0.147344,0.000000,0.000000,-0.532766,,-0.202325,0.000000,,,,0.125293,0.159437,2.500000,34.580266,28.246740,0.000000,circle,预设轨迹15,forward
1775480080.429429,19.840785,1775480100.062021|完整运动,完整运动,circle_orbit,1,1.000000,2.500000,2.500000,,,,,,,,,,,,,,,,1.592933,-0.200962,1.513835,-0.207344,0.000000,0.000000,-0.545356,,-0.188988,0.000000,,,,0.126159,0.159306,2.500000,34.648905,28.178102,0.000000,circle,预设轨迹15,forward
1775480080.449876,19.861232,1775480100.062021|完整运动,完整运动,circle_orbit,1,1.000000,2.500000,2.500000,,,,,,,,,,,,,,,,1.591828,-0.209898,1.525490,-0.256913,0.000000,0.000000,-0.557792,,-0.176127,0.000000,,,,0.131860,0.159195,2.500000,34.717983,28.109023,0.000000,circle,预设轨迹15,forward
1775480080.477095,19.888450,1775480100.062021|完整运动,完整运动,circle_orbit,1,1.000000,2.500000,2.500000,,,,,,,,,,,,,,,,1.590740,-0.207825,1.525490,-0.196913,0.000000,0.000000,-0.557792,,-0.176127,0.000000,,,,0.130647,0.159086,2.500000,34.717983,28.109023,0.000000,circle,预设轨迹15,forward
1775480080.509950,19.921306,1775480100.062021|完整运动,完整运动,circle_orbit,1,1.000000,2.500000,2.500000,,,,,,,,,,,,,,,,1.589773,-0.207243,1.531708,-0.204179,0.000000,0.000000,-0.563879,,-0.169534,0.000000,,,,0.130360,0.158990,2.500000,34.752124,28.074883,0.000000,circle,预设轨迹15,forward
1775480080.540519,19.951874,1775480100.062021|完整运动,完整运动,circle_orbit,1,1.000000,2.500000,2.500000,,,,,,,,,,,,,,,,1.589025,-0.215237,1.544198,-0.257330,0.000000,0.000000,-0.576016,,-0.156428,0.000000,,,,0.135452,0.158915,2.500000,34.820209,28.006798,0.000000,circle,预设轨迹15,forward
1775480080.565166,19.976522,1775480100.062021|完整运动,完整运动,circle_orbit,1,1.000000,2.500000,2.500000,,,,,,,,,,,,,,,,1.588533,-0.220688,1.558965,-0.249394,0.000000,0.000000,-0.586665,,-0.142584,0.000000,,,,0.138926,0.158866,2.500000,34.888895,27.938112,0.000000,circle,预设轨迹15,forward
1775480080.585529,19.996885,1775480100.062021|完整运动,完整运动,circle_orbit,1,1.000000,2.500000,2.500000,,,,,,,,,,,,,,,,1.588179,-0.217413,1.566957,-0.200167,0.000000,0.000000,-0.591153,,-0.135676,0.000000,,,,0.136895,0.158830,2.500000,34.923473,27.903534,0.000000,circle,预设轨迹15,forward
1775480080.613416,20.024771,1775480100.062021|完整运动,完整运动,circle_orbit,1,1.000000,2.500000,2.500000,,,,,,,,,,,,,,,,1.587980,-0.214334,1.576025,-0.198115,0.000000,0.000000,-0.595427,,-0.128229,0.000000,,,,0.134973,0.158810,2.500000,34.957881,27.869125,0.000000,circle,预设轨迹15,forward
1775480080.645613,20.056968,1775480100.062021|完整运动,完整运动,circle_orbit,1,1.000000,2.500000,2.500000,,,,,,,,,,,,,,,,1.587936,-0.211145,1.585301,-0.194351,0.000000,0.000000,-0.599303,,-0.120877,0.000000,,,,0.132968,0.158806,2.500000,34.991985,27.835021,0.000000,circle,预设轨迹15,forward
1775480080.681223,20.092579,1775480100.062021|完整运动,完整运动,circle_orbit,1,1.000000,2.500000,2.500000,,,,,,,,,,,,,,,,1.588237,-0.212456,1.606288,-0.219360,0.000000,0.000000,-0.606155,,-0.105259,0.000000,,,,0.133769,0.158836,2.500000,35.060126,27.766880,0.000000,circle,预设轨迹15,forward
1775480080.711703,20.123059,1775480100.062021|完整运动,完整运动,circle_orbit,1,1.000000,2.500000,2.500000,,,,,,,,,,,,,,,,1.588905,-0.213269,1.628981,-0.217550,0.000000,0.000000,-0.612645,,-0.089111,0.000000,,,,0.134224,0.158903,2.500000,35.128730,27.698276,0.000000,circle,预设轨迹15,forward
1775480080.737601,20.148957,1775480100.062021|完整运动,完整运动,circle_orbit,1,1.000000,2.500000,2.500000,,,,,,,,,,,,,,,,1.589934,-0.214189,1.651710,-0.219029,0.000000,0.000000,-0.619184,,-0.073296,0.000000,,,,0.134715,0.159006,2.500000,35.197523,27.629484,0.000000,circle,预设轨迹15,forward
1775480080.760526,20.171882,1775480100.062021|完整运动,完整运动,circle_orbit,1,1.000000,2.500000,2.500000,,,,,,,,,,,,,,,,1.591124,-0.210057,1.662529,-0.188314,0.000000,0.000000,-0.622029,,-0.066003,0.000000,,,,0.132018,0.159125,2.500000,35.231942,27.595064,0.000000,circle,预设轨迹15,forward
1775480080.787176,20.198532,1775480100.062021|完整运动,完整运动,circle_orbit,1,1.000000,2.500000,2.500000,,,,,,,,,,,,,,,,1.592502,-0.206143,1.675149,-0.185555,0.000000,0.000000,-0.624704,,-0.057852,0.000000,,,,0.129446,0.159262,2.500000,35.266458,27.560548,0.000000,circle,预设轨迹15,forward
1775480080.823787,20.235142,1775480100.062021|完整运动,完整运动,circle_orbit,1,1.000000,2.500000,2.500000,,,,,,,,,,,,,,,,1.594069,-0.202325,1.688085,-0.182247,0.000000,0.000000,-0.627155,,-0.049724,0.000000,,,,0.126924,0.159419,2.500000,35.300573,27.526433,0.000000,circle,预设轨迹15,forward
1775480080.852941,20.264297,1775480100.062021|完整运动,完整运动,circle_orbit,1,1.000000,2.500000,2.500000,,,,,,,,,,,,,,,,1.596052,-0.200967,1.715050,-0.193829,0.000000,0.000000,-0.631133,,-0.033579,0.000000,,,,0.125915,0.159618,2.500000,35.368871,27.458136,0.000000,circle,预设轨迹15,forward
1775480080.879434,20.290790,1775480100.062021|完整运动,完整运动,circle_orbit,1,1.000000,2.500000,2.500000,,,,,,,,,,,,,,,,1.598489,-0.196655,1.744735,-0.174006,0.000000,0.000000,-0.632887,,-0.017377,0.000000,,,,0.123025,0.159861,2.500000,35.437772,27.389235,0.000000,circle,预设轨迹15,forward
1775480080.900917,20.312273,1775480100.062021|完整运动,完整运动,circle_orbit,1,1.000000,2.500000,2.500000,,,,,,,,,,,,,,,,1.601166,-0.190572,1.761734,-0.158637,0.000000,0.000000,-0.633092,,-0.008654,0.000000,,,,0.119021,0.160129,2.500000,35.472467,27.354539,0.000000,circle,预设轨迹15,forward
1775480080.929800,20.341156,1775480100.062021|完整运动,完整运动,circle_orbit,1,1.000000,2.500000,2.500000,,,,,,,,,,,,,,,,1.604078,-0.184780,1.778832,-0.154373,0.000000,0.000000,-0.633150,,0.000105,0.000000,,,,0.115194,0.160420,2.500000,35.507311,27.319695,0.000000,circle,预设轨迹15,forward
1775480080.966092,20.377448,1775480100.062021|完整运动,完整运动,circle_orbit,1,1.000000,2.500000,2.500000,,,,,,,,,,,,,,,,1.606626,-0.179392,1.759493,-0.151103,0.000000,0.000000,-0.633183,,0.009747,0.000000,,,,0.111657,0.160675,2.500000,35.542083,27.284923,0.000000,circle,预设轨迹15,forward
1775480080.995785,20.407140,1775480100.062021|完整运动,完整运动,circle_orbit,1,1.000000,2.500000,2.500000,,,,,,,,,,,,,,,,1.608581,-0.173684,1.725890,-0.143721,0.000000,0.000000,-0.632723,,0.027221,0.000000,,,,0.107974,0.160871,2.500000,35.611570,27.215436,0.000000,circle,预设轨迹15,forward
1775480081.036279,20.447635,1775480100.062021|完整运动,完整运动,circle_orbit,1,1.000000,2.500000,2.500000,,,,,,,,,,,,,,,,1.609984,-0.167811,1.694171,-0.136977,0.000000,0.000000,-0.631877,,0.044510,0.000000,,,,0.104232,0.161011,2.500000,35.681892,27.145115,0.000000,circle,预设轨迹15,forward
1775480081.057833,20.469188,1775480100.062021|完整运动,完整运动,circle_orbit,1,1.000000,2.500000,2.500000,,,,,,,,,,,,,,,,1.610910,-0.160475,1.666457,-0.121960,0.000000,0.000000,-0.629711,,0.060714,0.000000,,,,0.099618,0.161103,2.500000,35.752784,27.074223,0.000000,circle,预设轨迹15,forward
1775480081.078136,20.489492,1775480100.062021|完整运动,完整运动,circle_orbit,1,1.000000,2.500000,2.500000,,,,,,,,,,,,,,,,1.611601,-0.154501,1.653086,-0.123140,0.000000,0.000000,-0.628177,,0.068912,0.000000,,,,0.095868,0.161173,2.500000,35.788002,27.039005,0.000000,circle,预设轨迹15,forward
1775480081.103711,20.515067,1775480100.062021|完整运动,完整运动,circle_orbit,1,1.000000,2.500000,2.500000,,,,,,,,,,,,,,,,1.612281,-0.151018,1.653086,-0.132733,0.000000,0.000000,-0.628177,,0.068912,0.000000,,,,0.093668,0.161241,2.500000,35.788002,27.039005,0.000000,circle,预设轨迹15,forward
1775480081.137343,20.548699,1775480100.062021|完整运动,完整运动,circle_orbit,1,1.000000,2.500000,2.500000,,,,,,,,,,,,,,,,1.612569,-0.142014,1.629852,-0.094740,0.000000,0.000000,-0.624113,,0.084012,0.000000,,,,0.088067,0.161269,2.500000,35.858413,26.968593,0.000000,circle,预设轨迹15,forward
1775480081.163595,20.574951,1775480100.062021|完整运动,完整运动,circle_orbit,1,1.000000,2.500000,2.500000,,,,,,,,,,,,,,,,1.612446,-0.131705,1.605064,-0.077586,0.000000,0.000000,-0.618704,,0.100980,0.000000,,,,0.081680,0.161257,2.500000,35.928895,26.898112,0.000000,circle,预设轨迹15,forward
1775480081.185343,20.596699,1775480100.062021|完整运动,完整运动,circle_orbit,1,1.000000,2.500000,2.500000,,,,,,,,,,,,,,,,1.612127,-0.125155,1.592983,-0.090765,0.000000,0.000000,-0.615537,,0.109630,0.000000,,,,0.077633,0.161225,2.500000,35.964346,26.862660,0.000000,circle,预设轨迹15,forward
1775480081.210275,20.621631,1775480100.062021|完整运动,完整运动,circle_orbit,1,1.000000,2.500000,2.500000,,,,,,,,,,,,,,,,1.611606,-0.118929,1.580325,-0.086244,0.000000,0.000000,-0.612382,,0.118749,0.000000,,,,0.073795,0.161173,2.500000,35.999549,26.827457,0.000000,circle,预设轨迹15,forward
1775480081.230758,20.642114,1775480100.062021|完整运动,完整运动,circle_orbit,1,1.000000,2.500000,2.500000,,,,,,,,,,,,,,,,1.610754,-0.107326,1.559610,-0.046411,0.000000,0.000000,-0.605163,,0.134769,0.000000,,,,0.066631,0.161088,2.500000,36.069621,26.757385,0.000000,circle,预设轨迹15,forward
1775480081.255196,20.666551,1775480100.062021|完整运动,完整运动,circle_orbit,1,1.000000,2.500000,2.500000,,,,,,,,,,,,,,,,1.609772,-0.100304,1.550895,-0.063438,0.000000,0.000000,-0.600741,,0.142168,0.000000,,,,0.062309,0.160990,2.500000,36.104377,26.722629,0.000000,circle,预设轨迹15,forward
1775480081.285182,20.696538,1775480100.062021|完整运动,完整运动,circle_orbit,1,1.000000,2.500000,2.500000,,,,,,,,,,,,,,,,1.608807,-0.099717,1.550895,-0.096634,0.000000,0.000000,-0.600741,,0.142168,0.000000,,,,0.061982,0.160893,2.500000,36.104377,26.722629,0.000000,circle,预设轨迹15,forward
1775480081.328576,20.739932,1775480100.062021|完整运动,完整运动,circle_orbit,1,1.000000,2.500000,2.500000,,,,,,,,,,,,,,,,1.607568,-0.089624,1.533206,-0.036634,0.000000,0.000000,-0.591216,,0.157601,0.000000,,,,0.055751,0.160769,2.500000,36.173133,26.653874,0.000000,circle,预设轨迹15,forward
1775480081.362055,20.773410,1775480100.062021|完整运动,完整运动,circle_orbit,1,1.000000,2.500000,2.500000,,,,,,,,,,,,,,,,1.605956,-0.071545,1.509234,0.023366,0.000000,0.000000,-0.575732,,0.179983,0.000000,,,,0.044550,0.160608,2.500000,36.276718,26.550289,0.000000,circle,预设轨迹15,forward
1775480081.397905,20.809260,1775480100.062021|完整运动,完整运动,circle_orbit,1,1.000000,2.500000,2.500000,,,,,,,,,,,,,,,,1.604258,-0.064165,1.502396,-0.025415,0.000000,0.000000,-0.570211,,0.186904,0.000000,,,,0.039996,0.160438,2.500000,36.311314,26.515693,0.000000,circle,预设轨迹15,forward
1775480081.420250,20.831606,1775480100.062021|完整运动,完整运动,circle_orbit,1,1.000000,2.500000,2.500000,,,,,,,,,,,,,,,,1.602371,-0.048896,1.489121,0.031261,0.000000,0.000000,-0.558794,,0.200742,0.000000,,,,0.030515,0.160249,2.500000,36.379732,26.447275,0.000000,circle,预设轨迹15,forward
1775480081.440532,20.851888,1775480100.062021|完整运动,完整运动,circle_orbit,1,1.000000,2.500000,2.500000,,,,,,,,,,,,,,,,1.600414,-0.041772,1.482995,-0.004367,0.000000,0.000000,-0.552581,,0.207562,0.000000,,,,0.026101,0.160054,2.500000,36.413805,26.413201,0.000000,circle,预设轨迹15,forward
1775480081.471063,20.882419,1775480100.062021|完整运动,完整运动,circle_orbit,1,1.000000,2.500000,2.500000,,,,,,,,,,,,,,,,1.598385,-0.034768,1.476645,0.002019,0.000000,0.000000,-0.546299,,0.214605,0.000000,,,,0.021752,0.159851,2.500000,36.447638,26.379368,0.000000,circle,预设轨迹15,forward
1775480081.493472,20.904828,1775480100.062021|完整运动,完整运动,circle_orbit,1,1.000000,2.500000,2.500000,,,,,,,,,,,,,,,,1.596293,-0.027825,1.470791,0.008659,0.000000,0.000000,-0.539913,,0.221372,0.000000,,,,0.017431,0.159642,2.500000,36.481365,26.345642,0.000000,circle,预设轨迹15,forward
1775480081.513782,20.925138,1775480100.062021|完整运动,完整运动,circle_orbit,1,1.000000,2.500000,2.500000,,,,,,,,,,,,,,,,1.594063,-0.012409,1.460249,0.068659,0.000000,0.000000,-0.526060,,0.234583,0.000000,,,,0.007784,0.159419,2.500000,36.548661,26.278345,0.000000,circle,预设轨迹15,forward
1775480081.543391,20.954746,1775480100.062021|完整运动,完整运动,circle_orbit,1,1.000000,2.500000,2.500000,,,,,,,,,,,,,,,,1.591803,-0.004664,1.456201,0.036086,0.000000,0.000000,-0.518408,,0.240618,0.000000,,,,0.002930,0.159193,2.500000,36.581825,26.245181,0.000000,circle,预设轨迹15,forward
1775480081.564842,20.976198,1775480100.062021|完整运动,完整运动,circle_orbit,1,1.000000,2.500000,2.500000,,,,,,,,,,,,,,,,1.589522,0.003574,1.452693,0.046943,0.000000,0.000000,-0.510233,,0.246479,0.000000,,,,0.002248,0.158964,2.500000,36.614969,26.212037,0.000000,circle,预设轨迹15,forward
1775480081.585436,20.996792,1775480100.062021|完整运动,完整运动,circle_orbit,1,1.000000,2.500000,2.500000,,,,,,,,,,,,,,,,1.587225,0.011880,1.449425,0.055634,0.000000,0.000000,-0.501816,,0.252272,0.000000,,,,0.007485,0.158735,2.500000,36.647852,26.179154,0.000000,circle,预设轨迹15,forward
1775480081.617577,21.028933,1775480100.062021|完整运动,完整运动,circle_orbit,1,1.000000,2.500000,2.500000,,,,,,,,,,,,,,,,1.584851,0.028424,1.442363,0.115634,0.000000,0.000000,-0.484837,,0.264342,0.000000,,,,0.017935,0.158497,2.500000,36.714023,26.112984,0.000000,circle,预设轨迹15,forward
1775480081.648704,21.060059,1775480100.062021|完整运动,完整运动,circle_orbit,1,1.000000,2.500000,2.500000,,,,,,,,,,,,,,,,1.582515,0.032760,1.442363,0.055634,0.000000,0.000000,-0.484837,,0.264342,0.000000,,,,0.020701,0.158264,2.500000,36.714023,26.112984,0.000000,circle,预设轨迹15,forward
1775480081.669741,21.081097,1775480100.062021|完整运动,完整运动,circle_orbit,1,1.000000,2.500000,2.500000,,,,,,,,,,,,,,,,1.580056,0.045961,1.432531,0.115634,0.000000,0.000000,-0.459811,,0.281788,0.000000,,,,0.029088,0.158018,2.500000,36.813244,26.013762,0.000000,circle,预设轨迹15,forward
1775480081.692091,21.103447,1775480100.062021|完整运动,完整运动,circle_orbit,1,1.000000,2.500000,2.500000,,,,,,,,,,,,,,,,1.577638,0.047501,1.432531,0.055634,0.000000,0.000000,-0.459811,,0.281788,0.000000,,,,0.030109,0.157776,2.500000,36.813244,26.013762,0.000000,circle,预设轨迹15,forward
1775480081.726838,21.138194,1775480100.062021|完整运动,完整运动,circle_orbit,1,1.000000,2.500000,2.500000,,,,,,,,,,,,,,,,1.575201,0.058342,1.428991,0.115634,0.000000,0.000000,-0.442640,,0.291359,0.000000,,,,0.037038,0.157532,2.500000,36.878203,25.948803,0.000000,circle,预设轨迹15,forward
1775480081.757530,21.168886,1775480100.062021|完整运动,完整运动,circle_orbit,1,1.000000,2.500000,2.500000,,,,,,,,,,,,,,,,1.572795,0.066924,1.428457,0.112308,0.000000,0.000000,-0.433450,,0.295444,0.000000,,,,0.042551,0.157292,2.500000,36.910280,25.916726,0.000000,circle,预设轨迹15,forward
1775480081.784167,21.195522,1775480100.062021|完整运动,完整运动,circle_orbit,1,1.000000,2.500000,2.500000,,,,,,,,,,,,,,,,1.570398,0.083674,1.426569,0.172308,0.000000,0.000000,-0.414102,,0.304631,0.000000,,,,0.053282,0.157052,2.500000,36.974181,25.852826,0.000000,circle,预设轨迹15,forward
1775480081.804476,21.215831,1775480100.062021|完整运动,完整运动,circle_orbit,1,1.000000,2.500000,2.500000,,,,,,,,,,,,,,,,1.568020,0.092324,1.425367,0.138125,0.000000,0.000000,-0.404217,,0.309509,0.000000,,,,0.058879,0.156814,2.500000,37.005956,25.821050,0.000000,circle,预设轨迹15,forward
1775480081.837107,21.248463,1775480100.062021|完整运动,完整运动,circle_orbit,1,1.000000,2.500000,2.500000,,,,,,,,,,,,,,,,1.565667,0.109122,1.424484,0.198125,0.000000,0.000000,-0.384096,,0.318238,0.000000,,,,0.069697,0.156579,2.500000,37.069196,25.757811,0.000000,circle,预设轨迹15,forward
1775480081.865872,21.277228,1775480100.062021|完整运动,完整运动,circle_orbit,1,1.000000,2.500000,2.500000,,,,,,,,,,,,,,,,1.563346,0.117596,1.424070,0.162519,0.000000,0.000000,-0.373734,,0.322702,0.000000,,,,0.075220,0.156347,2.500000,37.100574,25.726433,0.000000,circle,预设轨迹15,forward
1775480081.889621,21.300977,1775480100.062021|完整运动,完整运动,circle_orbit,1,1.000000,2.500000,2.500000,,,,,,,,,,,,,,,,1.561055,0.125839,1.423567,0.169571,0.000000,0.000000,-0.363342,,0.327247,0.000000,,,,0.080612,0.156118,2.500000,37.131873,25.695134,0.000000,circle,预设轨迹15,forward
1775480081.919553,21.330908,1775480100.062021|完整运动,完整运动,circle_orbit,1,1.000000,2.500000,2.500000,,,,,,,,,,,,,,,,1.558804,0.142284,1.423782,0.229571,0.000000,0.000000,-0.342547,,0.335400,0.000000,,,,0.091278,0.155892,2.500000,37.193907,25.633099,0.000000,circle,预设轨迹15,forward
1775480081.940415,21.351770,1775480100.062021|完整运动,完整运动,circle_orbit,1,1.000000,2.500000,2.500000,,,,,,,,,,,,,,,,1.556591,0.146608,1.423782,0.169571,0.000000,0.000000,-0.342547,,0.335400,0.000000,,,,0.094185,0.155671,2.500000,37.193907,25.633099,0.000000,circle,预设轨迹15,forward
1775480081.961077,21.372433,1775480100.062021|完整运动,完整运动,circle_orbit,1,1.000000,2.500000,2.500000,,,,,,,,,,,,,,,,1.554415,0.159747,1.423894,0.229571,0.000000,0.000000,-0.321537,,0.343718,0.000000,,,,0.102770,0.155454,2.500000,37.255188,25.571819,0.000000,circle,预设轨迹15,forward
1775480081.992023,21.403378,1775480100.062021|完整运动,完整运动,circle_orbit,1,1.000000,2.500000,2.500000,,,,,,,,,,,,,,,,1.552290,0.166636,1.424740,0.203264,0.000000,0.000000,-0.311123,,0.347233,0.000000,,,,0.107348,0.155241,2.500000,37.285885,25.541122,0.000000,circle,预设轨迹15,forward
1775480082.013377,21.424733,1775480100.062021|完整运动,完整运动,circle_orbit,1,1.000000,2.500000,2.500000,,,,,,,,,,,,,,,,1.550251,0.181925,1.427950,0.263264,0.000000,0.000000,-0.289902,,0.353256,0.000000,,,,0.117352,0.155037,2.500000,37.346909,25.480097,0.000000,circle,预设轨迹15,forward
1775480082.040207,21.451563,1775480100.062021|完整运动,完整运动,circle_orbit,1,1.000000,2.500000,2.500000,,,,,,,,,,,,,,,,1.548246,0.185300,1.427950,0.203264,0.000000,0.000000,-0.289902,,0.353256,0.000000,,,,0.119684,0.154837,2.500000,37.346909,25.480097,0.000000,circle,预设轨迹15,forward
1775480082.078063,21.489419,1775480100.062021|完整运动,完整运动,circle_orbit,1,1.000000,2.500000,2.500000,,,,,,,,,,,,,,,,1.546352,0.197625,1.432671,0.263264,0.000000,0.000000,-0.268224,,0.358323,0.000000,,,,0.127801,0.154647,2.500000,37.407372,25.419634,0.000000,circle,预设轨迹15,forward
1775480082.106770,21.518126,1775480100.062021|完整运动,完整运动,circle_orbit,1,1.000000,2.500000,2.500000,,,,,,,,,,,,,,,,1.544600,0.217480,1.439490,0.323264,0.000000,0.000000,-0.245135,,0.362392,0.000000,,,,0.140800,0.154472,2.500000,37.467433,25.359573,0.000000,circle,预设轨迹15,forward
1775480082.149570,21.560925,1775480100.062021|完整运动,完整运动,circle_orbit,1,1.000000,2.500000,2.500000,,,,,,,,,,,,,,,,1.542984,0.240300,1.446041,0.361934,0.000000,0.000000,-0.221687,,0.366854,0.000000,,,,0.155737,0.154310,2.500000,37.527353,25.299653,0.000000,circle,预设轨迹15,forward
1775480082.180465,21.591820,1775480100.062021|完整运动,完整运动,circle_orbit,1,1.000000,2.500000,2.500000,,,,,,,,,,,,,,,,1.541445,0.250033,1.449115,0.301934,0.000000,0.000000,-0.210016,,0.369231,0.000000,,,,0.162207,0.154156,2.500000,37.557330,25.269677,0.000000,circle,预设轨迹15,forward
1775480082.222633,21.633988,1775480100.062021|完整运动,完整运动,circle_orbit,1,1.000000,2.500000,2.500000,,,,,,,,,,,,,,,,1.540069,0.267699,1.457476,0.361934,0.000000,0.000000,-0.186141,,0.372597,0.000000,,,,0.173823,0.154019,2.500000,37.616510,25.210497,0.000000,circle,预设轨迹15,forward
1775480082.253165,21.664521,1775480100.062021|完整运动,完整运动,circle_orbit,1,1.000000,2.500000,2.500000,,,,,,,,,,,,,,,,1.538887,0.289500,1.467960,0.405831,0.000000,0.000000,-0.161698,,0.374718,0.000000,,,,0.188123,0.153901,2.500000,37.675932,25.151075,0.000000,circle,预设轨迹15,forward
1775480082.296075,21.707431,1775480100.062021|完整运动,完整运动,circle_orbit,1,1.000000,2.500000,2.500000,,,,,,,,,,,,,,,,1.537904,0.309955,1.478971,0.419127,0.000000,0.000000,-0.137422,,0.376505,0.000000,,,,0.201544,0.153802,2.500000,37.735808,25.091199,0.000000,circle,预设轨迹15,forward
1775480082.326391,21.737747,1775480100.062021|完整运动,完整运动,circle_orbit,1,1.000000,2.500000,2.500000,,,,,,,,,,,,,,,,1.537142,0.329465,1.491409,0.433615,0.000000,0.000000,-0.113139,,0.377408,0.000000,,,,0.214336,0.153726,2.500000,37.795599,25.031407,0.000000,circle,预设轨迹15,forward
1775480082.357277,21.768633,1775480100.062021|完整运动,完整运动,circle_orbit,1,1.000000,2.500000,2.500000,,,,,,,,,,,,,,,,1.536523,0.336429,1.499346,0.373615,0.000000,0.000000,-0.100761,,0.376813,0.000000,,,,0.218955,0.153664,2.500000,37.825303,25.001704,0.000000,circle,预设轨迹15,forward
1775480082.378363,21.789718,1775480100.062021|完整运动,完整运动,circle_orbit,1,1.000000,2.500000,2.500000,,,,,,,,,,,,,,,,1.536193,0.351759,1.516402,0.433615,0.000000,0.000000,-0.075857,,0.375054,0.000000,,,,0.228981,0.153631,2.500000,37.884447,24.942559,0.000000,circle,预设轨迹15,forward
1775480082.402848,21.814203,1775480100.062021|完整运动,完整运动,circle_orbit,1,1.000000,2.500000,2.500000,,,,,,,,,,,,,,,,1.536034,0.355206,1.526500,0.373615,0.000000,0.000000,-0.063119,,0.373334,0.000000,,,,0.231249,0.153615,2.500000,37.913720,24.913286,0.000000,circle,预设轨迹15,forward
1775480082.437803,21.849159,1775480100.062021|完整运动,完整运动,circle_orbit,1,1.000000,2.500000,2.500000,,,,,,,,,,,,,,,,1.536033,0.358447,1.535997,0.375755,0.000000,0.000000,-0.050407,,0.372090,0.000000,,,,0.233359,0.153615,2.500000,37.942778,24.884228,0.000000,circle,预设轨迹15,forward
1775480082.460705,21.872061,1775480100.062021|完整运动,完整运动,circle_orbit,1,1.000000,2.500000,2.500000,,,,,,,,,,,,,,,,1.536391,0.370642,1.557839,0.435755,0.000000,0.000000,-0.025323,,0.367862,0.000000,,,,0.241242,0.153651,2.500000,38.000409,24.826597,0.000000,circle,预设轨迹15,forward
1775480082.481263,21.892619,1775480100.062021|完整运动,完整运动,circle_orbit,1,1.000000,2.500000,2.500000,,,,,,,,,,,,,,,,1.536924,0.374317,1.568897,0.393935,0.000000,0.000000,-0.012873,,0.365773,0.000000,,,,0.243549,0.153704,2.500000,38.029358,24.797648,0.000000,circle,预设轨迹15,forward
1775480082.510390,21.921745,1775480100.062021|完整运动,完整运动,circle_orbit,1,1.000000,2.500000,2.500000,,,,,,,,,,,,,,,,1.537662,0.378507,1.581954,0.400873,0.000000,0.000000,-0.000283,,0.362589,0.000000,,,,0.246158,0.153778,2.500000,38.058005,24.769002,0.000000,circle,预设轨迹15,forward
1775480082.543974,21.955330,1775480100.062021|完整运动,完整运动,circle_orbit,1,1.000000,2.500000,2.500000,,,,,,,,,,,,,,,,1.538294,0.391505,1.576235,0.460873,0.000000,0.000000,0.024817,,0.356358,0.000000,,,,0.254506,0.153841,2.500000,38.115070,24.711936,0.000000,circle,预设轨迹15,forward
1775480082.574575,21.985930,1775480100.062021|完整运动,完整运动,circle_orbit,1,1.000000,2.500000,2.500000,,,,,,,,,,,,,,,,1.538889,0.395878,1.574605,0.419208,0.000000,0.000000,0.037237,,0.352417,0.000000,,,,0.257249,0.153901,2.500000,38.143350,24.683657,0.000000,circle,预设轨迹15,forward
1775480082.601997,22.013353,1775480100.062021|完整运动,完整运动,circle_orbit,1,1.000000,2.500000,2.500000,,,,,,,,,,,,,,,,1.539439,0.409031,1.572430,0.479208,0.000000,0.000000,0.061424,,0.344114,0.000000,,,,0.265702,0.153956,2.500000,38.200638,24.626368,0.000000,circle,预设轨迹15,forward
1775480082.622579,22.033935,1775480100.062021|完整运动,完整运动,circle_orbit,1,1.000000,2.500000,2.500000,,,,,,,,,,,,,,,,1.539968,0.412923,1.571679,0.433680,0.000000,0.000000,0.073360,,0.339814,0.000000,,,,0.268137,0.154009,2.500000,38.229442,24.597565,0.000000,circle,预设轨迹15,forward
1775480082.656641,22.067997,1775480100.062021|完整运动,完整运动,circle_orbit,1,1.000000,2.500000,2.500000,,,,,,,,,,,,,,,,1.540495,0.416946,1.572125,0.438408,0.000000,0.000000,0.085273,,0.334766,0.000000,,,,0.270657,0.154061,2.500000,38.258389,24.568618,0.000000,circle,预设轨迹15,forward
1775480082.691106,22.102462,1775480100.062021|完整运动,完整运动,circle_orbit,1,1.000000,2.500000,2.500000,,,,,,,,,,,,,,,,1.541067,0.429810,1.575413,0.498408,0.000000,0.000000,0.108729,,0.323308,0.000000,,,,0.278904,0.154119,2.500000,38.315805,24.511202,0.000000,circle,预设轨迹15,forward
1775480082.728044,22.139400,1775480100.062021|完整运动,完整运动,circle_orbit,1,1.000000,2.500000,2.500000,,,,,,,,,,,,,,,,1.541686,0.433519,1.578818,0.453294,0.000000,0.000000,0.120366,,0.316514,0.000000,,,,0.281198,0.154181,2.500000,38.344436,24.482571,0.000000,circle,预设轨迹15,forward
1775480082.750844,22.162200,1775480100.062021|完整运动,完整运动,circle_orbit,1,1.000000,2.500000,2.500000,,,,,,,,,,,,,,,,1.542379,0.446119,1.583959,0.513294,0.000000,0.000000,0.143222,,0.304159,0.000000,,,,0.289241,0.154250,2.500000,38.401641,24.425365,0.000000,circle,预设轨迹15,forward
1775480082.771178,22.182533,1775480100.062021|完整运动,完整运动,circle_orbit,1,1.000000,2.500000,2.500000,,,,,,,,,,,,,,,,1.543166,0.464195,1.590346,0.560537,0.000000,0.000000,0.165488,,0.291290,0.000000,,,,0.300807,0.154328,2.500000,38.458728,24.368278,0.000000,circle,预设轨迹15,forward
1775480082.800620,22.211975,1775480100.062021|完整运动,完整运动,circle_orbit,1,1.000000,2.500000,2.500000,,,,,,,,,,,,,,,,1.543939,0.469937,1.590346,0.500537,0.000000,0.000000,0.165488,,0.291290,0.000000,,,,0.304375,0.154406,2.500000,38.458728,24.368278,0.000000,circle,预设轨迹15,forward
1775480082.824185,22.235541,1775480100.062021|完整运动,完整运动,circle_orbit,1,1.000000,2.500000,2.500000,,,,,,,,,,,,,,,,1.544815,0.484255,1.597373,0.560537,0.000000,0.000000,0.187299,,0.278243,0.000000,,,,0.313471,0.154493,2.500000,38.515734,24.311272,0.000000,circle,预设轨迹15,forward
1775480082.845358,22.256714,1775480100.062021|完整运动,完整运动,circle_orbit,1,1.000000,2.500000,2.500000,,,,,,,,,,,,,,,,1.545727,0.486829,1.600445,0.500537,0.000000,0.000000,0.197882,,0.272132,0.000000,,,,0.314951,0.154585,2.500000,38.544456,24.282551,0.000000,circle,预设轨迹15,forward
1775480082.877255,22.288611,1775480100.062021|完整运动,完整运动,circle_orbit,1,1.000000,2.500000,2.500000,,,,,,,,,,,,,,,,1.546783,0.498483,1.610174,0.560537,0.000000,0.000000,0.218499,,0.257986,0.000000,,,,0.322270,0.154690,2.500000,38.601777,24.225229,0.000000,circle,预设轨迹15,forward
1775480082.907202,22.318558,1775480100.062021|完整运动,完整运动,circle_orbit,1,1.000000,2.500000,2.500000,,,,,,,,,,,,,,,,1.547913,0.498807,1.615673,0.500537,0.000000,0.000000,0.228504,,0.250681,0.000000,,,,0.322245,0.154803,2.500000,38.630593,24.196413,0.000000,circle,预设轨迹15,forward
1775480082.948501,22.359857,1775480100.062021|完整运动,完整运动,circle_orbit,1,1.000000,2.500000,2.500000,,,,,,,,,,,,,,,,1.549270,0.508573,1.630693,0.560537,0.000000,0.000000,0.247983,,0.233980,0.000000,,,,0.328266,0.154939,2.500000,38.688949,24.138058,0.000000,circle,预设轨迹15,forward
1775480082.971548,22.382904,1775480100.062021|完整运动,完整运动,circle_orbit,1,1.000000,2.500000,2.500000,,,,,,,,,,,,,,,,1.550739,0.507301,1.638888,0.500537,0.000000,0.000000,0.257397,,0.225423,0.000000,,,,0.327135,0.155086,2.500000,38.718169,24.108838,0.000000,circle,预设轨迹15,forward
1775480082.991957,22.403313,1775480100.062021|完整运动,完整运动,circle_orbit,1,1.000000,2.500000,2.500000,,,,,,,,,,,,,,,,1.552493,0.515729,1.657756,0.560537,0.000000,0.000000,0.275809,,0.207207,0.000000,,,,0.332194,0.155261,2.500000,38.776717,24.050290,0.000000,circle,预设轨迹15,forward
1775480083.023628,22.434983,1775480100.062021|完整运动,完整运动,circle_orbit,1,1.000000,2.500000,2.500000,,,,,,,,,,,,,,,,1.554376,0.513323,1.667329,0.500537,0.000000,0.000000,0.284522,,0.198310,0.000000,,,,0.330243,0.155450,2.500000,38.805751,24.021255,0.000000,circle,预设轨迹15,forward
1775480083.057954,22.469310,1775480100.062021|完整运动,完整运动,circle_orbit,1,1.000000,2.500000,2.500000,,,,,,,,,,,,,,,,1.556391,0.510955,1.677285,0.498381,0.000000,0.000000,0.292855,,0.189414,0.000000,,,,0.328295,0.155651,2.500000,38.835058,23.991948,0.000000,circle,预设轨迹15,forward
1775480083.089062,22.500418,1775480100.062021|完整运动,完整运动,circle_orbit,1,1.000000,2.500000,2.500000,,,,,,,,,,,,,,,,1.558739,0.518473,1.699649,0.558381,0.000000,0.000000,0.308962,,0.170713,0.000000,,,,0.332624,0.155886,2.500000,38.893820,23.933186,0.000000,circle,预设轨迹15,forward
1775480083.118460,22.529816,1775480100.062021|完整运动,完整运动,circle_orbit,1,1.000000,2.500000,2.500000,,,,,,,,,,,,,,,,1.561459,0.525958,1.724649,0.565656,0.000000,0.000000,0.324164,,0.151306,0.000000,,,,0.336837,0.156158,2.500000,38.952563,23.874443,0.000000,circle,预设轨迹15,forward
1775480083.138776,22.550132,1775480100.062021|完整运动,完整运动,circle_orbit,1,1.000000,2.500000,2.500000,,,,,,,,,,,,,,,,1.564353,0.522735,1.737993,0.505656,0.000000,0.000000,0.331419,,0.141448,0.000000,,,,0.334154,0.156447,2.500000,38.981675,23.845331,0.000000,circle,预设轨迹15,forward
1775480083.168159,22.579515,1775480100.062021|完整运动,完整运动,circle_orbit,1,1.000000,2.500000,2.500000,,,,,,,,,,,,,,,,1.567434,0.519300,1.752295,0.501104,0.000000,0.000000,0.338289,,0.131362,0.000000,,,,0.331305,0.156756,2.500000,39.010975,23.816031,0.000000,circle,预设轨迹15,forward
1775480083.191784,22.603140,1775480100.062021|完整运动,完整运动,circle_orbit,1,1.000000,2.500000,2.500000,,,,,,,,,,,,,,,,1.570681,0.515859,1.765497,0.497654,0.000000,0.000000,0.344684,,0.122136,0.000000,,,,0.328430,0.157080,2.500000,39.040279,23.786727,0.000000,circle,预设轨迹15,forward
1775480083.212081,22.623437,1775480100.062021|完整运动,完整运动,circle_orbit,1,1.000000,2.500000,2.500000,,,,,,,,,,,,,,,,1.574390,0.520360,1.796913,0.544151,0.000000,0.000000,0.356455,,0.101954,0.000000,,,,0.330515,0.157451,2.500000,39.099755,23.727251,0.000000,circle,预设轨迹15,forward
1775480083.239645,22.651001,1775480100.062021|完整运动,完整运动,circle_orbit,1,1.000000,2.500000,2.500000,,,,,,,,,,,,,,,,1.578038,0.514595,1.796913,0.484151,0.000000,0.000000,0.356455,,0.101954,0.000000,,,,0.326098,0.157816,2.500000,39.099755,23.727251,0.000000,circle,预设轨迹15,forward
1775480083.271541,22.682897,1775480100.062021|完整运动,完整运动,circle_orbit,1,1.000000,2.500000,2.500000,,,,,,,,,,,,,,,,1.582198,0.518988,1.831792,0.542161,0.000000,0.000000,0.367984,,0.080785,0.000000,,,,0.328017,0.158232,2.500000,39.158901,23.668105,0.000000,circle,预设轨迹15,forward
1775480083.292084,22.703439,1775480100.062021|完整运动,完整运动,circle_orbit,1,1.000000,2.500000,2.500000,,,,,,,,,,,,,,,,1.586873,0.521849,1.867409,0.536921,0.000000,0.000000,0.378467,,0.060323,0.000000,,,,0.328853,0.158700,2.500000,39.218429,23.608578,0.000000,circle,预设轨迹15,forward
1775480083.320009,22.731365,1775480100.062021|完整运动,完整运动,circle_orbit,1,1.000000,2.500000,2.500000,,,,,,,,,,,,,,,,1.591767,0.516603,1.885421,0.489000,0.000000,0.000000,0.383031,,0.050503,0.000000,,,,0.324547,0.159189,2.500000,39.248723,23.578284,0.000000,circle,预设轨迹15,forward
1775480083.348711,22.760067,1775480100.062021|完整运动,完整运动,circle_orbit,1,1.000000,2.500000,2.500000,,,,,,,,,,,,,,,,1.596902,0.511957,1.905006,0.487548,0.000000,0.000000,0.387519,,0.040188,0.000000,,,,0.320594,0.159703,2.500000,39.279065,23.547941,0.000000,circle,预设轨迹15,forward
1775480083.376515,22.787871,1775480100.062021|完整运动,完整运动,circle_orbit,1,1.000000,2.500000,2.500000,,,,,,,,,,,,,,,,1.602624,0.512805,1.945894,0.517257,0.000000,0.000000,0.395549,,0.019741,0.000000,,,,0.319979,0.160275,2.500000,39.340052,23.486955,0.000000,circle,预设轨迹15,forward
1775480083.397416,22.808771,1775480100.062021|完整运动,完整运动,circle_orbit,1,1.000000,2.500000,2.500000,,,,,,,,,,,,,,,,1.608613,0.507506,1.967973,0.479689,0.000000,0.000000,0.399056,,0.009329,0.000000,,,,0.315493,0.160874,2.500000,39.370551,23.456455,0.000000,circle,预设轨迹15,forward
1775480083.421878,22.833234,1775480100.062021|完整运动,完整运动,circle_orbit,1,1.000000,2.500000,2.500000,,,,,,,,,,,,,,,,1.614504,0.497993,1.967973,0.448048,0.000000,0.000000,0.399056,,0.009329,0.000000,,,,0.308450,0.161463,2.500000,39.370551,23.456455,0.000000,circle,预设轨迹15,forward
1775480083.448049,22.859405,1775480100.062021|完整运动,完整运动,circle_orbit,1,1.000000,2.500000,2.500000,,,,,,,,,,,,,,,,1.620088,0.497858,1.955089,0.497151,0.000000,0.000000,0.405180,,-0.012112,0.000000,,,,0.307303,0.162021,2.500000,39.431610,23.395397,0.000000,circle,预设轨迹15,forward
1775480083.468880,22.880236,1775480100.062021|完整运动,完整运动,circle_orbit,1,1.000000,2.500000,2.500000,,,,,,,,,,,,,,,,1.624681,0.495366,1.900315,0.482282,0.000000,0.000000,0.409558,,-0.033396,0.000000,,,,0.304900,0.162481,2.500000,39.492981,23.334025,0.000000,circle,预设轨迹15,forward
1775480083.498304,22.909660,1775480100.062021|完整运动,完整运动,circle_orbit,1,1.000000,2.500000,2.500000,,,,,,,,,,,,,,,,1.628727,0.489827,1.871443,0.460744,0.000000,0.000000,0.411538,,-0.045289,0.000000,,,,0.300742,0.162885,2.500000,39.523692,23.303315,0.000000,circle,预设轨迹15,forward
1775480083.533032,22.944388,1775480100.062021|完整运动,完整运动,circle_orbit,1,1.000000,2.500000,2.500000,,,,,,,,,,,,,,,,1.632261,0.484367,1.844340,0.455703,0.000000,0.000000,0.413209,,-0.056890,0.000000,,,,0.296746,0.163239,2.500000,39.554348,23.272658,0.000000,circle,预设轨迹15,forward
1775480083.557526,22.968882,1775480100.062021|完整运动,完整运动,circle_orbit,1,1.000000,2.500000,2.500000,,,,,,,,,,,,,,,,1.634899,0.480669,1.793150,0.461258,0.000000,0.000000,0.415836,,-0.080024,0.000000,,,,0.294006,0.163502,2.500000,39.615675,23.211331,0.000000,circle,预设轨迹15,forward
1775480083.577926,22.989282,1775480100.062021|完整运动,完整运动,circle_orbit,1,1.000000,2.500000,2.500000,,,,,,,,,,,,,,,,1.637151,0.474190,1.772274,0.440175,0.000000,0.000000,0.416240,,-0.090127,0.000000,,,,0.289644,0.163728,2.500000,39.646572,23.180435,0.000000,circle,预设轨迹15,forward
1775480083.603651,23.015006,1775480100.062021|完整运动,完整运动,circle_orbit,1,1.000000,2.500000,2.500000,,,,,,,,,,,,,,,,1.639366,0.467686,1.772274,0.433539,0.000000,0.000000,0.416240,,-0.090127,0.000000,,,,0.285285,0.163949,2.500000,39.646572,23.180435,0.000000,circle,预设轨迹15,forward
1775480083.624167,23.035523,1775480100.062021|完整运动,完整运动,circle_orbit,1,1.000000,2.500000,2.500000,,,,,,,,,,,,,,,,1.640875,0.461142,1.731424,0.426787,0.000000,0.000000,0.415884,,-0.111070,0.000000,,,,0.281034,0.164100,2.500000,39.708331,23.118675,0.000000,circle,预设轨迹15,forward
1775480083.644653,23.056009,1775480100.062021|完整运动,完整运动,circle_orbit,1,1.000000,2.500000,2.500000,,,,,,,,,,,,,,,,1.642069,0.454348,1.713691,0.418675,0.000000,0.000000,0.415018,,-0.120755,0.000000,,,,0.276692,0.164220,2.500000,39.739536,23.087471,0.000000,circle,预设轨迹15,forward
1775480083.677036,23.088392,1775480100.062021|完整运动,完整运动,circle_orbit,1,1.000000,2.500000,2.500000,,,,,,,,,,,,,,,,1.642647,0.445951,1.677311,0.401868,0.000000,0.000000,0.412691,,-0.141461,0.000000,,,,0.271483,0.164277,2.500000,39.801682,23.025325,0.000000,circle,预设轨迹15,forward
1775480083.707773,23.119129,1775480100.062021|完整运动,完整运动,circle_orbit,1,1.000000,2.500000,2.500000,,,,,,,,,,,,,,,,1.642986,0.438120,1.663344,0.397011,0.000000,0.000000,0.410369,,-0.150213,0.000000,,,,0.266661,0.164311,2.500000,39.833050,22.993957,0.000000,circle,预设轨迹15,forward
1775480083.745763,23.157119,1775480100.062021|完整运动,完整运动,circle_orbit,1,1.000000,2.500000,2.500000,,,,,,,,,,,,,,,,1.642919,0.425102,1.638905,0.356758,0.000000,0.000000,0.403970,,-0.166780,0.000000,,,,0.258748,0.164305,2.500000,39.896485,22.930521,0.000000,circle,预设轨迹15,forward
1775480083.778300,23.189656,1775480100.062021|完整运动,完整运动,circle_orbit,1,1.000000,2.500000,2.500000,,,,,,,,,,,,,,,,1.642668,0.416414,1.627576,0.370798,0.000000,0.000000,0.400059,,-0.174980,0.000000,,,,0.253498,0.164279,2.500000,39.928564,22.898443,0.000000,circle,预设轨迹15,forward
1775480083.798948,23.210304,1775480100.062021|完整运动,完整运动,circle_orbit,1,1.000000,2.500000,2.500000,,,,,,,,,,,,,,,,1.642005,0.402134,1.602226,0.327165,0.000000,0.000000,0.391788,,-0.193478,0.000000,,,,0.244904,0.164213,2.500000,39.992921,22.834085,0.000000,circle,预设轨迹15,forward
1775480083.820887,23.232243,1775480100.062021|完整运动,完整运动,circle_orbit,1,1.000000,2.500000,2.500000,,,,,,,,,,,,,,,,1.641134,0.394693,1.588878,0.355627,0.000000,0.000000,0.387801,,-0.203266,0.000000,,,,0.240500,0.164126,2.500000,40.024950,22.802056,0.000000,circle,预设轨迹15,forward
1775480083.849994,23.261349,1775480100.062021|完整运动,完整运动,circle_orbit,1,1.000000,2.500000,2.500000,,,,,,,,,,,,,,,,1.640071,0.387314,1.576300,0.348578,0.000000,0.000000,0.383647,,-0.212775,0.000000,,,,0.236157,0.164020,2.500000,40.056906,22.770100,0.000000,circle,预设轨迹15,forward
1775480083.888268,23.299623,1775480100.062021|完整运动,完整运动,circle_orbit,1,1.000000,2.500000,2.500000,,,,,,,,,,,,,,,,1.638612,0.373711,1.551070,0.302292,0.000000,0.000000,0.374818,,-0.232430,0.000000,,,,0.228066,0.163874,2.500000,40.120442,22.706564,0.000000,circle,预设轨迹15,forward
1775480083.911646,23.323001,1775480100.062021|完整运动,完整运动,circle_orbit,1,1.000000,2.500000,2.500000,,,,,,,,,,,,,,,,1.636998,0.366172,1.540176,0.326596,0.000000,0.000000,0.369805,,-0.241561,0.000000,,,,0.223685,0.163712,2.500000,40.152241,22.674765,0.000000,circle,预设轨迹15,forward
1775480083.931992,23.343347,1775480100.062021|完整运动,完整运动,circle_orbit,1,1.000000,2.500000,2.500000,,,,,,,,,,,,,,,,1.635109,0.350393,1.521796,0.267554,0.000000,0.000000,0.358685,,-0.258262,0.000000,,,,0.214294,0.163524,2.500000,40.215690,22.611317,0.000000,circle,预设轨迹15,forward
1775480083.959739,23.371094,1775480100.062021|完整运动,完整运动,circle_orbit,1,1.000000,2.500000,2.500000,,,,,,,,,,,,,,,,1.633252,0.346739,1.521796,0.327554,0.000000,0.000000,0.358685,,-0.258262,0.000000,,,,0.212300,0.163338,2.500000,40.215690,22.611317,0.000000,circle,预设轨迹15,forward
1775480083.990949,23.402305,1775480100.062021|完整运动,完整运动,circle_orbit,1,1.000000,2.500000,2.500000,,,,,,,,,,,,,,,,1.631136,0.334069,1.504198,0.267554,0.000000,0.000000,0.346563,,-0.275123,0.000000,,,,0.204808,0.163126,2.500000,40.278094,22.548912,0.000000,circle,预设轨迹15,forward
1775480084.011981,23.423337,1775480100.062021|完整运动,完整运动,circle_orbit,1,1.000000,2.500000,2.500000,,,,,,,,,,,,,,,,1.628809,0.316526,1.489152,0.224423,0.000000,0.000000,0.333145,,-0.290987,0.000000,,,,0.194330,0.162893,2.500000,40.340537,22.486469,0.000000,circle,预设轨迹15,forward
1775480084.037860,23.449215,1775480100.062021|完整运动,完整运动,circle_orbit,1,1.000000,2.500000,2.500000,,,,,,,,,,,,,,,,1.626405,0.308451,1.482169,0.266056,0.000000,0.000000,0.325844,,-0.298851,0.000000,,,,0.189652,0.162653,2.500000,40.371949,22.455057,0.000000,circle,预设轨迹15,forward
1775480084.074285,23.485641,1775480100.062021|完整运动,完整运动,circle_orbit,1,1.000000,2.500000,2.500000,,,,,,,,,,,,,,,,1.623922,0.300629,1.474968,0.259562,0.000000,0.000000,0.318609,,-0.306892,0.000000,,,,0.185125,0.162405,2.500000,40.403241,22.423766,0.000000,circle,预设轨迹15,forward
1775480084.106722,23.518077,1775480100.062021|完整运动,完整运动,circle_orbit,1,1.000000,2.500000,2.500000,,,,,,,,,,,,,,,,1.621239,0.284458,1.460223,0.199562,0.000000,0.000000,0.303715,,-0.323547,0.000000,,,,0.175457,0.162136,2.500000,40.465398,22.361609,0.000000,circle,预设轨迹15,forward
1775480084.154191,23.565547,1775480100.062021|完整运动,完整运动,circle_orbit,1,1.000000,2.500000,2.500000,,,,,,,,,,,,,,,,1.618441,0.264367,1.450602,0.158891,0.000000,0.000000,0.287068,,-0.337303,0.000000,,,,0.163347,0.161857,2.500000,40.526962,22.300044,0.000000,circle,预设轨迹15,forward
1775480084.175272,23.586628,1775480100.062021|完整运动,完整运动,circle_orbit,1,1.000000,2.500000,2.500000,,,,,,,,,,,,,,,,1.615549,0.243417,1.442013,0.133427,0.000000,0.000000,0.268999,,-0.350947,0.000000,,,,0.150671,0.161567,2.500000,40.588202,22.238805,0.000000,circle,预设轨迹15,forward
1775480084.195681,23.607036,1775480100.062021|完整运动,完整运动,circle_orbit,1,1.000000,2.500000,2.500000,,,,,,,,,,,,,,,,1.612622,0.235418,1.437019,0.193427,0.000000,0.000000,0.259873,,-0.358363,0.000000,,,,0.145985,0.161275,2.500000,40.617995,22.209011,0.000000,circle,预设轨迹15,forward
1775480084.224333,23.635689,1775480100.062021|完整运动,完整运动,circle_orbit,1,1.000000,2.500000,2.500000,,,,,,,,,,,,,,,,1.609660,0.228239,1.431914,0.190546,0.000000,0.000000,0.250886,,-0.365835,0.000000,,,,0.141793,0.160978,2.500000,40.647647,22.179360,0.000000,circle,预设轨迹15,forward
1775480084.245315,23.656671,1775480100.062021|完整运动,完整运动,circle_orbit,1,1.000000,2.500000,2.500000,,,,,,,,,,,,,,,,1.606696,0.220134,1.428894,0.177586,0.000000,0.000000,0.241263,,-0.371991,0.000000,,,,0.137011,0.160682,2.500000,40.677279,22.149728,0.000000,circle,预设轨迹15,forward
1775480084.265972,23.677327,1775480100.062021|完整运动,完整运动,circle_orbit,1,1.000000,2.500000,2.500000,,,,,,,,,,,,,,,,1.603754,0.211780,1.427220,0.167916,0.000000,0.000000,0.231421,,-0.377210,0.000000,,,,0.132052,0.160388,2.500000,40.706928,22.120079,0.000000,circle,预设轨迹15,forward
1775480084.298512,23.709868,1775480100.062021|完整运动,完整运动,circle_orbit,1,1.000000,2.500000,2.500000,,,,,,,,,,,,,,,,1.600832,0.195161,1.425493,0.107916,0.000000,0.000000,0.210134,,-0.387052,0.000000,,,,0.121912,0.160096,2.500000,40.766271,22.060735,0.000000,circle,预设轨迹15,forward
1775480084.330686,23.742042,1775480100.062021|完整运动,完整运动,circle_orbit,1,1.000000,2.500000,2.500000,,,,,,,,,,,,,,,,1.597928,0.185996,1.423696,0.137849,0.000000,0.000000,0.199513,,-0.392684,0.000000,,,,0.116398,0.159805,2.500000,40.795761,22.031246,0.000000,circle,预设轨迹15,forward
1775480084.361616,23.772971,1775480100.062021|完整运动,完整运动,circle_orbit,1,1.000000,2.500000,2.500000,,,,,,,,,,,,,,,,1.595076,0.176668,1.423957,0.127635,0.000000,0.000000,0.188638,,-0.396834,0.000000,,,,0.110759,0.159520,2.500000,40.825521,22.001485,0.000000,circle,预设轨迹15,forward
1775480084.387711,23.799066,1775480100.062021|完整运动,完整运动,circle_orbit,1,1.000000,2.500000,2.500000,,,,,,,,,,,,,,,,1.592278,0.159253,1.424377,0.067635,0.000000,0.000000,0.166438,,-0.405390,0.000000,,,,0.100016,0.159240,2.500000,40.885080,21.941927,0.000000,circle,预设轨迹15,forward
1775480084.430262,23.841618,1775480100.062021|完整运动,完整运动,circle_orbit,1,1.000000,2.500000,2.500000,,,,,,,,,,,,,,,,1.589565,0.135051,1.426776,0.007635,0.000000,0.000000,0.143269,,-0.412815,0.000000,,,,0.084961,0.158969,2.500000,40.944802,21.882205,0.000000,circle,预设轨迹15,forward
1775480084.451066,23.862422,1775480100.062021|完整运动,完整运动,circle_orbit,1,1.000000,2.500000,2.500000,,,,,,,,,,,,,,,,1.586936,0.110141,1.429226,-0.021092,0.000000,0.000000,0.119795,,-0.420328,0.000000,,,,0.069405,0.158706,2.500000,41.004205,21.822802,0.000000,circle,预设轨迹15,forward
1775480084.471635,23.882990,1775480100.062021|完整运动,完整运动,circle_orbit,1,1.000000,2.500000,2.500000,,,,,,,,,,,,,,,,1.584379,0.098784,1.430952,0.038908,0.000000,0.000000,0.107979,,-0.423736,0.000000,,,,0.062349,0.158450,2.500000,41.033865,21.793141,0.000000,circle,预设轨迹15,forward
1775480084.500334,23.911690,1775480100.062021|完整运动,完整运动,circle_orbit,1,1.000000,2.500000,2.500000,,,,,,,,,,,,,,,,1.581896,0.091976,1.432906,0.056061,0.000000,0.000000,0.096227,,-0.426947,0.000000,,,,0.058143,0.158202,2.500000,41.063294,21.763713,0.000000,circle,预设轨迹15,forward
1775480084.521060,23.932415,1775480100.062021|完整运动,完整运动,circle_orbit,1,1.000000,2.500000,2.500000,,,,,,,,,,,,,,,,1.579495,0.084717,1.435422,0.046395,0.000000,0.000000,0.084268,,-0.429820,0.000000,,,,0.053635,0.157962,2.500000,41.092630,21.734376,0.000000,circle,预设轨迹15,forward
1775480084.542041,23.953397,1775480100.062021|完整运动,完整运动,circle_orbit,1,1.000000,2.500000,2.500000,,,,,,,,,,,,,,,,1.577188,0.077033,1.438771,0.036447,0.000000,0.000000,0.072072,,-0.432165,0.000000,,,,0.048842,0.157731,2.500000,41.121807,21.705199,0.000000,circle,预设轨迹15,forward
1775480084.569353,23.980709,1775480100.062021|完整运动,完整运动,circle_orbit,1,1.000000,2.500000,2.500000,,,,,,,,,,,,,,,,1.574969,0.069140,1.441867,0.027426,0.000000,0.000000,0.059755,,-0.434761,0.000000,,,,0.043899,0.157509,2.500000,41.150835,21.676172,0.000000,circle,预设轨迹15,forward
1775480084.590942,24.002298,1775480100.062021|完整运动,完整运动,circle_orbit,1,1.000000,2.500000,2.500000,,,,,,,,,,,,,,,,1.572911,0.052965,1.449398,-0.032574,0.000000,0.000000,0.034812,,-0.439108,0.000000,,,,0.033673,0.157303,2.500000,41.208814,21.618193,0.000000,circle,预设轨迹15,forward
1775480084.612080,24.023436,1775480100.062021|完整运动,完整运动,circle_orbit,1,1.000000,2.500000,2.500000,,,,,,,,,,,,,,,,1.570963,0.044468,1.454125,-0.000485,0.000000,0.000000,0.022079,,-0.440697,0.000000,,,,0.028306,0.157108,2.500000,41.237920,21.589087,0.000000,circle,预设轨迹15,forward
1775480084.636537,24.047893,1775480100.062021|完整运动,完整运动,circle_orbit,1,1.000000,2.500000,2.500000,,,,,,,,,,,,,,,,1.569048,0.046859,1.454125,0.059515,0.000000,0.000000,0.022079,,-0.440697,0.000000,,,,0.029865,0.156917,2.500000,41.237920,21.589087,0.000000,circle,预设轨迹15,forward
1775480084.657929,24.069285,1775480100.062021|完整运动,完整运动,circle_orbit,1,1.000000,2.500000,2.500000,,,,,,,,,,,,,,,,1.567254,0.039339,1.459615,-0.000485,0.000000,0.000000,-0.002979,,-0.444296,0.000000,,,,0.025101,0.156737,2.500000,41.295965,21.531042,0.000000,circle,预设轨迹15,forward
1775480084.678382,24.089738,1775480100.062021|完整运动,完整运动,circle_orbit,1,1.000000,2.500000,2.500000,,,,,,,,,,,,,,,,1.565360,0.029528,1.451746,-0.022460,0.000000,0.000000,-0.015548,,-0.445070,0.000000,,,,0.018863,0.156548,2.500000,41.324999,21.502008,0.000000,circle,预设轨迹15,forward
1775480084.706840,24.118196,1775480100.062021|完整运动,完整运动,circle_orbit,1,1.000000,2.500000,2.500000,,,,,,,,,,,,,,,,1.563373,0.020053,1.444148,-0.030178,0.000000,0.000000,-0.028137,,-0.445697,0.000000,,,,0.012827,0.156349,2.500000,41.353717,21.473290,0.000000,circle,预设轨迹15,forward
1775480084.746357,24.157712,1775480100.062021|完整运动,完整运动,circle_orbit,1,1.000000,2.500000,2.500000,,,,,,,,,,,,,,,,1.561302,0.010596,1.436998,-0.039565,0.000000,0.000000,-0.040948,,-0.445956,0.000000,,,,0.006787,0.156142,2.500000,41.382546,21.444460,0.000000,circle,预设轨迹15,forward
1775480084.775373,24.186729,1775480100.062021|完整运动,完整运动,circle_orbit,1,1.000000,2.500000,2.500000,,,,,,,,,,,,,,,,1.558942,-0.006868,1.417386,-0.099565,0.000000,0.000000,-0.079529,,-0.445567,0.000000,,,,0.004406,0.155906,2.500000,41.469012,21.357995,0.000000,circle,预设轨迹15,forward
1775480084.796338,24.207694,1775480100.062021|完整运动,完整运动,circle_orbit,1,1.000000,2.500000,2.500000,,,,,,,,,,,,,,,,1.556525,-0.017271,1.411509,-0.072523,0.000000,0.000000,-0.092426,,-0.444998,0.000000,,,,0.011096,0.155665,2.500000,41.497686,21.329321,0.000000,circle,预设轨迹15,forward
1775480084.816917,24.228273,1775480100.062021|完整运动,完整运动,circle_orbit,1,1.000000,2.500000,2.500000,,,,,,,,,,,,,,,,1.554050,-0.027311,1.405548,-0.080669,0.000000,0.000000,-0.105432,,-0.444490,0.000000,,,,0.017574,0.155417,2.500000,41.526387,21.300620,0.000000,circle,预设轨迹15,forward
1775480084.844752,24.256108,1775480100.062021|完整运动,完整运动,circle_orbit,1,1.000000,2.500000,2.500000,,,,,,,,,,,,,,,,1.551523,-0.036954,1.399874,-0.088235,0.000000,0.000000,-0.118480,,-0.443776,0.000000,,,,0.023818,0.155164,2.500000,41.555003,21.272004,0.000000,circle,预设轨迹15,forward
1775480084.866182,24.277538,1775480100.062021|完整运动,完整运动,circle_orbit,1,1.000000,2.500000,2.500000,,,,,,,,,,,,,,,,1.548948,-0.046378,1.394462,-0.096531,0.000000,0.000000,-0.131662,,-0.442835,0.000000,,,,0.029941,0.154907,2.500000,41.583720,21.243286,0.000000,circle,预设轨迹15,forward
1775480084.886984,24.298340,1775480100.062021|完整运动,完整运动,circle_orbit,1,1.000000,2.500000,2.500000,,,,,,,,,,,,,,,,1.546324,-0.055223,1.388899,-0.102331,0.000000,0.000000,-0.144685,,-0.442114,0.000000,,,,0.035713,0.154644,2.500000,41.612375,21.214632,0.000000,circle,预设轨迹15,forward
1775480084.915696,24.327052,1775480100.062021|完整运动,完整运动,circle_orbit,1,1.000000,2.500000,2.500000,,,,,,,,,,,,,,,,1.543656,-0.063570,1.383563,-0.108048,0.000000,0.000000,-0.157560,,-0.441302,0.000000,,,,0.041181,0.154378,2.500000,41.641157,21.185849,0.000000,circle,预设轨迹15,forward
1775480084.939340,24.350696,1775480100.062021|完整运动,完整运动,circle_orbit,1,1.000000,2.500000,2.500000,,,,,,,,,,,,,,,,1.540896,-0.080067,1.375316,-0.168048,0.000000,0.000000,-0.183403,,-0.437736,0.000000,,,,0.051961,0.154102,2.500000,41.699628,21.127378,0.000000,circle,预设轨迹15,forward
1775480084.963533,24.374888,1775480100.062021|完整运动,完整运动,circle_orbit,1,1.000000,2.500000,2.500000,,,,,,,,,,,,,,,,1.538128,-0.088243,1.372020,-0.131878,0.000000,0.000000,-0.196475,,-0.435236,0.000000,,,,0.057370,0.153825,2.500000,41.729251,21.097755,0.000000,circle,预设轨迹15,forward
1775480084.993391,24.404747,1775480100.062021|完整运动,完整运动,circle_orbit,1,1.000000,2.500000,2.500000,,,,,,,,,,,,,,,,1.535277,-0.104586,1.364186,-0.191878,0.000000,0.000000,-0.221444,,-0.431787,0.000000,,,,0.068122,0.153539,2.500000,41.788351,21.038656,0.000000,circle,预设轨迹15,forward
1775480085.014855,24.426210,1775480100.062021|完整运动,完整运动,circle_orbit,1,1.000000,2.500000,2.500000,,,,,,,,,,,,,,,,1.532433,-0.111632,1.361849,-0.149290,0.000000,0.000000,-0.234075,,-0.428700,0.000000,,,,0.072846,0.153255,2.500000,41.817619,21.009387,0.000000,circle,预设轨迹15,forward
1775480085.038837,24.450193,1775480100.062021|完整运动,完整运动,circle_orbit,1,1.000000,2.500000,2.500000,,,,,,,,,,,,,,,,1.529637,-0.108113,1.361849,-0.089290,0.000000,0.000000,-0.234075,,-0.428700,0.000000,,,,0.070679,0.152975,2.500000,41.817619,21.009387,0.000000,circle,预设轨迹15,forward
1775480085.060573,24.471929,1775480100.062021|完整运动,完整运动,circle_orbit,1,1.000000,2.500000,2.500000,,,,,,,,,,,,,,,,1.526812,-0.114594,1.357344,-0.149290,0.000000,0.000000,-0.259305,,-0.422415,0.000000,,,,0.075055,0.152693,2.500000,41.876426,20.950581,0.000000,circle,预设轨迹15,forward
1775480085.080829,24.492185,1775480100.062021|完整运动,完整运动,circle_orbit,1,1.000000,2.500000,2.500000,,,,,,,,,,,,,,,,1.523999,-0.122839,1.355205,-0.167004,0.000000,0.000000,-0.271866,,-0.419207,0.000000,,,,0.080603,0.152412,2.500000,41.906005,20.921002,0.000000,circle,预设轨迹15,forward
1775480085.109723,24.521078,1775480100.062021|完整运动,完整运动,circle_orbit,1,1.000000,2.500000,2.500000,,,,,,,,,,,,,,,,1.521201,-0.130349,1.353283,-0.170607,0.000000,0.000000,-0.284156,,-0.415929,0.000000,,,,0.085688,0.152132,2.500000,41.935633,20.891373,0.000000,circle,预设轨迹15,forward
1775480085.139524,24.550880,1775480100.062021|完整运动,完整运动,circle_orbit,1,1.000000,2.500000,2.500000,,,,,,,,,,,,,,,,1.518394,-0.146101,1.350003,-0.230607,0.000000,0.000000,-0.308898,,-0.408836,0.000000,,,,0.096221,0.151851,2.500000,41.994307,20.832700,0.000000,circle,预设轨迹15,forward
1775480085.159827,24.571183,1775480100.062021|完整运动,完整运动,circle_orbit,1,1.000000,2.500000,2.500000,,,,,,,,,,,,,,,,1.515605,-0.152949,1.348272,-0.189717,0.000000,0.000000,-0.321141,,-0.405425,0.000000,,,,0.100916,0.151572,2.500000,42.023399,20.803607,0.000000,circle,预设轨迹15,forward
1775480085.186867,24.598223,1775480100.062021|完整运动,完整运动,circle_orbit,1,1.000000,2.500000,2.500000,,,,,,,,,,,,,,,,1.512832,-0.159688,1.346455,-0.195893,0.000000,0.000000,-0.333471,,-0.402056,0.000000,,,,0.105556,0.151295,2.500000,42.052711,20.774296,0.000000,circle,预设轨迹15,forward
1775480085.213222,24.624578,1775480100.062021|完整运动,完整运动,circle_orbit,1,1.000000,2.500000,2.500000,,,,,,,,,,,,,,,,1.510081,-0.165900,1.344978,-0.199299,0.000000,0.000000,-0.345561,,-0.398494,0.000000,,,,0.109862,0.151020,2.500000,42.081953,20.745054,0.000000,circle,预设轨迹15,forward
1775480085.238853,24.650209,1775480100.062021|完整运动,完整运动,circle_orbit,1,1.000000,2.500000,2.500000,,,,,,,,,,,,,,,,1.507329,-0.180539,1.342233,-0.259299,0.000000,0.000000,-0.369209,,-0.391410,0.000000,,,,0.119774,0.150745,2.500000,42.140451,20.686555,0.000000,circle,预设轨迹15,forward
1775480085.260622,24.671978,1775480100.062021|完整运动,完整运动,circle_orbit,1,1.000000,2.500000,2.500000,,,,,,,,,,,,,,,,1.504621,-0.186178,1.342171,-0.216542,0.000000,0.000000,-0.381207,,-0.386664,0.000000,,,,0.123738,0.150474,2.500000,42.169578,20.657429,0.000000,circle,预设轨迹15,forward
1775480085.288201,24.699557,1775480100.062021|完整运动,完整运动,circle_orbit,1,1.000000,2.500000,2.500000,,,,,,,,,,,,,,,,1.501945,-0.191357,1.341332,-0.219260,0.000000,0.000000,-0.392939,,-0.382699,0.000000,,,,0.127406,0.150206,2.500000,42.199176,20.627831,0.000000,circle,预设轨迹15,forward
1775480085.309758,24.721113,1775480100.062021|完整运动,完整运动,circle_orbit,1,1.000000,2.500000,2.500000,,,,,,,,,,,,,,,,1.499288,-0.205110,1.339913,-0.279260,0.000000,0.000000,-0.414781,,-0.375195,0.000000,,,,0.136805,0.149940,2.500000,42.259288,20.567719,0.000000,circle,预设轨迹15,forward
1775480085.331230,24.742586,1775480100.062021|完整运动,完整运动,circle_orbit,1,1.000000,2.500000,2.500000,,,,,,,,,,,,,,,,1.496694,-0.208509,1.341012,-0.226847,0.000000,0.000000,-0.425507,,-0.369949,0.000000,,,,0.139313,0.149681,2.500000,42.289221,20.537785,0.000000,circle,预设轨迹15,forward
1775480085.360183,24.771539,1775480100.062021|完整运动,完整运动,circle_orbit,1,1.000000,2.500000,2.500000,,,,,,,,,,,,,,,,1.494146,-0.211834,1.341294,-0.229790,0.000000,0.000000,-0.436115,,-0.365460,0.000000,,,,0.141776,0.149426,2.500000,42.319066,20.507941,0.000000,circle,预设轨迹15,forward
1775480085.381351,24.792707,1775480100.062021|完整运动,完整运动,circle_orbit,1,1.000000,2.500000,2.500000,,,,,,,,,,,,,,,,1.491651,-0.215463,1.341923,-0.235067,0.000000,0.000000,-0.446894,,-0.360603,0.000000,,,,0.144446,0.149177,2.500000,42.348892,20.478115,0.000000,circle,预设轨迹15,forward
1775480085.404085,24.815441,1775480100.062021|完整运动,完整运动,circle_orbit,1,1.000000,2.500000,2.500000,,,,,,,,,,,,,,,,1.489212,-0.219155,1.342910,-0.239114,0.000000,0.000000,-0.457687,,-0.355429,0.000000,,,,0.147162,0.148933,2.500000,42.378910,20.448096,0.000000,circle,预设轨迹15,forward
1775480085.433284,24.844639,1775480100.062021|完整运动,完整运动,circle_orbit,1,1.000000,2.500000,2.500000,,,,,,,,,,,,,,,,1.486822,-0.222730,1.343378,-0.242066,0.000000,0.000000,-0.468368,,-0.350751,0.000000,,,,0.149803,0.148694,2.500000,42.409143,20.417863,0.000000,circle,预设轨迹15,forward
1775480085.455398,24.866754,1775480100.062021|完整运动,完整运动,circle_orbit,1,1.000000,2.500000,2.500000,,,,,,,,,,,,,,,,1.484506,-0.235102,1.345554,-0.302066,0.000000,0.000000,-0.489491,,-0.340420,0.000000,,,,0.158371,0.148462,2.500000,42.469574,20.357432,0.000000,circle,预设轨迹15,forward
1775480085.479403,24.890759,1775480100.062021|完整运动,完整运动,circle_orbit,1,1.000000,2.500000,2.500000,,,,,,,,,,,,,,,,1.482250,-0.238138,1.346909,-0.254578,0.000000,0.000000,-0.499951,,-0.335067,0.000000,,,,0.160660,0.148236,2.500000,42.499648,20.327358,0.000000,circle,预设轨迹15,forward
1775480085.508110,24.919466,1775480100.062021|完整运动,完整运动,circle_orbit,1,1.000000,2.500000,2.500000,,,,,,,,,,,,,,,,1.480048,-0.241134,1.347919,-0.257370,0.000000,0.000000,-0.510325,,-0.330049,0.000000,,,,0.162923,0.148016,2.500000,42.529883,20.297123,0.000000,circle,预设轨迹15,forward
1775480085.530008,24.941363,1775480100.062021|完整运动,完整运动,circle_orbit,1,1.000000,2.500000,2.500000,,,,,,,,,,,,,,,,1.477941,-0.253006,1.351511,-0.317370,0.000000,0.000000,-0.530817,,-0.318770,0.000000,,,,0.171188,0.147805,2.500000,42.591088,20.235919,0.000000,circle,预设轨迹15,forward
1775480085.553667,24.965023,1775480100.062021|完整运动,完整运动,circle_orbit,1,1.000000,2.500000,2.500000,,,,,,,,,,,,,,,,1.475896,-0.254960,1.353201,-0.265558,0.000000,0.000000,-0.540570,,-0.313425,0.000000,,,,0.172749,0.147601,2.500000,42.621879,20.205127,0.000000,circle,预设轨迹15,forward
1775480085.583436,24.994792,1775480100.062021|完整运动,完整运动,circle_orbit,1,1.000000,2.500000,2.500000,,,,,,,,,,,,,,,,1.473923,-0.256607,1.355545,-0.265545,0.000000,0.000000,-0.549978,,-0.307665,0.000000,,,,0.174098,0.147404,2.500000,42.652591,20.174416,0.000000,circle,预设轨迹15,forward
1775480085.604420,25.015776,1775480100.062021|完整运动,完整运动,circle_orbit,1,1.000000,2.500000,2.500000,,,,,,,,,,,,,,,,1.472029,-0.258002,1.358414,-0.265577,0.000000,0.000000,-0.559075,,-0.301591,0.000000,,,,0.175269,0.147214,2.500000,42.683481,20.143526,0.000000,circle,预设轨迹15,forward
1775480085.627915,25.039271,1775480100.062021|完整运动,完整运动,circle_orbit,1,1.000000,2.500000,2.500000,,,,,,,,,,,,,,,,1.470220,-0.259102,1.361663,-0.265080,0.000000,0.000000,-0.567823,,-0.295347,0.000000,,,,0.176234,0.147033,2.500000,42.714389,20.112618,0.000000,circle,预设轨迹15,forward
1775480085.648768,25.060124,1775480100.062021|完整运动,完整运动,circle_orbit,1,1.000000,2.500000,2.500000,,,,,,,,,,,,,,,,1.468489,-0.259846,1.364627,-0.263887,0.000000,0.000000,-0.576168,,-0.289516,0.000000,,,,0.176948,0.146860,2.500000,42.745543,20.081463,0.000000,circle,预设轨迹15,forward
1775480085.669078,25.080434,1775480100.062021|完整运动,完整运动,circle_orbit,1,1.000000,2.500000,2.500000,,,,,,,,,,,,,,,,1.466929,-0.269795,1.373323,-0.323887,0.000000,0.000000,-0.592701,,-0.275652,0.000000,,,,0.183918,0.146704,2.500000,42.807829,20.019178,0.000000,circle,预设轨迹15,forward
1775480085.702338,25.113693,1775480100.062021|完整运动,完整运动,circle_orbit,1,1.000000,2.500000,2.500000,,,,,,,,,,,,,,,,1.465394,-0.268877,1.373323,-0.263887,0.000000,0.000000,-0.592701,,-0.275652,0.000000,,,,0.183485,0.146551,2.500000,42.807829,20.019178,0.000000,circle,预设轨迹15,forward
1775480085.737068,25.148424,1775480100.062021|完整运动,完整运动,circle_orbit,1,1.000000,2.500000,2.500000,,,,,,,,,,,,,,,,1.464042,-0.277418,1.382929,-0.323887,0.000000,0.000000,-0.609144,,-0.261172,0.000000,,,,0.189487,0.146416,2.500000,42.869380,19.957627,0.000000,circle,预设轨迹15,forward
1775480085.773098,25.184454,1775480100.062021|完整运动,完整运动,circle_orbit,1,1.000000,2.500000,2.500000,,,,,,,,,,,,,,,,1.462894,-0.287356,1.394020,-0.341450,0.000000,0.000000,-0.625194,,-0.245762,0.000000,,,,0.196430,0.146301,2.500000,42.931378,19.895629,0.000000,circle,预设轨迹15,forward
1775480085.797056,25.208412,1775480100.062021|完整运动,完整运动,circle_orbit,1,1.000000,2.500000,2.500000,,,,,,,,,,,,,,,,1.461963,-0.295893,1.406066,-0.342365,0.000000,0.000000,-0.640552,,-0.230016,0.000000,,,,0.202394,0.146208,2.500000,42.993193,19.833814,0.000000,circle,预设轨迹15,forward
1775480085.817358,25.228714,1775480100.062021|完整运动,完整运动,circle_orbit,1,1.000000,2.500000,2.500000,,,,,,,,,,,,,,,,1.461162,-0.293794,1.413111,-0.282365,0.000000,0.000000,-0.648001,,-0.221496,0.000000,,,,0.201069,0.146127,2.500000,43.023972,19.803034,0.000000,circle,预设轨迹15,forward
1775480085.848994,25.260349,1775480100.062021|完整运动,完整运动,circle_orbit,1,1.000000,2.500000,2.500000,,,,,,,,,,,,,,,,1.460496,-0.291827,1.420546,-0.281116,0.000000,0.000000,-0.655204,,-0.212827,0.000000,,,,0.199814,0.146061,2.500000,43.054820,19.772187,0.000000,circle,预设轨迹15,forward
1775480085.870976,25.282332,1775480100.062021|完整运动,完整运动,circle_orbit,1,1.000000,2.500000,2.500000,,,,,,,,,,,,,,,,1.460079,-0.297969,1.435074,-0.331421,0.000000,0.000000,-0.668282,,-0.196461,0.000000,,,,0.204077,0.146019,2.500000,43.117110,19.709897,0.000000,circle,预设轨迹15,forward
1775480085.891383,25.302739,1775480100.062021|完整运动,完整运动,circle_orbit,1,1.000000,2.500000,2.500000,,,,,,,,,,,,,,,,1.459810,-0.294811,1.443671,-0.277610,0.000000,0.000000,-0.674400,,-0.187530,0.000000,,,,0.201951,0.145992,2.500000,43.148164,19.678843,0.000000,circle,预设轨迹15,forward
1775480085.921631,25.332986,1775480100.062021|完整运动,完整运动,circle_orbit,1,1.000000,2.500000,2.500000,,,,,,,,,,,,,,,,1.459546,-0.284203,1.443671,-0.226413,0.000000,0.000000,-0.674400,,-0.187530,0.000000,,,,0.194720,0.145966,2.500000,43.148164,19.678843,0.000000,circle,预设轨迹15,forward
1775480085.942908,25.354264,1775480100.062021|完整运动,完整运动,circle_orbit,1,1.000000,2.500000,2.500000,,,,,,,,,,,,,,,,1.459590,-0.284545,1.462263,-0.286413,0.000000,0.000000,-0.685734,,-0.169235,0.000000,,,,0.194949,0.145970,2.500000,43.210830,19.616177,0.000000,circle,预设轨迹15,forward
1775480085.967989,25.379345,1775480100.062021|完整运动,完整运动,circle_orbit,1,1.000000,2.500000,2.500000,,,,,,,,,,,,,,,,1.459955,-0.288696,1.481855,-0.311303,0.000000,0.000000,-0.695858,,-0.151057,0.000000,,,,0.197743,0.146007,2.500000,43.273979,19.553028,0.000000,circle,预设轨迹15,forward
1775480085.998096,25.409452,1775480100.062021|完整运动,完整运动,circle_orbit,1,1.000000,2.500000,2.500000,,,,,,,,,,,,,,,,1.460495,-0.285570,1.492890,-0.268547,0.000000,0.000000,-0.700567,,-0.141379,0.000000,,,,0.195530,0.146061,2.500000,43.305663,19.521344,0.000000,circle,预设轨迹15,forward
1775480086.033661,25.445016,1775480100.062021|完整运动,完整运动,circle_orbit,1,1.000000,2.500000,2.500000,,,,,,,,,,,,,,,,1.461220,-0.282721,1.504699,-0.267207,0.000000,0.000000,-0.705202,,-0.131311,0.000000,,,,0.193483,0.146133,2.500000,43.337233,19.489774,0.000000,circle,预设轨迹15,forward
1775480086.072331,25.483687,1775480100.062021|完整运动,完整运动,circle_orbit,1,1.000000,2.500000,2.500000,,,,,,,,,,,,,,,,1.462330,-0.285604,1.528910,-0.301296,0.000000,0.000000,-0.713989,,-0.111352,0.000000,,,,0.195307,0.146244,2.500000,43.400403,19.426604,0.000000,circle,预设轨迹15,forward
1775480086.094191,25.505547,1775480100.062021|完整运动,完整运动,circle_orbit,1,1.000000,2.500000,2.500000,,,,,,,,,,,,,,,,1.463628,-0.282184,1.541548,-0.263576,0.000000,0.000000,-0.718063,,-0.101344,0.000000,,,,0.192798,0.146374,2.500000,43.432224,19.394783,0.000000,circle,预设轨迹15,forward
1775480086.114463,25.525819,1775480100.062021|完整运动,完整运动,circle_orbit,1,1.000000,2.500000,2.500000,,,,,,,,,,,,,,,,1.465350,-0.283069,1.568660,-0.287881,0.000000,0.000000,-0.725171,,-0.080983,0.000000,,,,0.193175,0.146546,2.500000,43.496248,19.330758,0.000000,circle,预设轨迹15,forward
1775480086.143013,25.554368,1775480100.062021|完整运动,完整运动,circle_orbit,1,1.000000,2.500000,2.500000,,,,,,,,,,,,,,,,1.467044,-0.274670,1.568660,-0.229003,0.000000,0.000000,-0.725171,,-0.080983,0.000000,,,,0.187227,0.146716,2.500000,43.496248,19.330758,0.000000,circle,预设轨迹15,forward
1775480086.168629,25.579984,1775480100.062021|完整运动,完整运动,circle_orbit,1,1.000000,2.500000,2.500000,,,,,,,,,,,,,,,,1.469191,-0.274851,1.598004,-0.275835,0.000000,0.000000,-0.731187,,-0.060285,0.000000,,,,0.187076,0.146930,2.500000,43.561725,19.265281,0.000000,circle,预设轨迹15,forward
1775480086.190602,25.601958,1775480100.062021|完整运动,完整运动,circle_orbit,1,1.000000,2.500000,2.500000,,,,,,,,,,,,,,,,1.471569,-0.270340,1.614279,-0.245844,0.000000,0.000000,-0.733622,,-0.049453,0.000000,,,,0.183709,0.147168,2.500000,43.594315,19.232691,0.000000,circle,预设轨迹15,forward
1775480086.237519,25.648874,1775480100.062021|完整运动,完整运动,circle_orbit,1,1.000000,2.500000,2.500000,,,,,,,,,,,,,,,,1.474459,-0.267762,1.647852,-0.253769,0.000000,0.000000,-0.737265,,-0.028275,0.000000,,,,0.181600,0.147457,2.500000,43.659899,19.167107,0.000000,circle,预设轨迹15,forward
1775480086.277699,25.689055,1775480100.062021|完整运动,完整运动,circle_orbit,1,1.000000,2.500000,2.500000,,,,,,,,,,,,,,,,1.477994,-0.264412,1.690111,-0.246253,0.000000,0.000000,-0.740212,,0.003388,0.000000,,,,0.178899,0.147811,2.500000,43.759028,19.067979,0.000000,circle,预设轨迹15,forward
1775480086.309218,25.720573,1775480100.062021|完整运动,完整运动,circle_orbit,1,1.000000,2.500000,2.500000,,,,,,,,,,,,,,,,1.481160,-0.257921,1.671095,-0.222755,0.000000,0.000000,-0.740587,,0.013758,0.000000,,,,0.174134,0.148127,2.500000,43.791990,19.035017,0.000000,circle,预设轨迹15,forward
1775480086.335279,25.746635,1775480100.062021|完整运动,完整运动,circle_orbit,1,1.000000,2.500000,2.500000,,,,,,,,,,,,,,,,1.483663,-0.251801,1.633834,-0.218674,0.000000,0.000000,-0.740901,,0.034956,0.000000,,,,0.169716,0.148378,2.500000,43.857796,18.969211,0.000000,circle,预设轨迹15,forward
1775480086.358485,25.769840,1775480100.062021|完整运动,完整运动,circle_orbit,1,1.000000,2.500000,2.500000,,,,,,,,,,,,,,,,1.485859,-0.245046,1.617616,-0.208494,0.000000,0.000000,-0.740412,,0.044740,0.000000,,,,0.164918,0.148597,2.500000,43.891013,18.935993,0.000000,circle,预设轨迹15,forward
1775480086.397035,25.808391,1775480100.062021|完整运动,完整运动,circle_orbit,1,1.000000,2.500000,2.500000,,,,,,,,,,,,,,,,1.487765,-0.238144,1.602138,-0.200820,0.000000,0.000000,-0.739471,,0.054448,0.000000,,,,0.160068,0.148788,2.500000,43.924207,18.902799,0.000000,circle,预设轨迹15,forward
1775480086.422854,25.834210,1775480100.062021|完整运动,完整运动,circle_orbit,1,1.000000,2.500000,2.500000,,,,,,,,,,,,,,,,1.489127,-0.229740,1.570867,-0.184308,0.000000,0.000000,-0.737083,,0.074818,0.000000,,,,0.154278,0.148924,2.500000,43.990239,18.836768,0.000000,circle,预设轨迹15,forward
1775480086.443449,25.854805,1775480100.062021|完整运动,完整运动,circle_orbit,1,1.000000,2.500000,2.500000,,,,,,,,,,,,,,,,1.490224,-0.222996,1.556036,-0.186549,0.000000,0.000000,-0.735546,,0.084913,0.000000,,,,0.149639,0.149034,2.500000,44.022949,18.804057,0.000000,circle,预设轨迹15,forward
1775480086.473446,25.884802,1775480100.062021|完整运动,完整运动,circle_orbit,1,1.000000,2.500000,2.500000,,,,,,,,,,,,,,,,1.491057,-0.216341,1.541044,-0.180383,0.000000,0.000000,-0.733793,,0.095383,0.000000,,,,0.145092,0.149117,2.500000,44.055782,18.771224,0.000000,circle,预设轨迹15,forward
1775480086.495962,25.907318,1775480100.062021|完整运动,完整运动,circle_orbit,1,1.000000,2.500000,2.500000,,,,,,,,,,,,,,,,1.491434,-0.205799,1.514022,-0.148848,0.000000,0.000000,-0.728858,,0.115453,0.000000,,,,0.137988,0.149155,2.500000,44.121605,18.705401,0.000000,circle,预设轨迹15,forward
1775480086.516307,25.927663,1775480100.062021|完整运动,完整运动,circle_orbit,1,1.000000,2.500000,2.500000,,,,,,,,,,,,,,,,1.491587,-0.198412,1.500795,-0.158503,0.000000,0.000000,-0.725822,,0.125764,0.000000,,,,0.133021,0.149170,2.500000,44.154623,18.672384,0.000000,circle,预设轨迹15,forward
1775480086.547980,25.959336,1775480100.062021|完整运动,完整运动,circle_orbit,1,1.000000,2.500000,2.500000,,,,,,,,,,,,,,,,1.491516,-0.190904,1.487272,-0.150342,0.000000,0.000000,-0.722424,,0.136589,0.000000,,,,0.127993,0.149163,2.500000,44.187354,18.639652,0.000000,circle,预设轨迹15,forward
1775480086.582637,25.993993,1775480100.062021|完整运动,完整运动,circle_orbit,1,1.000000,2.500000,2.500000,,,,,,,,,,,,,,,,1.491242,-0.183289,1.474785,-0.142145,0.000000,0.000000,-0.718677,,0.146983,0.000000,,,,0.122910,0.149136,2.500000,44.220124,18.606883,0.000000,circle,预设轨迹15,forward
1775480086.605468,26.016823,1775480100.062021|完整运动,完整运动,circle_orbit,1,1.000000,2.500000,2.500000,,,,,,,,,,,,,,,,1.490608,-0.169849,1.452573,-0.097223,0.000000,0.000000,-0.710284,,0.166542,0.000000,,,,0.113946,0.149072,2.500000,44.285773,18.541234,0.000000,circle,预设轨迹15,forward
1775480086.630057,26.041412,1775480100.062021|完整运动,完整运动,circle_orbit,1,1.000000,2.500000,2.500000,,,,,,,,,,,,,,,,1.489826,-0.161918,1.442887,-0.119049,0.000000,0.000000,-0.705452,,0.175696,0.000000,,,,0.108683,0.148994,2.500000,44.318768,18.508239,0.000000,circle,预设轨迹15,forward
1775480086.659492,26.070848,1775480100.062021|完整运动,完整运动,circle_orbit,1,1.000000,2.500000,2.500000,,,,,,,,,,,,,,,,1.488891,-0.154119,1.432779,-0.111954,0.000000,0.000000,-0.700479,,0.185324,0.000000,,,,0.103512,0.148901,2.500000,44.351526,18.475481,0.000000,circle,预设轨迹15,forward
1775480086.682861,26.094217,1775480100.062021|完整运动,完整运动,circle_orbit,1,1.000000,2.500000,2.500000,,,,,,,,,,,,,,,,1.487679,-0.138785,1.414997,-0.055860,0.000000,0.000000,-0.689596,,0.203383,0.000000,,,,0.093289,0.148779,2.500000,44.417153,18.409853,0.000000,circle,预设轨迹15,forward
1775480086.707525,26.118881,1775480100.062021|完整运动,完整运动,circle_orbit,1,1.000000,2.500000,2.500000,,,,,,,,,,,,,,,,1.486347,-0.130888,1.406406,-0.088166,0.000000,0.000000,-0.683672,,0.212498,0.000000,,,,0.088060,0.148646,2.500000,44.449926,18.377080,0.000000,circle,预设轨迹15,forward
1775480086.728080,26.139436,1775480100.062021|完整运动,完整运动,circle_orbit,1,1.000000,2.500000,2.500000,,,,,,,,,,,,,,,,1.484903,-0.122785,1.398266,-0.078937,0.000000,0.000000,-0.677402,,0.221473,0.000000,,,,0.082689,0.148502,2.500000,44.482788,18.344219,0.000000,circle,预设轨迹15,forward
1775480086.749203,26.160558,1775480100.062021|完整运动,完整运动,circle_orbit,1,1.000000,2.500000,2.500000,,,,,,,,,,,,,,,,1.483235,-0.106595,1.383180,-0.018937,0.000000,0.000000,-0.664158,,0.238959,0.000000,,,,0.071867,0.148335,2.500000,44.547878,18.279128,0.000000,circle,预设轨迹15,forward
1775480086.777821,26.189177,1775480100.062021|完整运动,完整运动,circle_orbit,1,1.000000,2.500000,2.500000,,,,,,,,,,,,,,,,1.481595,-0.102285,1.383180,-0.078937,0.000000,0.000000,-0.664158,,0.238959,0.000000,,,,0.069037,0.148171,2.500000,44.547878,18.279128,0.000000,circle,预设轨迹15,forward
1775480086.799634,26.210989,1775480100.062021|完整运动,完整运动,circle_orbit,1,1.000000,2.500000,2.500000,,,,,,,,,,,,,,,,1.479769,-0.089300,1.370217,-0.018937,0.000000,0.000000,-0.650470,,0.255122,0.000000,,,,0.060347,0.147988,2.500000,44.611844,18.215162,0.000000,circle,预设轨迹15,forward
1775480086.819999,26.231355,1775480100.062021|完整运动,完整运动,circle_orbit,1,1.000000,2.500000,2.500000,,,,,,,,,,,,,,,,1.477873,-0.081524,1.364104,-0.039362,0.000000,0.000000,-0.643132,,0.263168,0.000000,,,,0.055163,0.147799,2.500000,44.643732,18.183274,0.000000,circle,预设轨迹15,forward
1775480086.840911,26.252266,1775480100.062021|完整运动,完整运动,circle_orbit,1,1.000000,2.500000,2.500000,,,,,,,,,,,,,,,,1.475916,-0.073187,1.358507,-0.027967,0.000000,0.000000,-0.635237,,0.271045,0.000000,,,,0.049588,0.147603,2.500000,44.675668,18.151339,0.000000,circle,预设轨迹15,forward
1775480086.862112,26.273467,1775480100.062021|完整运动,完整运动,circle_orbit,1,1.000000,2.500000,2.500000,,,,,,,,,,,,,,,,1.473897,-0.064629,1.352740,-0.018178,0.000000,0.000000,-0.627006,,0.279241,0.000000,,,,0.043849,0.147401,2.500000,44.707452,18.119554,0.000000,circle,预设轨迹15,forward
1775480086.883694,26.295050,1775480100.062021|完整运动,完整运动,circle_orbit,1,1.000000,2.500000,2.500000,,,,,,,,,,,,,,,,1.471816,-0.056118,1.346979,-0.009906,0.000000,0.000000,-0.618634,,0.287530,0.000000,,,,0.038129,0.147193,2.500000,44.739132,18.087874,0.000000,circle,预设轨迹15,forward
1775480086.925538,26.336894,1775480100.062021|完整运动,完整运动,circle_orbit,1,1.000000,2.500000,2.500000,,,,,,,,,,,,,,,,1.469700,-0.047392,1.342720,0.000018,0.000000,0.000000,-0.609922,,0.294695,0.000000,,,,0.032246,0.146981,2.500000,44.770164,18.056843,0.000000,circle,预设轨迹15,forward
1775480086.957293,26.368648,1775480100.062021|完整运动,完整运动,circle_orbit,1,1.000000,2.500000,2.500000,,,,,,,,,,,,,,,,1.467417,-0.030704,1.330435,0.060018,0.000000,0.000000,-0.582434,,0.316437,0.000000,,,,0.020924,0.146753,2.500000,44.861012,17.965995,0.000000,circle,预设轨迹15,forward
1775480086.995049,26.406404,1775480100.062021|完整运动,完整运动,circle_orbit,1,1.000000,2.500000,2.500000,,,,,,,,,,,,,,,,1.465117,-0.020639,1.327109,0.034117,0.000000,0.000000,-0.572862,,0.323209,0.000000,,,,0.014087,0.146523,2.500000,44.891525,17.935481,0.000000,circle,预设轨迹15,forward
1775480087.034152,26.445508,1775480100.062021|完整运动,完整运动,circle_orbit,1,1.000000,2.500000,2.500000,,,,,,,,,,,,,,,,1.462748,-0.002828,1.320622,0.094117,0.000000,0.000000,-0.553409,,0.336774,0.000000,,,,0.001933,0.146286,2.500000,44.952116,17.874891,0.000000,circle,预设轨迹15,forward
1775480087.056681,26.468036,1775480100.062021|完整运动,完整运动,circle_orbit,1,1.000000,2.500000,2.500000,,,,,,,,,,,,,,,,1.460347,0.019506,1.316275,0.141143,0.000000,0.000000,-0.533672,,0.348577,0.000000,,,,0.013357,0.146046,2.500000,45.011841,17.815166,0.000000,circle,预设轨迹15,forward
1775480087.085082,26.496437,1775480100.062021|完整运动,完整运动,circle_orbit,1,1.000000,2.500000,2.500000,,,,,,,,,,,,,,,,1.457957,0.029062,1.314567,0.081143,0.000000,0.000000,-0.523548,,0.354169,0.000000,,,,0.019934,0.145807,2.500000,45.041624,17.785383,0.000000,circle,预设轨迹15,forward
1775480087.114945,26.526300,1775480100.062021|完整运动,完整运动,circle_orbit,1,1.000000,2.500000,2.500000,,,,,,,,,,,,,,,,1.455588,0.037741,1.313457,0.085066,0.000000,0.000000,-0.512970,,0.359405,0.000000,,,,0.025928,0.145570,2.500000,45.071454,17.755552,0.000000,circle,预设轨迹15,forward
1775480087.145591,26.556947,1775480100.062021|完整运动,完整运动,circle_orbit,1,1.000000,2.500000,2.500000,,,,,,,,,,,,,,,,1.453222,0.054364,1.311221,0.145066,0.000000,0.000000,-0.491458,,0.370038,0.000000,,,,0.037409,0.145333,2.500000,45.130071,17.696935,0.000000,circle,预设轨迹15,forward
1775480087.181526,26.592882,1775480100.062021|完整运动,完整运动,circle_orbit,1,1.000000,2.500000,2.500000,,,,,,,,,,,,,,,,1.450887,0.063109,1.310793,0.110858,0.000000,0.000000,-0.480447,,0.374833,0.000000,,,,0.043497,0.145100,2.500000,45.158839,17.668167,0.000000,circle,预设轨迹15,forward
1775480087.218914,26.630270,1775480100.062021|完整运动,完整运动,circle_orbit,1,1.000000,2.500000,2.500000,,,,,,,,,,,,,,,,1.448575,0.079781,1.309863,0.170858,0.000000,0.000000,-0.447011,,0.389054,0.000000,,,,0.055076,0.144869,2.500000,45.245051,17.581956,0.000000,circle,预设轨迹15,forward
1775480087.242046,26.653402,1775480100.062021|完整运动,完整运动,circle_orbit,1,1.000000,2.500000,2.500000,,,,,,,,,,,,,,,,1.446304,0.089751,1.310028,0.144246,0.000000,0.000000,-0.435567,,0.393482,0.000000,,,,0.062055,0.144642,2.500000,45.273525,17.553481,0.000000,circle,预设轨迹15,forward
1775480087.262516,26.673872,1775480100.062021|完整运动,完整运动,circle_orbit,1,1.000000,2.500000,2.500000,,,,,,,,,,,,,,,,1.444076,0.099467,1.310434,0.152605,0.000000,0.000000,-0.424009,,0.397736,0.000000,,,,0.068879,0.144419,2.500000,45.301631,17.525376,0.000000,circle,预设轨迹15,forward
1775480087.288363,26.699718,1775480100.062021|完整运动,完整运动,circle_orbit,1,1.000000,2.500000,2.500000,,,,,,,,,,,,,,,,1.441890,0.108678,1.310702,0.159087,0.000000,0.000000,-0.412560,,0.402072,0.000000,,,,0.075372,0.144200,2.500000,45.329479,17.497528,0.000000,circle,预设轨迹15,forward
1775480087.309488,26.720844,1775480100.062021|完整运动,完整运动,circle_orbit,1,1.000000,2.500000,2.500000,,,,,,,,,,,,,,,,1.439757,0.125729,1.311811,0.219087,0.000000,0.000000,-0.389767,,0.410183,0.000000,,,,0.087326,0.143987,2.500000,45.385159,17.441848,0.000000,circle,预设轨迹15,forward
1775480087.333539,26.744895,1775480100.062021|完整运动,完整运动,circle_orbit,1,1.000000,2.500000,2.500000,,,,,,,,,,,,,,,,1.437662,0.134394,1.311939,0.181867,0.000000,0.000000,-0.378210,,0.414690,0.000000,,,,0.093481,0.143777,2.500000,45.413154,17.413852,0.000000,circle,预设轨迹15,forward
1775480087.364177,26.775533,1775480100.062021|完整运动,完整运动,circle_orbit,1,1.000000,2.500000,2.500000,,,,,,,,,,,,,,,,1.435614,0.142823,1.312738,0.189021,0.000000,0.000000,-0.366639,,0.418593,0.000000,,,,0.099486,0.143572,2.500000,45.440907,17.386100,0.000000,circle,预设轨迹15,forward
1775480087.395072,26.806428,1775480100.062021|完整运动,完整运动,circle_orbit,1,1.000000,2.500000,2.500000,,,,,,,,,,,,,,,,1.433623,0.150902,1.314185,0.195207,0.000000,0.000000,-0.355160,,0.421875,0.000000,,,,0.105259,0.143373,2.500000,45.468461,17.358546,0.000000,circle,预设轨迹15,forward
1775480087.415711,26.827067,1775480100.062021|完整运动,完整运动,circle_orbit,1,1.000000,2.500000,2.500000,,,,,,,,,,,,,,,,1.431697,0.166982,1.316142,0.255207,0.000000,0.000000,-0.332792,,0.429055,0.000000,,,,0.116632,0.143181,2.500000,45.522991,17.304015,0.000000,circle,预设轨迹15,forward
1775480087.440092,26.851447,1775480100.062021|完整运动,完整运动,circle_orbit,1,1.000000,2.500000,2.500000,,,,,,,,,,,,,,,,1.429827,0.174073,1.317629,0.212996,0.000000,0.000000,-0.321665,,0.432166,0.000000,,,,0.121744,0.142994,2.500000,45.550183,17.276824,0.000000,circle,预设轨迹15,forward
1775480087.469988,26.881343,1775480100.062021|完整运动,完整运动,circle_orbit,1,1.000000,2.500000,2.500000,,,,,,,,,,,,,,,,1.428013,0.181301,1.319152,0.220998,0.000000,0.000000,-0.310341,,0.435327,0.000000,,,,0.126960,0.142812,2.500000,45.577419,17.249587,0.000000,circle,预设轨迹15,forward
1775480087.490272,26.901628,1775480100.062021|完整运动,完整运动,circle_orbit,1,1.000000,2.500000,2.500000,,,,,,,,,,,,,,,,1.426280,0.196653,1.322307,0.280998,0.000000,0.000000,-0.287457,,0.441656,0.000000,,,,0.137878,0.142639,2.500000,45.631439,17.195567,0.000000,circle,预设轨迹15,forward
1775480087.517981,26.929337,1775480100.062021|完整运动,完整运动,circle_orbit,1,1.000000,2.500000,2.500000,,,,,,,,,,,,,,,,1.424576,0.200400,1.322307,0.220998,0.000000,0.000000,-0.287457,,0.441656,0.000000,,,,0.140673,0.142469,2.500000,45.631439,17.195567,0.000000,circle,预设轨迹15,forward
1775480087.540876,26.952231,1775480100.062021|完整运动,完整运动,circle_orbit,1,1.000000,2.500000,2.500000,,,,,,,,,,,,,,,,1.422985,0.212802,1.327533,0.280998,0.000000,0.000000,-0.264023,,0.446378,0.000000,,,,0.149546,0.142309,2.500000,45.684826,17.142181,0.000000,circle,预设轨迹15,forward
1775480087.561537,26.972893,1775480100.062021|完整运动,完整运动,circle_orbit,1,1.000000,2.500000,2.500000,,,,,,,,,,,,,,,,1.421471,0.220257,1.330658,0.261269,0.000000,0.000000,-0.251855,,0.448481,0.000000,,,,0.154950,0.142158,2.500000,45.711594,17.115412,0.000000,circle,预设轨迹15,forward
1775480087.591034,27.002390,1775480100.062021|完整运动,完整运动,circle_orbit,1,1.000000,2.500000,2.500000,,,,,,,,,,,,,,,,1.420037,0.227824,1.333967,0.269465,0.000000,0.000000,-0.239493,,0.450514,0.000000,,,,0.160435,0.142015,2.500000,45.738238,17.088769,0.000000,circle,预设轨迹15,forward
1775480087.614405,27.025761,1775480100.062021|完整运动,完整运动,circle_orbit,1,1.000000,2.500000,2.500000,,,,,,,,,,,,,,,,1.418693,0.235625,1.338041,0.278572,0.000000,0.000000,-0.226835,,0.452011,0.000000,,,,0.166086,0.141880,2.500000,45.764718,17.062288,0.000000,circle,预设轨迹15,forward
1775480087.634760,27.046116,1775480100.062021|完整运动,完整运动,circle_orbit,1,1.000000,2.500000,2.500000,,,,,,,,,,,,,,,,1.417506,0.251447,1.346281,0.338572,0.000000,0.000000,-0.200909,,0.455235,0.000000,,,,0.177387,0.141761,2.500000,45.817444,17.009562,0.000000,circle,预设轨迹15,forward
1775480087.656627,27.067983,1775480100.062021|完整运动,完整运动,circle_orbit,1,1.000000,2.500000,2.500000,,,,,,,,,,,,,,,,1.416338,0.255615,1.346281,0.278572,0.000000,0.000000,-0.200909,,0.455235,0.000000,,,,0.180476,0.141645,2.500000,45.817444,17.009562,0.000000,circle,预设轨迹15,forward
1775480087.682900,27.094256,1775480100.062021|完整运动,完整运动,circle_orbit,1,1.000000,2.500000,2.500000,,,,,,,,,,,,,,,,1.415351,0.268359,1.356114,0.338572,0.000000,0.000000,-0.174290,,0.457468,0.000000,,,,0.189606,0.141546,2.500000,45.870838,16.956168,0.000000,circle,预设轨迹15,forward
1775480087.703365,27.114721,1775480100.062021|完整运动,完整运动,circle_orbit,1,1.000000,2.500000,2.500000,,,,,,,,,,,,,,,,1.414468,0.276524,1.361529,0.321526,0.000000,0.000000,-0.160803,,0.458281,0.000000,,,,0.195497,0.141458,2.500000,45.897620,16.929387,0.000000,circle,预设轨迹15,forward
1775480087.734698,27.146053,1775480100.062021|完整运动,完整运动,circle_orbit,1,1.000000,2.500000,2.500000,,,,,,,,,,,,,,,,1.413700,0.284622,1.367618,0.329258,0.000000,0.000000,-0.147216,,0.458606,0.000000,,,,0.201331,0.141381,2.500000,45.924379,16.902627,0.000000,circle,预设轨迹15,forward
1775480087.758928,27.170284,1775480100.062021|完整运动,完整运动,circle_orbit,1,1.000000,2.500000,2.500000,,,,,,,,,,,,,,,,1.413040,0.292333,1.373450,0.334839,0.000000,0.000000,-0.133789,,0.459126,0.000000,,,,0.206882,0.141315,2.500000,45.951275,16.875731,0.000000,circle,预设轨迹15,forward
1775480087.779225,27.190581,1775480100.062021|完整运动,完整运动,circle_orbit,1,1.000000,2.500000,2.500000,,,,,,,,,,,,,,,,1.412597,0.308070,1.386014,0.394839,0.000000,0.000000,-0.107370,,0.459382,0.000000,,,,0.218088,0.141271,2.500000,46.005296,16.821710,0.000000,circle,预设轨迹15,forward
1775480087.806445,27.217801,1775480100.062021|完整运动,完整运动,circle_orbit,1,1.000000,2.500000,2.500000,,,,,,,,,,,,,,,,1.412275,0.315264,1.392956,0.354935,0.000000,0.000000,-0.094157,,0.459050,0.000000,,,,0.223232,0.141238,2.500000,46.032319,16.794688,0.000000,circle,预设轨迹15,forward
1775480087.837102,27.248458,1775480100.062021|完整运动,完整运动,circle_orbit,1,1.000000,2.500000,2.500000,,,,,,,,,,,,,,,,1.412088,0.322460,1.400822,0.362136,0.000000,0.000000,-0.080842,,0.458077,0.000000,,,,0.228357,0.141220,2.500000,46.059244,16.767763,0.000000,circle,预设轨迹15,forward
1775480087.867960,27.279316,1775480100.062021|完整运动,完整运动,circle_orbit,1,1.000000,2.500000,2.500000,,,,,,,,,,,,,,,,1.412195,0.337761,1.418634,0.422136,0.000000,0.000000,-0.054107,,0.454767,0.000000,,,,0.239175,0.141230,2.500000,46.111818,16.715188,0.000000,circle,预设轨迹15,forward
1775480087.902608,27.313963,1775480100.062021|完整运动,完整运动,circle_orbit,1,1.000000,2.500000,2.500000,,,,,,,,,,,,,,,,1.412629,0.359927,1.438642,0.482136,0.000000,0.000000,-0.027115,,0.450247,0.000000,,,,0.254792,0.141274,2.500000,46.163892,16.663114,0.000000,circle,预设轨迹15,forward
1775480087.922902,27.334258,1775480100.062021|完整运动,完整运动,circle_orbit,1,1.000000,2.500000,2.500000,,,,,,,,,,,,,,,,1.413226,0.369479,1.449065,0.422136,0.000000,0.000000,-0.013335,,0.447947,0.000000,,,,0.261443,0.141333,2.500000,46.189852,16.637155,0.000000,circle,预设轨迹15,forward
1775480087.949659,27.361014,1775480100.062021|完整运动,完整运动,circle_orbit,1,1.000000,2.500000,2.500000,,,,,,,,,,,,,,,,1.413988,0.375584,1.459723,0.409234,0.000000,0.000000,0.000505,,0.445206,0.000000,,,,0.265620,0.141410,2.500000,46.215374,16.611632,0.000000,circle,预设轨迹15,forward
1775480087.976524,27.387879,1775480100.062021|完整运动,完整运动,circle_orbit,1,1.000000,2.500000,2.500000,,,,,,,,,,,,,,,,1.414635,0.389968,1.453475,0.469234,0.000000,0.000000,0.028162,,0.438744,0.000000,,,,0.275667,0.141474,2.500000,46.265520,16.561487,0.000000,circle,预设轨迹15,forward
1775480087.997388,27.408744,1775480100.062021|完整运动,完整运动,circle_orbit,1,1.000000,2.500000,2.500000,,,,,,,,,,,,,,,,1.415228,0.396221,1.450772,0.430673,0.000000,0.000000,0.042005,,0.435209,0.000000,,,,0.279970,0.141534,2.500000,46.290449,16.536558,0.000000,circle,预设轨迹15,forward
1775480088.021645,27.433001,1775480100.062021|完整运动,完整运动,circle_orbit,1,1.000000,2.500000,2.500000,,,,,,,,,,,,,,,,1.415811,0.392296,1.450772,0.370673,0.000000,0.000000,0.042005,,0.435209,0.000000,,,,0.277082,0.141592,2.500000,46.290449,16.536558,0.000000,circle,预设轨迹15,forward
1775480088.044311,27.455666,1775480100.062021|完整运动,完整运动,circle_orbit,1,1.000000,2.500000,2.500000,,,,,,,,,,,,,,,,1.416320,0.398193,1.446871,0.430673,0.000000,0.000000,0.069367,,0.427167,0.000000,,,,0.281146,0.141643,2.500000,46.341004,16.486003,0.000000,circle,预设轨迹15,forward
1775480088.065421,27.476777,1775480100.062021|完整运动,完整运动,circle_orbit,1,1.000000,2.500000,2.500000,,,,,,,,,,,,,,,,1.416790,0.405543,1.445006,0.446024,0.000000,0.000000,0.082911,,0.423144,0.000000,,,,0.286240,0.141690,2.500000,46.366468,16.460538,0.000000,circle,预设轨迹15,forward
1775480088.101492,27.512847,1775480100.062021|完整运动,完整运动,circle_orbit,1,1.000000,2.500000,2.500000,,,,,,,,,,,,,,,,1.417236,0.412442,1.444016,0.450436,0.000000,0.000000,0.096303,,0.418528,0.000000,,,,0.291018,0.141735,2.500000,46.391964,16.435043,0.000000,circle,预设轨迹15,forward
1775480088.123618,27.534974,1775480100.062021|完整运动,完整运动,circle_orbit,1,1.000000,2.500000,2.500000,,,,,,,,,,,,,,,,1.417661,0.427503,1.443122,0.510436,0.000000,0.000000,0.121803,,0.408997,0.000000,,,,0.301555,0.141777,2.500000,46.443502,16.383505,0.000000,circle,预设轨迹15,forward
1775480088.144007,27.555363,1775480100.062021|完整运动,完整运动,circle_orbit,1,1.000000,2.500000,2.500000,,,,,,,,,,,,,,,,1.418097,0.432957,1.444274,0.462984,0.000000,0.000000,0.134446,,0.403076,0.000000,,,,0.305308,0.141821,2.500000,46.469448,16.357558,0.000000,circle,预设轨迹15,forward
1775480088.166597,27.577953,1775480100.062021|完整运动,完整运动,circle_orbit,1,1.000000,2.500000,2.500000,,,,,,,,,,,,,,,,1.418543,0.438095,1.445279,0.466380,0.000000,0.000000,0.146917,,0.397335,0.000000,,,,0.308834,0.141865,2.500000,46.495320,16.331687,0.000000,circle,预设轨迹15,forward
1775480088.199796,27.611152,1775480100.062021|完整运动,完整运动,circle_orbit,1,1.000000,2.500000,2.500000,,,,,,,,,,,,,,,,1.419010,0.442907,1.447037,0.469394,0.000000,0.000000,0.159188,,0.391113,0.000000,,,,0.312124,0.141912,2.500000,46.521229,16.305777,0.000000,circle,预设轨迹15,forward
1775480088.220154,27.631509,1775480100.062021|完整运动,完整运动,circle_orbit,1,1.000000,2.500000,2.500000,,,,,,,,,,,,,,,,1.419555,0.456205,1.452251,0.529394,0.000000,0.000000,0.183544,,0.377493,0.000000,,,,0.321372,0.141966,2.500000,46.572832,16.254175,0.000000,circle,预设轨迹15,forward
1775480088.250883,27.662238,1775480100.062021|完整运动,完整运动,circle_orbit,1,1.000000,2.500000,2.500000,,,,,,,,,,,,,,,,1.420210,0.476056,1.459503,0.585296,0.000000,0.000000,0.207693,,0.362486,0.000000,,,,0.335201,0.142032,2.500000,46.623804,16.203203,0.000000,circle,预设轨迹15,forward
1775480088.277211,27.688567,1775480100.062021|完整运动,完整运动,circle_orbit,1,1.000000,2.500000,2.500000,,,,,,,,,,,,,,,,1.420918,0.483629,1.463444,0.525296,0.000000,0.000000,0.219644,,0.354823,0.000000,,,,0.340364,0.142103,2.500000,46.649090,16.177917,0.000000,circle,预设轨迹15,forward
1775480088.302670,27.714026,1775480100.062021|完整运动,完整运动,circle_orbit,1,1.000000,2.500000,2.500000,,,,,,,,,,,,,,,,1.421659,0.485512,1.466109,0.495866,0.000000,0.000000,0.231166,,0.348272,0.000000,,,,0.341511,0.142177,2.500000,46.674725,16.152282,0.000000,circle,预设轨迹15,forward
1775480088.330650,27.742006,1775480100.062021|完整运动,完整运动,circle_orbit,1,1.000000,2.500000,2.500000,,,,,,,,,,,,,,,,1.422445,0.487339,1.469577,0.497388,0.000000,0.000000,0.242426,,0.341253,0.000000,,,,0.342607,0.142255,2.500000,46.700401,16.126605,0.000000,circle,预设轨迹15,forward
1775480088.361268,27.772624,1775480100.062021|完整运动,完整运动,circle_orbit,1,1.000000,2.500000,2.500000,,,,,,,,,,,,,,,,1.423381,0.498118,1.479564,0.557388,0.000000,0.000000,0.264734,,0.325153,0.000000,,,,0.349954,0.142349,2.500000,46.751468,16.075538,0.000000,circle,预设轨迹15,forward
1775480088.383064,27.794420,1775480100.062021|完整运动,完整运动,circle_orbit,1,1.000000,2.500000,2.500000,,,,,,,,,,,,,,,,1.424388,0.499675,1.484813,0.508231,0.000000,0.000000,0.275606,,0.317070,0.000000,,,,0.350800,0.142450,2.500000,46.777158,16.049848,0.000000,circle,预设轨迹15,forward
1775480088.403502,27.814858,1775480100.062021|完整运动,完整运动,circle_orbit,1,1.000000,2.500000,2.500000,,,,,,,,,,,,,,,,1.425471,0.501192,1.490449,0.509530,0.000000,0.000000,0.286259,,0.308830,0.000000,,,,0.351598,0.142558,2.500000,46.802890,16.024116,0.000000,circle,预设轨迹15,forward
1775480088.435233,27.846589,1775480100.062021|完整运动,完整运动,circle_orbit,1,1.000000,2.500000,2.500000,,,,,,,,,,,,,,,,1.426630,0.502544,1.496143,0.509973,0.000000,0.000000,0.296607,,0.300700,0.000000,,,,0.352260,0.142674,2.500000,46.829037,15.997969,0.000000,circle,预设轨迹15,forward
1775480088.455576,27.866932,1775480100.062021|完整运动,完整运动,circle_orbit,1,1.000000,2.500000,2.500000,,,,,,,,,,,,,,,,1.427991,0.512931,1.509681,0.569973,0.000000,0.000000,0.316948,,0.283198,0.000000,,,,0.359198,0.142810,2.500000,46.881458,15.945549,0.000000,circle,预设轨迹15,forward
1775480088.485523,27.896878,1775480100.062021|完整运动,完整运动,circle_orbit,1,1.000000,2.500000,2.500000,,,,,,,,,,,,,,,,1.429330,0.512475,1.509681,0.509973,0.000000,0.000000,0.316948,,0.283198,0.000000,,,,0.358542,0.142944,2.500000,46.881458,15.945549,0.000000,circle,预设轨迹15,forward
1775480088.515705,27.927061,1775480100.062021|完整运动,完整运动,circle_orbit,1,1.000000,2.500000,2.500000,,,,,,,,,,,,,,,,1.430918,0.521338,1.526168,0.569973,0.000000,0.000000,0.336521,,0.264187,0.000000,,,,0.364338,0.143103,2.500000,46.933877,15.893129,0.000000,circle,预设轨迹15,forward
1775480088.551388,27.962744,1775480100.062021|完整运动,完整运动,circle_orbit,1,1.000000,2.500000,2.500000,,,,,,,,,,,,,,,,1.432765,0.532683,1.543594,0.594914,0.000000,0.000000,0.355039,,0.245222,0.000000,,,,0.371787,0.143288,2.500000,46.986814,15.840192,0.000000,circle,预设轨迹15,forward
1775480088.577559,27.988915,1775480100.062021|完整运动,完整运动,circle_orbit,1,1.000000,2.500000,2.500000,,,,,,,,,,,,,,,,1.434736,0.533027,1.552995,0.534914,0.000000,0.000000,0.364018,,0.235502,0.000000,,,,0.371516,0.143485,2.500000,47.013382,15.813624,0.000000,circle,预设轨迹15,forward
1775480088.598645,28.010001,1775480100.062021|完整运动,完整运动,circle_orbit,1,1.000000,2.500000,2.500000,,,,,,,,,,,,,,,,1.437000,0.542095,1.572852,0.591780,0.000000,0.000000,0.381010,,0.216003,0.000000,,,,0.377241,0.143711,2.500000,47.066471,15.760536,0.000000,circle,预设轨迹15,forward
1775480088.621354,28.032710,1775480100.062021|完整运动,完整运动,circle_orbit,1,1.000000,2.500000,2.500000,,,,,,,,,,,,,,,,1.439416,0.540502,1.584350,0.531780,0.000000,0.000000,0.389092,,0.205560,0.000000,,,,0.375501,0.143953,2.500000,47.092930,15.734076,0.000000,circle,预设轨迹15,forward
1775480088.653675,28.065031,1775480100.062021|完整运动,完整运动,circle_orbit,1,1.000000,2.500000,2.500000,,,,,,,,,,,,,,,,1.441990,0.537859,1.596425,0.523396,0.000000,0.000000,0.396970,,0.194950,0.000000,,,,0.372998,0.144210,2.500000,47.119552,15.707455,0.000000,circle,预设轨迹15,forward
1775480088.687753,28.099108,1775480100.062021|完整运动,完整运动,circle_orbit,1,1.000000,2.500000,2.500000,,,,,,,,,,,,,,,,1.444980,0.544899,1.624403,0.583396,0.000000,0.000000,0.412308,,0.171956,0.000000,,,,0.377098,0.144509,2.500000,47.172367,15.654639,0.000000,circle,预设轨迹15,forward
1775480088.720706,28.132062,1775480100.062021|完整运动,完整运动,circle_orbit,1,1.000000,2.500000,2.500000,,,,,,,,,,,,,,,,1.448137,0.541702,1.637580,0.524229,0.000000,0.000000,0.419490,,0.161343,0.000000,,,,0.374068,0.144825,2.500000,47.198899,15.628107,0.000000,circle,预设轨迹15,forward
1775480088.759019,28.170374,1775480100.062021|完整运动,完整运动,circle_orbit,1,1.000000,2.500000,2.500000,,,,,,,,,,,,,,,,1.451689,0.546639,1.664763,0.573589,0.000000,0.000000,0.432500,,0.140559,0.000000,,,,0.376554,0.145180,2.500000,47.252747,15.574259,0.000000,circle,预设轨迹15,forward
1775480088.792267,28.203623,1775480100.062021|完整运动,完整运动,circle_orbit,1,1.000000,2.500000,2.500000,,,,,,,,,,,,,,,,1.455701,0.550378,1.696458,0.570770,0.000000,0.000000,0.444673,,0.118154,0.000000,,,,0.378085,0.145581,2.500000,47.306488,15.520519,0.000000,circle,预设轨迹15,forward
1775480088.821605,28.232961,1775480100.062021|完整运动,完整运动,circle_orbit,1,1.000000,2.500000,2.500000,,,,,,,,,,,,,,,,1.460218,0.553082,1.731243,0.567810,0.000000,0.000000,0.456060,,0.095093,0.000000,,,,0.378767,0.146033,2.500000,47.359904,15.467103,0.000000,circle,预设轨迹15,forward
1775480088.845976,28.257332,1775480100.062021|完整运动,完整运动,circle_orbit,1,1.000000,2.500000,2.500000,,,,,,,,,,,,,,,,1.464961,0.547898,1.749494,0.519695,0.000000,0.000000,0.461348,,0.083562,0.000000,,,,0.374002,0.146507,2.500000,47.386888,15.440118,0.000000,circle,预设轨迹15,forward
1775480088.866271,28.277627,1775480100.062021|完整运动,完整运动,circle_orbit,1,1.000000,2.500000,2.500000,,,,,,,,,,,,,,,,1.469942,0.542961,1.768813,0.516142,0.000000,0.000000,0.466303,,0.071825,0.000000,,,,0.369376,0.147006,2.500000,47.413923,15.413083,0.000000,circle,预设轨迹15,forward
1775480088.901087,28.312442,1775480100.062021|完整运动,完整运动,circle_orbit,1,1.000000,2.500000,2.500000,,,,,,,,,,,,,,,,1.475385,0.542292,1.801997,0.538661,0.000000,0.000000,0.474043,,0.052461,0.000000,,,,0.367560,0.147550,2.500000,47.468975,15.358032,0.000000,circle,预设轨迹15,forward
1775480088.933371,28.344726,1775480100.062021|完整运动,完整运动,circle_orbit,1,1.000000,2.500000,2.500000,,,,,,,,,,,,,,,,1.481021,0.536151,1.819138,0.502883,0.000000,0.000000,0.477430,,0.042936,0.000000,,,,0.362014,0.148113,2.500000,47.496551,15.330455,0.000000,circle,预设轨迹15,forward
1775480088.961405,28.372761,1775480100.062021|完整运动,完整运动,circle_orbit,1,1.000000,2.500000,2.500000,,,,,,,,,,,,,,,,1.487259,0.534057,1.861591,0.522732,0.000000,0.000000,0.483398,,0.020961,0.000000,,,,0.359088,0.148737,2.500000,47.551755,15.275252,0.000000,circle,预设轨迹15,forward
1775480088.982352,28.393708,1775480100.062021|完整运动,完整运动,circle_orbit,1,1.000000,2.500000,2.500000,,,,,,,,,,,,,,,,1.493800,0.527586,1.886208,0.492650,0.000000,0.000000,0.485826,,0.009036,0.000000,,,,0.353184,0.149391,2.500000,47.579678,15.247329,0.000000,circle,预设轨迹15,forward
1775480089.004696,28.416051,1775480100.062021|完整运动,完整运动,circle_orbit,1,1.000000,2.500000,2.500000,,,,,,,,,,,,,,,,1.500484,0.521256,1.901579,0.487134,0.000000,0.000000,0.487882,,-0.001517,0.000000,,,,0.347392,0.150060,2.500000,47.607692,15.219315,0.000000,circle,预设轨迹15,forward
1775480089.028551,28.439907,1775480100.062021|完整运动,完整运动,circle_orbit,1,1.000000,2.500000,2.500000,,,,,,,,,,,,,,,,1.506648,0.515080,1.876479,0.481846,0.000000,0.000000,0.489617,,-0.011815,0.000000,,,,0.341871,0.150676,2.500000,47.635833,15.191173,0.000000,circle,预设轨迹15,forward
1775480089.049235,28.460591,1775480100.062021|完整运动,完整运动,circle_orbit,1,1.000000,2.500000,2.500000,,,,,,,,,,,,,,,,1.511873,0.510182,1.825339,0.483860,0.000000,0.000000,0.491932,,-0.034217,0.000000,,,,0.337450,0.151199,2.500000,47.691898,15.135108,0.000000,circle,预设轨迹15,forward
1775480089.076671,28.488027,1775480100.062021|完整运动,完整运动,circle_orbit,1,1.000000,2.500000,2.500000,,,,,,,,,,,,,,,,1.517012,0.502616,1.825339,0.462015,0.000000,0.000000,0.491932,,-0.034217,0.000000,,,,0.331320,0.151713,2.500000,47.691898,15.135108,0.000000,circle,预设轨迹15,forward
1775480089.105451,28.516807,1775480100.062021|完整运动,完整运动,circle_orbit,1,1.000000,2.500000,2.500000,,,,,,,,,,,,,,,,1.521267,0.497435,1.776585,0.469658,0.000000,0.000000,0.493297,,-0.057162,0.000000,,,,0.326987,0.152138,2.500000,47.747599,15.079408,0.000000,circle,预设轨迹15,forward
1775480089.126770,28.538126,1775480100.062021|完整运动,完整运动,circle_orbit,1,1.000000,2.500000,2.500000,,,,,,,,,,,,,,,,1.525083,0.491468,1.754063,0.459511,0.000000,0.000000,0.493805,,-0.068252,0.000000,,,,0.322256,0.152520,2.500000,47.774830,15.052176,0.000000,circle,预设轨迹15,forward
1775480089.148558,28.559914,1775480100.062021|完整运动,完整运动,circle_orbit,1,1.000000,2.500000,2.500000,,,,,,,,,,,,,,,,1.528510,0.485071,1.734120,0.450846,0.000000,0.000000,0.493689,,-0.078543,0.000000,,,,0.317349,0.152863,2.500000,47.802631,15.024375,0.000000,circle,预设轨迹15,forward
1775480089.181115,28.592471,1775480100.062021|完整运动,完整运动,circle_orbit,1,1.000000,2.500000,2.500000,,,,,,,,,,,,,,,,1.531557,0.478702,1.714356,0.444651,0.000000,0.000000,0.493282,,-0.089093,0.000000,,,,0.312559,0.153167,2.500000,47.830524,14.996482,0.000000,circle,预设轨迹15,forward
1775480089.211018,28.622374,1775480100.062021|完整运动,完整运动,circle_orbit,1,1.000000,2.500000,2.500000,,,,,,,,,,,,,,,,1.533997,0.471010,1.680401,0.429915,0.000000,0.000000,0.491617,,-0.108176,0.000000,,,,0.307048,0.153412,2.500000,47.887226,14.939781,0.000000,circle,预设轨迹15,forward
1775480089.232808,28.644163,1775480100.062021|完整运动,完整运动,circle_orbit,1,1.000000,2.500000,2.500000,,,,,,,,,,,,,,,,1.535857,0.462201,1.647485,0.415159,0.000000,0.000000,0.488786,,-0.127886,0.000000,,,,0.300940,0.153598,2.500000,47.944810,14.882196,0.000000,circle,预设轨迹15,forward
1775480089.260259,28.671614,1775480100.062021|完整运动,完整运动,circle_orbit,1,1.000000,2.500000,2.500000,,,,,,,,,,,,,,,,1.537415,0.455134,1.630868,0.417412,0.000000,0.000000,0.486844,,-0.138326,0.000000,,,,0.296039,0.153753,2.500000,47.974010,14.852997,0.000000,circle,预设轨迹15,forward
1775480089.282240,28.693595,1775480100.062021|完整运动,完整运动,circle_orbit,1,1.000000,2.500000,2.500000,,,,,,,,,,,,,,,,1.538698,0.448208,1.615704,0.411250,0.000000,0.000000,0.484728,,-0.148164,0.000000,,,,0.291291,0.153882,2.500000,48.003335,14.823671,0.000000,circle,预设轨迹15,forward
1775480089.304136,28.715492,1775480100.062021|完整运动,完整运动,circle_orbit,1,1.000000,2.500000,2.500000,,,,,,,,,,,,,,,,1.539653,0.442262,1.596954,0.410539,0.000000,0.000000,0.483084,,-0.160176,0.000000,,,,0.287248,0.153977,2.500000,48.032579,14.794427,0.000000,circle,预设轨迹15,forward
1775480089.329661,28.741017,1775480100.062021|完整运动,完整运动,circle_orbit,1,1.000000,2.500000,2.500000,,,,,,,,,,,,,,,,1.540283,0.436819,1.578074,0.407788,0.000000,0.000000,0.481630,,-0.172464,0.000000,,,,0.283597,0.154040,2.500000,48.061851,14.765155,0.000000,circle,预设轨迹15,forward
1775480089.354195,28.765550,1775480100.062021|完整运动,完整运动,circle_orbit,1,1.000000,2.500000,2.500000,,,,,,,,,,,,,,,,1.540204,0.431237,1.535460,0.401459,0.000000,0.000000,0.479956,,-0.200613,0.000000,,,,0.279987,0.154032,2.500000,48.119612,14.707395,0.000000,circle,预设轨迹15,forward
1775480089.378224,28.789579,1775480100.062021|完整运动,完整运动,circle_orbit,1,1.000000,2.500000,2.500000,,,,,,,,,,,,,,,,1.539765,0.427065,1.513442,0.404810,0.000000,0.000000,0.479181,,-0.215727,0.000000,,,,0.277357,0.153988,2.500000,48.148371,14.678635,0.000000,circle,预设轨迹15,forward
1775480089.407444,28.818800,1775480100.062021|完整运动,完整运动,circle_orbit,1,1.000000,2.500000,2.500000,,,,,,,,,,,,,,,,1.538971,0.423007,1.491306,0.401354,0.000000,0.000000,0.478436,,-0.231351,0.000000,,,,0.274864,0.153909,2.500000,48.176963,14.650044,0.000000,circle,预设轨迹15,forward
1775480089.432490,28.843845,1775480100.062021|完整运动,完整运动,circle_orbit,1,1.000000,2.500000,2.500000,,,,,,,,,,,,,,,,1.537822,0.419154,1.468907,0.398590,0.000000,0.000000,0.477794,,-0.247584,0.000000,,,,0.272564,0.153794,2.500000,48.205300,14.621707,0.000000,circle,预设轨迹15,forward
1775480089.452966,28.864322,1775480100.062021|完整运动,完整运动,circle_orbit,1,1.000000,2.500000,2.500000,,,,,,,,,,,,,,,,1.536182,0.410078,1.437761,0.361613,0.000000,0.000000,0.473260,,-0.272441,0.000000,,,,0.266946,0.153630,2.500000,48.262018,14.564988,0.000000,circle,预设轨迹15,forward
1775480089.477500,28.888856,1775480100.062021|完整运动,完整运动,circle_orbit,1,1.000000,2.500000,2.500000,,,,,,,,,,,,,,,,1.534439,0.401663,1.429897,0.356708,0.000000,0.000000,0.468849,,-0.280182,0.000000,,,,0.261765,0.153456,2.500000,48.290530,14.536476,0.000000,circle,预设轨迹15,forward
1775480089.531772,28.943127,1775480100.062021|完整运动,完整运动,circle_orbit,1,1.000000,2.500000,2.500000,,,,,,,,,,,,,,,,1.532679,0.391462,1.427064,0.336944,0.000000,0.000000,0.462798,,-0.284772,0.000000,,,,0.255411,0.153280,2.500000,48.319299,14.507707,0.000000,circle,预设轨迹15,forward
1775480089.553219,28.964575,1775480100.062021|完整运动,完整运动,circle_orbit,1,1.000000,2.500000,2.500000,,,,,,,,,,,,,,,,1.530761,0.373421,1.415658,0.276944,0.000000,0.000000,0.439542,,-0.302896,0.000000,,,,0.243944,0.153088,2.500000,48.406017,14.420990,0.000000,circle,预设轨迹15,forward
1775480089.578778,28.990134,1775480100.062021|完整运动,完整运动,circle_orbit,1,1.000000,2.500000,2.500000,,,,,,,,,,,,,,,,1.528785,0.361039,1.410211,0.294792,0.000000,0.000000,0.431498,,-0.310378,0.000000,,,,0.236160,0.152890,2.500000,48.434646,14.392361,0.000000,circle,预设轨迹15,forward
1775480089.600796,29.012152,1775480100.062021|完整运动,完整运动,circle_orbit,1,1.000000,2.500000,2.500000,,,,,,,,,,,,,,,,1.526841,0.360055,1.410211,0.354792,0.000000,0.000000,0.431498,,-0.310378,0.000000,,,,0.235817,0.152696,2.500000,48.434646,14.392361,0.000000,circle,预设轨迹15,forward
1775480089.623134,29.034489,1775480100.062021|完整运动,完整运动,circle_orbit,1,1.000000,2.500000,2.500000,,,,,,,,,,,,,,,,1.524762,0.349787,1.400005,0.294792,0.000000,0.000000,0.415079,,-0.325023,0.000000,,,,0.229404,0.152488,2.500000,48.492503,14.334504,0.000000,circle,预设轨迹15,forward
1775480089.649321,29.060677,1775480100.062021|完整运动,完整运动,circle_orbit,1,1.000000,2.500000,2.500000,,,,,,,,,,,,,,,,1.522620,0.337184,1.394102,0.269647,0.000000,0.000000,0.406824,,-0.333051,0.000000,,,,0.221450,0.152274,2.500000,48.521516,14.305490,0.000000,circle,预设轨迹15,forward
1775480089.676229,29.087585,1775480100.062021|完整运动,完整运动,circle_orbit,1,1.000000,2.500000,2.500000,,,,,,,,,,,,,,,,1.520303,0.317138,1.381290,0.209647,0.000000,0.000000,0.390285,,-0.350063,0.000000,,,,0.208602,0.152042,2.500000,48.578984,14.248023,0.000000,circle,预设轨迹15,forward
1775480089.711860,29.123216,1775480100.062021|完整运动,完整运动,circle_orbit,1,1.000000,2.500000,2.500000,,,,,,,,,,,,,,,,1.517937,0.306536,1.376002,0.249654,0.000000,0.000000,0.382127,,-0.357673,0.000000,,,,0.201942,0.151805,2.500000,48.607258,14.219749,0.000000,circle,预设轨迹15,forward
1775480089.736771,29.148126,1775480100.062021|完整运动,完整运动,circle_orbit,1,1.000000,2.500000,2.500000,,,,,,,,,,,,,,,,1.515478,0.288184,1.367926,0.189654,0.000000,0.000000,0.364712,,-0.371344,0.000000,,,,0.190160,0.151559,2.500000,48.663703,14.163303,0.000000,circle,预设轨迹15,forward
1775480089.757305,29.168660,1775480100.062021|完整运动,完整运动,circle_orbit,1,1.000000,2.500000,2.500000,,,,,,,,,,,,,,,,1.513013,0.277104,1.365134,0.217577,0.000000,0.000000,0.355223,,-0.377476,0.000000,,,,0.183147,0.151313,2.500000,48.691723,14.135283,0.000000,circle,预设轨迹15,forward
1775480089.786022,29.197378,1775480100.062021|完整运动,完整运动,circle_orbit,1,1.000000,2.500000,2.500000,,,,,,,,,,,,,,,,1.510546,0.266066,1.362515,0.206730,0.000000,0.000000,0.345388,,-0.383610,0.000000,,,,0.176139,0.151066,2.500000,48.719868,14.107138,0.000000,circle,预设轨迹15,forward
1775480089.813425,29.224780,1775480100.062021|完整运动,完整运动,circle_orbit,1,1.000000,2.500000,2.500000,,,,,,,,,,,,,,,,1.508079,0.255157,1.360057,0.196477,0.000000,0.000000,0.335292,,-0.389721,0.000000,,,,0.169194,0.150820,2.500000,48.747870,14.079136,0.000000,circle,预设轨迹15,forward
1775480089.841408,29.252764,1775480100.062021|完整运动,完整运动,circle_orbit,1,1.000000,2.500000,2.500000,,,,,,,,,,,,,,,,1.505536,0.236564,1.352975,0.136477,0.000000,0.000000,0.315228,,-0.403761,0.000000,,,,0.157129,0.150565,2.500000,48.803164,14.023842,0.000000,circle,预设轨迹15,forward
1775480089.861803,29.273159,1775480100.062021|完整运动,完整运动,circle_orbit,1,1.000000,2.500000,2.500000,,,,,,,,,,,,,,,,1.502991,0.226398,1.350270,0.171644,0.000000,0.000000,0.304898,,-0.410207,0.000000,,,,0.150632,0.150311,2.500000,48.830691,13.996316,0.000000,circle,预设轨迹15,forward
1775480089.885869,29.297225,1775480100.062021|完整运动,完整运动,circle_orbit,1,1.000000,2.500000,2.500000,,,,,,,,,,,,,,,,1.500458,0.216084,1.348471,0.160487,0.000000,0.000000,0.294194,,-0.416033,0.000000,,,,0.144012,0.150057,2.500000,48.858110,13.968897,0.000000,circle,预设轨迹15,forward
1775480089.906478,29.317834,1775480100.062021|完整运动,完整运动,circle_orbit,1,1.000000,2.500000,2.500000,,,,,,,,,,,,,,,,1.497958,0.205359,1.347955,0.147517,0.000000,0.000000,0.282917,,-0.420988,0.000000,,,,0.137093,0.149807,2.500000,48.885710,13.941297,0.000000,circle,预设轨迹15,forward
1775480089.930150,29.341506,1775480100.062021|完整运动,完整运动,circle_orbit,1,1.000000,2.500000,2.500000,,,,,,,,,,,,,,,,1.495485,0.194751,1.347112,0.137502,0.000000,0.000000,0.271448,,-0.426301,0.000000,,,,0.130226,0.149560,2.500000,48.913415,13.913591,0.000000,circle,预设轨迹15,forward
1775480089.957079,29.368434,1775480100.062021|完整运动,完整运动,circle_orbit,1,1.000000,2.500000,2.500000,,,,,,,,,,,,,,,,1.493026,0.184861,1.345494,0.131448,0.000000,0.000000,0.260259,,-0.432172,0.000000,,,,0.123816,0.149314,2.500000,48.940788,13.886219,0.000000,circle,预设轨迹15,forward
1775480089.979296,29.390651,1775480100.062021|完整运动,完整运动,circle_orbit,1,1.000000,2.500000,2.500000,,,,,,,,,,,,,,,,1.490594,0.167151,1.344671,0.071448,0.000000,0.000000,0.237724,,-0.441897,0.000000,,,,0.112137,0.149071,2.500000,48.995659,13.831348,0.000000,circle,预设轨迹15,forward
1775480090.000826,29.412181,1775480100.062021|完整运动,完整运动,circle_orbit,1,1.000000,2.500000,2.500000,,,,,,,,,,,,,,,,1.488202,0.161579,1.344671,0.131448,0.000000,0.000000,0.237724,,-0.441897,0.000000,,,,0.108573,0.148832,2.500000,48.995659,13.831348,0.000000,circle,预设轨迹15,forward
1775480090.021385,29.432741,1775480100.062021|完整运动,完整运动,circle_orbit,1,1.000000,2.500000,2.500000,,,,,,,,,,,,,,,,1.485875,0.147519,1.346263,0.071448,0.000000,0.000000,0.214333,,-0.449880,0.000000,,,,0.099281,0.148599,2.500000,49.050971,13.776036,0.000000,circle,预设轨迹15,forward
1775480090.041770,29.453126,1775480100.062021|完整运动,完整运动,circle_orbit,1,1.000000,2.500000,2.500000,,,,,,,,,,,,,,,,1.483614,0.137530,1.347977,0.083456,0.000000,0.000000,0.202200,,-0.453259,0.000000,,,,0.092700,0.148373,2.500000,49.078698,13.748309,0.000000,circle,预设轨迹15,forward
1775480090.067200,29.478556,1775480100.062021|完整运动,完整运动,circle_orbit,1,1.000000,2.500000,2.500000,,,,,,,,,,,,,,,,1.481409,0.128015,1.349059,0.076470,0.000000,0.000000,0.190215,,-0.457123,0.000000,,,,0.086414,0.148152,2.500000,49.106306,13.720700,0.000000,circle,预设轨迹15,forward
1775480090.097497,29.508852,1775480100.062021|完整运动,完整运动,circle_orbit,1,1.000000,2.500000,2.500000,,,,,,,,,,,,,,,,1.479262,0.118454,1.350473,0.066637,0.000000,0.000000,0.178019,,-0.460789,0.000000,,,,0.080076,0.147938,2.500000,49.133859,13.693148,0.000000,circle,预设轨迹15,forward
1775480090.119274,29.530630,1775480100.062021|完整运动,完整运动,circle_orbit,1,1.000000,2.500000,2.500000,,,,,,,,,,,,,,,,1.477207,0.101044,1.353893,0.006637,0.000000,0.000000,0.153296,,-0.467756,0.000000,,,,0.068402,0.147732,2.500000,49.188442,13.638564,0.000000,circle,预设轨迹15,forward
1775480090.142994,29.554350,1775480100.062021|完整运动,完整运动,circle_orbit,1,1.000000,2.500000,2.500000,,,,,,,,,,,,,,,,1.475221,0.091882,1.356101,0.042173,0.000000,0.000000,0.141091,,-0.470760,0.000000,,,,0.062284,0.147534,2.500000,49.214526,13.612480,0.000000,circle,预设轨迹15,forward
1775480090.172626,29.583982,1775480100.062021|完整运动,完整运动,circle_orbit,1,1.000000,2.500000,2.500000,,,,,,,,,,,,,,,,1.473363,0.074815,1.361836,-0.017827,0.000000,0.000000,0.115622,,-0.476096,0.000000,,,,0.050778,0.147348,2.500000,49.267161,13.559845,0.000000,circle,预设轨迹15,forward
1775480090.201044,29.612400,1775480100.062021|完整运动,完整运动,circle_orbit,1,1.000000,2.500000,2.500000,,,,,,,,,,,,,,,,1.471577,0.065190,1.364464,0.012919,0.000000,0.000000,0.102828,,-0.479004,0.000000,,,,0.044299,0.147169,2.500000,49.293325,13.533682,0.000000,circle,预设轨迹15,forward
1775480090.231287,29.642643,1775480100.062021|完整运动,完整运动,circle_orbit,1,1.000000,2.500000,2.500000,,,,,,,,,,,,,,,,1.469866,0.055902,1.367154,0.005440,0.000000,0.000000,0.090085,,-0.481848,0.000000,,,,0.038032,0.146998,2.500000,49.319402,13.507605,0.000000,circle,预设轨迹15,forward
1775480090.251612,29.662968,1775480100.062021|完整运动,完整运动,circle_orbit,1,1.000000,2.500000,2.500000,,,,,,,,,,,,,,,,1.468296,0.038736,1.374146,-0.054560,0.000000,0.000000,0.064720,,-0.486180,0.000000,,,,0.026382,0.146841,2.500000,49.371468,13.455539,0.000000,circle,预设轨迹15,forward
1775480090.273200,29.684556,1775480100.062021|完整运动,完整运动,circle_orbit,1,1.000000,2.500000,2.500000,,,,,,,,,,,,,,,,1.466753,0.033564,1.374146,0.005440,0.000000,0.000000,0.064720,,-0.486180,0.000000,,,,0.022883,0.146687,2.500000,49.371468,13.455539,0.000000,circle,预设轨迹15,forward
1775480090.298270,29.709625,1775480100.062021|完整运动,完整运动,circle_orbit,1,1.000000,2.500000,2.500000,,,,,,,,,,,,,,,,1.465379,0.019879,1.382947,-0.054560,0.000000,0.000000,0.039148,,-0.489173,0.000000,,,,0.013566,0.146549,2.500000,49.423301,13.403705,0.000000,circle,预设轨迹15,forward
1775480090.318950,29.730306,1775480100.062021|完整运动,完整运动,circle_orbit,1,1.000000,2.500000,2.500000,,,,,,,,,,,,,,,,1.464106,0.011526,1.387737,-0.033924,0.000000,0.000000,0.026340,,-0.490397,0.000000,,,,0.007872,0.146422,2.500000,49.449356,13.377651,0.000000,circle,预设轨迹15,forward
1775480090.346143,29.757499,1775480100.062021|完整运动,完整运动,circle_orbit,1,1.000000,2.500000,2.500000,,,,,,,,,,,,,,,,1.462949,0.003280,1.393531,-0.041596,0.000000,0.000000,0.013493,,-0.490855,0.000000,,,,0.002242,0.146306,2.500000,49.475533,13.351474,0.000000,circle,预设轨迹15,forward
1775480090.377446,29.788802,1775480100.062021|完整运动,完整运动,circle_orbit,1,1.000000,2.500000,2.500000,,,,,,,,,,,,,,,,1.461813,-0.012994,1.393653,-0.101596,0.000000,0.000000,-0.012421,,-0.491185,0.000000,,,,0.008889,0.146193,2.500000,49.527879,13.299128,0.000000,circle,预设轨迹15,forward
1775480090.399168,29.810524,1775480100.062021|完整运动,完整运动,circle_orbit,1,1.000000,2.500000,2.500000,,,,,,,,,,,,,,,,1.460596,-0.021313,1.387569,-0.066617,0.000000,0.000000,-0.025499,,-0.490869,0.000000,,,,0.014592,0.146071,2.500000,49.554022,13.272984,0.000000,circle,预设轨迹15,forward
1775480090.420083,29.831439,1775480100.062021|完整运动,完整运动,circle_orbit,1,1.000000,2.500000,2.500000,,,,,,,,,,,,,,,,1.459303,-0.029589,1.381709,-0.074678,0.000000,0.000000,-0.038684,,-0.490372,0.000000,,,,0.020276,0.145942,2.500000,49.580171,13.246835,0.000000,circle,预设轨迹15,forward
1775480090.450246,29.861601,1775480100.062021|完整运动,完整运动,circle_orbit,1,1.000000,2.500000,2.500000,,,,,,,,,,,,,,,,1.457939,-0.038086,1.376083,-0.084394,0.000000,0.000000,-0.052172,,-0.489599,0.000000,,,,0.026123,0.145805,2.500000,49.606258,13.220748,0.000000,circle,预设轨迹15,forward
1775480090.491117,29.902473,1775480100.062021|完整运动,完整运动,circle_orbit,1,1.000000,2.500000,2.500000,,,,,,,,,,,,,,,,1.456412,-0.054563,1.364792,-0.144394,0.000000,0.000000,-0.079442,,-0.488084,0.000000,,,,0.037464,0.145652,2.500000,49.658469,13.168538,0.000000,circle,预设轨迹15,forward
1775480090.514130,29.925486,1775480100.062021|完整运动,完整运动,circle_orbit,1,1.000000,2.500000,2.500000,,,,,,,,,,,,,,,,1.454727,-0.077777,1.353665,-0.204394,0.000000,0.000000,-0.106605,,-0.486628,0.000000,,,,0.053465,0.145484,2.500000,49.710510,13.116497,0.000000,circle,预设轨迹15,forward
1775480090.534584,29.945939,1775480100.062021|完整运动,完整运动,circle_orbit,1,1.000000,2.500000,2.500000,,,,,,,,,,,,,,,,1.452981,-0.088095,1.348204,-0.144394,0.000000,0.000000,-0.120080,,-0.485914,0.000000,,,,0.060630,0.145309,2.500000,49.736493,13.090513,0.000000,circle,预设轨迹15,forward
1775480090.555718,29.967073,1775480100.062021|完整运动,完整运动,circle_orbit,1,1.000000,2.500000,2.500000,,,,,,,,,,,,,,,,1.451263,-0.087522,1.348204,-0.084394,0.000000,0.000000,-0.120080,,-0.485914,0.000000,,,,0.060307,0.145138,2.500000,49.736493,13.090513,0.000000,circle,预设轨迹15,forward
1775480090.593349,30.004705,1775480100.062021|完整运动,完整运动,circle_orbit,1,1.000000,2.500000,2.500000,,,,,,,,,,,,,,,,1.449407,-0.096323,1.338042,-0.144394,0.000000,0.000000,-0.146504,,-0.484145,0.000000,,,,0.066457,0.144952,2.500000,49.788693,13.038313,0.000000,circle,预设轨迹15,forward
1775480090.614012,30.025368,1775480100.062021|完整运动,完整运动,circle_orbit,1,1.000000,2.500000,2.500000,,,,,,,,,,,,,,,,1.447467,-0.113041,1.331064,-0.204394,0.000000,0.000000,-0.172859,,-0.479724,0.000000,,,,0.078096,0.144758,2.500000,49.841110,12.985897,0.000000,circle,预设轨迹15,forward
1775480090.651901,30.063256,1775480100.062021|完整运动,完整运动,circle_orbit,1,1.000000,2.500000,2.500000,,,,,,,,,,,,,,,,1.445506,-0.119454,1.327822,-0.154514,0.000000,0.000000,-0.185821,,-0.477405,0.000000,,,,0.082638,0.144562,2.500000,49.867344,12.959662,0.000000,circle,预设轨迹15,forward
1775480090.689295,30.100650,1775480100.062021|完整运动,完整运动,circle_orbit,1,1.000000,2.500000,2.500000,,,,,,,,,,,,,,,,1.443527,-0.125554,1.324808,-0.158922,0.000000,0.000000,-0.198581,,-0.474978,0.000000,,,,0.086977,0.144364,2.500000,49.893710,12.933297,0.000000,circle,预设轨迹15,forward
1775480090.713068,30.124424,1775480100.062021|完整运动,完整运动,circle_orbit,1,1.000000,2.500000,2.500000,,,,,,,,,,,,,,,,1.441465,-0.139978,1.317765,-0.218922,0.000000,0.000000,-0.236486,,-0.466118,0.000000,,,,0.097108,0.144158,2.500000,49.972994,12.854013,0.000000,circle,预设轨迹15,forward
1775480090.738081,30.149436,1775480100.062021|完整运动,完整运动,circle_orbit,1,1.000000,2.500000,2.500000,,,,,,,,,,,,,,,,1.439406,-0.147240,1.315826,-0.187003,0.000000,0.000000,-0.249242,,-0.462762,0.000000,,,,0.102292,0.143952,2.500000,49.999352,12.827655,0.000000,circle,预设轨迹15,forward
1775480090.763106,30.174461,1775480100.062021|完整运动,完整运动,circle_orbit,1,1.000000,2.500000,2.500000,,,,,,,,,,,,,,,,1.437344,-0.154174,1.313643,-0.192162,0.000000,0.000000,-0.261947,,-0.459654,0.000000,,,,0.107263,0.143746,2.500000,50.025878,12.801128,0.000000,circle,预设轨迹15,forward
1775480090.789215,30.200571,1775480100.062021|完整运动,完整运动,circle_orbit,1,1.000000,2.500000,2.500000,,,,,,,,,,,,,,,,1.435289,-0.160936,1.311951,-0.198004,0.000000,0.000000,-0.274694,,-0.456088,0.000000,,,,0.112128,0.143540,2.500000,50.052369,12.774637,0.000000,circle,预设轨迹15,forward
1775480090.815280,30.226635,1775480100.062021|完整运动,完整运动,circle_orbit,1,1.000000,2.500000,2.500000,,,,,,,,,,,,,,,,1.433243,-0.167351,1.310485,-0.202537,0.000000,0.000000,-0.287328,,-0.452367,0.000000,,,,0.116764,0.143335,2.500000,50.078910,12.748096,0.000000,circle,预设轨迹15,forward
1775480090.836330,30.247686,1775480100.062021|完整运动,完整运动,circle_orbit,1,1.000000,2.500000,2.500000,,,,,,,,,,,,,,,,1.431178,-0.182024,1.307317,-0.262537,0.000000,0.000000,-0.312362,,-0.445241,0.000000,,,,0.127185,0.143129,2.500000,50.132264,12.694743,0.000000,circle,预设轨迹15,forward
1775480090.858406,30.269761,1775480100.062021|完整运动,完整运动,circle_orbit,1,1.000000,2.500000,2.500000,,,,,,,,,,,,,,,,1.429124,-0.187848,1.305873,-0.219824,0.000000,0.000000,-0.324825,,-0.441577,0.000000,,,,0.131443,0.142923,2.500000,50.158974,12.668033,0.000000,circle,预设轨迹15,forward
1775480090.883809,30.295165,1775480100.062021|完整运动,完整运动,circle_orbit,1,1.000000,2.500000,2.500000,,,,,,,,,,,,,,,,1.427080,-0.193419,1.304455,-0.224024,0.000000,0.000000,-0.337186,,-0.437934,0.000000,,,,0.135535,0.142719,2.500000,50.185767,12.641239,0.000000,circle,预设轨迹15,forward
1775480090.904660,30.316016,1775480100.062021|完整运动,完整运动,circle_orbit,1,1.000000,2.500000,2.500000,,,,,,,,,,,,,,,,1.425048,-0.198376,1.303084,-0.225619,0.000000,0.000000,-0.349146,,-0.434409,0.000000,,,,0.139207,0.142516,2.500000,50.212834,12.614173,0.000000,circle,预设轨迹15,forward
1775480090.928353,30.339709,1775480100.062021|完整运动,完整运动,circle_orbit,1,1.000000,2.500000,2.500000,,,,,,,,,,,,,,,,1.423025,-0.211801,1.301684,-0.285619,0.000000,0.000000,-0.372528,,-0.426345,0.000000,,,,0.148838,0.142313,2.500000,50.268190,12.558817,0.000000,circle,预设轨迹15,forward
1775480090.958843,30.370199,1775480100.062021|完整运动,完整运动,circle_orbit,1,1.000000,2.500000,2.500000,,,,,,,,,,,,,,,,1.421036,-0.213926,1.301684,-0.225619,0.000000,0.000000,-0.372528,,-0.426345,0.000000,,,,0.150542,0.142115,2.500000,50.268190,12.558817,0.000000,circle,预设轨迹15,forward
1775480090.984897,30.396253,1775480100.062021|完整运动,完整运动,circle_orbit,1,1.000000,2.500000,2.500000,,,,,,,,,,,,,,,,1.419077,-0.224948,1.301513,-0.285619,0.000000,0.000000,-0.395587,,-0.417279,0.000000,,,,0.158517,0.141919,2.500000,50.323782,12.503225,0.000000,circle,预设轨迹15,forward
1775480091.022608,30.433964,1775480100.062021|完整运动,完整运动,circle_orbit,1,1.000000,2.500000,2.500000,,,,,,,,,,,,,,,,1.417144,-0.227914,1.301177,-0.244247,0.000000,0.000000,-0.406770,,-0.413115,0.000000,,,,0.160826,0.141725,2.500000,50.351895,12.475111,0.000000,circle,预设轨迹15,forward
1775480091.054401,30.465757,1775480100.062021|完整运动,完整运动,circle_orbit,1,1.000000,2.500000,2.500000,,,,,,,,,,,,,,,,1.415257,-0.239640,1.302053,-0.304247,0.000000,0.000000,-0.428925,,-0.403445,0.000000,,,,0.169326,0.141537,2.500000,50.408706,12.418300,0.000000,circle,预设轨迹15,forward
1775480091.075873,30.487229,1775480100.062021|完整运动,完整运动,circle_orbit,1,1.000000,2.500000,2.500000,,,,,,,,,,,,,,,,1.413423,-0.256737,1.303395,-0.350983,0.000000,0.000000,-0.451127,,-0.393328,0.000000,,,,0.181642,0.141353,2.500000,50.465073,12.361934,0.000000,circle,预设轨迹15,forward
1775480091.096238,30.507594,1775480100.062021|完整运动,完整运动,circle_orbit,1,1.000000,2.500000,2.500000,,,,,,,,,,,,,,,,1.411633,-0.261994,1.304207,-0.290983,0.000000,0.000000,-0.462299,,-0.388112,0.000000,,,,0.185596,0.141174,2.500000,50.493355,12.333651,0.000000,circle,预设轨迹15,forward
1775480091.125989,30.537345,1775480100.062021|完整运动,完整运动,circle_orbit,1,1.000000,2.500000,2.500000,,,,,,,,,,,,,,,,1.409872,-0.257235,1.304207,-0.230983,0.000000,0.000000,-0.462299,,-0.388112,0.000000,,,,0.182453,0.140998,2.500000,50.493355,12.333651,0.000000,circle,预设轨迹15,forward
1775480091.149556,30.560912,1775480100.062021|完整运动,完整运动,circle_orbit,1,1.000000,2.500000,2.500000,,,,,,,,,,,,,,,,1.408177,-0.262412,1.306475,-0.290983,0.000000,0.000000,-0.484766,,-0.377045,0.000000,,,,0.186348,0.140829,2.500000,50.550391,12.276615,0.000000,circle,预设轨迹15,forward
1775480091.180665,30.592021,1775480100.062021|完整运动,完整运动,circle_orbit,1,1.000000,2.500000,2.500000,,,,,,,,,,,,,,,,1.406540,-0.265434,1.308328,-0.282126,0.000000,0.000000,-0.496085,,-0.370823,0.000000,,,,0.188714,0.140665,2.500000,50.579042,12.247964,0.000000,circle,预设轨迹15,forward
1775480091.208698,30.620054,1775480100.062021|完整运动,完整运动,circle_orbit,1,1.000000,2.500000,2.500000,,,,,,,,,,,,,,,,1.404979,-0.277189,1.311299,-0.342126,0.000000,0.000000,-0.518150,,-0.359291,0.000000,,,,0.197291,0.140509,2.500000,50.634814,12.192193,0.000000,circle,预设轨迹15,forward
1775480091.237125,30.648481,1775480100.062021|完整运动,完整运动,circle_orbit,1,1.000000,2.500000,2.500000,,,,,,,,,,,,,,,,1.403469,-0.279311,1.312924,-0.291040,0.000000,0.000000,-0.528832,,-0.353542,0.000000,,,,0.199015,0.140358,2.500000,50.662901,12.164105,0.000000,circle,预设轨迹15,forward
1775480091.265891,30.677247,1775480100.062021|完整运动,完整运动,circle_orbit,1,1.000000,2.500000,2.500000,,,,,,,,,,,,,,,,1.402052,-0.290299,1.317025,-0.351040,0.000000,0.000000,-0.548966,,-0.341783,0.000000,,,,0.207053,0.140216,2.500000,50.720067,12.106940,0.000000,circle,预设轨迹15,forward
1775480091.288009,30.699365,1775480100.062021|完整运动,完整运动,circle_orbit,1,1.000000,2.500000,2.500000,,,,,,,,,,,,,,,,1.400706,-0.290813,1.319942,-0.293655,0.000000,0.000000,-0.558487,,-0.335352,0.000000,,,,0.207619,0.140081,2.500000,50.748872,12.078135,0.000000,circle,预设轨迹15,forward
1775480091.308669,30.720025,1775480100.062021|完整运动,完整运动,circle_orbit,1,1.000000,2.500000,2.500000,,,,,,,,,,,,,,,,1.399521,-0.300433,1.328389,-0.353655,0.000000,0.000000,-0.577282,,-0.320306,0.000000,,,,0.214669,0.139963,2.500000,50.805860,12.021147,0.000000,circle,预设轨迹15,forward
1775480091.333514,30.744870,1775480100.062021|完整运动,完整运动,circle_orbit,1,1.000000,2.500000,2.500000,,,,,,,,,,,,,,,,1.398429,-0.300185,1.332940,-0.298811,0.000000,0.000000,-0.586175,,-0.312733,0.000000,,,,0.214659,0.139854,2.500000,50.834100,11.992907,0.000000,circle,预设轨迹15,forward
1775480091.361529,30.772885,1775480100.062021|完整运动,完整运动,circle_orbit,1,1.000000,2.500000,2.500000,,,,,,,,,,,,,,,,1.397438,-0.300062,1.337984,-0.299381,0.000000,0.000000,-0.594927,,-0.304812,0.000000,,,,0.214723,0.139755,2.500000,50.862672,11.964334,0.000000,circle,预设轨迹15,forward
1775480091.391133,30.802489,1775480100.062021|完整运动,完整运动,circle_orbit,1,1.000000,2.500000,2.500000,,,,,,,,,,,,,,,,1.396564,-0.300083,1.344084,-0.300202,0.000000,0.000000,-0.603580,,-0.296051,0.000000,,,,0.214873,0.139667,2.500000,50.891341,11.935665,0.000000,circle,预设轨迹15,forward
1775480091.412128,30.823483,1775480100.062021|完整运动,完整运动,circle_orbit,1,1.000000,2.500000,2.500000,,,,,,,,,,,,,,,,1.395901,-0.309280,1.356128,-0.360202,0.000000,0.000000,-0.620590,,-0.278923,0.000000,,,,0.221563,0.139601,2.500000,50.948663,11.878344,0.000000,circle,预设轨迹15,forward
1775480091.433735,30.845091,1775480100.062021|完整运动,完整运动,circle_orbit,1,1.000000,2.500000,2.500000,,,,,,,,,,,,,,,,1.395356,-0.308894,1.362663,-0.306753,0.000000,0.000000,-0.629014,,-0.270027,0.000000,,,,0.221373,0.139546,2.500000,50.977352,11.849655,0.000000,circle,预设轨迹15,forward
1775480091.460963,30.872319,1775480100.062021|完整运动,完整运动,circle_orbit,1,1.000000,2.500000,2.500000,,,,,,,,,,,,,,,,1.394939,-0.308673,1.369925,-0.307452,0.000000,0.000000,-0.637359,,-0.260610,0.000000,,,,0.221281,0.139505,2.500000,51.005979,11.821027,0.000000,circle,预设轨迹15,forward
1775480091.493387,30.904742,1775480100.062021|完整运动,完整运动,circle_orbit,1,1.000000,2.500000,2.500000,,,,,,,,,,,,,,,,1.394645,-0.308420,1.377001,-0.307015,0.000000,0.000000,-0.645493,,-0.251495,0.000000,,,,0.221146,0.139475,2.500000,51.034684,11.792323,0.000000,circle,预设轨迹15,forward
1775480091.518474,30.929830,1775480100.062021|完整运动,完整运动,circle_orbit,1,1.000000,2.500000,2.500000,,,,,,,,,,,,,,,,1.394593,-0.317381,1.391500,-0.367015,0.000000,0.000000,-0.661209,,-0.233384,0.000000,,,,0.227579,0.139470,2.500000,51.092388,11.734618,0.000000,circle,预设轨迹15,forward
1775480091.539209,30.950564,1775480100.062021|完整运动,完整运动,circle_orbit,1,1.000000,2.500000,2.500000,,,,,,,,,,,,,,,,1.394662,-0.316045,1.398796,-0.308647,0.000000,0.000000,-0.668679,,-0.224540,0.000000,,,,0.226611,0.139477,2.500000,51.121270,11.705737,0.000000,circle,预设轨迹15,forward
1775480091.562166,30.973522,1775480100.062021|完整运动,完整运动,circle_orbit,1,1.000000,2.500000,2.500000,,,,,,,,,,,,,,,,1.394860,-0.314793,1.406709,-0.307857,0.000000,0.000000,-0.675968,,-0.215340,0.000000,,,,0.225681,0.139497,2.500000,51.150187,11.676820,0.000000,circle,预设轨迹15,forward
1775480091.591126,31.002482,1775480100.062021|完整运动,完整运动,circle_orbit,1,1.000000,2.500000,2.500000,,,,,,,,,,,,,,,,1.395192,-0.313486,1.415114,-0.306245,0.000000,0.000000,-0.682992,,-0.205934,0.000000,,,,0.224690,0.139530,2.500000,51.179193,11.647814,0.000000,circle,预设轨迹15,forward
1775480091.618949,31.030304,1775480100.062021|完整运动,完整运动,circle_orbit,1,1.000000,2.500000,2.500000,,,,,,,,,,,,,,,,1.395802,-0.319602,1.432383,-0.353470,0.000000,0.000000,-0.695658,,-0.187554,0.000000,,,,0.228974,0.139591,2.500000,51.238038,11.588968,0.000000,circle,预设轨迹15,forward
1775480091.654188,31.065544,1775480100.062021|完整运动,完整运动,circle_orbit,1,1.000000,2.500000,2.500000,,,,,,,,,,,,,,,,1.396566,-0.316808,1.442456,-0.301337,0.000000,0.000000,-0.701563,,-0.177575,0.000000,,,,0.226848,0.139667,2.500000,51.267873,11.559133,0.000000,circle,预设轨迹15,forward
1775480091.683601,31.094957,1775480100.062021|完整运动,完整运动,circle_orbit,1,1.000000,2.500000,2.500000,,,,,,,,,,,,,,,,1.397685,-0.321403,1.464827,-0.346837,0.000000,0.000000,-0.712997,,-0.156458,0.000000,,,,0.229954,0.139779,2.500000,51.327385,11.499622,0.000000,circle,预设轨迹15,forward
1775480091.713237,31.124593,1775480100.062021|完整运动,完整运动,circle_orbit,1,1.000000,2.500000,2.500000,,,,,,,,,,,,,,,,1.398975,-0.317863,1.476353,-0.298274,0.000000,0.000000,-0.718200,,-0.146049,0.000000,,,,0.227211,0.139908,2.500000,51.357329,11.469678,0.000000,circle,预设轨迹15,forward
1775480091.744712,31.156068,1775480100.062021|完整运动,完整运动,circle_orbit,1,1.000000,2.500000,2.500000,,,,,,,,,,,,,,,,1.400653,-0.320276,1.501340,-0.333623,0.000000,0.000000,-0.727766,,-0.124608,0.000000,,,,0.228662,0.140076,2.500000,51.417372,11.409635,0.000000,circle,预设轨迹15,forward
1775480091.766277,31.177633,1775480100.062021|完整运动,完整运动,circle_orbit,1,1.000000,2.500000,2.500000,,,,,,,,,,,,,,,,1.402527,-0.315820,1.514939,-0.291189,0.000000,0.000000,-0.731988,,-0.113577,0.000000,,,,0.225179,0.140263,2.500000,51.447548,11.379458,0.000000,circle,预设轨迹15,forward
1775480091.787668,31.199023,1775480100.062021|完整运动,完整运动,circle_orbit,1,1.000000,2.500000,2.500000,,,,,,,,,,,,,,,,1.404608,-0.311583,1.529504,-0.288174,0.000000,0.000000,-0.736022,,-0.102141,0.000000,,,,0.221829,0.140472,2.500000,51.477859,11.349147,0.000000,circle,预设轨迹15,forward
1775480091.811054,31.222410,1775480100.062021|完整运动,完整运动,circle_orbit,1,1.000000,2.500000,2.500000,,,,,,,,,,,,,,,,1.406893,-0.307311,1.543999,-0.283725,0.000000,0.000000,-0.739704,,-0.091078,0.000000,,,,0.218433,0.140700,2.500000,51.508160,11.318846,0.000000,circle,预设轨迹15,forward
1775480091.833048,31.244404,1775480100.062021|完整运动,完整运动,circle_orbit,1,1.000000,2.500000,2.500000,,,,,,,,,,,,,,,,1.409651,-0.307331,1.575121,-0.307441,0.000000,0.000000,-0.746459,,-0.068380,0.000000,,,,0.218019,0.140976,2.500000,51.568608,11.258398,0.000000,circle,预设轨迹15,forward
1775480091.856328,31.267683,1775480100.062021|完整运动,完整运动,circle_orbit,1,1.000000,2.500000,2.500000,,,,,,,,,,,,,,,,1.412624,-0.302591,1.590980,-0.276457,0.000000,0.000000,-0.749463,,-0.057291,0.000000,,,,0.214205,0.141273,2.500000,51.598724,11.228283,0.000000,circle,预设轨迹15,forward
1775480091.876698,31.288054,1775480100.062021|完整运动,完整运动,circle_orbit,1,1.000000,2.500000,2.500000,,,,,,,,,,,,,,,,1.415810,-0.297922,1.606995,-0.272198,0.000000,0.000000,-0.752211,,-0.046404,0.000000,,,,0.210425,0.141592,2.500000,51.629129,11.197878,0.000000,circle,预设轨迹15,forward
1775480091.898862,31.310218,1775480100.062021|完整运动,完整运动,circle_orbit,1,1.000000,2.500000,2.500000,,,,,,,,,,,,,,,,1.419212,-0.293136,1.623347,-0.266794,0.000000,0.000000,-0.754582,,-0.035662,0.000000,,,,0.206548,0.141932,2.500000,51.659612,11.167395,0.000000,circle,预设轨迹15,forward
1775480091.919401,31.330756,1775480100.062021|完整运动,完整运动,circle_orbit,1,1.000000,2.500000,2.500000,,,,,,,,,,,,,,,,1.422841,-0.288128,1.640542,-0.260592,0.000000,0.000000,-0.756504,,-0.024804,0.000000,,,,0.202502,0.142295,2.500000,51.690685,11.136322,0.000000,circle,预设轨迹15,forward
1775480091.941092,31.352448,1775480100.062021|完整运动,完整运动,circle_orbit,1,1.000000,2.500000,2.500000,,,,,,,,,,,,,,,,1.426716,-0.283034,1.659230,-0.255049,0.000000,0.000000,-0.758090,,-0.013442,0.000000,,,,0.198382,0.142683,2.500000,51.721863,11.105143,0.000000,circle,预设轨迹15,forward
1775480091.971470,31.382826,1775480100.062021|完整运动,完整运动,circle_orbit,1,1.000000,2.500000,2.500000,,,,,,,,,,,,,,,,1.430840,-0.277798,1.678301,-0.249059,0.000000,0.000000,-0.759305,,-0.002256,0.000000,,,,0.194150,0.143095,2.500000,51.753063,11.073943,0.000000,circle,预设轨迹15,forward
1775480092.006934,31.418290,1775480100.062021|完整运动,完整运动,circle_orbit,1,1.000000,2.500000,2.500000,,,,,,,,,,,,,,,,1.434381,-0.273165,1.646792,-0.247764,0.000000,0.000000,-0.760754,,0.019489,0.000000,,,,0.190441,0.143449,2.500000,51.815737,11.011270,0.000000,circle,预设轨迹15,forward
1775480092.028740,31.440096,1775480100.062021|完整运动,完整运动,circle_orbit,1,1.000000,2.500000,2.500000,,,,,,,,,,,,,,,,1.437568,-0.266877,1.628797,-0.232429,0.000000,0.000000,-0.760715,,0.029987,0.000000,,,,0.185645,0.143768,2.500000,51.847274,10.979733,0.000000,circle,预设轨迹15,forward
1775480092.049258,31.460614,1775480100.062021|完整运动,完整运动,circle_orbit,1,1.000000,2.500000,2.500000,,,,,,,,,,,,,,,,1.440116,-0.260040,1.593039,-0.222606,0.000000,0.000000,-0.759979,,0.051815,0.000000,,,,0.180568,0.144023,2.500000,51.910375,10.916631,0.000000,circle,预设轨迹15,forward
1775480092.072615,31.483971,1775480100.062021|完整运动,完整运动,circle_orbit,1,1.000000,2.500000,2.500000,,,,,,,,,,,,,,,,1.442623,-0.254589,1.593039,-0.224764,0.000000,0.000000,-0.759979,,0.051815,0.000000,,,,0.176476,0.144273,2.500000,51.910375,10.916631,0.000000,circle,预设轨迹15,forward
1775480092.104431,31.515787,1775480100.062021|完整运动,完整运动,circle_orbit,1,1.000000,2.500000,2.500000,,,,,,,,,,,,,,,,1.444525,-0.247302,1.558599,-0.207457,0.000000,0.000000,-0.758372,,0.074131,0.000000,,,,0.171200,0.144464,2.500000,51.973489,10.853518,0.000000,circle,预设轨迹15,forward
1775480092.135360,31.546716,1775480100.062021|完整运动,完整运动,circle_orbit,1,1.000000,2.500000,2.500000,,,,,,,,,,,,,,,,1.446125,-0.240997,1.542159,-0.206530,0.000000,0.000000,-0.757205,,0.085284,0.000000,,,,0.166650,0.144624,2.500000,52.005055,10.821952,0.000000,circle,预设轨迹15,forward
1775480092.158310,31.569666,1775480100.062021|完整运动,完整运动,circle_orbit,1,1.000000,2.500000,2.500000,,,,,,,,,,,,,,,,1.447440,-0.234656,1.526357,-0.200007,0.000000,0.000000,-0.755770,,0.096348,0.000000,,,,0.162118,0.144755,2.500000,52.036522,10.790484,0.000000,circle,预设轨迹15,forward
1775480092.178650,31.590006,1775480100.062021|完整运动,完整运动,circle_orbit,1,1.000000,2.500000,2.500000,,,,,,,,,,,,,,,,1.448284,-0.225139,1.498876,-0.173141,0.000000,0.000000,-0.751676,,0.116754,0.000000,,,,0.155452,0.144840,2.500000,52.099748,10.727258,0.000000,circle,预设轨迹15,forward
1775480092.202580,31.613936,1775480100.062021|完整运动,完整运动,circle_orbit,1,1.000000,2.500000,2.500000,,,,,,,,,,,,,,,,1.448901,-0.217996,1.485957,-0.178976,0.000000,0.000000,-0.748993,,0.126890,0.000000,,,,0.150456,0.144901,2.500000,52.131815,10.695192,0.000000,circle,预设轨迹15,forward
1775480092.228019,31.639375,1775480100.062021|完整运动,完整运动,circle_orbit,1,1.000000,2.500000,2.500000,,,,,,,,,,,,,,,,1.449291,-0.210937,1.472647,-0.172383,0.000000,0.000000,-0.746124,,0.137542,0.000000,,,,0.145545,0.144940,2.500000,52.163831,10.663175,0.000000,circle,预设轨迹15,forward
1775480092.248808,31.660164,1775480100.062021|完整运动,完整运动,circle_orbit,1,1.000000,2.500000,2.500000,,,,,,,,,,,,,,,,1.449255,-0.198871,1.447099,-0.132967,0.000000,0.000000,-0.739187,,0.159049,0.000000,,,,0.137223,0.144937,2.500000,52.227744,10.599262,0.000000,circle,预设轨迹15,forward
1775480092.272079,31.683435,1775480100.062021|完整运动,完整运动,circle_orbit,1,1.000000,2.500000,2.500000,,,,,,,,,,,,,,,,1.449032,-0.191174,1.435683,-0.149134,0.000000,0.000000,-0.735084,,0.169276,0.000000,,,,0.131933,0.144914,2.500000,52.259786,10.567221,0.000000,circle,预设轨迹15,forward
1775480092.298214,31.709570,1775480100.062021|完整运动,完整运动,circle_orbit,1,1.000000,2.500000,2.500000,,,,,,,,,,,,,,,,1.448632,-0.183244,1.424649,-0.139922,0.000000,0.000000,-0.730560,,0.179515,0.000000,,,,0.126495,0.144874,2.500000,52.291899,10.535108,0.000000,circle,预设轨迹15,forward
1775480092.329419,31.740775,1775480100.062021|完整运动,完整运动,circle_orbit,1,1.000000,2.500000,2.500000,,,,,,,,,,,,,,,,1.448064,-0.175307,1.413981,-0.131942,0.000000,0.000000,-0.725784,,0.189700,0.000000,,,,0.121063,0.144818,2.500000,52.323924,10.503082,0.000000,circle,预设轨迹15,forward
1775480092.350912,31.762268,1775480100.062021|完整运动,完整运动,circle_orbit,1,1.000000,2.500000,2.500000,,,,,,,,,,,,,,,,1.447183,-0.160440,1.394279,-0.079191,0.000000,0.000000,-0.715455,,0.209447,0.000000,,,,0.110864,0.144729,2.500000,52.387521,10.439486,0.000000,circle,预设轨迹15,forward
1775480092.371436,31.782792,1775480100.062021|完整运动,完整运动,circle_orbit,1,1.000000,2.500000,2.500000,,,,,,,,,,,,,,,,1.446169,-0.152392,1.385345,-0.108403,0.000000,0.000000,-0.709731,,0.218964,0.000000,,,,0.105377,0.144628,2.500000,52.419487,10.407519,0.000000,circle,预设轨迹15,forward
1775480092.394047,31.805403,1775480100.062021|完整运动,完整运动,circle_orbit,1,1.000000,2.500000,2.500000,,,,,,,,,,,,,,,,1.445172,-0.152069,1.385345,-0.150301,0.000000,0.000000,-0.709731,,0.218964,0.000000,,,,0.105226,0.144528,2.500000,52.419487,10.407519,0.000000,circle,预设轨迹15,forward
1775480092.421836,31.833192,1775480100.062021|完整运动,完整运动,circle_orbit,1,1.000000,2.500000,2.500000,,,,,,,,,,,,,,,,1.444059,-0.143257,1.377264,-0.095058,0.000000,0.000000,-0.703448,,0.228095,0.000000,,,,0.099204,0.144417,2.500000,52.451470,10.375536,0.000000,circle,预设轨迹15,forward
1775480092.453478,31.864834,1775480100.062021|完整运动,完整运动,circle_orbit,1,1.000000,2.500000,2.500000,,,,,,,,,,,,,,,,1.442703,-0.126537,1.361382,-0.035058,0.000000,0.000000,-0.689853,,0.246768,0.000000,,,,0.087708,0.144281,2.500000,52.515582,10.311424,0.000000,circle,预设轨迹15,forward
1775480092.477538,31.888893,1775480100.062021|完整运动,完整运动,circle_orbit,1,1.000000,2.500000,2.500000,,,,,,,,,,,,,,,,1.441136,-0.109210,1.347132,-0.014373,0.000000,0.000000,-0.676108,,0.264407,0.000000,,,,0.075780,0.144125,2.500000,52.578431,10.248576,0.000000,circle,预设轨迹15,forward
1775480092.497906,31.909261,1775480100.062021|完整运动,完整运动,circle_orbit,1,1.000000,2.500000,2.500000,,,,,,,,,,,,,,,,1.439491,-0.101260,1.340763,-0.057731,0.000000,0.000000,-0.668862,,0.272816,0.000000,,,,0.070344,0.143960,2.500000,52.609739,10.217268,0.000000,circle,预设轨迹15,forward
1775480092.523314,31.934670,1775480100.062021|完整运动,完整运动,circle_orbit,1,1.000000,2.500000,2.500000,,,,,,,,,,,,,,,,1.437872,-0.102898,1.340763,-0.111869,0.000000,0.000000,-0.668862,,0.272816,0.000000,,,,0.071563,0.143798,2.500000,52.609739,10.217268,0.000000,circle,预设轨迹15,forward
1775480092.553188,31.964544,1775480100.062021|完整运动,完整运动,circle_orbit,1,1.000000,2.500000,2.500000,,,,,,,,,,,,,,,,1.436008,-0.095024,1.324126,-0.051869,0.000000,0.000000,-0.644822,,0.297075,0.000000,,,,0.066172,0.143612,2.500000,52.703044,10.123962,0.000000,circle,预设轨迹15,forward
1775480092.585008,31.996363,1775480100.062021|完整运动,完整运动,circle_orbit,1,1.000000,2.500000,2.500000,,,,,,,,,,,,,,,,1.434095,-0.083695,1.319339,-0.021576,0.000000,0.000000,-0.636415,,0.304720,0.000000,,,,0.058361,0.143421,2.500000,52.733348,10.093658,0.000000,circle,预设轨迹15,forward
1775480092.615391,32.026747,1775480100.062021|完整运动,完整运动,circle_orbit,1,1.000000,2.500000,2.500000,,,,,,,,,,,,,,,,1.432141,-0.072596,1.314911,-0.011709,0.000000,0.000000,-0.627684,,0.312200,0.000000,,,,0.050691,0.143225,2.500000,52.763659,10.063348,0.000000,circle,预设轨迹15,forward
1775480092.645900,32.057256,1775480100.062021|完整运动,完整运动,circle_orbit,1,1.000000,2.500000,2.500000,,,,,,,,,,,,,,,,1.430062,-0.053967,1.305319,0.048291,0.000000,0.000000,-0.609786,,0.328092,0.000000,,,,0.037737,0.143017,2.500000,52.823758,10.003248,0.000000,circle,预设轨迹15,forward
1775480092.673517,32.084873,1775480100.062021|完整运动,完整运动,circle_orbit,1,1.000000,2.500000,2.500000,,,,,,,,,,,,,,,,1.427964,-0.043513,1.302058,0.013897,0.000000,0.000000,-0.600450,,0.334825,0.000000,,,,0.030472,0.142807,2.500000,52.853596,9.973410,0.000000,circle,预设轨迹15,forward
1775480092.695800,32.107156,1775480100.062021|完整运动,完整运动,circle_orbit,1,1.000000,2.500000,2.500000,,,,,,,,,,,,,,,,1.425798,-0.025436,1.295849,0.073897,0.000000,0.000000,-0.581312,,0.348231,0.000000,,,,0.017840,0.142591,2.500000,52.912273,9.914734,0.000000,circle,预设轨迹15,forward
1775480092.717045,32.128401,1775480100.062021|完整运动,完整运动,circle_orbit,1,1.000000,2.500000,2.500000,,,,,,,,,,,,,,,,1.423621,-0.015380,1.292974,0.039910,0.000000,0.000000,-0.571397,,0.354878,0.000000,,,,0.010803,0.142373,2.500000,52.941159,9.885848,0.000000,circle,预设轨迹15,forward
1775480092.742798,32.154154,1775480100.062021|完整运动,完整运动,circle_orbit,1,1.000000,2.500000,2.500000,,,,,,,,,,,,,,,,1.421427,-0.005592,1.289825,0.048250,0.000000,0.000000,-0.561379,,0.361836,0.000000,,,,0.003934,0.142154,2.500000,52.970155,9.856852,0.000000,circle,预设轨迹15,forward
1775480092.773210,32.184566,1775480100.062021|完整运动,完整运动,circle_orbit,1,1.000000,2.500000,2.500000,,,,,,,,,,,,,,,,1.419233,0.004259,1.287557,0.058485,0.000000,0.000000,-0.551028,,0.368111,0.000000,,,,0.003001,0.141934,2.500000,52.999106,9.827900,0.000000,circle,预设轨迹15,forward
1775480092.802552,32.213907,1775480100.062021|完整运动,完整运动,circle_orbit,1,1.000000,2.500000,2.500000,,,,,,,,,,,,,,,,1.417012,0.021813,1.283799,0.118485,0.000000,0.000000,-0.529841,,0.380138,0.000000,,,,0.015393,0.141712,2.500000,53.056726,9.770280,0.000000,circle,预设轨迹15,forward
1775480092.835994,32.247350,1775480100.062021|完整运动,完整运动,circle_orbit,1,1.000000,2.500000,2.500000,,,,,,,,,,,,,,,,1.414792,0.030741,1.281560,0.079940,0.000000,0.000000,-0.519577,,0.386370,0.000000,,,,0.021728,0.141490,2.500000,53.084972,9.742034,0.000000,circle,预设轨迹15,forward
1775480092.865545,32.276901,1775480100.062021|完整运动,完整运动,circle_orbit,1,1.000000,2.500000,2.500000,,,,,,,,,,,,,,,,1.412593,0.039691,1.280641,0.089040,0.000000,0.000000,-0.509087,,0.391441,0.000000,,,,0.028098,0.141270,2.500000,53.113034,9.713973,0.000000,circle,预设轨迹15,forward
1775480092.897724,32.309080,1775480100.062021|完整运动,完整运动,circle_orbit,1,1.000000,2.500000,2.500000,,,,,,,,,,,,,,,,1.410420,0.056471,1.280044,0.149040,0.000000,0.000000,-0.486973,,0.400857,0.000000,,,,0.040039,0.141053,2.500000,53.168988,9.658018,0.000000,circle,预设轨迹15,forward
1775480092.920554,32.331910,1775480100.062021|完整运动,完整运动,circle_orbit,1,1.000000,2.500000,2.500000,,,,,,,,,,,,,,,,1.408270,0.079873,1.279285,0.209040,0.000000,0.000000,-0.463662,,0.410906,0.000000,,,,0.056717,0.140838,2.500000,53.224582,9.602425,0.000000,circle,预设轨迹15,forward
1775480092.940949,32.352304,1775480100.062021|完整运动,完整运动,circle_orbit,1,1.000000,2.500000,2.500000,,,,,,,,,,,,,,,,1.406149,0.090477,1.278904,0.149040,0.000000,0.000000,-0.452158,,0.415872,0.000000,,,,0.064344,0.140626,2.500000,53.251898,9.575109,0.000000,circle,预设轨迹15,forward
1775480092.972354,32.383709,1775480100.062021|完整运动,完整运动,circle_orbit,1,1.000000,2.500000,2.500000,,,,,,,,,,,,,,,,1.404065,0.098462,1.279015,0.142581,0.000000,0.000000,-0.440638,,0.420374,0.000000,,,,0.070126,0.140417,2.500000,53.279120,9.547887,0.000000,circle,预设轨迹15,forward
1775480092.993849,32.405205,1775480100.062021|完整运动,完整运动,circle_orbit,1,1.000000,2.500000,2.500000,,,,,,,,,,,,,,,,1.402032,0.114411,1.280051,0.202581,0.000000,0.000000,-0.417013,,0.428837,0.000000,,,,0.081603,0.140214,2.500000,53.332853,9.494153,0.000000,circle,预设轨迹15,forward
1775480093.014615,32.425971,1775480100.062021|完整运动,完整运动,circle_orbit,1,1.000000,2.500000,2.500000,,,,,,,,,,,,,,,,1.400050,0.122952,1.281145,0.170198,0.000000,0.000000,-0.404890,,0.432643,0.000000,,,,0.087820,0.140016,2.500000,53.359654,9.467352,0.000000,circle,预设轨迹15,forward
1775480093.045768,32.457124,1775480100.062021|完整运动,完整运动,circle_orbit,1,1.000000,2.500000,2.500000,,,,,,,,,,,,,,,,1.398119,0.131482,1.282239,0.178684,0.000000,0.000000,-0.392646,,0.436501,0.000000,,,,0.094042,0.139823,2.500000,53.386322,9.440684,0.000000,circle,预设轨迹15,forward
1775480093.070117,32.481472,1775480100.062021|完整运动,完整运动,circle_orbit,1,1.000000,2.500000,2.500000,,,,,,,,,,,,,,,,1.396241,0.140028,1.283587,0.187344,0.000000,0.000000,-0.380261,,0.440176,0.000000,,,,0.100289,0.139635,2.500000,53.412935,9.414071,0.000000,circle,预设轨迹15,forward
1775480093.092464,32.503820,1775480100.062021|完整运动,完整运动,circle_orbit,1,1.000000,2.500000,2.500000,,,,,,,,,,,,,,,,1.394444,0.156440,1.286624,0.247344,0.000000,0.000000,-0.355545,,0.447189,0.000000,,,,0.112188,0.139455,2.500000,53.465557,9.361450,0.000000,circle,预设轨迹15,forward
1775480093.116981,32.528337,1775480100.062021|完整运动,完整运动,circle_orbit,1,1.000000,2.500000,2.500000,,,,,,,,,,,,,,,,1.392677,0.161164,1.286624,0.187344,0.000000,0.000000,-0.355545,,0.447189,0.000000,,,,0.115722,0.139278,2.500000,53.465557,9.361450,0.000000,circle,预设轨迹15,forward
1775480093.140598,32.551954,1775480100.062021|完整运动,完整运动,circle_orbit,1,1.000000,2.500000,2.500000,,,,,,,,,,,,,,,,1.390994,0.174334,1.290013,0.247344,0.000000,0.000000,-0.331050,,0.453798,0.000000,,,,0.125330,0.139110,2.500000,53.517710,9.309297,0.000000,circle,预设轨迹15,forward
1775480093.161306,32.572662,1775480100.062021|完整运动,完整运动,circle_orbit,1,1.000000,2.500000,2.500000,,,,,,,,,,,,,,,,1.389372,0.181862,1.292040,0.223617,0.000000,0.000000,-0.318775,,0.456808,0.000000,,,,0.130895,0.138948,2.500000,53.543941,9.283065,0.000000,circle,预设轨迹15,forward
1775480093.185128,32.596484,1775480100.062021|完整运动,完整运动,circle_orbit,1,1.000000,2.500000,2.500000,,,,,,,,,,,,,,,,1.387821,0.189340,1.294774,0.230830,0.000000,0.000000,-0.306471,,0.459177,0.000000,,,,0.136430,0.138793,2.500000,53.569886,9.257120,0.000000,circle,预设轨迹15,forward
1775480093.207071,32.618427,1775480100.062021|完整运动,完整运动,circle_orbit,1,1.000000,2.500000,2.500000,,,,,,,,,,,,,,,,1.386342,0.197220,1.297613,0.240955,0.000000,0.000000,-0.293779,,0.461613,0.000000,,,,0.142259,0.138645,2.500000,53.596408,9.230599,0.000000,circle,预设轨迹15,forward
1775480093.227513,32.638868,1775480100.062021|完整运动,完整运动,circle_orbit,1,1.000000,2.500000,2.500000,,,,,,,,,,,,,,,,1.384997,0.213051,1.304278,0.300955,0.000000,0.000000,-0.268677,,0.465502,0.000000,,,,0.153828,0.138510,2.500000,53.647919,9.179088,0.000000,circle,预设轨迹15,forward
1775480093.249923,32.661278,1775480100.062021|完整运动,完整运动,circle_orbit,1,1.000000,2.500000,2.500000,,,,,,,,,,,,,,,,1.383673,0.217309,1.304278,0.240955,0.000000,0.000000,-0.268677,,0.465502,0.000000,,,,0.157052,0.138378,2.500000,53.647919,9.179088,0.000000,circle,预设轨迹15,forward
1775480093.276294,32.687649,1775480100.062021|完整运动,完整运动,circle_orbit,1,1.000000,2.500000,2.500000,,,,,,,,,,,,,,,,1.382471,0.230068,1.310346,0.300955,0.000000,0.000000,-0.243219,,0.470138,0.000000,,,,0.166418,0.138258,2.500000,53.699073,9.127934,0.000000,circle,预设轨迹15,forward
1775480093.296961,32.708316,1775480100.062021|完整运动,完整运动,circle_orbit,1,1.000000,2.500000,2.500000,,,,,,,,,,,,,,,,1.381358,0.237633,1.314550,0.279675,0.000000,0.000000,-0.230190,,0.471537,0.000000,,,,0.172028,0.138146,2.500000,53.724679,9.102327,0.000000,circle,预设轨迹15,forward
1775480093.317789,32.729145,1775480100.062021|完整运动,完整运动,circle_orbit,1,1.000000,2.500000,2.500000,,,,,,,,,,,,,,,,1.380333,0.245232,1.318862,0.287478,0.000000,0.000000,-0.217054,,0.472905,0.000000,,,,0.177662,0.138044,2.500000,53.750283,9.076724,0.000000,circle,预设轨迹15,forward
1775480093.346402,32.757758,1775480100.062021|完整运动,完整运动,circle_orbit,1,1.000000,2.500000,2.500000,,,,,,,,,,,,,,,,1.379406,0.252981,1.323767,0.296063,0.000000,0.000000,-0.203715,,0.473852,0.000000,,,,0.183398,0.137951,2.500000,53.775822,9.051185,0.000000,circle,预设轨迹15,forward
1775480093.382261,32.793617,1775480100.062021|完整运动,完整运动,circle_orbit,1,1.000000,2.500000,2.500000,,,,,,,,,,,,,,,,1.378584,0.260747,1.329257,0.303938,0.000000,0.000000,-0.190265,,0.474357,0.000000,,,,0.189141,0.137869,2.500000,53.801142,9.025865,0.000000,circle,预设轨迹15,forward
1775480093.403243,32.814599,1775480100.062021|完整运动,完整运动,circle_orbit,1,1.000000,2.500000,2.500000,,,,,,,,,,,,,,,,1.377933,0.276472,1.338890,0.363938,0.000000,0.000000,-0.163187,,0.476732,0.000000,,,,0.200642,0.137804,2.500000,53.852037,8.974970,0.000000,circle,预设轨迹15,forward
1775480093.423608,32.834964,1775480100.062021|完整运动,完整运动,circle_orbit,1,1.000000,2.500000,2.500000,,,,,,,,,,,,,,,,1.377386,0.284646,1.344568,0.330116,0.000000,0.000000,-0.149320,,0.477351,0.000000,,,,0.206656,0.137749,2.500000,53.877685,8.949321,0.000000,circle,预设轨迹15,forward
1775480093.446533,32.857888,1775480100.062021|完整运动,完整运动,circle_orbit,1,1.000000,2.500000,2.500000,,,,,,,,,,,,,,,,1.376940,0.292616,1.350173,0.336963,0.000000,0.000000,-0.135472,,0.478066,0.000000,,,,0.212512,0.137705,2.500000,53.903460,8.923546,0.000000,circle,预设轨迹15,forward
1775480093.475625,32.886981,1775480100.062021|完整运动,完整运动,circle_orbit,1,1.000000,2.500000,2.500000,,,,,,,,,,,,,,,,1.376600,0.300301,1.356216,0.343064,0.000000,0.000000,-0.121723,,0.478410,0.000000,,,,0.218147,0.137671,2.500000,53.929319,8.897687,0.000000,circle,预设轨迹15,forward
1775480093.513266,32.924622,1775480100.062021|完整运动,完整运动,circle_orbit,1,1.000000,2.500000,2.500000,,,,,,,,,,,,,,,,1.376491,0.315956,1.369943,0.403064,0.000000,0.000000,-0.094194,,0.477878,0.000000,,,,0.229537,0.137660,2.500000,53.980690,8.846316,0.000000,circle,预设轨迹15,forward
1775480093.534691,32.946047,1775480100.062021|完整运动,完整运动,circle_orbit,1,1.000000,2.500000,2.500000,,,,,,,,,,,,,,,,1.376499,0.323425,1.376985,0.364981,0.000000,0.000000,-0.080506,,0.477521,0.000000,,,,0.234962,0.137661,2.500000,54.006349,8.820657,0.000000,circle,预设轨迹15,forward
1775480093.556967,32.968323,1775480100.062021|完整运动,完整运动,circle_orbit,1,1.000000,2.500000,2.500000,,,,,,,,,,,,,,,,1.376751,0.338896,1.391822,0.424981,0.000000,0.000000,-0.053645,,0.476169,0.000000,,,,0.246157,0.137686,2.500000,54.057481,8.769525,0.000000,circle,预设轨迹15,forward
1775480093.582711,32.994066,1775480100.062021|完整运动,完整运动,circle_orbit,1,1.000000,2.500000,2.500000,,,,,,,,,,,,,,,,1.377151,0.345851,1.401189,0.384545,0.000000,0.000000,-0.040190,,0.474048,0.000000,,,,0.251135,0.137726,2.500000,54.082925,8.744082,0.000000,circle,预设轨迹15,forward
1775480093.617238,33.028594,1775480100.062021|完整运动,完整运动,circle_orbit,1,1.000000,2.500000,2.500000,,,,,,,,,,,,,,,,1.377712,0.352775,1.411336,0.391285,0.000000,0.000000,-0.026660,,0.471442,0.000000,,,,0.256058,0.137782,2.500000,54.108040,8.718966,0.000000,circle,预设轨迹15,forward
1775480093.649548,33.060904,1775480100.062021|完整运动,完整运动,circle_orbit,1,1.000000,2.500000,2.500000,,,,,,,,,,,,,,,,1.378595,0.367788,1.431585,0.451285,0.000000,0.000000,0.000833,,0.466114,0.000000,,,,0.266785,0.137870,2.500000,54.157849,8.669157,0.000000,circle,预设轨迹15,forward
1775480093.680645,33.092001,1775480100.062021|完整运动,完整运动,circle_orbit,1,1.000000,2.500000,2.500000,,,,,,,,,,,,,,,,1.379371,0.389662,1.425959,0.511285,0.000000,0.000000,0.028427,,0.459382,0.000000,,,,0.282492,0.137948,2.500000,54.207110,8.619897,0.000000,circle,预设轨迹15,forward
1775480093.706294,33.117650,1775480100.062021|完整运动,完整运动,circle_orbit,1,1.000000,2.500000,2.500000,,,,,,,,,,,,,,,,1.380096,0.399057,1.423566,0.451285,0.000000,0.000000,0.042091,,0.455758,0.000000,,,,0.289152,0.138020,2.500000,54.231718,8.595289,0.000000,circle,预设轨迹15,forward
1775480093.730129,33.141485,1775480100.062021|完整运动,完整运动,circle_orbit,1,1.000000,2.500000,2.500000,,,,,,,,,,,,,,,,1.380768,0.404332,1.421097,0.433649,0.000000,0.000000,0.055666,,0.452235,0.000000,,,,0.292831,0.138087,2.500000,54.256394,8.570612,0.000000,circle,预设轨迹15,forward
1775480093.751307,33.162663,1775480100.062021|完整运动,完整运动,circle_orbit,1,1.000000,2.500000,2.500000,,,,,,,,,,,,,,,,1.381378,0.417952,1.417990,0.493649,0.000000,0.000000,0.082851,,0.443769,0.000000,,,,0.302562,0.138148,2.500000,54.305443,8.521563,0.000000,circle,预设轨迹15,forward
1775480093.778666,33.190021,1775480100.062021|完整运动,完整运动,circle_orbit,1,1.000000,2.500000,2.500000,,,,,,,,,,,,,,,,1.381978,0.420346,1.417990,0.433649,0.000000,0.000000,0.082851,,0.443769,0.000000,,,,0.304163,0.138208,2.500000,54.305443,8.521563,0.000000,circle,预设轨迹15,forward
1775480093.799446,33.210802,1775480100.062021|完整运动,完整运动,circle_orbit,1,1.000000,2.500000,2.500000,,,,,,,,,,,,,,,,1.382558,0.431528,1.417324,0.493649,0.000000,0.000000,0.109526,,0.433616,0.000000,,,,0.312123,0.138266,2.500000,54.354525,8.472482,0.000000,circle,预设轨迹15,forward
1775480093.821310,33.232666,1775480100.062021|完整运动,完整运动,circle_orbit,1,1.000000,2.500000,2.500000,,,,,,,,,,,,,,,,1.383117,0.435978,1.416656,0.460698,0.000000,0.000000,0.122642,,0.428889,0.000000,,,,0.315214,0.138322,2.500000,54.379332,8.447674,0.000000,circle,预设轨迹15,forward
1775480093.844877,33.256233,1775480100.062021|完整运动,完整运动,circle_orbit,1,1.000000,2.500000,2.500000,,,,,,,,,,,,,,,,1.383671,0.440440,1.416935,0.465222,0.000000,0.000000,0.135688,,0.423453,0.000000,,,,0.318313,0.138378,2.500000,54.404345,8.422661,0.000000,circle,预设轨迹15,forward
1775480093.876935,33.288291,1775480100.062021|完整运动,完整运动,circle_orbit,1,1.000000,2.500000,2.500000,,,,,,,,,,,,,,,,1.384247,0.445092,1.418810,0.470929,0.000000,0.000000,0.148818,,0.416743,0.000000,,,,0.321541,0.138435,2.500000,54.429361,8.397646,0.000000,circle,预设轨迹15,forward
1775480093.905088,33.316444,1775480100.062021|完整运动,完整运动,circle_orbit,1,1.000000,2.500000,2.500000,,,,,,,,,,,,,,,,1.384888,0.458192,1.423365,0.530929,0.000000,0.000000,0.174570,,0.402917,0.000000,,,,0.330851,0.138500,2.500000,54.479100,8.347907,0.000000,circle,预设轨迹15,forward
1775480093.935636,33.346992,1775480100.062021|完整运动,完整运动,circle_orbit,1,1.000000,2.500000,2.500000,,,,,,,,,,,,,,,,1.385561,0.462046,1.425898,0.483440,0.000000,0.000000,0.187030,,0.395983,0.000000,,,,0.333472,0.138567,2.500000,54.503567,8.323440,0.000000,circle,预设轨迹15,forward
1775480093.956839,33.368194,1775480100.062021|完整运动,完整运动,circle_orbit,1,1.000000,2.500000,2.500000,,,,,,,,,,,,,,,,1.386299,0.474471,1.430608,0.543440,0.000000,0.000000,0.211544,,0.382569,0.000000,,,,0.342258,0.138641,2.500000,54.553064,8.273942,0.000000,circle,预设轨迹15,forward
1775480093.978064,33.389419,1775480100.062021|完整运动,完整运动,circle_orbit,1,1.000000,2.500000,2.500000,,,,,,,,,,,,,,,,1.387076,0.478052,1.433661,0.497922,0.000000,0.000000,0.223762,,0.375355,0.000000,,,,0.344647,0.138718,2.500000,54.577908,8.249098,0.000000,circle,预设轨迹15,forward
1775480094.004310,33.415666,1775480100.062021|完整运动,完整运动,circle_orbit,1,1.000000,2.500000,2.500000,,,,,,,,,,,,,,,,1.387924,0.481635,1.438802,0.501511,0.000000,0.000000,0.235922,,0.366597,0.000000,,,,0.347018,0.138803,2.500000,54.602472,8.224535,0.000000,circle,预设轨迹15,forward
1775480094.036413,33.447769,1775480100.062021|完整运动,完整运动,circle_orbit,1,1.000000,2.500000,2.500000,,,,,,,,,,,,,,,,1.388946,0.493835,1.450288,0.561511,0.000000,0.000000,0.259444,,0.348587,0.000000,,,,0.355547,0.138905,2.500000,54.651076,8.175930,0.000000,circle,预设轨迹15,forward
1775480094.063326,33.474682,1775480100.062021|完整运动,完整运动,circle_orbit,1,1.000000,2.500000,2.500000,,,,,,,,,,,,,,,,1.390010,0.496374,1.453832,0.510450,0.000000,0.000000,0.270843,,0.341400,0.000000,,,,0.357101,0.139012,2.500000,54.675736,8.151270,0.000000,circle,预设轨迹15,forward
1775480094.084142,33.495498,1775480100.062021|完整运动,完整运动,circle_orbit,1,1.000000,2.500000,2.500000,,,,,,,,,,,,,,,,1.391116,0.498570,1.457508,0.510745,0.000000,0.000000,0.281867,,0.334280,0.000000,,,,0.358396,0.139122,2.500000,54.700738,8.126269,0.000000,circle,预设轨迹15,forward
1775480094.106139,33.517495,1775480100.062021|完整运动,完整运动,circle_orbit,1,1.000000,2.500000,2.500000,,,,,,,,,,,,,,,,1.392289,0.500556,1.462630,0.511561,0.000000,0.000000,0.292611,,0.326228,0.000000,,,,0.359520,0.139240,2.500000,54.725905,8.101102,0.000000,circle,预设轨迹15,forward
1775480094.137969,33.549325,1775480100.062021|完整运动,完整运动,circle_orbit,1,1.000000,2.500000,2.500000,,,,,,,,,,,,,,,,1.393545,0.502476,1.468922,0.513114,0.000000,0.000000,0.303186,,0.317422,0.000000,,,,0.360574,0.139365,2.500000,54.751058,8.075949,0.000000,circle,预设轨迹15,forward
1775480094.165196,33.576551,1775480100.062021|完整运动,完整运动,circle_orbit,1,1.000000,2.500000,2.500000,,,,,,,,,,,,,,,,1.395032,0.513280,1.484252,0.573114,0.000000,0.000000,0.324053,,0.298088,0.000000,,,,0.367934,0.139514,2.500000,54.800776,8.026231,0.000000,circle,预设轨迹15,forward
1775480094.187048,33.598404,1775480100.062021|完整运动,完整运动,circle_orbit,1,1.000000,2.500000,2.500000,,,,,,,,,,,,,,,,1.396615,0.514610,1.491578,0.521975,0.000000,0.000000,0.334231,,0.288846,0.000000,,,,0.368470,0.139672,2.500000,54.825845,8.001162,0.000000,circle,预设轨迹15,forward
1775480094.207392,33.618747,1775480100.062021|完整运动,完整运动,circle_orbit,1,1.000000,2.500000,2.500000,,,,,,,,,,,,,,,,1.398464,0.524921,1.509451,0.581975,0.000000,0.000000,0.354431,,0.268361,0.000000,,,,0.375355,0.139857,2.500000,54.875140,7.951867,0.000000,circle,预设轨迹15,forward
1775480094.229421,33.640777,1775480100.062021|完整运动,完整运动,circle_orbit,1,1.000000,2.500000,2.500000,,,,,,,,,,,,,,,,1.400284,0.524470,1.509451,0.521975,0.000000,0.000000,0.354431,,0.268361,0.000000,,,,0.374545,0.140039,2.500000,54.875140,7.951867,0.000000,circle,预设轨迹15,forward
1775480094.259435,33.670791,1775480100.062021|完整运动,完整运动,circle_orbit,1,1.000000,2.500000,2.500000,,,,,,,,,,,,,,,,1.402365,0.533279,1.527254,0.581975,0.000000,0.000000,0.373880,,0.248515,0.000000,,,,0.380271,0.140247,2.500000,54.924960,7.902046,0.000000,circle,预设轨迹15,forward
1775480094.293835,33.705190,1775480100.062021|完整运动,完整运动,circle_orbit,1,1.000000,2.500000,2.500000,,,,,,,,,,,,,,,,1.404532,0.532679,1.534534,0.529364,0.000000,0.000000,0.383070,,0.239984,0.000000,,,,0.379257,0.140464,2.500000,54.950156,7.876850,0.000000,circle,预设轨迹15,forward
1775480094.315199,33.726555,1775480100.062021|完整运动,完整运动,circle_orbit,1,1.000000,2.500000,2.500000,,,,,,,,,,,,,,,,1.406980,0.541371,1.553871,0.589364,0.000000,0.000000,0.400582,,0.220308,0.000000,,,,0.384775,0.140709,2.500000,55.000988,7.826018,0.000000,circle,预设轨迹15,forward
1775480094.337288,33.748644,1775480100.062021|完整运动,完整运动,circle_orbit,1,1.000000,2.500000,2.500000,,,,,,,,,,,,,,,,1.409585,0.539778,1.565854,0.530986,0.000000,0.000000,0.408911,,0.209281,0.000000,,,,0.382934,0.140969,2.500000,55.026327,7.800679,0.000000,circle,预设轨迹15,forward
1775480094.358252,33.769608,1775480100.062021|完整运动,完整运动,circle_orbit,1,1.000000,2.500000,2.500000,,,,,,,,,,,,,,,,1.412340,0.538169,1.577669,0.529296,0.000000,0.000000,0.416897,,0.198613,0.000000,,,,0.381048,0.141245,2.500000,55.051889,7.775117,0.000000,circle,预设轨迹15,forward
1775480094.383874,33.795230,1775480100.062021|完整运动,完整运动,circle_orbit,1,1.000000,2.500000,2.500000,,,,,,,,,,,,,,,,1.415248,0.536594,1.589738,0.527918,0.000000,0.000000,0.424603,,0.188012,0.000000,,,,0.379152,0.141536,2.500000,55.077552,7.749455,0.000000,circle,预设轨迹15,forward
1775480094.409665,33.821020,1775480100.062021|完整运动,完整运动,circle_orbit,1,1.000000,2.500000,2.500000,,,,,,,,,,,,,,,,1.418319,0.534990,1.602586,0.526158,0.000000,0.000000,0.432001,,0.177173,0.000000,,,,0.377200,0.141843,2.500000,55.103225,7.723781,0.000000,circle,预设轨迹15,forward
1775480094.440919,33.852275,1775480100.062021|完整运动,完整运动,circle_orbit,1,1.000000,2.500000,2.500000,,,,,,,,,,,,,,,,1.421582,0.533653,1.617311,0.526296,0.000000,0.000000,0.439342,,0.165359,0.000000,,,,0.375394,0.142169,2.500000,55.128789,7.698218,0.000000,circle,预设轨迹15,forward
1775480094.461335,33.872691,1775480100.062021|完整运动,完整运动,circle_orbit,1,1.000000,2.500000,2.500000,,,,,,,,,,,,,,,,1.425291,0.540879,1.647868,0.580595,0.000000,0.000000,0.453121,,0.141933,0.000000,,,,0.379487,0.142540,2.500000,55.179957,7.647049,0.000000,circle,预设轨迹15,forward
1775480094.483843,33.895198,1775480100.062021|完整运动,完整运动,circle_orbit,1,1.000000,2.500000,2.500000,,,,,,,,,,,,,,,,1.429208,0.538273,1.664218,0.523964,0.000000,0.000000,0.459551,,0.130045,0.000000,,,,0.376623,0.142932,2.500000,55.205645,7.621361,0.000000,circle,预设轨迹15,forward
1775480094.514623,33.925979,1775480100.062021|完整运动,完整运动,circle_orbit,1,1.000000,2.500000,2.500000,,,,,,,,,,,,,,,,1.433319,0.535836,1.679978,0.522472,0.000000,0.000000,0.465798,,0.118738,0.000000,,,,0.373843,0.143343,2.500000,55.231395,7.595612,0.000000,circle,预设轨迹15,forward
1775480094.545533,33.956888,1775480100.062021|完整运动,完整运动,circle_orbit,1,1.000000,2.500000,2.500000,,,,,,,,,,,,,,,,1.437954,0.541046,1.716040,0.569582,0.000000,0.000000,0.477691,,0.094435,0.000000,,,,0.376261,0.143806,2.500000,55.282808,7.544199,0.000000,circle,预设轨迹15,forward
1775480094.575112,33.986468,1775480100.062021|完整运动,完整运动,circle_orbit,1,1.000000,2.500000,2.500000,,,,,,,,,,,,,,,,1.442818,0.537602,1.734678,0.518765,0.000000,0.000000,0.483086,,0.082494,0.000000,,,,0.372606,0.144293,2.500000,55.308623,7.518383,0.000000,circle,预设轨迹15,forward
1775480094.595865,34.007221,1775480100.062021|完整运动,完整运动,circle_orbit,1,1.000000,2.500000,2.500000,,,,,,,,,,,,,,,,1.448123,0.540316,1.766434,0.555140,0.000000,0.000000,0.492891,,0.062379,0.000000,,,,0.373114,0.144823,2.500000,55.361262,7.465744,0.000000,circle,预设轨迹15,forward
1775480094.616951,34.028307,1775480100.062021|完整运动,完整运动,circle_orbit,1,1.000000,2.500000,2.500000,,,,,,,,,,,,,,,,1.453645,0.535966,1.784919,0.512236,0.000000,0.000000,0.497307,,0.051452,0.000000,,,,0.368705,0.145376,2.500000,55.387903,7.439103,0.000000,circle,预设轨迹15,forward
1775480094.640182,34.051538,1775480100.062021|完整运动,完整运动,circle_orbit,1,1.000000,2.500000,2.500000,,,,,,,,,,,,,,,,1.459411,0.531820,1.805409,0.509234,0.000000,0.000000,0.501503,,0.039838,0.000000,,,,0.364407,0.145952,2.500000,55.414502,7.412505,0.000000,circle,预设轨迹15,forward
1775480094.661678,34.073034,1775480100.062021|完整运动,完整运动,circle_orbit,1,1.000000,2.500000,2.500000,,,,,,,,,,,,,,,,1.465445,0.527804,1.827504,0.505958,0.000000,0.000000,0.505457,,0.027793,0.000000,,,,0.360166,0.146556,2.500000,55.441236,7.385770,0.000000,circle,预设轨迹15,forward
1775480094.682672,34.094027,1775480100.062021|完整运动,完整运动,circle_orbit,1,1.000000,2.500000,2.500000,,,,,,,,,,,,,,,,1.471707,0.523333,1.847427,0.499052,0.000000,0.000000,0.508748,,0.017256,0.000000,,,,0.355596,0.147182,2.500000,55.468268,7.358738,0.000000,circle,预设轨迹15,forward
1775480094.707382,34.118738,1775480100.062021|完整运动,完整运动,circle_orbit,1,1.000000,2.500000,2.500000,,,,,,,,,,,,,,,,1.478203,0.518869,1.867964,0.494669,0.000000,0.000000,0.511720,,0.006769,0.000000,,,,0.351013,0.147832,2.500000,55.495555,7.331452,0.000000,circle,预设轨迹15,forward
1775480094.739179,34.150535,1775480100.062021|完整运动,完整运动,circle_orbit,1,1.000000,2.500000,2.500000,,,,,,,,,,,,,,,,1.484207,0.517154,1.844436,0.507871,0.000000,0.000000,0.516493,,-0.015529,0.000000,,,,0.348438,0.148432,2.500000,55.550682,7.276325,0.000000,circle,预设轨迹15,forward
1775480094.769247,34.180602,1775480100.062021|完整运动,完整运动,circle_orbit,1,1.000000,2.500000,2.500000,,,,,,,,,,,,,,,,1.489674,0.511975,1.817677,0.483985,0.000000,0.000000,0.518522,,-0.027189,0.000000,,,,0.343683,0.148979,2.500000,55.578373,7.248633,0.000000,circle,预设轨迹15,forward
1775480094.797465,34.208821,1775480100.062021|完整运动,完整运动,circle_orbit,1,1.000000,2.500000,2.500000,,,,,,,,,,,,,,,,1.494631,0.506799,1.792074,0.478857,0.000000,0.000000,0.520235,,-0.038785,0.000000,,,,0.339080,0.149475,2.500000,55.606282,7.220725,0.000000,circle,预设轨迹15,forward
1775480094.825994,34.237350,1775480100.062021|完整运动,完整运动,circle_orbit,1,1.000000,2.500000,2.500000,,,,,,,,,,,,,,,,1.498726,0.503138,1.744384,0.483394,0.000000,0.000000,0.522812,,-0.061591,0.000000,,,,0.335710,0.149884,2.500000,55.662162,7.164844,0.000000,circle,预设轨迹15,forward
1775480094.858475,34.269830,1775480100.062021|完整运动,完整运动,circle_orbit,1,1.000000,2.500000,2.500000,,,,,,,,,,,,,,,,1.502362,0.497690,1.720534,0.468342,0.000000,0.000000,0.523854,,-0.073590,0.000000,,,,0.331272,0.150248,2.500000,55.690058,7.136948,0.000000,circle,预设轨迹15,forward
1775480094.882282,34.293638,1775480100.062021|完整运动,完整运动,circle_orbit,1,1.000000,2.500000,2.500000,,,,,,,,,,,,,,,,1.505249,0.492132,1.678455,0.462214,0.000000,0.000000,0.524549,,-0.096080,0.000000,,,,0.326944,0.150536,2.500000,55.746202,7.080805,0.000000,circle,预设轨迹15,forward
1775480094.902691,34.314047,1775480100.062021|完整运动,完整运动,circle_orbit,1,1.000000,2.500000,2.500000,,,,,,,,,,,,,,,,1.507767,0.485740,1.658838,0.451351,0.000000,0.000000,0.524340,,-0.107172,0.000000,,,,0.322159,0.150788,2.500000,55.774473,7.052534,0.000000,circle,预设轨迹15,forward
1775480094.924686,34.336042,1775480100.062021|完整运动,完整运动,circle_orbit,1,1.000000,2.500000,2.500000,,,,,,,,,,,,,,,,1.509917,0.479349,1.638955,0.444989,0.000000,0.000000,0.523823,,-0.118806,0.000000,,,,0.317467,0.151003,2.500000,55.802882,7.024125,0.000000,circle,预设轨迹15,forward
1775480094.948461,34.359817,1775480100.062021|完整运动,完整运动,circle_orbit,1,1.000000,2.500000,2.500000,,,,,,,,,,,,,,,,1.511723,0.473008,1.620075,0.438930,0.000000,0.000000,0.523050,,-0.130225,0.000000,,,,0.312894,0.151184,2.500000,55.831266,6.995740,0.000000,circle,预设轨迹15,forward
1775480094.971092,34.382447,1775480100.062021|完整运动,完整运动,circle_orbit,1,1.000000,2.500000,2.500000,,,,,,,,,,,,,,,,1.512964,0.464203,1.587412,0.416894,0.000000,0.000000,0.520177,,-0.151220,0.000000,,,,0.306817,0.151308,2.500000,55.888167,6.938840,0.000000,circle,预设轨迹15,forward
1775480094.991673,34.403028,1775480100.062021|完整运动,完整运动,circle_orbit,1,1.000000,2.500000,2.500000,,,,,,,,,,,,,,,,1.513939,0.457198,1.572471,0.419573,0.000000,0.000000,0.518243,,-0.161346,0.000000,,,,0.301992,0.151406,2.500000,55.916761,6.910246,0.000000,circle,预设轨迹15,forward
1775480095.015882,34.427238,1775480100.062021|完整运动,完整运动,circle_orbit,1,1.000000,2.500000,2.500000,,,,,,,,,,,,,,,,1.514638,0.450285,1.556543,0.413165,0.000000,0.000000,0.516101,,-0.172371,0.000000,,,,0.297289,0.151475,2.500000,55.945298,6.881709,0.000000,circle,预设轨迹15,forward
1775480095.041525,34.452880,1775480100.062021|完整运动,完整运动,circle_orbit,1,1.000000,2.500000,2.500000,,,,,,,,,,,,,,,,1.515070,0.443188,1.541011,0.405083,0.000000,0.000000,0.513563,,-0.183504,0.000000,,,,0.292520,0.151519,2.500000,55.973915,6.853092,0.000000,circle,预设轨迹15,forward
1775480095.069805,34.481161,1775480100.062021|完整运动,完整运动,circle_orbit,1,1.000000,2.500000,2.500000,,,,,,,,,,,,,,,,1.515254,0.435792,1.526316,0.396081,0.000000,0.000000,0.510543,,-0.194474,0.000000,,,,0.287603,0.151537,2.500000,56.002686,6.824320,0.000000,circle,预设轨迹15,forward
1775480095.090204,34.501560,1775480100.062021|完整运动,完整运动,circle_orbit,1,1.000000,2.500000,2.500000,,,,,,,,,,,,,,,,1.515000,0.423662,1.499738,0.358531,0.000000,0.000000,0.503737,,-0.215338,0.000000,,,,0.279645,0.151512,2.500000,56.060163,6.766844,0.000000,circle,预设轨迹15,forward
1775480095.119537,34.530893,1775480100.062021|完整运动,完整运动,circle_orbit,1,1.000000,2.500000,2.500000,,,,,,,,,,,,,,,,1.514750,0.421370,1.499738,0.409057,0.000000,0.000000,0.503737,,-0.215338,0.000000,,,,0.278178,0.151487,2.500000,56.060163,6.766844,0.000000,circle,预设轨迹15,forward
1775480095.147382,34.558738,1775480100.062021|完整运动,完整运动,circle_orbit,1,1.000000,2.500000,2.500000,,,,,,,,,,,,,,,,1.514087,0.410019,1.474308,0.349057,0.000000,0.000000,0.495587,,-0.236569,0.000000,,,,0.270803,0.151420,2.500000,56.117673,6.709333,0.000000,circle,预设轨迹15,forward
1775480095.168330,34.579685,1775480100.062021|完整运动,完整运动,circle_orbit,1,1.000000,2.500000,2.500000,,,,,,,,,,,,,,,,1.513103,0.394366,1.454094,0.310277,0.000000,0.000000,0.485349,,-0.255398,0.000000,,,,0.260634,0.151322,2.500000,56.175661,6.651346,0.000000,circle,预设轨迹15,forward
1775480095.195071,34.606427,1775480100.062021|完整运动,完整运动,circle_orbit,1,1.000000,2.500000,2.500000,,,,,,,,,,,,,,,,1.512136,0.390587,1.454094,0.370277,0.000000,0.000000,0.485349,,-0.255398,0.000000,,,,0.258301,0.151225,2.500000,56.175661,6.651346,0.000000,circle,预设轨迹15,forward
1775480095.231446,34.642802,1775480100.062021|完整运动,完整运动,circle_orbit,1,1.000000,2.500000,2.500000,,,,,,,,,,,,,,,,1.511016,0.382736,1.443831,0.340535,0.000000,0.000000,0.480091,,-0.265139,0.000000,,,,0.253297,0.151113,2.500000,56.204188,6.622818,0.000000,circle,预设轨迹15,forward
1775480095.257317,34.668673,1775480100.062021|完整运动,完整运动,circle_orbit,1,1.000000,2.500000,2.500000,,,,,,,,,,,,,,,,1.509565,0.367381,1.422504,0.284813,0.000000,0.000000,0.469024,,-0.285791,0.000000,,,,0.243368,0.150968,2.500000,56.260846,6.566160,0.000000,circle,预设轨迹15,forward
1775480095.281537,34.692893,1775480100.062021|完整运动,完整运动,circle_orbit,1,1.000000,2.500000,2.500000,,,,,,,,,,,,,,,,1.507853,0.350957,1.405113,0.262603,0.000000,0.000000,0.456527,,-0.304386,0.000000,,,,0.232753,0.150797,2.500000,56.317081,6.509926,0.000000,circle,预设轨迹15,forward
1775480095.302089,34.713445,1775480100.062021|完整运动,完整运动,circle_orbit,1,1.000000,2.500000,2.500000,,,,,,,,,,,,,,,,1.506040,0.343070,1.397257,0.300624,0.000000,0.000000,0.449763,,-0.313343,0.000000,,,,0.227796,0.150616,2.500000,56.345181,6.481825,0.000000,circle,预设轨迹15,forward
1775480095.327588,34.738944,1775480100.062021|完整运动,完整运动,circle_orbit,1,1.000000,2.500000,2.500000,,,,,,,,,,,,,,,,1.504127,0.335015,1.389322,0.291638,0.000000,0.000000,0.442741,,-0.322539,0.000000,,,,0.222730,0.150424,2.500000,56.373152,6.453855,0.000000,circle,预设轨迹15,forward
1775480095.352524,34.763880,1775480100.062021|完整运动,完整运动,circle_orbit,1,1.000000,2.500000,2.500000,,,,,,,,,,,,,,,,1.502122,0.326570,1.381824,0.281070,0.000000,0.000000,0.435284,,-0.331625,0.000000,,,,0.217406,0.150224,2.500000,56.401111,6.425895,0.000000,circle,预设轨迹15,forward
1775480095.385512,34.796868,1775480100.062021|完整运动,完整运动,circle_orbit,1,1.000000,2.500000,2.500000,,,,,,,,,,,,,,,,1.499906,0.310061,1.366951,0.221070,0.000000,0.000000,0.420407,,-0.349879,0.000000,,,,0.206721,0.150002,2.500000,56.456552,6.370455,0.000000,circle,预设轨迹15,forward
1775480095.413697,34.825052,1775480100.062021|完整运动,完整运动,circle_orbit,1,1.000000,2.500000,2.500000,,,,,,,,,,,,,,,,1.497627,0.302203,1.360904,0.259814,0.000000,0.000000,0.412698,,-0.358042,0.000000,,,,0.201788,0.149774,2.500000,56.484276,6.342731,0.000000,circle,预设轨迹15,forward
1775480095.436601,34.847957,1775480100.062021|完整运动,完整运动,circle_orbit,1,1.000000,2.500000,2.500000,,,,,,,,,,,,,,,,1.495242,0.286198,1.352174,0.199814,0.000000,0.000000,0.395673,,-0.372265,0.000000,,,,0.191406,0.149536,2.500000,56.539810,6.287196,0.000000,circle,预设轨迹15,forward
1775480095.465753,34.877109,1775480100.062021|完整运动,完整运动,circle_orbit,1,1.000000,2.500000,2.500000,,,,,,,,,,,,,,,,1.492826,0.277056,1.347845,0.227682,0.000000,0.000000,0.386552,,-0.379625,0.000000,,,,0.185592,0.149294,2.500000,56.567852,6.259155,0.000000,circle,预设轨迹15,forward
1775480095.486290,34.897645,1775480100.062021|完整运动,完整运动,circle_orbit,1,1.000000,2.500000,2.500000,,,,,,,,,,,,,,,,1.490375,0.268194,1.343288,0.220305,0.000000,0.000000,0.377467,,-0.387192,0.000000,,,,0.179951,0.149049,2.500000,56.595697,6.231310,0.000000,circle,预设轨迹15,forward
1775480095.509518,34.920874,1775480100.062021|完整运动,完整运动,circle_orbit,1,1.000000,2.500000,2.500000,,,,,,,,,,,,,,,,1.487899,0.259246,1.339358,0.210858,0.000000,0.000000,0.368156,,-0.394330,0.000000,,,,0.174236,0.148801,2.500000,56.623457,6.203549,0.000000,circle,预设轨迹15,forward
1775480095.539757,34.951112,1775480100.062021|完整运动,完整运动,circle_orbit,1,1.000000,2.500000,2.500000,,,,,,,,,,,,,,,,1.485408,0.250216,1.335931,0.201353,0.000000,0.000000,0.358620,,-0.401138,0.000000,,,,0.168449,0.148552,2.500000,56.651030,6.175977,0.000000,circle,预设轨迹15,forward
1775480095.571344,34.982699,1775480100.062021|完整运动,完整运动,circle_orbit,1,1.000000,2.500000,2.500000,,,,,,,,,,,,,,,,1.482892,0.233245,1.331929,0.141353,0.000000,0.000000,0.337969,,-0.412913,0.000000,,,,0.157291,0.148301,2.500000,56.706004,6.121003,0.000000,circle,预设轨迹15,forward
1775480095.592642,35.003997,1775480100.062021|完整运动,完整运动,circle_orbit,1,1.000000,2.500000,2.500000,,,,,,,,,,,,,,,,1.480374,0.223205,1.329311,0.168806,0.000000,0.000000,0.327258,,-0.419508,0.000000,,,,0.150776,0.148049,2.500000,56.733330,6.093677,0.000000,circle,预设轨迹15,forward
1775480095.612974,35.024330,1775480100.062021|完整运动,完整运动,circle_orbit,1,1.000000,2.500000,2.500000,,,,,,,,,,,,,,,,1.477815,0.205391,1.324271,0.108806,0.000000,0.000000,0.305574,,-0.432656,0.000000,,,,0.138983,0.147793,2.500000,56.787546,6.039460,0.000000,circle,预设轨迹15,forward
1775480095.634331,35.045686,1775480100.062021|完整运动,完整运动,circle_orbit,1,1.000000,2.500000,2.500000,,,,,,,,,,,,,,,,1.475261,0.195701,1.322034,0.143127,0.000000,0.000000,0.294609,,-0.439039,0.000000,,,,0.132655,0.147537,2.500000,56.814403,6.012604,0.000000,circle,预设轨迹15,forward
1775480095.654742,35.066098,1775480100.062021|完整运动,完整运动,circle_orbit,1,1.000000,2.500000,2.500000,,,,,,,,,,,,,,,,1.472701,0.186303,1.319117,0.135284,0.000000,0.000000,0.283666,,-0.446030,0.000000,,,,0.126504,0.147281,2.500000,56.841142,5.985864,0.000000,circle,预设轨迹15,forward
1775480095.675204,35.086560,1775480100.062021|完整运动,完整运动,circle_orbit,1,1.000000,2.500000,2.500000,,,,,,,,,,,,,,,,1.470153,0.176876,1.317241,0.125659,0.000000,0.000000,0.272520,,-0.452175,0.000000,,,,0.120311,0.147027,2.500000,56.867786,5.959221,0.000000,circle,预设轨迹15,forward
1775480095.695785,35.107141,1775480100.062021|完整运动,完整运动,circle_orbit,1,1.000000,2.500000,2.500000,,,,,,,,,,,,,,,,1.467620,0.167679,1.315626,0.117683,0.000000,0.000000,0.261371,,-0.458091,0.000000,,,,0.114252,0.146773,2.500000,56.894234,5.932773,0.000000,circle,预设轨迹15,forward
1775480095.718535,35.129891,1775480100.062021|完整运动,完整运动,circle_orbit,1,1.000000,2.500000,2.500000,,,,,,,,,,,,,,,,1.465128,0.169232,1.315626,0.177683,0.000000,0.000000,0.261371,,-0.458091,0.000000,,,,0.115507,0.146524,2.500000,56.894234,5.932773,0.000000,circle,预设轨迹15,forward
1775480095.738987,35.150343,1775480100.062021|完整运动,完整运动,circle_orbit,1,1.000000,2.500000,2.500000,,,,,,,,,,,,,,,,1.462678,0.161231,1.315697,0.117683,0.000000,0.000000,0.237758,,-0.467473,0.000000,,,,0.110230,0.146279,2.500000,56.947119,5.879888,0.000000,circle,预设轨迹15,forward
1775480095.761838,35.173194,1775480100.062021|完整运动,完整运动,circle_orbit,1,1.000000,2.500000,2.500000,,,,,,,,,,,,,,,,1.460267,0.149676,1.315582,0.086741,0.000000,0.000000,0.225807,,-0.472358,0.000000,,,,0.102499,0.146038,2.500000,56.973617,5.853389,0.000000,circle,预设轨迹15,forward
1775480095.790455,35.201810,1775480100.062021|完整运动,完整运动,circle_orbit,1,1.000000,2.500000,2.500000,,,,,,,,,,,,,,,,1.457911,0.138724,1.316555,0.079033,0.000000,0.000000,0.213897,,-0.476244,0.000000,,,,0.095152,0.145802,2.500000,57.000019,5.826987,0.000000,circle,预设轨迹15,forward
1775480095.816897,35.228252,1775480100.062021|完整运动,完整运动,circle_orbit,1,1.000000,2.500000,2.500000,,,,,,,,,,,,,,,,1.455608,0.128208,1.317431,0.070866,0.000000,0.000000,0.201962,,-0.480229,0.000000,,,,0.088079,0.145572,2.500000,57.026385,5.800622,0.000000,circle,预设轨迹15,forward
1775480095.841257,35.252613,1775480100.062021|完整运动,完整运动,circle_orbit,1,1.000000,2.500000,2.500000,,,,,,,,,,,,,,,,1.453395,0.110033,1.320631,0.010866,0.000000,0.000000,0.177203,,-0.487259,0.000000,,,,0.075707,0.145351,2.500000,57.079164,5.747843,0.000000,circle,预设轨迹15,forward
1775480095.861670,35.273026,1775480100.062021|完整运动,完整运动,circle_orbit,1,1.000000,2.500000,2.500000,,,,,,,,,,,,,,,,1.451253,0.099366,1.322740,0.041135,0.000000,0.000000,0.164598,,-0.490416,0.000000,,,,0.068469,0.145137,2.500000,57.105524,5.721482,0.000000,circle,预设轨迹15,forward
1775480095.886670,35.298025,1775480100.062021|完整运动,完整运动,circle_orbit,1,1.000000,2.500000,2.500000,,,,,,,,,,,,,,,,1.449184,0.088965,1.325041,0.032153,0.000000,0.000000,0.151876,,-0.493454,0.000000,,,,0.061390,0.144930,2.500000,57.131783,5.695224,0.000000,circle,预设轨迹15,forward
1775480095.909082,35.320438,1775480100.062021|完整运动,完整运动,circle_orbit,1,1.000000,2.500000,2.500000,,,,,,,,,,,,,,,,1.447188,0.078856,1.327388,0.023609,0.000000,0.000000,0.139089,,-0.496484,0.000000,,,,0.054489,0.144730,2.500000,57.157895,5.669112,0.000000,circle,预设轨迹15,forward
1775480095.929440,35.340796,1775480100.062021|完整运动,完整运动,circle_orbit,1,1.000000,2.500000,2.500000,,,,,,,,,,,,,,,,1.445320,0.061036,1.333244,-0.036391,0.000000,0.000000,0.112569,,-0.501923,0.000000,,,,0.042230,0.144543,2.500000,57.209970,5.617036,0.000000,circle,预设轨迹15,forward
1775480095.951650,35.363006,1775480100.062021|完整运动,完整运动,circle_orbit,1,1.000000,2.500000,2.500000,,,,,,,,,,,,,,,,1.443482,0.055252,1.333244,0.023609,0.000000,0.000000,0.112569,,-0.501923,0.000000,,,,0.038277,0.144359,2.500000,57.209970,5.617036,0.000000,circle,预设轨迹15,forward
1775480095.972045,35.383401,1775480100.062021|完整运动,完整运动,circle_orbit,1,1.000000,2.500000,2.500000,,,,,,,,,,,,,,,,1.441766,0.041093,1.338782,-0.036391,0.000000,0.000000,0.085592,,-0.507866,0.000000,,,,0.028502,0.144188,2.500000,57.261763,5.565243,0.000000,circle,预设轨迹15,forward
1775480095.993394,35.404750,1775480100.062021|完整运动,完整运动,circle_orbit,1,1.000000,2.500000,2.500000,,,,,,,,,,,,,,,,1.440127,0.031396,1.341787,-0.021697,0.000000,0.000000,0.072301,,-0.510570,0.000000,,,,0.021801,0.144024,2.500000,57.287393,5.539614,0.000000,circle,预设轨迹15,forward
1775480096.013998,35.425354,1775480100.062021|完整运动,完整运动,circle_orbit,1,1.000000,2.500000,2.500000,,,,,,,,,,,,,,,,1.438578,0.021901,1.345611,-0.030099,0.000000,0.000000,0.058938,,-0.512605,0.000000,,,,0.015224,0.143869,2.500000,57.312799,5.514207,0.000000,circle,预设轨迹15,forward
1775480096.045990,35.457346,1775480100.062021|完整运动,完整运动,circle_orbit,1,1.000000,2.500000,2.500000,,,,,,,,,,,,,,,,1.437125,0.012416,1.349991,-0.039557,0.000000,0.000000,0.045372,,-0.514265,0.000000,,,,0.008639,0.143724,2.500000,57.338235,5.488772,0.000000,circle,预设轨迹15,forward
1775480096.078495,35.489851,1775480100.062021|完整运动,完整运动,circle_orbit,1,1.000000,2.500000,2.500000,,,,,,,,,,,,,,,,1.435769,0.003293,1.354409,-0.046709,0.000000,0.000000,0.031883,,-0.515886,0.000000,,,,0.002293,0.143588,2.500000,57.363475,5.463532,0.000000,circle,预设轨迹15,forward
1775480096.108424,35.519780,1775480100.062021|完整运动,完整运动,circle_orbit,1,1.000000,2.500000,2.500000,,,,,,,,,,,,,,,,1.434610,-0.013676,1.365076,-0.106709,0.000000,0.000000,0.004536,,-0.517811,0.000000,,,,0.009533,0.143472,2.500000,57.414550,5.412456,0.000000,circle,预设轨迹15,forward
1775480096.139696,35.551052,1775480100.062021|完整运动,完整运动,circle_orbit,1,1.000000,2.500000,2.500000,,,,,,,,,,,,,,,,1.433413,-0.022343,1.361556,-0.069877,0.000000,0.000000,-0.008817,,-0.519057,0.000000,,,,0.015587,0.143352,2.500000,57.439955,5.387051,0.000000,circle,预设轨迹15,forward
1775480096.171123,35.582479,1775480100.062021|完整运动,完整运动,circle_orbit,1,1.000000,2.500000,2.500000,,,,,,,,,,,,,,,,1.432023,-0.038922,1.348646,-0.129877,0.000000,0.000000,-0.035818,,-0.519241,0.000000,,,,0.027180,0.143213,2.500000,57.490984,5.336023,0.000000,circle,预设轨迹15,forward
1775480096.207704,35.619060,1775480100.062021|完整运动,完整运动,circle_orbit,1,1.000000,2.500000,2.500000,,,,,,,,,,,,,,,,1.430481,-0.062187,1.337954,-0.189877,0.000000,0.000000,-0.062953,,-0.517645,0.000000,,,,0.043473,0.143059,2.500000,57.542291,5.284716,0.000000,circle,预设轨迹15,forward
1775480096.239279,35.650634,1775480100.062021|完整运动,完整运动,circle_orbit,1,1.000000,2.500000,2.500000,,,,,,,,,,,,,,,,1.428795,-0.087146,1.327635,-0.224189,0.000000,0.000000,-0.090035,,-0.515888,0.000000,,,,0.060993,0.142891,2.500000,57.594135,5.232871,0.000000,circle,预设轨迹15,forward
1775480096.269990,35.681346,1775480100.062021|完整运动,完整运动,circle_orbit,1,1.000000,2.500000,2.500000,,,,,,,,,,,,,,,,1.427067,-0.099011,1.323373,-0.164189,0.000000,0.000000,-0.103694,,-0.514215,0.000000,,,,0.069381,0.142718,2.500000,57.620032,5.206974,0.000000,circle,预设轨迹15,forward
1775480096.294575,35.705931,1775480100.062021|完整运动,完整运动,circle_orbit,1,1.000000,2.500000,2.500000,,,,,,,,,,,,,,,,1.425297,-0.104602,1.319086,-0.135324,0.000000,0.000000,-0.117461,,-0.512545,0.000000,,,,0.073389,0.142541,2.500000,57.645900,5.181107,0.000000,circle,预设轨迹15,forward
1775480096.314858,35.726214,1775480100.062021|完整运动,完整运动,circle_orbit,1,1.000000,2.500000,2.500000,,,,,,,,,,,,,,,,1.423416,-0.118563,1.310575,-0.195324,0.000000,0.000000,-0.145241,,-0.509124,0.000000,,,,0.083294,0.142353,2.500000,57.697641,5.129366,0.000000,circle,预设轨迹15,forward
1775480096.341009,35.752365,1775480100.062021|完整运动,完整运动,circle_orbit,1,1.000000,2.500000,2.500000,,,,,,,,,,,,,,,,1.421566,-0.121141,1.310575,-0.135324,0.000000,0.000000,-0.145241,,-0.509124,0.000000,,,,0.085216,0.142168,2.500000,57.697641,5.129366,0.000000,circle,预设轨迹15,forward
1775480096.367106,35.778461,1775480100.062021|完整运动,完整运动,circle_orbit,1,1.000000,2.500000,2.500000,,,,,,,,,,,,,,,,1.419624,-0.132547,1.303093,-0.195324,0.000000,0.000000,-0.172799,,-0.504945,0.000000,,,,0.093368,0.141973,2.500000,57.749062,5.077945,0.000000,circle,预设轨迹15,forward
1775480096.407965,35.819321,1775480100.062021|完整运动,完整运动,circle_orbit,1,1.000000,2.500000,2.500000,,,,,,,,,,,,,,,,1.417606,-0.151417,1.296559,-0.255324,0.000000,0.000000,-0.199988,,-0.500112,0.000000,,,,0.106812,0.141772,2.500000,57.800475,5.026531,0.000000,circle,预设轨迹15,forward
1775480096.444160,35.855516,1775480100.062021|完整运动,完整运动,circle_orbit,1,1.000000,2.500000,2.500000,,,,,,,,,,,,,,,,1.415536,-0.172893,1.291335,-0.291214,0.000000,0.000000,-0.226313,,-0.494456,0.000000,,,,0.122140,0.141565,2.500000,57.852631,4.974376,0.000000,circle,预设轨迹15,forward
1775480096.477245,35.888601,1775480100.062021|完整运动,完整运动,circle_orbit,1,1.000000,2.500000,2.500000,,,,,,,,,,,,,,,,1.413467,-0.181849,1.289289,-0.231214,0.000000,0.000000,-0.239290,,-0.491185,0.000000,,,,0.128654,0.141358,2.500000,57.878878,4.948128,0.000000,circle,预设轨迹15,forward
1775480096.500298,35.911654,1775480100.062021|完整运动,完整运动,circle_orbit,1,1.000000,2.500000,2.500000,,,,,,,,,,,,,,,,1.411371,-0.198635,1.285597,-0.291214,0.000000,0.000000,-0.264850,,-0.484441,0.000000,,,,0.140739,0.141148,2.500000,57.931473,4.895533,0.000000,circle,预设轨迹15,forward
1775480096.521037,35.932393,1775480100.062021|完整运动,完整运动,circle_orbit,1,1.000000,2.500000,2.500000,,,,,,,,,,,,,,,,1.409290,-0.203633,1.284447,-0.231214,0.000000,0.000000,-0.277597,,-0.480429,0.000000,,,,0.144493,0.140940,2.500000,57.957719,4.869287,0.000000,circle,预设轨迹15,forward
1775480096.546142,35.957498,1775480100.062021|完整运动,完整运动,circle_orbit,1,1.000000,2.500000,2.500000,,,,,,,,,,,,,,,,1.407224,-0.205767,1.283296,-0.217548,0.000000,0.000000,-0.290434,,-0.476386,0.000000,,,,0.146222,0.140733,2.500000,57.984250,4.842757,0.000000,circle,预设轨迹15,forward
1775480096.577259,35.988614,1775480100.062021|完整运动,完整运动,circle_orbit,1,1.000000,2.500000,2.500000,,,,,,,,,,,,,,,,1.405159,-0.216770,1.281240,-0.277548,0.000000,0.000000,-0.315669,,-0.468244,0.000000,,,,0.154267,0.140527,2.500000,58.037786,4.789220,0.000000,circle,预设轨迹15,forward
1775480096.612289,36.023645,1775480100.062021|完整运动,完整运动,circle_orbit,1,1.000000,2.500000,2.500000,,,,,,,,,,,,,,,,1.403113,-0.219336,1.280364,-0.233522,0.000000,0.000000,-0.328209,,-0.464062,0.000000,,,,0.156321,0.140322,2.500000,58.064672,4.762334,0.000000,circle,预设轨迹15,forward
1775480096.635371,36.046727,1775480100.062021|完整运动,完整运动,circle_orbit,1,1.000000,2.500000,2.500000,,,,,,,,,,,,,,,,1.401081,-0.230698,1.279140,-0.293522,0.000000,0.000000,-0.353603,,-0.455071,0.000000,,,,0.164657,0.140119,2.500000,58.118258,4.708749,0.000000,circle,预设轨迹15,forward
1775480096.655790,36.067146,1775480100.062021|完整运动,完整运动,circle_orbit,1,1.000000,2.500000,2.500000,,,,,,,,,,,,,,,,1.399064,-0.234008,1.278073,-0.252321,0.000000,0.000000,-0.366241,,-0.451036,0.000000,,,,0.167260,0.139917,2.500000,58.145262,4.681745,0.000000,circle,预设轨迹15,forward
1775480096.681257,36.092613,1775480100.062021|完整运动,完整运动,circle_orbit,1,1.000000,2.500000,2.500000,,,,,,,,,,,,,,,,1.397071,-0.237394,1.277453,-0.256140,0.000000,0.000000,-0.378766,,-0.446619,0.000000,,,,0.169923,0.139718,2.500000,58.172446,4.654560,0.000000,circle,预设轨迹15,forward
1775480096.708445,36.119800,1775480100.062021|完整运动,完整运动,circle_orbit,1,1.000000,2.500000,2.500000,,,,,,,,,,,,,,,,1.395109,-0.240556,1.277418,-0.258064,0.000000,0.000000,-0.390964,,-0.441773,0.000000,,,,0.172428,0.139522,2.500000,58.199392,4.627614,0.000000,circle,预设轨迹15,forward
1775480096.743607,36.154963,1775480100.062021|完整运动,完整运动,circle_orbit,1,1.000000,2.500000,2.500000,,,,,,,,,,,,,,,,1.393170,-0.252405,1.276814,-0.318064,0.000000,0.000000,-0.415054,,-0.432714,0.000000,,,,0.181173,0.139328,2.500000,58.253385,4.573622,0.000000,circle,预设轨迹15,forward
1775480096.767838,36.179193,1775480100.062021|完整运动,完整运动,circle_orbit,1,1.000000,2.500000,2.500000,,,,,,,,,,,,,,,,1.391264,-0.255207,1.276903,-0.270740,0.000000,0.000000,-0.426802,,-0.427930,0.000000,,,,0.183436,0.139137,2.500000,58.280571,4.546435,0.000000,circle,预设轨迹15,forward
1775480096.794301,36.205657,1775480100.062021|完整运动,完整运动,circle_orbit,1,1.000000,2.500000,2.500000,,,,,,,,,,,,,,,,1.389406,-0.266746,1.277940,-0.330740,0.000000,0.000000,-0.449752,,-0.417756,0.000000,,,,0.191985,0.138951,2.500000,58.335842,4.491164,0.000000,circle,预设轨迹15,forward
1775480096.815216,36.226572,1775480100.062021|完整运动,完整运动,circle_orbit,1,1.000000,2.500000,2.500000,,,,,,,,,,,,,,,,1.387591,-0.268789,1.278652,-0.280127,0.000000,0.000000,-0.460817,,-0.412649,0.000000,,,,0.193709,0.138770,2.500000,58.363421,4.463586,0.000000,circle,预设轨迹15,forward
1775480096.836360,36.247715,1775480100.062021|完整运动,完整运动,circle_orbit,1,1.000000,2.500000,2.500000,,,,,,,,,,,,,,,,1.385820,-0.270662,1.279590,-0.281057,0.000000,0.000000,-0.471588,,-0.407444,0.000000,,,,0.195308,0.138593,2.500000,58.390959,4.436047,0.000000,circle,预设轨迹15,forward
1775480096.857691,36.269046,1775480100.062021|完整运动,完整运动,circle_orbit,1,1.000000,2.500000,2.500000,,,,,,,,,,,,,,,,1.384103,-0.272619,1.281104,-0.283491,0.000000,0.000000,-0.482271,,-0.401728,0.000000,,,,0.196965,0.138421,2.500000,58.418183,4.408824,0.000000,circle,预设轨迹15,forward
1775480096.878457,36.289812,1775480100.062021|完整运动,完整运动,circle_orbit,1,1.000000,2.500000,2.500000,,,,,,,,,,,,,,,,1.382455,-0.274828,1.283550,-0.287101,0.000000,0.000000,-0.493018,,-0.395104,0.000000,,,,0.198797,0.138256,2.500000,58.445652,4.381355,0.000000,circle,预设轨迹15,forward
1775480096.910348,36.321704,1775480100.062021|完整运动,完整运动,circle_orbit,1,1.000000,2.500000,2.500000,,,,,,,,,,,,,,,,1.380866,-0.276930,1.285558,-0.288613,0.000000,0.000000,-0.503571,,-0.388982,0.000000,,,,0.200548,0.138097,2.500000,58.473480,4.353526,0.000000,circle,预设轨迹15,forward
1775480096.931781,36.343137,1775480100.062021|完整运动,完整运动,circle_orbit,1,1.000000,2.500000,2.500000,,,,,,,,,,,,,,,,1.379343,-0.279302,1.287948,-0.292493,0.000000,0.000000,-0.514234,,-0.382461,0.000000,,,,0.202489,0.137945,2.500000,58.501534,4.325473,0.000000,circle,预设轨迹15,forward
1775480096.957949,36.369305,1775480100.062021|完整运动,完整运动,circle_orbit,1,1.000000,2.500000,2.500000,,,,,,,,,,,,,,,,1.377942,-0.290456,1.293844,-0.352493,0.000000,0.000000,-0.535619,,-0.368377,0.000000,,,,0.210789,0.137805,2.500000,58.557822,4.269184,0.000000,circle,预设轨迹15,forward
1775480096.978584,36.389940,1775480100.062021|完整运动,完整运动,circle_orbit,1,1.000000,2.500000,2.500000,,,,,,,,,,,,,,,,1.376621,-0.292708,1.297403,-0.305241,0.000000,0.000000,-0.546270,,-0.360804,0.000000,,,,0.212628,0.137673,2.500000,58.585795,4.241212,0.000000,circle,预设轨迹15,forward
1775480097.006947,36.418302,1775480100.062021|完整运动,完整运动,circle_orbit,1,1.000000,2.500000,2.500000,,,,,,,,,,,,,,,,1.375376,-0.295042,1.300670,-0.308035,0.000000,0.000000,-0.556908,,-0.353524,0.000000,,,,0.214517,0.137548,2.500000,58.613679,4.213327,0.000000,circle,预设轨迹15,forward
1775480097.036966,36.448322,1775480100.062021|完整运动,完整运动,circle_orbit,1,1.000000,2.500000,2.500000,,,,,,,,,,,,,,,,1.374200,-0.297096,1.303650,-0.308530,0.000000,0.000000,-0.567257,,-0.346637,0.000000,,,,0.216195,0.137431,2.500000,58.641806,4.185201,0.000000,circle,预设轨迹15,forward
1775480097.067602,36.478958,1775480100.062021|完整运动,完整运动,circle_orbit,1,1.000000,2.500000,2.500000,,,,,,,,,,,,,,,,1.373168,-0.307970,1.311219,-0.368530,0.000000,0.000000,-0.587190,,-0.331745,0.000000,,,,0.224277,0.137327,2.500000,58.698559,4.128447,0.000000,circle,预设轨迹15,forward
1775480097.090651,36.502007,1775480100.062021|完整运动,完整运动,circle_orbit,1,1.000000,2.500000,2.500000,,,,,,,,,,,,,,,,1.372233,-0.308822,1.316168,-0.313564,0.000000,0.000000,-0.596769,,-0.323432,0.000000,,,,0.225050,0.137234,2.500000,58.726817,4.100190,0.000000,circle,预设轨迹15,forward
1775480097.111148,36.522504,1775480100.062021|完整运动,完整运动,circle_orbit,1,1.000000,2.500000,2.500000,,,,,,,,,,,,,,,,1.371479,-0.318674,1.326198,-0.373564,0.000000,0.000000,-0.615223,,-0.307072,0.000000,,,,0.232358,0.137158,2.500000,58.783276,4.043731,0.000000,circle,预设轨迹15,forward
1775480097.133695,36.545051,1775480100.062021|完整运动,完整运动,circle_orbit,1,1.000000,2.500000,2.500000,,,,,,,,,,,,,,,,1.370832,-0.318485,1.332053,-0.317433,0.000000,0.000000,-0.624093,,-0.298345,0.000000,,,,0.232330,0.137094,2.500000,58.811913,4.015094,0.000000,circle,预设轨迹15,forward
1775480097.165470,36.576826,1775480100.062021|完整运动,完整运动,circle_orbit,1,1.000000,2.500000,2.500000,,,,,,,,,,,,,,,,1.370293,-0.317915,1.337946,-0.314737,0.000000,0.000000,-0.632452,,-0.289834,0.000000,,,,0.232005,0.137040,2.500000,58.840673,3.986333,0.000000,circle,预设轨迹15,forward
1775480097.186396,36.597752,1775480100.062021|完整运动,完整运动,circle_orbit,1,1.000000,2.500000,2.500000,,,,,,,,,,,,,,,,1.369870,-0.317249,1.344451,-0.313540,0.000000,0.000000,-0.640520,,-0.280957,0.000000,,,,0.231591,0.136998,2.500000,58.869499,3.957507,0.000000,circle,预设轨迹15,forward
1775480097.207523,36.618878,1775480100.062021|完整运动,完整运动,circle_orbit,1,1.000000,2.500000,2.500000,,,,,,,,,,,,,,,,1.369711,-0.325812,1.360200,-0.373540,0.000000,0.000000,-0.656199,,-0.261229,0.000000,,,,0.237869,0.136982,2.500000,58.927528,3.899479,0.000000,circle,预设轨迹15,forward
1775480097.228276,36.639632,1775480100.062021|完整运动,完整运动,circle_orbit,1,1.000000,2.500000,2.500000,,,,,,,,,,,,,,,,1.369694,-0.324254,1.368685,-0.315566,0.000000,0.000000,-0.663693,,-0.251109,0.000000,,,,0.236734,0.136980,2.500000,58.956727,3.870279,0.000000,circle,预设轨迹15,forward
1775480097.248637,36.659993,1775480100.062021|完整运动,完整运动,circle_orbit,1,1.000000,2.500000,2.500000,,,,,,,,,,,,,,,,1.369830,-0.322921,1.377979,-0.315496,0.000000,0.000000,-0.671108,,-0.240443,0.000000,,,,0.235738,0.136994,2.500000,58.985967,3.841040,0.000000,circle,预设轨迹15,forward
1775480097.284041,36.695397,1775480100.062021|完整运动,完整运动,circle_orbit,1,1.000000,2.500000,2.500000,,,,,,,,,,,,,,,,1.369964,-0.312664,1.377979,-0.255496,0.000000,0.000000,-0.671108,,-0.240443,0.000000,,,,0.228228,0.137007,2.500000,58.985967,3.841040,0.000000,circle,预设轨迹15,forward
1775480097.316767,36.728123,1775480100.062021|完整运动,完整运动,circle_orbit,1,1.000000,2.500000,2.500000,,,,,,,,,,,,,,,,1.370551,-0.313095,1.405792,-0.315496,0.000000,0.000000,-0.691757,,-0.209749,0.000000,,,,0.228445,0.137066,2.500000,59.074009,3.752998,0.000000,circle,预设轨迹15,forward
1775480097.337964,36.749320,1775480100.062021|完整运动,完整运动,circle_orbit,1,1.000000,2.500000,2.500000,,,,,,,,,,,,,,,,1.371286,-0.313102,1.415386,-0.313140,0.000000,0.000000,-0.698241,,-0.199621,0.000000,,,,0.228327,0.137139,2.500000,59.103714,3.723292,0.000000,circle,预设轨迹15,forward
1775480097.366607,36.777963,1775480100.062021|完整运动,完整运动,circle_orbit,1,1.000000,2.500000,2.500000,,,,,,,,,,,,,,,,1.372169,-0.312694,1.425166,-0.310423,0.000000,0.000000,-0.704404,,-0.189580,0.000000,,,,0.227883,0.137228,2.500000,59.133510,3.693496,0.000000,circle,预设轨迹15,forward
1775480097.395999,36.807354,1775480100.062021|完整运动,完整运动,circle_orbit,1,1.000000,2.500000,2.500000,,,,,,,,,,,,,,,,1.373381,-0.319386,1.446080,-0.356651,0.000000,0.000000,-0.716202,,-0.169004,0.000000,,,,0.232555,0.137349,2.500000,59.193431,3.633576,0.000000,circle,预设轨迹15,forward
1775480097.429651,36.841007,1775480100.062021|完整运动,完整运动,circle_orbit,1,1.000000,2.500000,2.500000,,,,,,,,,,,,,,,,1.374751,-0.317430,1.456958,-0.306544,0.000000,0.000000,-0.721537,,-0.158803,0.000000,,,,0.230900,0.137486,2.500000,59.223605,3.603401,0.000000,circle,预设轨迹15,forward
1775480097.458029,36.869385,1775480100.062021|完整运动,完整运动,circle_orbit,1,1.000000,2.500000,2.500000,,,,,,,,,,,,,,,,1.376287,-0.315104,1.468447,-0.302156,0.000000,0.000000,-0.726438,,-0.148452,0.000000,,,,0.228952,0.137639,2.500000,59.254054,3.572953,0.000000,circle,预设轨迹15,forward
1775480097.479835,36.891191,1775480100.062021|完整运动,完整运动,circle_orbit,1,1.000000,2.500000,2.500000,,,,,,,,,,,,,,,,1.378252,-0.318599,1.496161,-0.338043,0.000000,0.000000,-0.735822,,-0.124988,0.000000,,,,0.231162,0.137836,2.500000,59.315204,3.511803,0.000000,circle,预设轨迹15,forward
1775480097.505180,36.916536,1775480100.062021|完整运动,完整运动,circle_orbit,1,1.000000,2.500000,2.500000,,,,,,,,,,,,,,,,1.380403,-0.315332,1.509472,-0.297167,0.000000,0.000000,-0.740050,,-0.114087,0.000000,,,,0.228434,0.138051,2.500000,59.345776,3.481231,0.000000,circle,预设轨迹15,forward
1775480097.534208,36.945564,1775480100.062021|完整运动,完整运动,circle_orbit,1,1.000000,2.500000,2.500000,,,,,,,,,,,,,,,,1.382750,-0.311961,1.523519,-0.293236,0.000000,0.000000,-0.743983,,-0.102970,0.000000,,,,0.225609,0.138286,2.500000,59.376395,3.450611,0.000000,circle,预设轨迹15,forward
1775480097.569058,36.980414,1775480100.062021|完整运动,完整运动,circle_orbit,1,1.000000,2.500000,2.500000,,,,,,,,,,,,,,,,1.385522,-0.311915,1.551855,-0.311661,0.000000,0.000000,-0.750355,,-0.081694,0.000000,,,,0.225125,0.138563,2.500000,59.437794,3.389213,0.000000,circle,预设轨迹15,forward
1775480097.595600,37.006956,1775480100.062021|完整运动,完整运动,circle_orbit,1,1.000000,2.500000,2.500000,,,,,,,,,,,,,,,,1.388524,-0.307356,1.568672,-0.282063,0.000000,0.000000,-0.753168,,-0.069775,0.000000,,,,0.221354,0.138863,2.500000,59.468697,3.358310,0.000000,circle,预设轨迹15,forward
1775480097.620692,37.032048,1775480100.062021|完整运动,完整运动,circle_orbit,1,1.000000,2.500000,2.500000,,,,,,,,,,,,,,,,1.392057,-0.305903,1.604018,-0.297851,0.000000,0.000000,-0.758188,,-0.045818,0.000000,,,,0.219749,0.139216,2.500000,59.530205,3.296802,0.000000,circle,预设轨迹15,forward
1775480097.642406,37.053762,1775480100.062021|完整运动,完整运动,circle_orbit,1,1.000000,2.500000,2.500000,,,,,,,,,,,,,,,,1.395833,-0.300817,1.622367,-0.272654,0.000000,0.000000,-0.760284,,-0.033962,0.000000,,,,0.215511,0.139594,2.500000,59.560887,3.266119,0.000000,circle,预设轨迹15,forward
1775480097.663703,37.075059,1775480100.062021|完整运动,完整运动,circle_orbit,1,1.000000,2.500000,2.500000,,,,,,,,,,,,,,,,1.399842,-0.295707,1.640435,-0.267439,0.000000,0.000000,-0.762085,,-0.022634,0.000000,,,,0.211243,0.139995,2.500000,59.591680,3.235327,0.000000,circle,预设轨迹15,forward
1775480097.684391,37.095746,1775480100.062021|完整运动,完整运动,circle_orbit,1,1.000000,2.500000,2.500000,,,,,,,,,,,,,,,,1.404082,-0.290316,1.658437,-0.260531,0.000000,0.000000,-0.763405,,-0.011767,0.000000,,,,0.206766,0.140419,2.500000,59.622474,3.204533,0.000000,circle,预设轨迹15,forward
1775480097.711995,37.123351,1775480100.062021|完整运动,完整运动,circle_orbit,1,1.000000,2.500000,2.500000,,,,,,,,,,,,,,,,1.408552,-0.284731,1.676797,-0.253905,0.000000,0.000000,-0.764311,,-0.001088,0.000000,,,,0.202144,0.140866,2.500000,59.653443,3.173563,0.000000,circle,预设轨迹15,forward
1775480097.739030,37.150386,1775480100.062021|完整运动,完整运动,circle_orbit,1,1.000000,2.500000,2.500000,,,,,,,,,,,,,,,,1.412676,-0.279253,1.660099,-0.249053,0.000000,0.000000,-0.765040,,0.010169,0.000000,,,,0.197677,0.141279,2.500000,59.684409,3.142597,0.000000,circle,预设轨迹15,forward
1775480097.769882,37.181238,1775480100.062021|完整运动,完整运动,circle_orbit,1,1.000000,2.500000,2.500000,,,,,,,,,,,,,,,,1.416110,-0.273306,1.622160,-0.240543,0.000000,0.000000,-0.765184,,0.032125,0.000000,,,,0.192998,0.141622,2.500000,59.746271,3.080736,0.000000,circle,预设轨迹15,forward
1775480097.798753,37.210109,1775480100.062021|完整运动,完整运动,circle_orbit,1,1.000000,2.500000,2.500000,,,,,,,,,,,,,,,,1.418909,-0.265842,1.586824,-0.224754,0.000000,0.000000,-0.763909,,0.054085,0.000000,,,,0.187356,0.141902,2.500000,59.808707,3.018300,0.000000,circle,预设轨迹15,forward
1775480097.819290,37.230646,1775480100.062021|完整运动,完整运动,circle_orbit,1,1.000000,2.500000,2.500000,,,,,,,,,,,,,,,,1.421388,-0.258789,1.570147,-0.219992,0.000000,0.000000,-0.762618,,0.065059,0.000000,,,,0.182068,0.142150,2.500000,59.840124,2.986882,0.000000,circle,预设轨迹15,forward
1775480097.843867,37.255223,1775480100.062021|完整运动,完整运动,circle_orbit,1,1.000000,2.500000,2.500000,,,,,,,,,,,,,,,,1.423571,-0.251552,1.554530,-0.211760,0.000000,0.000000,-0.760889,,0.075748,0.000000,,,,0.176705,0.142368,2.500000,59.871647,2.955360,0.000000,circle,预设轨迹15,forward
1775480097.865024,37.276380,1775480100.062021|完整运动,完整运动,circle_orbit,1,1.000000,2.500000,2.500000,,,,,,,,,,,,,,,,1.425455,-0.244312,1.538534,-0.204527,0.000000,0.000000,-0.758867,,0.087007,0.000000,,,,0.171392,0.142557,2.500000,59.903083,2.923923,0.000000,circle,预设轨迹15,forward
1775480097.885689,37.297045,1775480100.062021|完整运动,完整运动,circle_orbit,1,1.000000,2.500000,2.500000,,,,,,,,,,,,,,,,1.427075,-0.236976,1.524248,-0.196679,0.000000,0.000000,-0.756491,,0.097476,0.000000,,,,0.166057,0.142719,2.500000,59.934380,2.892626,0.000000,circle,预设轨迹15,forward
1775480097.910310,37.321666,1775480100.062021|完整运动,完整运动,circle_orbit,1,1.000000,2.500000,2.500000,,,,,,,,,,,,,,,,1.428432,-0.229644,1.509829,-0.189382,0.000000,0.000000,-0.753845,,0.108324,0.000000,,,,0.160767,0.142854,2.500000,59.965979,2.861028,0.000000,circle,预设轨迹15,forward
1775480097.940005,37.351361,1775480100.062021|完整运动,完整运动,circle_orbit,1,1.000000,2.500000,2.500000,,,,,,,,,,,,,,,,1.429299,-0.218555,1.481319,-0.157674,0.000000,0.000000,-0.748046,,0.130562,0.000000,,,,0.152911,0.142941,2.500000,60.028999,2.798008,0.000000,circle,预设轨迹15,forward
1775480097.976074,37.387430,1775480100.062021|完整运动,完整运动,circle_orbit,1,1.000000,2.500000,2.500000,,,,,,,,,,,,,,,,1.429940,-0.211076,1.468407,-0.170022,0.000000,0.000000,-0.744573,,0.141226,0.000000,,,,0.147612,0.143005,2.500000,60.060596,2.766410,0.000000,circle,预设轨迹15,forward
1775480098.000558,37.411913,1775480100.062021|完整运动,完整运动,circle_orbit,1,1.000000,2.500000,2.500000,,,,,,,,,,,,,,,,1.430201,-0.198488,1.445848,-0.129397,0.000000,0.000000,-0.736920,,0.160890,0.000000,,,,0.138783,0.143031,2.500000,60.122913,2.704094,0.000000,circle,预设轨迹15,forward
1775480098.021251,37.432606,1775480100.062021|完整运动,完整运动,circle_orbit,1,1.000000,2.500000,2.500000,,,,,,,,,,,,,,,,1.430287,-0.190909,1.435483,-0.149309,0.000000,0.000000,-0.732616,,0.170415,0.000000,,,,0.133476,0.143040,2.500000,60.153988,2.673019,0.000000,circle,预设轨迹15,forward
1775480098.044958,37.456313,1775480100.062021|完整运动,完整运动,circle_orbit,1,1.000000,2.500000,2.500000,,,,,,,,,,,,,,,,1.430189,-0.183383,1.424279,-0.142075,0.000000,0.000000,-0.728144,,0.180766,0.000000,,,,0.128223,0.143030,2.500000,60.185103,2.641903,0.000000,circle,预设轨迹15,forward
1775480098.067678,37.479034,1775480100.062021|完整运动,完整运动,circle_orbit,1,1.000000,2.500000,2.500000,,,,,,,,,,,,,,,,1.429914,-0.175766,1.413460,-0.133956,0.000000,0.000000,-0.723401,,0.191060,0.000000,,,,0.122921,0.143002,2.500000,60.216144,2.610862,0.000000,circle,预设轨迹15,forward
1775480098.088050,37.499406,1775480100.062021|完整运动,完整运动,circle_orbit,1,1.000000,2.500000,2.500000,,,,,,,,,,,,,,,,1.429330,-0.160793,1.394252,-0.078587,0.000000,0.000000,-0.712772,,0.210542,0.000000,,,,0.112495,0.142944,2.500000,60.277741,2.549265,0.000000,circle,预设轨迹15,forward
1775480098.113790,37.525146,1775480100.062021|完整运动,完整运动,circle_orbit,1,1.000000,2.500000,2.500000,,,,,,,,,,,,,,,,1.428607,-0.152822,1.385218,-0.109055,0.000000,0.000000,-0.706938,,0.220184,0.000000,,,,0.106973,0.142872,2.500000,60.308438,2.518568,0.000000,circle,预设轨迹15,forward
1775480098.134361,37.545717,1775480100.062021|完整运动,完整运动,circle_orbit,1,1.000000,2.500000,2.500000,,,,,,,,,,,,,,,,1.427760,-0.144604,1.376934,-0.099472,0.000000,0.000000,-0.700726,,0.229456,0.000000,,,,0.101281,0.142787,2.500000,60.339108,2.487899,0.000000,circle,预设轨迹15,forward
1775480098.157514,37.568870,1775480100.062021|完整运动,完整运动,circle_orbit,1,1.000000,2.500000,2.500000,,,,,,,,,,,,,,,,1.426793,-0.136476,1.368769,-0.091823,0.000000,0.000000,-0.694384,,0.238761,0.000000,,,,0.095652,0.142690,2.500000,60.369540,2.457466,0.000000,circle,预设轨迹15,forward
1775480098.178318,37.589674,1775480100.062021|完整运动,完整运动,circle_orbit,1,1.000000,2.500000,2.500000,,,,,,,,,,,,,,,,1.425841,-0.136785,1.368769,-0.138480,0.000000,0.000000,-0.694384,,0.238761,0.000000,,,,0.095933,0.142595,2.500000,60.369540,2.457466,0.000000,circle,预设轨迹15,forward
1775480098.206261,37.617617,1775480100.062021|完整运动,完整运动,circle_orbit,1,1.000000,2.500000,2.500000,,,,,,,,,,,,,,,,1.424667,-0.127810,1.354204,-0.078480,0.000000,0.000000,-0.680869,,0.256446,0.000000,,,,0.089712,0.142478,2.500000,60.430308,2.396698,0.000000,circle,预设轨迹15,forward
1775480098.226709,37.638065,1775480100.062021|完整运动,完整运动,circle_orbit,1,1.000000,2.500000,2.500000,,,,,,,,,,,,,,,,1.423293,-0.110986,1.340831,-0.018480,0.000000,0.000000,-0.664891,,0.274345,0.000000,,,,0.077978,0.142340,2.500000,60.491556,2.335451,0.000000,circle,预设轨迹15,forward
1775480098.254242,37.665598,1775480100.062021|完整运动,完整运动,circle_orbit,1,1.000000,2.500000,2.500000,,,,,,,,,,,,,,,,1.421941,-0.105985,1.340831,-0.078480,0.000000,0.000000,-0.664891,,0.274345,0.000000,,,,0.074536,0.142205,2.500000,60.491556,2.335451,0.000000,circle,预设轨迹15,forward
1775480098.277590,37.688946,1775480100.062021|完整运动,完整运动,circle_orbit,1,1.000000,2.500000,2.500000,,,,,,,,,,,,,,,,1.420394,-0.092528,1.327587,-0.018480,0.000000,0.000000,-0.648427,,0.292556,0.000000,,,,0.065143,0.142050,2.500000,60.552289,2.274718,0.000000,circle,预设轨迹15,forward
1775480098.298087,37.709443,1775480100.062021|完整运动,完整运动,circle_orbit,1,1.000000,2.500000,2.500000,,,,,,,,,,,,,,,,1.418785,-0.082577,1.322250,-0.027798,0.000000,0.000000,-0.640076,,0.300648,0.000000,,,,0.058203,0.141889,2.500000,60.582511,2.244495,0.000000,circle,预设轨迹15,forward
1775480098.321010,37.732365,1775480100.062021|完整运动,完整运动,circle_orbit,1,1.000000,2.500000,2.500000,,,,,,,,,,,,,,,,1.417121,-0.072784,1.317258,-0.018853,0.000000,0.000000,-0.631515,,0.308551,0.000000,,,,0.051361,0.141723,2.500000,60.612654,2.214353,0.000000,circle,预设轨迹15,forward
1775480098.354053,37.765409,1775480100.062021|完整运动,完整运动,circle_orbit,1,1.000000,2.500000,2.500000,,,,,,,,,,,,,,,,1.415403,-0.062857,1.312362,-0.008160,0.000000,0.000000,-0.622538,,0.316567,0.000000,,,,0.044409,0.141551,2.500000,60.642913,2.184094,0.000000,circle,预设轨迹15,forward
1775480098.391139,37.802495,1775480100.062021|完整运动,完整运动,circle_orbit,1,1.000000,2.500000,2.500000,,,,,,,,,,,,,,,,1.413572,-0.045244,1.303721,0.051840,0.000000,0.000000,-0.603947,,0.331895,0.000000,,,,0.032007,0.141368,2.500000,60.702655,2.124351,0.000000,circle,预设轨迹15,forward
1775480098.415252,37.826608,1775480100.062021|完整运动,完整运动,circle_orbit,1,1.000000,2.500000,2.500000,,,,,,,,,,,,,,,,1.411652,-0.022941,1.296427,0.100056,0.000000,0.000000,-0.584537,,0.346402,0.000000,,,,0.016251,0.141176,2.500000,60.761405,2.065602,0.000000,circle,预设轨迹15,forward
1775480098.436509,37.847865,1775480100.062021|完整运动,完整运动,circle_orbit,1,1.000000,2.500000,2.500000,,,,,,,,,,,,,,,,1.409710,-0.013275,1.293193,0.040056,0.000000,0.000000,-0.574311,,0.353507,0.000000,,,,0.009417,0.140982,2.500000,60.790613,2.036394,0.000000,circle,预设轨迹15,forward
1775480098.457660,37.869016,1775480100.062021|完整运动,完整运动,circle_orbit,1,1.000000,2.500000,2.500000,,,,,,,,,,,,,,,,1.407757,-0.003895,1.290560,0.047886,0.000000,0.000000,-0.563747,,0.360199,0.000000,,,,0.002767,0.140787,2.500000,60.819689,2.007317,0.000000,circle,预设轨迹15,forward
1775480098.478606,37.889961,1775480100.062021|完整运动,完整运动,circle_orbit,1,1.000000,2.500000,2.500000,,,,,,,,,,,,,,,,1.405791,0.005361,1.287812,0.056482,0.000000,0.000000,-0.553096,,0.367043,0.000000,,,,0.003813,0.140590,2.500000,60.848542,1.978464,0.000000,circle,预设轨迹15,forward
1775480098.499094,37.910450,1775480100.062021|完整运动,完整运动,circle_orbit,1,1.000000,2.500000,2.500000,,,,,,,,,,,,,,,,1.403823,0.014578,1.285747,0.065512,0.000000,0.000000,-0.542296,,0.373311,0.000000,,,,0.010384,0.140393,2.500000,60.877021,1.949986,0.000000,circle,预设轨迹15,forward
1775480098.528366,37.939722,1775480100.062021|完整运动,完整运动,circle_orbit,1,1.000000,2.500000,2.500000,,,,,,,,,,,,,,,,1.401858,0.023753,1.283956,0.074476,0.000000,0.000000,-0.531356,,0.379383,0.000000,,,,0.016944,0.140197,2.500000,60.905350,1.921657,0.000000,circle,预设轨迹15,forward
1775480098.557269,37.968624,1775480100.062021|完整运动,完整运动,circle_orbit,1,1.000000,2.500000,2.500000,,,,,,,,,,,,,,,,1.399883,0.040705,1.281388,0.134476,0.000000,0.000000,-0.508856,,0.390823,0.000000,,,,0.029078,0.139999,2.500000,60.961659,1.865347,0.000000,circle,预设轨迹15,forward
1775480098.578743,37.990098,1775480100.062021|完整运动,完整运动,circle_orbit,1,1.000000,2.500000,2.500000,,,,,,,,,,,,,,,,1.397928,0.050222,1.280639,0.102893,0.000000,0.000000,-0.497272,,0.396170,0.000000,,,,0.035926,0.139804,2.500000,60.989824,1.837182,0.000000,circle,预设轨迹15,forward
1775480098.599291,38.010646,1775480100.062021|完整运动,完整运动,circle_orbit,1,1.000000,2.500000,2.500000,,,,,,,,,,,,,,,,1.395999,0.059813,1.280292,0.112912,0.000000,0.000000,-0.485434,,0.401236,0.000000,,,,0.042846,0.139611,2.500000,61.017889,1.809117,0.000000,circle,预设轨迹15,forward
1775480098.619877,38.031233,1775480100.062021|完整运动,完整运动,circle_orbit,1,1.000000,2.500000,2.500000,,,,,,,,,,,,,,,,1.394081,0.068992,1.278977,0.119839,0.000000,0.000000,-0.473722,,0.407176,0.000000,,,,0.049489,0.139419,2.500000,61.045630,1.781377,0.000000,circle,预设轨迹15,forward
1775480098.640441,38.051797,1775480100.062021|完整运动,完整运动,circle_orbit,1,1.000000,2.500000,2.500000,,,,,,,,,,,,,,,,1.392183,0.077880,1.278312,0.127141,0.000000,0.000000,-0.462068,,0.412474,0.000000,,,,0.055941,0.139229,2.500000,61.073016,1.753990,0.000000,circle,预设轨迹15,forward
1775480098.667001,38.078356,1775480100.062021|完整运动,完整运动,circle_orbit,1,1.000000,2.500000,2.500000,,,,,,,,,,,,,,,,1.390314,0.086692,1.278168,0.135554,0.000000,0.000000,-0.450323,,0.417310,0.000000,,,,0.062354,0.139042,2.500000,61.100347,1.726660,0.000000,circle,预设轨迹15,forward
1775480098.695276,38.106632,1775480100.062021|完整运动,完整运动,circle_orbit,1,1.000000,2.500000,2.500000,,,,,,,,,,,,,,,,1.388481,0.095462,1.278497,0.144116,0.000000,0.000000,-0.438463,,0.421740,0.000000,,,,0.068753,0.138859,2.500000,61.127523,1.699483,0.000000,circle,预设轨迹15,forward
1775480098.727474,38.138830,1775480100.062021|完整运动,完整运动,circle_orbit,1,1.000000,2.500000,2.500000,,,,,,,,,,,,,,,,1.386712,0.112051,1.280590,0.204116,0.000000,0.000000,-0.414043,,0.429511,0.000000,,,,0.080803,0.138682,2.500000,61.181565,1.645441,0.000000,circle,预设轨迹15,forward
1775480098.758133,38.169489,1775480100.062021|完整运动,完整运动,circle_orbit,1,1.000000,2.500000,2.500000,,,,,,,,,,,,,,,,1.384988,0.121002,1.281524,0.170699,0.000000,0.000000,-0.401786,,0.433525,0.000000,,,,0.087367,0.138509,2.500000,61.208075,1.618932,0.000000,circle,预设轨迹15,forward
1775480098.778759,38.190115,1775480100.062021|完整运动,完整运动,circle_orbit,1,1.000000,2.500000,2.500000,,,,,,,,,,,,,,,,1.383335,0.137737,1.284192,0.230699,0.000000,0.000000,-0.376887,,0.440952,0.000000,,,,0.099569,0.138344,2.500000,61.260138,1.566869,0.000000,circle,预设轨迹15,forward
1775480098.801414,38.212770,1775480100.062021|完整运动,完整运动,circle_orbit,1,1.000000,2.500000,2.500000,,,,,,,,,,,,,,,,1.381710,0.142764,1.284192,0.170699,0.000000,0.000000,-0.376887,,0.440952,0.000000,,,,0.103324,0.138182,2.500000,61.260138,1.566869,0.000000,circle,预设轨迹15,forward
1775480098.826229,38.237585,1775480100.062021|完整运动,完整运动,circle_orbit,1,1.000000,2.500000,2.500000,,,,,,,,,,,,,,,,1.380156,0.156171,1.286896,0.230699,0.000000,0.000000,-0.351822,,0.448423,0.000000,,,,0.113154,0.138026,2.500000,61.312046,1.514961,0.000000,circle,预设轨迹15,forward
1775480098.846932,38.258287,1775480100.062021|完整运动,完整运动,circle_orbit,1,1.000000,2.500000,2.500000,,,,,,,,,,,,,,,,1.378657,0.164708,1.288757,0.212184,0.000000,0.000000,-0.339172,,0.451729,0.000000,,,,0.119470,0.137876,2.500000,61.337852,1.489155,0.000000,circle,预设轨迹15,forward
1775480098.872754,38.284110,1775480100.062021|完整运动,完整运动,circle_orbit,1,1.000000,2.500000,2.500000,,,,,,,,,,,,,,,,1.377220,0.173276,1.290956,0.220945,0.000000,0.000000,-0.326355,,0.454791,0.000000,,,,0.125816,0.137733,2.500000,61.363523,1.463484,0.000000,circle,预设轨迹15,forward
1775480098.900779,38.312135,1775480100.062021|完整运动,完整运动,circle_orbit,1,1.000000,2.500000,2.500000,,,,,,,,,,,,,,,,1.375886,0.189676,1.295846,0.280945,0.000000,0.000000,-0.300409,,0.460603,0.000000,,,,0.137857,0.137599,2.500000,61.414426,1.412580,0.000000,circle,预设轨迹15,forward
1775480098.939290,38.350646,1775480100.062021|完整运动,完整运动,circle_orbit,1,1.000000,2.500000,2.500000,,,,,,,,,,,,,,,,1.374614,0.197902,1.298307,0.243698,0.000000,0.000000,-0.287651,,0.463421,0.000000,,,,0.143969,0.137472,2.500000,61.439914,1.387093,0.000000,circle,预设轨迹15,forward
1775480098.963042,38.374398,1775480100.062021|完整运动,完整运动,circle_orbit,1,1.000000,2.500000,2.500000,,,,,,,,,,,,,,,,1.373471,0.214009,1.304894,0.303698,0.000000,0.000000,-0.261645,,0.467749,0.000000,,,,0.155816,0.137358,2.500000,61.490897,1.336109,0.000000,circle,预设轨迹15,forward
1775480098.983468,38.394823,1775480100.062021|完整运动,完整运动,circle_orbit,1,1.000000,2.500000,2.500000,,,,,,,,,,,,,,,,1.372412,0.222783,1.308852,0.271654,0.000000,0.000000,-0.248251,,0.469486,0.000000,,,,0.162329,0.137252,2.500000,61.516268,1.310739,0.000000,circle,预设轨迹15,forward
1775480099.006750,38.418106,1775480100.062021|完整运动,完整运动,circle_orbit,1,1.000000,2.500000,2.500000,,,,,,,,,,,,,,,,1.371429,0.231220,1.312454,0.278229,0.000000,0.000000,-0.234939,,0.471535,0.000000,,,,0.168598,0.137153,2.500000,61.541248,1.285758,0.000000,circle,预设轨迹15,forward
1775480099.033578,38.444934,1775480100.062021|完整运动,完整运动,circle_orbit,1,1.000000,2.500000,2.500000,,,,,,,,,,,,,,,,1.370526,0.239212,1.316348,0.283750,0.000000,0.000000,-0.221820,,0.473262,0.000000,,,,0.174540,0.137063,2.500000,61.566330,1.260677,0.000000,circle,预设轨迹15,forward
1775480099.054109,38.465465,1775480100.062021|完整运动,完整运动,circle_orbit,1,1.000000,2.500000,2.500000,,,,,,,,,,,,,,,,1.369780,0.255114,1.325034,0.343750,0.000000,0.000000,-0.195639,,0.475953,0.000000,,,,0.186245,0.136989,2.500000,61.616620,1.210386,0.000000,circle,预设轨迹15,forward
1775480099.075364,38.486719,1775480100.062021|完整运动,完整运动,circle_orbit,1,1.000000,2.500000,2.500000,,,,,,,,,,,,,,,,1.369123,0.263080,1.329699,0.307482,0.000000,0.000000,-0.182338,,0.477137,0.000000,,,,0.192152,0.136923,2.500000,61.642081,1.184926,0.000000,circle,预设轨迹15,forward
1775480099.108503,38.519859,1775480100.062021|完整运动,完整运动,circle_orbit,1,1.000000,2.500000,2.500000,,,,,,,,,,,,,,,,1.368559,0.270987,1.334712,0.315077,0.000000,0.000000,-0.168939,,0.478084,0.000000,,,,0.198009,0.136866,2.500000,61.667215,1.159791,0.000000,circle,预设轨迹15,forward
1775480099.142096,38.553452,1775480100.062021|完整运动,完整运动,circle_orbit,1,1.000000,2.500000,2.500000,,,,,,,,,,,,,,,,1.368090,0.278826,1.339934,0.322536,0.000000,0.000000,-0.155460,,0.478913,0.000000,,,,0.203807,0.136820,2.500000,61.692313,1.134693,0.000000,circle,预设轨迹15,forward
1775480099.164846,38.576202,1775480100.062021|完整运动,完整运动,circle_orbit,1,1.000000,2.500000,2.500000,,,,,,,,,,,,,,,,1.367810,0.294596,1.351012,0.382536,0.000000,0.000000,-0.128499,,0.480137,0.000000,,,,0.215378,0.136792,2.500000,61.742102,1.084904,0.000000,circle,预设轨迹15,forward
1775480099.185537,38.596893,1775480100.062021|完整运动,完整运动,circle_orbit,1,1.000000,2.500000,2.500000,,,,,,,,,,,,,,,,1.367629,0.302485,1.356769,0.346484,0.000000,0.000000,-0.114811,,0.480706,0.000000,,,,0.221175,0.136773,2.500000,61.767231,1.059776,0.000000,circle,预设轨迹15,forward
1775480099.214071,38.625427,1775480100.062021|完整运动,完整运动,circle_orbit,1,1.000000,2.500000,2.500000,,,,,,,,,,,,,,,,1.367661,0.318298,1.369584,0.406484,0.000000,0.000000,-0.087608,,0.480812,0.000000,,,,0.232732,0.136777,2.500000,61.817162,1.009844,0.000000,circle,预设轨迹15,forward
1775480099.245426,38.656782,1775480100.062021|完整运动,完整运动,circle_orbit,1,1.000000,2.500000,2.500000,,,,,,,,,,,,,,,,1.367813,0.325997,1.376959,0.368928,0.000000,0.000000,-0.073870,,0.480197,0.000000,,,,0.238334,0.136792,2.500000,61.842009,0.984998,0.000000,circle,预设轨迹15,forward
1775480099.278037,38.689393,1775480100.062021|完整运动,完整运动,circle_orbit,1,1.000000,2.500000,2.500000,,,,,,,,,,,,,,,,1.368096,0.333616,1.385042,0.376099,0.000000,0.000000,-0.060050,,0.479103,0.000000,,,,0.243854,0.136820,2.500000,61.866525,0.960482,0.000000,circle,预设轨迹15,forward
1775480099.304281,38.715637,1775480100.062021|完整运动,完整运动,circle_orbit,1,1.000000,2.500000,2.500000,,,,,,,,,,,,,,,,1.368639,0.349202,1.401217,0.436099,0.000000,0.000000,-0.032423,,0.477132,0.000000,,,,0.255145,0.136874,2.500000,61.916220,0.910787,0.000000,circle,预设轨迹15,forward
1775480099.324567,38.735922,1775480100.062021|完整运动,完整运动,circle_orbit,1,1.000000,2.500000,2.500000,,,,,,,,,,,,,,,,1.369318,0.356739,1.410085,0.398756,0.000000,0.000000,-0.018502,,0.475688,0.000000,,,,0.260523,0.136942,2.500000,61.941158,0.885849,0.000000,circle,预设轨迹15,forward
1775480099.345821,38.757177,1775480100.062021|完整运动,完整运动,circle_orbit,1,1.000000,2.500000,2.500000,,,,,,,,,,,,,,,,1.370147,0.364184,1.419874,0.405679,0.000000,0.000000,-0.004510,,0.473646,0.000000,,,,0.265800,0.137025,2.500000,61.965944,0.861062,0.000000,circle,预设轨迹15,forward
1775480099.369832,38.781187,1775480100.062021|完整运动,完整运动,circle_orbit,1,1.000000,2.500000,2.500000,,,,,,,,,,,,,,,,1.370951,0.371179,1.419196,0.410154,0.000000,0.000000,0.009257,,0.472272,0.000000,,,,0.270746,0.137106,2.500000,61.990655,0.836352,0.000000,circle,预设轨迹15,forward
1775480099.400440,38.811795,1775480100.062021|完整运动,完整运动,circle_orbit,1,1.000000,2.500000,2.500000,,,,,,,,,,,,,,,,1.371631,0.386241,1.412424,0.470154,0.000000,0.000000,0.036369,,0.466706,0.000000,,,,0.281593,0.137174,2.500000,62.039921,0.787086,0.000000,circle,预设轨迹15,forward
1775480099.421539,38.832895,1775480100.062021|完整运动,完整运动,circle_orbit,1,1.000000,2.500000,2.500000,,,,,,,,,,,,,,,,1.372268,0.392805,1.410481,0.429370,0.000000,0.000000,0.049954,,0.462795,0.000000,,,,0.286245,0.137237,2.500000,62.064536,0.762470,0.000000,circle,预设轨迹15,forward
1775480099.449480,38.860835,1775480100.062021|完整运动,完整运动,circle_orbit,1,1.000000,2.500000,2.500000,,,,,,,,,,,,,,,,1.372864,0.399077,1.408628,0.434009,0.000000,0.000000,0.063403,,0.458872,0.000000,,,,0.290690,0.137297,2.500000,62.089107,0.737900,0.000000,circle,预设轨迹15,forward
1775480099.477349,38.888704,1775480100.062021|完整运动,完整运动,circle_orbit,1,1.000000,2.500000,2.500000,,,,,,,,,,,,,,,,1.373423,0.405185,1.406959,0.439195,0.000000,0.000000,0.076799,,0.454829,0.000000,,,,0.295018,0.137353,2.500000,62.113654,0.713353,0.000000,circle,预设轨迹15,forward
1775480099.500384,38.911740,1775480100.062021|完整运动,完整运动,circle_orbit,1,1.000000,2.500000,2.500000,,,,,,,,,,,,,,,,1.373956,0.419498,1.405981,0.499195,0.000000,0.000000,0.103229,,0.445029,0.000000,,,,0.305321,0.137406,2.500000,62.162224,0.664783,0.000000,circle,预设轨迹15,forward
1775480099.522642,38.933998,1775480100.062021|完整运动,完整运动,circle_orbit,1,1.000000,2.500000,2.500000,,,,,,,,,,,,,,,,1.374492,0.425145,1.406607,0.456581,0.000000,0.000000,0.116389,,0.439270,0.000000,,,,0.309311,0.137460,2.500000,62.186226,0.640780,0.000000,circle,预设轨迹15,forward
1775480099.543106,38.954462,1775480100.062021|完整运动,完整运动,circle_orbit,1,1.000000,2.500000,2.500000,,,,,,,,,,,,,,,,1.375040,0.430636,1.407945,0.461199,0.000000,0.000000,0.129483,,0.432977,0.000000,,,,0.313181,0.137515,2.500000,62.210080,0.616926,0.000000,circle,预设轨迹15,forward
1775480099.564132,38.975488,1775480100.062021|完整运动,完整运动,circle_orbit,1,1.000000,2.500000,2.500000,,,,,,,,,,,,,,,,1.375585,0.435934,1.408278,0.465423,0.000000,0.000000,0.142472,,0.427518,0.000000,,,,0.316908,0.137569,2.500000,62.234270,0.592736,0.000000,circle,预设轨迹15,forward
1775480099.593207,39.004563,1775480100.062021|完整运动,完整运动,circle_orbit,1,1.000000,2.500000,2.500000,,,,,,,,,,,,,,,,1.376124,0.441151,1.408497,0.470181,0.000000,0.000000,0.155433,,0.422160,0.000000,,,,0.320575,0.137623,2.500000,62.258563,0.568443,0.000000,circle,预设轨迹15,forward
1775480099.625206,39.036561,1775480100.062021|完整运动,完整运动,circle_orbit,1,1.000000,2.500000,2.500000,,,,,,,,,,,,,,,,1.376718,0.454714,1.412334,0.530181,0.000000,0.000000,0.181102,,0.408879,0.000000,,,,0.330289,0.137682,2.500000,62.306724,0.520282,0.000000,circle,预设轨迹15,forward
1775480099.651759,39.063115,1775480100.062021|完整运动,完整运动,circle_orbit,1,1.000000,2.500000,2.500000,,,,,,,,,,,,,,,,1.377348,0.459411,1.415123,0.485537,0.000000,0.000000,0.193756,,0.401636,0.000000,,,,0.333547,0.137745,2.500000,62.330775,0.496231,0.000000,circle,预设轨迹15,forward
1775480099.680519,39.091875,1775480100.062021|完整运动,完整运动,circle_orbit,1,1.000000,2.500000,2.500000,,,,,,,,,,,,,,,,1.378049,0.472535,1.420131,0.545537,0.000000,0.000000,0.219196,,0.387565,0.000000,,,,0.342902,0.137816,2.500000,62.379190,0.447816,0.000000,circle,预设轨迹15,forward
1775480099.706504,39.117859,1775480100.062021|完整运动,完整运动,circle_orbit,1,1.000000,2.500000,2.500000,,,,,,,,,,,,,,,,1.378760,0.476480,1.421443,0.498419,0.000000,0.000000,0.231327,,0.381697,0.000000,,,,0.345586,0.137887,2.500000,62.404021,0.422986,0.000000,circle,预设轨迹15,forward
1775480099.727937,39.139293,1775480100.062021|完整运动,完整运动,circle_orbit,1,1.000000,2.500000,2.500000,,,,,,,,,,,,,,,,1.379589,0.488971,1.429278,0.558419,0.000000,0.000000,0.255588,,0.365966,0.000000,,,,0.354433,0.137970,2.500000,62.453190,0.373817,0.000000,circle,预设轨迹15,forward
1775480099.749233,39.160589,1775480100.062021|完整运动,完整运动,circle_orbit,1,1.000000,2.500000,2.500000,,,,,,,,,,,,,,,,1.380403,0.490412,1.429278,0.498419,0.000000,0.000000,0.255588,,0.365966,0.000000,,,,0.355267,0.138051,2.500000,62.453190,0.373817,0.000000,circle,预设轨迹15,forward
1775480099.770428,39.181784,1775480100.062021|完整运动,完整运动,circle_orbit,1,1.000000,2.500000,2.500000,,,,,,,,,,,,,,,,1.381365,0.500783,1.439073,0.558419,0.000000,0.000000,0.279534,,0.348946,0.000000,,,,0.362527,0.138147,2.500000,62.502341,0.324666,0.000000,circle,预设轨迹15,forward
1775480099.795877,39.207233,1775480100.062021|完整运动,完整运动,circle_orbit,1,1.000000,2.500000,2.500000,,,,,,,,,,,,,,,,1.382378,0.503262,1.443163,0.517035,0.000000,0.000000,0.291090,,0.341246,0.000000,,,,0.364055,0.138248,2.500000,62.527256,0.299750,0.000000,circle,预设轨迹15,forward
1775480099.830225,39.241580,1775480100.062021|完整运动,完整运动,circle_orbit,1,1.000000,2.500000,2.500000,,,,,,,,,,,,,,,,1.383550,0.514517,1.453850,0.577035,0.000000,0.000000,0.313723,,0.324234,0.000000,,,,0.371882,0.138366,2.500000,62.577195,0.249811,0.000000,circle,预设轨迹15,forward
1775480099.853024,39.264380,1775480100.062021|完整运动,完整运动,circle_orbit,1,1.000000,2.500000,2.500000,,,,,,,,,,,,,,,,1.384818,0.516361,1.460911,0.526598,0.000000,0.000000,0.324750,,0.314628,0.000000,,,,0.372873,0.138492,2.500000,62.601959,0.225048,0.000000,circle,预设轨迹15,forward
1775480099.873479,39.284834,1775480100.062021|完整运动,完整运动,circle_orbit,1,1.000000,2.500000,2.500000,,,,,,,,,,,,,,,,1.386182,0.518047,1.468025,0.527409,0.000000,0.000000,0.335514,,0.305139,0.000000,,,,0.373723,0.138629,2.500000,62.626802,0.200205,0.000000,circle,预设轨迹15,forward
1775480099.910413,39.321769,1775480100.062021|完整运动,完整运动,circle_orbit,1,1.000000,2.500000,2.500000,,,,,,,,,,,,,,,,1.387649,0.519509,1.475662,0.527619,0.000000,0.000000,0.345963,,0.295451,0.000000,,,,0.374381,0.138776,2.500000,62.651700,0.175307,0.000000,circle,预设轨迹15,forward
1775480099.933461,39.344816,1775480100.062021|完整运动,完整运动,circle_orbit,1,1.000000,2.500000,2.500000,,,,,,,,,,,,,,,,1.389358,0.529914,1.491881,0.587619,0.000000,0.000000,0.366557,,0.275702,0.000000,,,,0.381409,0.138946,2.500000,62.701501,0.125505,0.000000,circle,预设轨迹15,forward
1775480099.953780,39.365135,1775480100.062021|完整运动,完整运动,circle_orbit,1,1.000000,2.500000,2.500000,,,,,,,,,,,,,,,,1.391199,0.530836,1.501711,0.535950,0.000000,0.000000,0.376608,,0.264825,0.000000,,,,0.381567,0.139131,2.500000,62.726232,0.100775,0.000000,circle,预设轨迹15,forward
1775480099.983022,39.394378,1775480100.062021|完整运动,完整运动,circle_orbit,1,1.000000,2.500000,2.500000,,,,,,,,,,,,,,,,1.393011,0.522445,1.501711,0.475950,0.000000,0.000000,0.376608,,0.264825,0.000000,,,,0.375047,0.139312,2.500000,62.726232,0.100775,0.000000,circle,预设轨迹15,forward
1775480100.008481,39.419836,1775480100.062021|完整运动,完整运动,circle_orbit,1,1.000000,2.500000,2.500000,,,,,,,,,,,,,,,,1.395165,0.524511,1.524401,0.535950,0.000000,0.000000,0.396202,,0.241499,0.000000,,,,0.375949,0.139527,2.500000,62.775616,0.051391,0.000000,circle,预设轨迹15,forward
1775480100.031919,39.443274,1775480100.062021|完整运动,完整运动,circle_orbit,1,1.000000,2.500000,2.500000,,,,,,,,,,,,,,,,1.397587,0.535443,1.542907,0.595950,0.000000,0.000000,0.414361,,0.221941,0.000000,,,,0.383120,0.139769,2.500000,62.825576,0.001430,0.000000,circle,预设轨迹15,forward
