timestamp,relative_time_s,run_key,run_label,tracking_mode,segment_index,speed_sign,speed_mps,nominal_speed_abs_mps,lookahead_base_m,arrival_dist_m,slow_down_dist_m,stanley_gain,stanley_softening_distance_m,stanley_term_rad,lateral_pid_kp,lateral_pid_ki,lateral_pid_kd,heading_pid_kp,heading_pid_ki,heading_pid_kd,yaw_rate_pid_kp,yaw_rate_pid_ki,yaw_rate_pid_kd,cmd_v_mps,cmd_w_radps,desired_v_mps,desired_w_radps,feedback_v_mps,feedback_w_radps,lateral_error_m,stanley_lateral_pd_output_radps,heading_error_rad,yaw_rate_error_radps,lateral_pid_output_radps,heading_pid_output_radps,yaw_rate_pid_output_radps,path_curvature_inv_m,path_ff_w_radps,profile_speed_mps,path_s_m,dist_to_goal_m,pose_age_s,segment_kind,segment_trajectory_name,motion_direction
1775478973.282966,0.000000,1775479021.961316|完整运动,完整运动,circle_orbit,1,1.000000,1.500000,1.500000,,,,,,,,,,,,,,,,0.024589,0.002723,1.499922,0.002723,0.000000,0.000000,-0.000044,,0.000013,0.000000,,,,0.027225,0.002732,1.500000,0.000000,56.543307,0.000000,circle,预设轨迹15,forward
1775478973.318112,0.035146,1775479021.961316|完整运动,完整运动,circle_orbit,1,1.000000,1.500000,1.500000,,,,,,,,,,,,,,,,0.048774,0.002767,1.499854,0.003097,0.000000,0.000000,-0.000088,,0.000022,0.000000,,,,0.027665,0.005420,1.500000,0.000089,56.543218,0.000000,circle,预设轨迹15,forward
1775478973.345941,0.062975,1775479021.961316|完整运动,完整运动,circle_orbit,1,1.000000,1.500000,1.500000,,,,,,,,,,,,,,,,0.072561,0.002886,1.499805,0.003778,0.000000,0.000000,-0.000127,,0.000025,0.000000,,,,0.028856,0.008063,1.500000,0.000183,56.543124,0.000000,circle,预设轨迹15,forward
1775478973.369717,0.086751,1775479021.961316|完整运动,完整运动,circle_orbit,1,1.000000,1.500000,1.500000,,,,,,,,,,,,,,,,0.095956,0.003043,1.499651,0.004228,0.000000,0.000000,-0.000205,,0.000054,0.000000,,,,0.030435,0.010663,1.500000,0.000371,56.542936,0.000000,circle,预设轨迹15,forward
1775478973.405296,0.122330,1775479021.961316|完整运动,完整运动,circle_orbit,1,1.000000,1.500000,1.500000,,,,,,,,,,,,,,,,0.118966,0.003292,1.499596,0.005154,0.000000,0.000000,-0.000245,,0.000059,0.000000,,,,0.027670,0.013220,1.500000,0.000461,56.542845,0.000000,circle,预设轨迹15,forward
1775478973.426063,0.143097,1775479021.961316|完整运动,完整运动,circle_orbit,1,1.000000,1.500000,1.500000,,,,,,,,,,,,,,,,0.141597,0.003568,1.499446,0.005643,0.000000,0.000000,-0.000328,,0.000085,0.000000,,,,0.025201,0.015735,1.500000,0.000646,56.542661,0.000000,circle,预设轨迹15,forward
1775478973.446859,0.163893,1775479021.961316|完整运动,完整运动,circle_orbit,1,1.000000,1.500000,1.500000,,,,,,,,,,,,,,,,0.163856,0.003933,1.499369,0.006666,0.000000,0.000000,-0.000366,,0.000100,0.000000,,,,0.024002,0.018208,1.500000,0.000738,56.542569,0.000000,circle,预设轨迹15,forward
1775478973.467195,0.184229,1775479021.961316|完整运动,完整运动,circle_orbit,1,1.000000,1.500000,1.500000,,,,,,,,,,,,,,,,0.185748,0.004347,1.499304,0.007450,0.000000,0.000000,-0.000408,,0.000109,0.000000,,,,0.023400,0.020641,1.500000,0.000833,56.542474,0.000000,circle,预设轨迹15,forward
1775478973.489688,0.206722,1775479021.961316|完整运动,完整运动,circle_orbit,1,1.000000,1.500000,1.500000,,,,,,,,,,,,,,,,0.207281,0.004810,1.499225,0.008282,0.000000,0.000000,-0.000448,,0.000124,0.000000,,,,0.023203,0.023033,1.500000,0.000928,56.542379,0.000000,circle,预设轨迹15,forward
1775478973.510311,0.227345,1775479021.961316|完整运动,完整运动,circle_orbit,1,1.000000,1.500000,1.500000,,,,,,,,,,,,,,,,0.228459,0.005320,1.499164,0.009148,0.000000,0.000000,-0.000486,,0.000132,0.000000,,,,0.023286,0.025387,1.500000,0.001022,56.542284,0.000000,circle,预设轨迹15,forward
1775478973.541088,0.258122,1775479021.961316|完整运动,完整运动,circle_orbit,1,1.000000,1.500000,1.500000,,,,,,,,,,,,,,,,0.249290,0.005875,1.499110,0.010037,0.000000,0.000000,-0.000522,,0.000139,0.000000,,,,0.023566,0.027701,1.500000,0.001120,56.542187,0.000000,circle,预设轨迹15,forward
1775478973.561869,0.278903,1775479021.961316|完整运动,完整运动,circle_orbit,1,1.000000,1.500000,1.500000,,,,,,,,,,,,,,,,0.269776,0.006438,1.498968,0.010662,0.000000,0.000000,-0.000604,,0.000162,0.000000,,,,0.023864,0.029978,1.500000,0.001327,56.541980,0.000000,circle,预设轨迹15,forward
1775478973.587103,0.304137,1775479021.961316|完整运动,完整运动,circle_orbit,1,1.000000,1.500000,1.500000,,,,,,,,,,,,,,,,0.289925,0.007069,1.498893,0.011803,0.000000,0.000000,-0.000646,,0.000175,0.000000,,,,0.024383,0.032217,1.500000,0.001431,56.541875,0.000000,circle,预设轨迹15,forward
1775478973.607409,0.324444,1775479021.961316|完整运动,完整运动,circle_orbit,1,1.000000,1.500000,1.500000,,,,,,,,,,,,,,,,0.309744,0.007739,1.498834,0.012759,0.000000,0.000000,-0.000684,,0.000182,0.000000,,,,0.024984,0.034419,1.500000,0.001538,56.541768,0.000000,circle,预设轨迹15,forward
1775478973.633838,0.350872,1775479021.961316|完整运动,完整运动,circle_orbit,1,1.000000,1.500000,1.500000,,,,,,,,,,,,,,,,0.329237,0.008469,1.498834,0.013946,0.000000,0.000000,-0.000684,,0.000182,0.000000,,,,0.025723,0.036585,1.500000,0.001538,56.541768,0.000000,circle,预设轨迹15,forward
1775478973.654396,0.371430,1775479021.961316|完整运动,完整运动,circle_orbit,1,1.000000,1.500000,1.500000,,,,,,,,,,,,,,,,0.348408,0.009179,1.498672,0.014506,0.000000,0.000000,-0.000756,,0.000217,0.000000,,,,0.026346,0.038716,1.500000,0.001752,56.541555,0.000000,circle,预设轨迹15,forward
1775478973.678881,0.395915,1775479021.961316|完整运动,完整运动,circle_orbit,1,1.000000,1.500000,1.500000,,,,,,,,,,,,,,,,0.367263,0.009935,1.498584,0.015601,0.000000,0.000000,-0.000809,,0.000231,0.000000,,,,0.027051,0.040811,1.500000,0.001857,56.541449,0.000000,circle,预设轨迹15,forward
1775478973.699910,0.416944,1775479021.961316|完整运动,完整运动,circle_orbit,1,1.000000,1.500000,1.500000,,,,,,,,,,,,,,,,0.385802,0.010597,1.498098,0.015565,0.000000,0.000000,-0.001035,,0.000333,0.000000,,,,0.027468,0.042871,1.500000,0.002869,56.540437,0.000000,circle,预设轨迹15,forward
1775478973.731992,0.449026,1775479021.961316|完整运动,完整运动,circle_orbit,1,1.000000,1.500000,1.500000,,,,,,,,,,,,,,,,0.404033,0.011328,1.497890,0.016814,0.000000,0.000000,-0.001209,,0.000343,0.000000,,,,0.028038,0.044897,1.500000,0.004570,56.538737,0.000000,circle,预设轨迹15,forward
1775478973.752395,0.469429,1775479021.961316|完整运动,完整运动,circle_orbit,1,1.000000,1.500000,1.500000,,,,,,,,,,,,,,,,0.421950,0.012114,1.496984,0.018002,0.000000,0.000000,-0.001347,,0.000660,0.000000,,,,0.028709,0.046888,1.500000,0.007381,56.535926,0.000000,circle,预设轨迹15,forward
1775478973.781024,0.498058,1775479021.961316|完整运动,完整运动,circle_orbit,1,1.000000,1.500000,1.500000,,,,,,,,,,,,,,,,0.439550,0.012902,1.495533,0.018819,0.000000,0.000000,-0.001519,,0.001192,0.000000,,,,0.029354,0.048843,1.500000,0.011252,56.532054,0.000000,circle,预设轨迹15,forward
1775478973.801425,0.518460,1775479021.961316|完整运动,完整运动,circle_orbit,1,1.000000,1.500000,1.500000,,,,,,,,,,,,,,,,0.456815,0.013686,1.492732,0.019566,0.000000,0.000000,-0.001737,,0.002271,0.000000,,,,0.029961,0.050762,1.500000,0.021828,56.521479,0.000000,circle,预设轨迹15,forward
1775478973.826389,0.543423,1775479021.961316|完整运动,完整运动,circle_orbit,1,1.000000,1.500000,1.500000,,,,,,,,,,,,,,,,0.473778,0.014687,1.491561,0.022194,0.000000,0.000000,-0.001683,,0.002788,0.000000,,,,0.031000,0.052647,1.500000,0.028213,56.515093,0.000000,circle,预设轨迹15,forward
1775478973.850329,0.567364,1775479021.961316|完整运动,完整运动,circle_orbit,1,1.000000,1.500000,1.500000,,,,,,,,,,,,,,,,0.490434,0.015722,1.489827,0.023486,0.000000,0.000000,-0.001605,,0.003554,0.000000,,,,0.032058,0.054498,1.500000,0.035263,56.508044,0.000000,circle,预设轨迹15,forward
1775478973.871721,0.588755,1775479021.961316|完整运动,完整运动,circle_orbit,1,1.000000,1.500000,1.500000,,,,,,,,,,,,,,,,0.506790,0.016840,1.488103,0.025219,0.000000,0.000000,-0.001433,,0.004360,0.000000,,,,0.033228,0.056315,1.500000,0.042904,56.500403,0.000000,circle,预设轨迹15,forward
1775478973.892586,0.609620,1775479021.961316|完整运动,完整运动,circle_orbit,1,1.000000,1.500000,1.500000,,,,,,,,,,,,,,,,0.522849,0.017995,1.486420,0.026657,0.000000,0.000000,-0.001225,,0.005166,0.000000,,,,0.034416,0.058100,1.500000,0.051041,56.492265,0.000000,circle,预设轨迹15,forward
1775478973.913130,0.630164,1775479021.961316|完整运动,完整运动,circle_orbit,1,1.000000,1.500000,1.500000,,,,,,,,,,,,,,,,0.538617,0.019202,1.484709,0.028256,0.000000,0.000000,-0.000958,,0.006011,0.000000,,,,0.035650,0.059852,1.500000,0.059517,56.483789,0.000000,circle,预设轨迹15,forward
1775478973.933868,0.650902,1775479021.961316|完整运动,完整运动,circle_orbit,1,1.000000,1.500000,1.500000,,,,,,,,,,,,,,,,0.554097,0.020408,1.482881,0.029451,0.000000,0.000000,-0.000707,,0.006901,0.000000,,,,0.036830,0.061572,1.500000,0.068331,56.474976,0.000000,circle,预设轨迹15,forward
1775478973.959531,0.676565,1775479021.961316|完整运动,完整运动,circle_orbit,1,1.000000,1.500000,1.500000,,,,,,,,,,,,,,,,0.569288,0.021554,1.480746,0.030156,0.000000,0.000000,-0.000552,,0.007881,0.000000,,,,0.037862,0.063260,1.500000,0.077421,56.465886,0.000000,circle,预设轨迹15,forward
1775478973.982961,0.699995,1775479021.961316|完整运动,完整运动,circle_orbit,1,1.000000,1.500000,1.500000,,,,,,,,,,,,,,,,0.584164,0.022691,1.476691,0.031220,0.000000,0.000000,-0.000430,,0.009674,0.000000,,,,0.038844,0.064913,1.500000,0.096369,56.446937,0.000000,circle,预设轨迹15,forward
1775478974.003875,0.720909,1775479021.961316|完整运动,完整运动,circle_orbit,1,1.000000,1.500000,1.500000,,,,,,,,,,,,,,,,0.598762,0.023784,1.474679,0.031976,0.000000,0.000000,-0.000387,,0.010560,0.000000,,,,0.039722,0.066535,1.500000,0.106299,56.437008,0.000000,circle,预设轨迹15,forward
1775478974.031038,0.748072,1775479021.961316|完整运动,完整运动,circle_orbit,1,1.000000,1.500000,1.500000,,,,,,,,,,,,,,,,0.613121,0.024856,1.474679,0.032897,0.000000,0.000000,-0.000387,,0.010560,0.000000,,,,0.040540,0.068131,1.500000,0.106299,56.437008,0.000000,circle,预设轨迹15,forward
1775478974.062843,0.779877,1775479021.961316|完整运动,完整运动,circle_orbit,1,1.000000,1.500000,1.500000,,,,,,,,,,,,,,,,0.627184,0.026189,1.470937,0.036184,0.000000,0.000000,-0.000038,,0.012332,0.000000,,,,0.041756,0.069694,1.500000,0.127353,56.415954,0.000000,circle,预设轨迹15,forward
1775478974.096852,0.813886,1775479021.961316|完整运动,完整运动,circle_orbit,1,1.000000,1.500000,1.500000,,,,,,,,,,,,,,,,0.640972,0.027461,1.468227,0.037007,0.000000,0.000000,0.000222,,0.013427,0.000000,,,,0.042843,0.071226,1.500000,0.138458,56.404849,0.000000,circle,预设轨迹15,forward
1775478974.119615,0.836649,1775479021.961316|完整运动,完整运动,circle_orbit,1,1.000000,1.500000,1.500000,,,,,,,,,,,,,,,,0.654437,0.029071,1.462345,0.041146,0.000000,0.000000,0.000950,,0.015671,0.000000,,,,0.044422,0.072722,1.500000,0.161624,56.381683,0.000000,circle,预设轨迹15,forward
1775478974.139935,0.856969,1775479021.961316|完整运动,完整运动,circle_orbit,1,1.000000,1.500000,1.500000,,,,,,,,,,,,,,,,0.667580,0.030706,1.456155,0.042966,0.000000,0.000000,0.001721,,0.018054,0.000000,,,,0.045996,0.074183,1.500000,0.186025,56.357282,0.000000,circle,预设轨迹15,forward
1775478974.173405,0.890439,1775479021.961316|完整运动,完整运动,circle_orbit,1,1.000000,1.500000,1.500000,,,,,,,,,,,,,,,,0.680507,0.031786,1.456155,0.039888,0.000000,0.000000,0.001721,,0.018054,0.000000,,,,0.046710,0.075619,1.500000,0.186025,56.357282,0.000000,circle,预设轨迹15,forward
1775478974.198177,0.915211,1775479021.961316|完整运动,完整运动,circle_orbit,1,1.000000,1.500000,1.500000,,,,,,,,,,,,,,,,0.693132,0.033354,1.450623,0.045115,0.000000,0.000000,0.002392,,0.020211,0.000000,,,,0.048121,0.077022,1.500000,0.211248,56.332059,0.000000,circle,预设轨迹15,forward
1775478974.219543,0.936577,1775479021.961316|完整运动,完整运动,circle_orbit,1,1.000000,1.500000,1.500000,,,,,,,,,,,,,,,,0.705500,0.034712,1.447607,0.044897,0.000000,0.000000,0.002775,,0.021387,0.000000,,,,0.049202,0.078396,1.500000,0.223722,56.319585,0.000000,circle,预设轨迹15,forward
1775478974.244361,0.961396,1775479021.961316|完整运动,完整运动,circle_orbit,1,1.000000,1.500000,1.500000,,,,,,,,,,,,,,,,0.717626,0.036127,1.445190,0.046741,0.000000,0.000000,0.003239,,0.022264,0.000000,,,,0.050343,0.079744,1.500000,0.236519,56.306787,0.000000,circle,预设轨迹15,forward
1775478974.286393,1.003428,1775479021.961316|完整运动,完整运动,circle_orbit,1,1.000000,1.500000,1.500000,,,,,,,,,,,,,,,,0.729461,0.038004,1.439522,0.052079,0.000000,0.000000,0.004357,,0.024321,0.000000,,,,0.052099,0.081059,1.500000,0.262949,56.280357,0.000000,circle,预设轨迹15,forward
1775478974.318719,1.035753,1775479021.961316|完整运动,完整运动,circle_orbit,1,1.000000,1.500000,1.500000,,,,,,,,,,,,,,,,0.741008,0.040191,1.433823,0.056594,0.000000,0.000000,0.005941,,0.026206,0.000000,,,,0.054239,0.082342,1.500000,0.290504,56.252803,0.000000,circle,预设轨迹15,forward
1775478974.341562,1.058596,1775479021.961316|完整运动,完整运动,circle_orbit,1,1.000000,1.500000,1.500000,,,,,,,,,,,,,,,,0.752306,0.041703,1.430173,0.053039,0.000000,0.000000,0.006607,,0.027578,0.000000,,,,0.055433,0.083597,1.500000,0.304573,56.238733,0.000000,circle,预设轨迹15,forward
1775478974.362143,1.079177,1775479021.961316|完整运动,完整运动,circle_orbit,1,1.000000,1.500000,1.500000,,,,,,,,,,,,,,,,0.763308,0.043224,1.423479,0.054634,0.000000,0.000000,0.007286,,0.030359,0.000000,,,,0.056627,0.084820,1.500000,0.332911,56.210395,0.000000,circle,预设轨迹15,forward
1775478974.389722,1.106756,1775479021.961316|完整运动,完整运动,circle_orbit,1,1.000000,1.500000,1.500000,,,,,,,,,,,,,,,,0.774131,0.044260,1.423479,0.052026,0.000000,0.000000,0.007286,,0.030359,0.000000,,,,0.057173,0.086023,1.500000,0.332911,56.210395,0.000000,circle,预设轨迹15,forward
1775478974.418786,1.135820,1775479021.961316|完整运动,完整运动,circle_orbit,1,1.000000,1.500000,1.500000,,,,,,,,,,,,,,,,0.784686,0.045653,1.417988,0.056106,0.000000,0.000000,0.007771,,0.032694,0.000000,,,,0.058180,0.087196,1.500000,0.361813,56.181494,0.000000,circle,预设轨迹15,forward
1775478974.441473,1.158507,1775479021.961316|完整运动,完整运动,circle_orbit,1,1.000000,1.500000,1.500000,,,,,,,,,,,,,,,,0.795022,0.046987,1.415162,0.056990,0.000000,0.000000,0.008173,,0.033836,0.000000,,,,0.059101,0.088344,1.500000,0.376519,56.166788,0.000000,circle,预设轨迹15,forward
1775478974.465617,1.182652,1775479021.961316|完整运动,完整运动,circle_orbit,1,1.000000,1.500000,1.500000,,,,,,,,,,,,,,,,0.805140,0.048438,1.412228,0.059321,0.000000,0.000000,0.008742,,0.034959,0.000000,,,,0.060161,0.089468,1.500000,0.391352,56.151955,0.000000,circle,预设轨迹15,forward
1775478974.499661,1.216695,1775479021.961316|完整运动,完整运动,circle_orbit,1,1.000000,1.500000,1.500000,,,,,,,,,,,,,,,,0.814990,0.050586,1.406033,0.066697,0.000000,0.000000,0.010303,,0.037190,0.000000,,,,0.062070,0.090563,1.500000,0.421371,56.121936,0.000000,circle,预设轨迹15,forward
1775478974.522127,1.239161,1775479021.961316|完整运动,完整运动,circle_orbit,1,1.000000,1.500000,1.500000,,,,,,,,,,,,,,,,0.824575,0.052990,1.399678,0.071015,0.000000,0.000000,0.012269,,0.039343,0.000000,,,,0.064263,0.091628,1.500000,0.452122,56.091185,0.000000,circle,预设轨迹15,forward
1775478974.545465,1.262499,1775479021.961316|完整运动,完整运动,circle_orbit,1,1.000000,1.500000,1.500000,,,,,,,,,,,,,,,,0.834003,0.053966,1.399678,0.061287,0.000000,0.000000,0.012269,,0.039343,0.000000,,,,0.064707,0.092676,1.500000,0.452122,56.091185,0.000000,circle,预设轨迹15,forward
1775478974.572397,1.289431,1775479021.961316|完整运动,完整运动,circle_orbit,1,1.000000,1.500000,1.500000,,,,,,,,,,,,,,,,0.843158,0.056475,1.392457,0.075295,0.000000,0.000000,0.014421,,0.041861,0.000000,,,,0.066980,0.093693,1.500000,0.483591,56.059716,0.000000,circle,预设轨迹15,forward
1775478974.593723,1.310757,1775479021.961316|完整运动,完整运动,circle_orbit,1,1.000000,1.500000,1.500000,,,,,,,,,,,,,,,,0.852097,0.058116,1.388400,0.070427,0.000000,0.000000,0.015401,,0.043392,0.000000,,,,0.068204,0.094686,1.500000,0.499676,56.043630,0.000000,circle,预设轨迹15,forward
1775478974.614329,1.331363,1775479021.961316|完整运动,完整运动,circle_orbit,1,1.000000,1.500000,1.500000,,,,,,,,,,,,,,,,0.860835,0.059684,1.385149,0.071439,0.000000,0.000000,0.016291,,0.044582,0.000000,,,,0.069332,0.095657,1.500000,0.515947,56.027360,0.000000,circle,预设轨迹15,forward
1775478974.643566,1.360600,1775479021.961316|完整运动,完整运动,circle_orbit,1,1.000000,1.500000,1.500000,,,,,,,,,,,,,,,,0.869374,0.061187,1.381668,0.072462,0.000000,0.000000,0.017100,,0.045927,0.000000,,,,0.070381,0.096606,1.500000,0.532359,56.010947,0.000000,circle,预设轨迹15,forward
1775478974.664631,1.381665,1775479021.961316|完整运动,完整运动,circle_orbit,1,1.000000,1.500000,1.500000,,,,,,,,,,,,,,,,0.877687,0.063369,1.376470,0.079732,0.000000,0.000000,0.018880,,0.047698,0.000000,,,,0.072200,0.097530,1.500000,0.565433,55.977873,0.000000,circle,预设轨迹15,forward
1775478974.688950,1.405984,1775479021.961316|完整运动,完整运动,circle_orbit,1,1.000000,1.500000,1.500000,,,,,,,,,,,,,,,,0.885820,0.064963,1.373831,0.076921,0.000000,0.000000,0.019872,,0.048566,0.000000,,,,0.073337,0.098434,1.500000,0.582200,55.961107,0.000000,circle,预设轨迹15,forward
1775478974.724144,1.441178,1775479021.961316|完整运动,完整运动,circle_orbit,1,1.000000,1.500000,1.500000,,,,,,,,,,,,,,,,0.893772,0.066569,1.370909,0.078611,0.000000,0.000000,0.020893,,0.049566,0.000000,,,,0.074481,0.099317,1.500000,0.599302,55.944005,0.000000,circle,预设轨迹15,forward
1775478974.760206,1.477240,1775479021.961316|完整运动,完整运动,circle_orbit,1,1.000000,1.500000,1.500000,,,,,,,,,,,,,,,,0.901495,0.069023,1.364855,0.087427,0.000000,0.000000,0.023131,,0.051605,0.000000,,,,0.076565,0.100176,1.500000,0.634016,55.909291,0.000000,circle,预设轨迹15,forward
1775478974.782955,1.499989,1775479021.961316|完整运动,完整运动,circle_orbit,1,1.000000,1.500000,1.500000,,,,,,,,,,,,,,,,0.909041,0.070737,1.361795,0.083596,0.000000,0.000000,0.024380,,0.052593,0.000000,,,,0.077815,0.101014,1.500000,0.651454,55.891852,0.000000,circle,预设轨迹15,forward
1775478974.803648,1.520682,1775479021.961316|完整运动,完整运动,circle_orbit,1,1.000000,1.500000,1.500000,,,,,,,,,,,,,,,,0.916341,0.073467,1.354347,0.093942,0.000000,0.000000,0.027085,,0.055176,0.000000,,,,0.080174,0.101825,1.500000,0.686833,55.856474,0.000000,circle,预设轨迹15,forward
1775478974.836349,1.553383,1775479021.961316|完整运动,完整运动,circle_orbit,1,1.000000,1.500000,1.500000,,,,,,,,,,,,,,,,0.923521,0.074237,1.354347,0.080013,0.000000,0.000000,0.027085,,0.055176,0.000000,,,,0.080385,0.102623,1.500000,0.686833,55.856474,0.000000,circle,预设轨迹15,forward
1775478974.862171,1.579206,1775479021.961316|完整运动,完整运动,circle_orbit,1,1.000000,1.500000,1.500000,,,,,,,,,,,,,,,,0.930472,0.076902,1.347535,0.096887,0.000000,0.000000,0.029739,,0.057496,0.000000,,,,0.082648,0.103396,1.500000,0.722910,55.820397,0.000000,circle,预设轨迹15,forward
1775478974.882548,1.599582,1775479021.961316|完整运动,完整运动,circle_orbit,1,1.000000,1.500000,1.500000,,,,,,,,,,,,,,,,0.937199,0.079507,1.340818,0.099046,0.000000,0.000000,0.032376,,0.059810,0.000000,,,,0.084835,0.104143,1.500000,0.759014,55.784293,0.000000,circle,预设轨迹15,forward
1775478974.911893,1.628927,1775479021.961316|完整运动,完整运动,circle_orbit,1,1.000000,1.500000,1.500000,,,,,,,,,,,,,,,,0.943766,0.081287,1.337769,0.094637,0.000000,0.000000,0.033908,,0.060722,0.000000,,,,0.086131,0.104873,1.500000,0.777270,55.766037,0.000000,circle,预设轨迹15,forward
1775478974.938799,1.655833,1775479021.961316|完整运动,完整运动,circle_orbit,1,1.000000,1.500000,1.500000,,,,,,,,,,,,,,,,0.950169,0.083099,1.334326,0.096684,0.000000,0.000000,0.035505,,0.061820,0.000000,,,,0.087457,0.105584,1.500000,0.795826,55.747480,0.000000,circle,预设轨迹15,forward
1775478974.962068,1.679102,1775479021.961316|完整运动,完整运动,circle_orbit,1,1.000000,1.500000,1.500000,,,,,,,,,,,,,,,,0.956405,0.084801,1.330575,0.097572,0.000000,0.000000,0.036970,,0.063149,0.000000,,,,0.088667,0.106277,1.500000,0.814507,55.728799,0.000000,circle,预设轨迹15,forward
1775478974.985000,1.702034,1775479021.961316|完整运动,完整运动,circle_orbit,1,1.000000,1.500000,1.500000,,,,,,,,,,,,,,,,0.962443,0.087209,1.324716,0.105266,0.000000,0.000000,0.039451,,0.065163,0.000000,,,,0.090612,0.106948,1.500000,0.851976,55.691331,0.000000,circle,预设轨迹15,forward
1775478975.005882,1.722916,1775479021.961316|完整运动,完整运动,circle_orbit,1,1.000000,1.500000,1.500000,,,,,,,,,,,,,,,,0.968328,0.088761,1.321435,0.100399,0.000000,0.000000,0.040772,,0.066333,0.000000,,,,0.091664,0.107602,1.500000,0.870894,55.672413,0.000000,circle,预设轨迹15,forward
1775478975.026194,1.743228,1775479021.961316|完整运动,完整运动,circle_orbit,1,1.000000,1.500000,1.500000,,,,,,,,,,,,,,,,0.974060,0.090458,1.317974,0.103188,0.000000,0.000000,0.042310,,0.067513,0.000000,,,,0.092867,0.108239,1.500000,0.890073,55.653234,0.000000,circle,预设轨迹15,forward
1775478975.049648,1.766682,1775479021.961316|完整运动,完整运动,circle_orbit,1,1.000000,1.500000,1.500000,,,,,,,,,,,,,,,,0.979698,0.091057,1.317974,0.095553,0.000000,0.000000,0.042310,,0.067513,0.000000,,,,0.092944,0.108866,1.500000,0.890073,55.653234,0.000000,circle,预设轨迹15,forward
1775478975.078426,1.795460,1775479021.961316|完整运动,完整运动,circle_orbit,1,1.000000,1.500000,1.500000,,,,,,,,,,,,,,,,0.985128,0.094251,1.310941,0.118207,0.000000,0.000000,0.045952,,0.069710,0.000000,,,,0.095674,0.109469,1.500000,0.928906,55.614401,0.000000,circle,预设轨迹15,forward
1775478975.098794,1.815828,1775479021.961316|完整运动,完整运动,circle_orbit,1,1.000000,1.500000,1.500000,,,,,,,,,,,,,,,,0.990409,0.096202,1.307287,0.110829,0.000000,0.000000,0.047931,,0.070829,0.000000,,,,0.097133,0.110056,1.500000,0.948366,55.594940,0.000000,circle,预设轨迹15,forward
1775478975.129522,1.846556,1775479021.961316|完整运动,完整运动,circle_orbit,1,1.000000,1.500000,1.500000,,,,,,,,,,,,,,,,0.995547,0.098144,1.303782,0.112708,0.000000,0.000000,0.049932,,0.071868,0.000000,,,,0.098583,0.110627,1.500000,0.967823,55.575483,0.000000,circle,预设轨迹15,forward
1775478975.153051,1.870085,1775479021.961316|完整运动,完整运动,circle_orbit,1,1.000000,1.500000,1.500000,,,,,,,,,,,,,,,,1.000478,0.101315,1.296358,0.125101,0.000000,0.000000,0.053707,,0.074308,0.000000,,,,0.101267,0.111175,1.500000,1.007163,55.536143,0.000000,circle,预设轨迹15,forward
1775478975.173482,1.890516,1775479021.961316|完整运动,完整运动,circle_orbit,1,1.000000,1.500000,1.500000,,,,,,,,,,,,,,,,1.005276,0.103012,1.293145,0.115741,0.000000,0.000000,0.055488,,0.075313,0.000000,,,,0.102472,0.111708,1.500000,1.027013,55.516293,0.000000,circle,预设轨迹15,forward
1775478975.202671,1.919705,1775479021.961316|完整运动,完整运动,circle_orbit,1,1.000000,1.500000,1.500000,,,,,,,,,,,,,,,,1.009946,0.104532,1.290160,0.115929,0.000000,0.000000,0.057033,,0.076304,0.000000,,,,0.103502,0.112227,1.500000,1.046918,55.496389,0.000000,circle,预设轨迹15,forward
1775478975.226961,1.943995,1775479021.961316|完整运动,完整运动,circle_orbit,1,1.000000,1.500000,1.500000,,,,,,,,,,,,,,,,1.014491,0.105892,1.287216,0.116092,0.000000,0.000000,0.058359,,0.077376,0.000000,,,,0.104379,0.112732,1.500000,1.066856,55.476451,0.000000,circle,预设轨迹15,forward
1775478975.247416,1.964450,1775479021.961316|完整运动,完整运动,circle_orbit,1,1.000000,1.500000,1.500000,,,,,,,,,,,,,,,,1.018885,0.108134,1.282501,0.124950,0.000000,0.000000,0.060937,,0.078908,0.000000,,,,0.106130,0.113220,1.500000,1.106869,55.436437,0.000000,circle,预设轨迹15,forward
1775478975.275513,1.992547,1775479021.961316|完整运动,完整运动,circle_orbit,1,1.000000,1.500000,1.500000,,,,,,,,,,,,,,,,1.023159,0.109607,1.279588,0.120656,0.000000,0.000000,0.062475,,0.079889,0.000000,,,,0.107126,0.113695,1.500000,1.127126,55.416181,0.000000,circle,预设轨迹15,forward
1775478975.299907,2.016941,1775479021.961316|完整运动,完整运动,circle_orbit,1,1.000000,1.500000,1.500000,,,,,,,,,,,,,,,,1.027321,0.111259,1.277037,0.123647,0.000000,0.000000,0.064275,,0.080552,0.000000,,,,0.108300,0.114158,1.500000,1.147414,55.395893,0.000000,circle,预设轨迹15,forward
1775478975.320544,2.037578,1775479021.961316|完整运动,完整运动,circle_orbit,1,1.000000,1.500000,1.500000,,,,,,,,,,,,,,,,1.031330,0.114715,1.271899,0.140638,0.000000,0.000000,0.068660,,0.081568,0.000000,,,,0.111230,0.114603,1.500000,1.187887,55.355420,0.000000,circle,预设轨迹15,forward
1775478975.349883,2.066917,1775479021.961316|完整运动,完整运动,circle_orbit,1,1.000000,1.500000,1.500000,,,,,,,,,,,,,,,,1.035274,0.115000,1.271899,0.117137,0.000000,0.000000,0.068660,,0.081568,0.000000,,,,0.111082,0.115041,1.500000,1.187887,55.355420,0.000000,circle,预设轨迹15,forward
1775478975.372948,2.089983,1775479021.961316|完整运动,完整运动,circle_orbit,1,1.000000,1.500000,1.500000,,,,,,,,,,,,,,,,1.039060,0.118827,1.266193,0.147526,0.000000,0.000000,0.073633,,0.082679,0.000000,,,,0.114360,0.115462,1.500000,1.228740,55.314567,0.000000,circle,预设轨迹15,forward
1775478975.393451,2.110486,1775479021.961316|完整运动,完整运动,circle_orbit,1,1.000000,1.500000,1.500000,,,,,,,,,,,,,,,,1.042741,0.120884,1.263622,0.136312,0.000000,0.000000,0.076234,,0.083030,0.000000,,,,0.115929,0.115871,1.500000,1.249297,55.294010,0.000000,circle,预设轨迹15,forward
1775478975.424837,2.141871,1775479021.961316|完整运动,完整运动,circle_orbit,1,1.000000,1.500000,1.500000,,,,,,,,,,,,,,,,1.046318,0.122914,1.260925,0.138145,0.000000,0.000000,0.078836,,0.083460,0.000000,,,,0.117473,0.116269,1.500000,1.269871,55.273436,0.000000,circle,预设轨迹15,forward
1775478975.447051,2.164085,1775479021.961316|完整运动,完整运动,circle_orbit,1,1.000000,1.500000,1.500000,,,,,,,,,,,,,,,,1.049787,0.124917,1.257975,0.139935,0.000000,0.000000,0.081435,,0.084049,0.000000,,,,0.118992,0.116654,1.500000,1.290566,55.252741,0.000000,circle,预设轨迹15,forward
1775478975.469635,2.186669,1775479021.961316|完整运动,完整运动,circle_orbit,1,1.000000,1.500000,1.500000,,,,,,,,,,,,,,,,1.053105,0.128293,1.252151,0.153616,0.000000,0.000000,0.086019,,0.085478,0.000000,,,,0.121824,0.117023,1.500000,1.332074,55.211233,0.000000,circle,预设轨迹15,forward
1775478975.492310,2.209344,1775479021.961316|完整运动,完整运动,circle_orbit,1,1.000000,1.500000,1.500000,,,,,,,,,,,,,,,,1.056368,0.128364,1.252151,0.128897,0.000000,0.000000,0.086019,,0.085478,0.000000,,,,0.121515,0.117385,1.500000,1.332074,55.211233,0.000000,circle,预设轨迹15,forward
1775478975.516006,2.233040,1775479021.961316|完整运动,完整运动,circle_orbit,1,1.000000,1.500000,1.500000,,,,,,,,,,,,,,,,1.059516,0.131195,1.248401,0.152422,0.000000,0.000000,0.089867,,0.086016,0.000000,,,,0.123825,0.117735,1.500000,1.373631,55.169675,0.000000,circle,预设轨迹15,forward
1775478975.536388,2.253422,1775479021.961316|完整运动,完整运动,circle_orbit,1,1.000000,1.500000,1.500000,,,,,,,,,,,,,,,,1.062580,0.132646,1.246423,0.143531,0.000000,0.000000,0.091841,,0.086331,0.000000,,,,0.124834,0.118076,1.500000,1.394521,55.148786,0.000000,circle,预设轨迹15,forward
1775478975.565859,2.282893,1775479021.961316|完整运动,完整运动,circle_orbit,1,1.000000,1.500000,1.500000,,,,,,,,,,,,,,,,1.065570,0.134266,1.244959,0.146417,0.000000,0.000000,0.094062,,0.086228,0.000000,,,,0.126004,0.118408,1.500000,1.415381,55.127925,0.000000,circle,预设轨迹15,forward
1775478975.586491,2.303525,1775479021.961316|完整运动,完整运动,circle_orbit,1,1.000000,1.500000,1.500000,,,,,,,,,,,,,,,,1.068470,0.137701,1.242482,0.163467,0.000000,0.000000,0.098885,,0.085585,0.000000,,,,0.128877,0.118730,1.500000,1.457233,55.086074,0.000000,circle,预设轨迹15,forward
1775478975.606802,2.323836,1775479021.961316|完整运动,完整运动,circle_orbit,1,1.000000,1.500000,1.500000,,,,,,,,,,,,,,,,1.071299,0.139424,1.241060,0.152344,0.000000,0.000000,0.101393,,0.085335,0.000000,,,,0.130145,0.119045,1.500000,1.478297,55.065009,0.000000,circle,预设轨迹15,forward
1775478975.637633,2.354667,1775479021.961316|完整运动,完整运动,circle_orbit,1,1.000000,1.500000,1.500000,,,,,,,,,,,,,,,,1.074059,0.141162,1.239645,0.154199,0.000000,0.000000,0.103945,,0.085063,0.000000,,,,0.131429,0.119351,1.500000,1.499535,55.043772,0.000000,circle,预设轨迹15,forward
1775478975.670218,2.387252,1775479021.961316|完整运动,完整运动,circle_orbit,1,1.000000,1.500000,1.500000,,,,,,,,,,,,,,,,1.076744,0.144729,1.237840,0.171482,0.000000,0.000000,0.109122,,0.083864,0.000000,,,,0.134414,0.119650,1.500000,1.542135,55.001172,0.000000,circle,预设轨迹15,forward
1775478975.691671,2.408705,1775479021.961316|完整运动,完整运动,circle_orbit,1,1.000000,1.500000,1.500000,,,,,,,,,,,,,,,,1.079379,0.146356,1.237466,0.158558,0.000000,0.000000,0.111669,,0.082961,0.000000,,,,0.135593,0.119942,1.500000,1.563437,54.979869,0.000000,circle,预设轨迹15,forward
1775478975.714750,2.431784,1775479021.961316|完整运动,完整运动,circle_orbit,1,1.000000,1.500000,1.500000,,,,,,,,,,,,,,,,1.081967,0.147996,1.237275,0.160297,0.000000,0.000000,0.114251,,0.081930,0.000000,,,,0.136784,0.120230,1.500000,1.584810,54.958497,0.000000,circle,预设轨迹15,forward
1775478975.740366,2.457400,1775479021.961316|完整运动,完整运动,circle_orbit,1,1.000000,1.500000,1.500000,,,,,,,,,,,,,,,,1.084501,0.149624,1.236518,0.161829,0.000000,0.000000,0.116833,,0.081247,0.000000,,,,0.137965,0.120512,1.500000,1.606285,54.937022,0.000000,circle,预设轨迹15,forward
1775478975.761081,2.478115,1775479021.961316|完整运动,完整运动,circle_orbit,1,1.000000,1.500000,1.500000,,,,,,,,,,,,,,,,1.086966,0.153057,1.234893,0.178809,0.000000,0.000000,0.122002,,0.079947,0.000000,,,,0.140811,0.120785,1.500000,1.649754,54.893553,0.000000,circle,预设轨迹15,forward
1775478975.792157,2.509192,1775479021.961316|完整运动,完整运动,circle_orbit,1,1.000000,1.500000,1.500000,,,,,,,,,,,,,,,,1.089386,0.154667,1.234563,0.166736,0.000000,0.000000,0.124696,,0.078952,0.000000,,,,0.141976,0.121054,1.500000,1.671552,54.871755,0.000000,circle,预设轨迹15,forward
1775478975.815630,2.532664,1775479021.961316|完整运动,完整运动,circle_orbit,1,1.000000,1.500000,1.500000,,,,,,,,,,,,,,,,1.091758,0.156213,1.234069,0.167813,0.000000,0.000000,0.127316,,0.078092,0.000000,,,,0.143084,0.121318,1.500000,1.693263,54.850044,0.000000,circle,预设轨迹15,forward
1775478975.836079,2.553113,1775479021.961316|完整运动,完整运动,circle_orbit,1,1.000000,1.500000,1.500000,,,,,,,,,,,,,,,,1.094079,0.157769,1.233360,0.169434,0.000000,0.000000,0.129960,,0.077353,0.000000,,,,0.144202,0.121576,1.500000,1.715078,54.828228,0.000000,circle,预设轨迹15,forward
1775478975.861051,2.578085,1775479021.961316|完整运动,完整运动,circle_orbit,1,1.000000,1.500000,1.500000,,,,,,,,,,,,,,,,1.096347,0.159256,1.232399,0.170416,0.000000,0.000000,0.132522,,0.076807,0.000000,,,,0.145261,0.121828,1.500000,1.737146,54.806161,0.000000,circle,预设轨迹15,forward
1775478975.893056,2.610090,1775479021.961316|完整运动,完整运动,circle_orbit,1,1.000000,1.500000,1.500000,,,,,,,,,,,,,,,,1.098571,0.162678,1.232014,0.188338,0.000000,0.000000,0.137849,,0.074677,0.000000,,,,0.148081,0.122075,1.500000,1.781238,54.762069,0.000000,circle,预设轨迹15,forward
1775478975.913523,2.630557,1775479021.961316|完整运动,完整运动,circle_orbit,1,1.000000,1.500000,1.500000,,,,,,,,,,,,,,,,1.100745,0.163981,1.231164,0.173757,0.000000,0.000000,0.140283,,0.074121,0.000000,,,,0.148973,0.122317,1.500000,1.803161,54.740145,0.000000,circle,预设轨迹15,forward
1775478975.945362,2.662396,1775479021.961316|完整运动,完整运动,circle_orbit,1,1.000000,1.500000,1.500000,,,,,,,,,,,,,,,,1.102881,0.165190,1.231061,0.174252,0.000000,0.000000,0.142581,,0.073163,0.000000,,,,0.149780,0.122554,1.500000,1.824970,54.718336,0.000000,circle,预设轨迹15,forward
1775478975.967475,2.684509,1775479021.961316|完整运动,完整运动,circle_orbit,1,1.000000,1.500000,1.500000,,,,,,,,,,,,,,,,1.104987,0.167865,1.231334,0.187932,0.000000,0.000000,0.146965,,0.071045,0.000000,,,,0.151916,0.122788,1.500000,1.868874,54.674433,0.000000,circle,预设轨迹15,forward
1775478975.987776,2.704810,1775479021.961316|完整运动,完整运动,circle_orbit,1,1.000000,1.500000,1.500000,,,,,,,,,,,,,,,,1.107064,0.168911,1.231693,0.176753,0.000000,0.000000,0.149112,,0.069869,0.000000,,,,0.152576,0.123019,1.500000,1.890762,54.652544,0.000000,circle,预设轨迹15,forward
1775478976.016406,2.733440,1775479021.961316|完整运动,完整运动,circle_orbit,1,1.000000,1.500000,1.500000,,,,,,,,,,,,,,,,1.109116,0.170004,1.232237,0.178203,0.000000,0.000000,0.151316,,0.068554,0.000000,,,,0.153279,0.123247,1.500000,1.912446,54.630861,0.000000,circle,预设轨迹15,forward
1775478976.044607,2.761641,1775479021.961316|完整运动,完整运动,circle_orbit,1,1.000000,1.500000,1.500000,,,,,,,,,,,,,,,,1.111138,0.171129,1.232489,0.179562,0.000000,0.000000,0.153557,,0.067402,0.000000,,,,0.154012,0.123472,1.500000,1.933995,54.609311,0.000000,circle,预设轨迹15,forward
1775478976.064957,2.781991,1775479021.961316|完整运动,完整运动,circle_orbit,1,1.000000,1.500000,1.500000,,,,,,,,,,,,,,,,1.113143,0.173611,1.233431,0.192228,0.000000,0.000000,0.157731,,0.064966,0.000000,,,,0.155965,0.123694,1.500000,1.977231,54.566076,0.000000,circle,预设轨迹15,forward
1775478976.097448,2.814482,1775479021.961316|完整运动,完整运动,circle_orbit,1,1.000000,1.500000,1.500000,,,,,,,,,,,,,,,,1.115131,0.174554,1.234421,0.181628,0.000000,0.000000,0.159792,,0.063440,0.000000,,,,0.156532,0.123915,1.500000,1.998860,54.544447,0.000000,circle,预设轨迹15,forward
1775478976.123749,2.840784,1775479021.961316|完整运动,完整运动,circle_orbit,1,1.000000,1.500000,1.500000,,,,,,,,,,,,,,,,1.117102,0.175503,1.235317,0.182623,0.000000,0.000000,0.161850,,0.061974,0.000000,,,,0.157106,0.124134,1.500000,2.020621,54.522685,0.000000,circle,预设轨迹15,forward
1775478976.144716,2.861750,1775479021.961316|完整运动,完整运动,circle_orbit,1,1.000000,1.500000,1.500000,,,,,,,,,,,,,,,,1.119073,0.177978,1.237366,0.196536,0.000000,0.000000,0.166073,,0.058840,0.000000,,,,0.159040,0.124353,1.500000,2.063935,54.479372,0.000000,circle,预设轨迹15,forward
1775478976.169358,2.886392,1775479021.961316|完整运动,完整运动,circle_orbit,1,1.000000,1.500000,1.500000,,,,,,,,,,,,,,,,1.121012,0.177431,1.237366,0.173327,0.000000,0.000000,0.166073,,0.058840,0.000000,,,,0.158277,0.124569,1.500000,2.063935,54.479372,0.000000,circle,预设轨迹15,forward
1775478976.200412,2.917446,1775479021.961316|完整运动,完整运动,circle_orbit,1,1.000000,1.500000,1.500000,,,,,,,,,,,,,,,,1.122970,0.179830,1.240429,0.197821,0.000000,0.000000,0.170178,,0.055145,0.000000,,,,0.160137,0.124786,1.500000,2.107374,54.435933,0.000000,circle,预设轨迹15,forward
1775478976.220953,2.937987,1775479021.961316|完整运动,完整运动,circle_orbit,1,1.000000,1.500000,1.500000,,,,,,,,,,,,,,,,1.124951,0.182169,1.243814,0.199716,0.000000,0.000000,0.174283,,0.051263,0.000000,,,,0.161935,0.125006,1.500000,2.151018,54.392289,0.000000,circle,预设轨迹15,forward
1775478976.254983,2.972017,1775479021.961316|完整运动,完整运动,circle_orbit,1,1.000000,1.500000,1.500000,,,,,,,,,,,,,,,,1.126900,0.181574,1.243814,0.177113,0.000000,0.000000,0.174283,,0.051263,0.000000,,,,0.161127,0.125223,1.500000,2.151018,54.392289,0.000000,circle,预设轨迹15,forward
1775478976.276222,2.993256,1775479021.961316|完整运动,完整运动,circle_orbit,1,1.000000,1.500000,1.500000,,,,,,,,,,,,,,,,1.128865,0.183747,1.246795,0.200046,0.000000,0.000000,0.178133,,0.047750,0.000000,,,,0.162772,0.125441,1.500000,2.194891,54.348415,0.000000,circle,预设轨迹15,forward
1775478976.296504,3.013538,1775479021.961316|完整运动,完整运动,circle_orbit,1,1.000000,1.500000,1.500000,,,,,,,,,,,,,,,,1.130827,0.184524,1.248563,0.190346,0.000000,0.000000,0.180065,,0.045827,0.000000,,,,0.163176,0.125659,1.500000,2.216863,54.326443,0.000000,circle,预设轨迹15,forward
1775478976.318659,3.035693,1775479021.961316|完整运动,完整运动,circle_orbit,1,1.000000,1.500000,1.500000,,,,,,,,,,,,,,,,1.132776,0.185290,1.249685,0.191040,0.000000,0.000000,0.181970,,0.044306,0.000000,,,,0.163572,0.125876,1.500000,2.239055,54.304251,0.000000,circle,预设轨迹15,forward
1775478976.341742,3.058776,1775479021.961316|完整运动,完整运动,circle_orbit,1,1.000000,1.500000,1.500000,,,,,,,,,,,,,,,,1.134705,0.185887,1.250438,0.190363,0.000000,0.000000,0.183622,,0.043120,0.000000,,,,0.163820,0.126090,1.500000,2.261251,54.282055,0.000000,circle,预设轨迹15,forward
1775478976.370145,3.087179,1775479021.961316|完整运动,完整运动,circle_orbit,1,1.000000,1.500000,1.500000,,,,,,,,,,,,,,,,1.136629,0.186338,1.252113,0.189721,0.000000,0.000000,0.185049,,0.041482,0.000000,,,,0.163939,0.126304,1.500000,2.283273,54.260034,0.000000,circle,预设轨迹15,forward
1775478976.406271,3.123305,1775479021.961316|完整运动,完整运动,circle_orbit,1,1.000000,1.500000,1.500000,,,,,,,,,,,,,,,,1.138597,0.187824,1.256650,0.198964,0.000000,0.000000,0.187932,,0.037498,0.000000,,,,0.164961,0.126523,1.500000,2.327147,54.216160,0.000000,circle,预设轨迹15,forward
1775478976.434639,3.151673,1775479021.961316|完整运动,完整运动,circle_orbit,1,1.000000,1.500000,1.500000,,,,,,,,,,,,,,,,1.140613,0.189524,1.261562,0.202277,0.000000,0.000000,0.191165,,0.033156,0.000000,,,,0.166160,0.126747,1.500000,2.371127,54.172180,0.000000,circle,预设轨迹15,forward
1775478976.455784,3.172818,1775479021.961316|完整运动,完整运动,circle_orbit,1,1.000000,1.500000,1.500000,,,,,,,,,,,,,,,,1.142625,0.190047,1.263387,0.193970,0.000000,0.000000,0.192771,,0.031369,0.000000,,,,0.166325,0.126970,1.500000,2.393218,54.150089,0.000000,circle,预设轨迹15,forward
1775478976.480876,3.197910,1775479021.961316|完整运动,完整运动,circle_orbit,1,1.000000,1.500000,1.500000,,,,,,,,,,,,,,,,1.144637,0.190417,1.265303,0.193189,0.000000,0.000000,0.194139,,0.029637,0.000000,,,,0.166356,0.127194,1.500000,2.415317,54.127990,0.000000,circle,预设轨迹15,forward
1775478976.507669,3.224703,1775479021.961316|完整运动,完整运动,circle_orbit,1,1.000000,1.500000,1.500000,,,,,,,,,,,,,,,,1.146713,0.191731,1.271295,0.201585,0.000000,0.000000,0.196836,,0.024946,0.000000,,,,0.167200,0.127425,1.500000,2.459418,54.083889,0.000000,circle,预设轨迹15,forward
1775478976.529112,3.246146,1775479021.961316|完整运动,完整运动,circle_orbit,1,1.000000,1.500000,1.500000,,,,,,,,,,,,,,,,1.148805,0.192134,1.274318,0.195163,0.000000,0.000000,0.198269,,0.022560,0.000000,,,,0.167247,0.127657,1.500000,2.481621,54.061686,0.000000,circle,预设轨迹15,forward
1775478976.553246,3.270280,1775479021.961316|完整运动,完整运动,circle_orbit,1,1.000000,1.500000,1.500000,,,,,,,,,,,,,,,,1.150919,0.192501,1.277796,0.195253,0.000000,0.000000,0.199631,,0.019952,0.000000,,,,0.167259,0.127892,1.500000,2.503854,54.039453,0.000000,circle,预设轨迹15,forward
1775478976.578565,3.295599,1775479021.961316|完整运动,完整运动,circle_orbit,1,1.000000,1.500000,1.500000,,,,,,,,,,,,,,,,1.153061,0.192839,1.281548,0.195370,0.000000,0.000000,0.200932,,0.017225,0.000000,,,,0.167241,0.128130,1.500000,2.526141,54.017166,0.000000,circle,预设轨迹15,forward
1775478976.613265,3.330299,1775479021.961316|完整运动,完整运动,circle_orbit,1,1.000000,1.500000,1.500000,,,,,,,,,,,,,,,,1.155225,0.193162,1.285064,0.195583,0.000000,0.000000,0.202195,,0.014663,0.000000,,,,0.167207,0.128370,1.500000,2.548409,53.994897,0.000000,circle,预设轨迹15,forward
1775478976.634455,3.351490,1775479021.961316|完整运动,完整运动,circle_orbit,1,1.000000,1.500000,1.500000,,,,,,,,,,,,,,,,1.157469,0.194292,1.292122,0.202765,0.000000,0.000000,0.204595,,0.009611,0.000000,,,,0.167859,0.128620,1.500000,2.592911,53.950396,0.000000,circle,预设轨迹15,forward
1775478976.656110,3.373144,1775479021.961316|完整运动,完整运动,circle_orbit,1,1.000000,1.500000,1.500000,,,,,,,,,,,,,,,,1.159738,0.194503,1.295850,0.196087,0.000000,0.000000,0.205719,,0.007024,0.000000,,,,0.167713,0.128872,1.500000,2.615089,53.928218,0.000000,circle,预设轨迹15,forward
1775478976.681475,3.398509,1775479021.961316|完整运动,完整运动,circle_orbit,1,1.000000,1.500000,1.500000,,,,,,,,,,,,,,,,1.162027,0.194675,1.299391,0.195969,0.000000,0.000000,0.206763,,0.004588,0.000000,,,,0.167531,0.129126,1.500000,2.637373,53.905934,0.000000,circle,预设轨迹15,forward
1775478976.702712,3.419746,1775479021.961316|完整运动,完整运动,circle_orbit,1,1.000000,1.500000,1.500000,,,,,,,,,,,,,,,,1.164370,0.195538,1.304929,0.202011,0.000000,0.000000,0.208776,,-0.000632,0.000000,,,,0.167935,0.129387,1.500000,2.682267,53.861040,0.000000,circle,预设轨迹15,forward
1775478976.728770,3.445804,1775479021.961316|完整运动,完整运动,circle_orbit,1,1.000000,1.500000,1.500000,,,,,,,,,,,,,,,,1.166674,0.194980,1.304929,0.190795,0.000000,0.000000,0.208776,,-0.000632,0.000000,,,,0.167125,0.129643,1.500000,2.682267,53.861040,0.000000,circle,预设轨迹15,forward
1775478976.757110,3.474144,1775479021.961316|完整运动,完整运动,circle_orbit,1,1.000000,1.500000,1.500000,,,,,,,,,,,,,,,,1.168781,0.195691,1.295192,0.201020,0.000000,0.000000,0.210527,,-0.005254,0.000000,,,,0.167432,0.129877,1.500000,2.727470,53.815836,0.000000,circle,预设轨迹15,forward
1775478976.778347,3.495381,1775479021.961316|完整运动,完整运动,circle_orbit,1,1.000000,1.500000,1.500000,,,,,,,,,,,,,,,,1.170771,0.195654,1.290159,0.195376,0.000000,0.000000,0.211229,,-0.007766,0.000000,,,,0.167115,0.130098,1.500000,2.750064,53.793243,0.000000,circle,预设轨迹15,forward
1775478976.799246,3.516280,1775479021.961316|完整运动,完整运动,circle_orbit,1,1.000000,1.500000,1.500000,,,,,,,,,,,,,,,,1.172648,0.195565,1.285320,0.194896,0.000000,0.000000,0.211829,,-0.010236,0.000000,,,,0.166772,0.130307,1.500000,2.772716,53.770591,0.000000,circle,预设轨迹15,forward
1775478976.839437,3.556471,1775479021.961316|完整运动,完整运动,circle_orbit,1,1.000000,1.500000,1.500000,,,,,,,,,,,,,,,,1.174430,0.195429,1.281331,0.194415,0.000000,0.000000,0.212334,,-0.012281,0.000000,,,,0.166404,0.130505,1.500000,2.795585,53.747722,0.000000,circle,预设轨迹15,forward
1775478976.869426,3.586460,1775479021.961316|完整运动,完整运动,circle_orbit,1,1.000000,1.500000,1.500000,,,,,,,,,,,,,,,,1.176027,0.195945,1.271837,0.199814,0.000000,0.000000,0.213747,,-0.017115,0.000000,,,,0.166616,0.130682,1.500000,2.841547,53.701759,0.000000,circle,预设轨迹15,forward
1775478976.890657,3.607691,1775479021.961316|完整运动,完整运动,circle_orbit,1,1.000000,1.500000,1.500000,,,,,,,,,,,,,,,,1.177459,0.196182,1.263385,0.197961,0.000000,0.000000,0.214783,,-0.021586,0.000000,,,,0.166615,0.130841,1.500000,2.887727,53.655580,0.000000,circle,预设轨迹15,forward
1775478976.913438,3.630472,1775479021.961316|完整运动,完整运动,circle_orbit,1,1.000000,1.500000,1.500000,,,,,,,,,,,,,,,,1.178868,0.195701,1.263385,0.192088,0.000000,0.000000,0.214783,,-0.021586,0.000000,,,,0.166007,0.130998,1.500000,2.887727,53.655580,0.000000,circle,预设轨迹15,forward
1775478976.944908,3.661942,1775479021.961316|完整运动,完整运动,circle_orbit,1,1.000000,1.500000,1.500000,,,,,,,,,,,,,,,,1.180124,0.195683,1.255491,0.195551,0.000000,0.000000,0.215408,,-0.025974,0.000000,,,,0.165816,0.131137,1.500000,2.934092,53.609215,0.000000,circle,预设轨迹15,forward
1775478976.984205,3.701239,1775479021.961316|完整运动,完整运动,circle_orbit,1,1.000000,1.500000,1.500000,,,,,,,,,,,,,,,,1.181150,0.195576,1.242720,0.194773,0.000000,0.000000,0.215914,,-0.033423,0.000000,,,,0.165581,0.131251,1.500000,3.003720,53.539587,0.000000,circle,预设轨迹15,forward
1775478977.014702,3.731736,1775479021.961316|完整运动,完整运动,circle_orbit,1,1.000000,1.500000,1.500000,,,,,,,,,,,,,,,,1.182088,0.195215,1.238378,0.192511,0.000000,0.000000,0.216043,,-0.036011,0.000000,,,,0.165145,0.131356,1.500000,3.026905,53.516402,0.000000,circle,预设轨迹15,forward
1775478977.042742,3.759776,1775479021.961316|完整运动,完整运动,circle_orbit,1,1.000000,1.500000,1.500000,,,,,,,,,,,,,,,,1.182936,0.194811,1.233801,0.191775,0.000000,0.000000,0.216082,,-0.038801,0.000000,,,,0.164684,0.131450,1.500000,3.050002,53.493304,0.000000,circle,预设轨迹15,forward
1775478977.063978,3.781012,1775479021.961316|完整运动,完整运动,circle_orbit,1,1.000000,1.500000,1.500000,,,,,,,,,,,,,,,,1.183625,0.194268,1.224959,0.190201,0.000000,0.000000,0.215911,,-0.044362,0.000000,,,,0.164130,0.131526,1.500000,3.096173,53.447134,0.000000,circle,预设轨迹15,forward
1775478977.086771,3.803806,1775479021.961316|完整运动,完整运动,circle_orbit,1,1.000000,1.500000,1.500000,,,,,,,,,,,,,,,,1.184223,0.193814,1.220133,0.190408,0.000000,0.000000,0.215834,,-0.047424,0.000000,,,,0.163664,0.131593,1.500000,3.119188,53.424119,0.000000,circle,预设轨迹15,forward
1775478977.125898,3.842932,1775479021.961316|完整运动,完整运动,circle_orbit,1,1.000000,1.500000,1.500000,,,,,,,,,,,,,,,,1.184731,0.193378,1.215203,0.190108,0.000000,0.000000,0.215759,,-0.050574,0.000000,,,,0.163225,0.131649,1.500000,3.142215,53.401092,0.000000,circle,预设轨迹15,forward
1775478977.146900,3.863934,1775479021.961316|完整运动,完整运动,circle_orbit,1,1.000000,1.500000,1.500000,,,,,,,,,,,,,,,,1.185109,0.192558,1.207794,0.186406,0.000000,0.000000,0.215127,,-0.055588,0.000000,,,,0.162481,0.131691,1.500000,3.188032,53.355275,0.000000,circle,预设轨迹15,forward
1775478977.167477,3.884511,1775479021.961316|完整运动,完整运动,circle_orbit,1,1.000000,1.500000,1.500000,,,,,,,,,,,,,,,,1.185428,0.191776,1.204546,0.185910,0.000000,0.000000,0.214507,,-0.057956,0.000000,,,,0.161778,0.131727,1.500000,3.210889,53.332417,0.000000,circle,预设轨迹15,forward
1775478977.193078,3.910112,1775479021.961316|完整运动,完整运动,circle_orbit,1,1.000000,1.500000,1.500000,,,,,,,,,,,,,,,,1.185690,0.191007,1.201428,0.185240,0.000000,0.000000,0.213868,,-0.060260,0.000000,,,,0.161093,0.131756,1.500000,3.233943,53.309364,0.000000,circle,预设轨迹15,forward
1775478977.216412,3.933446,1775479021.961316|完整运动,完整运动,circle_orbit,1,1.000000,1.500000,1.500000,,,,,,,,,,,,,,,,1.185892,0.190356,1.197998,0.185474,0.000000,0.000000,0.213364,,-0.062718,0.000000,,,,0.160517,0.131778,1.500000,3.257151,53.286156,0.000000,circle,预设轨迹15,forward
1775478977.236800,3.953834,1775479021.961316|完整运动,完整运动,circle_orbit,1,1.000000,1.500000,1.500000,,,,,,,,,,,,,,,,1.186033,0.189752,1.194477,0.185220,0.000000,0.000000,0.212901,,-0.065231,0.000000,,,,0.159989,0.131794,1.500000,3.280493,53.262814,0.000000,circle,预设轨迹15,forward
1775478977.263471,3.980505,1775479021.961316|完整运动,完整运动,circle_orbit,1,1.000000,1.500000,1.500000,,,,,,,,,,,,,,,,1.186125,0.189014,1.191666,0.183484,0.000000,0.000000,0.212228,,-0.067381,0.000000,,,,0.159354,0.131804,1.500000,3.304051,53.239256,0.000000,circle,预设轨迹15,forward
1775478977.298690,4.015724,1775479021.961316|完整运动,完整运动,circle_orbit,1,1.000000,1.500000,1.500000,,,,,,,,,,,,,,,,1.186169,0.188225,1.188813,0.182302,0.000000,0.000000,0.211452,,-0.069614,0.000000,,,,0.158683,0.131809,1.500000,3.327601,53.215706,0.000000,circle,预设轨迹15,forward
1775478977.320380,4.037415,1775479021.961316|完整运动,完整运动,circle_orbit,1,1.000000,1.500000,1.500000,,,,,,,,,,,,,,,,1.186093,0.186966,1.181525,0.177527,0.000000,0.000000,0.209996,,-0.075126,0.000000,,,,0.157632,0.131801,1.500000,3.374566,53.168741,0.000000,circle,预设轨迹15,forward
1775478977.342659,4.059693,1775479021.961316|完整运动,完整运动,circle_orbit,1,1.000000,1.500000,1.500000,,,,,,,,,,,,,,,,1.185923,0.185609,1.175698,0.175431,0.000000,0.000000,0.208358,,-0.079786,0.000000,,,,0.156510,0.131782,1.500000,3.421556,53.121751,0.000000,circle,预设轨迹15,forward
1775478977.365404,4.082438,1775479021.961316|完整运动,完整运动,circle_orbit,1,1.000000,1.500000,1.500000,,,,,,,,,,,,,,,,1.185706,0.184795,1.172694,0.178686,0.000000,0.000000,0.207438,,-0.082237,0.000000,,,,0.155852,0.131758,1.500000,3.445138,53.098169,0.000000,circle,预设轨迹15,forward
1775478977.385845,4.102879,1775479021.961316|完整运动,完整运动,circle_orbit,1,1.000000,1.500000,1.500000,,,,,,,,,,,,,,,,1.185452,0.183944,1.170204,0.177566,0.000000,0.000000,0.206445,,-0.084380,0.000000,,,,0.155168,0.131729,1.500000,3.468787,53.074520,0.000000,circle,预设轨迹15,forward
1775478977.413359,4.130393,1775479021.961316|完整运动,完整运动,circle_orbit,1,1.000000,1.500000,1.500000,,,,,,,,,,,,,,,,1.185202,0.183815,1.170204,0.182844,0.000000,0.000000,0.206445,,-0.084380,0.000000,,,,0.155092,0.131702,1.500000,3.468787,53.074520,0.000000,circle,预设轨迹15,forward
1775478977.443746,4.160780,1775479021.961316|完整运动,完整运动,circle_orbit,1,1.000000,1.500000,1.500000,,,,,,,,,,,,,,,,1.184841,0.182213,1.163231,0.170202,0.000000,0.000000,0.204386,,-0.090098,0.000000,,,,0.153787,0.131662,1.500000,3.515671,53.027636,0.000000,circle,预设轨迹15,forward
1775478977.465765,4.182799,1775479021.961316|完整运动,完整运动,circle_orbit,1,1.000000,1.500000,1.500000,,,,,,,,,,,,,,,,1.184394,0.180364,1.157527,0.166490,0.000000,0.000000,0.201922,,-0.095165,0.000000,,,,0.152283,0.131612,1.500000,3.562328,52.980978,0.000000,circle,预设轨迹15,forward
1775478977.490862,4.207896,1775479021.961316|完整运动,完整运动,circle_orbit,1,1.000000,1.500000,1.500000,,,,,,,,,,,,,,,,1.183901,0.179337,1.154347,0.171638,0.000000,0.000000,0.200558,,-0.098002,0.000000,,,,0.151480,0.131557,1.500000,3.585689,52.957618,0.000000,circle,预设轨迹15,forward
1775478977.522101,4.239135,1775479021.961316|完整运动,完整运动,circle_orbit,1,1.000000,1.500000,1.500000,,,,,,,,,,,,,,,,1.183360,0.178334,1.150916,0.170812,0.000000,0.000000,0.199207,,-0.101023,0.000000,,,,0.150701,0.131497,1.500000,3.609213,52.934093,0.000000,circle,预设轨迹15,forward
1775478977.560158,4.277193,1775479021.961316|完整运动,完整运动,circle_orbit,1,1.000000,1.500000,1.500000,,,,,,,,,,,,,,,,1.182717,0.176560,1.144091,0.163253,0.000000,0.000000,0.196754,,-0.106973,0.000000,,,,0.149283,0.131425,1.500000,3.655581,52.887725,0.000000,circle,预设轨迹15,forward
1775478977.588841,4.305875,1775479021.961316|完整运动,完整运动,circle_orbit,1,1.000000,1.500000,1.500000,,,,,,,,,,,,,,,,1.182028,0.175699,1.140741,0.169240,0.000000,0.000000,0.195539,,-0.109920,0.000000,,,,0.148642,0.131349,1.500000,3.678529,52.864777,0.000000,circle,预设轨迹15,forward
1775478977.610121,4.327155,1775479021.961316|完整运动,完整运动,circle_orbit,1,1.000000,1.500000,1.500000,,,,,,,,,,,,,,,,1.181269,0.173737,1.135692,0.159021,0.000000,0.000000,0.192761,,-0.114808,0.000000,,,,0.147076,0.131265,1.500000,3.724503,52.818804,0.000000,circle,预设轨迹15,forward
1775478977.630881,4.347915,1775479021.961316|完整运动,完整运动,circle_orbit,1,1.000000,1.500000,1.500000,,,,,,,,,,,,,,,,1.180485,0.172642,1.133436,0.164429,0.000000,0.000000,0.191147,,-0.117168,0.000000,,,,0.146246,0.131177,1.500000,3.747835,52.795472,0.000000,circle,预设轨迹15,forward
1775478977.658527,4.375561,1775479021.961316|完整运动,完整运动,circle_orbit,1,1.000000,1.500000,1.500000,,,,,,,,,,,,,,,,1.179690,0.171427,1.131987,0.162317,0.000000,0.000000,0.189344,,-0.119029,0.000000,,,,0.145315,0.131089,1.500000,3.771047,52.772260,0.000000,circle,预设轨迹15,forward
1775478977.679085,4.396119,1775479021.961316|完整运动,完整运动,circle_orbit,1,1.000000,1.500000,1.500000,,,,,,,,,,,,,,,,1.178879,0.170187,1.130217,0.160888,0.000000,0.000000,0.187480,,-0.121155,0.000000,,,,0.144363,0.130999,1.500000,3.794304,52.749002,0.000000,circle,预设轨迹15,forward
1775478977.700703,4.417737,1775479021.961316|完整运动,完整运动,circle_orbit,1,1.000000,1.500000,1.500000,,,,,,,,,,,,,,,,1.178049,0.168901,1.128260,0.159258,0.000000,0.000000,0.185526,,-0.123462,0.000000,,,,0.143374,0.130907,1.500000,3.817529,52.725778,0.000000,circle,预设轨迹15,forward
1775478977.733338,4.450372,1775479021.961316|完整运动,完整运动,circle_orbit,1,1.000000,1.500000,1.500000,,,,,,,,,,,,,,,,1.177178,0.166038,1.124912,0.144567,0.000000,0.000000,0.181314,,-0.127807,0.000000,,,,0.141048,0.130810,1.500000,3.864254,52.679052,0.000000,circle,预设轨迹15,forward
1775478977.760145,4.477179,1775479021.961316|完整运动,完整运动,circle_orbit,1,1.000000,1.500000,1.500000,,,,,,,,,,,,,,,,1.176291,0.164674,1.123057,0.154444,0.000000,0.000000,0.179122,,-0.130157,0.000000,,,,0.139995,0.130711,1.500000,3.887663,52.655644,0.000000,circle,预设轨迹15,forward
1775478977.781429,4.498463,1775479021.961316|完整运动,完整运动,circle_orbit,1,1.000000,1.500000,1.500000,,,,,,,,,,,,,,,,1.175368,0.161772,1.120007,0.140007,0.000000,0.000000,0.174730,,-0.134384,0.000000,,,,0.137636,0.130609,1.500000,3.934536,52.608770,0.000000,circle,预设轨迹15,forward
1775478977.807440,4.524474,1775479021.961316|完整运动,完整运动,circle_orbit,1,1.000000,1.500000,1.500000,,,,,,,,,,,,,,,,1.174460,0.162043,1.120007,0.164069,0.000000,0.000000,0.174730,,-0.134384,0.000000,,,,0.137972,0.130508,1.500000,3.934536,52.608770,0.000000,circle,预设轨迹15,forward
1775478977.841416,4.558450,1775479021.961316|完整运动,完整运动,circle_orbit,1,1.000000,1.500000,1.500000,,,,,,,,,,,,,,,,1.173494,0.159279,1.115494,0.138550,0.000000,0.000000,0.170502,,-0.139649,0.000000,,,,0.135730,0.130401,1.500000,3.981148,52.562158,0.000000,circle,预设轨迹15,forward
1775478977.878710,4.595744,1775479021.961316|完整运动,完整运动,circle_orbit,1,1.000000,1.500000,1.500000,,,,,,,,,,,,,,,,1.172521,0.158015,1.114164,0.148534,0.000000,0.000000,0.168306,,-0.141628,0.000000,,,,0.134765,0.130292,1.500000,4.004571,52.538736,0.000000,circle,预设轨迹15,forward
1775478977.905918,4.622952,1775479021.961316|完整运动,完整运动,circle_orbit,1,1.000000,1.500000,1.500000,,,,,,,,,,,,,,,,1.171524,0.154950,1.111726,0.131966,0.000000,0.000000,0.163547,,-0.145589,0.000000,,,,0.132264,0.130182,1.500000,4.051365,52.491941,0.000000,circle,预设轨迹15,forward
1775478977.929345,4.646379,1775479021.961316|完整运动,完整运动,circle_orbit,1,1.000000,1.500000,1.500000,,,,,,,,,,,,,,,,1.170502,0.151797,1.109165,0.128146,0.000000,0.000000,0.158561,,-0.149752,0.000000,,,,0.129685,0.130068,1.500000,4.097826,52.445481,0.000000,circle,预设轨迹15,forward
1775478977.952980,4.670014,1775479021.961316|完整运动,完整运动,circle_orbit,1,1.000000,1.500000,1.500000,,,,,,,,,,,,,,,,1.169480,0.150277,1.108138,0.138881,0.000000,0.000000,0.155788,,-0.151768,0.000000,,,,0.128499,0.129955,1.500000,4.120876,52.422431,0.000000,circle,预设轨迹15,forward
1775478977.981548,4.698582,1775479021.961316|完整运动,完整运动,circle_orbit,1,1.000000,1.500000,1.500000,,,,,,,,,,,,,,,,1.168453,0.148755,1.106856,0.137336,0.000000,0.000000,0.152994,,-0.153990,0.000000,,,,0.127309,0.129840,1.500000,4.143810,52.399496,0.000000,circle,预设轨迹15,forward
1775478978.015305,4.732339,1775479021.961316|完整运动,完整运动,circle_orbit,1,1.000000,1.500000,1.500000,,,,,,,,,,,,,,,,1.167419,0.147233,1.105382,0.135822,0.000000,0.000000,0.150188,,-0.156367,0.000000,,,,0.126118,0.129726,1.500000,4.166557,52.376750,0.000000,circle,预设轨迹15,forward
1775478978.037637,4.754671,1775479021.961316|完整运动,完整运动,circle_orbit,1,1.000000,1.500000,1.500000,,,,,,,,,,,,,,,,1.166376,0.143725,1.103770,0.117412,0.000000,0.000000,0.144549,,-0.160112,0.000000,,,,0.123223,0.129610,1.500000,4.212117,52.331190,0.000000,circle,预设轨迹15,forward
1775478978.059097,4.776131,1775479021.961316|完整运动,完整运动,circle_orbit,1,1.000000,1.500000,1.500000,,,,,,,,,,,,,,,,1.165344,0.142183,1.103468,0.130623,0.000000,0.000000,0.141579,,-0.161664,0.000000,,,,0.122010,0.129495,1.500000,4.234792,52.308515,0.000000,circle,预设轨迹15,forward
1775478978.087571,4.804605,1775479021.961316|完整运动,完整运动,circle_orbit,1,1.000000,1.500000,1.500000,,,,,,,,,,,,,,,,1.164319,0.140577,1.102820,0.128525,0.000000,0.000000,0.138504,,-0.163530,0.000000,,,,0.120737,0.129381,1.500000,4.257491,52.285816,0.000000,circle,预设轨迹15,forward
1775478978.109025,4.826059,1775479021.961316|完整运动,完整运动,circle_orbit,1,1.000000,1.500000,1.500000,,,,,,,,,,,,,,,,1.163290,0.136851,1.101538,0.108909,0.000000,0.000000,0.132410,,-0.167228,0.000000,,,,0.117641,0.129267,1.500000,4.303021,52.240285,0.000000,circle,预设轨迹15,forward
1775478978.130909,4.847943,1775479021.961316|完整运动,完整运动,circle_orbit,1,1.000000,1.500000,1.500000,,,,,,,,,,,,,,,,1.162271,0.135355,1.101089,0.124137,0.000000,0.000000,0.129353,,-0.168934,0.000000,,,,0.116458,0.129153,1.500000,4.325960,52.217346,0.000000,circle,预设轨迹15,forward
1775478978.156471,4.873506,1775479021.961316|完整运动,完整运动,circle_orbit,1,1.000000,1.500000,1.500000,,,,,,,,,,,,,,,,1.161263,0.133867,1.100814,0.122702,0.000000,0.000000,0.126300,,-0.170504,0.000000,,,,0.115277,0.129041,1.500000,4.348938,52.194369,0.000000,circle,预设轨迹15,forward
1775478978.177826,4.894860,1775479021.961316|完整运动,完整运动,circle_orbit,1,1.000000,1.500000,1.500000,,,,,,,,,,,,,,,,1.160273,0.132252,1.100841,0.120144,0.000000,0.000000,0.123062,,-0.171922,0.000000,,,,0.113984,0.128931,1.500000,4.371980,52.171326,0.000000,circle,预设轨迹15,forward
1775478978.198887,4.915921,1775479021.961316|完整运动,完整运动,circle_orbit,1,1.000000,1.500000,1.500000,,,,,,,,,,,,,,,,1.159294,0.130653,1.100611,0.118660,0.000000,0.000000,0.119831,,-0.173537,0.000000,,,,0.112701,0.128823,1.500000,4.395014,52.148293,0.000000,circle,预设轨迹15,forward
1775478978.231282,4.948316,1775479021.961316|完整运动,完整运动,circle_orbit,1,1.000000,1.500000,1.500000,,,,,,,,,,,,,,,,1.158325,0.126860,1.100175,0.098408,0.000000,0.000000,0.113474,,-0.176699,0.000000,,,,0.109520,0.128715,1.500000,4.441246,52.102061,0.000000,circle,预设轨迹15,forward
1775478978.261906,4.978940,1775479021.961316|完整运动,完整运动,circle_orbit,1,1.000000,1.500000,1.500000,,,,,,,,,,,,,,,,1.157375,0.125346,1.100367,0.113996,0.000000,0.000000,0.110224,,-0.177995,0.000000,,,,0.108302,0.128609,1.500000,4.464327,52.078980,0.000000,circle,预设轨迹15,forward
1775478978.286346,5.003380,1775479021.961316|完整运动,完整运动,circle_orbit,1,1.000000,1.500000,1.500000,,,,,,,,,,,,,,,,1.156442,0.121397,1.100466,0.091777,0.000000,0.000000,0.103515,,-0.180901,0.000000,,,,0.104974,0.128506,1.500000,4.510448,52.032858,0.000000,circle,预设轨迹15,forward
1775478978.306681,5.023715,1775479021.961316|完整运动,完整运动,circle_orbit,1,1.000000,1.500000,1.500000,,,,,,,,,,,,,,,,1.155523,0.119946,1.100369,0.109068,0.000000,0.000000,0.100219,,-0.182441,0.000000,,,,0.103803,0.128404,1.500000,4.533654,52.009652,0.000000,circle,预设轨迹15,forward
1775478978.332396,5.049430,1775479021.961316|完整运动,完整运动,circle_orbit,1,1.000000,1.500000,1.500000,,,,,,,,,,,,,,,,1.154619,0.120816,1.100369,0.127342,0.000000,0.000000,0.100219,,-0.182441,0.000000,,,,0.104638,0.128303,1.500000,4.533654,52.009652,0.000000,circle,预设轨迹15,forward
1775478978.365668,5.082702,1775479021.961316|完整运动,完整运动,circle_orbit,1,1.000000,1.500000,1.500000,,,,,,,,,,,,,,,,1.153737,0.116878,1.100852,0.087342,0.000000,0.000000,0.093405,,-0.185096,0.000000,,,,0.101304,0.128205,1.500000,4.579480,51.963827,0.000000,circle,预设轨迹15,forward
1775478978.387636,5.104670,1775479021.961316|完整运动,完整运动,circle_orbit,1,1.000000,1.500000,1.500000,,,,,,,,,,,,,,,,1.152874,0.112816,1.101062,0.082351,0.000000,0.000000,0.086405,,-0.188045,0.000000,,,,0.097857,0.128109,1.500000,4.624710,51.918596,0.000000,circle,预设轨迹15,forward
1775478978.411763,5.128797,1775479021.961316|完整运动,完整运动,circle_orbit,1,1.000000,1.500000,1.500000,,,,,,,,,,,,,,,,1.152032,0.111257,1.101497,0.099564,0.000000,0.000000,0.082819,,-0.189303,0.000000,,,,0.096575,0.128016,1.500000,4.647425,51.895881,0.000000,circle,预设轨迹15,forward
1775478978.438279,5.155313,1775479021.961316|完整运动,完整运动,circle_orbit,1,1.000000,1.500000,1.500000,,,,,,,,,,,,,,,,1.151213,0.109679,1.102080,0.097840,0.000000,0.000000,0.079205,,-0.190459,0.000000,,,,0.095272,0.127925,1.500000,4.670212,51.873095,0.000000,circle,预设轨迹15,forward
1775478978.459086,5.176120,1775479021.961316|完整运动,完整运动,circle_orbit,1,1.000000,1.500000,1.500000,,,,,,,,,,,,,,,,1.150413,0.108088,1.102421,0.096161,0.000000,0.000000,0.075571,,-0.191811,0.000000,,,,0.093956,0.127836,1.500000,4.692771,51.850536,0.000000,circle,预设轨迹15,forward
1775478978.484236,5.201270,1775479021.961316|完整运动,完整运动,circle_orbit,1,1.000000,1.500000,1.500000,,,,,,,,,,,,,,,,1.149633,0.106416,1.102831,0.093873,0.000000,0.000000,0.071815,,-0.193164,0.000000,,,,0.092565,0.127749,1.500000,4.715369,51.827938,0.000000,circle,预设轨迹15,forward
1775478978.512693,5.229727,1775479021.961316|完整运动,完整运动,circle_orbit,1,1.000000,1.500000,1.500000,,,,,,,,,,,,,,,,1.148870,0.102249,1.103099,0.070998,0.000000,0.000000,0.064512,,-0.196204,0.000000,,,,0.089000,0.127664,1.500000,4.760265,51.783041,0.000000,circle,预设轨迹15,forward
1775478978.544363,5.261397,1775479021.961316|完整运动,完整运动,circle_orbit,1,1.000000,1.500000,1.500000,,,,,,,,,,,,,,,,1.148122,0.100772,1.103220,0.089695,0.000000,0.000000,0.060885,,-0.197722,0.000000,,,,0.087771,0.127581,1.500000,4.782801,51.760505,0.000000,circle,预设轨迹15,forward
1775478978.567314,5.284348,1775479021.961316|完整运动,完整运动,circle_orbit,1,1.000000,1.500000,1.500000,,,,,,,,,,,,,,,,1.147384,0.099289,1.103137,0.088168,0.000000,0.000000,0.057258,,-0.199399,0.000000,,,,0.086535,0.127499,1.500000,4.805358,51.737949,0.000000,circle,预设轨迹15,forward
1775478978.588467,5.305501,1775479021.961316|完整运动,完整运动,circle_orbit,1,1.000000,1.500000,1.500000,,,,,,,,,,,,,,,,1.146672,0.097742,1.103943,0.086133,0.000000,0.000000,0.053540,,-0.200431,0.000000,,,,0.085239,0.127420,1.500000,4.828006,51.715301,0.000000,circle,预设轨迹15,forward
1775478978.621206,5.338240,1775479021.961316|完整运动,完整运动,circle_orbit,1,1.000000,1.500000,1.500000,,,,,,,,,,,,,,,,1.145996,0.093641,1.105424,0.062888,0.000000,0.000000,0.046197,,-0.202557,0.000000,,,,0.081712,0.127345,1.500000,4.873428,51.669879,0.000000,circle,预设轨迹15,forward
1775478978.653285,5.370319,1775479021.961316|完整运动,完整运动,circle_orbit,1,1.000000,1.500000,1.500000,,,,,,,,,,,,,,,,1.145386,0.089212,1.108775,0.055994,0.000000,0.000000,0.038246,,-0.203528,0.000000,,,,0.077888,0.127277,1.500000,4.919037,51.624270,0.000000,circle,预设轨迹15,forward
1775478978.679578,5.396612,1775479021.961316|完整运动,完整运动,circle_orbit,1,1.000000,1.500000,1.500000,,,,,,,,,,,,,,,,1.144802,0.087720,1.109772,0.076530,0.000000,0.000000,0.034315,,-0.204515,0.000000,,,,0.076625,0.127212,1.500000,4.941773,51.601534,0.000000,circle,预设轨迹15,forward
1775478978.700165,5.417199,1775479021.961316|完整运动,完整运动,circle_orbit,1,1.000000,1.500000,1.500000,,,,,,,,,,,,,,,,1.144278,0.083347,1.112820,0.050549,0.000000,0.000000,0.026304,,-0.205763,0.000000,,,,0.072838,0.127154,1.500000,4.987456,51.555851,0.000000,circle,预设轨迹15,forward
1775478978.723190,5.440224,1775479021.961316|完整运动,完整运动,circle_orbit,1,1.000000,1.500000,1.500000,,,,,,,,,,,,,,,,1.143784,0.081913,1.114195,0.071156,0.000000,0.000000,0.022321,,-0.206494,0.000000,,,,0.071616,0.127099,1.500000,5.010232,51.533074,0.000000,circle,预设轨迹15,forward
1775478978.756785,5.473819,1775479021.961316|完整运动,完整运动,circle_orbit,1,1.000000,1.500000,1.500000,,,,,,,,,,,,,,,,1.143330,0.080441,1.116040,0.069402,0.000000,0.000000,0.018302,,-0.206888,0.000000,,,,0.070357,0.127049,1.500000,5.032810,51.510496,0.000000,circle,预设轨迹15,forward
1775478978.778915,5.495949,1775479021.961316|完整运动,完整运动,circle_orbit,1,1.000000,1.500000,1.500000,,,,,,,,,,,,,,,,1.142925,0.078846,1.118648,0.066881,0.000000,0.000000,0.014116,,-0.206791,0.000000,,,,0.068986,0.127004,1.500000,5.055234,51.488073,0.000000,circle,预设轨迹15,forward
1775478978.799314,5.516349,1775479021.961316|完整运动,完整运动,circle_orbit,1,1.000000,1.500000,1.500000,,,,,,,,,,,,,,,,1.142610,0.074279,1.123702,0.040029,0.000000,0.000000,0.005709,,-0.206758,0.000000,,,,0.065008,0.126969,1.500000,5.099710,51.443597,0.000000,circle,预设轨迹15,forward
1775478978.828445,5.545479,1775479021.961316|完整运动,完整运动,circle_orbit,1,1.000000,1.500000,1.500000,,,,,,,,,,,,,,,,1.142300,0.074955,1.123702,0.080029,0.000000,0.000000,0.005709,,-0.206758,0.000000,,,,0.065618,0.126934,1.500000,5.099710,51.443597,0.000000,circle,预设轨迹15,forward
1775478978.851727,5.568761,1775479021.961316|完整运动,完整运动,circle_orbit,1,1.000000,1.500000,1.500000,,,,,,,,,,,,,,,,1.142021,0.070846,1.125277,0.040029,0.000000,0.000000,-0.002747,,-0.206907,0.000000,,,,0.062036,0.126903,1.500000,5.144837,51.398469,0.000000,circle,预设轨迹15,forward
1775478978.872268,5.589302,1775479021.961316|完整运动,完整运动,circle_orbit,1,1.000000,1.500000,1.500000,,,,,,,,,,,,,,,,1.141695,0.069340,1.122175,0.058041,0.000000,0.000000,-0.007011,,-0.207315,0.000000,,,,0.060734,0.126867,1.500000,5.167357,51.375950,0.000000,circle,预设轨迹15,forward
1775478978.896355,5.613389,1775479021.961316|完整运动,完整运动,circle_orbit,1,1.000000,1.500000,1.500000,,,,,,,,,,,,,,,,1.141321,0.067815,1.118870,0.056382,0.000000,0.000000,-0.011287,,-0.207882,0.000000,,,,0.059418,0.126825,1.500000,5.189836,51.353470,0.000000,circle,预设轨迹15,forward
1775478978.926593,5.643627,1775479021.961316|完整运动,完整运动,circle_orbit,1,1.000000,1.500000,1.500000,,,,,,,,,,,,,,,,1.140901,0.066382,1.115670,0.055629,0.000000,0.000000,-0.015424,,-0.208446,0.000000,,,,0.058184,0.126779,1.500000,5.212208,51.331099,0.000000,circle,预设轨迹15,forward
1775478978.962227,5.679261,1775479021.961316|完整运动,完整运动,circle_orbit,1,1.000000,1.500000,1.500000,,,,,,,,,,,,,,,,1.140411,0.062075,1.111055,0.029773,0.000000,0.000000,-0.023634,,-0.208288,0.000000,,,,0.054432,0.126724,1.500000,5.257124,51.286183,0.000000,circle,预设轨迹15,forward
1775478978.992153,5.709187,1775479021.961316|完整运动,完整运动,circle_orbit,1,1.000000,1.500000,1.500000,,,,,,,,,,,,,,,,1.139892,0.060761,1.108742,0.050909,0.000000,0.000000,-0.027736,,-0.208224,0.000000,,,,0.053304,0.126667,1.500000,5.279706,51.263601,0.000000,circle,预设轨迹15,forward
1775478979.012805,5.729839,1775479021.961316|完整运动,完整运动,circle_orbit,1,1.000000,1.500000,1.500000,,,,,,,,,,,,,,,,1.139303,0.056613,1.103963,0.025499,0.000000,0.000000,-0.035844,,-0.208281,0.000000,,,,0.049691,0.126601,1.500000,5.324825,51.218481,0.000000,circle,预设轨迹15,forward
1775478979.033348,5.750382,1775479021.961316|完整运动,完整运动,circle_orbit,1,1.000000,1.500000,1.500000,,,,,,,,,,,,,,,,1.138688,0.055477,1.101765,0.046958,0.000000,0.000000,-0.039806,,-0.208215,0.000000,,,,0.048720,0.126533,1.500000,5.347411,51.195895,0.000000,circle,预设轨迹15,forward
1775478979.063081,5.780115,1775479021.961316|完整运动,完整运动,circle_orbit,1,1.000000,1.500000,1.500000,,,,,,,,,,,,,,,,1.138049,0.054290,1.099685,0.045384,0.000000,0.000000,-0.043806,,-0.208046,0.000000,,,,0.047704,0.126462,1.500000,5.370033,51.173273,0.000000,circle,预设轨迹15,forward
1775478979.099366,5.816401,1775479021.961316|完整运动,完整运动,circle_orbit,1,1.000000,1.500000,1.500000,,,,,,,,,,,,,,,,1.137363,0.049942,1.096209,0.017336,0.000000,0.000000,-0.052272,,-0.206986,0.000000,,,,0.043910,0.126386,1.500000,5.415471,51.127835,0.000000,circle,预设轨迹15,forward
1775478979.121911,5.838945,1775479021.961316|完整运动,完整运动,circle_orbit,1,1.000000,1.500000,1.500000,,,,,,,,,,,,,,,,1.136660,0.048541,1.094495,0.038033,0.000000,0.000000,-0.056698,,-0.206358,0.000000,,,,0.042705,0.126308,1.500000,5.438391,51.104915,0.000000,circle,预设轨迹15,forward
1775478979.142850,5.859884,1775479021.961316|完整运动,完整运动,circle_orbit,1,1.000000,1.500000,1.500000,,,,,,,,,,,,,,,,1.135883,0.044548,1.089248,0.014597,0.000000,0.000000,-0.064785,,-0.206889,0.000000,,,,0.039219,0.126221,1.500000,5.484179,51.059127,0.000000,circle,预设轨迹15,forward
1775478979.173713,5.890748,1775479021.961316|完整运动,完整运动,circle_orbit,1,1.000000,1.500000,1.500000,,,,,,,,,,,,,,,,1.135091,0.043671,1.087586,0.037098,0.000000,0.000000,-0.068565,,-0.206524,0.000000,,,,0.038474,0.126133,1.500000,5.506745,51.036561,0.000000,circle,预设轨迹15,forward
1775478979.207178,5.924212,1775479021.961316|完整运动,完整运动,circle_orbit,1,1.000000,1.500000,1.500000,,,,,,,,,,,,,,,,1.134261,0.039851,1.084473,0.011197,0.000000,0.000000,-0.076481,,-0.205480,0.000000,,,,0.035134,0.126041,1.500000,5.551638,50.991668,0.000000,circle,预设轨迹15,forward
1775478979.237973,5.955008,1775479021.961316|完整运动,完整运动,circle_orbit,1,1.000000,1.500000,1.500000,,,,,,,,,,,,,,,,1.133418,0.038917,1.082811,0.031912,0.000000,0.000000,-0.080408,,-0.205062,0.000000,,,,0.034336,0.125947,1.500000,5.574125,50.969182,0.000000,circle,预设轨迹15,forward
1775478979.271264,5.988298,1775479021.961316|完整运动,完整运动,circle_orbit,1,1.000000,1.500000,1.500000,,,,,,,,,,,,,,,,1.132552,0.037697,1.080635,0.028550,0.000000,0.000000,-0.084692,,-0.204901,0.000000,,,,0.033285,0.125851,1.500000,5.596743,50.946564,0.000000,circle,预设轨迹15,forward
1775478979.292836,6.009871,1775479021.961316|完整运动,完整运动,circle_orbit,1,1.000000,1.500000,1.500000,,,,,,,,,,,,,,,,1.131640,0.033874,1.076918,0.005204,0.000000,0.000000,-0.092647,,-0.204360,0.000000,,,,0.029934,0.125750,1.500000,5.641909,50.901398,0.000000,circle,预设轨迹15,forward
1775478979.314269,6.031303,1775479021.961316|完整运动,完整运动,circle_orbit,1,1.000000,1.500000,1.500000,,,,,,,,,,,,,,,,1.130718,0.032982,1.075405,0.026290,0.000000,0.000000,-0.096554,,-0.203848,0.000000,,,,0.029169,0.125647,1.500000,5.664316,50.878991,0.000000,circle,预设轨迹15,forward
1775478979.347637,6.064671,1775479021.961316|完整运动,完整运动,circle_orbit,1,1.000000,1.500000,1.500000,,,,,,,,,,,,,,,,1.129782,0.032062,1.073622,0.025161,0.000000,0.000000,-0.100452,,-0.203562,0.000000,,,,0.028379,0.125543,1.500000,5.686653,50.856653,0.000000,circle,预设轨迹15,forward
1775478979.372350,6.089384,1775479021.961316|完整运动,完整运动,circle_orbit,1,1.000000,1.500000,1.500000,,,,,,,,,,,,,,,,1.128791,0.028758,1.069286,0.003981,0.000000,0.000000,-0.107691,,-0.203886,0.000000,,,,0.025477,0.125433,1.500000,5.731085,50.812221,0.000000,circle,预设轨迹15,forward
1775478979.393210,6.110245,1775479021.961316|完整运动,完整运动,circle_orbit,1,1.000000,1.500000,1.500000,,,,,,,,,,,,,,,,1.127786,0.028139,1.067511,0.023493,0.000000,0.000000,-0.111206,,-0.203781,0.000000,,,,0.024951,0.125321,1.500000,5.753236,50.790071,0.000000,circle,预设轨迹15,forward
1775478979.429546,6.146580,1775479021.961316|完整运动,完整运动,circle_orbit,1,1.000000,1.500000,1.500000,,,,,,,,,,,,,,,,1.126776,0.027403,1.066195,0.021885,0.000000,0.000000,-0.114827,,-0.203256,0.000000,,,,0.024320,0.125209,1.500000,5.775404,50.767903,0.000000,circle,预设轨迹15,forward
1775478979.465376,6.182410,1775479021.961316|完整运动,完整运动,circle_orbit,1,1.000000,1.500000,1.500000,,,,,,,,,,,,,,,,1.125738,0.023719,1.063456,-0.003912,0.000000,0.000000,-0.122593,,-0.202069,0.000000,,,,0.021070,0.125094,1.500000,5.819505,50.723802,0.000000,circle,预设轨迹15,forward
1775478979.497116,6.214150,1775479021.961316|完整运动,完整运动,circle_orbit,1,1.000000,1.500000,1.500000,,,,,,,,,,,,,,,,1.124682,0.019648,1.061280,-0.010885,0.000000,0.000000,-0.131029,,-0.200127,0.000000,,,,0.017470,0.124976,1.500000,5.863355,50.679951,0.000000,circle,预设轨迹15,forward
1775478979.517669,6.234704,1775479021.961316|完整运动,完整运动,circle_orbit,1,1.000000,1.500000,1.500000,,,,,,,,,,,,,,,,1.123624,0.018512,1.060165,0.009991,0.000000,0.000000,-0.135428,,-0.199101,0.000000,,,,0.016475,0.124859,1.500000,5.885346,50.657961,0.000000,circle,预设轨迹15,forward
1775478979.538359,6.255393,1775479021.961316|完整运动,完整运动,circle_orbit,1,1.000000,1.500000,1.500000,,,,,,,,,,,,,,,,1.122563,0.017332,1.058903,0.008482,0.000000,0.000000,-0.139856,,-0.198186,0.000000,,,,0.015439,0.124741,1.500000,5.907653,50.635654,0.000000,circle,预设轨迹15,forward
1775478979.565781,6.282815,1775479021.961316|完整运动,完整运动,circle_orbit,1,1.000000,1.500000,1.500000,,,,,,,,,,,,,,,,1.121476,0.013275,1.056266,-0.017149,0.000000,0.000000,-0.148347,,-0.196622,0.000000,,,,0.011837,0.124620,1.500000,5.952968,50.590338,0.000000,circle,预设轨迹15,forward
1775478979.601880,6.318914,1775479021.961316|完整运动,完整运动,circle_orbit,1,1.000000,1.500000,1.500000,,,,,,,,,,,,,,,,1.120394,0.012447,1.055460,0.006233,0.000000,0.000000,-0.152383,,-0.195506,0.000000,,,,0.011109,0.124500,1.500000,5.975431,50.567876,0.000000,circle,预设轨迹15,forward
1775478979.624843,6.341877,1775479021.961316|完整运动,完整运动,circle_orbit,1,1.000000,1.500000,1.500000,,,,,,,,,,,,,,,,1.119323,0.011583,1.055056,0.005102,0.000000,0.000000,-0.156423,,-0.194051,0.000000,,,,0.010348,0.124381,1.500000,5.997670,50.545637,0.000000,circle,预设轨迹15,forward
1775478979.645250,6.362284,1775479021.961316|完整运动,完整运动,circle_orbit,1,1.000000,1.500000,1.500000,,,,,,,,,,,,,,,,1.118257,0.007686,1.054302,-0.021536,0.000000,0.000000,-0.164737,,-0.190991,0.000000,,,,0.006873,0.124263,1.500000,6.041804,50.501502,0.000000,circle,预设轨迹15,forward
1775478979.673225,6.390259,1775479021.961316|完整运动,完整运动,circle_orbit,1,1.000000,1.500000,1.500000,,,,,,,,,,,,,,,,1.117210,0.006825,1.054425,0.000365,0.000000,0.000000,-0.168866,,-0.189051,0.000000,,,,0.006109,0.124146,1.500000,6.064282,50.479024,0.000000,circle,预设轨迹15,forward
1775478979.694934,6.411968,1775479021.961316|完整运动,完整运动,circle_orbit,1,1.000000,1.500000,1.500000,,,,,,,,,,,,,,,,1.116181,0.005911,1.054383,-0.000942,0.000000,0.000000,-0.173028,,-0.187237,0.000000,,,,0.005296,0.124032,1.500000,6.087039,50.456267,0.000000,circle,预设轨迹15,forward
1775478979.715297,6.432331,1775479021.961316|完整运动,完整运动,circle_orbit,1,1.000000,1.500000,1.500000,,,,,,,,,,,,,,,,1.115157,0.004993,1.053763,-0.001891,0.000000,0.000000,-0.177159,,-0.185924,0.000000,,,,0.004478,0.123918,1.500000,6.109702,50.433605,0.000000,circle,预设轨迹15,forward
1775478979.745534,6.462568,1775479021.961316|完整运动,完整运动,circle_orbit,1,1.000000,1.500000,1.500000,,,,,,,,,,,,,,,,1.114139,0.004076,1.053016,-0.002804,0.000000,0.000000,-0.181255,,-0.184734,0.000000,,,,0.003658,0.123805,1.500000,6.132240,50.411067,0.000000,circle,预设轨迹15,forward
1775478979.766260,6.483294,1775479021.961316|完整运动,完整运动,circle_orbit,1,1.000000,1.500000,1.500000,,,,,,,,,,,,,,,,1.113136,0.003149,1.052953,-0.003802,0.000000,0.000000,-0.185337,,-0.182974,0.000000,,,,0.002829,0.123693,1.500000,6.154746,50.388561,0.000000,circle,预设轨迹15,forward
1775478979.786844,6.503878,1775479021.961316|完整运动,完整运动,circle_orbit,1,1.000000,1.500000,1.500000,,,,,,,,,,,,,,,,1.112163,-0.000683,1.053815,-0.029427,0.000000,0.000000,-0.193531,,-0.178603,0.000000,,,,0.000614,0.123585,1.500000,6.200329,50.342978,0.000000,circle,预设轨迹15,forward
1775478979.824351,6.541385,1775479021.961316|完整运动,完整运动,circle_orbit,1,1.000000,1.500000,1.500000,,,,,,,,,,,,,,,,1.111206,-0.001476,1.053810,-0.007418,0.000000,0.000000,-0.197540,,-0.176825,0.000000,,,,0.001328,0.123479,1.500000,6.223433,50.319874,0.000000,circle,预设轨迹15,forward
1775478979.851513,6.568547,1775479021.961316|完整运动,完整运动,circle_orbit,1,1.000000,1.500000,1.500000,,,,,,,,,,,,,,,,1.110268,-0.004973,1.053981,-0.031206,0.000000,0.000000,-0.205362,,-0.173204,0.000000,,,,0.004479,0.123375,1.500000,6.269115,50.274192,0.000000,circle,预设轨迹15,forward
1775478979.872539,6.589573,1775479021.961316|完整运动,完整运动,circle_orbit,1,1.000000,1.500000,1.500000,,,,,,,,,,,,,,,,1.109349,-0.005617,1.054161,-0.010447,0.000000,0.000000,-0.209243,,-0.171327,0.000000,,,,0.005064,0.123273,1.500000,6.292086,50.251220,0.000000,circle,预设轨迹15,forward
1775478979.894870,6.611904,1775479021.961316|完整运动,完整运动,circle_orbit,1,1.000000,1.500000,1.500000,,,,,,,,,,,,,,,,1.108449,-0.006282,1.054462,-0.011268,0.000000,0.000000,-0.213107,,-0.169356,0.000000,,,,0.005667,0.123173,1.500000,6.315020,50.228286,0.000000,circle,预设轨迹15,forward
1775478979.924294,6.641328,1775479021.961316|完整运动,完整运动,circle_orbit,1,1.000000,1.500000,1.500000,,,,,,,,,,,,,,,,1.107574,-0.006979,1.055094,-0.012207,0.000000,0.000000,-0.216978,,-0.167103,0.000000,,,,0.006301,0.123075,1.500000,6.338087,50.205220,0.000000,circle,预设轨迹15,forward
1775478979.954476,6.671510,1775479021.961316|完整运动,完整运动,circle_orbit,1,1.000000,1.500000,1.500000,,,,,,,,,,,,,,,,1.106720,-0.010248,1.055483,-0.034765,0.000000,0.000000,-0.224473,,-0.163443,0.000000,,,,0.009260,0.122981,1.500000,6.383981,50.159325,0.000000,circle,预设轨迹15,forward
1775478979.994198,6.711232,1775479021.961316|完整运动,完整运动,circle_orbit,1,1.000000,1.500000,1.500000,,,,,,,,,,,,,,,,1.105885,-0.010724,1.055766,-0.014291,0.000000,0.000000,-0.228105,,-0.161592,0.000000,,,,0.009697,0.122888,1.500000,6.406820,50.136487,0.000000,circle,预设轨迹15,forward
1775478980.022922,6.739956,1775479021.961316|完整运动,完整运动,circle_orbit,1,1.000000,1.500000,1.500000,,,,,,,,,,,,,,,,1.105077,-0.013317,1.056614,-0.032764,0.000000,0.000000,-0.234702,,-0.157947,0.000000,,,,0.012050,0.122798,1.500000,6.452629,50.090678,0.000000,circle,预设轨迹15,forward
1775478980.043945,6.760979,1775479021.961316|完整运动,完整运动,circle_orbit,1,1.000000,1.500000,1.500000,,,,,,,,,,,,,,,,1.104308,-0.015307,1.058142,-0.030237,0.000000,0.000000,-0.240518,,-0.154080,0.000000,,,,0.013861,0.122712,1.500000,6.498610,50.044697,0.000000,circle,预设轨迹15,forward
1775478980.064664,6.781698,1775479021.961316|完整运动,完整运动,circle_orbit,1,1.000000,1.500000,1.500000,,,,,,,,,,,,,,,,1.103566,-0.015113,1.059085,-0.013658,0.000000,0.000000,-0.243264,,-0.152071,0.000000,,,,0.013695,0.122630,1.500000,6.521275,50.022032,0.000000,circle,预设轨迹15,forward
1775478980.086255,6.803289,1775479021.961316|完整运动,完整运动,circle_orbit,1,1.000000,1.500000,1.500000,,,,,,,,,,,,,,,,1.102860,-0.015012,1.060480,-0.014250,0.000000,0.000000,-0.246057,,-0.149665,0.000000,,,,0.013612,0.122552,1.500000,6.543885,49.999421,0.000000,circle,预设轨迹15,forward
1775478980.108702,6.825736,1775479021.961316|完整运动,完整运动,circle_orbit,1,1.000000,1.500000,1.500000,,,,,,,,,,,,,,,,1.102176,-0.014902,1.061162,-0.014078,0.000000,0.000000,-0.248764,,-0.147893,0.000000,,,,0.013520,0.122476,1.500000,6.566494,49.976813,0.000000,circle,预设轨迹15,forward
1775478980.134745,6.851779,1775479021.961316|完整运动,完整运动,circle_orbit,1,1.000000,1.500000,1.500000,,,,,,,,,,,,,,,,1.101524,-0.014883,1.062407,-0.014744,0.000000,0.000000,-0.251531,,-0.145628,0.000000,,,,0.013511,0.122403,1.500000,6.589441,49.953866,0.000000,circle,预设轨迹15,forward
1775478980.165455,6.882489,1775479021.961316|完整运动,完整运动,circle_orbit,1,1.000000,1.500000,1.500000,,,,,,,,,,,,,,,,1.100898,-0.014758,1.063314,-0.013819,0.000000,0.000000,-0.254087,,-0.143739,0.000000,,,,0.013405,0.122334,1.500000,6.612466,49.930841,0.000000,circle,预设轨迹15,forward
1775478980.189038,6.906072,1775479021.961316|完整运动,完整运动,circle_orbit,1,1.000000,1.500000,1.500000,,,,,,,,,,,,,,,,1.100315,-0.016358,1.065302,-0.028356,0.000000,0.000000,-0.259040,,-0.139892,0.000000,,,,0.014866,0.122269,1.500000,6.658093,49.885213,0.000000,circle,预设轨迹15,forward
1775478980.209418,6.926452,1775479021.961316|完整运动,完整运动,circle_orbit,1,1.000000,1.500000,1.500000,,,,,,,,,,,,,,,,1.099761,-0.016040,1.066520,-0.013659,0.000000,0.000000,-0.261303,,-0.137881,0.000000,,,,0.014585,0.122207,1.500000,6.680693,49.862614,0.000000,circle,预设轨迹15,forward
1775478980.238878,6.955913,1775479021.961316|完整运动,完整运动,circle_orbit,1,1.000000,1.500000,1.500000,,,,,,,,,,,,,,,,1.099216,-0.014184,1.066520,-0.000259,0.000000,0.000000,-0.261303,,-0.137881,0.000000,,,,0.012904,0.122147,1.500000,6.680693,49.862614,0.000000,circle,预设轨迹15,forward
1775478980.268293,6.985327,1775479021.961316|完整运动,完整运动,circle_orbit,1,1.000000,1.500000,1.500000,,,,,,,,,,,,,,,,1.098735,-0.015701,1.069907,-0.027079,0.000000,0.000000,-0.265960,,-0.133029,0.000000,,,,0.014290,0.122093,1.500000,6.726351,49.816955,0.000000,circle,预设轨迹15,forward
1775478980.304360,7.021394,1775479021.961316|完整运动,完整运动,circle_orbit,1,1.000000,1.500000,1.500000,,,,,,,,,,,,,,,,1.098307,-0.017182,1.072623,-0.028287,0.000000,0.000000,-0.270617,,-0.128739,0.000000,,,,0.015644,0.122046,1.500000,6.771542,49.771765,0.000000,circle,预设轨迹15,forward
1775478980.330415,7.047449,1775479021.961316|完整运动,完整运动,circle_orbit,1,1.000000,1.500000,1.500000,,,,,,,,,,,,,,,,1.097934,-0.018663,1.075547,-0.029770,0.000000,0.000000,-0.275323,,-0.124272,0.000000,,,,0.016998,0.122004,1.500000,6.816249,49.727057,0.000000,circle,预设轨迹15,forward
1775478980.362939,7.079973,1775479021.961316|完整运动,完整运动,circle_orbit,1,1.000000,1.500000,1.500000,,,,,,,,,,,,,,,,1.097589,-0.018393,1.076867,-0.016367,0.000000,0.000000,-0.277577,,-0.122202,0.000000,,,,0.016757,0.121966,1.500000,6.838803,49.704503,0.000000,circle,预设轨迹15,forward
1775478980.396204,7.113238,1775479021.961316|完整运动,完整运动,circle_orbit,1,1.000000,1.500000,1.500000,,,,,,,,,,,,,,,,1.097299,-0.019534,1.079945,-0.028095,0.000000,0.000000,-0.281786,,-0.117850,0.000000,,,,0.017802,0.121934,1.500000,6.884341,49.658966,0.000000,circle,预设轨迹15,forward
1775478980.417037,7.134071,1775479021.961316|完整运动,完整运动,circle_orbit,1,1.000000,1.500000,1.500000,,,,,,,,,,,,,,,,1.097040,-0.019090,1.081479,-0.015757,0.000000,0.000000,-0.283763,,-0.115740,0.000000,,,,0.017401,0.121905,1.500000,6.907283,49.636024,0.000000,circle,预设轨迹15,forward
1775478980.440029,7.157063,1775479021.961316|完整运动,完整运动,circle_orbit,1,1.000000,1.500000,1.500000,,,,,,,,,,,,,,,,1.096809,-0.018685,1.082925,-0.015648,0.000000,0.000000,-0.285729,,-0.113708,0.000000,,,,0.017036,0.121879,1.500000,6.930256,49.613051,0.000000,circle,预设轨迹15,forward
1775478980.473587,7.190621,1775479021.961316|完整运动,完整运动,circle_orbit,1,1.000000,1.500000,1.500000,,,,,,,,,,,,,,,,1.096644,-0.019429,1.086760,-0.025012,0.000000,0.000000,-0.289280,,-0.109075,0.000000,,,,0.017717,0.121861,1.500000,6.976680,49.566627,0.000000,circle,预设轨迹15,forward
1775478980.504439,7.221473,1775479021.961316|完整运动,完整运动,circle_orbit,1,1.000000,1.500000,1.500000,,,,,,,,,,,,,,,,1.096519,-0.018757,1.089014,-0.013719,0.000000,0.000000,-0.290825,,-0.106603,0.000000,,,,0.017106,0.121847,1.500000,6.999965,49.543341,0.000000,circle,预设轨迹15,forward
1775478980.541245,7.258280,1775479021.961316|完整运动,完整运动,circle_orbit,1,1.000000,1.500000,1.500000,,,,,,,,,,,,,,,,1.096476,-0.019259,1.093928,-0.023018,0.000000,0.000000,-0.293979,,-0.101333,0.000000,,,,0.017564,0.121842,1.500000,7.045604,49.497703,0.000000,circle,预设轨迹15,forward
1775478980.569628,7.286663,1775479021.961316|完整运动,完整运动,circle_orbit,1,1.000000,1.500000,1.500000,,,,,,,,,,,,,,,,1.096480,-0.018778,1.096725,-0.015178,0.000000,0.000000,-0.295740,,-0.098365,0.000000,,,,0.017126,0.121843,1.500000,7.068164,49.475142,0.000000,circle,预设轨迹15,forward
1775478980.597378,7.314412,1775479021.961316|完整运动,完整运动,circle_orbit,1,1.000000,1.500000,1.500000,,,,,,,,,,,,,,,,1.096565,-0.019386,1.101658,-0.023943,0.000000,0.000000,-0.299003,,-0.093087,0.000000,,,,0.017679,0.121852,1.500000,7.113865,49.429442,0.000000,circle,预设轨迹15,forward
1775478980.617761,7.334795,1775479021.961316|完整运动,完整运动,circle_orbit,1,1.000000,1.500000,1.500000,,,,,,,,,,,,,,,,1.096697,-0.018771,1.104579,-0.014157,0.000000,0.000000,-0.300538,,-0.090155,0.000000,,,,0.017116,0.121867,1.500000,7.136858,49.406449,0.000000,circle,预设轨迹15,forward
1775478980.639507,7.356541,1775479021.961316|完整运动,完整运动,circle_orbit,1,1.000000,1.500000,1.500000,,,,,,,,,,,,,,,,1.096869,-0.018319,1.107239,-0.014935,0.000000,0.000000,-0.302248,,-0.087355,0.000000,,,,0.016702,0.121886,1.500000,7.159803,49.383503,0.000000,circle,预设轨迹15,forward
1775478980.667931,7.384965,1775479021.961316|完整运动,完整运动,circle_orbit,1,1.000000,1.500000,1.500000,,,,,,,,,,,,,,,,1.097118,-0.018940,1.112040,-0.023598,0.000000,0.000000,-0.305447,,-0.082278,0.000000,,,,0.017264,0.121914,1.500000,7.205593,49.337714,0.000000,circle,预设轨迹15,forward
1775478980.701688,7.418722,1775479021.961316|完整运动,完整运动,circle_orbit,1,1.000000,1.500000,1.500000,,,,,,,,,,,,,,,,1.097415,-0.018275,1.115209,-0.013282,0.000000,0.000000,-0.306833,,-0.079266,0.000000,,,,0.016653,0.121947,1.500000,7.228809,49.314498,0.000000,circle,预设轨迹15,forward
1775478980.730547,7.447581,1775479021.961316|完整运动,完整运动,circle_orbit,1,1.000000,1.500000,1.500000,,,,,,,,,,,,,,,,1.097763,-0.017549,1.118657,-0.012108,0.000000,0.000000,-0.308082,,-0.076120,0.000000,,,,0.015986,0.121985,1.500000,7.252269,49.291038,0.000000,circle,预设轨迹15,forward
1775478980.767230,7.484264,1775479021.961316|完整运动,完整运动,circle_orbit,1,1.000000,1.500000,1.500000,,,,,,,,,,,,,,,,1.098201,-0.017334,1.124502,-0.015717,0.000000,0.000000,-0.310010,,-0.070907,0.000000,,,,0.015784,0.122034,1.500000,7.298848,49.244459,0.000000,circle,预设轨迹15,forward
1775478980.793669,7.510703,1775479021.961316|完整运动,完整运动,circle_orbit,1,1.000000,1.500000,1.500000,,,,,,,,,,,,,,,,1.098732,-0.016834,1.130575,-0.013083,0.000000,0.000000,-0.311520,,-0.065757,0.000000,,,,0.015321,0.122093,1.500000,7.344897,49.198410,0.000000,circle,预设轨迹15,forward
1775478980.818014,7.535048,1775479021.961316|完整运动,完整运动,circle_orbit,1,1.000000,1.500000,1.500000,,,,,,,,,,,,,,,,1.099311,-0.015924,1.134059,-0.009103,0.000000,0.000000,-0.312411,,-0.062814,0.000000,,,,0.014486,0.122157,1.500000,7.367989,49.175318,0.000000,circle,预设轨迹15,forward
1775478980.839442,7.556476,1775479021.961316|完整运动,完整运动,circle_orbit,1,1.000000,1.500000,1.500000,,,,,,,,,,,,,,,,1.099939,-0.015167,1.137604,-0.009490,0.000000,0.000000,-0.313462,,-0.059771,0.000000,,,,0.013789,0.122227,1.500000,7.391197,49.152110,0.000000,circle,预设轨迹15,forward
1775478980.867161,7.584195,1775479021.961316|完整运动,完整运动,circle_orbit,1,1.000000,1.500000,1.500000,,,,,,,,,,,,,,,,1.100655,-0.015038,1.143628,-0.014067,0.000000,0.000000,-0.315368,,-0.054583,0.000000,,,,0.013663,0.122307,1.500000,7.437559,49.105747,0.000000,circle,预设轨迹15,forward
1775478980.894531,7.611565,1775479021.961316|完整运动,完整运动,circle_orbit,1,1.000000,1.500000,1.500000,,,,,,,,,,,,,,,,1.101414,-0.014164,1.146933,-0.007607,0.000000,0.000000,-0.316205,,-0.051848,0.000000,,,,0.012859,0.122391,1.500000,7.460681,49.082625,0.000000,circle,预设轨迹15,forward
1775478980.924338,7.641372,1775479021.961316|完整运动,完整运动,circle_orbit,1,1.000000,1.500000,1.500000,,,,,,,,,,,,,,,,1.102207,-0.013130,1.149811,-0.005375,0.000000,0.000000,-0.316764,,-0.049554,0.000000,,,,0.011912,0.122479,1.500000,7.483767,49.059540,0.000000,circle,预设轨迹15,forward
1775478980.947156,7.664191,1775479021.961316|完整运动,完整运动,circle_orbit,1,1.000000,1.500000,1.500000,,,,,,,,,,,,,,,,1.103108,-0.012405,1.157165,-0.006969,0.000000,0.000000,-0.317718,,-0.043948,0.000000,,,,0.011245,0.122579,1.500000,7.530460,49.012847,0.000000,circle,预设轨迹15,forward
1775478980.972513,7.689547,1775479021.961316|完整运动,完整运动,circle_orbit,1,1.000000,1.500000,1.500000,,,,,,,,,,,,,,,,1.104056,-0.011338,1.160908,-0.003336,0.000000,0.000000,-0.318150,,-0.041144,0.000000,,,,0.010269,0.122684,1.500000,7.553794,48.989512,0.000000,circle,预设轨迹15,forward
1775478980.994016,7.711051,1775479021.961316|完整运动,完整运动,circle_orbit,1,1.000000,1.500000,1.500000,,,,,,,,,,,,,,,,1.105045,-0.010281,1.164431,-0.002352,0.000000,0.000000,-0.318543,,-0.038526,0.000000,,,,0.009303,0.122794,1.500000,7.576774,48.966533,0.000000,circle,预设轨迹15,forward
1775478981.015939,7.732974,1775479021.961316|完整运动,完整运动,circle_orbit,1,1.000000,1.500000,1.500000,,,,,,,,,,,,,,,,1.106090,-0.009264,1.168770,-0.001641,0.000000,0.000000,-0.318946,,-0.035358,0.000000,,,,0.008376,0.122911,1.500000,7.599722,48.943584,0.000000,circle,预设轨迹15,forward
1775478981.036369,7.753403,1775479021.961316|完整运动,完整运动,circle_orbit,1,1.000000,1.500000,1.500000,,,,,,,,,,,,,,,,1.107185,-0.008307,1.172866,-0.001125,0.000000,0.000000,-0.319389,,-0.032360,0.000000,,,,0.007503,0.123032,1.500000,7.622771,48.920536,0.000000,circle,预设轨迹15,forward
1775478981.066787,7.783821,1775479021.961316|完整运动,完整运动,circle_orbit,1,1.000000,1.500000,1.500000,,,,,,,,,,,,,,,,1.108326,-0.007315,1.176815,0.000125,0.000000,0.000000,-0.319744,,-0.029520,0.000000,,,,0.006600,0.123159,1.500000,7.646112,48.897195,0.000000,circle,预设轨迹15,forward
1775478981.098269,7.815303,1775479021.961316|完整运动,完整运动,circle_orbit,1,1.000000,1.500000,1.500000,,,,,,,,,,,,,,,,1.109580,-0.006475,1.184780,-0.000174,0.000000,0.000000,-0.320286,,-0.023923,0.000000,,,,0.005835,0.123298,1.500000,7.693108,48.850199,0.000000,circle,预设轨迹15,forward
1775478981.119751,7.836786,1775479021.961316|完整运动,完整运动,circle_orbit,1,1.000000,1.500000,1.500000,,,,,,,,,,,,,,,,1.110878,-0.005438,1.188806,0.002335,0.000000,0.000000,-0.320521,,-0.021139,0.000000,,,,0.004896,0.123443,1.500000,7.716506,48.826801,0.000000,circle,预设轨迹15,forward
1775478981.140126,7.857161,1775479021.961316|完整运动,完整运动,circle_orbit,1,1.000000,1.500000,1.500000,,,,,,,,,,,,,,,,1.112301,-0.004175,1.197654,0.005298,0.000000,0.000000,-0.320407,,-0.015364,0.000000,,,,0.003754,0.123601,1.500000,7.763094,48.780213,0.000000,circle,预设轨迹15,forward
1775478981.167674,7.884708,1775479021.961316|完整运动,完整运动,circle_orbit,1,1.000000,1.500000,1.500000,,,,,,,,,,,,,,,,1.113700,-0.003035,1.197654,0.005517,0.000000,0.000000,-0.320407,,-0.015364,0.000000,,,,0.002725,0.123756,1.500000,7.763094,48.780213,0.000000,circle,预设轨迹15,forward
1775478981.192041,7.909075,1775479021.961316|完整运动,完整运动,circle_orbit,1,1.000000,1.500000,1.500000,,,,,,,,,,,,,,,,1.115162,-0.001770,1.202871,0.007715,0.000000,0.000000,-0.320192,,-0.012064,0.000000,,,,0.001587,0.123919,1.500000,7.786477,48.756830,0.000000,circle,预设轨迹15,forward
1775478981.212648,7.929682,1775479021.961316|完整运动,完整运动,circle_orbit,1,1.000000,1.500000,1.500000,,,,,,,,,,,,,,,,1.116744,-0.000630,1.211687,0.007920,0.000000,0.000000,-0.320120,,-0.006426,0.000000,,,,0.000564,0.124094,1.500000,7.832944,48.710363,0.000000,circle,预设轨迹15,forward
1775478981.234242,7.951276,1775479021.961316|完整运动,完整运动,circle_orbit,1,1.000000,1.500000,1.500000,,,,,,,,,,,,,,,,1.118375,0.000331,1.216216,0.007537,0.000000,0.000000,-0.320268,,-0.003479,0.000000,,,,0.000296,0.124276,1.500000,7.856127,48.687180,0.000000,circle,预设轨迹15,forward
1775478981.257898,7.974932,1775479021.961316|完整运动,完整运动,circle_orbit,1,1.000000,1.500000,1.500000,,,,,,,,,,,,,,,,1.120050,0.001351,1.220558,0.009005,0.000000,0.000000,-0.320306,,-0.000720,0.000000,,,,0.001206,0.124462,1.500000,7.879334,48.663973,0.000000,circle,预设轨迹15,forward
1775478981.278961,7.995995,1775479021.961316|完整运动,完整运动,circle_orbit,1,1.000000,1.500000,1.500000,,,,,,,,,,,,,,,,1.121667,0.002385,1.218693,0.010135,0.000000,0.000000,-0.320297,,0.001899,0.000000,,,,0.002126,0.124642,1.500000,7.902493,48.640814,0.000000,circle,预设轨迹15,forward
1775478981.299716,8.016750,1775479021.961316|完整运动,完整运动,circle_orbit,1,1.000000,1.500000,1.500000,,,,,,,,,,,,,,,,1.123126,0.003646,1.210677,0.013110,0.000000,0.000000,-0.319945,,0.007149,0.000000,,,,0.003247,0.124804,1.500000,7.949248,48.594059,0.000000,circle,预设轨迹15,forward
1775478981.333952,8.050986,1775479021.961316|完整运动,完整运动,circle_orbit,1,1.000000,1.500000,1.500000,,,,,,,,,,,,,,,,1.124503,0.004845,1.207103,0.013836,0.000000,0.000000,-0.319640,,0.009577,0.000000,,,,0.004309,0.124957,1.500000,7.972815,48.570492,0.000000,circle,预设轨迹15,forward
1775478981.361572,8.078606,1775479021.961316|完整运动,完整运动,circle_orbit,1,1.000000,1.500000,1.500000,,,,,,,,,,,,,,,,1.125790,0.005983,1.202976,0.014520,0.000000,0.000000,-0.319385,,0.012355,0.000000,,,,0.005315,0.125100,1.500000,7.996493,48.546813,0.000000,circle,预设轨迹15,forward
1775478981.388927,8.105961,1775479021.961316|完整运动,完整运动,circle_orbit,1,1.000000,1.500000,1.500000,,,,,,,,,,,,,,,,1.126936,0.007698,1.195754,0.020558,0.000000,0.000000,-0.318289,,0.017549,0.000000,,,,0.006831,0.125227,1.500000,8.043835,48.499472,0.000000,circle,预设轨迹15,forward
1775478981.415764,8.132798,1775479021.961316|完整运动,完整运动,circle_orbit,1,1.000000,1.500000,1.500000,,,,,,,,,,,,,,,,1.128000,0.009081,1.191788,0.019456,0.000000,0.000000,-0.317601,,0.020464,0.000000,,,,0.008051,0.125345,1.500000,8.067237,48.476069,0.000000,circle,预设轨迹15,forward
1775478981.437825,8.154859,1775479021.961316|完整运动,完整运动,circle_orbit,1,1.000000,1.500000,1.500000,,,,,,,,,,,,,,,,1.128982,0.010345,1.187938,0.019824,0.000000,0.000000,-0.317040,,0.023263,0.000000,,,,0.009163,0.125454,1.500000,8.090437,48.452869,0.000000,circle,预设轨迹15,forward
1775478981.464462,8.181496,1775479021.961316|完整运动,完整运动,circle_orbit,1,1.000000,1.500000,1.500000,,,,,,,,,,,,,,,,1.129886,0.011586,1.184137,0.020895,0.000000,0.000000,-0.316475,,0.026047,0.000000,,,,0.010254,0.125555,1.500000,8.113663,48.429644,0.000000,circle,预设轨迹15,forward
1775478981.492233,8.209267,1775479021.961316|完整运动,完整运动,circle_orbit,1,1.000000,1.500000,1.500000,,,,,,,,,,,,,,,,1.130650,0.013265,1.176481,0.025860,0.000000,0.000000,-0.315266,,0.031736,0.000000,,,,0.011733,0.125640,1.500000,8.160510,48.382797,0.000000,circle,预设轨迹15,forward
1775478981.522898,8.239932,1775479021.961316|完整运动,完整运动,circle_orbit,1,1.000000,1.500000,1.500000,,,,,,,,,,,,,,,,1.131347,0.014633,1.173130,0.024893,0.000000,0.000000,-0.314442,,0.034379,0.000000,,,,0.012935,0.125717,1.500000,8.184371,48.358936,0.000000,circle,预设轨迹15,forward
1775478981.543588,8.260622,1775479021.961316|完整运动,完整运动,circle_orbit,1,1.000000,1.500000,1.500000,,,,,,,,,,,,,,,,1.131923,0.016732,1.166518,0.032473,0.000000,0.000000,-0.312550,,0.039750,0.000000,,,,0.014782,0.125781,1.500000,8.232071,48.311235,0.000000,circle,预设轨迹15,forward
1775478981.564901,8.281935,1775479021.961316|完整运动,完整运动,circle_orbit,1,1.000000,1.500000,1.500000,,,,,,,,,,,,,,,,1.132445,0.018228,1.163756,0.029447,0.000000,0.000000,-0.311436,,0.042152,0.000000,,,,0.016096,0.125839,1.500000,8.255806,48.287501,0.000000,circle,预设轨迹15,forward
1775478981.591375,8.308409,1775479021.961316|完整运动,完整运动,circle_orbit,1,1.000000,1.500000,1.500000,,,,,,,,,,,,,,,,1.132899,0.019740,1.160162,0.031082,0.000000,0.000000,-0.310258,,0.045171,0.000000,,,,0.017425,0.125890,1.500000,8.279635,48.263671,0.000000,circle,预设轨迹15,forward
1775478981.616941,8.333975,1775479021.961316|完整运动,完整运动,circle_orbit,1,1.000000,1.500000,1.500000,,,,,,,,,,,,,,,,1.133286,0.021204,1.156495,0.032178,0.000000,0.000000,-0.309108,,0.048244,0.000000,,,,0.018710,0.125933,1.500000,8.303656,48.239650,0.000000,circle,预设轨迹15,forward
1775478981.656529,8.373563,1775479021.961316|完整运动,完整运动,circle_orbit,1,1.000000,1.500000,1.500000,,,,,,,,,,,,,,,,1.133575,0.023593,1.150891,0.041513,0.000000,0.000000,-0.306613,,0.053301,0.000000,,,,0.020813,0.125965,1.500000,8.351546,48.191761,0.000000,circle,预设轨迹15,forward
1775478981.687763,8.404797,1775479021.961316|完整运动,完整运动,circle_orbit,1,1.000000,1.500000,1.500000,,,,,,,,,,,,,,,,1.133815,0.025191,1.148246,0.037173,0.000000,0.000000,-0.305153,,0.055826,0.000000,,,,0.022218,0.125991,1.500000,8.375217,48.168090,0.000000,circle,预设轨迹15,forward
1775478981.712848,8.429882,1775479021.961316|完整运动,完整运动,circle_orbit,1,1.000000,1.500000,1.500000,,,,,,,,,,,,,,,,1.134009,0.026821,1.145596,0.039045,0.000000,0.000000,-0.303604,,0.058403,0.000000,,,,0.023651,0.126013,1.500000,8.398788,48.144518,0.000000,circle,预设轨迹15,forward
1775478981.734768,8.451802,1775479021.961316|完整运动,完整运动,circle_orbit,1,1.000000,1.500000,1.500000,,,,,,,,,,,,,,,,1.134116,0.029570,1.140580,0.050194,0.000000,0.000000,-0.300430,,0.063413,0.000000,,,,0.026073,0.126025,1.500000,8.445816,48.097490,0.000000,circle,预设轨迹15,forward
1775478981.756370,8.473404,1775479021.961316|完整运动,完整运动,circle_orbit,1,1.000000,1.500000,1.500000,,,,,,,,,,,,,,,,1.134187,0.031163,1.138426,0.043109,0.000000,0.000000,-0.298794,,0.065695,0.000000,,,,0.027476,0.126033,1.500000,8.469510,48.073797,0.000000,circle,预设轨迹15,forward
1775478981.784017,8.501051,1775479021.961316|完整运动,完整运动,circle_orbit,1,1.000000,1.500000,1.500000,,,,,,,,,,,,,,,,1.134225,0.032794,1.136508,0.045026,0.000000,0.000000,-0.297065,,0.067854,0.000000,,,,0.028913,0.126037,1.500000,8.493321,48.049986,0.000000,circle,预设轨迹15,forward
1775478981.813571,8.530605,1775479021.961316|完整运动,完整运动,circle_orbit,1,1.000000,1.500000,1.500000,,,,,,,,,,,,,,,,1.134207,0.035884,1.133142,0.059055,0.000000,0.000000,-0.293232,,0.072008,0.000000,,,,0.031638,0.126035,1.500000,8.540963,48.002344,0.000000,circle,预设轨迹15,forward
1775478981.841850,8.558884,1775479021.961316|完整运动,完整运动,circle_orbit,1,1.000000,1.500000,1.500000,,,,,,,,,,,,,,,,1.134163,0.037710,1.131513,0.051409,0.000000,0.000000,-0.291074,,0.074159,0.000000,,,,0.033249,0.126030,1.500000,8.564919,47.978388,0.000000,circle,预设轨迹15,forward
1775478981.874568,8.591603,1775479021.961316|完整运动,完整运动,circle_orbit,1,1.000000,1.500000,1.500000,,,,,,,,,,,,,,,,1.134087,0.039523,1.129514,0.053117,0.000000,0.000000,-0.288890,,0.076595,0.000000,,,,0.034850,0.126022,1.500000,8.588935,47.954372,0.000000,circle,预设轨迹15,forward
1775478981.905006,8.622040,1775479021.961316|完整运动,完整运动,circle_orbit,1,1.000000,1.500000,1.500000,,,,,,,,,,,,,,,,1.133952,0.042738,1.125840,0.066853,0.000000,0.000000,-0.284679,,0.081176,0.000000,,,,0.037690,0.126007,1.500000,8.636422,47.906885,0.000000,circle,预设轨迹15,forward
1775478981.936196,8.653230,1775479021.961316|完整运动,完整运动,circle_orbit,1,1.000000,1.500000,1.500000,,,,,,,,,,,,,,,,1.133744,0.045787,1.121258,0.068652,0.000000,0.000000,-0.280597,,0.086393,0.000000,,,,0.040385,0.125983,1.500000,8.683520,47.859787,0.000000,circle,预设轨迹15,forward
1775478981.965339,8.682373,1775479021.961316|完整运动,完整运动,circle_orbit,1,1.000000,1.500000,1.500000,,,,,,,,,,,,,,,,1.133513,0.047447,1.119669,0.059902,0.000000,0.000000,-0.278381,,0.088564,0.000000,,,,0.041859,0.125958,1.500000,8.707416,47.835891,0.000000,circle,预设轨迹15,forward
1775478981.992653,8.709687,1775479021.961316|完整运动,完整运动,circle_orbit,1,1.000000,1.500000,1.500000,,,,,,,,,,,,,,,,1.133233,0.050863,1.116461,0.076483,0.000000,0.000000,-0.273653,,0.093072,0.000000,,,,0.044883,0.125927,1.500000,8.755081,47.788226,0.000000,circle,预设轨迹15,forward
1775478982.025638,8.742672,1775479021.961316|完整运动,完整运动,circle_orbit,1,1.000000,1.500000,1.500000,,,,,,,,,,,,,,,,1.132947,0.052667,1.115767,0.066196,0.000000,0.000000,-0.271090,,0.094733,0.000000,,,,0.046487,0.125895,1.500000,8.778605,47.764702,0.000000,circle,预设轨迹15,forward
1775478982.060516,8.777550,1775479021.961316|完整运动,完整运动,circle_orbit,1,1.000000,1.500000,1.500000,,,,,,,,,,,,,,,,1.132620,0.056477,1.112991,0.085049,0.000000,0.000000,-0.265657,,0.099244,0.000000,,,,0.049864,0.125859,1.500000,8.825590,47.717716,0.000000,circle,预设轨迹15,forward
1775478982.089486,8.806520,1775479021.961316|完整运动,完整运动,circle_orbit,1,1.000000,1.500000,1.500000,,,,,,,,,,,,,,,,1.132250,0.060377,1.110088,0.089629,0.000000,0.000000,-0.259965,,0.103976,0.000000,,,,0.053325,0.125818,1.500000,8.872850,47.670457,0.000000,circle,预设轨迹15,forward
1775478982.111623,8.828657,1775479021.961316|完整运动,完整运动,circle_orbit,1,1.000000,1.500000,1.500000,,,,,,,,,,,,,,,,1.131871,0.062182,1.109089,0.075723,0.000000,0.000000,-0.257111,,0.106007,0.000000,,,,0.054938,0.125775,1.500000,8.896263,47.647043,0.000000,circle,预设轨迹15,forward
1775478982.135554,8.852588,1775479021.961316|完整运动,完整运动,circle_orbit,1,1.000000,1.500000,1.500000,,,,,,,,,,,,,,,,1.131485,0.063994,1.108319,0.077582,0.000000,0.000000,-0.254225,,0.107876,0.000000,,,,0.056558,0.125732,1.500000,8.919631,47.623676,0.000000,circle,预设轨迹15,forward
1775478982.156461,8.873496,1775479021.961316|完整运动,完整运动,circle_orbit,1,1.000000,1.500000,1.500000,,,,,,,,,,,,,,,,1.131092,0.065800,1.107523,0.079341,0.000000,0.000000,-0.251326,,0.109773,0.000000,,,,0.058174,0.125689,1.500000,8.942873,47.600433,0.000000,circle,预设轨迹15,forward
1775478982.178935,8.895969,1775479021.961316|完整运动,完整运动,circle_orbit,1,1.000000,1.500000,1.500000,,,,,,,,,,,,,,,,1.130695,0.067516,1.106865,0.080388,0.000000,0.000000,-0.248528,,0.111519,0.000000,,,,0.059712,0.125645,1.500000,8.965847,47.577459,0.000000,circle,预设轨迹15,forward
1775478982.200338,8.917372,1775479021.961316|完整运动,完整运动,circle_orbit,1,1.000000,1.500000,1.500000,,,,,,,,,,,,,,,,1.130283,0.069177,1.105572,0.081640,0.000000,0.000000,-0.245790,,0.113727,0.000000,,,,0.061204,0.125599,1.500000,8.988986,47.554321,0.000000,circle,预设轨迹15,forward
1775478982.228048,8.945082,1775479021.961316|完整运动,完整运动,circle_orbit,1,1.000000,1.500000,1.500000,,,,,,,,,,,,,,,,1.129861,0.072893,1.104567,0.100760,0.000000,0.000000,-0.240120,,0.117019,0.000000,,,,0.064515,0.125552,1.500000,9.035384,47.507922,0.000000,circle,预设轨迹15,forward
1775478982.258137,8.975171,1775479021.961316|完整运动,完整运动,circle_orbit,1,1.000000,1.500000,1.500000,,,,,,,,,,,,,,,,1.129448,0.074640,1.104641,0.087740,0.000000,0.000000,-0.237116,,0.118297,0.000000,,,,0.066085,0.125506,1.500000,9.058578,47.484729,0.000000,circle,预设轨迹15,forward
1775478982.290498,9.007533,1775479021.961316|完整运动,完整运动,circle_orbit,1,1.000000,1.500000,1.500000,,,,,,,,,,,,,,,,1.129030,0.078872,1.103991,0.110612,0.000000,0.000000,-0.230568,,0.121707,0.000000,,,,0.069858,0.125460,1.500000,9.105057,47.438250,0.000000,circle,预设轨迹15,forward
1775478982.320464,9.037498,1775479021.961316|完整运动,完整运动,circle_orbit,1,1.000000,1.500000,1.500000,,,,,,,,,,,,,,,,1.128607,0.080622,1.103218,0.093752,0.000000,0.000000,-0.227392,,0.123714,0.000000,,,,0.071435,0.125413,1.500000,9.128171,47.415135,0.000000,circle,预设轨迹15,forward
1775478982.345384,9.062418,1775479021.961316|完整运动,完整运动,circle_orbit,1,1.000000,1.500000,1.500000,,,,,,,,,,,,,,,,1.128184,0.082352,1.102792,0.095325,0.000000,0.000000,-0.224232,,0.125447,0.000000,,,,0.072995,0.125366,1.500000,9.151125,47.392182,0.000000,circle,预设轨迹15,forward
1775478982.367223,9.084257,1775479021.961316|完整运动,完整运动,circle_orbit,1,1.000000,1.500000,1.500000,,,,,,,,,,,,,,,,1.127743,0.086160,1.101290,0.114723,0.000000,0.000000,-0.218112,,0.129327,0.000000,,,,0.076401,0.125317,1.500000,9.197431,47.345876,0.000000,circle,预设轨迹15,forward
1775478982.388484,9.105518,1775479021.961316|完整运动,完整运动,circle_orbit,1,1.000000,1.500000,1.500000,,,,,,,,,,,,,,,,1.127309,0.087835,1.101262,0.100395,0.000000,0.000000,-0.214895,,0.130778,0.000000,,,,0.077916,0.125268,1.500000,9.220822,47.322485,0.000000,circle,预设轨迹15,forward
1775478982.415175,9.132210,1775479021.961316|完整运动,完整运动,circle_orbit,1,1.000000,1.500000,1.500000,,,,,,,,,,,,,,,,1.126879,0.089541,1.101081,0.102337,0.000000,0.000000,-0.211624,,0.132372,0.000000,,,,0.079459,0.125221,1.500000,9.244271,47.299036,0.000000,circle,预设轨迹15,forward
1775478982.445994,9.163028,1775479021.961316|完整运动,完整运动,circle_orbit,1,1.000000,1.500000,1.500000,,,,,,,,,,,,,,,,1.126458,0.091263,1.101212,0.104173,0.000000,0.000000,-0.208319,,0.133740,0.000000,,,,0.081017,0.125174,1.500000,9.267502,47.275805,0.000000,circle,预设轨迹15,forward
1775478982.477102,9.194136,1775479021.961316|完整运动,完整运动,circle_orbit,1,1.000000,1.500000,1.500000,,,,,,,,,,,,,,,,1.126047,0.095447,1.101395,0.126832,0.000000,0.000000,-0.201505,,0.136627,0.000000,,,,0.084763,0.125128,1.500000,9.313666,47.229640,0.000000,circle,预设轨迹15,forward
1775478982.513868,9.230902,1775479021.961316|完整运动,完整运动,circle_orbit,1,1.000000,1.500000,1.500000,,,,,,,,,,,,,,,,1.125625,0.099578,1.100284,0.130563,0.000000,0.000000,-0.194627,,0.140543,0.000000,,,,0.088465,0.125081,1.500000,9.360200,47.183107,0.000000,circle,预设轨迹15,forward
1775478982.544082,9.261116,1775479021.961316|完整运动,完整运动,circle_orbit,1,1.000000,1.500000,1.500000,,,,,,,,,,,,,,,,1.125207,0.103593,1.100113,0.133698,0.000000,0.000000,-0.187784,,0.143717,0.000000,,,,0.092065,0.125035,1.500000,9.406517,47.136789,0.000000,circle,预设轨迹15,forward
1775478982.576720,9.293754,1775479021.961316|完整运动,完整运动,circle_orbit,1,1.000000,1.500000,1.500000,,,,,,,,,,,,,,,,1.124803,0.105157,1.100558,0.116894,0.000000,0.000000,-0.184292,,0.144925,0.000000,,,,0.093490,0.124990,1.500000,9.429499,47.113808,0.000000,circle,预设轨迹15,forward
1775478982.608566,9.325600,1775479021.961316|完整运动,完整运动,circle_orbit,1,1.000000,1.500000,1.500000,,,,,,,,,,,,,,,,1.124417,0.106773,1.101239,0.118890,0.000000,0.000000,-0.180735,,0.145980,0.000000,,,,0.094959,0.124947,1.500000,9.452606,47.090701,0.000000,circle,预设轨迹15,forward
1775478982.639907,9.356941,1775479021.961316|完整运动,完整运动,circle_orbit,1,1.000000,1.500000,1.500000,,,,,,,,,,,,,,,,1.124058,0.111086,1.102572,0.143431,0.000000,0.000000,-0.173353,,0.148232,0.000000,,,,0.098826,0.124907,1.500000,9.498916,47.044391,0.000000,circle,预设轨迹15,forward
1775478982.672484,9.389518,1775479021.961316|完整运动,完整运动,circle_orbit,1,1.000000,1.500000,1.500000,,,,,,,,,,,,,,,,1.123722,0.112764,1.103508,0.125355,0.000000,0.000000,-0.169567,,0.149194,0.000000,,,,0.100349,0.124870,1.500000,9.522125,47.021182,0.000000,circle,预设轨迹15,forward
1775478982.705026,9.422060,1775479021.961316|完整运动,完整运动,circle_orbit,1,1.000000,1.500000,1.500000,,,,,,,,,,,,,,,,1.123436,0.117318,1.106280,0.151472,0.000000,0.000000,-0.161700,,0.150561,0.000000,,,,0.104428,0.124838,1.500000,9.568384,46.974922,0.000000,circle,预设轨迹15,forward
1775478982.742458,9.459492,1775479021.961316|完整运动,完整运动,circle_orbit,1,1.000000,1.500000,1.500000,,,,,,,,,,,,,,,,1.123182,0.122007,1.107980,0.157176,0.000000,0.000000,-0.153491,,0.152910,0.000000,,,,0.108627,0.124810,1.500000,9.614366,46.928941,0.000000,circle,预设轨迹15,forward
1775478982.769609,9.486643,1775479021.961316|完整运动,完整运动,circle_orbit,1,1.000000,1.500000,1.500000,,,,,,,,,,,,,,,,1.122951,0.123556,1.109065,0.135174,0.000000,0.000000,-0.149588,,0.153817,0.000000,,,,0.110028,0.124784,1.500000,9.637069,46.906237,0.000000,circle,预设轨迹15,forward
1775478982.799201,9.516235,1775479021.961316|完整运动,完整运动,circle_orbit,1,1.000000,1.500000,1.500000,,,,,,,,,,,,,,,,1.122758,0.127762,1.111170,0.159300,0.000000,0.000000,-0.141934,,0.155617,0.000000,,,,0.113793,0.124763,1.500000,9.682313,46.860993,0.000000,circle,预设轨迹15,forward
1775478982.820398,9.537432,1775479021.961316|完整运动,完整运动,circle_orbit,1,1.000000,1.500000,1.500000,,,,,,,,,,,,,,,,1.122589,0.129142,1.112441,0.139498,0.000000,0.000000,-0.138165,,0.156329,0.000000,,,,0.115040,0.124744,1.500000,9.704944,46.838362,0.000000,circle,预设轨迹15,forward
1775478982.841627,9.558661,1775479021.961316|完整运动,完整运动,circle_orbit,1,1.000000,1.500000,1.500000,,,,,,,,,,,,,,,,1.122482,0.133552,1.116086,0.166622,0.000000,0.000000,-0.130123,,0.157151,0.000000,,,,0.118979,0.124732,1.500000,9.750917,46.792390,0.000000,circle,预设轨迹15,forward
1775478982.864225,9.581259,1775479021.961316|完整运动,完整运动,circle_orbit,1,1.000000,1.500000,1.500000,,,,,,,,,,,,,,,,1.122377,0.132736,1.116086,0.126622,0.000000,0.000000,-0.130123,,0.157151,0.000000,,,,0.118264,0.124720,1.500000,9.750917,46.792390,0.000000,circle,预设轨迹15,forward
1775478982.886233,9.603267,1775479021.961316|完整运动,完整运动,circle_orbit,1,1.000000,1.500000,1.500000,,,,,,,,,,,,,,,,1.122343,0.136723,1.120271,0.166622,0.000000,0.000000,-0.122103,,0.157578,0.000000,,,,0.121819,0.124717,1.500000,9.796452,46.746855,0.000000,circle,预设轨迹15,forward
1775478982.910363,9.627397,1775479021.961316|完整运动,完整运动,circle_orbit,1,1.000000,1.500000,1.500000,,,,,,,,,,,,,,,,1.122344,0.138242,1.122416,0.149632,0.000000,0.000000,-0.118038,,0.157786,0.000000,,,,0.123172,0.124717,1.500000,9.819039,46.724268,0.000000,circle,预设轨迹15,forward
1775478982.933599,9.650633,1775479021.961316|完整运动,完整运动,circle_orbit,1,1.000000,1.500000,1.500000,,,,,,,,,,,,,,,,1.122376,0.139766,1.124333,0.151197,0.000000,0.000000,-0.113982,,0.158164,0.000000,,,,0.124527,0.124720,1.500000,9.841564,46.701742,0.000000,circle,预设轨迹15,forward
1775478982.959792,9.676826,1775479021.961316|完整运动,完整运动,circle_orbit,1,1.000000,1.500000,1.500000,,,,,,,,,,,,,,,,1.122435,0.141204,1.125935,0.151993,0.000000,0.000000,-0.110062,,0.158720,0.000000,,,,0.125802,0.124727,1.500000,9.864154,46.679152,0.000000,circle,预设轨迹15,forward
1775478982.990960,9.707994,1775479021.961316|完整运动,完整运动,circle_orbit,1,1.000000,1.500000,1.500000,,,,,,,,,,,,,,,,1.122574,0.145423,1.130950,0.177067,0.000000,0.000000,-0.102205,,0.158520,0.000000,,,,0.129545,0.124742,1.500000,9.909037,46.634270,0.000000,circle,预设轨迹15,forward
1775478983.013483,9.730517,1775479021.961316|完整运动,完整运动,circle_orbit,1,1.000000,1.500000,1.500000,,,,,,,,,,,,,,,,1.122758,0.146881,1.133774,0.157810,0.000000,0.000000,-0.098132,,0.158266,0.000000,,,,0.130821,0.124763,1.500000,9.931325,46.611981,0.000000,circle,预设轨迹15,forward
1775478983.034795,9.751829,1775479021.961316|完整运动,完整运动,circle_orbit,1,1.000000,1.500000,1.500000,,,,,,,,,,,,,,,,1.122989,0.148370,1.136841,0.159544,0.000000,0.000000,-0.094027,,0.157860,0.000000,,,,0.132121,0.124788,1.500000,9.953622,46.589685,0.000000,circle,预设轨迹15,forward
1775478983.060709,9.777744,1775479021.961316|完整运动,完整运动,circle_orbit,1,1.000000,1.500000,1.500000,,,,,,,,,,,,,,,,1.123216,0.146979,1.136841,0.136541,0.000000,0.000000,-0.094027,,0.157860,0.000000,,,,0.130855,0.124814,1.500000,9.953622,46.589685,0.000000,circle,预设轨迹15,forward
1775478983.083506,9.800540,1775479021.961316|完整运动,完整运动,circle_orbit,1,1.000000,1.500000,1.500000,,,,,,,,,,,,,,,,1.123541,0.150457,1.143019,0.176541,0.000000,0.000000,-0.085855,,0.157035,0.000000,,,,0.133913,0.124850,1.500000,9.998295,46.545012,0.000000,circle,预设轨迹15,forward
1775478983.104752,9.821786,1775479021.961316|完整运动,完整运动,circle_orbit,1,1.000000,1.500000,1.500000,,,,,,,,,,,,,,,,1.123970,0.154912,1.149746,0.188326,0.000000,0.000000,-0.077708,,0.155857,0.000000,,,,0.137826,0.124897,1.500000,10.043361,46.499945,0.000000,circle,预设轨迹15,forward
1775478983.131687,9.848721,1775479021.961316|完整运动,完整运动,circle_orbit,1,1.000000,1.500000,1.500000,,,,,,,,,,,,,,,,1.124462,0.156529,1.154002,0.168661,0.000000,0.000000,-0.073422,,0.154755,0.000000,,,,0.139204,0.124952,1.500000,10.065937,46.477370,0.000000,circle,预设轨迹15,forward
1775478983.164312,9.881346,1775479021.961316|完整运动,完整运动,circle_orbit,1,1.000000,1.500000,1.500000,,,,,,,,,,,,,,,,1.125067,0.161238,1.161313,0.196555,0.000000,0.000000,-0.064735,,0.153502,0.000000,,,,0.143314,0.125019,1.500000,10.110615,46.432692,0.000000,circle,预设轨迹15,forward
1775478983.194175,9.911210,1775479021.961316|完整运动,完整运动,circle_orbit,1,1.000000,1.500000,1.500000,,,,,,,,,,,,,,,,1.125661,0.160687,1.161313,0.156555,0.000000,0.000000,-0.064735,,0.153502,0.000000,,,,0.142749,0.125085,1.500000,10.110615,46.432692,0.000000,circle,预设轨迹15,forward
1775478983.227402,9.944436,1775479021.961316|完整运动,完整运动,circle_orbit,1,1.000000,1.500000,1.500000,,,,,,,,,,,,,,,,1.126336,0.164839,1.166821,0.195980,0.000000,0.000000,-0.056673,,0.153275,0.000000,,,,0.146350,0.125160,1.500000,10.155433,46.387874,0.000000,circle,预设轨迹15,forward
1775478983.261787,9.978822,1775479021.961316|完整运动,完整运动,circle_orbit,1,1.000000,1.500000,1.500000,,,,,,,,,,,,,,,,1.127134,0.169023,1.175042,0.200403,0.000000,0.000000,-0.048426,,0.151319,0.000000,,,,0.149959,0.125249,1.500000,10.200466,46.342841,0.000000,circle,预设轨迹15,forward
1775478983.283986,10.001020,1775479021.961316|完整运动,完整运动,circle_orbit,1,1.000000,1.500000,1.500000,,,,,,,,,,,,,,,,1.128052,0.173200,1.183163,0.204523,0.000000,0.000000,-0.040057,,0.149563,0.000000,,,,0.153539,0.125351,1.500000,10.245626,46.297681,0.000000,circle,预设轨迹15,forward
1775478983.305810,10.022844,1775479021.961316|完整运动,完整运动,circle_orbit,1,1.000000,1.500000,1.500000,,,,,,,,,,,,,,,,1.129034,0.174366,1.187944,0.183114,0.000000,0.000000,-0.035838,,0.148249,0.000000,,,,0.154438,0.125460,1.500000,10.268248,46.275059,0.000000,circle,预设轨迹15,forward
1775478983.332992,10.050026,1775479021.961316|完整运动,完整运动,circle_orbit,1,1.000000,1.500000,1.500000,,,,,,,,,,,,,,,,1.130063,0.175534,1.191812,0.184296,0.000000,0.000000,-0.031661,,0.147544,0.000000,,,,0.155332,0.125575,1.500000,10.291110,46.252197,0.000000,circle,预设轨迹15,forward
1775478983.363638,10.080672,1775479021.961316|完整运动,完整运动,circle_orbit,1,1.000000,1.500000,1.500000,,,,,,,,,,,,,,,,1.131148,0.176705,1.196242,0.185481,0.000000,0.000000,-0.027518,,0.146473,0.000000,,,,0.156217,0.125695,1.500000,10.313990,46.229316,0.000000,circle,预设轨迹15,forward
1775478983.395872,10.112906,1775479021.961316|完整运动,完整运动,circle_orbit,1,1.000000,1.500000,1.500000,,,,,,,,,,,,,,,,1.132376,0.180833,1.206038,0.211797,0.000000,0.000000,-0.019200,,0.143805,0.000000,,,,0.159694,0.125831,1.500000,10.359400,46.183907,0.000000,circle,预设轨迹15,forward
1775478983.429726,10.146760,1775479021.961316|完整运动,完整运动,circle_orbit,1,1.000000,1.500000,1.500000,,,,,,,,,,,,,,,,1.133665,0.181904,1.211004,0.189934,0.000000,0.000000,-0.015097,,0.142440,0.000000,,,,0.160456,0.125975,1.500000,10.381881,46.161426,0.000000,circle,预设轨迹15,forward
1775478983.456941,10.173975,1775479021.961316|完整运动,完整运动,circle_orbit,1,1.000000,1.500000,1.500000,,,,,,,,,,,,,,,,1.135023,0.182977,1.216497,0.191023,0.000000,0.000000,-0.011030,,0.140753,0.000000,,,,0.161210,0.126126,1.500000,10.404363,46.138944,0.000000,circle,预设轨迹15,forward
1775478983.477446,10.194480,1775479021.961316|完整运动,完整运动,circle_orbit,1,1.000000,1.500000,1.500000,,,,,,,,,,,,,,,,1.136551,0.186802,1.228222,0.215493,0.000000,0.000000,-0.003080,,0.136930,0.000000,,,,0.164359,0.126295,1.500000,10.449434,46.093872,0.000000,circle,预设轨迹15,forward
1775478983.500204,10.217238,1775479021.961316|完整运动,完整运动,circle_orbit,1,1.000000,1.500000,1.500000,,,,,,,,,,,,,,,,1.138134,0.187670,1.233128,0.194180,0.000000,0.000000,0.000786,,0.134913,0.000000,,,,0.164893,0.126471,1.500000,10.471825,46.071481,0.000000,circle,预设轨迹15,forward
1775478983.535100,10.252134,1775479021.961316|完整运动,完整运动,circle_orbit,1,1.000000,1.500000,1.500000,,,,,,,,,,,,,,,,1.139697,0.188511,1.233482,0.194816,0.000000,0.000000,0.004565,,0.133015,0.000000,,,,0.165404,0.126645,1.500000,10.494267,46.049039,0.000000,circle,预设轨迹15,forward
1775478983.561852,10.278886,1775479021.961316|完整运动,完整运动,circle_orbit,1,1.000000,1.500000,1.500000,,,,,,,,,,,,,,,,1.141260,0.192078,1.235037,0.218836,0.000000,0.000000,0.012183,,0.128671,0.000000,,,,0.168304,0.126819,1.500000,10.539099,46.004207,0.000000,circle,预设轨迹15,forward
1775478983.589012,10.306046,1775479021.961316|完整运动,完整运动,circle_orbit,1,1.000000,1.500000,1.500000,,,,,,,,,,,,,,,,1.142805,0.195571,1.235519,0.221768,0.000000,0.000000,0.019809,,0.124986,0.000000,,,,0.171133,0.126990,1.500000,10.584030,45.959277,0.000000,circle,预设轨迹15,forward
1775478983.610124,10.327158,1775479021.961316|完整运动,完整运动,circle_orbit,1,1.000000,1.500000,1.500000,,,,,,,,,,,,,,,,1.144334,0.196254,1.236037,0.201374,0.000000,0.000000,0.023540,,0.123009,0.000000,,,,0.171501,0.127160,1.500000,10.606398,45.936909,0.000000,circle,预设轨迹15,forward
1775478983.631232,10.348266,1775479021.961316|完整运动,完整运动,circle_orbit,1,1.000000,1.500000,1.500000,,,,,,,,,,,,,,,,1.145842,0.196937,1.236336,0.202056,0.000000,0.000000,0.027213,,0.121193,0.000000,,,,0.171871,0.127328,1.500000,10.628857,45.914449,0.000000,circle,预设轨迹15,forward
1775478983.660463,10.377497,1775479021.961316|完整运动,完整运动,circle_orbit,1,1.000000,1.500000,1.500000,,,,,,,,,,,,,,,,1.147331,0.197600,1.236705,0.202574,0.000000,0.000000,0.030806,,0.119370,0.000000,,,,0.172226,0.127493,1.500000,10.651422,45.891884,0.000000,circle,预设轨迹15,forward
1775478983.691670,10.408704,1775479021.961316|完整运动,完整运动,circle_orbit,1,1.000000,1.500000,1.500000,,,,,,,,,,,,,,,,1.148805,0.198325,1.237237,0.203762,0.000000,0.000000,0.034438,,0.117429,0.000000,,,,0.172636,0.127657,1.500000,10.674242,45.869065,0.000000,circle,预设轨迹15,forward
1775478983.723516,10.440550,1775479021.961316|完整运动,完整运动,circle_orbit,1,1.000000,1.500000,1.500000,,,,,,,,,,,,,,,,1.150285,0.201672,1.239056,0.226780,0.000000,0.000000,0.041765,,0.113060,0.000000,,,,0.175324,0.127822,1.500000,10.719918,45.823389,0.000000,circle,预设轨迹15,forward
1775478983.754290,10.471324,1775479021.961316|完整运动,完整运动,circle_orbit,1,1.000000,1.500000,1.500000,,,,,,,,,,,,,,,,1.151759,0.204997,1.240187,0.229928,0.000000,0.000000,0.049170,,0.109079,0.000000,,,,0.177986,0.127985,1.500000,10.765500,45.777806,0.000000,circle,预设轨迹15,forward
1775478983.776837,10.493871,1775479021.961316|完整运动,完整运动,circle_orbit,1,1.000000,1.500000,1.500000,,,,,,,,,,,,,,,,1.153218,0.205574,1.240780,0.209901,0.000000,0.000000,0.052769,,0.107118,0.000000,,,,0.178261,0.128147,1.500000,10.788409,45.754898,0.000000,circle,预设轨迹15,forward
1775478983.797253,10.514287,1775479021.961316|完整运动,完整运动,circle_orbit,1,1.000000,1.500000,1.500000,,,,,,,,,,,,,,,,1.154671,0.206232,1.241871,0.211171,0.000000,0.000000,0.056431,,0.104827,0.000000,,,,0.178607,0.128309,1.500000,10.811463,45.731844,0.000000,circle,预设轨迹15,forward
1775478983.823536,10.540570,1775479021.961316|完整运动,完整运动,circle_orbit,1,1.000000,1.500000,1.500000,,,,,,,,,,,,,,,,1.156112,0.206811,1.242548,0.211154,0.000000,0.000000,0.059934,,0.102858,0.000000,,,,0.178885,0.128469,1.500000,10.834629,45.708678,0.000000,circle,预设轨迹15,forward
1775478983.854172,10.571207,1775479021.961316|完整运动,完整运动,circle_orbit,1,1.000000,1.500000,1.500000,,,,,,,,,,,,,,,,1.157585,0.209694,1.245948,0.231313,0.000000,0.000000,0.066676,,0.097803,0.000000,,,,0.181148,0.128633,1.500000,10.880615,45.662692,0.000000,circle,预设轨迹15,forward
1775478983.883522,10.600556,1775479021.961316|完整运动,完整运动,circle_orbit,1,1.000000,1.500000,1.500000,,,,,,,,,,,,,,,,1.159061,0.210143,1.247648,0.213515,0.000000,0.000000,0.070044,,0.095280,0.000000,,,,0.181305,0.128797,1.500000,10.903566,45.639741,0.000000,circle,预设轨迹15,forward
1775478983.915563,10.632597,1775479021.961316|完整运动,完整运动,circle_orbit,1,1.000000,1.500000,1.500000,,,,,,,,,,,,,,,,1.160540,0.210557,1.249280,0.213655,0.000000,0.000000,0.073309,,0.092847,0.000000,,,,0.181430,0.128961,1.500000,10.926516,45.616790,0.000000,circle,预设轨迹15,forward
1775478983.937316,10.654350,1775479021.961316|完整运动,完整运动,circle_orbit,1,1.000000,1.500000,1.500000,,,,,,,,,,,,,,,,1.162074,0.212946,1.254094,0.230868,0.000000,0.000000,0.079345,,0.087284,0.000000,,,,0.183247,0.129132,1.500000,10.972516,45.570790,0.000000,circle,预设轨迹15,forward
1775478983.961351,10.678385,1775479021.961316|完整运动,完整运动,circle_orbit,1,1.000000,1.500000,1.500000,,,,,,,,,,,,,,,,1.163635,0.213217,1.257298,0.215250,0.000000,0.000000,0.082435,,0.084005,0.000000,,,,0.183234,0.129305,1.500000,10.995538,45.547768,0.000000,circle,预设轨迹15,forward
1775478983.988957,10.705991,1775479021.961316|完整运动,完整运动,circle_orbit,1,1.000000,1.500000,1.500000,,,,,,,,,,,,,,,,1.165222,0.213613,1.260436,0.216580,0.000000,0.000000,0.085648,,0.080721,0.000000,,,,0.183324,0.129481,1.500000,11.018475,45.524832,0.000000,circle,预设轨迹15,forward
1775478984.022033,10.739067,1775479021.961316|完整运动,完整运动,circle_orbit,1,1.000000,1.500000,1.500000,,,,,,,,,,,,,,,,1.166861,0.216055,1.265210,0.234369,0.000000,0.000000,0.091735,,0.075209,0.000000,,,,0.185159,0.129664,1.500000,11.063544,45.479763,0.000000,circle,预设轨迹15,forward
1775478984.045999,10.763033,1775479021.961316|完整运动,完整运动,circle_orbit,1,1.000000,1.500000,1.500000,,,,,,,,,,,,,,,,1.168539,0.217787,1.269222,0.230779,0.000000,0.000000,0.096889,,0.070576,0.000000,,,,0.186375,0.129850,1.500000,11.109082,45.434225,0.000000,circle,预设轨迹15,forward
1775478984.066352,10.783386,1775479021.961316|完整运动,完整运动,circle_orbit,1,1.000000,1.500000,1.500000,,,,,,,,,,,,,,,,1.170228,0.217649,1.271562,0.216612,0.000000,0.000000,0.099412,,0.068095,0.000000,,,,0.185988,0.130038,1.500000,11.132182,45.411125,0.000000,circle,预设轨迹15,forward
1775478984.092497,10.809531,1775479021.961316|完整运动,完整运动,circle_orbit,1,1.000000,1.500000,1.500000,,,,,,,,,,,,,,,,1.171939,0.217562,1.274580,0.216913,0.000000,0.000000,0.101934,,0.065228,0.000000,,,,0.185643,0.130228,1.500000,11.155366,45.387941,0.000000,circle,预设轨迹15,forward
1775478984.120928,10.837962,1775479021.961316|完整运动,完整运动,circle_orbit,1,1.000000,1.500000,1.500000,,,,,,,,,,,,,,,,1.173675,0.217520,1.277892,0.217207,0.000000,0.000000,0.104455,,0.062201,0.000000,,,,0.185333,0.130421,1.500000,11.178351,45.364956,0.000000,circle,预设轨迹15,forward
1775478984.142828,10.859862,1775479021.961316|完整运动,完整运动,circle_orbit,1,1.000000,1.500000,1.500000,,,,,,,,,,,,,,,,1.175466,0.219077,1.282906,0.230754,0.000000,0.000000,0.109195,,0.057227,0.000000,,,,0.186375,0.130620,1.500000,11.224614,45.318693,0.000000,circle,预设轨迹15,forward
1775478984.163673,10.880707,1775479021.961316|完整运动,完整运动,circle_orbit,1,1.000000,1.500000,1.500000,,,,,,,,,,,,,,,,1.177268,0.218907,1.285358,0.217630,0.000000,0.000000,0.111510,,0.054804,0.000000,,,,0.185945,0.130820,1.500000,11.248006,45.295301,0.000000,circle,预设轨迹15,forward
1775478984.195553,10.912587,1775479021.961316|完整运动,完整运动,circle_orbit,1,1.000000,1.500000,1.500000,,,,,,,,,,,,,,,,1.179092,0.218818,1.288537,0.218153,0.000000,0.000000,0.113876,,0.051953,0.000000,,,,0.185582,0.131023,1.500000,11.271462,45.271844,0.000000,circle,预设轨迹15,forward
1775478984.217494,10.934528,1775479021.961316|完整运动,完整运动,circle_orbit,1,1.000000,1.500000,1.500000,,,,,,,,,,,,,,,,1.180933,0.218765,1.291398,0.218364,0.000000,0.000000,0.116237,,0.049292,0.000000,,,,0.185248,0.131227,1.500000,11.294818,45.248489,0.000000,circle,预设轨迹15,forward
1775478984.238248,10.955282,1775479021.961316|完整运动,完整运动,circle_orbit,1,1.000000,1.500000,1.500000,,,,,,,,,,,,,,,,1.182798,0.218705,1.294711,0.218255,0.000000,0.000000,0.118537,,0.046412,0.000000,,,,0.184905,0.131434,1.500000,11.318115,45.225191,0.000000,circle,预设轨迹15,forward
1775478984.262170,10.979204,1775479021.961316|完整运动,完整运动,circle_orbit,1,1.000000,1.500000,1.500000,,,,,,,,,,,,,,,,1.184702,0.218382,1.298932,0.215962,0.000000,0.000000,0.120418,,0.043223,0.000000,,,,0.184335,0.131646,1.500000,11.341529,45.201777,0.000000,circle,预设轨迹15,forward
1775478984.283130,11.000164,1775479021.961316|完整运动,完整运动,circle_orbit,1,1.000000,1.500000,1.500000,,,,,,,,,,,,,,,,1.186693,0.219268,1.306164,0.225907,0.000000,0.000000,0.123966,,0.037650,0.000000,,,,0.184772,0.131867,1.500000,11.388884,45.154423,0.000000,circle,预设轨迹15,forward
1775478984.304206,11.021240,1775479021.961316|完整运动,完整运动,circle_orbit,1,1.000000,1.500000,1.500000,,,,,,,,,,,,,,,,1.188719,0.218757,1.310292,0.214927,0.000000,0.000000,0.125539,,0.034689,0.000000,,,,0.184027,0.132092,1.500000,11.412607,45.130700,0.000000,circle,预设轨迹15,forward
1775478984.328433,11.045467,1775479021.961316|完整运动,完整运动,circle_orbit,1,1.000000,1.500000,1.500000,,,,,,,,,,,,,,,,1.190787,0.218276,1.314845,0.214667,0.000000,0.000000,0.127089,,0.031523,0.000000,,,,0.183304,0.132322,1.500000,11.436264,45.107042,0.000000,circle,预设轨迹15,forward
1775478984.349875,11.066910,1775479021.961316|完整运动,完整运动,circle_orbit,1,1.000000,1.500000,1.500000,,,,,,,,,,,,,,,,1.192895,0.217894,1.319383,0.215034,0.000000,0.000000,0.128719,,0.028345,0.000000,,,,0.182660,0.132556,1.500000,11.459873,45.083434,0.000000,circle,预设轨迹15,forward
1775478984.370719,11.087753,1775479021.961316|完整运动,完整运动,circle_orbit,1,1.000000,1.500000,1.500000,,,,,,,,,,,,,,,,1.195045,0.217460,1.324020,0.214207,0.000000,0.000000,0.130222,,0.025189,0.000000,,,,0.181969,0.132795,1.500000,11.483452,45.059855,0.000000,circle,预设轨迹15,forward
1775478984.405987,11.123021,1775479021.961316|完整运动,完整运动,circle_orbit,1,1.000000,1.500000,1.500000,,,,,,,,,,,,,,,,1.197234,0.216955,1.328622,0.213168,0.000000,0.000000,0.131571,,0.022136,0.000000,,,,0.181214,0.133039,1.500000,11.506825,45.036481,0.000000,circle,预设轨迹15,forward
1775478984.439779,11.156813,1775479021.961316|完整运动,完整运动,circle_orbit,1,1.000000,1.500000,1.500000,,,,,,,,,,,,,,,,1.199538,0.216963,1.337751,0.217017,0.000000,0.000000,0.133604,,0.016418,0.000000,,,,0.180872,0.133295,1.500000,11.553591,44.989715,0.000000,circle,预设轨迹15,forward
1775478984.475835,11.192869,1775479021.961316|完整运动,完整运动,circle_orbit,1,1.000000,1.500000,1.500000,,,,,,,,,,,,,,,,1.201976,0.216668,1.348257,0.214454,0.000000,0.000000,0.135194,,0.010251,0.000000,,,,0.180259,0.133566,1.500000,11.600671,44.942636,0.000000,circle,预设轨迹15,forward
1775478984.497015,11.214049,1775479021.961316|完整运动,完整运动,circle_orbit,1,1.000000,1.500000,1.500000,,,,,,,,,,,,,,,,1.204470,0.215813,1.354081,0.209403,0.000000,0.000000,0.135949,,0.006924,0.000000,,,,0.179177,0.133843,1.500000,11.624152,44.919155,0.000000,circle,预设轨迹15,forward
1775478984.518190,11.235224,1775479021.961316|完整运动,完整运动,circle_orbit,1,1.000000,1.500000,1.500000,,,,,,,,,,,,,,,,1.207016,0.215021,1.359797,0.209084,0.000000,0.000000,0.136725,,0.003669,0.000000,,,,0.178143,0.134126,1.500000,11.647588,44.895719,0.000000,circle,预设轨迹15,forward
1775478984.544087,11.261122,1775479021.961316|完整运动,完整运动,circle_orbit,1,1.000000,1.500000,1.500000,,,,,,,,,,,,,,,,1.209509,0.215019,1.359093,0.215002,0.000000,0.000000,0.138575,,-0.003204,0.000000,,,,0.177774,0.134403,1.500000,11.694293,44.849014,0.000000,circle,预设轨迹15,forward
1775478984.564819,11.281853,1775479021.961316|完整运动,完整运动,circle_orbit,1,1.000000,1.500000,1.500000,,,,,,,,,,,,,,,,1.211852,0.214355,1.352448,0.209374,0.000000,0.000000,0.139468,,-0.006196,0.000000,,,,0.176882,0.134663,1.500000,11.717807,44.825500,0.000000,circle,预设轨迹15,forward
1775478984.586207,11.303241,1775479021.961316|完整运动,完整运动,circle_orbit,1,1.000000,1.500000,1.500000,,,,,,,,,,,,,,,,1.214050,0.213655,1.345925,0.208406,0.000000,0.000000,0.140258,,-0.009204,0.000000,,,,0.175985,0.134907,1.500000,11.741415,44.801891,0.000000,circle,预设轨迹15,forward
1775478984.615476,11.332510,1775479021.961316|完整运动,完整运动,circle_orbit,1,1.000000,1.500000,1.500000,,,,,,,,,,,,,,,,1.216113,0.212847,1.339868,0.206788,0.000000,0.000000,0.140843,,-0.012093,0.000000,,,,0.175023,0.135136,1.500000,11.765296,44.778011,0.000000,circle,预设轨迹15,forward
1775478984.647373,11.364407,1775479021.961316|完整运动,完整运动,circle_orbit,1,1.000000,1.500000,1.500000,,,,,,,,,,,,,,,,1.217920,0.212442,1.326366,0.209405,0.000000,0.000000,0.141962,,-0.018718,0.000000,,,,0.174430,0.135337,1.500000,11.813064,44.730243,0.000000,circle,预设轨迹15,forward
1775478984.677392,11.394426,1775479021.961316|完整运动,完整运动,circle_orbit,1,1.000000,1.500000,1.500000,,,,,,,,,,,,,,,,1.219603,0.211553,1.320584,0.204880,0.000000,0.000000,0.142364,,-0.021635,0.000000,,,,0.173460,0.135524,1.500000,11.837111,44.706195,0.000000,circle,预设轨迹15,forward
1775478984.698121,11.415155,1775479021.961316|完整运动,完整运动,circle_orbit,1,1.000000,1.500000,1.500000,,,,,,,,,,,,,,,,1.221175,0.210517,1.315500,0.202752,0.000000,0.000000,0.142503,,-0.024316,0.000000,,,,0.172389,0.135699,1.500000,11.861265,44.682041,0.000000,circle,预设轨迹15,forward
1775478984.718957,11.435991,1775479021.961316|完整运动,完整运动,circle_orbit,1,1.000000,1.500000,1.500000,,,,,,,,,,,,,,,,1.222634,0.209421,1.310132,0.201201,0.000000,0.000000,0.142497,,-0.027239,0.000000,,,,0.171287,0.135861,1.500000,11.885706,44.657600,0.000000,circle,预设轨迹15,forward
1775478984.747908,11.464942,1775479021.961316|完整运动,完整运动,circle_orbit,1,1.000000,1.500000,1.500000,,,,,,,,,,,,,,,,1.223883,0.208298,1.298844,0.199877,0.000000,0.000000,0.142408,,-0.033497,0.000000,,,,0.170195,0.136000,1.500000,11.935060,44.608247,0.000000,circle,预设轨迹15,forward
1775478984.770182,11.487216,1775479021.961316|完整运动,完整运动,circle_orbit,1,1.000000,1.500000,1.500000,,,,,,,,,,,,,,,,1.225013,0.207388,1.292820,0.200562,0.000000,0.000000,0.142565,,-0.036791,0.000000,,,,0.169295,0.136125,1.500000,11.959372,44.583935,0.000000,circle,预设轨迹15,forward
1775478984.791406,11.508440,1775479021.961316|完整运动,完整运动,circle_orbit,1,1.000000,1.500000,1.500000,,,,,,,,,,,,,,,,1.226040,0.206334,1.287671,0.198427,0.000000,0.000000,0.142474,,-0.039730,0.000000,,,,0.168293,0.136240,1.500000,11.983468,44.559838,0.000000,circle,预设轨迹15,forward
1775478984.821357,11.538391,1775479021.961316|完整运动,完整运动,circle_orbit,1,1.000000,1.500000,1.500000,,,,,,,,,,,,,,,,1.226979,0.205211,1.283298,0.196787,0.000000,0.000000,0.142236,,-0.042318,0.000000,,,,0.167249,0.136344,1.500000,12.007709,44.535598,0.000000,circle,预设轨迹15,forward
1775478984.852165,11.569200,1775479021.961316|完整运动,完整运动,circle_orbit,1,1.000000,1.500000,1.500000,,,,,,,,,,,,,,,,1.227739,0.203707,1.273367,0.192433,0.000000,0.000000,0.141421,,-0.048377,0.000000,,,,0.165921,0.136428,1.500000,12.056413,44.486894,0.000000,circle,预设轨迹15,forward
1775478984.884742,11.601776,1775479021.961316|完整运动,完整运动,circle_orbit,1,1.000000,1.500000,1.500000,,,,,,,,,,,,,,,,1.228392,0.202552,1.267560,0.193888,0.000000,0.000000,0.141034,,-0.051922,0.000000,,,,0.164892,0.136501,1.500000,12.080682,44.462625,0.000000,circle,预设轨迹15,forward
1775478984.907531,11.624566,1775479021.961316|完整运动,完整运动,circle_orbit,1,1.000000,1.500000,1.500000,,,,,,,,,,,,,,,,1.228883,0.200959,1.258360,0.189010,0.000000,0.000000,0.139992,,-0.057793,0.000000,,,,0.163530,0.136556,1.500000,12.129016,44.414290,0.000000,circle,预设轨迹15,forward
1775478984.928167,11.645201,1775479021.961316|完整运动,完整运动,circle_orbit,1,1.000000,1.500000,1.500000,,,,,,,,,,,,,,,,1.229295,0.199706,1.253985,0.190306,0.000000,0.000000,0.139365,,-0.060671,0.000000,,,,0.162456,0.136601,1.500000,12.153171,44.390136,0.000000,circle,预设轨迹15,forward
1775478984.959921,11.676955,1775479021.961316|完整运动,完整运动,circle_orbit,1,1.000000,1.500000,1.500000,,,,,,,,,,,,,,,,1.229629,0.198423,1.249666,0.188802,0.000000,0.000000,0.138650,,-0.063572,0.000000,,,,0.161368,0.136638,1.500000,12.177508,44.365798,0.000000,circle,预设轨迹15,forward
1775478984.996766,11.713800,1775479021.961316|完整运动,完整运动,circle_orbit,1,1.000000,1.500000,1.500000,,,,,,,,,,,,,,,,1.229811,0.196805,1.240712,0.184667,0.000000,0.000000,0.137426,,-0.069530,0.000000,,,,0.160028,0.136659,1.500000,12.226255,44.317051,0.000000,circle,预设轨迹15,forward
1775478985.029836,11.746870,1775479021.961316|完整运动,完整运动,circle_orbit,1,1.000000,1.500000,1.500000,,,,,,,,,,,,,,,,1.229838,0.195339,1.231502,0.184344,0.000000,0.000000,0.136370,,-0.075651,0.000000,,,,0.158833,0.136662,1.500000,12.275012,44.268295,0.000000,circle,预设轨迹15,forward
1775478985.062453,11.779487,1775479021.961316|完整运动,完整运动,circle_orbit,1,1.000000,1.500000,1.500000,,,,,,,,,,,,,,,,1.229791,0.194197,1.226945,0.185637,0.000000,0.000000,0.135726,,-0.078764,0.000000,,,,0.157911,0.136656,1.500000,12.299487,44.243820,0.000000,circle,预设轨迹15,forward
1775478985.093031,11.810066,1775479021.961316|完整运动,完整运动,circle_orbit,1,1.000000,1.500000,1.500000,,,,,,,,,,,,,,,,1.229614,0.192332,1.218975,0.178339,0.000000,0.000000,0.134034,,-0.084512,0.000000,,,,0.156416,0.136637,1.500000,12.348537,44.194770,0.000000,circle,预设轨迹15,forward
1775478985.114057,11.831091,1775479021.961316|完整运动,完整运动,circle_orbit,1,1.000000,1.500000,1.500000,,,,,,,,,,,,,,,,1.229377,0.191066,1.215160,0.181577,0.000000,0.000000,0.133127,,-0.087331,0.000000,,,,0.155417,0.136610,1.500000,12.373253,44.170053,0.000000,circle,预设轨迹15,forward
1775478985.137387,11.854421,1775479021.961316|完整运动,完整运动,circle_orbit,1,1.000000,1.500000,1.500000,,,,,,,,,,,,,,,,1.229095,0.189670,1.212212,0.179194,0.000000,0.000000,0.131997,,-0.089709,0.000000,,,,0.154316,0.136579,1.500000,12.397909,44.145397,0.000000,circle,预设轨迹15,forward
1775478985.167583,11.884617,1775479021.961316|完整运动,完整运动,circle_orbit,1,1.000000,1.500000,1.500000,,,,,,,,,,,,,,,,1.228764,0.188276,1.208904,0.177821,0.000000,0.000000,0.130831,,-0.092343,0.000000,,,,0.153224,0.136542,1.500000,12.422406,44.120901,0.000000,circle,预设轨迹15,forward
1775478985.188536,11.905570,1775479021.961316|完整运动,完整运动,circle_orbit,1,1.000000,1.500000,1.500000,,,,,,,,,,,,,,,,1.228363,0.185635,1.204306,0.165827,0.000000,0.000000,0.127861,,-0.096624,0.000000,,,,0.151124,0.136498,1.500000,12.471485,44.071821,0.000000,circle,预设轨迹15,forward
1775478985.209364,11.926398,1775479021.961316|完整运动,完整运动,circle_orbit,1,1.000000,1.500000,1.500000,,,,,,,,,,,,,,,,1.227922,0.184028,1.201478,0.171983,0.000000,0.000000,0.126257,,-0.099169,0.000000,,,,0.149870,0.136449,1.500000,12.496000,44.047307,0.000000,circle,预设轨迹15,forward
1775478985.241974,11.959008,1775479021.961316|完整运动,完整运动,circle_orbit,1,1.000000,1.500000,1.500000,,,,,,,,,,,,,,,,1.227489,0.183590,1.201478,0.180300,0.000000,0.000000,0.126257,,-0.099169,0.000000,,,,0.149565,0.136401,1.500000,12.496000,44.047307,0.000000,circle,预设轨迹15,forward
1775478985.277812,11.994847,1775479021.961316|完整运动,完整运动,circle_orbit,1,1.000000,1.500000,1.500000,,,,,,,,,,,,,,,,1.226912,0.179829,1.192265,0.151624,0.000000,0.000000,0.121580,,-0.107278,0.000000,,,,0.146571,0.136336,1.500000,12.568895,43.974412,0.000000,circle,预设轨迹15,forward
1775478985.311697,12.028731,1775479021.961316|完整运动,完整运动,circle_orbit,1,1.000000,1.500000,1.500000,,,,,,,,,,,,,,,,1.226299,0.178409,1.189556,0.167756,0.000000,0.000000,0.120066,,-0.109742,0.000000,,,,0.145485,0.136268,1.500000,12.592873,43.950434,0.000000,circle,预设轨迹15,forward
1775478985.345643,12.062677,1775479021.961316|完整运动,完整运动,circle_orbit,1,1.000000,1.500000,1.500000,,,,,,,,,,,,,,,,1.225625,0.175426,1.185197,0.153056,0.000000,0.000000,0.116315,,-0.114307,0.000000,,,,0.143132,0.136194,1.500000,12.640626,43.902681,0.000000,circle,预设轨迹15,forward
1775478985.366031,12.083066,1775479021.961316|完整运动,完整运动,circle_orbit,1,1.000000,1.500000,1.500000,,,,,,,,,,,,,,,,1.224876,0.172412,1.179894,0.149806,0.000000,0.000000,0.112419,,-0.119594,0.000000,,,,0.140759,0.136110,1.500000,12.688142,43.855164,0.000000,circle,预设轨迹15,forward
1775478985.389636,12.106670,1775479021.961316|完整运动,完整运动,circle_orbit,1,1.000000,1.500000,1.500000,,,,,,,,,,,,,,,,1.224095,0.170818,1.177273,0.158865,0.000000,0.000000,0.110435,,-0.122245,0.000000,,,,0.139547,0.136023,1.500000,12.711929,43.831378,0.000000,circle,预设轨迹15,forward
1775478985.420261,12.137295,1775479021.961316|完整运动,完整运动,circle_orbit,1,1.000000,1.500000,1.500000,,,,,,,,,,,,,,,,1.223285,0.169216,1.174687,0.157196,0.000000,0.000000,0.108414,,-0.124896,0.000000,,,,0.138329,0.135933,1.500000,12.735783,43.807524,0.000000,circle,预设轨迹15,forward
1775478985.451289,12.168324,1775479021.961316|完整运动,完整运动,circle_orbit,1,1.000000,1.500000,1.500000,,,,,,,,,,,,,,,,1.222404,0.165996,1.169523,0.141849,0.000000,0.000000,0.104080,,-0.130347,0.000000,,,,0.135795,0.135836,1.500000,12.783858,43.759449,0.000000,circle,预设轨迹15,forward
1775478985.490681,12.207715,1775479021.961316|完整运动,完整运动,circle_orbit,1,1.000000,1.500000,1.500000,,,,,,,,,,,,,,,,1.221466,0.162802,1.165175,0.138848,0.000000,0.000000,0.099680,,-0.135294,0.000000,,,,0.133284,0.135731,1.500000,12.832182,43.711125,0.000000,circle,预设轨迹15,forward
1775478985.521048,12.238082,1775479021.961316|完整运动,完整运动,circle_orbit,1,1.000000,1.500000,1.500000,,,,,,,,,,,,,,,,1.220512,0.161181,1.163265,0.149026,0.000000,0.000000,0.097407,,-0.137625,0.000000,,,,0.132060,0.135625,1.500000,12.856427,43.686880,0.000000,circle,预设轨迹15,forward
1775478985.553998,12.271032,1775479021.961316|完整运动,完整运动,circle_orbit,1,1.000000,1.500000,1.500000,,,,,,,,,,,,,,,,1.219539,0.157609,1.161165,0.130817,0.000000,0.000000,0.092349,,-0.141331,0.000000,,,,0.129237,0.135517,1.500000,12.904736,43.638570,0.000000,circle,预设轨迹15,forward
1775478985.575146,12.292180,1775479021.961316|完整运动,完整运动,circle_orbit,1,1.000000,1.500000,1.500000,,,,,,,,,,,,,,,,1.218577,0.155689,1.160864,0.141286,0.000000,0.000000,0.089511,,-0.142802,0.000000,,,,0.127763,0.135410,1.500000,12.928906,43.614400,0.000000,circle,预设轨迹15,forward
1775478985.598375,12.315409,1775479021.961316|完整运动,完整运动,circle_orbit,1,1.000000,1.500000,1.500000,,,,,,,,,,,,,,,,1.217608,0.153821,1.159450,0.139815,0.000000,0.000000,0.086718,,-0.145028,0.000000,,,,0.126331,0.135303,1.500000,12.953160,43.590146,0.000000,circle,预设轨迹15,forward
1775478985.623373,12.340407,1775479021.961316|完整运动,完整运动,circle_orbit,1,1.000000,1.500000,1.500000,,,,,,,,,,,,,,,,1.216621,0.152010,1.157421,0.138422,0.000000,0.000000,0.083979,,-0.147663,0.000000,,,,0.124944,0.135193,1.500000,12.977514,43.565792,0.000000,circle,预设轨迹15,forward
1775478985.650869,12.367903,1775479021.961316|完整运动,完整运动,circle_orbit,1,1.000000,1.500000,1.500000,,,,,,,,,,,,,,,,1.215610,0.148459,1.154975,0.121829,0.000000,0.000000,0.078752,,-0.151702,0.000000,,,,0.122127,0.135081,1.500000,13.026021,43.517286,0.000000,circle,预设轨迹15,forward
1775478985.671193,12.388227,1775479021.961316|完整运动,完整运动,circle_orbit,1,1.000000,1.500000,1.500000,,,,,,,,,,,,,,,,1.214605,0.146770,1.154256,0.134107,0.000000,0.000000,0.076050,,-0.153408,0.000000,,,,0.120838,0.134969,1.500000,13.050003,43.493303,0.000000,circle,预设轨迹15,forward
1775478985.701121,12.418155,1775479021.961316|完整运动,完整运动,circle_orbit,1,1.000000,1.500000,1.500000,,,,,,,,,,,,,,,,1.213610,0.145010,1.153917,0.131806,0.000000,0.000000,0.073229,,-0.154901,0.000000,,,,0.119486,0.134858,1.500000,13.074006,43.469301,0.000000,circle,预设轨迹15,forward
1775478985.732447,12.449481,1775479021.961316|完整运动,完整运动,circle_orbit,1,1.000000,1.500000,1.500000,,,,,,,,,,,,,,,,1.212626,0.143166,1.153626,0.129337,0.000000,0.000000,0.070269,,-0.156421,0.000000,,,,0.118063,0.134749,1.500000,13.097949,43.445358,0.000000,circle,预设轨迹15,forward
1775478985.753488,12.470522,1775479021.961316|完整运动,完整运动,circle_orbit,1,1.000000,1.500000,1.500000,,,,,,,,,,,,,,,,1.211628,0.139080,1.151719,0.108435,0.000000,0.000000,0.064108,,-0.160506,0.000000,,,,0.114788,0.134638,1.500000,13.145619,43.397688,0.000000,circle,预设轨迹15,forward
1775478985.775285,12.492319,1775479021.961316|完整运动,完整运动,circle_orbit,1,1.000000,1.500000,1.500000,,,,,,,,,,,,,,,,1.210629,0.137258,1.150727,0.123597,0.000000,0.000000,0.061019,,-0.162580,0.000000,,,,0.113378,0.134527,1.500000,13.169260,43.374047,0.000000,circle,预设轨迹15,forward
1775478985.808973,12.526007,1775479021.961316|完整运动,完整运动,circle_orbit,1,1.000000,1.500000,1.500000,,,,,,,,,,,,,,,,1.209610,0.133455,1.148437,0.104925,0.000000,0.000000,0.055105,,-0.166833,0.000000,,,,0.110329,0.134414,1.500000,13.216485,43.326822,0.000000,circle,预设轨迹15,forward
1775478985.840065,12.557099,1775479021.961316|完整运动,完整运动,circle_orbit,1,1.000000,1.500000,1.500000,,,,,,,,,,,,,,,,1.208594,0.131754,1.147643,0.119004,0.000000,0.000000,0.052056,,-0.168754,0.000000,,,,0.109015,0.134301,1.500000,13.240056,43.303251,0.000000,circle,预设轨迹15,forward
1775478985.872581,12.589616,1775479021.961316|完整运动,完整运动,circle_orbit,1,1.000000,1.500000,1.500000,,,,,,,,,,,,,,,,1.207584,0.129982,1.146968,0.116690,0.000000,0.000000,0.048898,,-0.170638,0.000000,,,,0.107638,0.134189,1.500000,13.263656,43.279651,0.000000,circle,预设轨迹15,forward
1775478985.893914,12.610948,1775479021.961316|完整运动,完整运动,circle_orbit,1,1.000000,1.500000,1.500000,,,,,,,,,,,,,,,,1.206579,0.125890,1.146264,0.095201,0.000000,0.000000,0.042438,,-0.174011,0.000000,,,,0.104337,0.134077,1.500000,13.310868,43.232438,0.000000,circle,预设轨迹15,forward
1775478985.915020,12.632054,1775479021.961316|完整运动,完整运动,circle_orbit,1,1.000000,1.500000,1.500000,,,,,,,,,,,,,,,,1.205589,0.124091,1.146213,0.110595,0.000000,0.000000,0.039095,,-0.175534,0.000000,,,,0.102930,0.133967,1.500000,13.334347,43.208960,0.000000,circle,预设轨迹15,forward
1775478985.948240,12.665274,1775479021.961316|完整运动,完整运动,circle_orbit,1,1.000000,1.500000,1.500000,,,,,,,,,,,,,,,,1.204626,0.122179,1.146825,0.107841,0.000000,0.000000,0.035581,,-0.176659,0.000000,,,,0.101425,0.133860,1.500000,13.357823,43.185484,0.000000,circle,预设轨迹15,forward
1775478985.969902,12.686936,1775479021.961316|完整运动,完整运动,circle_orbit,1,1.000000,1.500000,1.500000,,,,,,,,,,,,,,,,1.203709,0.117287,1.148693,0.080601,0.000000,0.000000,0.027818,,-0.178780,0.000000,,,,0.097438,0.133758,1.500000,13.405056,43.138251,0.000000,circle,预设轨迹15,forward
1775478985.991156,12.708190,1775479021.961316|完整运动,完整运动,circle_orbit,1,1.000000,1.500000,1.500000,,,,,,,,,,,,,,,,1.202816,0.115398,1.149273,0.101226,0.000000,0.000000,0.024139,,-0.180004,0.000000,,,,0.095940,0.133659,1.500000,13.429203,43.114104,0.000000,circle,预设轨迹15,forward
1775478986.022637,12.739671,1775479021.961316|完整运动,完整运动,circle_orbit,1,1.000000,1.500000,1.500000,,,,,,,,,,,,,,,,1.201947,0.113540,1.149808,0.099603,0.000000,0.000000,0.020494,,-0.181244,0.000000,,,,0.094463,0.133562,1.500000,13.453350,43.089956,0.000000,circle,预设轨迹15,forward
1775478986.048858,12.765892,1775479021.961316|完整运动,完整运动,circle_orbit,1,1.000000,1.500000,1.500000,,,,,,,,,,,,,,,,1.201097,0.111844,1.150052,0.099127,0.000000,0.000000,0.017070,,-0.182593,0.000000,,,,0.093118,0.133468,1.500000,13.477370,43.065937,0.000000,circle,预设轨迹15,forward
1775478986.074686,12.791720,1775479021.961316|完整运动,完整运动,circle_orbit,1,1.000000,1.500000,1.500000,,,,,,,,,,,,,,,,1.200305,0.107595,1.152788,0.075730,0.000000,0.000000,0.010014,,-0.183794,0.000000,,,,0.089640,0.133380,1.500000,13.525612,43.017694,0.000000,circle,预设轨迹15,forward
1775478986.095105,12.812139,1775479021.961316|完整运动,完整运动,circle_orbit,1,1.000000,1.500000,1.500000,,,,,,,,,,,,,,,,1.199551,0.105879,1.154345,0.093007,0.000000,0.000000,0.006411,,-0.184299,0.000000,,,,0.088266,0.133296,1.500000,13.549813,42.993494,0.000000,circle,预设轨迹15,forward
1775478986.122892,12.839926,1775479021.961316|完整运动,完整运动,circle_orbit,1,1.000000,1.500000,1.500000,,,,,,,,,,,,,,,,1.198834,0.101447,1.155784,0.068209,0.000000,0.000000,-0.001051,,-0.185670,0.000000,,,,0.084622,0.133216,1.500000,13.597920,42.945387,0.000000,circle,预设轨迹15,forward
1775478986.157982,12.875016,1775479021.961316|完整运动,完整运动,circle_orbit,1,1.000000,1.500000,1.500000,,,,,,,,,,,,,,,,1.198073,0.099739,1.152450,0.086922,0.000000,0.000000,-0.004795,,-0.186353,0.000000,,,,0.083249,0.133132,1.500000,13.621800,42.921507,0.000000,circle,预设轨迹15,forward
1775478986.188784,12.905818,1775479021.961316|完整运动,完整运动,circle_orbit,1,1.000000,1.500000,1.500000,,,,,,,,,,,,,,,,1.197260,0.097975,1.148462,0.084747,0.000000,0.000000,-0.008614,,-0.187480,0.000000,,,,0.081833,0.133042,1.500000,13.645691,42.897615,0.000000,circle,预设轨迹15,forward
1775478986.220628,12.937662,1775479021.961316|完整运动,完整运动,circle_orbit,1,1.000000,1.500000,1.500000,,,,,,,,,,,,,,,,1.196338,0.093258,1.141047,0.057878,0.000000,0.000000,-0.016627,,-0.189223,0.000000,,,,0.077952,0.132939,1.500000,13.693563,42.849744,0.000000,circle,预设轨迹15,forward
1775478986.241450,12.958484,1775479021.961316|完整运动,完整运动,circle_orbit,1,1.000000,1.500000,1.500000,,,,,,,,,,,,,,,,1.195318,0.088665,1.134117,0.054217,0.000000,0.000000,-0.024624,,-0.190689,0.000000,,,,0.074176,0.132826,1.500000,13.741159,42.802148,0.000000,circle,预设轨迹15,forward
1775478986.262367,12.979401,1775479021.961316|完整运动,完整运动,circle_orbit,1,1.000000,1.500000,1.500000,,,,,,,,,,,,,,,,1.194248,0.087105,1.129994,0.075409,0.000000,0.000000,-0.028457,,-0.192002,0.000000,,,,0.072937,0.132707,1.500000,13.764826,42.778480,0.000000,circle,预设轨迹15,forward
1775478986.287903,13.004937,1775479021.961316|完整运动,完整运动,circle_orbit,1,1.000000,1.500000,1.500000,,,,,,,,,,,,,,,,1.193132,0.085700,1.126192,0.075163,0.000000,0.000000,-0.032047,,-0.193207,0.000000,,,,0.071828,0.132583,1.500000,13.788401,42.754906,0.000000,circle,预设轨迹15,forward
1775478986.308939,13.025973,1775479021.961316|完整运动,完整运动,circle_orbit,1,1.000000,1.500000,1.500000,,,,,,,,,,,,,,,,1.191989,0.084207,1.123414,0.073012,0.000000,0.000000,-0.035739,,-0.193624,0.000000,,,,0.070644,0.132456,1.500000,13.812069,42.731237,0.000000,circle,预设轨迹15,forward
1775478986.329924,13.046958,1775479021.961316|完整运动,完整运动,circle_orbit,1,1.000000,1.500000,1.500000,,,,,,,,,,,,,,,,1.190824,0.082497,1.120912,0.069669,0.000000,0.000000,-0.039725,,-0.193715,0.000000,,,,0.069277,0.132326,1.500000,13.835743,42.707563,0.000000,circle,预设轨迹15,forward
1775478986.354522,13.071556,1775479021.961316|完整运动,完整运动,circle_orbit,1,1.000000,1.500000,1.500000,,,,,,,,,,,,,,,,1.189638,0.080711,1.118474,0.067315,0.000000,0.000000,-0.043818,,-0.193719,0.000000,,,,0.067845,0.132195,1.500000,13.859357,42.683949,0.000000,circle,预设轨迹15,forward
1775478986.376704,13.093738,1775479021.961316|完整运动,完整运动,circle_orbit,1,1.000000,1.500000,1.500000,,,,,,,,,,,,,,,,1.188424,0.078891,1.115626,0.065238,0.000000,0.000000,-0.047966,,-0.194015,0.000000,,,,0.066382,0.132060,1.500000,13.883210,42.660096,0.000000,circle,预设轨迹15,forward
1775478986.398013,13.115047,1775479021.961316|完整运动,完整运动,circle_orbit,1,1.000000,1.500000,1.500000,,,,,,,,,,,,,,,,1.187187,0.077058,1.112949,0.063317,0.000000,0.000000,-0.052139,,-0.194182,0.000000,,,,0.064908,0.131922,1.500000,13.907120,42.636186,0.000000,circle,预设轨迹15,forward
1775478986.429825,13.146859,1775479021.961316|完整运动,完整运动,circle_orbit,1,1.000000,1.500000,1.500000,,,,,,,,,,,,,,,,1.185924,0.075340,1.110109,0.062455,0.000000,0.000000,-0.056161,,-0.194549,0.000000,,,,0.063529,0.131782,1.500000,13.931122,42.612185,0.000000,circle,预设轨迹15,forward
1775478986.451555,13.168589,1775479021.961316|完整运动,完整运动,circle_orbit,1,1.000000,1.500000,1.500000,,,,,,,,,,,,,,,,1.184599,0.070876,1.105127,0.037396,0.000000,0.000000,-0.064089,,-0.194832,0.000000,,,,0.059831,0.131635,1.500000,13.978999,42.564308,0.000000,circle,预设轨迹15,forward
1775478986.472732,13.189766,1775479021.961316|完整运动,完整运动,circle_orbit,1,1.000000,1.500000,1.500000,,,,,,,,,,,,,,,,1.183256,0.069334,1.102655,0.057767,0.000000,0.000000,-0.068020,,-0.194986,0.000000,,,,0.058596,0.131485,1.500000,14.002703,42.540603,0.000000,circle,预设轨迹15,forward
1775478986.512415,13.229449,1775479021.961316|完整运动,完整运动,circle_orbit,1,1.000000,1.500000,1.500000,,,,,,,,,,,,,,,,1.181869,0.065071,1.098660,0.033097,0.000000,0.000000,-0.075809,,-0.194616,0.000000,,,,0.055058,0.131331,1.500000,14.050497,42.492810,0.000000,circle,预设轨迹15,forward
1775478986.538109,13.255143,1775479021.961316|完整运动,完整运动,circle_orbit,1,1.000000,1.500000,1.500000,,,,,,,,,,,,,,,,1.180473,0.063666,1.096752,0.053132,0.000000,0.000000,-0.079677,,-0.194381,0.000000,,,,0.053933,0.131176,1.500000,14.074525,42.468781,0.000000,circle,预设轨迹15,forward
1775478986.573121,13.290155,1775479021.961316|完整运动,完整运动,circle_orbit,1,1.000000,1.500000,1.500000,,,,,,,,,,,,,,,,1.179061,0.062264,1.094321,0.051750,0.000000,0.000000,-0.083520,,-0.194572,0.000000,,,,0.052808,0.131019,1.500000,14.098385,42.444921,0.000000,circle,预设轨迹15,forward
1775478986.606648,13.323682,1775479021.961316|完整运动,完整运动,circle_orbit,1,1.000000,1.500000,1.500000,,,,,,,,,,,,,,,,1.177565,0.056322,1.087771,0.011750,0.000000,0.000000,-0.095127,,-0.194571,0.000000,,,,0.047829,0.130853,1.500000,14.169736,42.373570,0.000000,circle,预设轨迹15,forward
1775478986.639695,13.356730,1775479021.961316|完整运动,完整运动,circle_orbit,1,1.000000,1.500000,1.500000,,,,,,,,,,,,,,,,1.176050,0.054835,1.085201,0.043682,0.000000,0.000000,-0.099194,,-0.194805,0.000000,,,,0.046626,0.130685,1.500000,14.193665,42.349641,0.000000,circle,预设轨迹15,forward
1775478986.675560,13.392595,1775479021.961316|完整运动,完整运动,circle_orbit,1,1.000000,1.500000,1.500000,,,,,,,,,,,,,,,,1.174486,0.050598,1.080639,0.018827,0.000000,0.000000,-0.107153,,-0.194914,0.000000,,,,0.043081,0.130511,1.500000,14.241664,42.301643,0.000000,circle,预设轨迹15,forward
1775478986.709542,13.426576,1775479021.961316|完整运动,完整运动,circle_orbit,1,1.000000,1.500000,1.500000,,,,,,,,,,,,,,,,1.172878,0.046801,1.076368,0.018320,0.000000,0.000000,-0.114625,,-0.195035,0.000000,,,,0.039903,0.130332,1.500000,14.289435,42.253871,0.000000,circle,预设轨迹15,forward
1775478986.742399,13.459433,1775479021.961316|完整运动,完整运动,circle_orbit,1,1.000000,1.500000,1.500000,,,,,,,,,,,,,,,,1.171279,0.045561,1.075339,0.036261,0.000000,0.000000,-0.118575,,-0.194113,0.000000,,,,0.038899,0.130154,1.500000,14.313220,42.230086,0.000000,circle,预设轨迹15,forward
1775478986.764503,13.481537,1775479021.961316|完整运动,完整运动,circle_orbit,1,1.000000,1.500000,1.500000,,,,,,,,,,,,,,,,1.169649,0.041360,1.071872,0.009856,0.000000,0.000000,-0.126699,,-0.193322,0.000000,,,,0.035361,0.129973,1.500000,14.360519,42.182788,0.000000,circle,预设轨迹15,forward
1775478986.784845,13.501879,1775479021.961316|完整运动,完整运动,circle_orbit,1,1.000000,1.500000,1.500000,,,,,,,,,,,,,,,,1.168021,0.040147,1.070304,0.031048,0.000000,0.000000,-0.130709,,-0.192821,0.000000,,,,0.034372,0.129792,1.500000,14.384364,42.158943,0.000000,circle,预设轨迹15,forward
1775478986.817859,13.534893,1775479021.961316|完整运动,完整运动,circle_orbit,1,1.000000,1.500000,1.500000,,,,,,,,,,,,,,,,1.166393,0.038941,1.068720,0.029892,0.000000,0.000000,-0.134672,,-0.192358,0.000000,,,,0.033386,0.129611,1.500000,14.408320,42.134987,0.000000,circle,预设轨迹15,forward
1775478986.838400,13.555434,1775479021.961316|完整运动,完整运动,circle_orbit,1,1.000000,1.500000,1.500000,,,,,,,,,,,,,,,,1.164769,0.037758,1.067326,0.028891,0.000000,0.000000,-0.138569,,-0.191771,0.000000,,,,0.032417,0.129431,1.500000,14.432396,42.110911,0.000000,circle,预设轨迹15,forward
1775478986.859699,13.576733,1775479021.961316|完整运动,完整运动,circle_orbit,1,1.000000,1.500000,1.500000,,,,,,,,,,,,,,,,1.163132,0.034061,1.064961,0.006329,0.000000,0.000000,-0.146012,,-0.190414,0.000000,,,,0.029284,0.129249,1.500000,14.480437,42.062869,0.000000,circle,预设轨迹15,forward
1775478986.884995,13.602029,1775479021.961316|完整运动,完整运动,circle_orbit,1,1.000000,1.500000,1.500000,,,,,,,,,,,,,,,,1.161507,0.033161,1.063971,0.026413,0.000000,0.000000,-0.149589,,-0.189643,0.000000,,,,0.028550,0.129069,1.500000,14.504361,42.038945,0.000000,circle,预设轨迹15,forward
1775478986.918690,13.635724,1775479021.961316|完整运动,完整运动,circle_orbit,1,1.000000,1.500000,1.500000,,,,,,,,,,,,,,,,1.159899,0.032225,1.063396,0.025201,0.000000,0.000000,-0.153174,,-0.188526,0.000000,,,,0.027782,0.128890,1.500000,14.528322,42.014984,0.000000,circle,预设轨迹15,forward
1775478986.941968,13.659002,1775479021.961316|完整运动,完整运动,circle_orbit,1,1.000000,1.500000,1.500000,,,,,,,,,,,,,,,,1.158309,0.031227,1.062945,0.023741,0.000000,0.000000,-0.156809,,-0.187284,0.000000,,,,0.026959,0.128713,1.500000,14.552258,41.991049,0.000000,circle,预设轨迹15,forward
1775478986.962445,13.679479,1775479021.961316|完整运动,完整运动,circle_orbit,1,1.000000,1.500000,1.500000,,,,,,,,,,,,,,,,1.156726,0.027515,1.061759,-0.000322,0.000000,0.000000,-0.164273,,-0.184952,0.000000,,,,0.023787,0.128537,1.500000,14.600099,41.943207,0.000000,circle,预设轨迹15,forward
1775478986.987375,13.704410,1775479021.961316|完整运动,完整运动,circle_orbit,1,1.000000,1.500000,1.500000,,,,,,,,,,,,,,,,1.155153,0.026368,1.060738,0.017762,0.000000,0.000000,-0.168211,,-0.184051,0.000000,,,,0.022826,0.128362,1.500000,14.624035,41.919271,0.000000,circle,预设轨迹15,forward
1775478987.019347,13.736381,1775479021.961316|完整运动,完整运动,circle_orbit,1,1.000000,1.500000,1.500000,,,,,,,,,,,,,,,,1.153591,0.025210,1.059892,0.016530,0.000000,0.000000,-0.172137,,-0.183012,0.000000,,,,0.021854,0.128189,1.500000,14.647934,41.895373,0.000000,circle,预设轨迹15,forward
1775478987.045540,13.762574,1775479021.961316|完整运动,完整运动,circle_orbit,1,1.000000,1.500000,1.500000,,,,,,,,,,,,,,,,1.152047,0.023949,1.059426,0.014493,0.000000,0.000000,-0.176190,,-0.181599,0.000000,,,,0.020789,0.128017,1.500000,14.671935,41.871371,0.000000,circle,预设轨迹15,forward
1775478987.065936,13.782970,1775479021.961316|完整运动,完整运动,circle_orbit,1,1.000000,1.500000,1.500000,,,,,,,,,,,,,,,,1.150502,0.020107,1.057796,-0.008711,0.000000,0.000000,-0.183901,,-0.179535,0.000000,,,,0.017477,0.127846,1.500000,14.719461,41.823846,0.000000,circle,预设轨迹15,forward
1775478987.088589,13.805624,1775479021.961316|完整运动,完整运动,circle_orbit,1,1.000000,1.500000,1.500000,,,,,,,,,,,,,,,,1.148972,0.019293,1.057176,0.013185,0.000000,0.000000,-0.187437,,-0.178483,0.000000,,,,0.016791,0.127676,1.500000,14.742993,41.800314,0.000000,circle,预设轨迹15,forward
1775478987.128556,13.845590,1775479021.961316|完整运动,完整运动,circle_orbit,1,1.000000,1.500000,1.500000,,,,,,,,,,,,,,,,1.147460,0.018625,1.056725,0.013616,0.000000,0.000000,-0.190723,,-0.177401,0.000000,,,,0.016231,0.127508,1.500000,14.766410,41.776897,0.000000,circle,预设轨迹15,forward
1775478987.160880,13.877914,1775479021.961316|完整运动,完整运动,circle_orbit,1,1.000000,1.500000,1.500000,,,,,,,,,,,,,,,,1.145979,0.015265,1.057116,-0.009929,0.000000,0.000000,-0.197797,,-0.173929,0.000000,,,,0.013321,0.127343,1.500000,14.813040,41.730266,0.000000,circle,预设轨迹15,forward
1775478987.192587,13.909621,1775479021.961316|完整运动,完整运动,circle_orbit,1,1.000000,1.500000,1.500000,,,,,,,,,,,,,,,,1.144522,0.011706,1.057100,-0.014991,0.000000,0.000000,-0.205266,,-0.170622,0.000000,,,,0.010228,0.127181,1.500000,14.859731,41.683576,0.000000,circle,预设轨迹15,forward
1775478987.213586,13.930620,1775479021.961316|完整运动,完整运动,circle_orbit,1,1.000000,1.500000,1.500000,,,,,,,,,,,,,,,,1.143081,0.010888,1.056618,0.004757,0.000000,0.000000,-0.208950,,-0.169390,0.000000,,,,0.009525,0.127021,1.500000,14.882948,41.660359,0.000000,circle,预设轨迹15,forward
1775478987.237832,13.954866,1775479021.961316|完整运动,完整运动,circle_orbit,1,1.000000,1.500000,1.500000,,,,,,,,,,,,,,,,1.141661,0.010068,1.056489,0.003913,0.000000,0.000000,-0.212596,,-0.167877,0.000000,,,,0.008818,0.126863,1.500000,14.906204,41.637103,0.000000,circle,预设轨迹15,forward
1775478987.258332,13.975366,1775479021.961316|完整运动,完整运动,circle_orbit,1,1.000000,1.500000,1.500000,,,,,,,,,,,,,,,,1.140260,0.009400,1.056203,0.004396,0.000000,0.000000,-0.215985,,-0.166611,0.000000,,,,0.008244,0.126708,1.500000,14.929379,41.613928,0.000000,circle,预设轨迹15,forward
1775478987.278709,13.995743,1775479021.961316|完整运动,完整运动,circle_orbit,1,1.000000,1.500000,1.500000,,,,,,,,,,,,,,,,1.138896,0.006416,1.057013,-0.015965,0.000000,0.000000,-0.222632,,-0.162976,0.000000,,,,0.005634,0.126556,1.500000,14.975807,41.567500,0.000000,circle,预设轨迹15,forward
1775478987.310012,14.027046,1775479021.961316|完整运动,完整运动,circle_orbit,1,1.000000,1.500000,1.500000,,,,,,,,,,,,,,,,1.137550,0.006017,1.056794,0.003020,0.000000,0.000000,-0.225692,,-0.161800,0.000000,,,,0.005289,0.126406,1.500000,14.999014,41.544293,0.000000,circle,预设轨迹15,forward
1775478987.345354,14.062388,1775479021.961316|完整运动,完整运动,circle_orbit,1,1.000000,1.500000,1.500000,,,,,,,,,,,,,,,,1.136242,0.003587,1.057786,-0.014635,0.000000,0.000000,-0.231586,,-0.158348,0.000000,,,,0.003157,0.126261,1.500000,15.045384,41.497923,0.000000,circle,预设轨迹15,forward
1775478987.370884,14.087918,1775479021.961316|完整运动,完整运动,circle_orbit,1,1.000000,1.500000,1.500000,,,,,,,,,,,,,,,,1.134968,0.003254,1.058524,0.000752,0.000000,0.000000,-0.234561,,-0.156408,0.000000,,,,0.002867,0.126120,1.500000,15.068511,41.474796,0.000000,circle,预设轨迹15,forward
1775478987.391792,14.108826,1775479021.961316|完整运动,完整运动,circle_orbit,1,1.000000,1.500000,1.500000,,,,,,,,,,,,,,,,1.133718,0.002876,1.058702,0.000048,0.000000,0.000000,-0.237540,,-0.154935,0.000000,,,,0.002537,0.125981,1.500000,15.091692,41.451615,0.000000,circle,预设轨迹15,forward
1775478987.417308,14.134342,1775479021.961316|完整运动,完整运动,circle_orbit,1,1.000000,1.500000,1.500000,,,,,,,,,,,,,,,,1.132496,0.002347,1.059189,-0.001621,0.000000,0.000000,-0.240685,,-0.153130,0.000000,,,,0.002073,0.125845,1.500000,15.114865,41.428442,0.000000,circle,预设轨迹15,forward
1775478987.450365,14.167399,1775479021.961316|完整运动,完整运动,circle_orbit,1,1.000000,1.500000,1.500000,,,,,,,,,,,,,,,,1.131300,0.001660,1.059509,-0.003499,0.000000,0.000000,-0.244018,,-0.151381,0.000000,,,,0.001467,0.125712,1.500000,15.138142,41.405164,0.000000,circle,预设轨迹15,forward
1775478987.473403,14.190437,1775479021.961316|完整运动,完整运动,circle_orbit,1,1.000000,1.500000,1.500000,,,,,,,,,,,,,,,,1.130135,-0.001428,1.060264,-0.024587,0.000000,0.000000,-0.250742,,-0.147762,0.000000,,,,0.001264,0.125582,1.500000,15.184802,41.358504,0.000000,circle,预设轨迹15,forward
1775478987.493747,14.210781,1775479021.961316|完整运动,完整运动,circle_orbit,1,1.000000,1.500000,1.500000,,,,,,,,,,,,,,,,1.128997,-0.001936,1.060722,-0.005740,0.000000,0.000000,-0.253904,,-0.145975,0.000000,,,,0.001714,0.125456,1.500000,15.208158,41.335149,0.000000,circle,预设轨迹15,forward
1775478987.524969,14.242003,1775479021.961316|完整运动,完整运动,circle_orbit,1,1.000000,1.500000,1.500000,,,,,,,,,,,,,,,,1.127885,-0.002395,1.061155,-0.005841,0.000000,0.000000,-0.256960,,-0.144256,0.000000,,,,0.002123,0.125332,1.500000,15.231579,41.311728,0.000000,circle,预设轨迹15,forward
1775478987.551332,14.268366,1775479021.961316|完整运动,完整运动,circle_orbit,1,1.000000,1.500000,1.500000,,,,,,,,,,,,,,,,1.126817,-0.004579,1.062731,-0.020959,0.000000,0.000000,-0.262436,,-0.140512,0.000000,,,,0.004064,0.125214,1.500000,15.278289,41.265018,0.000000,circle,预设轨迹15,forward
1775478987.571733,14.288768,1775479021.961316|完整运动,完整运动,circle_orbit,1,1.000000,1.500000,1.500000,,,,,,,,,,,,,,,,1.125790,-0.004807,1.064158,-0.006521,0.000000,0.000000,-0.265193,,-0.138104,0.000000,,,,0.004270,0.125100,1.500000,15.301500,41.241806,0.000000,circle,预设轨迹15,forward
1775478987.598920,14.315954,1775479021.961316|完整运动,完整运动,circle_orbit,1,1.000000,1.500000,1.500000,,,,,,,,,,,,,,,,1.124798,-0.005234,1.065282,-0.008432,0.000000,0.000000,-0.268184,,-0.135844,0.000000,,,,0.004653,0.124989,1.500000,15.324535,41.218772,0.000000,circle,预设轨迹15,forward
1775478987.633068,14.350102,1775479021.961316|完整运动,完整运动,circle_orbit,1,1.000000,1.500000,1.500000,,,,,,,,,,,,,,,,1.123836,-0.005741,1.066100,-0.009543,0.000000,0.000000,-0.271255,,-0.133804,0.000000,,,,0.005108,0.124882,1.500000,15.347649,41.195658,0.000000,circle,预设轨迹15,forward
1775478987.654694,14.371728,1775479021.961316|完整运动,完整运动,circle_orbit,1,1.000000,1.500000,1.500000,,,,,,,,,,,,,,,,1.122911,-0.008366,1.067446,-0.028056,0.000000,0.000000,-0.277316,,-0.130001,0.000000,,,,0.007450,0.124780,1.500000,15.394310,41.148997,0.000000,circle,预设轨迹15,forward
1775478987.676038,14.393072,1775479021.961316|完整运动,完整运动,circle_orbit,1,1.000000,1.500000,1.500000,,,,,,,,,,,,,,,,1.122002,-0.006669,1.067446,0.006059,0.000000,0.000000,-0.277316,,-0.130001,0.000000,,,,0.005944,0.124679,1.500000,15.394310,41.148997,0.000000,circle,预设轨迹15,forward
1775478987.697448,14.414482,1775479021.961316|完整运动,完整运动,circle_orbit,1,1.000000,1.500000,1.500000,,,,,,,,,,,,,,,,1.121138,-0.008738,1.069333,-0.024253,0.000000,0.000000,-0.282525,,-0.126136,0.000000,,,,0.007794,0.124583,1.500000,15.441286,41.102020,0.000000,circle,预设轨迹15,forward
1775478987.717817,14.434851,1775479021.961316|完整运动,完整运动,circle_orbit,1,1.000000,1.500000,1.500000,,,,,,,,,,,,,,,,1.120311,-0.008899,1.070674,-0.010111,0.000000,0.000000,-0.285090,,-0.123898,0.000000,,,,0.007944,0.124491,1.500000,15.464752,41.078555,0.000000,circle,预设轨迹15,forward
1775478987.738445,14.455479,1775479021.961316|完整运动,完整运动,circle_orbit,1,1.000000,1.500000,1.500000,,,,,,,,,,,,,,,,1.119526,-0.009080,1.072429,-0.010432,0.000000,0.000000,-0.287642,,-0.121331,0.000000,,,,0.008110,0.124404,1.500000,15.488227,41.055079,0.000000,circle,预设轨迹15,forward
1775478987.759365,14.476399,1775479021.961316|完整运动,完整运动,circle_orbit,1,1.000000,1.500000,1.500000,,,,,,,,,,,,,,,,1.118774,-0.009110,1.073615,-0.009335,0.000000,0.000000,-0.289942,,-0.119342,0.000000,,,,0.008143,0.124320,1.500000,15.511690,41.031616,0.000000,circle,预设轨迹15,forward
1775478987.785030,14.502064,1775479021.961316|完整运动,完整运动,circle_orbit,1,1.000000,1.500000,1.500000,,,,,,,,,,,,,,,,1.118060,-0.009008,1.075227,-0.008243,0.000000,0.000000,-0.292013,,-0.117113,0.000000,,,,0.008057,0.124241,1.500000,15.535131,41.008175,0.000000,circle,预设轨迹15,forward
1775478987.813530,14.530564,1775479021.961316|完整运动,完整运动,circle_orbit,1,1.000000,1.500000,1.500000,,,,,,,,,,,,,,,,1.117414,-0.010174,1.078678,-0.018922,0.000000,0.000000,-0.295849,,-0.112618,0.000000,,,,0.009105,0.124169,1.500000,15.581483,40.961824,0.000000,circle,预设轨迹15,forward
1775478987.842109,14.559143,1775479021.961316|完整运动,完整运动,circle_orbit,1,1.000000,1.500000,1.500000,,,,,,,,,,,,,,,,1.116811,-0.010016,1.080626,-0.008827,0.000000,0.000000,-0.297828,,-0.110172,0.000000,,,,0.008968,0.124102,1.500000,15.604677,40.938630,0.000000,circle,预设轨迹15,forward
1775478987.862458,14.579493,1775479021.961316|完整运动,完整运动,circle_orbit,1,1.000000,1.500000,1.500000,,,,,,,,,,,,,,,,1.116278,-0.011370,1.084325,-0.021530,0.000000,0.000000,-0.301920,,-0.105394,0.000000,,,,0.010186,0.124043,1.500000,15.651202,40.892105,0.000000,circle,预设轨迹15,forward
1775478987.891801,14.608835,1775479021.961316|完整运动,完整运动,circle_orbit,1,1.000000,1.500000,1.500000,,,,,,,,,,,,,,,,1.115755,-0.009825,1.084325,0.001768,0.000000,0.000000,-0.301920,,-0.105394,0.000000,,,,0.008805,0.123984,1.500000,15.651202,40.892105,0.000000,circle,预设轨迹15,forward
1775478987.913065,14.630099,1775479021.961316|完整运动,完整运动,circle_orbit,1,1.000000,1.500000,1.500000,,,,,,,,,,,,,,,,1.115297,-0.011328,1.087853,-0.022603,0.000000,0.000000,-0.306141,,-0.100714,0.000000,,,,0.010157,0.123934,1.500000,15.697735,40.845571,0.000000,circle,预设轨迹15,forward
1775478987.933630,14.650664,1775479021.961316|完整运动,完整运动,circle_orbit,1,1.000000,1.500000,1.500000,,,,,,,,,,,,,,,,1.114874,-0.011244,1.089481,-0.010616,0.000000,0.000000,-0.308159,,-0.098529,0.000000,,,,0.010086,0.123887,1.500000,15.721004,40.822303,0.000000,circle,预设轨迹15,forward
1775478987.965240,14.682274,1775479021.961316|完整运动,完整运动,circle_orbit,1,1.000000,1.500000,1.500000,,,,,,,,,,,,,,,,1.114489,-0.011117,1.091410,-0.010165,0.000000,0.000000,-0.310078,,-0.096155,0.000000,,,,0.009975,0.123844,1.500000,15.744214,40.799093,0.000000,circle,预设轨迹15,forward
1775478987.987958,14.704992,1775479021.961316|完整运动,完整运动,circle_orbit,1,1.000000,1.500000,1.500000,,,,,,,,,,,,,,,,1.114172,-0.011874,1.095163,-0.017549,0.000000,0.000000,-0.313224,,-0.091813,0.000000,,,,0.010657,0.123809,1.500000,15.790757,40.752550,0.000000,circle,预设轨迹15,forward
1775478988.008476,14.725511,1775479021.961316|完整运动,完整运动,circle_orbit,1,1.000000,1.500000,1.500000,,,,,,,,,,,,,,,,1.113900,-0.011410,1.097552,-0.007932,0.000000,0.000000,-0.314650,,-0.089316,0.000000,,,,0.010243,0.123778,1.500000,15.814061,40.729246,0.000000,circle,预设轨迹15,forward
1775478988.044566,14.761600,1775479021.961316|完整运动,完整运动,circle_orbit,1,1.000000,1.500000,1.500000,,,,,,,,,,,,,,,,1.113674,-0.011115,1.100115,-0.008902,0.000000,0.000000,-0.316265,,-0.086608,0.000000,,,,0.009981,0.123753,1.500000,15.837082,40.706225,0.000000,circle,预设轨迹15,forward
1775478988.069358,14.786392,1775479021.961316|完整运动,完整运动,circle_orbit,1,1.000000,1.500000,1.500000,,,,,,,,,,,,,,,,1.113521,-0.012027,1.104338,-0.018864,0.000000,0.000000,-0.319563,,-0.081883,0.000000,,,,0.010801,0.123736,1.500000,15.883125,40.660181,0.000000,circle,预设轨迹15,forward
1775478988.089719,14.806753,1775479021.961316|完整运动,完整运动,circle_orbit,1,1.000000,1.500000,1.500000,,,,,,,,,,,,,,,,1.113408,-0.011783,1.106601,-0.009955,0.000000,0.000000,-0.321248,,-0.079399,0.000000,,,,0.010583,0.123724,1.500000,15.906341,40.636966,0.000000,circle,预设轨迹15,forward
1775478988.111055,14.828089,1775479021.961316|完整运动,完整运动,circle_orbit,1,1.000000,1.500000,1.500000,,,,,,,,,,,,,,,,1.113328,-0.011480,1.108574,-0.009207,0.000000,0.000000,-0.322811,,-0.077196,0.000000,,,,0.010311,0.123715,1.500000,15.929654,40.613652,0.000000,circle,预设轨迹15,forward
1775478988.148338,14.865372,1775479021.961316|完整运动,完整运动,circle_orbit,1,1.000000,1.500000,1.500000,,,,,,,,,,,,,,,,1.113331,-0.011906,1.113504,-0.015104,0.000000,0.000000,-0.325384,,-0.072308,0.000000,,,,0.010694,0.123715,1.500000,15.976517,40.566789,0.000000,circle,预设轨迹15,forward
1775478988.171305,14.888339,1775479021.961316|完整运动,完整运动,circle_orbit,1,1.000000,1.500000,1.500000,,,,,,,,,,,,,,,,1.113372,-0.011614,1.115806,-0.009422,0.000000,0.000000,-0.326940,,-0.069880,0.000000,,,,0.010431,0.123720,1.500000,16.000057,40.543249,0.000000,circle,预设轨迹15,forward
1775478988.194523,14.911557,1775479021.961316|完整运动,完整运动,circle_orbit,1,1.000000,1.500000,1.500000,,,,,,,,,,,,,,,,1.113448,-0.011088,1.118017,-0.007145,0.000000,0.000000,-0.328129,,-0.067689,0.000000,,,,0.009958,0.123728,1.500000,16.023613,40.519694,0.000000,circle,预设轨迹15,forward
1775478988.215282,14.932316,1775479021.961316|完整运动,完整运动,circle_orbit,1,1.000000,1.500000,1.500000,,,,,,,,,,,,,,,,1.113563,-0.010437,1.120464,-0.005550,0.000000,0.000000,-0.329094,,-0.065429,0.000000,,,,0.009372,0.123741,1.500000,16.047161,40.496146,0.000000,circle,预设轨迹15,forward
1775478988.235599,14.952633,1775479021.961316|完整运动,完整运动,circle_orbit,1,1.000000,1.500000,1.500000,,,,,,,,,,,,,,,,1.113725,-0.009693,1.123460,-0.004114,0.000000,0.000000,-0.329880,,-0.062849,0.000000,,,,0.008703,0.123759,1.500000,16.070737,40.472570,0.000000,circle,预设轨迹15,forward
1775478988.263843,14.980877,1775479021.961316|完整运动,完整运动,circle_orbit,1,1.000000,1.500000,1.500000,,,,,,,,,,,,,,,,1.113937,-0.008966,1.126652,-0.003511,0.000000,0.000000,-0.330639,,-0.060146,0.000000,,,,0.008049,0.123783,1.500000,16.094108,40.449199,0.000000,circle,预设轨迹15,forward
1775478988.286444,15.003478,1775479021.961316|完整运动,完整运动,circle_orbit,1,1.000000,1.500000,1.500000,,,,,,,,,,,,,,,,1.114253,-0.009095,1.133178,-0.010061,0.000000,0.000000,-0.332581,,-0.054491,0.000000,,,,0.008162,0.123818,1.500000,16.140986,40.402321,0.000000,circle,预设轨迹15,forward
1775478988.306793,15.023827,1775479021.961316|完整运动,完整运动,circle_orbit,1,1.000000,1.500000,1.500000,,,,,,,,,,,,,,,,1.114610,-0.008667,1.136057,-0.005458,0.000000,0.000000,-0.333735,,-0.051882,0.000000,,,,0.007776,0.123857,1.500000,16.164529,40.378777,0.000000,circle,预设轨迹15,forward
1775478988.332266,15.049300,1775479021.961316|完整运动,完整运动,circle_orbit,1,1.000000,1.500000,1.500000,,,,,,,,,,,,,,,,1.115005,-0.008353,1.138695,-0.005999,0.000000,0.000000,-0.335022,,-0.049398,0.000000,,,,0.007491,0.123901,1.500000,16.188133,40.355174,0.000000,circle,预设轨迹15,forward
1775478988.357334,15.074368,1775479021.961316|完整运动,完整运动,circle_orbit,1,1.000000,1.500000,1.500000,,,,,,,,,,,,,,,,1.115439,-0.008079,1.141463,-0.006027,0.000000,0.000000,-0.336346,,-0.046813,0.000000,,,,0.007243,0.123949,1.500000,16.211763,40.331544,0.000000,circle,预设轨迹15,forward
1775478988.377991,15.095026,1775479021.961316|完整运动,完整运动,circle_orbit,1,1.000000,1.500000,1.500000,,,,,,,,,,,,,,,,1.115913,-0.007768,1.144386,-0.005435,0.000000,0.000000,-0.337600,,-0.044158,0.000000,,,,0.006961,0.124002,1.500000,16.235420,40.307887,0.000000,circle,预设轨迹15,forward
1775478988.410244,15.127278,1775479021.961316|完整运动,完整运动,circle_orbit,1,1.000000,1.500000,1.500000,,,,,,,,,,,,,,,,1.116485,-0.008078,1.150819,-0.010403,0.000000,0.000000,-0.339730,,-0.038632,0.000000,,,,0.007235,0.124066,1.500000,16.282829,40.260478,0.000000,circle,预设轨迹15,forward
1775478988.444769,15.161803,1775479021.961316|完整运动,完整运动,circle_orbit,1,1.000000,1.500000,1.500000,,,,,,,,,,,,,,,,1.117099,-0.007411,1.153899,-0.002408,0.000000,0.000000,-0.340488,,-0.036120,0.000000,,,,0.006634,0.124134,1.500000,16.306534,40.236772,0.000000,circle,预设轨迹15,forward
1775478988.475579,15.192613,1775479021.961316|完整运动,完整运动,circle_orbit,1,1.000000,1.500000,1.500000,,,,,,,,,,,,,,,,1.117817,-0.007024,1.160902,-0.004124,0.000000,0.000000,-0.341618,,-0.030717,0.000000,,,,0.006284,0.124214,1.500000,16.353483,40.189824,0.000000,circle,预设轨迹15,forward
1775478988.516114,15.233148,1775479021.961316|完整运动,完整运动,circle_orbit,1,1.000000,1.500000,1.500000,,,,,,,,,,,,,,,,1.118636,-0.006843,1.167782,-0.005486,0.000000,0.000000,-0.343031,,-0.025331,0.000000,,,,0.006118,0.124305,1.500000,16.399939,40.143367,0.000000,circle,预设轨迹15,forward
1775478988.556761,15.273795,1775479021.961316|完整运动,完整运动,circle_orbit,1,1.000000,1.500000,1.500000,,,,,,,,,,,,,,,,1.119498,-0.006121,1.171201,-0.000706,0.000000,0.000000,-0.343669,,-0.022704,0.000000,,,,0.005468,0.124400,1.500000,16.423226,40.120081,0.000000,circle,预设轨迹15,forward
1775478988.577711,15.294745,1775479021.961316|完整运动,完整运动,circle_orbit,1,1.000000,1.500000,1.500000,,,,,,,,,,,,,,,,1.120457,-0.005544,1.177992,-0.001211,0.000000,0.000000,-0.344484,,-0.017727,0.000000,,,,0.004948,0.124507,1.500000,16.470355,40.072951,0.000000,circle,预设轨迹15,forward
1775478988.598788,15.315822,1775479021.961316|完整运动,完整运动,circle_orbit,1,1.000000,1.500000,1.500000,,,,,,,,,,,,,,,,1.121462,-0.004438,1.181777,0.003855,0.000000,0.000000,-0.344523,,-0.015161,0.000000,,,,0.003957,0.124619,1.500000,16.494045,40.049262,0.000000,circle,预设轨迹15,forward
1775478988.620957,15.337991,1775479021.961316|完整运动,完整运动,circle_orbit,1,1.000000,1.500000,1.500000,,,,,,,,,,,,,,,,1.122587,-0.003340,1.190116,0.004895,0.000000,0.000000,-0.344532,,-0.009598,0.000000,,,,0.002975,0.124744,1.500000,16.541452,40.001855,0.000000,circle,预设轨迹15,forward
1775478988.642377,15.359411,1775479021.961316|完整运动,完整运动,circle_orbit,1,1.000000,1.500000,1.500000,,,,,,,,,,,,,,,,1.123756,-0.002174,1.193865,0.006575,0.000000,0.000000,-0.344392,,-0.007187,0.000000,,,,0.001934,0.124874,1.500000,16.565142,39.978165,0.000000,circle,预设轨迹15,forward
1775478988.671343,15.388377,1775479021.961316|完整运动,完整运动,circle_orbit,1,1.000000,1.500000,1.500000,,,,,,,,,,,,,,,,1.124976,-0.000909,1.198204,0.008577,0.000000,0.000000,-0.344063,,-0.004490,0.000000,,,,0.000808,0.125009,1.500000,16.589065,39.954241,0.000000,circle,预设轨迹15,forward
1775478988.703757,15.420791,1775479021.961316|完整运动,完整运动,circle_orbit,1,1.000000,1.500000,1.500000,,,,,,,,,,,,,,,,1.126251,0.000363,1.202745,0.009904,0.000000,0.000000,-0.343670,,-0.001710,0.000000,,,,0.000323,0.125151,1.500000,16.612802,39.930504,0.000000,circle,预设轨迹15,forward
1775478988.725718,15.442753,1775479021.961316|完整运动,完整运动,circle_orbit,1,1.000000,1.500000,1.500000,,,,,,,,,,,,,,,,1.127526,0.001538,1.204037,0.010344,0.000000,0.000000,-0.343365,,0.001009,0.000000,,,,0.001364,0.125293,1.500000,16.636512,39.906795,0.000000,circle,预设轨迹15,forward
1775478988.746092,15.463126,1775479021.961316|完整运动,完整运动,circle_orbit,1,1.000000,1.500000,1.500000,,,,,,,,,,,,,,,,1.128643,0.002700,1.195629,0.011421,0.000000,0.000000,-0.343045,,0.006628,0.000000,,,,0.002393,0.125417,1.500000,16.684160,39.859147,0.000000,circle,预设轨迹15,forward
1775478988.779332,15.496366,1775479021.961316|完整运动,完整运动,circle_orbit,1,1.000000,1.500000,1.500000,,,,,,,,,,,,,,,,1.129671,0.003627,1.191349,0.010581,0.000000,0.000000,-0.343018,,0.009456,0.000000,,,,0.003211,0.125531,1.500000,16.708139,39.835167,0.000000,circle,预设轨迹15,forward
1775478988.813562,15.530596,1775479021.961316|完整运动,完整运动,circle_orbit,1,1.000000,1.500000,1.500000,,,,,,,,,,,,,,,,1.130553,0.004698,1.183468,0.012726,0.000000,0.000000,-0.342770,,0.014807,0.000000,,,,0.004155,0.125629,1.500000,16.756368,39.786939,0.000000,circle,预设轨迹15,forward
1775478988.845881,15.562915,1775479021.961316|完整运动,完整运动,circle_orbit,1,1.000000,1.500000,1.500000,,,,,,,,,,,,,,,,1.131360,0.005806,1.179776,0.014117,0.000000,0.000000,-0.342432,,0.017436,0.000000,,,,0.005132,0.125719,1.500000,16.780486,39.762820,0.000000,circle,预设轨迹15,forward
1775478988.870659,15.587693,1775479021.961316|完整运动,完整运动,circle_orbit,1,1.000000,1.500000,1.500000,,,,,,,,,,,,,,,,1.132046,0.007487,1.173263,0.020094,0.000000,0.000000,-0.341253,,0.022371,0.000000,,,,0.006614,0.125795,1.500000,16.828603,39.714704,0.000000,circle,预设轨迹15,forward
1775478988.891396,15.608430,1775479021.961316|完整运动,完整运动,circle_orbit,1,1.000000,1.500000,1.500000,,,,,,,,,,,,,,,,1.132675,0.008942,1.170357,0.019853,0.000000,0.000000,-0.340327,,0.024766,0.000000,,,,0.007894,0.125865,1.500000,16.852636,39.690671,0.000000,circle,预设轨迹15,forward
1775478988.920826,15.637860,1775479021.961316|完整运动,完整运动,circle_orbit,1,1.000000,1.500000,1.500000,,,,,,,,,,,,,,,,1.133232,0.010376,1.166656,0.021137,0.000000,0.000000,-0.339380,,0.027729,0.000000,,,,0.009156,0.125927,1.500000,16.876554,39.666752,0.000000,circle,预设轨迹15,forward
1775478988.958107,15.675141,1775479021.961316|完整运动,完整运动,circle_orbit,1,1.000000,1.500000,1.500000,,,,,,,,,,,,,,,,1.133729,0.011789,1.163602,0.022387,0.000000,0.000000,-0.338413,,0.030267,0.000000,,,,0.010399,0.125982,1.500000,16.900325,39.642982,0.000000,circle,预设轨迹15,forward
1775478988.994156,15.711190,1775479021.961316|完整运动,完整运动,circle_orbit,1,1.000000,1.500000,1.500000,,,,,,,,,,,,,,,,1.134120,0.013729,1.157522,0.028272,0.000000,0.000000,-0.336662,,0.035278,0.000000,,,,0.012105,0.126025,1.500000,16.947700,39.595606,0.000000,circle,预设轨迹15,forward
1775478989.017902,15.734936,1775479021.961316|完整运动,完整运动,circle_orbit,1,1.000000,1.500000,1.500000,,,,,,,,,,,,,,,,1.134409,0.015968,1.151781,0.032763,0.000000,0.000000,-0.334420,,0.040311,0.000000,,,,0.014076,0.126057,1.500000,16.995180,39.548126,0.000000,circle,预设轨迹15,forward
1775478989.038281,15.755316,1775479021.961316|完整运动,完整运动,circle_orbit,1,1.000000,1.500000,1.500000,,,,,,,,,,,,,,,,1.134652,0.017504,1.149207,0.029021,0.000000,0.000000,-0.333090,,0.042726,0.000000,,,,0.015426,0.126084,1.500000,17.019110,39.524196,0.000000,circle,预设轨迹15,forward
1775478989.061945,15.778979,1775479021.961316|完整运动,完整运动,circle_orbit,1,1.000000,1.500000,1.500000,,,,,,,,,,,,,,,,1.134846,0.019062,1.146532,0.030746,0.000000,0.000000,-0.331682,,0.045255,0.000000,,,,0.016797,0.126106,1.500000,17.043050,39.500256,0.000000,circle,预设轨迹15,forward
1775478989.107239,15.824274,1775479021.961316|完整运动,完整运动,circle_orbit,1,1.000000,1.500000,1.500000,,,,,,,,,,,,,,,,1.134952,0.021652,1.141274,0.041078,0.000000,0.000000,-0.328771,,0.050316,0.000000,,,,0.019077,0.126118,1.500000,17.091025,39.452282,0.000000,circle,预设轨迹15,forward
1775478989.135532,15.852566,1775479021.961316|完整运动,完整运动,circle_orbit,1,1.000000,1.500000,1.500000,,,,,,,,,,,,,,,,1.134981,0.024668,1.136737,0.047291,0.000000,0.000000,-0.325163,,0.055198,0.000000,,,,0.021734,0.126121,1.500000,17.138805,39.404502,0.000000,circle,预设轨迹15,forward
1775478989.164623,15.881657,1775479021.961316|完整运动,完整运动,circle_orbit,1,1.000000,1.500000,1.500000,,,,,,,,,,,,,,,,1.134934,0.027760,1.132108,0.050952,0.000000,0.000000,-0.321338,,0.060271,0.000000,,,,0.024460,0.126116,1.500000,17.186375,39.356932,0.000000,circle,预设轨迹15,forward
1775478989.185082,15.902116,1775479021.961316|完整运动,完整运动,circle_orbit,1,1.000000,1.500000,1.500000,,,,,,,,,,,,,,,,1.134850,0.029418,1.129789,0.041850,0.000000,0.000000,-0.319432,,0.062818,0.000000,,,,0.025922,0.126106,1.500000,17.210354,39.332953,0.000000,circle,预设轨迹15,forward
1775478989.216770,15.933804,1775479021.961316|完整运动,完整运动,circle_orbit,1,1.000000,1.500000,1.500000,,,,,,,,,,,,,,,,1.134726,0.030853,1.127330,0.041611,0.000000,0.000000,-0.317806,,0.065350,0.000000,,,,0.027189,0.126093,1.500000,17.234167,39.309139,0.000000,circle,预设轨迹15,forward
1775478989.253801,15.970835,1775479021.961316|完整运动,完整运动,circle_orbit,1,1.000000,1.500000,1.500000,,,,,,,,,,,,,,,,1.134569,0.032247,1.125158,0.042708,0.000000,0.000000,-0.316211,,0.067665,0.000000,,,,0.028423,0.126075,1.500000,17.258039,39.285268,0.000000,circle,预设轨迹15,forward
1775478989.286006,16.003040,1775479021.961316|完整运动,完整运动,circle_orbit,1,1.000000,1.500000,1.500000,,,,,,,,,,,,,,,,1.134345,0.034904,1.120871,0.054826,0.000000,0.000000,-0.312810,,0.072363,0.000000,,,,0.030770,0.126050,1.500000,17.305745,39.237562,0.000000,circle,预设轨迹15,forward
1775478989.308715,16.025749,1775479021.961316|完整运动,完整运动,circle_orbit,1,1.000000,1.500000,1.500000,,,,,,,,,,,,,,,,1.134052,0.037827,1.116490,0.059751,0.000000,0.000000,-0.308947,,0.077363,0.000000,,,,0.033356,0.126018,1.500000,17.353525,39.189781,0.000000,circle,预设轨迹15,forward
1775478989.329175,16.046209,1775479021.961316|完整运动,完整运动,circle_orbit,1,1.000000,1.500000,1.500000,,,,,,,,,,,,,,,,1.133741,0.039534,1.115059,0.052333,0.000000,0.000000,-0.306708,,0.079435,0.000000,,,,0.034870,0.125983,1.500000,17.377428,39.165879,0.000000,circle,预设轨迹15,forward
1775478989.360159,16.077193,1775479021.961316|完整运动,完整运动,circle_orbit,1,1.000000,1.500000,1.500000,,,,,,,,,,,,,,,,1.133395,0.041195,1.112627,0.053653,0.000000,0.000000,-0.304502,,0.082253,0.000000,,,,0.036346,0.125945,1.500000,17.401250,39.142056,0.000000,circle,预设轨迹15,forward
1775478989.390855,16.107889,1775479021.961316|完整运动,完整运动,circle_orbit,1,1.000000,1.500000,1.500000,,,,,,,,,,,,,,,,1.133028,0.042785,1.111034,0.054716,0.000000,0.000000,-0.302363,,0.084412,0.000000,,,,0.037762,0.125904,1.500000,17.424881,39.118425,0.000000,circle,预设轨迹15,forward
1775478989.412451,16.129485,1775479021.961316|完整运动,完整运动,circle_orbit,1,1.000000,1.500000,1.500000,,,,,,,,,,,,,,,,1.132619,0.045773,1.108082,0.068182,0.000000,0.000000,-0.298218,,0.088502,0.000000,,,,0.040414,0.125859,1.500000,17.471993,39.071313,0.000000,circle,预设轨迹15,forward
1775478989.434467,16.151501,1775479021.961316|完整运动,完整运动,circle_orbit,1,1.000000,1.500000,1.500000,,,,,,,,,,,,,,,,1.132185,0.047281,1.106135,0.058591,0.000000,0.000000,-0.296073,,0.090945,0.000000,,,,0.041761,0.125810,1.500000,17.495684,39.047623,0.000000,circle,预设轨迹15,forward
1775478989.468696,16.185730,1775479021.961316|完整运动,完整运动,circle_orbit,1,1.000000,1.500000,1.500000,,,,,,,,,,,,,,,,1.131715,0.050562,1.103509,0.075167,0.000000,0.000000,-0.291395,,0.095041,0.000000,,,,0.044677,0.125758,1.500000,17.543041,39.000266,0.000000,circle,预设轨迹15,forward
1775478989.502076,16.219110,1775479021.961316|完整运动,完整运动,circle_orbit,1,1.000000,1.500000,1.500000,,,,,,,,,,,,,,,,1.131229,0.052209,1.102053,0.064563,0.000000,0.000000,-0.288921,,0.097264,0.000000,,,,0.046153,0.125704,1.500000,17.566678,38.976628,0.000000,circle,预设轨迹15,forward
1775478989.540148,16.257182,1775479021.961316|完整运动,完整运动,circle_orbit,1,1.000000,1.500000,1.500000,,,,,,,,,,,,,,,,1.130728,0.053847,1.100712,0.066128,0.000000,0.000000,-0.286437,,0.099404,0.000000,,,,0.047621,0.125648,1.500000,17.590232,38.953074,0.000000,circle,预设轨迹15,forward
1775478989.576734,16.293768,1775479021.961316|完整运动,完整运动,circle_orbit,1,1.000000,1.500000,1.500000,,,,,,,,,,,,,,,,1.130195,0.057414,1.098215,0.084169,0.000000,0.000000,-0.281194,,0.103671,0.000000,,,,0.050800,0.125589,1.500000,17.637507,38.905799,0.000000,circle,预设轨迹15,forward
1775478989.613169,16.330203,1775479021.961316|完整运动,完整运动,circle_orbit,1,1.000000,1.500000,1.500000,,,,,,,,,,,,,,,,1.129628,0.063214,1.095554,0.106718,0.000000,0.000000,-0.272663,,0.109536,0.000000,,,,0.055960,0.125526,1.500000,17.707735,38.835572,0.000000,circle,预设轨迹15,forward
1775478989.648481,16.365515,1775479021.961316|完整运动,完整运动,circle_orbit,1,1.000000,1.500000,1.500000,,,,,,,,,,,,,,,,1.129051,0.064837,1.094482,0.077005,0.000000,0.000000,-0.269825,,0.111636,0.000000,,,,0.057426,0.125462,1.500000,17.731261,38.812045,0.000000,circle,预设轨迹15,forward
1775478989.671656,16.388690,1775479021.961316|完整运动,完整运动,circle_orbit,1,1.000000,1.500000,1.500000,,,,,,,,,,,,,,,,1.128457,0.068345,1.092796,0.094658,0.000000,0.000000,-0.264306,,0.115411,0.000000,,,,0.060565,0.125396,1.500000,17.778572,38.764735,0.000000,circle,预设轨迹15,forward
1775478989.692112,16.409146,1775479021.961316|完整运动,完整运动,circle_orbit,1,1.000000,1.500000,1.500000,,,,,,,,,,,,,,,,1.127867,0.069894,1.092477,0.081509,0.000000,0.000000,-0.261457,,0.116927,0.000000,,,,0.061970,0.125330,1.500000,17.802180,38.741127,0.000000,circle,预设轨迹15,forward
1775478989.719353,16.436387,1775479021.961316|完整运动,完整运动,circle_orbit,1,1.000000,1.500000,1.500000,,,,,,,,,,,,,,,,1.127280,0.071562,1.092048,0.084072,0.000000,0.000000,-0.258436,,0.118607,0.000000,,,,0.063482,0.125265,1.500000,17.825753,38.717554,0.000000,circle,预设轨迹15,forward
1775478989.756840,16.473874,1775479021.961316|完整运动,完整运动,circle_orbit,1,1.000000,1.500000,1.500000,,,,,,,,,,,,,,,,1.126693,0.073314,1.091485,0.086458,0.000000,0.000000,-0.255282,,0.120452,0.000000,,,,0.065070,0.125200,1.500000,17.849289,38.694017,0.000000,circle,预设轨迹15,forward
1775478989.785675,16.502709,1775479021.961316|完整运动,完整运动,circle_orbit,1,1.000000,1.500000,1.500000,,,,,,,,,,,,,,,,1.126089,0.077389,1.089845,0.107948,0.000000,0.000000,-0.248821,,0.124616,0.000000,,,,0.068724,0.125133,1.500000,17.896411,38.646895,0.000000,circle,预设轨迹15,forward
1775478989.814684,16.531718,1775479021.961316|完整运动,完整运动,circle_orbit,1,1.000000,1.500000,1.500000,,,,,,,,,,,,,,,,1.125470,0.081216,1.088348,0.109916,0.000000,0.000000,-0.242577,,0.128575,0.000000,,,,0.072162,0.125064,1.500000,17.943206,38.600101,0.000000,circle,预设轨迹15,forward
1775478989.835039,16.552073,1775479021.961316|完整运动,完整运动,circle_orbit,1,1.000000,1.500000,1.500000,,,,,,,,,,,,,,,,1.124865,0.082750,1.088532,0.094254,0.000000,0.000000,-0.239463,,0.129814,0.000000,,,,0.073564,0.124997,1.500000,17.966469,38.576838,0.000000,circle,预设轨迹15,forward
1775478989.858942,16.575976,1775479021.961316|完整运动,完整运动,circle_orbit,1,1.000000,1.500000,1.500000,,,,,,,,,,,,,,,,1.124268,0.084356,1.088476,0.096401,0.000000,0.000000,-0.236248,,0.131287,0.000000,,,,0.075032,0.124931,1.500000,17.989702,38.553605,0.000000,circle,预设轨迹15,forward
1775478989.892035,16.609069,1775479021.961316|完整运动,完整运动,circle_orbit,1,1.000000,1.500000,1.500000,,,,,,,,,,,,,,,,1.123676,0.086025,1.088151,0.098543,0.000000,0.000000,-0.232940,,0.133014,0.000000,,,,0.076557,0.124865,1.500000,18.013201,38.530105,0.000000,circle,预设轨迹15,forward
1775478989.913435,16.630469,1775479021.961316|完整运动,完整运动,circle_orbit,1,1.000000,1.500000,1.500000,,,,,,,,,,,,,,,,1.123096,0.090072,1.088282,0.120426,0.000000,0.000000,-0.226250,,0.135885,0.000000,,,,0.080200,0.124800,1.500000,18.060182,38.483124,0.000000,circle,预设轨迹15,forward
1775478989.934352,16.651386,1775479021.961316|完整运动,完整运动,circle_orbit,1,1.000000,1.500000,1.500000,,,,,,,,,,,,,,,,1.122523,0.091687,1.088134,0.103797,0.000000,0.000000,-0.222876,,0.137501,0.000000,,,,0.081679,0.124737,1.500000,18.083582,38.459724,0.000000,circle,预设轨迹15,forward
1775478989.967414,16.684448,1775479021.961316|完整运动,完整运动,circle_orbit,1,1.000000,1.500000,1.500000,,,,,,,,,,,,,,,,1.121954,0.095803,1.087846,0.126674,0.000000,0.000000,-0.215952,,0.140807,0.000000,,,,0.085389,0.124673,1.500000,18.130179,38.413128,0.000000,circle,预设轨迹15,forward
1775478989.993012,16.710046,1775479021.961316|完整运动,完整运动,circle_orbit,1,1.000000,1.500000,1.500000,,,,,,,,,,,,,,,,1.121402,0.097618,1.088237,0.111234,0.000000,0.000000,-0.212158,,0.142184,0.000000,,,,0.087050,0.124612,1.500000,18.153596,38.389711,0.000000,circle,预设轨迹15,forward
1775478990.013671,16.730705,1775479021.961316|完整运动,完整运动,circle_orbit,1,1.000000,1.500000,1.500000,,,,,,,,,,,,,,,,1.120869,0.099520,1.088896,0.113780,0.000000,0.000000,-0.208230,,0.143408,0.000000,,,,0.088788,0.124553,1.500000,18.176946,38.366361,0.000000,circle,预设轨迹15,forward
1775478990.039591,16.756625,1775479021.961316|完整运动,完整运动,circle_orbit,1,1.000000,1.500000,1.500000,,,,,,,,,,,,,,,,1.120358,0.101383,1.089735,0.115358,0.000000,0.000000,-0.204338,,0.144476,0.000000,,,,0.090492,0.124496,1.500000,18.200178,38.343129,0.000000,circle,预设轨迹15,forward
1775478990.069261,16.786295,1775479021.961316|完整运动,完整运动,circle_orbit,1,1.000000,1.500000,1.500000,,,,,,,,,,,,,,,,1.119870,0.103252,1.090591,0.117268,0.000000,0.000000,-0.200421,,0.145541,0.000000,,,,0.092200,0.124442,1.500000,18.223346,38.319961,0.000000,circle,预设轨迹15,forward
1775478990.102462,16.819496,1775479021.961316|完整运动,完整运动,circle_orbit,1,1.000000,1.500000,1.500000,,,,,,,,,,,,,,,,1.119410,0.107788,1.091817,0.141809,0.000000,0.000000,-0.192702,,0.148007,0.000000,,,,0.096290,0.124391,1.500000,18.270238,38.273068,0.000000,circle,预设轨迹15,forward
1775478990.124015,16.841049,1775479021.961316|完整运动,完整运动,circle_orbit,1,1.000000,1.500000,1.500000,,,,,,,,,,,,,,,,1.118982,0.111995,1.093271,0.143545,0.000000,0.000000,-0.185292,,0.150159,0.000000,,,,0.100086,0.124343,1.500000,18.317061,38.226246,0.000000,circle,预设轨迹15,forward
1775478990.146306,16.863340,1775479021.961316|完整运动,完整运动,circle_orbit,1,1.000000,1.500000,1.500000,,,,,,,,,,,,,,,,1.118578,0.113548,1.094345,0.125199,0.000000,0.000000,-0.181513,,0.150997,0.000000,,,,0.101511,0.124298,1.500000,18.340253,38.203054,0.000000,circle,预设轨迹15,forward
1775478990.179444,16.896478,1775479021.961316|完整运动,完整运动,circle_orbit,1,1.000000,1.500000,1.500000,,,,,,,,,,,,,,,,1.118196,0.114976,1.095282,0.125686,0.000000,0.000000,-0.177922,,0.151860,0.000000,,,,0.102823,0.124256,1.500000,18.363014,38.180293,0.000000,circle,预设轨迹15,forward
1775478990.208356,16.925390,1775479021.961316|完整运动,完整运动,circle_orbit,1,1.000000,1.500000,1.500000,,,,,,,,,,,,,,,,1.117840,0.116565,1.096476,0.128483,0.000000,0.000000,-0.174115,,0.152620,0.000000,,,,0.104277,0.124216,1.500000,18.385853,38.157454,0.000000,circle,预设轨迹15,forward
1775478990.244446,16.961480,1775479021.961316|完整运动,完整运动,circle_orbit,1,1.000000,1.500000,1.500000,,,,,,,,,,,,,,,,1.117523,0.120727,1.098523,0.151937,0.000000,0.000000,-0.166658,,0.154341,0.000000,,,,0.108030,0.124181,1.500000,18.431314,38.111993,0.000000,circle,预设轨迹15,forward
1775478990.265101,16.982135,1775479021.961316|完整运动,完整运动,circle_orbit,1,1.000000,1.500000,1.500000,,,,,,,,,,,,,,,,1.117270,0.124573,1.102035,0.153422,0.000000,0.000000,-0.159509,,0.154799,0.000000,,,,0.111498,0.124153,1.500000,18.476167,38.067139,0.000000,circle,预设轨迹15,forward
1775478990.289511,17.006545,1775479021.961316|完整运动,完整运动,circle_orbit,1,1.000000,1.500000,1.500000,,,,,,,,,,,,,,,,1.117020,0.123304,1.102035,0.113784,0.000000,0.000000,-0.159509,,0.154799,0.000000,,,,0.110386,0.124125,1.500000,18.476167,38.067139,0.000000,circle,预设轨迹15,forward
1775478990.326519,17.043553,1775479021.961316|完整运动,完整运动,circle_orbit,1,1.000000,1.500000,1.500000,,,,,,,,,,,,,,,,1.116839,0.126890,1.105971,0.153784,0.000000,0.000000,-0.151742,,0.155224,0.000000,,,,0.113615,0.124105,1.500000,18.521080,38.022227,0.000000,circle,预设轨迹15,forward
1775478990.362164,17.079198,1775479021.961316|完整运动,完整运动,circle_orbit,1,1.000000,1.500000,1.500000,,,,,,,,,,,,,,,,1.116724,0.131509,1.109833,0.166156,0.000000,0.000000,-0.143511,,0.155933,0.000000,,,,0.117763,0.124092,1.500000,18.566030,37.977276,0.000000,circle,预设轨迹15,forward
1775478990.396792,17.113826,1775479021.961316|完整运动,完整运动,circle_orbit,1,1.000000,1.500000,1.500000,,,,,,,,,,,,,,,,1.116689,0.135997,1.114577,0.169654,0.000000,0.000000,-0.135299,,0.155988,0.000000,,,,0.121786,0.124088,1.500000,18.610682,37.932625,0.000000,circle,预设轨迹15,forward
1775478990.431406,17.148440,1775479021.961316|完整运动,完整运动,circle_orbit,1,1.000000,1.500000,1.500000,,,,,,,,,,,,,,,,1.116730,0.140428,1.119219,0.173659,0.000000,0.000000,-0.127014,,0.156182,0.000000,,,,0.125749,0.124093,1.500000,18.655747,37.887559,0.000000,circle,预设轨迹15,forward
1775478990.467466,17.184500,1775479021.961316|完整运动,完整运动,circle_orbit,1,1.000000,1.500000,1.500000,,,,,,,,,,,,,,,,1.116817,0.141925,1.122023,0.153154,0.000000,0.000000,-0.122751,,0.155984,0.000000,,,,0.127080,0.124103,1.500000,18.678299,37.865008,0.000000,circle,预设轨迹15,forward
1775478990.505337,17.222371,1775479021.961316|完整运动,完整运动,circle_orbit,1,1.000000,1.500000,1.500000,,,,,,,,,,,,,,,,1.116979,0.146135,1.126682,0.177712,0.000000,0.000000,-0.114654,,0.156127,0.000000,,,,0.130831,0.124120,1.500000,18.723057,37.820249,0.000000,circle,预设轨迹15,forward
1775478990.539970,17.257004,1775479021.961316|完整运动,完整运动,circle_orbit,1,1.000000,1.500000,1.500000,,,,,,,,,,,,,,,,1.117227,0.150004,1.132153,0.179024,0.000000,0.000000,-0.106910,,0.155548,0.000000,,,,0.134265,0.124148,1.500000,18.768211,37.775095,0.000000,circle,预设轨迹15,forward
1775478990.578684,17.295718,1775479021.961316|完整运动,完整运动,circle_orbit,1,1.000000,1.500000,1.500000,,,,,,,,,,,,,,,,1.117584,0.153994,1.138984,0.183915,0.000000,0.000000,-0.098885,,0.154149,0.000000,,,,0.137792,0.124188,1.500000,18.813833,37.729473,0.000000,circle,预设轨迹15,forward
1775478990.615551,17.332586,1775479021.961316|完整运动,完整运动,circle_orbit,1,1.000000,1.500000,1.500000,,,,,,,,,,,,,,,,1.118061,0.158054,1.146684,0.188505,0.000000,0.000000,-0.090645,,0.152284,0.000000,,,,0.141364,0.124241,1.500000,18.859000,37.684307,0.000000,circle,预设轨迹15,forward
1775478990.646177,17.363211,1775479021.961316|完整运动,完整运动,circle_orbit,1,1.000000,1.500000,1.500000,,,,,,,,,,,,,,,,1.118640,0.162088,1.153388,0.192342,0.000000,0.000000,-0.082331,,0.151228,0.000000,,,,0.144897,0.124305,1.500000,18.904270,37.639036,0.000000,circle,预设轨迹15,forward
1775478990.681213,17.398247,1775479021.961316|完整运动,完整运动,circle_orbit,1,1.000000,1.500000,1.500000,,,,,,,,,,,,,,,,1.119277,0.162898,1.157495,0.168969,0.000000,0.000000,-0.078493,,0.150049,0.000000,,,,0.145538,0.124376,1.500000,18.926682,37.616624,0.000000,circle,预设轨迹15,forward
1775478990.703284,17.420318,1775479021.961316|完整运动,完整运动,circle_orbit,1,1.000000,1.500000,1.500000,,,,,,,,,,,,,,,,1.120040,0.166377,1.165818,0.192475,0.000000,0.000000,-0.070928,,0.147630,0.000000,,,,0.148546,0.124461,1.500000,18.971128,37.572178,0.000000,circle,预设轨迹15,forward
1775478990.727978,17.445012,1775479021.961316|完整运动,完整运动,circle_orbit,1,1.000000,1.500000,1.500000,,,,,,,,,,,,,,,,1.120852,0.167142,1.169588,0.172880,0.000000,0.000000,-0.067141,,0.146721,0.000000,,,,0.149121,0.124551,1.500000,18.993331,37.549975,0.000000,circle,预设轨迹15,forward
1775478990.756739,17.473773,1775479021.961316|完整运动,完整运动,circle_orbit,1,1.000000,1.500000,1.500000,,,,,,,,,,,,,,,,1.121709,0.167924,1.173098,0.173791,0.000000,0.000000,-0.063402,,0.145985,0.000000,,,,0.149704,0.124646,1.500000,19.015691,37.527615,0.000000,circle,预设轨迹15,forward
1775478990.777813,17.494847,1775479021.961316|完整运动,完整运动,circle_orbit,1,1.000000,1.500000,1.500000,,,,,,,,,,,,,,,,1.122615,0.168751,1.176956,0.174952,0.000000,0.000000,-0.059662,,0.145027,0.000000,,,,0.150320,0.124747,1.500000,19.038065,37.505241,0.000000,circle,预设轨迹15,forward
1775478990.801247,17.518281,1775479021.961316|完整运动,完整运动,circle_orbit,1,1.000000,1.500000,1.500000,,,,,,,,,,,,,,,,1.123573,0.169673,1.181065,0.176588,0.000000,0.000000,-0.055842,,0.143954,0.000000,,,,0.151012,0.124853,1.500000,19.060424,37.482883,0.000000,circle,预设轨迹15,forward
1775478990.840057,17.557091,1775479021.961316|完整运动,完整运动,circle_orbit,1,1.000000,1.500000,1.500000,,,,,,,,,,,,,,,,1.124579,0.170597,1.184951,0.177530,0.000000,0.000000,-0.052063,,0.143030,0.000000,,,,0.151699,0.124965,1.500000,19.082742,37.460565,0.000000,circle,预设轨迹15,forward
1775478990.869005,17.586039,1775479021.961316|完整运动,完整运动,circle_orbit,1,1.000000,1.500000,1.500000,,,,,,,,,,,,,,,,1.125700,0.174220,1.192982,0.201388,0.000000,0.000000,-0.044489,,0.141071,0.000000,,,,0.154766,0.125090,1.500000,19.127291,37.416016,0.000000,circle,预设轨迹15,forward
1775478990.898348,17.615382,1775479021.961316|完整运动,完整运动,circle_orbit,1,1.000000,1.500000,1.500000,,,,,,,,,,,,,,,,1.126934,0.177637,1.200938,0.203268,0.000000,0.000000,-0.037094,,0.139152,0.000000,,,,0.157629,0.125227,1.500000,19.172030,37.371277,0.000000,circle,预设轨迹15,forward
1775478990.919029,17.636064,1775479021.961316|完整运动,完整运动,circle_orbit,1,1.000000,1.500000,1.500000,,,,,,,,,,,,,,,,1.128215,0.178348,1.205111,0.183681,0.000000,0.000000,-0.033453,,0.138067,0.000000,,,,0.158080,0.125369,1.500000,19.194402,37.348904,0.000000,circle,预设轨迹15,forward
1775478990.952342,17.669376,1775479021.961316|完整运动,完整运动,circle_orbit,1,1.000000,1.500000,1.500000,,,,,,,,,,,,,,,,1.129633,0.181810,1.214704,0.207775,0.000000,0.000000,-0.025955,,0.135256,0.000000,,,,0.160946,0.125527,1.500000,19.239055,37.304252,0.000000,circle,预设轨迹15,forward
1775478990.987859,17.704893,1775479021.961316|完整运动,完整运动,circle_orbit,1,1.000000,1.500000,1.500000,,,,,,,,,,,,,,,,1.131189,0.185215,1.224557,0.210749,0.000000,0.000000,-0.018437,,0.132388,0.000000,,,,0.163734,0.125700,1.500000,19.283961,37.259345,0.000000,circle,预设轨迹15,forward
1775478991.025773,17.742807,1775479021.961316|完整运动,完整运动,circle_orbit,1,1.000000,1.500000,1.500000,,,,,,,,,,,,,,,,1.132804,0.185954,1.229689,0.191497,0.000000,0.000000,-0.014618,,0.130891,0.000000,,,,0.164154,0.125879,1.500000,19.306724,37.236583,0.000000,circle,预设轨迹15,forward
1775478991.056705,17.773739,1775479021.961316|完整运动,完整运动,circle_orbit,1,1.000000,1.500000,1.500000,,,,,,,,,,,,,,,,1.134554,0.189406,1.239552,0.215296,0.000000,0.000000,-0.006998,,0.128211,0.000000,,,,0.166943,0.126074,1.500000,19.352543,37.190763,0.000000,circle,预设轨迹15,forward
1775478991.078463,17.795497,1775479021.961316|完整运动,完整运动,circle_orbit,1,1.000000,1.500000,1.500000,,,,,,,,,,,,,,,,1.136355,0.189960,1.244434,0.194114,0.000000,0.000000,-0.003405,,0.126841,0.000000,,,,0.167166,0.126274,1.500000,19.375380,37.167927,0.000000,circle,预设轨迹15,forward
1775478991.100463,17.817497,1775479021.961316|完整运动,完整运动,circle_orbit,1,1.000000,1.500000,1.500000,,,,,,,,,,,,,,,,1.138212,0.190507,1.249613,0.194611,0.000000,0.000000,0.000110,,0.125183,0.000000,,,,0.167374,0.126480,1.500000,19.398117,37.145189,0.000000,circle,预设轨迹15,forward
1775478991.130573,17.847607,1775479021.961316|完整运动,完整运动,circle_orbit,1,1.000000,1.500000,1.500000,,,,,,,,,,,,,,,,1.140053,0.191009,1.250503,0.194774,0.000000,0.000000,0.003501,,0.123142,0.000000,,,,0.167544,0.126685,1.500000,19.420749,37.122558,0.000000,circle,预设轨迹15,forward
1775478991.153084,17.870118,1775479021.961316|完整运动,完整运动,circle_orbit,1,1.000000,1.500000,1.500000,,,,,,,,,,,,,,,,1.141893,0.193844,1.252287,0.215106,0.000000,0.000000,0.010156,,0.119116,0.000000,,,,0.169757,0.126889,1.500000,19.465781,37.077526,0.000000,circle,预设轨迹15,forward
1775478991.175015,17.892049,1775479021.961316|完整运动,完整运动,circle_orbit,1,1.000000,1.500000,1.500000,,,,,,,,,,,,,,,,1.143722,0.194252,1.253452,0.197313,0.000000,0.000000,0.013435,,0.116963,0.000000,,,,0.169842,0.127092,1.500000,19.488321,37.054986,0.000000,circle,预设轨迹15,forward
1775478991.208373,17.925407,1775479021.961316|完整运动,完整运动,circle_orbit,1,1.000000,1.500000,1.500000,,,,,,,,,,,,,,,,1.145539,0.194667,1.254573,0.197779,0.000000,0.000000,0.016663,,0.114860,0.000000,,,,0.169935,0.127294,1.500000,19.510763,37.032544,0.000000,circle,预设轨迹15,forward
1775478991.232335,17.949369,1775479021.961316|完整运动,完整运动,circle_orbit,1,1.000000,1.500000,1.500000,,,,,,,,,,,,,,,,1.147361,0.197288,1.256664,0.216947,0.000000,0.000000,0.022976,,0.110810,0.000000,,,,0.171949,0.127497,1.500000,19.555405,36.987902,0.000000,circle,预设轨迹15,forward
1775478991.254126,17.971160,1775479021.961316|完整运动,完整运动,circle_orbit,1,1.000000,1.500000,1.500000,,,,,,,,,,,,,,,,1.149172,0.197567,1.257844,0.199658,0.000000,0.000000,0.026028,,0.108754,0.000000,,,,0.171921,0.127698,1.500000,19.577681,36.965625,0.000000,circle,预设轨迹15,forward
1775478991.283043,18.000077,1775479021.961316|完整运动,完整运动,circle_orbit,1,1.000000,1.500000,1.500000,,,,,,,,,,,,,,,,1.151016,0.200153,1.261673,0.219551,0.000000,0.000000,0.032307,,0.103701,0.000000,,,,0.173893,0.127903,1.500000,19.622500,36.920807,0.000000,circle,预设轨迹15,forward
1775478991.315686,18.032720,1775479021.961316|完整运动,完整运动,circle_orbit,1,1.000000,1.500000,1.500000,,,,,,,,,,,,,,,,1.152866,0.200561,1.263847,0.203621,0.000000,0.000000,0.035560,,0.100977,0.000000,,,,0.173968,0.128108,1.500000,19.644900,36.898406,0.000000,circle,预设轨迹15,forward
1775478991.348490,18.065525,1775479021.961316|完整运动,完整运动,circle_orbit,1,1.000000,1.500000,1.500000,,,,,,,,,,,,,,,,1.154720,0.201064,1.265968,0.204833,0.000000,0.000000,0.038896,,0.098251,0.000000,,,,0.174123,0.128314,1.500000,19.667407,36.875900,0.000000,circle,预设轨迹15,forward
1775478991.370264,18.087298,1775479021.961316|完整运动,完整运动,circle_orbit,1,1.000000,1.500000,1.500000,,,,,,,,,,,,,,,,1.156596,0.203650,1.269187,0.223046,0.000000,0.000000,0.045157,,0.093590,0.000000,,,,0.176077,0.128523,1.500000,19.712742,36.830564,0.000000,circle,预设轨迹15,forward
1775478991.395655,18.112689,1775479021.961316|完整运动,完整运动,circle_orbit,1,1.000000,1.500000,1.500000,,,,,,,,,,,,,,,,1.158473,0.203873,1.271045,0.205545,0.000000,0.000000,0.048132,,0.091188,0.000000,,,,0.175984,0.128731,1.500000,19.735626,36.807681,0.000000,circle,预设轨迹15,forward
1775478991.433411,18.150445,1775479021.961316|完整运动,完整运动,circle_orbit,1,1.000000,1.500000,1.500000,,,,,,,,,,,,,,,,1.160392,0.206307,1.275556,0.224563,0.000000,0.000000,0.054201,,0.085882,0.000000,,,,0.177791,0.128945,1.500000,19.781381,36.761926,0.000000,circle,预设轨迹15,forward
1775478991.467211,18.184245,1775479021.961316|完整运动,完整运动,circle_orbit,1,1.000000,1.500000,1.500000,,,,,,,,,,,,,,,,1.162340,0.208518,1.279199,0.225100,0.000000,0.000000,0.060025,,0.081200,0.000000,,,,0.179395,0.129161,1.500000,19.827297,36.716010,0.000000,circle,预设轨迹15,forward
1775478991.504171,18.221205,1775479021.961316|完整运动,完整运动,circle_orbit,1,1.000000,1.500000,1.500000,,,,,,,,,,,,,,,,1.164255,0.206602,1.279199,0.192232,0.000000,0.000000,0.060025,,0.081200,0.000000,,,,0.177454,0.129374,1.500000,19.827297,36.716010,0.000000,circle,预设轨迹15,forward
1775478991.532342,18.249376,1775479021.961316|完整运动,完整运动,circle_orbit,1,1.000000,1.500000,1.500000,,,,,,,,,,,,,,,,1.166249,0.209617,1.285847,0.232232,0.000000,0.000000,0.067624,,0.074034,0.000000,,,,0.179736,0.129595,1.500000,19.897012,36.646294,0.000000,circle,预设轨迹15,forward
1775478991.554193,18.271227,1775479021.961316|完整运动,完整运动,circle_orbit,1,1.000000,1.500000,1.500000,,,,,,,,,,,,,,,,1.168261,0.209504,1.288999,0.208653,0.000000,0.000000,0.070070,,0.071163,0.000000,,,,0.179330,0.129819,1.500000,19.920281,36.623026,0.000000,circle,预设轨迹15,forward
1775478991.582877,18.299911,1775479021.961316|完整运动,完整运动,circle_orbit,1,1.000000,1.500000,1.500000,,,,,,,,,,,,,,,,1.170285,0.209483,1.291720,0.209324,0.000000,0.000000,0.072581,,0.068515,0.000000,,,,0.179001,0.130044,1.500000,19.943550,36.599757,0.000000,circle,预设轨迹15,forward
1775478991.617792,18.334826,1775479021.961316|完整运动,完整运动,circle_orbit,1,1.000000,1.500000,1.500000,,,,,,,,,,,,,,,,1.172368,0.211267,1.297335,0.224653,0.000000,0.000000,0.077610,,0.063139,0.000000,,,,0.180206,0.130275,1.500000,19.990067,36.553239,0.000000,circle,预设轨迹15,forward
1775478991.658521,18.375555,1775479021.961316|完整运动,完整运动,circle_orbit,1,1.000000,1.500000,1.500000,,,,,,,,,,,,,,,,1.174543,0.212856,1.305074,0.224771,0.000000,0.000000,0.082418,,0.056717,0.000000,,,,0.181225,0.130517,1.500000,20.036082,36.507225,0.000000,circle,预设轨迹15,forward
1775478991.688283,18.405318,1775479021.961316|完整运动,完整运动,circle_orbit,1,1.000000,1.500000,1.500000,,,,,,,,,,,,,,,,1.176732,0.212678,1.308086,0.211342,0.000000,0.000000,0.084745,,0.054028,0.000000,,,,0.180736,0.130760,1.500000,20.059001,36.484306,0.000000,circle,预设轨迹15,forward
1775478991.724967,18.442001,1775479021.961316|完整运动,完整运动,circle_orbit,1,1.000000,1.500000,1.500000,,,,,,,,,,,,,,,,1.178988,0.213919,1.314306,0.223223,0.000000,0.000000,0.089030,,0.048732,0.000000,,,,0.181443,0.131011,1.500000,20.104916,36.438391,0.000000,circle,预设轨迹15,forward
1775478991.756678,18.473712,1775479021.961316|完整运动,完整运动,circle_orbit,1,1.000000,1.500000,1.500000,,,,,,,,,,,,,,,,1.181333,0.214791,1.322062,0.221334,0.000000,0.000000,0.092817,,0.042863,0.000000,,,,0.181821,0.131272,1.500000,20.151037,36.392270,0.000000,circle,预设轨迹15,forward
1775478991.801960,18.518995,1775479021.961316|完整运动,完整运动,circle_orbit,1,1.000000,1.500000,1.500000,,,,,,,,,,,,,,,,1.183716,0.214284,1.326684,0.210481,0.000000,0.000000,0.094639,,0.039583,0.000000,,,,0.181026,0.131536,1.500000,20.174177,36.369129,0.000000,circle,预设轨迹15,forward
1775478991.825240,18.542274,1775479021.961316|完整运动,完整运动,circle_orbit,1,1.000000,1.500000,1.500000,,,,,,,,,,,,,,,,1.186283,0.216231,1.340319,0.230835,0.000000,0.000000,0.099892,,0.030060,0.000000,,,,0.182276,0.131822,1.500000,20.243888,36.299419,0.000000,circle,预设轨迹15,forward
1775478991.846544,18.563578,1775479021.961316|完整运动,完整运动,circle_orbit,1,1.000000,1.500000,1.500000,,,,,,,,,,,,,,,,1.188872,0.215527,1.344186,0.210245,0.000000,0.000000,0.101432,,0.027363,0.000000,,,,0.181287,0.132109,1.500000,20.267519,36.275788,0.000000,circle,预设轨迹15,forward
1775478991.870726,18.587760,1775479021.961316|完整运动,完整运动,circle_orbit,1,1.000000,1.500000,1.500000,,,,,,,,,,,,,,,,1.191491,0.214958,1.348650,0.210695,0.000000,0.000000,0.103074,,0.024324,0.000000,,,,0.180411,0.132400,1.500000,20.291076,36.252230,0.000000,circle,预设轨迹15,forward
1775478991.895561,18.612595,1775479021.961316|完整运动,完整运动,circle_orbit,1,1.000000,1.500000,1.500000,,,,,,,,,,,,,,,,1.194148,0.214455,1.353542,0.210681,0.000000,0.000000,0.104732,,0.021075,0.000000,,,,0.179588,0.132696,1.500000,20.314623,36.228684,0.000000,circle,预设轨迹15,forward
1775478991.916480,18.633514,1775479021.961316|完整运动,完整运动,circle_orbit,1,1.000000,1.500000,1.500000,,,,,,,,,,,,,,,,1.196839,0.213977,1.358302,0.210390,0.000000,0.000000,0.106355,,0.017927,0.000000,,,,0.178785,0.132995,1.500000,20.338232,36.205075,0.000000,circle,预设轨迹15,forward
1775478991.941467,18.658501,1775479021.961316|完整运动,完整运动,circle_orbit,1,1.000000,1.500000,1.500000,,,,,,,,,,,,,,,,1.199582,0.213538,1.364150,0.210244,0.000000,0.000000,0.107971,,0.014250,0.000000,,,,0.178010,0.133299,1.500000,20.361735,36.181572,0.000000,circle,预设轨迹15,forward
1775478991.965302,18.682336,1775479021.961316|完整运动,完整运动,circle_orbit,1,1.000000,1.500000,1.500000,,,,,,,,,,,,,,,,1.202406,0.214118,1.371901,0.218469,0.000000,0.000000,0.110984,,0.009028,0.000000,,,,0.178074,0.133613,1.500000,20.409806,36.133500,0.000000,circle,预设轨迹15,forward
1775478991.986335,18.703369,1775479021.961316|完整运动,完整运动,circle_orbit,1,1.000000,1.500000,1.500000,,,,,,,,,,,,,,,,1.205239,0.213483,1.375201,0.208724,0.000000,0.000000,0.112265,,0.006818,0.000000,,,,0.177129,0.133928,1.500000,20.433999,36.109307,0.000000,circle,预设轨迹15,forward
1775478992.010792,18.727826,1775479021.961316|完整运动,完整运动,circle_orbit,1,1.000000,1.500000,1.500000,,,,,,,,,,,,,,,,1.208099,0.212821,1.379674,0.207856,0.000000,0.000000,0.113437,,0.004087,0.000000,,,,0.176162,0.134246,1.500000,20.458170,36.085136,0.000000,circle,预设轨迹15,forward
1775478992.039104,18.756138,1775479021.961316|完整运动,完整运动,circle_orbit,1,1.000000,1.500000,1.500000,,,,,,,,,,,,,,,,1.210986,0.212112,1.384233,0.206794,0.000000,0.000000,0.114474,,0.001388,0.000000,,,,0.175157,0.134567,1.500000,20.482207,36.061100,0.000000,circle,预设轨迹15,forward
1775478992.080524,18.797558,1775479021.961316|完整运动,完整运动,circle_orbit,1,1.000000,1.500000,1.500000,,,,,,,,,,,,,,,,1.213813,0.211473,1.383393,0.206678,0.000000,0.000000,0.115544,,-0.001324,0.000000,,,,0.174222,0.134881,1.500000,20.506193,36.037113,0.000000,circle,预设轨迹15,forward
1775478992.108272,18.825306,1775479021.961316|完整运动,完整运动,circle_orbit,1,1.000000,1.500000,1.500000,,,,,,,,,,,,,,,,1.216378,0.211404,1.370277,0.210887,0.000000,0.000000,0.117377,,-0.006996,0.000000,,,,0.173798,0.135166,1.500000,20.554252,35.989055,0.000000,circle,预设轨迹15,forward
1775478992.143945,18.860979,1775479021.961316|完整运动,完整运动,circle_orbit,1,1.000000,1.500000,1.500000,,,,,,,,,,,,,,,,1.218678,0.210983,1.356681,0.207826,0.000000,0.000000,0.118700,,-0.013264,0.000000,,,,0.173125,0.135421,1.500000,20.602362,35.940945,0.000000,circle,预设轨迹15,forward
1775478992.164424,18.881458,1775479021.961316|完整运动,完整运动,circle_orbit,1,1.000000,1.500000,1.500000,,,,,,,,,,,,,,,,1.220709,0.210521,1.342574,0.207058,0.000000,0.000000,0.119939,,-0.019975,0.000000,,,,0.172458,0.135647,1.500000,20.650639,35.892668,0.000000,circle,预设轨迹15,forward
1775478992.188620,18.905654,1775479021.961316|完整运动,完整运动,circle_orbit,1,1.000000,1.500000,1.500000,,,,,,,,,,,,,,,,1.222578,0.209674,1.334751,0.203316,0.000000,0.000000,0.120592,,-0.023777,0.000000,,,,0.171501,0.135855,1.500000,20.674766,35.868541,0.000000,circle,预设轨迹15,forward
1775478992.209519,18.926553,1775479021.961316|完整运动,完整运动,circle_orbit,1,1.000000,1.500000,1.500000,,,,,,,,,,,,,,,,1.224298,0.208891,1.327508,0.203025,0.000000,0.000000,0.121281,,-0.027303,0.000000,,,,0.170621,0.136046,1.500000,20.699014,35.844293,0.000000,circle,预设轨迹15,forward
1775478992.229881,18.946915,1775479021.961316|完整运动,完整运动,circle_orbit,1,1.000000,1.500000,1.500000,,,,,,,,,,,,,,,,1.225882,0.208119,1.320885,0.202329,0.000000,0.000000,0.121934,,-0.030553,0.000000,,,,0.169771,0.136222,1.500000,20.723380,35.819927,0.000000,circle,预设轨迹15,forward
1775478992.256646,18.973680,1775479021.961316|完整运动,完整运动,circle_orbit,1,1.000000,1.500000,1.500000,,,,,,,,,,,,,,,,1.227331,0.207392,1.314299,0.201940,0.000000,0.000000,0.122603,,-0.033813,0.000000,,,,0.168978,0.136383,1.500000,20.747838,35.795469,0.000000,circle,预设轨迹15,forward
1775478992.291064,19.008098,1775479021.961316|完整运动,完整运动,circle_orbit,1,1.000000,1.500000,1.500000,,,,,,,,,,,,,,,,1.228648,0.206684,1.307639,0.201367,0.000000,0.000000,0.123255,,-0.037156,0.000000,,,,0.168220,0.136529,1.500000,20.772257,35.771050,0.000000,circle,预设轨迹15,forward
1775478992.326115,19.043149,1775479021.961316|完整运动,完整运动,circle_orbit,1,1.000000,1.500000,1.500000,,,,,,,,,,,,,,,,1.229765,0.205812,1.296775,0.199273,0.000000,0.000000,0.123647,,-0.042988,0.000000,,,,0.167359,0.136653,1.500000,20.820698,35.722609,0.000000,circle,预设轨迹15,forward
1775478992.358042,19.075076,1775479021.961316|完整运动,完整运动,circle_orbit,1,1.000000,1.500000,1.500000,,,,,,,,,,,,,,,,1.230695,0.204598,1.286532,0.195498,0.000000,0.000000,0.123518,,-0.048801,0.000000,,,,0.166246,0.136757,1.500000,20.869093,35.674214,0.000000,circle,预设轨迹15,forward
1775478992.393965,19.110999,1775479021.961316|完整运动,完整运动,circle_orbit,1,1.000000,1.500000,1.500000,,,,,,,,,,,,,,,,1.231474,0.203023,1.278180,0.191205,0.000000,0.000000,0.122821,,-0.053873,0.000000,,,,0.164862,0.136843,1.500000,20.918024,35.625282,0.000000,circle,预设轨迹15,forward
1775478992.427541,19.144575,1775479021.961316|完整运动,完整运动,circle_orbit,1,1.000000,1.500000,1.500000,,,,,,,,,,,,,,,,1.232176,0.201514,1.274311,0.190200,0.000000,0.000000,0.122138,,-0.056403,0.000000,,,,0.163543,0.136921,1.500000,20.942693,35.600613,0.000000,circle,预设轨迹15,forward
1775478992.459357,19.176391,1775479021.961316|完整运动,完整运动,circle_orbit,1,1.000000,1.500000,1.500000,,,,,,,,,,,,,,,,1.232751,0.199457,1.267242,0.184031,0.000000,0.000000,0.120612,,-0.061185,0.000000,,,,0.161799,0.136985,1.500000,20.992103,35.551204,0.000000,circle,预设轨迹15,forward
1775478992.493692,19.210726,1775479021.961316|完整运动,完整运动,circle_orbit,1,1.000000,1.500000,1.500000,,,,,,,,,,,,,,,,1.233186,0.197516,1.259330,0.182960,0.000000,0.000000,0.119164,,-0.066477,0.000000,,,,0.160168,0.137034,1.500000,21.041320,35.501987,0.000000,circle,预设轨迹15,forward
1775478992.515560,19.232594,1775479021.961316|完整运动,完整运动,circle_orbit,1,1.000000,1.500000,1.500000,,,,,,,,,,,,,,,,1.233544,0.196269,1.255011,0.186913,0.000000,0.000000,0.118614,,-0.069283,0.000000,,,,0.159110,0.137073,1.500000,21.065872,35.477435,0.000000,circle,预设轨迹15,forward
1775478992.537397,19.254431,1775479021.961316|完整运动,完整运动,circle_orbit,1,1.000000,1.500000,1.500000,,,,,,,,,,,,,,,,1.233828,0.195032,1.250827,0.185759,0.000000,0.000000,0.118035,,-0.072039,0.000000,,,,0.158071,0.137105,1.500000,21.090326,35.452980,0.000000,circle,预设轨迹15,forward
1775478992.565560,19.282594,1775479021.961316|完整运动,完整运动,circle_orbit,1,1.000000,1.500000,1.500000,,,,,,,,,,,,,,,,1.233946,0.193290,1.241080,0.180217,0.000000,0.000000,0.116710,,-0.078515,0.000000,,,,0.156643,0.137118,1.500000,21.138892,35.404414,0.000000,circle,预设轨迹15,forward
1775478992.602680,19.319714,1775479021.961316|完整运动,完整运动,circle_orbit,1,1.000000,1.500000,1.500000,,,,,,,,,,,,,,,,1.233983,0.192089,1.236186,0.183089,0.000000,0.000000,0.116089,,-0.081781,0.000000,,,,0.155666,0.137122,1.500000,21.163011,35.380296,0.000000,circle,预设轨迹15,forward
1775478992.637200,19.354234,1775479021.961316|完整运动,完整运动,circle_orbit,1,1.000000,1.500000,1.500000,,,,,,,,,,,,,,,,1.233949,0.190805,1.231895,0.181175,0.000000,0.000000,0.115315,,-0.084767,0.000000,,,,0.154630,0.137118,1.500000,21.187190,35.356117,0.000000,circle,预设轨迹15,forward
1775478992.668048,19.385082,1775479021.961316|完整运动,完整运动,circle_orbit,1,1.000000,1.500000,1.500000,,,,,,,,,,,,,,,,1.233820,0.188308,1.226053,0.169578,0.000000,0.000000,0.112785,,-0.089517,0.000000,,,,0.152622,0.137104,1.500000,21.235792,35.307515,0.000000,circle,预设轨迹15,forward
1775478992.707904,19.424938,1775479021.961316|完整运动,完整运动,circle_orbit,1,1.000000,1.500000,1.500000,,,,,,,,,,,,,,,,1.233522,0.184148,1.215695,0.152947,0.000000,0.000000,0.107815,,-0.098242,0.000000,,,,0.149286,0.137071,1.500000,21.308935,35.234371,0.000000,circle,预设轨迹15,forward
1775478992.738552,19.455586,1775479021.961316|完整运动,完整运动,circle_orbit,1,1.000000,1.500000,1.500000,,,,,,,,,,,,,,,,1.233188,0.182358,1.213144,0.168935,0.000000,0.000000,0.106024,,-0.100659,0.000000,,,,0.147875,0.137034,1.500000,21.333533,35.209774,0.000000,circle,预设轨迹15,forward
1775478992.776011,19.493045,1775479021.961316|完整运动,完整运动,circle_orbit,1,1.000000,1.500000,1.500000,,,,,,,,,,,,,,,,1.232824,0.180560,1.210981,0.167070,0.000000,0.000000,0.104168,,-0.102864,0.000000,,,,0.146460,0.136993,1.500000,21.358223,35.185083,0.000000,circle,预设轨迹15,forward
1775478992.806643,19.523677,1775479021.961316|完整运动,完整运动,circle_orbit,1,1.000000,1.500000,1.500000,,,,,,,,,,,,,,,,1.232385,0.177639,1.206027,0.155737,0.000000,0.000000,0.100678,,-0.107595,0.000000,,,,0.144143,0.136945,1.500000,21.407212,35.136094,0.000000,circle,预设轨迹15,forward
1775478992.835876,19.552910,1775479021.961316|完整运动,完整运动,circle_orbit,1,1.000000,1.500000,1.500000,,,,,,,,,,,,,,,,1.231921,0.176010,1.204087,0.163788,0.000000,0.000000,0.098911,,-0.109633,0.000000,,,,0.142874,0.136893,1.500000,21.431526,35.111781,0.000000,circle,预设轨迹15,forward
1775478992.856378,19.573412,1775479021.961316|完整运动,完整运动,circle_orbit,1,1.000000,1.500000,1.500000,,,,,,,,,,,,,,,,1.231390,0.172929,1.199508,0.149821,0.000000,0.000000,0.095057,,-0.114319,0.000000,,,,0.140434,0.136834,1.500000,21.480588,35.062719,0.000000,circle,预设轨迹15,forward
1775478992.879622,19.596656,1775479021.961316|完整运动,完整运动,circle_orbit,1,1.000000,1.500000,1.500000,,,,,,,,,,,,,,,,1.230807,0.169804,1.195837,0.146370,0.000000,0.000000,0.091035,,-0.118506,0.000000,,,,0.137962,0.136769,1.500000,21.530299,35.013008,0.000000,circle,预设轨迹15,forward
1775478992.912069,19.629103,1775479021.961316|完整运动,完整运动,circle_orbit,1,1.000000,1.500000,1.500000,,,,,,,,,,,,,,,,1.230202,0.168043,1.193899,0.154837,0.000000,0.000000,0.088840,,-0.120754,0.000000,,,,0.136598,0.136702,1.500000,21.555095,34.988212,0.000000,circle,预设轨迹15,forward
1775478992.942873,19.659907,1775479021.961316|完整运动,完整运动,circle_orbit,1,1.000000,1.500000,1.500000,,,,,,,,,,,,,,,,1.229578,0.166217,1.192126,0.152516,0.000000,0.000000,0.086519,,-0.122953,0.000000,,,,0.135182,0.136633,1.500000,21.579855,34.963452,0.000000,circle,预设轨迹15,forward
1775478992.974034,19.691068,1775479021.961316|完整运动,完整运动,circle_orbit,1,1.000000,1.500000,1.500000,,,,,,,,,,,,,,,,1.228937,0.164427,1.190497,0.151002,0.000000,0.000000,0.084214,,-0.125054,0.000000,,,,0.133796,0.136562,1.500000,21.604551,34.938755,0.000000,circle,预设轨迹15,forward
1775478993.009618,19.726652,1775479021.961316|完整运动,完整运动,circle_orbit,1,1.000000,1.500000,1.500000,,,,,,,,,,,,,,,,1.228248,0.159072,1.186918,0.118910,0.000000,0.000000,0.076824,,-0.130713,0.000000,,,,0.129511,0.136485,1.500000,21.679298,34.864008,0.000000,circle,预设轨迹15,forward
1775478993.049159,19.766193,1775479021.961316|完整运动,完整运动,circle_orbit,1,1.000000,1.500000,1.500000,,,,,,,,,,,,,,,,1.227522,0.155375,1.183929,0.127646,0.000000,0.000000,0.071573,,-0.135041,0.000000,,,,0.126576,0.136404,1.500000,21.728621,34.814686,0.000000,circle,预设轨迹15,forward
1775478993.085377,19.802412,1775479021.961316|完整运动,完整运动,circle_orbit,1,1.000000,1.500000,1.500000,,,,,,,,,,,,,,,,1.226774,0.153632,1.181915,0.140559,0.000000,0.000000,0.068975,,-0.137546,0.000000,,,,0.125232,0.136321,1.500000,21.752965,34.790342,0.000000,circle,预设轨迹15,forward
1775478993.117503,19.834537,1775479021.961316|完整运动,完整运动,circle_orbit,1,1.000000,1.500000,1.500000,,,,,,,,,,,,,,,,1.225989,0.149943,1.178909,0.122279,0.000000,0.000000,0.063606,,-0.141955,0.000000,,,,0.122304,0.136234,1.500000,21.801934,34.741372,0.000000,circle,预设轨迹15,forward
1775478993.151877,19.868912,1775479021.961316|完整运动,完整运动,circle_orbit,1,1.000000,1.500000,1.500000,,,,,,,,,,,,,,,,1.225201,0.148223,1.177897,0.135326,0.000000,0.000000,0.060913,,-0.143835,0.000000,,,,0.120979,0.136146,1.500000,21.826572,34.716735,0.000000,circle,预设轨迹15,forward
1775478993.179446,19.896480,1775479021.961316|完整运动,完整运动,circle_orbit,1,1.000000,1.500000,1.500000,,,,,,,,,,,,,,,,1.224393,0.144696,1.175919,0.118238,0.000000,0.000000,0.055648,,-0.147514,0.000000,,,,0.118178,0.136057,1.500000,21.875704,34.667603,0.000000,circle,预设轨迹15,forward
1775478993.201814,19.918848,1775479021.961316|完整运动,完整运动,circle_orbit,1,1.000000,1.500000,1.500000,,,,,,,,,,,,,,,,1.223563,0.141117,1.173767,0.114280,0.000000,0.000000,0.050208,,-0.151394,0.000000,,,,0.115333,0.135964,1.500000,21.924248,34.619058,0.000000,circle,预设轨迹15,forward
1775478993.222295,19.939329,1775479021.961316|完整运动,完整运动,circle_orbit,1,1.000000,1.500000,1.500000,,,,,,,,,,,,,,,,1.222739,0.139528,1.173290,0.127604,0.000000,0.000000,0.047484,,-0.152929,0.000000,,,,0.114111,0.135873,1.500000,21.948498,34.594808,0.000000,circle,预设轨迹15,forward
1775478993.251495,19.968529,1775479021.961316|完整运动,完整运动,circle_orbit,1,1.000000,1.500000,1.500000,,,,,,,,,,,,,,,,1.221935,0.137835,1.173685,0.125140,0.000000,0.000000,0.044613,,-0.153937,0.000000,,,,0.112801,0.135783,1.500000,21.972770,34.570537,0.000000,circle,预设轨迹15,forward
1775478993.273369,19.990403,1775479021.961316|完整运动,完整运动,circle_orbit,1,1.000000,1.500000,1.500000,,,,,,,,,,,,,,,,1.221140,0.135990,1.173459,0.122154,0.000000,0.000000,0.041517,,-0.155467,0.000000,,,,0.111363,0.135695,1.500000,21.997073,34.546234,0.000000,circle,预设轨迹15,forward
1775478993.294284,20.011318,1775479021.961316|完整运动,完整运动,circle_orbit,1,1.000000,1.500000,1.500000,,,,,,,,,,,,,,,,1.220351,0.134108,1.172996,0.119989,0.000000,0.000000,0.038352,,-0.157188,0.000000,,,,0.109893,0.135607,1.500000,22.021441,34.521866,0.000000,circle,预设轨迹15,forward
1775478993.326370,20.043404,1775479021.961316|完整运动,完整运动,circle_orbit,1,1.000000,1.500000,1.500000,,,,,,,,,,,,,,,,1.219569,0.129780,1.172641,0.097318,0.000000,0.000000,0.031698,,-0.160388,0.000000,,,,0.106414,0.135520,1.500000,22.070403,34.472904,0.000000,circle,预设轨迹15,forward
1775478993.357383,20.074418,1775479021.961316|完整运动,完整运动,circle_orbit,1,1.000000,1.500000,1.500000,,,,,,,,,,,,,,,,1.218791,0.127907,1.172142,0.113864,0.000000,0.000000,0.028381,,-0.162203,0.000000,,,,0.104946,0.135434,1.500000,22.094812,34.448495,0.000000,circle,预设轨迹15,forward
1775478993.384344,20.101378,1775479021.961316|完整运动,完整运动,circle_orbit,1,1.000000,1.500000,1.500000,,,,,,,,,,,,,,,,1.218026,0.123565,1.172096,0.091003,0.000000,0.000000,0.021548,,-0.165271,0.000000,,,,0.101447,0.135349,1.500000,22.143596,34.399711,0.000000,circle,预设轨迹15,forward
1775478993.416112,20.133146,1775479021.961316|完整运动,完整运动,circle_orbit,1,1.000000,1.500000,1.500000,,,,,,,,,,,,,,,,1.217269,0.121660,1.171885,0.107367,0.000000,0.000000,0.018027,,-0.166980,0.000000,,,,0.099945,0.135265,1.500000,22.167953,34.375354,0.000000,circle,预设轨迹15,forward
1775478993.451135,20.168169,1775479021.961316|完整运动,完整运动,circle_orbit,1,1.000000,1.500000,1.500000,,,,,,,,,,,,,,,,1.216503,0.117145,1.170537,0.083283,0.000000,0.000000,0.010798,,-0.171115,0.000000,,,,0.096296,0.135180,1.500000,22.216045,34.327262,0.000000,circle,预设轨迹15,forward
1775478993.478573,20.195607,1775479021.961316|完整运动,完整运动,circle_orbit,1,1.000000,1.500000,1.500000,,,,,,,,,,,,,,,,1.215747,0.115373,1.170393,0.102085,0.000000,0.000000,0.007314,,-0.172762,0.000000,,,,0.094899,0.135096,1.500000,22.239951,34.303355,0.000000,circle,预设轨迹15,forward
1775478993.504756,20.221790,1775479021.961316|完整运动,完整运动,circle_orbit,1,1.000000,1.500000,1.500000,,,,,,,,,,,,,,,,1.215009,0.113668,1.170707,0.100882,0.000000,0.000000,0.003924,,-0.174054,0.000000,,,,0.093553,0.135014,1.500000,22.263813,34.279493,0.000000,circle,预设轨迹15,forward
1775478993.561561,20.278595,1775479021.961316|完整运动,完整运动,circle_orbit,1,1.000000,1.500000,1.500000,,,,,,,,,,,,,,,,1.214177,0.107458,1.164237,0.060882,0.000000,0.000000,-0.006436,,-0.177388,0.000000,,,,0.088503,0.134921,1.500000,22.335572,34.207735,0.000000,circle,预设轨迹15,forward
1775478993.590135,20.307169,1775479021.961316|完整运动,完整运动,circle_orbit,1,1.000000,1.500000,1.500000,,,,,,,,,,,,,,,,1.213229,0.103323,1.156357,0.072311,0.000000,0.000000,-0.013461,,-0.179752,0.000000,,,,0.085164,0.134816,1.500000,22.383423,34.159884,0.000000,circle,预设轨迹15,forward
1775478993.625385,20.342419,1775479021.961316|完整运动,完整运动,circle_orbit,1,1.000000,1.500000,1.500000,,,,,,,,,,,,,,,,1.212241,0.101677,1.152987,0.089332,0.000000,0.000000,-0.017076,,-0.180515,0.000000,,,,0.083875,0.134706,1.500000,22.407508,34.135799,0.000000,circle,预设轨迹15,forward
1775478993.648362,20.365396,1775479021.961316|完整运动,完整运动,circle_orbit,1,1.000000,1.500000,1.500000,,,,,,,,,,,,,,,,1.211150,0.097208,1.145659,0.063693,0.000000,0.000000,-0.024683,,-0.182335,0.000000,,,,0.080261,0.134585,1.500000,22.455833,34.087474,0.000000,circle,预设轨迹15,forward
1775478993.670405,20.387439,1775479021.961316|完整运动,完整运动,circle_orbit,1,1.000000,1.500000,1.500000,,,,,,,,,,,,,,,,1.210076,0.097971,1.145659,0.103693,0.000000,0.000000,-0.024683,,-0.182335,0.000000,,,,0.080963,0.134466,1.500000,22.455833,34.087474,0.000000,circle,预设轨迹15,forward
1775478993.691003,20.408037,1775479021.961316|完整运动,完整运动,circle_orbit,1,1.000000,1.500000,1.500000,,,,,,,,,,,,,,,,1.208909,0.093939,1.138860,0.063693,0.000000,0.000000,-0.032304,,-0.183833,0.000000,,,,0.077705,0.134336,1.500000,22.504180,34.039127,0.000000,circle,预设轨迹15,forward
1775478993.720314,20.437348,1775479021.961316|完整运动,完整运动,circle_orbit,1,1.000000,1.500000,1.500000,,,,,,,,,,,,,,,,1.207702,0.092218,1.135287,0.079310,0.000000,0.000000,-0.036102,,-0.184735,0.000000,,,,0.076358,0.134202,1.500000,22.528328,34.014979,0.000000,circle,预设轨迹15,forward
1775478993.740740,20.457774,1775479021.961316|完整运动,完整运动,circle_orbit,1,1.000000,1.500000,1.500000,,,,,,,,,,,,,,,,1.206415,0.087627,1.129234,0.053200,0.000000,0.000000,-0.043971,,-0.185664,0.000000,,,,0.072634,0.134059,1.500000,22.577166,33.966141,0.000000,circle,预设轨迹15,forward
1775478993.766702,20.483736,1775479021.961316|完整运动,完整运动,circle_orbit,1,1.000000,1.500000,1.500000,,,,,,,,,,,,,,,,1.205150,0.088283,1.129234,0.093200,0.000000,0.000000,-0.043971,,-0.185664,0.000000,,,,0.073255,0.133918,1.500000,22.577166,33.966141,0.000000,circle,预设轨迹15,forward
1775478993.794456,20.511490,1775479021.961316|完整运动,完整运动,circle_orbit,1,1.000000,1.500000,1.500000,,,,,,,,,,,,,,,,1.203852,0.086451,1.125959,0.072713,0.000000,0.000000,-0.047987,,-0.186294,0.000000,,,,0.071812,0.133774,1.500000,22.601749,33.941558,0.000000,circle,预设轨迹15,forward
1775478993.814976,20.532011,1775479021.961316|完整运动,完整运动,circle_orbit,1,1.000000,1.500000,1.500000,,,,,,,,,,,,,,,,1.202477,0.081710,1.120014,0.046152,0.000000,0.000000,-0.056139,,-0.187090,0.000000,,,,0.067951,0.133621,1.500000,22.650901,33.892406,0.000000,circle,预设轨迹15,forward
1775478993.839235,20.556269,1775479021.961316|完整运动,完整运动,circle_orbit,1,1.000000,1.500000,1.500000,,,,,,,,,,,,,,,,1.201027,0.076963,1.114015,0.041361,0.000000,0.000000,-0.064460,,-0.187899,0.000000,,,,0.064081,0.133460,1.500000,22.699281,33.844026,0.000000,circle,预设轨迹15,forward
1775478993.865866,20.582900,1775479021.961316|完整运动,完整运动,circle_orbit,1,1.000000,1.500000,1.500000,,,,,,,,,,,,,,,,1.199552,0.075234,1.111037,0.062270,0.000000,0.000000,-0.068648,,-0.188293,0.000000,,,,0.062719,0.133296,1.500000,22.723386,33.819921,0.000000,circle,预设轨迹15,forward
1775478993.886923,20.603957,1775479021.961316|完整运动,完整运动,circle_orbit,1,1.000000,1.500000,1.500000,,,,,,,,,,,,,,,,1.198053,0.073563,1.108087,0.061026,0.000000,0.000000,-0.072740,,-0.188721,0.000000,,,,0.061402,0.133130,1.500000,22.747577,33.795730,0.000000,circle,预设轨迹15,forward
1775478993.908073,20.625107,1775479021.961316|完整运动,完整运动,circle_orbit,1,1.000000,1.500000,1.500000,,,,,,,,,,,,,,,,1.196578,0.074764,1.108087,0.083770,0.000000,0.000000,-0.072740,,-0.188721,0.000000,,,,0.062481,0.132966,1.500000,22.747577,33.795730,0.000000,circle,预设轨迹15,forward
1775478993.942079,20.659113,1775479021.961316|完整运动,完整运动,circle_orbit,1,1.000000,1.500000,1.500000,,,,,,,,,,,,,,,,1.195040,0.071117,1.102767,0.043770,0.000000,0.000000,-0.080576,,-0.189319,0.000000,,,,0.059511,0.132795,1.500000,22.795672,33.747635,0.000000,circle,预设轨迹15,forward
1775478993.972924,20.689959,1775479021.961316|完整运动,完整运动,circle_orbit,1,1.000000,1.500000,1.500000,,,,,,,,,,,,,,,,1.193487,0.069520,1.100308,0.057540,0.000000,0.000000,-0.084404,,-0.189518,0.000000,,,,0.058250,0.132622,1.500000,22.819538,33.723769,0.000000,circle,预设轨迹15,forward
1775478994.011988,20.729022,1775479021.961316|完整运动,完整运动,circle_orbit,1,1.000000,1.500000,1.500000,,,,,,,,,,,,,,,,1.191857,0.063405,1.094083,0.017540,0.000000,0.000000,-0.095894,,-0.189258,0.000000,,,,0.053198,0.132441,1.500000,22.891610,33.651696,0.000000,circle,预设轨迹15,forward
1775478994.044089,20.761123,1775479021.961316|完整运动,完整运动,circle_orbit,1,1.000000,1.500000,1.500000,,,,,,,,,,,,,,,,1.190226,0.061819,1.092358,0.049928,0.000000,0.000000,-0.099855,,-0.188851,0.000000,,,,0.051939,0.132260,1.500000,22.915982,33.627325,0.000000,circle,预设轨迹15,forward
1775478994.076350,20.793385,1775479021.961316|完整运动,完整运动,circle_orbit,1,1.000000,1.500000,1.500000,,,,,,,,,,,,,,,,1.188559,0.057406,1.088517,0.024307,0.000000,0.000000,-0.107834,,-0.188333,0.000000,,,,0.048299,0.132075,1.500000,22.964715,33.578592,0.000000,circle,预设轨迹15,forward
1775478994.110565,20.827599,1775479021.961316|完整运动,完整运动,circle_orbit,1,1.000000,1.500000,1.500000,,,,,,,,,,,,,,,,1.186878,0.056022,1.086061,0.045641,0.000000,0.000000,-0.111660,,-0.188580,0.000000,,,,0.047201,0.131888,1.500000,22.989086,33.554221,0.000000,circle,预设轨迹15,forward
1775478994.137793,20.854827,1775479021.961316|完整运动,完整运动,circle_orbit,1,1.000000,1.500000,1.500000,,,,,,,,,,,,,,,,1.185166,0.052170,1.082436,0.023277,0.000000,0.000000,-0.118976,,-0.188219,0.000000,,,,0.044019,0.131698,1.500000,23.037531,33.505776,0.000000,circle,预设轨迹15,forward
1775478994.159190,20.876225,1775479021.961316|完整运动,完整运动,circle_orbit,1,1.000000,1.500000,1.500000,,,,,,,,,,,,,,,,1.183466,0.050796,1.081424,0.040498,0.000000,0.000000,-0.122890,,-0.187289,0.000000,,,,0.042922,0.131509,1.500000,23.061804,33.481502,0.000000,circle,预设轨迹15,forward
1775478994.185146,20.902180,1775479021.961316|完整运动,完整运动,circle_orbit,1,1.000000,1.500000,1.500000,,,,,,,,,,,,,,,,1.181776,0.049388,1.080376,0.038823,0.000000,0.000000,-0.126837,,-0.186376,0.000000,,,,0.041791,0.131321,1.500000,23.086258,33.457049,0.000000,circle,预设轨迹15,forward
1775478994.217321,20.934355,1775479021.961316|完整运动,完整运动,circle_orbit,1,1.000000,1.500000,1.500000,,,,,,,,,,,,,,,,1.180065,0.045220,1.077436,0.013958,0.000000,0.000000,-0.134693,,-0.185252,0.000000,,,,0.038320,0.131131,1.500000,23.135246,33.408061,0.000000,circle,预设轨迹15,forward
1775478994.243099,20.960133,1775479021.961316|完整运动,完整运动,circle_orbit,1,1.000000,1.500000,1.500000,,,,,,,,,,,,,,,,1.178352,0.043816,1.075587,0.033293,0.000000,0.000000,-0.138755,,-0.184942,0.000000,,,,0.037184,0.130940,1.500000,23.159462,33.383845,0.000000,circle,预设轨迹15,forward
1775478994.268048,20.985082,1775479021.961316|完整运动,完整运动,circle_orbit,1,1.000000,1.500000,1.500000,,,,,,,,,,,,,,,,1.176619,0.039827,1.072597,0.009909,0.000000,0.000000,-0.146475,,-0.183941,0.000000,,,,0.033849,0.130748,1.500000,23.206924,33.336383,0.000000,circle,预设轨迹15,forward
1775478994.297226,21.014260,1775479021.961316|完整运动,完整运动,circle_orbit,1,1.000000,1.500000,1.500000,,,,,,,,,,,,,,,,1.174899,0.038604,1.071701,0.029432,0.000000,0.000000,-0.150389,,-0.182931,0.000000,,,,0.032858,0.130557,1.500000,23.230823,33.312484,0.000000,circle,预设轨迹15,forward
1775478994.321484,21.038518,1775479021.961316|完整运动,完整运动,circle_orbit,1,1.000000,1.500000,1.500000,,,,,,,,,,,,,,,,1.173187,0.037435,1.070498,0.028667,0.000000,0.000000,-0.154196,,-0.182223,0.000000,,,,0.031909,0.130366,1.500000,23.254640,33.288667,0.000000,circle,预设轨迹15,forward
1775478994.343136,21.060170,1775479021.961316|完整运动,完整运动,circle_orbit,1,1.000000,1.500000,1.500000,,,,,,,,,,,,,,,,1.171483,0.036355,1.069221,0.028251,0.000000,0.000000,-0.157848,,-0.181645,0.000000,,,,0.031033,0.130177,1.500000,23.278290,33.265016,0.000000,circle,预设轨迹15,forward
1775478994.364319,21.081353,1775479021.961316|完整运动,完整运动,circle_orbit,1,1.000000,1.500000,1.500000,,,,,,,,,,,,,,,,1.169777,0.032951,1.067441,0.007421,0.000000,0.000000,-0.164773,,-0.180030,0.000000,,,,0.028168,0.129988,1.500000,23.325275,33.218032,0.000000,circle,预设轨迹15,forward
1775478994.388711,21.105745,1775479021.961316|完整运动,完整运动,circle_orbit,1,1.000000,1.500000,1.500000,,,,,,,,,,,,,,,,1.168100,0.034488,1.067441,0.046014,0.000000,0.000000,-0.164773,,-0.180030,0.000000,,,,0.029525,0.129801,1.500000,23.325275,33.218032,0.000000,circle,预设轨迹15,forward
1775478994.412743,21.129777,1775479021.961316|完整运动,完整运动,circle_orbit,1,1.000000,1.500000,1.500000,,,,,,,,,,,,,,,,1.166431,0.031138,1.066288,0.006014,0.000000,0.000000,-0.171612,,-0.177939,0.000000,,,,0.026695,0.129616,1.500000,23.372341,33.170966,0.000000,circle,预设轨迹15,forward
1775478994.444347,21.161381,1775479021.961316|完整运动,完整运动,circle_orbit,1,1.000000,1.500000,1.500000,,,,,,,,,,,,,,,,1.164780,0.030160,1.065718,0.022824,0.000000,0.000000,-0.175116,,-0.176852,0.000000,,,,0.025893,0.129432,1.500000,23.395949,33.147358,0.000000,circle,预设轨迹15,forward
1775478994.468409,21.185443,1775479021.961316|完整运动,完整运动,circle_orbit,1,1.000000,1.500000,1.500000,,,,,,,,,,,,,,,,1.163142,0.029182,1.064896,0.021846,0.000000,0.000000,-0.178591,,-0.175987,0.000000,,,,0.025089,0.129250,1.500000,23.419528,33.123779,0.000000,circle,预设轨迹15,forward
1775478994.488952,21.205986,1775479021.961316|完整运动,完整运动,circle_orbit,1,1.000000,1.500000,1.500000,,,,,,,,,,,,,,,,1.161518,0.025719,1.064043,-0.000252,0.000000,0.000000,-0.185575,,-0.173588,0.000000,,,,0.022142,0.129070,1.500000,23.466715,33.076592,0.000000,circle,预设轨迹15,forward
1775478994.527566,21.244600,1775479021.961316|完整运动,完整运动,circle_orbit,1,1.000000,1.500000,1.500000,,,,,,,,,,,,,,,,1.159904,0.024880,1.063094,0.018586,0.000000,0.000000,-0.188942,,-0.172878,0.000000,,,,0.021450,0.128890,1.500000,23.490322,33.052985,0.000000,circle,预设轨迹15,forward
1775478994.553556,21.270591,1775479021.961316|完整运动,完整运动,circle_orbit,1,1.000000,1.500000,1.500000,,,,,,,,,,,,,,,,1.158302,0.021833,1.062170,-0.001021,0.000000,0.000000,-0.195414,,-0.170768,0.000000,,,,0.018849,0.128712,1.500000,23.537698,33.005609,0.000000,circle,预设轨迹15,forward
1775478994.581039,21.298073,1775479021.961316|完整运动,完整运动,circle_orbit,1,1.000000,1.500000,1.500000,,,,,,,,,,,,,,,,1.156726,0.023399,1.062170,0.035147,0.000000,0.000000,-0.195414,,-0.170768,0.000000,,,,0.020229,0.128537,1.500000,23.537698,33.005609,0.000000,circle,预设轨迹15,forward
1775478994.606377,21.323411,1775479021.961316|完整运动,完整运动,circle_orbit,1,1.000000,1.500000,1.500000,,,,,,,,,,,,,,,,1.155162,0.020075,1.061328,-0.004853,0.000000,0.000000,-0.205178,,-0.167129,0.000000,,,,0.017379,0.128363,1.500000,23.608997,32.934310,0.000000,circle,预设轨迹15,forward
1775478994.627521,21.344555,1775479021.961316|完整运动,完整运动,circle_orbit,1,1.000000,1.500000,1.500000,,,,,,,,,,,,,,,,1.153623,0.019091,1.061266,0.011709,0.000000,0.000000,-0.208520,,-0.165695,0.000000,,,,0.016549,0.128192,1.500000,23.632595,32.910712,0.000000,circle,预设轨迹15,forward
1775478994.669165,21.386199,1775479021.961316|完整运动,完整运动,circle_orbit,1,1.000000,1.500000,1.500000,,,,,,,,,,,,,,,,1.152103,0.018030,1.060923,0.010075,0.000000,0.000000,-0.211969,,-0.164447,0.000000,,,,0.015650,0.128024,1.500000,23.656136,32.887171,0.000000,circle,预设轨迹15,forward
1775478994.691182,21.408216,1775479021.961316|完整运动,完整运动,circle_orbit,1,1.000000,1.500000,1.500000,,,,,,,,,,,,,,,,1.150600,0.014603,1.060449,-0.011103,0.000000,0.000000,-0.218791,,-0.161810,0.000000,,,,0.012691,0.127857,1.500000,23.703061,32.840245,0.000000,circle,预设轨迹15,forward
1775478994.715336,21.432370,1775479021.961316|完整运动,完整运动,circle_orbit,1,1.000000,1.500000,1.500000,,,,,,,,,,,,,,,,1.149128,0.013750,1.060807,0.007350,0.000000,0.000000,-0.222090,,-0.160045,0.000000,,,,0.011965,0.127693,1.500000,23.726651,32.816656,0.000000,circle,预设轨迹15,forward
1775478994.749168,21.466202,1775479021.961316|完整运动,完整运动,circle_orbit,1,1.000000,1.500000,1.500000,,,,,,,,,,,,,,,,1.147684,0.012938,1.061019,0.006853,0.000000,0.000000,-0.225316,,-0.158435,0.000000,,,,0.011273,0.127533,1.500000,23.750125,32.793182,0.000000,circle,预设轨迹15,forward
1775478994.781376,21.498410,1775479021.961316|完整运动,完整运动,circle_orbit,1,1.000000,1.500000,1.500000,,,,,,,,,,,,,,,,1.146273,0.010029,1.061598,-0.011790,0.000000,0.000000,-0.231517,,-0.155197,0.000000,,,,0.008749,0.127376,1.500000,23.796664,32.746643,0.000000,circle,预设轨迹15,forward
1775478994.803671,21.520705,1775479021.961316|完整运动,完整运动,circle_orbit,1,1.000000,1.500000,1.500000,,,,,,,,,,,,,,,,1.144892,0.007379,1.062041,-0.012498,0.000000,0.000000,-0.237455,,-0.152188,0.000000,,,,0.006445,0.127222,1.500000,23.842798,32.700508,0.000000,circle,预设轨迹15,forward
1775478994.827483,21.544517,1775479021.961316|完整运动,完整运动,circle_orbit,1,1.000000,1.500000,1.500000,,,,,,,,,,,,,,,,1.143534,0.008962,1.062041,0.020836,0.000000,0.000000,-0.237455,,-0.152188,0.000000,,,,0.007837,0.127071,1.500000,23.842798,32.700508,0.000000,circle,预设轨迹15,forward
1775478994.862736,21.579770,1775479021.961316|完整运动,完整运动,circle_orbit,1,1.000000,1.500000,1.500000,,,,,,,,,,,,,,,,1.142207,0.006546,1.062632,-0.011574,0.000000,0.000000,-0.242993,,-0.149236,0.000000,,,,0.005731,0.126924,1.500000,23.889337,32.653969,0.000000,circle,预设轨迹15,forward
1775478994.900401,21.617435,1775479021.961316|完整运动,完整运动,circle_orbit,1,1.000000,1.500000,1.500000,,,,,,,,,,,,,,,,1.140918,0.004240,1.063518,-0.013057,0.000000,0.000000,-0.248456,,-0.146073,0.000000,,,,0.003716,0.126781,1.500000,23.936073,32.607234,0.000000,circle,预设轨迹15,forward
1775478994.922844,21.639878,1775479021.961316|完整运动,完整运动,circle_orbit,1,1.000000,1.500000,1.500000,,,,,,,,,,,,,,,,1.139657,0.003907,1.064032,0.001409,0.000000,0.000000,-0.251181,,-0.144436,0.000000,,,,0.003428,0.126641,1.500000,23.959449,32.583858,0.000000,circle,预设轨迹15,forward
1775478994.943181,21.660215,1775479021.961316|完整运动,完整运动,circle_orbit,1,1.000000,1.500000,1.500000,,,,,,,,,,,,,,,,1.138439,0.001586,1.065357,-0.015821,0.000000,0.000000,-0.256695,,-0.140889,0.000000,,,,0.001393,0.126505,1.500000,24.006286,32.537020,0.000000,circle,预设轨迹15,forward
1775478994.964873,21.681907,1775479021.961316|完整运动,完整运动,circle_orbit,1,1.000000,1.500000,1.500000,,,,,,,,,,,,,,,,1.137252,0.001363,1.066040,-0.000308,0.000000,0.000000,-0.259294,,-0.139170,0.000000,,,,0.001199,0.126373,1.500000,24.029582,32.513725,0.000000,circle,预设轨迹15,forward
1775478995.008389,21.725423,1775479021.961316|完整运动,完整运动,circle_orbit,1,1.000000,1.500000,1.500000,,,,,,,,,,,,,,,,1.136098,0.001119,1.066835,-0.000714,0.000000,0.000000,-0.261876,,-0.137367,0.000000,,,,0.000985,0.126245,1.500000,24.053365,32.489941,0.000000,circle,预设轨迹15,forward
1775478995.046695,21.763730,1775479021.961316|完整运动,完整运动,circle_orbit,1,1.000000,1.500000,1.500000,,,,,,,,,,,,,,,,1.134991,-0.001000,1.068563,-0.016893,0.000000,0.000000,-0.267085,,-0.133631,0.000000,,,,0.000881,0.126122,1.500000,24.100747,32.442559,0.000000,circle,预设轨迹15,forward
1775478995.068963,21.785997,1775479021.961316|完整运动,完整运动,circle_orbit,1,1.000000,1.500000,1.500000,,,,,,,,,,,,,,,,1.133915,-0.001200,1.069386,-0.002697,0.000000,0.000000,-0.269628,,-0.131825,0.000000,,,,0.001058,0.126003,1.500000,24.124376,32.418930,0.000000,circle,预设轨迹15,forward
1775478995.089320,21.806354,1775479021.961316|完整运动,完整运动,circle_orbit,1,1.000000,1.500000,1.500000,,,,,,,,,,,,,,,,1.132884,-0.003311,1.071025,-0.019144,0.000000,0.000000,-0.274848,,-0.128163,0.000000,,,,0.002923,0.125888,1.500000,24.171603,32.371704,0.000000,circle,预设轨迹15,forward
1775478995.121488,21.838522,1775479021.961316|完整运动,完整运动,circle_orbit,1,1.000000,1.500000,1.500000,,,,,,,,,,,,,,,,1.131883,-0.003476,1.071794,-0.004716,0.000000,0.000000,-0.277364,,-0.126417,0.000000,,,,0.003071,0.125777,1.500000,24.195142,32.348164,0.000000,circle,预设轨迹15,forward
1775478995.153008,21.870042,1775479021.961316|完整运动,完整运动,circle_orbit,1,1.000000,1.500000,1.500000,,,,,,,,,,,,,,,,1.130943,-0.005316,1.074545,-0.019112,0.000000,0.000000,-0.282223,,-0.122018,0.000000,,,,0.004700,0.125672,1.500000,24.242560,32.300746,0.000000,circle,预设轨迹15,forward
1775478995.185359,21.902393,1775479021.961316|完整运动,完整运动,circle_orbit,1,1.000000,1.500000,1.500000,,,,,,,,,,,,,,,,1.130041,-0.005376,1.075924,-0.005825,0.000000,0.000000,-0.284601,,-0.119843,0.000000,,,,0.004757,0.125572,1.500000,24.266267,32.277039,0.000000,circle,预设轨迹15,forward
1775478995.222447,21.939481,1775479021.961316|完整运动,完整运动,circle_orbit,1,1.000000,1.500000,1.500000,,,,,,,,,,,,,,,,1.129200,-0.006976,1.078730,-0.018974,0.000000,0.000000,-0.289126,,-0.115565,0.000000,,,,0.006177,0.125479,1.500000,24.313271,32.230036,0.000000,circle,预设轨迹15,forward
1775478995.242883,21.959917,1775479021.961316|完整运动,完整运动,circle_orbit,1,1.000000,1.500000,1.500000,,,,,,,,,,,,,,,,1.128420,-0.008204,1.081670,-0.017416,0.000000,0.000000,-0.293168,,-0.111407,0.000000,,,,0.007270,0.125392,1.500000,24.359933,32.183373,0.000000,circle,预设轨迹15,forward
1775478995.286418,22.003452,1775479021.961316|完整运动,完整运动,circle_orbit,1,1.000000,1.500000,1.500000,,,,,,,,,,,,,,,,1.127710,-0.009548,1.085070,-0.019633,0.000000,0.000000,-0.297400,,-0.106809,0.000000,,,,0.008467,0.125313,1.500000,24.406560,32.136746,0.000000,circle,预设轨迹15,forward
1775478995.314685,22.031719,1775479021.961316|完整运动,完整运动,circle_orbit,1,1.000000,1.500000,1.500000,,,,,,,,,,,,,,,,1.127036,-0.009510,1.086583,-0.009223,0.000000,0.000000,-0.299690,,-0.104588,0.000000,,,,0.008438,0.125238,1.500000,24.429864,32.113443,0.000000,circle,预设轨迹15,forward
1775478995.337492,22.054526,1775479021.961316|完整运动,完整运动,circle_orbit,1,1.000000,1.500000,1.500000,,,,,,,,,,,,,,,,1.126393,-0.009491,1.087859,-0.009345,0.000000,0.000000,-0.301953,,-0.102570,0.000000,,,,0.008426,0.125167,1.500000,24.453074,32.090233,0.000000,circle,预设轨迹15,forward
1775478995.363079,22.080113,1775479021.961316|完整运动,完整运动,circle_orbit,1,1.000000,1.500000,1.500000,,,,,,,,,,,,,,,,1.125809,-0.010976,1.090764,-0.022112,0.000000,0.000000,-0.306313,,-0.098337,0.000000,,,,0.009749,0.125102,1.500000,24.499622,32.043685,0.000000,circle,预设轨迹15,forward
1775478995.391766,22.108800,1775479021.961316|完整运动,完整运动,circle_orbit,1,1.000000,1.500000,1.500000,,,,,,,,,,,,,,,,1.125260,-0.010816,1.092314,-0.009620,0.000000,0.000000,-0.308373,,-0.096202,0.000000,,,,0.009612,0.125041,1.500000,24.523120,32.020186,0.000000,circle,预设轨迹15,forward
1775478995.413159,22.130193,1775479021.961316|完整运动,完整运动,circle_orbit,1,1.000000,1.500000,1.500000,,,,,,,,,,,,,,,,1.124744,-0.010594,1.093781,-0.008926,0.000000,0.000000,-0.310290,,-0.094199,0.000000,,,,0.009419,0.124983,1.500000,24.546617,31.996689,0.000000,circle,预设轨迹15,forward
1775478995.433701,22.150735,1775479021.961316|完整运动,完整运动,circle_orbit,1,1.000000,1.500000,1.500000,,,,,,,,,,,,,,,,1.124261,-0.010310,1.095248,-0.008179,0.000000,0.000000,-0.312064,,-0.092262,0.000000,,,,0.009170,0.124930,1.500000,24.570279,31.973028,0.000000,circle,预设轨迹15,forward
1775478995.460008,22.177042,1775479021.961316|完整运动,完整运动,circle_orbit,1,1.000000,1.500000,1.500000,,,,,,,,,,,,,,,,1.123814,-0.009994,1.097033,-0.007623,0.000000,0.000000,-0.313741,,-0.090124,0.000000,,,,0.008893,0.124880,1.500000,24.593857,31.949449,0.000000,circle,预设轨迹15,forward
1775478995.482861,22.199895,1775479021.961316|完整运动,完整运动,circle_orbit,1,1.000000,1.500000,1.500000,,,,,,,,,,,,,,,,1.123442,-0.010924,1.101087,-0.017902,0.000000,0.000000,-0.317146,,-0.085464,0.000000,,,,0.009724,0.124839,1.500000,24.640993,31.902314,0.000000,circle,预设轨迹15,forward
1775478995.503347,22.220381,1775479021.961316|完整运动,完整运动,circle_orbit,1,1.000000,1.500000,1.500000,,,,,,,,,,,,,,,,1.123112,-0.010734,1.103352,-0.009313,0.000000,0.000000,-0.318981,,-0.082901,0.000000,,,,0.009558,0.124802,1.500000,24.664625,31.878682,0.000000,circle,预设轨迹15,forward
1775478995.524626,22.241660,1775479021.961316|完整运动,完整运动,circle_orbit,1,1.000000,1.500000,1.500000,,,,,,,,,,,,,,,,1.122817,-0.010618,1.105095,-0.009744,0.000000,0.000000,-0.320879,,-0.080717,0.000000,,,,0.009457,0.124769,1.500000,24.688233,31.855074,0.000000,circle,预设轨迹15,forward
1775478995.548231,22.265265,1775479021.961316|完整运动,完整运动,circle_orbit,1,1.000000,1.500000,1.500000,,,,,,,,,,,,,,,,1.122558,-0.010551,1.107030,-0.010048,0.000000,0.000000,-0.322812,,-0.078375,0.000000,,,,0.009399,0.124741,1.500000,24.711817,31.831490,0.000000,circle,预设轨迹15,forward
1775478995.571509,22.288543,1775479021.961316|完整运动,完整运动,circle_orbit,1,1.000000,1.500000,1.500000,,,,,,,,,,,,,,,,1.122336,-0.010404,1.108995,-0.009306,0.000000,0.000000,-0.324602,,-0.076079,0.000000,,,,0.009270,0.124716,1.500000,24.735536,31.807770,0.000000,circle,预设轨迹15,forward
1775478995.594766,22.311800,1775479021.961316|完整运动,完整运动,circle_orbit,1,1.000000,1.500000,1.500000,,,,,,,,,,,,,,,,1.122156,-0.010108,1.111369,-0.007889,0.000000,0.000000,-0.326149,,-0.073586,0.000000,,,,0.009008,0.124696,1.500000,24.759193,31.784113,0.000000,circle,预设轨迹15,forward
1775478995.618215,22.335249,1775479021.961316|完整运动,完整运动,circle_orbit,1,1.000000,1.500000,1.500000,,,,,,,,,,,,,,,,1.122016,-0.009737,1.113590,-0.006950,0.000000,0.000000,-0.327550,,-0.071280,0.000000,,,,0.008678,0.124680,1.500000,24.782822,31.760485,0.000000,circle,预设轨迹15,forward
1775478995.644805,22.361839,1775479021.961316|完整运动,完整运动,circle_orbit,1,1.000000,1.500000,1.500000,,,,,,,,,,,,,,,,1.121923,-0.009304,1.116389,-0.006056,0.000000,0.000000,-0.328826,,-0.068602,0.000000,,,,0.008293,0.124670,1.500000,24.806409,31.736898,0.000000,circle,预设轨迹15,forward
1775478995.679442,22.396476,1775479021.961316|完整运动,完整运动,circle_orbit,1,1.000000,1.500000,1.500000,,,,,,,,,,,,,,,,1.121933,-0.009727,1.122521,-0.012900,0.000000,0.000000,-0.331291,,-0.062919,0.000000,,,,0.008670,0.124671,1.500000,24.853324,31.689982,0.000000,circle,预设轨迹15,forward
1775478995.716310,22.433344,1775479021.961316|完整运动,完整运动,circle_orbit,1,1.000000,1.500000,1.500000,,,,,,,,,,,,,,,,1.122031,-0.009965,1.127897,-0.011754,0.000000,0.000000,-0.333512,,-0.057951,0.000000,,,,0.008881,0.124682,1.500000,24.899980,31.643327,0.000000,circle,预设轨迹15,forward
1775478995.743092,22.460126,1775479021.961316|完整运动,完整运动,circle_orbit,1,1.000000,1.500000,1.500000,,,,,,,,,,,,,,,,1.122176,-0.009299,1.130852,-0.004304,0.000000,0.000000,-0.334447,,-0.055364,0.000000,,,,0.008287,0.124698,1.500000,24.923345,31.619962,0.000000,circle,预设轨迹15,forward
1775478995.764351,22.481385,1775479021.961316|完整运动,完整运动,circle_orbit,1,1.000000,1.500000,1.500000,,,,,,,,,,,,,,,,1.122413,-0.009384,1.136683,-0.010018,0.000000,0.000000,-0.336409,,-0.050239,0.000000,,,,0.008360,0.124724,1.500000,24.969845,31.573461,0.000000,circle,预设轨迹15,forward
1775478995.785713,22.502747,1775479021.961316|完整运动,完整运动,circle_orbit,1,1.000000,1.500000,1.500000,,,,,,,,,,,,,,,,1.122693,-0.008978,1.139469,-0.005932,0.000000,0.000000,-0.337667,,-0.047663,0.000000,,,,0.007997,0.124755,1.500000,24.993059,31.550248,0.000000,circle,预设轨迹15,forward
1775478995.813790,22.530824,1775479021.961316|完整运动,完整运动,circle_orbit,1,1.000000,1.500000,1.500000,,,,,,,,,,,,,,,,1.123011,-0.008631,1.142091,-0.006030,0.000000,0.000000,-0.338978,,-0.045192,0.000000,,,,0.007686,0.124791,1.500000,25.016294,31.527012,0.000000,circle,预设轨迹15,forward
1775478995.842428,22.559463,1775479021.961316|完整运动,完整运动,circle_orbit,1,1.000000,1.500000,1.500000,,,,,,,,,,,,,,,,1.123368,-0.008280,1.144769,-0.005648,0.000000,0.000000,-0.340254,,-0.042704,0.000000,,,,0.007371,0.124830,1.500000,25.039498,31.503809,0.000000,circle,预设轨迹15,forward
1775478995.866643,22.583677,1775479021.961316|完整运动,完整运动,circle_orbit,1,1.000000,1.500000,1.500000,,,,,,,,,,,,,,,,1.123766,-0.007853,1.147682,-0.004652,0.000000,0.000000,-0.341398,,-0.040117,0.000000,,,,0.006988,0.124875,1.500000,25.062779,31.480528,0.000000,circle,预设轨迹15,forward
1775478995.886982,22.604016,1775479021.961316|完整运动,完整运动,circle_orbit,1,1.000000,1.500000,1.500000,,,,,,,,,,,,,,,,1.124258,-0.008018,1.153761,-0.009256,0.000000,0.000000,-0.343364,,-0.034940,0.000000,,,,0.007132,0.124929,1.500000,25.109565,31.433742,0.000000,circle,预设轨迹15,forward
1775478995.922708,22.639742,1775479021.961316|完整运动,完整运动,circle_orbit,1,1.000000,1.500000,1.500000,,,,,,,,,,,,,,,,1.124791,-0.007301,1.156765,-0.001921,0.000000,0.000000,-0.344081,,-0.032510,0.000000,,,,0.006491,0.124989,1.500000,25.133136,31.410171,0.000000,circle,预设轨迹15,forward
1775478995.952623,22.669657,1775479021.961316|完整运动,完整运动,circle_orbit,1,1.000000,1.500000,1.500000,,,,,,,,,,,,,,,,1.125364,-0.006518,1.159752,-0.000643,0.000000,0.000000,-0.344660,,-0.030166,0.000000,,,,0.005792,0.125052,1.500000,25.156664,31.386643,0.000000,circle,预设轨迹15,forward
1775478995.973409,22.690443,1775479021.961316|完整运动,完整运动,circle_orbit,1,1.000000,1.500000,1.500000,,,,,,,,,,,,,,,,1.126044,-0.006221,1.166841,-0.003998,0.000000,0.000000,-0.345900,,-0.024704,0.000000,,,,0.005525,0.125128,1.500000,25.203823,31.339483,0.000000,circle,预设轨迹15,forward
1775478995.994361,22.711395,1775479021.961316|完整运动,完整运动,circle_orbit,1,1.000000,1.500000,1.500000,,,,,,,,,,,,,,,,1.126771,-0.005373,1.170416,0.000989,0.000000,0.000000,-0.346341,,-0.022053,0.000000,,,,0.004768,0.125209,1.500000,25.227338,31.315969,0.000000,circle,预设轨迹15,forward
1775478996.022762,22.739796,1775479021.961316|完整运动,完整运动,circle_orbit,1,1.000000,1.500000,1.500000,,,,,,,,,,,,,,,,1.127551,-0.004464,1.174328,0.002351,0.000000,0.000000,-0.346653,,-0.019247,0.000000,,,,0.003959,0.125295,1.500000,25.250927,31.292380,0.000000,circle,预设轨迹15,forward
1775478996.044943,22.761977,1775479021.961316|完整运动,完整运动,circle_orbit,1,1.000000,1.500000,1.500000,,,,,,,,,,,,,,,,1.128458,-0.003699,1.182895,0.002042,0.000000,0.000000,-0.347137,,-0.013249,0.000000,,,,0.003278,0.125396,1.500000,25.298285,31.245022,0.000000,circle,预设轨迹15,forward
1775478996.065546,22.782580,1775479021.961316|完整运动,完整运动,circle_orbit,1,1.000000,1.500000,1.500000,,,,,,,,,,,,,,,,1.129419,-0.002803,1.187079,0.003914,0.000000,0.000000,-0.347404,,-0.010337,0.000000,,,,0.002482,0.125503,1.500000,25.321863,31.221443,0.000000,circle,预设轨迹15,forward
1775478996.098162,22.815196,1775479021.961316|完整运动,完整运动,circle_orbit,1,1.000000,1.500000,1.500000,,,,,,,,,,,,,,,,1.130436,-0.001930,1.191445,0.004619,0.000000,0.000000,-0.347665,,-0.007327,0.000000,,,,0.001707,0.125616,1.500000,25.345451,31.197856,0.000000,circle,预设轨迹15,forward
1775478996.133151,22.850185,1775479021.961316|完整运动,完整运动,circle_orbit,1,1.000000,1.500000,1.500000,,,,,,,,,,,,,,,,1.131575,-0.000691,1.199921,0.008600,0.000000,0.000000,-0.347382,,-0.001895,0.000000,,,,0.000611,0.125742,1.500000,25.392426,31.150881,0.000000,circle,预设轨迹15,forward
1775478996.166425,22.883459,1775479021.961316|完整运动,完整运动,circle_orbit,1,1.000000,1.500000,1.500000,,,,,,,,,,,,,,,,1.132651,0.000784,1.197199,0.011846,0.000000,0.000000,-0.346723,,0.003964,0.000000,,,,0.000692,0.125862,1.500000,25.439421,31.103886,0.000000,circle,预设轨迹15,forward
1775478996.203237,22.920271,1775479021.961316|完整运动,完整运动,circle_orbit,1,1.000000,1.500000,1.500000,,,,,,,,,,,,,,,,1.133643,0.001969,1.193171,0.010858,0.000000,0.000000,-0.346411,,0.006747,0.000000,,,,0.001737,0.125972,1.500000,25.462976,31.080331,0.000000,circle,预设轨迹15,forward
1775478996.239380,22.956414,1775479021.961316|完整运动,完整运动,circle_orbit,1,1.000000,1.500000,1.500000,,,,,,,,,,,,,,,,1.134490,0.003176,1.185318,0.012229,0.000000,0.000000,-0.346032,,0.012120,0.000000,,,,0.002800,0.126066,1.500000,25.510291,31.033016,0.000000,circle,预设轨迹15,forward
1775478996.272410,22.989444,1775479021.961316|完整运动,完整运动,circle_orbit,1,1.000000,1.500000,1.500000,,,,,,,,,,,,,,,,1.135268,0.004343,1.181928,0.013093,0.000000,0.000000,-0.345664,,0.014553,0.000000,,,,0.003825,0.126153,1.500000,25.533951,31.009356,0.000000,circle,预设轨迹15,forward
1775478996.304209,23.021244,1775479021.961316|完整运动,完整运动,circle_orbit,1,1.000000,1.500000,1.500000,,,,,,,,,,,,,,,,1.135915,0.005925,1.174748,0.017793,0.000000,0.000000,-0.344673,,0.019841,0.000000,,,,0.005216,0.126225,1.500000,25.581465,30.961842,0.000000,circle,预设轨迹15,forward
1775478996.324738,23.041772,1775479021.961316|完整运动,完整运动,circle_orbit,1,1.000000,1.500000,1.500000,,,,,,,,,,,,,,,,1.136480,0.008050,1.170389,0.023990,0.000000,0.000000,-0.342852,,0.023622,0.000000,,,,0.007084,0.126288,1.500000,25.628904,30.914403,0.000000,circle,预设轨迹15,forward
1775478996.347029,23.064064,1775479021.961316|完整运动,完整运动,circle_orbit,1,1.000000,1.500000,1.500000,,,,,,,,,,,,,,,,1.137004,0.009804,1.168404,0.022958,0.000000,0.000000,-0.341466,,0.025600,0.000000,,,,0.008623,0.126346,1.500000,25.652385,30.890922,0.000000,circle,预设轨迹15,forward
1775478996.374142,23.091177,1775479021.961316|完整运动,完整运动,circle_orbit,1,1.000000,1.500000,1.500000,,,,,,,,,,,,,,,,1.137491,0.011661,1.166762,0.025586,0.000000,0.000000,-0.339865,,0.027441,0.000000,,,,0.010251,0.126400,1.500000,25.675916,30.867391,0.000000,circle,预设轨迹15,forward
1775478996.395949,23.112983,1775479021.961316|完整运动,完整运动,circle_orbit,1,1.000000,1.500000,1.500000,,,,,,,,,,,,,,,,1.137914,0.013406,1.163252,0.026498,0.000000,0.000000,-0.338354,,0.030536,0.000000,,,,0.011782,0.126447,1.500000,25.699550,30.843756,0.000000,circle,预设轨迹15,forward
1775478996.416967,23.134001,1775479021.961316|完整运动,完整运动,circle_orbit,1,1.000000,1.500000,1.500000,,,,,,,,,,,,,,,,1.138275,0.014989,1.159933,0.026857,0.000000,0.000000,-0.337015,,0.033437,0.000000,,,,0.013168,0.126487,1.500000,25.723245,30.820062,0.000000,circle,预设轨迹15,forward
1775478996.448373,23.165407,1775479021.961316|完整运动,完整运动,circle_orbit,1,1.000000,1.500000,1.500000,,,,,,,,,,,,,,,,1.138596,0.016477,1.157903,0.027635,0.000000,0.000000,-0.335758,,0.035413,0.000000,,,,0.014471,0.126523,1.500000,25.747088,30.796218,0.000000,circle,预设轨迹15,forward
1775478996.469765,23.186799,1775479021.961316|完整运动,完整运动,circle_orbit,1,1.000000,1.500000,1.500000,,,,,,,,,,,,,,,,1.138826,0.018595,1.152584,0.034481,0.000000,0.000000,-0.333571,,0.040122,0.000000,,,,0.016328,0.126548,1.500000,25.794847,30.748459,0.000000,circle,预设轨迹15,forward
1775478996.490494,23.207528,1775479021.961316|完整运动,完整运动,circle_orbit,1,1.000000,1.500000,1.500000,,,,,,,,,,,,,,,,1.138998,0.019877,1.149336,0.029489,0.000000,0.000000,-0.332496,,0.042898,0.000000,,,,0.017451,0.126567,1.500000,25.818806,30.724501,0.000000,circle,预设轨迹15,forward
1775478996.523194,23.240228,1775479021.961316|完整运动,完整运动,circle_orbit,1,1.000000,1.500000,1.500000,,,,,,,,,,,,,,,,1.139116,0.021089,1.146170,0.030179,0.000000,0.000000,-0.331491,,0.045598,0.000000,,,,0.018513,0.126580,1.500000,25.842838,30.700469,0.000000,circle,预设轨迹15,forward
1775478996.558183,23.275217,1775479021.961316|完整运动,完整运动,circle_orbit,1,1.000000,1.500000,1.500000,,,,,,,,,,,,,,,,1.139140,0.023146,1.140614,0.038579,0.000000,0.000000,-0.329270,,0.050570,0.000000,,,,0.020319,0.126583,1.500000,25.890810,30.652496,0.000000,circle,预设轨迹15,forward
1775478996.591212,23.308246,1775479021.961316|完整运动,完整运动,circle_orbit,1,1.000000,1.500000,1.500000,,,,,,,,,,,,,,,,1.139131,0.024571,1.138571,0.035253,0.000000,0.000000,-0.327875,,0.052664,0.000000,,,,0.021570,0.126582,1.500000,25.914676,30.628630,0.000000,circle,预设轨迹15,forward
1775478996.626078,23.343112,1775479021.961316|完整运动,完整运动,circle_orbit,1,1.000000,1.500000,1.500000,,,,,,,,,,,,,,,,1.139050,0.027414,1.134197,0.048736,0.000000,0.000000,-0.324439,,0.057367,0.000000,,,,0.024067,0.126573,1.500000,25.962370,30.580937,0.000000,circle,预设轨迹15,forward
1775478996.654132,23.371166,1775479021.961316|完整运动,完整运动,circle_orbit,1,1.000000,1.500000,1.500000,,,,,,,,,,,,,,,,1.138914,0.030502,1.130758,0.053664,0.000000,0.000000,-0.320550,,0.061610,0.000000,,,,0.026781,0.126558,1.500000,26.009988,30.533319,0.000000,circle,预设轨迹15,forward
1775478996.674838,23.391872,1775479021.961316|完整运动,完整运动,circle_orbit,1,1.000000,1.500000,1.500000,,,,,,,,,,,,,,,,1.138746,0.032081,1.128678,0.043926,0.000000,0.000000,-0.318686,,0.063966,0.000000,,,,0.028172,0.126539,1.500000,26.033891,30.509415,0.000000,circle,预设轨迹15,forward
1775478996.699040,23.416074,1775479021.961316|完整运动,完整运动,circle_orbit,1,1.000000,1.500000,1.500000,,,,,,,,,,,,,,,,1.138556,0.033735,1.127142,0.046136,0.000000,0.000000,-0.316680,,0.065990,0.000000,,,,0.029629,0.126518,1.500000,26.057662,30.485645,0.000000,circle,预设轨迹15,forward
1775478996.723538,23.440573,1775479021.961316|完整运动,完整运动,circle_orbit,1,1.000000,1.500000,1.500000,,,,,,,,,,,,,,,,1.138302,0.036876,1.123059,0.060438,0.000000,0.000000,-0.312533,,0.070857,0.000000,,,,0.032396,0.126490,1.500000,26.105686,30.437620,0.000000,circle,预设轨迹15,forward
1775478996.743918,23.460953,1775479021.961316|完整运动,完整运动,circle_orbit,1,1.000000,1.500000,1.500000,,,,,,,,,,,,,,,,1.138029,0.038590,1.121621,0.051442,0.000000,0.000000,-0.310297,,0.072921,0.000000,,,,0.033909,0.126460,1.500000,26.129867,30.413440,0.000000,circle,预设轨迹15,forward
1775478996.777266,23.494300,1775479021.961316|完整运动,完整运动,circle_orbit,1,1.000000,1.500000,1.500000,,,,,,,,,,,,,,,,1.137742,0.040411,1.120540,0.054066,0.000000,0.000000,-0.307870,,0.074806,0.000000,,,,0.035518,0.126428,1.500000,26.154075,30.389232,0.000000,circle,预设轨迹15,forward
1775478996.806516,23.523550,1775479021.961316|完整运动,完整运动,circle_orbit,1,1.000000,1.500000,1.500000,,,,,,,,,,,,,,,,1.137424,0.044041,1.118370,0.071270,0.000000,0.000000,-0.302837,,0.078666,0.000000,,,,0.038720,0.126392,1.500000,26.202522,30.340785,0.000000,circle,预设轨迹15,forward
1775478996.827813,23.544847,1775479021.961316|完整运动,完整运动,circle_orbit,1,1.000000,1.500000,1.500000,,,,,,,,,,,,,,,,1.137085,0.045758,1.116727,0.058635,0.000000,0.000000,-0.300384,,0.080990,0.000000,,,,0.040242,0.126355,1.500000,26.226568,30.316738,0.000000,circle,预设轨迹15,forward
1775478996.851560,23.568594,1775479021.961316|完整运动,完整运动,circle_orbit,1,1.000000,1.500000,1.500000,,,,,,,,,,,,,,,,1.136711,0.047345,1.114274,0.059244,0.000000,0.000000,-0.298088,,0.083859,0.000000,,,,0.041651,0.126313,1.500000,26.250689,30.292618,0.000000,circle,预设轨迹15,forward
1775478996.889352,23.606386,1775479021.961316|完整运动,完整运动,circle_orbit,1,1.000000,1.500000,1.500000,,,,,,,,,,,,,,,,1.136318,0.048839,1.112745,0.060050,0.000000,0.000000,-0.295900,,0.085988,0.000000,,,,0.042980,0.126270,1.500000,26.274639,30.268668,0.000000,circle,预设轨迹15,forward
1775478996.914914,23.631948,1775479021.961316|完整运动,完整运动,circle_orbit,1,1.000000,1.500000,1.500000,,,,,,,,,,,,,,,,1.135883,0.051980,1.109802,0.075534,0.000000,0.000000,-0.291361,,0.090239,0.000000,,,,0.045762,0.126221,1.500000,26.322614,30.220692,0.000000,circle,预设轨迹15,forward
1775478996.941019,23.658053,1775479021.961316|完整运动,完整运动,circle_orbit,1,1.000000,1.500000,1.500000,,,,,,,,,,,,,,,,1.135420,0.053511,1.107632,0.064991,0.000000,0.000000,-0.289003,,0.092942,0.000000,,,,0.047129,0.126170,1.500000,26.346596,30.196710,0.000000,circle,预设轨迹15,forward
1775478996.961444,23.678478,1775479021.961316|完整运动,完整运动,circle_orbit,1,1.000000,1.500000,1.500000,,,,,,,,,,,,,,,,1.134909,0.056556,1.104240,0.079395,0.000000,0.000000,-0.284485,,0.097550,0.000000,,,,0.049833,0.126113,1.500000,26.394444,30.148863,0.000000,circle,预设轨迹15,forward
1775478996.988000,23.705034,1775479021.961316|完整运动,完整运动,circle_orbit,1,1.000000,1.500000,1.500000,,,,,,,,,,,,,,,,1.134406,0.056344,1.104240,0.054753,0.000000,0.000000,-0.284485,,0.097550,0.000000,,,,0.049668,0.126057,1.500000,26.394444,30.148863,0.000000,circle,预设轨迹15,forward
1775478997.027738,23.744772,1775479021.961316|完整运动,完整运动,circle_orbit,1,1.000000,1.500000,1.500000,,,,,,,,,,,,,,,,1.133856,0.060863,1.100860,0.094753,0.000000,0.000000,-0.276303,,0.103794,0.000000,,,,0.053677,0.125996,1.500000,26.465540,30.077766,0.000000,circle,预设轨迹15,forward
1775478997.062986,23.780020,1775479021.961316|完整运动,完整运动,circle_orbit,1,1.000000,1.500000,1.500000,,,,,,,,,,,,,,,,1.133299,0.062790,1.099863,0.077245,0.000000,0.000000,-0.273299,,0.105901,0.000000,,,,0.055405,0.125934,1.500000,26.489099,30.054207,0.000000,circle,预设轨迹15,forward
1775478997.098107,23.815141,1775479021.961316|完整运动,完整运动,circle_orbit,1,1.000000,1.500000,1.500000,,,,,,,,,,,,,,,,1.132735,0.064722,1.098866,0.079210,0.000000,0.000000,-0.270242,,0.108034,0.000000,,,,0.057138,0.125871,1.500000,26.512584,30.030723,0.000000,circle,预设轨迹15,forward
1775478997.128423,23.845458,1775479021.961316|完整运动,完整运动,circle_orbit,1,1.000000,1.500000,1.500000,,,,,,,,,,,,,,,,1.132151,0.068795,1.097118,0.099349,0.000000,0.000000,-0.264104,,0.112121,0.000000,,,,0.060765,0.125806,1.500000,26.559707,29.983600,0.000000,circle,预设轨迹15,forward
1775478997.157353,23.874387,1775479021.961316|完整运动,完整运动,circle_orbit,1,1.000000,1.500000,1.500000,,,,,,,,,,,,,,,,1.131558,0.072773,1.096017,0.102602,0.000000,0.000000,-0.257949,,0.115715,0.000000,,,,0.064312,0.125741,1.500000,26.606849,29.936458,0.000000,circle,预设轨迹15,forward
1775478997.177775,23.894809,1775479021.961316|完整运动,完整运动,circle_orbit,1,1.000000,1.500000,1.500000,,,,,,,,,,,,,,,,1.130964,0.074454,1.095271,0.087060,0.000000,0.000000,-0.254909,,0.117649,0.000000,,,,0.065832,0.125675,1.500000,26.630487,29.912819,0.000000,circle,预设轨迹15,forward
1775478997.209066,23.926100,1775479021.961316|完整运动,完整运动,circle_orbit,1,1.000000,1.500000,1.500000,,,,,,,,,,,,,,,,1.130376,0.078477,1.095108,0.108654,0.000000,0.000000,-0.248526,,0.120613,0.000000,,,,0.069426,0.125609,1.500000,26.677847,29.865460,0.000000,circle,预设轨迹15,forward
1775478997.237752,23.954786,1775479021.961316|完整运动,完整运动,circle_orbit,1,1.000000,1.500000,1.500000,,,,,,,,,,,,,,,,1.129805,0.080410,1.095538,0.094902,0.000000,0.000000,-0.244967,,0.121859,0.000000,,,,0.071171,0.125546,1.500000,26.701664,29.841643,0.000000,circle,预设轨迹15,forward
1775478997.259079,23.976113,1775479021.961316|完整运动,完整运动,circle_orbit,1,1.000000,1.500000,1.500000,,,,,,,,,,,,,,,,1.129240,0.082174,1.095355,0.095403,0.000000,0.000000,-0.241620,,0.123490,0.000000,,,,0.072769,0.125483,1.500000,26.725205,29.818102,0.000000,circle,预设轨迹15,forward
1775478997.279954,23.996988,1775479021.961316|完整运动,完整运动,circle_orbit,1,1.000000,1.500000,1.500000,,,,,,,,,,,,,,,,1.128670,0.086119,1.094487,0.115711,0.000000,0.000000,-0.235162,,0.127039,0.000000,,,,0.076301,0.125420,1.500000,26.772184,29.771123,0.000000,circle,预设轨迹15,forward
1775478997.317256,24.034290,1775479021.961316|完整运动,完整运动,circle_orbit,1,1.000000,1.500000,1.500000,,,,,,,,,,,,,,,,1.128110,0.085418,1.094487,0.080159,0.000000,0.000000,-0.235162,,0.127039,0.000000,,,,0.075718,0.125357,1.500000,26.772184,29.771123,0.000000,circle,预设轨迹15,forward
1775478997.346198,24.063232,1775479021.961316|完整运动,完整运动,circle_orbit,1,1.000000,1.500000,1.500000,,,,,,,,,,,,,,,,1.127542,0.089505,1.093467,0.120159,0.000000,0.000000,-0.225658,,0.132063,0.000000,,,,0.079381,0.125294,1.500000,26.842778,29.700528,0.000000,circle,预设轨迹15,forward
1775478997.369265,24.086299,1775479021.961316|完整运动,完整运动,circle_orbit,1,1.000000,1.500000,1.500000,,,,,,,,,,,,,,,,1.126984,0.091252,1.093488,0.104353,0.000000,0.000000,-0.222389,,0.133500,0.000000,,,,0.080970,0.125232,1.500000,26.866219,29.677088,0.000000,circle,预设轨迹15,forward
1775478997.391087,24.108121,1775479021.961316|完整运动,完整运动,circle_orbit,1,1.000000,1.500000,1.500000,,,,,,,,,,,,,,,,1.126435,0.090668,1.093488,0.086287,0.000000,0.000000,-0.222389,,0.133500,0.000000,,,,0.080491,0.125171,1.500000,26.866219,29.677088,0.000000,circle,预设轨迹15,forward
1775478997.411980,24.129014,1775479021.961316|完整运动,完整运动,circle_orbit,1,1.000000,1.500000,1.500000,,,,,,,,,,,,,,,,1.125897,0.094742,1.093643,0.125301,0.000000,0.000000,-0.215865,,0.136278,0.000000,,,,0.084148,0.125112,1.500000,26.913078,29.630229,0.000000,circle,预设轨迹15,forward
1775478997.433684,24.150718,1775479021.961316|完整运动,完整运动,circle_orbit,1,1.000000,1.500000,1.500000,,,,,,,,,,,,,,,,1.125372,0.096513,1.093866,0.109796,0.000000,0.000000,-0.212445,,0.137623,0.000000,,,,0.085761,0.125053,1.500000,26.936434,29.606873,0.000000,circle,预设轨迹15,forward
1775478997.454641,24.171675,1775479021.961316|完整运动,完整运动,circle_orbit,1,1.000000,1.500000,1.500000,,,,,,,,,,,,,,,,1.124864,0.098360,1.094367,0.112211,0.000000,0.000000,-0.208881,,0.138815,0.000000,,,,0.087442,0.124997,1.500000,26.959688,29.583618,0.000000,circle,预设轨迹15,forward
1775478997.474975,24.192009,1775479021.961316|完整运动,完整运动,circle_orbit,1,1.000000,1.500000,1.500000,,,,,,,,,,,,,,,,1.124368,0.100286,1.094658,0.114729,0.000000,0.000000,-0.205165,,0.140238,0.000000,,,,0.089193,0.124942,1.500000,26.982825,29.560482,0.000000,circle,预设轨迹15,forward
1775478997.503184,24.220218,1775479021.961316|完整运动,完整运动,circle_orbit,1,1.000000,1.500000,1.500000,,,,,,,,,,,,,,,,1.123893,0.102230,1.095375,0.116813,0.000000,0.000000,-0.201380,,0.141360,0.000000,,,,0.090961,0.124889,1.500000,27.005764,29.537543,0.000000,circle,预设轨迹15,forward
1775478997.525949,24.242983,1775479021.961316|完整运动,完整运动,circle_orbit,1,1.000000,1.500000,1.500000,,,,,,,,,,,,,,,,1.123431,0.104083,1.095714,0.117982,0.000000,0.000000,-0.197682,,0.142739,0.000000,,,,0.092648,0.124838,1.500000,27.028631,29.514675,0.000000,circle,预设轨迹15,forward
1775478997.547438,24.264472,1775479021.961316|完整运动,完整运动,circle_orbit,1,1.000000,1.500000,1.500000,,,,,,,,,,,,,,,,1.122996,0.108409,1.096908,0.140849,0.000000,0.000000,-0.190439,,0.145028,0.000000,,,,0.096535,0.124789,1.500000,27.074487,29.468820,0.000000,circle,预设轨迹15,forward
1775478997.574610,24.291644,1775479021.961316|完整运动,完整运动,circle_orbit,1,1.000000,1.500000,1.500000,,,,,,,,,,,,,,,,1.122569,0.107519,1.096908,0.100849,0.000000,0.000000,-0.190439,,0.145028,0.000000,,,,0.095780,0.124742,1.500000,27.074487,29.468820,0.000000,circle,预设轨迹15,forward
1775478997.606915,24.323949,1775479021.961316|完整运动,完整运动,circle_orbit,1,1.000000,1.500000,1.500000,,,,,,,,,,,,,,,,1.122190,0.111440,1.099489,0.140849,0.000000,0.000000,-0.182929,,0.146359,0.000000,,,,0.099306,0.124700,1.500000,27.120597,29.422710,0.000000,circle,预设轨迹15,forward
1775478997.628141,24.345175,1775479021.961316|完整运动,完整运动,circle_orbit,1,1.000000,1.500000,1.500000,,,,,,,,,,,,,,,,1.121860,0.115992,1.102039,0.150127,0.000000,0.000000,-0.175227,,0.147810,0.000000,,,,0.103392,0.124663,1.500000,27.166856,29.376450,0.000000,circle,预设轨迹15,forward
1775478997.649025,24.366060,1775479021.961316|完整运动,完整运动,circle_orbit,1,1.000000,1.500000,1.500000,,,,,,,,,,,,,,,,1.121563,0.117711,1.103770,0.130604,0.000000,0.000000,-0.171366,,0.148192,0.000000,,,,0.104952,0.124630,1.500000,27.189941,29.353365,0.000000,circle,预设轨迹15,forward
1775478997.687301,24.404335,1775479021.961316|完整运动,完整运动,circle_orbit,1,1.000000,1.500000,1.500000,,,,,,,,,,,,,,,,1.121311,0.119576,1.106171,0.133568,0.000000,0.000000,-0.167273,,0.148167,0.000000,,,,0.106640,0.124602,1.500000,27.213256,29.330051,0.000000,circle,预设轨迹15,forward
1775478997.718244,24.435278,1775479021.961316|完整运动,完整运动,circle_orbit,1,1.000000,1.500000,1.500000,,,,,,,,,,,,,,,,1.121119,0.124208,1.109569,0.158941,0.000000,0.000000,-0.159225,,0.149150,0.000000,,,,0.110789,0.124581,1.500000,27.259343,29.283964,0.000000,circle,预设轨迹15,forward
1775478997.751219,24.468253,1775479021.961316|完整运动,完整运动,circle_orbit,1,1.000000,1.500000,1.500000,,,,,,,,,,,,,,,,1.120962,0.125837,1.111541,0.138062,0.000000,0.000000,-0.155262,,0.149412,0.000000,,,,0.112258,0.124563,1.500000,27.282455,29.260852,0.000000,circle,预设轨迹15,forward
1775478997.772001,24.489035,1775479021.961316|完整运动,完整运动,circle_orbit,1,1.000000,1.500000,1.500000,,,,,,,,,,,,,,,,1.120861,0.130233,1.114826,0.163201,0.000000,0.000000,-0.147364,,0.150437,0.000000,,,,0.116190,0.124552,1.500000,27.328708,29.214599,0.000000,circle,预设轨迹15,forward
1775478997.798200,24.515234,1775479021.961316|完整运动,完整运动,circle_orbit,1,1.000000,1.500000,1.500000,,,,,,,,,,,,,,,,1.120794,0.131754,1.116767,0.143164,0.000000,0.000000,-0.143392,,0.150741,0.000000,,,,0.117554,0.124544,1.500000,27.351915,29.191391,0.000000,circle,预设轨迹15,forward
1775478997.832457,24.549491,1775479021.961316|完整运动,完整运动,circle_orbit,1,1.000000,1.500000,1.500000,,,,,,,,,,,,,,,,1.120787,0.136064,1.120368,0.168384,0.000000,0.000000,-0.135465,,0.151566,0.000000,,,,0.121400,0.124544,1.500000,27.397934,29.145373,0.000000,circle,预设轨迹15,forward
1775478997.871623,24.588657,1775479021.961316|完整运动,完整运动,circle_orbit,1,1.000000,1.500000,1.500000,,,,,,,,,,,,,,,,1.120807,0.137329,1.122020,0.146818,0.000000,0.000000,-0.131716,,0.152001,0.000000,,,,0.122527,0.124546,1.500000,27.420785,29.122521,0.000000,circle,预设轨迹15,forward
1775478997.902707,24.619741,1775479021.961316|完整运动,完整运动,circle_orbit,1,1.000000,1.500000,1.500000,,,,,,,,,,,,,,,,1.120892,0.141164,1.126006,0.169928,0.000000,0.000000,-0.124338,,0.152322,0.000000,,,,0.125939,0.124555,1.500000,27.466278,29.077029,0.000000,circle,预设轨迹15,forward
1775478997.933528,24.650562,1775479021.961316|完整运动,完整运动,circle_orbit,1,1.000000,1.500000,1.500000,,,,,,,,,,,,,,,,1.121069,0.145161,1.131672,0.175140,0.000000,0.000000,-0.116608,,0.151589,0.000000,,,,0.129485,0.124575,1.500000,27.511713,29.031594,0.000000,circle,预设轨迹15,forward
1775478997.959139,24.676173,1775479021.961316|完整运动,完整运动,circle_orbit,1,1.000000,1.500000,1.500000,,,,,,,,,,,,,,,,1.121305,0.146447,1.135491,0.156088,0.000000,0.000000,-0.112603,,0.150583,0.000000,,,,0.130604,0.124601,1.500000,27.534204,29.009102,0.000000,circle,预设轨迹15,forward
1775478997.979575,24.696609,1775479021.961316|完整运动,完整运动,circle_orbit,1,1.000000,1.500000,1.500000,,,,,,,,,,,,,,,,1.121633,0.150599,1.141297,0.181737,0.000000,0.000000,-0.104552,,0.149962,0.000000,,,,0.134267,0.124638,1.500000,27.578891,28.964415,0.000000,circle,预设轨迹15,forward
1775478998.009232,24.726266,1775479021.961316|完整运动,完整运动,circle_orbit,1,1.000000,1.500000,1.500000,,,,,,,,,,,,,,,,1.121956,0.149556,1.141297,0.141737,0.000000,0.000000,-0.104552,,0.149962,0.000000,,,,0.133299,0.124674,1.500000,27.578891,28.964415,0.000000,circle,预设轨迹15,forward
1775478998.040030,24.757065,1775479021.961316|完整运动,完整运动,circle_orbit,1,1.000000,1.500000,1.500000,,,,,,,,,,,,,,,,1.122363,0.153342,1.146833,0.181737,0.000000,0.000000,-0.096528,,0.149563,0.000000,,,,0.136624,0.124719,1.500000,27.623879,28.919428,0.000000,circle,预设轨迹15,forward
1775478998.061658,24.778692,1775479021.961316|完整运动,完整运动,circle_orbit,1,1.000000,1.500000,1.500000,,,,,,,,,,,,,,,,1.122883,0.157588,1.154060,0.189437,0.000000,0.000000,-0.088224,,0.148135,0.000000,,,,0.140343,0.124777,1.500000,27.669472,28.873835,0.000000,circle,预设轨迹15,forward
1775478998.082417,24.799451,1775479021.961316|完整运动,完整运动,circle_orbit,1,1.000000,1.500000,1.500000,,,,,,,,,,,,,,,,1.123453,0.158947,1.157631,0.169135,0.000000,0.000000,-0.083889,,0.147556,0.000000,,,,0.141481,0.124840,1.500000,27.692518,28.850789,0.000000,circle,预设轨迹15,forward
1775478998.116450,24.833484,1775479021.961316|完整运动,完整运动,circle_orbit,1,1.000000,1.500000,1.500000,,,,,,,,,,,,,,,,1.124089,0.160446,1.162276,0.171688,0.000000,0.000000,-0.079378,,0.146325,0.000000,,,,0.142734,0.124911,1.500000,27.715311,28.827996,0.000000,circle,预设轨迹15,forward
1775478998.152946,24.869980,1775479021.961316|完整运动,完整运动,circle_orbit,1,1.000000,1.500000,1.500000,,,,,,,,,,,,,,,,1.124785,0.161963,1.166519,0.173342,0.000000,0.000000,-0.074855,,0.145401,0.000000,,,,0.143995,0.124988,1.500000,27.738093,28.805214,0.000000,circle,预设轨迹15,forward
1775478998.183963,24.900997,1775479021.961316|完整运动,完整运动,circle_orbit,1,1.000000,1.500000,1.500000,,,,,,,,,,,,,,,,1.125603,0.166091,1.174681,0.197050,0.000000,0.000000,-0.066631,,0.143472,0.000000,,,,0.147557,0.125079,1.500000,27.783012,28.760294,0.000000,circle,预设轨迹15,forward
1775478998.205202,24.922236,1775479021.961316|完整运动,完整运动,circle_orbit,1,1.000000,1.500000,1.500000,,,,,,,,,,,,,,,,1.126502,0.169735,1.180475,0.197063,0.000000,0.000000,-0.058965,,0.142962,0.000000,,,,0.150674,0.125179,1.500000,27.828088,28.715219,0.000000,circle,预设轨迹15,forward
1775478998.225972,24.943006,1775479021.961316|完整运动,完整运动,circle_orbit,1,1.000000,1.500000,1.500000,,,,,,,,,,,,,,,,1.127451,0.170609,1.184401,0.177168,0.000000,0.000000,-0.055135,,0.142033,0.000000,,,,0.151323,0.125284,1.500000,27.850447,28.692860,0.000000,circle,预设轨迹15,forward
1775478998.259759,24.976793,1775479021.961316|完整运动,完整运动,circle_orbit,1,1.000000,1.500000,1.500000,,,,,,,,,,,,,,,,1.128457,0.171533,1.188787,0.178460,0.000000,0.000000,-0.051286,,0.140823,0.000000,,,,0.152007,0.125396,1.500000,27.872803,28.670503,0.000000,circle,预设轨迹15,forward
1775478998.287606,25.004640,1775479021.961316|完整运动,完整运动,circle_orbit,1,1.000000,1.500000,1.500000,,,,,,,,,,,,,,,,1.129498,0.172349,1.191974,0.178470,0.000000,0.000000,-0.047639,,0.140336,0.000000,,,,0.152589,0.125512,1.500000,27.895274,28.648032,0.000000,circle,预设轨迹15,forward
1775478998.309813,25.026847,1775479021.961316|完整运动,完整运动,circle_orbit,1,1.000000,1.500000,1.500000,,,,,,,,,,,,,,,,1.130653,0.175610,1.199932,0.200069,0.000000,0.000000,-0.040561,,0.138265,0.000000,,,,0.155318,0.125640,1.500000,27.940349,28.602958,0.000000,circle,预设轨迹15,forward
1775478998.330148,25.047182,1775479021.961316|完整运动,完整运动,circle_orbit,1,1.000000,1.500000,1.500000,,,,,,,,,,,,,,,,1.131866,0.176352,1.204653,0.181917,0.000000,0.000000,-0.036972,,0.136799,0.000000,,,,0.155807,0.125775,1.500000,27.962954,28.580353,0.000000,circle,预设轨迹15,forward
1775478998.367023,25.084057,1775479021.961316|完整运动,完整运动,circle_orbit,1,1.000000,1.500000,1.500000,,,,,,,,,,,,,,,,1.133140,0.177086,1.209571,0.182593,0.000000,0.000000,-0.033443,,0.135203,0.000000,,,,0.156279,0.125916,1.500000,27.985493,28.557814,0.000000,circle,预设轨迹15,forward
1775478998.397886,25.114920,1775479021.961316|完整运动,完整运动,circle_orbit,1,1.000000,1.500000,1.500000,,,,,,,,,,,,,,,,1.134561,0.180516,1.219856,0.206237,0.000000,0.000000,-0.026124,,0.131921,0.000000,,,,0.159106,0.126074,1.500000,28.030952,28.512354,0.000000,circle,预设轨迹15,forward
1775478998.433659,25.150693,1775479021.961316|完整运动,完整运动,circle_orbit,1,1.000000,1.500000,1.500000,,,,,,,,,,,,,,,,1.136161,0.184180,1.232113,0.211665,0.000000,0.000000,-0.018359,,0.127728,0.000000,,,,0.162108,0.126252,1.500000,28.076099,28.467208,0.000000,circle,预设轨迹15,forward
1775478998.458956,25.175990,1775479021.961316|完整运动,完整运动,circle_orbit,1,1.000000,1.500000,1.500000,,,,,,,,,,,,,,,,1.137851,0.185154,1.239251,0.192454,0.000000,0.000000,-0.014303,,0.125148,0.000000,,,,0.162722,0.126440,1.500000,28.098442,28.444864,0.000000,circle,预设轨迹15,forward
1775478998.481559,25.198593,1775479021.961316|完整运动,完整运动,circle_orbit,1,1.000000,1.500000,1.500000,,,,,,,,,,,,,,,,1.139713,0.188829,1.251430,0.216392,0.000000,0.000000,-0.006440,,0.121280,0.000000,,,,0.165681,0.126647,1.500000,28.142769,28.400538,0.000000,circle,预设轨迹15,forward
1775478998.504018,25.221052,1775479021.961316|完整运动,完整运动,circle_orbit,1,1.000000,1.500000,1.500000,,,,,,,,,,,,,,,,1.141544,0.187366,1.251430,0.176392,0.000000,0.000000,-0.006440,,0.121280,0.000000,,,,0.164134,0.126850,1.500000,28.142769,28.400538,0.000000,circle,预设轨迹15,forward
1775478998.527480,25.244514,1775479021.961316|完整运动,完整运动,circle_orbit,1,1.000000,1.500000,1.500000,,,,,,,,,,,,,,,,1.143444,0.188194,1.257424,0.194408,0.000000,0.000000,-0.002638,,0.119400,0.000000,,,,0.164585,0.127061,1.500000,28.165378,28.377928,0.000000,circle,预设轨迹15,forward
1775478998.547864,25.264899,1775479021.961316|完整运动,完整运动,circle_orbit,1,1.000000,1.500000,1.500000,,,,,,,,,,,,,,,,1.145401,0.191719,1.262842,0.218157,0.000000,0.000000,0.004963,,0.115167,0.000000,,,,0.167382,0.127279,1.500000,28.210464,28.332843,0.000000,circle,预设轨迹15,forward
1775478998.570981,25.288015,1775479021.961316|完整运动,完整运动,circle_orbit,1,1.000000,1.500000,1.500000,,,,,,,,,,,,,,,,1.147331,0.192390,1.263116,0.197418,0.000000,0.000000,0.008614,,0.113384,0.000000,,,,0.167685,0.127493,1.500000,28.233045,28.310262,0.000000,circle,预设轨迹15,forward
1775478998.598774,25.315808,1775479021.961316|完整运动,完整运动,circle_orbit,1,1.000000,1.500000,1.500000,,,,,,,,,,,,,,,,1.149250,0.192979,1.264428,0.197396,0.000000,0.000000,0.012099,,0.111064,0.000000,,,,0.167917,0.127707,1.500000,28.255575,28.287731,0.000000,circle,预设轨迹15,forward
1775478998.621430,25.338464,1775479021.961316|完整运动,完整运动,circle_orbit,1,1.000000,1.500000,1.500000,,,,,,,,,,,,,,,,1.151180,0.195869,1.266946,0.217548,0.000000,0.000000,0.018813,,0.106606,0.000000,,,,0.170146,0.127921,1.500000,28.301141,28.242165,0.000000,circle,预设轨迹15,forward
1775478998.643225,25.360259,1775479021.961316|完整运动,完整运动,circle_orbit,1,1.000000,1.500000,1.500000,,,,,,,,,,,,,,,,1.153078,0.193986,1.266946,0.179862,0.000000,0.000000,0.018813,,0.106606,0.000000,,,,0.168233,0.128132,1.500000,28.301141,28.242165,0.000000,circle,预设轨迹15,forward
1775478998.668329,25.385363,1775479021.961316|完整运动,完整运动,circle_orbit,1,1.000000,1.500000,1.500000,,,,,,,,,,,,,,,,1.154945,0.196565,1.266988,0.215910,0.000000,0.000000,0.024973,,0.103844,0.000000,,,,0.170194,0.128339,1.500000,28.347477,28.195829,0.000000,circle,预设轨迹15,forward
1775478998.688766,25.405800,1775479021.961316|完整运动,完整运动,circle_orbit,1,1.000000,1.500000,1.500000,,,,,,,,,,,,,,,,1.156778,0.196843,1.266788,0.198927,0.000000,0.000000,0.027928,,0.102647,0.000000,,,,0.170165,0.128543,1.500000,28.370800,28.172506,0.000000,circle,预设轨迹15,forward
1775478998.715311,25.432345,1775479021.961316|完整运动,完整运动,circle_orbit,1,1.000000,1.500000,1.500000,,,,,,,,,,,,,,,,1.158599,0.197116,1.267839,0.199163,0.000000,0.000000,0.030817,,0.100749,0.000000,,,,0.170133,0.128745,1.500000,28.394022,28.149285,0.000000,circle,预设轨迹15,forward
1775478998.748085,25.465119,1775479021.961316|完整运动,完整运动,circle_orbit,1,1.000000,1.500000,1.500000,,,,,,,,,,,,,,,,1.160425,0.197534,1.269982,0.200670,0.000000,0.000000,0.033861,,0.098149,0.000000,,,,0.170226,0.128948,1.500000,28.417023,28.126283,0.000000,circle,预设轨迹15,forward
1775478998.769652,25.486686,1775479021.961316|完整运动,完整运动,circle_orbit,1,1.000000,1.500000,1.500000,,,,,,,,,,,,,,,,1.162234,0.200193,1.270750,0.220131,0.000000,0.000000,0.040050,,0.094951,0.000000,,,,0.172248,0.129149,1.500000,28.463220,28.080086,0.000000,circle,预设轨迹15,forward
1775478998.790521,25.507555,1775479021.961316|完整运动,完整运动,circle_orbit,1,1.000000,1.500000,1.500000,,,,,,,,,,,,,,,,1.164034,0.200545,1.272083,0.203192,0.000000,0.000000,0.043044,,0.092848,0.000000,,,,0.172285,0.129349,1.500000,28.486098,28.057209,0.000000,circle,预设轨迹15,forward
1775478998.822112,25.539146,1775479021.961316|完整运动,完整运动,circle_orbit,1,1.000000,1.500000,1.500000,,,,,,,,,,,,,,,,1.165835,0.200852,1.273858,0.203155,0.000000,0.000000,0.045927,,0.090539,0.000000,,,,0.172282,0.129549,1.500000,28.508877,28.034430,0.000000,circle,预设轨迹15,forward
1775478998.858291,25.575325,1775479021.961316|完整运动,完整运动,circle_orbit,1,1.000000,1.500000,1.500000,,,,,,,,,,,,,,,,1.167678,0.203142,1.278259,0.220315,0.000000,0.000000,0.051593,,0.085487,0.000000,,,,0.173971,0.129754,1.500000,28.554363,27.988944,0.000000,circle,预设轨迹15,forward
1775478998.884797,25.601831,1775479021.961316|完整运动,完整运动,circle_orbit,1,1.000000,1.500000,1.500000,,,,,,,,,,,,,,,,1.169515,0.203413,1.279738,0.205448,0.000000,0.000000,0.054454,,0.083368,0.000000,,,,0.173930,0.129958,1.500000,28.577296,27.966011,0.000000,circle,预设轨迹15,forward
1775478998.905986,25.623020,1775479021.961316|完整运动,完整运动,circle_orbit,1,1.000000,1.500000,1.500000,,,,,,,,,,,,,,,,1.171397,0.205665,1.284296,0.222549,0.000000,0.000000,0.060092,,0.078262,0.000000,,,,0.175572,0.130168,1.500000,28.623284,27.920022,0.000000,circle,预设轨迹15,forward
1775478998.927192,25.644226,1775479021.961316|完整运动,完整运动,circle_orbit,1,1.000000,1.500000,1.500000,,,,,,,,,,,,,,,,1.173247,0.203910,1.284296,0.190752,0.000000,0.000000,0.060092,,0.078262,0.000000,,,,0.173800,0.130373,1.500000,28.623284,27.920022,0.000000,circle,预设轨迹15,forward
1775478998.957855,25.674889,1775479021.961316|完整运动,完整运动,circle_orbit,1,1.000000,1.500000,1.500000,,,,,,,,,,,,,,,,1.175154,0.206011,1.289573,0.221769,0.000000,0.000000,0.065425,,0.072904,0.000000,,,,0.175306,0.130585,1.500000,28.669389,27.873917,0.000000,circle,预设轨迹15,forward
1775478998.987755,25.704789,1775479021.961316|完整运动,完整运动,circle_orbit,1,1.000000,1.500000,1.500000,,,,,,,,,,,,,,,,1.177069,0.206025,1.291963,0.206125,0.000000,0.000000,0.067853,,0.070480,0.000000,,,,0.175032,0.130798,1.500000,28.692483,27.850824,0.000000,circle,预设轨迹15,forward
1775478999.025596,25.742630,1775479021.961316|完整运动,完整运动,circle_orbit,1,1.000000,1.500000,1.500000,,,,,,,,,,,,,,,,1.179038,0.207993,1.297148,0.222753,0.000000,0.000000,0.073014,,0.065286,0.000000,,,,0.176409,0.131017,1.500000,28.738849,27.804458,0.000000,circle,预设轨迹15,forward
1775478999.052633,25.769667,1775479021.961316|完整运动,完整运动,circle_orbit,1,1.000000,1.500000,1.500000,,,,,,,,,,,,,,,,1.181040,0.209849,1.301158,0.223768,0.000000,0.000000,0.078077,,0.060808,0.000000,,,,0.177681,0.131239,1.500000,28.785639,27.757667,0.000000,circle,预设轨迹15,forward
1775478999.074171,25.791205,1775479021.961316|完整运动,完整运动,circle_orbit,1,1.000000,1.500000,1.500000,,,,,,,,,,,,,,,,1.183051,0.209853,1.303715,0.209884,0.000000,0.000000,0.080553,,0.058294,0.000000,,,,0.177383,0.131463,1.500000,28.808970,27.734337,0.000000,circle,预设轨迹15,forward
1775478999.099116,25.816150,1775479021.961316|完整运动,完整运动,circle_orbit,1,1.000000,1.500000,1.500000,,,,,,,,,,,,,,,,1.185060,0.209851,1.305585,0.209838,0.000000,0.000000,0.082963,,0.056193,0.000000,,,,0.177081,0.131686,1.500000,28.832189,27.711118,0.000000,circle,预设轨迹15,forward
1775478999.133602,25.850636,1775479021.961316|完整运动,完整运动,circle_orbit,1,1.000000,1.500000,1.500000,,,,,,,,,,,,,,,,1.187077,0.209765,1.308120,0.209120,0.000000,0.000000,0.085198,,0.053808,0.000000,,,,0.176707,0.131910,1.500000,28.855355,27.687951,0.000000,circle,预设轨迹15,forward
1775478999.158285,25.875319,1775479021.961316|完整运动,完整运动,circle_orbit,1,1.000000,1.500000,1.500000,,,,,,,,,,,,,,,,1.189160,0.211031,1.314162,0.220530,0.000000,0.000000,0.089310,,0.048685,0.000000,,,,0.177463,0.132141,1.500000,28.902227,27.641080,0.000000,circle,预设轨迹15,forward
1775478999.180268,25.897302,1775479021.961316|完整运动,完整运动,circle_orbit,1,1.000000,1.500000,1.500000,,,,,,,,,,,,,,,,1.191294,0.212460,1.319312,0.223177,0.000000,0.000000,0.093682,,0.043958,0.000000,,,,0.178344,0.132379,1.500000,28.949834,27.593472,0.000000,circle,预设轨迹15,forward
1775478999.203937,25.920971,1775479021.961316|完整运动,完整运动,circle_orbit,1,1.000000,1.500000,1.500000,,,,,,,,,,,,,,,,1.193393,0.210799,1.319312,0.198341,0.000000,0.000000,0.093682,,0.043958,0.000000,,,,0.176639,0.132612,1.500000,28.949834,27.593472,0.000000,circle,预设轨迹15,forward
1775478999.234882,25.951916,1775479021.961316|完整运动,完整运动,circle_orbit,1,1.000000,1.500000,1.500000,,,,,,,,,,,,,,,,1.195569,0.211710,1.326122,0.218539,0.000000,0.000000,0.097207,,0.038741,0.000000,,,,0.177079,0.132854,1.500000,28.996425,27.546882,0.000000,circle,预设轨迹15,forward
1775478999.260751,25.977785,1775479021.961316|完整运动,完整运动,circle_orbit,1,1.000000,1.500000,1.500000,,,,,,,,,,,,,,,,1.197765,0.211413,1.329543,0.209184,0.000000,0.000000,0.099022,,0.036115,0.000000,,,,0.176506,0.133098,1.500000,29.019853,27.523453,0.000000,circle,预设轨迹15,forward
1775478999.296858,26.013892,1775479021.961316|完整运动,完整运动,circle_orbit,1,1.000000,1.500000,1.500000,,,,,,,,,,,,,,,,1.200053,0.212100,1.337369,0.217257,0.000000,0.000000,0.102190,,0.030581,0.000000,,,,0.176742,0.133352,1.500000,29.067185,27.476122,0.000000,circle,预设轨迹15,forward
1775478999.317222,26.034256,1775479021.961316|完整运动,完整运动,circle_orbit,1,1.000000,1.500000,1.500000,,,,,,,,,,,,,,,,1.202391,0.211596,1.342649,0.207812,0.000000,0.000000,0.103664,,0.027169,0.000000,,,,0.175979,0.133612,1.500000,29.090910,27.452397,0.000000,circle,预设轨迹15,forward
1775478999.340588,26.057622,1775479021.961316|完整运动,完整运动,circle_orbit,1,1.000000,1.500000,1.500000,,,,,,,,,,,,,,,,1.204878,0.212275,1.354121,0.217371,0.000000,0.000000,0.106770,,0.019873,0.000000,,,,0.176180,0.133888,1.500000,29.137997,27.405310,0.000000,circle,预设轨迹15,forward
1775478999.371194,26.088228,1775479021.961316|完整运动,完整运动,circle_orbit,1,1.000000,1.500000,1.500000,,,,,,,,,,,,,,,,1.207414,0.211731,1.359527,0.207647,0.000000,0.000000,0.108140,,0.016511,0.000000,,,,0.175359,0.134170,1.500000,29.161232,27.382075,0.000000,circle,预设轨迹15,forward
1775478999.406733,26.123767,1775479021.961316|完整运动,完整运动,circle_orbit,1,1.000000,1.500000,1.500000,,,,,,,,,,,,,,,,1.209986,0.211171,1.364348,0.206972,0.000000,0.000000,0.109422,,0.013505,0.000000,,,,0.174523,0.134456,1.500000,29.184643,27.358664,0.000000,circle,预设轨迹15,forward
1775478999.439655,26.156689,1775479021.961316|完整运动,完整运动,circle_orbit,1,1.000000,1.500000,1.500000,,,,,,,,,,,,,,,,1.212578,0.210541,1.368107,0.205817,0.000000,0.000000,0.110539,,0.011120,0.000000,,,,0.173631,0.134744,1.500000,29.208236,27.335071,0.000000,circle,预设轨迹15,forward
1775478999.473187,26.190222,1775479021.961316|完整运动,完整运动,circle_orbit,1,1.000000,1.500000,1.500000,,,,,,,,,,,,,,,,1.215263,0.210485,1.376312,0.210067,0.000000,0.000000,0.112416,,0.006201,0.000000,,,,0.173202,0.135042,1.500000,29.255950,27.287357,0.000000,circle,预设轨迹15,forward
1775478999.507729,26.224763,1775479021.961316|完整运动,完整运动,circle_orbit,1,1.000000,1.500000,1.500000,,,,,,,,,,,,,,,,1.218039,0.210499,1.384592,0.210601,0.000000,0.000000,0.114378,,-0.001255,0.000000,,,,0.172818,0.135350,1.500000,29.327523,27.215784,0.000000,circle,预设轨迹15,forward
1775478999.538661,26.255695,1775479021.961316|完整运动,完整运动,circle_orbit,1,1.000000,1.500000,1.500000,,,,,,,,,,,,,,,,1.220665,0.209605,1.378275,0.202903,0.000000,0.000000,0.115026,,-0.004071,0.000000,,,,0.171714,0.135642,1.500000,29.351363,27.191944,0.000000,circle,预设轨迹15,forward
1775478999.576551,26.293585,1775479021.961316|完整运动,完整运动,circle_orbit,1,1.000000,1.500000,1.500000,,,,,,,,,,,,,,,,1.223162,0.208818,1.372939,0.202909,0.000000,0.000000,0.115749,,-0.006393,0.000000,,,,0.170720,0.135920,1.500000,29.375287,27.168019,0.000000,circle,预设轨迹15,forward
1775478999.609529,26.326563,1775479021.961316|完整运动,完整运动,circle_orbit,1,1.000000,1.500000,1.500000,,,,,,,,,,,,,,,,1.225322,0.209025,1.354953,0.210578,0.000000,0.000000,0.117844,,-0.014526,0.000000,,,,0.170587,0.136160,1.500000,29.446867,27.096440,0.000000,circle,预设轨迹15,forward
1775478999.640395,26.357429,1775479021.961316|完整运动,完整运动,circle_orbit,1,1.000000,1.500000,1.500000,,,,,,,,,,,,,,,,1.227358,0.208254,1.349505,0.202473,0.000000,0.000000,0.118542,,-0.017009,0.000000,,,,0.169677,0.136386,1.500000,29.471099,27.072208,0.000000,circle,预设轨迹15,forward
1775478999.663527,26.380561,1775479021.961316|完整运动,完整运动,circle_orbit,1,1.000000,1.500000,1.500000,,,,,,,,,,,,,,,,1.229175,0.207750,1.338185,0.203970,0.000000,0.000000,0.119573,,-0.022427,0.000000,,,,0.169016,0.136588,1.500000,29.519545,27.023761,0.000000,circle,预设轨迹15,forward
1775478999.688997,26.406031,1775479021.961316|完整运动,完整运动,circle_orbit,1,1.000000,1.500000,1.500000,,,,,,,,,,,,,,,,1.230867,0.206784,1.332394,0.199542,0.000000,0.000000,0.119909,,-0.025323,0.000000,,,,0.167999,0.136776,1.500000,29.544076,26.999231,0.000000,circle,预设轨迹15,forward
1775478999.716951,26.433985,1775479021.961316|完整运动,完整运动,circle_orbit,1,1.000000,1.500000,1.500000,,,,,,,,,,,,,,,,1.232419,0.205855,1.325535,0.198885,0.000000,0.000000,0.120236,,-0.028818,0.000000,,,,0.167033,0.136948,1.500000,29.568625,26.974682,0.000000,circle,预设轨迹15,forward
1775478999.742753,26.459787,1775479021.961316|完整运动,完整运动,circle_orbit,1,1.000000,1.500000,1.500000,,,,,,,,,,,,,,,,1.233849,0.204767,1.319654,0.196604,0.000000,0.000000,0.120281,,-0.031950,0.000000,,,,0.165958,0.137107,1.500000,29.593322,26.949985,0.000000,circle,预设轨迹15,forward
1775478999.778450,26.495484,1775479021.961316|完整运动,完整运动,circle_orbit,1,1.000000,1.500000,1.500000,,,,,,,,,,,,,,,,1.235048,0.203607,1.307018,0.194911,0.000000,0.000000,0.120179,,-0.038864,0.000000,,,,0.164858,0.137241,1.500000,29.642107,26.901199,0.000000,circle,预设轨迹15,forward
1775478999.799287,26.516321,1775479021.961316|完整运动,完整运动,circle_orbit,1,1.000000,1.500000,1.500000,,,,,,,,,,,,,,,,1.236022,0.202604,1.294447,0.195082,0.000000,0.000000,0.120254,,-0.045796,0.000000,,,,0.163916,0.137349,1.500000,29.690199,26.853108,0.000000,circle,预设轨迹15,forward
1775478999.822179,26.539213,1775479021.961316|完整运动,完整运动,circle_orbit,1,1.000000,1.500000,1.500000,,,,,,,,,,,,,,,,1.236980,0.201592,1.294447,0.194004,0.000000,0.000000,0.120254,,-0.045796,0.000000,,,,0.162971,0.137455,1.500000,29.690199,26.853108,0.000000,circle,预设轨迹15,forward
1775478999.854179,26.571213,1775479021.961316|完整运动,完整运动,circle_orbit,1,1.000000,1.500000,1.500000,,,,,,,,,,,,,,,,1.237839,0.200418,1.289379,0.191607,0.000000,0.000000,0.119974,,-0.048767,0.000000,,,,0.161909,0.137551,1.500000,29.714297,26.829010,0.000000,circle,预设轨迹15,forward
1775478999.885003,26.602037,1775479021.961316|完整运动,完整运动,circle_orbit,1,1.000000,1.500000,1.500000,,,,,,,,,,,,,,,,1.238551,0.198690,1.281296,0.185730,0.000000,0.000000,0.118863,,-0.053848,0.000000,,,,0.160421,0.137630,1.500000,29.762363,26.780944,0.000000,circle,预设轨迹15,forward
1775478999.908629,26.625663,1775479021.961316|完整运动,完整运动,circle_orbit,1,1.000000,1.500000,1.500000,,,,,,,,,,,,,,,,1.239098,0.196791,1.271907,0.182548,0.000000,0.000000,0.117439,,-0.059882,0.000000,,,,0.158818,0.137691,1.500000,29.810133,26.733174,0.000000,circle,预设轨迹15,forward
1775478999.929461,26.646495,1775479021.961316|完整运动,完整运动,circle_orbit,1,1.000000,1.500000,1.500000,,,,,,,,,,,,,,,,1.239553,0.195497,1.266816,0.185794,0.000000,0.000000,0.116791,,-0.063132,0.000000,,,,0.157716,0.137741,1.500000,29.834147,26.709159,0.000000,circle,预设轨迹15,forward
1775478999.955129,26.672163,1775479021.961316|完整运动,完整运动,circle_orbit,1,1.000000,1.500000,1.500000,,,,,,,,,,,,,,,,1.239933,0.194180,1.262747,0.184301,0.000000,0.000000,0.116058,,-0.065843,0.000000,,,,0.156605,0.137783,1.500000,29.858439,26.684868,0.000000,circle,预设轨迹15,forward
1775478999.976831,26.693865,1775479021.961316|完整运动,完整运动,circle_orbit,1,1.000000,1.500000,1.500000,,,,,,,,,,,,,,,,1.240228,0.193020,1.257950,0.184324,0.000000,0.000000,0.115502,,-0.068921,0.000000,,,,0.155633,0.137816,1.500000,29.882731,26.660576,0.000000,circle,预设轨迹15,forward
1775478999.997319,26.714353,1775479021.961316|完整运动,完整运动,circle_orbit,1,1.000000,1.500000,1.500000,,,,,,,,,,,,,,,,1.240435,0.192238,1.252821,0.186367,0.000000,0.000000,0.115443,,-0.071998,0.000000,,,,0.154976,0.137839,1.500000,29.907024,26.636282,0.000000,circle,预设轨迹15,forward
1775479000.023477,26.740511,1775479021.961316|完整运动,完整运动,circle_orbit,1,1.000000,1.500000,1.500000,,,,,,,,,,,,,,,,1.240579,0.191255,1.249270,0.183887,0.000000,0.000000,0.115082,,-0.074286,0.000000,,,,0.154166,0.137855,1.500000,29.931585,26.611722,0.000000,circle,预设轨迹15,forward
1775479000.045421,26.762455,1775479021.961316|完整运动,完整运动,circle_orbit,1,1.000000,1.500000,1.500000,,,,,,,,,,,,,,,,1.240665,0.190201,1.245787,0.182298,0.000000,0.000000,0.114590,,-0.076603,0.000000,,,,0.153306,0.137865,1.500000,29.956008,26.587298,0.000000,circle,预设轨迹15,forward
1775479000.065758,26.782792,1775479021.961316|完整运动,完整运动,circle_orbit,1,1.000000,1.500000,1.500000,,,,,,,,,,,,,,,,1.240638,0.188485,1.239010,0.175614,0.000000,0.000000,0.113135,,-0.081366,0.000000,,,,0.151926,0.137862,1.500000,30.005838,26.537469,0.000000,circle,预设轨迹15,forward
1775479000.090117,26.807151,1775479021.961316|完整运动,完整运动,circle_orbit,1,1.000000,1.500000,1.500000,,,,,,,,,,,,,,,,1.240556,0.187154,1.235665,0.177168,0.000000,0.000000,0.112160,,-0.083847,0.000000,,,,0.150863,0.137853,1.500000,30.030795,26.512511,0.000000,circle,预设轨迹15,forward
1775479000.120306,26.837340,1775479021.961316|完整运动,完整运动,circle_orbit,1,1.000000,1.500000,1.500000,,,,,,,,,,,,,,,,1.240428,0.185592,1.232733,0.173881,0.000000,0.000000,0.110816,,-0.086249,0.000000,,,,0.149619,0.137838,1.500000,30.055597,26.487709,0.000000,circle,预设轨迹15,forward
1775479000.141250,26.858284,1775479021.961316|完整运动,完整运动,circle_orbit,1,1.000000,1.500000,1.500000,,,,,,,,,,,,,,,,1.240209,0.182711,1.227055,0.161105,0.000000,0.000000,0.107554,,-0.091218,0.000000,,,,0.147323,0.137814,1.500000,30.105238,26.438069,0.000000,circle,预设轨迹15,forward
1775479000.162555,26.879589,1775479021.961316|完整运动,完整运动,circle_orbit,1,1.000000,1.500000,1.500000,,,,,,,,,,,,,,,,1.239944,0.181038,1.224091,0.168491,0.000000,0.000000,0.105886,,-0.093809,0.000000,,,,0.146005,0.137785,1.500000,30.130162,26.413145,0.000000,circle,预设轨迹15,forward
1775479000.188643,26.905677,1775479021.961316|完整运动,完整运动,circle_orbit,1,1.000000,1.500000,1.500000,,,,,,,,,,,,,,,,1.239685,0.180582,1.224091,0.177160,0.000000,0.000000,0.105886,,-0.093809,0.000000,,,,0.145668,0.137756,1.500000,30.130162,26.413145,0.000000,circle,预设轨迹15,forward
1775479000.222114,26.939148,1775479021.961316|完整运动,完整运动,circle_orbit,1,1.000000,1.500000,1.500000,,,,,,,,,,,,,,,,1.239344,0.177572,1.218926,0.154994,0.000000,0.000000,0.102283,,-0.098656,0.000000,,,,0.143279,0.137718,1.500000,30.180016,26.363291,0.000000,circle,预设轨迹15,forward
1775479000.253619,26.970654,1775479021.961316|完整运动,完整运动,circle_orbit,1,1.000000,1.500000,1.500000,,,,,,,,,,,,,,,,1.238917,0.174776,1.213285,0.153810,0.000000,0.000000,0.098873,,-0.103748,0.000000,,,,0.141072,0.137671,1.500000,30.229095,26.314212,0.000000,circle,预设轨迹15,forward
1775479000.279256,26.996290,1775479021.961316|完整运动,完整运动,circle_orbit,1,1.000000,1.500000,1.500000,,,,,,,,,,,,,,,,1.238449,0.173314,1.210394,0.162346,0.000000,0.000000,0.097252,,-0.106314,0.000000,,,,0.139944,0.137619,1.500000,30.253424,26.289883,0.000000,circle,预设轨迹15,forward
1775479000.309553,27.026587,1775479021.961316|完整运动,完整运动,circle_orbit,1,1.000000,1.500000,1.500000,,,,,,,,,,,,,,,,1.237906,0.170849,1.205322,0.152362,0.000000,0.000000,0.094186,,-0.110936,0.000000,,,,0.138014,0.137558,1.500000,30.302195,26.241112,0.000000,circle,预设轨迹15,forward
1775479000.329911,27.046945,1775479021.961316|完整运动,完整运动,circle_orbit,1,1.000000,1.500000,1.500000,,,,,,,,,,,,,,,,1.237339,0.169511,1.203303,0.159480,0.000000,0.000000,0.092638,,-0.112929,0.000000,,,,0.136997,0.137495,1.500000,30.326712,26.216595,0.000000,circle,预设轨迹15,forward
1775479000.358305,27.075340,1775479021.961316|完整运动,完整运动,circle_orbit,1,1.000000,1.500000,1.500000,,,,,,,,,,,,,,,,1.236746,0.168148,1.201149,0.157924,0.000000,0.000000,0.091033,,-0.115040,0.000000,,,,0.135960,0.137429,1.500000,30.351213,26.192093,0.000000,circle,预设轨迹15,forward
1775479000.389292,27.106326,1775479021.961316|完整运动,完整运动,circle_orbit,1,1.000000,1.500000,1.500000,,,,,,,,,,,,,,,,1.236106,0.165327,1.197737,0.144169,0.000000,0.000000,0.087343,,-0.118903,0.000000,,,,0.133748,0.137358,1.500000,30.400805,26.142502,0.000000,circle,预设轨迹15,forward
1775479000.422635,27.139669,1775479021.961316|完整运动,完整运动,circle_orbit,1,1.000000,1.500000,1.500000,,,,,,,,,,,,,,,,1.235447,0.163723,1.195889,0.151694,0.000000,0.000000,0.085282,,-0.121029,0.000000,,,,0.132521,0.137285,1.500000,30.425629,26.117678,0.000000,circle,预设轨迹15,forward
1775479000.460203,27.177237,1775479021.961316|完整运动,完整运动,circle_orbit,1,1.000000,1.500000,1.500000,,,,,,,,,,,,,,,,1.234768,0.162068,1.194007,0.149651,0.000000,0.000000,0.083118,,-0.123226,0.000000,,,,0.131253,0.137209,1.500000,30.450696,26.092611,0.000000,circle,预设轨迹15,forward
1775479000.495331,27.212365,1775479021.961316|完整运动,完整运动,circle_orbit,1,1.000000,1.500000,1.500000,,,,,,,,,,,,,,,,1.234008,0.157151,1.188404,0.120277,0.000000,0.000000,0.076307,,-0.129956,0.000000,,,,0.127350,0.137125,1.500000,30.525737,26.017570,0.000000,circle,预设轨迹15,forward
1775479000.528205,27.245239,1775479021.961316|完整运动,完整运动,circle_orbit,1,1.000000,1.500000,1.500000,,,,,,,,,,,,,,,,1.233224,0.153739,1.186231,0.128149,0.000000,0.000000,0.071432,,-0.133568,0.000000,,,,0.124664,0.137038,1.500000,30.575663,25.967644,0.000000,circle,预设轨迹15,forward
1775479000.560910,27.277944,1775479021.961316|完整运动,完整运动,circle_orbit,1,1.000000,1.500000,1.500000,,,,,,,,,,,,,,,,1.232433,0.152130,1.184934,0.140063,0.000000,0.000000,0.069002,,-0.135513,0.000000,,,,0.123439,0.136950,1.500000,30.600558,25.942749,0.000000,circle,预设轨迹15,forward
1775479000.592212,27.309246,1775479021.961316|完整运动,完整运动,circle_orbit,1,1.000000,1.500000,1.500000,,,,,,,,,,,,,,,,1.231636,0.150480,1.183802,0.138108,0.000000,0.000000,0.066499,,-0.137382,0.000000,,,,0.122179,0.136861,1.500000,30.625465,25.917842,0.000000,circle,预设轨迹15,forward
1775479000.629378,27.346412,1775479021.961316|完整运动,完整运动,circle_orbit,1,1.000000,1.500000,1.500000,,,,,,,,,,,,,,,,1.230825,0.146829,1.182164,0.119440,0.000000,0.000000,0.061139,,-0.140862,0.000000,,,,0.119293,0.136771,1.500000,30.674919,25.868388,0.000000,circle,预设轨迹15,forward
1775479000.654974,27.372008,1775479021.961316|完整运动,完整运动,circle_orbit,1,1.000000,1.500000,1.500000,,,,,,,,,,,,,,,,1.229982,0.143076,1.179456,0.114930,0.000000,0.000000,0.055519,,-0.145180,0.000000,,,,0.116323,0.136678,1.500000,30.723775,25.819532,0.000000,circle,预设轨迹15,forward
1775479000.675391,27.392426,1775479021.961316|完整运动,完整运动,circle_orbit,1,1.000000,1.500000,1.500000,,,,,,,,,,,,,,,,1.229131,0.141460,1.178040,0.129339,0.000000,0.000000,0.052809,,-0.147340,0.000000,,,,0.115089,0.136583,1.500000,30.748096,25.795211,0.000000,circle,预设轨迹15,forward
1775479000.703692,27.420726,1775479021.961316|完整运动,完整运动,circle_orbit,1,1.000000,1.500000,1.500000,,,,,,,,,,,,,,,,1.228281,0.139867,1.177273,0.127925,0.000000,0.000000,0.050125,,-0.149052,0.000000,,,,0.113872,0.136489,1.500000,30.772468,25.770839,0.000000,circle,预设轨迹15,forward
1775479000.734586,27.451620,1775479021.961316|完整运动,完整运动,circle_orbit,1,1.000000,1.500000,1.500000,,,,,,,,,,,,,,,,1.227413,0.136434,1.175355,0.110682,0.000000,0.000000,0.044825,,-0.152707,0.000000,,,,0.111156,0.136392,1.500000,30.821060,25.722247,0.000000,circle,预设轨迹15,forward
1775479000.755568,27.472602,1775479021.961316|完整运动,完整运动,circle_orbit,1,1.000000,1.500000,1.500000,,,,,,,,,,,,,,,,1.226558,0.134781,1.175248,0.122383,0.000000,0.000000,0.041946,,-0.154059,0.000000,,,,0.109885,0.136297,1.500000,30.845411,25.697895,0.000000,circle,预设轨迹15,forward
1775479000.778620,27.495655,1775479021.961316|完整运动,完整运动,circle_orbit,1,1.000000,1.500000,1.500000,,,,,,,,,,,,,,,,1.225723,0.132986,1.175595,0.119524,0.000000,0.000000,0.038854,,-0.155198,0.000000,,,,0.108496,0.136204,1.500000,30.869853,25.673454,0.000000,circle,预设轨迹15,forward
1775479000.808762,27.525796,1775479021.961316|完整运动,完整运动,circle_orbit,1,1.000000,1.500000,1.500000,,,,,,,,,,,,,,,,1.224905,0.128583,1.175840,0.095560,0.000000,0.000000,0.032044,,-0.158059,0.000000,,,,0.104974,0.136113,1.500000,30.919416,25.623891,0.000000,circle,预设轨迹15,forward
1775479000.829634,27.546668,1775479021.961316|完整运动,完整运动,circle_orbit,1,1.000000,1.500000,1.500000,,,,,,,,,,,,,,,,1.224106,0.126564,1.176188,0.111424,0.000000,0.000000,0.028461,,-0.159416,0.000000,,,,0.103393,0.136025,1.500000,30.944551,25.598755,0.000000,circle,预设轨迹15,forward
1775479000.850269,27.567303,1775479021.961316|完整运动,完整运动,circle_orbit,1,1.000000,1.500000,1.500000,,,,,,,,,,,,,,,,1.223315,0.124635,1.175854,0.110166,0.000000,0.000000,0.024982,,-0.161188,0.000000,,,,0.101883,0.135937,1.500000,30.969653,25.573654,0.000000,circle,预设轨迹15,forward
1775479000.887872,27.604906,1775479021.961316|完整运动,完整运动,circle_orbit,1,1.000000,1.500000,1.500000,,,,,,,,,,,,,,,,1.222572,0.120200,1.177984,0.086940,0.000000,0.000000,0.017924,,-0.162884,0.000000,,,,0.098317,0.135854,1.500000,31.019494,25.523813,0.000000,circle,预设轨迹15,forward
1775479000.925162,27.642196,1775479021.961316|完整运动,完整运动,circle_orbit,1,1.000000,1.500000,1.500000,,,,,,,,,,,,,,,,1.221849,0.118467,1.178475,0.105465,0.000000,0.000000,0.014546,,-0.164054,0.000000,,,,0.096957,0.135774,1.500000,31.044081,25.499225,0.000000,circle,预设轨迹15,forward
1775479000.946447,27.663481,1775479021.961316|完整运动,完整运动,circle_orbit,1,1.000000,1.500000,1.500000,,,,,,,,,,,,,,,,1.221167,0.114646,1.180263,0.085989,0.000000,0.000000,0.008199,,-0.165670,0.000000,,,,0.093882,0.135698,1.500000,31.093569,25.449738,0.000000,circle,预设轨迹15,forward
1775479000.966767,27.683801,1775479021.961316|完整运动,完整运动,circle_orbit,1,1.000000,1.500000,1.500000,,,,,,,,,,,,,,,,1.220510,0.113214,1.181037,0.102472,0.000000,0.000000,0.005125,,-0.166516,0.000000,,,,0.092759,0.135625,1.500000,31.118247,25.425060,0.000000,circle,预设轨迹15,forward
1775479000.992842,27.709876,1775479021.961316|完整运动,完整运动,circle_orbit,1,1.000000,1.500000,1.500000,,,,,,,,,,,,,,,,1.219862,0.113940,1.181037,0.119384,0.000000,0.000000,0.005125,,-0.166516,0.000000,,,,0.093404,0.135553,1.500000,31.118247,25.425060,0.000000,circle,预设轨迹15,forward
1775479001.018188,27.735222,1775479021.961316|完整运动,完整运动,circle_orbit,1,1.000000,1.500000,1.500000,,,,,,,,,,,,,,,,1.219233,0.110086,1.181482,0.081182,0.000000,0.000000,-0.001255,,-0.167937,0.000000,,,,0.090291,0.135483,1.500000,31.167463,25.375844,0.000000,circle,预设轨迹15,forward
1775479001.038568,27.755603,1775479021.961316|完整运动,完整运动,circle_orbit,1,1.000000,1.500000,1.500000,,,,,,,,,,,,,,,,1.218500,0.106145,1.174532,0.076591,0.000000,0.000000,-0.007884,,-0.169686,0.000000,,,,0.087111,0.135402,1.500000,31.216505,25.326802,0.000000,circle,预设轨迹15,forward
1775479001.063309,27.780343,1775479021.961316|完整运动,完整运动,circle_orbit,1,1.000000,1.500000,1.500000,,,,,,,,,,,,,,,,1.217780,0.106964,1.174532,0.113106,0.000000,0.000000,-0.007884,,-0.169686,0.000000,,,,0.087835,0.135322,1.500000,31.216505,25.326802,0.000000,circle,预设轨迹15,forward
1775479001.092240,27.809274,1775479021.961316|完整运动,完整运动,circle_orbit,1,1.000000,1.500000,1.500000,,,,,,,,,,,,,,,,1.216959,0.102981,1.167733,0.073106,0.000000,0.000000,-0.015191,,-0.171085,0.000000,,,,0.084621,0.135231,1.500000,31.265470,25.277837,0.000000,circle,预设轨迹15,forward
1775479001.112916,27.829950,1775479021.961316|完整运动,完整运动,circle_orbit,1,1.000000,1.500000,1.500000,,,,,,,,,,,,,,,,1.216098,0.101138,1.164401,0.087314,0.000000,0.000000,-0.018926,,-0.171723,0.000000,,,,0.083166,0.135135,1.500000,31.289851,25.253455,0.000000,circle,预设轨迹15,forward
1775479001.144805,27.861839,1775479021.961316|完整运动,完整运动,circle_orbit,1,1.000000,1.500000,1.500000,,,,,,,,,,,,,,,,1.215194,0.099285,1.160954,0.085389,0.000000,0.000000,-0.022693,,-0.172439,0.000000,,,,0.081703,0.135034,1.500000,31.313962,25.229344,0.000000,circle,预设轨迹15,forward
1775479001.166840,27.883874,1775479021.961316|完整运动,完整运动,circle_orbit,1,1.000000,1.500000,1.500000,,,,,,,,,,,,,,,,1.214197,0.094558,1.154379,0.059108,0.000000,0.000000,-0.030561,,-0.173541,0.000000,,,,0.077877,0.134924,1.500000,31.362005,25.181302,0.000000,circle,预设轨迹15,forward
1775479001.187158,27.904192,1775479021.961316|完整运动,完整运动,circle_orbit,1,1.000000,1.500000,1.500000,,,,,,,,,,,,,,,,1.213163,0.092590,1.151159,0.077830,0.000000,0.000000,-0.034687,,-0.173979,0.000000,,,,0.076321,0.134809,1.500000,31.386254,25.157053,0.000000,circle,预设轨迹15,forward
1775479001.216387,27.933421,1775479021.961316|完整运动,完整运动,circle_orbit,1,1.000000,1.500000,1.500000,,,,,,,,,,,,,,,,1.212147,0.093541,1.151159,0.100670,0.000000,0.000000,-0.034687,,-0.173979,0.000000,,,,0.077169,0.134696,1.500000,31.386254,25.157053,0.000000,circle,预设轨迹15,forward
1775479001.240079,27.957113,1775479021.961316|完整运动,完整运动,circle_orbit,1,1.000000,1.500000,1.500000,,,,,,,,,,,,,,,,1.211012,0.089674,1.142927,0.060670,0.000000,0.000000,-0.042510,,-0.176368,0.000000,,,,0.074048,0.134570,1.500000,31.434823,25.108484,0.000000,circle,预设轨迹15,forward
1775479001.260898,27.977932,1775479021.961316|完整运动,完整运动,circle_orbit,1,1.000000,1.500000,1.500000,,,,,,,,,,,,,,,,1.209797,0.085364,1.136916,0.053040,0.000000,0.000000,-0.049878,,-0.177429,0.000000,,,,0.070560,0.134435,1.500000,31.482869,25.060437,0.000000,circle,预设轨迹15,forward
1775479001.291150,28.008184,1775479021.961316|完整运动,完整运动,circle_orbit,1,1.000000,1.500000,1.500000,,,,,,,,,,,,,,,,1.208603,0.086267,1.136916,0.093040,0.000000,0.000000,-0.049878,,-0.177429,0.000000,,,,0.071377,0.134302,1.500000,31.482869,25.060437,0.000000,circle,预设轨迹15,forward
1775479001.314945,28.031979,1775479021.961316|完整运动,完整运动,circle_orbit,1,1.000000,1.500000,1.500000,,,,,,,,,,,,,,,,1.207336,0.082391,1.131327,0.053322,0.000000,0.000000,-0.056665,,-0.178486,0.000000,,,,0.068242,0.134161,1.500000,31.531155,25.012152,0.000000,circle,预设轨迹15,forward
1775479001.335298,28.052332,1775479021.961316|完整运动,完整运动,circle_orbit,1,1.000000,1.500000,1.500000,,,,,,,,,,,,,,,,1.206057,0.081067,1.129333,0.071133,0.000000,0.000000,-0.059963,,-0.178484,0.000000,,,,0.067216,0.134019,1.500000,31.555579,24.987727,0.000000,circle,预设轨迹15,forward
1775479001.368929,28.085963,1775479021.961316|完整运动,完整运动,circle_orbit,1,1.000000,1.500000,1.500000,,,,,,,,,,,,,,,,1.204764,0.079857,1.127197,0.070790,0.000000,0.000000,-0.063089,,-0.178667,0.000000,,,,0.066285,0.133875,1.500000,31.580149,24.963158,0.000000,circle,预设轨迹15,forward
1775479001.391396,28.108430,1775479021.961316|完整运动,完整运动,circle_orbit,1,1.000000,1.500000,1.500000,,,,,,,,,,,,,,,,1.203444,0.076081,1.124254,0.047761,0.000000,0.000000,-0.069853,,-0.177837,0.000000,,,,0.063220,0.133729,1.500000,31.629290,24.914016,0.000000,circle,预设轨迹15,forward
1775479001.411717,28.128752,1775479021.961316|完整运动,完整运动,circle_orbit,1,1.000000,1.500000,1.500000,,,,,,,,,,,,,,,,1.202107,0.074718,1.121862,0.064493,0.000000,0.000000,-0.073318,,-0.178076,0.000000,,,,0.062156,0.133580,1.500000,31.653560,24.889747,0.000000,circle,预设轨迹15,forward
1775479001.437675,28.154709,1775479021.961316|完整运动,完整运动,circle_orbit,1,1.000000,1.500000,1.500000,,,,,,,,,,,,,,,,1.200766,0.073288,1.120292,0.062560,0.000000,0.000000,-0.076871,,-0.177667,0.000000,,,,0.061034,0.133431,1.500000,31.677760,24.865547,0.000000,circle,预设轨迹15,forward
1775479001.465385,28.182420,1775479021.961316|完整运动,完整运动,circle_orbit,1,1.000000,1.500000,1.500000,,,,,,,,,,,,,,,,1.199423,0.071788,1.118873,0.060538,0.000000,0.000000,-0.080524,,-0.177105,0.000000,,,,0.059852,0.133282,1.500000,31.701970,24.841337,0.000000,circle,预设轨迹15,forward
1775479001.485953,28.202987,1775479021.961316|完整运动,完整运动,circle_orbit,1,1.000000,1.500000,1.500000,,,,,,,,,,,,,,,,1.198047,0.067508,1.115462,0.035413,0.000000,0.000000,-0.088132,,-0.176285,0.000000,,,,0.056349,0.133129,1.500000,31.750359,24.792947,0.000000,circle,预设轨迹15,forward
1775479001.507018,28.224052,1775479021.961316|完整运动,完整运动,circle_orbit,1,1.000000,1.500000,1.500000,,,,,,,,,,,,,,,,1.196661,0.066013,1.113495,0.054800,0.000000,0.000000,-0.091940,,-0.176077,0.000000,,,,0.055165,0.132975,1.500000,31.774483,24.768823,0.000000,circle,预设轨迹15,forward
1775479001.527732,28.244766,1775479021.961316|完整运动,完整运动,circle_orbit,1,1.000000,1.500000,1.500000,,,,,,,,,,,,,,,,1.195266,0.064504,1.111578,0.053186,0.000000,0.000000,-0.095765,,-0.175829,0.000000,,,,0.053966,0.132820,1.500000,31.798670,24.744636,0.000000,circle,预设轨迹15,forward
1775479001.555346,28.272380,1775479021.961316|完整运动,完整运动,circle_orbit,1,1.000000,1.500000,1.500000,,,,,,,,,,,,,,,,1.193858,0.063049,1.109354,0.052132,0.000000,0.000000,-0.099513,,-0.175854,0.000000,,,,0.052811,0.132663,1.500000,31.822732,24.720575,0.000000,circle,预设轨迹15,forward
1775479001.590672,28.307706,1775479021.961316|完整运动,完整运动,circle_orbit,1,1.000000,1.500000,1.500000,,,,,,,,,,,,,,,,1.192436,0.061485,1.107134,0.049754,0.000000,0.000000,-0.103413,,-0.175816,0.000000,,,,0.051562,0.132505,1.500000,31.846861,24.696445,0.000000,circle,预设轨迹15,forward
1775479001.618753,28.335787,1775479021.961316|完整运动,完整运动,circle_orbit,1,1.000000,1.500000,1.500000,,,,,,,,,,,,,,,,1.190957,0.057254,1.102203,0.025528,0.000000,0.000000,-0.111104,,-0.176185,0.000000,,,,0.048074,0.132341,1.500000,31.895433,24.647874,0.000000,circle,预设轨迹15,forward
1775479001.639047,28.356081,1775479021.961316|完整运动,完整运动,circle_orbit,1,1.000000,1.500000,1.500000,,,,,,,,,,,,,,,,1.189435,0.053521,1.098109,0.025522,0.000000,0.000000,-0.118238,,-0.176185,0.000000,,,,0.044997,0.132172,1.500000,31.944600,24.598707,0.000000,circle,预设轨迹15,forward
1775479001.661514,28.378548,1775479021.961316|完整运动,完整运动,circle_orbit,1,1.000000,1.500000,1.500000,,,,,,,,,,,,,,,,1.187937,0.054890,1.098109,0.065158,0.000000,0.000000,-0.118238,,-0.176185,0.000000,,,,0.046206,0.132006,1.500000,31.944600,24.598707,0.000000,circle,预设轨迹15,forward
1775479001.691211,28.408245,1775479021.961316|完整运动,完整运动,circle_orbit,1,1.000000,1.500000,1.500000,,,,,,,,,,,,,,,,1.186420,0.051392,1.095382,0.025158,0.000000,0.000000,-0.125269,,-0.175186,0.000000,,,,0.043317,0.131837,1.500000,31.993122,24.550184,0.000000,circle,预设轨迹15,forward
1775479001.711535,28.428570,1775479021.961316|完整运动,完整运动,circle_orbit,1,1.000000,1.500000,1.500000,,,,,,,,,,,,,,,,1.184903,0.050276,1.093857,0.041901,0.000000,0.000000,-0.128728,,-0.174842,0.000000,,,,0.042430,0.131668,1.500000,32.017180,24.526127,0.000000,circle,预设轨迹15,forward
1775479001.734919,28.451953,1775479021.961316|完整运动,完整运动,circle_orbit,1,1.000000,1.500000,1.500000,,,,,,,,,,,,,,,,1.183392,0.049237,1.092759,0.041442,0.000000,0.000000,-0.132056,,-0.174223,0.000000,,,,0.041606,0.131500,1.500000,32.041326,24.501980,0.000000,circle,预设轨迹15,forward
1775479001.755955,28.472989,1775479021.961316|完整运动,完整运动,circle_orbit,1,1.000000,1.500000,1.500000,,,,,,,,,,,,,,,,1.181894,0.048201,1.092026,0.040438,0.000000,0.000000,-0.135358,,-0.173331,0.000000,,,,0.040783,0.131334,1.500000,32.065544,24.477763,0.000000,circle,预设轨迹15,forward
1775479001.780062,28.497096,1775479021.961316|完整运动,完整运动,circle_orbit,1,1.000000,1.500000,1.500000,,,,,,,,,,,,,,,,1.180405,0.047172,1.091026,0.039454,0.000000,0.000000,-0.138631,,-0.172663,0.000000,,,,0.039963,0.131169,1.500000,32.089614,24.453692,0.000000,circle,预设轨迹15,forward
1775479001.804655,28.521689,1775479021.961316|完整运动,完整运动,circle_orbit,1,1.000000,1.500000,1.500000,,,,,,,,,,,,,,,,1.178909,0.043814,1.089199,0.018627,0.000000,0.000000,-0.145200,,-0.171185,0.000000,,,,0.037165,0.131002,1.500000,32.138088,24.405219,0.000000,circle,预设轨迹15,forward
1775479001.825416,28.542450,1775479021.961316|完整运动,完整运动,circle_orbit,1,1.000000,1.500000,1.500000,,,,,,,,,,,,,,,,1.177425,0.042868,1.088330,0.035777,0.000000,0.000000,-0.148452,,-0.170427,0.000000,,,,0.036409,0.130837,1.500000,32.162240,24.381066,0.000000,circle,预设轨迹15,forward
1775479001.856630,28.573664,1775479021.961316|完整运动,完整运动,circle_orbit,1,1.000000,1.500000,1.500000,,,,,,,,,,,,,,,,1.175946,0.041918,1.087230,0.034794,0.000000,0.000000,-0.151685,,-0.169862,0.000000,,,,0.035647,0.130673,1.500000,32.186477,24.356830,0.000000,circle,预设轨迹15,forward
1775479001.878596,28.595630,1775479021.961316|完整运动,完整运动,circle_orbit,1,1.000000,1.500000,1.500000,,,,,,,,,,,,,,,,1.174479,0.040921,1.086457,0.033440,0.000000,0.000000,-0.154964,,-0.169017,0.000000,,,,0.034842,0.130510,1.500000,32.210596,24.332711,0.000000,circle,预设轨迹15,forward
1775479001.902077,28.619112,1775479021.961316|完整运动,完整运动,circle_orbit,1,1.000000,1.500000,1.500000,,,,,,,,,,,,,,,,1.173007,0.037591,1.084678,0.012614,0.000000,0.000000,-0.161543,,-0.167508,0.000000,,,,0.032047,0.130346,1.500000,32.258563,24.284744,0.000000,circle,预设轨迹15,forward
1775479001.932828,28.649862,1775479021.961316|完整运动,完整运动,circle_orbit,1,1.000000,1.500000,1.500000,,,,,,,,,,,,,,,,1.171548,0.036579,1.084007,0.028993,0.000000,0.000000,-0.164940,,-0.166533,0.000000,,,,0.031223,0.130184,1.500000,32.282524,24.260783,0.000000,circle,预设轨迹15,forward
1775479001.953974,28.671008,1775479021.961316|完整运动,完整运动,circle_orbit,1,1.000000,1.500000,1.500000,,,,,,,,,,,,,,,,1.170104,0.035539,1.083448,0.027734,0.000000,0.000000,-0.168360,,-0.165459,0.000000,,,,0.030372,0.130024,1.500000,32.306356,24.236950,0.000000,circle,预设轨迹15,forward
1775479001.975038,28.692072,1775479021.961316|完整运动,完整运动,circle_orbit,1,1.000000,1.500000,1.500000,,,,,,,,,,,,,,,,1.168663,0.034574,1.082247,0.027341,0.000000,0.000000,-0.171656,,-0.164955,0.000000,,,,0.029584,0.129864,1.500000,32.330114,24.213193,0.000000,circle,预设轨迹15,forward
1775479001.998866,28.715900,1775479021.961316|完整运动,完整运动,circle_orbit,1,1.000000,1.500000,1.500000,,,,,,,,,,,,,,,,1.167231,0.033474,1.081316,0.025220,0.000000,0.000000,-0.175128,,-0.164157,0.000000,,,,0.028678,0.129705,1.500000,32.354108,24.189198,0.000000,circle,预设轨迹15,forward
1775479002.019272,28.736306,1775479021.961316|完整运动,完整运动,circle_orbit,1,1.000000,1.500000,1.500000,,,,,,,,,,,,,,,,1.165789,0.030101,1.079271,0.004802,0.000000,0.000000,-0.181822,,-0.162824,0.000000,,,,0.025820,0.129544,1.500000,32.401969,24.141338,0.000000,circle,预设轨迹15,forward
1775479002.047707,28.764741,1775479021.961316|完整运动,完整运动,circle_orbit,1,1.000000,1.500000,1.500000,,,,,,,,,,,,,,,,1.164371,0.031519,1.079271,0.042153,0.000000,0.000000,-0.181822,,-0.162824,0.000000,,,,0.027069,0.129387,1.500000,32.401969,24.141338,0.000000,circle,预设轨迹15,forward
1775479002.071653,28.788687,1775479021.961316|完整运动,完整运动,circle_orbit,1,1.000000,1.500000,1.500000,,,,,,,,,,,,,,,,1.162964,0.028124,1.078516,0.002666,0.000000,0.000000,-0.188518,,-0.160456,0.000000,,,,0.024183,0.129230,1.500000,32.450024,24.093283,0.000000,circle,预设轨迹15,forward
1775479002.092306,28.809340,1775479021.961316|完整运动,完整运动,circle_orbit,1,1.000000,1.500000,1.500000,,,,,,,,,,,,,,,,1.161573,0.027113,1.078112,0.019532,0.000000,0.000000,-0.191949,,-0.159257,0.000000,,,,0.023342,0.129076,1.500000,32.473971,24.069335,0.000000,circle,预设轨迹15,forward
1775479002.123272,28.840306,1775479021.961316|完整运动,完整运动,circle_orbit,1,1.000000,1.500000,1.500000,,,,,,,,,,,,,,,,1.160198,0.026093,1.077753,0.018445,0.000000,0.000000,-0.195381,,-0.158022,0.000000,,,,0.022490,0.128923,1.500000,32.497827,24.045479,0.000000,circle,预设轨迹15,forward
1775479002.152902,28.869936,1775479021.961316|完整运动,完整运动,circle_orbit,1,1.000000,1.500000,1.500000,,,,,,,,,,,,,,,,1.158845,0.022580,1.077661,-0.003767,0.000000,0.000000,-0.202352,,-0.154997,0.000000,,,,0.019485,0.128773,1.500000,32.545983,23.997324,0.000000,circle,预设轨迹15,forward
1775479002.175629,28.892663,1775479021.961316|完整运动,完整运动,circle_orbit,1,1.000000,1.500000,1.500000,,,,,,,,,,,,,,,,1.157517,0.021649,1.077807,0.014667,0.000000,0.000000,-0.205782,,-0.153355,0.000000,,,,0.018703,0.128625,1.500000,32.570193,23.973114,0.000000,circle,预设轨迹15,forward
1775479002.198294,28.915328,1775479021.961316|完整运动,完整运动,circle_orbit,1,1.000000,1.500000,1.500000,,,,,,,,,,,,,,,,1.156202,0.020775,1.077339,0.014217,0.000000,0.000000,-0.209111,,-0.152253,0.000000,,,,0.017968,0.128479,1.500000,32.594153,23.949154,0.000000,circle,预设轨迹15,forward
1775479002.227088,28.944122,1775479021.961316|完整运动,完整运动,circle_orbit,1,1.000000,1.500000,1.500000,,,,,,,,,,,,,,,,1.154909,0.017574,1.077275,-0.006432,0.000000,0.000000,-0.215732,,-0.149362,0.000000,,,,0.015217,0.128335,1.500000,32.642150,23.901157,0.000000,circle,预设轨迹15,forward
1775479002.247956,28.964990,1775479021.961316|完整运动,完整运动,circle_orbit,1,1.000000,1.500000,1.500000,,,,,,,,,,,,,,,,1.153647,0.016888,1.077926,0.011738,0.000000,0.000000,-0.218891,,-0.147432,0.000000,,,,0.014639,0.128195,1.500000,32.666368,23.876939,0.000000,circle,预设轨迹15,forward
1775479002.273746,28.990780,1775479021.961316|完整运动,完整运动,circle_orbit,1,1.000000,1.500000,1.500000,,,,,,,,,,,,,,,,1.152405,0.018398,1.077926,0.029722,0.000000,0.000000,-0.218891,,-0.147432,0.000000,,,,0.015965,0.128057,1.500000,32.666368,23.876939,0.000000,circle,预设轨迹15,forward
1775479002.295630,29.012664,1775479021.961316|完整运动,完整运动,circle_orbit,1,1.000000,1.500000,1.500000,,,,,,,,,,,,,,,,1.151196,0.015597,1.078616,-0.005408,0.000000,0.000000,-0.224875,,-0.144216,0.000000,,,,0.013549,0.127923,1.500000,32.714373,23.828934,0.000000,circle,预设轨迹15,forward
1775479002.315952,29.032986,1775479021.961316|完整运动,完整运动,circle_orbit,1,1.000000,1.500000,1.500000,,,,,,,,,,,,,,,,1.150012,0.014951,1.078989,0.010108,0.000000,0.000000,-0.227892,,-0.142574,0.000000,,,,0.013001,0.127791,1.500000,32.738164,23.805143,0.000000,circle,预设轨迹15,forward
1775479002.346688,29.063722,1775479021.961316|完整运动,完整运动,circle_orbit,1,1.000000,1.500000,1.500000,,,,,,,,,,,,,,,,1.148856,0.014329,1.079511,0.009661,0.000000,0.000000,-0.230850,,-0.140839,0.000000,,,,0.012472,0.127663,1.500000,32.761868,23.781439,0.000000,circle,预设轨迹15,forward
1775479002.370414,29.087448,1775479021.961316|完整运动,完整运动,circle_orbit,1,1.000000,1.500000,1.500000,,,,,,,,,,,,,,,,1.147742,0.011546,1.080914,-0.009326,0.000000,0.000000,-0.236861,,-0.137040,0.000000,,,,0.010060,0.127539,1.500000,32.809514,23.733792,0.000000,circle,预设轨迹15,forward
1775479002.390896,29.107930,1775479021.961316|完整运动,完整运动,circle_orbit,1,1.000000,1.500000,1.500000,,,,,,,,,,,,,,,,1.146655,0.010900,1.081442,0.006052,0.000000,0.000000,-0.239932,,-0.135252,0.000000,,,,0.009506,0.127418,1.500000,32.833312,23.709995,0.000000,circle,预设轨迹15,forward
1775479002.426188,29.143223,1775479021.961316|完整运动,完整运动,circle_orbit,1,1.000000,1.500000,1.500000,,,,,,,,,,,,,,,,1.145590,0.010220,1.081676,0.005119,0.000000,0.000000,-0.243024,,-0.133690,0.000000,,,,0.008921,0.127300,1.500000,32.857117,23.686190,0.000000,circle,预设轨迹15,forward
1775479002.449364,29.166399,1775479021.961316|完整运动,完整运动,circle_orbit,1,1.000000,1.500000,1.500000,,,,,,,,,,,,,,,,1.144550,0.009649,1.082123,0.005369,0.000000,0.000000,-0.245940,,-0.132035,0.000000,,,,0.008430,0.127184,1.500000,32.880747,23.662560,0.000000,circle,预设轨迹15,forward
1775479002.469898,29.186932,1775479021.961316|完整运动,完整运动,circle_orbit,1,1.000000,1.500000,1.500000,,,,,,,,,,,,,,,,1.143539,0.007405,1.082883,-0.009426,0.000000,0.000000,-0.251213,,-0.129084,0.000000,,,,0.006475,0.127072,1.500000,32.928250,23.615057,0.000000,circle,预设轨迹15,forward
1775479002.502202,29.219236,1775479021.961316|完整运动,完整运动,circle_orbit,1,1.000000,1.500000,1.500000,,,,,,,,,,,,,,,,1.142560,0.007134,1.083815,0.005102,0.000000,0.000000,-0.253751,,-0.127211,0.000000,,,,0.006244,0.126963,1.500000,32.952081,23.591225,0.000000,circle,预设轨迹15,forward
1775479002.525577,29.242611,1775479021.961316|完整运动,完整运动,circle_orbit,1,1.000000,1.500000,1.500000,,,,,,,,,,,,,,,,1.141611,0.006756,1.084663,0.003923,0.000000,0.000000,-0.256400,,-0.125358,0.000000,,,,0.005918,0.126858,1.500000,32.975766,23.567541,0.000000,circle,预设轨迹15,forward
1775479002.545948,29.262982,1775479021.961316|完整运动,完整运动,circle_orbit,1,1.000000,1.500000,1.500000,,,,,,,,,,,,,,,,1.140695,0.004554,1.085775,-0.011961,0.000000,0.000000,-0.261613,,-0.122155,0.000000,,,,0.003992,0.126756,1.500000,33.022912,23.520395,0.000000,circle,预设轨迹15,forward
1775479002.577022,29.294056,1775479021.961316|完整运动,完整运动,circle_orbit,1,1.000000,1.500000,1.500000,,,,,,,,,,,,,,,,1.139812,0.004297,1.086816,0.002371,0.000000,0.000000,-0.264132,,-0.120208,0.000000,,,,0.003770,0.126658,1.500000,33.046611,23.496695,0.000000,circle,预设轨迹15,forward
1775479002.600732,29.317766,1775479021.961316|完整运动,完整运动,circle_orbit,1,1.000000,1.500000,1.500000,,,,,,,,,,,,,,,,1.138956,0.002941,1.087621,-0.007228,0.000000,0.000000,-0.268175,,-0.117773,0.000000,,,,0.002583,0.126563,1.500000,33.094358,23.448948,0.000000,circle,预设轨迹15,forward
1775479002.621211,29.338245,1775479021.961316|完整运动,完整运动,circle_orbit,1,1.000000,1.500000,1.500000,,,,,,,,,,,,,,,,1.138139,0.003083,1.089093,0.004148,0.000000,0.000000,-0.270113,,-0.115746,0.000000,,,,0.002709,0.126472,1.500000,33.118112,23.425195,0.000000,circle,预设轨迹15,forward
1775479002.652667,29.369701,1775479021.961316|完整运动,完整运动,circle_orbit,1,1.000000,1.500000,1.500000,,,,,,,,,,,,,,,,1.137335,0.004544,1.089093,0.015497,0.000000,0.000000,-0.270113,,-0.115746,0.000000,,,,0.003995,0.126383,1.500000,33.118112,23.425195,0.000000,circle,预设轨迹15,forward
1775479002.684970,29.402004,1775479021.961316|完整运动,完整运动,circle_orbit,1,1.000000,1.500000,1.500000,,,,,,,,,,,,,,,,1.136588,0.003229,1.091753,-0.006630,0.000000,0.000000,-0.273939,,-0.111948,0.000000,,,,0.002841,0.126299,1.500000,33.165448,23.377858,0.000000,circle,预设轨迹15,forward
1775479002.708422,29.425456,1775479021.961316|完整运动,完整运动,circle_orbit,1,1.000000,1.500000,1.500000,,,,,,,,,,,,,,,,1.135901,0.001890,1.094696,-0.008152,0.000000,0.000000,-0.277840,,-0.107906,0.000000,,,,0.001664,0.126223,1.500000,33.213238,23.330069,0.000000,circle,预设轨迹15,forward
1775479002.732995,29.450029,1775479021.961316|完整运动,完整运动,circle_orbit,1,1.000000,1.500000,1.500000,,,,,,,,,,,,,,,,1.135246,0.001913,1.095929,0.002084,0.000000,0.000000,-0.279838,,-0.106054,0.000000,,,,0.001685,0.126150,1.500000,33.237161,23.306146,0.000000,circle,预设轨迹15,forward
1775479002.755550,29.472584,1775479021.961316|完整运动,完整运动,circle_orbit,1,1.000000,1.500000,1.500000,,,,,,,,,,,,,,,,1.134623,0.001954,1.097259,0.002257,0.000000,0.000000,-0.281769,,-0.104159,0.000000,,,,0.001722,0.126081,1.500000,33.260851,23.282456,0.000000,circle,预设轨迹15,forward
1775479002.775857,29.492891,1775479021.961316|完整运动,完整运动,circle_orbit,1,1.000000,1.500000,1.500000,,,,,,,,,,,,,,,,1.134034,0.001938,1.098704,0.001817,0.000000,0.000000,-0.283740,,-0.102159,0.000000,,,,0.001709,0.126016,1.500000,33.284516,23.258790,0.000000,circle,预设轨迹15,forward
1775479002.810613,29.527647,1775479021.961316|完整运动,完整运动,circle_orbit,1,1.000000,1.500000,1.500000,,,,,,,,,,,,,,,,1.133485,0.001794,1.100548,0.000716,0.000000,0.000000,-0.285861,,-0.099787,0.000000,,,,0.001583,0.125955,1.500000,33.308173,23.235134,0.000000,circle,预设轨迹15,forward
1775479002.837857,29.554891,1775479021.961316|完整运动,完整运动,circle_orbit,1,1.000000,1.500000,1.500000,,,,,,,,,,,,,,,,1.132994,0.000091,1.103516,-0.012680,0.000000,0.000000,-0.290180,,-0.095576,0.000000,,,,0.000080,0.125900,1.500000,33.355528,23.187778,0.000000,circle,预设轨迹15,forward
1775479002.858460,29.575494,1775479021.961316|完整运动,完整运动,circle_orbit,1,1.000000,1.500000,1.500000,,,,,,,,,,,,,,,,1.132549,-0.000990,1.105859,-0.009099,0.000000,0.000000,-0.293682,,-0.092219,0.000000,,,,0.000874,0.125851,1.500000,33.402882,23.140425,0.000000,circle,预设轨迹15,forward
1775479002.886215,29.603250,1775479021.961316|完整运动,完整运动,circle_orbit,1,1.000000,1.500000,1.500000,,,,,,,,,,,,,,,,1.132112,0.000405,1.105859,0.010870,0.000000,0.000000,-0.293682,,-0.092219,0.000000,,,,0.000358,0.125802,1.500000,33.402882,23.140425,0.000000,circle,预设轨迹15,forward
1775479002.909778,29.626812,1775479021.961316|完整运动,完整运动,circle_orbit,1,1.000000,1.500000,1.500000,,,,,,,,,,,,,,,,1.131721,-0.000100,1.108284,-0.003889,0.000000,0.000000,-0.296276,,-0.089211,0.000000,,,,0.000088,0.125759,1.500000,33.450191,23.093115,0.000000,circle,预设轨迹15,forward
1775479002.930395,29.647429,1775479021.961316|完整运动,完整运动,circle_orbit,1,1.000000,1.500000,1.500000,,,,,,,,,,,,,,,,1.131375,0.000297,1.110596,0.003278,0.000000,0.000000,-0.297588,,-0.086867,0.000000,,,,0.000263,0.125720,1.500000,33.473742,23.069565,0.000000,circle,预设轨迹15,forward
1775479002.961091,29.678125,1775479021.961316|完整运动,完整运动,circle_orbit,1,1.000000,1.500000,1.500000,,,,,,,,,,,,,,,,1.131075,0.000560,1.113073,0.002532,0.000000,0.000000,-0.299045,,-0.084341,0.000000,,,,0.000495,0.125687,1.500000,33.497209,23.046098,0.000000,circle,预设轨迹15,forward
1775479002.987265,29.704299,1775479021.961316|完整运动,完整运动,circle_orbit,1,1.000000,1.500000,1.500000,,,,,,,,,,,,,,,,1.130843,-0.000124,1.116942,-0.005259,0.000000,0.000000,-0.301818,,-0.080191,0.000000,,,,0.000110,0.125661,1.500000,33.543918,22.999388,0.000000,circle,预设轨迹15,forward
1775479003.007577,29.724611,1775479021.961316|完整运动,完整运动,circle_orbit,1,1.000000,1.500000,1.500000,,,,,,,,,,,,,,,,1.130648,0.000205,1.118933,0.002673,0.000000,0.000000,-0.303165,,-0.078099,0.000000,,,,0.000181,0.125639,1.500000,33.567362,22.975945,0.000000,circle,预设轨迹15,forward
1775479003.040884,29.757918,1775479021.961316|完整运动,完整运动,circle_orbit,1,1.000000,1.500000,1.500000,,,,,,,,,,,,,,,,1.130484,0.000569,1.120691,0.003300,0.000000,0.000000,-0.304421,,-0.076226,0.000000,,,,0.000503,0.125621,1.500000,33.590867,22.952439,0.000000,circle,预设轨迹15,forward
1775479003.064468,29.781502,1775479021.961316|完整运动,完整运动,circle_orbit,1,1.000000,1.500000,1.500000,,,,,,,,,,,,,,,,1.130358,0.000983,1.122784,0.004087,0.000000,0.000000,-0.305568,,-0.074157,0.000000,,,,0.000869,0.125607,1.500000,33.614376,22.928931,0.000000,circle,预设轨迹15,forward
1775479003.084772,29.801806,1775479021.961316|完整运动,完整运动,circle_orbit,1,1.000000,1.500000,1.500000,,,,,,,,,,,,,,,,1.130300,0.000842,1.126779,-0.000212,0.000000,0.000000,-0.307469,,-0.070352,0.000000,,,,0.000745,0.125601,1.500000,33.661256,22.882051,0.000000,circle,预设轨迹15,forward
1775479003.115984,29.833018,1775479021.961316|完整运动,完整运动,circle_orbit,1,1.000000,1.500000,1.500000,,,,,,,,,,,,,,,,1.130242,0.002029,1.126779,0.010927,0.000000,0.000000,-0.307469,,-0.070352,0.000000,,,,0.001795,0.125594,1.500000,33.661256,22.882051,0.000000,circle,预设轨迹15,forward
1775479003.137872,29.854906,1775479021.961316|完整运动,完整运动,circle_orbit,1,1.000000,1.500000,1.500000,,,,,,,,,,,,,,,,1.130265,0.001819,1.131660,0.000246,0.000000,0.000000,-0.309383,,-0.065912,0.000000,,,,0.001609,0.125597,1.500000,33.708322,22.834984,0.000000,circle,预设轨迹15,forward
1775479003.161360,29.878394,1775479021.961316|完整运动,完整运动,circle_orbit,1,1.000000,1.500000,1.500000,,,,,,,,,,,,,,,,1.130379,0.001627,1.137220,0.000190,0.000000,0.000000,-0.311285,,-0.061017,0.000000,,,,0.001440,0.125610,1.500000,33.755803,22.787504,0.000000,circle,预设轨迹15,forward
1775479003.193899,29.910933,1775479021.961316|完整运动,完整运动,circle_orbit,1,1.000000,1.500000,1.500000,,,,,,,,,,,,,,,,1.130523,0.002093,1.139187,0.005589,0.000000,0.000000,-0.312251,,-0.059164,0.000000,,,,0.001852,0.125626,1.500000,33.779381,22.763925,0.000000,circle,预设轨迹15,forward
1775479003.225689,29.942723,1775479021.961316|完整运动,完整运动,circle_orbit,1,1.000000,1.500000,1.500000,,,,,,,,,,,,,,,,1.130706,0.002547,1.141687,0.005947,0.000000,0.000000,-0.313201,,-0.056940,0.000000,,,,0.002252,0.125646,1.500000,33.803040,22.740267,0.000000,circle,预设轨迹15,forward
1775479003.247147,29.964181,1775479021.961316|完整运动,完整运动,circle_orbit,1,1.000000,1.500000,1.500000,,,,,,,,,,,,,,,,1.130986,0.002162,1.147744,-0.000722,0.000000,0.000000,-0.315321,,-0.051664,0.000000,,,,0.001912,0.125677,1.500000,33.850528,22.692778,0.000000,circle,预设轨迹15,forward
1775479003.271121,29.988155,1775479021.961316|完整运动,完整运动,circle_orbit,1,1.000000,1.500000,1.500000,,,,,,,,,,,,,,,,1.131299,0.002536,1.150070,0.005340,0.000000,0.000000,-0.316379,,-0.049542,0.000000,,,,0.002242,0.125712,1.500000,33.873895,22.669412,0.000000,circle,预设轨迹15,forward
1775479003.299696,30.016730,1775479021.961316|完整运动,完整运动,circle_orbit,1,1.000000,1.500000,1.500000,,,,,,,,,,,,,,,,1.131690,0.002472,1.155145,0.001995,0.000000,0.000000,-0.318040,,-0.045222,0.000000,,,,0.002185,0.125755,1.500000,33.920873,22.622433,0.000000,circle,预设轨迹15,forward
1775479003.320279,30.037313,1775479021.961316|完整运动,完整运动,circle_orbit,1,1.000000,1.500000,1.500000,,,,,,,,,,,,,,,,1.132118,0.003222,1.157814,0.008846,0.000000,0.000000,-0.318543,,-0.043127,0.000000,,,,0.002846,0.125803,1.500000,33.944483,22.598823,0.000000,circle,预设轨迹15,forward
1775479003.349147,30.066181,1775479021.961316|完整运动,完整运动,circle_orbit,1,1.000000,1.500000,1.500000,,,,,,,,,,,,,,,,1.132587,0.004050,1.160735,0.010260,0.000000,0.000000,-0.318890,,-0.040936,0.000000,,,,0.003576,0.125855,1.500000,33.968025,22.575281,0.000000,circle,预设轨迹15,forward
1775479003.374954,30.091989,1775479021.961316|完整运动,完整运动,circle_orbit,1,1.000000,1.500000,1.500000,,,,,,,,,,,,,,,,1.133100,0.004881,1.163899,0.011115,0.000000,0.000000,-0.319186,,-0.038608,0.000000,,,,0.004308,0.125912,1.500000,33.991432,22.551875,0.000000,circle,预设轨迹15,forward
1775479003.395269,30.112303,1775479021.961316|完整运动,完整运动,circle_orbit,1,1.000000,1.500000,1.500000,,,,,,,,,,,,,,,,1.133661,0.005552,1.167281,0.010581,0.000000,0.000000,-0.319667,,-0.036061,0.000000,,,,0.004897,0.125974,1.500000,34.014810,22.528496,0.000000,circle,预设轨迹15,forward
1775479003.427908,30.144943,1775479021.961316|完整运动,完整运动,circle_orbit,1,1.000000,1.500000,1.500000,,,,,,,,,,,,,,,,1.134258,0.006186,1.170118,0.010943,0.000000,0.000000,-0.320166,,-0.033892,0.000000,,,,0.005454,0.126041,1.500000,34.038086,22.505221,0.000000,circle,预设轨迹15,forward
1775479003.449804,30.166838,1775479021.961316|完整运动,完整运动,circle_orbit,1,1.000000,1.500000,1.500000,,,,,,,,,,,,,,,,1.134950,0.006554,1.176460,0.009312,0.000000,0.000000,-0.321024,,-0.029192,0.000000,,,,0.005775,0.126118,1.500000,34.084935,22.458372,0.000000,circle,预设轨迹15,forward
1775479003.470239,30.187274,1775479021.961316|完整运动,完整运动,circle_orbit,1,1.000000,1.500000,1.500000,,,,,,,,,,,,,,,,1.135686,0.007283,1.179859,0.012752,0.000000,0.000000,-0.321356,,-0.026748,0.000000,,,,0.006413,0.126199,1.500000,34.108433,22.434874,0.000000,circle,预设轨迹15,forward
1775479003.505593,30.222627,1775479021.961316|完整运动,完整运动,circle_orbit,1,1.000000,1.500000,1.500000,,,,,,,,,,,,,,,,1.136460,0.008077,1.182885,0.014030,0.000000,0.000000,-0.321563,,-0.024624,0.000000,,,,0.007107,0.126285,1.500000,34.131705,22.411602,0.000000,circle,预设轨迹15,forward
1775479003.526968,30.244002,1775479021.961316|完整运动,完整运动,circle_orbit,1,1.000000,1.500000,1.500000,,,,,,,,,,,,,,,,1.137320,0.009033,1.188931,0.016206,0.000000,0.000000,-0.321512,,-0.020615,0.000000,,,,0.007943,0.126381,1.500000,34.178286,22.365020,0.000000,circle,预设轨迹15,forward
1775479003.547238,30.264272,1775479021.961316|完整运动,完整运动,circle_orbit,1,1.000000,1.500000,1.500000,,,,,,,,,,,,,,,,1.138220,0.010008,1.192219,0.017319,0.000000,0.000000,-0.321393,,-0.018494,0.000000,,,,0.008793,0.126481,1.500000,34.201622,22.341684,0.000000,circle,预设轨迹15,forward
1775479003.581902,30.298936,1775479021.961316|完整运动,完整运动,circle_orbit,1,1.000000,1.500000,1.500000,,,,,,,,,,,,,,,,1.139169,0.010965,1.196099,0.018144,0.000000,0.000000,-0.321261,,-0.016002,0.000000,,,,0.009626,0.126586,1.500000,34.225274,22.318032,0.000000,circle,预设轨迹15,forward
1775479003.603913,30.320947,1775479021.961316|完整运动,完整运动,circle_orbit,1,1.000000,1.500000,1.500000,,,,,,,,,,,,,,,,1.140243,0.011946,1.204700,0.019304,0.000000,0.000000,-0.321071,,-0.010491,0.000000,,,,0.010477,0.126706,1.500000,34.272691,22.270615,0.000000,circle,预设轨迹15,forward
1775479003.624199,30.341233,1775479021.961316|完整运动,完整运动,circle_orbit,1,1.000000,1.500000,1.500000,,,,,,,,,,,,,,,,1.141354,0.012807,1.208003,0.019265,0.000000,0.000000,-0.321014,,-0.008388,0.000000,,,,0.011221,0.126829,1.500000,34.296238,22.247069,0.000000,circle,预设轨迹15,forward
1775479003.658236,30.375270,1775479021.961316|完整运动,完整运动,circle_orbit,1,1.000000,1.500000,1.500000,,,,,,,,,,,,,,,,1.142506,0.013641,1.211642,0.019891,0.000000,0.000000,-0.320969,,-0.006077,0.000000,,,,0.011939,0.126957,1.500000,34.319762,22.223544,0.000000,circle,预设轨迹15,forward
1775479003.681237,30.398272,1775479021.961316|完整运动,完整运动,circle_orbit,1,1.000000,1.500000,1.500000,,,,,,,,,,,,,,,,1.143713,0.014407,1.216088,0.020151,0.000000,0.000000,-0.320997,,-0.003236,0.000000,,,,0.012596,0.127091,1.500000,34.343512,22.199795,0.000000,circle,预设轨迹15,forward
1775479003.701503,30.418537,1775479021.961316|完整运动,完整运动,circle_orbit,1,1.000000,1.500000,1.500000,,,,,,,,,,,,,,,,1.144942,0.015203,1.218704,0.021175,0.000000,0.000000,-0.320971,,0.001593,0.000000,,,,0.013278,0.127228,1.500000,34.391252,22.152055,0.000000,circle,预设轨迹15,forward
1775479003.734483,30.451517,1775479021.961316|完整运动,完整运动,circle_orbit,1,1.000000,1.500000,1.500000,,,,,,,,,,,,,,,,1.146094,0.016062,1.215243,0.022507,0.000000,0.000000,-0.320834,,0.003845,0.000000,,,,0.014015,0.127356,1.500000,34.415133,22.128174,0.000000,circle,预设轨迹15,forward
1775479003.766504,30.483538,1775479021.961316|完整运动,完整运动,circle_orbit,1,1.000000,1.500000,1.500000,,,,,,,,,,,,,,,,1.147178,0.017028,1.212187,0.024271,0.000000,0.000000,-0.320520,,0.005929,0.000000,,,,0.014843,0.127476,1.500000,34.439071,22.104236,0.000000,circle,预设轨迹15,forward
1775479003.787020,30.504054,1775479021.961316|完整运动,完整运动,circle_orbit,1,1.000000,1.500000,1.500000,,,,,,,,,,,,,,,,1.148135,0.018629,1.205552,0.030639,0.000000,0.000000,-0.319282,,0.010735,0.000000,,,,0.016226,0.127583,1.500000,34.486990,22.056316,0.000000,circle,预设轨迹15,forward
1775479003.813410,30.530444,1775479021.961316|完整运动,完整运动,circle_orbit,1,1.000000,1.500000,1.500000,,,,,,,,,,,,,,,,1.149076,0.019308,1.205552,0.024399,0.000000,0.000000,-0.319282,,0.010735,0.000000,,,,0.016803,0.127687,1.500000,34.486990,22.056316,0.000000,circle,预设轨迹15,forward
1775479003.834795,30.551829,1775479021.961316|完整运动,完整运动,circle_orbit,1,1.000000,1.500000,1.500000,,,,,,,,,,,,,,,,1.149903,0.021028,1.199527,0.033927,0.000000,0.000000,-0.317800,,0.015300,0.000000,,,,0.018287,0.127779,1.500000,34.534493,22.008814,0.000000,circle,预设轨迹15,forward
1775479003.855462,30.572496,1775479021.961316|完整运动,完整运动,circle_orbit,1,1.000000,1.500000,1.500000,,,,,,,,,,,,,,,,1.150666,0.022090,1.196423,0.030055,0.000000,0.000000,-0.317185,,0.017601,0.000000,,,,0.019197,0.127864,1.500000,34.558147,21.985160,0.000000,circle,预设轨迹15,forward
1775479003.890808,30.607842,1775479021.961316|完整运动,完整运动,circle_orbit,1,1.000000,1.500000,1.500000,,,,,,,,,,,,,,,,1.151364,0.023122,1.193274,0.030859,0.000000,0.000000,-0.316584,,0.019936,0.000000,,,,0.020082,0.127942,1.500000,34.581936,21.961371,0.000000,circle,预设轨迹15,forward
1775479003.913333,30.630367,1775479021.961316|完整运动,完整运动,circle_orbit,1,1.000000,1.500000,1.500000,,,,,,,,,,,,,,,,1.151957,0.024842,1.187504,0.037747,0.000000,0.000000,-0.314985,,0.024465,0.000000,,,,0.021565,0.128007,1.500000,34.629863,21.913443,0.000000,circle,预设轨迹15,forward
1775479003.933624,30.650658,1775479021.961316|完整运动,完整运动,circle_orbit,1,1.000000,1.500000,1.500000,,,,,,,,,,,,,,,,1.152491,0.026008,1.184533,0.034755,0.000000,0.000000,-0.314110,,0.026834,0.000000,,,,0.022567,0.128067,1.500000,34.653798,21.889509,0.000000,circle,预设轨迹15,forward
1775479003.966707,30.683741,1775479021.961316|完整运动,完整运动,circle_orbit,1,1.000000,1.500000,1.500000,,,,,,,,,,,,,,,,1.152944,0.028109,1.180131,0.043865,0.000000,0.000000,-0.311881,,0.030776,0.000000,,,,0.024380,0.128117,1.500000,34.701369,21.841937,0.000000,circle,预设轨迹15,forward
1775479003.988382,30.705416,1775479021.961316|完整运动,完整运动,circle_orbit,1,1.000000,1.500000,1.500000,,,,,,,,,,,,,,,,1.153390,0.028577,1.180131,0.032089,0.000000,0.000000,-0.311881,,0.030776,0.000000,,,,0.024777,0.128167,1.500000,34.701369,21.841937,0.000000,circle,预设轨迹15,forward
1775479004.009277,30.726311,1775479021.961316|完整运动,完整运动,circle_orbit,1,1.000000,1.500000,1.500000,,,,,,,,,,,,,,,,1.153748,0.031017,1.175230,0.049311,0.000000,0.000000,-0.309099,,0.035326,0.000000,,,,0.026883,0.128206,1.500000,34.749686,21.793620,0.000000,circle,预设轨迹15,forward
1775479004.039955,30.756989,1775479021.961316|完整运动,完整运动,circle_orbit,1,1.000000,1.500000,1.500000,,,,,,,,,,,,,,,,1.154061,0.032577,1.172849,0.044279,0.000000,0.000000,-0.307468,,0.037670,0.000000,,,,0.028228,0.128241,1.500000,34.774167,21.769140,0.000000,circle,预设轨迹15,forward
1775479004.066849,30.783883,1775479021.961316|完整运动,完整运动,circle_orbit,1,1.000000,1.500000,1.500000,,,,,,,,,,,,,,,,1.154307,0.035268,1.169101,0.055451,0.000000,0.000000,-0.304190,,0.041690,0.000000,,,,0.030553,0.128269,1.500000,34.822680,21.720627,0.000000,circle,预设轨迹15,forward
1775479004.087555,30.804589,1775479021.961316|完整运动,完整运动,circle_orbit,1,1.000000,1.500000,1.500000,,,,,,,,,,,,,,,,1.154516,0.036735,1.167062,0.047742,0.000000,0.000000,-0.302544,,0.043823,0.000000,,,,0.031819,0.128292,1.500000,34.846907,21.696399,0.000000,circle,预设轨迹15,forward
1775479004.121097,30.838131,1775479021.961316|完整运动,完整运动,circle_orbit,1,1.000000,1.500000,1.500000,,,,,,,,,,,,,,,,1.154674,0.038069,1.164104,0.048070,0.000000,0.000000,-0.301054,,0.046526,0.000000,,,,0.032969,0.128309,1.500000,34.871265,21.672042,0.000000,circle,预设轨迹15,forward
1775479004.156783,30.873817,1775479021.961316|完整运动,完整运动,circle_orbit,1,1.000000,1.500000,1.500000,,,,,,,,,,,,,,,,1.154781,0.039301,1.161220,0.048546,0.000000,0.000000,-0.299680,,0.049137,0.000000,,,,0.034034,0.128321,1.500000,34.895621,21.647686,0.000000,circle,预设轨迹15,forward
1775479004.178296,30.895330,1775479021.961316|完整运动,完整运动,circle_orbit,1,1.000000,1.500000,1.500000,,,,,,,,,,,,,,,,1.154811,0.041268,1.156621,0.056016,0.000000,0.000000,-0.297249,,0.053427,0.000000,,,,0.035736,0.128325,1.500000,34.944433,21.598874,0.000000,circle,预设轨迹15,forward
1775479004.201285,30.918319,1775479021.961316|完整运动,完整运动,circle_orbit,1,1.000000,1.500000,1.500000,,,,,,,,,,,,,,,,1.154814,0.042469,1.154960,0.051475,0.000000,0.000000,-0.295841,,0.055219,0.000000,,,,0.036775,0.128325,1.500000,34.968659,21.574647,0.000000,circle,预设轨迹15,forward
1775479004.226567,30.943601,1775479021.961316|完整运动,完整运动,circle_orbit,1,1.000000,1.500000,1.500000,,,,,,,,,,,,,,,,1.154765,0.045046,1.151846,0.064372,0.000000,0.000000,-0.292464,,0.058915,0.000000,,,,0.039008,0.128319,1.500000,35.017161,21.526146,0.000000,circle,预设轨迹15,forward
1775479004.246853,30.963887,1775479021.961316|完整运动,完整运动,circle_orbit,1,1.000000,1.500000,1.500000,,,,,,,,,,,,,,,,1.154689,0.046510,1.150155,0.057490,0.000000,0.000000,-0.290573,,0.060952,0.000000,,,,0.040279,0.128311,1.500000,35.041306,21.502001,0.000000,circle,预设轨迹15,forward
1775479004.267948,30.984982,1775479021.961316|完整运动,完整运动,circle_orbit,1,1.000000,1.500000,1.500000,,,,,,,,,,,,,,,,1.154615,0.046615,1.150155,0.047408,0.000000,0.000000,-0.290573,,0.060952,0.000000,,,,0.040373,0.128303,1.500000,35.041306,21.502001,0.000000,circle,预设轨迹15,forward
1775479004.289116,31.006150,1775479021.961316|完整运动,完整运动,circle_orbit,1,1.000000,1.500000,1.500000,,,,,,,,,,,,,,,,1.154479,0.049438,1.146317,0.070606,0.000000,0.000000,-0.286765,,0.065373,0.000000,,,,0.042823,0.128288,1.500000,35.089606,21.453700,0.000000,circle,预设轨迹15,forward
1775479004.318846,31.035881,1775479021.961316|完整运动,完整运动,circle_orbit,1,1.000000,1.500000,1.500000,,,,,,,,,,,,,,,,1.154324,0.050902,1.145004,0.061882,0.000000,0.000000,-0.284778,,0.067195,0.000000,,,,0.044097,0.128270,1.500000,35.113757,21.429550,0.000000,circle,预设轨迹15,forward
1775479004.347884,31.064918,1775479021.961316|完整运动,完整运动,circle_orbit,1,1.000000,1.500000,1.500000,,,,,,,,,,,,,,,,1.154145,0.052373,1.143402,0.063406,0.000000,0.000000,-0.282751,,0.069243,0.000000,,,,0.045378,0.128250,1.500000,35.137980,21.405327,0.000000,circle,预设轨迹15,forward
1775479004.368902,31.085936,1775479021.961316|完整运动,完整运动,circle_orbit,1,1.000000,1.500000,1.500000,,,,,,,,,,,,,,,,1.153917,0.055297,1.140277,0.077224,0.000000,0.000000,-0.278637,,0.073318,0.000000,,,,0.047921,0.128225,1.500000,35.186565,21.356742,0.000000,circle,预设轨迹15,forward
1775479004.395292,31.112326,1775479021.961316|完整运动,完整运动,circle_orbit,1,1.000000,1.500000,1.500000,,,,,,,,,,,,,,,,1.153684,0.056785,1.139668,0.067951,0.000000,0.000000,-0.276451,,0.074729,0.000000,,,,0.049221,0.128199,1.500000,35.210699,21.332608,0.000000,circle,预设轨迹15,forward
1775479004.415728,31.132762,1775479021.961316|完整运动,完整运动,circle_orbit,1,1.000000,1.500000,1.500000,,,,,,,,,,,,,,,,1.153435,0.058330,1.138520,0.069916,0.000000,0.000000,-0.274159,,0.076578,0.000000,,,,0.050571,0.128172,1.500000,35.234914,21.308393,0.000000,circle,预设轨迹15,forward
1775479004.451815,31.168849,1775479021.961316|完整运动,完整运动,circle_orbit,1,1.000000,1.500000,1.500000,,,,,,,,,,,,,,,,1.153170,0.059903,1.137282,0.071700,0.000000,0.000000,-0.271795,,0.078525,0.000000,,,,0.051946,0.128142,1.500000,35.259098,21.284208,0.000000,circle,预设轨迹15,forward
1775479004.473274,31.190308,1775479021.961316|完整运动,完整运动,circle_orbit,1,1.000000,1.500000,1.500000,,,,,,,,,,,,,,,,1.152866,0.063339,1.134607,0.089108,0.000000,0.000000,-0.266763,,0.082705,0.000000,,,,0.054940,0.128108,1.500000,35.307891,21.235416,0.000000,circle,预设轨迹15,forward
1775479004.493595,31.210629,1775479021.961316|完整运动,完整运动,circle_orbit,1,1.000000,1.500000,1.500000,,,,,,,,,,,,,,,,1.152548,0.064926,1.133473,0.076827,0.000000,0.000000,-0.264226,,0.084659,0.000000,,,,0.056332,0.128073,1.500000,35.332139,21.211167,0.000000,circle,预设轨迹15,forward
1775479004.521481,31.238515,1775479021.961316|完整运动,完整运动,circle_orbit,1,1.000000,1.500000,1.500000,,,,,,,,,,,,,,,,1.152218,0.066442,1.132398,0.077811,0.000000,0.000000,-0.261762,,0.086539,0.000000,,,,0.057664,0.128036,1.500000,35.356359,21.186948,0.000000,circle,预设轨迹15,forward
1775479004.542511,31.259545,1775479021.961316|完整运动,完整运动,circle_orbit,1,1.000000,1.500000,1.500000,,,,,,,,,,,,,,,,1.151870,0.067905,1.131024,0.078884,0.000000,0.000000,-0.259351,,0.088617,0.000000,,,,0.058952,0.127998,1.500000,35.380535,21.162772,0.000000,circle,预设轨迹15,forward
1775479004.566833,31.283867,1775479021.961316|完整运动,完整运动,circle_orbit,1,1.000000,1.500000,1.500000,,,,,,,,,,,,,,,,1.151511,0.069301,1.129946,0.079766,0.000000,0.000000,-0.257016,,0.090445,0.000000,,,,0.060182,0.127958,1.500000,35.404723,21.138583,0.000000,circle,预设轨迹15,forward
1775479004.599789,31.316823,1775479021.961316|完整运动,完整运动,circle_orbit,1,1.000000,1.500000,1.500000,,,,,,,,,,,,,,,,1.151123,0.072219,1.127828,0.094108,0.000000,0.000000,-0.252505,,0.094008,0.000000,,,,0.062738,0.127915,1.500000,35.453421,21.089886,0.000000,circle,预设轨迹15,forward
1775479004.630805,31.347839,1775479021.961316|完整运动,完整运动,circle_orbit,1,1.000000,1.500000,1.500000,,,,,,,,,,,,,,,,1.150722,0.075390,1.126711,0.099175,0.000000,0.000000,-0.247541,,0.097040,0.000000,,,,0.065516,0.127870,1.500000,35.501936,21.041371,0.000000,circle,预设轨迹15,forward
1775479004.655056,31.372091,1775479021.961316|完整运动,完整运动,circle_orbit,1,1.000000,1.500000,1.500000,,,,,,,,,,,,,,,,1.150324,0.076990,1.126400,0.088989,0.000000,0.000000,-0.244697,,0.098533,0.000000,,,,0.066929,0.127826,1.500000,35.526089,21.017218,0.000000,circle,预设轨迹15,forward
1775479004.676085,31.393119,1775479021.961316|完整运动,完整运动,circle_orbit,1,1.000000,1.500000,1.500000,,,,,,,,,,,,,,,,1.149916,0.078510,1.125443,0.089906,0.000000,0.000000,-0.241947,,0.100463,0.000000,,,,0.068274,0.127781,1.500000,35.549954,20.993353,0.000000,circle,预设轨迹15,forward
1775479004.713650,31.430684,1775479021.961316|完整运动,完整运动,circle_orbit,1,1.000000,1.500000,1.500000,,,,,,,,,,,,,,,,1.149502,0.079937,1.124680,0.090642,0.000000,0.000000,-0.239311,,0.102200,0.000000,,,,0.069541,0.127735,1.500000,35.573718,20.969589,0.000000,circle,预设轨迹15,forward
1775479004.749401,31.466435,1775479021.961316|完整运动,完整运动,circle_orbit,1,1.000000,1.500000,1.500000,,,,,,,,,,,,,,,,1.149077,0.083216,1.123589,0.107806,0.000000,0.000000,-0.234036,,0.105354,0.000000,,,,0.072420,0.127687,1.500000,35.621166,20.922140,0.000000,circle,预设轨迹15,forward
1775479004.773850,31.490885,1775479021.961316|完整运动,完整运动,circle_orbit,1,1.000000,1.500000,1.500000,,,,,,,,,,,,,,,,1.148644,0.086630,1.122629,0.112235,0.000000,0.000000,-0.228462,,0.108545,0.000000,,,,0.075419,0.127639,1.500000,35.668846,20.874461,0.000000,circle,预设轨迹15,forward
1775479004.797338,31.514372,1775479021.961316|完整运动,完整运动,circle_orbit,1,1.000000,1.500000,1.500000,,,,,,,,,,,,,,,,1.148210,0.090058,1.122168,0.115771,0.000000,0.000000,-0.222755,,0.111425,0.000000,,,,0.078434,0.127591,1.500000,35.716275,20.827032,0.000000,circle,预设轨迹15,forward
1775479004.828176,31.545210,1775479021.961316|完整运动,完整运动,circle_orbit,1,1.000000,1.500000,1.500000,,,,,,,,,,,,,,,,1.147783,0.089386,1.122168,0.084344,0.000000,0.000000,-0.222755,,0.111425,0.000000,,,,0.077877,0.127544,1.500000,35.716275,20.827032,0.000000,circle,预设轨迹15,forward
1775479004.856750,31.573784,1775479021.961316|完整运动,完整运动,circle_orbit,1,1.000000,1.500000,1.500000,,,,,,,,,,,,,,,,1.147368,0.093089,1.122504,0.120860,0.000000,0.000000,-0.216655,,0.113886,0.000000,,,,0.081132,0.127497,1.500000,35.763373,20.779934,0.000000,circle,预设轨迹15,forward
1775479004.878288,31.595322,1775479021.961316|完整运动,完整运动,circle_orbit,1,1.000000,1.500000,1.500000,,,,,,,,,,,,,,,,1.146963,0.094629,1.122619,0.106185,0.000000,0.000000,-0.213494,,0.115206,0.000000,,,,0.082504,0.127452,1.500000,35.786856,20.756451,0.000000,circle,预设轨迹15,forward
1775479004.899158,31.616192,1775479021.961316|完整运动,完整运动,circle_orbit,1,1.000000,1.500000,1.500000,,,,,,,,,,,,,,,,1.146560,0.096141,1.122426,0.107476,0.000000,0.000000,-0.210366,,0.116739,0.000000,,,,0.083851,0.127408,1.500000,35.810473,20.732834,0.000000,circle,预设轨迹15,forward
1775479004.928431,31.645465,1775479021.961316|完整运动,完整运动,circle_orbit,1,1.000000,1.500000,1.500000,,,,,,,,,,,,,,,,1.146165,0.097686,1.122427,0.109279,0.000000,0.000000,-0.207178,,0.118156,0.000000,,,,0.085229,0.127364,1.500000,35.834050,20.709257,0.000000,circle,预设轨迹15,forward
1775479004.952685,31.669719,1775479021.961316|完整运动,完整运动,circle_orbit,1,1.000000,1.500000,1.500000,,,,,,,,,,,,,,,,1.145776,0.101294,1.122454,0.128354,0.000000,0.000000,-0.201054,,0.120858,0.000000,,,,0.088407,0.127321,1.500000,35.881364,20.661942,0.000000,circle,预设轨迹15,forward
1775479004.973210,31.690244,1775479021.961316|完整运动,完整运动,circle_orbit,1,1.000000,1.500000,1.500000,,,,,,,,,,,,,,,,1.145394,0.102548,1.122455,0.111954,0.000000,0.000000,-0.198148,,0.122149,0.000000,,,,0.089531,0.127278,1.500000,35.904940,20.638367,0.000000,circle,预设轨迹15,forward
1775479005.002890,31.719924,1775479021.961316|完整运动,完整运动,circle_orbit,1,1.000000,1.500000,1.500000,,,,,,,,,,,,,,,,1.145024,0.103910,1.122839,0.114120,0.000000,0.000000,-0.195095,,0.123220,0.000000,,,,0.090749,0.127237,1.500000,35.928855,20.614451,0.000000,circle,预设轨迹15,forward
1775479005.024083,31.741117,1775479021.961316|完整运动,完整运动,circle_orbit,1,1.000000,1.500000,1.500000,,,,,,,,,,,,,,,,1.144681,0.107391,1.124090,0.133503,0.000000,0.000000,-0.189031,,0.124986,0.000000,,,,0.093818,0.127199,1.500000,35.976701,20.566606,0.000000,circle,预设轨迹15,forward
1775479005.045290,31.762324,1775479021.961316|完整运动,完整运动,circle_orbit,1,1.000000,1.500000,1.500000,,,,,,,,,,,,,,,,1.144361,0.108802,1.125156,0.119383,0.000000,0.000000,-0.185790,,0.125636,0.000000,,,,0.095077,0.127163,1.500000,36.000668,20.542639,0.000000,circle,预设轨迹15,forward
1775479005.072470,31.789504,1775479021.961316|完整运动,完整运动,circle_orbit,1,1.000000,1.500000,1.500000,,,,,,,,,,,,,,,,1.144063,0.110349,1.126193,0.121954,0.000000,0.000000,-0.182353,,0.126397,0.000000,,,,0.096454,0.127130,1.500000,36.024540,20.518767,0.000000,circle,预设轨迹15,forward
1775479005.094625,31.811659,1775479021.961316|完整运动,完整运动,circle_orbit,1,1.000000,1.500000,1.500000,,,,,,,,,,,,,,,,1.143788,0.111941,1.127292,0.123878,0.000000,0.000000,-0.178841,,0.127146,0.000000,,,,0.097869,0.127100,1.500000,36.048080,20.495226,0.000000,circle,预设轨迹15,forward
1775479005.116276,31.833310,1775479021.961316|完整运动,完整运动,circle_orbit,1,1.000000,1.500000,1.500000,,,,,,,,,,,,,,,,1.143533,0.113416,1.128247,0.124480,0.000000,0.000000,-0.175480,,0.127936,0.000000,,,,0.099180,0.127071,1.500000,36.071467,20.471839,0.000000,circle,预设轨迹15,forward
1775479005.143469,31.860503,1775479021.961316|完整运动,完整运动,circle_orbit,1,1.000000,1.500000,1.500000,,,,,,,,,,,,,,,,1.143304,0.114923,1.129562,0.126222,0.000000,0.000000,-0.172064,,0.128488,0.000000,,,,0.100518,0.127046,1.500000,36.094686,20.448621,0.000000,circle,预设轨迹15,forward
1775479005.166085,31.883119,1775479021.961316|完整运动,完整运动,circle_orbit,1,1.000000,1.500000,1.500000,,,,,,,,,,,,,,,,1.143124,0.119057,1.132308,0.150065,0.000000,0.000000,-0.164904,,0.129657,0.000000,,,,0.104151,0.127026,1.500000,36.141240,20.402066,0.000000,circle,预设轨迹15,forward
1775479005.187735,31.904769,1775479021.961316|完整运动,完整运动,circle_orbit,1,1.000000,1.500000,1.500000,,,,,,,,,,,,,,,,1.142978,0.120721,1.134211,0.133199,0.000000,0.000000,-0.161098,,0.129960,0.000000,,,,0.105620,0.127010,1.500000,36.164576,20.378730,0.000000,circle,预设轨迹15,forward
1775479005.214762,31.931796,1775479021.961316|完整运动,完整运动,circle_orbit,1,1.000000,1.500000,1.500000,,,,,,,,,,,,,,,,1.142862,0.122273,1.135931,0.133918,0.000000,0.000000,-0.157435,,0.130336,0.000000,,,,0.106989,0.126997,1.500000,36.187799,20.355507,0.000000,circle,预设轨迹15,forward
1775479005.235554,31.952588,1775479021.961316|完整运动,完整运动,circle_orbit,1,1.000000,1.500000,1.500000,,,,,,,,,,,,,,,,1.142770,0.123687,1.137232,0.134291,0.000000,0.000000,-0.153960,,0.130937,0.000000,,,,0.108235,0.126986,1.500000,36.211067,20.332240,0.000000,circle,预设轨迹15,forward
1775479005.258875,31.975909,1775479021.961316|完整运动,完整运动,circle_orbit,1,1.000000,1.500000,1.500000,,,,,,,,,,,,,,,,1.142698,0.125022,1.138369,0.135031,0.000000,0.000000,-0.150595,,0.131609,0.000000,,,,0.109409,0.126978,1.500000,36.234309,20.308997,0.000000,circle,预设轨迹15,forward
1775479005.286115,32.003149,1775479021.961316|完整运动,完整运动,circle_orbit,1,1.000000,1.500000,1.500000,,,,,,,,,,,,,,,,1.142667,0.126527,1.140820,0.137818,0.000000,0.000000,-0.146984,,0.131445,0.000000,,,,0.110730,0.126975,1.500000,36.257468,20.285839,0.000000,circle,预设轨迹15,forward
1775479005.308109,32.025143,1775479021.961316|完整运动,完整运动,circle_orbit,1,1.000000,1.500000,1.500000,,,,,,,,,,,,,,,,1.142705,0.130778,1.144963,0.162657,0.000000,0.000000,-0.139462,,0.131815,0.000000,,,,0.114446,0.126979,1.500000,36.303664,20.239642,0.000000,circle,预设轨迹15,forward
1775479005.331185,32.048219,1775479021.961316|完整运动,完整运动,circle_orbit,1,1.000000,1.500000,1.500000,,,,,,,,,,,,,,,,1.142776,0.132305,1.147033,0.143760,0.000000,0.000000,-0.135648,,0.132032,0.000000,,,,0.115775,0.126987,1.500000,36.326653,20.216654,0.000000,circle,预设轨迹15,forward
1775479005.359900,32.076935,1775479021.961316|完整运动,完整运动,circle_orbit,1,1.000000,1.500000,1.500000,,,,,,,,,,,,,,,,1.142886,0.133897,1.149484,0.145840,0.000000,0.000000,-0.131736,,0.132029,0.000000,,,,0.117157,0.126999,1.500000,36.349796,20.193511,0.000000,circle,预设轨迹15,forward
1775479005.389303,32.106337,1775479021.961316|完整运动,完整运动,circle_orbit,1,1.000000,1.500000,1.500000,,,,,,,,,,,,,,,,1.143051,0.137916,1.153001,0.168057,0.000000,0.000000,-0.124368,,0.132816,0.000000,,,,0.120656,0.127018,1.500000,36.396343,20.146963,0.000000,circle,预设轨迹15,forward
1775479005.410677,32.127711,1775479021.961316|完整运动,完整运动,circle_orbit,1,1.000000,1.500000,1.500000,,,,,,,,,,,,,,,,1.143257,0.139172,1.155590,0.148590,0.000000,0.000000,-0.120782,,0.132588,0.000000,,,,0.121733,0.127041,1.500000,36.419674,20.123633,0.000000,circle,预设轨迹15,forward
1775479005.431681,32.148715,1775479021.961316|完整运动,完整运动,circle_orbit,1,1.000000,1.500000,1.500000,,,,,,,,,,,,,,,,1.143510,0.140542,1.158672,0.150816,0.000000,0.000000,-0.117044,,0.132091,0.000000,,,,0.122904,0.127069,1.500000,36.442958,20.100349,0.000000,circle,预设轨迹15,forward
1775479005.452784,32.169818,1775479021.961316|完整运动,完整运动,circle_orbit,1,1.000000,1.500000,1.500000,,,,,,,,,,,,,,,,1.143805,0.141858,1.161510,0.151726,0.000000,0.000000,-0.113387,,0.131740,0.000000,,,,0.124023,0.127101,1.500000,36.466340,20.076966,0.000000,circle,预设轨迹15,forward
1775479005.476511,32.193545,1775479021.961316|完整运动,完整运动,circle_orbit,1,1.000000,1.500000,1.500000,,,,,,,,,,,,,,,,1.144148,0.143146,1.164724,0.152812,0.000000,0.000000,-0.109770,,0.131120,0.000000,,,,0.125112,0.127140,1.500000,36.489810,20.053497,0.000000,circle,预设轨迹15,forward
1775479005.505081,32.222115,1775479021.961316|完整运动,完整运动,circle_orbit,1,1.000000,1.500000,1.500000,,,,,,,,,,,,,,,,1.144543,0.144519,1.168230,0.154818,0.000000,0.000000,-0.106036,,0.130364,0.000000,,,,0.126268,0.127183,1.500000,36.513305,20.030002,0.000000,circle,预设轨迹15,forward
1775479005.525509,32.242543,1775479021.961316|完整运动,完整运动,circle_orbit,1,1.000000,1.500000,1.500000,,,,,,,,,,,,,,,,1.145041,0.148608,1.174919,0.179274,0.000000,0.000000,-0.098439,,0.129173,0.000000,,,,0.129784,0.127239,1.500000,36.559627,19.983680,0.000000,circle,预设轨迹15,forward
1775479005.548488,32.265522,1775479021.961316|完整运动,完整运动,circle_orbit,1,1.000000,1.500000,1.500000,,,,,,,,,,,,,,,,1.145530,0.147510,1.174919,0.139274,0.000000,0.000000,-0.098439,,0.129173,0.000000,,,,0.128770,0.127293,1.500000,36.559627,19.983680,0.000000,circle,预设轨迹15,forward
1775479005.569324,32.286358,1775479021.961316|完整运动,完整运动,circle_orbit,1,1.000000,1.500000,1.500000,,,,,,,,,,,,,,,,1.146109,0.151247,1.180852,0.179274,0.000000,0.000000,-0.091165,,0.128396,0.000000,,,,0.131966,0.127358,1.500000,36.605348,19.937958,0.000000,circle,预设轨迹15,forward
1775479005.589980,32.307014,1775479021.961316|完整运动,完整运动,circle_orbit,1,1.000000,1.500000,1.500000,,,,,,,,,,,,,,,,1.146728,0.152452,1.183858,0.161490,0.000000,0.000000,-0.087504,,0.128008,0.000000,,,,0.132945,0.127426,1.500000,36.628199,19.915108,0.000000,circle,预设轨迹15,forward
1775479005.620754,32.337788,1775479021.961316|完整运动,完整运动,circle_orbit,1,1.000000,1.500000,1.500000,,,,,,,,,,,,,,,,1.147396,0.153712,1.187490,0.163161,0.000000,0.000000,-0.083776,,0.127243,0.000000,,,,0.133966,0.127501,1.500000,36.651128,19.892179,0.000000,circle,预设轨迹15,forward
1775479005.641290,32.358324,1775479021.961316|完整运动,完整运动,circle_orbit,1,1.000000,1.500000,1.500000,,,,,,,,,,,,,,,,1.148108,0.154961,1.190821,0.164324,0.000000,0.000000,-0.080070,,0.126682,0.000000,,,,0.134970,0.127580,1.500000,36.674071,19.869236,0.000000,circle,预设轨迹15,forward
1775479005.661936,32.378970,1775479021.961316|完整运动,完整运动,circle_orbit,1,1.000000,1.500000,1.500000,,,,,,,,,,,,,,,,1.148939,0.158716,1.198776,0.186878,0.000000,0.000000,-0.072804,,0.124688,0.000000,,,,0.138141,0.127672,1.500000,36.719771,19.823536,0.000000,circle,预设轨迹15,forward
1775479005.692752,32.409786,1775479021.961316|完整运动,完整运动,circle_orbit,1,1.000000,1.500000,1.500000,,,,,,,,,,,,,,,,1.149826,0.159829,1.203038,0.168180,0.000000,0.000000,-0.069158,,0.123537,0.000000,,,,0.139003,0.127771,1.500000,36.742702,19.800604,0.000000,circle,预设轨迹15,forward
1775479005.715174,32.432209,1775479021.961316|完整运动,完整运动,circle_orbit,1,1.000000,1.500000,1.500000,,,,,,,,,,,,,,,,1.150770,0.160997,1.207394,0.169754,0.000000,0.000000,-0.065451,,0.122374,0.000000,,,,0.139903,0.127875,1.500000,36.765784,19.777522,0.000000,circle,预设轨迹15,forward
1775479005.735461,32.452495,1775479021.961316|完整运动,完整运动,circle_orbit,1,1.000000,1.500000,1.500000,,,,,,,,,,,,,,,,1.151773,0.162240,1.211954,0.171569,0.000000,0.000000,-0.061646,,0.121143,0.000000,,,,0.140862,0.127987,1.500000,36.788753,19.754554,0.000000,circle,预设轨迹15,forward
1775479005.767451,32.484485,1775479021.961316|完整运动,完整运动,circle_orbit,1,1.000000,1.500000,1.500000,,,,,,,,,,,,,,,,1.152819,0.163473,1.215625,0.172716,0.000000,0.000000,-0.057865,,0.120488,0.000000,,,,0.141803,0.128103,1.500000,36.811565,19.731741,0.000000,circle,预设轨迹15,forward
1775479005.789158,32.506192,1775479021.961316|完整运动,完整运动,circle_orbit,1,1.000000,1.500000,1.500000,,,,,,,,,,,,,,,,1.153967,0.167184,1.222844,0.195014,0.000000,0.000000,-0.050567,,0.119179,0.000000,,,,0.144877,0.128231,1.500000,36.857462,19.685844,0.000000,circle,预设轨迹15,forward
1775479005.810452,32.527486,1775479021.961316|完整运动,完整运动,circle_orbit,1,1.000000,1.500000,1.500000,,,,,,,,,,,,,,,,1.155155,0.168152,1.226428,0.175416,0.000000,0.000000,-0.047037,,0.118508,0.000000,,,,0.145567,0.128363,1.500000,36.880633,19.662673,0.000000,circle,预设轨迹15,forward
1775479005.842463,32.559497,1775479021.961316|完整运动,完整运动,circle_orbit,1,1.000000,1.500000,1.500000,,,,,,,,,,,,,,,,1.156387,0.169106,1.230281,0.176258,0.000000,0.000000,-0.043553,,0.117663,0.000000,,,,0.146236,0.128500,1.500000,36.903967,19.639340,0.000000,circle,预设轨迹15,forward
1775479005.869859,32.586893,1775479021.961316|完整运动,完整运动,circle_orbit,1,1.000000,1.500000,1.500000,,,,,,,,,,,,,,,,1.157749,0.172431,1.239456,0.197367,0.000000,0.000000,-0.036717,,0.115060,0.000000,,,,0.148936,0.128651,1.500000,36.950710,19.592596,0.000000,circle,预设轨迹15,forward
1775479005.892351,32.609385,1775479021.961316|完整运动,完整运动,circle_orbit,1,1.000000,1.500000,1.500000,,,,,,,,,,,,,,,,1.159168,0.173314,1.244348,0.179936,0.000000,0.000000,-0.033243,,0.113631,0.000000,,,,0.149515,0.128809,1.500000,36.974183,19.569124,0.000000,circle,预设轨迹15,forward
1775479005.914976,32.632010,1775479021.961316|完整运动,完整运动,circle_orbit,1,1.000000,1.500000,1.500000,,,,,,,,,,,,,,,,1.160642,0.174224,1.249084,0.181051,0.000000,0.000000,-0.029759,,0.112322,0.000000,,,,0.150110,0.128972,1.500000,36.997828,19.545478,0.000000,circle,预设轨迹15,forward
1775479005.942759,32.659793,1775479021.961316|完整运动,完整运动,circle_orbit,1,1.000000,1.500000,1.500000,,,,,,,,,,,,,,,,1.162171,0.175103,1.253899,0.181698,0.000000,0.000000,-0.026344,,0.110958,0.000000,,,,0.150669,0.129142,1.500000,37.021273,19.522033,0.000000,circle,预设轨迹15,forward
1775479005.984752,32.701787,1775479021.961316|完整运动,完整运动,circle_orbit,1,1.000000,1.500000,1.500000,,,,,,,,,,,,,,,,1.163826,0.177954,1.263116,0.199336,0.000000,0.000000,-0.020146,,0.108257,0.000000,,,,0.152904,0.129326,1.500000,37.067831,19.475476,0.000000,circle,预设轨迹15,forward
1775479006.007299,32.724334,1775479021.961316|完整运动,完整运动,circle_orbit,1,1.000000,1.500000,1.500000,,,,,,,,,,,,,,,,1.165546,0.178634,1.268735,0.183736,0.000000,0.000000,-0.016948,,0.106392,0.000000,,,,0.153262,0.129517,1.500000,37.090910,19.452397,0.000000,circle,预设轨迹15,forward
1775479006.027998,32.745032,1775479021.961316|完整运动,完整运动,circle_orbit,1,1.000000,1.500000,1.500000,,,,,,,,,,,,,,,,1.167412,0.181649,1.279362,0.204259,0.000000,0.000000,-0.010463,,0.103137,0.000000,,,,0.155600,0.129725,1.500000,37.137319,19.405988,0.000000,circle,预设轨迹15,forward
1775479006.054636,32.771670,1775479021.961316|完整运动,完整运动,circle_orbit,1,1.000000,1.500000,1.500000,,,,,,,,,,,,,,,,1.169341,0.182342,1.285092,0.187540,0.000000,0.000000,-0.007184,,0.101327,0.000000,,,,0.155936,0.129939,1.500000,37.160433,19.382874,0.000000,circle,预设轨迹15,forward
1775479006.094278,32.811312,1775479021.961316|完整运动,完整运动,circle_orbit,1,1.000000,1.500000,1.500000,,,,,,,,,,,,,,,,1.171421,0.185174,1.296248,0.206410,0.000000,0.000000,-0.000897,,0.097843,0.000000,,,,0.158076,0.130170,1.500000,37.206569,19.336738,0.000000,circle,预设轨迹15,forward
1775479006.117797,32.834831,1775479021.961316|完整运动,完整运动,circle_orbit,1,1.000000,1.500000,1.500000,,,,,,,,,,,,,,,,1.173498,0.185769,1.298139,0.190238,0.000000,0.000000,0.002292,,0.096169,0.000000,,,,0.158304,0.130401,1.500000,37.229712,19.313594,0.000000,circle,预设轨迹15,forward
1775479006.138963,32.855997,1775479021.961316|完整运动,完整运动,circle_orbit,1,1.000000,1.500000,1.500000,,,,,,,,,,,,,,,,1.175561,0.188626,1.299332,0.210053,0.000000,0.000000,0.008658,,0.092676,0.000000,,,,0.160456,0.130630,1.500000,37.276360,19.266947,0.000000,circle,预设轨迹15,forward
1775479006.166668,32.883702,1775479021.961316|完整运动,完整运动,circle_orbit,1,1.000000,1.500000,1.500000,,,,,,,,,,,,,,,,1.177603,0.189143,1.300099,0.193015,0.000000,0.000000,0.011779,,0.090863,0.000000,,,,0.160617,0.130857,1.500000,37.299690,19.243617,0.000000,circle,预设轨迹15,forward
1775479006.203113,32.920147,1775479021.961316|完整运动,完整运动,circle_orbit,1,1.000000,1.500000,1.500000,,,,,,,,,,,,,,,,1.179623,0.189662,1.300835,0.193554,0.000000,0.000000,0.014857,,0.089087,0.000000,,,,0.160781,0.131082,1.500000,37.323012,19.220295,0.000000,circle,预设轨迹15,forward
1775479006.230676,32.947710,1775479021.961316|完整运动,完整运动,circle_orbit,1,1.000000,1.500000,1.500000,,,,,,,,,,,,,,,,1.181651,0.192379,1.303324,0.212760,0.000000,0.000000,0.021023,,0.084970,0.000000,,,,0.162805,0.131307,1.500000,37.369709,19.173597,0.000000,circle,预设轨迹15,forward
1775479006.252709,32.969743,1775479021.961316|完整运动,完整运动,circle_orbit,1,1.000000,1.500000,1.500000,,,,,,,,,,,,,,,,1.183677,0.192820,1.305218,0.196125,0.000000,0.000000,0.024034,,0.082588,0.000000,,,,0.162899,0.131532,1.500000,37.393036,19.150271,0.000000,circle,预设轨迹15,forward
1775479006.276182,32.993216,1775479021.961316|完整运动,完整运动,circle_orbit,1,1.000000,1.500000,1.500000,,,,,,,,,,,,,,,,1.185689,0.193315,1.306427,0.197028,0.000000,0.000000,0.027075,,0.080572,0.000000,,,,0.163040,0.131756,1.500000,37.416665,19.126642,0.000000,circle,预设轨迹15,forward
1775479006.304159,33.021194,1775479021.961316|完整运动,完整运动,circle_orbit,1,1.000000,1.500000,1.500000,,,,,,,,,,,,,,,,1.187684,0.193853,1.307379,0.197893,0.000000,0.000000,0.030136,,0.078689,0.000000,,,,0.163220,0.131977,1.500000,37.440335,19.102971,0.000000,circle,预设轨迹15,forward
1775479006.326149,33.043183,1775479021.961316|完整运动,完整运动,circle_orbit,1,1.000000,1.500000,1.500000,,,,,,,,,,,,,,,,1.189694,0.196547,1.310292,0.216751,0.000000,0.000000,0.036232,,0.074385,0.000000,,,,0.165208,0.132201,1.500000,37.487951,19.055356,0.000000,circle,预设轨迹15,forward
1775479006.349511,33.066545,1775479021.961316|完整运动,完整运动,circle_orbit,1,1.000000,1.500000,1.500000,,,,,,,,,,,,,,,,1.191707,0.196974,1.312484,0.200175,0.000000,0.000000,0.039192,,0.071874,0.000000,,,,0.165287,0.132424,1.500000,37.511597,19.031710,0.000000,circle,预设轨迹15,forward
1775479006.372128,33.089162,1775479021.961316|完整运动,完整运动,circle_orbit,1,1.000000,1.500000,1.500000,,,,,,,,,,,,,,,,1.193711,0.197334,1.313971,0.200038,0.000000,0.000000,0.042015,,0.069811,0.000000,,,,0.165312,0.132647,1.500000,37.535257,19.008050,0.000000,circle,预设轨迹15,forward
1775479006.392419,33.109453,1775479021.961316|完整运动,完整运动,circle_orbit,1,1.000000,1.500000,1.500000,,,,,,,,,,,,,,,,1.195717,0.197672,1.316095,0.200205,0.000000,0.000000,0.044763,,0.067438,0.000000,,,,0.165317,0.132870,1.500000,37.558922,18.984385,0.000000,circle,预设轨迹15,forward
1775479006.423067,33.140101,1775479021.961316|完整运动,完整运动,circle_orbit,1,1.000000,1.500000,1.500000,,,,,,,,,,,,,,,,1.197729,0.198014,1.318391,0.200579,0.000000,0.000000,0.047477,,0.064991,0.000000,,,,0.165325,0.133094,1.500000,37.582652,18.960655,0.000000,circle,预设轨迹15,forward
1775479006.443877,33.160911,1775479021.961316|完整运动,完整运动,circle_orbit,1,1.000000,1.500000,1.500000,,,,,,,,,,,,,,,,1.199779,0.200258,1.322831,0.217084,0.000000,0.000000,0.052865,,0.060210,0.000000,,,,0.166912,0.133321,1.500000,37.629849,18.913458,0.000000,circle,预设轨迹15,forward
1775479006.464524,33.181558,1775479021.961316|完整运动,完整运动,circle_orbit,1,1.000000,1.500000,1.500000,,,,,,,,,,,,,,,,1.201842,0.200349,1.325603,0.201035,0.000000,0.000000,0.055263,,0.057662,0.000000,,,,0.166702,0.133551,1.500000,37.653268,18.890039,0.000000,circle,预设轨迹15,forward
1775479006.495313,33.212348,1775479021.961316|完整运动,完整运动,circle_orbit,1,1.000000,1.500000,1.500000,,,,,,,,,,,,,,,,1.203920,0.200441,1.328593,0.201130,0.000000,0.000000,0.057610,,0.055026,0.000000,,,,0.166490,0.133782,1.500000,37.676702,18.866604,0.000000,circle,预设轨迹15,forward
1775479006.526984,33.244018,1775479021.961316|完整运动,完整运动,circle_orbit,1,1.000000,1.500000,1.500000,,,,,,,,,,,,,,,,1.206011,0.200626,1.331461,0.202014,0.000000,0.000000,0.060043,,0.052425,0.000000,,,,0.166355,0.134014,1.500000,37.700143,18.843164,0.000000,circle,预设轨迹15,forward
1775479006.549883,33.266917,1775479021.961316|完整运动,完整运动,circle_orbit,1,1.000000,1.500000,1.500000,,,,,,,,,,,,,,,,1.208150,0.202423,1.336483,0.215898,0.000000,0.000000,0.064734,,0.047694,0.000000,,,,0.167548,0.134252,1.500000,37.747049,18.796257,0.000000,circle,预设轨迹15,forward
1775479006.571729,33.288763,1775479021.961316|完整运动,完整运动,circle_orbit,1,1.000000,1.500000,1.500000,,,,,,,,,,,,,,,,1.210290,0.202404,1.338709,0.202268,0.000000,0.000000,0.066893,,0.045568,0.000000,,,,0.167236,0.134489,1.500000,37.770613,18.772693,0.000000,circle,预设轨迹15,forward
1775479006.605103,33.322137,1775479021.961316|完整运动,完整运动,circle_orbit,1,1.000000,1.500000,1.500000,,,,,,,,,,,,,,,,1.212485,0.203612,1.344181,0.212669,0.000000,0.000000,0.070751,,0.041003,0.000000,,,,0.167930,0.134733,1.500000,37.817933,18.725374,0.000000,circle,预设轨迹15,forward
1775479006.642965,33.359999,1775479021.961316|完整运动,完整运动,circle_orbit,1,1.000000,1.500000,1.500000,,,,,,,,,,,,,,,,1.214700,0.203388,1.347591,0.201703,0.000000,0.000000,0.072592,,0.038420,0.000000,,,,0.167439,0.134979,1.500000,37.841875,18.701432,0.000000,circle,预设轨迹15,forward
1775479006.665451,33.382485,1775479021.961316|完整运动,完整运动,circle_orbit,1,1.000000,1.500000,1.500000,,,,,,,,,,,,,,,,1.216936,0.203247,1.351130,0.202191,0.000000,0.000000,0.074493,,0.035753,0.000000,,,,0.167015,0.135228,1.500000,37.865777,18.677529,0.000000,circle,预设轨迹15,forward
1775479006.685868,33.402902,1775479021.961316|完整运动,完整运动,circle_orbit,1,1.000000,1.500000,1.500000,,,,,,,,,,,,,,,,1.219244,0.204576,1.357720,0.214544,0.000000,0.000000,0.078439,,0.030631,0.000000,,,,0.167789,0.135484,1.500000,37.913887,18.629419,0.000000,circle,预设轨迹15,forward
1775479006.713760,33.430794,1775479021.961316|完整运动,完整运动,circle_orbit,1,1.000000,1.500000,1.500000,,,,,,,,,,,,,,,,1.221568,0.204534,1.360978,0.204223,0.000000,0.000000,0.080467,,0.028076,0.000000,,,,0.167436,0.135743,1.500000,37.938099,18.605208,0.000000,circle,预设轨迹15,forward
1775479006.739746,33.456780,1775479021.961316|完整运动,完整运动,circle_orbit,1,1.000000,1.500000,1.500000,,,,,,,,,,,,,,,,1.223901,0.204497,1.363886,0.204219,0.000000,0.000000,0.082456,,0.025724,0.000000,,,,0.167086,0.136002,1.500000,37.962366,18.580941,0.000000,circle,预设轨迹15,forward
1775479006.760078,33.477113,1775479021.961316|完整运动,完整运动,circle_orbit,1,1.000000,1.500000,1.500000,,,,,,,,,,,,,,,,1.226292,0.205657,1.369732,0.214351,0.000000,0.000000,0.086108,,0.021167,0.000000,,,,0.167706,0.136268,1.500000,38.011083,18.532224,0.000000,circle,预设轨迹15,forward
1775479006.791399,33.508433,1775479021.961316|完整运动,完整运动,circle_orbit,1,1.000000,1.500000,1.500000,,,,,,,,,,,,,,,,1.228643,0.204236,1.369732,0.193578,0.000000,0.000000,0.086108,,0.021167,0.000000,,,,0.166229,0.136529,1.500000,38.011083,18.532224,0.000000,circle,预设轨迹15,forward
1775479006.825507,33.542541,1775479021.961316|完整运动,完整运动,circle_orbit,1,1.000000,1.500000,1.500000,,,,,,,,,,,,,,,,1.231069,0.205199,1.376601,0.212424,0.000000,0.000000,0.089388,,0.016294,0.000000,,,,0.166684,0.136798,1.500000,38.059908,18.483399,0.000000,circle,预设轨迹15,forward
1775479006.850425,33.567459,1775479021.961316|完整运动,完整运动,circle_orbit,1,1.000000,1.500000,1.500000,,,,,,,,,,,,,,,,1.233574,0.205913,1.383887,0.211272,0.000000,0.000000,0.092341,,0.011395,0.000000,,,,0.166924,0.137077,1.500000,38.108878,18.434428,0.000000,circle,预设轨迹15,forward
1775479006.872739,33.589773,1775479021.961316|完整运动,完整运动,circle_orbit,1,1.000000,1.500000,1.500000,,,,,,,,,,,,,,,,1.236114,0.205435,1.388527,0.201845,0.000000,0.000000,0.093602,,0.008571,0.000000,,,,0.166194,0.137359,1.500000,38.133087,18.410219,0.000000,circle,预设轨迹15,forward
1775479006.893822,33.610856,1775479021.961316|完整运动,完整运动,circle_orbit,1,1.000000,1.500000,1.500000,,,,,,,,,,,,,,,,1.238695,0.204933,1.393527,0.201168,0.000000,0.000000,0.094770,,0.005630,0.000000,,,,0.165443,0.137646,1.500000,38.157234,18.386072,0.000000,circle,预设轨迹15,forward
1775479006.914179,33.631213,1775479021.961316|完整运动,完整运动,circle_orbit,1,1.000000,1.500000,1.500000,,,,,,,,,,,,,,,,1.241311,0.204456,1.398318,0.200877,0.000000,0.000000,0.095913,,0.002816,0.000000,,,,0.164709,0.137937,1.500000,38.181313,18.361994,0.000000,circle,预设轨迹15,forward
1775479006.943618,33.660652,1775479021.961316|完整运动,完整运动,circle_orbit,1,1.000000,1.500000,1.500000,,,,,,,,,,,,,,,,1.243961,0.204009,1.402951,0.200657,0.000000,0.000000,0.097045,,0.000099,0.000000,,,,0.163999,0.138231,1.500000,38.205238,18.338069,0.000000,circle,预设轨迹15,forward
1775479006.973136,33.690170,1775479021.961316|完整运动,完整运动,circle_orbit,1,1.000000,1.500000,1.500000,,,,,,,,,,,,,,,,1.246384,0.204065,1.391734,0.204484,0.000000,0.000000,0.098849,,-0.004683,0.000000,,,,0.163725,0.138500,1.500000,38.253167,18.290140,0.000000,circle,预设轨迹15,forward
1775479006.995779,33.712813,1775479021.961316|完整运动,完整运动,circle_orbit,1,1.000000,1.500000,1.500000,,,,,,,,,,,,,,,,1.248666,0.203491,1.385586,0.199187,0.000000,0.000000,0.099737,,-0.007277,0.000000,,,,0.162967,0.138754,1.500000,38.277271,18.266035,0.000000,circle,预设轨迹15,forward
1775479007.017739,33.734773,1775479021.961316|完整运动,完整运动,circle_orbit,1,1.000000,1.500000,1.500000,,,,,,,,,,,,,,,,1.250798,0.202950,1.378757,0.198893,0.000000,0.000000,0.100621,,-0.010235,0.000000,,,,0.162256,0.138991,1.500000,38.301308,18.241999,0.000000,circle,预设轨迹15,forward
1775479007.046193,33.763227,1775479021.961316|完整运动,完整运动,circle_orbit,1,1.000000,1.500000,1.500000,,,,,,,,,,,,,,,,1.252667,0.202877,1.364797,0.202329,0.000000,0.000000,0.102137,,-0.016517,0.000000,,,,0.161956,0.139198,1.500000,38.349869,18.193437,0.000000,circle,预设轨迹15,forward
1775479007.068474,33.785508,1775479021.961316|完整运动,完整运动,circle_orbit,1,1.000000,1.500000,1.500000,,,,,,,,,,,,,,,,1.254406,0.202181,1.358751,0.196965,0.000000,0.000000,0.102750,,-0.019301,0.000000,,,,0.161177,0.139392,1.500000,38.374499,18.168807,0.000000,circle,预设轨迹15,forward
1775479007.090576,33.807611,1775479021.961316|完整运动,完整运动,circle_orbit,1,1.000000,1.500000,1.500000,,,,,,,,,,,,,,,,1.256002,0.201595,1.351733,0.197199,0.000000,0.000000,0.103469,,-0.022564,0.000000,,,,0.160505,0.139569,1.500000,38.399061,18.144245,0.000000,circle,预设轨迹15,forward
1775479007.111444,33.828478,1775479021.961316|完整运动,完整运动,circle_orbit,1,1.000000,1.500000,1.500000,,,,,,,,,,,,,,,,1.257480,0.201002,1.346147,0.196555,0.000000,0.000000,0.104135,,-0.025145,0.000000,,,,0.159845,0.139733,1.500000,38.423490,18.119817,0.000000,circle,预设轨迹15,forward
1775479007.131804,33.848838,1775479021.961316|完整运动,完整运动,circle_orbit,1,1.000000,1.500000,1.500000,,,,,,,,,,,,,,,,1.258842,0.200384,1.340615,0.195748,0.000000,0.000000,0.104724,,-0.027758,0.000000,,,,0.159181,0.139885,1.500000,38.447931,18.095376,0.000000,circle,预设轨迹15,forward
1775479007.165039,33.882073,1775479021.961316|完整运动,完整运动,circle_orbit,1,1.000000,1.500000,1.500000,,,,,,,,,,,,,,,,1.260010,0.199819,1.330057,0.195584,0.000000,0.000000,0.105361,,-0.033025,0.000000,,,,0.158586,0.140014,1.500000,38.497118,18.046188,0.000000,circle,预设轨迹15,forward
1775479007.193427,33.910461,1775479021.961316|完整运动,完整运动,circle_orbit,1,1.000000,1.500000,1.500000,,,,,,,,,,,,,,,,1.261158,0.198839,1.330057,0.191483,0.000000,0.000000,0.105361,,-0.033025,0.000000,,,,0.157664,0.140142,1.500000,38.497118,18.046188,0.000000,circle,预设轨迹15,forward
1775479007.216600,33.933634,1775479021.961316|完整运动,完整运动,circle_orbit,1,1.000000,1.500000,1.500000,,,,,,,,,,,,,,,,1.262162,0.197841,1.322420,0.190356,0.000000,0.000000,0.105287,,-0.037129,0.000000,,,,0.156747,0.140254,1.500000,38.547247,17.996060,0.000000,circle,预设轨迹15,forward
1775479007.238219,33.955253,1775479021.961316|完整运动,完整运动,circle_orbit,1,1.000000,1.500000,1.500000,,,,,,,,,,,,,,,,1.263088,0.196661,1.318636,0.187810,0.000000,0.000000,0.104900,,-0.039335,0.000000,,,,0.155698,0.140356,1.500000,38.572265,17.971042,0.000000,circle,预设轨迹15,forward
1775479007.266009,33.983043,1775479021.961316|完整运动,完整运动,circle_orbit,1,1.000000,1.500000,1.500000,,,,,,,,,,,,,,,,1.263868,0.195161,1.310675,0.183910,0.000000,0.000000,0.104006,,-0.044051,0.000000,,,,0.154415,0.140443,1.500000,38.622434,17.920873,0.000000,circle,预设轨迹15,forward
1775479007.286333,34.003367,1775479021.961316|完整运动,完整运动,circle_orbit,1,1.000000,1.500000,1.500000,,,,,,,,,,,,,,,,1.264568,0.194027,1.306553,0.185528,0.000000,0.000000,0.103559,,-0.046506,0.000000,,,,0.153434,0.140521,1.500000,38.647520,17.895786,0.000000,circle,预设轨迹15,forward
1775479007.309368,34.026402,1775479021.961316|完整运动,完整运动,circle_orbit,1,1.000000,1.500000,1.500000,,,,,,,,,,,,,,,,1.265256,0.193252,1.306553,0.187434,0.000000,0.000000,0.103559,,-0.046506,0.000000,,,,0.152737,0.140597,1.500000,38.647520,17.895786,0.000000,circle,预设轨迹15,forward
1775479007.331635,34.048669,1775479021.961316|完整运动,完整运动,circle_orbit,1,1.000000,1.500000,1.500000,,,,,,,,,,,,,,,,1.265802,0.191815,1.298558,0.181039,0.000000,0.000000,0.102600,,-0.051350,0.000000,,,,0.151536,0.140658,1.500000,38.697750,17.845556,0.000000,circle,预设轨迹15,forward
1775479007.352105,34.069139,1775479021.961316|完整运动,完整运动,circle_orbit,1,1.000000,1.500000,1.500000,,,,,,,,,,,,,,,,1.266258,0.190784,1.293605,0.183055,0.000000,0.000000,0.102157,,-0.054312,0.000000,,,,0.150668,0.140709,1.500000,38.722705,17.820602,0.000000,circle,预设轨迹15,forward
1775479007.381613,34.098647,1775479021.961316|完整运动,完整运动,circle_orbit,1,1.000000,1.500000,1.500000,,,,,,,,,,,,,,,,1.266553,0.189301,1.284251,0.178178,0.000000,0.000000,0.101045,,-0.060084,0.000000,,,,0.149462,0.140741,1.500000,38.772589,17.770718,0.000000,circle,预设轨迹15,forward
1775479007.404980,34.122015,1775479021.961316|完整运动,完整运动,circle_orbit,1,1.000000,1.500000,1.500000,,,,,,,,,,,,,,,,1.266843,0.188651,1.284251,0.183771,0.000000,0.000000,0.101045,,-0.060084,0.000000,,,,0.148914,0.140774,1.500000,38.772589,17.770718,0.000000,circle,预设轨迹15,forward
1775479007.426296,34.143330,1775479021.961316|完整运动,完整运动,circle_orbit,1,1.000000,1.500000,1.500000,,,,,,,,,,,,,,,,1.266990,0.186993,1.275794,0.174565,0.000000,0.000000,0.099614,,-0.065560,0.000000,,,,0.147589,0.140790,1.500000,38.822355,17.720952,0.000000,circle,预设轨迹15,forward
1775479007.457953,34.174987,1775479021.961316|完整运动,完整运动,circle_orbit,1,1.000000,1.500000,1.500000,,,,,,,,,,,,,,,,1.267075,0.185805,1.272158,0.176891,0.000000,0.000000,0.098781,,-0.068030,0.000000,,,,0.146641,0.140799,1.500000,38.847354,17.695953,0.000000,circle,预设轨迹15,forward
1775479007.479287,34.196321,1775479021.961316|完整运动,完整运动,circle_orbit,1,1.000000,1.500000,1.500000,,,,,,,,,,,,,,,,1.267095,0.184603,1.268329,0.175588,0.000000,0.000000,0.097890,,-0.070651,0.000000,,,,0.145690,0.140802,1.500000,38.872422,17.670885,0.000000,circle,预设轨迹15,forward
1775479007.499626,34.216660,1775479021.961316|完整运动,完整运动,circle_orbit,1,1.000000,1.500000,1.500000,,,,,,,,,,,,,,,,1.266988,0.182475,1.260564,0.166519,0.000000,0.000000,0.095659,,-0.076196,0.000000,,,,0.144023,0.140790,1.500000,38.922562,17.620745,0.000000,circle,预设轨迹15,forward
1775479007.527809,34.244843,1775479021.961316|完整运动,完整运动,circle_orbit,1,1.000000,1.500000,1.500000,,,,,,,,,,,,,,,,1.266883,0.181986,1.260564,0.178315,0.000000,0.000000,0.095659,,-0.076196,0.000000,,,,0.143649,0.140778,1.500000,38.922562,17.620745,0.000000,circle,预设轨迹15,forward
1775479007.550527,34.267561,1775479021.961316|完整运动,完整运动,circle_orbit,1,1.000000,1.500000,1.500000,,,,,,,,,,,,,,,,1.266669,0.179904,1.253868,0.164290,0.000000,0.000000,0.093413,,-0.081165,0.000000,,,,0.142029,0.140754,1.500000,38.972794,17.570513,0.000000,circle,预设轨迹15,forward
1775479007.571090,34.288125,1775479021.961316|完整运动,完整运动,circle_orbit,1,1.000000,1.500000,1.500000,,,,,,,,,,,,,,,,1.266407,0.178645,1.250646,0.169204,0.000000,0.000000,0.092256,,-0.083606,0.000000,,,,0.141065,0.140725,1.500000,38.997898,17.545409,0.000000,circle,预设轨迹15,forward
1775479007.596616,34.313650,1775479021.961316|完整运动,完整运动,circle_orbit,1,1.000000,1.500000,1.500000,,,,,,,,,,,,,,,,1.266101,0.177343,1.247726,0.167580,0.000000,0.000000,0.091004,,-0.085917,0.000000,,,,0.140071,0.140691,1.500000,39.023012,17.520295,0.000000,circle,预设轨迹15,forward
1775479007.628724,34.345758,1775479021.961316|完整运动,完整运动,circle_orbit,1,1.000000,1.500000,1.500000,,,,,,,,,,,,,,,,1.265726,0.175037,1.243247,0.157738,0.000000,0.000000,0.088296,,-0.089828,0.000000,,,,0.138290,0.140650,1.500000,39.073317,17.469990,0.000000,circle,预设轨迹15,forward
1775479007.651242,34.368276,1775479021.961316|完整运动,完整运动,circle_orbit,1,1.000000,1.500000,1.500000,,,,,,,,,,,,,,,,1.265325,0.173654,1.241243,0.163280,0.000000,0.000000,0.086811,,-0.091705,0.000000,,,,0.137240,0.140605,1.500000,39.098462,17.444845,0.000000,circle,预设轨迹15,forward
1775479007.674282,34.391316,1775479021.961316|完整运动,完整运动,circle_orbit,1,1.000000,1.500000,1.500000,,,,,,,,,,,,,,,,1.264893,0.172287,1.238999,0.162039,0.000000,0.000000,0.085316,,-0.093738,0.000000,,,,0.136207,0.140557,1.500000,39.123619,17.419688,0.000000,circle,预设轨迹15,forward
1775479007.703157,34.420192,1775479021.961316|完整运动,完整运动,circle_orbit,1,1.000000,1.500000,1.500000,,,,,,,,,,,,,,,,1.264448,0.170758,1.237766,0.159290,0.000000,0.000000,0.083554,,-0.095274,0.000000,,,,0.135046,0.140508,1.500000,39.148985,17.394322,0.000000,circle,预设轨迹15,forward
1775479007.725669,34.442703,1775479021.961316|完整运动,完整运动,circle_orbit,1,1.000000,1.500000,1.500000,,,,,,,,,,,,,,,,1.263955,0.167737,1.234367,0.145080,0.000000,0.000000,0.079639,,-0.099100,0.000000,,,,0.132708,0.140453,1.500000,39.199769,17.343537,0.000000,circle,预设轨迹15,forward
1775479007.749047,34.466081,1775479021.961316|完整运动,完整运动,circle_orbit,1,1.000000,1.500000,1.500000,,,,,,,,,,,,,,,,1.263427,0.166128,1.231720,0.154058,0.000000,0.000000,0.077612,,-0.101633,0.000000,,,,0.131490,0.140394,1.500000,39.225050,17.318256,0.000000,circle,预设轨迹15,forward
1775479007.786382,34.503417,1775479021.961316|完整运动,完整运动,circle_orbit,1,1.000000,1.500000,1.500000,,,,,,,,,,,,,,,,1.262863,0.164583,1.229068,0.152994,0.000000,0.000000,0.075639,,-0.104152,0.000000,,,,0.130325,0.140331,1.500000,39.250320,17.292987,0.000000,circle,预设轨迹15,forward
1775479007.807536,34.524570,1775479021.961316|完整运动,完整运动,circle_orbit,1,1.000000,1.500000,1.500000,,,,,,,,,,,,,,,,1.262227,0.161673,1.224035,0.139852,0.000000,0.000000,0.071706,,-0.109037,0.000000,,,,0.128086,0.140261,1.500000,39.300838,17.242468,0.000000,circle,预设轨迹15,forward
1775479007.831577,34.548611,1775479021.961316|完整运动,完整运动,circle_orbit,1,1.000000,1.500000,1.500000,,,,,,,,,,,,,,,,1.261563,0.160248,1.221760,0.149558,0.000000,0.000000,0.069777,,-0.111321,0.000000,,,,0.127023,0.140187,1.500000,39.326213,17.217094,0.000000,circle,预设轨迹15,forward
1775479007.854486,34.571520,1775479021.961316|完整运动,完整运动,circle_orbit,1,1.000000,1.500000,1.500000,,,,,,,,,,,,,,,,1.260879,0.158796,1.219807,0.147903,0.000000,0.000000,0.067788,,-0.113434,0.000000,,,,0.125940,0.140111,1.500000,39.351303,17.192003,0.000000,circle,预设轨迹15,forward
1775479007.875284,34.592319,1775479021.961316|完整运动,完整运动,circle_orbit,1,1.000000,1.500000,1.500000,,,,,,,,,,,,,,,,1.260181,0.157202,1.218327,0.145246,0.000000,0.000000,0.065573,,-0.115352,0.000000,,,,0.124745,0.140033,1.500000,39.376198,17.167109,0.000000,circle,预设轨迹15,forward
1775479007.902764,34.619798,1775479021.961316|完整运动,完整运动,circle_orbit,1,1.000000,1.500000,1.500000,,,,,,,,,,,,,,,,1.259474,0.155582,1.217045,0.143432,0.000000,0.000000,0.063290,,-0.117177,0.000000,,,,0.123529,0.139955,1.500000,39.401085,17.142221,0.000000,circle,预设轨迹15,forward
1775479007.925333,34.642367,1775479021.961316|完整运动,完整运动,circle_orbit,1,1.000000,1.500000,1.500000,,,,,,,,,,,,,,,,1.258725,0.152216,1.213761,0.126972,0.000000,0.000000,0.058504,,-0.121388,0.000000,,,,0.120928,0.139872,1.500000,39.451217,17.092090,0.000000,circle,预设轨迹15,forward
1775479007.945732,34.662766,1775479021.961316|完整运动,完整运动,circle_orbit,1,1.000000,1.500000,1.500000,,,,,,,,,,,,,,,,1.257961,0.150687,1.212111,0.139218,0.000000,0.000000,0.056202,,-0.123463,0.000000,,,,0.119786,0.139787,1.500000,39.476293,17.067013,0.000000,circle,预设轨迹15,forward
1775479007.979073,34.696107,1775479021.961316|完整运动,完整运动,circle_orbit,1,1.000000,1.500000,1.500000,,,,,,,,,,,,,,,,1.257185,0.149212,1.210660,0.138153,0.000000,0.000000,0.053957,,-0.125388,0.000000,,,,0.118687,0.139700,1.500000,39.501245,17.042061,0.000000,circle,预设轨迹15,forward
1775479008.004552,34.721586,1775479021.961316|完整运动,完整运动,circle_orbit,1,1.000000,1.500000,1.500000,,,,,,,,,,,,,,,,1.256402,0.147943,1.209429,0.138427,0.000000,0.000000,0.051985,,-0.127052,0.000000,,,,0.117751,0.139613,1.500000,39.525987,17.017319,0.000000,circle,预设轨迹15,forward
1775479008.024912,34.741946,1775479021.961316|完整运动,完整运动,circle_orbit,1,1.000000,1.500000,1.500000,,,,,,,,,,,,,,,,1.255596,0.145340,1.207202,0.125814,0.000000,0.000000,0.048114,,-0.130203,0.000000,,,,0.115754,0.139524,1.500000,39.575304,16.968003,0.000000,circle,预设轨迹15,forward
1775479008.052800,34.769834,1775479021.961316|完整运动,完整运动,circle_orbit,1,1.000000,1.500000,1.500000,,,,,,,,,,,,,,,,1.254802,0.145523,1.207202,0.146897,0.000000,0.000000,0.048114,,-0.130203,0.000000,,,,0.115973,0.139436,1.500000,39.575304,16.968003,0.000000,circle,预设轨迹15,forward
1775479008.073991,34.791025,1775479021.961316|完整运动,完整运动,circle_orbit,1,1.000000,1.500000,1.500000,,,,,,,,,,,,,,,,1.254017,0.142441,1.206898,0.119325,0.000000,0.000000,0.043549,,-0.132428,0.000000,,,,0.113588,0.139348,1.500000,39.625062,16.918244,0.000000,circle,预设轨迹15,forward
1775479008.095566,34.812600,1775479021.961316|完整运动,完整运动,circle_orbit,1,1.000000,1.500000,1.500000,,,,,,,,,,,,,,,,1.253239,0.140854,1.206565,0.128957,0.000000,0.000000,0.040998,,-0.133776,0.000000,,,,0.112392,0.139262,1.500000,39.649966,16.893341,0.000000,circle,预设轨迹15,forward
1775479008.126560,34.843594,1775479021.961316|完整运动,完整运动,circle_orbit,1,1.000000,1.500000,1.500000,,,,,,,,,,,,,,,,1.252461,0.139227,1.205777,0.127025,0.000000,0.000000,0.038365,,-0.135454,0.000000,,,,0.111163,0.139176,1.500000,39.674971,16.868336,0.000000,circle,预设轨迹15,forward
1775479008.154263,34.871298,1775479021.961316|完整运动,完整运动,circle_orbit,1,1.000000,1.500000,1.500000,,,,,,,,,,,,,,,,1.251689,0.135454,1.205358,0.107153,0.000000,0.000000,0.032661,,-0.138260,0.000000,,,,0.108217,0.139090,1.500000,39.725156,16.818151,0.000000,circle,预设轨迹15,forward
1775479008.175038,34.892072,1775479021.961316|完整运动,完整运动,circle_orbit,1,1.000000,1.500000,1.500000,,,,,,,,,,,,,,,,1.250925,0.133719,1.205069,0.120703,0.000000,0.000000,0.029710,,-0.139758,0.000000,,,,0.106896,0.139005,1.500000,39.750389,16.792918,0.000000,circle,预设轨迹15,forward
1775479008.210773,34.927808,1775479021.961316|完整运动,完整运动,circle_orbit,1,1.000000,1.500000,1.500000,,,,,,,,,,,,,,,,1.250164,0.132044,1.204495,0.119484,0.000000,0.000000,0.026820,,-0.141413,0.000000,,,,0.105621,0.138920,1.500000,39.775713,16.767593,0.000000,circle,预设轨迹15,forward
1775479008.246802,34.963836,1775479021.961316|完整运动,完整运动,circle_orbit,1,1.000000,1.500000,1.500000,,,,,,,,,,,,,,,,1.249357,0.127074,1.200944,0.089801,0.000000,0.000000,0.019242,,-0.147083,0.000000,,,,0.101712,0.138831,1.500000,39.852177,16.691129,0.000000,circle,预设轨迹15,forward
1775479008.275220,34.992254,1775479021.961316|完整运动,完整运动,circle_orbit,1,1.000000,1.500000,1.500000,,,,,,,,,,,,,,,,1.248563,0.125705,1.200912,0.115439,0.000000,0.000000,0.016578,,-0.148288,0.000000,,,,0.100680,0.138742,1.500000,39.877470,16.665837,0.000000,circle,预设轨迹15,forward
1775479008.295979,35.013014,1775479021.961316|完整运动,完整运动,circle_orbit,1,1.000000,1.500000,1.500000,,,,,,,,,,,,,,,,1.247790,0.124297,1.201413,0.113736,0.000000,0.000000,0.013860,,-0.149171,0.000000,,,,0.099614,0.138656,1.500000,39.902881,16.640426,0.000000,circle,预设轨迹15,forward
1775479008.319732,35.036766,1775479021.961316|完整运动,完整运动,circle_orbit,1,1.000000,1.500000,1.500000,,,,,,,,,,,,,,,,1.247035,0.122884,1.201739,0.112284,0.000000,0.000000,0.011131,,-0.150172,0.000000,,,,0.098541,0.138573,1.500000,39.928300,16.615006,0.000000,circle,预设轨迹15,forward
1775479008.340076,35.057110,1775479021.961316|完整运动,完整运动,circle_orbit,1,1.000000,1.500000,1.500000,,,,,,,,,,,,,,,,1.246300,0.119315,1.202207,0.092546,0.000000,0.000000,0.005339,,-0.152443,0.000000,,,,0.095735,0.138491,1.500000,39.979002,16.564304,0.000000,circle,预设轨迹15,forward
1775479008.369406,35.086440,1775479021.961316|完整运动,完整运动,circle_orbit,1,1.000000,1.500000,1.500000,,,,,,,,,,,,,,,,1.245578,0.117843,1.202242,0.106806,0.000000,0.000000,0.002405,,-0.153724,0.000000,,,,0.094609,0.138411,1.500000,40.004259,16.539047,0.000000,circle,预设轨迹15,forward
1775479008.401367,35.118401,1775479021.961316|完整运动,完整运动,circle_orbit,1,1.000000,1.500000,1.500000,,,,,,,,,,,,,,,,1.244867,0.116442,1.202258,0.105934,0.000000,0.000000,-0.000433,,-0.154590,0.000000,,,,0.093538,0.138332,1.500000,40.029623,16.513683,0.000000,circle,预设轨迹15,forward
1775479008.422059,35.139093,1775479021.961316|完整运动,完整运动,circle_orbit,1,1.000000,1.500000,1.500000,,,,,,,,,,,,,,,,1.244077,0.112962,1.196660,0.086863,0.000000,0.000000,-0.006226,,-0.155663,0.000000,,,,0.090800,0.138244,1.500000,40.080364,16.462943,0.000000,circle,预设轨迹15,forward
1775479008.445093,35.162127,1775479021.961316|完整运动,完整运动,circle_orbit,1,1.000000,1.500000,1.500000,,,,,,,,,,,,,,,,1.243251,0.111487,1.193698,0.100422,0.000000,0.000000,-0.009288,,-0.156246,0.000000,,,,0.089674,0.138152,1.500000,40.105722,16.437585,0.000000,circle,预设轨迹15,forward
1775479008.466483,35.183517,1775479021.961316|完整运动,完整运动,circle_orbit,1,1.000000,1.500000,1.500000,,,,,,,,,,,,,,,,1.242385,0.110066,1.190443,0.099414,0.000000,0.000000,-0.012275,,-0.157066,0.000000,,,,0.088593,0.138056,1.500000,40.131216,16.412090,0.000000,circle,预设轨迹15,forward
1775479008.489747,35.206781,1775479021.961316|完整运动,完整运动,circle_orbit,1,1.000000,1.500000,1.500000,,,,,,,,,,,,,,,,1.241484,0.108598,1.187391,0.097581,0.000000,0.000000,-0.015333,,-0.157731,0.000000,,,,0.087474,0.137956,1.500000,40.156673,16.386633,0.000000,circle,预设轨迹15,forward
1775479008.522729,35.239763,1775479021.961316|完整运动,完整运动,circle_orbit,1,1.000000,1.500000,1.500000,,,,,,,,,,,,,,,,1.240552,0.107094,1.184627,0.095816,0.000000,0.000000,-0.018447,,-0.158189,0.000000,,,,0.086328,0.137852,1.500000,40.182116,16.361191,0.000000,circle,预设轨迹15,forward
1775479008.544173,35.261207,1775479021.961316|完整运动,完整运动,circle_orbit,1,1.000000,1.500000,1.500000,,,,,,,,,,,,,,,,1.239538,0.103366,1.178733,0.075411,0.000000,0.000000,-0.024727,,-0.159355,0.000000,,,,0.083391,0.137740,1.500000,40.232945,16.310362,0.000000,circle,预设轨迹15,forward
1775479008.569636,35.286670,1775479021.961316|完整运动,完整运动,circle_orbit,1,1.000000,1.500000,1.500000,,,,,,,,,,,,,,,,1.238489,0.101904,1.175531,0.090935,0.000000,0.000000,-0.027919,,-0.160102,0.000000,,,,0.082281,0.137623,1.500000,40.258456,16.284851,0.000000,circle,预设轨迹15,forward
1775479008.592038,35.309072,1775479021.961316|完整运动,完整运动,circle_orbit,1,1.000000,1.500000,1.500000,,,,,,,,,,,,,,,,1.237402,0.100518,1.172151,0.090119,0.000000,0.000000,-0.031003,,-0.161031,0.000000,,,,0.081233,0.137502,1.500000,40.283870,16.259437,0.000000,circle,预设轨迹15,forward
1775479008.618430,35.335464,1775479021.961316|完整运动,完整运动,circle_orbit,1,1.000000,1.500000,1.500000,,,,,,,,,,,,,,,,1.236292,0.099021,1.169690,0.087800,0.000000,0.000000,-0.034244,,-0.161273,0.000000,,,,0.080095,0.137379,1.500000,40.309167,16.234140,0.000000,circle,预设轨迹15,forward
1775479008.643298,35.360332,1775479021.961316|完整运动,完整运动,circle_orbit,1,1.000000,1.500000,1.500000,,,,,,,,,,,,,,,,1.235150,0.097517,1.166646,0.086235,0.000000,0.000000,-0.037503,,-0.161916,0.000000,,,,0.078952,0.137252,1.500000,40.334145,16.209162,0.000000,circle,预设轨迹15,forward
1775479008.664079,35.381113,1775479021.961316|完整运动,完整运动,circle_orbit,1,1.000000,1.500000,1.500000,,,,,,,,,,,,,,,,1.233932,0.093742,1.160844,0.065431,0.000000,0.000000,-0.043993,,-0.163048,0.000000,,,,0.075970,0.137117,1.500000,40.384316,16.158991,0.000000,circle,预设轨迹15,forward
1775479008.692250,35.409284,1775479021.961316|完整运动,完整运动,circle_orbit,1,1.000000,1.500000,1.500000,,,,,,,,,,,,,,,,1.232734,0.094630,1.160844,0.101284,0.000000,0.000000,-0.043993,,-0.163048,0.000000,,,,0.076764,0.136983,1.500000,40.384316,16.158991,0.000000,circle,预设轨迹15,forward
1775479008.730591,35.447625,1775479021.961316|完整运动,完整运动,circle_orbit,1,1.000000,1.500000,1.500000,,,,,,,,,,,,,,,,1.231455,0.091031,1.154745,0.064037,0.000000,0.000000,-0.050237,,-0.164538,0.000000,,,,0.073921,0.136841,1.500000,40.434731,16.108575,0.000000,circle,预设轨迹15,forward
1775479008.751440,35.468474,1775479021.961316|完整运动,完整运动,circle_orbit,1,1.000000,1.500000,1.500000,,,,,,,,,,,,,,,,1.230109,0.087406,1.149353,0.060220,0.000000,0.000000,-0.056640,,-0.165501,0.000000,,,,0.071055,0.136692,1.500000,40.484717,16.058589,0.000000,circle,预设轨迹15,forward
1775479008.779009,35.496043,1775479021.961316|完整运动,完整运动,circle_orbit,1,1.000000,1.500000,1.500000,,,,,,,,,,,,,,,,1.228714,0.083743,1.145028,0.056274,0.000000,0.000000,-0.063216,,-0.165658,0.000000,,,,0.068155,0.136537,1.500000,40.534766,16.008541,0.000000,circle,预设轨迹15,forward
1775479008.818833,35.535867,1775479021.961316|完整运动,完整运动,circle_orbit,1,1.000000,1.500000,1.500000,,,,,,,,,,,,,,,,1.227303,0.082513,1.142638,0.073284,0.000000,0.000000,-0.066454,,-0.165932,0.000000,,,,0.067231,0.136380,1.500000,40.559869,15.983438,0.000000,circle,预设轨迹15,forward
1775479008.854517,35.571551,1775479021.961316|完整运动,完整运动,circle_orbit,1,1.000000,1.500000,1.500000,,,,,,,,,,,,,,,,1.225848,0.078882,1.138515,0.051648,0.000000,0.000000,-0.073084,,-0.165956,0.000000,,,,0.064349,0.136218,1.500000,40.610313,15.932994,0.000000,circle,预设轨迹15,forward
1775479008.885781,35.602815,1775479021.961316|完整运动,完整运动,circle_orbit,1,1.000000,1.500000,1.500000,,,,,,,,,,,,,,,,1.224350,0.075362,1.134458,0.048962,0.000000,0.000000,-0.079669,,-0.165974,0.000000,,,,0.061552,0.136052,1.500000,40.661037,15.882270,0.000000,circle,预设轨迹15,forward
1775479008.906172,35.623206,1775479021.961316|完整运动,完整运动,circle_orbit,1,1.000000,1.500000,1.500000,,,,,,,,,,,,,,,,1.222846,0.074249,1.132608,0.065904,0.000000,0.000000,-0.082937,,-0.165871,0.000000,,,,0.060718,0.135885,1.500000,40.686472,15.856835,0.000000,circle,预设轨迹15,forward
1775479008.938336,35.655370,1775479021.961316|完整运动,完整运动,circle_orbit,1,1.000000,1.500000,1.500000,,,,,,,,,,,,,,,,1.221334,0.073023,1.130648,0.063825,0.000000,0.000000,-0.086335,,-0.165796,0.000000,,,,0.059789,0.135717,1.500000,40.711994,15.831313,0.000000,circle,预设轨迹15,forward
1775479008.966302,35.683336,1775479021.961316|完整运动,完整运动,circle_orbit,1,1.000000,1.500000,1.500000,,,,,,,,,,,,,,,,1.219813,0.071906,1.128550,0.063530,0.000000,0.000000,-0.089556,,-0.165906,0.000000,,,,0.058948,0.135548,1.500000,40.737500,15.805807,0.000000,circle,预设轨迹15,forward
1775479008.986881,35.703915,1775479021.961316|完整运动,完整运动,circle_orbit,1,1.000000,1.500000,1.500000,,,,,,,,,,,,,,,,1.218260,0.068501,1.125063,0.042964,0.000000,0.000000,-0.096004,,-0.165614,0.000000,,,,0.056228,0.135375,1.500000,40.788348,15.754959,0.000000,circle,预设轨迹15,forward
1775479009.019608,35.736642,1775479021.961316|完整运动,完整运动,circle_orbit,1,1.000000,1.500000,1.500000,,,,,,,,,,,,,,,,1.216704,0.067348,1.123370,0.058699,0.000000,0.000000,-0.099354,,-0.165381,0.000000,,,,0.055353,0.135202,1.500000,40.813336,15.729971,0.000000,circle,预设轨迹15,forward
1775479009.044774,35.761808,1775479021.961316|完整运动,完整运动,circle_orbit,1,1.000000,1.500000,1.500000,,,,,,,,,,,,,,,,1.215144,0.066064,1.121559,0.056438,0.000000,0.000000,-0.102867,,-0.165167,0.000000,,,,0.054367,0.135029,1.500000,40.838080,15.705226,0.000000,circle,预设轨迹15,forward
1775479009.065420,35.782454,1775479021.961316|完整运动,完整运动,circle_orbit,1,1.000000,1.500000,1.500000,,,,,,,,,,,,,,,,1.213554,0.062350,1.118143,0.034493,0.000000,0.000000,-0.109821,,-0.164630,0.000000,,,,0.051378,0.134852,1.500000,40.887397,15.655910,0.000000,circle,预设轨迹15,forward
1775479009.100871,35.817905,1775479021.961316|完整运动,完整运动,circle_orbit,1,1.000000,1.500000,1.500000,,,,,,,,,,,,,,,,1.211960,0.061234,1.116292,0.052866,0.000000,0.000000,-0.113202,,-0.164517,0.000000,,,,0.050525,0.134675,1.500000,40.911999,15.631307,0.000000,circle,预设轨迹15,forward
1775479009.134451,35.851485,1775479021.961316|完整运动,完整运动,circle_orbit,1,1.000000,1.500000,1.500000,,,,,,,,,,,,,,,,1.210344,0.057760,1.113381,0.031705,0.000000,0.000000,-0.119910,,-0.163732,0.000000,,,,0.047722,0.134495,1.500000,40.960936,15.582370,0.000000,circle,预设轨迹15,forward
1775479009.154946,35.871980,1775479021.961316|完整运动,完整运动,circle_orbit,1,1.000000,1.500000,1.500000,,,,,,,,,,,,,,,,1.208730,0.056758,1.111888,0.049242,0.000000,0.000000,-0.123211,,-0.163395,0.000000,,,,0.046957,0.134316,1.500000,40.985281,15.558025,0.000000,circle,预设轨迹15,forward
1775479009.182157,35.899191,1775479021.961316|完整运动,完整运动,circle_orbit,1,1.000000,1.500000,1.500000,,,,,,,,,,,,,,,,1.207105,0.053288,1.109614,0.027264,0.000000,0.000000,-0.129988,,-0.162110,0.000000,,,,0.044145,0.134135,1.500000,41.034069,15.509238,0.000000,circle,预设轨迹15,forward
1775479009.207852,35.924886,1775479021.961316|完整运动,完整运动,circle_orbit,1,1.000000,1.500000,1.500000,,,,,,,,,,,,,,,,1.205507,0.054660,1.109614,0.064950,0.000000,0.000000,-0.129988,,-0.162110,0.000000,,,,0.045342,0.133958,1.500000,41.034069,15.509238,0.000000,circle,预设轨迹15,forward
1775479009.228592,35.945626,1775479021.961316|完整运动,完整运动,circle_orbit,1,1.000000,1.500000,1.500000,,,,,,,,,,,,,,,,1.203883,0.051165,1.106448,0.024950,0.000000,0.000000,-0.136786,,-0.161507,0.000000,,,,0.042500,0.133777,1.500000,41.082847,15.460459,0.000000,circle,预设轨迹15,forward
1775479009.264591,35.981625,1775479021.961316|完整运动,完整运动,circle_orbit,1,1.000000,1.500000,1.500000,,,,,,,,,,,,,,,,1.202261,0.050235,1.104925,0.043265,0.000000,0.000000,-0.140001,,-0.161245,0.000000,,,,0.041784,0.133597,1.500000,41.107233,15.436074,0.000000,circle,预设轨迹15,forward
1775479009.299443,36.016477,1775479021.961316|完整运动,完整运动,circle_orbit,1,1.000000,1.500000,1.500000,,,,,,,,,,,,,,,,1.200631,0.047062,1.102883,0.023261,0.000000,0.000000,-0.146377,,-0.159982,0.000000,,,,0.039198,0.133416,1.500000,41.156034,15.387273,0.000000,circle,预设轨迹15,forward
1775479009.320308,36.037342,1775479021.961316|完整运动,完整运动,circle_orbit,1,1.000000,1.500000,1.500000,,,,,,,,,,,,,,,,1.199006,0.043733,1.101506,0.018763,0.000000,0.000000,-0.153072,,-0.158069,0.000000,,,,0.036474,0.133236,1.500000,41.205407,15.337899,0.000000,circle,预设轨迹15,forward
1775479009.349188,36.066222,1775479021.961316|完整运动,完整运动,circle_orbit,1,1.000000,1.500000,1.500000,,,,,,,,,,,,,,,,1.197388,0.042887,1.100297,0.036541,0.000000,0.000000,-0.156335,,-0.157554,0.000000,,,,0.035817,0.133056,1.500000,41.230081,15.313226,0.000000,circle,预设轨迹15,forward
1775479009.372734,36.089768,1775479021.961316|完整运动,完整运动,circle_orbit,1,1.000000,1.500000,1.500000,,,,,,,,,,,,,,,,1.195779,0.041983,1.099219,0.035204,0.000000,0.000000,-0.159640,,-0.156921,0.000000,,,,0.035109,0.132877,1.500000,41.254761,15.288546,0.000000,circle,预设轨迹15,forward
1775479009.393340,36.110374,1775479021.961316|完整运动,完整运动,circle_orbit,1,1.000000,1.500000,1.500000,,,,,,,,,,,,,,,,1.194190,0.041028,1.098861,0.033868,0.000000,0.000000,-0.162986,,-0.155711,0.000000,,,,0.034356,0.132700,1.500000,41.279303,15.264004,0.000000,circle,预设轨迹15,forward
1775479009.423673,36.140707,1775479021.961316|完整运动,完整运动,circle_orbit,1,1.000000,1.500000,1.500000,,,,,,,,,,,,,,,,1.192618,0.039925,1.098270,0.031654,0.000000,0.000000,-0.166517,,-0.154601,0.000000,,,,0.033477,0.132526,1.500000,41.303721,15.239585,0.000000,circle,预设轨迹15,forward
1775479009.448795,36.165829,1775479021.961316|完整运动,完整运动,circle_orbit,1,1.000000,1.500000,1.500000,,,,,,,,,,,,,,,,1.191057,0.038699,1.097440,0.029500,0.000000,0.000000,-0.170208,,-0.153605,0.000000,,,,0.032491,0.132352,1.500000,41.328086,15.215221,0.000000,circle,预设轨迹15,forward
1775479009.469865,36.186899,1775479021.961316|完整运动,完整运动,circle_orbit,1,1.000000,1.500000,1.500000,,,,,,,,,,,,,,,,1.189496,0.035030,1.095841,0.007517,0.000000,0.000000,-0.177366,,-0.151670,0.000000,,,,0.029450,0.132179,1.500000,41.376776,15.166531,0.000000,circle,预设轨迹15,forward
1775479009.504668,36.221703,1775479021.961316|完整运动,完整运动,circle_orbit,1,1.000000,1.500000,1.500000,,,,,,,,,,,,,,,,1.187949,0.034164,1.095091,0.027664,0.000000,0.000000,-0.180669,,-0.150788,0.000000,,,,0.028758,0.132007,1.500000,41.400988,15.142318,0.000000,circle,预设轨迹15,forward
1775479009.527696,36.244730,1775479021.961316|完整运动,完整运动,circle_orbit,1,1.000000,1.500000,1.500000,,,,,,,,,,,,,,,,1.186418,0.033329,1.094560,0.027066,0.000000,0.000000,-0.183897,,-0.149769,0.000000,,,,0.028092,0.131837,1.500000,41.425029,15.118278,0.000000,circle,预设轨迹15,forward
1775479009.547992,36.265026,1775479021.961316|完整运动,完整运动,circle_orbit,1,1.000000,1.500000,1.500000,,,,,,,,,,,,,,,,1.184903,0.030379,1.094025,0.008256,0.000000,0.000000,-0.190105,,-0.147428,0.000000,,,,0.025638,0.131668,1.500000,41.472957,15.070350,0.000000,circle,预设轨迹15,forward
1775479009.583490,36.300524,1775479021.961316|完整运动,完整运动,circle_orbit,1,1.000000,1.500000,1.500000,,,,,,,,,,,,,,,,1.183414,0.029776,1.094088,0.025258,0.000000,0.000000,-0.193067,,-0.146063,0.000000,,,,0.025161,0.131503,1.500000,41.496883,15.046423,0.000000,circle,预设轨迹15,forward
1775479009.617193,36.334227,1775479021.961316|完整运动,完整运动,circle_orbit,1,1.000000,1.500000,1.500000,,,,,,,,,,,,,,,,1.181953,0.027076,1.094300,0.006826,0.000000,0.000000,-0.198973,,-0.143271,0.000000,,,,0.022908,0.131341,1.500000,41.545042,14.998264,0.000000,circle,预设轨迹15,forward
1775479009.638475,36.355509,1775479021.961316|完整运动,完整运动,circle_orbit,1,1.000000,1.500000,1.500000,,,,,,,,,,,,,,,,1.180511,0.024432,1.093934,0.004595,0.000000,0.000000,-0.204880,,-0.140932,0.000000,,,,0.020696,0.131180,1.500000,41.593553,14.949753,0.000000,circle,预设轨迹15,forward
1775479009.663897,36.380931,1775479021.961316|完整运动,完整运动,circle_orbit,1,1.000000,1.500000,1.500000,,,,,,,,,,,,,,,,1.179086,0.024040,1.093605,0.021104,0.000000,0.000000,-0.207653,,-0.139957,0.000000,,,,0.020389,0.131022,1.500000,41.617776,14.925531,0.000000,circle,预设轨迹15,forward
1775479009.688006,36.405041,1775479021.961316|完整运动,完整运动,circle_orbit,1,1.000000,1.500000,1.500000,,,,,,,,,,,,,,,,1.177688,0.023598,1.093818,0.020279,0.000000,0.000000,-0.210444,,-0.138550,0.000000,,,,0.020037,0.130867,1.500000,41.642049,14.901258,0.000000,circle,预设轨迹15,forward
1775479009.709381,36.426415,1775479021.961316|完整运动,完整运动,circle_orbit,1,1.000000,1.500000,1.500000,,,,,,,,,,,,,,,,1.176316,0.023063,1.093996,0.019054,0.000000,0.000000,-0.213318,,-0.137133,0.000000,,,,0.019606,0.130714,1.500000,41.666148,14.877159,0.000000,circle,预设轨迹15,forward
1775479009.743114,36.460149,1775479021.961316|完整运动,完整运动,circle_orbit,1,1.000000,1.500000,1.500000,,,,,,,,,,,,,,,,1.174967,0.022365,1.094050,0.017125,0.000000,0.000000,-0.216387,,-0.135727,0.000000,,,,0.019034,0.130564,1.500000,41.690418,14.852889,0.000000,circle,预设轨迹15,forward
1775479009.775911,36.492945,1775479021.961316|完整运动,完整运动,circle_orbit,1,1.000000,1.500000,1.500000,,,,,,,,,,,,,,,,1.173638,0.019680,1.093889,-0.000456,0.000000,0.000000,-0.222255,,-0.133244,0.000000,,,,0.016768,0.130417,1.500000,41.739531,14.803776,0.000000,circle,预设轨迹15,forward
1775479009.799700,36.516734,1775479021.961316|完整运动,完整运动,circle_orbit,1,1.000000,1.500000,1.500000,,,,,,,,,,,,,,,,1.172344,0.017242,1.094713,-0.001043,0.000000,0.000000,-0.227863,,-0.130107,0.000000,,,,0.014707,0.130273,1.500000,41.788517,14.754790,0.000000,circle,预设轨迹15,forward
1775479009.827572,36.544606,1775479021.961316|完整运动,完整运动,circle_orbit,1,1.000000,1.500000,1.500000,,,,,,,,,,,,,,,,1.171083,0.016756,1.095411,0.013109,0.000000,0.000000,-0.230764,,-0.128272,0.000000,,,,0.014308,0.130133,1.500000,41.812733,14.730573,0.000000,circle,预设轨迹15,forward
1775479009.862096,36.579130,1775479021.961316|完整运动,完整运动,circle_orbit,1,1.000000,1.500000,1.500000,,,,,,,,,,,,,,,,1.169850,0.016111,1.095860,0.011279,0.000000,0.000000,-0.233850,,-0.126549,0.000000,,,,0.013772,0.129996,1.500000,41.837005,14.706302,0.000000,circle,预设轨迹15,forward
1775479009.885660,36.602694,1775479021.961316|完整运动,完整运动,circle_orbit,1,1.000000,1.500000,1.500000,,,,,,,,,,,,,,,,1.168652,0.013305,1.096796,-0.007744,0.000000,0.000000,-0.239986,,-0.123092,0.000000,,,,0.011385,0.129863,1.500000,41.885836,14.657471,0.000000,circle,预设轨迹15,forward
1775479009.913594,36.630629,1775479021.961316|完整运动,完整运动,circle_orbit,1,1.000000,1.500000,1.500000,,,,,,,,,,,,,,,,1.167476,0.013038,1.096863,0.011040,0.000000,0.000000,-0.242601,,-0.121877,0.000000,,,,0.011168,0.129732,1.500000,41.910254,14.633053,0.000000,circle,预设轨迹15,forward
1775479009.937906,36.654940,1775479021.961316|完整运动,完整运动,circle_orbit,1,1.000000,1.500000,1.500000,,,,,,,,,,,,,,,,1.166326,0.012820,1.097339,0.011181,0.000000,0.000000,-0.245096,,-0.120398,0.000000,,,,0.010992,0.129604,1.500000,41.934553,14.608753,0.000000,circle,预设轨迹15,forward
1775479009.958448,36.675482,1775479021.961316|完整运动,完整运动,circle_orbit,1,1.000000,1.500000,1.500000,,,,,,,,,,,,,,,,1.165229,0.010891,1.099435,-0.003578,0.000000,0.000000,-0.249981,,-0.116598,0.000000,,,,0.009346,0.129482,1.500000,41.982559,14.560748,0.000000,circle,预设轨迹15,forward
1775479009.980873,36.697907,1775479021.961316|完整运动,完整运动,circle_orbit,1,1.000000,1.500000,1.500000,,,,,,,,,,,,,,,,1.164151,0.012428,1.099435,0.023957,0.000000,0.000000,-0.249981,,-0.116598,0.000000,,,,0.010675,0.129362,1.500000,41.982559,14.560748,0.000000,circle,预设轨迹15,forward
1775479010.014459,36.731493,1775479021.961316|完整运动,完整运动,circle_orbit,1,1.000000,1.500000,1.500000,,,,,,,,,,,,,,,,1.163130,0.010822,1.101901,-0.001220,0.000000,0.000000,-0.254313,,-0.112764,0.000000,,,,0.009304,0.129249,1.500000,42.030888,14.512418,0.000000,circle,预设轨迹15,forward
1775479010.034852,36.751886,1775479021.961316|完整运动,完整运动,circle_orbit,1,1.000000,1.500000,1.500000,,,,,,,,,,,,,,,,1.162151,0.010818,1.103408,0.010786,0.000000,0.000000,-0.256408,,-0.110670,0.000000,,,,0.009309,0.129140,1.500000,42.055032,14.488274,0.000000,circle,预设轨迹15,forward
1775479010.063296,36.780330,1775479021.961316|完整运动,完整运动,circle_orbit,1,1.000000,1.500000,1.500000,,,,,,,,,,,,,,,,1.161211,0.010655,1.104794,0.009429,0.000000,0.000000,-0.258680,,-0.108595,0.000000,,,,0.009175,0.129036,1.500000,42.079176,14.464130,0.000000,circle,预设轨迹15,forward
1775479010.088109,36.805144,1775479021.961316|完整运动,完整运动,circle_orbit,1,1.000000,1.500000,1.500000,,,,,,,,,,,,,,,,1.160318,0.008802,1.106767,-0.005096,0.000000,0.000000,-0.263321,,-0.105019,0.000000,,,,0.007586,0.128936,1.500000,42.127316,14.415990,0.000000,circle,预设轨迹15,forward
1775479010.109420,36.826454,1775479021.961316|完整运动,完整运动,circle_orbit,1,1.000000,1.500000,1.500000,,,,,,,,,,,,,,,,1.159450,0.008773,1.107382,0.008556,0.000000,0.000000,-0.265425,,-0.103614,0.000000,,,,0.007566,0.128840,1.500000,42.151427,14.391879,0.000000,circle,预设轨迹15,forward
1775479010.147702,36.864737,1775479021.961316|完整运动,完整运动,circle_orbit,1,1.000000,1.500000,1.500000,,,,,,,,,,,,,,,,1.158619,0.008794,1.108759,0.008956,0.000000,0.000000,-0.267411,,-0.101679,0.000000,,,,0.007590,0.128748,1.500000,42.175540,14.367766,0.000000,circle,预设轨迹15,forward
1775479010.178478,36.895513,1775479021.961316|完整运动,完整运动,circle_orbit,1,1.000000,1.500000,1.500000,,,,,,,,,,,,,,,,1.157835,0.007468,1.110771,-0.002480,0.000000,0.000000,-0.271274,,-0.098431,0.000000,,,,0.006450,0.128661,1.500000,42.223936,14.319371,0.000000,circle,预设轨迹15,forward
1775479010.200968,36.918002,1775479021.961316|完整运动,完整运动,circle_orbit,1,1.000000,1.500000,1.500000,,,,,,,,,,,,,,,,1.157103,0.006591,1.113202,0.000010,0.000000,0.000000,-0.274536,,-0.095138,0.000000,,,,0.005696,0.128579,1.500000,42.272813,14.270494,0.000000,circle,预设轨迹15,forward
1775479010.224519,36.941554,1775479021.961316|完整运动,完整运动,circle_orbit,1,1.000000,1.500000,1.500000,,,,,,,,,,,,,,,,1.156384,0.008008,1.113202,0.018637,0.000000,0.000000,-0.274536,,-0.095138,0.000000,,,,0.006925,0.128499,1.500000,42.272813,14.270494,0.000000,circle,预设轨迹15,forward
1775479010.255466,36.972500,1775479021.961316|完整运动,完整运动,circle_orbit,1,1.000000,1.500000,1.500000,,,,,,,,,,,,,,,,1.155741,0.007242,1.117185,0.001496,0.000000,0.000000,-0.277530,,-0.090804,0.000000,,,,0.006266,0.128428,1.500000,42.321095,14.222212,0.000000,circle,预设轨迹15,forward
1775479010.278258,36.995292,1775479021.961316|完整运动,完整运动,circle_orbit,1,1.000000,1.500000,1.500000,,,,,,,,,,,,,,,,1.155144,0.007385,1.119334,0.008463,0.000000,0.000000,-0.279241,,-0.088433,0.000000,,,,0.006393,0.128362,1.500000,42.345113,14.198194,0.000000,circle,预设轨迹15,forward
1775479010.301919,37.018953,1775479021.961316|完整运动,完整运动,circle_orbit,1,1.000000,1.500000,1.500000,,,,,,,,,,,,,,,,1.154589,0.007472,1.121254,0.008122,0.000000,0.000000,-0.280993,,-0.086220,0.000000,,,,0.006472,0.128300,1.500000,42.369151,14.174156,0.000000,circle,预设轨迹15,forward
1775479010.334061,37.051095,1775479021.961316|完整运动,完整运动,circle_orbit,1,1.000000,1.500000,1.500000,,,,,,,,,,,,,,,,1.154071,0.007586,1.122990,0.008445,0.000000,0.000000,-0.282671,,-0.084182,0.000000,,,,0.006574,0.128242,1.500000,42.393237,14.150070,0.000000,circle,预设轨迹15,forward
1775479010.355444,37.072479,1775479021.961316|完整运动,完整运动,circle_orbit,1,1.000000,1.500000,1.500000,,,,,,,,,,,,,,,,1.153624,0.006876,1.126802,0.001548,0.000000,0.000000,-0.285494,,-0.080103,0.000000,,,,0.005960,0.128193,1.500000,42.441404,14.101903,0.000000,circle,预设轨迹15,forward
1775479010.377227,37.094261,1775479021.961316|完整运动,完整运动,circle_orbit,1,1.000000,1.500000,1.500000,,,,,,,,,,,,,,,,1.153215,0.007365,1.128728,0.011029,0.000000,0.000000,-0.286626,,-0.078180,0.000000,,,,0.006386,0.128147,1.500000,42.465350,14.077957,0.000000,circle,预设轨迹15,forward
1775479010.399248,37.116282,1775479021.961316|完整运动,完整运动,circle_orbit,1,1.000000,1.500000,1.500000,,,,,,,,,,,,,,,,1.152851,0.007875,1.130982,0.011704,0.000000,0.000000,-0.287674,,-0.076059,0.000000,,,,0.006831,0.128107,1.500000,42.489239,14.054068,0.000000,circle,预设轨迹15,forward
1775479010.419544,37.136578,1775479021.961316|完整运动,完整运动,circle_orbit,1,1.000000,1.500000,1.500000,,,,,,,,,,,,,,,,1.152568,0.007737,1.135570,0.006702,0.000000,0.000000,-0.289603,,-0.071852,0.000000,,,,0.006713,0.128075,1.500000,42.537312,14.005995,0.000000,circle,预设轨迹15,forward
1775479010.453247,37.170281,1775479021.961316|完整运动,完整运动,circle_orbit,1,1.000000,1.500000,1.500000,,,,,,,,,,,,,,,,1.152289,0.008942,1.135570,0.017978,0.000000,0.000000,-0.289603,,-0.071852,0.000000,,,,0.007760,0.128044,1.500000,42.537312,14.005995,0.000000,circle,预设轨迹15,forward
1775479010.484793,37.201827,1775479021.961316|完整运动,完整运动,circle_orbit,1,1.000000,1.500000,1.500000,,,,,,,,,,,,,,,,1.152093,0.008834,1.140348,0.008026,0.000000,0.000000,-0.291393,,-0.067597,0.000000,,,,0.007668,0.128022,1.500000,42.585533,13.957774,0.000000,circle,预设轨迹15,forward
1775479010.506407,37.223441,1775479021.961316|完整运动,完整运动,circle_orbit,1,1.000000,1.500000,1.500000,,,,,,,,,,,,,,,,1.151980,0.008745,1.145186,0.008077,0.000000,0.000000,-0.293157,,-0.063340,0.000000,,,,0.007591,0.128010,1.500000,42.633745,13.909562,0.000000,circle,预设轨迹15,forward
1775479010.528826,37.245861,1775479021.961316|完整运动,完整运动,circle_orbit,1,1.000000,1.500000,1.500000,,,,,,,,,,,,,,,,1.151869,0.009886,1.145186,0.018443,0.000000,0.000000,-0.293157,,-0.063340,0.000000,,,,0.008583,0.127998,1.500000,42.633745,13.909562,0.000000,circle,预设轨迹15,forward
1775479010.560205,37.277239,1775479021.961316|完整运动,完整运动,circle_orbit,1,1.000000,1.500000,1.500000,,,,,,,,,,,,,,,,1.151831,0.009980,1.149562,0.010686,0.000000,0.000000,-0.294577,,-0.059593,0.000000,,,,0.008665,0.127993,1.500000,42.682160,13.861146,0.000000,circle,预设轨迹15,forward
1775479010.582083,37.299117,1775479021.961316|完整运动,完整运动,circle_orbit,1,1.000000,1.500000,1.500000,,,,,,,,,,,,,,,,1.151870,0.010406,1.154199,0.013598,0.000000,0.000000,-0.295519,,-0.055897,0.000000,,,,0.009034,0.127998,1.500000,42.730660,13.812646,0.000000,circle,预设轨迹15,forward
1775479010.604526,37.321560,1775479021.961316|完整运动,完整运动,circle_orbit,1,1.000000,1.500000,1.500000,,,,,,,,,,,,,,,,1.151908,0.011467,1.154199,0.019427,0.000000,0.000000,-0.295519,,-0.055897,0.000000,,,,0.009955,0.128002,1.500000,42.730660,13.812646,0.000000,circle,预设轨迹15,forward
1775479010.637278,37.354312,1775479021.961316|完整运动,完整运动,circle_orbit,1,1.000000,1.500000,1.500000,,,,,,,,,,,,,,,,1.152039,0.012011,1.159936,0.016089,0.000000,0.000000,-0.296200,,-0.051577,0.000000,,,,0.010426,0.128017,1.500000,42.779517,13.763789,0.000000,circle,预设轨迹15,forward
1775479010.658296,37.375330,1775479021.961316|完整运动,完整运动,circle_orbit,1,1.000000,1.500000,1.500000,,,,,,,,,,,,,,,,1.152226,0.012724,1.163445,0.018070,0.000000,0.000000,-0.296612,,-0.048957,0.000000,,,,0.011043,0.128037,1.500000,42.803905,13.739402,0.000000,circle,预设轨迹15,forward
1775479010.679824,37.396858,1775479021.961316|完整运动,完整运动,circle_orbit,1,1.000000,1.500000,1.500000,,,,,,,,,,,,,,,,1.152468,0.013130,1.166935,0.016175,0.000000,0.000000,-0.297423,,-0.046186,0.000000,,,,0.011393,0.128064,1.500000,42.828012,13.715295,0.000000,circle,预设轨迹15,forward
1775479010.711639,37.428674,1775479021.961316|完整运动,完整运动,circle_orbit,1,1.000000,1.500000,1.500000,,,,,,,,,,,,,,,,1.152745,0.013458,1.169375,0.015919,0.000000,0.000000,-0.298325,,-0.044109,0.000000,,,,0.011675,0.128095,1.500000,42.851991,13.691315,0.000000,circle,预设轨迹15,forward
1775479010.732389,37.449424,1775479021.961316|完整运动,完整运动,circle_orbit,1,1.000000,1.500000,1.500000,,,,,,,,,,,,,,,,1.153105,0.013174,1.174727,0.011044,0.000000,0.000000,-0.300090,,-0.039672,0.000000,,,,0.011425,0.128135,1.500000,42.900234,13.643073,0.000000,circle,预设轨迹15,forward
1775479010.755418,37.472452,1775479021.961316|完整运动,完整运动,circle_orbit,1,1.000000,1.500000,1.500000,,,,,,,,,,,,,,,,1.153503,0.013727,1.177354,0.017871,0.000000,0.000000,-0.300684,,-0.037627,0.000000,,,,0.011900,0.128179,1.500000,42.924680,13.618627,0.000000,circle,预设轨迹15,forward
1775479010.786445,37.503479,1775479021.961316|完整运动,完整运动,circle_orbit,1,1.000000,1.500000,1.500000,,,,,,,,,,,,,,,,1.153946,0.014385,1.180571,0.019323,0.000000,0.000000,-0.301102,,-0.035272,0.000000,,,,0.012466,0.128228,1.500000,42.949055,13.594252,0.000000,circle,预设轨迹15,forward
1775479010.809911,37.526945,1775479021.961316|完整运动,完整运动,circle_orbit,1,1.000000,1.500000,1.500000,,,,,,,,,,,,,,,,1.154499,0.014968,1.187630,0.019339,0.000000,0.000000,-0.301605,,-0.030328,0.000000,,,,0.012965,0.128290,1.500000,42.997041,13.546266,0.000000,circle,预设轨迹15,forward
1775479010.830995,37.548029,1775479021.961316|完整运动,完整运动,circle_orbit,1,1.000000,1.500000,1.500000,,,,,,,,,,,,,,,,1.155100,0.015785,1.191184,0.021913,0.000000,0.000000,-0.301752,,-0.027908,0.000000,,,,0.013665,0.128357,1.500000,43.020787,13.522519,0.000000,circle,预设轨迹15,forward
1775479010.857311,37.574345,1775479021.961316|完整运动,完整运动,circle_orbit,1,1.000000,1.500000,1.500000,,,,,,,,,,,,,,,,1.155750,0.016598,1.194733,0.022700,0.000000,0.000000,-0.301866,,-0.025519,0.000000,,,,0.014362,0.128429,1.500000,43.044711,13.498596,0.000000,circle,预设轨迹15,forward
1775479010.877649,37.594683,1775479021.961316|完整运动,完整运动,circle_orbit,1,1.000000,1.500000,1.500000,,,,,,,,,,,,,,,,1.156516,0.017477,1.202510,0.024067,0.000000,0.000000,-0.301865,,-0.020444,0.000000,,,,0.015112,0.128514,1.500000,43.092890,13.450417,0.000000,circle,预设轨迹15,forward
1775479010.906836,37.623870,1775479021.961316|完整运动,完整运动,circle_orbit,1,1.000000,1.500000,1.500000,,,,,,,,,,,,,,,,1.157270,0.018323,1.202510,0.024666,0.000000,0.000000,-0.301865,,-0.020444,0.000000,,,,0.015833,0.128598,1.500000,43.092890,13.450417,0.000000,circle,预设轨迹15,forward
1775479010.935655,37.652689,1775479021.961316|完整运动,完整运动,circle_orbit,1,1.000000,1.500000,1.500000,,,,,,,,,,,,,,,,1.158121,0.019420,1.209164,0.027651,0.000000,0.000000,-0.301482,,-0.016324,0.000000,,,,0.016769,0.128692,1.500000,43.140596,13.402711,0.000000,circle,预设轨迹15,forward
1775479010.956000,37.673034,1775479021.961316|完整运动,完整运动,circle_orbit,1,1.000000,1.500000,1.500000,,,,,,,,,,,,,,,,1.159019,0.020462,1.212897,0.028274,0.000000,0.000000,-0.301134,,-0.014093,0.000000,,,,0.017654,0.128792,1.500000,43.164361,13.378946,0.000000,circle,预设轨迹15,forward
1775479010.987044,37.704078,1775479021.961316|完整运动,完整运动,circle_orbit,1,1.000000,1.500000,1.500000,,,,,,,,,,,,,,,,1.160027,0.021880,1.220542,0.032518,0.000000,0.000000,-0.300220,,-0.009658,0.000000,,,,0.018862,0.128904,1.500000,43.212243,13.331063,0.000000,circle,预设轨迹15,forward
1775479011.010615,37.727649,1775479021.961316|完整运动,完整运动,circle_orbit,1,1.000000,1.500000,1.500000,,,,,,,,,,,,,,,,1.161082,0.022898,1.224357,0.030528,0.000000,0.000000,-0.299818,,-0.007443,0.000000,,,,0.019721,0.129021,1.500000,43.236278,13.307029,0.000000,circle,预设轨迹15,forward
1775479011.030954,37.747988,1775479021.961316|完整运动,完整运动,circle_orbit,1,1.000000,1.500000,1.500000,,,,,,,,,,,,,,,,1.162174,0.023898,1.227701,0.031403,0.000000,0.000000,-0.299406,,-0.005541,0.000000,,,,0.020563,0.129143,1.500000,43.260225,13.283082,0.000000,circle,预设轨迹15,forward
1775479011.062419,37.779453,1775479021.961316|完整运动,完整运动,circle_orbit,1,1.000000,1.500000,1.500000,,,,,,,,,,,,,,,,1.163301,0.024832,1.230883,0.031836,0.000000,0.000000,-0.299056,,-0.003722,0.000000,,,,0.021346,0.129268,1.500000,43.284440,13.258867,0.000000,circle,预设轨迹15,forward
1775479011.090485,37.807519,1775479021.961316|完整运动,完整运动,circle_orbit,1,1.000000,1.500000,1.500000,,,,,,,,,,,,,,,,1.164468,0.025828,1.234521,0.033296,0.000000,0.000000,-0.298591,,-0.001684,0.000000,,,,0.022180,0.129398,1.500000,43.308907,13.234399,0.000000,circle,预设轨迹15,forward
1775479011.110965,37.827999,1775479021.961316|完整运动,完整运动,circle_orbit,1,1.000000,1.500000,1.500000,,,,,,,,,,,,,,,,1.165588,0.026950,1.232770,0.035364,0.000000,0.000000,-0.297929,,0.003057,0.000000,,,,0.023121,0.129522,1.500000,43.357645,13.185661,0.000000,circle,预设轨迹15,forward
1775479011.138076,37.855110,1775479021.961316|完整运动,完整运动,circle_orbit,1,1.000000,1.500000,1.500000,,,,,,,,,,,,,,,,1.166586,0.027907,1.226473,0.035091,0.000000,0.000000,-0.297472,,0.007164,0.000000,,,,0.023922,0.129633,1.500000,43.406334,13.136973,0.000000,circle,预设轨迹15,forward
1775479011.159394,37.876428,1775479021.961316|完整运动,完整运动,circle_orbit,1,1.000000,1.500000,1.500000,,,,,,,,,,,,,,,,1.167568,0.028520,1.226473,0.033114,0.000000,0.000000,-0.297472,,0.007164,0.000000,,,,0.024427,0.129742,1.500000,43.406334,13.136973,0.000000,circle,预设轨迹15,forward
1775479011.180116,37.897150,1775479021.961316|完整运动,完整运动,circle_orbit,1,1.000000,1.500000,1.500000,,,,,,,,,,,,,,,,1.168424,0.029712,1.219811,0.038650,0.000000,0.000000,-0.296652,,0.011704,0.000000,,,,0.025429,0.129837,1.500000,43.455406,13.087901,0.000000,circle,预设轨迹15,forward
1775479011.213015,37.930049,1775479021.961316|完整运动,完整运动,circle_orbit,1,1.000000,1.500000,1.500000,,,,,,,,,,,,,,,,1.169224,0.030719,1.217229,0.038278,0.000000,0.000000,-0.296054,,0.013600,0.000000,,,,0.026273,0.129926,1.500000,43.479285,13.064022,0.000000,circle,预设轨迹15,forward
1775479011.234694,37.951728,1775479021.961316|完整运动,完整运动,circle_orbit,1,1.000000,1.500000,1.500000,,,,,,,,,,,,,,,,1.169962,0.031747,1.214236,0.039453,0.000000,0.000000,-0.295400,,0.015789,0.000000,,,,0.027135,0.130008,1.500000,43.503291,13.040016,0.000000,circle,预设轨迹15,forward
1775479011.255064,37.972099,1775479021.961316|完整运动,完整运动,circle_orbit,1,1.000000,1.500000,1.500000,,,,,,,,,,,,,,,,1.170639,0.032794,1.211239,0.040644,0.000000,0.000000,-0.294692,,0.018014,0.000000,,,,0.028014,0.130083,1.500000,43.527251,13.016055,0.000000,circle,预设轨迹15,forward
1775479011.279678,37.996712,1775479021.961316|完整运动,完整运动,circle_orbit,1,1.000000,1.500000,1.500000,,,,,,,,,,,,,,,,1.171260,0.033831,1.208517,0.041608,0.000000,0.000000,-0.293969,,0.020079,0.000000,,,,0.028884,0.130152,1.500000,43.551214,12.992093,0.000000,circle,预设轨迹15,forward
1775479011.306325,38.023359,1775479021.961316|完整运动,完整运动,circle_orbit,1,1.000000,1.500000,1.500000,,,,,,,,,,,,,,,,1.171811,0.034823,1.204918,0.042264,0.000000,0.000000,-0.293283,,0.022701,0.000000,,,,0.029717,0.130214,1.500000,43.575412,12.967895,0.000000,circle,预设轨迹15,forward
1775479011.326657,38.043691,1775479021.961316|完整运动,完整运动,circle_orbit,1,1.000000,1.500000,1.500000,,,,,,,,,,,,,,,,1.172272,0.036577,1.199925,0.049737,0.000000,0.000000,-0.291497,,0.026733,0.000000,,,,0.031202,0.130265,1.500000,43.623868,12.919439,0.000000,circle,预设轨迹15,forward
1775479011.355391,38.072425,1775479021.961316|完整运动,完整运动,circle_orbit,1,1.000000,1.500000,1.500000,,,,,,,,,,,,,,,,1.172690,0.037776,1.197757,0.046762,0.000000,0.000000,-0.290435,,0.028619,0.000000,,,,0.032213,0.130311,1.500000,43.647998,12.895308,0.000000,circle,预设轨迹15,forward
1775479011.376029,38.093063,1775479021.961316|完整运动,完整运动,circle_orbit,1,1.000000,1.500000,1.500000,,,,,,,,,,,,,,,,1.173059,0.038938,1.195190,0.047659,0.000000,0.000000,-0.289391,,0.030764,0.000000,,,,0.033194,0.130352,1.500000,43.672190,12.871117,0.000000,circle,预设轨迹15,forward
1775479011.398751,38.115786,1775479021.961316|完整运动,完整运动,circle_orbit,1,1.000000,1.500000,1.500000,,,,,,,,,,,,,,,,1.173340,0.040807,1.190197,0.054825,0.000000,0.000000,-0.287320,,0.034975,0.000000,,,,0.034779,0.130383,1.500000,43.720951,12.822356,0.000000,circle,预设轨迹15,forward
1775479011.439294,38.156328,1775479021.961316|完整运动,完整运动,circle_orbit,1,1.000000,1.500000,1.500000,,,,,,,,,,,,,,,,1.173616,0.041165,1.190197,0.043850,0.000000,0.000000,-0.287320,,0.034975,0.000000,,,,0.035076,0.130414,1.500000,43.720951,12.822356,0.000000,circle,预设轨迹15,forward
1775479011.460966,38.178000,1775479021.961316|完整运动,完整运动,circle_orbit,1,1.000000,1.500000,1.500000,,,,,,,,,,,,,,,,1.173807,0.044460,1.185241,0.069170,0.000000,0.000000,-0.283176,,0.040110,0.000000,,,,0.037877,0.130435,1.500000,43.793608,12.749698,0.000000,circle,预设轨迹15,forward
1775479011.481391,38.198425,1775479021.961316|完整运动,完整运动,circle_orbit,1,1.000000,1.500000,1.500000,,,,,,,,,,,,,,,,1.173966,0.045848,1.183491,0.056255,0.000000,0.000000,-0.281595,,0.041983,0.000000,,,,0.039054,0.130453,1.500000,43.818011,12.725295,0.000000,circle,预设轨迹15,forward
1775479011.513309,38.230343,1775479021.961316|完整运动,完整运动,circle_orbit,1,1.000000,1.500000,1.500000,,,,,,,,,,,,,,,,1.174122,0.046093,1.183491,0.047930,0.000000,0.000000,-0.281595,,0.041983,0.000000,,,,0.039257,0.130470,1.500000,43.818011,12.725295,0.000000,circle,预设轨迹15,forward
1775479011.536288,38.253322,1775479021.961316|完整运动,完整运动,circle_orbit,1,1.000000,1.500000,1.500000,,,,,,,,,,,,,,,,1.174197,0.048533,1.178719,0.066838,0.000000,0.000000,-0.278513,,0.046559,0.000000,,,,0.041333,0.130479,1.500000,43.867045,12.676261,0.000000,circle,预设轨迹15,forward
1775479011.556635,38.273669,1775479021.961316|完整运动,完整运动,circle_orbit,1,1.000000,1.500000,1.500000,,,,,,,,,,,,,,,,1.174237,0.049631,1.176600,0.057861,0.000000,0.000000,-0.277245,,0.048556,0.000000,,,,0.042266,0.130483,1.500000,43.891348,12.651958,0.000000,circle,预设轨迹15,forward
1775479011.588036,38.305070,1775479021.961316|完整运动,完整运动,circle_orbit,1,1.000000,1.500000,1.500000,,,,,,,,,,,,,,,,1.174211,0.051607,1.172709,0.066429,0.000000,0.000000,-0.274717,,0.052324,0.000000,,,,0.043950,0.130480,1.500000,43.939947,12.603359,0.000000,circle,预设轨迹15,forward
1775479011.619509,38.336543,1775479021.961316|完整运动,完整运动,circle_orbit,1,1.000000,1.500000,1.500000,,,,,,,,,,,,,,,,1.174151,0.052700,1.170545,0.060899,0.000000,0.000000,-0.273378,,0.054396,0.000000,,,,0.044884,0.130474,1.500000,43.964436,12.578871,0.000000,circle,预设轨迹15,forward
1775479011.640080,38.357115,1775479021.961316|完整运动,完整运动,circle_orbit,1,1.000000,1.500000,1.500000,,,,,,,,,,,,,,,,1.174032,0.054942,1.166877,0.071756,0.000000,0.000000,-0.270398,,0.058238,0.000000,,,,0.046798,0.130460,1.500000,44.013041,12.530265,0.000000,circle,预设轨迹15,forward
1775479011.663365,38.380399,1775479021.961316|完整运动,完整运动,circle_orbit,1,1.000000,1.500000,1.500000,,,,,,,,,,,,,,,,1.173881,0.056185,1.164833,0.065512,0.000000,0.000000,-0.268758,,0.060377,0.000000,,,,0.047863,0.130444,1.500000,44.036987,12.506319,0.000000,circle,预设轨迹15,forward
1775479011.685374,38.402408,1775479021.961316|完整运动,完整运动,circle_orbit,1,1.000000,1.500000,1.500000,,,,,,,,,,,,,,,,1.173702,0.057479,1.162942,0.067185,0.000000,0.000000,-0.267026,,0.062456,0.000000,,,,0.048973,0.130424,1.500000,44.060853,12.482453,0.000000,circle,预设轨迹15,forward
1775479011.705690,38.422724,1775479021.961316|完整运动,完整运动,circle_orbit,1,1.000000,1.500000,1.500000,,,,,,,,,,,,,,,,1.173491,0.058777,1.160841,0.068507,0.000000,0.000000,-0.265264,,0.064698,0.000000,,,,0.050087,0.130400,1.500000,44.084946,12.458361,0.000000,circle,预设轨迹15,forward
1775479011.735943,38.452977,1775479021.961316|完整运动,完整运动,circle_orbit,1,1.000000,1.500000,1.500000,,,,,,,,,,,,,,,,1.173255,0.060106,1.159087,0.070078,0.000000,0.000000,-0.263433,,0.066734,0.000000,,,,0.051230,0.130374,1.500000,44.109057,12.434249,0.000000,circle,预设轨迹15,forward
1775479011.773208,38.490242,1775479021.961316|完整运动,完整运动,circle_orbit,1,1.000000,1.500000,1.500000,,,,,,,,,,,,,,,,1.173001,0.061434,1.157778,0.071392,0.000000,0.000000,-0.261575,,0.068474,0.000000,,,,0.052373,0.130346,1.500000,44.133098,12.410209,0.000000,circle,预设轨迹15,forward
1775479011.798064,38.515099,1775479021.961316|完整运动,完整运动,circle_orbit,1,1.000000,1.500000,1.500000,,,,,,,,,,,,,,,,1.172711,0.064070,1.155263,0.083842,0.000000,0.000000,-0.257838,,0.071898,0.000000,,,,0.054634,0.130314,1.500000,44.181046,12.362260,0.000000,circle,预设轨迹15,forward
1775479011.829369,38.546403,1775479021.961316|完整运动,完整运动,circle_orbit,1,1.000000,1.500000,1.500000,,,,,,,,,,,,,,,,1.172375,0.066653,1.152255,0.086022,0.000000,0.000000,-0.254088,,0.075683,0.000000,,,,0.056853,0.130276,1.500000,44.229415,12.313892,0.000000,circle,预设轨迹15,forward
1775479011.851907,38.568941,1775479021.961316|完整运动,完整运动,circle_orbit,1,1.000000,1.500000,1.500000,,,,,,,,,,,,,,,,1.172033,0.067992,1.151522,0.078032,0.000000,0.000000,-0.252012,,0.077124,0.000000,,,,0.058012,0.130238,1.500000,44.253636,12.289671,0.000000,circle,预设轨迹15,forward
1775479011.878436,38.595470,1775479021.961316|完整运动,完整运动,circle_orbit,1,1.000000,1.500000,1.500000,,,,,,,,,,,,,,,,1.171697,0.069539,1.151538,0.081146,0.000000,0.000000,-0.249616,,0.078177,0.000000,,,,0.059349,0.130201,1.500000,44.277846,12.265461,0.000000,circle,预设轨迹15,forward
1775479011.899605,38.616639,1775479021.961316|完整运动,完整运动,circle_orbit,1,1.000000,1.500000,1.500000,,,,,,,,,,,,,,,,1.171360,0.071117,1.151133,0.082949,0.000000,0.000000,-0.247144,,0.079563,0.000000,,,,0.060713,0.130163,1.500000,44.301957,12.241350,0.000000,circle,预设轨迹15,forward
1775479011.921728,38.638762,1775479021.961316|完整运动,完整运动,circle_orbit,1,1.000000,1.500000,1.500000,,,,,,,,,,,,,,,,1.171029,0.072813,1.151186,0.085535,0.000000,0.000000,-0.244468,,0.080715,0.000000,,,,0.062179,0.130127,1.500000,44.326051,12.217255,0.000000,circle,预设轨迹15,forward
1775479011.946535,38.663569,1775479021.961316|完整运动,完整运动,circle_orbit,1,1.000000,1.500000,1.500000,,,,,,,,,,,,,,,,1.170667,0.076165,1.148891,0.101307,0.000000,0.000000,-0.239409,,0.084591,0.000000,,,,0.065061,0.130086,1.500000,44.374622,12.168684,0.000000,circle,预设轨迹15,forward
1775479011.967123,38.684157,1775479021.961316|完整运动,完整运动,circle_orbit,1,1.000000,1.500000,1.500000,,,,,,,,,,,,,,,,1.170289,0.077436,1.147643,0.086964,0.000000,0.000000,-0.237180,,0.086468,0.000000,,,,0.066168,0.130044,1.500000,44.398838,12.144469,0.000000,circle,预设轨迹15,forward
1775479011.990301,38.707335,1775479021.961316|完整运动,完整运动,circle_orbit,1,1.000000,1.500000,1.500000,,,,,,,,,,,,,,,,1.169907,0.078667,1.147005,0.087899,0.000000,0.000000,-0.234996,,0.087894,0.000000,,,,0.067242,0.130002,1.500000,44.423296,12.120010,0.000000,circle,预设轨迹15,forward
1775479012.011474,38.728508,1775479021.961316|完整运动,完整运动,circle_orbit,1,1.000000,1.500000,1.500000,,,,,,,,,,,,,,,,1.169520,0.079923,1.146282,0.089350,0.000000,0.000000,-0.232765,,0.089401,0.000000,,,,0.068339,0.129959,1.500000,44.447667,12.095639,0.000000,circle,预设轨迹15,forward
1775479012.032075,38.749109,1775479021.961316|完整运动,完整运动,circle_orbit,1,1.000000,1.500000,1.500000,,,,,,,,,,,,,,,,1.169131,0.081263,1.145814,0.091310,0.000000,0.000000,-0.230403,,0.090784,0.000000,,,,0.069507,0.129916,1.500000,44.472342,12.070965,0.000000,circle,预设轨迹15,forward
1775479012.061017,38.778051,1775479021.961316|完整运动,完整运动,circle_orbit,1,1.000000,1.500000,1.500000,,,,,,,,,,,,,,,,1.168739,0.082597,1.145208,0.092604,0.000000,0.000000,-0.228032,,0.092271,0.000000,,,,0.070672,0.129872,1.500000,44.496886,12.046421,0.000000,circle,预设轨迹15,forward
1775479012.084183,38.801217,1775479021.961316|完整运动,完整运动,circle_orbit,1,1.000000,1.500000,1.500000,,,,,,,,,,,,,,,,1.168341,0.085725,1.144448,0.109184,0.000000,0.000000,-0.223099,,0.095008,0.000000,,,,0.073373,0.129828,1.500000,44.545494,11.997813,0.000000,circle,预设轨迹15,forward
1775479012.106030,38.823064,1775479021.961316|完整运动,完整运动,circle_orbit,1,1.000000,1.500000,1.500000,,,,,,,,,,,,,,,,1.167938,0.087109,1.143760,0.097484,0.000000,0.000000,-0.220530,,0.096642,0.000000,,,,0.074583,0.129783,1.500000,44.569516,11.973791,0.000000,circle,预设轨迹15,forward
1775479012.134735,38.851769,1775479021.961316|完整运动,完整运动,circle_orbit,1,1.000000,1.500000,1.500000,,,,,,,,,,,,,,,,1.167526,0.088494,1.142808,0.098885,0.000000,0.000000,-0.217943,,0.098475,0.000000,,,,0.075796,0.129737,1.500000,44.593711,11.949595,0.000000,circle,预设轨迹15,forward
1775479012.156189,38.873223,1775479021.961316|完整运动,完整运动,circle_orbit,1,1.000000,1.500000,1.500000,,,,,,,,,,,,,,,,1.167111,0.089913,1.142199,0.100559,0.000000,0.000000,-0.215291,,0.100091,0.000000,,,,0.077039,0.129691,1.500000,44.617812,11.925495,0.000000,circle,预设轨迹15,forward
1775479012.177532,38.894566,1775479021.961316|完整运动,完整运动,circle_orbit,1,1.000000,1.500000,1.500000,,,,,,,,,,,,,,,,1.166701,0.091354,1.142078,0.102160,0.000000,0.000000,-0.212589,,0.101379,0.000000,,,,0.078301,0.129646,1.500000,44.641970,11.901336,0.000000,circle,预设轨迹15,forward
1775479012.202909,38.919943,1775479021.961316|完整运动,完整运动,circle_orbit,1,1.000000,1.500000,1.500000,,,,,,,,,,,,,,,,1.166303,0.092796,1.142464,0.103613,0.000000,0.000000,-0.209862,,0.102314,0.000000,,,,0.079565,0.129602,1.500000,44.665995,11.877312,0.000000,circle,预设轨迹15,forward
1775479012.224744,38.941778,1775479021.961316|完整运动,完整运动,circle_orbit,1,1.000000,1.500000,1.500000,,,,,,,,,,,,,,,,1.165936,0.096344,1.143925,0.122949,0.000000,0.000000,-0.204123,,0.103817,0.000000,,,,0.082632,0.129561,1.500000,44.713811,11.829496,0.000000,circle,预设轨迹15,forward
1775479012.245365,38.962399,1775479021.961316|完整运动,完整运动,circle_orbit,1,1.000000,1.500000,1.500000,,,,,,,,,,,,,,,,1.165575,0.097748,1.143905,0.108279,0.000000,0.000000,-0.201294,,0.105089,0.000000,,,,0.083862,0.129521,1.500000,44.737881,11.805425,0.000000,circle,预设轨迹15,forward
1775479012.274583,38.991617,1775479021.961316|完整运动,完整运动,circle_orbit,1,1.000000,1.500000,1.500000,,,,,,,,,,,,,,,,1.165224,0.099152,1.144126,0.109682,0.000000,0.000000,-0.198451,,0.106194,0.000000,,,,0.085093,0.129482,1.500000,44.761882,11.781424,0.000000,circle,预设轨迹15,forward
1775479012.314436,39.031471,1775479021.961316|完整运动,完整运动,circle_orbit,1,1.000000,1.500000,1.500000,,,,,,,,,,,,,,,,1.164891,0.100641,1.144929,0.111812,0.000000,0.000000,-0.195470,,0.106945,0.000000,,,,0.086396,0.129445,1.500000,44.785821,11.757486,0.000000,circle,预设轨迹15,forward
1775479012.337490,39.054524,1775479021.961316|完整运动,完整运动,circle_orbit,1,1.000000,1.500000,1.500000,,,,,,,,,,,,,,,,1.164600,0.104500,1.147131,0.133437,0.000000,0.000000,-0.189104,,0.108202,0.000000,,,,0.089730,0.129412,1.500000,44.833443,11.709864,0.000000,circle,预设轨迹15,forward
1775479012.359673,39.076707,1775479021.961316|完整运动,完整运动,circle_orbit,1,1.000000,1.500000,1.500000,,,,,,,,,,,,,,,,1.164335,0.108373,1.148432,0.137419,0.000000,0.000000,-0.182573,,0.110179,0.000000,,,,0.093077,0.129383,1.500000,44.881140,11.662167,0.000000,circle,预设轨迹15,forward
1775479012.389330,39.106364,1775479021.961316|完整运动,完整运动,circle_orbit,1,1.000000,1.500000,1.500000,,,,,,,,,,,,,,,,1.164086,0.109658,1.149183,0.119301,0.000000,0.000000,-0.179576,,0.110978,0.000000,,,,0.094201,0.129355,1.500000,44.904943,11.638363,0.000000,circle,预设轨迹15,forward
1775479012.417851,39.134885,1775479021.961316|完整运动,完整运动,circle_orbit,1,1.000000,1.500000,1.500000,,,,,,,,,,,,,,,,1.163851,0.110907,1.149725,0.120277,0.000000,0.000000,-0.176633,,0.111901,0.000000,,,,0.095294,0.129329,1.500000,44.928763,11.614543,0.000000,circle,预设轨迹15,forward
1775479012.438615,39.155649,1775479021.961316|完整运动,完整运动,circle_orbit,1,1.000000,1.500000,1.500000,,,,,,,,,,,,,,,,1.163656,0.114371,1.151992,0.140346,0.000000,0.000000,-0.170550,,0.113001,0.000000,,,,0.098286,0.129307,1.500000,44.976595,11.566712,0.000000,circle,预设轨迹15,forward
1775479012.465756,39.182790,1775479021.961316|完整运动,完整运动,circle_orbit,1,1.000000,1.500000,1.500000,,,,,,,,,,,,,,,,1.163465,0.113467,1.151992,0.106687,0.000000,0.000000,-0.170550,,0.113001,0.000000,,,,0.097525,0.129286,1.500000,44.976595,11.566712,0.000000,circle,预设轨迹15,forward
1775479012.495039,39.212073,1775479021.961316|完整运动,完整运动,circle_orbit,1,1.000000,1.500000,1.500000,,,,,,,,,,,,,,,,1.163318,0.117016,1.154479,0.143632,0.000000,0.000000,-0.164346,,0.114005,0.000000,,,,0.100588,0.129270,1.500000,45.024381,11.518925,0.000000,circle,预设轨迹15,forward
1775479012.516146,39.233181,1775479021.961316|完整运动,完整运动,circle_orbit,1,1.000000,1.500000,1.500000,,,,,,,,,,,,,,,,1.163198,0.118280,1.155972,0.127765,0.000000,0.000000,-0.161261,,0.114327,0.000000,,,,0.101686,0.129256,1.500000,45.047969,11.495337,0.000000,circle,预设轨迹15,forward
1775479012.538450,39.255484,1775479021.961316|完整运动,完整运动,circle_orbit,1,1.000000,1.500000,1.500000,,,,,,,,,,,,,,,,1.163118,0.121792,1.158341,0.148128,0.000000,0.000000,-0.154987,,0.115457,0.000000,,,,0.104712,0.129248,1.500000,45.095320,11.447986,0.000000,circle,预设轨迹15,forward
1775479012.568041,39.285075,1775479021.961316|完整运动,完整运动,circle_orbit,1,1.000000,1.500000,1.500000,,,,,,,,,,,,,,,,1.163040,0.120801,1.158341,0.113369,0.000000,0.000000,-0.154987,,0.115457,0.000000,,,,0.103867,0.129239,1.500000,45.095320,11.447986,0.000000,circle,预设轨迹15,forward
1775479012.590898,39.307932,1775479021.961316|完整运动,完整运动,circle_orbit,1,1.000000,1.500000,1.500000,,,,,,,,,,,,,,,,1.163004,0.124320,1.160892,0.150711,0.000000,0.000000,-0.148709,,0.116470,0.000000,,,,0.106895,0.129235,1.500000,45.142539,11.400768,0.000000,circle,预设轨迹15,forward
1775479012.611635,39.328670,1775479021.961316|完整运动,完整运动,circle_orbit,1,1.000000,1.500000,1.500000,,,,,,,,,,,,,,,,1.163003,0.125553,1.162916,0.134806,0.000000,0.000000,-0.145550,,0.116468,0.000000,,,,0.107956,0.129235,1.500000,45.165939,11.377368,0.000000,circle,预设轨迹15,forward
1775479012.647028,39.364062,1775479021.961316|完整运动,完整运动,circle_orbit,1,1.000000,1.500000,1.500000,,,,,,,,,,,,,,,,1.163065,0.129083,1.166810,0.155554,0.000000,0.000000,-0.139133,,0.116630,0.000000,,,,0.110985,0.129242,1.500000,45.212752,11.330555,0.000000,circle,预设轨迹15,forward
1775479012.681499,39.398533,1775479021.961316|完整运动,完整运动,circle_orbit,1,1.000000,1.500000,1.500000,,,,,,,,,,,,,,,,1.163159,0.130301,1.168788,0.139440,0.000000,0.000000,-0.135877,,0.116718,0.000000,,,,0.112024,0.129252,1.500000,45.236208,11.307099,0.000000,circle,预设轨迹15,forward
1775479012.706875,39.423909,1775479021.961316|完整运动,完整运动,circle_orbit,1,1.000000,1.500000,1.500000,,,,,,,,,,,,,,,,1.163280,0.131474,1.170534,0.140266,0.000000,0.000000,-0.132693,,0.116936,0.000000,,,,0.113020,0.129266,1.500000,45.259782,11.283525,0.000000,circle,预设轨迹15,forward
1775479012.727293,39.444327,1775479021.961316|完整运动,完整运动,circle_orbit,1,1.000000,1.500000,1.500000,,,,,,,,,,,,,,,,1.163491,0.134929,1.176164,0.160845,0.000000,0.000000,-0.126271,,0.115957,0.000000,,,,0.115969,0.129289,1.500000,45.306929,11.236377,0.000000,circle,预设轨迹15,forward
1775479012.756483,39.473517,1775479021.961316|完整运动,完整运动,circle_orbit,1,1.000000,1.500000,1.500000,,,,,,,,,,,,,,,,1.163747,0.136293,1.179100,0.146523,0.000000,0.000000,-0.122701,,0.115559,0.000000,,,,0.117116,0.129317,1.500000,45.330551,11.212755,0.000000,circle,预设轨迹15,forward
1775479012.790811,39.507845,1775479021.961316|完整运动,完整运动,circle_orbit,1,1.000000,1.500000,1.500000,,,,,,,,,,,,,,,,1.164085,0.140004,1.184329,0.167835,0.000000,0.000000,-0.115796,,0.115117,0.000000,,,,0.120270,0.129355,1.500000,45.377450,11.165857,0.000000,circle,预设轨迹15,forward
1775479012.812200,39.529234,1775479021.961316|完整运动,完整运动,circle_orbit,1,1.000000,1.500000,1.500000,,,,,,,,,,,,,,,,1.164461,0.141164,1.187035,0.149865,0.000000,0.000000,-0.112388,,0.114828,0.000000,,,,0.121227,0.129397,1.500000,45.400931,11.142376,0.000000,circle,预设轨迹15,forward
1775479012.833191,39.550225,1775479021.961316|完整运动,完整运动,circle_orbit,1,1.000000,1.500000,1.500000,,,,,,,,,,,,,,,,1.164871,0.142239,1.189478,0.150298,0.000000,0.000000,-0.109117,,0.114660,0.000000,,,,0.122107,0.129442,1.500000,45.424583,11.118723,0.000000,circle,预设轨迹15,forward
1775479012.862039,39.579073,1775479021.961316|完整运动,完整运动,circle_orbit,1,1.000000,1.500000,1.500000,,,,,,,,,,,,,,,,1.165318,0.143264,1.192143,0.150951,0.000000,0.000000,-0.105934,,0.114312,0.000000,,,,0.122940,0.129492,1.500000,45.448233,11.095074,0.000000,circle,预设轨迹15,forward
1775479012.882621,39.599655,1775479021.961316|完整运动,完整运动,circle_orbit,1,1.000000,1.500000,1.500000,,,,,,,,,,,,,,,,1.165845,0.146672,1.197490,0.172236,0.000000,0.000000,-0.099381,,0.113714,0.000000,,,,0.125808,0.129551,1.500000,45.495647,11.047660,0.000000,circle,预设轨迹15,forward
1775479012.907483,39.624517,1775479021.961316|完整运动,完整运动,circle_orbit,1,1.000000,1.500000,1.500000,,,,,,,,,,,,,,,,1.166364,0.145390,1.197490,0.135773,0.000000,0.000000,-0.099381,,0.113714,0.000000,,,,0.124652,0.129608,1.500000,45.495647,11.047660,0.000000,circle,预设轨迹15,forward
1775479012.939706,39.656740,1775479021.961316|完整运动,完整运动,circle_orbit,1,1.000000,1.500000,1.500000,,,,,,,,,,,,,,,,1.166959,0.148709,1.202657,0.173601,0.000000,0.000000,-0.092988,,0.113192,0.000000,,,,0.127433,0.129674,1.500000,45.542680,11.000626,0.000000,circle,预设轨迹15,forward
1775479012.961992,39.679026,1775479021.961316|完整运动,完整运动,circle_orbit,1,1.000000,1.500000,1.500000,,,,,,,,,,,,,,,,1.167629,0.151699,1.207822,0.174123,0.000000,0.000000,-0.086949,,0.112543,0.000000,,,,0.129920,0.129749,1.500000,45.589577,10.953729,0.000000,circle,预设轨迹15,forward
1775479012.983538,39.700572,1775479021.961316|完整运动,完整运动,circle_orbit,1,1.000000,1.500000,1.500000,,,,,,,,,,,,,,,,1.168338,0.152512,1.210892,0.158608,0.000000,0.000000,-0.083913,,0.111924,0.000000,,,,0.130537,0.129828,1.500000,45.613146,10.930161,0.000000,circle,预设轨迹15,forward
1775479013.013231,39.730265,1775479021.961316|完整运动,完整运动,circle_orbit,1,1.000000,1.500000,1.500000,,,,,,,,,,,,,,,,1.169087,0.153338,1.213990,0.159532,0.000000,0.000000,-0.080888,,0.111293,0.000000,,,,0.131160,0.129911,1.500000,45.636629,10.906678,0.000000,circle,预设轨迹15,forward
1775479013.036577,39.753611,1775479021.961316|完整运动,完整运动,circle_orbit,1,1.000000,1.500000,1.500000,,,,,,,,,,,,,,,,1.169879,0.154206,1.217428,0.160723,0.000000,0.000000,-0.077830,,0.110472,0.000000,,,,0.131814,0.129999,1.500000,45.659965,10.883341,0.000000,circle,预设轨迹15,forward
1775479013.057241,39.774276,1775479021.961316|完整运动,完整运动,circle_orbit,1,1.000000,1.500000,1.500000,,,,,,,,,,,,,,,,1.170718,0.155102,1.221064,0.161821,0.000000,0.000000,-0.074753,,0.109546,0.000000,,,,0.132485,0.130092,1.500000,45.683253,10.860053,0.000000,circle,预设轨迹15,forward
1775479013.086748,39.803782,1775479021.961316|完整运动,完整运动,circle_orbit,1,1.000000,1.500000,1.500000,,,,,,,,,,,,,,,,1.171667,0.158300,1.228593,0.182280,0.000000,0.000000,-0.068420,,0.107656,0.000000,,,,0.135106,0.130198,1.500000,45.729875,10.813432,0.000000,circle,预设轨迹15,forward
1775479013.108054,39.825088,1775479021.961316|完整运动,完整运动,circle_orbit,1,1.000000,1.500000,1.500000,,,,,,,,,,,,,,,,1.172666,0.159157,1.232629,0.165588,0.000000,0.000000,-0.065303,,0.106543,0.000000,,,,0.135722,0.130309,1.500000,45.753243,10.790063,0.000000,circle,预设轨迹15,forward
1775479013.130538,39.847572,1775479021.961316|完整运动,完整运动,circle_orbit,1,1.000000,1.500000,1.500000,,,,,,,,,,,,,,,,1.173711,0.159929,1.236398,0.165719,0.000000,0.000000,-0.062330,,0.105546,0.000000,,,,0.136259,0.130425,1.500000,45.776656,10.766651,0.000000,circle,预设轨迹15,forward
1775479013.167935,39.884969,1775479021.961316|完整运动,完整运动,circle_orbit,1,1.000000,1.500000,1.500000,,,,,,,,,,,,,,,,1.174864,0.163054,1.244040,0.186487,0.000000,0.000000,-0.056036,,0.103686,0.000000,,,,0.138785,0.130553,1.500000,45.824209,10.719097,0.000000,circle,预设轨迹15,forward
1775479013.204022,39.921056,1775479021.961316|完整运动,完整运动,circle_orbit,1,1.000000,1.500000,1.500000,,,,,,,,,,,,,,,,1.176066,0.164058,1.248178,0.171590,0.000000,0.000000,-0.052651,,0.102692,0.000000,,,,0.139497,0.130686,1.500000,45.847973,10.695334,0.000000,circle,预设轨迹15,forward
1775479013.225087,39.942121,1775479021.961316|完整运动,完整运动,circle_orbit,1,1.000000,1.500000,1.500000,,,,,,,,,,,,,,,,1.177391,0.167383,1.256883,0.192319,0.000000,0.000000,-0.045981,,0.100455,0.000000,,,,0.142164,0.130834,1.500000,45.895486,10.647820,0.000000,circle,预设轨迹15,forward
1775479013.245360,39.962394,1775479021.961316|完整运动,完整运动,circle_orbit,1,1.000000,1.500000,1.500000,,,,,,,,,,,,,,,,1.178778,0.168318,1.262031,0.175332,0.000000,0.000000,-0.042593,,0.098919,0.000000,,,,0.142790,0.130988,1.500000,45.919280,10.624027,0.000000,circle,预设轨迹15,forward
1775479013.276622,39.993656,1775479021.961316|完整运动,完整运动,circle_orbit,1,1.000000,1.500000,1.500000,,,,,,,,,,,,,,,,1.180215,0.169357,1.266432,0.177151,0.000000,0.000000,-0.039080,,0.097898,0.000000,,,,0.143497,0.131147,1.500000,45.943303,10.600004,0.000000,circle,预设轨迹15,forward
1775479013.306254,40.023288,1775479021.961316|完整运动,完整运动,circle_orbit,1,1.000000,1.500000,1.500000,,,,,,,,,,,,,,,,1.181772,0.172785,1.275195,0.198496,0.000000,0.000000,-0.032186,,0.095876,0.000000,,,,0.146208,0.131320,1.500000,45.991394,10.551913,0.000000,circle,预设轨迹15,forward
1775479013.326683,40.043717,1775479021.961316|完整运动,完整运动,circle_orbit,1,1.000000,1.500000,1.500000,,,,,,,,,,,,,,,,1.183377,0.173592,1.279678,0.179642,0.000000,0.000000,-0.028901,,0.094760,0.000000,,,,0.146692,0.131499,1.500000,46.015205,10.528101,0.000000,circle,预设轨迹15,forward
1775479013.350278,40.067312,1775479021.961316|完整运动,完整运动,circle_orbit,1,1.000000,1.500000,1.500000,,,,,,,,,,,,,,,,1.185015,0.174344,1.283277,0.179988,0.000000,0.000000,-0.025728,,0.094116,0.000000,,,,0.147124,0.131681,1.500000,46.039105,10.504202,0.000000,circle,预设轨迹15,forward
1775479013.372072,40.089107,1775479021.961316|完整运动,完整运动,circle_orbit,1,1.000000,1.500000,1.500000,,,,,,,,,,,,,,,,1.186683,0.175061,1.286745,0.180438,0.000000,0.000000,-0.022639,,0.093520,0.000000,,,,0.147522,0.131866,1.500000,46.063104,10.480203,0.000000,circle,预设轨迹15,forward
1775479013.392725,40.109759,1775479021.961316|完整运动,完整运动,circle_orbit,1,1.000000,1.500000,1.500000,,,,,,,,,,,,,,,,1.188387,0.175709,1.290614,0.180569,0.000000,0.000000,-0.019680,,0.092651,0.000000,,,,0.147855,0.132055,1.500000,46.087275,10.456032,0.000000,circle,预设轨迹15,forward
1775479013.423195,40.140229,1775479021.961316|完整运动,完整运动,circle_orbit,1,1.000000,1.500000,1.500000,,,,,,,,,,,,,,,,1.190224,0.178462,1.300488,0.199108,0.000000,0.000000,-0.013757,,0.089768,0.000000,,,,0.149940,0.132260,1.500000,46.135562,10.407745,0.000000,circle,预设轨迹15,forward
1775479013.452076,40.169110,1775479021.961316|完整运动,完整运动,circle_orbit,1,1.000000,1.500000,1.500000,,,,,,,,,,,,,,,,1.192120,0.179083,1.305882,0.183741,0.000000,0.000000,-0.010778,,0.088115,0.000000,,,,0.150222,0.132470,1.500000,46.159609,10.383698,0.000000,circle,预设轨迹15,forward
1775479013.472638,40.189672,1775479021.961316|完整运动,完整运动,circle_orbit,1,1.000000,1.500000,1.500000,,,,,,,,,,,,,,,,1.194073,0.179695,1.311263,0.184288,0.000000,0.000000,-0.007846,,0.086472,0.000000,,,,0.150489,0.132687,1.500000,46.183531,10.359776,0.000000,circle,预设轨迹15,forward
1775479013.496416,40.213450,1775479021.961316|完整运动,完整运动,circle_orbit,1,1.000000,1.500000,1.500000,,,,,,,,,,,,,,,,1.196088,0.180324,1.316942,0.185035,0.000000,0.000000,-0.004923,,0.084688,0.000000,,,,0.150761,0.132911,1.500000,46.207511,10.335795,0.000000,circle,预设轨迹15,forward
1775479013.517478,40.234512,1775479021.961316|完整运动,完整运动,circle_orbit,1,1.000000,1.500000,1.500000,,,,,,,,,,,,,,,,1.198246,0.183173,1.327748,0.204542,0.000000,0.000000,0.001136,,0.080578,0.000000,,,,0.152867,0.133151,1.500000,46.255492,10.287815,0.000000,circle,预设轨迹15,forward
1775479013.537923,40.254957,1775479021.961316|完整运动,完整运动,circle_orbit,1,1.000000,1.500000,1.500000,,,,,,,,,,,,,,,,1.200398,0.183860,1.329529,0.189012,0.000000,0.000000,0.004217,,0.078263,0.000000,,,,0.153166,0.133390,1.500000,46.279556,10.263751,0.000000,circle,预设轨迹15,forward
1775479013.566609,40.283643,1775479021.961316|完整运动,完整运动,circle_orbit,1,1.000000,1.500000,1.500000,,,,,,,,,,,,,,,,1.202515,0.182402,1.329529,0.171471,0.000000,0.000000,0.004217,,0.078263,0.000000,,,,0.151684,0.133625,1.500000,46.279556,10.263751,0.000000,circle,预设轨迹15,forward
1775479013.589845,40.306879,1775479021.961316|完整运动,完整运动,circle_orbit,1,1.000000,1.500000,1.500000,,,,,,,,,,,,,,,,1.204636,0.185338,1.331887,0.207358,0.000000,0.000000,0.010327,,0.074298,0.000000,,,,0.153854,0.133861,1.500000,46.327604,10.215702,0.000000,circle,预设轨迹15,forward
1775479013.610326,40.327360,1775479021.961316|完整运动,完整运动,circle_orbit,1,1.000000,1.500000,1.500000,,,,,,,,,,,,,,,,1.206731,0.185905,1.332441,0.190157,0.000000,0.000000,0.013173,,0.072740,0.000000,,,,0.154057,0.134094,1.500000,46.351717,10.191590,0.000000,circle,预设轨迹15,forward
1775479013.641667,40.358701,1775479021.961316|完整运动,完整运动,circle_orbit,1,1.000000,1.500000,1.500000,,,,,,,,,,,,,,,,1.208815,0.186466,1.333849,0.190676,0.000000,0.000000,0.015984,,0.070748,0.000000,,,,0.154256,0.134326,1.500000,46.375853,10.167453,0.000000,circle,预设轨迹15,forward
1775479013.669393,40.386427,1775479021.961316|完整运动,完整运动,circle_orbit,1,1.000000,1.500000,1.500000,,,,,,,,,,,,,,,,1.210913,0.189242,1.336780,0.210056,0.000000,0.000000,0.021923,,0.066568,0.000000,,,,0.156280,0.134559,1.500000,46.424456,10.118850,0.000000,circle,预设轨迹15,forward
1775479013.689768,40.406802,1775479021.961316|完整运动,完整运动,circle_orbit,1,1.000000,1.500000,1.500000,,,,,,,,,,,,,,,,1.213005,0.189933,1.338510,0.195117,0.000000,0.000000,0.024996,,0.064295,0.000000,,,,0.156581,0.134791,1.500000,46.448784,10.094522,0.000000,circle,预设轨迹15,forward
1775479013.713224,40.430258,1775479021.961316|完整运动,完整运动,circle_orbit,1,1.000000,1.500000,1.500000,,,,,,,,,,,,,,,,1.215085,0.190556,1.339878,0.195230,0.000000,0.000000,0.027951,,0.062266,0.000000,,,,0.156825,0.135022,1.500000,46.473074,10.070233,0.000000,circle,预设轨迹15,forward
1775479013.741505,40.458539,1775479021.961316|完整运动,完整运动,circle_orbit,1,1.000000,1.500000,1.500000,,,,,,,,,,,,,,,,1.217137,0.191157,1.340299,0.195664,0.000000,0.000000,0.030848,,0.060759,0.000000,,,,0.157055,0.135250,1.500000,46.497364,10.045942,0.000000,circle,预设轨迹15,forward
1775479013.761840,40.478874,1775479021.961316|完整运动,完整运动,circle_orbit,1,1.000000,1.500000,1.500000,,,,,,,,,,,,,,,,1.219163,0.193331,1.340731,0.209638,0.000000,0.000000,0.035960,,0.058262,0.000000,,,,0.158577,0.135475,1.500000,46.546203,9.997103,0.000000,circle,预设轨迹15,forward
1775479013.785642,40.502676,1775479021.961316|完整运动,完整运动,circle_orbit,1,1.000000,1.500000,1.500000,,,,,,,,,,,,,,,,1.221176,0.193478,1.341961,0.194583,0.000000,0.000000,0.038254,,0.056601,0.000000,,,,0.158436,0.135699,1.500000,46.570865,9.972442,0.000000,circle,预设轨迹15,forward
1775479013.813818,40.530852,1775479021.961316|完整运动,完整运动,circle_orbit,1,1.000000,1.500000,1.500000,,,,,,,,,,,,,,,,1.223186,0.193634,1.343744,0.194801,0.000000,0.000000,0.040510,,0.054671,0.000000,,,,0.158303,0.135922,1.500000,46.595425,9.947882,0.000000,circle,预设轨迹15,forward
1775479013.834227,40.551261,1775479021.961316|完整运动,完整运动,circle_orbit,1,1.000000,1.500000,1.500000,,,,,,,,,,,,,,,,1.225187,0.193729,1.345242,0.194437,0.000000,0.000000,0.042634,,0.052950,0.000000,,,,0.158122,0.136145,1.500000,46.620069,9.923238,0.000000,circle,预设轨迹15,forward
1775479013.858294,40.575328,1775479021.961316|完整运动,完整运动,circle_orbit,1,1.000000,1.500000,1.500000,,,,,,,,,,,,,,,,1.227191,0.193847,1.347433,0.194736,0.000000,0.000000,0.044746,,0.050878,0.000000,,,,0.157960,0.136367,1.500000,46.644630,9.898677,0.000000,circle,预设轨迹15,forward
1775479013.892543,40.609577,1775479021.961316|完整运动,完整运动,circle_orbit,1,1.000000,1.500000,1.500000,,,,,,,,,,,,,,,,1.229199,0.193944,1.349726,0.194674,0.000000,0.000000,0.046789,,0.048788,0.000000,,,,0.157781,0.136591,1.500000,46.669136,9.874171,0.000000,circle,预设轨迹15,forward
1775479013.913439,40.630473,1775479021.961316|完整运动,完整运动,circle_orbit,1,1.000000,1.500000,1.500000,,,,,,,,,,,,,,,,1.231257,0.195668,1.354717,0.208594,0.000000,0.000000,0.051111,,0.044308,0.000000,,,,0.158917,0.136819,1.500000,46.718069,9.825238,0.000000,circle,预设轨迹15,forward
1775479013.937338,40.654372,1775479021.961316|完整运动,完整运动,circle_orbit,1,1.000000,1.500000,1.500000,,,,,,,,,,,,,,,,1.233332,0.195879,1.357818,0.197462,0.000000,0.000000,0.053337,,0.041739,0.000000,,,,0.158821,0.137050,1.500000,46.742512,9.800795,0.000000,circle,预设轨迹15,forward
1775479013.962222,40.679256,1775479021.961316|完整运动,完整运动,circle_orbit,1,1.000000,1.500000,1.500000,,,,,,,,,,,,,,,,1.235427,0.196211,1.361136,0.198704,0.000000,0.000000,0.055703,,0.039004,0.000000,,,,0.158821,0.137283,1.500000,46.766943,9.776364,0.000000,circle,预设轨迹15,forward
1775479013.982527,40.699561,1775479021.961316|完整运动,完整运动,circle_orbit,1,1.000000,1.500000,1.500000,,,,,,,,,,,,,,,,1.237572,0.197865,1.366276,0.210271,0.000000,0.000000,0.059931,,0.034533,0.000000,,,,0.159882,0.137521,1.500000,46.815232,9.728075,0.000000,circle,预设轨迹15,forward
1775479014.010342,40.727376,1775479021.961316|完整运动,完整运动,circle_orbit,1,1.000000,1.500000,1.500000,,,,,,,,,,,,,,,,1.239734,0.197819,1.369465,0.197467,0.000000,0.000000,0.061791,,0.032109,0.000000,,,,0.159565,0.137761,1.500000,46.839197,9.704110,0.000000,circle,预设轨迹15,forward
1775479014.047043,40.764077,1775479021.961316|完整运动,完整运动,circle_orbit,1,1.000000,1.500000,1.500000,,,,,,,,,,,,,,,,1.241909,0.197719,1.372379,0.196975,0.000000,0.000000,0.063529,,0.029883,0.000000,,,,0.159206,0.138003,1.500000,46.863497,9.679810,0.000000,circle,预设轨迹15,forward
1775479014.072864,40.789898,1775479021.961316|完整运动,完整运动,circle_orbit,1,1.000000,1.500000,1.500000,,,,,,,,,,,,,,,,1.244161,0.198740,1.379317,0.206397,0.000000,0.000000,0.066823,,0.024982,0.000000,,,,0.159738,0.138253,1.500000,46.912739,9.630568,0.000000,circle,预设轨迹15,forward
1775479014.105734,40.822768,1775479021.961316|完整运动,完整运动,circle_orbit,1,1.000000,1.500000,1.500000,,,,,,,,,,,,,,,,1.246447,0.198615,1.383599,0.197672,0.000000,0.000000,0.068505,,0.022131,0.000000,,,,0.159344,0.138507,1.500000,46.937291,9.606016,0.000000,circle,预设轨迹15,forward
1775479014.126040,40.843074,1775479021.961316|完整运动,完整运动,circle_orbit,1,1.000000,1.500000,1.500000,,,,,,,,,,,,,,,,1.248786,0.199543,1.389119,0.206510,0.000000,0.000000,0.071646,,0.018043,0.000000,,,,0.159790,0.138767,1.500000,46.986534,9.556773,0.000000,circle,预设轨迹15,forward
1775479014.156696,40.873730,1775479021.961316|完整运动,完整运动,circle_orbit,1,1.000000,1.500000,1.500000,,,,,,,,,,,,,,,,1.251155,0.199304,1.393270,0.197511,0.000000,0.000000,0.073140,,0.015368,0.000000,,,,0.159296,0.139030,1.500000,47.011241,9.532066,0.000000,circle,预设轨迹15,forward
1775479014.186972,40.904006,1775479021.961316|完整运动,完整运动,circle_orbit,1,1.000000,1.500000,1.500000,,,,,,,,,,,,,,,,1.253537,0.199020,1.396495,0.196885,0.000000,0.000000,0.074519,,0.013201,0.000000,,,,0.158766,0.139295,1.500000,47.036323,9.506984,0.000000,circle,预设轨迹15,forward
1775479014.210327,40.927361,1775479021.961316|完整运动,完整运动,circle_orbit,1,1.000000,1.500000,1.500000,,,,,,,,,,,,,,,,1.256005,0.199601,1.404066,0.203962,0.000000,0.000000,0.077085,,0.008440,0.000000,,,,0.158917,0.139569,1.500000,47.086517,9.456789,0.000000,circle,预设轨迹15,forward
1775479014.231371,40.948405,1775479021.961316|完整运动,完整运动,circle_orbit,1,1.000000,1.500000,1.500000,,,,,,,,,,,,,,,,1.258499,0.199180,1.408118,0.196018,0.000000,0.000000,0.078226,,0.006012,0.000000,,,,0.158268,0.139846,1.500000,47.111585,9.431722,0.000000,circle,预设轨迹15,forward
1775479014.259118,40.976152,1775479021.961316|完整运动,完整运动,circle_orbit,1,1.000000,1.500000,1.500000,,,,,,,,,,,,,,,,1.261017,0.198623,1.412120,0.194450,0.000000,0.000000,0.079118,,0.003729,0.000000,,,,0.157510,0.140126,1.500000,47.136258,9.407049,0.000000,circle,预设轨迹15,forward
1775479014.281121,40.998155,1775479021.961316|完整运动,完整运动,circle_orbit,1,1.000000,1.500000,1.500000,,,,,,,,,,,,,,,,1.263582,0.198545,1.417461,0.197958,0.000000,0.000000,0.080636,,-0.000552,0.000000,,,,0.157129,0.140411,1.500000,47.186079,9.357227,0.000000,circle,预设轨迹15,forward
1775479014.302044,41.019078,1775479021.961316|完整运动,完整运动,circle_orbit,1,1.000000,1.500000,1.500000,,,,,,,,,,,,,,,,1.266007,0.197843,1.411542,0.192580,0.000000,0.000000,0.081238,,-0.003058,0.000000,,,,0.156273,0.140681,1.500000,47.211223,9.332084,0.000000,circle,预设轨迹15,forward
1775479014.342249,41.059283,1775479021.961316|完整运动,完整运动,circle_orbit,1,1.000000,1.500000,1.500000,,,,,,,,,,,,,,,,1.268284,0.197264,1.404891,0.192923,0.000000,0.000000,0.081953,,-0.005885,0.000000,,,,0.155536,0.140934,1.500000,47.236319,9.306988,0.000000,circle,预设轨迹15,forward
1775479014.375520,41.092554,1775479021.961316|完整运动,完整运动,circle_orbit,1,1.000000,1.500000,1.500000,,,,,,,,,,,,,,,,1.270304,0.197161,1.391481,0.196383,0.000000,0.000000,0.083306,,-0.011714,0.000000,,,,0.155208,0.141158,1.500000,47.286236,9.257071,0.000000,circle,预设轨迹15,forward
1775479014.397347,41.114381,1775479021.961316|完整运动,完整运动,circle_orbit,1,1.000000,1.500000,1.500000,,,,,,,,,,,,,,,,1.272175,0.196575,1.384476,0.192186,0.000000,0.000000,0.083954,,-0.014835,0.000000,,,,0.154519,0.141366,1.500000,47.311025,9.232282,0.000000,circle,预设轨迹15,forward
1775479014.417638,41.134672,1775479021.961316|完整运动,完整运动,circle_orbit,1,1.000000,1.500000,1.500000,,,,,,,,,,,,,,,,1.273808,0.196524,1.371767,0.196138,0.000000,0.000000,0.085327,,-0.020499,0.000000,,,,0.154281,0.141548,1.500000,47.360918,9.182388,0.000000,circle,预设轨迹15,forward
1775479014.446982,41.164016,1775479021.961316|完整运动,完整运动,circle_orbit,1,1.000000,1.500000,1.500000,,,,,,,,,,,,,,,,1.275414,0.195525,1.371767,0.188028,0.000000,0.000000,0.085327,,-0.020499,0.000000,,,,0.153303,0.141726,1.500000,47.360918,9.182388,0.000000,circle,预设轨迹15,forward
1775479014.475766,41.192801,1775479021.961316|完整运动,完整运动,circle_orbit,1,1.000000,1.500000,1.500000,,,,,,,,,,,,,,,,1.276821,0.195378,1.361241,0.194283,0.000000,0.000000,0.086483,,-0.025269,0.000000,,,,0.153019,0.141882,1.500000,47.410667,9.132639,0.000000,circle,预设轨迹15,forward
1775479014.496152,41.213186,1775479021.961316|完整运动,完整运动,circle_orbit,1,1.000000,1.500000,1.500000,,,,,,,,,,,,,,,,1.278133,0.194605,1.356836,0.188805,0.000000,0.000000,0.086731,,-0.027395,0.000000,,,,0.152257,0.142028,1.500000,47.435584,9.107723,0.000000,circle,预设轨迹15,forward
1775479014.518037,41.235071,1775479021.961316|完整运动,完整运动,circle_orbit,1,1.000000,1.500000,1.500000,,,,,,,,,,,,,,,,1.279348,0.193735,1.352288,0.187206,0.000000,0.000000,0.086791,,-0.029692,0.000000,,,,0.151432,0.142163,1.500000,47.460508,9.082798,0.000000,circle,预设轨迹15,forward
1775479014.546432,41.263467,1775479021.961316|完整运动,完整运动,circle_orbit,1,1.000000,1.500000,1.500000,,,,,,,,,,,,,,,,1.280406,0.192756,1.343893,0.185415,0.000000,0.000000,0.086655,,-0.034083,0.000000,,,,0.150543,0.142281,1.500000,47.510728,9.032579,0.000000,circle,预设轨迹15,forward
1775479014.566941,41.283976,1775479021.961316|完整运动,完整运动,circle_orbit,1,1.000000,1.500000,1.500000,,,,,,,,,,,,,,,,1.281371,0.191781,1.339271,0.184467,0.000000,0.000000,0.086469,,-0.036573,0.000000,,,,0.149668,0.142388,1.500000,47.535799,9.007508,0.000000,circle,预设轨迹15,forward
1775479014.588883,41.305917,1775479021.961316|完整运动,完整运动,circle_orbit,1,1.000000,1.500000,1.500000,,,,,,,,,,,,,,,,1.282245,0.190819,1.334634,0.183602,0.000000,0.000000,0.086252,,-0.039102,0.000000,,,,0.148816,0.142485,1.500000,47.561089,8.982217,0.000000,circle,预设轨迹15,forward
1775479014.617183,41.334217,1775479021.961316|完整运动,完整运动,circle_orbit,1,1.000000,1.500000,1.500000,,,,,,,,,,,,,,,,1.283044,0.189908,1.330997,0.183076,0.000000,0.000000,0.086058,,-0.041108,0.000000,,,,0.148013,0.142574,1.500000,47.586473,8.956833,0.000000,circle,预设轨迹15,forward
1775479014.637595,41.354630,1775479021.961316|完整运动,完整运动,circle_orbit,1,1.000000,1.500000,1.500000,,,,,,,,,,,,,,,,1.283704,0.188861,1.323315,0.181014,0.000000,0.000000,0.085638,,-0.045383,0.000000,,,,0.147122,0.142647,1.500000,47.637483,8.905823,0.000000,circle,预设轨迹15,forward
1775479014.662626,41.379660,1775479021.961316|完整运动,完整运动,circle_orbit,1,1.000000,1.500000,1.500000,,,,,,,,,,,,,,,,1.284353,0.188152,1.323315,0.182828,0.000000,0.000000,0.085638,,-0.045383,0.000000,,,,0.146495,0.142719,1.500000,47.637483,8.905823,0.000000,circle,预设轨迹15,forward
1775479014.697783,41.414817,1775479021.961316|完整运动,完整运动,circle_orbit,1,1.000000,1.500000,1.500000,,,,,,,,,,,,,,,,1.284916,0.187313,1.318695,0.181025,0.000000,0.000000,0.085428,,-0.047959,0.000000,,,,0.145778,0.142782,1.500000,47.663021,8.880285,0.000000,circle,预设轨迹15,forward
1775479014.727431,41.444465,1775479021.961316|完整运动,完整运动,circle_orbit,1,1.000000,1.500000,1.500000,,,,,,,,,,,,,,,,1.285334,0.186299,1.310422,0.178694,0.000000,0.000000,0.084946,,-0.052661,0.000000,,,,0.144942,0.142828,1.500000,47.714243,8.829063,0.000000,circle,预设轨迹15,forward
1775479014.748232,41.465266,1775479021.961316|完整运动,完整运动,circle_orbit,1,1.000000,1.500000,1.500000,,,,,,,,,,,,,,,,1.285624,0.184761,1.303015,0.173223,0.000000,0.000000,0.083687,,-0.057287,0.000000,,,,0.143713,0.142861,1.500000,47.764966,8.778341,0.000000,circle,预设轨迹15,forward
1775479014.770246,41.487280,1775479021.961316|完整运动,完整运动,circle_orbit,1,1.000000,1.500000,1.500000,,,,,,,,,,,,,,,,1.285824,0.183664,1.297783,0.175439,0.000000,0.000000,0.082993,,-0.060497,0.000000,,,,0.142838,0.142883,1.500000,47.790143,8.753163,0.000000,circle,预设轨迹15,forward
1775479014.806428,41.523462,1775479021.961316|完整运动,完整运动,circle_orbit,1,1.000000,1.500000,1.500000,,,,,,,,,,,,,,,,1.285936,0.182599,1.292701,0.174609,0.000000,0.000000,0.082307,,-0.063642,0.000000,,,,0.141997,0.142895,1.500000,47.815503,8.727803,0.000000,circle,预设轨迹15,forward
1775479014.827290,41.544324,1775479021.961316|完整运动,完整运动,circle_orbit,1,1.000000,1.500000,1.500000,,,,,,,,,,,,,,,,1.285904,0.181120,1.283972,0.170030,0.000000,0.000000,0.081009,,-0.069149,0.000000,,,,0.140850,0.142892,1.500000,47.865868,8.677438,0.000000,circle,预设轨迹15,forward
1775479014.847859,41.564893,1775479021.961316|完整运动,完整运动,circle_orbit,1,1.000000,1.500000,1.500000,,,,,,,,,,,,,,,,1.285819,0.180032,1.280729,0.171872,0.000000,0.000000,0.080210,,-0.071353,0.000000,,,,0.140014,0.142882,1.500000,47.891040,8.652266,0.000000,circle,预设轨迹15,forward
1775479014.882007,41.599041,1775479021.961316|完整运动,完整运动,circle_orbit,1,1.000000,1.500000,1.500000,,,,,,,,,,,,,,,,1.285700,0.178785,1.278532,0.169434,0.000000,0.000000,0.079150,,-0.073082,0.000000,,,,0.139057,0.142869,1.500000,47.916128,8.627178,0.000000,circle,预设轨迹15,forward
1775479014.911114,41.628148,1775479021.961316|完整运动,完整运动,circle_orbit,1,1.000000,1.500000,1.500000,,,,,,,,,,,,,,,,1.285505,0.176443,1.273800,0.158878,0.000000,0.000000,0.076499,,-0.076984,0.000000,,,,0.137256,0.142847,1.500000,47.966620,8.576687,0.000000,circle,预设轨迹15,forward
1775479014.931829,41.648863,1775479021.961316|完整运动,完整运动,circle_orbit,1,1.000000,1.500000,1.500000,,,,,,,,,,,,,,,,1.285260,0.175072,1.270605,0.164784,0.000000,0.000000,0.075130,,-0.079443,0.000000,,,,0.136215,0.142820,1.500000,47.991962,8.551345,0.000000,circle,预设轨迹15,forward
1775479014.954861,41.671895,1775479021.961316|完整运动,完整运动,circle_orbit,1,1.000000,1.500000,1.500000,,,,,,,,,,,,,,,,1.284953,0.173879,1.266513,0.164934,0.000000,0.000000,0.073978,,-0.082340,0.000000,,,,0.135319,0.142786,1.500000,48.017339,8.525967,0.000000,circle,预设轨迹15,forward
1775479014.976055,41.693089,1775479021.961316|完整运动,完整运动,circle_orbit,1,1.000000,1.500000,1.500000,,,,,,,,,,,,,,,,1.284604,0.172682,1.263626,0.163702,0.000000,0.000000,0.072789,,-0.084559,0.000000,,,,0.134424,0.142747,1.500000,48.042786,8.500521,0.000000,circle,预设轨迹15,forward
1775479014.996541,41.713575,1775479021.961316|完整运动,完整运动,circle_orbit,1,1.000000,1.500000,1.500000,,,,,,,,,,,,,,,,1.284163,0.170786,1.257732,0.156571,0.000000,0.000000,0.070588,,-0.089014,0.000000,,,,0.132994,0.142698,1.500000,48.094141,8.449166,0.000000,circle,预设轨迹15,forward
1775479015.025747,41.742781,1775479021.961316|完整运动,完整运动,circle_orbit,1,1.000000,1.500000,1.500000,,,,,,,,,,,,,,,,1.283730,0.170492,1.257732,0.168289,0.000000,0.000000,0.070588,,-0.089014,0.000000,,,,0.132810,0.142650,1.500000,48.094141,8.449166,0.000000,circle,预设轨迹15,forward
1775479015.047429,41.764463,1775479021.961316|完整运动,完整运动,circle_orbit,1,1.000000,1.500000,1.500000,,,,,,,,,,,,,,,,1.283211,0.168536,1.252082,0.153862,0.000000,0.000000,0.068258,,-0.093413,0.000000,,,,0.131339,0.142593,1.500000,48.145789,8.397518,0.000000,circle,预设轨迹15,forward
1775479015.067915,41.784949,1775479021.961316|完整运动,完整运动,circle_orbit,1,1.000000,1.500000,1.500000,,,,,,,,,,,,,,,,1.282679,0.167271,1.250787,0.157788,0.000000,0.000000,0.066839,,-0.094819,0.000000,,,,0.130408,0.142533,1.500000,48.171627,8.371679,0.000000,circle,预设轨迹15,forward
1775479015.096855,41.813889,1775479021.961316|完整运动,完整运动,circle_orbit,1,1.000000,1.500000,1.500000,,,,,,,,,,,,,,,,1.282138,0.165946,1.249657,0.156006,0.000000,0.000000,0.065303,,-0.096179,0.000000,,,,0.129429,0.142473,1.500000,48.197433,8.345874,0.000000,circle,预设轨迹15,forward
1775479015.126607,41.843642,1775479021.961316|完整运动,完整运动,circle_orbit,1,1.000000,1.500000,1.500000,,,,,,,,,,,,,,,,1.281544,0.163153,1.245921,0.142204,0.000000,0.000000,0.061657,,-0.100050,0.000000,,,,0.127310,0.142407,1.500000,48.248943,8.294364,0.000000,circle,预设轨迹15,forward
1775479015.149344,41.866378,1775479021.961316|完整运动,完整运动,circle_orbit,1,1.000000,1.500000,1.500000,,,,,,,,,,,,,,,,1.280919,0.161684,1.243399,0.150663,0.000000,0.000000,0.059784,,-0.102408,0.000000,,,,0.126225,0.142338,1.500000,48.274878,8.268429,0.000000,circle,预设轨迹15,forward
1775479015.169749,41.886784,1775479021.961316|完整运动,完整运动,circle_orbit,1,1.000000,1.500000,1.500000,,,,,,,,,,,,,,,,1.280266,0.160299,1.241072,0.149914,0.000000,0.000000,0.058000,,-0.104615,0.000000,,,,0.125208,0.142265,1.500000,48.300656,8.242650,0.000000,circle,预设轨迹15,forward
1775479015.197327,41.914361,1775479021.961316|完整运动,完整运动,circle_orbit,1,1.000000,1.500000,1.500000,,,,,,,,,,,,,,,,1.279623,0.160196,1.241072,0.159421,0.000000,0.000000,0.058000,,-0.104615,0.000000,,,,0.125190,0.142194,1.500000,48.300656,8.242650,0.000000,circle,预设轨迹15,forward
1775479015.217666,41.934700,1775479021.961316|完整运动,完整运动,circle_orbit,1,1.000000,1.500000,1.500000,,,,,,,,,,,,,,,,1.278904,0.156359,1.235774,0.127584,0.000000,0.000000,0.052752,,-0.110186,0.000000,,,,0.122260,0.142114,1.500000,48.377017,8.166290,0.000000,circle,预设轨迹15,forward
1775479015.240182,41.957216,1775479021.961316|完整运动,完整运动,circle_orbit,1,1.000000,1.500000,1.500000,,,,,,,,,,,,,,,,1.278197,0.156336,1.235774,0.156165,0.000000,0.000000,0.052752,,-0.110186,0.000000,,,,0.122310,0.142035,1.500000,48.377017,8.166290,0.000000,circle,预设轨迹15,forward
1775479015.261230,41.978264,1775479021.961316|完整运动,完整运动,circle_orbit,1,1.000000,1.500000,1.500000,,,,,,,,,,,,,,,,1.277472,0.154992,1.233959,0.144913,0.000000,0.000000,0.050925,,-0.112114,0.000000,,,,0.121327,0.141955,1.500000,48.402271,8.141035,0.000000,circle,预设轨迹15,forward
1775479015.281615,41.998649,1775479021.961316|完整运动,完整运动,circle_orbit,1,1.000000,1.500000,1.500000,,,,,,,,,,,,,,,,1.276696,0.152413,1.230150,0.133070,0.000000,0.000000,0.047328,,-0.116065,0.000000,,,,0.119381,0.141869,1.500000,48.452760,8.090547,0.000000,circle,预设轨迹15,forward
1775479015.309309,42.026343,1775479021.961316|完整运动,完整运动,circle_orbit,1,1.000000,1.500000,1.500000,,,,,,,,,,,,,,,,1.275908,0.151091,1.228602,0.141171,0.000000,0.000000,0.045425,,-0.117872,0.000000,,,,0.118418,0.141781,1.500000,48.477929,8.065377,0.000000,circle,预设轨迹15,forward
1775479015.336295,42.053329,1775479021.961316|完整运动,完整运动,circle_orbit,1,1.000000,1.500000,1.500000,,,,,,,,,,,,,,,,1.275112,0.149681,1.227338,0.139105,0.000000,0.000000,0.043377,,-0.119567,0.000000,,,,0.117386,0.141693,1.500000,48.503089,8.040217,0.000000,circle,预设轨迹15,forward
1775479015.359334,42.076368,1775479021.961316|完整运动,完整运动,circle_orbit,1,1.000000,1.500000,1.500000,,,,,,,,,,,,,,,,1.274268,0.146756,1.223622,0.124818,0.000000,0.000000,0.039163,,-0.123760,0.000000,,,,0.115169,0.141599,1.500000,48.553511,7.989795,0.000000,circle,预设轨迹15,forward
1775479015.385900,42.102934,1775479021.961316|完整运动,完整运动,circle_orbit,1,1.000000,1.500000,1.500000,,,,,,,,,,,,,,,,1.273417,0.145375,1.222413,0.135023,0.000000,0.000000,0.037038,,-0.125463,0.000000,,,,0.114161,0.141504,1.500000,48.578869,7.964437,0.000000,circle,预设轨迹15,forward
1775479015.406523,42.123557,1775479021.961316|完整运动,完整运动,circle_orbit,1,1.000000,1.500000,1.500000,,,,,,,,,,,,,,,,1.272558,0.144009,1.221011,0.133759,0.000000,0.000000,0.034916,,-0.127287,0.000000,,,,0.113165,0.141409,1.500000,48.604245,7.939061,0.000000,circle,预设轨迹15,forward
1775479015.429463,42.146497,1775479021.961316|完整运动,完整运动,circle_orbit,1,1.000000,1.500000,1.500000,,,,,,,,,,,,,,,,1.271686,0.142629,1.219365,0.132282,0.000000,0.000000,0.032758,,-0.129282,0.000000,,,,0.112157,0.141312,1.500000,48.629673,7.913633,0.000000,circle,预设轨迹15,forward
1775479015.450510,42.167544,1775479021.961316|完整运动,完整运动,circle_orbit,1,1.000000,1.500000,1.500000,,,,,,,,,,,,,,,,1.270818,0.141246,1.218689,0.130877,0.000000,0.000000,0.030577,,-0.130678,0.000000,,,,0.111146,0.141215,1.500000,48.655118,7.888189,0.000000,circle,预设轨迹15,forward
1775479015.481992,42.199026,1775479021.961316|完整运动,完整运动,circle_orbit,1,1.000000,1.500000,1.500000,,,,,,,,,,,,,,,,1.269960,0.139726,1.218501,0.128324,0.000000,0.000000,0.028180,,-0.131862,0.000000,,,,0.110024,0.141120,1.500000,48.680626,7.862681,0.000000,circle,预设轨迹15,forward
1775479015.509806,42.226840,1775479021.961316|完整运动,完整运动,circle_orbit,1,1.000000,1.500000,1.500000,,,,,,,,,,,,,,,,1.269106,0.136260,1.217895,0.110264,0.000000,0.000000,0.022996,,-0.134550,0.000000,,,,0.107367,0.141025,1.500000,48.731542,7.811765,0.000000,circle,预设轨迹15,forward
1775479015.535146,42.252181,1775479021.961316|完整运动,完整运动,circle_orbit,1,1.000000,1.500000,1.500000,,,,,,,,,,,,,,,,1.268260,0.134654,1.217470,0.122607,0.000000,0.000000,0.020322,,-0.136006,0.000000,,,,0.106172,0.140931,1.500000,48.757093,7.786214,0.000000,circle,预设轨迹15,forward
1775479015.555994,42.273028,1775479021.961316|完整运动,完整运动,circle_orbit,1,1.000000,1.500000,1.500000,,,,,,,,,,,,,,,,1.267427,0.133117,1.217478,0.121595,0.000000,0.000000,0.017722,,-0.137157,0.000000,,,,0.105030,0.140839,1.500000,48.782703,7.760604,0.000000,circle,预设轨迹15,forward
1775479015.585532,42.302566,1775479021.961316|完整运动,完整运动,circle_orbit,1,1.000000,1.500000,1.500000,,,,,,,,,,,,,,,,1.266608,0.131593,1.217473,0.120157,0.000000,0.000000,0.015115,,-0.138319,0.000000,,,,0.103894,0.140748,1.500000,48.808171,7.735136,0.000000,circle,预设轨迹15,forward
1775479015.611448,42.328482,1775479021.961316|完整运动,完整运动,circle_orbit,1,1.000000,1.500000,1.500000,,,,,,,,,,,,,,,,1.265803,0.128165,1.217495,0.102458,0.000000,0.000000,0.009787,,-0.140673,0.000000,,,,0.101252,0.140658,1.500000,48.858720,7.684586,0.000000,circle,预设轨迹15,forward
1775479015.631782,42.348816,1775479021.961316|完整运动,完整运动,circle_orbit,1,1.000000,1.500000,1.500000,,,,,,,,,,,,,,,,1.265007,0.126725,1.217212,0.115923,0.000000,0.000000,0.007159,,-0.142020,0.000000,,,,0.100177,0.140570,1.500000,48.883964,7.659343,0.000000,circle,预设轨迹15,forward
1775479015.660604,42.377638,1775479021.961316|完整运动,完整运动,circle_orbit,1,1.000000,1.500000,1.500000,,,,,,,,,,,,,,,,1.264217,0.125280,1.216812,0.114445,0.000000,0.000000,0.004513,,-0.143450,0.000000,,,,0.099097,0.140482,1.500000,48.909109,7.634198,0.000000,circle,预设轨迹15,forward
1775479015.688650,42.405684,1775479021.961316|完整运动,完整运动,circle_orbit,1,1.000000,1.500000,1.500000,,,,,,,,,,,,,,,,1.263440,0.123802,1.216859,0.112715,0.000000,0.000000,0.001806,,-0.144623,0.000000,,,,0.097988,0.140396,1.500000,48.934271,7.609035,0.000000,circle,预设轨迹15,forward
1775479015.710584,42.427619,1775479021.961316|完整运动,完整运动,circle_orbit,1,1.000000,1.500000,1.500000,,,,,,,,,,,,,,,,1.262605,0.120450,1.212487,0.095308,0.000000,0.000000,-0.003576,,-0.146615,0.000000,,,,0.095398,0.140303,1.500000,48.984381,7.558926,0.000000,circle,预设轨迹15,forward
1775479015.732914,42.449948,1775479021.961316|完整运动,完整运动,circle_orbit,1,1.000000,1.500000,1.500000,,,,,,,,,,,,,,,,1.261730,0.119010,1.209238,0.108210,0.000000,0.000000,-0.006359,,-0.147455,0.000000,,,,0.094323,0.140206,1.500000,49.009449,7.533858,0.000000,circle,预设轨迹15,forward
1775479015.757994,42.475028,1775479021.961316|完整运动,完整运动,circle_orbit,1,1.000000,1.500000,1.500000,,,,,,,,,,,,,,,,1.260820,0.117405,1.206198,0.105372,0.000000,0.000000,-0.009386,,-0.148063,0.000000,,,,0.093118,0.140104,1.500000,49.034757,7.508549,0.000000,circle,预设轨迹15,forward
1775479015.778553,42.495587,1775479021.961316|完整运动,完整运动,circle_orbit,1,1.000000,1.500000,1.500000,,,,,,,,,,,,,,,,1.259800,0.113769,1.198624,0.086497,0.000000,0.000000,-0.015314,,-0.150340,0.000000,,,,0.090307,0.139991,1.500000,49.085401,7.457906,0.000000,circle,预设轨迹15,forward
1775479015.799076,42.516110,1775479021.961316|完整运动,完整运动,circle_orbit,1,1.000000,1.500000,1.500000,,,,,,,,,,,,,,,,1.258744,0.112334,1.195378,0.101568,0.000000,0.000000,-0.018243,,-0.151162,0.000000,,,,0.089243,0.139874,1.500000,49.110845,7.432462,0.000000,circle,预设轨迹15,forward
1775479015.827445,42.544479,1775479021.961316|完整运动,完整运动,circle_orbit,1,1.000000,1.500000,1.500000,,,,,,,,,,,,,,,,1.257705,0.112966,1.195378,0.117708,0.000000,0.000000,-0.018243,,-0.151162,0.000000,,,,0.089819,0.139758,1.500000,49.110845,7.432462,0.000000,circle,预设轨迹15,forward
1775479015.849862,42.566896,1775479021.961316|完整运动,完整运动,circle_orbit,1,1.000000,1.500000,1.500000,,,,,,,,,,,,,,,,1.256570,0.109195,1.188441,0.080917,0.000000,0.000000,-0.024389,,-0.153008,0.000000,,,,0.086900,0.139632,1.500000,49.161258,7.382049,0.000000,circle,预设轨迹15,forward
1775479015.879534,42.596568,1775479021.961316|完整运动,完整运动,circle_orbit,1,1.000000,1.500000,1.500000,,,,,,,,,,,,,,,,1.255405,0.107615,1.185513,0.095761,0.000000,0.000000,-0.027562,,-0.153546,0.000000,,,,0.085721,0.139503,1.500000,49.186531,7.356775,0.000000,circle,预设轨迹15,forward
1775479015.901842,42.618876,1775479021.961316|完整运动,完整运动,circle_orbit,1,1.000000,1.500000,1.500000,,,,,,,,,,,,,,,,1.254162,0.103775,1.179579,0.074973,0.000000,0.000000,-0.033959,,-0.154681,0.000000,,,,0.082744,0.139365,1.500000,49.237259,7.306048,0.000000,circle,预设轨迹15,forward
1775479015.922601,42.639635,1775479021.961316|完整运动,完整运动,circle_orbit,1,1.000000,1.500000,1.500000,,,,,,,,,,,,,,,,1.252892,0.102373,1.176691,0.091859,0.000000,0.000000,-0.037028,,-0.155267,0.000000,,,,0.081709,0.139223,1.500000,49.262534,7.280773,0.000000,circle,预设轨迹15,forward
1775479015.944947,42.661982,1775479021.961316|完整运动,完整运动,circle_orbit,1,1.000000,1.500000,1.500000,,,,,,,,,,,,,,,,1.251601,0.100899,1.174166,0.089847,0.000000,0.000000,-0.040199,,-0.155571,0.000000,,,,0.080616,0.139080,1.500000,49.287716,7.255591,0.000000,circle,预设轨迹15,forward
1775479015.970227,42.687261,1775479021.961316|完整运动,完整运动,circle_orbit,1,1.000000,1.500000,1.500000,,,,,,,,,,,,,,,,1.250296,0.099303,1.171955,0.087332,0.000000,0.000000,-0.043551,,-0.155587,0.000000,,,,0.079424,0.138935,1.500000,49.312868,7.230439,0.000000,circle,预设轨迹15,forward
1775479015.990896,42.707930,1775479021.961316|完整运动,完整运动,circle_orbit,1,1.000000,1.500000,1.500000,,,,,,,,,,,,,,,,1.248968,0.097632,1.169287,0.085099,0.000000,0.000000,-0.047023,,-0.155870,0.000000,,,,0.078170,0.138787,1.500000,49.338061,7.205245,0.000000,circle,预设轨迹15,forward
1775479016.013215,42.730249,1775479021.961316|完整运动,完整运动,circle_orbit,1,1.000000,1.500000,1.500000,,,,,,,,,,,,,,,,1.247621,0.095850,1.166801,0.082485,0.000000,0.000000,-0.050672,,-0.155956,0.000000,,,,0.076826,0.138638,1.500000,49.363451,7.179855,0.000000,circle,预设轨迹15,forward
1775479016.034759,42.751793,1775479021.961316|完整运动,完整运动,circle_orbit,1,1.000000,1.500000,1.500000,,,,,,,,,,,,,,,,1.246251,0.094141,1.164070,0.081324,0.000000,0.000000,-0.054241,,-0.156255,0.000000,,,,0.075539,0.138485,1.500000,49.388751,7.154556,0.000000,circle,预设轨迹15,forward
1775479016.055082,42.772116,1775479021.961316|完整运动,完整运动,circle_orbit,1,1.000000,1.500000,1.500000,,,,,,,,,,,,,,,,1.244857,0.092470,1.161224,0.079939,0.000000,0.000000,-0.057776,,-0.156657,0.000000,,,,0.074282,0.138331,1.500000,49.414059,7.129248,0.000000,circle,预设轨迹15,forward
1775479016.082938,42.799973,1775479021.961316|完整运动,完整运动,circle_orbit,1,1.000000,1.500000,1.500000,,,,,,,,,,,,,,,,1.243404,0.088360,1.156225,0.057533,0.000000,0.000000,-0.064795,,-0.157027,0.000000,,,,0.071063,0.138169,1.500000,49.464400,7.078907,0.000000,circle,预设轨迹15,forward
1775479016.103632,42.820667,1775479021.961316|完整运动,完整运动,circle_orbit,1,1.000000,1.500000,1.500000,,,,,,,,,,,,,,,,1.241931,0.086941,1.153564,0.076302,0.000000,0.000000,-0.068139,,-0.157412,0.000000,,,,0.070005,0.138005,1.500000,49.489462,7.053845,0.000000,circle,预设轨迹15,forward
1775479016.126009,42.843043,1775479021.961316|完整运动,完整运动,circle_orbit,1,1.000000,1.500000,1.500000,,,,,,,,,,,,,,,,1.240440,0.085625,1.150992,0.075751,0.000000,0.000000,-0.071335,,-0.157808,0.000000,,,,0.069028,0.137840,1.500000,49.514398,7.028908,0.000000,circle,预设轨迹15,forward
1775479016.152087,42.869121,1775479021.961316|完整运动,完整运动,circle_orbit,1,1.000000,1.500000,1.500000,,,,,,,,,,,,,,,,1.238937,0.084257,1.148743,0.073998,0.000000,0.000000,-0.074598,,-0.157952,0.000000,,,,0.068007,0.137673,1.500000,49.539396,7.003911,0.000000,circle,预设轨迹15,forward
1775479016.184387,42.901422,1775479021.961316|完整运动,完整运动,circle_orbit,1,1.000000,1.500000,1.500000,,,,,,,,,,,,,,,,1.237432,0.083038,1.147115,0.073896,0.000000,0.000000,-0.077650,,-0.157753,0.000000,,,,0.067105,0.137505,1.500000,49.564731,6.978575,0.000000,circle,预设轨迹15,forward
1775479016.205120,42.922154,1775479021.961316|完整运动,完整运动,circle_orbit,1,1.000000,1.500000,1.500000,,,,,,,,,,,,,,,,1.235864,0.079944,1.141791,0.056737,0.000000,0.000000,-0.083354,,-0.159029,0.000000,,,,0.064687,0.137331,1.500000,49.614857,6.928450,0.000000,circle,预设轨迹15,forward
1775479016.226557,42.943591,1775479021.961316|完整运动,完整运动,circle_orbit,1,1.000000,1.500000,1.500000,,,,,,,,,,,,,,,,1.234292,0.078779,1.139998,0.070044,0.000000,0.000000,-0.086412,,-0.158961,0.000000,,,,0.063825,0.137157,1.500000,49.639944,6.903363,0.000000,circle,预设轨迹15,forward
1775479016.251601,42.968636,1775479021.961316|完整运动,完整运动,circle_orbit,1,1.000000,1.500000,1.500000,,,,,,,,,,,,,,,,1.232747,0.079758,1.139998,0.087099,0.000000,0.000000,-0.086412,,-0.158961,0.000000,,,,0.064699,0.136985,1.500000,49.639944,6.903363,0.000000,circle,预设轨迹15,forward
1775479016.274244,42.991278,1775479021.961316|完整运动,完整运动,circle_orbit,1,1.000000,1.500000,1.500000,,,,,,,,,,,,,,,,1.231153,0.076334,1.135547,0.050652,0.000000,0.000000,-0.092540,,-0.159460,0.000000,,,,0.062002,0.136808,1.500000,49.689981,6.853325,0.000000,circle,预设轨迹15,forward
1775479016.295538,43.012572,1775479021.961316|完整运动,完整运动,circle_orbit,1,1.000000,1.500000,1.500000,,,,,,,,,,,,,,,,1.229560,0.075112,1.133956,0.065947,0.000000,0.000000,-0.095659,,-0.159233,0.000000,,,,0.061088,0.136631,1.500000,49.715337,6.827969,0.000000,circle,预设轨迹15,forward
1775479016.319453,43.036487,1775479021.961316|完整运动,完整运动,circle_orbit,1,1.000000,1.500000,1.500000,,,,,,,,,,,,,,,,1.227967,0.074020,1.132402,0.065832,0.000000,0.000000,-0.098588,,-0.159065,0.000000,,,,0.060279,0.136454,1.500000,49.740594,6.802713,0.000000,circle,预设轨迹15,forward
1775479016.342882,43.059916,1775479021.961316|完整运动,完整运动,circle_orbit,1,1.000000,1.500000,1.500000,,,,,,,,,,,,,,,,1.226351,0.070601,1.129394,0.044954,0.000000,0.000000,-0.104817,,-0.158502,0.000000,,,,0.057570,0.136274,1.500000,49.790780,6.752526,0.000000,circle,预设轨迹15,forward
1775479016.364244,43.081278,1775479021.961316|完整运动,完整运动,circle_orbit,1,1.000000,1.500000,1.500000,,,,,,,,,,,,,,,,1.224762,0.071647,1.129394,0.079495,0.000000,0.000000,-0.104817,,-0.158502,0.000000,,,,0.058499,0.136098,1.500000,49.790780,6.752526,0.000000,circle,预设轨迹15,forward
1775479016.388828,43.105862,1775479021.961316|完整运动,完整运动,circle_orbit,1,1.000000,1.500000,1.500000,,,,,,,,,,,,,,,,1.223145,0.067974,1.126121,0.040427,0.000000,0.000000,-0.111394,,-0.157991,0.000000,,,,0.055573,0.135918,1.500000,49.840779,6.702527,0.000000,circle,预设轨迹15,forward
1775479016.409715,43.126749,1775479021.961316|完整运动,完整运动,circle_orbit,1,1.000000,1.500000,1.500000,,,,,,,,,,,,,,,,1.221527,0.066676,1.124460,0.056943,0.000000,0.000000,-0.114731,,-0.157737,0.000000,,,,0.054584,0.135738,1.500000,49.865690,6.677617,0.000000,circle,预设轨迹15,forward
1775479016.431019,43.148053,1775479021.961316|完整运动,完整运动,circle_orbit,1,1.000000,1.500000,1.500000,,,,,,,,,,,,,,,,1.219896,0.065375,1.122020,0.055615,0.000000,0.000000,-0.118070,,-0.158066,0.000000,,,,0.053591,0.135557,1.500000,49.890497,6.652810,0.000000,circle,预设轨迹15,forward
1775479016.456269,43.173303,1775479021.961316|完整运动,完整运动,circle_orbit,1,1.000000,1.500000,1.500000,,,,,,,,,,,,,,,,1.218256,0.064065,1.119870,0.054240,0.000000,0.000000,-0.121420,,-0.158181,0.000000,,,,0.052587,0.135375,1.500000,49.915154,6.628152,0.000000,circle,预设轨迹15,forward
1775479016.477843,43.194877,1775479021.961316|完整运动,完整运动,circle_orbit,1,1.000000,1.500000,1.500000,,,,,,,,,,,,,,,,1.216584,0.060568,1.116306,0.034339,0.000000,0.000000,-0.127880,,-0.157983,0.000000,,,,0.049785,0.135189,1.500000,49.964171,6.579136,0.000000,circle,预设轨迹15,forward
1775479016.498466,43.215501,1775479021.961316|完整运动,完整运动,circle_orbit,1,1.000000,1.500000,1.500000,,,,,,,,,,,,,,,,1.214917,0.059487,1.114889,0.051384,0.000000,0.000000,-0.131026,,-0.157651,0.000000,,,,0.048964,0.135004,1.500000,49.988754,6.554553,0.000000,circle,预设轨迹15,forward
1775479016.525781,43.242815,1775479021.961316|完整运动,完整运动,circle_orbit,1,1.000000,1.500000,1.500000,,,,,,,,,,,,,,,,1.213256,0.058428,1.113573,0.050487,0.000000,0.000000,-0.134128,,-0.157267,0.000000,,,,0.048158,0.134819,1.500000,50.013342,6.529965,0.000000,circle,预设轨迹15,forward
1775479016.546326,43.263360,1775479021.961316|完整运动,完整运动,circle_orbit,1,1.000000,1.500000,1.500000,,,,,,,,,,,,,,,,1.211594,0.057473,1.111869,0.050304,0.000000,0.000000,-0.137068,,-0.157250,0.000000,,,,0.047436,0.134634,1.500000,50.037961,6.505345,0.000000,circle,预设轨迹15,forward
1775479016.567618,43.284652,1775479021.961316|完整运动,完整运动,circle_orbit,1,1.000000,1.500000,1.500000,,,,,,,,,,,,,,,,1.209934,0.056612,1.110371,0.050158,0.000000,0.000000,-0.139854,,-0.157149,0.000000,,,,0.046789,0.134450,1.500000,50.062681,6.480625,0.000000,circle,预设轨迹15,forward
1775479016.595347,43.312381,1775479021.961316|完整运动,完整运动,circle_orbit,1,1.000000,1.500000,1.500000,,,,,,,,,,,,,,,,1.208290,0.055627,1.109648,0.048236,0.000000,0.000000,-0.142798,,-0.156391,0.000000,,,,0.046037,0.134267,1.500000,50.087520,6.455786,0.000000,circle,预设轨迹15,forward
1775479016.615709,43.332743,1775479021.961316|完整运动,完整运动,circle_orbit,1,1.000000,1.500000,1.500000,,,,,,,,,,,,,,,,1.206656,0.054579,1.108580,0.046718,0.000000,0.000000,-0.145821,,-0.155861,0.000000,,,,0.045231,0.134086,1.500000,50.112170,6.431137,0.000000,circle,预设轨迹15,forward
1775479016.636308,43.353343,1775479021.961316|完整运动,完整运动,circle_orbit,1,1.000000,1.500000,1.500000,,,,,,,,,,,,,,,,1.205026,0.053470,1.107243,0.045152,0.000000,0.000000,-0.148923,,-0.155503,0.000000,,,,0.044372,0.133904,1.500000,50.136785,6.406522,0.000000,circle,预设轨迹15,forward
1775479016.664612,43.381646,1775479021.961316|完整运动,完整运动,circle_orbit,1,1.000000,1.500000,1.500000,,,,,,,,,,,,,,,,1.203402,0.050247,1.105979,0.026079,0.000000,0.000000,-0.155031,,-0.153756,0.000000,,,,0.041754,0.133724,1.500000,50.185973,6.357334,0.000000,circle,预设轨迹15,forward
1775479016.686818,43.403852,1775479021.961316|完整运动,完整运动,circle_orbit,1,1.000000,1.500000,1.500000,,,,,,,,,,,,,,,,1.201791,0.049279,1.105096,0.042019,0.000000,0.000000,-0.158050,,-0.153091,0.000000,,,,0.041005,0.133545,1.500000,50.210665,6.332641,0.000000,circle,预设轨迹15,forward
1775479016.710409,43.427444,1775479021.961316|完整运动,完整运动,circle_orbit,1,1.000000,1.500000,1.500000,,,,,,,,,,,,,,,,1.200196,0.048415,1.104503,0.041938,0.000000,0.000000,-0.160907,,-0.152277,0.000000,,,,0.040340,0.133368,1.500000,50.235409,6.307898,0.000000,circle,预设轨迹15,forward
1775479016.741269,43.458303,1775479021.961316|完整运动,完整运动,circle_orbit,1,1.000000,1.500000,1.500000,,,,,,,,,,,,,,,,1.198625,0.047505,1.104358,0.040676,0.000000,0.000000,-0.163817,,-0.151095,0.000000,,,,0.039633,0.133193,1.500000,50.260271,6.283035,0.000000,circle,预设轨迹15,forward
1775479016.773281,43.490315,1775479021.961316|完整运动,完整运动,circle_orbit,1,1.000000,1.500000,1.500000,,,,,,,,,,,,,,,,1.197059,0.044383,1.103096,0.020972,0.000000,0.000000,-0.169858,,-0.149381,0.000000,,,,0.037077,0.133019,1.500000,50.309498,6.233809,0.000000,circle,预设轨迹15,forward
1775479016.794222,43.511256,1775479021.961316|完整运动,完整运动,circle_orbit,1,1.000000,1.500000,1.500000,,,,,,,,,,,,,,,,1.195515,0.043452,1.102866,0.036465,0.000000,0.000000,-0.172898,,-0.148207,0.000000,,,,0.036346,0.132848,1.500000,50.334152,6.209155,0.000000,circle,预设轨迹15,forward
1775479016.815271,43.532305,1775479021.961316|完整运动,完整运动,circle_orbit,1,1.000000,1.500000,1.500000,,,,,,,,,,,,,,,,1.193993,0.042545,1.102693,0.035746,0.000000,0.000000,-0.175890,,-0.147011,0.000000,,,,0.035633,0.132678,1.500000,50.358780,6.184527,0.000000,circle,预设轨迹15,forward
1775479016.840842,43.557876,1775479021.961316|完整运动,完整运动,circle_orbit,1,1.000000,1.500000,1.500000,,,,,,,,,,,,,,,,1.192485,0.041577,1.101986,0.034318,0.000000,0.000000,-0.178954,,-0.146194,0.000000,,,,0.034866,0.132511,1.500000,50.383430,6.159877,0.000000,circle,预设轨迹15,forward
1775479016.865956,43.582990,1775479021.961316|完整运动,完整运动,circle_orbit,1,1.000000,1.500000,1.500000,,,,,,,,,,,,,,,,1.190990,0.038529,1.101336,0.015663,0.000000,0.000000,-0.184970,,-0.144022,0.000000,,,,0.032350,0.132345,1.500000,50.432648,6.110659,0.000000,circle,预设轨迹15,forward
1775479016.886500,43.603534,1775479021.961316|完整运动,完整运动,circle_orbit,1,1.000000,1.500000,1.500000,,,,,,,,,,,,,,,,1.189514,0.037775,1.100900,0.032126,0.000000,0.000000,-0.187830,,-0.143088,0.000000,,,,0.031757,0.132181,1.500000,50.457191,6.086116,0.000000,circle,预设轨迹15,forward
1775479016.918315,43.635349,1775479021.961316|完整运动,完整运动,circle_orbit,1,1.000000,1.500000,1.500000,,,,,,,,,,,,,,,,1.188056,0.037063,1.100589,0.031724,0.000000,0.000000,-0.190608,,-0.142094,0.000000,,,,0.031197,0.132019,1.500000,50.481698,6.061609,0.000000,circle,预设轨迹15,forward
1775479016.949768,43.666802,1775479021.961316|完整运动,完整运动,circle_orbit,1,1.000000,1.500000,1.500000,,,,,,,,,,,,,,,,1.186618,0.036384,1.100369,0.031286,0.000000,0.000000,-0.193316,,-0.141061,0.000000,,,,0.030662,0.131859,1.500000,50.506076,6.037231,0.000000,circle,预设轨迹15,forward
1775479016.970200,43.687234,1775479021.961316|完整运动,完整运动,circle_orbit,1,1.000000,1.500000,1.500000,,,,,,,,,,,,,,,,1.185198,0.033836,1.099956,0.014727,0.000000,0.000000,-0.198659,,-0.139006,0.000000,,,,0.028549,0.131701,1.500000,50.554819,5.988488,0.000000,circle,预设轨迹15,forward
1775479016.992381,43.709415,1775479021.961316|完整运动,完整运动,circle_orbit,1,1.000000,1.500000,1.500000,,,,,,,,,,,,,,,,1.183797,0.033224,1.099750,0.028633,0.000000,0.000000,-0.201332,,-0.137977,0.000000,,,,0.028065,0.131545,1.500000,50.579152,5.964155,0.000000,circle,预设轨迹15,forward
1775479017.015813,43.732847,1775479021.961316|完整运动,完整运动,circle_orbit,1,1.000000,1.500000,1.500000,,,,,,,,,,,,,,,,1.182422,0.032485,1.099961,0.026948,0.000000,0.000000,-0.204158,,-0.136558,0.000000,,,,0.027474,0.131393,1.500000,50.603458,5.939849,0.000000,circle,预设轨迹15,forward
1775479017.036573,43.753608,1775479021.961316|完整运动,完整运动,circle_orbit,1,1.000000,1.500000,1.500000,,,,,,,,,,,,,,,,1.181072,0.031547,1.100035,0.024512,0.000000,0.000000,-0.207250,,-0.135126,0.000000,,,,0.026711,0.131243,1.500000,50.627770,5.915536,0.000000,circle,预设轨迹15,forward
1775479017.058816,43.775850,1775479021.961316|完整运动,完整运动,circle_orbit,1,1.000000,1.500000,1.500000,,,,,,,,,,,,,,,,1.179740,0.028759,1.099849,0.007843,0.000000,0.000000,-0.212971,,-0.132727,0.000000,,,,0.024377,0.131095,1.500000,50.676276,5.867031,0.000000,circle,预设轨迹15,forward
1775479017.081084,43.798118,1775479021.961316|完整运动,完整运动,circle_orbit,1,1.000000,1.500000,1.500000,,,,,,,,,,,,,,,,1.178431,0.030060,1.099849,0.039823,0.000000,0.000000,-0.212971,,-0.132727,0.000000,,,,0.025509,0.130949,1.500000,50.676276,5.867031,0.000000,circle,预设轨迹15,forward
1775479017.101469,43.818503,1775479021.961316|完整运动,完整运动,circle_orbit,1,1.000000,1.500000,1.500000,,,,,,,,,,,,,,,,1.177145,0.027883,1.100007,0.011553,0.000000,0.000000,-0.217789,,-0.130463,0.000000,,,,0.023687,0.130806,1.500000,50.724705,5.818602,0.000000,circle,预设轨迹15,forward
1775479017.123842,43.840877,1775479021.961316|完整运动,完整运动,circle_orbit,1,1.000000,1.500000,1.500000,,,,,,,,,,,,,,,,1.175880,0.029140,1.100007,0.038566,0.000000,0.000000,-0.217789,,-0.130463,0.000000,,,,0.024781,0.130666,1.500000,50.724705,5.818602,0.000000,circle,预设轨迹15,forward
1775479017.148955,43.865989,1775479021.961316|完整运动,完整运动,circle_orbit,1,1.000000,1.500000,1.500000,,,,,,,,,,,,,,,,1.174644,0.028732,1.100440,0.025673,0.000000,0.000000,-0.220033,,-0.129130,0.000000,,,,0.024460,0.130528,1.500000,50.748962,5.794344,0.000000,circle,预设轨迹15,forward
1775479017.169359,43.886394,1775479021.961316|完整运动,完整运动,circle_orbit,1,1.000000,1.500000,1.500000,,,,,,,,,,,,,,,,1.173450,0.026457,1.101816,0.009392,0.000000,0.000000,-0.224914,,-0.125897,0.000000,,,,0.022546,0.130396,1.500000,50.797433,5.745873,0.000000,circle,预设轨迹15,forward
1775479017.195838,43.912872,1775479021.961316|完整运动,完整运动,circle_orbit,1,1.000000,1.500000,1.500000,,,,,,,,,,,,,,,,1.172283,0.025928,1.102268,0.021960,0.000000,0.000000,-0.227393,,-0.124446,0.000000,,,,0.022117,0.130266,1.500000,50.821738,5.721569,0.000000,circle,预设轨迹15,forward
1775479017.225652,43.942686,1775479021.961316|完整运动,完整运动,circle_orbit,1,1.000000,1.500000,1.500000,,,,,,,,,,,,,,,,1.171153,0.023772,1.103348,0.007606,0.000000,0.000000,-0.232170,,-0.121490,0.000000,,,,0.020298,0.130140,1.500000,50.870201,5.673105,0.000000,circle,预设轨迹15,forward
1775479017.248141,43.965175,1775479021.961316|完整运动,完整运动,circle_orbit,1,1.000000,1.500000,1.500000,,,,,,,,,,,,,,,,1.170054,0.023143,1.104123,0.018421,0.000000,0.000000,-0.234850,,-0.119702,0.000000,,,,0.019779,0.130018,1.500000,50.894656,5.648650,0.000000,circle,预设轨迹15,forward
1775479017.268592,43.985626,1775479021.961316|完整运动,完整运动,circle_orbit,1,1.000000,1.500000,1.500000,,,,,,,,,,,,,,,,1.168981,0.022561,1.104609,0.018199,0.000000,0.000000,-0.237448,,-0.118174,0.000000,,,,0.019300,0.129899,1.500000,50.918862,5.624445,0.000000,circle,预设轨迹15,forward
1775479017.296789,44.013823,1775479021.961316|完整运动,完整运动,circle_orbit,1,1.000000,1.500000,1.500000,,,,,,,,,,,,,,,,1.167935,0.021974,1.105151,0.017568,0.000000,0.000000,-0.240038,,-0.116607,0.000000,,,,0.018814,0.129783,1.500000,50.943099,5.600207,0.000000,circle,预设轨迹15,forward
1775479017.319673,44.036707,1775479021.961316|完整运动,完整运动,circle_orbit,1,1.000000,1.500000,1.500000,,,,,,,,,,,,,,,,1.166930,0.019749,1.106640,0.003066,0.000000,0.000000,-0.244947,,-0.113284,0.000000,,,,0.016924,0.129671,1.500000,50.991606,5.551701,0.000000,circle,预设轨迹15,forward
1775479017.340494,44.057528,1775479021.961316|完整运动,完整运动,circle_orbit,1,1.000000,1.500000,1.500000,,,,,,,,,,,,,,,,1.165954,0.019436,1.107391,0.017086,0.000000,0.000000,-0.247217,,-0.111700,0.000000,,,,0.016670,0.129563,1.500000,51.015918,5.527389,0.000000,circle,预设轨迹15,forward
1775479017.369993,44.087027,1775479021.961316|完整运动,完整运动,circle_orbit,1,1.000000,1.500000,1.500000,,,,,,,,,,,,,,,,1.165009,0.019152,1.108311,0.017019,0.000000,0.000000,-0.249415,,-0.110020,0.000000,,,,0.016439,0.129458,1.500000,51.040194,5.503112,0.000000,circle,预设轨迹15,forward
1775479017.392024,44.109058,1775479021.961316|完整运动,完整运动,circle_orbit,1,1.000000,1.500000,1.500000,,,,,,,,,,,,,,,,1.164088,0.018975,1.108818,0.017655,0.000000,0.000000,-0.251428,,-0.108738,0.000000,,,,0.016301,0.129355,1.500000,51.064489,5.478818,0.000000,circle,预设轨迹15,forward
1775479017.413060,44.130094,1775479021.961316|完整运动,完整运动,circle_orbit,1,1.000000,1.500000,1.500000,,,,,,,,,,,,,,,,1.163189,0.018892,1.109267,0.018270,0.000000,0.000000,-0.253275,,-0.107575,0.000000,,,,0.016242,0.129255,1.500000,51.088620,5.454686,0.000000,circle,预设轨迹15,forward
1775479017.434519,44.151553,1775479021.961316|完整运动,完整运动,circle_orbit,1,1.000000,1.500000,1.500000,,,,,,,,,,,,,,,,1.162321,0.018737,1.110253,0.017567,0.000000,0.000000,-0.255189,,-0.105974,0.000000,,,,0.016120,0.129159,1.500000,51.112721,5.430586,0.000000,circle,预设轨迹15,forward
1775479017.454843,44.171877,1775479021.961316|完整运动,完整运动,circle_orbit,1,1.000000,1.500000,1.500000,,,,,,,,,,,,,,,,1.161490,0.018394,1.111612,0.015823,0.000000,0.000000,-0.257342,,-0.103985,0.000000,,,,0.015836,0.129067,1.500000,51.136785,5.406522,0.000000,circle,预设轨迹15,forward
1775479017.486888,44.203922,1775479021.961316|完整运动,完整运动,circle_orbit,1,1.000000,1.500000,1.500000,,,,,,,,,,,,,,,,1.160683,0.018024,1.112262,0.015248,0.000000,0.000000,-0.259516,,-0.102526,0.000000,,,,0.015528,0.128977,1.500000,51.160813,5.382493,0.000000,circle,预设轨迹15,forward
1775479017.522802,44.239836,1775479021.961316|完整运动,完整运动,circle_orbit,1,1.000000,1.500000,1.500000,,,,,,,,,,,,,,,,1.159913,0.016601,1.113749,0.005927,0.000000,0.000000,-0.263177,,-0.099773,0.000000,,,,0.014312,0.128891,1.500000,51.208978,5.334328,0.000000,circle,预设轨迹15,forward
1775479017.558857,44.275891,1775479021.961316|完整运动,完整运动,circle_orbit,1,1.000000,1.500000,1.500000,,,,,,,,,,,,,,,,1.159201,0.015573,1.116439,0.007870,0.000000,0.000000,-0.266326,,-0.096345,0.000000,,,,0.013435,0.128812,1.500000,51.256953,5.286353,0.000000,circle,预设轨迹15,forward
1775479017.580668,44.297702,1775479021.961316|完整运动,完整运动,circle_orbit,1,1.000000,1.500000,1.500000,,,,,,,,,,,,,,,,1.158541,0.014265,1.118972,0.004454,0.000000,0.000000,-0.269902,,-0.092855,0.000000,,,,0.012313,0.128739,1.500000,51.305171,5.238136,0.000000,circle,预设轨迹15,forward
1775479017.600987,44.318021,1775479021.961316|完整运动,完整运动,circle_orbit,1,1.000000,1.500000,1.500000,,,,,,,,,,,,,,,,1.157914,0.014187,1.120305,0.013597,0.000000,0.000000,-0.271767,,-0.091029,0.000000,,,,0.012252,0.128669,1.500000,51.329451,5.213856,0.000000,circle,预设轨迹15,forward
1775479017.630208,44.347243,1775479021.961316|完整运动,完整运动,circle_orbit,1,1.000000,1.500000,1.500000,,,,,,,,,,,,,,,,1.157319,0.014022,1.121618,0.012787,0.000000,0.000000,-0.273722,,-0.089180,0.000000,,,,0.012116,0.128603,1.500000,51.353662,5.189645,0.000000,circle,预设轨迹15,forward
1775479017.660240,44.377274,1775479021.961316|完整运动,完整运动,circle_orbit,1,1.000000,1.500000,1.500000,,,,,,,,,,,,,,,,1.156757,0.013867,1.123007,0.012703,0.000000,0.000000,-0.275639,,-0.087295,0.000000,,,,0.011988,0.128541,1.500000,51.377884,5.165422,0.000000,circle,预设轨迹15,forward
1775479017.682656,44.399690,1775479021.961316|完整运动,完整运动,circle_orbit,1,1.000000,1.500000,1.500000,,,,,,,,,,,,,,,,1.156259,0.012204,1.126388,-0.000264,0.000000,0.000000,-0.279684,,-0.082991,0.000000,,,,0.010555,0.128485,1.500000,51.426291,5.117015,0.000000,circle,预设轨迹15,forward
1775479017.703338,44.420372,1775479021.961316|完整运动,完整运动,circle_orbit,1,1.000000,1.500000,1.500000,,,,,,,,,,,,,,,,1.155793,0.012025,1.127823,0.010678,0.000000,0.000000,-0.281682,,-0.081043,0.000000,,,,0.010404,0.128434,1.500000,51.450490,5.092816,0.000000,circle,预设轨迹15,forward
1775479017.732818,44.449852,1775479021.961316|完整运动,完整运动,circle_orbit,1,1.000000,1.500000,1.500000,,,,,,,,,,,,,,,,1.155359,0.011945,1.129313,0.011343,0.000000,0.000000,-0.283516,,-0.079132,0.000000,,,,0.010338,0.128385,1.500000,51.474700,5.068606,0.000000,circle,预设轨迹15,forward
1775479017.755644,44.472678,1775479021.961316|完整运动,完整运动,circle_orbit,1,1.000000,1.500000,1.500000,,,,,,,,,,,,,,,,1.154959,0.012035,1.130958,0.012711,0.000000,0.000000,-0.285081,,-0.077228,0.000000,,,,0.010420,0.128341,1.500000,51.498913,5.044393,0.000000,circle,预设轨迹15,forward
1775479017.777055,44.494089,1775479021.961316|完整运动,完整运动,circle_orbit,1,1.000000,1.500000,1.500000,,,,,,,,,,,,,,,,1.154595,0.012214,1.132767,0.013560,0.000000,0.000000,-0.286486,,-0.075280,0.000000,,,,0.010579,0.128300,1.500000,51.523142,5.020165,0.000000,circle,预设轨迹15,forward
1775479017.806823,44.523857,1775479021.961316|完整运动,完整运动,circle_orbit,1,1.000000,1.500000,1.500000,,,,,,,,,,,,,,,,1.154293,0.011859,1.136184,0.009196,0.000000,0.000000,-0.288620,,-0.071843,0.000000,,,,0.010274,0.128267,1.500000,51.571695,4.971611,0.000000,circle,预设轨迹15,forward
1775479017.828568,44.545602,1775479021.961316|完整运动,完整运动,circle_orbit,1,1.000000,1.500000,1.500000,,,,,,,,,,,,,,,,1.154027,0.012414,1.138034,0.016572,0.000000,0.000000,-0.289457,,-0.070130,0.000000,,,,0.010757,0.128237,1.500000,51.596098,4.947208,0.000000,circle,预设轨迹15,forward
1775479017.849195,44.566229,1775479021.961316|完整运动,完整运动,circle_orbit,1,1.000000,1.500000,1.500000,,,,,,,,,,,,,,,,1.153799,0.012942,1.140170,0.016909,0.000000,0.000000,-0.290276,,-0.068222,0.000000,,,,0.011217,0.128212,1.500000,51.620418,4.922889,0.000000,circle,预设轨迹15,forward
1775479017.886114,44.603148,1775479021.961316|完整运动,完整运动,circle_orbit,1,1.000000,1.500000,1.500000,,,,,,,,,,,,,,,,1.153615,0.013323,1.142520,0.016179,0.000000,0.000000,-0.291259,,-0.066094,0.000000,,,,0.011549,0.128192,1.500000,51.644594,4.898712,0.000000,circle,预设轨迹15,forward
1775479017.916667,44.633702,1775479021.961316|完整运动,完整运动,circle_orbit,1,1.000000,1.500000,1.500000,,,,,,,,,,,,,,,,1.153509,0.012685,1.147181,0.007895,0.000000,0.000000,-0.293663,,-0.061692,0.000000,,,,0.010997,0.128180,1.500000,51.693091,4.850216,0.000000,circle,预设轨迹15,forward
1775479017.938130,44.655164,1775479021.961316|完整运动,完整运动,circle_orbit,1,1.000000,1.500000,1.500000,,,,,,,,,,,,,,,,1.153474,0.012248,1.151352,0.008972,0.000000,0.000000,-0.295807,,-0.057778,0.000000,,,,0.010618,0.128176,1.500000,51.741636,4.801670,0.000000,circle,预设轨迹15,forward
1775479017.963827,44.680861,1775479021.961316|完整运动,完整运动,circle_orbit,1,1.000000,1.500000,1.500000,,,,,,,,,,,,,,,,1.153439,0.013321,1.151352,0.021369,0.000000,0.000000,-0.295807,,-0.057778,0.000000,,,,0.011549,0.128172,1.500000,51.741636,4.801670,0.000000,circle,预设轨迹15,forward
1775479017.993623,44.710657,1775479021.961316|完整运动,完整运动,circle_orbit,1,1.000000,1.500000,1.500000,,,,,,,,,,,,,,,,1.153485,0.013120,1.156245,0.011609,0.000000,0.000000,-0.297554,,-0.053556,0.000000,,,,0.011374,0.128177,1.500000,51.789717,4.753590,0.000000,circle,预设轨迹15,forward
1775479018.021525,44.738559,1775479021.961316|完整运动,完整运动,circle_orbit,1,1.000000,1.500000,1.500000,,,,,,,,,,,,,,,,1.153568,0.013513,1.158529,0.016465,0.000000,0.000000,-0.298455,,-0.051556,0.000000,,,,0.011714,0.128186,1.500000,51.813752,4.729555,0.000000,circle,预设轨迹15,forward
1775479018.042342,44.759376,1775479021.961316|完整运动,完整运动,circle_orbit,1,1.000000,1.500000,1.500000,,,,,,,,,,,,,,,,1.153727,0.013346,1.163306,0.012093,0.000000,0.000000,-0.300129,,-0.047490,0.000000,,,,0.011568,0.128204,1.500000,51.862216,4.681091,0.000000,circle,预设轨迹15,forward
1775479018.064575,44.781609,1775479021.961316|完整运动,完整运动,circle_orbit,1,1.000000,1.500000,1.500000,,,,,,,,,,,,,,,,1.153884,0.014352,1.163306,0.021893,0.000000,0.000000,-0.300129,,-0.047490,0.000000,,,,0.012438,0.128222,1.500000,51.862216,4.681091,0.000000,circle,预设轨迹15,forward
1775479018.095991,44.813025,1775479021.961316|完整运动,完整运动,circle_orbit,1,1.000000,1.500000,1.500000,,,,,,,,,,,,,,,,1.154125,0.014045,1.168593,0.011746,0.000000,0.000000,-0.301940,,-0.043038,0.000000,,,,0.012169,0.128248,1.500000,51.910455,4.632852,0.000000,circle,预设轨迹15,forward
1775479018.116336,44.833370,1775479021.961316|完整运动,完整运动,circle_orbit,1,1.000000,1.500000,1.500000,,,,,,,,,,,,,,,,1.154409,0.014423,1.171434,0.017259,0.000000,0.000000,-0.302791,,-0.040715,0.000000,,,,0.012494,0.128280,1.500000,51.934527,4.608780,0.000000,circle,预设轨迹15,forward
1775479018.147222,44.864256,1775479021.961316|完整运动,完整运动,circle_orbit,1,1.000000,1.500000,1.500000,,,,,,,,,,,,,,,,1.154772,0.014317,1.176572,0.013521,0.000000,0.000000,-0.304313,,-0.036543,0.000000,,,,0.012398,0.128320,1.500000,51.982900,4.560407,0.000000,circle,预设轨迹15,forward
1775479018.171607,44.888641,1775479021.961316|完整运动,完整运动,circle_orbit,1,1.000000,1.500000,1.500000,,,,,,,,,,,,,,,,1.155183,0.014878,1.179802,0.019082,0.000000,0.000000,-0.304891,,-0.034105,0.000000,,,,0.012879,0.128366,1.500000,52.007242,4.536064,0.000000,circle,预设轨迹15,forward
1775479018.191978,44.909012,1775479021.961316|完整运动,完整运动,circle_orbit,1,1.000000,1.500000,1.500000,,,,,,,,,,,,,,,,1.155637,0.015522,1.182918,0.020351,0.000000,0.000000,-0.305317,,-0.031823,0.000000,,,,0.013431,0.128416,1.500000,52.031542,4.511764,0.000000,circle,预设轨迹15,forward
1775479018.221798,44.938833,1775479021.961316|完整运动,完整运动,circle_orbit,1,1.000000,1.500000,1.500000,,,,,,,,,,,,,,,,1.156138,0.016206,1.186169,0.021337,0.000000,0.000000,-0.305651,,-0.029502,0.000000,,,,0.014017,0.128472,1.500000,52.055706,4.487601,0.000000,circle,预设轨迹15,forward
1775479018.242465,44.959499,1775479021.961316|完整运动,完整运动,circle_orbit,1,1.000000,1.500000,1.500000,,,,,,,,,,,,,,,,1.156729,0.016960,1.192216,0.022620,0.000000,0.000000,-0.305856,,-0.025402,0.000000,,,,0.014662,0.128538,1.500000,52.104184,4.439123,0.000000,circle,预设轨迹15,forward
1775479018.264142,44.981176,1775479021.961316|完整运动,完整运动,circle_orbit,1,1.000000,1.500000,1.500000,,,,,,,,,,,,,,,,1.157311,0.017827,1.192216,0.024326,0.000000,0.000000,-0.305856,,-0.025402,0.000000,,,,0.015404,0.128602,1.500000,52.104184,4.439123,0.000000,circle,预设轨迹15,forward
1775479018.294159,45.011193,1775479021.961316|完整运动,完整运动,circle_orbit,1,1.000000,1.500000,1.500000,,,,,,,,,,,,,,,,1.157990,0.018838,1.198712,0.026418,0.000000,0.000000,-0.305618,,-0.021246,0.000000,,,,0.016268,0.128678,1.500000,52.152876,4.390431,0.000000,circle,预设轨迹15,forward
1775479018.320492,45.037526,1775479021.961316|完整运动,完整运动,circle_orbit,1,1.000000,1.500000,1.500000,,,,,,,,,,,,,,,,1.158708,0.019662,1.201786,0.025842,0.000000,0.000000,-0.305597,,-0.019255,0.000000,,,,0.016969,0.128758,1.500000,52.177048,4.366259,0.000000,circle,预设轨迹15,forward
1775479018.340781,45.057815,1775479021.961316|完整运动,完整运动,circle_orbit,1,1.000000,1.500000,1.500000,,,,,,,,,,,,,,,,1.159529,0.020392,1.208820,0.025865,0.000000,0.000000,-0.305685,,-0.014677,0.000000,,,,0.017586,0.128849,1.500000,52.225541,4.317766,0.000000,circle,预设轨迹15,forward
1775479018.368575,45.085609,1775479021.961316|完整运动,完整运动,circle_orbit,1,1.000000,1.500000,1.500000,,,,,,,,,,,,,,,,1.160383,0.021317,1.211575,0.028256,0.000000,0.000000,-0.305467,,-0.013010,0.000000,,,,0.018370,0.128944,1.500000,52.249780,4.293527,0.000000,circle,预设轨迹15,forward
1775479018.397371,45.114405,1775479021.961316|完整运动,完整运动,circle_orbit,1,1.000000,1.500000,1.500000,,,,,,,,,,,,,,,,1.161278,0.022396,1.215003,0.030492,0.000000,0.000000,-0.304992,,-0.011038,0.000000,,,,0.019286,0.129043,1.500000,52.274053,4.269254,0.000000,circle,预设轨迹15,forward
1775479018.417651,45.134685,1775479021.961316|完整运动,完整运动,circle_orbit,1,1.000000,1.500000,1.500000,,,,,,,,,,,,,,,,1.162283,0.023670,1.222605,0.033224,0.000000,0.000000,-0.304208,,-0.006589,0.000000,,,,0.020365,0.129155,1.500000,52.322140,4.221166,0.000000,circle,预设轨迹15,forward
1775479018.447163,45.164197,1775479021.961316|完整运动,完整运动,circle_orbit,1,1.000000,1.500000,1.500000,,,,,,,,,,,,,,,,1.163272,0.024350,1.222605,0.029447,0.000000,0.000000,-0.304208,,-0.006589,0.000000,,,,0.020932,0.129265,1.500000,52.322140,4.221166,0.000000,circle,预设轨迹15,forward
1775479018.471511,45.188545,1775479021.961316|完整运动,完整运动,circle_orbit,1,1.000000,1.500000,1.500000,,,,,,,,,,,,,,,,1.164365,0.025597,1.229952,0.034950,0.000000,0.000000,-0.303393,,-0.002371,0.000000,,,,0.021983,0.129386,1.500000,52.370507,4.172800,0.000000,circle,预设轨迹15,forward
1775479018.491851,45.208885,1775479021.961316|完整运动,完整运动,circle_orbit,1,1.000000,1.500000,1.500000,,,,,,,,,,,,,,,,1.165495,0.026536,1.233271,0.033583,0.000000,0.000000,-0.302969,,-0.000508,0.000000,,,,0.022768,0.129512,1.500000,52.394788,4.148519,0.000000,circle,预设轨迹15,forward
1775479018.515988,45.233022,1775479021.961316|完整运动,完整运动,circle_orbit,1,1.000000,1.500000,1.500000,,,,,,,,,,,,,,,,1.166580,0.027402,1.231662,0.033896,0.000000,0.000000,-0.302621,,0.001655,0.000000,,,,0.023489,0.129632,1.500000,52.419181,4.124126,0.000000,circle,预设轨迹15,forward
1775479018.545245,45.262279,1775479021.961316|完整运动,完整运动,circle_orbit,1,1.000000,1.500000,1.500000,,,,,,,,,,,,,,,,1.167539,0.028476,1.225130,0.036529,0.000000,0.000000,-0.301963,,0.006006,0.000000,,,,0.024390,0.129739,1.500000,52.467911,4.075396,0.000000,circle,预设轨迹15,forward
1775479018.565957,45.282991,1775479021.961316|完整运动,完整运动,circle_orbit,1,1.000000,1.500000,1.500000,,,,,,,,,,,,,,,,1.168429,0.029307,1.221789,0.035537,0.000000,0.000000,-0.301617,,0.008253,0.000000,,,,0.025082,0.129838,1.500000,52.492334,4.050973,0.000000,circle,预设轨迹15,forward
1775479018.597268,45.314302,1775479021.961316|完整运动,完整运动,circle_orbit,1,1.000000,1.500000,1.500000,,,,,,,,,,,,,,,,1.169256,0.030142,1.218895,0.036404,0.000000,0.000000,-0.301243,,0.010240,0.000000,,,,0.025778,0.129930,1.500000,52.516775,4.026532,0.000000,circle,预设轨迹15,forward
1775479018.619509,45.336543,1775479021.961316|完整运动,完整运动,circle_orbit,1,1.000000,1.500000,1.500000,,,,,,,,,,,,,,,,1.169985,0.031683,1.213698,0.043246,0.000000,0.000000,-0.299853,,0.014152,0.000000,,,,0.027080,0.130011,1.500000,52.565671,3.977636,0.000000,circle,预设轨迹15,forward
1775479018.639984,45.357018,1775479021.961316|完整运动,完整运动,circle_orbit,1,1.000000,1.500000,1.500000,,,,,,,,,,,,,,,,1.170656,0.032845,1.210956,0.041557,0.000000,0.000000,-0.298944,,0.016305,0.000000,,,,0.028057,0.130085,1.500000,52.590085,3.953222,0.000000,circle,预设轨迹15,forward
1775479018.666864,45.383898,1775479021.961316|完整运动,完整运动,circle_orbit,1,1.000000,1.500000,1.500000,,,,,,,,,,,,,,,,1.171317,0.033336,1.210956,0.037021,0.000000,0.000000,-0.298944,,0.016305,0.000000,,,,0.028460,0.130159,1.500000,52.590085,3.953222,0.000000,circle,预设轨迹15,forward
1775479018.692671,45.409705,1775479021.961316|完整运动,完整运动,circle_orbit,1,1.000000,1.500000,1.500000,,,,,,,,,,,,,,,,1.171886,0.035320,1.206007,0.050194,0.000000,0.000000,-0.296834,,0.020420,0.000000,,,,0.030139,0.130222,1.500000,52.639235,3.904071,0.000000,circle,预设轨迹15,forward
1775479018.713100,45.430134,1775479021.961316|完整运动,完整运动,circle_orbit,1,1.000000,1.500000,1.500000,,,,,,,,,,,,,,,,1.172399,0.036507,1.203205,0.045415,0.000000,0.000000,-0.295775,,0.022701,0.000000,,,,0.031139,0.130279,1.500000,52.663812,3.879495,0.000000,circle,预设轨迹15,forward
1775479018.742995,45.460029,1775479021.961316|完整运动,完整运动,circle_orbit,1,1.000000,1.500000,1.500000,,,,,,,,,,,,,,,,1.172830,0.038369,1.198696,0.052335,0.000000,0.000000,-0.293731,,0.026540,0.000000,,,,0.032715,0.130327,1.500000,52.712691,3.830615,0.000000,circle,预设轨迹15,forward
1775479018.777748,45.494782,1775479021.961316|完整运动,完整运动,circle_orbit,1,1.000000,1.500000,1.500000,,,,,,,,,,,,,,,,1.173210,0.039462,1.195987,0.047655,0.000000,0.000000,-0.292712,,0.028765,0.000000,,,,0.033636,0.130369,1.500000,52.737218,3.806089,0.000000,circle,预设轨迹15,forward
1775479018.798967,45.516001,1775479021.961316|完整运动,完整运动,circle_orbit,1,1.000000,1.500000,1.500000,,,,,,,,,,,,,,,,1.173520,0.041639,1.192158,0.057971,0.000000,0.000000,-0.290132,,0.032429,0.000000,,,,0.035482,0.130404,1.500000,52.786566,3.756741,0.000000,circle,预设轨迹15,forward
1775479018.819581,45.536615,1775479021.961316|完整运动,完整运动,circle_orbit,1,1.000000,1.500000,1.500000,,,,,,,,,,,,,,,,1.173783,0.042960,1.189564,0.052864,0.000000,0.000000,-0.288688,,0.034786,0.000000,,,,0.036599,0.130433,1.500000,52.811181,3.732126,0.000000,circle,预设轨迹15,forward
1775479018.847358,45.564392,1775479021.961316|完整运动,完整运动,circle_orbit,1,1.000000,1.500000,1.500000,,,,,,,,,,,,,,,,1.174005,0.044203,1.187275,0.053530,0.000000,0.000000,-0.287319,,0.036914,0.000000,,,,0.037652,0.130457,1.500000,52.835567,3.707740,0.000000,circle,预设轨迹15,forward
1775479018.867725,45.584759,1775479021.961316|完整运动,完整运动,circle_orbit,1,1.000000,1.500000,1.500000,,,,,,,,,,,,,,,,1.174197,0.045431,1.185724,0.054638,0.000000,0.000000,-0.285943,,0.038559,0.000000,,,,0.038691,0.130479,1.500000,52.859968,3.683339,0.000000,circle,预设轨迹15,forward
1775479018.890591,45.607625,1775479021.961316|完整运动,完整运动,circle_orbit,1,1.000000,1.500000,1.500000,,,,,,,,,,,,,,,,1.174360,0.046722,1.184131,0.056408,0.000000,0.000000,-0.284446,,0.040287,0.000000,,,,0.039786,0.130497,1.500000,52.884678,3.658628,0.000000,circle,预设轨迹15,forward
1775479018.911729,45.628763,1775479021.961316|完整运动,完整运动,circle_orbit,1,1.000000,1.500000,1.500000,,,,,,,,,,,,,,,,1.174478,0.048054,1.181593,0.058044,0.000000,0.000000,-0.282863,,0.042692,0.000000,,,,0.040916,0.130510,1.500000,52.909377,3.633929,0.000000,circle,预设轨迹15,forward
1775479018.932061,45.649095,1775479021.961316|完整运动,完整运动,circle_orbit,1,1.000000,1.500000,1.500000,,,,,,,,,,,,,,,,1.174571,0.049371,1.180135,0.059244,0.000000,0.000000,-0.281267,,0.044381,0.000000,,,,0.042033,0.130520,1.500000,52.933938,3.609368,0.000000,circle,预设轨迹15,forward
1775479018.964180,45.681214,1775479021.961316|完整运动,完整运动,circle_orbit,1,1.000000,1.500000,1.500000,,,,,,,,,,,,,,,,1.174599,0.051690,1.176288,0.069086,0.000000,0.000000,-0.278223,,0.048332,0.000000,,,,0.044007,0.130523,1.500000,52.983004,3.560303,0.000000,circle,预设轨迹15,forward
1775479018.989160,45.706194,1775479021.961316|完整运动,完整运动,circle_orbit,1,1.000000,1.500000,1.500000,,,,,,,,,,,,,,,,1.174597,0.052927,1.174465,0.062199,0.000000,0.000000,-0.276632,,0.050277,0.000000,,,,0.045059,0.130523,1.500000,53.007368,3.535938,0.000000,circle,预设轨迹15,forward
1775479019.009703,45.726737,1775479021.961316|完整运动,完整运动,circle_orbit,1,1.000000,1.500000,1.500000,,,,,,,,,,,,,,,,1.174564,0.054145,1.172616,0.063284,0.000000,0.000000,-0.275043,,0.052242,0.000000,,,,0.046098,0.130520,1.500000,53.031851,3.511456,0.000000,circle,预设轨迹15,forward
1775479019.038438,45.755472,1775479021.961316|完整运动,完整运动,circle_orbit,1,1.000000,1.500000,1.500000,,,,,,,,,,,,,,,,1.174499,0.055305,1.170604,0.064001,0.000000,0.000000,-0.273515,,0.054295,0.000000,,,,0.047088,0.130512,1.500000,53.056239,3.487067,0.000000,circle,预设轨迹15,forward
1775479019.062543,45.779577,1775479021.961316|完整运动,完整运动,circle_orbit,1,1.000000,1.500000,1.500000,,,,,,,,,,,,,,,,1.174402,0.056507,1.168528,0.065526,0.000000,0.000000,-0.271908,,0.056432,0.000000,,,,0.048116,0.130501,1.500000,53.080630,3.462676,0.000000,circle,预设轨迹15,forward
1775479019.082886,45.799920,1775479021.961316|完整运动,完整运动,circle_orbit,1,1.000000,1.500000,1.500000,,,,,,,,,,,,,,,,1.174256,0.059059,1.165532,0.078192,0.000000,0.000000,-0.268368,,0.060067,0.000000,,,,0.050294,0.130485,1.500000,53.129211,3.414096,0.000000,circle,预设轨迹15,forward
1775479019.114192,45.831226,1775479021.961316|完整运动,完整运动,circle_orbit,1,1.000000,1.500000,1.500000,,,,,,,,,,,,,,,,1.174096,0.060448,1.164480,0.070869,0.000000,0.000000,-0.266383,,0.061676,0.000000,,,,0.051485,0.130467,1.500000,53.153549,3.389758,0.000000,circle,预设轨迹15,forward
1775479019.143303,45.860337,1775479021.961316|完整运动,完整运动,circle_orbit,1,1.000000,1.500000,1.500000,,,,,,,,,,,,,,,,1.173918,0.061808,1.163264,0.072012,0.000000,0.000000,-0.264410,,0.063395,0.000000,,,,0.052651,0.130448,1.500000,53.177840,3.365467,0.000000,circle,预设轨迹15,forward
1775479019.163623,45.880657,1775479021.961316|完整运动,完整运动,circle_orbit,1,1.000000,1.500000,1.500000,,,,,,,,,,,,,,,,1.173701,0.064376,1.160681,0.083631,0.000000,0.000000,-0.260702,,0.066837,0.000000,,,,0.054849,0.130424,1.500000,53.226148,3.317159,0.000000,circle,预设轨迹15,forward
1775479019.185439,45.902473,1775479021.961316|完整运动,完整运动,circle_orbit,1,1.000000,1.500000,1.500000,,,,,,,,,,,,,,,,1.173464,0.065632,1.159201,0.075049,0.000000,0.000000,-0.258765,,0.068729,0.000000,,,,0.055930,0.130397,1.500000,53.250329,3.292977,0.000000,circle,预设轨迹15,forward
1775479019.215209,45.932243,1775479021.961316|完整运动,完整运动,circle_orbit,1,1.000000,1.500000,1.500000,,,,,,,,,,,,,,,,1.173202,0.066896,1.157524,0.076384,0.000000,0.000000,-0.256799,,0.070775,0.000000,,,,0.057020,0.130368,1.500000,53.274648,3.268658,0.000000,circle,预设轨迹15,forward
1775479019.235563,45.952597,1775479021.961316|完整运动,完整运动,circle_orbit,1,1.000000,1.500000,1.500000,,,,,,,,,,,,,,,,1.172927,0.068237,1.156427,0.078295,0.000000,0.000000,-0.254705,,0.072474,0.000000,,,,0.058177,0.130338,1.500000,53.298993,3.244313,0.000000,circle,预设轨迹15,forward
1775479019.257409,45.974443,1775479021.961316|完整运动,完整运动,circle_orbit,1,1.000000,1.500000,1.500000,,,,,,,,,,,,,,,,1.172657,0.069742,1.156441,0.081024,0.000000,0.000000,-0.252353,,0.073510,0.000000,,,,0.059473,0.130308,1.500000,53.323072,3.220234,0.000000,circle,预设轨迹15,forward
1775479019.285972,46.003006,1775479021.961316|完整运动,完整运动,circle_orbit,1,1.000000,1.500000,1.500000,,,,,,,,,,,,,,,,1.172365,0.072861,1.154849,0.096254,0.000000,0.000000,-0.247680,,0.076704,0.000000,,,,0.062149,0.130275,1.500000,53.371244,3.172063,0.000000,circle,预设轨迹15,forward
1775479019.306334,46.023368,1775479021.961316|完整运动,完整运动,circle_orbit,1,1.000000,1.500000,1.500000,,,,,,,,,,,,,,,,1.172074,0.074340,1.154634,0.085437,0.000000,0.000000,-0.245216,,0.077950,0.000000,,,,0.063426,0.130243,1.500000,53.395476,3.147830,0.000000,circle,预设轨迹15,forward
1775479019.328343,46.045377,1775479021.961316|完整运动,完整运动,circle_orbit,1,1.000000,1.500000,1.500000,,,,,,,,,,,,,,,,1.171778,0.075827,1.154020,0.086974,0.000000,0.000000,-0.242717,,0.079493,0.000000,,,,0.064711,0.130210,1.500000,53.419807,3.123500,0.000000,circle,预设轨迹15,forward
1775479019.357109,46.074143,1775479021.961316|完整运动,完整运动,circle_orbit,1,1.000000,1.500000,1.500000,,,,,,,,,,,,,,,,1.171468,0.077255,1.152832,0.087968,0.000000,0.000000,-0.240275,,0.081416,0.000000,,,,0.065947,0.130175,1.500000,53.444131,3.099176,0.000000,circle,预设轨迹15,forward
1775479019.377484,46.094518,1775479021.961316|完整运动,完整运动,circle_orbit,1,1.000000,1.500000,1.500000,,,,,,,,,,,,,,,,1.171139,0.080415,1.151397,0.104115,0.000000,0.000000,-0.235356,,0.084616,0.000000,,,,0.068664,0.130139,1.500000,53.492785,3.050521,0.000000,circle,预设轨迹15,forward
1775479019.398699,46.115733,1775479021.961316|完整运动,完整运动,circle_orbit,1,1.000000,1.500000,1.500000,,,,,,,,,,,,,,,,1.170808,0.081758,1.150982,0.091833,0.000000,0.000000,-0.232901,,0.086000,0.000000,,,,0.069831,0.130102,1.500000,53.517025,3.026282,0.000000,circle,预设轨迹15,forward
1775479019.422612,46.139646,1775479021.961316|完整运动,完整运动,circle_orbit,1,1.000000,1.500000,1.500000,,,,,,,,,,,,,,,,1.170471,0.083009,1.150224,0.092388,0.000000,0.000000,-0.230564,,0.087576,0.000000,,,,0.070919,0.130065,1.500000,53.541379,3.001928,0.000000,circle,预设轨迹15,forward
1775479019.443213,46.160247,1775479021.961316|完整运动,完整运动,circle_orbit,1,1.000000,1.500000,1.500000,,,,,,,,,,,,,,,,1.170129,0.084246,1.149612,0.093527,0.000000,0.000000,-0.228236,,0.089045,0.000000,,,,0.071998,0.130027,1.500000,53.565732,2.977575,0.000000,circle,预设轨迹15,forward
1775479019.470642,46.187676,1775479021.961316|完整运动,完整运动,circle_orbit,1,1.000000,1.500000,1.500000,,,,,,,,,,,,,,,,1.169793,0.083834,1.149612,0.080737,0.000000,0.000000,-0.228236,,0.089045,0.000000,,,,0.071665,0.129989,1.500000,53.565732,2.977575,0.000000,circle,预设轨迹15,forward
1775479019.501262,46.218296,1775479021.961316|完整运动,完整运动,circle_orbit,1,1.000000,1.500000,1.500000,,,,,,,,,,,,,,,,1.169448,0.086956,1.148793,0.110377,0.000000,0.000000,-0.223295,,0.091822,0.000000,,,,0.074357,0.129951,1.500000,53.614532,2.928775,0.000000,circle,预设轨迹15,forward
1775479019.521616,46.238650,1775479021.961316|完整运动,完整运动,circle_orbit,1,1.000000,1.500000,1.500000,,,,,,,,,,,,,,,,1.169114,0.090444,1.149029,0.116598,0.000000,0.000000,-0.217722,,0.094132,0.000000,,,,0.077361,0.129914,1.500000,53.663277,2.880030,0.000000,circle,预设轨迹15,forward
1775479019.544498,46.261533,1775479021.961316|完整运动,完整运动,circle_orbit,1,1.000000,1.500000,1.500000,,,,,,,,,,,,,,,,1.168780,0.091883,1.148763,0.102680,0.000000,0.000000,-0.214926,,0.095564,0.000000,,,,0.078615,0.129877,1.500000,53.687496,2.855810,0.000000,circle,预设轨迹15,forward
1775479019.573480,46.290514,1775479021.961316|完整运动,完整运动,circle_orbit,1,1.000000,1.500000,1.500000,,,,,,,,,,,,,,,,1.168446,0.093173,1.148387,0.102851,0.000000,0.000000,-0.212325,,0.096987,0.000000,,,,0.079741,0.129840,1.500000,53.711597,2.831710,0.000000,circle,预设轨迹15,forward
1775479019.593782,46.310816,1775479021.961316|完整运动,完整运动,circle_orbit,1,1.000000,1.500000,1.500000,,,,,,,,,,,,,,,,1.168121,0.094429,1.148613,0.103849,0.000000,0.000000,-0.209762,,0.097966,0.000000,,,,0.080839,0.129803,1.500000,53.735570,2.807737,0.000000,circle,预设轨迹15,forward
1775479019.614294,46.331328,1775479021.961316|完整运动,完整运动,circle_orbit,1,1.000000,1.500000,1.500000,,,,,,,,,,,,,,,,1.167805,0.095693,1.148872,0.105170,0.000000,0.000000,-0.207178,,0.098930,0.000000,,,,0.081943,0.129768,1.500000,53.759476,2.783831,0.000000,circle,预设轨迹15,forward
1775479019.637794,46.354828,1775479021.961316|完整运动,完整运动,circle_orbit,1,1.000000,1.500000,1.500000,,,,,,,,,,,,,,,,1.167500,0.097092,1.149181,0.107583,0.000000,0.000000,-0.204391,,0.099949,0.000000,,,,0.083162,0.129734,1.500000,53.783542,2.759765,0.000000,circle,预设轨迹15,forward
1775479019.661513,46.378547,1775479021.961316|完整运动,完整运动,circle_orbit,1,1.000000,1.500000,1.500000,,,,,,,,,,,,,,,,1.167212,0.100530,1.149962,0.126319,0.000000,0.000000,-0.198692,,0.101929,0.000000,,,,0.086129,0.129703,1.500000,53.831722,2.711585,0.000000,circle,预设轨迹15,forward
1775479019.688507,46.405541,1775479021.961316|完整运动,完整运动,circle_orbit,1,1.000000,1.500000,1.500000,,,,,,,,,,,,,,,,1.166929,0.099863,1.149962,0.094859,0.000000,0.000000,-0.198692,,0.101929,0.000000,,,,0.085578,0.129671,1.500000,53.831722,2.711585,0.000000,circle,预设轨迹15,forward
1775479019.712248,46.429282,1775479021.961316|完整运动,完整运动,circle_orbit,1,1.000000,1.500000,1.500000,,,,,,,,,,,,,,,,1.166670,0.103412,1.151118,0.130032,0.000000,0.000000,-0.192802,,0.103728,0.000000,,,,0.088639,0.129642,1.500000,53.879382,2.663925,0.000000,circle,预设轨迹15,forward
1775479019.732913,46.449947,1775479021.961316|完整运动,完整运动,circle_orbit,1,1.000000,1.500000,1.500000,,,,,,,,,,,,,,,,1.166431,0.104845,1.152106,0.115588,0.000000,0.000000,-0.189782,,0.104371,0.000000,,,,0.089885,0.129616,1.500000,53.903063,2.640244,0.000000,circle,预设轨迹15,forward
1775479019.762224,46.479259,1775479021.961316|完整运动,完整运动,circle_orbit,1,1.000000,1.500000,1.500000,,,,,,,,,,,,,,,,1.166218,0.108553,1.153388,0.136366,0.000000,0.000000,-0.183517,,0.106252,0.000000,,,,0.093081,0.129592,1.500000,53.950951,2.592356,0.000000,circle,预设轨迹15,forward
1775479019.784278,46.501312,1775479021.961316|完整运动,完整运动,circle_orbit,1,1.000000,1.500000,1.500000,,,,,,,,,,,,,,,,1.166020,0.109924,1.154145,0.120209,0.000000,0.000000,-0.180434,,0.107090,0.000000,,,,0.094273,0.129570,1.500000,53.974952,2.568354,0.000000,circle,预设轨迹15,forward
1775479019.804630,46.521664,1775479021.961316|完整运动,完整运动,circle_orbit,1,1.000000,1.500000,1.500000,,,,,,,,,,,,,,,,1.165843,0.111241,1.155244,0.121116,0.000000,0.000000,-0.177419,,0.107657,0.000000,,,,0.095417,0.129550,1.500000,53.998947,2.544360,0.000000,circle,预设轨迹15,forward
1775479019.834690,46.551724,1775479021.961316|完整运动,完整运动,circle_orbit,1,1.000000,1.500000,1.500000,,,,,,,,,,,,,,,,1.165684,0.112576,1.156166,0.122591,0.000000,0.000000,-0.174373,,0.108363,0.000000,,,,0.096575,0.129533,1.500000,54.022774,2.520532,0.000000,circle,预设轨迹15,forward
1775479019.855243,46.572277,1775479021.961316|完整运动,完整运动,circle_orbit,1,1.000000,1.500000,1.500000,,,,,,,,,,,,,,,,1.165543,0.113945,1.157077,0.124208,0.000000,0.000000,-0.171271,,0.109103,0.000000,,,,0.097761,0.129517,1.500000,54.046576,2.496730,0.000000,circle,预设轨迹15,forward
1775479019.875711,46.592745,1775479021.961316|完整运动,完整运动,circle_orbit,1,1.000000,1.500000,1.500000,,,,,,,,,,,,,,,,1.165414,0.115215,1.157684,0.124738,0.000000,0.000000,-0.168300,,0.109999,0.000000,,,,0.098861,0.129503,1.500000,54.070491,2.472816,0.000000,circle,预设轨迹15,forward
1775479019.908050,46.625084,1775479021.961316|完整运动,完整运动,circle_orbit,1,1.000000,1.500000,1.500000,,,,,,,,,,,,,,,,1.165325,0.118700,1.159950,0.144843,0.000000,0.000000,-0.162177,,0.111139,0.000000,,,,0.101860,0.129493,1.500000,54.118311,2.424996,0.000000,circle,预设轨迹15,forward
1775479019.938913,46.655947,1775479021.961316|完整运动,完整运动,circle_orbit,1,1.000000,1.500000,1.500000,,,,,,,,,,,,,,,,1.165266,0.120061,1.161743,0.130265,0.000000,0.000000,-0.158944,,0.111329,0.000000,,,,0.103033,0.129486,1.500000,54.142206,2.401101,0.000000,circle,预设轨迹15,forward
1775479019.960058,46.677093,1775479021.961316|完整运动,完整运动,circle_orbit,1,1.000000,1.500000,1.500000,,,,,,,,,,,,,,,,1.165264,0.123685,1.165154,0.150865,0.000000,0.000000,-0.152490,,0.111835,0.000000,,,,0.106143,0.129486,1.500000,54.189805,2.353502,0.000000,circle,预设轨迹15,forward
1775479019.984278,46.701312,1775479021.961316|完整运动,完整运动,circle_orbit,1,1.000000,1.500000,1.500000,,,,,,,,,,,,,,,,1.165263,0.122673,1.165154,0.115086,0.000000,0.000000,-0.152490,,0.111835,0.000000,,,,0.105275,0.129486,1.500000,54.189805,2.353502,0.000000,circle,预设轨迹15,forward
1775479020.015813,46.732847,1775479021.961316|完整运动,完整运动,circle_orbit,1,1.000000,1.500000,1.500000,,,,,,,,,,,,,,,,1.165304,0.125858,1.167806,0.149748,0.000000,0.000000,-0.146654,,0.112601,0.000000,,,,0.108005,0.129491,1.500000,54.237156,2.306151,0.000000,circle,预设轨迹15,forward
1775479020.037704,46.754738,1775479021.961316|完整运动,完整运动,circle_orbit,1,1.000000,1.500000,1.500000,,,,,,,,,,,,,,,,1.165375,0.126976,1.169619,0.135355,0.000000,0.000000,-0.143647,,0.112694,0.000000,,,,0.108957,0.129498,1.500000,54.260747,2.282560,0.000000,circle,预设轨迹15,forward
1775479020.058303,46.775337,1775479021.961316|完整运动,完整运动,circle_orbit,1,1.000000,1.500000,1.500000,,,,,,,,,,,,,,,,1.165521,0.130656,1.174285,0.158263,0.000000,0.000000,-0.137002,,0.112463,0.000000,,,,0.112101,0.129515,1.500000,54.307686,2.235621,0.000000,circle,预设轨迹15,forward
1775479020.089513,46.806547,1775479021.961316|完整运动,完整运动,circle_orbit,1,1.000000,1.500000,1.500000,,,,,,,,,,,,,,,,1.165695,0.131906,1.176103,0.141279,0.000000,0.000000,-0.133680,,0.112705,0.000000,,,,0.113157,0.129534,1.500000,54.331361,2.211946,0.000000,circle,预设轨迹15,forward
1775479020.111126,46.828160,1775479021.961316|完整运动,完整运动,circle_orbit,1,1.000000,1.500000,1.500000,,,,,,,,,,,,,,,,1.165897,0.133016,1.178023,0.141336,0.000000,0.000000,-0.130560,,0.112793,0.000000,,,,0.114089,0.129556,1.500000,54.354973,2.188334,0.000000,circle,预设轨迹15,forward
1775479020.131603,46.848637,1775479021.961316|完整运动,完整运动,circle_orbit,1,1.000000,1.500000,1.500000,,,,,,,,,,,,,,,,1.166140,0.134236,1.180725,0.143385,0.000000,0.000000,-0.127292,,0.112424,0.000000,,,,0.115111,0.129583,1.500000,54.378583,2.164724,0.000000,circle,预设轨迹15,forward
1775479020.152284,46.869318,1775479021.961316|完整运动,完整运动,circle_orbit,1,1.000000,1.500000,1.500000,,,,,,,,,,,,,,,,1.166416,0.135545,1.183010,0.145363,0.000000,0.000000,-0.123898,,0.112399,0.000000,,,,0.116206,0.129614,1.500000,54.402226,2.141081,0.000000,circle,预设轨迹15,forward
1775479020.172756,46.889790,1775479021.961316|完整运动,完整运动,circle_orbit,1,1.000000,1.500000,1.500000,,,,,,,,,,,,,,,,1.166729,0.136838,1.185507,0.146541,0.000000,0.000000,-0.120522,,0.112231,0.000000,,,,0.117284,0.129649,1.500000,54.425697,2.117610,0.000000,circle,预设轨迹15,forward
1775479020.203220,46.920254,1775479021.961316|完整运动,完整运动,circle_orbit,1,1.000000,1.500000,1.500000,,,,,,,,,,,,,,,,1.167118,0.140648,1.190458,0.169223,0.000000,0.000000,-0.113565,,0.112034,0.000000,,,,0.120509,0.129692,1.500000,54.473096,2.070211,0.000000,circle,预设轨迹15,forward
1775479020.231849,46.948884,1775479021.961316|完整运动,完整运动,circle_orbit,1,1.000000,1.500000,1.500000,,,,,,,,,,,,,,,,1.167541,0.141904,1.192895,0.151322,0.000000,0.000000,-0.110096,,0.111967,0.000000,,,,0.121541,0.129739,1.500000,54.496948,2.046358,0.000000,circle,预设轨迹15,forward
1775479020.252199,46.969233,1775479021.961316|完整运动,完整运动,circle_orbit,1,1.000000,1.500000,1.500000,,,,,,,,,,,,,,,,1.168001,0.143112,1.195601,0.152172,0.000000,0.000000,-0.106698,,0.111698,0.000000,,,,0.122527,0.129790,1.500000,54.520780,2.022527,0.000000,circle,预设轨迹15,forward
1775479020.276025,46.993059,1775479021.961316|完整运动,完整运动,circle_orbit,1,1.000000,1.500000,1.500000,,,,,,,,,,,,,,,,1.168502,0.144319,1.198574,0.153370,0.000000,0.000000,-0.103305,,0.111262,0.000000,,,,0.123508,0.129846,1.500000,54.544526,1.998781,0.000000,circle,预设轨迹15,forward
1775479020.304961,47.021996,1775479021.961316|完整运动,完整运动,circle_orbit,1,1.000000,1.500000,1.500000,,,,,,,,,,,,,,,,1.169079,0.147972,1.203673,0.175374,0.000000,0.000000,-0.096439,,0.111000,0.000000,,,,0.126572,0.129910,1.500000,54.592234,1.951073,0.000000,circle,预设轨迹15,forward
1775479020.325536,47.042570,1775479021.961316|完整运动,完整运动,circle_orbit,1,1.000000,1.500000,1.500000,,,,,,,,,,,,,,,,1.169690,0.149048,1.206360,0.157118,0.000000,0.000000,-0.093105,,0.110747,0.000000,,,,0.127425,0.129978,1.500000,54.616166,1.927141,0.000000,circle,预设轨迹15,forward
1775479020.348831,47.065865,1775479021.961316|完整运动,完整运动,circle_orbit,1,1.000000,1.500000,1.500000,,,,,,,,,,,,,,,,1.170349,0.150181,1.209888,0.158677,0.000000,0.000000,-0.089703,,0.109993,0.000000,,,,0.128322,0.130051,1.500000,54.640182,1.903125,0.000000,circle,预设轨迹15,forward
1775479020.370444,47.087478,1775479021.961316|完整运动,完整运动,circle_orbit,1,1.000000,1.500000,1.500000,,,,,,,,,,,,,,,,1.171054,0.151284,1.213349,0.159556,0.000000,0.000000,-0.086351,,0.109273,0.000000,,,,0.129186,0.130129,1.500000,54.664048,1.879258,0.000000,circle,预设轨迹15,forward
1775479020.390867,47.107901,1775479021.961316|完整运动,完整运动,circle_orbit,1,1.000000,1.500000,1.500000,,,,,,,,,,,,,,,,1.171802,0.152263,1.216678,0.159604,0.000000,0.000000,-0.083185,,0.108566,0.000000,,,,0.129939,0.130213,1.500000,54.687767,1.855540,0.000000,circle,预设轨迹15,forward
1775479020.421729,47.138763,1775479021.961316|完整运动,完整运动,circle_orbit,1,1.000000,1.500000,1.500000,,,,,,,,,,,,,,,,1.172596,0.153226,1.220243,0.160454,0.000000,0.000000,-0.080052,,0.107707,0.000000,,,,0.130673,0.130301,1.500000,54.711424,1.831882,0.000000,circle,预设轨迹15,forward
1775479020.446280,47.163314,1775479021.961316|完整运动,完整运动,circle_orbit,1,1.000000,1.500000,1.500000,,,,,,,,,,,,,,,,1.173502,0.156398,1.227870,0.180188,0.000000,0.000000,-0.073789,,0.105719,0.000000,,,,0.133275,0.130401,1.500000,54.758524,1.784783,0.000000,circle,预设轨迹15,forward
1775479020.466928,47.183962,1775479021.961316|完整运动,完整运动,circle_orbit,1,1.000000,1.500000,1.500000,,,,,,,,,,,,,,,,1.174458,0.157440,1.231841,0.165253,0.000000,0.000000,-0.070445,,0.104744,0.000000,,,,0.134053,0.130508,1.500000,54.782110,1.761197,0.000000,circle,预设轨迹15,forward
1775479020.496373,47.213407,1775479021.961316|完整运动,完整运动,circle_orbit,1,1.000000,1.500000,1.500000,,,,,,,,,,,,,,,,1.175465,0.158484,1.235890,0.166311,0.000000,0.000000,-0.067108,,0.103734,0.000000,,,,0.134826,0.130620,1.500000,54.805761,1.737546,0.000000,circle,预设轨迹15,forward
1775479020.519844,47.236878,1775479021.961316|完整运动,完整运动,circle_orbit,1,1.000000,1.500000,1.500000,,,,,,,,,,,,,,,,1.176518,0.159426,1.239659,0.166490,0.000000,0.000000,-0.063926,,0.102842,0.000000,,,,0.135506,0.130737,1.500000,54.829217,1.714089,0.000000,circle,预设轨迹15,forward
1775479020.540116,47.257150,1775479021.961316|完整运动,完整运动,circle_orbit,1,1.000000,1.500000,1.500000,,,,,,,,,,,,,,,,1.177683,0.162478,1.247617,0.185368,0.000000,0.000000,-0.057756,,0.100761,0.000000,,,,0.137964,0.130866,1.500000,54.876364,1.666942,0.000000,circle,预设轨迹15,forward
1775479020.566844,47.283878,1775479021.961316|完整运动,完整运动,circle_orbit,1,1.000000,1.500000,1.500000,,,,,,,,,,,,,,,,1.178830,0.161118,1.247617,0.150919,0.000000,0.000000,-0.057756,,0.100761,0.000000,,,,0.136676,0.130993,1.500000,54.876364,1.666942,0.000000,circle,预设轨迹15,forward
1775479020.594561,47.311595,1775479021.961316|完整运动,完整运动,circle_orbit,1,1.000000,1.500000,1.500000,,,,,,,,,,,,,,,,1.180101,0.164263,1.256359,0.187851,0.000000,0.000000,-0.051491,,0.098317,0.000000,,,,0.139194,0.131135,1.500000,54.923601,1.619705,0.000000,circle,预设轨迹15,forward
1775479020.614835,47.331869,1775479021.961316|完整运动,完整运动,circle_orbit,1,1.000000,1.500000,1.500000,,,,,,,,,,,,,,,,1.181416,0.165189,1.260339,0.172135,0.000000,0.000000,-0.048269,,0.097392,0.000000,,,,0.139823,0.131281,1.500000,54.947304,1.596002,0.000000,circle,预设轨迹15,forward
1775479020.646498,47.363532,1775479021.961316|完整运动,完整运动,circle_orbit,1,1.000000,1.500000,1.500000,,,,,,,,,,,,,,,,1.182850,0.168355,1.268857,0.192102,0.000000,0.000000,-0.041875,,0.095241,0.000000,,,,0.142330,0.131440,1.500000,54.994788,1.548519,0.000000,circle,预设轨迹15,forward
1775479020.668167,47.385201,1775479021.961316|完整运动,完整运动,circle_orbit,1,1.000000,1.500000,1.500000,,,,,,,,,,,,,,,,1.184334,0.169260,1.273398,0.176049,0.000000,0.000000,-0.038586,,0.094068,0.000000,,,,0.142916,0.131605,1.500000,55.018654,1.524652,0.000000,circle,预设轨迹15,forward
1775479020.688454,47.405488,1775479021.961316|完整运动,完整运动,circle_orbit,1,1.000000,1.500000,1.500000,,,,,,,,,,,,,,,,1.185862,0.170106,1.277533,0.176446,0.000000,0.000000,-0.035403,,0.093100,0.000000,,,,0.143445,0.131775,1.500000,55.042516,1.500791,0.000000,circle,预设轨迹15,forward
1775479020.718177,47.435211,1775479021.961316|完整运动,完整运动,circle_orbit,1,1.000000,1.500000,1.500000,,,,,,,,,,,,,,,,1.187434,0.170883,1.281785,0.176711,0.000000,0.000000,-0.032338,,0.092028,0.000000,,,,0.143909,0.131950,1.500000,55.066375,1.476932,0.000000,circle,预设轨迹15,forward
1775479020.744047,47.461081,1775479021.961316|完整运动,完整运动,circle_orbit,1,1.000000,1.500000,1.500000,,,,,,,,,,,,,,,,1.189051,0.171663,1.286025,0.177510,0.000000,0.000000,-0.029293,,0.090970,0.000000,,,,0.144369,0.132129,1.500000,55.090234,1.453073,0.000000,circle,预设轨迹15,forward
1775479020.764863,47.481897,1775479021.961316|完整运动,完整运动,circle_orbit,1,1.000000,1.500000,1.500000,,,,,,,,,,,,,,,,1.190801,0.174701,1.295838,0.197487,0.000000,0.000000,-0.023054,,0.088223,0.000000,,,,0.146709,0.132324,1.500000,55.138353,1.404954,0.000000,circle,预设轨迹15,forward
1775479020.790675,47.507709,1775479021.961316|完整运动,完整运动,circle_orbit,1,1.000000,1.500000,1.500000,,,,,,,,,,,,,,,,1.192523,0.173279,1.295838,0.162614,0.000000,0.000000,-0.023054,,0.088223,0.000000,,,,0.145304,0.132515,1.500000,55.138353,1.404954,0.000000,circle,预设轨迹15,forward
1775479020.817785,47.534819,1775479021.961316|完整运动,完整运动,circle_orbit,1,1.000000,1.500000,1.500000,,,,,,,,,,,,,,,,1.194380,0.175902,1.305777,0.195575,0.000000,0.000000,-0.017443,,0.085210,0.000000,,,,0.147275,0.132721,1.500000,55.186381,1.356925,0.000000,circle,预设轨迹15,forward
1775479020.839171,47.556205,1775479021.961316|完整运动,完整运动,circle_orbit,1,1.000000,1.500000,1.500000,,,,,,,,,,,,,,,,1.196394,0.178353,1.317226,0.196737,0.000000,0.000000,-0.011983,,0.081397,0.000000,,,,0.149076,0.132945,1.500000,55.233940,1.309367,0.000000,circle,预设轨迹15,forward
1775479020.860507,47.577542,1775479021.961316|完整运动,完整运动,circle_orbit,1,1.000000,1.500000,1.500000,,,,,,,,,,,,,,,,1.198471,0.178927,1.323118,0.183230,0.000000,0.000000,-0.009120,,0.079500,0.000000,,,,0.149296,0.133176,1.500000,55.257702,1.285605,0.000000,circle,预设轨迹15,forward
1775479020.882943,47.599977,1775479021.961316|完整运动,完整运动,circle_orbit,1,1.000000,1.500000,1.500000,,,,,,,,,,,,,,,,1.200514,0.177513,1.323118,0.166912,0.000000,0.000000,-0.009120,,0.079500,0.000000,,,,0.147864,0.133403,1.500000,55.257702,1.285605,0.000000,circle,预设轨迹15,forward
1775479020.906932,47.623966,1775479021.961316|完整运动,完整运动,circle_orbit,1,1.000000,1.500000,1.500000,,,,,,,,,,,,,,,,1.202693,0.180015,1.333428,0.198780,0.000000,0.000000,-0.003690,,0.076435,0.000000,,,,0.149677,0.133645,1.500000,55.305205,1.238102,0.000000,circle,预设轨迹15,forward
1775479020.927349,47.644383,1775479021.961316|完整运动,完整运动,circle_orbit,1,1.000000,1.500000,1.500000,,,,,,,,,,,,,,,,1.204929,0.180443,1.339048,0.183655,0.000000,0.000000,-0.001125,,0.074624,0.000000,,,,0.149754,0.133894,1.500000,55.328891,1.214416,0.000000,circle,预设轨迹15,forward
1775479020.960279,47.677313,1775479021.961316|完整运动,完整运动,circle_orbit,1,1.000000,1.500000,1.500000,,,,,,,,,,,,,,,,1.207192,0.180897,1.343013,0.184302,0.000000,0.000000,0.001442,,0.072416,0.000000,,,,0.149850,0.134145,1.500000,55.352574,1.190733,0.000000,circle,预设轨迹15,forward
1775479020.986920,47.703954,1775479021.961316|完整运动,完整运动,circle_orbit,1,1.000000,1.500000,1.500000,,,,,,,,,,,,,,,,1.209468,0.183211,1.346013,0.200560,0.000000,0.000000,0.006629,,0.068555,0.000000,,,,0.151480,0.134398,1.500000,55.399953,1.143354,0.000000,circle,预设轨迹15,forward
1775479021.007689,47.724723,1775479021.961316|完整运动,完整运动,circle_orbit,1,1.000000,1.500000,1.500000,,,,,,,,,,,,,,,,1.211722,0.183518,1.346935,0.185821,0.000000,0.000000,0.009035,,0.067008,0.000000,,,,0.151452,0.134649,1.500000,55.423878,1.119428,0.000000,circle,预设轨迹15,forward
1775479021.037412,47.754446,1775479021.961316|完整运动,完整运动,circle_orbit,1,1.000000,1.500000,1.500000,,,,,,,,,,,,,,,,1.213972,0.183929,1.348971,0.187014,0.000000,0.000000,0.011550,,0.064840,0.000000,,,,0.151510,0.134899,1.500000,55.447694,1.095612,0.000000,circle,预设轨迹15,forward
1775479021.065760,47.782794,1775479021.961316|完整运动,完整运动,circle_orbit,1,1.000000,1.500000,1.500000,,,,,,,,,,,,,,,,1.216227,0.186196,1.351531,0.203196,0.000000,0.000000,0.016676,,0.061245,0.000000,,,,0.153093,0.135149,1.500000,55.495421,1.047886,0.000000,circle,预设轨迹15,forward
1775479021.086788,47.803823,1775479021.961316|完整运动,完整运动,circle_orbit,1,1.000000,1.500000,1.500000,,,,,,,,,,,,,,,,1.218477,0.186583,1.353481,0.189492,0.000000,0.000000,0.019204,,0.059123,0.000000,,,,0.153128,0.135399,1.500000,55.519274,1.024033,0.000000,circle,预设轨迹15,forward
1775479021.107237,47.824271,1775479021.961316|完整运动,完整运动,circle_orbit,1,1.000000,1.500000,1.500000,,,,,,,,,,,,,,,,1.220711,0.186953,1.354743,0.189723,0.000000,0.000000,0.021670,,0.057381,0.000000,,,,0.153151,0.135647,1.500000,55.543461,0.999845,0.000000,circle,预设轨迹15,forward
1775479021.129344,47.846378,1775479021.961316|完整运动,完整运动,circle_orbit,1,1.000000,1.500000,1.500000,,,,,,,,,,,,,,,,1.222927,0.187348,1.355939,0.190312,0.000000,0.000000,0.024140,,0.055673,0.000000,,,,0.153196,0.135894,1.500000,55.567747,0.975560,0.000000,circle,预设轨迹15,forward
1775479021.149959,47.866993,1775479021.961316|完整运动,完整运动,circle_orbit,1,1.000000,1.500000,1.500000,,,,,,,,,,,,,,,,1.225136,0.187772,1.357625,0.190955,0.000000,0.000000,0.026621,,0.053711,0.000000,,,,0.153267,0.136139,1.500000,55.592171,0.951136,0.000000,circle,预设轨迹15,forward
1775479021.180581,47.897615,1775479021.961316|完整运动,完整运动,circle_orbit,1,1.000000,1.500000,1.500000,,,,,,,,,,,,,,,,1.227378,0.189649,1.361907,0.203721,0.000000,0.000000,0.031149,,0.049528,0.000000,,,,0.154515,0.136388,1.500000,55.640891,0.902416,0.000000,circle,预设轨迹15,forward
1775479021.201930,47.918964,1775479021.961316|完整运动,完整运动,circle_orbit,1,1.000000,1.500000,1.500000,,,,,,,,,,,,,,,,1.229622,0.189735,1.364253,0.190386,0.000000,0.000000,0.033188,,0.047438,0.000000,,,,0.154304,0.136638,1.500000,55.665335,0.877971,0.000000,circle,预设轨迹15,forward
1775479021.222446,47.939480,1775479021.961316|完整运动,完整运动,circle_orbit,1,1.000000,1.500000,1.500000,,,,,,,,,,,,,,,,1.231867,0.189833,1.366606,0.190565,0.000000,0.000000,0.035198,,0.045361,0.000000,,,,0.154102,0.136887,1.500000,55.689823,0.853484,0.000000,circle,预设轨迹15,forward
1775479021.252727,47.969761,1775479021.961316|完整运动,完整运动,circle_orbit,1,1.000000,1.500000,1.500000,,,,,,,,,,,,,,,,1.234076,0.188550,1.366606,0.178931,0.000000,0.000000,0.035198,,0.045361,0.000000,,,,0.152787,0.137133,1.500000,55.689823,0.853484,0.000000,circle,预设轨迹15,forward
1775479021.273193,47.990227,1775479021.961316|完整运动,完整运动,circle_orbit,1,1.000000,1.500000,1.500000,,,,,,,,,,,,,,,,1.236330,0.190143,1.371581,0.202091,0.000000,0.000000,0.039179,,0.041103,0.000000,,,,0.153797,0.137383,1.500000,55.739089,0.804217,0.000000,circle,预设轨迹15,forward
1775479021.293684,48.010718,1775479021.961316|完整运动,完整运动,circle_orbit,1,1.000000,1.500000,1.500000,,,,,,,,,,,,,,,,1.238582,0.190231,1.373681,0.190888,0.000000,0.000000,0.041069,,0.039218,0.000000,,,,0.153588,0.137633,1.500000,55.763542,0.779765,0.000000,circle,预设轨迹15,forward
1775479021.325176,48.042210,1775479021.961316|完整运动,完整运动,circle_orbit,1,1.000000,1.500000,1.500000,,,,,,,,,,,,,,,,1.240857,0.190304,1.377365,0.190847,0.000000,0.000000,0.042904,,0.036577,0.000000,,,,0.153365,0.137886,1.500000,55.787905,0.755402,0.000000,circle,预设轨迹15,forward
1775479021.364264,48.081298,1775479021.961316|完整运动,完整运动,circle_orbit,1,1.000000,1.500000,1.500000,,,,,,,,,,,,,,,,1.243216,0.191565,1.384765,0.201027,0.000000,0.000000,0.046406,,0.031383,0.000000,,,,0.154088,0.138148,1.500000,55.836312,0.706995,0.000000,circle,预设轨迹15,forward
1775479021.399758,48.116792,1775479021.961316|完整运动,完整运动,circle_orbit,1,1.000000,1.500000,1.500000,,,,,,,,,,,,,,,,1.245629,0.192644,1.390400,0.200739,0.000000,0.000000,0.049688,,0.027181,0.000000,,,,0.154656,0.138416,1.500000,55.884783,0.658523,0.000000,circle,预设轨迹15,forward
1775479021.422720,48.139754,1775479021.961316|完整运动,完整运动,circle_orbit,1,1.000000,1.500000,1.500000,,,,,,,,,,,,,,,,1.248091,0.193476,1.395796,0.199714,0.000000,0.000000,0.052645,,0.023260,0.000000,,,,0.155018,0.138690,1.500000,55.933336,0.609970,0.000000,circle,预设轨迹15,forward
1775479021.443030,48.160064,1775479021.961316|完整运动,完整运动,circle_orbit,1,1.000000,1.500000,1.500000,,,,,,,,,,,,,,,,1.250562,0.193120,1.398856,0.190452,0.000000,0.000000,0.053918,,0.021225,0.000000,,,,0.154427,0.138965,1.500000,55.957755,0.585552,0.000000,circle,预设轨迹15,forward
1775479021.471682,48.188716,1775479021.961316|完整运动,完整运动,circle_orbit,1,1.000000,1.500000,1.500000,,,,,,,,,,,,,,,,1.252993,0.191916,1.398856,0.182886,0.000000,0.000000,0.053918,,0.021225,0.000000,,,,0.153166,0.139235,1.500000,55.957755,0.585552,0.000000,circle,预设轨迹15,forward
1775479021.493970,48.211004,1775479021.961316|完整运动,完整运动,circle_orbit,1,1.000000,1.500000,1.500000,,,,,,,,,,,,,,,,1.255519,0.192750,1.407074,0.199003,0.000000,0.000000,0.056723,,0.016064,0.000000,,,,0.153522,0.139515,1.500000,56.006497,0.536809,0.000000,circle,预设轨迹15,forward
1775479021.514297,48.231331,1775479021.961316|完整运动,完整运动,circle_orbit,1,1.000000,1.500000,1.500000,,,,,,,,,,,,,,,,1.258059,0.192605,1.410448,0.191519,0.000000,0.000000,0.058151,,0.013835,0.000000,,,,0.153097,0.139798,1.500000,56.030974,0.512333,0.000000,circle,预设轨迹15,forward
1775479021.540219,48.257253,1775479021.961316|完整运动,完整运动,circle_orbit,1,1.000000,1.500000,1.500000,,,,,,,,,,,,,,,,1.260690,0.193560,1.418557,0.200724,0.000000,0.000000,0.061112,,0.008719,0.000000,,,,0.153535,0.140090,1.500000,56.080434,0.462872,0.000000,circle,预设轨迹15,forward
1775479021.579936,48.296970,1775479021.961316|完整运动,完整运动,circle_orbit,1,1.000000,1.500000,1.500000,,,,,,,,,,,,,,,,1.263278,0.192423,1.418557,0.183892,0.000000,0.000000,0.061112,,0.008719,0.000000,,,,0.152320,0.140378,1.500000,56.080434,0.462872,0.000000,circle,预设轨迹15,forward
1775479021.601706,48.318740,1775479021.961316|完整运动,完整运动,circle_orbit,1,1.000000,1.500000,1.500000,,,,,,,,,,,,,,,,1.266008,0.194126,1.429771,0.206895,0.000000,0.000000,0.065071,,0.001776,0.000000,,,,0.153337,0.140681,1.500000,56.155253,0.388053,0.000000,circle,预设轨迹15,forward
1775479021.622573,48.339607,1775479021.961316|完整运动,完整运动,circle_orbit,1,1.000000,1.500000,1.500000,,,,,,,,,,,,,,,,1.268692,0.193002,1.429771,0.184580,0.000000,0.000000,0.065071,,0.001776,0.000000,,,,0.152127,0.140979,1.500000,56.155253,0.388053,0.000000,circle,预设轨迹15,forward
1775479021.645713,48.362747,1775479021.961316|完整运动,完整运动,circle_orbit,1,1.000000,1.500000,1.500000,,,,,,,,,,,,,,,,1.271276,0.193654,1.426312,0.198537,0.000000,0.000000,0.067508,,-0.002284,0.000000,,,,0.152330,0.141266,1.500000,56.205808,0.337498,0.000000,circle,预设轨迹15,forward
1775479021.666000,48.383034,1775479021.961316|完整运动,完整运动,circle_orbit,1,1.000000,1.500000,1.500000,,,,,,,,,,,,,,,,1.273743,0.193102,1.421732,0.188961,0.000000,0.000000,0.068242,,-0.004074,0.000000,,,,0.151602,0.141540,1.500000,56.231211,0.312096,0.000000,circle,预设轨迹15,forward
1775479021.696811,48.413845,1775479021.961316|完整运动,完整运动,circle_orbit,1,1.000000,1.500000,1.500000,,,,,,,,,,,,,,,,1.276075,0.192544,1.416007,0.188360,0.000000,0.000000,0.068912,,-0.006443,0.000000,,,,0.150887,0.141800,1.500000,56.256647,0.286660,0.000000,circle,预设轨迹15,forward
1775479021.720067,48.437101,1775479021.961316|完整运动,完整运动,circle_orbit,1,1.000000,1.500000,1.500000,,,,,,,,,,,,,,,,1.278260,0.191987,1.409364,0.187809,0.000000,0.000000,0.069534,,-0.009287,0.000000,,,,0.150194,0.142042,1.500000,56.281965,0.261342,0.000000,circle,预设轨迹15,forward
1775479021.740367,48.457401,1775479021.961316|完整运动,完整运动,circle_orbit,1,1.000000,1.500000,1.500000,,,,,,,,,,,,,,,,1.280216,0.191838,1.397603,0.190722,0.000000,0.000000,0.070698,,-0.014367,0.000000,,,,0.149848,0.142260,1.500000,56.332360,0.210947,0.000000,circle,预设轨迹15,forward
1775479021.766694,48.483728,1775479021.961316|完整运动,完整运动,circle_orbit,1,1.000000,1.500000,1.500000,,,,,,,,,,,,,,,,1.282141,0.190894,1.397603,0.183811,0.000000,0.000000,0.070698,,-0.014367,0.000000,,,,0.148887,0.142474,1.500000,56.332360,0.210947,0.000000,circle,预设轨迹15,forward
1775479021.788431,48.505465,1775479021.961316|完整运动,完整运动,circle_orbit,1,1.000000,1.500000,1.500000,,,,,,,,,,,,,,,,1.283867,0.190585,1.387438,0.188269,0.000000,0.000000,0.071544,,-0.018905,0.000000,,,,0.148446,0.142665,1.500000,56.382538,0.160769,0.000000,circle,预设轨迹15,forward
1775479021.812968,48.530002,1775479021.961316|完整运动,完整运动,circle_orbit,1,1.000000,1.500000,1.500000,,,,,,,,,,,,,,,,1.285477,0.189975,1.382067,0.185404,0.000000,0.000000,0.071937,,-0.021357,0.000000,,,,0.147786,0.142844,1.500000,56.407538,0.135769,0.000000,circle,预设轨迹15,forward
1775479021.847732,48.564766,1775479021.961316|完整运动,完整运动,circle_orbit,1,1.000000,1.500000,1.500000,,,,,,,,,,,,,,,,1.286972,0.189407,1.376702,0.185141,0.000000,0.000000,0.072347,,-0.023818,0.000000,,,,0.147172,0.143010,1.500000,56.432545,0.110762,0.000000,circle,预设轨迹15,forward
1775479021.880431,48.597466,1775479021.961316|完整运动,完整运动,circle_orbit,1,1.000000,1.500000,1.500000,,,,,,,,,,,,,,,,1.288282,0.189023,1.366868,0.186146,0.000000,0.000000,0.072991,,-0.028431,0.000000,,,,0.146725,0.143156,1.500000,56.482803,0.060504,0.000000,circle,预设轨迹15,forward
1775479021.900945,48.617980,1775479021.961316|完整运动,完整运动,circle_orbit,1,1.000000,1.500000,1.500000,,,,,,,,,,,,,,,,1.289387,0.188674,1.355657,0.186057,0.000000,0.000000,0.073673,,-0.033800,0.000000,,,,0.146329,0.143279,1.500000,56.533349,0.009957,0.000000,circle,预设轨迹15,forward
1775479021.921767,48.638802,1775479021.961316|完整运动,完整运动,circle_orbit,1,1.000000,1.500000,1.500000,,,,,,,,,,,,,,,,1.290473,0.187867,1.355657,0.181816,0.000000,0.000000,0.073673,,-0.033800,0.000000,,,,0.145580,0.143399,1.500000,56.533349,0.009957,0.000000,circle,预设轨迹15,forward
