timestamp,relative_time_s,run_key,run_label,tracking_mode,segment_index,speed_sign,speed_mps,nominal_speed_abs_mps,lookahead_base_m,arrival_dist_m,slow_down_dist_m,stanley_gain,stanley_softening_distance_m,stanley_term_rad,lateral_pid_kp,lateral_pid_ki,lateral_pid_kd,heading_pid_kp,heading_pid_ki,heading_pid_kd,yaw_rate_pid_kp,yaw_rate_pid_ki,yaw_rate_pid_kd,cmd_v_mps,cmd_w_radps,desired_v_mps,desired_w_radps,feedback_v_mps,feedback_w_radps,lateral_error_m,stanley_lateral_pd_output_radps,heading_error_rad,yaw_rate_error_radps,lateral_pid_output_radps,heading_pid_output_radps,yaw_rate_pid_output_radps,path_curvature_inv_m,path_ff_w_radps,profile_speed_mps,path_s_m,dist_to_goal_m,pose_age_s,segment_kind,segment_trajectory_name,motion_direction
1775480135.646317,0.000000,1775480186.787776|完整运动,完整运动,circle_orbit,1,1.000000,1.500000,1.500000,,,,,,,,,,,,,,,,0.024589,0.002465,1.499946,0.002465,0.000000,0.000000,0.000026,,-0.000012,0.000000,,,,0.024645,0.002459,1.500000,0.000000,62.827006,0.000000,circle,预设轨迹15,forward
1775480135.669805,0.023488,1775480186.787776|完整运动,完整运动,circle_orbit,1,1.000000,1.500000,1.500000,,,,,,,,,,,,,,,,0.048775,0.002533,1.499946,0.003038,0.000000,0.000000,0.000026,,-0.000012,0.000000,,,,0.025325,0.004878,1.500000,0.000000,62.827006,0.000000,circle,预设轨迹15,forward
1775480135.691153,0.044836,1775480186.787776|完整运动,完整运动,circle_orbit,1,1.000000,1.500000,1.500000,,,,,,,,,,,,,,,,0.072564,0.002693,1.499891,0.003881,0.000000,0.000000,0.000066,,-0.000019,0.000000,,,,0.026930,0.007257,1.500000,-0.000140,62.827146,0.000000,circle,预设轨迹15,forward
1775480135.712311,0.065994,1775480186.787776|完整运动,完整运动,circle_orbit,1,1.000000,1.500000,1.500000,,,,,,,,,,,,,,,,0.095962,0.002917,1.499832,0.004567,0.000000,0.000000,0.000110,,-0.000026,0.000000,,,,0.029171,0.009597,1.500000,-0.000207,62.827213,0.000000,circle,预设轨迹15,forward
1775480135.736894,0.090576,1775480186.787776|完整运动,完整运动,circle_orbit,1,1.000000,1.500000,1.500000,,,,,,,,,,,,,,,,0.118975,0.003209,1.499765,0.005347,0.000000,0.000000,0.000170,,-0.000030,0.000000,,,,0.026970,0.011898,1.500000,-0.000266,62.827273,0.000000,circle,预设轨迹15,forward
1775480135.766012,0.119695,1775480186.787776|完整运动,完整运动,circle_orbit,1,1.000000,1.500000,1.500000,,,,,,,,,,,,,,,,0.141609,0.003554,1.499667,0.006074,0.000000,0.000000,0.000231,,-0.000046,0.000000,,,,0.025096,0.014162,1.500000,-0.000324,62.827330,0.000000,circle,预设轨迹15,forward
1775480135.786461,0.140144,1775480186.787776|完整运动,完整运动,circle_orbit,1,1.000000,1.500000,1.500000,,,,,,,,,,,,,,,,0.163871,0.003969,1.499561,0.006985,0.000000,0.000000,0.000319,,-0.000055,0.000000,,,,0.024219,0.016388,1.500000,-0.000440,62.827447,0.000000,circle,预设轨迹15,forward
1775480135.813787,0.167470,1775480186.787776|完整运动,完整运动,circle_orbit,1,1.000000,1.500000,1.500000,,,,,,,,,,,,,,,,0.185768,0.004363,1.499561,0.007216,0.000000,0.000000,0.000319,,-0.000055,0.000000,,,,0.023486,0.018578,1.500000,-0.000440,62.827447,0.000000,circle,预设轨迹15,forward
1775480135.834162,0.187845,1775480186.787776|完整运动,完整运动,circle_orbit,1,1.000000,1.500000,1.500000,,,,,,,,,,,,,,,,0.207303,0.004842,1.499408,0.008298,0.000000,0.000000,0.000371,,-0.000098,0.000000,,,,0.023359,0.020732,1.500000,-0.000489,62.827495,0.000000,circle,预设轨迹15,forward
1775480135.864699,0.218382,1775480186.787776|完整运动,完整运动,circle_orbit,1,1.000000,1.500000,1.500000,,,,,,,,,,,,,,,,0.228486,0.005320,1.499490,0.008752,0.000000,0.000000,0.000366,,-0.000066,0.000000,,,,0.023285,0.022850,1.500000,-0.000289,62.827296,0.000000,circle,预设轨迹15,forward
1775480135.885122,0.238805,1775480186.787776|完整运动,完整运动,circle_orbit,1,1.000000,1.500000,1.500000,,,,,,,,,,,,,,,,0.249308,0.005899,1.498619,0.010039,0.000000,0.000000,0.000439,,-0.000401,0.000000,,,,0.023663,0.024933,1.500000,0.001360,62.825647,0.000000,circle,预设轨迹15,forward
1775480135.917662,0.271345,1775480186.787776|完整运动,完整运动,circle_orbit,1,1.000000,1.500000,1.500000,,,,,,,,,,,,,,,,0.269788,0.006457,1.498619,0.010430,0.000000,0.000000,0.000439,,-0.000401,0.000000,,,,0.023935,0.026981,1.500000,0.001360,62.825647,0.000000,circle,预设轨迹15,forward
1775480135.937989,0.291672,1775480186.787776|完整运动,完整运动,circle_orbit,1,1.000000,1.500000,1.500000,,,,,,,,,,,,,,,,0.289944,0.007008,1.499295,0.010910,0.000000,0.000000,0.000381,,0.000141,0.000000,,,,0.024169,0.028997,1.500000,0.005897,62.821110,0.000000,circle,预设轨迹15,forward
1775480135.964507,0.318190,1775480186.787776|完整运动,完整运动,circle_orbit,1,1.000000,1.500000,1.500000,,,,,,,,,,,,,,,,0.309752,0.007642,1.498189,0.012125,0.000000,0.000000,0.000382,,0.000603,0.000000,,,,0.024672,0.030978,1.500000,0.009053,62.817953,0.000000,circle,预设轨迹15,forward
1775480135.985245,0.338927,1775480186.787776|完整运动,完整运动,circle_orbit,1,1.000000,1.500000,1.500000,,,,,,,,,,,,,,,,0.329227,0.008335,1.497767,0.013208,0.000000,0.000000,0.000414,,0.000766,0.000000,,,,0.025316,0.032925,1.500000,0.012740,62.814266,0.000000,circle,预设轨迹15,forward
1775480136.005712,0.359395,1775480186.787776|完整运动,完整运动,circle_orbit,1,1.000000,1.500000,1.500000,,,,,,,,,,,,,,,,0.348348,0.009165,1.495615,0.014982,0.000000,0.000000,0.000576,,0.001602,0.000000,,,,0.026309,0.034838,1.500000,0.021531,62.805476,0.000000,circle,预设轨迹15,forward
1775480136.026307,0.379990,1775480186.787776|完整运动,完整运动,circle_orbit,1,1.000000,1.500000,1.500000,,,,,,,,,,,,,,,,0.367138,0.010008,1.494545,0.015902,0.000000,0.000000,0.000724,,0.001992,0.000000,,,,0.027261,0.036717,1.500000,0.026554,62.800452,0.000000,circle,预设轨迹15,forward
1775480136.053882,0.407565,1775480186.787776|完整运动,完整运动,circle_orbit,1,1.000000,1.500000,1.500000,,,,,,,,,,,,,,,,0.385607,0.010887,1.493695,0.016999,0.000000,0.000000,0.000887,,0.002283,0.000000,,,,0.028233,0.038564,1.500000,0.031989,62.795018,0.000000,circle,预设轨迹15,forward
1775480136.077201,0.430884,1775480186.787776|完整运动,完整运动,circle_orbit,1,1.000000,1.500000,1.500000,,,,,,,,,,,,,,,,0.403748,0.011785,1.492222,0.018007,0.000000,0.000000,0.001045,,0.002840,0.000000,,,,0.029188,0.040378,1.500000,0.037785,62.789222,0.000000,circle,预设轨迹15,forward
1775480136.102061,0.455744,1775480186.787776|完整运动,完整运动,circle_orbit,1,1.000000,1.500000,1.500000,,,,,,,,,,,,,,,,0.421572,0.012778,1.491021,0.019641,0.000000,0.000000,0.001293,,0.003247,0.000000,,,,0.030311,0.042160,1.500000,0.043832,62.783174,0.000000,circle,预设轨迹15,forward
1775480136.137127,0.490810,1775480186.787776|完整运动,完整运动,circle_orbit,1,1.000000,1.500000,1.500000,,,,,,,,,,,,,,,,0.439084,0.013819,1.489806,0.020980,0.000000,0.000000,0.001576,,0.003646,0.000000,,,,0.031471,0.043912,1.500000,0.050155,62.776852,0.000000,circle,预设轨迹15,forward
1775480136.161253,0.514936,1775480186.787776|完整运动,完整运动,circle_orbit,1,1.000000,1.500000,1.500000,,,,,,,,,,,,,,,,0.456254,0.015173,1.486434,0.024464,0.000000,0.000000,0.002205,,0.004822,0.000000,,,,0.033256,0.045629,1.500000,0.063773,62.763233,0.000000,circle,预设轨迹15,forward
1775480136.182475,0.536157,1775480186.787776|完整运动,完整运动,circle_orbit,1,1.000000,1.500000,1.500000,,,,,,,,,,,,,,,,0.473117,0.016275,1.484906,0.023805,0.000000,0.000000,0.002541,,0.005336,0.000000,,,,0.034400,0.047315,1.500000,0.071162,62.755844,0.000000,circle,预设轨迹15,forward
1775480136.202861,0.556543,1775480186.787776|完整运动,完整运动,circle_orbit,1,1.000000,1.500000,1.500000,,,,,,,,,,,,,,,,0.489669,0.017357,1.482775,0.024730,0.000000,0.000000,0.002839,,0.006125,0.000000,,,,0.035447,0.048971,1.500000,0.078916,62.748090,0.000000,circle,预设轨迹15,forward
1775480136.237204,0.590886,1775480186.787776|完整运动,完整运动,circle_orbit,1,1.000000,1.500000,1.500000,,,,,,,,,,,,,,,,0.505905,0.018444,1.480113,0.025818,0.000000,0.000000,0.003124,,0.007148,0.000000,,,,0.036457,0.050594,1.500000,0.094893,62.732113,0.000000,circle,预设轨迹15,forward
1775480136.257878,0.611561,1775480186.787776|完整运动,完整运动,circle_orbit,1,1.000000,1.500000,1.500000,,,,,,,,,,,,,,,,0.521835,0.019337,1.477588,0.025381,0.000000,0.000000,0.003175,,0.008210,0.000000,,,,0.037056,0.052187,1.500000,0.103305,62.723701,0.000000,circle,预设轨迹15,forward
1775480136.278376,0.632059,1775480186.787776|完整运动,完整运动,circle_orbit,1,1.000000,1.500000,1.500000,,,,,,,,,,,,,,,,0.537468,0.020242,1.475483,0.026347,0.000000,0.000000,0.003215,,0.009099,0.000000,,,,0.037662,0.053751,1.500000,0.111997,62.715009,0.000000,circle,预设轨迹15,forward
1775480136.309961,0.663643,1775480186.787776|完整运动,完整运动,circle_orbit,1,1.000000,1.500000,1.500000,,,,,,,,,,,,,,,,0.552822,0.021108,1.474077,0.026930,0.000000,0.000000,0.003189,,0.009715,0.000000,,,,0.038183,0.055287,1.500000,0.120959,62.706048,0.000000,circle,预设轨迹15,forward
1775480136.343670,0.697353,1775480186.787776|完整运动,完整运动,circle_orbit,1,1.000000,1.500000,1.500000,,,,,,,,,,,,,,,,0.567872,0.021969,1.470857,0.027734,0.000000,0.000000,0.003132,,0.011130,0.000000,,,,0.038686,0.056792,1.500000,0.139668,62.687339,0.000000,circle,预设轨迹15,forward
1775480136.372239,0.725922,1775480186.787776|完整运动,完整运动,circle_orbit,1,1.000000,1.500000,1.500000,,,,,,,,,,,,,,,,0.582645,0.022993,1.469044,0.029835,0.000000,0.000000,0.003234,,0.011876,0.000000,,,,0.039463,0.058269,1.500000,0.149453,62.677553,0.000000,circle,预设轨迹15,forward
1775480136.409461,0.763144,1775480186.787776|完整运动,完整运动,circle_orbit,1,1.000000,1.500000,1.500000,,,,,,,,,,,,,,,,0.597115,0.024284,1.465260,0.032882,0.000000,0.000000,0.003614,,0.013372,0.000000,,,,0.040669,0.059716,1.500000,0.169848,62.657158,0.000000,circle,预设轨迹15,forward
1775480136.433220,0.786903,1775480186.787776|完整运动,完整运动,circle_orbit,1,1.000000,1.500000,1.500000,,,,,,,,,,,,,,,,0.611309,0.025429,1.462965,0.033035,0.000000,0.000000,0.003837,,0.014287,0.000000,,,,0.041598,0.061136,1.500000,0.180464,62.646542,0.000000,circle,预设轨迹15,forward
1775480136.453588,0.807270,1775480186.787776|完整运动,完整运动,circle_orbit,1,1.000000,1.500000,1.500000,,,,,,,,,,,,,,,,0.625195,0.026782,1.458363,0.035741,0.000000,0.000000,0.004275,,0.016134,0.000000,,,,0.042838,0.062524,1.500000,0.202314,62.624693,0.000000,circle,预设轨迹15,forward
1775480136.481380,0.835062,1775480186.787776|完整运动,完整运动,circle_orbit,1,1.000000,1.500000,1.500000,,,,,,,,,,,,,,,,0.638812,0.027963,1.455860,0.035756,0.000000,0.000000,0.004532,,0.017136,0.000000,,,,0.043773,0.063886,1.500000,0.213616,62.613391,0.000000,circle,预设轨迹15,forward
1775480136.515404,0.869087,1775480186.787776|完整运动,完整运动,circle_orbit,1,1.000000,1.500000,1.500000,,,,,,,,,,,,,,,,0.652171,0.029168,1.453674,0.037102,0.000000,0.000000,0.004811,,0.017993,0.000000,,,,0.044725,0.065222,1.500000,0.225066,62.601941,0.000000,circle,预设轨迹15,forward
1775480136.547739,0.901422,1775480186.787776|完整运动,完整运动,circle_orbit,1,1.000000,1.500000,1.500000,,,,,,,,,,,,,,,,0.665237,0.030724,1.449187,0.040936,0.000000,0.000000,0.005458,,0.019731,0.000000,,,,0.046185,0.066529,1.500000,0.248616,62.578391,0.000000,circle,预设轨迹15,forward
1775480136.574199,0.927882,1775480186.787776|完整运动,完整运动,circle_orbit,1,1.000000,1.500000,1.500000,,,,,,,,,,,,,,,,0.677997,0.032309,1.443633,0.042689,0.000000,0.000000,0.006149,,0.021944,0.000000,,,,0.047654,0.067805,1.500000,0.273119,62.553888,0.000000,circle,预设轨迹15,forward
1775480136.594697,0.948380,1775480186.787776|完整运动,完整运动,circle_orbit,1,1.000000,1.500000,1.500000,,,,,,,,,,,,,,,,0.690503,0.033513,1.440830,0.041371,0.000000,0.000000,0.006453,,0.023086,0.000000,,,,0.048534,0.069056,1.500000,0.285645,62.541362,0.000000,circle,预设轨迹15,forward
1775480136.618672,0.972355,1775480186.787776|完整运动,完整运动,circle_orbit,1,1.000000,1.500000,1.500000,,,,,,,,,,,,,,,,0.702756,0.034675,1.437943,0.042243,0.000000,0.000000,0.006708,,0.024290,0.000000,,,,0.049341,0.070281,1.500000,0.298360,62.528646,0.000000,circle,预设轨迹15,forward
1775480136.641956,0.995639,1775480186.787776|完整运动,完整运动,circle_orbit,1,1.000000,1.500000,1.500000,,,,,,,,,,,,,,,,0.714765,0.035841,1.435302,0.043415,0.000000,0.000000,0.006962,,0.025388,0.000000,,,,0.050144,0.071482,1.500000,0.311193,62.515814,0.000000,circle,预设轨迹15,forward
1775480136.662754,1.016437,1775480186.787776|完整运动,完整运动,circle_orbit,1,1.000000,1.500000,1.500000,,,,,,,,,,,,,,,,0.726543,0.036958,1.433223,0.044196,0.000000,0.000000,0.007160,,0.026256,0.000000,,,,0.050869,0.072660,1.500000,0.324198,62.502808,0.000000,circle,预设轨迹15,forward
1775480136.687877,1.041559,1775480186.787776|完整运动,完整运动,circle_orbit,1,1.000000,1.500000,1.500000,,,,,,,,,,,,,,,,0.738101,0.038102,1.431593,0.045493,0.000000,0.000000,0.007380,,0.026913,0.000000,,,,0.051622,0.073816,1.500000,0.337379,62.489627,0.000000,circle,预设轨迹15,forward
1775480136.708651,1.062334,1775480186.787776|完整运动,完整运动,circle_orbit,1,1.000000,1.500000,1.500000,,,,,,,,,,,,,,,,0.749406,0.039585,1.427683,0.049148,0.000000,0.000000,0.007943,,0.028481,0.000000,,,,0.052822,0.074946,1.500000,0.364397,62.462610,0.000000,circle,预设轨迹15,forward
1775480136.729201,1.082884,1775480186.787776|完整运动,完整运动,circle_orbit,1,1.000000,1.500000,1.500000,,,,,,,,,,,,,,,,0.760487,0.040921,1.425368,0.049512,0.000000,0.000000,0.008370,,0.029377,0.000000,,,,0.053809,0.076055,1.500000,0.378300,62.448706,0.000000,circle,预设轨迹15,forward
1775480136.756422,1.110105,1775480186.787776|完整运动,完整运动,circle_orbit,1,1.000000,1.500000,1.500000,,,,,,,,,,,,,,,,0.771387,0.041830,1.425368,0.047659,0.000000,0.000000,0.008370,,0.029377,0.000000,,,,0.054227,0.077145,1.500000,0.378300,62.448706,0.000000,circle,预设轨迹15,forward
1775480136.780442,1.134125,1775480186.787776|完整运动,完整运动,circle_orbit,1,1.000000,1.500000,1.500000,,,,,,,,,,,,,,,,0.782032,0.043807,1.420768,0.056463,0.000000,0.000000,0.009437,,0.031079,0.000000,,,,0.056017,0.078209,1.500000,0.406608,62.420399,0.000000,circle,预设轨迹15,forward
1775480136.800804,1.154487,1775480186.787776|完整运动,完整运动,circle_orbit,1,1.000000,1.500000,1.500000,,,,,,,,,,,,,,,,0.792468,0.045412,1.418617,0.055662,0.000000,0.000000,0.010170,,0.031786,0.000000,,,,0.057305,0.079253,1.500000,0.421031,62.405976,0.000000,circle,预设轨迹15,forward
1775480136.827810,1.181493,1775480186.787776|完整运动,完整运动,circle_orbit,1,1.000000,1.500000,1.500000,,,,,,,,,,,,,,,,0.802692,0.047066,1.416116,0.057599,0.000000,0.000000,0.010972,,0.032633,0.000000,,,,0.058635,0.080275,1.500000,0.435515,62.391491,0.000000,circle,预设轨迹15,forward
1775480136.862980,1.216663,1775480186.787776|完整运动,完整运动,circle_orbit,1,1.000000,1.500000,1.500000,,,,,,,,,,,,,,,,0.812639,0.049138,1.409452,0.062315,0.000000,0.000000,0.012211,,0.035267,0.000000,,,,0.060468,0.081270,1.500000,0.465024,62.361982,0.000000,circle,预设轨迹15,forward
1775480136.893493,1.247176,1775480186.787776|完整运动,完整运动,circle_orbit,1,1.000000,1.500000,1.500000,,,,,,,,,,,,,,,,0.822378,0.050402,1.406725,0.058421,0.000000,0.000000,0.012688,,0.036366,0.000000,,,,0.061289,0.082244,1.500000,0.480161,62.346846,0.000000,circle,预设轨迹15,forward
1775480136.922866,1.276549,1775480186.787776|完整运动,完整运动,circle_orbit,1,1.000000,1.500000,1.500000,,,,,,,,,,,,,,,,0.831887,0.052237,1.402423,0.063849,0.000000,0.000000,0.013728,,0.037994,0.000000,,,,0.062793,0.083195,1.500000,0.511439,62.315568,0.000000,circle,预设轨迹15,forward
1775480136.952581,1.306264,1775480186.787776|完整运动,完整运动,circle_orbit,1,1.000000,1.500000,1.500000,,,,,,,,,,,,,,,,0.841206,0.053676,1.400351,0.062770,0.000000,0.000000,0.014408,,0.038711,0.000000,,,,0.063809,0.084127,1.500000,0.527360,62.299647,0.000000,circle,预设轨迹15,forward
1775480136.973610,1.327293,1775480186.787776|完整运动,完整运动,circle_orbit,1,1.000000,1.500000,1.500000,,,,,,,,,,,,,,,,0.850301,0.056169,1.396015,0.071881,0.000000,0.000000,0.016133,,0.040100,0.000000,,,,0.066057,0.085037,1.500000,0.559596,62.267411,0.000000,circle,预设轨迹15,forward
1775480136.998200,1.351883,1775480186.787776|完整运动,完整运动,circle_orbit,1,1.000000,1.500000,1.500000,,,,,,,,,,,,,,,,0.859212,0.058053,1.393857,0.069907,0.000000,0.000000,0.017327,,0.040663,0.000000,,,,0.067565,0.085928,1.500000,0.575966,62.251040,0.000000,circle,预设轨迹15,forward
1775480137.029040,1.382723,1775480186.787776|完整运动,完整运动,circle_orbit,1,1.000000,1.500000,1.500000,,,,,,,,,,,,,,,,0.867926,0.060156,1.390773,0.073361,0.000000,0.000000,0.018764,,0.041579,0.000000,,,,0.069310,0.086799,1.500000,0.592402,62.234605,0.000000,circle,预设轨迹15,forward
1775480137.052510,1.406193,1775480186.787776|完整运动,完整运动,circle_orbit,1,1.000000,1.500000,1.500000,,,,,,,,,,,,,,,,0.876432,0.062245,1.386800,0.075342,0.000000,0.000000,0.020228,,0.042925,0.000000,,,,0.071021,0.087650,1.500000,0.609022,62.217985,0.000000,circle,预设轨迹15,forward
1775480137.072802,1.426485,1775480186.787776|完整运动,完整运动,circle_orbit,1,1.000000,1.500000,1.500000,,,,,,,,,,,,,,,,0.884688,0.065498,1.380028,0.085849,0.000000,0.000000,0.022857,,0.045191,0.000000,,,,0.074035,0.088476,1.500000,0.642674,62.184332,0.000000,circle,预设轨迹15,forward
1775480137.101027,1.454709,1775480186.787776|完整运动,完整运动,circle_orbit,1,1.000000,1.500000,1.500000,,,,,,,,,,,,,,,,0.892760,0.067172,1.377124,0.077624,0.000000,0.000000,0.024056,,0.046144,0.000000,,,,0.075241,0.089283,1.500000,0.659729,62.167277,0.000000,circle,预设轨迹15,forward
1775480137.127625,1.481307,1775480186.787776|完整运动,完整运动,circle_orbit,1,1.000000,1.500000,1.500000,,,,,,,,,,,,,,,,0.900611,0.070065,1.371665,0.088099,0.000000,0.000000,0.026440,,0.047899,0.000000,,,,0.077797,0.090068,1.500000,0.694377,62.132630,0.000000,circle,预设轨迹15,forward
1775480137.148010,1.501692,1775480186.787776|完整运动,完整运动,circle_orbit,1,1.000000,1.500000,1.500000,,,,,,,,,,,,,,,,0.908289,0.071597,1.368944,0.081131,0.000000,0.000000,0.027590,,0.048798,0.000000,,,,0.078826,0.090836,1.500000,0.711946,62.115060,0.000000,circle,预设轨迹15,forward
1775480137.172219,1.525902,1775480186.787776|完整运动,完整运动,circle_orbit,1,1.000000,1.500000,1.500000,,,,,,,,,,,,,,,,0.915841,0.071930,1.368944,0.074000,0.000000,0.000000,0.027590,,0.048798,0.000000,,,,0.078540,0.091591,1.500000,0.711946,62.115060,0.000000,circle,预设轨迹15,forward
1775480137.198406,1.552088,1775480186.787776|完整运动,完整运动,circle_orbit,1,1.000000,1.500000,1.500000,,,,,,,,,,,,,,,,0.923173,0.074777,1.363111,0.092434,0.000000,0.000000,0.029928,,0.050793,0.000000,,,,0.081000,0.092324,1.500000,0.746953,62.080053,0.000000,circle,预设轨迹15,forward
1775480137.218844,1.572527,1775480186.787776|完整运动,完整运动,circle_orbit,1,1.000000,1.500000,1.500000,,,,,,,,,,,,,,,,0.930330,0.076585,1.359768,0.087778,0.000000,0.000000,0.031352,,0.051915,0.000000,,,,0.082320,0.093040,1.500000,0.764723,62.062284,0.000000,circle,预设轨迹15,forward
1775480137.249184,1.602867,1775480186.787776|完整运动,完整运动,circle_orbit,1,1.000000,1.500000,1.500000,,,,,,,,,,,,,,,,0.937264,0.080023,1.353264,0.101277,0.000000,0.000000,0.034341,,0.054032,0.000000,,,,0.085379,0.093734,1.500000,0.800671,62.026335,0.000000,circle,预设轨迹15,forward
1775480137.273637,1.627320,1775480186.787776|完整运动,完整运动,circle_orbit,1,1.000000,1.500000,1.500000,,,,,,,,,,,,,,,,0.944031,0.081751,1.350060,0.092413,0.000000,0.000000,0.035816,,0.055086,0.000000,,,,0.086597,0.094410,1.500000,0.818819,62.008188,0.000000,circle,预设轨迹15,forward
1775480137.298459,1.652141,1775480186.787776|完整运动,完整运动,circle_orbit,1,1.000000,1.500000,1.500000,,,,,,,,,,,,,,,,0.950637,0.083320,1.347013,0.092994,0.000000,0.000000,0.037149,,0.056124,0.000000,,,,0.087647,0.095071,1.500000,0.837020,61.989987,0.000000,circle,预设轨迹15,forward
1775480137.326992,1.680675,1775480186.787776|完整运动,完整运动,circle_orbit,1,1.000000,1.500000,1.500000,,,,,,,,,,,,,,,,0.957084,0.084863,1.343911,0.094359,0.000000,0.000000,0.038458,,0.057207,0.000000,,,,0.088669,0.095716,1.500000,0.855305,61.971701,0.000000,circle,预设轨迹15,forward
1775480137.349101,1.702784,1775480186.787776|完整运动,完整运动,circle_orbit,1,1.000000,1.500000,1.500000,,,,,,,,,,,,,,,,0.963342,0.087923,1.338784,0.106725,0.000000,0.000000,0.041193,,0.058784,0.000000,,,,0.091269,0.096342,1.500000,0.892460,61.934546,0.000000,circle,预设轨迹15,forward
1775480137.369442,1.723124,1775480186.787776|完整运动,完整运动,circle_orbit,1,1.000000,1.500000,1.500000,,,,,,,,,,,,,,,,0.969464,0.089535,1.336797,0.099429,0.000000,0.000000,0.042657,,0.059239,0.000000,,,,0.092355,0.096954,1.500000,0.911199,61.915807,0.000000,circle,预设轨迹15,forward
1775480137.391629,1.745312,1775480186.787776|完整运动,完整运动,circle_orbit,1,1.000000,1.500000,1.500000,,,,,,,,,,,,,,,,0.975454,0.091232,1.334891,0.101632,0.000000,0.000000,0.044204,,0.059621,0.000000,,,,0.093528,0.097553,1.500000,0.929942,61.897065,0.000000,circle,预设轨迹15,forward
1775480137.419740,1.773422,1775480186.787776|完整运动,完整运动,circle_orbit,1,1.000000,1.500000,1.500000,,,,,,,,,,,,,,,,0.981284,0.092806,1.331050,0.102440,0.000000,0.000000,0.045644,,0.061072,0.000000,,,,0.094576,0.098136,1.500000,0.948795,61.878212,0.000000,circle,预设轨迹15,forward
1775480137.440667,1.794350,1775480186.787776|完整运动,完整运动,circle_orbit,1,1.000000,1.500000,1.500000,,,,,,,,,,,,,,,,0.986965,0.094325,1.327831,0.103609,0.000000,0.000000,0.047035,,0.062223,0.000000,,,,0.095571,0.098704,1.500000,0.967629,61.859377,0.000000,circle,预设轨迹15,forward
1775480137.467532,1.821215,1775480186.787776|完整运动,完整运动,circle_orbit,1,1.000000,1.500000,1.500000,,,,,,,,,,,,,,,,0.992516,0.095897,1.325594,0.105492,0.000000,0.000000,0.048477,,0.062838,0.000000,,,,0.096620,0.099259,1.500000,0.986730,61.840277,0.000000,circle,预设轨迹15,forward
1775480137.493325,1.847008,1775480186.787776|完整运动,完整运动,circle_orbit,1,1.000000,1.500000,1.500000,,,,,,,,,,,,,,,,0.997902,0.099280,1.321042,0.119903,0.000000,0.000000,0.051605,,0.064024,0.000000,,,,0.099488,0.099798,1.500000,1.025440,61.801566,0.000000,circle,预设轨迹15,forward
1775480137.513685,1.867368,1775480186.787776|完整运动,完整运动,circle_orbit,1,1.000000,1.500000,1.500000,,,,,,,,,,,,,,,,1.003156,0.100943,1.318410,0.111074,0.000000,0.000000,0.053250,,0.064782,0.000000,,,,0.100626,0.100323,1.500000,1.044979,61.782027,0.000000,circle,预设轨迹15,forward
1775480137.545108,1.898791,1775480186.787776|完整运动,完整运动,circle_orbit,1,1.000000,1.500000,1.500000,,,,,,,,,,,,,,,,1.008286,0.102806,1.316076,0.114133,0.000000,0.000000,0.055087,,0.065308,0.000000,,,,0.101961,0.100836,1.500000,1.064416,61.762591,0.000000,circle,预设轨迹15,forward
1775480137.568780,1.922463,1775480186.787776|完整运动,完整运动,circle_orbit,1,1.000000,1.500000,1.500000,,,,,,,,,,,,,,,,1.013295,0.104835,1.313870,0.117161,0.000000,0.000000,0.057098,,0.065700,0.000000,,,,0.103459,0.101337,1.500000,1.083897,61.743110,0.000000,circle,预设轨迹15,forward
1775480137.592869,1.946552,1775480186.787776|完整运动,完整运动,circle_orbit,1,1.000000,1.500000,1.500000,,,,,,,,,,,,,,,,1.018135,0.109113,1.308529,0.135072,0.000000,0.000000,0.061206,,0.066969,0.000000,,,,0.107169,0.101821,1.500000,1.123110,61.703897,0.000000,circle,预设轨迹15,forward
1775480137.620033,1.973715,1775480186.787776|完整运动,完整运动,circle_orbit,1,1.000000,1.500000,1.500000,,,,,,,,,,,,,,,,1.022849,0.110773,1.305661,0.120836,0.000000,0.000000,0.063067,,0.067799,0.000000,,,,0.108298,0.102293,1.500000,1.143036,61.683970,0.000000,circle,预设轨迹15,forward
1775480137.640959,1.994642,1775480186.787776|完整运动,完整运动,circle_orbit,1,1.000000,1.500000,1.500000,,,,,,,,,,,,,,,,1.027448,0.112426,1.303394,0.122436,0.000000,0.000000,0.064922,,0.068305,0.000000,,,,0.109422,0.102753,1.500000,1.162977,61.664030,0.000000,circle,预设轨迹15,forward
1775480137.661805,2.015488,1775480186.787776|完整运动,完整运动,circle_orbit,1,1.000000,1.500000,1.500000,,,,,,,,,,,,,,,,1.031939,0.114130,1.301427,0.124437,0.000000,0.000000,0.066826,,0.068630,0.000000,,,,0.110598,0.103202,1.500000,1.183078,61.643929,0.000000,circle,预设轨迹15,forward
1775480137.693871,2.047554,1775480186.787776|完整运动,完整运动,circle_orbit,1,1.000000,1.500000,1.500000,,,,,,,,,,,,,,,,1.036323,0.115830,1.299362,0.126106,0.000000,0.000000,0.068735,,0.069012,0.000000,,,,0.111771,0.103640,1.500000,1.203223,61.623783,0.000000,circle,预设轨迹15,forward
1775480137.736082,2.089765,1775480186.787776|完整运动,完整运动,circle_orbit,1,1.000000,1.500000,1.500000,,,,,,,,,,,,,,,,1.040555,0.119555,1.294453,0.142041,0.000000,0.000000,0.072495,,0.070244,0.000000,,,,0.114896,0.104064,1.500000,1.243824,61.583182,0.000000,circle,预设轨迹15,forward
1775480137.756999,2.110681,1775480186.787776|完整运动,完整运动,circle_orbit,1,1.000000,1.500000,1.500000,,,,,,,,,,,,,,,,1.044639,0.123473,1.289671,0.147101,0.000000,0.000000,0.076553,,0.071306,0.000000,,,,0.118197,0.104472,1.500000,1.285097,61.541909,0.000000,circle,预设轨迹15,forward
1775480137.787662,2.141345,1775480186.787776|完整运动,完整运动,circle_orbit,1,1.000000,1.500000,1.500000,,,,,,,,,,,,,,,,1.048621,0.125046,1.287547,0.134527,0.000000,0.000000,0.078612,,0.071681,0.000000,,,,0.119248,0.104870,1.500000,1.305947,61.521060,0.000000,circle,预设轨迹15,forward
1775480137.809884,2.163567,1775480186.787776|完整运动,完整运动,circle_orbit,1,1.000000,1.500000,1.500000,,,,,,,,,,,,,,,,1.052477,0.128787,1.283829,0.151306,0.000000,0.000000,0.082626,,0.072184,0.000000,,,,0.122366,0.105256,1.500000,1.347590,61.479417,0.000000,circle,预设轨迹15,forward
1775480137.831837,2.185520,1775480186.787776|完整运动,完整运动,circle_orbit,1,1.000000,1.500000,1.500000,,,,,,,,,,,,,,,,1.056270,0.127965,1.283829,0.123020,0.000000,0.000000,0.082626,,0.072184,0.000000,,,,0.121148,0.105635,1.500000,1.347590,61.479417,0.000000,circle,预设轨迹15,forward
1775480137.858111,2.211794,1775480186.787776|完整运动,完整运动,circle_orbit,1,1.000000,1.500000,1.500000,,,,,,,,,,,,,,,,1.059948,0.131755,1.280625,0.154532,0.000000,0.000000,0.086648,,0.072403,0.000000,,,,0.124303,0.106003,1.500000,1.389301,61.437705,0.000000,circle,预设轨迹15,forward
1775480137.879436,2.233119,1775480186.787776|完整运动,完整运动,circle_orbit,1,1.000000,1.500000,1.500000,,,,,,,,,,,,,,,,1.063544,0.133294,1.279324,0.142533,0.000000,0.000000,0.088763,,0.072301,0.000000,,,,0.125330,0.106363,1.500000,1.410211,61.416795,0.000000,circle,预设轨迹15,forward
1775480137.901231,2.254914,1775480186.787776|完整运动,完整运动,circle_orbit,1,1.000000,1.500000,1.500000,,,,,,,,,,,,,,,,1.067051,0.134770,1.277498,0.143625,0.000000,0.000000,0.090814,,0.072528,0.000000,,,,0.126301,0.106713,1.500000,1.431068,61.395939,0.000000,circle,预设轨迹15,forward
1775480137.921651,2.275334,1775480186.787776|完整运动,完整运动,circle_orbit,1,1.000000,1.500000,1.500000,,,,,,,,,,,,,,,,1.070472,0.136188,1.275693,0.144689,0.000000,0.000000,0.092803,,0.072770,0.000000,,,,0.127222,0.107055,1.500000,1.451807,61.375199,0.000000,circle,预设轨迹15,forward
1775480137.944889,2.298572,1775480186.787776|完整运动,完整运动,circle_orbit,1,1.000000,1.500000,1.500000,,,,,,,,,,,,,,,,1.073832,0.137753,1.275468,0.147126,0.000000,0.000000,0.094916,,0.072055,0.000000,,,,0.128282,0.107392,1.500000,1.472541,61.354466,0.000000,circle,预设轨迹15,forward
1775480137.970474,2.324156,1775480186.787776|完整运动,完整运动,circle_orbit,1,1.000000,1.500000,1.500000,,,,,,,,,,,,,,,,1.077124,0.141680,1.274615,0.165188,0.000000,0.000000,0.099154,,0.070851,0.000000,,,,0.131536,0.107721,1.500000,1.514051,61.312956,0.000000,circle,预设轨迹15,forward
1775480137.990852,2.344535,1775480186.787776|完整运动,完整运动,circle_orbit,1,1.000000,1.500000,1.500000,,,,,,,,,,,,,,,,1.080350,0.143048,1.273951,0.151231,0.000000,0.000000,0.101236,,0.070402,0.000000,,,,0.132409,0.108043,1.500000,1.534975,61.292032,0.000000,circle,预设轨迹15,forward
1775480138.015203,2.368886,1775480186.787776|完整运动,完整运动,circle_orbit,1,1.000000,1.500000,1.500000,,,,,,,,,,,,,,,,1.083510,0.144360,1.273092,0.152197,0.000000,0.000000,0.103253,,0.070092,0.000000,,,,0.133233,0.108359,1.500000,1.555966,61.271041,0.000000,circle,预设轨迹15,forward
1775480138.038110,2.391793,1775480186.787776|完整运动,完整运动,circle_orbit,1,1.000000,1.500000,1.500000,,,,,,,,,,,,,,,,1.086616,0.145746,1.272958,0.154023,0.000000,0.000000,0.105323,,0.069341,0.000000,,,,0.134128,0.108670,1.500000,1.576965,61.250042,0.000000,circle,预设轨迹15,forward
1775480138.062295,2.415978,1775480186.787776|完整运动,完整运动,circle_orbit,1,1.000000,1.500000,1.500000,,,,,,,,,,,,,,,,1.089679,0.147174,1.273464,0.155698,0.000000,0.000000,0.107425,,0.068208,0.000000,,,,0.135062,0.108976,1.500000,1.597688,61.229318,0.000000,circle,预设轨迹15,forward
1775480138.100837,2.454520,1775480186.787776|完整运动,完整运动,circle_orbit,1,1.000000,1.500000,1.500000,,,,,,,,,,,,,,,,1.092688,0.148675,1.273257,0.157625,0.000000,0.000000,0.109589,,0.067462,0.000000,,,,0.136064,0.109277,1.500000,1.618507,61.208500,0.000000,circle,预设轨迹15,forward
1775480138.127532,2.481215,1775480186.787776|完整运动,完整运动,circle_orbit,1,1.000000,1.500000,1.500000,,,,,,,,,,,,,,,,1.095646,0.152482,1.273093,0.175171,0.000000,0.000000,0.113813,,0.065867,0.000000,,,,0.139171,0.109573,1.500000,1.660494,61.166512,0.000000,circle,预设轨迹15,forward
1775480138.150743,2.504426,1775480186.787776|完整运动,完整运动,circle_orbit,1,1.000000,1.500000,1.500000,,,,,,,,,,,,,,,,1.098562,0.156219,1.273514,0.178471,0.000000,0.000000,0.118113,,0.063903,0.000000,,,,0.142203,0.109865,1.500000,1.702933,61.124073,0.000000,circle,预设轨迹15,forward
1775480138.174126,2.527809,1775480186.787776|完整运动,完整运动,circle_orbit,1,1.000000,1.500000,1.500000,,,,,,,,,,,,,,,,1.101426,0.157209,1.273255,0.163100,0.000000,0.000000,0.120099,,0.063259,0.000000,,,,0.142732,0.110151,1.500000,1.724548,61.102459,0.000000,circle,预设轨迹15,forward
1775480138.197075,2.550758,1775480186.787776|完整运动,完整运动,circle_orbit,1,1.000000,1.500000,1.500000,,,,,,,,,,,,,,,,1.104250,0.158358,1.273687,0.165192,0.000000,0.000000,0.122190,,0.062173,0.000000,,,,0.143408,0.110433,1.500000,1.746096,61.080910,0.000000,circle,预设轨迹15,forward
1775480138.217361,2.571044,1775480186.787776|完整运动,完整运动,circle_orbit,1,1.000000,1.500000,1.500000,,,,,,,,,,,,,,,,1.107038,0.159438,1.274332,0.165855,0.000000,0.000000,0.124195,,0.060998,0.000000,,,,0.144022,0.110712,1.500000,1.767912,61.059095,0.000000,circle,预设轨迹15,forward
1775480138.244185,2.597868,1775480186.787776|完整运动,完整运动,circle_orbit,1,1.000000,1.500000,1.500000,,,,,,,,,,,,,,,,1.109781,0.160468,1.274363,0.166584,0.000000,0.000000,0.126132,,0.060205,0.000000,,,,0.144594,0.110987,1.500000,1.789840,61.037167,0.000000,circle,预设轨迹15,forward
1775480138.270360,2.624043,1775480186.787776|完整运动,完整运动,circle_orbit,1,1.000000,1.500000,1.500000,,,,,,,,,,,,,,,,1.112472,0.161520,1.273915,0.167764,0.000000,0.000000,0.128064,,0.059691,0.000000,,,,0.145190,0.111256,1.500000,1.812014,61.014992,0.000000,circle,预设轨迹15,forward
1775480138.292832,2.646515,1775480186.787776|完整运动,完整运动,circle_orbit,1,1.000000,1.500000,1.500000,,,,,,,,,,,,,,,,1.115152,0.164995,1.275962,0.185612,0.000000,0.000000,0.132122,,0.056887,0.000000,,,,0.147958,0.111524,1.500000,1.856766,60.970240,0.000000,circle,预设轨迹15,forward
1775480138.315585,2.669268,1775480186.787776|完整运动,完整运动,circle_orbit,1,1.000000,1.500000,1.500000,,,,,,,,,,,,,,,,1.117810,0.166069,1.277337,0.172436,0.000000,0.000000,0.134184,,0.055271,0.000000,,,,0.148567,0.111790,1.500000,1.879397,60.947609,0.000000,circle,预设轨迹15,forward
1775480138.338067,2.691750,1775480186.787776|完整运动,完整运动,circle_orbit,1,1.000000,1.500000,1.500000,,,,,,,,,,,,,,,,1.120436,0.167053,1.277959,0.172882,0.000000,0.000000,0.136145,,0.054129,0.000000,,,,0.149097,0.112052,1.500000,1.902078,60.924928,0.000000,circle,预设轨迹15,forward
1775480138.358707,2.712390,1775480186.787776|完整运动,完整运动,circle_orbit,1,1.000000,1.500000,1.500000,,,,,,,,,,,,,,,,1.123012,0.167739,1.277589,0.171798,0.000000,0.000000,0.137819,,0.053672,0.000000,,,,0.149365,0.112310,1.500000,1.924694,60.902312,0.000000,circle,预设轨迹15,forward
1775480138.385159,2.738841,1775480186.787776|完整运动,完整运动,circle_orbit,1,1.000000,1.500000,1.500000,,,,,,,,,,,,,,,,1.125563,0.168413,1.278612,0.172404,0.000000,0.000000,0.139446,,0.052434,0.000000,,,,0.149626,0.112565,1.500000,1.947451,60.879556,0.000000,circle,预设轨迹15,forward
1775480138.408257,2.761940,1775480186.787776|完整运动,完整运动,circle_orbit,1,1.000000,1.500000,1.500000,,,,,,,,,,,,,,,,1.128108,0.169215,1.280817,0.173957,0.000000,0.000000,0.141152,,0.050490,0.000000,,,,0.149999,0.112820,1.500000,1.969997,60.857010,0.000000,circle,预设轨迹15,forward
1775480138.428877,2.782560,1775480186.787776|完整运动,完整运动,circle_orbit,1,1.000000,1.500000,1.500000,,,,,,,,,,,,,,,,1.130717,0.172618,1.287261,0.192731,0.000000,0.000000,0.145127,,0.045235,0.000000,,,,0.152663,0.113080,1.500000,2.014720,60.812287,0.000000,circle,预设轨迹15,forward
1775480138.456642,2.810325,1775480186.787776|完整运动,完整运动,circle_orbit,1,1.000000,1.500000,1.500000,,,,,,,,,,,,,,,,1.133322,0.173899,1.289627,0.181464,0.000000,0.000000,0.147372,,0.043001,0.000000,,,,0.153442,0.113341,1.500000,2.036964,60.790042,0.000000,circle,预设轨迹15,forward
1775480138.479533,2.833216,1775480186.787776|完整运动,完整运动,circle_orbit,1,1.000000,1.500000,1.500000,,,,,,,,,,,,,,,,1.135924,0.175250,1.292041,0.183226,0.000000,0.000000,0.149680,,0.040720,0.000000,,,,0.154280,0.113601,1.500000,2.059210,60.767796,0.000000,circle,预设轨迹15,forward
1775480138.500153,2.853836,1775480186.787776|完整运动,完整运动,circle_orbit,1,1.000000,1.500000,1.500000,,,,,,,,,,,,,,,,1.138529,0.176357,1.294789,0.182885,0.000000,0.000000,0.151781,,0.038339,0.000000,,,,0.154899,0.113862,1.500000,2.081606,60.745401,0.000000,circle,预设轨迹15,forward
1775480138.527594,2.881277,1775480186.787776|完整运动,完整运动,circle_orbit,1,1.000000,1.500000,1.500000,,,,,,,,,,,,,,,,1.141133,0.177198,1.297389,0.182154,0.000000,0.000000,0.153643,,0.036143,0.000000,,,,0.155282,0.114122,1.500000,2.104146,60.722861,0.000000,circle,预设轨迹15,forward
1775480138.551202,2.904885,1775480186.787776|完整运动,完整运动,circle_orbit,1,1.000000,1.500000,1.500000,,,,,,,,,,,,,,,,1.143743,0.178089,1.300348,0.183342,0.000000,0.000000,0.155530,,0.033744,0.000000,,,,0.155707,0.114383,1.500000,2.126551,60.700455,0.000000,circle,预设轨迹15,forward
1775480138.571906,2.925588,1775480186.787776|完整运动,完整运动,circle_orbit,1,1.000000,1.500000,1.500000,,,,,,,,,,,,,,,,1.146384,0.180992,1.304839,0.198086,0.000000,0.000000,0.159160,,0.029811,0.000000,,,,0.157881,0.114647,1.500000,2.171401,60.655605,0.000000,circle,预设轨迹15,forward
1775480138.599198,2.952881,1775480186.787776|完整运动,完整运动,circle_orbit,1,1.000000,1.500000,1.500000,,,,,,,,,,,,,,,,1.149025,0.181610,1.307513,0.185244,0.000000,0.000000,0.160902,,0.027644,0.000000,,,,0.158056,0.114911,1.500000,2.193829,60.633177,0.000000,circle,预设轨迹15,forward
1775480138.624123,2.977806,1775480186.787776|完整运动,完整运动,circle_orbit,1,1.000000,1.500000,1.500000,,,,,,,,,,,,,,,,1.151675,0.182110,1.310640,0.185049,0.000000,0.000000,0.162508,,0.025291,0.000000,,,,0.158126,0.115176,1.500000,2.216557,60.610450,0.000000,circle,预设轨迹15,forward
1775480138.644546,2.998229,1775480186.787776|完整运动,完整运动,circle_orbit,1,1.000000,1.500000,1.500000,,,,,,,,,,,,,,,,1.154372,0.184270,1.316192,0.196963,0.000000,0.000000,0.165523,,0.021068,0.000000,,,,0.159628,0.115446,1.500000,2.262099,60.564907,0.000000,circle,预设轨迹15,forward
1775480138.671336,3.025018,1775480186.787776|完整运动,完整运动,circle_orbit,1,1.000000,1.500000,1.500000,,,,,,,,,,,,,,,,1.157067,0.184593,1.318771,0.186492,0.000000,0.000000,0.167004,,0.019082,0.000000,,,,0.159535,0.115716,1.500000,2.284850,60.542157,0.000000,circle,预设轨迹15,forward
1775480138.701373,3.055056,1775480186.787776|完整运动,完整运动,circle_orbit,1,1.000000,1.500000,1.500000,,,,,,,,,,,,,,,,1.159762,0.184788,1.321484,0.185932,0.000000,0.000000,0.168327,,0.017094,0.000000,,,,0.159333,0.115985,1.500000,2.307581,60.519425,0.000000,circle,预设轨迹15,forward
1775480138.732468,3.086151,1775480186.787776|完整运动,完整运动,circle_orbit,1,1.000000,1.500000,1.500000,,,,,,,,,,,,,,,,1.162467,0.185087,1.324761,0.186839,0.000000,0.000000,0.169689,,0.014794,0.000000,,,,0.159219,0.116256,1.500000,2.330317,60.496690,0.000000,circle,预设轨迹15,forward
1775480138.753659,3.107342,1775480186.787776|完整运动,完整运动,circle_orbit,1,1.000000,1.500000,1.500000,,,,,,,,,,,,,,,,1.165219,0.186698,1.330343,0.196142,0.000000,0.000000,0.172150,,0.010840,0.000000,,,,0.160226,0.116531,1.500000,2.376994,60.450013,0.000000,circle,预设轨迹15,forward
1775480138.779695,3.133378,1775480186.787776|完整运动,完整运动,circle_orbit,1,1.000000,1.500000,1.500000,,,,,,,,,,,,,,,,1.167969,0.186482,1.332992,0.185215,0.000000,0.000000,0.173069,,0.009072,0.000000,,,,0.159663,0.116806,1.500000,2.400198,60.426809,0.000000,circle,预设轨迹15,forward
1775480138.820032,3.173715,1775480186.787776|完整运动,完整运动,circle_orbit,1,1.000000,1.500000,1.500000,,,,,,,,,,,,,,,,1.170744,0.186221,1.337219,0.184697,0.000000,0.000000,0.173882,,0.006524,0.000000,,,,0.159062,0.117083,1.500000,2.423566,60.403440,0.000000,circle,预设轨迹15,forward
1775480138.856609,3.210291,1775480186.787776|完整运动,完整运动,circle_orbit,1,1.000000,1.500000,1.500000,,,,,,,,,,,,,,,,1.173631,0.187037,1.346824,0.191808,0.000000,0.000000,0.175564,,0.000851,0.000000,,,,0.159366,0.117372,1.500000,2.470177,60.356829,0.000000,circle,预设轨迹15,forward
1775480138.897709,3.251392,1775480186.787776|完整运动,完整运动,circle_orbit,1,1.000000,1.500000,1.500000,,,,,,,,,,,,,,,,1.176366,0.188041,1.340488,0.193913,0.000000,0.000000,0.177414,,-0.003401,0.000000,,,,0.159849,0.117646,1.500000,2.517139,60.309867,0.000000,circle,预设轨迹15,forward
1775480138.928234,3.281917,1775480186.787776|完整运动,完整运动,circle_orbit,1,1.000000,1.500000,1.500000,,,,,,,,,,,,,,,,1.178920,0.188625,1.332184,0.192034,0.000000,0.000000,0.178919,,-0.007158,0.000000,,,,0.159998,0.117901,1.500000,2.563514,60.263492,0.000000,circle,预设轨迹15,forward
1775480138.969916,3.323598,1775480186.787776|完整运动,完整运动,circle_orbit,1,1.000000,1.500000,1.500000,,,,,,,,,,,,,,,,1.181274,0.188619,1.322488,0.188582,0.000000,0.000000,0.179911,,-0.011922,0.000000,,,,0.159674,0.118137,1.500000,2.609681,60.217325,0.000000,circle,预设轨迹15,forward
1775480139.000679,3.354361,1775480186.787776|完整运动,完整运动,circle_orbit,1,1.000000,1.500000,1.500000,,,,,,,,,,,,,,,,1.183443,0.188403,1.313611,0.187145,0.000000,0.000000,0.180685,,-0.016402,0.000000,,,,0.159199,0.118353,1.500000,2.655981,60.171026,0.000000,circle,预设轨迹15,forward
1775480139.031619,3.385302,1775480186.787776|完整运动,完整运动,circle_orbit,1,1.000000,1.500000,1.500000,,,,,,,,,,,,,,,,1.185478,0.188021,1.307550,0.185791,0.000000,0.000000,0.181266,,-0.019478,0.000000,,,,0.158603,0.118557,1.500000,2.678929,60.148078,0.000000,circle,预设轨迹15,forward
1775480139.070047,3.423730,1775480186.787776|完整运动,完整运动,circle_orbit,1,1.000000,1.500000,1.500000,,,,,,,,,,,,,,,,1.187306,0.188504,1.297004,0.191321,0.000000,0.000000,0.182540,,-0.024798,0.000000,,,,0.158766,0.118740,1.500000,2.724846,60.102160,0.000000,circle,预设轨迹15,forward
1775480139.100562,3.454245,1775480186.787776|完整运动,完整运动,circle_orbit,1,1.000000,1.500000,1.500000,,,,,,,,,,,,,,,,1.188940,0.188761,1.286956,0.190256,0.000000,0.000000,0.183624,,-0.030008,0.000000,,,,0.158764,0.118903,1.500000,2.770981,60.056026,0.000000,circle,预设轨迹15,forward
1775480139.123624,3.477306,1775480186.787776|完整运动,完整运动,circle_orbit,1,1.000000,1.500000,1.500000,,,,,,,,,,,,,,,,1.190471,0.188340,1.282336,0.185890,0.000000,0.000000,0.184115,,-0.032436,0.000000,,,,0.158206,0.119056,1.500000,2.794118,60.032889,0.000000,circle,预设轨迹15,forward
1775480139.143981,3.497663,1775480186.787776|完整运动,完整运动,circle_orbit,1,1.000000,1.500000,1.500000,,,,,,,,,,,,,,,,1.191913,0.187761,1.278423,0.184388,0.000000,0.000000,0.184418,,-0.034553,0.000000,,,,0.157529,0.119200,1.500000,2.817722,60.009285,0.000000,circle,预设轨迹15,forward
1775480139.168504,3.522187,1775480186.787776|完整运动,完整运动,circle_orbit,1,1.000000,1.500000,1.500000,,,,,,,,,,,,,,,,1.193218,0.187028,1.271532,0.182760,0.000000,0.000000,0.184537,,-0.038479,0.000000,,,,0.156742,0.119331,1.500000,2.864796,59.962211,0.000000,circle,预设轨迹15,forward
1775480139.195682,3.549365,1775480186.787776|完整运动,完整运动,circle_orbit,1,1.000000,1.500000,1.500000,,,,,,,,,,,,,,,,1.194437,0.185370,1.267578,0.175724,0.000000,0.000000,0.183804,,-0.041072,0.000000,,,,0.155195,0.119453,1.500000,2.888572,59.938434,0.000000,circle,预设轨迹15,forward
1775480139.216142,3.569825,1775480186.787776|完整运动,完整运动,circle_orbit,1,1.000000,1.500000,1.500000,,,,,,,,,,,,,,,,1.195554,0.184243,1.262602,0.177686,0.000000,0.000000,0.183416,,-0.044142,0.000000,,,,0.154107,0.119565,1.500000,2.912206,59.914801,0.000000,circle,预设轨迹15,forward
1775480139.243551,3.597234,1775480186.787776|完整运动,完整运动,circle_orbit,1,1.000000,1.500000,1.500000,,,,,,,,,,,,,,,,1.196587,0.183088,1.258554,0.176367,0.000000,0.000000,0.182932,,-0.046724,0.000000,,,,0.153009,0.119668,1.500000,2.936145,59.890861,0.000000,circle,预设轨迹15,forward
1775480139.265510,3.619193,1775480186.787776|完整运动,完整运动,circle_orbit,1,1.000000,1.500000,1.500000,,,,,,,,,,,,,,,,1.197542,0.181823,1.254838,0.174464,0.000000,0.000000,0.182285,,-0.049189,0.000000,,,,0.151830,0.119763,1.500000,2.960075,59.866932,0.000000,circle,预设轨迹15,forward
1775480139.285879,3.639562,1775480186.787776|完整运动,完整运动,circle_orbit,1,1.000000,1.500000,1.500000,,,,,,,,,,,,,,,,1.198351,0.179889,1.246879,0.168643,0.000000,0.000000,0.181004,,-0.054470,0.000000,,,,0.150114,0.119844,1.500000,3.007655,59.819351,0.000000,circle,预设轨迹15,forward
1775480139.314045,3.667728,1775480186.787776|完整运动,完整运动,circle_orbit,1,1.000000,1.500000,1.500000,,,,,,,,,,,,,,,,1.199146,0.179586,1.246879,0.177827,0.000000,0.000000,0.181004,,-0.054470,0.000000,,,,0.149762,0.119924,1.500000,3.007655,59.819351,0.000000,circle,预设轨迹15,forward
1775480139.337047,3.690730,1775480186.787776|完整运动,完整运动,circle_orbit,1,1.000000,1.500000,1.500000,,,,,,,,,,,,,,,,1.199863,0.178454,1.242864,0.171869,0.000000,0.000000,0.180293,,-0.057183,0.000000,,,,0.148728,0.119996,1.500000,3.031177,59.795830,0.000000,circle,预设轨迹15,forward
1775480139.357641,3.711324,1775480186.787776|完整运动,完整运动,circle_orbit,1,1.000000,1.500000,1.500000,,,,,,,,,,,,,,,,1.200433,0.176336,1.234637,0.164027,0.000000,0.000000,0.178698,,-0.062848,0.000000,,,,0.146893,0.120053,1.500000,3.078227,59.748779,0.000000,circle,预设轨迹15,forward
1775480139.383121,3.736803,1775480186.787776|完整运动,完整运动,circle_orbit,1,1.000000,1.500000,1.500000,,,,,,,,,,,,,,,,1.200928,0.175175,1.230627,0.168429,0.000000,0.000000,0.177815,,-0.065675,0.000000,,,,0.145866,0.120102,1.500000,3.101715,59.725292,0.000000,circle,预设轨迹15,forward
1775480139.409918,3.763601,1775480186.787776|完整运动,完整运动,circle_orbit,1,1.000000,1.500000,1.500000,,,,,,,,,,,,,,,,1.201359,0.173907,1.227192,0.166539,0.000000,0.000000,0.176797,,-0.068215,0.000000,,,,0.144758,0.120145,1.500000,3.125326,59.701681,0.000000,circle,预设轨迹15,forward
1775480139.432441,3.786124,1775480186.787776|完整运动,完整运动,circle_orbit,1,1.000000,1.500000,1.500000,,,,,,,,,,,,,,,,1.201664,0.171295,1.219979,0.156117,0.000000,0.000000,0.174592,,-0.073614,0.000000,,,,0.142548,0.120176,1.500000,3.172418,59.654588,0.000000,circle,预设轨迹15,forward
1775480139.452780,3.806463,1775480186.787776|完整运动,完整运动,circle_orbit,1,1.000000,1.500000,1.500000,,,,,,,,,,,,,,,,1.201903,0.170138,1.216236,0.163416,0.000000,0.000000,0.173506,,-0.076413,0.000000,,,,0.141557,0.120200,1.500000,3.195748,59.631258,0.000000,circle,预设轨迹15,forward
1775480139.475394,3.829077,1775480186.787776|完整运动,完整运动,circle_orbit,1,1.000000,1.500000,1.500000,,,,,,,,,,,,,,,,1.202077,0.169122,1.212510,0.163224,0.000000,0.000000,0.172511,,-0.079180,0.000000,,,,0.140692,0.120217,1.500000,3.218942,59.608065,0.000000,circle,预设轨迹15,forward
1775480139.496005,3.849687,1775480186.787776|完整运动,完整运动,circle_orbit,1,1.000000,1.500000,1.500000,,,,,,,,,,,,,,,,1.202195,0.168333,1.209266,0.163749,0.000000,0.000000,0.171687,,-0.081584,0.000000,,,,0.140022,0.120229,1.500000,3.242073,59.584933,0.000000,circle,预设轨迹15,forward
1775480139.521688,3.875371,1775480186.787776|完整运动,完整运动,circle_orbit,1,1.000000,1.500000,1.500000,,,,,,,,,,,,,,,,1.202249,0.167508,1.205525,0.162713,0.000000,0.000000,0.170826,,-0.084334,0.000000,,,,0.139329,0.120234,1.500000,3.265411,59.561595,0.000000,circle,预设轨迹15,forward
1775480139.544244,3.897927,1775480186.787776|完整运动,完整运动,circle_orbit,1,1.000000,1.500000,1.500000,,,,,,,,,,,,,,,,1.202260,0.166362,1.202929,0.159707,0.000000,0.000000,0.169682,,-0.086470,0.000000,,,,0.138374,0.120235,1.500000,3.289087,59.537919,0.000000,circle,预设轨迹15,forward
1775480139.564762,3.918444,1775480186.787776|完整运动,完整运动,circle_orbit,1,1.000000,1.500000,1.500000,,,,,,,,,,,,,,,,1.202173,0.163339,1.196927,0.145779,0.000000,0.000000,0.166917,,-0.091484,0.000000,,,,0.135870,0.120227,1.500000,3.336146,59.490861,0.000000,circle,预设轨迹15,forward
1775480139.592743,3.946425,1775480186.787776|完整运动,完整运动,circle_orbit,1,1.000000,1.500000,1.500000,,,,,,,,,,,,,,,,1.202087,0.163729,1.196927,0.165993,0.000000,0.000000,0.166917,,-0.091484,0.000000,,,,0.136204,0.120218,1.500000,3.336146,59.490861,0.000000,circle,预设轨迹15,forward
1775480139.615610,3.969293,1775480186.787776|完整运动,完整运动,circle_orbit,1,1.000000,1.500000,1.500000,,,,,,,,,,,,,,,,1.201913,0.160411,1.191457,0.141135,0.000000,0.000000,0.163834,,-0.096313,0.000000,,,,0.133463,0.120201,1.500000,3.383249,59.443757,0.000000,circle,预设轨迹15,forward
1775480139.635893,3.989576,1775480186.787776|完整运动,完整运动,circle_orbit,1,1.000000,1.500000,1.500000,,,,,,,,,,,,,,,,1.201704,0.158866,1.189155,0.149890,0.000000,0.000000,0.162111,,-0.098526,0.000000,,,,0.132201,0.120180,1.500000,3.407064,59.419942,0.000000,circle,预设轨迹15,forward
1775480139.665816,4.019498,1775480186.787776|完整运动,完整运动,circle_orbit,1,1.000000,1.500000,1.500000,,,,,,,,,,,,,,,,1.201463,0.157499,1.187028,0.149552,0.000000,0.000000,0.160499,,-0.100583,0.000000,,,,0.131089,0.120156,1.500000,3.431096,59.395910,0.000000,circle,预设轨迹15,forward
1775480139.687881,4.041564,1775480186.787776|完整运动,完整运动,circle_orbit,1,1.000000,1.500000,1.500000,,,,,,,,,,,,,,,,1.201190,0.156135,1.184818,0.148213,0.000000,0.000000,0.158863,,-0.102711,0.000000,,,,0.129984,0.120128,1.500000,3.455163,59.371843,0.000000,circle,预设轨迹15,forward
1775480139.708251,4.061934,1775480186.787776|完整运动,完整运动,circle_orbit,1,1.000000,1.500000,1.500000,,,,,,,,,,,,,,,,1.200867,0.152310,1.181477,0.130078,0.000000,0.000000,0.155107,,-0.106451,0.000000,,,,0.126833,0.120096,1.500000,3.502846,59.324160,0.000000,circle,预设轨迹15,forward
1775480139.738705,4.092387,1775480186.787776|完整运动,完整运动,circle_orbit,1,1.000000,1.500000,1.500000,,,,,,,,,,,,,,,,1.200510,0.150811,1.179108,0.142103,0.000000,0.000000,0.153165,,-0.108822,0.000000,,,,0.125623,0.120060,1.500000,3.526509,59.300498,0.000000,circle,预设轨迹15,forward
1775480139.759816,4.113499,1775480186.787776|完整运动,完整运动,circle_orbit,1,1.000000,1.500000,1.500000,,,,,,,,,,,,,,,,1.200127,0.149243,1.177145,0.140128,0.000000,0.000000,0.151141,,-0.110958,0.000000,,,,0.124356,0.120022,1.500000,3.550162,59.276844,0.000000,circle,预设轨迹15,forward
1775480139.780168,4.133850,1775480186.787776|完整运动,完整运动,circle_orbit,1,1.000000,1.500000,1.500000,,,,,,,,,,,,,,,,1.199726,0.147512,1.175640,0.137452,0.000000,0.000000,0.148950,,-0.112853,0.000000,,,,0.122955,0.119982,1.500000,3.573770,59.253236,0.000000,circle,预设轨迹15,forward
1775480139.810833,4.164515,1775480186.787776|完整运动,完整运动,circle_orbit,1,1.000000,1.500000,1.500000,,,,,,,,,,,,,,,,1.199261,0.143179,1.171389,0.117986,0.000000,0.000000,0.144509,,-0.117524,0.000000,,,,0.119389,0.119935,1.500000,3.620612,59.206395,0.000000,circle,预设轨迹15,forward
1775480139.832359,4.186042,1775480186.787776|完整运动,完整运动,circle_orbit,1,1.000000,1.500000,1.500000,,,,,,,,,,,,,,,,1.198768,0.141600,1.169168,0.132422,0.000000,0.000000,0.142231,,-0.119955,0.000000,,,,0.118122,0.119886,1.500000,3.644015,59.182991,0.000000,circle,预设轨迹15,forward
1775480139.852648,4.206330,1775480186.787776|完整运动,完整运动,circle_orbit,1,1.000000,1.500000,1.500000,,,,,,,,,,,,,,,,1.198251,0.139891,1.167229,0.129951,0.000000,0.000000,0.139827,,-0.122250,0.000000,,,,0.116746,0.119834,1.500000,3.667434,59.159572,0.000000,circle,预设轨迹15,forward
1775480139.888385,4.242068,1775480186.787776|完整运动,完整运动,circle_orbit,1,1.000000,1.500000,1.500000,,,,,,,,,,,,,,,,1.197714,0.138187,1.165518,0.128278,0.000000,0.000000,0.137404,,-0.124397,0.000000,,,,0.115376,0.119781,1.500000,3.690872,59.136135,0.000000,circle,预设轨迹15,forward
1775480139.917970,4.271652,1775480186.787776|完整运动,完整运动,circle_orbit,1,1.000000,1.500000,1.500000,,,,,,,,,,,,,,,,1.197111,0.134078,1.160925,0.110179,0.000000,0.000000,0.132911,,-0.129377,0.000000,,,,0.112002,0.119720,1.500000,3.737607,59.089399,0.000000,circle,预设轨迹15,forward
1775480139.939983,4.293666,1775480186.787776|完整运动,完整运动,circle_orbit,1,1.000000,1.500000,1.500000,,,,,,,,,,,,,,,,1.196499,0.132881,1.159795,0.125918,0.000000,0.000000,0.130741,,-0.131032,0.000000,,,,0.111059,0.119659,1.500000,3.761117,59.065889,0.000000,circle,预设轨迹15,forward
1775480139.970773,4.324455,1775480186.787776|完整运动,完整运动,circle_orbit,1,1.000000,1.500000,1.500000,,,,,,,,,,,,,,,,1.195880,0.131590,1.158728,0.124077,0.000000,0.000000,0.128504,,-0.132671,0.000000,,,,0.110036,0.119597,1.500000,3.784511,59.042495,0.000000,circle,预设轨迹15,forward
1775480139.993465,4.347148,1775480186.787776|完整运动,完整运动,circle_orbit,1,1.000000,1.500000,1.500000,,,,,,,,,,,,,,,,1.195217,0.127346,1.155404,0.102648,0.000000,0.000000,0.123758,,-0.136898,0.000000,,,,0.106546,0.119531,1.500000,3.831640,58.995367,0.000000,circle,预设轨迹15,forward
1775480140.013790,4.367473,1775480186.787776|完整运动,完整运动,circle_orbit,1,1.000000,1.500000,1.500000,,,,,,,,,,,,,,,,1.194540,0.126047,1.153916,0.118487,0.000000,0.000000,0.121361,,-0.138903,0.000000,,,,0.105519,0.119463,1.500000,3.855303,58.971703,0.000000,circle,预设轨迹15,forward
1775480140.046191,4.399874,1775480186.787776|完整运动,完整运动,circle_orbit,1,1.000000,1.500000,1.500000,,,,,,,,,,,,,,,,1.193854,0.124739,1.152745,0.117125,0.000000,0.000000,0.118970,,-0.140684,0.000000,,,,0.104484,0.119395,1.500000,3.878971,58.948036,0.000000,circle,预设轨迹15,forward
1775480140.076471,4.430153,1775480186.787776|完整运动,完整运动,circle_orbit,1,1.000000,1.500000,1.500000,,,,,,,,,,,,,,,,1.193176,0.120483,1.152463,0.095705,0.000000,0.000000,0.114070,,-0.142844,0.000000,,,,0.100977,0.119327,1.500000,3.926549,58.900457,0.000000,circle,预设轨迹15,forward
1775480140.097355,4.451037,1775480186.787776|完整运动,完整运动,circle_orbit,1,1.000000,1.500000,1.500000,,,,,,,,,,,,,,,,1.192497,0.119155,1.151755,0.111422,0.000000,0.000000,0.111510,,-0.144368,0.000000,,,,0.099921,0.119259,1.500000,3.950335,58.876672,0.000000,circle,预设轨迹15,forward
1775480140.117914,4.471597,1775480186.787776|完整运动,完整运动,circle_orbit,1,1.000000,1.500000,1.500000,,,,,,,,,,,,,,,,1.191825,0.117616,1.151499,0.108651,0.000000,0.000000,0.108784,,-0.145639,0.000000,,,,0.098686,0.119192,1.500000,3.974137,58.852870,0.000000,circle,预设轨迹15,forward
1775480140.152256,4.505939,1775480186.787776|完整运动,完整运动,circle_orbit,1,1.000000,1.500000,1.500000,,,,,,,,,,,,,,,,1.191168,0.112545,1.151755,0.083004,0.000000,0.000000,0.103037,,-0.147757,0.000000,,,,0.094483,0.119126,1.500000,4.021979,58.805027,0.000000,circle,预设轨迹15,forward
1775480140.186932,4.540615,1775480186.787776|完整运动,完整运动,circle_orbit,1,1.000000,1.500000,1.500000,,,,,,,,,,,,,,,,1.190520,0.110859,1.151643,0.101038,0.000000,0.000000,0.099979,,-0.149060,0.000000,,,,0.093118,0.119061,1.500000,4.045623,58.781384,0.000000,circle,预设轨迹15,forward
1775480140.209636,4.563318,1775480186.787776|完整运动,完整运动,circle_orbit,1,1.000000,1.500000,1.500000,,,,,,,,,,,,,,,,1.189874,0.109312,1.151111,0.100296,0.000000,0.000000,0.097043,,-0.150611,0.000000,,,,0.091868,0.118997,1.500000,4.069391,58.757615,0.000000,circle,预设轨迹15,forward
1775480140.229955,4.583637,1775480186.787776|完整运动,完整运动,circle_orbit,1,1.000000,1.500000,1.500000,,,,,,,,,,,,,,,,1.189223,0.104377,1.150170,0.075620,0.000000,0.000000,0.091216,,-0.153608,0.000000,,,,0.087769,0.118931,1.500000,4.116647,58.710359,0.000000,circle,预设轨迹15,forward
1775480140.259399,4.613082,1775480186.787776|完整运动,完整运动,circle_orbit,1,1.000000,1.500000,1.500000,,,,,,,,,,,,,,,,1.188583,0.106473,1.150170,0.118687,0.000000,0.000000,0.091216,,-0.153608,0.000000,,,,0.089580,0.118867,1.500000,4.116647,58.710359,0.000000,circle,预设轨迹15,forward
1775480140.282395,4.636078,1775480186.787776|完整运动,完整运动,circle_orbit,1,1.000000,1.500000,1.500000,,,,,,,,,,,,,,,,1.187958,0.101069,1.150456,0.069568,0.000000,0.000000,0.085020,,-0.155884,0.000000,,,,0.085078,0.118805,1.500000,4.163518,58.663488,0.000000,circle,预设轨迹15,forward
1775480140.302943,4.656625,1775480186.787776|完整运动,完整运动,circle_orbit,1,1.000000,1.500000,1.500000,,,,,,,,,,,,,,,,1.187338,0.099669,1.150149,0.091505,0.000000,0.000000,0.082030,,-0.157297,0.000000,,,,0.083943,0.118743,1.500000,4.186912,58.640094,0.000000,circle,预设轨迹15,forward
1775480140.329707,4.683390,1775480186.787776|完整运动,完整运动,circle_orbit,1,1.000000,1.500000,1.500000,,,,,,,,,,,,,,,,1.186738,0.094241,1.150728,0.062588,0.000000,0.000000,0.075608,,-0.159456,0.000000,,,,0.079411,0.118683,1.500000,4.234169,58.592837,0.000000,circle,预设轨迹15,forward
1775480140.352802,4.706485,1775480186.787776|完整运动,完整运动,circle_orbit,1,1.000000,1.500000,1.500000,,,,,,,,,,,,,,,,1.186136,0.092892,1.150049,0.085024,0.000000,0.000000,0.072467,,-0.161193,0.000000,,,,0.078314,0.118623,1.500000,4.257582,58.569425,0.000000,circle,预设轨迹15,forward
1775480140.373165,4.726848,1775480186.787776|完整运动,完整运动,circle_orbit,1,1.000000,1.500000,1.500000,,,,,,,,,,,,,,,,1.185544,0.091377,1.149989,0.082542,0.000000,0.000000,0.069217,,-0.162536,0.000000,,,,0.077076,0.118564,1.500000,4.280920,58.546087,0.000000,circle,预设轨迹15,forward
1775480140.404885,4.758567,1775480186.787776|完整运动,完整运动,circle_orbit,1,1.000000,1.500000,1.500000,,,,,,,,,,,,,,,,1.184966,0.089854,1.150311,0.080972,0.000000,0.000000,0.065978,,-0.163604,0.000000,,,,0.075829,0.118506,1.500000,4.304224,58.522783,0.000000,circle,预设轨迹15,forward
1775480140.443188,4.796870,1775480186.787776|完整运动,完整运动,circle_orbit,1,1.000000,1.500000,1.500000,,,,,,,,,,,,,,,,1.184400,0.088636,1.150407,0.081525,0.000000,0.000000,0.063014,,-0.164721,0.000000,,,,0.074836,0.118449,1.500000,4.327596,58.499410,0.000000,circle,预设轨迹15,forward
1775480140.468464,4.822147,1775480186.787776|完整运动,完整运动,circle_orbit,1,1.000000,1.500000,1.500000,,,,,,,,,,,,,,,,1.183861,0.083721,1.151514,0.055044,0.000000,0.000000,0.056908,,-0.166380,0.000000,,,,0.070719,0.118395,1.500000,4.375075,58.451931,0.000000,circle,预设轨迹15,forward
1775480140.497563,4.851246,1775480186.787776|完整运动,完整运动,circle_orbit,1,1.000000,1.500000,1.500000,,,,,,,,,,,,,,,,1.183355,0.079148,1.153038,0.052458,0.000000,0.000000,0.050905,,-0.167706,0.000000,,,,0.066884,0.118345,1.500000,4.422476,58.404531,0.000000,circle,预设轨迹15,forward
1775480140.518469,4.872152,1775480186.787776|完整运动,完整运动,circle_orbit,1,1.000000,1.500000,1.500000,,,,,,,,,,,,,,,,1.182876,0.078146,1.154144,0.072302,0.000000,0.000000,0.047808,,-0.168166,0.000000,,,,0.066065,0.118297,1.500000,4.446091,58.380916,0.000000,circle,预设轨迹15,forward
1775480140.549164,4.902847,1775480186.787776|完整运动,完整运动,circle_orbit,1,1.000000,1.500000,1.500000,,,,,,,,,,,,,,,,1.182427,0.077050,1.155477,0.070652,0.000000,0.000000,0.044685,,-0.168478,0.000000,,,,0.065163,0.118252,1.500000,4.469886,58.357120,0.000000,circle,预设轨迹15,forward
1775480140.570015,4.923698,1775480186.787776|完整运动,完整运动,circle_orbit,1,1.000000,1.500000,1.500000,,,,,,,,,,,,,,,,1.182034,0.071791,1.158446,0.041085,0.000000,0.000000,0.038029,,-0.169061,0.000000,,,,0.060735,0.118213,1.500000,4.517799,58.309207,0.000000,circle,预设轨迹15,forward
1775480140.594083,4.947766,1775480186.787776|完整运动,完整运动,circle_orbit,1,1.000000,1.500000,1.500000,,,,,,,,,,,,,,,,1.181673,0.070523,1.160011,0.063121,0.000000,0.000000,0.034599,,-0.169341,0.000000,,,,0.059680,0.118176,1.500000,4.541723,58.285283,0.000000,circle,预设轨迹15,forward
1775480140.627014,4.980697,1775480186.787776|完整运动,完整运动,circle_orbit,1,1.000000,1.500000,1.500000,,,,,,,,,,,,,,,,1.181339,0.069138,1.161272,0.061055,0.000000,0.000000,0.031110,,-0.169860,0.000000,,,,0.058525,0.118143,1.500000,4.565374,58.261633,0.000000,circle,预设轨迹15,forward
1775480140.658641,5.012324,1775480186.787776|完整运动,完整运动,circle_orbit,1,1.000000,1.500000,1.500000,,,,,,,,,,,,,,,,1.181032,0.067772,1.162611,0.059796,0.000000,0.000000,0.027665,,-0.170308,0.000000,,,,0.057384,0.118112,1.500000,4.589016,58.237991,0.000000,circle,预设轨迹15,forward
1775480140.679247,5.032929,1775480186.787776|完整运动,完整运动,circle_orbit,1,1.000000,1.500000,1.500000,,,,,,,,,,,,,,,,1.180783,0.062212,1.165864,0.029745,0.000000,0.000000,0.020641,,-0.170867,0.000000,,,,0.052687,0.118087,1.500000,4.635987,58.191020,0.000000,circle,预设轨迹15,forward
1775480140.699788,5.053471,1775480186.787776|完整运动,完整运动,circle_orbit,1,1.000000,1.500000,1.500000,,,,,,,,,,,,,,,,1.180562,0.060943,1.167282,0.053531,0.000000,0.000000,0.017083,,-0.171314,0.000000,,,,0.051622,0.118065,1.500000,4.659549,58.167457,0.000000,circle,预设轨迹15,forward
1775480140.723627,5.077310,1775480186.787776|完整运动,完整运动,circle_orbit,1,1.000000,1.500000,1.500000,,,,,,,,,,,,,,,,1.180360,0.059744,1.168286,0.052739,0.000000,0.000000,0.013627,,-0.172006,0.000000,,,,0.050615,0.118045,1.500000,4.683076,58.143931,0.000000,circle,预设轨迹15,forward
1775480140.744242,5.097925,1775480186.787776|完整运动,完整运动,circle_orbit,1,1.000000,1.500000,1.500000,,,,,,,,,,,,,,,,1.180210,0.054572,1.171167,0.024368,0.000000,0.000000,0.006795,,-0.172765,0.000000,,,,0.046239,0.118030,1.500000,4.730321,58.096685,0.000000,circle,预设轨迹15,forward
1775480140.772457,5.126140,1775480186.787776|完整运动,完整运动,circle_orbit,1,1.000000,1.500000,1.500000,,,,,,,,,,,,,,,,1.180061,0.057576,1.171167,0.075121,0.000000,0.000000,0.006795,,-0.172765,0.000000,,,,0.048791,0.118015,1.500000,4.730321,58.096685,0.000000,circle,预设轨迹15,forward
1775480140.792994,5.146677,1775480186.787776|完整运动,完整运动,circle_orbit,1,1.000000,1.500000,1.500000,,,,,,,,,,,,,,,,1.179962,0.051854,1.173996,0.018434,0.000000,0.000000,-0.000416,,-0.173388,0.000000,,,,0.043946,0.118005,1.500000,4.777209,58.049797,0.000000,circle,预设轨迹15,forward
1775480140.813466,5.167149,1775480186.787776|完整运动,完整运动,circle_orbit,1,1.000000,1.500000,1.500000,,,,,,,,,,,,,,,,1.179822,0.050906,1.171412,0.045370,0.000000,0.000000,-0.003761,,-0.173812,0.000000,,,,0.043147,0.117991,1.500000,4.800699,58.026307,0.000000,circle,预设轨迹15,forward
1775480140.844517,5.198200,1775480186.787776|完整运动,完整运动,circle_orbit,1,1.000000,1.500000,1.500000,,,,,,,,,,,,,,,,1.179655,0.049963,1.169651,0.044452,0.000000,0.000000,-0.007050,,-0.173701,0.000000,,,,0.042354,0.117975,1.500000,4.824201,58.002806,0.000000,circle,预设轨迹15,forward
1775480140.880056,5.233739,1775480186.787776|完整运动,完整运动,circle_orbit,1,1.000000,1.500000,1.500000,,,,,,,,,,,,,,,,1.179427,0.045479,1.165752,0.019288,0.000000,0.000000,-0.013335,,-0.173868,0.000000,,,,0.038560,0.117952,1.500000,4.871669,57.955338,0.000000,circle,预设轨迹15,forward
1775480140.915979,5.269661,1775480186.787776|完整运动,完整运动,circle_orbit,1,1.000000,1.500000,1.500000,,,,,,,,,,,,,,,,1.179179,0.044704,1.164261,0.040173,0.000000,0.000000,-0.016594,,-0.173594,0.000000,,,,0.037911,0.117927,1.500000,4.895378,57.931629,0.000000,circle,预设轨迹15,forward
1775480140.952468,5.306151,1775480186.787776|完整运动,完整运动,circle_orbit,1,1.000000,1.500000,1.500000,,,,,,,,,,,,,,,,1.178881,0.040086,1.161004,0.013108,0.000000,0.000000,-0.023098,,-0.173251,0.000000,,,,0.034003,0.117897,1.500000,4.942456,57.884551,0.000000,circle,预设轨迹15,forward
1775480140.984190,5.337873,1775480186.787776|完整运动,完整运动,circle_orbit,1,1.000000,1.500000,1.500000,,,,,,,,,,,,,,,,1.178553,0.035309,1.158902,0.007399,0.000000,0.000000,-0.029910,,-0.171990,0.000000,,,,0.029959,0.117864,1.500000,4.989975,57.837031,0.000000,circle,预设轨迹15,forward
1775480141.013688,5.367371,1775480186.787776|完整运动,完整运动,circle_orbit,1,1.000000,1.500000,1.500000,,,,,,,,,,,,,,,,1.178222,0.034557,1.158354,0.030163,0.000000,0.000000,-0.033430,,-0.170965,0.000000,,,,0.029330,0.117831,1.500000,5.013875,57.813132,0.000000,circle,预设轨迹15,forward
1775480141.035406,5.389089,1775480186.787776|完整运动,完整运动,circle_orbit,1,1.000000,1.500000,1.500000,,,,,,,,,,,,,,,,1.177859,0.029621,1.156087,0.000779,0.000000,0.000000,-0.040477,,-0.169733,0.000000,,,,0.025148,0.117795,1.500000,5.061495,57.765512,0.000000,circle,预设轨迹15,forward
1775480141.056408,5.410091,1775480186.787776|完整运动,完整运动,circle_orbit,1,1.000000,1.500000,1.500000,,,,,,,,,,,,,,,,1.177490,0.028907,1.155361,0.024734,0.000000,0.000000,-0.044068,,-0.168806,0.000000,,,,0.024550,0.117758,1.500000,5.085138,57.741868,0.000000,circle,预设轨迹15,forward
1775480141.086186,5.439868,1775480186.787776|完整运动,完整运动,circle_orbit,1,1.000000,1.500000,1.500000,,,,,,,,,,,,,,,,1.177110,0.028073,1.154282,0.023201,0.000000,0.000000,-0.047682,,-0.168119,0.000000,,,,0.023849,0.117720,1.500000,5.108723,57.718284,0.000000,circle,预设轨迹15,forward
1775480141.120834,5.474516,1775480186.787776|完整运动,完整运动,circle_orbit,1,1.000000,1.500000,1.500000,,,,,,,,,,,,,,,,1.176707,0.022964,1.152534,-0.006900,0.000000,0.000000,-0.054915,,-0.166457,0.000000,,,,0.019516,0.117680,1.500000,5.155903,57.671104,0.000000,circle,预设轨迹15,forward
1775480141.153302,5.506984,1775480186.787776|完整运动,完整运动,circle_orbit,1,1.000000,1.500000,1.500000,,,,,,,,,,,,,,,,1.176290,0.022440,1.151275,0.019373,0.000000,0.000000,-0.058391,,-0.165957,0.000000,,,,0.019077,0.117638,1.500000,5.179593,57.647413,0.000000,circle,预设轨迹15,forward
1775480141.187635,5.541317,1775480186.787776|完整运动,完整运动,circle_orbit,1,1.000000,1.500000,1.500000,,,,,,,,,,,,,,,,1.175860,0.017879,1.150067,-0.008781,0.000000,0.000000,-0.065257,,-0.164065,0.000000,,,,0.015205,0.117595,1.500000,5.226871,57.600135,0.000000,circle,预设轨迹15,forward
1775480141.211936,5.565618,1775480186.787776|完整运动,完整运动,circle_orbit,1,1.000000,1.500000,1.500000,,,,,,,,,,,,,,,,1.175420,0.017385,1.149034,0.014496,0.000000,0.000000,-0.068777,,-0.163390,0.000000,,,,0.014791,0.117551,1.500000,5.250472,57.576534,0.000000,circle,预设轨迹15,forward
1775480141.232489,5.586171,1775480186.787776|完整运动,完整运动,circle_orbit,1,1.000000,1.500000,1.500000,,,,,,,,,,,,,,,,1.174950,0.012870,1.146757,-0.013532,0.000000,0.000000,-0.075672,,-0.162252,0.000000,,,,0.010954,0.117504,1.500000,5.297697,57.529310,0.000000,circle,预设轨迹15,forward
1775480141.263631,5.617314,1775480186.787776|完整运动,完整运动,circle_orbit,1,1.000000,1.500000,1.500000,,,,,,,,,,,,,,,,1.174465,0.012883,1.145363,0.012955,0.000000,0.000000,-0.078817,,-0.161988,0.000000,,,,0.010969,0.117456,1.500000,5.321488,57.505519,0.000000,circle,预设轨迹15,forward
1775480141.290382,5.644064,1775480186.787776|完整运动,完整运动,circle_orbit,1,1.000000,1.500000,1.500000,,,,,,,,,,,,,,,,1.173981,0.012924,1.144902,0.013168,0.000000,0.000000,-0.081817,,-0.161118,0.000000,,,,0.011009,0.117407,1.500000,5.345222,57.481784,0.000000,circle,预设轨迹15,forward
1775480141.310643,5.664325,1775480186.787776|完整运动,完整运动,circle_orbit,1,1.000000,1.500000,1.500000,,,,,,,,,,,,,,,,1.173503,0.009267,1.144863,-0.012126,0.000000,0.000000,-0.087897,,-0.158714,0.000000,,,,0.007897,0.117359,1.500000,5.392942,57.434064,0.000000,circle,预设轨迹15,forward
1775480141.334743,5.688426,1775480186.787776|完整运动,完整运动,circle_orbit,1,1.000000,1.500000,1.500000,,,,,,,,,,,,,,,,1.173025,0.009153,1.144348,0.008486,0.000000,0.000000,-0.091036,,-0.157827,0.000000,,,,0.007803,0.117312,1.500000,5.416617,57.410389,0.000000,circle,预设轨迹15,forward
1775480141.356112,5.709795,1775480186.787776|完整运动,完整运动,circle_orbit,1,1.000000,1.500000,1.500000,,,,,,,,,,,,,,,,1.172550,0.008930,1.144029,0.007622,0.000000,0.000000,-0.094169,,-0.156801,0.000000,,,,0.007616,0.117264,1.500000,5.440276,57.386731,0.000000,circle,预设轨迹15,forward
1775480141.376615,5.730298,1775480186.787776|完整运动,完整运动,circle_orbit,1,1.000000,1.500000,1.500000,,,,,,,,,,,,,,,,1.172083,0.008754,1.144060,0.007724,0.000000,0.000000,-0.097177,,-0.155576,0.000000,,,,0.007469,0.117217,1.500000,5.464042,57.362964,0.000000,circle,预设轨迹15,forward
1775480141.404526,5.758209,1775480186.787776|完整运动,完整运动,circle_orbit,1,1.000000,1.500000,1.500000,,,,,,,,,,,,,,,,1.171631,0.008500,1.144499,0.007017,0.000000,0.000000,-0.100172,,-0.154064,0.000000,,,,0.007255,0.117172,1.500000,5.487934,57.339073,0.000000,circle,预设轨迹15,forward
1775480141.427209,5.780891,1775480186.787776|完整运动,完整运动,circle_orbit,1,1.000000,1.500000,1.500000,,,,,,,,,,,,,,,,1.171190,0.008116,1.144756,0.005867,0.000000,0.000000,-0.103211,,-0.152664,0.000000,,,,0.006930,0.117128,1.500000,5.511933,57.315073,0.000000,circle,预设轨迹15,forward
1775480141.447594,5.801276,1775480186.787776|完整运动,完整运动,circle_orbit,1,1.000000,1.500000,1.500000,,,,,,,,,,,,,,,,1.170761,0.003964,1.144999,-0.020340,0.000000,0.000000,-0.109448,,-0.149995,0.000000,,,,0.003386,0.117085,1.500000,5.559989,57.267017,0.000000,circle,预设轨迹15,forward
1775480141.474313,5.827996,1775480186.787776|完整运动,完整运动,circle_orbit,1,1.000000,1.500000,1.500000,,,,,,,,,,,,,,,,1.170344,0.003576,1.145315,0.001301,0.000000,0.000000,-0.112606,,-0.148507,0.000000,,,,0.003055,0.117043,1.500000,5.583815,57.243191,0.000000,circle,预设轨迹15,forward
1775480141.507355,5.861038,1775480186.787776|完整运动,完整运动,circle_orbit,1,1.000000,1.500000,1.500000,,,,,,,,,,,,,,,,1.169939,0.003096,1.145647,0.000291,0.000000,0.000000,-0.115781,,-0.146999,0.000000,,,,0.002647,0.117003,1.500000,5.607512,57.219494,0.000000,circle,预设轨迹15,forward
1775480141.536653,5.890336,1775480186.787776|完整运动,完整运动,circle_orbit,1,1.000000,1.500000,1.500000,,,,,,,,,,,,,,,,1.169559,-0.001552,1.146735,-0.028770,0.000000,0.000000,-0.122510,,-0.143531,0.000000,,,,0.001327,0.116965,1.500000,5.654993,57.172014,0.000000,circle,预设轨迹15,forward
1775480141.575644,5.929327,1775480186.787776|完整运动,完整运动,circle_orbit,1,1.000000,1.500000,1.500000,,,,,,,,,,,,,,,,1.169180,-0.001924,1.146476,-0.004103,0.000000,0.000000,-0.125742,,-0.142423,0.000000,,,,0.001646,0.116927,1.500000,5.678905,57.148102,0.000000,circle,预设轨迹15,forward
1775480141.596837,5.950519,1775480186.787776|完整运动,完整运动,circle_orbit,1,1.000000,1.500000,1.500000,,,,,,,,,,,,,,,,1.168825,-0.005844,1.147528,-0.028798,0.000000,0.000000,-0.131978,,-0.139178,0.000000,,,,0.005000,0.116892,1.500000,5.726368,57.100638,0.000000,circle,预设轨迹15,forward
1775480141.617457,5.971139,1775480186.787776|完整运动,完整运动,circle_orbit,1,1.000000,1.500000,1.500000,,,,,,,,,,,,,,,,1.168480,-0.005996,1.147792,-0.006890,0.000000,0.000000,-0.135108,,-0.137739,0.000000,,,,0.005132,0.116857,1.500000,5.749930,57.077076,0.000000,circle,预设轨迹15,forward
1775480141.641961,5.995643,1775480186.787776|完整运动,完整运动,circle_orbit,1,1.000000,1.500000,1.500000,,,,,,,,,,,,,,,,1.168150,-0.006220,1.148355,-0.007529,0.000000,0.000000,-0.138218,,-0.136093,0.000000,,,,0.005324,0.116824,1.500000,5.773548,57.053459,0.000000,circle,预设轨迹15,forward
1775480141.662226,6.015909,1775480186.787776|完整运动,完整运动,circle_orbit,1,1.000000,1.500000,1.500000,,,,,,,,,,,,,,,,1.167837,-0.006500,1.149053,-0.008143,0.000000,0.000000,-0.141309,,-0.134361,0.000000,,,,0.005566,0.116793,1.500000,5.797350,57.029656,0.000000,circle,预设轨迹15,forward
1775480141.685545,6.039227,1775480186.787776|完整运动,完整运动,circle_orbit,1,1.000000,1.500000,1.500000,,,,,,,,,,,,,,,,1.167532,-0.006448,1.149207,-0.006141,0.000000,0.000000,-0.144049,,-0.133156,0.000000,,,,0.005523,0.116762,1.500000,5.821017,57.005990,0.000000,circle,预设轨迹15,forward
1775480141.709853,6.063535,1775480186.787776|完整运动,完整运动,circle_orbit,1,1.000000,1.500000,1.500000,,,,,,,,,,,,,,,,1.167267,-0.009035,1.151360,-0.024191,0.000000,0.000000,-0.149000,,-0.129650,0.000000,,,,0.007740,0.116736,1.500000,5.868419,56.958587,0.000000,circle,预设轨迹15,forward
1775480141.730492,6.084175,1775480186.787776|完整运动,完整运动,circle_orbit,1,1.000000,1.500000,1.500000,,,,,,,,,,,,,,,,1.167018,-0.008484,1.152082,-0.005258,0.000000,0.000000,-0.151322,,-0.128211,0.000000,,,,0.007270,0.116711,1.500000,5.892128,56.934879,0.000000,circle,预设轨迹15,forward
1775480141.758430,6.112113,1775480186.787776|完整运动,完整运动,circle_orbit,1,1.000000,1.500000,1.500000,,,,,,,,,,,,,,,,1.166773,-0.005372,1.152082,0.012862,0.000000,0.000000,-0.151322,,-0.128211,0.000000,,,,0.004604,0.116686,1.500000,5.892128,56.934879,0.000000,circle,预设轨迹15,forward
1775480141.790022,6.143704,1775480186.787776|完整运动,完整运动,circle_orbit,1,1.000000,1.500000,1.500000,,,,,,,,,,,,,,,,1.166573,-0.008260,1.154555,-0.025182,0.000000,0.000000,-0.156269,,-0.124489,0.000000,,,,0.007081,0.116666,1.500000,5.939399,56.887607,0.000000,circle,预设轨迹15,forward
1775480141.811281,6.164964,1775480186.787776|完整运动,完整运动,circle_orbit,1,1.000000,1.500000,1.500000,,,,,,,,,,,,,,,,1.166427,-0.010869,1.157660,-0.026157,0.000000,0.000000,-0.161100,,-0.120378,0.000000,,,,0.009318,0.116652,1.500000,5.986792,56.840214,0.000000,circle,预设轨迹15,forward
1775480141.832468,6.186151,1775480186.787776|完整运动,完整运动,circle_orbit,1,1.000000,1.500000,1.500000,,,,,,,,,,,,,,,,1.166312,-0.010626,1.159463,-0.009205,0.000000,0.000000,-0.163565,,-0.118133,0.000000,,,,0.009111,0.116640,1.500000,6.010504,56.816503,0.000000,circle,预设轨迹15,forward
1775480141.861186,6.214869,1775480186.787776|完整运动,完整运动,circle_orbit,1,1.000000,1.500000,1.500000,,,,,,,,,,,,,,,,1.166224,-0.010504,1.160921,-0.009789,0.000000,0.000000,-0.166059,,-0.116120,0.000000,,,,0.009007,0.116631,1.500000,6.034219,56.792787,0.000000,circle,预设轨迹15,forward
1775480141.889188,6.242871,1775480186.787776|完整运动,完整运动,circle_orbit,1,1.000000,1.500000,1.500000,,,,,,,,,,,,,,,,1.166166,-0.010428,1.162705,-0.009983,0.000000,0.000000,-0.168531,,-0.113892,0.000000,,,,0.008942,0.116626,1.500000,6.058014,56.768992,0.000000,circle,预设轨迹15,forward
1775480141.919252,6.272935,1775480186.787776|完整运动,完整运动,circle_orbit,1,1.000000,1.500000,1.500000,,,,,,,,,,,,,,,,1.166142,-0.010446,1.164675,-0.010546,0.000000,0.000000,-0.171030,,-0.111528,0.000000,,,,0.008957,0.116623,1.500000,6.081905,56.745102,0.000000,circle,预设轨迹15,forward
1775480141.951648,6.305331,1775480186.787776|完整运动,完整运动,circle_orbit,1,1.000000,1.500000,1.500000,,,,,,,,,,,,,,,,1.166171,-0.013169,1.167939,-0.029130,0.000000,0.000000,-0.175828,,-0.107359,0.000000,,,,0.011293,0.116626,1.500000,6.129354,56.697653,0.000000,circle,预设轨迹15,forward
1775480141.982376,6.336059,1775480186.787776|完整运动,完整运动,circle_orbit,1,1.000000,1.500000,1.500000,,,,,,,,,,,,,,,,1.166253,-0.015749,1.171140,-0.030865,0.000000,0.000000,-0.180622,,-0.103248,0.000000,,,,0.013504,0.116634,1.500000,6.176913,56.650094,0.000000,circle,预设轨迹15,forward
1775480142.005440,6.359123,1775480186.787776|完整运动,完整运动,circle_orbit,1,1.000000,1.500000,1.500000,,,,,,,,,,,,,,,,1.166359,-0.015268,1.172750,-0.012448,0.000000,0.000000,-0.182869,,-0.101250,0.000000,,,,0.013090,0.116645,1.500000,6.200864,56.626142,0.000000,circle,预设轨迹15,forward
1775480142.028512,6.382195,1775480186.787776|完整运动,完整运动,circle_orbit,1,1.000000,1.500000,1.500000,,,,,,,,,,,,,,,,1.166533,-0.017349,1.176940,-0.029542,0.000000,0.000000,-0.187253,,-0.096650,0.000000,,,,0.014872,0.116662,1.500000,6.248121,56.578885,0.000000,circle,预设轨迹15,forward
1775480142.060869,6.414552,1775480186.787776|完整运动,完整运动,circle_orbit,1,1.000000,1.500000,1.500000,,,,,,,,,,,,,,,,1.166733,-0.016754,1.178740,-0.013271,0.000000,0.000000,-0.189394,,-0.094577,0.000000,,,,0.014360,0.116682,1.500000,6.271652,56.555354,0.000000,circle,预设轨迹15,forward
1775480142.083793,6.437476,1775480186.787776|完整运动,完整运动,circle_orbit,1,1.000000,1.500000,1.500000,,,,,,,,,,,,,,,,1.166961,-0.016072,1.180669,-0.012075,0.000000,0.000000,-0.191370,,-0.092488,0.000000,,,,0.013773,0.116705,1.500000,6.295327,56.531679,0.000000,circle,预设轨迹15,forward
1775480142.109674,6.463357,1775480186.787776|完整运动,完整运动,circle_orbit,1,1.000000,1.500000,1.500000,,,,,,,,,,,,,,,,1.167238,-0.016932,1.183856,-0.021971,0.000000,0.000000,-0.194594,,-0.089060,0.000000,,,,0.014506,0.116733,1.500000,6.342973,56.484033,0.000000,circle,预设轨迹15,forward
1775480142.135802,6.489485,1775480186.787776|完整运动,完整运动,circle_orbit,1,1.000000,1.500000,1.500000,,,,,,,,,,,,,,,,1.167558,-0.015519,1.186737,-0.007241,0.000000,0.000000,-0.195861,,-0.086631,0.000000,,,,0.013292,0.116765,1.500000,6.366965,56.460042,0.000000,circle,预设轨迹15,forward
1775480142.156322,6.510005,1775480186.787776|完整运动,完整运动,circle_orbit,1,1.000000,1.500000,1.500000,,,,,,,,,,,,,,,,1.167872,-0.012789,1.186737,0.003201,0.000000,0.000000,-0.195861,,-0.086631,0.000000,,,,0.010951,0.116796,1.500000,6.366965,56.460042,0.000000,circle,预设轨迹15,forward
1775480142.190974,6.544657,1775480186.787776|完整运动,完整运动,circle_orbit,1,1.000000,1.500000,1.500000,,,,,,,,,,,,,,,,1.168268,-0.013106,1.191991,-0.014962,0.000000,0.000000,-0.198306,,-0.082171,0.000000,,,,0.011218,0.116836,1.500000,6.414534,56.412472,0.000000,circle,预设轨迹15,forward
1775480142.215209,6.568892,1775480186.787776|完整运动,完整运动,circle_orbit,1,1.000000,1.500000,1.500000,,,,,,,,,,,,,,,,1.168745,-0.014238,1.197382,-0.020868,0.000000,0.000000,-0.201457,,-0.077369,0.000000,,,,0.012182,0.116884,1.500000,6.462275,56.364732,0.000000,circle,预设轨迹15,forward
1775480142.235631,6.589314,1775480186.787776|完整运动,完整运动,circle_orbit,1,1.000000,1.500000,1.500000,,,,,,,,,,,,,,,,1.169258,-0.013373,1.200007,-0.008306,0.000000,0.000000,-0.202927,,-0.075068,0.000000,,,,0.011437,0.116935,1.500000,6.486185,56.340821,0.000000,circle,预设轨迹15,forward
1775480142.256754,6.610437,1775480186.787776|完整运动,完整运动,circle_orbit,1,1.000000,1.500000,1.500000,,,,,,,,,,,,,,,,1.169805,-0.012439,1.202625,-0.006972,0.000000,0.000000,-0.204264,,-0.072833,0.000000,,,,0.010633,0.116989,1.500000,6.510112,56.316894,0.000000,circle,预设轨迹15,forward
1775480142.280326,6.634009,1775480186.787776|完整运动,完整运动,circle_orbit,1,1.000000,1.500000,1.500000,,,,,,,,,,,,,,,,1.170395,-0.011577,1.205815,-0.006533,0.000000,0.000000,-0.205589,,-0.070241,0.000000,,,,0.009892,0.117049,1.500000,6.534118,56.292889,0.000000,circle,预设轨迹15,forward
1775480142.307969,6.661651,1775480186.787776|完整运动,完整运动,circle_orbit,1,1.000000,1.500000,1.500000,,,,,,,,,,,,,,,,1.171084,-0.011929,1.212450,-0.013986,0.000000,0.000000,-0.207903,,-0.065060,0.000000,,,,0.010186,0.117117,1.500000,6.582396,56.244611,0.000000,circle,预设轨迹15,forward
1775480142.335289,6.688972,1775480186.787776|完整运动,完整运动,circle_orbit,1,1.000000,1.500000,1.500000,,,,,,,,,,,,,,,,1.171822,-0.010907,1.216075,-0.004930,0.000000,0.000000,-0.209042,,-0.062300,0.000000,,,,0.009308,0.117191,1.500000,6.606623,56.220384,0.000000,circle,预设轨迹15,forward
1775480142.358806,6.712489,1775480186.787776|完整运动,完整运动,circle_orbit,1,1.000000,1.500000,1.500000,,,,,,,,,,,,,,,,1.172604,-0.010133,1.219508,-0.005599,0.000000,0.000000,-0.210323,,-0.059617,0.000000,,,,0.008641,0.117269,1.500000,6.630846,56.196160,0.000000,circle,预设轨迹15,forward
1775480142.379766,6.733448,1775480186.787776|完整运动,完整运动,circle_orbit,1,1.000000,1.500000,1.500000,,,,,,,,,,,,,,,,1.173422,-0.009453,1.222505,-0.005476,0.000000,0.000000,-0.211633,,-0.057208,0.000000,,,,0.008056,0.117351,1.500000,6.654968,56.172039,0.000000,circle,预设轨迹15,forward
1775480142.401249,6.754932,1775480186.787776|完整运动,完整运动,circle_orbit,1,1.000000,1.500000,1.500000,,,,,,,,,,,,,,,,1.174270,-0.008815,1.225162,-0.005084,0.000000,0.000000,-0.212935,,-0.055024,0.000000,,,,0.007507,0.117436,1.500000,6.679169,56.147838,0.000000,circle,预设轨迹15,forward
1775480142.434365,6.788048,1775480186.787776|完整运动,完整运动,circle_orbit,1,1.000000,1.500000,1.500000,,,,,,,,,,,,,,,,1.175203,-0.009248,1.231202,-0.011780,0.000000,0.000000,-0.215125,,-0.050395,0.000000,,,,0.007869,0.117529,1.500000,6.727825,56.099182,0.000000,circle,预设轨迹15,forward
1775480142.465177,6.818860,1775480186.787776|完整运动,完整运动,circle_orbit,1,1.000000,1.500000,1.500000,,,,,,,,,,,,,,,,1.176181,-0.008409,1.234859,-0.003506,0.000000,0.000000,-0.216246,,-0.047691,0.000000,,,,0.007150,0.117627,1.500000,6.751911,56.075096,0.000000,circle,预设轨迹15,forward
1775480142.489368,6.843051,1775480186.787776|完整运动,完整运动,circle_orbit,1,1.000000,1.500000,1.500000,,,,,,,,,,,,,,,,1.177244,-0.008576,1.241042,-0.009552,0.000000,0.000000,-0.218185,,-0.043133,0.000000,,,,0.007285,0.117734,1.500000,6.799820,56.027187,0.000000,circle,预设轨迹15,forward
1775480142.509787,6.863469,1775480186.787776|完整运动,完整运动,circle_orbit,1,1.000000,1.500000,1.500000,,,,,,,,,,,,,,,,1.178351,-0.007441,1.244726,-0.000808,0.000000,0.000000,-0.219015,,-0.040565,0.000000,,,,0.006315,0.117844,1.500000,6.823857,56.003150,0.000000,circle,预设轨迹15,forward
1775480142.532377,6.886060,1775480186.787776|完整运动,完整运动,circle_orbit,1,1.000000,1.500000,1.500000,,,,,,,,,,,,,,,,1.179490,-0.005982,1.247869,0.002540,0.000000,0.000000,-0.219500,,-0.038474,0.000000,,,,0.005072,0.117958,1.500000,6.847923,55.979084,0.000000,circle,预设轨迹15,forward
1775480142.553673,6.907356,1775480186.787776|完整运动,完整运动,circle_orbit,1,1.000000,1.500000,1.500000,,,,,,,,,,,,,,,,1.180663,-0.004280,1.251030,0.005657,0.000000,0.000000,-0.219693,,-0.036499,0.000000,,,,0.003625,0.118075,1.500000,6.871929,55.955078,0.000000,circle,预设轨迹15,forward
1775480142.574062,6.927745,1775480186.787776|完整运动,完整运动,circle_orbit,1,1.000000,1.500000,1.500000,,,,,,,,,,,,,,,,1.181883,-0.002661,1.255104,0.006791,0.000000,0.000000,-0.219866,,-0.033997,0.000000,,,,0.002252,0.118197,1.500000,6.895960,55.931046,0.000000,circle,预设轨迹15,forward
1775480142.597210,6.950892,1775480186.787776|完整运动,完整运动,circle_orbit,1,1.000000,1.500000,1.500000,,,,,,,,,,,,,,,,1.183143,-0.000957,1.258738,0.008990,0.000000,0.000000,-0.219885,,-0.031833,0.000000,,,,0.000809,0.118323,1.500000,6.919883,55.907123,0.000000,circle,预设轨迹15,forward
1775480142.628685,6.982368,1775480186.787776|完整运动,完整运动,circle_orbit,1,1.000000,1.500000,1.500000,,,,,,,,,,,,,,,,1.184448,0.000428,1.262697,0.008507,0.000000,0.000000,-0.220097,,-0.029413,0.000000,,,,0.000361,0.118454,1.500000,6.944059,55.882948,0.000000,circle,预设轨迹15,forward
1775480142.659354,7.013037,1775480186.787776|完整运动,完整运动,circle_orbit,1,1.000000,1.500000,1.500000,,,,,,,,,,,,,,,,1.185863,0.001559,1.270813,0.008158,0.000000,0.000000,-0.220474,,-0.024521,0.000000,,,,0.001315,0.118595,1.500000,6.992654,55.834353,0.000000,circle,预设轨迹15,forward
1775480142.681275,7.034957,1775480186.787776|完整运动,完整运动,circle_orbit,1,1.000000,1.500000,1.500000,,,,,,,,,,,,,,,,1.187320,0.003024,1.274721,0.011566,0.000000,0.000000,-0.220524,,-0.022239,0.000000,,,,0.002547,0.118741,1.500000,7.016893,55.810114,0.000000,circle,预设轨迹15,forward
1775480142.701629,7.055311,1775480186.787776|完整运动,完整运动,circle_orbit,1,1.000000,1.500000,1.500000,,,,,,,,,,,,,,,,1.188828,0.004492,1.279314,0.013045,0.000000,0.000000,-0.220514,,-0.019602,0.000000,,,,0.003778,0.118892,1.500000,7.041105,55.785901,0.000000,circle,预设轨迹15,forward
1775480142.725380,7.079063,1775480186.787776|完整运动,完整运动,circle_orbit,1,1.000000,1.500000,1.500000,,,,,,,,,,,,,,,,1.190381,0.005916,1.283524,0.014213,0.000000,0.000000,-0.220486,,-0.017210,0.000000,,,,0.004970,0.119047,1.500000,7.065326,55.761681,0.000000,circle,预设轨迹15,forward
1775480142.755165,7.108848,1775480186.787776|完整运动,完整运动,circle_orbit,1,1.000000,1.500000,1.500000,,,,,,,,,,,,,,,,1.191983,0.007287,1.288134,0.015273,0.000000,0.000000,-0.220453,,-0.014609,0.000000,,,,0.006114,0.119208,1.500000,7.089772,55.737234,0.000000,circle,预设轨迹15,forward
1775480142.789515,7.143198,1775480186.787776|完整运动,完整运动,circle_orbit,1,1.000000,1.500000,1.500000,,,,,,,,,,,,,,,,1.193711,0.008688,1.297417,0.016840,0.000000,0.000000,-0.220357,,-0.009440,0.000000,,,,0.007278,0.119380,1.500000,7.138706,55.688301,0.000000,circle,预设轨迹15,forward
1775480142.822227,7.175910,1775480186.787776|完整运动,完整运动,circle_orbit,1,1.000000,1.500000,1.500000,,,,,,,,,,,,,,,,1.195559,0.009782,1.306440,0.016152,0.000000,0.000000,-0.220483,,-0.004399,0.000000,,,,0.008182,0.119565,1.500000,7.187540,55.639467,0.000000,circle,预设轨迹15,forward
1775480142.854451,7.208134,1775480186.787776|完整运动,完整运动,circle_orbit,1,1.000000,1.500000,1.500000,,,,,,,,,,,,,,,,1.197446,0.011013,1.310609,0.018169,0.000000,0.000000,-0.220468,,-0.002122,0.000000,,,,0.009197,0.119754,1.500000,7.212151,55.614855,0.000000,circle,预设轨迹15,forward
1775480142.876781,7.230464,1775480186.787776|完整运动,完整运动,circle_orbit,1,1.000000,1.500000,1.500000,,,,,,,,,,,,,,,,1.199286,0.012655,1.309724,0.022201,0.000000,0.000000,-0.220076,,0.002763,0.000000,,,,0.010552,0.119938,1.500000,7.261392,55.565614,0.000000,circle,预设轨迹15,forward
1775480142.897339,7.251022,1775480186.787776|完整运动,完整运动,circle_orbit,1,1.000000,1.500000,1.500000,,,,,,,,,,,,,,,,1.201030,0.013995,1.305689,0.021781,0.000000,0.000000,-0.219884,,0.005052,0.000000,,,,0.011652,0.120112,1.500000,7.285812,55.541195,0.000000,circle,预设轨迹15,forward
1775480142.920483,7.274166,1775480186.787776|完整运动,完整运动,circle_orbit,1,1.000000,1.500000,1.500000,,,,,,,,,,,,,,,,1.202678,0.015316,1.301535,0.022988,0.000000,0.000000,-0.219673,,0.007428,0.000000,,,,0.012735,0.120277,1.500000,7.310357,55.516649,0.000000,circle,预设轨迹15,forward
1775480142.943164,7.296847,1775480186.787776|完整运动,完整运动,circle_orbit,1,1.000000,1.500000,1.500000,,,,,,,,,,,,,,,,1.204240,0.016727,1.297985,0.024924,0.000000,0.000000,-0.219349,,0.009527,0.000000,,,,0.013890,0.120433,1.500000,7.334917,55.492090,0.000000,circle,预设轨迹15,forward
1775480142.963559,7.317241,1775480186.787776|完整运动,完整运动,circle_orbit,1,1.000000,1.500000,1.500000,,,,,,,,,,,,,,,,1.205668,0.019447,1.291322,0.035232,0.000000,0.000000,-0.217878,,0.013842,0.000000,,,,0.016129,0.120576,1.500000,7.384287,55.442720,0.000000,circle,预设轨迹15,forward
1775480142.985682,7.339365,1775480186.787776|完整运动,完整运动,circle_orbit,1,1.000000,1.500000,1.500000,,,,,,,,,,,,,,,,1.207016,0.021661,1.287881,0.034513,0.000000,0.000000,-0.216722,,0.016245,0.000000,,,,0.017946,0.120711,1.500000,7.408971,55.418036,0.000000,circle,预设轨迹15,forward
1775480143.016267,7.369950,1775480186.787776|完整运动,完整运动,circle_orbit,1,1.000000,1.500000,1.500000,,,,,,,,,,,,,,,,1.208341,0.022417,1.287881,0.026800,0.000000,0.000000,-0.216722,,0.016245,0.000000,,,,0.018552,0.120843,1.500000,7.408971,55.418036,0.000000,circle,预设轨迹15,forward
1775480143.044013,7.397696,1775480186.787776|完整运动,完整运动,circle_orbit,1,1.000000,1.500000,1.500000,,,,,,,,,,,,,,,,1.209536,0.025892,1.281208,0.046044,0.000000,0.000000,-0.214426,,0.020955,0.000000,,,,0.021407,0.120963,1.500000,7.458098,55.368908,0.000000,circle,预设轨迹15,forward
1775480143.071087,7.424770,1775480186.787776|完整运动,完整运动,circle_orbit,1,1.000000,1.500000,1.500000,,,,,,,,,,,,,,,,1.210605,0.028972,1.274763,0.046832,0.000000,0.000000,-0.212319,,0.025497,0.000000,,,,0.023932,0.121070,1.500000,7.507741,55.319266,0.000000,circle,预设轨迹15,forward
1775480143.093618,7.447301,1775480186.787776|完整运动,完整运动,circle_orbit,1,1.000000,1.500000,1.500000,,,,,,,,,,,,,,,,1.211605,0.030797,1.271616,0.041375,0.000000,0.000000,-0.211156,,0.027782,0.000000,,,,0.025419,0.121170,1.500000,7.532646,55.294361,0.000000,circle,预设轨迹15,forward
1775480143.114882,7.468565,1775480186.787776|完整运动,完整运动,circle_orbit,1,1.000000,1.500000,1.500000,,,,,,,,,,,,,,,,1.212530,0.032490,1.267974,0.042302,0.000000,0.000000,-0.210064,,0.030336,0.000000,,,,0.026796,0.121262,1.500000,7.557578,55.269428,0.000000,circle,预设轨迹15,forward
1775480143.147119,7.500802,1775480186.787776|完整运动,完整运动,circle_orbit,1,1.000000,1.500000,1.500000,,,,,,,,,,,,,,,,1.213438,0.032851,1.267974,0.034937,0.000000,0.000000,-0.210064,,0.030336,0.000000,,,,0.027072,0.121353,1.500000,7.557578,55.269428,0.000000,circle,预设轨迹15,forward
1775480143.174468,7.528150,1775480186.787776|完整运动,完整运动,circle_orbit,1,1.000000,1.500000,1.500000,,,,,,,,,,,,,,,,1.214239,0.036149,1.262252,0.055258,0.000000,0.000000,-0.207622,,0.034665,0.000000,,,,0.029771,0.121433,1.500000,7.607342,55.219664,0.000000,circle,预设轨迹15,forward
1775480143.201191,7.554874,1775480186.787776|完整运动,完整运动,circle_orbit,1,1.000000,1.500000,1.500000,,,,,,,,,,,,,,,,1.214912,0.039375,1.255325,0.058056,0.000000,0.000000,-0.205115,,0.039766,0.000000,,,,0.032410,0.121501,1.500000,7.657369,55.169637,0.000000,circle,预设轨迹15,forward
1775480143.221654,7.575336,1775480186.787776|完整运动,完整运动,circle_orbit,1,1.000000,1.500000,1.500000,,,,,,,,,,,,,,,,1.215521,0.040651,1.252059,0.048040,0.000000,0.000000,-0.204139,,0.042105,0.000000,,,,0.033443,0.121561,1.500000,7.682827,55.144179,0.000000,circle,预设轨迹15,forward
1775480143.242484,7.596167,1775480186.787776|完整运动,完整运动,circle_orbit,1,1.000000,1.500000,1.500000,,,,,,,,,,,,,,,,1.216079,0.042082,1.249521,0.050364,0.000000,0.000000,-0.203030,,0.044069,0.000000,,,,0.034604,0.121617,1.500000,7.708113,55.118894,0.000000,circle,预设轨迹15,forward
1775480143.264979,7.618662,1775480186.787776|完整运动,完整运动,circle_orbit,1,1.000000,1.500000,1.500000,,,,,,,,,,,,,,,,1.216588,0.043713,1.247175,0.053160,0.000000,0.000000,-0.201736,,0.045998,0.000000,,,,0.035931,0.121668,1.500000,7.733644,55.093362,0.000000,circle,预设轨迹15,forward
1775480143.285393,7.639076,1775480186.787776|完整运动,完整运动,circle_orbit,1,1.000000,1.500000,1.500000,,,,,,,,,,,,,,,,1.216987,0.046771,1.240879,0.064468,0.000000,0.000000,-0.199214,,0.050821,0.000000,,,,0.038432,0.121708,1.500000,7.784209,55.042797,0.000000,circle,预设轨迹15,forward
1775480143.306772,7.660455,1775480186.787776|完整运动,完整运动,circle_orbit,1,1.000000,1.500000,1.500000,,,,,,,,,,,,,,,,1.217342,0.048239,1.238659,0.056734,0.000000,0.000000,-0.197927,,0.052690,0.000000,,,,0.039626,0.121744,1.500000,7.809324,55.017683,0.000000,circle,预设轨迹15,forward
1775480143.328863,7.682545,1775480186.787776|完整运动,完整运动,circle_orbit,1,1.000000,1.500000,1.500000,,,,,,,,,,,,,,,,1.217691,0.048166,1.238659,0.047746,0.000000,0.000000,-0.197927,,0.052690,0.000000,,,,0.039555,0.121779,1.500000,7.809324,55.017683,0.000000,circle,预设轨迹15,forward
1775480143.351991,7.705674,1775480186.787776|完整运动,完整运动,circle_orbit,1,1.000000,1.500000,1.500000,,,,,,,,,,,,,,,,1.217953,0.051584,1.233647,0.071366,0.000000,0.000000,-0.195053,,0.056914,0.000000,,,,0.042353,0.121805,1.500000,7.859625,54.967381,0.000000,circle,预设轨迹15,forward
1775480143.373699,7.727381,1775480186.787776|完整运动,完整运动,circle_orbit,1,1.000000,1.500000,1.500000,,,,,,,,,,,,,,,,1.218183,0.053419,1.231966,0.064037,0.000000,0.000000,-0.193384,,0.058619,0.000000,,,,0.043851,0.121828,1.500000,7.884905,54.942101,0.000000,circle,预设轨迹15,forward
1775480143.402775,7.756458,1775480186.787776|完整运动,完整运动,circle_orbit,1,1.000000,1.500000,1.500000,,,,,,,,,,,,,,,,1.218399,0.055680,1.231397,0.068767,0.000000,0.000000,-0.191316,,0.059798,0.000000,,,,0.045700,0.121849,1.500000,7.909961,54.917046,0.000000,circle,预设轨迹15,forward
1775480143.434679,7.788361,1775480186.787776|完整运动,完整运动,circle_orbit,1,1.000000,1.500000,1.500000,,,,,,,,,,,,,,,,1.218579,0.057941,1.229354,0.071019,0.000000,0.000000,-0.189188,,0.061914,0.000000,,,,0.047548,0.121867,1.500000,7.935084,54.891922,0.000000,circle,预设轨迹15,forward
1775480143.457728,7.811411,1775480186.787776|完整运动,完整运动,circle_orbit,1,1.000000,1.500000,1.500000,,,,,,,,,,,,,,,,1.218699,0.062651,1.225927,0.089908,0.000000,0.000000,-0.184933,,0.065749,0.000000,,,,0.051408,0.121879,1.500000,7.985225,54.841782,0.000000,circle,预设轨迹15,forward
1775480143.478098,7.831780,1775480186.787776|完整运动,完整运动,circle_orbit,1,1.000000,1.500000,1.500000,,,,,,,,,,,,,,,,1.218786,0.064384,1.224003,0.074408,0.000000,0.000000,-0.182997,,0.067725,0.000000,,,,0.052826,0.121888,1.500000,8.010488,54.816518,0.000000,circle,预设轨迹15,forward
1775480143.499390,7.853073,1775480186.787776|完整运动,完整运动,circle_orbit,1,1.000000,1.500000,1.500000,,,,,,,,,,,,,,,,1.218840,0.066140,1.222052,0.076304,0.000000,0.000000,-0.181025,,0.069737,0.000000,,,,0.054265,0.121893,1.500000,8.035881,54.791126,0.000000,circle,预设轨迹15,forward
1775480143.526371,7.880054,1775480186.787776|完整运动,完整运动,circle_orbit,1,1.000000,1.500000,1.500000,,,,,,,,,,,,,,,,1.218868,0.068083,1.220570,0.079320,0.000000,0.000000,-0.178878,,0.071527,0.000000,,,,0.055857,0.121896,1.500000,8.061157,54.765850,0.000000,circle,预设轨迹15,forward
1775480143.547002,7.900685,1775480186.787776|完整运动,完整运动,circle_orbit,1,1.000000,1.500000,1.500000,,,,,,,,,,,,,,,,1.218849,0.072593,1.217706,0.098693,0.000000,0.000000,-0.174530,,0.075073,0.000000,,,,0.059559,0.121894,1.500000,8.111551,54.715456,0.000000,circle,预设轨迹15,forward
1775480143.568183,7.921866,1775480186.787776|完整运动,完整运动,circle_orbit,1,1.000000,1.500000,1.500000,,,,,,,,,,,,,,,,1.218803,0.074518,1.216027,0.085653,0.000000,0.000000,-0.172190,,0.077072,0.000000,,,,0.061140,0.121890,1.500000,8.136840,54.690167,0.000000,circle,预设轨迹15,forward
1775480143.592043,7.945726,1775480186.787776|完整运动,完整运动,circle_orbit,1,1.000000,1.500000,1.500000,,,,,,,,,,,,,,,,1.218726,0.076258,1.214130,0.086328,0.000000,0.000000,-0.169986,,0.079158,0.000000,,,,0.062572,0.121882,1.500000,8.162165,54.664842,0.000000,circle,预设轨迹15,forward
1775480143.612490,7.966173,1775480186.787776|完整运动,完整运动,circle_orbit,1,1.000000,1.500000,1.500000,,,,,,,,,,,,,,,,1.218613,0.077680,1.211850,0.085905,0.000000,0.000000,-0.168041,,0.081389,0.000000,,,,0.063744,0.121871,1.500000,8.187663,54.639343,0.000000,circle,预设轨迹15,forward
1775480143.632790,7.986473,1775480186.787776|完整运动,完整运动,circle_orbit,1,1.000000,1.500000,1.500000,,,,,,,,,,,,,,,,1.218481,0.079096,1.210502,0.087292,0.000000,0.000000,-0.166106,,0.083024,0.000000,,,,0.064914,0.121857,1.500000,8.213066,54.613941,0.000000,circle,预设轨迹15,forward
1775480143.655560,8.009243,1775480186.787776|完整运动,完整运动,circle_orbit,1,1.000000,1.500000,1.500000,,,,,,,,,,,,,,,,1.218338,0.080706,1.209777,0.090021,0.000000,0.000000,-0.164010,,0.084327,0.000000,,,,0.066243,0.121843,1.500000,8.238663,54.588343,0.000000,circle,预设轨迹15,forward
1775480143.676570,8.030253,1775480186.787776|完整运动,完整运动,circle_orbit,1,1.000000,1.500000,1.500000,,,,,,,,,,,,,,,,1.218191,0.082575,1.209399,0.093393,0.000000,0.000000,-0.161683,,0.085500,0.000000,,,,0.067785,0.121829,1.500000,8.264151,54.562855,0.000000,circle,预设轨迹15,forward
1775480143.697667,8.051350,1775480186.787776|完整运动,完整运动,circle_orbit,1,1.000000,1.500000,1.500000,,,,,,,,,,,,,,,,1.218026,0.084409,1.208093,0.095023,0.000000,0.000000,-0.159359,,0.087268,0.000000,,,,0.069300,0.121812,1.500000,8.289659,54.537347,0.000000,circle,预设轨迹15,forward
1775480143.723633,8.077316,1775480186.787776|完整运动,完整运动,circle_orbit,1,1.000000,1.500000,1.500000,,,,,,,,,,,,,,,,1.217841,0.086221,1.206780,0.096705,0.000000,0.000000,-0.157028,,0.089045,0.000000,,,,0.070798,0.121794,1.500000,8.315076,54.511931,0.000000,circle,预设轨迹15,forward
1775480143.756597,8.110280,1775480186.787776|完整运动,完整运动,circle_orbit,1,1.000000,1.500000,1.500000,,,,,,,,,,,,,,,,1.217649,0.088136,1.206128,0.099220,0.000000,0.000000,-0.154585,,0.090442,0.000000,,,,0.072382,0.121774,1.500000,8.340318,54.486689,0.000000,circle,预设轨迹15,forward
1775480143.780028,8.133710,1775480186.787776|完整运动,完整运动,circle_orbit,1,1.000000,1.500000,1.500000,,,,,,,,,,,,,,,,1.217441,0.093384,1.204963,0.123757,0.000000,0.000000,-0.149292,,0.093311,0.000000,,,,0.076705,0.121754,1.500000,8.391009,54.435997,0.000000,circle,预设轨迹15,forward
1775480143.800408,8.154091,1775480186.787776|完整运动,完整运动,circle_orbit,1,1.000000,1.500000,1.500000,,,,,,,,,,,,,,,,1.217237,0.095610,1.204959,0.108495,0.000000,0.000000,-0.146330,,0.094499,0.000000,,,,0.078547,0.121733,1.500000,8.416240,54.410766,0.000000,circle,预设轨迹15,forward
1775480143.821931,8.175614,1775480186.787776|完整运动,完整运动,circle_orbit,1,1.000000,1.500000,1.500000,,,,,,,,,,,,,,,,1.217042,0.098083,1.205364,0.112396,0.000000,0.000000,-0.143120,,0.095521,0.000000,,,,0.080591,0.121714,1.500000,8.441349,54.385657,0.000000,circle,预设轨迹15,forward
1775480143.843449,8.197132,1775480186.787776|完整运动,完整运动,circle_orbit,1,1.000000,1.500000,1.500000,,,,,,,,,,,,,,,,1.216842,0.100437,1.204860,0.114066,0.000000,0.000000,-0.139960,,0.097111,0.000000,,,,0.082539,0.121694,1.500000,8.466375,54.360631,0.000000,circle,预设轨迹15,forward
1775480143.867877,8.221560,1775480186.787776|完整运动,完整运动,circle_orbit,1,1.000000,1.500000,1.500000,,,,,,,,,,,,,,,,1.216654,0.102675,1.205342,0.115627,0.000000,0.000000,-0.136855,,0.098042,0.000000,,,,0.084391,0.121675,1.500000,8.491277,54.335729,0.000000,circle,预设轨迹15,forward
1775480143.889112,8.242794,1775480186.787776|完整运动,完整运动,circle_orbit,1,1.000000,1.500000,1.500000,,,,,,,,,,,,,,,,1.216467,0.108219,1.205250,0.140321,0.000000,0.000000,-0.130914,,0.100477,0.000000,,,,0.088962,0.121656,1.500000,8.541706,54.285300,0.000000,circle,预设轨迹15,forward
1775480143.915169,8.268852,1775480186.787776|完整运动,完整运动,circle_orbit,1,1.000000,1.500000,1.500000,,,,,,,,,,,,,,,,1.216288,0.110255,1.205577,0.122037,0.000000,0.000000,-0.127716,,0.101545,0.000000,,,,0.090648,0.121638,1.500000,8.566744,54.260262,0.000000,circle,预设轨迹15,forward
1775480143.945020,8.298703,1775480186.787776|完整运动,完整运动,circle_orbit,1,1.000000,1.500000,1.500000,,,,,,,,,,,,,,,,1.216120,0.112274,1.206001,0.123968,0.000000,0.000000,-0.124519,,0.102551,0.000000,,,,0.092322,0.121621,1.500000,8.591555,54.235451,0.000000,circle,预设轨迹15,forward
1775480143.977161,8.330844,1775480186.787776|完整运动,完整运动,circle_orbit,1,1.000000,1.500000,1.500000,,,,,,,,,,,,,,,,1.215969,0.118191,1.206904,0.152450,0.000000,0.000000,-0.118009,,0.104573,0.000000,,,,0.097199,0.121606,1.500000,8.641046,54.185961,0.000000,circle,预设轨迹15,forward
1775480143.999131,8.352814,1775480186.787776|完整运动,完整运动,circle_orbit,1,1.000000,1.500000,1.500000,,,,,,,,,,,,,,,,1.215821,0.119895,1.206983,0.129759,0.000000,0.000000,-0.114826,,0.105796,0.000000,,,,0.098612,0.121592,1.500000,8.665894,54.161112,0.000000,circle,预设轨迹15,forward
1775480144.020008,8.373690,1775480186.787776|完整运动,完整运动,circle_orbit,1,1.000000,1.500000,1.500000,,,,,,,,,,,,,,,,1.215676,0.121308,1.206979,0.129488,0.000000,0.000000,-0.111907,,0.106967,0.000000,,,,0.099786,0.121577,1.500000,8.690809,54.136197,0.000000,circle,预设轨迹15,forward
1775480144.051038,8.404721,1775480186.787776|完整运动,完整运动,circle_orbit,1,1.000000,1.500000,1.500000,,,,,,,,,,,,,,,,1.215547,0.122674,1.207790,0.130590,0.000000,0.000000,-0.109057,,0.107585,0.000000,,,,0.100921,0.121564,1.500000,8.715663,54.111344,0.000000,circle,预设轨迹15,forward
1775480144.078367,8.432050,1775480186.787776|完整运动,完整运动,circle_orbit,1,1.000000,1.500000,1.500000,,,,,,,,,,,,,,,,1.215460,0.127658,1.210202,0.156517,0.000000,0.000000,-0.103170,,0.108393,0.000000,,,,0.105029,0.121555,1.500000,8.765463,54.061544,0.000000,circle,预设轨迹15,forward
1775480144.109987,8.463670,1775480186.787776|完整运动,完整运动,circle_orbit,1,1.000000,1.500000,1.500000,,,,,,,,,,,,,,,,1.215388,0.128998,1.211127,0.136757,0.000000,0.000000,-0.100183,,0.108996,0.000000,,,,0.106137,0.121548,1.500000,8.790232,54.036775,0.000000,circle,预设轨迹15,forward
1775480144.130408,8.484090,1775480186.787776|完整运动,完整运动,circle_orbit,1,1.000000,1.500000,1.500000,,,,,,,,,,,,,,,,1.215354,0.133924,1.213311,0.162451,0.000000,0.000000,-0.094193,,0.109999,0.000000,,,,0.110193,0.121545,1.500000,8.839553,53.987453,0.000000,circle,预设轨迹15,forward
1775480144.167632,8.521314,1775480186.787776|完整运动,完整运动,circle_orbit,1,1.000000,1.500000,1.500000,,,,,,,,,,,,,,,,1.215349,0.135255,1.215029,0.142960,0.000000,0.000000,-0.091070,,0.110156,0.000000,,,,0.111289,0.121544,1.500000,8.864092,53.962914,0.000000,circle,预设轨迹15,forward
1775480144.190073,8.543756,1775480186.787776|完整运动,完整运动,circle_orbit,1,1.000000,1.500000,1.500000,,,,,,,,,,,,,,,,1.215371,0.136595,1.216696,0.144359,0.000000,0.000000,-0.087977,,0.110336,0.000000,,,,0.112390,0.121546,1.500000,8.888726,53.938281,0.000000,circle,预设轨迹15,forward
1775480144.210418,8.564100,1775480186.787776|完整运动,完整运动,circle_orbit,1,1.000000,1.500000,1.500000,,,,,,,,,,,,,,,,1.215467,0.142142,1.221242,0.174262,0.000000,0.000000,-0.081354,,0.110117,0.000000,,,,0.116944,0.121556,1.500000,8.937781,53.889226,0.000000,circle,预设轨迹15,forward
1775480144.240005,8.593688,1775480186.787776|完整运动,完整运动,circle_orbit,1,1.000000,1.500000,1.500000,,,,,,,,,,,,,,,,1.215609,0.143696,1.224097,0.152697,0.000000,0.000000,-0.077896,,0.109710,0.000000,,,,0.118209,0.121570,1.500000,8.961826,53.865180,0.000000,circle,预设轨迹15,forward
1775480144.263546,8.617229,1775480186.787776|完整运动,完整运动,circle_orbit,1,1.000000,1.500000,1.500000,,,,,,,,,,,,,,,,1.215772,0.145127,1.225549,0.153411,0.000000,0.000000,-0.074572,,0.110132,0.000000,,,,0.119370,0.121587,1.500000,8.985940,53.841067,0.000000,circle,预设轨迹15,forward
1775480144.284032,8.637715,1775480186.787776|完整运动,完整运动,circle_orbit,1,1.000000,1.500000,1.500000,,,,,,,,,,,,,,,,1.216009,0.150602,1.230215,0.182304,0.000000,0.000000,-0.067853,,0.109919,0.000000,,,,0.123850,0.121610,1.500000,9.034389,53.792617,0.000000,circle,预设轨迹15,forward
1775480144.308713,8.662395,1775480186.787776|完整运动,完整运动,circle_orbit,1,1.000000,1.500000,1.500000,,,,,,,,,,,,,,,,1.216276,0.151697,1.232300,0.158037,0.000000,0.000000,-0.064635,,0.109917,0.000000,,,,0.124723,0.121637,1.500000,9.058768,53.768238,0.000000,circle,预设轨迹15,forward
1775480144.330977,8.684660,1775480186.787776|完整运动,完整运动,circle_orbit,1,1.000000,1.500000,1.500000,,,,,,,,,,,,,,,,1.216576,0.152913,1.234615,0.159951,0.000000,0.000000,-0.061372,,0.109795,0.000000,,,,0.125691,0.121667,1.500000,9.083238,53.743768,0.000000,circle,预设轨迹15,forward
1775480144.351329,8.705011,1775480186.787776|完整运动,完整运动,circle_orbit,1,1.000000,1.500000,1.500000,,,,,,,,,,,,,,,,1.216920,0.154219,1.237561,0.161781,0.000000,0.000000,-0.058077,,0.109306,0.000000,,,,0.126729,0.121701,1.500000,9.107588,53.719418,0.000000,circle,预设轨迹15,forward
1775480144.371979,8.725662,1775480186.787776|完整运动,完整运动,circle_orbit,1,1.000000,1.500000,1.500000,,,,,,,,,,,,,,,,1.217308,0.155615,1.240585,0.163691,0.000000,0.000000,-0.054740,,0.108794,0.000000,,,,0.127835,0.121740,1.500000,9.131939,53.695068,0.000000,circle,预设轨迹15,forward
1775480144.398474,8.752157,1775480186.787776|完整运动,完整运动,circle_orbit,1,1.000000,1.500000,1.500000,,,,,,,,,,,,,,,,1.217729,0.157023,1.242957,0.165174,0.000000,0.000000,-0.051417,,0.108681,0.000000,,,,0.128947,0.121782,1.500000,9.156414,53.670592,0.000000,circle,预设轨迹15,forward
1775480144.418830,8.772513,1775480186.787776|完整运动,完整运动,circle_orbit,1,1.000000,1.500000,1.500000,,,,,,,,,,,,,,,,1.218188,0.158487,1.245733,0.166957,0.000000,0.000000,-0.048068,,0.108341,0.000000,,,,0.130100,0.121828,1.500000,9.181006,53.646001,0.000000,circle,预设轨迹15,forward
1775480144.442326,8.796009,1775480186.787776|完整运动,完整运动,circle_orbit,1,1.000000,1.500000,1.500000,,,,,,,,,,,,,,,,1.218687,0.159924,1.248666,0.168243,0.000000,0.000000,-0.044754,,0.107898,0.000000,,,,0.131227,0.121878,1.500000,9.205710,53.621297,0.000000,circle,预设轨迹15,forward
1775480144.472680,8.826362,1775480186.787776|完整运动,完整运动,circle_orbit,1,1.000000,1.500000,1.500000,,,,,,,,,,,,,,,,1.219301,0.165193,1.256139,0.195674,0.000000,0.000000,-0.038209,,0.106050,0.000000,,,,0.135482,0.121940,1.500000,9.255120,53.571887,0.000000,circle,预设轨迹15,forward
1775480144.505424,8.859107,1775480186.787776|完整运动,完整运动,circle_orbit,1,1.000000,1.500000,1.500000,,,,,,,,,,,,,,,,1.219964,0.166257,1.259712,0.172412,0.000000,0.000000,-0.035006,,0.105214,0.000000,,,,0.136280,0.122006,1.500000,9.279674,53.547332,0.000000,circle,预设轨迹15,forward
1775480144.532428,8.886110,1775480186.787776|完整运动,完整运动,circle_orbit,1,1.000000,1.500000,1.500000,,,,,,,,,,,,,,,,1.220669,0.167136,1.262978,0.172219,0.000000,0.000000,-0.032005,,0.104490,0.000000,,,,0.136922,0.122076,1.500000,9.304158,53.522849,0.000000,circle,预设轨迹15,forward
1775480144.552776,8.906459,1775480186.787776|完整运动,完整运动,circle_orbit,1,1.000000,1.500000,1.500000,,,,,,,,,,,,,,,,1.221511,0.171417,1.272021,0.196174,0.000000,0.000000,-0.026173,,0.101546,0.000000,,,,0.140332,0.122161,1.500000,9.352731,53.474276,0.000000,circle,预设轨迹15,forward
1775480144.575783,8.929466,1775480186.787776|完整运动,完整运动,circle_orbit,1,1.000000,1.500000,1.500000,,,,,,,,,,,,,,,,1.222423,0.172239,1.277163,0.176987,0.000000,0.000000,-0.023110,,0.099804,0.000000,,,,0.140900,0.122252,1.500000,9.377056,53.449950,0.000000,circle,预设轨迹15,forward
1775480144.600269,8.953952,1775480186.787776|完整运动,完整运动,circle_orbit,1,1.000000,1.500000,1.500000,,,,,,,,,,,,,,,,1.223398,0.173207,1.281901,0.178805,0.000000,0.000000,-0.019979,,0.098343,0.000000,,,,0.141579,0.122349,1.500000,9.401369,53.425638,0.000000,circle,预设轨迹15,forward
1775480144.620593,8.974275,1775480186.787776|完整运动,完整运动,circle_orbit,1,1.000000,1.500000,1.500000,,,,,,,,,,,,,,,,1.224428,0.174177,1.286201,0.179781,0.000000,0.000000,-0.016889,,0.097134,0.000000,,,,0.142252,0.122452,1.500000,9.425752,53.401254,0.000000,circle,预设轨迹15,forward
1775480144.642314,8.995997,1775480186.787776|完整运动,完整运动,circle_orbit,1,1.000000,1.500000,1.500000,,,,,,,,,,,,,,,,1.225513,0.174981,1.290623,0.179627,0.000000,0.000000,-0.013977,,0.095802,0.000000,,,,0.142782,0.122561,1.500000,9.450021,53.376985,0.000000,circle,预设轨迹15,forward
1775480144.677436,9.031119,1775480186.787776|完整运动,完整运动,circle_orbit,1,1.000000,1.500000,1.500000,,,,,,,,,,,,,,,,1.226747,0.179279,1.300778,0.204098,0.000000,0.000000,-0.008160,,0.092459,0.000000,,,,0.146142,0.122684,1.500000,9.498281,53.328725,0.000000,circle,预设轨迹15,forward
1775480144.709281,9.062964,1775480186.787776|完整运动,完整运动,circle_orbit,1,1.000000,1.500000,1.500000,,,,,,,,,,,,,,,,1.228027,0.179870,1.304844,0.183278,0.000000,0.000000,-0.005305,,0.091355,0.000000,,,,0.146470,0.122812,1.500000,9.522554,53.304452,0.000000,circle,预设轨迹15,forward
1775480144.730964,9.084647,1775480186.787776|完整运动,完整运动,circle_orbit,1,1.000000,1.500000,1.500000,,,,,,,,,,,,,,,,1.229372,0.180564,1.310063,0.184573,0.000000,0.000000,-0.002423,,0.089645,0.000000,,,,0.146875,0.122947,1.500000,9.546845,53.280161,0.000000,circle,预设轨迹15,forward
1775480144.751446,9.105129,1775480186.787776|完整运动,完整运动,circle_orbit,1,1.000000,1.500000,1.500000,,,,,,,,,,,,,,,,1.230791,0.184920,1.315958,0.210046,0.000000,0.000000,0.003494,,0.086011,0.000000,,,,0.150244,0.123089,1.500000,9.595428,53.231579,0.000000,circle,预设轨迹15,forward
1775480144.775050,9.128733,1775480186.787776|完整运动,完整运动,circle_orbit,1,1.000000,1.500000,1.500000,,,,,,,,,,,,,,,,1.232188,0.182048,1.315958,0.165487,0.000000,0.000000,0.003494,,0.086011,0.000000,,,,0.147744,0.123228,1.500000,9.595428,53.231579,0.000000,circle,预设轨迹15,forward
1775480144.802618,9.156301,1775480186.787776|完整运动,完整运动,circle_orbit,1,1.000000,1.500000,1.500000,,,,,,,,,,,,,,,,1.233570,0.186377,1.316502,0.211332,0.000000,0.000000,0.009289,,0.083399,0.000000,,,,0.151087,0.123366,1.500000,9.644105,53.182902,0.000000,circle,预设轨迹15,forward
1775480144.822957,9.176640,1775480186.787776|完整运动,完整运动,circle_orbit,1,1.000000,1.500000,1.500000,,,,,,,,,,,,,,,,1.234943,0.186890,1.317318,0.189851,0.000000,0.000000,0.012051,,0.081852,0.000000,,,,0.151335,0.123504,1.500000,9.668514,53.158492,0.000000,circle,预设轨迹15,forward
1775480144.845981,9.199664,1775480186.787776|完整运动,完整运动,circle_orbit,1,1.000000,1.500000,1.500000,,,,,,,,,,,,,,,,1.236300,0.187426,1.317762,0.190515,0.000000,0.000000,0.014774,,0.080523,0.000000,,,,0.151603,0.123640,1.500000,9.693042,53.133965,0.000000,circle,预设轨迹15,forward
1775480144.869015,9.222697,1775480186.787776|完整运动,完整运动,circle_orbit,1,1.000000,1.500000,1.500000,,,,,,,,,,,,,,,,1.237662,0.191433,1.319377,0.214508,0.000000,0.000000,0.020363,,0.077417,0.000000,,,,0.154673,0.123776,1.500000,9.742496,53.084510,0.000000,circle,预设轨迹15,forward
1775480144.889364,9.243047,1775480186.787776|完整运动,完整运动,circle_orbit,1,1.000000,1.500000,1.500000,,,,,,,,,,,,,,,,1.239016,0.191526,1.320253,0.192064,0.000000,0.000000,0.022822,,0.075962,0.000000,,,,0.154579,0.123911,1.500000,9.767131,53.059875,0.000000,circle,预设轨迹15,forward
1775480144.914057,9.267739,1775480186.787776|完整运动,完整运动,circle_orbit,1,1.000000,1.500000,1.500000,,,,,,,,,,,,,,,,1.240378,0.191815,1.322062,0.193480,0.000000,0.000000,0.025365,,0.073973,0.000000,,,,0.154643,0.124047,1.500000,9.791804,53.035203,0.000000,circle,预设轨迹15,forward
1775480144.935268,9.288951,1775480186.787776|完整运动,完整运动,circle_orbit,1,1.000000,1.500000,1.500000,,,,,,,,,,,,,,,,1.241747,0.192102,1.323926,0.193752,0.000000,0.000000,0.027842,,0.071984,0.000000,,,,0.154703,0.124184,1.500000,9.816420,53.010587,0.000000,circle,预设轨迹15,forward
1775480144.955524,9.309207,1775480186.787776|完整运动,完整运动,circle_orbit,1,1.000000,1.500000,1.500000,,,,,,,,,,,,,,,,1.243125,0.192393,1.325793,0.194067,0.000000,0.000000,0.030265,,0.070017,0.000000,,,,0.154766,0.124322,1.500000,9.841177,52.985829,0.000000,circle,预设轨迹15,forward
1775480144.978523,9.332205,1775480186.787776|完整运动,完整运动,circle_orbit,1,1.000000,1.500000,1.500000,,,,,,,,,,,,,,,,1.244524,0.192831,1.328458,0.195351,0.000000,0.000000,0.032759,,0.067601,0.000000,,,,0.154944,0.124462,1.500000,9.865900,52.961107,0.000000,circle,预设轨迹15,forward
1775480145.006177,9.359860,1775480186.787776|完整运动,完整运动,circle_orbit,1,1.000000,1.500000,1.500000,,,,,,,,,,,,,,,,1.245939,0.193308,1.330871,0.196047,0.000000,0.000000,0.035245,,0.065327,0.000000,,,,0.155150,0.124604,1.500000,9.890604,52.936403,0.000000,circle,预设轨迹15,forward
1775480145.026508,9.380191,1775480186.787776|完整运动,完整运动,circle_orbit,1,1.000000,1.500000,1.500000,,,,,,,,,,,,,,,,1.247424,0.196830,1.336482,0.217066,0.000000,0.000000,0.040248,,0.060368,0.000000,,,,0.157789,0.124752,1.500000,9.939449,52.887557,0.000000,circle,预设轨迹15,forward
1775480145.051457,9.405139,1775480186.787776|完整运动,完整运动,circle_orbit,1,1.000000,1.500000,1.500000,,,,,,,,,,,,,,,,1.248884,0.194196,1.336482,0.179070,0.000000,0.000000,0.040248,,0.060368,0.000000,,,,0.155496,0.124898,1.500000,9.939449,52.887557,0.000000,circle,预设轨迹15,forward
1775480145.072753,9.426436,1775480186.787776|完整运动,完整运动,circle_orbit,1,1.000000,1.500000,1.500000,,,,,,,,,,,,,,,,1.250414,0.197077,1.342232,0.213617,0.000000,0.000000,0.044636,,0.055607,0.000000,,,,0.157609,0.125051,1.500000,9.988365,52.838642,0.000000,circle,预设轨迹15,forward
1775480145.093074,9.446757,1775480186.787776|完整运动,完整运动,circle_orbit,1,1.000000,1.500000,1.500000,,,,,,,,,,,,,,,,1.251986,0.197269,1.346303,0.198372,0.000000,0.000000,0.046896,,0.052592,0.000000,,,,0.157565,0.125208,1.500000,10.012382,52.814624,0.000000,circle,预设轨迹15,forward
1775480145.120057,9.473740,1775480186.787776|完整运动,完整运动,circle_orbit,1,1.000000,1.500000,1.500000,,,,,,,,,,,,,,,,1.253582,0.197528,1.349344,0.199013,0.000000,0.000000,0.049163,,0.050116,0.000000,,,,0.157571,0.125368,1.500000,10.036595,52.790411,0.000000,circle,预设轨迹15,forward
1775480145.143828,9.497510,1775480186.787776|完整运动,完整运动,circle_orbit,1,1.000000,1.500000,1.500000,,,,,,,,,,,,,,,,1.255197,0.197790,1.352107,0.199292,0.000000,0.000000,0.051390,,0.047805,0.000000,,,,0.157577,0.125529,1.500000,10.060628,52.766378,0.000000,circle,预设轨迹15,forward
1775480145.164360,9.518042,1775480186.787776|完整运动,完整运动,circle_orbit,1,1.000000,1.500000,1.500000,,,,,,,,,,,,,,,,1.256880,0.200354,1.357871,0.215052,0.000000,0.000000,0.055500,,0.043217,0.000000,,,,0.159406,0.125698,1.500000,10.109370,52.717637,0.000000,circle,预设轨迹15,forward
1775480145.189476,9.543159,1775480186.787776|完整运动,完整运动,circle_orbit,1,1.000000,1.500000,1.500000,,,,,,,,,,,,,,,,1.258536,0.197868,1.357871,0.183622,0.000000,0.000000,0.055500,,0.043217,0.000000,,,,0.157221,0.125863,1.500000,10.109370,52.717637,0.000000,circle,预设轨迹15,forward
1775480145.215122,9.568804,1775480186.787776|完整运动,完整运动,circle_orbit,1,1.000000,1.500000,1.500000,,,,,,,,,,,,,,,,1.260292,0.200296,1.365634,0.214207,0.000000,0.000000,0.059393,,0.037735,0.000000,,,,0.158929,0.126039,1.500000,10.158657,52.668349,0.000000,circle,预设轨迹15,forward
1775480145.235641,9.589324,1775480186.787776|完整运动,完整运动,circle_orbit,1,1.000000,1.500000,1.500000,,,,,,,,,,,,,,,,1.262079,0.200425,1.369345,0.201160,0.000000,0.000000,0.061471,,0.035044,0.000000,,,,0.158805,0.126218,1.500000,10.183867,52.643140,0.000000,circle,预设轨迹15,forward
1775480145.260342,9.614025,1775480186.787776|完整运动,完整运动,circle_orbit,1,1.000000,1.500000,1.500000,,,,,,,,,,,,,,,,1.263892,0.200417,1.372657,0.200373,0.000000,0.000000,0.063393,,0.032623,0.000000,,,,0.158571,0.126399,1.500000,10.208948,52.618058,0.000000,circle,预设轨迹15,forward
1775480145.282788,9.636471,1775480186.787776|完整运动,完整运动,circle_orbit,1,1.000000,1.500000,1.500000,,,,,,,,,,,,,,,,1.265734,0.200320,1.376217,0.199765,0.000000,0.000000,0.065193,,0.030136,0.000000,,,,0.158264,0.126583,1.500000,10.234149,52.592858,0.000000,circle,预设轨迹15,forward
1775480145.303316,9.656998,1775480186.787776|完整运动,完整运动,circle_orbit,1,1.000000,1.500000,1.500000,,,,,,,,,,,,,,,,1.267639,0.202224,1.381941,0.213110,0.000000,0.000000,0.068606,,0.025949,0.000000,,,,0.159528,0.126774,1.500000,10.285019,52.541987,0.000000,circle,预设轨迹15,forward
1775480145.327283,9.680966,1775480186.787776|完整运动,完整运动,circle_orbit,1,1.000000,1.500000,1.500000,,,,,,,,,,,,,,,,1.269512,0.199931,1.381941,0.186826,0.000000,0.000000,0.068606,,0.025949,0.000000,,,,0.157486,0.126961,1.500000,10.285019,52.541987,0.000000,circle,预设轨迹15,forward
1775480145.350178,9.703861,1775480186.787776|完整运动,完整运动,circle_orbit,1,1.000000,1.500000,1.500000,,,,,,,,,,,,,,,,1.271490,0.201982,1.390159,0.213700,0.000000,0.000000,0.072030,,0.020569,0.000000,,,,0.158855,0.127159,1.500000,10.336059,52.490947,0.000000,circle,预设轨迹15,forward
1775480145.370803,9.724485,1775480186.787776|完整运动,完整运动,circle_orbit,1,1.000000,1.500000,1.500000,,,,,,,,,,,,,,,,1.273531,0.202082,1.395996,0.202652,0.000000,0.000000,0.073926,,0.016991,0.000000,,,,0.158679,0.127363,1.500000,10.361490,52.465517,0.000000,circle,预设轨迹15,forward
1775480145.394022,9.747705,1775480186.787776|完整运动,完整运动,circle_orbit,1,1.000000,1.500000,1.500000,,,,,,,,,,,,,,,,1.275539,0.199935,1.395996,0.187681,0.000000,0.000000,0.073926,,0.016991,0.000000,,,,0.156745,0.127564,1.500000,10.361490,52.465517,0.000000,circle,预设轨迹15,forward
1775480145.417374,9.771057,1775480186.787776|完整运动,完整运动,circle_orbit,1,1.000000,1.500000,1.500000,,,,,,,,,,,,,,,,1.277665,0.201830,1.405215,0.212640,0.000000,0.000000,0.077108,,0.011312,0.000000,,,,0.157968,0.127776,1.500000,10.412087,52.414919,0.000000,circle,预设轨迹15,forward
1775480145.437702,9.791384,1775480186.787776|完整运动,完整运动,circle_orbit,1,1.000000,1.500000,1.500000,,,,,,,,,,,,,,,,1.279825,0.201346,1.409418,0.198586,0.000000,0.000000,0.078410,,0.008802,0.000000,,,,0.157323,0.127992,1.500000,10.437344,52.389663,0.000000,circle,预设轨迹15,forward
1775480145.461596,9.815279,1775480186.787776|完整运动,完整运动,circle_orbit,1,1.000000,1.500000,1.500000,,,,,,,,,,,,,,,,1.282023,0.200929,1.413944,0.198556,0.000000,0.000000,0.079705,,0.006155,0.000000,,,,0.156728,0.128212,1.500000,10.462649,52.364358,0.000000,circle,预设轨迹15,forward
1775480145.482573,9.836256,1775480186.787776|完整运动,完整运动,circle_orbit,1,1.000000,1.500000,1.500000,,,,,,,,,,,,,,,,1.284260,0.200498,1.418464,0.198040,0.000000,0.000000,0.080934,,0.003550,0.000000,,,,0.156119,0.128436,1.500000,10.487951,52.339055,0.000000,circle,预设轨迹15,forward
1775480145.502877,9.856559,1775480186.787776|完整运动,完整运动,circle_orbit,1,1.000000,1.500000,1.500000,,,,,,,,,,,,,,,,1.286535,0.199902,1.423005,0.196509,0.000000,0.000000,0.081975,,0.001024,0.000000,,,,0.155380,0.128663,1.500000,10.513309,52.313698,0.000000,circle,预设轨迹15,forward
1775480145.532208,9.885891,1775480186.787776|完整运动,完整运动,circle_orbit,1,1.000000,1.500000,1.500000,,,,,,,,,,,,,,,,1.288603,0.200755,1.412705,0.205606,0.000000,0.000000,0.084157,,-0.004955,0.000000,,,,0.155792,0.128870,1.500000,10.563422,52.263584,0.000000,circle,预设轨迹15,forward
1775480145.554405,9.908088,1775480186.787776|完整运动,完整运动,circle_orbit,1,1.000000,1.500000,1.500000,,,,,,,,,,,,,,,,1.290548,0.200120,1.407275,0.196511,0.000000,0.000000,0.085146,,-0.007120,0.000000,,,,0.155066,0.129065,1.500000,10.588559,52.238447,0.000000,circle,预设轨迹15,forward
1775480145.577450,9.931133,1775480186.787776|完整运动,完整运动,circle_orbit,1,1.000000,1.500000,1.500000,,,,,,,,,,,,,,,,1.292353,0.199469,1.400637,0.195769,0.000000,0.000000,0.086064,,-0.009910,0.000000,,,,0.154345,0.129245,1.500000,10.613734,52.213272,0.000000,circle,预设轨迹15,forward
1775480145.600194,9.953876,1775480186.787776|完整运动,完整运动,circle_orbit,1,1.000000,1.500000,1.500000,,,,,,,,,,,,,,,,1.294002,0.198828,1.392944,0.195187,0.000000,0.000000,0.086936,,-0.013258,0.000000,,,,0.153653,0.129410,1.500000,10.639160,52.187847,0.000000,circle,预设轨迹15,forward
1775480145.632988,9.986671,1775480186.787776|完整运动,完整运动,circle_orbit,1,1.000000,1.500000,1.500000,,,,,,,,,,,,,,,,1.295499,0.198265,1.385307,0.195068,0.000000,0.000000,0.087823,,-0.016614,0.000000,,,,0.153041,0.129560,1.500000,10.664715,52.162291,0.000000,circle,预设轨迹15,forward
1775480145.654206,10.007889,1775480186.787776|完整运动,完整运动,circle_orbit,1,1.000000,1.500000,1.500000,,,,,,,,,,,,,,,,1.296781,0.198303,1.373704,0.198519,0.000000,0.000000,0.089164,,-0.021793,0.000000,,,,0.152919,0.129688,1.500000,10.716246,52.110760,0.000000,circle,预设轨迹15,forward
1775480145.675190,10.028872,1775480186.787776|完整运动,完整运动,circle_orbit,1,1.000000,1.500000,1.500000,,,,,,,,,,,,,,,,1.297966,0.197297,1.369068,0.191587,0.000000,0.000000,0.089643,,-0.023912,0.000000,,,,0.152005,0.129807,1.500000,10.742105,52.084902,0.000000,circle,预设轨迹15,forward
1775480145.704247,10.057930,1775480186.787776|完整运动,完整运动,circle_orbit,1,1.000000,1.500000,1.500000,,,,,,,,,,,,,,,,1.299028,0.196376,1.362739,0.191152,0.000000,0.000000,0.090127,,-0.026899,0.000000,,,,0.151171,0.129913,1.500000,10.768037,52.058970,0.000000,circle,预设轨迹15,forward
1775480145.725100,10.078783,1775480186.787776|完整运动,完整运动,circle_orbit,1,1.000000,1.500000,1.500000,,,,,,,,,,,,,,,,1.299883,0.196243,1.351179,0.195489,0.000000,0.000000,0.091204,,-0.032354,0.000000,,,,0.150970,0.129998,1.500000,10.820415,52.006591,0.000000,circle,预设轨迹15,forward
1775480145.746077,10.099760,1775480186.787776|完整运动,完整运动,circle_orbit,1,1.000000,1.500000,1.500000,,,,,,,,,,,,,,,,1.300634,0.195406,1.345696,0.190661,0.000000,0.000000,0.091698,,-0.034984,0.000000,,,,0.150239,0.130073,1.500000,10.846608,51.980398,0.000000,circle,预设轨迹15,forward
1775480145.773718,10.127401,1775480186.787776|完整运动,完整运动,circle_orbit,1,1.000000,1.500000,1.500000,,,,,,,,,,,,,,,,1.301284,0.194398,1.340323,0.188682,0.000000,0.000000,0.092004,,-0.037654,0.000000,,,,0.149389,0.130138,1.500000,10.872607,51.954400,0.000000,circle,预设轨迹15,forward
1775480145.794107,10.147790,1775480186.787776|完整运动,完整运动,circle_orbit,1,1.000000,1.500000,1.500000,,,,,,,,,,,,,,,,1.301826,0.193376,1.334318,0.187584,0.000000,0.000000,0.092244,,-0.040706,0.000000,,,,0.148542,0.130193,1.500000,10.898551,51.928456,0.000000,circle,预设轨迹15,forward
1775480145.814889,10.168572,1775480186.787776|完整运动,完整运动,circle_orbit,1,1.000000,1.500000,1.500000,,,,,,,,,,,,,,,,1.302269,0.192367,1.328865,0.186645,0.000000,0.000000,0.092441,,-0.043510,0.000000,,,,0.147717,0.130237,1.500000,10.924526,51.902481,0.000000,circle,预设轨迹15,forward
1775480145.846101,10.199784,1775480186.787776|完整运动,完整运动,circle_orbit,1,1.000000,1.500000,1.500000,,,,,,,,,,,,,,,,1.302617,0.191302,1.323467,0.185266,0.000000,0.000000,0.092544,,-0.046347,0.000000,,,,0.146860,0.130272,1.500000,10.950419,51.876587,0.000000,circle,预设轨迹15,forward
1775480145.868380,10.222063,1775480186.787776|完整运动,完整运动,circle_orbit,1,1.000000,1.500000,1.500000,,,,,,,,,,,,,,,,1.302776,0.190234,1.312351,0.184180,0.000000,0.000000,0.092602,,-0.052323,0.000000,,,,0.146022,0.130288,1.500000,11.001941,51.825065,0.000000,circle,预设轨迹15,forward
1775480145.889193,10.242876,1775480186.787776|完整运动,完整运动,circle_orbit,1,1.000000,1.500000,1.500000,,,,,,,,,,,,,,,,1.302838,0.189221,1.306514,0.183481,0.000000,0.000000,0.092659,,-0.055492,0.000000,,,,0.145238,0.130294,1.500000,11.027383,51.799623,0.000000,circle,预设轨迹15,forward
1775480145.920862,10.274544,1775480186.787776|完整运动,完整运动,circle_orbit,1,1.000000,1.500000,1.500000,,,,,,,,,,,,,,,,1.302793,0.188093,1.300090,0.181696,0.000000,0.000000,0.092582,,-0.059068,0.000000,,,,0.144377,0.130289,1.500000,11.052496,51.774510,0.000000,circle,预设轨迹15,forward
1775480145.957273,10.310956,1775480186.787776|完整运动,完整运动,circle_orbit,1,1.000000,1.500000,1.500000,,,,,,,,,,,,,,,,1.302471,0.187571,1.283173,0.184611,0.000000,0.000000,0.092970,,-0.068420,0.000000,,,,0.144011,0.130257,1.500000,11.101926,51.725080,0.000000,circle,预设轨迹15,forward
1775480145.984633,10.338315,1775480186.787776|完整运动,完整运动,circle_orbit,1,1.000000,1.500000,1.500000,,,,,,,,,,,,,,,,1.302044,0.186884,1.276445,0.182989,0.000000,0.000000,0.093217,,-0.072172,0.000000,,,,0.143531,0.130214,1.500000,11.126626,51.700381,0.000000,circle,预设轨迹15,forward
1775480146.010789,10.364472,1775480186.787776|完整运动,完整运动,circle_orbit,1,1.000000,1.500000,1.500000,,,,,,,,,,,,,,,,1.301414,0.185998,1.263611,0.180975,0.000000,0.000000,0.093296,,-0.079600,0.000000,,,,0.142920,0.130151,1.500000,11.175819,51.651188,0.000000,circle,预设轨迹15,forward
1775480146.038532,10.392214,1775480186.787776|完整运动,完整运动,circle_orbit,1,1.000000,1.500000,1.500000,,,,,,,,,,,,,,,,1.300706,0.184563,1.258234,0.176426,0.000000,0.000000,0.092899,,-0.082929,0.000000,,,,0.141894,0.130081,1.500000,11.200788,51.626219,0.000000,circle,预设轨迹15,forward
1775480146.059077,10.412760,1775480186.787776|完整运动,完整运动,circle_orbit,1,1.000000,1.500000,1.500000,,,,,,,,,,,,,,,,1.299921,0.183065,1.252798,0.174569,0.000000,0.000000,0.092393,,-0.086365,0.000000,,,,0.140828,0.130002,1.500000,11.225758,51.601248,0.000000,circle,预设轨迹15,forward
1775480146.091136,10.444819,1775480186.787776|完整运动,完整运动,circle_orbit,1,1.000000,1.500000,1.500000,,,,,,,,,,,,,,,,1.299050,0.181376,1.246802,0.171794,0.000000,0.000000,0.091674,,-0.090251,0.000000,,,,0.139622,0.129915,1.500000,11.251125,51.575882,0.000000,circle,预设轨迹15,forward
1775480146.119567,10.473250,1775480186.787776|完整运动,完整运动,circle_orbit,1,1.000000,1.500000,1.500000,,,,,,,,,,,,,,,,1.298107,0.177791,1.241537,0.157446,0.000000,0.000000,0.089337,,-0.094375,0.000000,,,,0.136962,0.129821,1.500000,11.302391,51.524615,0.000000,circle,预设轨迹15,forward
1775480146.147333,10.501015,1775480186.787776|完整运动,完整运动,circle_orbit,1,1.000000,1.500000,1.500000,,,,,,,,,,,,,,,,1.297130,0.175441,1.238463,0.162101,0.000000,0.000000,0.087836,,-0.096849,0.000000,,,,0.135253,0.129723,1.500000,11.328322,51.498685,0.000000,circle,预设轨迹15,forward
1775480146.168714,10.522397,1775480186.787776|完整运动,完整运动,circle_orbit,1,1.000000,1.500000,1.500000,,,,,,,,,,,,,,,,1.296095,0.171152,1.234042,0.146805,0.000000,0.000000,0.084658,,-0.100833,0.000000,,,,0.132052,0.129620,1.500000,11.380337,51.446669,0.000000,circle,预设轨迹15,forward
1775480146.195728,10.549411,1775480186.787776|完整运动,完整运动,circle_orbit,1,1.000000,1.500000,1.500000,,,,,,,,,,,,,,,,1.295035,0.168736,1.231392,0.155019,0.000000,0.000000,0.082812,,-0.103206,0.000000,,,,0.130295,0.129513,1.500000,11.406754,51.420252,0.000000,circle,预设轨迹15,forward
1775480146.221456,10.575138,1775480186.787776|完整运动,完整运动,circle_orbit,1,1.000000,1.500000,1.500000,,,,,,,,,,,,,,,,1.293957,0.166489,1.229306,0.153722,0.000000,0.000000,0.081022,,-0.105214,0.000000,,,,0.128666,0.129406,1.500000,11.432875,51.394132,0.000000,circle,预设轨迹15,forward
1775480146.254564,10.608247,1775480186.787776|完整运动,完整运动,circle_orbit,1,1.000000,1.500000,1.500000,,,,,,,,,,,,,,,,1.292877,0.163934,1.228092,0.149420,0.000000,0.000000,0.078913,,-0.106812,0.000000,,,,0.126798,0.129298,1.500000,11.458990,51.368017,0.000000,circle,预设轨迹15,forward
1775480146.275127,10.628810,1775480186.787776|完整运动,完整运动,circle_orbit,1,1.000000,1.500000,1.500000,,,,,,,,,,,,,,,,1.291783,0.158674,1.226108,0.128775,0.000000,0.000000,0.074501,,-0.109811,0.000000,,,,0.122833,0.129188,1.500000,11.511128,51.315879,0.000000,circle,预设轨迹15,forward
1775480146.306953,10.660635,1775480186.787776|完整运动,完整运动,circle_orbit,1,1.000000,1.500000,1.500000,,,,,,,,,,,,,,,,1.290685,0.156544,1.224842,0.144440,0.000000,0.000000,0.072422,,-0.111434,0.000000,,,,0.121288,0.129078,1.500000,11.537396,51.289611,0.000000,circle,预设轨迹15,forward
1775480146.347397,10.701080,1775480186.787776|完整运动,完整运动,circle_orbit,1,1.000000,1.500000,1.500000,,,,,,,,,,,,,,,,1.289572,0.151862,1.222762,0.125238,0.000000,0.000000,0.068206,,-0.114422,0.000000,,,,0.117762,0.128967,1.500000,11.590065,51.236942,0.000000,circle,预设轨迹15,forward
1775480146.367835,10.721518,1775480186.787776|完整运动,完整运动,circle_orbit,1,1.000000,1.500000,1.500000,,,,,,,,,,,,,,,,1.288419,0.147614,1.219257,0.123447,0.000000,0.000000,0.064160,,-0.118245,0.000000,,,,0.114570,0.128852,1.500000,11.642209,51.184797,0.000000,circle,预设轨迹15,forward
1775480146.388369,10.742051,1775480186.787776|完整运动,完整运动,circle_orbit,1,1.000000,1.500000,1.500000,,,,,,,,,,,,,,,,1.287285,0.148479,1.219257,0.153401,0.000000,0.000000,0.064160,,-0.118245,0.000000,,,,0.115343,0.128738,1.500000,11.642209,51.184797,0.000000,circle,预设轨迹15,forward
1775480146.412450,10.766133,1775480186.787776|完整运动,完整运动,circle_orbit,1,1.000000,1.500000,1.500000,,,,,,,,,,,,,,,,1.286150,0.146847,1.218000,0.137561,0.000000,0.000000,0.062260,,-0.119799,0.000000,,,,0.114176,0.128625,1.500000,11.668386,51.158620,0.000000,circle,预设轨迹15,forward
1775480146.435294,10.788977,1775480186.787776|完整运动,完整运动,circle_orbit,1,1.000000,1.500000,1.500000,,,,,,,,,,,,,,,,1.284994,0.143367,1.215686,0.123553,0.000000,0.000000,0.058834,,-0.122634,0.000000,,,,0.111570,0.128509,1.500000,11.720855,51.106152,0.000000,circle,预设轨迹15,forward
1775480146.456533,10.810216,1775480186.787776|完整运动,完整运动,circle_orbit,1,1.000000,1.500000,1.500000,,,,,,,,,,,,,,,,1.283846,0.141840,1.214956,0.133145,0.000000,0.000000,0.056900,,-0.123871,0.000000,,,,0.110481,0.128395,1.500000,11.747007,51.080000,0.000000,circle,预设轨迹15,forward
1775480146.489248,10.842930,1775480186.787776|完整运动,完整运动,circle_orbit,1,1.000000,1.500000,1.500000,,,,,,,,,,,,,,,,1.282715,0.140030,1.214825,0.129718,0.000000,0.000000,0.054735,,-0.124820,0.000000,,,,0.109167,0.128281,1.500000,11.772982,51.054025,0.000000,circle,预设轨迹15,forward
1775480146.521238,10.874921,1775480186.787776|完整运动,完整运动,circle_orbit,1,1.000000,1.500000,1.500000,,,,,,,,,,,,,,,,1.281585,0.138256,1.213776,0.128149,0.000000,0.000000,0.052585,,-0.126348,0.000000,,,,0.107879,0.128168,1.500000,11.798634,51.028373,0.000000,circle,预设轨迹15,forward
1775480146.551327,10.905010,1775480186.787776|完整运动,完整运动,circle_orbit,1,1.000000,1.500000,1.500000,,,,,,,,,,,,,,,,1.280475,0.132955,1.213919,0.102747,0.000000,0.000000,0.047512,,-0.128286,0.000000,,,,0.103833,0.128057,1.500000,11.850868,50.976138,0.000000,circle,预设轨迹15,forward
1775480146.585984,10.939667,1775480186.787776|完整运动,完整运动,circle_orbit,1,1.000000,1.500000,1.500000,,,,,,,,,,,,,,,,1.279390,0.127097,1.214298,0.093697,0.000000,0.000000,0.041757,,-0.130347,0.000000,,,,0.099342,0.127949,1.500000,11.903523,50.923484,0.000000,circle,预设轨迹15,forward
1775480146.617985,10.971668,1775480186.787776|完整运动,完整运动,circle_orbit,1,1.000000,1.500000,1.500000,,,,,,,,,,,,,,,,1.278311,0.121409,1.213541,0.088976,0.000000,0.000000,0.035901,,-0.133171,0.000000,,,,0.094976,0.127841,1.500000,11.955819,50.871188,0.000000,circle,预设轨迹15,forward
1775480146.651350,11.005033,1775480186.787776|完整运动,完整运动,circle_orbit,1,1.000000,1.500000,1.500000,,,,,,,,,,,,,,,,1.277240,0.119531,1.212998,0.108819,0.000000,0.000000,0.032970,,-0.134690,0.000000,,,,0.093585,0.127734,1.500000,11.981629,50.845377,0.000000,circle,预设轨迹15,forward
1775480146.673471,11.027153,1775480186.787776|完整运动,完整运动,circle_orbit,1,1.000000,1.500000,1.500000,,,,,,,,,,,,,,,,1.276198,0.113895,1.213636,0.081736,0.000000,0.000000,0.026950,,-0.136691,0.000000,,,,0.089245,0.127630,1.500000,12.033134,50.793872,0.000000,circle,预设轨迹15,forward
1775480146.693892,11.047575,1775480186.787776|完整运动,完整运动,circle_orbit,1,1.000000,1.500000,1.500000,,,,,,,,,,,,,,,,1.275154,0.112298,1.212558,0.103186,0.000000,0.000000,0.024059,,-0.138535,0.000000,,,,0.088066,0.127525,1.500000,12.058766,50.768241,0.000000,circle,预设轨迹15,forward
1775480146.716927,11.070610,1775480186.787776|完整运动,完整运动,circle_orbit,1,1.000000,1.500000,1.500000,,,,,,,,,,,,,,,,1.274116,0.110690,1.211829,0.101513,0.000000,0.000000,0.021199,,-0.140144,0.000000,,,,0.086876,0.127421,1.500000,12.084042,50.742964,0.000000,circle,预设轨迹15,forward
1775480146.738648,11.092330,1775480186.787776|完整运动,完整运动,circle_orbit,1,1.000000,1.500000,1.500000,,,,,,,,,,,,,,,,1.273101,0.108877,1.212220,0.098525,0.000000,0.000000,0.018200,,-0.141094,0.000000,,,,0.085521,0.127320,1.500000,12.109297,50.717710,0.000000,circle,预设轨迹15,forward
1775480146.761468,11.115150,1775480186.787776|完整运动,完整运动,circle_orbit,1,1.000000,1.500000,1.500000,,,,,,,,,,,,,,,,1.272110,0.106904,1.212592,0.095637,0.000000,0.000000,0.015083,,-0.142104,0.000000,,,,0.084037,0.127221,1.500000,12.134407,50.692599,0.000000,circle,预设轨迹15,forward
1775480146.784207,11.137890,1775480186.787776|完整运动,完整运动,circle_orbit,1,1.000000,1.500000,1.500000,,,,,,,,,,,,,,,,1.271114,0.105302,1.211394,0.096147,0.000000,0.000000,0.012276,,-0.143991,0.000000,,,,0.082842,0.127121,1.500000,12.159518,50.667488,0.000000,circle,预设轨迹15,forward
1775480146.820146,11.173828,1775480186.787776|完整运动,完整运动,circle_orbit,1,1.000000,1.500000,1.500000,,,,,,,,,,,,,,,,1.270129,0.103708,1.211023,0.094599,0.000000,0.000000,0.009498,,-0.145340,0.000000,,,,0.081651,0.127023,1.500000,12.184841,50.642166,0.000000,circle,预设轨迹15,forward
1775480146.851876,11.205559,1775480186.787776|完整运动,完整运动,circle_orbit,1,1.000000,1.500000,1.500000,,,,,,,,,,,,,,,,1.269173,0.098597,1.211835,0.069389,0.000000,0.000000,0.003825,,-0.147090,0.000000,,,,0.077686,0.126927,1.500000,12.235981,50.591025,0.000000,circle,预设轨迹15,forward
1775480146.874511,11.228194,1775480186.787776|完整运动,完整运动,circle_orbit,1,1.000000,1.500000,1.500000,,,,,,,,,,,,,,,,1.268182,0.094407,1.208676,0.070454,0.000000,0.000000,-0.001275,,-0.150132,0.000000,,,,0.074443,0.126828,1.500000,12.287183,50.539823,0.000000,circle,预设轨迹15,forward
1775480146.894896,11.248579,1775480186.787776|完整运动,完整运动,circle_orbit,1,1.000000,1.500000,1.500000,,,,,,,,,,,,,,,,1.267150,0.093660,1.205236,0.089392,0.000000,0.000000,-0.003648,,-0.151397,0.000000,,,,0.073914,0.126725,1.500000,12.312915,50.514092,0.000000,circle,预设轨迹15,forward
1775480146.918788,11.272471,1775480186.787776|完整运动,完整运动,circle_orbit,1,1.000000,1.500000,1.500000,,,,,,,,,,,,,,,,1.266093,0.092592,1.202674,0.086480,0.000000,0.000000,-0.006209,,-0.152029,0.000000,,,,0.073132,0.126619,1.500000,12.338381,50.488625,0.000000,circle,预设轨迹15,forward
1775480146.951419,11.305102,1775480186.787776|完整运动,完整运动,circle_orbit,1,1.000000,1.500000,1.500000,,,,,,,,,,,,,,,,1.265024,0.091174,1.200872,0.083061,0.000000,0.000000,-0.009008,,-0.152079,0.000000,,,,0.072073,0.126512,1.500000,12.363820,50.463186,0.000000,circle,预设轨迹15,forward
1775480146.982016,11.335699,1775480186.787776|完整运动,完整运动,circle_orbit,1,1.000000,1.500000,1.500000,,,,,,,,,,,,,,,,1.263904,0.085849,1.196754,0.055378,0.000000,0.000000,-0.015027,,-0.152358,0.000000,,,,0.067924,0.126400,1.500000,12.414978,50.412028,0.000000,circle,预设轨迹15,forward
1775480147.010382,11.364065,1775480186.787776|完整运动,完整运动,circle_orbit,1,1.000000,1.500000,1.500000,,,,,,,,,,,,,,,,1.262766,0.084022,1.194475,0.073565,0.000000,0.000000,-0.018349,,-0.152524,0.000000,,,,0.066538,0.126286,1.500000,12.440541,50.386465,0.000000,circle,预设轨迹15,forward
1775480147.031619,11.385301,1775480186.787776|完整运动,完整运动,circle_orbit,1,1.000000,1.500000,1.500000,,,,,,,,,,,,,,,,1.261555,0.077971,1.188909,0.043321,0.000000,0.000000,-0.025172,,-0.153468,0.000000,,,,0.061805,0.126165,1.500000,12.491730,50.335276,0.000000,circle,预设轨迹15,forward
1775480147.052762,11.406445,1775480186.787776|完整运动,完整运动,circle_orbit,1,1.000000,1.500000,1.500000,,,,,,,,,,,,,,,,1.260309,0.076212,1.185539,0.066135,0.000000,0.000000,-0.028669,,-0.154311,0.000000,,,,0.060471,0.126041,1.500000,12.517284,50.309722,0.000000,circle,预设轨迹15,forward
1775480147.074299,11.427982,1775480186.787776|完整运动,完整运动,circle_orbit,1,1.000000,1.500000,1.500000,,,,,,,,,,,,,,,,1.259027,0.074607,1.182080,0.065415,0.000000,0.000000,-0.032012,,-0.155288,0.000000,,,,0.059258,0.125912,1.500000,12.542832,50.284175,0.000000,circle,预设轨迹15,forward
1775480147.095539,11.449222,1775480186.787776|完整运动,完整运动,circle_orbit,1,1.000000,1.500000,1.500000,,,,,,,,,,,,,,,,1.257716,0.073067,1.179050,0.064241,0.000000,0.000000,-0.035272,,-0.156022,0.000000,,,,0.058095,0.125781,1.500000,12.568356,50.258650,0.000000,circle,预设轨迹15,forward
1775480147.116407,11.470090,1775480186.787776|完整运动,完整运动,circle_orbit,1,1.000000,1.500000,1.500000,,,,,,,,,,,,,,,,1.256373,0.071519,1.175823,0.062639,0.000000,0.000000,-0.038511,,-0.156909,0.000000,,,,0.056925,0.125647,1.500000,12.593681,50.233326,0.000000,circle,预设轨迹15,forward
1775480147.143655,11.497338,1775480186.787776|完整运动,完整运动,circle_orbit,1,1.000000,1.500000,1.500000,,,,,,,,,,,,,,,,1.255013,0.070053,1.173422,0.061645,0.000000,0.000000,-0.041657,,-0.157281,0.000000,,,,0.055818,0.125511,1.500000,12.618866,50.208141,0.000000,circle,预设轨迹15,forward
1775480147.176230,11.529913,1775480186.787776|完整运动,完整运动,circle_orbit,1,1.000000,1.500000,1.500000,,,,,,,,,,,,,,,,1.253643,0.068475,1.171425,0.059427,0.000000,0.000000,-0.044872,,-0.157357,0.000000,,,,0.054621,0.125374,1.500000,12.644005,50.183002,0.000000,circle,预设轨迹15,forward
1775480147.199342,11.553025,1775480186.787776|完整运动,完整运动,circle_orbit,1,1.000000,1.500000,1.500000,,,,,,,,,,,,,,,,1.252199,0.063373,1.165559,0.034091,0.000000,0.000000,-0.051012,,-0.158929,0.000000,,,,0.050610,0.125230,1.500000,12.694079,50.132927,0.000000,circle,预设轨迹15,forward
1775480147.219686,11.573369,1775480186.787776|完整运动,完整运动,circle_orbit,1,1.000000,1.500000,1.500000,,,,,,,,,,,,,,,,1.250746,0.062091,1.163548,0.054727,0.000000,0.000000,-0.054159,,-0.159060,0.000000,,,,0.049643,0.125084,1.500000,12.719124,50.107882,0.000000,circle,预设轨迹15,forward
1775480147.242609,11.596292,1775480186.787776|完整运动,完整运动,circle_orbit,1,1.000000,1.500000,1.500000,,,,,,,,,,,,,,,,1.249293,0.060745,1.162115,0.053015,0.000000,0.000000,-0.057321,,-0.158788,0.000000,,,,0.048623,0.124939,1.500000,12.743951,50.083056,0.000000,circle,预设轨迹15,forward
1775480147.271752,11.625434,1775480186.787776|完整运动,完整运动,circle_orbit,1,1.000000,1.500000,1.500000,,,,,,,,,,,,,,,,1.247835,0.059280,1.160369,0.050866,0.000000,0.000000,-0.060553,,-0.158710,0.000000,,,,0.047506,0.124793,1.500000,12.768957,50.058049,0.000000,circle,预设轨迹15,forward
1775480147.304794,11.658477,1775480186.787776|完整运动,完整运动,circle_orbit,1,1.000000,1.500000,1.500000,,,,,,,,,,,,,,,,1.246346,0.053604,1.157017,0.020984,0.000000,0.000000,-0.067287,,-0.158356,0.000000,,,,0.043009,0.124644,1.500000,12.819036,50.007971,0.000000,circle,预设轨迹15,forward
1775480147.328807,11.682490,1775480186.787776|完整运动,完整运动,circle_orbit,1,1.000000,1.500000,1.500000,,,,,,,,,,,,,,,,1.244832,0.048635,1.153964,0.020062,0.000000,0.000000,-0.073664,,-0.157949,0.000000,,,,0.039069,0.124493,1.500000,12.868985,49.958021,0.000000,circle,预设轨迹15,forward
1775480147.349296,11.702979,1775480186.787776|完整运动,完整运动,circle_orbit,1,1.000000,1.500000,1.500000,,,,,,,,,,,,,,,,1.243325,0.047497,1.152928,0.040956,0.000000,0.000000,-0.077011,,-0.157340,0.000000,,,,0.038202,0.124342,1.500000,12.894099,49.932907,0.000000,circle,预设轨迹15,forward
1775480147.373423,11.727106,1775480186.787776|完整运动,完整运动,circle_orbit,1,1.000000,1.500000,1.500000,,,,,,,,,,,,,,,,1.241822,0.046265,1.151656,0.039172,0.000000,0.000000,-0.080380,,-0.156891,0.000000,,,,0.037255,0.124192,1.500000,12.919299,49.907708,0.000000,circle,预设轨迹15,forward
1775480147.393959,11.747642,1775480186.787776|完整运动,完整运动,circle_orbit,1,1.000000,1.500000,1.500000,,,,,,,,,,,,,,,,1.240325,0.044844,1.150472,0.036664,0.000000,0.000000,-0.083862,,-0.156336,0.000000,,,,0.036155,0.124042,1.500000,12.944618,49.882388,0.000000,circle,预设轨迹15,forward
1775480147.414441,11.768123,1775480186.787776|完整运动,完整运动,circle_orbit,1,1.000000,1.500000,1.500000,,,,,,,,,,,,,,,,1.238831,0.043472,1.149193,0.035572,0.000000,0.000000,-0.087274,,-0.155878,0.000000,,,,0.035091,0.123893,1.500000,12.969832,49.857174,0.000000,circle,预设轨迹15,forward
1775480147.438812,11.792495,1775480186.787776|完整运动,完整运动,circle_orbit,1,1.000000,1.500000,1.500000,,,,,,,,,,,,,,,,1.237345,0.041921,1.148170,0.032989,0.000000,0.000000,-0.090808,,-0.155190,0.000000,,,,0.033880,0.123744,1.500000,12.995043,49.831964,0.000000,circle,预设轨迹15,forward
1775480147.468575,11.822257,1775480186.787776|完整运动,完整运动,circle_orbit,1,1.000000,1.500000,1.500000,,,,,,,,,,,,,,,,1.235868,0.040410,1.147260,0.031702,0.000000,0.000000,-0.094296,,-0.154443,0.000000,,,,0.032698,0.123596,1.500000,13.020190,49.806816,0.000000,circle,预设轨迹15,forward
1775480147.504283,11.857966,1775480186.787776|完整运动,完整运动,circle_orbit,1,1.000000,1.500000,1.500000,,,,,,,,,,,,,,,,1.234379,0.034473,1.145042,0.000254,0.000000,0.000000,-0.101492,,-0.153148,0.000000,,,,0.027928,0.123447,1.500000,13.070427,49.756580,0.000000,circle,预设轨迹15,forward
1775480147.537934,11.891617,1775480186.787776|完整运动,完整运动,circle_orbit,1,1.000000,1.500000,1.500000,,,,,,,,,,,,,,,,1.232892,0.033171,1.143698,0.025663,0.000000,0.000000,-0.105040,,-0.152690,0.000000,,,,0.026905,0.123299,1.500000,13.095392,49.731614,0.000000,circle,预设轨迹15,forward
1775480147.569425,11.923107,1775480186.787776|完整运动,完整运动,circle_orbit,1,1.000000,1.500000,1.500000,,,,,,,,,,,,,,,,1.231384,0.023423,1.140900,-0.032808,0.000000,0.000000,-0.115776,,-0.150406,0.000000,,,,0.019022,0.123148,1.500000,13.170399,49.656607,0.000000,circle,预设轨迹15,forward
1775480147.602880,11.956562,1775480186.787776|完整运动,完整运动,circle_orbit,1,1.000000,1.500000,1.500000,,,,,,,,,,,,,,,,1.229876,0.023034,1.139396,0.020792,0.000000,0.000000,-0.118973,,-0.150212,0.000000,,,,0.018729,0.122997,1.500000,13.195377,49.631630,0.000000,circle,预设轨迹15,forward
1775480147.628058,11.981741,1775480186.787776|完整运动,完整运动,circle_orbit,1,1.000000,1.500000,1.500000,,,,,,,,,,,,,,,,1.228369,0.022865,1.137921,0.021890,0.000000,0.000000,-0.121869,,-0.150120,0.000000,,,,0.018614,0.122846,1.500000,13.220130,49.606877,0.000000,circle,预设轨迹15,forward
1775480147.653121,12.006804,1775480186.787776|完整运动,完整运动,circle_orbit,1,1.000000,1.500000,1.500000,,,,,,,,,,,,,,,,1.226875,0.022494,1.137243,0.020348,0.000000,0.000000,-0.124820,,-0.149430,0.000000,,,,0.018334,0.122697,1.500000,13.244822,49.582185,0.000000,circle,预设轨迹15,forward
1775480147.673491,12.027174,1775480186.787776|完整运动,完整运动,circle_orbit,1,1.000000,1.500000,1.500000,,,,,,,,,,,,,,,,1.225397,0.018744,1.136701,-0.002920,0.000000,0.000000,-0.130529,,-0.147539,0.000000,,,,0.015296,0.122549,1.500000,13.294388,49.532618,0.000000,circle,预设轨迹15,forward
1775480147.696927,12.050610,1775480186.787776|完整运动,完整运动,circle_orbit,1,1.000000,1.500000,1.500000,,,,,,,,,,,,,,,,1.223942,0.018458,1.136666,0.016806,0.000000,0.000000,-0.133426,,-0.146406,0.000000,,,,0.015081,0.122404,1.500000,13.319288,49.507719,0.000000,circle,预设轨迹15,forward
1775480147.723505,12.077187,1775480186.787776|完整运动,完整运动,circle_orbit,1,1.000000,1.500000,1.500000,,,,,,,,,,,,,,,,1.222509,0.018216,1.136547,0.016817,0.000000,0.000000,-0.136190,,-0.145387,0.000000,,,,0.014900,0.122260,1.500000,13.344095,49.482911,0.000000,circle,预设轨迹15,forward
1775480147.751100,12.104783,1775480186.787776|完整运动,完整运动,circle_orbit,1,1.000000,1.500000,1.500000,,,,,,,,,,,,,,,,1.221096,0.017771,1.136307,0.015200,0.000000,0.000000,-0.139033,,-0.144424,0.000000,,,,0.014554,0.122119,1.500000,13.368830,49.458176,0.000000,circle,预设轨迹15,forward
1775480147.783563,12.137246,1775480186.787776|完整运动,完整运动,circle_orbit,1,1.000000,1.500000,1.500000,,,,,,,,,,,,,,,,1.219716,0.013462,1.136921,-0.011466,0.000000,0.000000,-0.145078,,-0.141560,0.000000,,,,0.011037,0.121981,1.500000,13.418325,49.408682,0.000000,circle,预设轨迹15,forward
1775480147.805560,12.159243,1775480186.787776|完整运动,完整运动,circle_orbit,1,1.000000,1.500000,1.500000,,,,,,,,,,,,,,,,1.218361,0.009069,1.137021,-0.016356,0.000000,0.000000,-0.151359,,-0.138975,0.000000,,,,0.007443,0.121845,1.500000,13.468205,49.358801,0.000000,circle,预设轨迹15,forward
1775480147.825990,12.179672,1775480186.787776|完整运动,完整运动,circle_orbit,1,1.000000,1.500000,1.500000,,,,,,,,,,,,,,,,1.217027,0.012278,1.137021,0.030858,0.000000,0.000000,-0.151359,,-0.138975,0.000000,,,,0.010089,0.121712,1.500000,13.468205,49.358801,0.000000,circle,预设轨迹15,forward
1775480147.849445,12.203128,1775480186.787776|完整运动,完整运动,circle_orbit,1,1.000000,1.500000,1.500000,,,,,,,,,,,,,,,,1.215711,0.011458,1.136756,0.006711,0.000000,0.000000,-0.154475,,-0.137921,0.000000,,,,0.009425,0.121581,1.500000,13.493245,49.333762,0.000000,circle,预设轨迹15,forward
1775480147.870240,12.223923,1775480186.787776|完整运动,完整运动,circle_orbit,1,1.000000,1.500000,1.500000,,,,,,,,,,,,,,,,1.214427,0.007046,1.137396,-0.018511,0.000000,0.000000,-0.160599,,-0.135006,0.000000,,,,0.005802,0.121452,1.500000,13.543147,49.283859,0.000000,circle,预设轨迹15,forward
1775480147.891664,12.245347,1775480186.787776|完整运动,完整运动,circle_orbit,1,1.000000,1.500000,1.500000,,,,,,,,,,,,,,,,1.213175,0.006313,1.138011,0.002063,0.000000,0.000000,-0.163781,,-0.133288,0.000000,,,,0.005203,0.121327,1.500000,13.567929,49.259078,0.000000,circle,预设轨迹15,forward
1775480147.913632,12.267315,1775480186.787776|完整运动,完整运动,circle_orbit,1,1.000000,1.500000,1.500000,,,,,,,,,,,,,,,,1.211949,0.005826,1.138398,0.003008,0.000000,0.000000,-0.166703,,-0.131840,0.000000,,,,0.004807,0.121204,1.500000,13.592543,49.234463,0.000000,circle,预设轨迹15,forward
1775480147.934160,12.287842,1775480186.787776|完整运动,完整运动,circle_orbit,1,1.000000,1.500000,1.500000,,,,,,,,,,,,,,,,1.210754,0.005344,1.139058,0.002549,0.000000,0.000000,-0.169561,,-0.130219,0.000000,,,,0.004414,0.121085,1.500000,13.617211,49.209796,0.000000,circle,预设轨迹15,forward
1775480147.962729,12.316411,1775480186.787776|完整运动,完整运动,circle_orbit,1,1.000000,1.500000,1.500000,,,,,,,,,,,,,,,,1.209579,0.008159,1.139058,0.024481,0.000000,0.000000,-0.169561,,-0.130219,0.000000,,,,0.006745,0.120967,1.500000,13.617211,49.209796,0.000000,circle,预设轨迹15,forward
1775480147.989444,12.343126,1775480186.787776|完整运动,完整运动,circle_orbit,1,1.000000,1.500000,1.500000,,,,,,,,,,,,,,,,1.208431,0.004320,1.139558,-0.017947,0.000000,0.000000,-0.174972,,-0.127693,0.000000,,,,0.003575,0.120852,1.500000,13.666839,49.160167,0.000000,circle,预设轨迹15,forward
1775480148.017675,12.371358,1775480186.787776|完整运动,完整运动,circle_orbit,1,1.000000,1.500000,1.500000,,,,,,,,,,,,,,,,1.207307,0.001375,1.139886,-0.015715,0.000000,0.000000,-0.179790,,-0.125530,0.000000,,,,0.001139,0.120740,1.500000,13.716316,49.110690,0.000000,circle,预设轨迹15,forward
1775480148.050634,12.404317,1775480186.787776|完整运动,完整运动,circle_orbit,1,1.000000,1.500000,1.500000,,,,,,,,,,,,,,,,1.206208,0.001761,1.140263,0.004003,0.000000,0.000000,-0.181874,,-0.124424,0.000000,,,,0.001460,0.120630,1.500000,13.740614,49.086393,0.000000,circle,预设轨迹15,forward
1775480148.074264,12.427947,1775480186.787776|完整运动,完整运动,circle_orbit,1,1.000000,1.500000,1.500000,,,,,,,,,,,,,,,,1.205176,-0.000394,1.143274,-0.012903,0.000000,0.000000,-0.186026,,-0.120598,0.000000,,,,0.000327,0.120527,1.500000,13.789437,49.037570,0.000000,circle,预设轨迹15,forward
1775480148.098085,12.451767,1775480186.787776|完整运动,完整运动,circle_orbit,1,1.000000,1.500000,1.500000,,,,,,,,,,,,,,,,1.204182,-0.000039,1.144551,0.002022,0.000000,0.000000,-0.188098,,-0.118854,0.000000,,,,0.000032,0.120428,1.500000,13.814136,49.012870,0.000000,circle,预设轨迹15,forward
1775480148.122287,12.475970,1775480186.787776|完整运动,完整运动,circle_orbit,1,1.000000,1.500000,1.500000,,,,,,,,,,,,,,,,1.203226,0.000247,1.145817,0.001907,0.000000,0.000000,-0.190137,,-0.117133,0.000000,,,,0.000205,0.120332,1.500000,13.838680,48.988327,0.000000,circle,预设轨迹15,forward
1775480148.152659,12.506342,1775480186.787776|完整运动,完整运动,circle_orbit,1,1.000000,1.500000,1.500000,,,,,,,,,,,,,,,,1.202315,-0.001929,1.147660,-0.014568,0.000000,0.000000,-0.194193,,-0.114196,0.000000,,,,0.001604,0.120241,1.500000,13.887628,48.939379,0.000000,circle,预设轨迹15,forward
1775480148.179220,12.532903,1775480186.787776|完整运动,完整运动,circle_orbit,1,1.000000,1.500000,1.500000,,,,,,,,,,,,,,,,1.201445,-0.001778,1.149245,-0.000902,0.000000,0.000000,-0.196336,,-0.112212,0.000000,,,,0.001480,0.120154,1.500000,13.912077,48.914929,0.000000,circle,预设轨迹15,forward
1775480148.215591,12.569274,1775480186.787776|完整运动,完整运动,circle_orbit,1,1.000000,1.500000,1.500000,,,,,,,,,,,,,,,,1.200611,-0.001767,1.150622,-0.001705,0.000000,0.000000,-0.198528,,-0.110359,0.000000,,,,0.001472,0.120070,1.500000,13.936611,48.890396,0.000000,circle,预设轨迹15,forward
1775480148.239677,12.593360,1775480186.787776|完整运动,完整运动,circle_orbit,1,1.000000,1.500000,1.500000,,,,,,,,,,,,,,,,1.199840,-0.004658,1.153547,-0.021462,0.000000,0.000000,-0.203140,,-0.106449,0.000000,,,,0.003882,0.119993,1.500000,13.986470,48.840537,0.000000,circle,预设轨迹15,forward
1775480148.260007,12.613690,1775480186.787776|完整运动,完整运动,circle_orbit,1,1.000000,1.500000,1.500000,,,,,,,,,,,,,,,,1.199102,-0.004615,1.154851,-0.004366,0.000000,0.000000,-0.205367,,-0.104640,0.000000,,,,0.003849,0.119919,1.500000,14.011444,48.815563,0.000000,circle,预设轨迹15,forward
1775480148.285056,12.638739,1775480186.787776|完整运动,完整运动,circle_orbit,1,1.000000,1.500000,1.500000,,,,,,,,,,,,,,,,1.198397,-0.004466,1.156063,-0.003600,0.000000,0.000000,-0.207440,,-0.102960,0.000000,,,,0.003727,0.119849,1.500000,14.036433,48.790573,0.000000,circle,预设轨迹15,forward
1775480148.316431,12.670114,1775480186.787776|完整运动,完整运动,circle_orbit,1,1.000000,1.500000,1.500000,,,,,,,,,,,,,,,,1.197762,-0.007046,1.159692,-0.022045,0.000000,0.000000,-0.211784,,-0.098684,0.000000,,,,0.005882,0.119785,1.500000,14.085955,48.741052,0.000000,circle,预设轨迹15,forward
1775480148.347389,12.701071,1775480186.787776|完整运动,完整运动,circle_orbit,1,1.000000,1.500000,1.500000,,,,,,,,,,,,,,,,1.197170,-0.007098,1.161608,-0.007403,0.000000,0.000000,-0.214073,,-0.096435,0.000000,,,,0.005929,0.119726,1.500000,14.110575,48.716431,0.000000,circle,预设轨迹15,forward
1775480148.386130,12.739813,1775480186.787776|完整运动,完整运动,circle_orbit,1,1.000000,1.500000,1.500000,,,,,,,,,,,,,,,,1.196640,-0.009663,1.164888,-0.024582,0.000000,0.000000,-0.218458,,-0.092408,0.000000,,,,0.008075,0.119673,1.500000,14.159991,48.667016,0.000000,circle,预设轨迹15,forward
1775480148.408930,12.762613,1775480186.787776|完整运动,完整运动,circle_orbit,1,1.000000,1.500000,1.500000,,,,,,,,,,,,,,,,1.196143,-0.009291,1.166280,-0.007128,0.000000,0.000000,-0.220434,,-0.090658,0.000000,,,,0.007767,0.119623,1.500000,14.184834,48.642172,0.000000,circle,预设轨迹15,forward
1775480148.431057,12.784740,1775480186.787776|完整运动,完整运动,circle_orbit,1,1.000000,1.500000,1.500000,,,,,,,,,,,,,,,,1.195704,-0.010697,1.169374,-0.018875,0.000000,0.000000,-0.223852,,-0.087164,0.000000,,,,0.008946,0.119580,1.500000,14.234616,48.592391,0.000000,circle,预设轨迹15,forward
1775480148.460246,12.813929,1775480186.787776|完整运动,完整运动,circle_orbit,1,1.000000,1.500000,1.500000,,,,,,,,,,,,,,,,1.195288,-0.009464,1.170364,-0.002293,0.000000,0.000000,-0.225044,,-0.086008,0.000000,,,,0.007918,0.119538,1.500000,14.258977,48.568029,0.000000,circle,预设轨迹15,forward
1775480148.493234,12.846917,1775480186.787776|完整运动,完整运动,circle_orbit,1,1.000000,1.500000,1.500000,,,,,,,,,,,,,,,,1.194927,-0.008334,1.173232,-0.001756,0.000000,0.000000,-0.226200,,-0.083588,0.000000,,,,0.006974,0.119502,1.500000,14.283715,48.543292,0.000000,circle,预设轨迹15,forward
1775480148.517948,12.871631,1775480186.787776|完整运动,完整运动,circle_orbit,1,1.000000,1.500000,1.500000,,,,,,,,,,,,,,,,1.194660,-0.008413,1.178669,-0.008873,0.000000,0.000000,-0.228284,,-0.079068,0.000000,,,,0.007042,0.119475,1.500000,14.333151,48.493855,0.000000,circle,预设轨迹15,forward
1775480148.540378,12.894061,1775480186.787776|完整运动,完整运动,circle_orbit,1,1.000000,1.500000,1.500000,,,,,,,,,,,,,,,,1.194442,-0.007553,1.181323,-0.002547,0.000000,0.000000,-0.229534,,-0.076781,0.000000,,,,0.006323,0.119453,1.500000,14.357931,48.469076,0.000000,circle,预设轨迹15,forward
1775480148.570220,12.923902,1775480186.787776|完整运动,完整运动,circle_orbit,1,1.000000,1.500000,1.500000,,,,,,,,,,,,,,,,1.194263,-0.006877,1.183561,-0.002946,0.000000,0.000000,-0.230856,,-0.074751,0.000000,,,,0.005759,0.119436,1.500000,14.382647,48.444360,0.000000,circle,预设轨迹15,forward
1775480148.592599,12.946281,1775480186.787776|完整运动,完整运动,circle_orbit,1,1.000000,1.500000,1.500000,,,,,,,,,,,,,,,,1.194122,-0.006193,1.185653,-0.002206,0.000000,0.000000,-0.232103,,-0.072855,0.000000,,,,0.005186,0.119421,1.500000,14.407244,48.419762,0.000000,circle,预设轨迹15,forward
1775480148.613274,12.966957,1775480186.787776|完整运动,完整运动,circle_orbit,1,1.000000,1.500000,1.500000,,,,,,,,,,,,,,,,1.194074,-0.007367,1.191170,-0.014203,0.000000,0.000000,-0.234880,,-0.068082,0.000000,,,,0.006170,0.119417,1.500000,14.456868,48.370138,0.000000,circle,预设轨迹15,forward
1775480148.635286,12.988969,1775480186.787776|完整运动,完整运动,circle_orbit,1,1.000000,1.500000,1.500000,,,,,,,,,,,,,,,,1.194026,-0.005241,1.191170,0.007133,0.000000,0.000000,-0.234880,,-0.068082,0.000000,,,,0.004389,0.119412,1.500000,14.456868,48.370138,0.000000,circle,预设轨迹15,forward
1775480148.666577,13.020259,1775480186.787776|完整运动,完整运动,circle_orbit,1,1.000000,1.500000,1.500000,,,,,,,,,,,,,,,,1.194076,-0.006207,1.197059,-0.011832,0.000000,0.000000,-0.237382,,-0.063209,0.000000,,,,0.005198,0.119417,1.500000,14.507065,48.319942,0.000000,circle,预设轨迹15,forward
1775480148.694964,13.048647,1775480186.787776|完整运动,完整运动,circle_orbit,1,1.000000,1.500000,1.500000,,,,,,,,,,,,,,,,1.194218,-0.006596,1.202765,-0.008859,0.000000,0.000000,-0.239438,,-0.058671,0.000000,,,,0.005523,0.119431,1.500000,14.557452,48.269554,0.000000,circle,预设轨迹15,forward
1775480148.716412,13.070094,1775480186.787776|完整运动,完整运动,circle_orbit,1,1.000000,1.500000,1.500000,,,,,,,,,,,,,,,,1.194417,-0.005779,1.206314,-0.001019,0.000000,0.000000,-0.240471,,-0.055965,0.000000,,,,0.004838,0.119451,1.500000,14.582418,48.244588,0.000000,circle,预设轨迹15,forward
1775480148.740577,13.094260,1775480186.787776|完整运动,完整运动,circle_orbit,1,1.000000,1.500000,1.500000,,,,,,,,,,,,,,,,1.194663,-0.005138,1.209431,-0.001409,0.000000,0.000000,-0.241591,,-0.053514,0.000000,,,,0.004301,0.119475,1.500000,14.607336,48.219671,0.000000,circle,预设轨迹15,forward
1775480148.772584,13.126267,1775480186.787776|完整运动,完整运动,circle_orbit,1,1.000000,1.500000,1.500000,,,,,,,,,,,,,,,,1.194958,-0.004608,1.212674,-0.001523,0.000000,0.000000,-0.242756,,-0.050975,0.000000,,,,0.003856,0.119505,1.500000,14.632155,48.194851,0.000000,circle,预设轨迹15,forward
1775480148.798813,13.152496,1775480186.787776|完整运动,完整运动,circle_orbit,1,1.000000,1.500000,1.500000,,,,,,,,,,,,,,,,1.195341,-0.005151,1.218331,-0.008316,0.000000,0.000000,-0.244802,,-0.046567,0.000000,,,,0.004310,0.119543,1.500000,14.681937,48.145070,0.000000,circle,预设轨迹15,forward
1775480148.819403,13.173086,1775480186.787776|完整运动,完整运动,circle_orbit,1,1.000000,1.500000,1.500000,,,,,,,,,,,,,,,,1.195768,-0.004401,1.221353,-0.000032,0.000000,0.000000,-0.245768,,-0.044277,0.000000,,,,0.003680,0.119586,1.500000,14.706954,48.120053,0.000000,circle,预设轨迹15,forward
1775480148.847338,13.201020,1775480186.787776|完整运动,完整运动,circle_orbit,1,1.000000,1.500000,1.500000,,,,,,,,,,,,,,,,1.196240,-0.003456,1.224607,0.002040,0.000000,0.000000,-0.246515,,-0.041938,0.000000,,,,0.002889,0.119633,1.500000,14.731876,48.095130,0.000000,circle,预设轨迹15,forward
1775480148.871878,13.225561,1775480186.787776|完整运动,完整运动,circle_orbit,1,1.000000,1.500000,1.500000,,,,,,,,,,,,,,,,1.196756,-0.002257,1.227673,0.004720,0.000000,0.000000,-0.246983,,-0.039839,0.000000,,,,0.001886,0.119685,1.500000,14.756769,48.070238,0.000000,circle,预设轨迹15,forward
1775480148.904546,13.258228,1775480186.787776|完整运动,完整运动,circle_orbit,1,1.000000,1.500000,1.500000,,,,,,,,,,,,,,,,1.197370,-0.000963,1.234234,0.006565,0.000000,0.000000,-0.247303,,-0.035651,0.000000,,,,0.000804,0.119746,1.500000,14.805996,48.021011,0.000000,circle,预设轨迹15,forward
1775480148.930784,13.284467,1775480186.787776|完整运动,完整运动,circle_orbit,1,1.000000,1.500000,1.500000,,,,,,,,,,,,,,,,1.198106,0.001025,1.242243,0.012585,0.000000,0.000000,-0.246963,,-0.030890,0.000000,,,,0.000856,0.119820,1.500000,14.854966,47.972040,0.000000,circle,预设轨迹15,forward
1775480148.951200,13.304883,1775480186.787776|完整运动,完整运动,circle_orbit,1,1.000000,1.500000,1.500000,,,,,,,,,,,,,,,,1.198898,0.002491,1.246449,0.011011,0.000000,0.000000,-0.246961,,-0.028345,0.000000,,,,0.002078,0.119899,1.500000,14.879531,47.947475,0.000000,circle,预设轨迹15,forward
1775480148.982529,13.336212,1775480186.787776|完整运动,完整运动,circle_orbit,1,1.000000,1.500000,1.500000,,,,,,,,,,,,,,,,1.199741,0.003657,1.250336,0.010434,0.000000,0.000000,-0.247143,,-0.025934,0.000000,,,,0.003048,0.119983,1.500000,14.904214,47.922793,0.000000,circle,预设轨迹15,forward
1775480149.004562,13.358245,1775480186.787776|完整运动,完整运动,circle_orbit,1,1.000000,1.500000,1.500000,,,,,,,,,,,,,,,,1.200623,0.004962,1.253490,0.012547,0.000000,0.000000,-0.247154,,-0.024043,0.000000,,,,0.004133,0.120072,1.500000,14.928837,47.898170,0.000000,circle,预设轨迹15,forward
1775480149.024874,13.378557,1775480186.787776|完整运动,完整运动,circle_orbit,1,1.000000,1.500000,1.500000,,,,,,,,,,,,,,,,1.201632,0.006064,1.262214,0.012466,0.000000,0.000000,-0.247290,,-0.018819,0.000000,,,,0.005046,0.120173,1.500000,14.978149,47.848857,0.000000,circle,预设轨迹15,forward
1775480149.047158,13.400841,1775480186.787776|完整运动,完整运动,circle_orbit,1,1.000000,1.500000,1.500000,,,,,,,,,,,,,,,,1.202625,0.007270,1.262214,0.014279,0.000000,0.000000,-0.247290,,-0.018819,0.000000,,,,0.006045,0.120272,1.500000,14.978149,47.848857,0.000000,circle,预设轨迹15,forward
1775480149.071515,13.425197,1775480186.787776|完整运动,完整运动,circle_orbit,1,1.000000,1.500000,1.500000,,,,,,,,,,,,,,,,1.203738,0.008804,1.270500,0.017712,0.000000,0.000000,-0.246971,,-0.014103,0.000000,,,,0.007314,0.120383,1.500000,15.027906,47.799101,0.000000,circle,预设轨迹15,forward
1775480149.092635,13.446318,1775480186.787776|完整运动,完整运动,circle_orbit,1,1.000000,1.500000,1.500000,,,,,,,,,,,,,,,,1.204901,0.010343,1.274657,0.019277,0.000000,0.000000,-0.246586,,-0.011850,0.000000,,,,0.008584,0.120499,1.500000,15.053006,47.774001,0.000000,circle,预设轨迹15,forward
1775480149.124156,13.477839,1775480186.787776|完整运动,完整运动,circle_orbit,1,1.000000,1.500000,1.500000,,,,,,,,,,,,,,,,1.206117,0.011871,1.279121,0.020737,0.000000,0.000000,-0.246152,,-0.009457,0.000000,,,,0.009842,0.120621,1.500000,15.078166,47.748840,0.000000,circle,预设轨迹15,forward
1775480149.150234,13.503917,1775480186.787776|完整运动,完整运动,circle_orbit,1,1.000000,1.500000,1.500000,,,,,,,,,,,,,,,,1.207402,0.013012,1.284460,0.019635,0.000000,0.000000,-0.245992,,-0.006474,0.000000,,,,0.010777,0.120749,1.500000,15.103181,47.723826,0.000000,circle,预设轨迹15,forward
1775480149.170841,13.524523,1775480186.787776|完整运动,完整运动,circle_orbit,1,1.000000,1.500000,1.500000,,,,,,,,,,,,,,,,1.208814,0.014339,1.293517,0.022036,0.000000,0.000000,-0.245650,,-0.001501,0.000000,,,,0.011862,0.120891,1.500000,15.152922,47.674084,0.000000,circle,预设轨迹15,forward
1775480149.192754,13.546437,1775480186.787776|完整运动,完整运动,circle_orbit,1,1.000000,1.500000,1.500000,,,,,,,,,,,,,,,,1.210202,0.015211,1.293517,0.020263,0.000000,0.000000,-0.245650,,-0.001501,0.000000,,,,0.012569,0.121030,1.500000,15.152922,47.674084,0.000000,circle,预设轨迹15,forward
1775480149.222255,13.575937,1775480186.787776|完整运动,完整运动,circle_orbit,1,1.000000,1.500000,1.500000,,,,,,,,,,,,,,,,1.211517,0.015895,1.290390,0.019860,0.000000,0.000000,-0.245802,,0.003196,0.000000,,,,0.013120,0.121161,1.500000,15.202993,47.624013,0.000000,circle,预设轨迹15,forward
1775480149.242751,13.596434,1775480186.787776|完整运动,完整运动,circle_orbit,1,1.000000,1.500000,1.500000,,,,,,,,,,,,,,,,1.212755,0.016817,1.287031,0.022161,0.000000,0.000000,-0.245749,,0.005114,0.000000,,,,0.013867,0.121285,1.500000,15.228270,47.598737,0.000000,circle,预设轨迹15,forward
1775480149.264107,13.617790,1775480186.787776|完整运动,完整运动,circle_orbit,1,1.000000,1.500000,1.500000,,,,,,,,,,,,,,,,1.213912,0.017870,1.283365,0.023972,0.000000,0.000000,-0.245568,,0.007267,0.000000,,,,0.014721,0.121401,1.500000,15.253518,47.573489,0.000000,circle,预设轨迹15,forward
1775480149.294471,13.648154,1775480186.787776|完整运动,完整运动,circle_orbit,1,1.000000,1.500000,1.500000,,,,,,,,,,,,,,,,1.214996,0.019031,1.280049,0.025756,0.000000,0.000000,-0.245269,,0.009279,0.000000,,,,0.015664,0.121509,1.500000,15.278791,47.548216,0.000000,circle,预设轨迹15,forward
1775480149.314854,13.668537,1775480186.787776|完整运动,完整运动,circle_orbit,1,1.000000,1.500000,1.500000,,,,,,,,,,,,,,,,1.215963,0.021273,1.273970,0.034251,0.000000,0.000000,-0.244028,,0.013270,0.000000,,,,0.017495,0.121606,1.500000,15.328796,47.498211,0.000000,circle,预设轨迹15,forward
1775480149.341932,13.695615,1775480186.787776|完整运动,完整运动,circle_orbit,1,1.000000,1.500000,1.500000,,,,,,,,,,,,,,,,1.216855,0.022932,1.270384,0.032540,0.000000,0.000000,-0.243187,,0.015683,0.000000,,,,0.018846,0.121695,1.500000,15.353844,47.473162,0.000000,circle,预设轨迹15,forward
1775480149.378891,13.732574,1775480186.787776|完整运动,完整运动,circle_orbit,1,1.000000,1.500000,1.500000,,,,,,,,,,,,,,,,1.217677,0.024570,1.266978,0.034046,0.000000,0.000000,-0.242310,,0.018018,0.000000,,,,0.020177,0.121777,1.500000,15.378939,47.448067,0.000000,circle,预设轨迹15,forward
1775480149.404990,13.758673,1775480186.787776|完整运动,完整运动,circle_orbit,1,1.000000,1.500000,1.500000,,,,,,,,,,,,,,,,1.218361,0.026433,1.259378,0.037217,0.000000,0.000000,-0.241196,,0.022929,0.000000,,,,0.021696,0.121845,1.500000,15.429360,47.397646,0.000000,circle,预设轨迹15,forward
1775480149.430750,13.784433,1775480186.787776|完整运动,完整运动,circle_orbit,1,1.000000,1.500000,1.500000,,,,,,,,,,,,,,,,1.218938,0.028583,1.253571,0.041024,0.000000,0.000000,-0.239780,,0.026944,0.000000,,,,0.023449,0.121903,1.500000,15.479744,47.347263,0.000000,circle,预设轨迹15,forward
1775480149.453322,13.807005,1775480186.787776|完整运动,完整运动,circle_orbit,1,1.000000,1.500000,1.500000,,,,,,,,,,,,,,,,1.219447,0.029720,1.249995,0.036297,0.000000,0.000000,-0.239143,,0.029338,0.000000,,,,0.024372,0.121954,1.500000,15.505004,47.322003,0.000000,circle,预设轨迹15,forward
1775480149.485978,13.839661,1775480186.787776|完整运动,完整运动,circle_orbit,1,1.000000,1.500000,1.500000,,,,,,,,,,,,,,,,1.219900,0.031031,1.247091,0.038614,0.000000,0.000000,-0.238345,,0.031404,0.000000,,,,0.025437,0.121999,1.500000,15.530317,47.296689,0.000000,circle,预设轨迹15,forward
1775480149.516076,13.869758,1775480186.787776|完整运动,完整运动,circle_orbit,1,1.000000,1.500000,1.500000,,,,,,,,,,,,,,,,1.220291,0.032422,1.243749,0.040470,0.000000,0.000000,-0.237453,,0.033781,0.000000,,,,0.026569,0.122039,1.500000,15.555932,47.271075,0.000000,circle,预设轨迹15,forward
1775480149.546865,13.900548,1775480186.787776|完整运动,完整运动,circle_orbit,1,1.000000,1.500000,1.500000,,,,,,,,,,,,,,,,1.220571,0.035008,1.237370,0.049964,0.000000,0.000000,-0.235525,,0.038438,0.000000,,,,0.028682,0.122067,1.500000,15.607200,47.219807,0.000000,circle,预设轨迹15,forward
1775480149.567793,13.921476,1775480186.787776|完整运动,完整运动,circle_orbit,1,1.000000,1.500000,1.500000,,,,,,,,,,,,,,,,1.220793,0.036235,1.234125,0.043329,0.000000,0.000000,-0.234647,,0.040781,0.000000,,,,0.029682,0.122089,1.500000,15.632652,47.194354,0.000000,circle,预设轨迹15,forward
1775480149.590345,13.944027,1775480186.787776|完整运动,完整运动,circle_orbit,1,1.000000,1.500000,1.500000,,,,,,,,,,,,,,,,1.220909,0.038312,1.227854,0.050324,0.000000,0.000000,-0.233038,,0.045305,0.000000,,,,0.031380,0.122100,1.500000,15.683466,47.143540,0.000000,circle,预设轨迹15,forward
1775480149.621474,13.975157,1775480186.787776|完整运动,完整运动,circle_orbit,1,1.000000,1.500000,1.500000,,,,,,,,,,,,,,,,1.220977,0.039441,1.225026,0.045972,0.000000,0.000000,-0.232164,,0.047417,0.000000,,,,0.032303,0.122107,1.500000,15.708985,47.118022,0.000000,circle,预设轨迹15,forward
1775480149.656108,14.009790,1775480186.787776|完整运动,完整运动,circle_orbit,1,1.000000,1.500000,1.500000,,,,,,,,,,,,,,,,1.221005,0.040846,1.222708,0.048968,0.000000,0.000000,-0.231048,,0.049314,0.000000,,,,0.033453,0.122110,1.500000,15.734578,47.092428,0.000000,circle,预设轨迹15,forward
1775480149.688277,14.041960,1775480186.787776|完整运动,完整运动,circle_orbit,1,1.000000,1.500000,1.500000,,,,,,,,,,,,,,,,1.220958,0.044111,1.218169,0.062991,0.000000,0.000000,-0.228337,,0.053256,0.000000,,,,0.036128,0.122105,1.500000,15.785526,47.041480,0.000000,circle,预设轨迹15,forward
1775480149.711143,14.064826,1775480186.787776|完整运动,完整运动,circle_orbit,1,1.000000,1.500000,1.500000,,,,,,,,,,,,,,,,1.220881,0.045743,1.216231,0.055182,0.000000,0.000000,-0.226870,,0.055069,0.000000,,,,0.037467,0.122098,1.500000,15.810728,47.016278,0.000000,circle,预设轨迹15,forward
1775480149.731502,14.085185,1775480186.787776|完整运动,完整运动,circle_orbit,1,1.000000,1.500000,1.500000,,,,,,,,,,,,,,,,1.220736,0.049504,1.212023,0.071256,0.000000,0.000000,-0.223574,,0.059063,0.000000,,,,0.040553,0.122083,1.500000,15.861072,46.965935,0.000000,circle,预设轨迹15,forward
1775480149.756757,14.110440,1775480186.787776|完整运动,完整运动,circle_orbit,1,1.000000,1.500000,1.500000,,,,,,,,,,,,,,,,1.220562,0.051401,1.210113,0.062374,0.000000,0.000000,-0.221697,,0.061035,0.000000,,,,0.042113,0.122066,1.500000,15.886239,46.940767,0.000000,circle,预设轨迹15,forward
1775480149.779538,14.133220,1775480186.787776|完整运动,完整运动,circle_orbit,1,1.000000,1.500000,1.500000,,,,,,,,,,,,,,,,1.220359,0.053103,1.208227,0.062949,0.000000,0.000000,-0.219945,,0.062945,0.000000,,,,0.043515,0.122045,1.500000,15.911565,46.915441,0.000000,circle,预设轨迹15,forward
1775480149.800102,14.153785,1775480186.787776|完整运动,完整运动,circle_orbit,1,1.000000,1.500000,1.500000,,,,,,,,,,,,,,,,1.220118,0.054614,1.205636,0.063353,0.000000,0.000000,-0.218327,,0.065261,0.000000,,,,0.044761,0.122021,1.500000,15.936961,46.890046,0.000000,circle,预设轨迹15,forward
1775480149.825898,14.179581,1775480186.787776|完整运动,完整运动,circle_orbit,1,1.000000,1.500000,1.500000,,,,,,,,,,,,,,,,1.219856,0.056240,1.204129,0.065646,0.000000,0.000000,-0.216593,,0.066927,0.000000,,,,0.046104,0.121995,1.500000,15.962419,46.864588,0.000000,circle,预设轨迹15,forward
1775480149.847256,14.200938,1775480186.787776|完整运动,完整运动,circle_orbit,1,1.000000,1.500000,1.500000,,,,,,,,,,,,,,,,1.219572,0.057895,1.202540,0.067470,0.000000,0.000000,-0.214809,,0.068669,0.000000,,,,0.047472,0.121967,1.500000,15.987770,46.839237,0.000000,circle,预设轨迹15,forward
1775480149.867578,14.221261,1775480186.787776|完整运动,完整运动,circle_orbit,1,1.000000,1.500000,1.500000,,,,,,,,,,,,,,,,1.219237,0.061729,1.199109,0.083909,0.000000,0.000000,-0.211160,,0.072360,0.000000,,,,0.050629,0.121933,1.500000,16.038473,46.788534,0.000000,circle,预设轨迹15,forward
1775480149.893093,14.246776,1775480186.787776|完整运动,完整运动,circle_orbit,1,1.000000,1.500000,1.500000,,,,,,,,,,,,,,,,1.218907,0.061061,1.199109,0.057193,0.000000,0.000000,-0.211160,,0.072360,0.000000,,,,0.050095,0.121900,1.500000,16.038473,46.788534,0.000000,circle,预设轨迹15,forward
1775480149.915972,14.269655,1775480186.787776|完整运动,完整运动,circle_orbit,1,1.000000,1.500000,1.500000,,,,,,,,,,,,,,,,1.218529,0.065727,1.195853,0.092731,0.000000,0.000000,-0.206766,,0.076246,0.000000,,,,0.053940,0.121862,1.500000,16.089520,46.737486,0.000000,circle,预设轨迹15,forward
1775480149.936429,14.290111,1775480186.787776|完整运动,完整运动,circle_orbit,1,1.000000,1.500000,1.500000,,,,,,,,,,,,,,,,1.218138,0.067912,1.194709,0.080555,0.000000,0.000000,-0.204267,,0.077997,0.000000,,,,0.055751,0.121823,1.500000,16.114978,46.712029,0.000000,circle,预设轨迹15,forward
1775480149.963565,14.317248,1775480186.787776|完整运动,完整运动,circle_orbit,1,1.000000,1.500000,1.500000,,,,,,,,,,,,,,,,1.217730,0.069847,1.193253,0.081043,0.000000,0.000000,-0.201931,,0.079888,0.000000,,,,0.057358,0.121782,1.500000,16.140309,46.686697,0.000000,circle,预设轨迹15,forward
1775480149.984779,14.338462,1775480186.787776|完整运动,完整运动,circle_orbit,1,1.000000,1.500000,1.500000,,,,,,,,,,,,,,,,1.217303,0.071716,1.191692,0.082533,0.000000,0.000000,-0.199618,,0.081843,0.000000,,,,0.058913,0.121740,1.500000,16.165525,46.661482,0.000000,circle,预设轨迹15,forward
1775480150.005082,14.358764,1775480186.787776|完整运动,完整运动,circle_orbit,1,1.000000,1.500000,1.500000,,,,,,,,,,,,,,,,1.216836,0.076180,1.188803,0.102022,0.000000,0.000000,-0.195082,,0.085569,0.000000,,,,0.062605,0.121693,1.500000,16.216167,46.610840,0.000000,circle,预设轨迹15,forward
1775480150.030392,14.384074,1775480186.787776|完整运动,完整运动,circle_orbit,1,1.000000,1.500000,1.500000,,,,,,,,,,,,,,,,1.216377,0.075069,1.188803,0.068636,0.000000,0.000000,-0.195082,,0.085569,0.000000,,,,0.061715,0.121647,1.500000,16.216167,46.610840,0.000000,circle,预设轨迹15,forward
1775480150.051728,14.405410,1775480186.787776|完整运动,完整运动,circle_orbit,1,1.000000,1.500000,1.500000,,,,,,,,,,,,,,,,1.215907,0.080027,1.187729,0.108738,0.000000,0.000000,-0.190097,,0.088277,0.000000,,,,0.065817,0.121600,1.500000,16.267125,46.559882,0.000000,circle,预设轨迹15,forward
1775480150.072022,14.425704,1775480186.787776|完整运动,完整运动,circle_orbit,1,1.000000,1.500000,1.500000,,,,,,,,,,,,,,,,1.215435,0.082040,1.187144,0.093696,0.000000,0.000000,-0.187394,,0.089747,0.000000,,,,0.067498,0.121553,1.500000,16.292525,46.534481,0.000000,circle,预设轨迹15,forward
1775480150.098278,14.451961,1775480186.787776|完整运动,完整运动,circle_orbit,1,1.000000,1.500000,1.500000,,,,,,,,,,,,,,,,1.214972,0.080824,1.187144,0.073783,0.000000,0.000000,-0.187394,,0.089747,0.000000,,,,0.066524,0.121507,1.500000,16.292525,46.534481,0.000000,circle,预设轨迹15,forward
1775480150.119716,14.473398,1775480186.787776|完整运动,完整运动,circle_orbit,1,1.000000,1.500000,1.500000,,,,,,,,,,,,,,,,1.214501,0.086535,1.186241,0.119616,0.000000,0.000000,-0.181685,,0.092632,0.000000,,,,0.071252,0.121459,1.500000,16.342723,46.484284,0.000000,circle,预设轨迹15,forward
1775480150.140161,14.493844,1775480186.787776|完整运动,完整运动,circle_orbit,1,1.000000,1.500000,1.500000,,,,,,,,,,,,,,,,1.214030,0.088898,1.185790,0.102580,0.000000,0.000000,-0.178557,,0.094184,0.000000,,,,0.073225,0.121412,1.500000,16.367710,46.459296,0.000000,circle,预设轨迹15,forward
1775480150.164266,14.517949,1775480186.787776|完整运动,完整运动,circle_orbit,1,1.000000,1.500000,1.500000,,,,,,,,,,,,,,,,1.213556,0.091310,1.185144,0.105286,0.000000,0.000000,-0.175338,,0.095903,0.000000,,,,0.075242,0.121365,1.500000,16.392672,46.434334,0.000000,circle,预设轨迹15,forward
1775480150.191069,14.544752,1775480186.787776|完整运动,完整运动,circle_orbit,1,1.000000,1.500000,1.500000,,,,,,,,,,,,,,,,1.213083,0.093541,1.184678,0.106468,0.000000,0.000000,-0.172223,,0.097460,0.000000,,,,0.077110,0.121318,1.500000,16.417739,46.409267,0.000000,circle,预设轨迹15,forward
1775480150.223180,14.576862,1775480186.787776|完整运动,完整运动,circle_orbit,1,1.000000,1.500000,1.500000,,,,,,,,,,,,,,,,1.212599,0.098315,1.183575,0.125980,0.000000,0.000000,-0.166916,,0.100320,0.000000,,,,0.081078,0.121269,1.500000,16.468123,46.358883,0.000000,circle,预设轨迹15,forward
1775480150.253654,14.607337,1775480186.787776|完整运动,完整运动,circle_orbit,1,1.000000,1.500000,1.500000,,,,,,,,,,,,,,,,1.212136,0.103468,1.184331,0.133332,0.000000,0.000000,-0.161100,,0.102141,0.000000,,,,0.085360,0.121223,1.500000,16.518205,46.308801,0.000000,circle,预设轨迹15,forward
1775480150.274237,14.627920,1775480186.787776|完整运动,完整运动,circle_orbit,1,1.000000,1.500000,1.500000,,,,,,,,,,,,,,,,1.211671,0.104895,1.183808,0.113163,0.000000,0.000000,-0.158248,,0.103632,0.000000,,,,0.086570,0.121176,1.500000,16.543265,46.283741,0.000000,circle,预设轨迹15,forward
1775480150.296565,14.650248,1775480186.787776|完整运动,完整运动,circle_orbit,1,1.000000,1.500000,1.500000,,,,,,,,,,,,,,,,1.211208,0.106450,1.183427,0.115467,0.000000,0.000000,-0.155314,,0.105060,0.000000,,,,0.087888,0.121130,1.500000,16.568471,46.258536,0.000000,circle,预设轨迹15,forward
1775480150.321068,14.674751,1775480186.787776|完整运动,完整运动,circle_orbit,1,1.000000,1.500000,1.500000,,,,,,,,,,,,,,,,1.210759,0.108197,1.183811,0.118321,0.000000,0.000000,-0.152236,,0.106035,0.000000,,,,0.089363,0.121085,1.500000,16.593792,46.233214,0.000000,circle,预设轨迹15,forward
1775480150.341619,14.695301,1775480186.787776|完整运动,完整运动,circle_orbit,1,1.000000,1.500000,1.500000,,,,,,,,,,,,,,,,1.210327,0.110087,1.184363,0.121049,0.000000,0.000000,-0.149036,,0.106946,0.000000,,,,0.090957,0.121042,1.500000,16.619047,46.207960,0.000000,circle,预设轨迹15,forward
1775480150.366057,14.719739,1775480186.787776|完整运动,完整运动,circle_orbit,1,1.000000,1.500000,1.500000,,,,,,,,,,,,,,,,1.209904,0.111767,1.184521,0.121507,0.000000,0.000000,-0.146006,,0.108052,0.000000,,,,0.092377,0.121000,1.500000,16.644132,46.182874,0.000000,circle,预设轨迹15,forward
1775480150.395325,14.749008,1775480186.787776|完整运动,完整运动,circle_orbit,1,1.000000,1.500000,1.500000,,,,,,,,,,,,,,,,1.209485,0.116561,1.184378,0.144364,0.000000,0.000000,-0.140334,,0.110416,0.000000,,,,0.096373,0.120958,1.500000,16.694100,46.132906,0.000000,circle,预设轨迹15,forward
1775480150.415886,14.769569,1775480186.787776|完整运动,完整运动,circle_orbit,1,1.000000,1.500000,1.500000,,,,,,,,,,,,,,,,1.209077,0.117720,1.184617,0.124440,0.000000,0.000000,-0.137568,,0.111364,0.000000,,,,0.097363,0.120917,1.500000,16.719185,46.107822,0.000000,circle,预设轨迹15,forward
1775480150.436352,14.790035,1775480186.787776|完整运动,完整运动,circle_orbit,1,1.000000,1.500000,1.500000,,,,,,,,,,,,,,,,1.208683,0.118981,1.185019,0.126295,0.000000,0.000000,-0.134754,,0.112221,0.000000,,,,0.098438,0.120878,1.500000,16.744242,46.082765,0.000000,circle,预设轨迹15,forward
1775480150.457758,14.811441,1775480186.787776|完整运动,完整运动,circle_orbit,1,1.000000,1.500000,1.500000,,,,,,,,,,,,,,,,1.208310,0.120430,1.185910,0.128837,0.000000,0.000000,-0.131807,,0.112806,0.000000,,,,0.099668,0.120840,1.500000,16.769456,46.057550,0.000000,circle,预设轨迹15,forward
1775480150.478249,14.831932,1775480186.787776|完整运动,完整运动,circle_orbit,1,1.000000,1.500000,1.500000,,,,,,,,,,,,,,,,1.207960,0.122090,1.186968,0.131721,0.000000,0.000000,-0.128693,,0.113346,0.000000,,,,0.101072,0.120805,1.500000,16.794384,46.032622,0.000000,circle,预设轨迹15,forward
1775480150.502173,14.855856,1775480186.787776|完整运动,完整运动,circle_orbit,1,1.000000,1.500000,1.500000,,,,,,,,,,,,,,,,1.207645,0.123911,1.188766,0.134473,0.000000,0.000000,-0.125439,,0.113453,0.000000,,,,0.102605,0.120774,1.500000,16.819219,46.007788,0.000000,circle,预设轨迹15,forward
1775480150.531199,14.884882,1775480186.787776|完整运动,完整运动,circle_orbit,1,1.000000,1.500000,1.500000,,,,,,,,,,,,,,,,1.207353,0.125671,1.189836,0.135883,0.000000,0.000000,-0.122223,,0.114031,0.000000,,,,0.104088,0.120745,1.500000,16.843964,45.983043,0.000000,circle,预设轨迹15,forward
1775480150.551650,14.905332,1775480186.787776|完整运动,完整运动,circle_orbit,1,1.000000,1.500000,1.500000,,,,,,,,,,,,,,,,1.207121,0.131615,1.193191,0.166107,0.000000,0.000000,-0.115438,,0.114529,0.000000,,,,0.109032,0.120721,1.500000,16.893006,45.934000,0.000000,circle,预设轨迹15,forward
1775480150.586755,14.940438,1775480186.787776|完整运动,完整运动,circle_orbit,1,1.000000,1.500000,1.500000,,,,,,,,,,,,,,,,1.206910,0.133214,1.194253,0.142490,0.000000,0.000000,-0.112091,,0.115170,0.000000,,,,0.110376,0.120700,1.500000,16.917490,45.909517,0.000000,circle,预设轨迹15,forward
1775480150.613510,14.967193,1775480186.787776|完整运动,完整运动,circle_orbit,1,1.000000,1.500000,1.500000,,,,,,,,,,,,,,,,1.206730,0.134787,1.195907,0.143917,0.000000,0.000000,-0.108776,,0.115410,0.000000,,,,0.111696,0.120682,1.500000,16.941851,45.885156,0.000000,circle,预设轨迹15,forward
1775480150.633873,14.987556,1775480186.787776|完整运动,完整运动,circle_orbit,1,1.000000,1.500000,1.500000,,,,,,,,,,,,,,,,1.206617,0.140266,1.199856,0.172064,0.000000,0.000000,-0.102150,,0.115481,0.000000,,,,0.116248,0.120671,1.500000,16.990811,45.836196,0.000000,circle,预设轨迹15,forward
1775480150.661325,15.015008,1775480186.787776|完整运动,完整运动,circle_orbit,1,1.000000,1.500000,1.500000,,,,,,,,,,,,,,,,1.206537,0.141372,1.201750,0.147789,0.000000,0.000000,-0.099021,,0.115500,0.000000,,,,0.117172,0.120663,1.500000,17.015356,45.811651,0.000000,circle,预设轨迹15,forward
1775480150.692809,15.046491,1775480186.787776|完整运动,完整运动,circle_orbit,1,1.000000,1.500000,1.500000,,,,,,,,,,,,,,,,1.206493,0.142480,1.203833,0.148909,0.000000,0.000000,-0.095938,,0.115385,0.000000,,,,0.118094,0.120659,1.500000,17.039761,45.787245,0.000000,circle,预设轨迹15,forward
1775480150.723707,15.077390,1775480186.787776|完整运动,完整运动,circle_orbit,1,1.000000,1.500000,1.500000,,,,,,,,,,,,,,,,1.206517,0.147486,1.207973,0.176537,0.000000,0.000000,-0.089580,,0.115259,0.000000,,,,0.122241,0.120661,1.500000,17.089021,45.737985,0.000000,circle,预设轨迹15,forward
1775480150.752313,15.105995,1775480186.787776|完整运动,完整运动,circle_orbit,1,1.000000,1.500000,1.500000,,,,,,,,,,,,,,,,1.206591,0.148883,1.211044,0.156988,0.000000,0.000000,-0.086099,,0.114683,0.000000,,,,0.123391,0.120668,1.500000,17.113665,45.713341,0.000000,circle,预设轨迹15,forward
1775480150.772720,15.126403,1775480186.787776|完整运动,完整运动,circle_orbit,1,1.000000,1.500000,1.500000,,,,,,,,,,,,,,,,1.206735,0.154027,1.215342,0.183878,0.000000,0.000000,-0.079462,,0.114601,0.000000,,,,0.127639,0.120683,1.500000,17.162699,45.664308,0.000000,circle,预设轨迹15,forward
1775480150.793732,15.147414,1775480186.787776|完整运动,完整运动,circle_orbit,1,1.000000,1.500000,1.500000,,,,,,,,,,,,,,,,1.206917,0.154959,1.217870,0.160371,0.000000,0.000000,-0.076213,,0.114299,0.000000,,,,0.128393,0.120701,1.500000,17.187164,45.639843,0.000000,circle,预设轨迹15,forward
1775480150.818082,15.171764,1775480186.787776|完整运动,完整运动,circle_orbit,1,1.000000,1.500000,1.500000,,,,,,,,,,,,,,,,1.207133,0.155851,1.220066,0.161028,0.000000,0.000000,-0.073062,,0.114174,0.000000,,,,0.129109,0.120723,1.500000,17.211695,45.615311,0.000000,circle,预设轨迹15,forward
1775480150.839031,15.192714,1775480186.787776|完整运动,完整运动,circle_orbit,1,1.000000,1.500000,1.500000,,,,,,,,,,,,,,,,1.207388,0.156708,1.222706,0.161675,0.000000,0.000000,-0.070000,,0.113740,0.000000,,,,0.129790,0.120748,1.500000,17.236270,45.590736,0.000000,circle,预设轨迹15,forward
1775480150.875949,15.229632,1775480186.787776|完整运动,完整运动,circle_orbit,1,1.000000,1.500000,1.500000,,,,,,,,,,,,,,,,1.207744,0.161312,1.229068,0.188028,0.000000,0.000000,-0.063806,,0.112249,0.000000,,,,0.133565,0.120784,1.500000,17.285654,45.541353,0.000000,circle,预设轨迹15,forward
1775480150.899075,15.252758,1775480186.787776|完整运动,完整运动,circle_orbit,1,1.000000,1.500000,1.500000,,,,,,,,,,,,,,,,1.208151,0.162244,1.232615,0.167651,0.000000,0.000000,-0.060564,,0.111350,0.000000,,,,0.134292,0.120824,1.500000,17.310124,45.516883,0.000000,circle,预设轨迹15,forward
1775480150.921415,15.275098,1775480186.787776|完整运动,完整运动,circle_orbit,1,1.000000,1.500000,1.500000,,,,,,,,,,,,,,,,1.208604,0.163403,1.235751,0.170123,0.000000,0.000000,-0.057185,,0.110772,0.000000,,,,0.135200,0.120870,1.500000,17.334518,45.492489,0.000000,circle,预设轨迹15,forward
1775480150.953921,15.307604,1775480186.787776|完整运动,完整运动,circle_orbit,1,1.000000,1.500000,1.500000,,,,,,,,,,,,,,,,1.209151,0.168397,1.241958,0.197359,0.000000,0.000000,-0.050582,,0.109622,0.000000,,,,0.139269,0.120924,1.500000,17.383201,45.443805,0.000000,circle,预设轨迹15,forward
1775480150.979335,15.333017,1775480186.787776|完整运动,完整运动,circle_orbit,1,1.000000,1.500000,1.500000,,,,,,,,,,,,,,,,1.209760,0.169316,1.246306,0.174650,0.000000,0.000000,-0.047248,,0.108322,0.000000,,,,0.139959,0.120985,1.500000,17.407574,45.419432,0.000000,circle,预设轨迹15,forward
1775480151.015380,15.369062,1775480186.787776|完整运动,完整运动,circle_orbit,1,1.000000,1.500000,1.500000,,,,,,,,,,,,,,,,1.210432,0.170384,1.250787,0.176570,0.000000,0.000000,-0.043844,,0.106989,0.000000,,,,0.140763,0.121053,1.500000,17.431889,45.395118,0.000000,circle,预设轨迹15,forward
1775480151.040156,15.393839,1775480186.787776|完整运动,完整运动,circle_orbit,1,1.000000,1.500000,1.500000,,,,,,,,,,,,,,,,1.211253,0.175649,1.260486,0.206168,0.000000,0.000000,-0.036915,,0.103994,0.000000,,,,0.145014,0.121135,1.500000,17.480181,45.346826,0.000000,circle,预设轨迹15,forward
1775480151.060492,15.414175,1775480186.787776|完整运动,完整运动,circle_orbit,1,1.000000,1.500000,1.500000,,,,,,,,,,,,,,,,1.212137,0.176424,1.265163,0.180922,0.000000,0.000000,-0.033589,,0.102574,0.000000,,,,0.145548,0.121223,1.500000,17.504301,45.322706,0.000000,circle,预设轨迹15,forward
1775480151.085751,15.439434,1775480186.787776|完整运动,完整运动,circle_orbit,1,1.000000,1.500000,1.500000,,,,,,,,,,,,,,,,1.213136,0.180420,1.273123,0.203571,0.000000,0.000000,-0.027598,,0.100338,0.000000,,,,0.148722,0.121323,1.500000,17.552900,45.274106,0.000000,circle,预设轨迹15,forward
1775480151.121231,15.474914,1775480186.787776|完整运动,完整运动,circle_orbit,1,1.000000,1.500000,1.500000,,,,,,,,,,,,,,,,1.214199,0.180696,1.277972,0.182295,0.000000,0.000000,-0.024632,,0.098731,0.000000,,,,0.148819,0.121429,1.500000,17.577343,45.249663,0.000000,circle,预设轨迹15,forward
1775480151.153337,15.507020,1775480186.787776|完整运动,完整运动,circle_orbit,1,1.000000,1.500000,1.500000,,,,,,,,,,,,,,,,1.215403,0.184580,1.287629,0.207071,0.000000,0.000000,-0.018703,,0.095600,0.000000,,,,0.151867,0.121550,1.500000,17.626433,45.200574,0.000000,circle,预设轨迹15,forward
1775480151.178245,15.531928,1775480186.787776|完整运动,完整运动,circle_orbit,1,1.000000,1.500000,1.500000,,,,,,,,,,,,,,,,1.216661,0.184803,1.292166,0.186096,0.000000,0.000000,-0.015754,,0.094224,0.000000,,,,0.151894,0.121676,1.500000,17.651132,45.175875,0.000000,circle,预设轨迹15,forward
1775480151.198795,15.552478,1775480186.787776|完整运动,完整运动,circle_orbit,1,1.000000,1.500000,1.500000,,,,,,,,,,,,,,,,1.217966,0.185137,1.296259,0.187068,0.000000,0.000000,-0.012811,,0.093110,0.000000,,,,0.152005,0.121806,1.500000,17.675936,45.151071,0.000000,circle,预设轨迹15,forward
1775480151.221235,15.574918,1775480186.787776|完整运动,完整运动,circle_orbit,1,1.000000,1.500000,1.500000,,,,,,,,,,,,,,,,1.219342,0.185662,1.301859,0.188700,0.000000,0.000000,-0.009788,,0.091209,0.000000,,,,0.152264,0.121944,1.500000,17.700838,45.126169,0.000000,circle,预设轨迹15,forward
1775480151.243481,15.597164,1775480186.787776|完整运动,完整运动,circle_orbit,1,1.000000,1.500000,1.500000,,,,,,,,,,,,,,,,1.220794,0.186320,1.307928,0.190125,0.000000,0.000000,-0.006718,,0.089095,0.000000,,,,0.152622,0.122089,1.500000,17.725599,45.101407,0.000000,circle,预设轨迹15,forward
1775480151.263913,15.617596,1775480186.787776|完整运动,完整运动,circle_orbit,1,1.000000,1.500000,1.500000,,,,,,,,,,,,,,,,1.222404,0.190296,1.319036,0.213281,0.000000,0.000000,-0.000894,,0.085388,0.000000,,,,0.155674,0.122250,1.500000,17.774661,45.052345,0.000000,circle,预设轨迹15,forward
1775480151.287775,15.641458,1775480186.787776|完整运动,完整运动,circle_orbit,1,1.000000,1.500000,1.500000,,,,,,,,,,,,,,,,1.224036,0.190595,1.321957,0.192324,0.000000,0.000000,0.001970,,0.083388,0.000000,,,,0.155710,0.122413,1.500000,17.799011,45.027995,0.000000,circle,预设轨迹15,forward
1775480151.320524,15.674207,1775480186.787776|完整运动,完整运动,circle_orbit,1,1.000000,1.500000,1.500000,,,,,,,,,,,,,,,,1.225664,0.190791,1.323332,0.191920,0.000000,0.000000,0.004670,,0.081571,0.000000,,,,0.155663,0.122576,1.500000,17.823418,45.003589,0.000000,circle,预设轨迹15,forward
1775480151.357346,15.711029,1775480186.787776|完整运动,完整运动,circle_orbit,1,1.000000,1.500000,1.500000,,,,,,,,,,,,,,,,1.227322,0.194262,1.326764,0.214306,0.000000,0.000000,0.010058,,0.077583,0.000000,,,,0.158281,0.122742,1.500000,17.871935,44.955072,0.000000,circle,预设轨迹15,forward
1775480151.382830,15.736513,1775480186.787776|完整运动,完整运动,circle_orbit,1,1.000000,1.500000,1.500000,,,,,,,,,,,,,,,,1.228979,0.194028,1.328447,0.192676,0.000000,0.000000,0.012443,,0.075733,0.000000,,,,0.157877,0.122907,1.500000,17.896147,44.930860,0.000000,circle,预设轨迹15,forward
1775480151.408393,15.762076,1775480186.787776|完整运动,完整运动,circle_orbit,1,1.000000,1.500000,1.500000,,,,,,,,,,,,,,,,1.230723,0.196784,1.335336,0.212687,0.000000,0.000000,0.017251,,0.070170,0.000000,,,,0.159893,0.123082,1.500000,17.944502,44.882504,0.000000,circle,预设轨迹15,forward
1775480151.447967,15.801649,1775480186.787776|完整运动,完整运动,circle_orbit,1,1.000000,1.500000,1.500000,,,,,,,,,,,,,,,,1.232497,0.196813,1.338913,0.196980,0.000000,0.000000,0.019844,,0.067257,0.000000,,,,0.159687,0.123259,1.500000,17.968559,44.858448,0.000000,circle,预设轨迹15,forward
1775480151.485690,15.839372,1775480186.787776|完整运动,完整运动,circle_orbit,1,1.000000,1.500000,1.500000,,,,,,,,,,,,,,,,1.234320,0.199805,1.343746,0.217051,0.000000,0.000000,0.024848,,0.062736,0.000000,,,,0.161875,0.123442,1.500000,18.016821,44.810185,0.000000,circle,预设轨迹15,forward
1775480151.513384,15.867067,1775480186.787776|完整运动,完整运动,circle_orbit,1,1.000000,1.500000,1.500000,,,,,,,,,,,,,,,,1.236223,0.202641,1.350389,0.218980,0.000000,0.000000,0.029822,,0.057315,0.000000,,,,0.163919,0.123632,1.500000,18.065372,44.761634,0.000000,circle,预设轨迹15,forward
1775480151.534226,15.887909,1775480186.787776|完整运动,完整运动,circle_orbit,1,1.000000,1.500000,1.500000,,,,,,,,,,,,,,,,1.238145,0.202256,1.353433,0.200037,0.000000,0.000000,0.032171,,0.054813,0.000000,,,,0.163354,0.123824,1.500000,18.089589,44.737418,0.000000,circle,预设轨迹15,forward
1775480151.554628,15.908311,1775480186.787776|完整运动,完整运动,circle_orbit,1,1.000000,1.500000,1.500000,,,,,,,,,,,,,,,,1.240081,0.201846,1.356248,0.199489,0.000000,0.000000,0.034389,,0.052488,0.000000,,,,0.162769,0.124018,1.500000,18.113873,44.713134,0.000000,circle,预设轨迹15,forward
1775480151.578035,15.931718,1775480186.787776|完整运动,完整运动,circle_orbit,1,1.000000,1.500000,1.500000,,,,,,,,,,,,,,,,1.242027,0.201449,1.358834,0.199167,0.000000,0.000000,0.036512,,0.050324,0.000000,,,,0.162194,0.124212,1.500000,18.138354,44.688653,0.000000,circle,预设轨迹15,forward
1775480151.598503,15.952186,1775480186.787776|完整运动,完整运动,circle_orbit,1,1.000000,1.500000,1.500000,,,,,,,,,,,,,,,,1.243987,0.200958,1.361578,0.198130,0.000000,0.000000,0.038459,,0.048154,0.000000,,,,0.161543,0.124408,1.500000,18.163079,44.663927,0.000000,circle,预设轨迹15,forward
1775480151.621972,15.975655,1775480186.787776|完整运动,完整运动,circle_orbit,1,1.000000,1.500000,1.500000,,,,,,,,,,,,,,,,1.245960,0.200574,1.364296,0.198371,0.000000,0.000000,0.040401,,0.046006,0.000000,,,,0.160980,0.124606,1.500000,18.188063,44.638943,0.000000,circle,预设轨迹15,forward
1775480151.645185,15.998868,1775480186.787776|完整运动,完整运动,circle_orbit,1,1.000000,1.500000,1.500000,,,,,,,,,,,,,,,,1.247952,0.200129,1.367499,0.197573,0.000000,0.000000,0.042209,,0.043673,0.000000,,,,0.160366,0.124805,1.500000,18.213122,44.613884,0.000000,circle,预设轨迹15,forward
1775480151.665472,16.019155,1775480186.787776|完整运动,完整运动,circle_orbit,1,1.000000,1.500000,1.500000,,,,,,,,,,,,,,,,1.250031,0.201824,1.374763,0.211552,0.000000,0.000000,0.045729,,0.038643,0.000000,,,,0.161455,0.125013,1.500000,18.263066,44.563940,0.000000,circle,预设轨迹15,forward
1775480151.691685,16.045367,1775480186.787776|完整运动,完整运动,circle_orbit,1,1.000000,1.500000,1.500000,,,,,,,,,,,,,,,,1.252076,0.199247,1.374763,0.184461,0.000000,0.000000,0.045729,,0.038643,0.000000,,,,0.159134,0.125217,1.500000,18.263066,44.563940,0.000000,circle,预设轨迹15,forward
1775480151.715377,16.069060,1775480186.787776|完整运动,完整运动,circle_orbit,1,1.000000,1.500000,1.500000,,,,,,,,,,,,,,,,1.254191,0.201228,1.381084,0.212587,0.000000,0.000000,0.049331,,0.034081,0.000000,,,,0.160444,0.125429,1.500000,18.313080,44.513926,0.000000,circle,预设轨迹15,forward
1775480151.735831,16.089514,1775480186.787776|完整运动,完整运动,circle_orbit,1,1.000000,1.500000,1.500000,,,,,,,,,,,,,,,,1.256330,0.200844,1.384704,0.198642,0.000000,0.000000,0.051039,,0.031623,0.000000,,,,0.159865,0.125643,1.500000,18.338279,44.488727,0.000000,circle,预设轨迹15,forward
1775480151.760333,16.114016,1775480186.787776|完整运动,完整运动,circle_orbit,1,1.000000,1.500000,1.500000,,,,,,,,,,,,,,,,1.258506,0.200513,1.389031,0.198619,0.000000,0.000000,0.052725,,0.028839,0.000000,,,,0.159326,0.125860,1.500000,18.363392,44.463614,0.000000,circle,预设轨迹15,forward
1775480151.783485,16.137168,1775480186.787776|完整运动,完整运动,circle_orbit,1,1.000000,1.500000,1.500000,,,,,,,,,,,,,,,,1.260728,0.200326,1.394080,0.199254,0.000000,0.000000,0.054472,,0.025696,0.000000,,,,0.158897,0.126083,1.500000,18.388448,44.438559,0.000000,circle,预设轨迹15,forward
1775480151.803829,16.157512,1775480186.787776|完整运动,完整运动,circle_orbit,1,1.000000,1.500000,1.500000,,,,,,,,,,,,,,,,1.263074,0.202135,1.403809,0.212490,0.000000,0.000000,0.057837,,0.019689,0.000000,,,,0.160034,0.126317,1.500000,18.438185,44.388821,0.000000,circle,预设轨迹15,forward
1775480151.827663,16.181345,1775480186.787776|完整运动,完整运动,circle_orbit,1,1.000000,1.500000,1.500000,,,,,,,,,,,,,,,,1.265381,0.199812,1.403809,0.186520,0.000000,0.000000,0.057837,,0.019689,0.000000,,,,0.157906,0.126548,1.500000,18.438185,44.388821,0.000000,circle,预设轨迹15,forward
1775480151.860008,16.213691,1775480186.787776|完整运动,完整运动,circle_orbit,1,1.000000,1.500000,1.500000,,,,,,,,,,,,,,,,1.267802,0.201003,1.413086,0.207817,0.000000,0.000000,0.060583,,0.014206,0.000000,,,,0.158545,0.126790,1.500000,18.487891,44.339115,0.000000,circle,预设轨迹15,forward
1775480151.882983,16.236666,1775480186.787776|完整运动,完整运动,circle_orbit,1,1.000000,1.500000,1.500000,,,,,,,,,,,,,,,,1.270275,0.200360,1.418662,0.196683,0.000000,0.000000,0.061851,,0.011091,0.000000,,,,0.157729,0.127037,1.500000,18.512858,44.314148,0.000000,circle,预设轨迹15,forward
1775480151.903567,16.257250,1775480186.787776|完整运动,完整运动,circle_orbit,1,1.000000,1.500000,1.500000,,,,,,,,,,,,,,,,1.272890,0.201331,1.429781,0.206876,0.000000,0.000000,0.064393,,0.004936,0.000000,,,,0.158168,0.127299,1.500000,18.562562,44.264445,0.000000,circle,预设轨迹15,forward
1775480151.932020,16.285703,1775480186.787776|完整运动,完整运动,circle_orbit,1,1.000000,1.500000,1.500000,,,,,,,,,,,,,,,,1.275462,0.199200,1.429781,0.187037,0.000000,0.000000,0.064393,,0.004936,0.000000,,,,0.156178,0.127556,1.500000,18.562562,44.264445,0.000000,circle,预设轨迹15,forward
1775480151.957565,16.311248,1775480186.787776|完整运动,完整运动,circle_orbit,1,1.000000,1.500000,1.500000,,,,,,,,,,,,,,,,1.278124,0.199447,1.437845,0.200857,0.000000,0.000000,0.066208,,-0.000532,0.000000,,,,0.156047,0.127822,1.500000,18.612629,44.214377,0.000000,circle,预设轨迹15,forward
1775480151.982586,16.336268,1775480186.787776|完整运动,完整运动,circle_orbit,1,1.000000,1.500000,1.500000,,,,,,,,,,,,,,,,1.280646,0.198370,1.431978,0.192234,0.000000,0.000000,0.066925,,-0.002917,0.000000,,,,0.154898,0.128075,1.500000,18.638021,44.188986,0.000000,circle,预设轨迹15,forward
1775480152.003334,16.357017,1775480186.787776|完整运动,完整运动,circle_orbit,1,1.000000,1.500000,1.500000,,,,,,,,,,,,,,,,1.282894,0.198497,1.417750,0.199217,0.000000,0.000000,0.068558,,-0.008834,0.000000,,,,0.154726,0.128299,1.500000,18.689233,44.137774,0.000000,circle,预设轨迹15,forward
1775480152.035202,16.388884,1775480186.787776|完整运动,完整运动,circle_orbit,1,1.000000,1.500000,1.500000,,,,,,,,,,,,,,,,1.285105,0.196656,1.417750,0.186180,0.000000,0.000000,0.068558,,-0.008834,0.000000,,,,0.153028,0.128520,1.500000,18.689233,44.137774,0.000000,circle,预设轨迹15,forward
1775480152.059362,16.413045,1775480186.787776|完整运动,完整运动,circle_orbit,1,1.000000,1.500000,1.500000,,,,,,,,,,,,,,,,1.287071,0.197151,1.405024,0.199965,0.000000,0.000000,0.070362,,-0.014101,0.000000,,,,0.153178,0.128717,1.500000,18.740327,44.086679,0.000000,circle,预设轨迹15,forward
1775480152.079994,16.433677,1775480186.787776|完整运动,完整运动,circle_orbit,1,1.000000,1.500000,1.500000,,,,,,,,,,,,,,,,1.288927,0.196566,1.400296,0.193238,0.000000,0.000000,0.071299,,-0.015980,0.000000,,,,0.152504,0.128903,1.500000,18.765869,44.061137,0.000000,circle,预设轨迹15,forward
1775480152.103346,16.457028,1775480186.787776|完整运动,完整运动,circle_orbit,1,1.000000,1.500000,1.500000,,,,,,,,,,,,,,,,1.290681,0.195914,1.395927,0.192208,0.000000,0.000000,0.072136,,-0.017740,0.000000,,,,0.151791,0.129078,1.500000,18.791412,44.035595,0.000000,circle,预设轨迹15,forward
1775480152.133322,16.487004,1775480186.787776|完整运动,完整运动,circle_orbit,1,1.000000,1.500000,1.500000,,,,,,,,,,,,,,,,1.292327,0.195124,1.391104,0.190638,0.000000,0.000000,0.072814,,-0.019797,0.000000,,,,0.150987,0.129243,1.500000,18.817003,44.010003,0.000000,circle,预设轨迹15,forward
1775480152.164296,16.517978,1775480186.787776|完整运动,完整运动,circle_orbit,1,1.000000,1.500000,1.500000,,,,,,,,,,,,,,,,1.293757,0.195125,1.379549,0.195127,0.000000,0.000000,0.074096,,-0.024929,0.000000,,,,0.150820,0.129386,1.500000,18.868582,43.958425,0.000000,circle,预设轨迹15,forward
1775480152.197121,16.550804,1775480186.787776|完整运动,完整运动,circle_orbit,1,1.000000,1.500000,1.500000,,,,,,,,,,,,,,,,1.294985,0.194325,1.368678,0.189786,0.000000,0.000000,0.074726,,-0.030074,0.000000,,,,0.150060,0.129509,1.500000,18.919749,43.907258,0.000000,circle,预设轨迹15,forward
1775480152.235741,16.589423,1775480186.787776|完整运动,完整运动,circle_orbit,1,1.000000,1.500000,1.500000,,,,,,,,,,,,,,,,1.296119,0.192756,1.364156,0.183844,0.000000,0.000000,0.074677,,-0.032365,0.000000,,,,0.148718,0.129622,1.500000,18.945332,43.881674,0.000000,circle,预设轨迹15,forward
1775480152.257693,16.611375,1775480186.787776|完整运动,完整运动,circle_orbit,1,1.000000,1.500000,1.500000,,,,,,,,,,,,,,,,1.297066,0.190549,1.353888,0.178027,0.000000,0.000000,0.074023,,-0.037839,0.000000,,,,0.146908,0.129717,1.500000,18.997190,43.829816,0.000000,circle,预设轨迹15,forward
1775480152.278095,16.631778,1775480186.787776|完整运动,完整运动,circle_orbit,1,1.000000,1.500000,1.500000,,,,,,,,,,,,,,,,1.297898,0.188827,1.347776,0.179054,0.000000,0.000000,0.073645,,-0.041130,0.000000,,,,0.145487,0.129800,1.500000,19.022910,43.804096,0.000000,circle,预设轨迹15,forward
1775480152.301512,16.655194,1775480186.787776|完整运动,完整运动,circle_orbit,1,1.000000,1.500000,1.500000,,,,,,,,,,,,,,,,1.298606,0.187284,1.341119,0.178529,0.000000,0.000000,0.073329,,-0.044709,0.000000,,,,0.144219,0.129871,1.500000,19.048610,43.778396,0.000000,circle,预设轨迹15,forward
1775480152.334762,16.688444,1775480186.787776|完整运动,完整运动,circle_orbit,1,1.000000,1.500000,1.500000,,,,,,,,,,,,,,,,1.299110,0.185782,1.329343,0.177260,0.000000,0.000000,0.072984,,-0.051040,0.000000,,,,0.143007,0.129921,1.500000,19.099857,43.727149,0.000000,circle,预设轨迹15,forward
1775480152.366512,16.720195,1775480186.787776|完整运动,完整运动,circle_orbit,1,1.000000,1.500000,1.500000,,,,,,,,,,,,,,,,1.299520,0.184389,1.324102,0.176488,0.000000,0.000000,0.072665,,-0.053959,0.000000,,,,0.141890,0.129962,1.500000,19.125825,43.701182,0.000000,circle,预设轨迹15,forward
1775480152.397912,16.751595,1775480186.787776|完整运动,完整运动,circle_orbit,1,1.000000,1.500000,1.500000,,,,,,,,,,,,,,,,1.299786,0.182289,1.315767,0.170377,0.000000,0.000000,0.071718,,-0.058823,0.000000,,,,0.140245,0.129989,1.500000,19.177892,43.649114,0.000000,circle,预设轨迹15,forward
1775480152.430537,16.784220,1775480186.787776|完整运动,完整运动,circle_orbit,1,1.000000,1.500000,1.500000,,,,,,,,,,,,,,,,1.299936,0.179940,1.308932,0.166620,0.000000,0.000000,0.070477,,-0.063040,0.000000,,,,0.138423,0.130004,1.500000,19.229801,43.597205,0.000000,circle,预设轨迹15,forward
1775480152.457269,16.810952,1775480186.787776|完整运动,完整运动,circle_orbit,1,1.000000,1.500000,1.500000,,,,,,,,,,,,,,,,1.300026,0.178390,1.305434,0.169594,0.000000,0.000000,0.069786,,-0.065235,0.000000,,,,0.137220,0.130013,1.500000,19.255981,43.571026,0.000000,circle,预设轨迹15,forward
1775480152.484576,16.838259,1775480186.787776|完整运动,完整运动,circle_orbit,1,1.000000,1.500000,1.500000,,,,,,,,,,,,,,,,1.300070,0.176833,1.302685,0.168005,0.000000,0.000000,0.069037,,-0.067051,0.000000,,,,0.136018,0.130017,1.500000,19.282149,43.544857,0.000000,circle,预设轨迹15,forward
1775480152.509196,16.862878,1775480186.787776|完整运动,完整运动,circle_orbit,1,1.000000,1.500000,1.500000,,,,,,,,,,,,,,,,1.300004,0.174434,1.296085,0.160824,0.000000,0.000000,0.067554,,-0.071309,0.000000,,,,0.134179,0.130010,1.500000,19.334852,43.492154,0.000000,circle,预设轨迹15,forward
1775480152.530263,16.883945,1775480186.787776|完整运动,完整运动,circle_orbit,1,1.000000,1.500000,1.500000,,,,,,,,,,,,,,,,1.299876,0.172952,1.292191,0.164550,0.000000,0.000000,0.066726,,-0.073820,0.000000,,,,0.133053,0.129998,1.500000,19.360916,43.466091,0.000000,circle,预设轨迹15,forward
1775480152.560133,16.913815,1775480186.787776|完整运动,完整运动,circle_orbit,1,1.000000,1.500000,1.500000,,,,,,,,,,,,,,,,1.299693,0.171345,1.288666,0.162227,0.000000,0.000000,0.065756,,-0.076192,0.000000,,,,0.131835,0.129979,1.500000,19.386918,43.440088,0.000000,circle,预设轨迹15,forward
1775480152.584734,16.938416,1775480186.787776|完整运动,完整运动,circle_orbit,1,1.000000,1.500000,1.500000,,,,,,,,,,,,,,,,1.299470,0.169550,1.286102,0.159371,0.000000,0.000000,0.064588,,-0.078109,0.000000,,,,0.130477,0.129957,1.500000,19.412862,43.414144,0.000000,circle,预设轨迹15,forward
1775480152.605240,16.958922,1775480186.787776|完整运动,完整运动,circle_orbit,1,1.000000,1.500000,1.500000,,,,,,,,,,,,,,,,1.299159,0.165983,1.280512,0.145743,0.000000,0.000000,0.061920,,-0.082359,0.000000,,,,0.127762,0.129926,1.500000,19.464954,43.362052,0.000000,circle,预设轨迹15,forward
1775480152.626188,16.979871,1775480186.787776|完整运动,完整运动,circle_orbit,1,1.000000,1.500000,1.500000,,,,,,,,,,,,,,,,1.298853,0.165872,1.280512,0.165243,0.000000,0.000000,0.061920,,-0.082359,0.000000,,,,0.127706,0.129895,1.500000,19.464954,43.362052,0.000000,circle,预设轨迹15,forward
1775480152.660032,17.013715,1775480186.787776|完整运动,完整运动,circle_orbit,1,1.000000,1.500000,1.500000,,,,,,,,,,,,,,,,1.298511,0.163747,1.277986,0.151694,0.000000,0.000000,0.060327,,-0.084443,0.000000,,,,0.126104,0.129861,1.500000,19.490740,43.336267,0.000000,circle,预设轨迹15,forward
1775480152.680621,17.034304,1775480186.787776|完整运动,完整运动,circle_orbit,1,1.000000,1.500000,1.500000,,,,,,,,,,,,,,,,1.298099,0.159137,1.273346,0.132975,0.000000,0.000000,0.056636,,-0.088593,0.000000,,,,0.122592,0.129820,1.500000,19.542465,43.284541,0.000000,circle,预设轨迹15,forward
1775480152.701391,17.055073,1775480186.787776|完整运动,完整运动,circle_orbit,1,1.000000,1.500000,1.500000,,,,,,,,,,,,,,,,1.297640,0.157204,1.270120,0.146234,0.000000,0.000000,0.054926,,-0.091147,0.000000,,,,0.121146,0.129774,1.500000,19.568205,43.258802,0.000000,circle,预设轨迹15,forward
1775480152.721928,17.075611,1775480186.787776|完整运动,完整运动,circle_orbit,1,1.000000,1.500000,1.500000,,,,,,,,,,,,,,,,1.297129,0.155485,1.266501,0.145728,0.000000,0.000000,0.053351,,-0.093887,0.000000,,,,0.119869,0.129723,1.500000,19.594080,43.232926,0.000000,circle,预设轨迹15,forward
1775480152.742261,17.095944,1775480186.787776|完整运动,完整运动,circle_orbit,1,1.000000,1.500000,1.500000,,,,,,,,,,,,,,,,1.296586,0.153771,1.263972,0.144043,0.000000,0.000000,0.051752,,-0.096007,0.000000,,,,0.118597,0.129669,1.500000,19.619843,43.207164,0.000000,circle,预设轨迹15,forward
1775480152.765215,17.118898,1775480186.787776|完整运动,完整运动,circle_orbit,1,1.000000,1.500000,1.500000,,,,,,,,,,,,,,,,1.296001,0.152223,1.260901,0.143429,0.000000,0.000000,0.050260,,-0.098411,0.000000,,,,0.117456,0.129610,1.500000,19.645543,43.181463,0.000000,circle,预设轨迹15,forward
1775480152.790727,17.144410,1775480186.787776|完整运动,完整运动,circle_orbit,1,1.000000,1.500000,1.500000,,,,,,,,,,,,,,,,1.295341,0.148590,1.255776,0.127962,0.000000,0.000000,0.047048,,-0.102730,0.000000,,,,0.114711,0.129544,1.500000,19.696776,43.130231,0.000000,circle,预设轨迹15,forward
1775480152.811113,17.164796,1775480186.787776|完整运动,完整运动,circle_orbit,1,1.000000,1.500000,1.500000,,,,,,,,,,,,,,,,1.294657,0.147058,1.253594,0.138361,0.000000,0.000000,0.045416,,-0.104682,0.000000,,,,0.113589,0.129476,1.500000,19.722667,43.104339,0.000000,circle,预设轨迹15,forward
1775480152.838769,17.192452,1775480186.787776|完整运动,完整运动,circle_orbit,1,1.000000,1.500000,1.500000,,,,,,,,,,,,,,,,1.293959,0.145488,1.252050,0.136564,0.000000,0.000000,0.043740,,-0.106275,0.000000,,,,0.112436,0.129406,1.500000,19.748491,43.078515,0.000000,circle,预设轨迹15,forward
1775480152.865924,17.219607,1775480186.787776|完整运动,完整运动,circle_orbit,1,1.000000,1.500000,1.500000,,,,,,,,,,,,,,,,1.293248,0.143619,1.250600,0.133005,0.000000,0.000000,0.041806,,-0.107916,0.000000,,,,0.111053,0.129335,1.500000,19.774529,43.052477,0.000000,circle,预设轨迹15,forward
1775480152.886652,17.240335,1775480186.787776|完整运动,完整运动,circle_orbit,1,1.000000,1.500000,1.500000,,,,,,,,,,,,,,,,1.292496,0.139361,1.247392,0.115165,0.000000,0.000000,0.037881,,-0.111415,0.000000,,,,0.107823,0.129260,1.500000,19.826765,43.000242,0.000000,circle,预设轨迹15,forward
1775480152.908899,17.262582,1775480186.787776|完整运动,完整运动,circle_orbit,1,1.000000,1.500000,1.500000,,,,,,,,,,,,,,,,1.291743,0.137598,1.246542,0.127574,0.000000,0.000000,0.035829,,-0.112748,0.000000,,,,0.106521,0.129184,1.500000,19.853047,42.973960,0.000000,circle,预设轨迹15,forward
1775480152.931648,17.285331,1775480186.787776|完整运动,完整运动,circle_orbit,1,1.000000,1.500000,1.500000,,,,,,,,,,,,,,,,1.290989,0.135691,1.245792,0.124854,0.000000,0.000000,0.033642,,-0.114076,0.000000,,,,0.105106,0.129109,1.500000,19.879264,42.947742,0.000000,circle,预设轨迹15,forward
1775480152.952199,17.305881,1775480186.787776|完整运动,完整运动,circle_orbit,1,1.000000,1.500000,1.500000,,,,,,,,,,,,,,,,1.290229,0.133854,1.244585,0.123412,0.000000,0.000000,0.031485,,-0.115668,0.000000,,,,0.103745,0.129033,1.500000,19.905483,42.921523,0.000000,circle,预设轨迹15,forward
1775480152.973479,17.327162,1775480186.787776|完整运动,完整运动,circle_orbit,1,1.000000,1.500000,1.500000,,,,,,,,,,,,,,,,1.289449,0.132028,1.242676,0.121642,0.000000,0.000000,0.029314,,-0.117694,0.000000,,,,0.102391,0.128955,1.500000,19.931746,42.895261,0.000000,circle,预设轨迹15,forward
1775480153.000774,17.354456,1775480186.787776|完整运动,完整运动,circle_orbit,1,1.000000,1.500000,1.500000,,,,,,,,,,,,,,,,1.288658,0.130165,1.241184,0.119568,0.000000,0.000000,0.027091,,-0.119490,0.000000,,,,0.101008,0.128876,1.500000,19.957800,42.869206,0.000000,circle,预设轨迹15,forward
1775480153.023764,17.377447,1775480186.787776|完整运动,完整运动,circle_orbit,1,1.000000,1.500000,1.500000,,,,,,,,,,,,,,,,1.287858,0.128076,1.239834,0.116190,0.000000,0.000000,0.024656,,-0.121286,0.000000,,,,0.099449,0.128796,1.500000,19.983799,42.843208,0.000000,circle,预设轨迹15,forward
1775480153.044513,17.398195,1775480186.787776|完整运动,完整运动,circle_orbit,1,1.000000,1.500000,1.500000,,,,,,,,,,,,,,,,1.287048,0.122777,1.238465,0.092625,0.000000,0.000000,0.019545,,-0.124167,0.000000,,,,0.095394,0.128715,1.500000,20.035639,42.791367,0.000000,circle,预设轨迹15,forward
1775480153.065761,17.419444,1775480186.787776|完整运动,完整运动,circle_orbit,1,1.000000,1.500000,1.500000,,,,,,,,,,,,,,,,1.286251,0.123971,1.238465,0.130767,0.000000,0.000000,0.019545,,-0.124167,0.000000,,,,0.096382,0.128635,1.500000,20.035639,42.791367,0.000000,circle,预设轨迹15,forward
1775480153.099660,17.453342,1775480186.787776|完整运动,完整运动,circle_orbit,1,1.000000,1.500000,1.500000,,,,,,,,,,,,,,,,1.285435,0.118325,1.236466,0.086189,0.000000,0.000000,0.014088,,-0.127574,0.000000,,,,0.092051,0.128553,1.500000,20.087638,42.739368,0.000000,circle,预设轨迹15,forward
1775480153.123738,17.477420,1775480186.787776|完整运动,完整运动,circle_orbit,1,1.000000,1.500000,1.500000,,,,,,,,,,,,,,,,1.284589,0.116614,1.233838,0.106869,0.000000,0.000000,0.011623,,-0.130175,0.000000,,,,0.090779,0.128469,1.500000,20.113449,42.713557,0.000000,circle,预设轨迹15,forward
1775480153.144148,17.497831,1775480186.787776|完整运动,完整运动,circle_orbit,1,1.000000,1.500000,1.500000,,,,,,,,,,,,,,,,1.283721,0.112373,1.231622,0.088220,0.000000,0.000000,0.007076,,-0.133361,0.000000,,,,0.087537,0.128382,1.500000,20.164860,42.662147,0.000000,circle,预设轨迹15,forward
1775480153.166337,17.520019,1775480186.787776|完整运动,完整运动,circle_orbit,1,1.000000,1.500000,1.500000,,,,,,,,,,,,,,,,1.282867,0.113841,1.231622,0.122206,0.000000,0.000000,0.007076,,-0.133361,0.000000,,,,0.088740,0.128297,1.500000,20.164860,42.662147,0.000000,circle,预设轨迹15,forward
1775480153.191397,17.545080,1775480186.787776|完整运动,完整运动,circle_orbit,1,1.000000,1.500000,1.500000,,,,,,,,,,,,,,,,1.282020,0.111923,1.231203,0.100997,0.000000,0.000000,0.004476,,-0.134660,0.000000,,,,0.087302,0.128212,1.500000,20.190396,42.636611,0.000000,circle,预设轨迹15,forward
1775480153.211697,17.565380,1775480186.787776|完整运动,完整运动,circle_orbit,1,1.000000,1.500000,1.500000,,,,,,,,,,,,,,,,1.281164,0.106470,1.229822,0.075396,0.000000,0.000000,-0.001061,,-0.136881,0.000000,,,,0.083104,0.128126,1.500000,20.241660,42.585346,0.000000,circle,预设轨迹15,forward
1775480153.234027,17.587710,1775480186.787776|完整运动,完整运动,circle_orbit,1,1.000000,1.500000,1.500000,,,,,,,,,,,,,,,,1.280323,0.108016,1.229822,0.116828,0.000000,0.000000,-0.001061,,-0.136881,0.000000,,,,0.084366,0.128042,1.500000,20.241660,42.585346,0.000000,circle,预设轨迹15,forward
1775480153.270085,17.623768,1775480186.787776|完整运动,完整运动,circle_orbit,1,1.000000,1.500000,1.500000,,,,,,,,,,,,,,,,1.279373,0.102823,1.222396,0.073217,0.000000,0.000000,-0.006426,,-0.139366,0.000000,,,,0.080370,0.127947,1.500000,20.293043,42.533964,0.000000,circle,预设轨迹15,forward
1775480153.300007,17.653690,1775480186.787776|完整运动,完整运动,circle_orbit,1,1.000000,1.500000,1.500000,,,,,,,,,,,,,,,,1.278335,0.097462,1.216065,0.066892,0.000000,0.000000,-0.012146,,-0.141071,0.000000,,,,0.076241,0.127843,1.500000,20.344517,42.482490,0.000000,circle,预设轨迹15,forward
1775480153.331319,17.685002,1775480186.787776|完整运动,完整运动,circle_orbit,1,1.000000,1.500000,1.500000,,,,,,,,,,,,,,,,1.277218,0.091746,1.210203,0.059141,0.000000,0.000000,-0.018376,,-0.142312,0.000000,,,,0.071832,0.127732,1.500000,20.396471,42.430536,0.000000,circle,预设轨迹15,forward
1775480153.361414,17.715096,1775480186.787776|完整运动,完整运动,circle_orbit,1,1.000000,1.500000,1.500000,,,,,,,,,,,,,,,,1.276061,0.090086,1.206657,0.080615,0.000000,0.000000,-0.021481,,-0.143347,0.000000,,,,0.070597,0.127616,1.500000,20.422448,42.404558,0.000000,circle,预设轨迹15,forward
1775480153.396691,17.750374,1775480186.787776|完整运动,完整运动,circle_orbit,1,1.000000,1.500000,1.500000,,,,,,,,,,,,,,,,1.274812,0.084397,1.199857,0.051929,0.000000,0.000000,-0.027888,,-0.145187,0.000000,,,,0.066203,0.127491,1.500000,20.473839,42.353168,0.000000,circle,预设轨迹15,forward
1775480153.423306,17.776989,1775480186.787776|完整运动,完整运动,circle_orbit,1,1.000000,1.500000,1.500000,,,,,,,,,,,,,,,,1.273535,0.082628,1.196905,0.072529,0.000000,0.000000,-0.031271,,-0.145761,0.000000,,,,0.064881,0.127363,1.500000,20.499498,42.327509,0.000000,circle,预设轨迹15,forward
1775480153.450332,17.804015,1775480186.787776|完整运动,完整运动,circle_orbit,1,1.000000,1.500000,1.500000,,,,,,,,,,,,,,,,1.272231,0.080644,1.193984,0.069316,0.000000,0.000000,-0.034805,,-0.146263,0.000000,,,,0.063388,0.127233,1.500000,20.525318,42.301688,0.000000,circle,预设轨迹15,forward
1775480153.470962,17.824644,1775480186.787776|完整运动,完整运动,circle_orbit,1,1.000000,1.500000,1.500000,,,,,,,,,,,,,,,,1.270833,0.074786,1.186976,0.041317,0.000000,0.000000,-0.041536,,-0.148207,0.000000,,,,0.058848,0.127093,1.500000,20.576894,42.250113,0.000000,circle,预设轨迹15,forward
1775480153.492189,17.845871,1775480186.787776|完整运动,完整运动,circle_orbit,1,1.000000,1.500000,1.500000,,,,,,,,,,,,,,,,1.269412,0.073306,1.184158,0.064847,0.000000,0.000000,-0.044863,,-0.148755,0.000000,,,,0.057748,0.126951,1.500000,20.602579,42.224427,0.000000,circle,预设轨迹15,forward
1775480153.513191,17.866874,1775480186.787776|完整运动,完整运动,circle_orbit,1,1.000000,1.500000,1.500000,,,,,,,,,,,,,,,,1.267957,0.072011,1.180655,0.064613,0.000000,0.000000,-0.047988,,-0.149854,0.000000,,,,0.056793,0.126806,1.500000,20.627957,42.199049,0.000000,circle,预设轨迹15,forward
1775480153.533560,17.887242,1775480186.787776|完整运动,完整运动,circle_orbit,1,1.000000,1.500000,1.500000,,,,,,,,,,,,,,,,1.266474,0.070792,1.177465,0.063818,0.000000,0.000000,-0.050996,,-0.150802,0.000000,,,,0.055897,0.126657,1.500000,20.653213,42.173794,0.000000,circle,预设轨迹15,forward
1775480153.554625,17.908307,1775480186.787776|完整运动,完整运动,circle_orbit,1,1.000000,1.500000,1.500000,,,,,,,,,,,,,,,,1.264979,0.069509,1.175314,0.062166,0.000000,0.000000,-0.054008,,-0.151055,0.000000,,,,0.054948,0.126508,1.500000,20.678598,42.148409,0.000000,circle,预设轨迹15,forward
1775480153.577965,17.931647,1775480186.787776|完整运动,完整运动,circle_orbit,1,1.000000,1.500000,1.500000,,,,,,,,,,,,,,,,1.263469,0.068136,1.172836,0.060280,0.000000,0.000000,-0.057051,,-0.151522,0.000000,,,,0.053928,0.126357,1.500000,20.703852,42.123155,0.000000,circle,预设轨迹15,forward
1775480153.598422,17.952105,1775480186.787776|完整运动,完整运动,circle_orbit,1,1.000000,1.500000,1.500000,,,,,,,,,,,,,,,,1.261951,0.066523,1.170855,0.057286,0.000000,0.000000,-0.060265,,-0.151589,0.000000,,,,0.052714,0.126205,1.500000,20.729365,42.097642,0.000000,circle,预设轨迹15,forward
1775480153.620741,17.974424,1775480186.787776|完整运动,完整运动,circle_orbit,1,1.000000,1.500000,1.500000,,,,,,,,,,,,,,,,1.260420,0.064870,1.168572,0.055404,0.000000,0.000000,-0.063498,,-0.151860,0.000000,,,,0.051467,0.126052,1.500000,20.754703,42.072303,0.000000,circle,预设轨迹15,forward
1775480153.643626,17.997309,1775480186.787776|完整运动,完整运动,circle_orbit,1,1.000000,1.500000,1.500000,,,,,,,,,,,,,,,,1.258877,0.063226,1.166326,0.053808,0.000000,0.000000,-0.066717,,-0.152117,0.000000,,,,0.050224,0.125897,1.500000,20.780092,42.046915,0.000000,circle,预设轨迹15,forward
1775480153.666653,18.020336,1775480186.787776|完整运动,完整运动,circle_orbit,1,1.000000,1.500000,1.500000,,,,,,,,,,,,,,,,1.257301,0.057550,1.162737,0.025013,0.000000,0.000000,-0.073288,,-0.151970,0.000000,,,,0.045772,0.125740,1.500000,20.830598,41.996409,0.000000,circle,预设轨迹15,forward
1775480153.687841,18.041523,1775480186.787776|完整运动,完整运动,circle_orbit,1,1.000000,1.500000,1.500000,,,,,,,,,,,,,,,,1.255726,0.055978,1.161186,0.046962,0.000000,0.000000,-0.076676,,-0.151691,0.000000,,,,0.044578,0.125582,1.500000,20.856088,41.970918,0.000000,circle,预设轨迹15,forward
1775480153.711216,18.064898,1775480186.787776|完整运动,完整运动,circle_orbit,1,1.000000,1.500000,1.500000,,,,,,,,,,,,,,,,1.254147,0.054389,1.159455,0.045278,0.000000,0.000000,-0.080058,,-0.151544,0.000000,,,,0.043367,0.125424,1.500000,20.881755,41.945251,0.000000,circle,预设轨迹15,forward
1775480153.732596,18.086278,1775480186.787776|完整运动,完整运动,circle_orbit,1,1.000000,1.500000,1.500000,,,,,,,,,,,,,,,,1.252567,0.052798,1.157754,0.043668,0.000000,0.000000,-0.083426,,-0.151385,0.000000,,,,0.042152,0.125266,1.500000,20.907399,41.919607,0.000000,circle,预设轨迹15,forward
1775480153.753969,18.107651,1775480186.787776|完整运动,完整运动,circle_orbit,1,1.000000,1.500000,1.500000,,,,,,,,,,,,,,,,1.250993,0.051014,1.156533,0.040770,0.000000,0.000000,-0.086943,,-0.150832,0.000000,,,,0.040779,0.125109,1.500000,20.932916,41.894091,0.000000,circle,预设轨迹15,forward
1775480153.776434,18.130117,1775480186.787776|完整运动,完整运动,circle_orbit,1,1.000000,1.500000,1.500000,,,,,,,,,,,,,,,,1.249416,0.049286,1.154781,0.039363,0.000000,0.000000,-0.090415,,-0.150674,0.000000,,,,0.039447,0.124951,1.500000,20.958190,41.868816,0.000000,circle,预设轨迹15,forward
1775480153.797185,18.150867,1775480186.787776|完整运动,完整运动,circle_orbit,1,1.000000,1.500000,1.500000,,,,,,,,,,,,,,,,1.247844,0.047415,1.153528,0.036663,0.000000,0.000000,-0.094008,,-0.150118,0.000000,,,,0.037997,0.124794,1.500000,20.983464,41.843542,0.000000,circle,预设轨迹15,forward
1775480153.818440,18.172122,1775480186.787776|完整运动,完整运动,circle_orbit,1,1.000000,1.500000,1.500000,,,,,,,,,,,,,,,,1.246277,0.045563,1.152284,0.034921,0.000000,0.000000,-0.097595,,-0.149560,0.000000,,,,0.036559,0.124637,1.500000,21.008764,41.818243,0.000000,circle,预设轨迹15,forward
1775480153.845412,18.199095,1775480186.787776|完整运动,完整运动,circle_orbit,1,1.000000,1.500000,1.500000,,,,,,,,,,,,,,,,1.244711,0.043772,1.150727,0.033474,0.000000,0.000000,-0.101142,,-0.149243,0.000000,,,,0.035166,0.124481,1.500000,21.034161,41.792845,0.000000,circle,预设轨迹15,forward
1775480153.879436,18.233118,1775480186.787776|完整运动,完整运动,circle_orbit,1,1.000000,1.500000,1.500000,,,,,,,,,,,,,,,,1.243142,0.042184,1.149035,0.033050,0.000000,0.000000,-0.104526,,-0.149088,0.000000,,,,0.033933,0.124324,1.500000,21.059650,41.767357,0.000000,circle,预设轨迹15,forward
1775480153.900298,18.253981,1775480186.787776|完整运动,完整运动,circle_orbit,1,1.000000,1.500000,1.500000,,,,,,,,,,,,,,,,1.241563,0.036716,1.146813,0.005250,0.000000,0.000000,-0.111162,,-0.148015,0.000000,,,,0.029572,0.124166,1.500000,21.110114,41.716893,0.000000,circle,预设轨迹15,forward
1775480153.920671,18.274354,1775480186.787776|完整运动,完整运动,circle_orbit,1,1.000000,1.500000,1.500000,,,,,,,,,,,,,,,,1.239995,0.035605,1.145937,0.029211,0.000000,0.000000,-0.114371,,-0.147356,0.000000,,,,0.028714,0.124009,1.500000,21.135379,41.691627,0.000000,circle,预设轨迹15,forward
1775480153.946927,18.300609,1775480186.787776|完整运动,完整运动,circle_orbit,1,1.000000,1.500000,1.500000,,,,,,,,,,,,,,,,1.238435,0.034626,1.144807,0.028992,0.000000,0.000000,-0.117427,,-0.146941,0.000000,,,,0.027960,0.123853,1.500000,21.160538,41.666468,0.000000,circle,预设轨迹15,forward
1775480153.969327,18.323010,1775480186.787776|完整运动,完整运动,circle_orbit,1,1.000000,1.500000,1.500000,,,,,,,,,,,,,,,,1.236885,0.033585,1.143897,0.027587,0.000000,0.000000,-0.120491,,-0.146367,0.000000,,,,0.027153,0.123698,1.500000,21.185734,41.641272,0.000000,circle,预设轨迹15,forward
1775480153.989953,18.343636,1775480186.787776|完整运动,完整运动,circle_orbit,1,1.000000,1.500000,1.500000,,,,,,,,,,,,,,,,1.235331,0.029145,1.142055,0.003554,0.000000,0.000000,-0.126376,,-0.145334,0.000000,,,,0.023593,0.123543,1.500000,21.236012,41.590995,0.000000,circle,预设轨迹15,forward
1775480154.012659,18.366342,1775480186.787776|完整运动,完整运动,circle_orbit,1,1.000000,1.500000,1.500000,,,,,,,,,,,,,,,,1.233790,0.028398,1.141379,0.024090,0.000000,0.000000,-0.129323,,-0.144641,0.000000,,,,0.023016,0.123389,1.500000,21.261216,41.565791,0.000000,circle,预设轨迹15,forward
1775480154.041684,18.395367,1775480186.787776|完整运动,完整运动,circle_orbit,1,1.000000,1.500000,1.500000,,,,,,,,,,,,,,,,1.232270,0.027567,1.141056,0.022779,0.000000,0.000000,-0.132282,,-0.143691,0.000000,,,,0.022371,0.123237,1.500000,21.286376,41.540631,0.000000,circle,预设轨迹15,forward
1775480154.063410,18.417092,1775480186.787776|完整运动,完整运动,circle_orbit,1,1.000000,1.500000,1.500000,,,,,,,,,,,,,,,,1.230765,0.026635,1.140477,0.021258,0.000000,0.000000,-0.135278,,-0.142909,0.000000,,,,0.021641,0.123086,1.500000,21.311556,41.515450,0.000000,circle,预设轨迹15,forward
1775480154.087531,18.441214,1775480186.787776|完整运动,完整运动,circle_orbit,1,1.000000,1.500000,1.500000,,,,,,,,,,,,,,,,1.229276,0.022158,1.139899,-0.003681,0.000000,0.000000,-0.141225,,-0.140947,0.000000,,,,0.018025,0.122937,1.500000,21.362036,41.464970,0.000000,circle,预设轨迹15,forward
1775480154.113484,18.467167,1775480186.787776|完整运动,完整运动,circle_orbit,1,1.000000,1.500000,1.500000,,,,,,,,,,,,,,,,1.227807,0.021561,1.139695,0.018112,0.000000,0.000000,-0.144078,,-0.139953,0.000000,,,,0.017560,0.122790,1.500000,21.387435,41.439572,0.000000,circle,预设轨迹15,forward
1775480154.145345,18.499028,1775480186.787776|完整运动,完整运动,circle_orbit,1,1.000000,1.500000,1.500000,,,,,,,,,,,,,,,,1.226367,0.020829,1.139936,0.016606,0.000000,0.000000,-0.146981,,-0.138617,0.000000,,,,0.016985,0.122646,1.500000,21.412862,41.414144,0.000000,circle,预设轨迹15,forward
1775480154.166823,18.520505,1775480186.787776|完整运动,完整运动,circle_orbit,1,1.000000,1.500000,1.500000,,,,,,,,,,,,,,,,1.224949,0.016200,1.139887,-0.010549,0.000000,0.000000,-0.153129,,-0.136194,0.000000,,,,0.013225,0.122504,1.500000,21.463614,41.363393,0.000000,circle,预设轨迹15,forward
1775480154.187239,18.540922,1775480186.787776|完整运动,完整运动,circle_orbit,1,1.000000,1.500000,1.500000,,,,,,,,,,,,,,,,1.223549,0.015174,1.139538,0.009248,0.000000,0.000000,-0.156418,,-0.135130,0.000000,,,,0.012402,0.122364,1.500000,21.488713,41.338294,0.000000,circle,预设轨迹15,forward
1775480154.209533,18.563215,1775480186.787776|完整运动,完整运动,circle_orbit,1,1.000000,1.500000,1.500000,,,,,,,,,,,,,,,,1.222170,0.014261,1.139419,0.008981,0.000000,0.000000,-0.159575,,-0.133953,0.000000,,,,0.011668,0.122226,1.500000,21.513936,41.313071,0.000000,circle,预设轨迹15,forward
1775480154.230893,18.584576,1775480186.787776|完整运动,完整运动,circle_orbit,1,1.000000,1.500000,1.500000,,,,,,,,,,,,,,,,1.220813,0.017031,1.139419,0.033055,0.000000,0.000000,-0.159575,,-0.133953,0.000000,,,,0.013951,0.122091,1.500000,21.513936,41.313071,0.000000,circle,预设轨迹15,forward
1775480154.251246,18.604929,1775480186.787776|完整运动,完整运动,circle_orbit,1,1.000000,1.500000,1.500000,,,,,,,,,,,,,,,,1.219479,0.012529,1.139444,-0.013521,0.000000,0.000000,-0.165476,,-0.131574,0.000000,,,,0.010274,0.121957,1.500000,21.564162,41.262844,0.000000,circle,预设轨迹15,forward
1775480154.274474,18.628157,1775480186.787776|完整运动,完整运动,circle_orbit,1,1.000000,1.500000,1.500000,,,,,,,,,,,,,,,,1.218167,0.015225,1.139444,0.030826,0.000000,0.000000,-0.165476,,-0.131574,0.000000,,,,0.012498,0.121826,1.500000,21.564162,41.262844,0.000000,circle,预设轨迹15,forward
1775480154.298594,18.652276,1775480186.787776|完整运动,完整运动,circle_orbit,1,1.000000,1.500000,1.500000,,,,,,,,,,,,,,,,1.216888,0.011113,1.140127,-0.012688,0.000000,0.000000,-0.171001,,-0.128871,0.000000,,,,0.009132,0.121698,1.500000,21.614052,41.212955,0.000000,circle,预设轨迹15,forward
1775480154.319011,18.672694,1775480186.787776|完整运动,完整运动,circle_orbit,1,1.000000,1.500000,1.500000,,,,,,,,,,,,,,,,1.215634,0.010364,1.140382,0.006027,0.000000,0.000000,-0.173854,,-0.127546,0.000000,,,,0.008526,0.121573,1.500000,21.639111,41.187896,0.000000,circle,预设轨迹15,forward
1775480154.340814,18.694497,1775480186.787776|完整运动,完整运动,circle_orbit,1,1.000000,1.500000,1.500000,,,,,,,,,,,,,,,,1.214407,0.009616,1.140827,0.005281,0.000000,0.000000,-0.176673,,-0.126098,0.000000,,,,0.007918,0.121450,1.500000,21.664084,41.162923,0.000000,circle,预设轨迹15,forward
1775480154.363517,18.717199,1775480186.787776|完整运动,完整运动,circle_orbit,1,1.000000,1.500000,1.500000,,,,,,,,,,,,,,,,1.213194,0.009005,1.140386,0.005470,0.000000,0.000000,-0.179344,,-0.125347,0.000000,,,,0.007423,0.121329,1.500000,21.688810,41.138197,0.000000,circle,预设轨迹15,forward
1775480154.383843,18.737526,1775480186.787776|完整运动,完整运动,circle_orbit,1,1.000000,1.500000,1.500000,,,,,,,,,,,,,,,,1.212019,0.005430,1.141517,-0.015292,0.000000,0.000000,-0.184500,,-0.122470,0.000000,,,,0.004480,0.121211,1.500000,21.738249,41.088757,0.000000,circle,预设轨迹15,forward
1775480154.407646,18.761328,1775480186.787776|完整运动,完整运动,circle_orbit,1,1.000000,1.500000,1.500000,,,,,,,,,,,,,,,,1.210863,0.008093,1.141517,0.023533,0.000000,0.000000,-0.184500,,-0.122470,0.000000,,,,0.006684,0.121096,1.500000,21.738249,41.088757,0.000000,circle,预设轨迹15,forward
1775480154.429824,18.783507,1775480186.787776|完整运动,完整运动,circle_orbit,1,1.000000,1.500000,1.500000,,,,,,,,,,,,,,,,1.209752,0.004742,1.143106,-0.014692,0.000000,0.000000,-0.189379,,-0.119377,0.000000,,,,0.003920,0.120985,1.500000,21.787621,41.039386,0.000000,circle,预设轨迹15,forward
1775480154.450502,18.804185,1775480186.787776|完整运动,完整运动,circle_orbit,1,1.000000,1.500000,1.500000,,,,,,,,,,,,,,,,1.208671,0.004360,1.143817,0.002148,0.000000,0.000000,-0.191873,,-0.117869,0.000000,,,,0.003608,0.120876,1.500000,21.812176,41.014831,0.000000,circle,预设轨迹15,forward
1775480154.473641,18.827324,1775480186.787776|完整运动,完整运动,circle_orbit,1,1.000000,1.500000,1.500000,,,,,,,,,,,,,,,,1.207608,0.006856,1.143817,0.021334,0.000000,0.000000,-0.191873,,-0.117869,0.000000,,,,0.005677,0.120770,1.500000,21.812176,41.014831,0.000000,circle,预设轨迹15,forward
1775480154.494800,18.848482,1775480186.787776|完整运动,完整运动,circle_orbit,1,1.000000,1.500000,1.500000,,,,,,,,,,,,,,,,1.206583,0.003579,1.145104,-0.015435,0.000000,0.000000,-0.196574,,-0.115067,0.000000,,,,0.002967,0.120668,1.500000,21.861360,40.965646,0.000000,circle,预设轨迹15,forward
1775480154.515161,18.868844,1775480186.787776|完整运动,完整运动,circle_orbit,1,1.000000,1.500000,1.500000,,,,,,,,,,,,,,,,1.205592,0.003331,1.146123,0.001892,0.000000,0.000000,-0.198842,,-0.113432,0.000000,,,,0.002763,0.120569,1.500000,21.886190,40.940817,0.000000,circle,预设轨迹15,forward
1775480154.539111,18.892793,1775480186.787776|完整运动,完整运动,circle_orbit,1,1.000000,1.500000,1.500000,,,,,,,,,,,,,,,,1.204635,0.003121,1.147192,0.001901,0.000000,0.000000,-0.201034,,-0.111793,0.000000,,,,0.002591,0.120473,1.500000,21.911005,40.916001,0.000000,circle,预设轨迹15,forward
1775480154.567509,18.921191,1775480186.787776|完整运动,完整运动,circle_orbit,1,1.000000,1.500000,1.500000,,,,,,,,,,,,,,,,1.203716,0.002749,1.148561,0.000586,0.000000,0.000000,-0.203323,,-0.109903,0.000000,,,,0.002284,0.120381,1.500000,21.935712,40.891295,0.000000,circle,预设轨迹15,forward
1775480154.595377,18.949060,1775480186.787776|完整运动,完整运动,circle_orbit,1,1.000000,1.500000,1.500000,,,,,,,,,,,,,,,,1.202850,-0.000964,1.150910,-0.022529,0.000000,0.000000,-0.208432,,-0.106193,0.000000,,,,0.000801,0.120294,1.500000,21.985179,40.841827,0.000000,circle,预设轨迹15,forward
1775480154.624896,18.978579,1775480186.787776|完整运动,完整运动,circle_orbit,1,1.000000,1.500000,1.500000,,,,,,,,,,,,,,,,1.202016,-0.001512,1.151962,-0.004693,0.000000,0.000000,-0.211015,,-0.104416,0.000000,,,,0.001258,0.120211,1.500000,22.010135,40.816872,0.000000,circle,预设轨迹15,forward
1775480154.645369,18.999052,1775480186.787776|完整运动,完整运动,circle_orbit,1,1.000000,1.500000,1.500000,,,,,,,,,,,,,,,,1.201221,-0.004810,1.153511,-0.023975,0.000000,0.000000,-0.215918,,-0.101362,0.000000,,,,0.004004,0.120131,1.500000,22.060146,40.766860,0.000000,circle,预设轨迹15,forward
1775480154.673268,19.026951,1775480186.787776|完整运动,完整运动,circle_orbit,1,1.000000,1.500000,1.500000,,,,,,,,,,,,,,,,1.200456,-0.004739,1.154557,-0.004328,0.000000,0.000000,-0.218086,,-0.099759,0.000000,,,,0.003948,0.120055,1.500000,22.084903,40.742104,0.000000,circle,预设轨迹15,forward
1775480154.706356,19.060039,1775480186.787776|完整运动,完整运动,circle_orbit,1,1.000000,1.500000,1.500000,,,,,,,,,,,,,,,,1.199730,-0.004546,1.156217,-0.003423,0.000000,0.000000,-0.220081,,-0.097795,0.000000,,,,0.003789,0.119982,1.500000,22.109462,40.717545,0.000000,circle,预设轨迹15,forward
1775480154.738778,19.092460,1775480186.787776|完整运动,完整运动,circle_orbit,1,1.000000,1.500000,1.500000,,,,,,,,,,,,,,,,1.199088,-0.006951,1.160517,-0.020937,0.000000,0.000000,-0.224229,,-0.093131,0.000000,,,,0.005797,0.119918,1.500000,22.158865,40.668142,0.000000,circle,预设轨迹15,forward
1775480154.761537,19.115220,1775480186.787776|完整运动,完整运动,circle_orbit,1,1.000000,1.500000,1.500000,,,,,,,,,,,,,,,,1.198484,-0.006899,1.162258,-0.006596,0.000000,0.000000,-0.226369,,-0.091065,0.000000,,,,0.005757,0.119858,1.500000,22.183636,40.643371,0.000000,circle,预设轨迹15,forward
1775480154.781959,19.135642,1775480186.787776|完整运动,完整运动,circle_orbit,1,1.000000,1.500000,1.500000,,,,,,,,,,,,,,,,1.197898,-0.006577,1.162757,-0.004703,0.000000,0.000000,-0.228214,,-0.089981,0.000000,,,,0.005491,0.119799,1.500000,22.208206,40.618800,0.000000,circle,预设轨迹15,forward
1775480154.804883,19.158566,1775480186.787776|完整运动,完整运动,circle_orbit,1,1.000000,1.500000,1.500000,,,,,,,,,,,,,,,,1.197347,-0.006313,1.164261,-0.004777,0.000000,0.000000,-0.230036,,-0.088210,0.000000,,,,0.005272,0.119744,1.500000,22.232805,40.594201,0.000000,circle,预设轨迹15,forward
1775480154.836004,19.189686,1775480186.787776|完整运动,完整运动,circle_orbit,1,1.000000,1.500000,1.500000,,,,,,,,,,,,,,,,1.196856,-0.007634,1.167423,-0.015320,0.000000,0.000000,-0.233151,,-0.084783,0.000000,,,,0.006379,0.119695,1.500000,22.281626,40.545380,0.000000,circle,预设轨迹15,forward
1775480154.856412,19.210094,1775480186.787776|完整运动,完整运动,circle_orbit,1,1.000000,1.500000,1.500000,,,,,,,,,,,,,,,,1.196416,-0.007364,1.169983,-0.005791,0.000000,0.000000,-0.234942,,-0.082309,0.000000,,,,0.006155,0.119651,1.500000,22.306341,40.520666,0.000000,circle,预设轨迹15,forward
1775480154.883672,19.237354,1775480186.787776|完整运动,完整运动,circle_orbit,1,1.000000,1.500000,1.500000,,,,,,,,,,,,,,,,1.196014,-0.007125,1.171936,-0.005737,0.000000,0.000000,-0.236699,,-0.080272,0.000000,,,,0.005958,0.119611,1.500000,22.330948,40.496059,0.000000,circle,预设轨迹15,forward
1775480154.919167,19.272849,1775480186.787776|完整运动,完整运动,circle_orbit,1,1.000000,1.500000,1.500000,,,,,,,,,,,,,,,,1.195681,-0.008367,1.175710,-0.015592,0.000000,0.000000,-0.239670,,-0.076515,0.000000,,,,0.006998,0.119577,1.500000,22.380266,40.446741,0.000000,circle,预设轨迹15,forward
1775480154.939655,19.293338,1775480186.787776|完整运动,完整运动,circle_orbit,1,1.000000,1.500000,1.500000,,,,,,,,,,,,,,,,1.195390,-0.007472,1.177905,-0.002265,0.000000,0.000000,-0.240851,,-0.074557,0.000000,,,,0.006251,0.119548,1.500000,22.405006,40.422000,0.000000,circle,预设轨迹15,forward
1775480154.973210,19.326893,1775480186.787776|完整运动,完整运动,circle_orbit,1,1.000000,1.500000,1.500000,,,,,,,,,,,,,,,,1.195145,-0.006717,1.180447,-0.002326,0.000000,0.000000,-0.242061,,-0.072359,0.000000,,,,0.005621,0.119524,1.500000,22.429708,40.397298,0.000000,circle,预设轨迹15,forward
1775480154.999185,19.352868,1775480186.787776|完整运动,完整运动,circle_orbit,1,1.000000,1.500000,1.500000,,,,,,,,,,,,,,,,1.194996,-0.008243,1.186021,-0.017120,0.000000,0.000000,-0.245149,,-0.067391,0.000000,,,,0.006898,0.119509,1.500000,22.479308,40.347699,0.000000,circle,预设轨迹15,forward
1775480155.020059,19.373742,1775480186.787776|完整运动,完整运动,circle_orbit,1,1.000000,1.500000,1.500000,,,,,,,,,,,,,,,,1.194886,-0.007935,1.188285,-0.006142,0.000000,0.000000,-0.246733,,-0.065252,0.000000,,,,0.006641,0.119498,1.500000,22.504130,40.322877,0.000000,circle,预设轨迹15,forward
1775480155.041951,19.395633,1775480186.787776|完整运动,完整运动,circle_orbit,1,1.000000,1.500000,1.500000,,,,,,,,,,,,,,,,1.194814,-0.007676,1.190539,-0.006167,0.000000,0.000000,-0.248309,,-0.063127,0.000000,,,,0.006424,0.119491,1.500000,22.529076,40.297930,0.000000,circle,预设轨迹15,forward
1775480155.069933,19.423615,1775480186.787776|完整运动,完整运动,circle_orbit,1,1.000000,1.500000,1.500000,,,,,,,,,,,,,,,,1.194789,-0.007343,1.193283,-0.005409,0.000000,0.000000,-0.249781,,-0.060728,0.000000,,,,0.006146,0.119488,1.500000,22.554204,40.272802,0.000000,circle,预设轨迹15,forward
1775480155.105578,19.459261,1775480186.787776|完整运动,完整运动,circle_orbit,1,1.000000,1.500000,1.500000,,,,,,,,,,,,,,,,1.194844,-0.008101,1.198155,-0.012513,0.000000,0.000000,-0.252145,,-0.056587,0.000000,,,,0.006780,0.119494,1.500000,22.604234,40.222773,0.000000,circle,预设轨迹15,forward
1775480155.130823,19.484506,1775480186.787776|完整运动,完整运动,circle_orbit,1,1.000000,1.500000,1.500000,,,,,,,,,,,,,,,,1.194940,-0.007182,1.200687,-0.001829,0.000000,0.000000,-0.253098,,-0.054556,0.000000,,,,0.006010,0.119503,1.500000,22.628972,40.198034,0.000000,circle,预设轨迹15,forward
1775480155.151399,19.505082,1775480186.787776|完整运动,完整运动,circle_orbit,1,1.000000,1.500000,1.500000,,,,,,,,,,,,,,,,1.195144,-0.007584,1.207387,-0.009925,0.000000,0.000000,-0.255110,,-0.049418,0.000000,,,,0.006346,0.119524,1.500000,22.678708,40.148298,0.000000,circle,预设轨迹15,forward
1775480155.175018,19.528701,1775480186.787776|完整运动,完整运动,circle_orbit,1,1.000000,1.500000,1.500000,,,,,,,,,,,,,,,,1.195345,-0.005630,1.207387,0.005737,0.000000,0.000000,-0.255110,,-0.049418,0.000000,,,,0.004710,0.119544,1.500000,22.678708,40.148298,0.000000,circle,预设轨迹15,forward
1775480155.198689,19.552372,1775480186.787776|完整运动,完整运动,circle_orbit,1,1.000000,1.500000,1.500000,,,,,,,,,,,,,,,,1.195634,-0.006161,1.212981,-0.009246,0.000000,0.000000,-0.257104,,-0.045040,0.000000,,,,0.005153,0.119573,1.500000,22.727869,40.099138,0.000000,circle,预设轨迹15,forward
1775480155.219291,19.572974,1775480186.787776|完整运动,完整运动,circle_orbit,1,1.000000,1.500000,1.500000,,,,,,,,,,,,,,,,1.195960,-0.005157,1.215513,0.000681,0.000000,0.000000,-0.257809,,-0.043148,0.000000,,,,0.004312,0.119605,1.500000,22.752232,40.074774,0.000000,circle,预设轨迹15,forward
1775480155.244211,19.597893,1775480186.787776|完整运动,完整运动,circle_orbit,1,1.000000,1.500000,1.500000,,,,,,,,,,,,,,,,1.196329,-0.004095,1.218480,0.002085,0.000000,0.000000,-0.258394,,-0.041036,0.000000,,,,0.003423,0.119642,1.500000,22.776372,40.050635,0.000000,circle,预设轨迹15,forward
1775480155.274509,19.628192,1775480186.787776|完整运动,完整运动,circle_orbit,1,1.000000,1.500000,1.500000,,,,,,,,,,,,,,,,1.196800,-0.003664,1.225039,-0.001155,0.000000,0.000000,-0.259454,,-0.036493,0.000000,,,,0.003061,0.119689,1.500000,22.825090,40.001917,0.000000,circle,预设轨迹15,forward
1775480155.311672,19.665355,1775480186.787776|完整运动,完整运动,circle_orbit,1,1.000000,1.500000,1.500000,,,,,,,,,,,,,,,,1.197322,-0.002825,1.228658,0.002052,0.000000,0.000000,-0.260139,,-0.033964,0.000000,,,,0.002360,0.119741,1.500000,22.849707,39.977299,0.000000,circle,预设轨迹15,forward
1775480155.332546,19.686229,1775480186.787776|完整运动,完整运动,circle_orbit,1,1.000000,1.500000,1.500000,,,,,,,,,,,,,,,,1.197930,-0.001941,1.234422,0.003204,0.000000,0.000000,-0.260738,,-0.030161,0.000000,,,,0.001620,0.119802,1.500000,22.898947,39.928059,0.000000,circle,预设轨迹15,forward
1775480155.352891,19.706574,1775480186.787776|完整运动,完整运动,circle_orbit,1,1.000000,1.500000,1.500000,,,,,,,,,,,,,,,,1.198591,-0.000397,1.238224,0.008580,0.000000,0.000000,-0.260726,,-0.027834,0.000000,,,,0.000331,0.119868,1.500000,22.923717,39.903290,0.000000,circle,预设轨迹15,forward
1775480155.383533,19.737216,1775480186.787776|完整运动,完整运动,circle_orbit,1,1.000000,1.500000,1.500000,,,,,,,,,,,,,,,,1.199315,0.000930,1.242794,0.008640,0.000000,0.000000,-0.260816,,-0.025014,0.000000,,,,0.000775,0.119941,1.500000,22.948318,39.878688,0.000000,circle,预设轨迹15,forward
1775480155.408605,19.762287,1775480186.787776|完整运动,完整运动,circle_orbit,1,1.000000,1.500000,1.500000,,,,,,,,,,,,,,,,1.200102,0.002056,1.247295,0.008602,0.000000,0.000000,-0.261010,,-0.022215,0.000000,,,,0.001713,0.120019,1.500000,22.973021,39.853986,0.000000,circle,预设轨迹15,forward
1775480155.429228,19.782910,1775480186.787776|完整运动,完整运动,circle_orbit,1,1.000000,1.500000,1.500000,,,,,,,,,,,,,,,,1.201000,0.002409,1.254876,0.004459,0.000000,0.000000,-0.261818,,-0.017351,0.000000,,,,0.002006,0.120109,1.500000,23.022608,39.804399,0.000000,circle,预设轨迹15,forward
1775480155.452205,19.805887,1775480186.787776|完整运动,完整运动,circle_orbit,1,1.000000,1.500000,1.500000,,,,,,,,,,,,,,,,1.201883,0.003699,1.254876,0.011196,0.000000,0.000000,-0.261818,,-0.017351,0.000000,,,,0.003078,0.120198,1.500000,23.022608,39.804399,0.000000,circle,预设轨迹15,forward
1775480155.482282,19.835965,1775480186.787776|完整运动,完整运动,circle_orbit,1,1.000000,1.500000,1.500000,,,,,,,,,,,,,,,,1.202870,0.004304,1.262112,0.007816,0.000000,0.000000,-0.262348,,-0.012855,0.000000,,,,0.003578,0.120296,1.500000,23.072531,39.754475,0.000000,circle,预设轨迹15,forward
1775480155.508464,19.862147,1775480186.787776|完整运动,完整运动,circle_orbit,1,1.000000,1.500000,1.500000,,,,,,,,,,,,,,,,1.203971,0.005420,1.270004,0.011904,0.000000,0.000000,-0.262433,,-0.008205,0.000000,,,,0.004502,0.120406,1.500000,23.122351,39.704655,0.000000,circle,预设轨迹15,forward
1775480155.540515,19.894198,1775480186.787776|完整运动,完整运动,circle_orbit,1,1.000000,1.500000,1.500000,,,,,,,,,,,,,,,,1.205111,0.006839,1.273523,0.015075,0.000000,0.000000,-0.262214,,-0.006253,0.000000,,,,0.005675,0.120520,1.500000,23.147181,39.679826,0.000000,circle,预设轨迹15,forward
1775480155.560845,19.914528,1775480186.787776|完整运动,完整运动,circle_orbit,1,1.000000,1.500000,1.500000,,,,,,,,,,,,,,,,1.206312,0.008169,1.278367,0.015888,0.000000,0.000000,-0.262012,,-0.003545,0.000000,,,,0.006772,0.120641,1.500000,23.172175,39.654831,0.000000,circle,预设轨迹15,forward
1775480155.586159,19.939842,1775480186.787776|完整运动,完整运动,circle_orbit,1,1.000000,1.500000,1.500000,,,,,,,,,,,,,,,,1.207570,0.009494,1.283031,0.017182,0.000000,0.000000,-0.261764,,-0.000978,0.000000,,,,0.007862,0.120766,1.500000,23.197113,39.629893,0.000000,circle,预设轨迹15,forward
1775480155.609035,19.962718,1775480186.787776|完整运动,完整运动,circle_orbit,1,1.000000,1.500000,1.500000,,,,,,,,,,,,,,,,1.208798,0.010783,1.282466,0.018261,0.000000,0.000000,-0.261497,,0.001407,0.000000,,,,0.008921,0.120889,1.500000,23.222230,39.604777,0.000000,circle,预设轨迹15,forward
1775480155.629690,19.983373,1775480186.787776|完整运动,完整运动,circle_orbit,1,1.000000,1.500000,1.500000,,,,,,,,,,,,,,,,1.209909,0.012817,1.276616,0.024608,0.000000,0.000000,-0.260556,,0.005133,0.000000,,,,0.010593,0.121000,1.500000,23.271722,39.555285,0.000000,circle,预设轨迹15,forward
1775480155.653115,20.006797,1775480186.787776|完整运动,完整运动,circle_orbit,1,1.000000,1.500000,1.500000,,,,,,,,,,,,,,,,1.210952,0.014526,1.273538,0.024435,0.000000,0.000000,-0.259804,,0.007209,0.000000,,,,0.011996,0.121105,1.500000,23.296316,39.530690,0.000000,circle,预设轨迹15,forward
1775480155.675515,20.029198,1775480186.787776|完整运动,完整运动,circle_orbit,1,1.000000,1.500000,1.500000,,,,,,,,,,,,,,,,1.211920,0.016286,1.269944,0.026486,0.000000,0.000000,-0.258946,,0.009635,0.000000,,,,0.013438,0.121201,1.500000,23.321008,39.505999,0.000000,circle,预设轨迹15,forward
1775480155.695925,20.049608,1775480186.787776|完整运动,完整运动,circle_orbit,1,1.000000,1.500000,1.500000,,,,,,,,,,,,,,,,1.212807,0.017832,1.266034,0.026792,0.000000,0.000000,-0.258206,,0.012211,0.000000,,,,0.014703,0.121290,1.500000,23.345860,39.481146,0.000000,circle,预设轨迹15,forward
1775480155.720707,20.074390,1775480186.787776|完整运动,完整运动,circle_orbit,1,1.000000,1.500000,1.500000,,,,,,,,,,,,,,,,1.213622,0.019288,1.262518,0.027720,0.000000,0.000000,-0.257495,,0.014558,0.000000,,,,0.015893,0.121372,1.500000,23.370776,39.456230,0.000000,circle,预设轨迹15,forward
1775480155.742531,20.096214,1775480186.787776|完整运动,完整运动,circle_orbit,1,1.000000,1.500000,1.500000,,,,,,,,,,,,,,,,1.214377,0.020912,1.259679,0.030317,0.000000,0.000000,-0.256600,,0.016589,0.000000,,,,0.017220,0.121447,1.500000,23.395722,39.431285,0.000000,circle,预设轨迹15,forward
1775480155.762816,20.116499,1775480186.787776|完整运动,完整运动,circle_orbit,1,1.000000,1.500000,1.500000,,,,,,,,,,,,,,,,1.215022,0.023911,1.253739,0.041283,0.000000,0.000000,-0.254493,,0.020958,0.000000,,,,0.019680,0.121512,1.500000,23.445915,39.381091,0.000000,circle,预设轨迹15,forward
1775480155.788721,20.142403,1775480186.787776|完整运动,完整运动,circle_orbit,1,1.000000,1.500000,1.500000,,,,,,,,,,,,,,,,1.215657,0.024267,1.253739,0.026325,0.000000,0.000000,-0.254493,,0.020958,0.000000,,,,0.019962,0.121575,1.500000,23.445915,39.381091,0.000000,circle,预设轨迹15,forward
1775480155.812021,20.165704,1775480186.787776|完整运动,完整运动,circle_orbit,1,1.000000,1.500000,1.500000,,,,,,,,,,,,,,,,1.216172,0.027118,1.247115,0.043626,0.000000,0.000000,-0.252417,,0.025761,0.000000,,,,0.022298,0.121627,1.500000,23.496209,39.330797,0.000000,circle,预设轨迹15,forward
1775480155.832392,20.186074,1775480186.787776|完整运动,完整运动,circle_orbit,1,1.000000,1.500000,1.500000,,,,,,,,,,,,,,,,1.216621,0.028379,1.243551,0.035683,0.000000,0.000000,-0.251571,,0.028254,0.000000,,,,0.023326,0.121671,1.500000,23.521421,39.305585,0.000000,circle,预设轨迹15,forward
1775480155.857431,20.211113,1775480186.787776|完整运动,完整运动,circle_orbit,1,1.000000,1.500000,1.500000,,,,,,,,,,,,,,,,1.217063,0.028614,1.243551,0.029971,0.000000,0.000000,-0.251571,,0.028254,0.000000,,,,0.023511,0.121716,1.500000,23.521421,39.305585,0.000000,circle,预设轨迹15,forward
1775480155.891664,20.245346,1775480186.787776|完整运动,完整运动,circle_orbit,1,1.000000,1.500000,1.500000,,,,,,,,,,,,,,,,1.217386,0.030781,1.236789,0.043326,0.000000,0.000000,-0.249981,,0.033011,0.000000,,,,0.025285,0.121748,1.500000,23.572097,39.254910,0.000000,circle,预设轨迹15,forward
1775480155.926639,20.280322,1775480186.787776|完整运动,完整运动,circle_orbit,1,1.000000,1.500000,1.500000,,,,,,,,,,,,,,,,1.217612,0.033548,1.231200,0.049559,0.000000,0.000000,-0.247812,,0.037320,0.000000,,,,0.027552,0.121771,1.500000,23.622944,39.204063,0.000000,circle,预设轨迹15,forward
1775480155.950353,20.304036,1775480186.787776|完整运动,完整运动,circle_orbit,1,1.000000,1.500000,1.500000,,,,,,,,,,,,,,,,1.217797,0.035162,1.228856,0.044501,0.000000,0.000000,-0.246509,,0.039293,0.000000,,,,0.028873,0.121789,1.500000,23.648231,39.178775,0.000000,circle,预设轨迹15,forward
1775480155.970683,20.324366,1775480186.787776|完整运动,完整运动,circle_orbit,1,1.000000,1.500000,1.500000,,,,,,,,,,,,,,,,1.217875,0.038427,1.222569,0.057324,0.000000,0.000000,-0.243780,,0.044308,0.000000,,,,0.031552,0.121797,1.500000,23.699058,39.127949,0.000000,circle,预设轨迹15,forward
1775480155.997425,20.351108,1775480186.787776|完整运动,完整运动,circle_orbit,1,1.000000,1.500000,1.500000,,,,,,,,,,,,,,,,1.217909,0.039970,1.219920,0.048903,0.000000,0.000000,-0.242375,,0.046536,0.000000,,,,0.032819,0.121800,1.500000,23.724537,39.102469,0.000000,circle,预设轨迹15,forward
1775480156.019146,20.372828,1775480186.787776|完整运动,完整运动,circle_orbit,1,1.000000,1.500000,1.500000,,,,,,,,,,,,,,,,1.217904,0.041514,1.217647,0.050449,0.000000,0.000000,-0.240946,,0.048542,0.000000,,,,0.034087,0.121800,1.500000,23.750078,39.076929,0.000000,circle,预设轨迹15,forward
1775480156.039635,20.393317,1775480186.787776|完整运动,完整运动,circle_orbit,1,1.000000,1.500000,1.500000,,,,,,,,,,,,,,,,1.217877,0.043228,1.216263,0.053150,0.000000,0.000000,-0.239345,,0.050058,0.000000,,,,0.035495,0.121797,1.500000,23.775130,39.051876,0.000000,circle,预设轨迹15,forward
1775480156.064295,20.417978,1775480186.787776|完整运动,完整运动,circle_orbit,1,1.000000,1.500000,1.500000,,,,,,,,,,,,,,,,1.217824,0.045247,1.214631,0.056931,0.000000,0.000000,-0.237451,,0.051851,0.000000,,,,0.037154,0.121792,1.500000,23.800246,39.026761,0.000000,circle,预设轨迹15,forward
1775480156.086750,20.440432,1775480186.787776|完整运动,完整运动,circle_orbit,1,1.000000,1.500000,1.500000,,,,,,,,,,,,,,,,1.217740,0.047336,1.212672,0.059424,0.000000,0.000000,-0.235446,,0.053901,0.000000,,,,0.038872,0.121783,1.500000,23.825298,39.001708,0.000000,circle,预设轨迹15,forward
1775480156.107367,20.461050,1775480186.787776|完整运动,完整运动,circle_orbit,1,1.000000,1.500000,1.500000,,,,,,,,,,,,,,,,1.217584,0.051384,1.208236,0.074815,0.000000,0.000000,-0.231730,,0.058225,0.000000,,,,0.042202,0.121768,1.500000,23.875113,38.951893,0.000000,circle,预设轨迹15,forward
1775480156.132463,20.486145,1775480186.787776|完整运动,完整运动,circle_orbit,1,1.000000,1.500000,1.500000,,,,,,,,,,,,,,,,1.217395,0.052893,1.206088,0.061623,0.000000,0.000000,-0.229996,,0.060301,0.000000,,,,0.043447,0.121749,1.500000,23.900196,38.926810,0.000000,circle,预设轨迹15,forward
1775480156.156036,20.509719,1775480186.787776|完整运动,完整运动,circle_orbit,1,1.000000,1.500000,1.500000,,,,,,,,,,,,,,,,1.217210,0.052335,1.206088,0.049107,0.000000,0.000000,-0.229996,,0.060301,0.000000,,,,0.042996,0.121730,1.500000,23.900196,38.926810,0.000000,circle,预设轨迹15,forward
1775480156.176658,20.530341,1775480186.787776|完整运动,完整运动,circle_orbit,1,1.000000,1.500000,1.500000,,,,,,,,,,,,,,,,1.216978,0.056569,1.203036,0.081076,0.000000,0.000000,-0.226051,,0.063851,0.000000,,,,0.046483,0.121707,1.500000,23.950382,38.876625,0.000000,circle,预设轨迹15,forward
1775480156.200566,20.554249,1775480186.787776|完整运动,完整运动,circle_orbit,1,1.000000,1.500000,1.500000,,,,,,,,,,,,,,,,1.216722,0.058340,1.201397,0.068598,0.000000,0.000000,-0.224009,,0.065731,0.000000,,,,0.047949,0.121682,1.500000,23.975444,38.851563,0.000000,circle,预设轨迹15,forward
1775480156.226461,20.580144,1775480186.787776|完整运动,完整运动,circle_orbit,1,1.000000,1.500000,1.500000,,,,,,,,,,,,,,,,1.216441,0.059940,1.199596,0.069200,0.000000,0.000000,-0.222086,,0.067672,0.000000,,,,0.049275,0.121654,1.500000,24.000411,38.826596,0.000000,circle,预设轨迹15,forward
1775480156.247010,20.600692,1775480186.787776|完整运动,完整运动,circle_orbit,1,1.000000,1.500000,1.500000,,,,,,,,,,,,,,,,1.216103,0.063285,1.195797,0.082655,0.000000,0.000000,-0.218670,,0.071521,0.000000,,,,0.052039,0.121620,1.500000,24.050687,38.776320,0.000000,circle,预设轨迹15,forward
1775480156.269893,20.623575,1775480186.787776|完整运动,完整运动,circle_orbit,1,1.000000,1.500000,1.500000,,,,,,,,,,,,,,,,1.215745,0.064540,1.194285,0.071802,0.000000,0.000000,-0.216905,,0.073220,0.000000,,,,0.053086,0.121584,1.500000,24.075941,38.751065,0.000000,circle,预设轨迹15,forward
1775480156.295298,20.648981,1775480186.787776|完整运动,完整运动,circle_orbit,1,1.000000,1.500000,1.500000,,,,,,,,,,,,,,,,1.215371,0.065984,1.192902,0.074348,0.000000,0.000000,-0.214985,,0.074898,0.000000,,,,0.054291,0.121546,1.500000,24.101281,38.725726,0.000000,circle,预设轨迹15,forward
1775480156.315826,20.669509,1775480186.787776|完整运动,完整运动,circle_orbit,1,1.000000,1.500000,1.500000,,,,,,,,,,,,,,,,1.214976,0.067543,1.191277,0.076573,0.000000,0.000000,-0.212962,,0.076779,0.000000,,,,0.055592,0.121507,1.500000,24.126494,38.700512,0.000000,circle,预设轨迹15,forward
1775480156.339798,20.693480,1775480186.787776|完整运动,完整运动,circle_orbit,1,1.000000,1.500000,1.500000,,,,,,,,,,,,,,,,1.214565,0.069275,1.189894,0.079305,0.000000,0.000000,-0.210777,,0.078568,0.000000,,,,0.057037,0.121466,1.500000,24.151532,38.675475,0.000000,circle,预设轨迹15,forward
1775480156.363744,20.717427,1775480186.787776|完整运动,完整运动,circle_orbit,1,1.000000,1.500000,1.500000,,,,,,,,,,,,,,,,1.214136,0.071081,1.188431,0.081546,0.000000,0.000000,-0.208503,,0.080448,0.000000,,,,0.058545,0.121423,1.500000,24.176438,38.650569,0.000000,circle,预设轨迹15,forward
1775480156.384205,20.737888,1775480186.787776|完整运动,完整运动,circle_orbit,1,1.000000,1.500000,1.500000,,,,,,,,,,,,,,,,1.213660,0.075310,1.185076,0.099806,0.000000,0.000000,-0.204149,,0.084422,0.000000,,,,0.062052,0.121375,1.500000,24.226740,38.600266,0.000000,circle,预设轨迹15,forward
1775480156.407955,20.761638,1775480186.787776|完整运动,完整运动,circle_orbit,1,1.000000,1.500000,1.500000,,,,,,,,,,,,,,,,1.213178,0.076811,1.184241,0.085509,0.000000,0.000000,-0.201934,,0.085867,0.000000,,,,0.063314,0.121327,1.500000,24.252113,38.574893,0.000000,circle,预设轨迹15,forward
1775480156.439083,20.792766,1775480186.787776|完整运动,完整运动,circle_orbit,1,1.000000,1.500000,1.500000,,,,,,,,,,,,,,,,1.212703,0.075692,1.184241,0.069210,0.000000,0.000000,-0.201934,,0.085867,0.000000,,,,0.062416,0.121280,1.500000,24.252113,38.574893,0.000000,circle,预设轨迹15,forward
1775480156.475794,20.829477,1775480186.787776|完整运动,完整运动,circle_orbit,1,1.000000,1.500000,1.500000,,,,,,,,,,,,,,,,1.212219,0.083301,1.183139,0.127394,0.000000,0.000000,-0.194354,,0.089636,0.000000,,,,0.068718,0.121231,1.500000,24.326920,38.500087,0.000000,circle,预设轨迹15,forward
1775480156.501016,20.854699,1775480186.787776|完整运动,完整运动,circle_orbit,1,1.000000,1.500000,1.500000,,,,,,,,,,,,,,,,1.211729,0.085333,1.182352,0.097111,0.000000,0.000000,-0.191485,,0.091311,0.000000,,,,0.070422,0.121182,1.500000,24.351588,38.475418,0.000000,circle,预设轨迹15,forward
1775480156.521546,20.875228,1775480186.787776|完整运动,完整运动,circle_orbit,1,1.000000,1.500000,1.500000,,,,,,,,,,,,,,,,1.211241,0.087394,1.181946,0.099340,0.000000,0.000000,-0.188562,,0.092753,0.000000,,,,0.072152,0.121133,1.500000,24.376301,38.450706,0.000000,circle,预设轨迹15,forward
1775480156.543411,20.897094,1775480186.787776|完整运动,完整运动,circle_orbit,1,1.000000,1.500000,1.500000,,,,,,,,,,,,,,,,1.210742,0.089168,1.180836,0.099451,0.000000,0.000000,-0.185853,,0.094582,0.000000,,,,0.073647,0.121084,1.500000,24.401177,38.425830,0.000000,circle,预设轨迹15,forward
1775480156.568630,20.922313,1775480186.787776|完整运动,完整运动,circle_orbit,1,1.000000,1.500000,1.500000,,,,,,,,,,,,,,,,1.210247,0.094625,1.180518,0.126268,0.000000,0.000000,-0.180004,,0.097136,0.000000,,,,0.078187,0.121034,1.500000,24.451078,38.375928,0.000000,circle,预设轨迹15,forward
1775480156.589207,20.942890,1775480186.787776|完整运动,完整运动,circle_orbit,1,1.000000,1.500000,1.500000,,,,,,,,,,,,,,,,1.209759,0.096521,1.180484,0.107513,0.000000,0.000000,-0.176949,,0.098381,0.000000,,,,0.079785,0.120985,1.500000,24.476076,38.350931,0.000000,circle,预设轨迹15,forward
1775480156.613013,20.966695,1775480186.787776|完整运动,完整运动,circle_orbit,1,1.000000,1.500000,1.500000,,,,,,,,,,,,,,,,1.209266,0.098259,1.179718,0.108337,0.000000,0.000000,-0.174018,,0.100069,0.000000,,,,0.081255,0.120936,1.500000,24.501023,38.325984,0.000000,circle,预设轨迹15,forward
1775480156.647900,21.001583,1775480186.787776|完整运动,完整运动,circle_orbit,1,1.000000,1.500000,1.500000,,,,,,,,,,,,,,,,1.208782,0.096540,1.179718,0.086574,0.000000,0.000000,-0.174018,,0.100069,0.000000,,,,0.079866,0.120888,1.500000,24.501023,38.325984,0.000000,circle,预设轨迹15,forward
1775480156.679172,21.032855,1775480186.787776|完整运动,完整运动,circle_orbit,1,1.000000,1.500000,1.500000,,,,,,,,,,,,,,,,1.208299,0.103622,1.179302,0.144699,0.000000,0.000000,-0.165932,,0.103584,0.000000,,,,0.085758,0.120839,1.500000,24.576070,38.250936,0.000000,circle,预设轨迹15,forward
1775480156.714948,21.068631,1775480186.787776|完整运动,完整运动,circle_orbit,1,1.000000,1.500000,1.500000,,,,,,,,,,,,,,,,1.207827,0.105157,1.179532,0.114065,0.000000,0.000000,-0.163100,,0.104562,0.000000,,,,0.087063,0.120792,1.500000,24.601218,38.225788,0.000000,circle,预设轨迹15,forward
1775480156.747660,21.101342,1775480186.787776|完整运动,完整运动,circle_orbit,1,1.000000,1.500000,1.500000,,,,,,,,,,,,,,,,1.207370,0.110484,1.179957,0.141393,0.000000,0.000000,-0.157054,,0.106694,0.000000,,,,0.091508,0.120746,1.500000,24.651416,38.175590,0.000000,circle,预设轨迹15,forward
1775480156.768755,21.122438,1775480186.787776|完整运动,完整运动,circle_orbit,1,1.000000,1.500000,1.500000,,,,,,,,,,,,,,,,1.206940,0.112280,1.181156,0.122700,0.000000,0.000000,-0.153789,,0.107193,0.000000,,,,0.093029,0.120703,1.500000,24.676098,38.150908,0.000000,circle,预设轨迹15,forward
1775480156.789104,21.142787,1775480186.787776|完整运动,完整运动,circle_orbit,1,1.000000,1.500000,1.500000,,,,,,,,,,,,,,,,1.206505,0.117406,1.180348,0.147154,0.000000,0.000000,-0.147697,,0.110174,0.000000,,,,0.097311,0.120660,1.500000,24.725702,38.101304,0.000000,circle,预设轨迹15,forward
1775480156.815689,21.169372,1775480186.787776|完整运动,完整运动,circle_orbit,1,1.000000,1.500000,1.500000,,,,,,,,,,,,,,,,1.206076,0.118371,1.180336,0.123973,0.000000,0.000000,-0.144945,,0.111283,0.000000,,,,0.098146,0.120617,1.500000,24.750643,38.076363,0.000000,circle,预设轨迹15,forward
1775480156.838485,21.192168,1775480186.787776|完整运动,完整运动,circle_orbit,1,1.000000,1.500000,1.500000,,,,,,,,,,,,,,,,1.205660,0.119389,1.180756,0.125300,0.000000,0.000000,-0.142205,,0.112096,0.000000,,,,0.099024,0.120575,1.500000,24.775603,38.051404,0.000000,circle,预设轨迹15,forward
1775480156.858850,21.212532,1775480186.787776|完整运动,完整运动,circle_orbit,1,1.000000,1.500000,1.500000,,,,,,,,,,,,,,,,1.205285,0.120692,1.182738,0.128256,0.000000,0.000000,-0.139268,,0.111941,0.000000,,,,0.100136,0.120538,1.500000,24.800403,38.026603,0.000000,circle,预设轨迹15,forward
1775480156.884061,21.237744,1775480186.787776|完整运动,完整运动,circle_orbit,1,1.000000,1.500000,1.500000,,,,,,,,,,,,,,,,1.204969,0.126426,1.186038,0.159715,0.000000,0.000000,-0.132585,,0.112409,0.000000,,,,0.104921,0.120506,1.500000,24.849544,37.977462,0.000000,circle,预设轨迹15,forward
1775480156.912996,21.266678,1775480186.787776|完整运动,完整运动,circle_orbit,1,1.000000,1.500000,1.500000,,,,,,,,,,,,,,,,1.204679,0.128147,1.187286,0.138139,0.000000,0.000000,-0.129078,,0.112981,0.000000,,,,0.106375,0.120477,1.500000,24.874032,37.952974,0.000000,circle,预设轨迹15,forward
1775480156.935297,21.288980,1775480186.787776|完整运动,完整运动,circle_orbit,1,1.000000,1.500000,1.500000,,,,,,,,,,,,,,,,1.204420,0.129775,1.188831,0.139226,0.000000,0.000000,-0.125660,,0.113321,0.000000,,,,0.107749,0.120451,1.500000,24.898348,37.928658,0.000000,circle,预设轨迹15,forward
1775480156.956278,21.309961,1775480186.787776|完整运动,完整运动,circle_orbit,1,1.000000,1.500000,1.500000,,,,,,,,,,,,,,,,1.204185,0.131298,1.190138,0.140142,0.000000,0.000000,-0.122344,,0.113782,0.000000,,,,0.109035,0.120428,1.500000,24.922630,37.904377,0.000000,circle,预设轨迹15,forward
1775480156.984798,21.338481,1775480186.787776|完整运动,完整运动,circle_orbit,1,1.000000,1.500000,1.500000,,,,,,,,,,,,,,,,1.203977,0.132974,1.191451,0.142703,0.000000,0.000000,-0.118914,,0.114286,0.000000,,,,0.110445,0.120407,1.500000,24.947185,37.879821,0.000000,circle,预设轨迹15,forward
1775480157.006088,21.359771,1775480186.787776|完整运动,完整运动,circle_orbit,1,1.000000,1.500000,1.500000,,,,,,,,,,,,,,,,1.203839,0.139032,1.195576,0.174212,0.000000,0.000000,-0.111755,,0.114436,0.000000,,,,0.115490,0.120393,1.500000,24.996300,37.830706,0.000000,circle,预设轨迹15,forward
1775480157.041775,21.395458,1775480186.787776|完整运动,完整运动,circle_orbit,1,1.000000,1.500000,1.500000,,,,,,,,,,,,,,,,1.203733,0.140395,1.197406,0.148312,0.000000,0.000000,-0.108338,,0.114604,0.000000,,,,0.116633,0.120383,1.500000,25.020964,37.806043,0.000000,circle,预设轨迹15,forward
1775480157.068831,21.422514,1775480186.787776|完整运动,完整运动,circle_orbit,1,1.000000,1.500000,1.500000,,,,,,,,,,,,,,,,1.203699,0.145766,1.201652,0.176957,0.000000,0.000000,-0.101542,,0.114556,0.000000,,,,0.121098,0.120379,1.500000,25.070258,37.756748,0.000000,circle,预设轨迹15,forward
1775480157.089205,21.442887,1775480186.787776|完整运动,完整运动,circle_orbit,1,1.000000,1.500000,1.500000,,,,,,,,,,,,,,,,1.203702,0.146951,1.203851,0.153830,0.000000,0.000000,-0.098106,,0.114506,0.000000,,,,0.122082,0.120379,1.500000,25.095139,37.731867,0.000000,circle,预设轨迹15,forward
1775480157.112170,21.465853,1775480186.787776|完整运动,完整运动,circle_orbit,1,1.000000,1.500000,1.500000,,,,,,,,,,,,,,,,1.203743,0.148328,1.206186,0.156324,0.000000,0.000000,-0.094556,,0.114418,0.000000,,,,0.123222,0.120384,1.500000,25.120111,37.706895,0.000000,circle,预设轨迹15,forward
1775480157.135250,21.488933,1775480186.787776|完整运动,完整运动,circle_orbit,1,1.000000,1.500000,1.500000,,,,,,,,,,,,,,,,1.203829,0.149956,1.208993,0.159410,0.000000,0.000000,-0.090825,,0.114106,0.000000,,,,0.124566,0.120392,1.500000,25.144999,37.682007,0.000000,circle,预设轨迹15,forward
1775480157.155834,21.509517,1775480186.787776|完整运动,完整运动,circle_orbit,1,1.000000,1.500000,1.500000,,,,,,,,,,,,,,,,1.203953,0.151528,1.211393,0.160659,0.000000,0.000000,-0.087157,,0.114037,0.000000,,,,0.125859,0.120405,1.500000,25.169730,37.657276,0.000000,circle,预设轨迹15,forward
1775480157.180527,21.534210,1775480186.787776|完整运动,完整运动,circle_orbit,1,1.000000,1.500000,1.500000,,,,,,,,,,,,,,,,1.204105,0.152777,1.213265,0.160032,0.000000,0.000000,-0.083780,,0.114194,0.000000,,,,0.126880,0.120420,1.500000,25.194510,37.632497,0.000000,circle,预设轨迹15,forward
1775480157.203282,21.556965,1775480186.787776|完整运动,完整运动,circle_orbit,1,1.000000,1.500000,1.500000,,,,,,,,,,,,,,,,1.204293,0.153793,1.215552,0.159692,0.000000,0.000000,-0.080633,,0.113999,0.000000,,,,0.127704,0.120439,1.500000,25.219191,37.607815,0.000000,circle,预设轨迹15,forward
1775480157.223841,21.577523,1775480186.787776|完整运动,完整运动,circle_orbit,1,1.000000,1.500000,1.500000,,,,,,,,,,,,,,,,1.204568,0.158374,1.221069,0.184969,0.000000,0.000000,-0.074490,,0.112972,0.000000,,,,0.131478,0.120466,1.500000,25.268479,37.558528,0.000000,circle,预设轨迹15,forward
1775480157.248601,21.602284,1775480186.787776|完整运动,完整运动,circle_orbit,1,1.000000,1.500000,1.500000,,,,,,,,,,,,,,,,1.204891,0.159019,1.224271,0.162764,0.000000,0.000000,-0.071525,,0.112150,0.000000,,,,0.131978,0.120498,1.500000,25.292959,37.534048,0.000000,circle,预设轨迹15,forward
1775480157.281898,21.635581,1775480186.787776|完整运动,完整运动,circle_orbit,1,1.000000,1.500000,1.500000,,,,,,,,,,,,,,,,1.205259,0.159677,1.227347,0.163498,0.000000,0.000000,-0.068615,,0.111395,0.000000,,,,0.132484,0.120535,1.500000,25.317455,37.509552,0.000000,circle,预设轨迹15,forward
1775480157.307318,21.661001,1775480186.787776|完整运动,完整运动,circle_orbit,1,1.000000,1.500000,1.500000,,,,,,,,,,,,,,,,1.205689,0.160649,1.231472,0.166290,0.000000,0.000000,-0.065496,,0.110084,0.000000,,,,0.133242,0.120578,1.500000,25.341718,37.485288,0.000000,circle,预设轨迹15,forward
1775480157.330017,21.683699,1775480186.787776|完整运动,完整运动,circle_orbit,1,1.000000,1.500000,1.500000,,,,,,,,,,,,,,,,1.206238,0.165444,1.239219,0.193270,0.000000,0.000000,-0.059160,,0.107859,0.000000,,,,0.137157,0.120633,1.500000,25.390151,37.436856,0.000000,circle,预设轨迹15,forward
1775480157.352192,21.705875,1775480186.787776|完整运动,完整运动,circle_orbit,1,1.000000,1.500000,1.500000,,,,,,,,,,,,,,,,1.206857,0.166502,1.243942,0.172642,0.000000,0.000000,-0.055810,,0.106327,0.000000,,,,0.137963,0.120695,1.500000,25.414264,37.412742,0.000000,circle,预设轨迹15,forward
1775480157.384759,21.738442,1775480186.787776|完整运动,完整运动,circle_orbit,1,1.000000,1.500000,1.500000,,,,,,,,,,,,,,,,1.207534,0.167696,1.248182,0.174623,0.000000,0.000000,-0.052382,,0.105138,0.000000,,,,0.138874,0.120763,1.500000,25.438575,37.388432,0.000000,circle,预设轨迹15,forward
1775480157.414359,21.768042,1775480186.787776|完整运动,完整运动,circle_orbit,1,1.000000,1.500000,1.500000,,,,,,,,,,,,,,,,1.208328,0.172727,1.255967,0.201911,0.000000,0.000000,-0.045718,,0.103148,0.000000,,,,0.142947,0.120842,1.500000,25.487059,37.339947,0.000000,circle,预设轨迹15,forward
1775480157.445191,21.798873,1775480186.787776|完整运动,完整运动,circle_orbit,1,1.000000,1.500000,1.500000,,,,,,,,,,,,,,,,1.209163,0.173301,1.259251,0.176629,0.000000,0.000000,-0.042642,,0.102432,0.000000,,,,0.143323,0.120926,1.500000,25.511276,37.315730,0.000000,circle,预设轨迹15,forward
1775480157.470234,21.823917,1775480186.787776|完整运动,完整运动,circle_orbit,1,1.000000,1.500000,1.500000,,,,,,,,,,,,,,,,1.210119,0.177584,1.267491,0.202420,0.000000,0.000000,-0.036484,,0.100056,0.000000,,,,0.146749,0.121021,1.500000,25.560013,37.266994,0.000000,circle,预设轨迹15,forward
1775480157.490549,21.844232,1775480186.787776|完整运动,完整运动,circle_orbit,1,1.000000,1.500000,1.500000,,,,,,,,,,,,,,,,1.211128,0.178176,1.271696,0.181607,0.000000,0.000000,-0.033310,,0.098880,0.000000,,,,0.147116,0.121122,1.500000,25.584644,37.242362,0.000000,circle,预设轨迹15,forward
1775480157.520137,21.873820,1775480186.787776|完整运动,完整运动,circle_orbit,1,1.000000,1.500000,1.500000,,,,,,,,,,,,,,,,1.212197,0.178863,1.276315,0.182847,0.000000,0.000000,-0.030126,,0.097485,0.000000,,,,0.147553,0.121229,1.500000,25.609191,37.217815,0.000000,circle,预设轨迹15,forward
1775480157.543880,21.897562,1775480186.787776|完整运动,完整运动,circle_orbit,1,1.000000,1.500000,1.500000,,,,,,,,,,,,,,,,1.213308,0.179533,1.279990,0.183415,0.000000,0.000000,-0.027020,,0.096619,0.000000,,,,0.147970,0.121340,1.500000,25.633765,37.193242,0.000000,circle,预设轨迹15,forward
1775480157.564458,21.918140,1775480186.787776|完整运动,完整运动,circle_orbit,1,1.000000,1.500000,1.500000,,,,,,,,,,,,,,,,1.214540,0.183482,1.288448,0.206353,0.000000,0.000000,-0.021188,,0.094144,0.000000,,,,0.151071,0.121463,1.500000,25.682909,37.144098,0.000000,circle,预设轨迹15,forward
1775480157.588741,21.942424,1775480186.787776|完整运动,完整运动,circle_orbit,1,1.000000,1.500000,1.500000,,,,,,,,,,,,,,,,1.215752,0.180386,1.288448,0.162463,0.000000,0.000000,-0.021188,,0.094144,0.000000,,,,0.148374,0.121585,1.500000,25.682909,37.144098,0.000000,circle,预设轨迹15,forward
1775480157.610395,21.964078,1775480186.787776|完整运动,完整运动,circle_orbit,1,1.000000,1.500000,1.500000,,,,,,,,,,,,,,,,1.217098,0.184230,1.297844,0.206481,0.000000,0.000000,-0.015587,,0.091117,0.000000,,,,0.151369,0.121719,1.500000,25.732186,37.094820,0.000000,circle,预设轨迹15,forward
1775480157.630709,21.984391,1775480186.787776|完整运动,完整运动,circle_orbit,1,1.000000,1.500000,1.500000,,,,,,,,,,,,,,,,1.218514,0.184547,1.303496,0.186378,0.000000,0.000000,-0.012826,,0.089089,0.000000,,,,0.151452,0.121861,1.500000,25.756661,37.070346,0.000000,circle,预设轨迹15,forward
1775480157.653765,22.007448,1775480186.787776|完整运动,完整运动,circle_orbit,1,1.000000,1.500000,1.500000,,,,,,,,,,,,,,,,1.219907,0.181685,1.303496,0.165127,0.000000,0.000000,-0.012826,,0.089089,0.000000,,,,0.148933,0.122000,1.500000,25.756661,37.070346,0.000000,circle,预设轨迹15,forward
1775480157.680925,22.034608,1775480186.787776|完整运动,完整运动,circle_orbit,1,1.000000,1.500000,1.500000,,,,,,,,,,,,,,,,1.221458,0.185662,1.314519,0.208664,0.000000,0.000000,-0.007289,,0.085273,0.000000,,,,0.152001,0.122155,1.500000,25.805645,37.021361,0.000000,circle,预设轨迹15,forward
1775480157.701336,22.055018,1775480186.787776|完整运动,完整运动,circle_orbit,1,1.000000,1.500000,1.500000,,,,,,,,,,,,,,,,1.223065,0.185996,1.319451,0.187925,0.000000,0.000000,-0.004664,,0.083657,0.000000,,,,0.152074,0.122316,1.500000,25.830214,36.996792,0.000000,circle,预设轨迹15,forward
1775480157.728723,22.082406,1775480186.787776|完整运动,完整运动,circle_orbit,1,1.000000,1.500000,1.500000,,,,,,,,,,,,,,,,1.224726,0.186219,1.324401,0.187509,0.000000,0.000000,-0.002188,,0.081992,0.000000,,,,0.152050,0.122482,1.500000,25.854693,36.972313,0.000000,circle,预设轨迹15,forward
1775480157.753516,22.107199,1775480186.787776|完整运动,完整运动,circle_orbit,1,1.000000,1.500000,1.500000,,,,,,,,,,,,,,,,1.226500,0.189476,1.332967,0.208287,0.000000,0.000000,0.002793,,0.077201,0.000000,,,,0.154485,0.122659,1.500000,25.903121,36.923885,0.000000,circle,预设轨迹15,forward
1775480157.773886,22.127569,1775480186.787776|完整运动,完整运动,circle_orbit,1,1.000000,1.500000,1.500000,,,,,,,,,,,,,,,,1.228284,0.189840,1.335332,0.191937,0.000000,0.000000,0.005459,,0.074889,0.000000,,,,0.154557,0.122838,1.500000,25.927427,36.899579,0.000000,circle,预设轨迹15,forward
1775480157.798086,22.151769,1775480186.787776|完整运动,完整运动,circle_orbit,1,1.000000,1.500000,1.500000,,,,,,,,,,,,,,,,1.230073,0.190296,1.337389,0.192931,0.000000,0.000000,0.008150,,0.072733,0.000000,,,,0.154703,0.123017,1.500000,25.951649,36.875357,0.000000,circle,预设轨迹15,forward
1775480157.824743,22.178426,1775480186.787776|完整运动,完整运动,circle_orbit,1,1.000000,1.500000,1.500000,,,,,,,,,,,,,,,,1.231869,0.190415,1.339626,0.191101,0.000000,0.000000,0.010514,,0.070616,0.000000,,,,0.154574,0.123196,1.500000,25.976013,36.850994,0.000000,circle,预设轨迹15,forward
1775480157.845243,22.198926,1775480186.787776|完整运动,完整运动,circle_orbit,1,1.000000,1.500000,1.500000,,,,,,,,,,,,,,,,1.233717,0.193170,1.344603,0.209050,0.000000,0.000000,0.015039,,0.066216,0.000000,,,,0.156575,0.123381,1.500000,26.024993,36.802013,0.000000,circle,预设轨迹15,forward
1775480157.871280,22.224963,1775480186.787776|完整运动,完整运动,circle_orbit,1,1.000000,1.500000,1.500000,,,,,,,,,,,,,,,,1.235566,0.193110,1.346486,0.192769,0.000000,0.000000,0.017296,,0.064338,0.000000,,,,0.156293,0.123566,1.500000,26.049768,36.777239,0.000000,circle,预设轨迹15,forward
1775480157.896349,22.250031,1775480186.787776|完整运动,完整运动,circle_orbit,1,1.000000,1.500000,1.500000,,,,,,,,,,,,,,,,1.237426,0.193269,1.349034,0.194179,0.000000,0.000000,0.019664,,0.062076,0.000000,,,,0.156186,0.123752,1.500000,26.074543,36.752464,0.000000,circle,预设轨迹15,forward
1775480157.916874,22.270557,1775480186.787776|完整运动,完整运动,circle_orbit,1,1.000000,1.500000,1.500000,,,,,,,,,,,,,,,,1.239298,0.193675,1.351633,0.196013,0.000000,0.000000,0.022187,,0.059730,0.000000,,,,0.156278,0.123939,1.500000,26.099284,36.727722,0.000000,circle,预设轨迹15,forward
1775480157.940715,22.294398,1775480186.787776|完整运动,完整运动,circle_orbit,1,1.000000,1.500000,1.500000,,,,,,,,,,,,,,,,1.241179,0.194016,1.354044,0.195977,0.000000,0.000000,0.024619,,0.057522,0.000000,,,,0.156316,0.124127,1.500000,26.124029,36.702978,0.000000,circle,预设轨迹15,forward
1775480157.975533,22.329216,1775480186.787776|完整运动,完整运动,circle_orbit,1,1.000000,1.500000,1.500000,,,,,,,,,,,,,,,,1.243061,0.194372,1.355975,0.196423,0.000000,0.000000,0.027027,,0.055572,0.000000,,,,0.156366,0.124316,1.500000,26.148895,36.678111,0.000000,circle,预设轨迹15,forward
1775480158.001024,22.354707,1775480186.787776|完整运动,完整运动,circle_orbit,1,1.000000,1.500000,1.500000,,,,,,,,,,,,,,,,1.244997,0.197378,1.361166,0.214660,0.000000,0.000000,0.031624,,0.051097,0.000000,,,,0.158537,0.124509,1.500000,26.198754,36.628253,0.000000,circle,预设轨迹15,forward
1775480158.022349,22.376032,1775480186.787776|完整运动,完整运动,circle_orbit,1,1.000000,1.500000,1.500000,,,,,,,,,,,,,,,,1.246949,0.197341,1.364025,0.197130,0.000000,0.000000,0.033799,,0.048783,0.000000,,,,0.158259,0.124704,1.500000,26.223559,36.603447,0.000000,circle,预设轨迹15,forward
1775480158.049846,22.403529,1775480186.787776|完整运动,完整运动,circle_orbit,1,1.000000,1.500000,1.500000,,,,,,,,,,,,,,,,1.248962,0.199606,1.369779,0.212610,0.000000,0.000000,0.037839,,0.044280,0.000000,,,,0.159817,0.124906,1.500000,26.273259,36.553748,0.000000,circle,预设轨迹15,forward
1775480158.082096,22.435779,1775480186.787776|完整运动,完整运动,circle_orbit,1,1.000000,1.500000,1.500000,,,,,,,,,,,,,,,,1.250990,0.199187,1.372637,0.196785,0.000000,0.000000,0.039715,,0.042105,0.000000,,,,0.159224,0.125109,1.500000,26.298128,36.528879,0.000000,circle,预设轨迹15,forward
1775480158.113916,22.467598,1775480186.787776|完整运动,完整运动,circle_orbit,1,1.000000,1.500000,1.500000,,,,,,,,,,,,,,,,1.253126,0.200409,1.381297,0.207420,0.000000,0.000000,0.042880,,0.036557,0.000000,,,,0.159927,0.125322,1.500000,26.347517,36.479489,0.000000,circle,预设轨迹15,forward
1775480158.151082,22.504765,1775480186.787776|完整运动,完整运动,circle_orbit,1,1.000000,1.500000,1.500000,,,,,,,,,,,,,,,,1.255291,0.199593,1.385197,0.194916,0.000000,0.000000,0.044364,,0.034052,0.000000,,,,0.159002,0.125539,1.500000,26.372270,36.454736,0.000000,circle,预设轨迹15,forward
1775480158.185771,22.539454,1775480186.787776|完整运动,完整运动,circle_orbit,1,1.000000,1.500000,1.500000,,,,,,,,,,,,,,,,1.257573,0.200690,1.394495,0.206975,0.000000,0.000000,0.047343,,0.028348,0.000000,,,,0.159585,0.125767,1.500000,26.421683,36.405324,0.000000,circle,预设轨迹15,forward
1775480158.212853,22.566536,1775480186.787776|完整运动,完整运动,circle_orbit,1,1.000000,1.500000,1.500000,,,,,,,,,,,,,,,,1.259904,0.199860,1.399766,0.195109,0.000000,0.000000,0.048735,,0.025259,0.000000,,,,0.158631,0.126000,1.500000,26.446085,36.380922,0.000000,circle,预设轨迹15,forward
1775480158.253206,22.606889,1775480186.787776|完整运动,完整运动,circle_orbit,1,1.000000,1.500000,1.500000,,,,,,,,,,,,,,,,1.262371,0.200705,1.410374,0.205543,0.000000,0.000000,0.051428,,0.019145,0.000000,,,,0.158991,0.126247,1.500000,26.495134,36.331873,0.000000,circle,预设轨迹15,forward
1775480158.286263,22.639946,1775480186.787776|完整运动,完整运动,circle_orbit,1,1.000000,1.500000,1.500000,,,,,,,,,,,,,,,,1.264975,0.201475,1.421218,0.205878,0.000000,0.000000,0.054070,,0.013016,0.000000,,,,0.159272,0.126507,1.500000,26.544637,36.282369,0.000000,circle,预设轨迹15,forward
1775480158.307358,22.661041,1775480186.787776|完整运动,完整运动,circle_orbit,1,1.000000,1.500000,1.500000,,,,,,,,,,,,,,,,1.267616,0.200699,1.426113,0.196259,0.000000,0.000000,0.055429,,0.010208,0.000000,,,,0.158328,0.126771,1.500000,26.569421,36.257586,0.000000,circle,预设轨迹15,forward
1775480158.327661,22.681344,1775480186.787776|完整运动,完整运动,circle_orbit,1,1.000000,1.500000,1.500000,,,,,,,,,,,,,,,,1.270351,0.201271,1.434414,0.204542,0.000000,0.000000,0.057819,,0.005447,0.000000,,,,0.158437,0.127045,1.500000,26.619158,36.207849,0.000000,circle,预设轨迹15,forward
1775480158.354025,22.707707,1775480186.787776|完整运动,完整运动,circle_orbit,1,1.000000,1.500000,1.500000,,,,,,,,,,,,,,,,1.273113,0.200247,1.438857,0.194398,0.000000,0.000000,0.058881,,0.003005,0.000000,,,,0.157289,0.127321,1.500000,26.644303,36.182703,0.000000,circle,预设轨迹15,forward
1775480158.374726,22.728408,1775480186.787776|完整运动,完整运动,circle_orbit,1,1.000000,1.500000,1.500000,,,,,,,,,,,,,,,,1.275917,0.199260,1.444130,0.193628,0.000000,0.000000,0.059874,,0.000228,0.000000,,,,0.156170,0.127602,1.500000,26.669542,36.157464,0.000000,circle,预设轨迹15,forward
1775480158.395065,22.748747,1775480186.787776|完整运动,完整运动,circle_orbit,1,1.000000,1.500000,1.500000,,,,,,,,,,,,,,,,1.278582,0.198280,1.438501,0.192696,0.000000,0.000000,0.060783,,-0.002405,0.000000,,,,0.155078,0.127868,1.500000,26.694912,36.132094,0.000000,circle,预设轨迹15,forward
1775480158.421111,22.774793,1775480186.787776|完整运动,完整运动,circle_orbit,1,1.000000,1.500000,1.500000,,,,,,,,,,,,,,,,1.281096,0.197277,1.431943,0.191562,0.000000,0.000000,0.061588,,-0.005068,0.000000,,,,0.153991,0.128119,1.500000,26.720303,36.106704,0.000000,circle,预设轨迹15,forward
1775480158.443553,22.797236,1775480186.787776|完整运动,完整运动,circle_orbit,1,1.000000,1.500000,1.500000,,,,,,,,,,,,,,,,1.283468,0.196352,1.425773,0.191083,0.000000,0.000000,0.062377,,-0.007585,0.000000,,,,0.152986,0.128357,1.500000,26.745600,36.081406,0.000000,circle,预设轨迹15,forward
1775480158.464101,22.817784,1775480186.787776|完整运动,完整运动,circle_orbit,1,1.000000,1.500000,1.500000,,,,,,,,,,,,,,,,1.285601,0.196066,1.413558,0.194437,0.000000,0.000000,0.063627,,-0.012767,0.000000,,,,0.152509,0.128570,1.500000,26.796034,36.030972,0.000000,circle,预设轨迹15,forward
1775480158.488022,22.841705,1775480186.787776|完整运动,完整运动,circle_orbit,1,1.000000,1.500000,1.500000,,,,,,,,,,,,,,,,1.287698,0.194302,1.413558,0.184266,0.000000,0.000000,0.063627,,-0.012767,0.000000,,,,0.150891,0.128780,1.500000,26.796034,36.030972,0.000000,circle,预设轨迹15,forward
1775480158.510421,22.864104,1775480186.787776|完整运动,完整运动,circle_orbit,1,1.000000,1.500000,1.500000,,,,,,,,,,,,,,,,1.289571,0.193458,1.401914,0.188659,0.000000,0.000000,0.064276,,-0.018017,0.000000,,,,0.150017,0.128967,1.500000,26.846627,35.980379,0.000000,circle,预设轨迹15,forward
1775480158.531085,22.884768,1775480186.787776|完整运动,完整运动,circle_orbit,1,1.000000,1.500000,1.500000,,,,,,,,,,,,,,,,1.291311,0.192266,1.395724,0.185493,0.000000,0.000000,0.064586,,-0.020858,0.000000,,,,0.148892,0.129141,1.500000,26.872067,35.954939,0.000000,circle,预设轨迹15,forward
1775480158.555910,22.909592,1775480186.787776|完整运动,完整运动,circle_orbit,1,1.000000,1.500000,1.500000,,,,,,,,,,,,,,,,1.292936,0.190924,1.390453,0.183300,0.000000,0.000000,0.064703,,-0.023358,0.000000,,,,0.147667,0.129304,1.500000,26.897394,35.929612,0.000000,circle,预设轨迹15,forward
1775480158.578765,22.932448,1775480186.787776|完整运动,完整运动,circle_orbit,1,1.000000,1.500000,1.500000,,,,,,,,,,,,,,,,1.294442,0.189363,1.384807,0.180496,0.000000,0.000000,0.064565,,-0.026162,0.000000,,,,0.146289,0.129454,1.500000,26.922757,35.904250,0.000000,circle,预设轨迹15,forward
1775480158.599363,22.953045,1775480186.787776|完整运动,完整运动,circle_orbit,1,1.000000,1.500000,1.500000,,,,,,,,,,,,,,,,1.295827,0.187703,1.378889,0.178280,0.000000,0.000000,0.064264,,-0.029187,0.000000,,,,0.144852,0.129593,1.500000,26.948133,35.878874,0.000000,circle,预设轨迹15,forward
1775480158.623714,22.977397,1775480186.787776|完整运动,完整运动,circle_orbit,1,1.000000,1.500000,1.500000,,,,,,,,,,,,,,,,1.297083,0.186404,1.372475,0.179029,0.000000,0.000000,0.064176,,-0.032400,0.000000,,,,0.143710,0.129718,1.500000,26.973472,35.853535,0.000000,circle,预设轨迹15,forward
1775480158.646363,23.000046,1775480186.787776|完整运动,完整运动,circle_orbit,1,1.000000,1.500000,1.500000,,,,,,,,,,,,,,,,1.298222,0.185203,1.366584,0.178387,0.000000,0.000000,0.064110,,-0.035371,0.000000,,,,0.142659,0.129832,1.500000,26.998919,35.828087,0.000000,circle,预设轨迹15,forward
1775480158.666679,23.020362,1775480186.787776|完整运动,完整运动,circle_orbit,1,1.000000,1.500000,1.500000,,,,,,,,,,,,,,,,1.299158,0.184290,1.355286,0.179107,0.000000,0.000000,0.064236,,-0.041040,0.000000,,,,0.141853,0.129926,1.500000,27.049661,35.777345,0.000000,circle,预设轨迹15,forward
1775480158.692198,23.045880,1775480186.787776|完整运动,完整运动,circle_orbit,1,1.000000,1.500000,1.500000,,,,,,,,,,,,,,,,1.299991,0.183073,1.349975,0.176171,0.000000,0.000000,0.064084,,-0.043822,0.000000,,,,0.140826,0.130009,1.500000,27.075133,35.751874,0.000000,circle,预设轨迹15,forward
1775480158.714631,23.068313,1775480186.787776|完整运动,完整运动,circle_orbit,1,1.000000,1.500000,1.500000,,,,,,,,,,,,,,,,1.300724,0.181848,1.344707,0.174901,0.000000,0.000000,0.063878,,-0.046625,0.000000,,,,0.139805,0.130082,1.500000,27.100684,35.726323,0.000000,circle,预设轨迹15,forward
1775480158.735262,23.088945,1775480186.787776|完整运动,完整运动,circle_orbit,1,1.000000,1.500000,1.500000,,,,,,,,,,,,,,,,1.301370,0.180647,1.340119,0.173839,0.000000,0.000000,0.063646,,-0.049104,0.000000,,,,0.138813,0.130147,1.500000,27.126437,35.700570,0.000000,circle,预设轨迹15,forward
1775480158.758745,23.112428,1775480186.787776|完整运动,完整运动,circle_orbit,1,1.000000,1.500000,1.500000,,,,,,,,,,,,,,,,1.302005,0.179788,1.340119,0.174919,0.000000,0.000000,0.063646,,-0.049104,0.000000,,,,0.138086,0.130211,1.500000,27.126437,35.700570,0.000000,circle,预设轨迹15,forward
1775480158.779706,23.133388,1775480186.787776|完整运动,完整运动,circle_orbit,1,1.000000,1.500000,1.500000,,,,,,,,,,,,,,,,1.302483,0.178178,1.331146,0.169051,0.000000,0.000000,0.063017,,-0.054072,0.000000,,,,0.136799,0.130258,1.500000,27.178029,35.648978,0.000000,circle,预设轨迹15,forward
1775480158.800069,23.153752,1775480186.787776|完整运动,完整运动,circle_orbit,1,1.000000,1.500000,1.500000,,,,,,,,,,,,,,,,1.302883,0.176849,1.326877,0.169318,0.000000,0.000000,0.062553,,-0.056523,0.000000,,,,0.135737,0.130298,1.500000,27.203978,35.623028,0.000000,circle,预设轨迹15,forward
1775480158.822053,23.175736,1775480186.787776|完整运动,完整运动,circle_orbit,1,1.000000,1.500000,1.500000,,,,,,,,,,,,,,,,1.303222,0.175432,1.323589,0.167399,0.000000,0.000000,0.061972,,-0.058511,0.000000,,,,0.134614,0.130332,1.500000,27.230082,35.596924,0.000000,circle,预设轨迹15,forward
1775480158.852695,23.206378,1775480186.787776|完整运动,完整运动,circle_orbit,1,1.000000,1.500000,1.500000,,,,,,,,,,,,,,,,1.303444,0.172845,1.316776,0.158186,0.000000,0.000000,0.060391,,-0.062808,0.000000,,,,0.132606,0.130354,1.500000,27.282317,35.544689,0.000000,circle,预设轨迹15,forward
1775480158.873466,23.227149,1775480186.787776|完整运动,完整运动,circle_orbit,1,1.000000,1.500000,1.500000,,,,,,,,,,,,,,,,1.303598,0.171294,1.312809,0.162505,0.000000,0.000000,0.059541,,-0.065299,0.000000,,,,0.131401,0.130370,1.500000,27.308388,35.518618,0.000000,circle,预设轨迹15,forward
1775480158.897506,23.251189,1775480186.787776|完整运动,完整运动,circle_orbit,1,1.000000,1.500000,1.500000,,,,,,,,,,,,,,,,1.303684,0.169878,1.308833,0.161852,0.000000,0.000000,0.058755,,-0.067783,0.000000,,,,0.130306,0.130378,1.500000,27.334620,35.492386,0.000000,circle,预设轨迹15,forward
1775480158.921295,23.274978,1775480186.787776|完整运动,完整运动,circle_orbit,1,1.000000,1.500000,1.500000,,,,,,,,,,,,,,,,1.303718,0.168325,1.305787,0.159527,0.000000,0.000000,0.057818,,-0.069829,0.000000,,,,0.129112,0.130382,1.500000,27.360797,35.466209,0.000000,circle,预设轨迹15,forward
1775480158.942143,23.295826,1775480186.787776|完整运动,完整运动,circle_orbit,1,1.000000,1.500000,1.500000,,,,,,,,,,,,,,,,1.303693,0.166454,1.302183,0.155851,0.000000,0.000000,0.056577,,-0.072313,0.000000,,,,0.127679,0.130379,1.500000,27.386953,35.440054,0.000000,circle,预设轨迹15,forward
1775480158.967418,23.321101,1775480186.787776|完整运动,完整运动,circle_orbit,1,1.000000,1.500000,1.500000,,,,,,,,,,,,,,,,1.303538,0.163061,1.294236,0.143833,0.000000,0.000000,0.054037,,-0.077749,0.000000,,,,0.125091,0.130364,1.500000,27.439308,35.387698,0.000000,circle,预设轨迹15,forward
1775480158.993315,23.346998,1775480186.787776|完整运动,完整运动,circle_orbit,1,1.000000,1.500000,1.500000,,,,,,,,,,,,,,,,1.303339,0.161200,1.291394,0.150653,0.000000,0.000000,0.052601,,-0.079918,0.000000,,,,0.123682,0.130344,1.500000,27.465641,35.361365,0.000000,circle,预设轨迹15,forward
1775480159.013785,23.367468,1775480186.787776|完整运动,完整运动,circle_orbit,1,1.000000,1.500000,1.500000,,,,,,,,,,,,,,,,1.303083,0.159550,1.287737,0.150197,0.000000,0.000000,0.051286,,-0.082505,0.000000,,,,0.122440,0.130318,1.500000,27.491719,35.335288,0.000000,circle,预设轨迹15,forward
1775480159.040705,23.394388,1775480186.787776|完整运动,完整运动,circle_orbit,1,1.000000,1.500000,1.500000,,,,,,,,,,,,,,,,1.302764,0.158043,1.283617,0.149505,0.000000,0.000000,0.050055,,-0.085335,0.000000,,,,0.121314,0.130286,1.500000,27.517725,35.309282,0.000000,circle,预设轨迹15,forward
1775480159.071290,23.424973,1775480186.787776|完整运动,完整运动,circle_orbit,1,1.000000,1.500000,1.500000,,,,,,,,,,,,,,,,1.302411,0.156369,1.281246,0.146878,0.000000,0.000000,0.048658,,-0.087245,0.000000,,,,0.120061,0.130251,1.500000,27.543671,35.283336,0.000000,circle,预设轨迹15,forward
1775480159.115281,23.468963,1775480186.787776|完整运动,完整运动,circle_orbit,1,1.000000,1.500000,1.500000,,,,,,,,,,,,,,,,1.301945,0.153246,1.273944,0.135538,0.000000,0.000000,0.046047,,-0.092483,0.000000,,,,0.117705,0.130204,1.500000,27.595530,35.231477,0.000000,circle,预设轨迹15,forward
1775480159.141608,23.495291,1775480186.787776|完整运动,完整运动,circle_orbit,1,1.000000,1.500000,1.500000,,,,,,,,,,,,,,,,1.301404,0.150029,1.268942,0.131794,0.000000,0.000000,0.043243,,-0.096506,0.000000,,,,0.115283,0.130150,1.500000,27.647974,35.179032,0.000000,circle,预设轨迹15,forward
1775480159.161998,23.515681,1775480186.787776|完整运动,完整运动,circle_orbit,1,1.000000,1.500000,1.500000,,,,,,,,,,,,,,,,1.300839,0.148755,1.266974,0.141526,0.000000,0.000000,0.041906,,-0.098188,0.000000,,,,0.114353,0.130094,1.500000,27.674216,35.152790,0.000000,circle,预设轨迹15,forward
1775480159.184671,23.538354,1775480186.787776|完整运动,完整运动,circle_orbit,1,1.000000,1.500000,1.500000,,,,,,,,,,,,,,,,1.300256,0.147391,1.265243,0.139656,0.000000,0.000000,0.040494,,-0.099766,0.000000,,,,0.113355,0.130036,1.500000,27.700518,35.126489,0.000000,circle,预设轨迹15,forward
1775480159.205829,23.559511,1775480186.787776|完整运动,完整运动,circle_orbit,1,1.000000,1.500000,1.500000,,,,,,,,,,,,,,,,1.299651,0.145852,1.263387,0.137122,0.000000,0.000000,0.038932,,-0.101479,0.000000,,,,0.112224,0.129975,1.500000,27.726794,35.100213,0.000000,circle,预设轨迹15,forward
1775480159.236247,23.589930,1775480186.787776|完整运动,完整运动,circle_orbit,1,1.000000,1.500000,1.500000,,,,,,,,,,,,,,,,1.298995,0.142230,1.259635,0.121680,0.000000,0.000000,0.035649,,-0.105003,0.000000,,,,0.109492,0.129910,1.500000,27.779434,35.047573,0.000000,circle,预设轨迹15,forward
1775480159.272896,23.626578,1775480186.787776|完整运动,完整运动,circle_orbit,1,1.000000,1.500000,1.500000,,,,,,,,,,,,,,,,1.298334,0.140582,1.258650,0.131234,0.000000,0.000000,0.033839,,-0.106309,0.000000,,,,0.108279,0.129843,1.500000,27.806045,35.020962,0.000000,circle,预设轨迹15,forward
1775480159.296986,23.650668,1775480186.787776|完整运动,完整运动,circle_orbit,1,1.000000,1.500000,1.500000,,,,,,,,,,,,,,,,1.297649,0.135923,1.256575,0.109478,0.000000,0.000000,0.029546,,-0.109256,0.000000,,,,0.104745,0.129775,1.500000,27.858761,34.968246,0.000000,circle,预设轨迹15,forward
1775480159.317562,23.671245,1775480186.787776|完整运动,完整运动,circle_orbit,1,1.000000,1.500000,1.500000,,,,,,,,,,,,,,,,1.296959,0.133875,1.255518,0.122251,0.000000,0.000000,0.027196,,-0.110825,0.000000,,,,0.103222,0.129706,1.500000,27.884932,34.942074,0.000000,circle,预设轨迹15,forward
1775480159.341163,23.694845,1775480186.787776|完整运动,完整运动,circle_orbit,1,1.000000,1.500000,1.500000,,,,,,,,,,,,,,,,1.296263,0.131843,1.254532,0.120311,0.000000,0.000000,0.024826,,-0.112359,0.000000,,,,0.101710,0.129636,1.500000,27.911174,34.915832,0.000000,circle,预设轨迹15,forward
1775480159.374778,23.728461,1775480186.787776|完整运动,完整运动,circle_orbit,1,1.000000,1.500000,1.500000,,,,,,,,,,,,,,,,1.295561,0.129851,1.253419,0.118541,0.000000,0.000000,0.022457,,-0.113970,0.000000,,,,0.100228,0.129566,1.500000,27.937450,34.889556,0.000000,circle,预设轨迹15,forward
1775480159.397409,23.751092,1775480186.787776|完整运动,完整运动,circle_orbit,1,1.000000,1.500000,1.500000,,,,,,,,,,,,,,,,1.294839,0.125098,1.251518,0.098101,0.000000,0.000000,0.017798,,-0.116970,0.000000,,,,0.096613,0.129494,1.500000,27.990070,34.836937,0.000000,circle,预设轨迹15,forward
1775480159.418378,23.772061,1775480186.787776|完整运动,完整运动,circle_orbit,1,1.000000,1.500000,1.500000,,,,,,,,,,,,,,,,1.294114,0.123376,1.250649,0.113594,0.000000,0.000000,0.015433,,-0.118437,0.000000,,,,0.095336,0.129421,1.500000,28.016293,34.810713,0.000000,circle,预设轨迹15,forward
1775480159.441945,23.795627,1775480186.787776|完整运动,完整运动,circle_orbit,1,1.000000,1.500000,1.500000,,,,,,,,,,,,,,,,1.293373,0.121780,1.248896,0.112717,0.000000,0.000000,0.013170,,-0.120395,0.000000,,,,0.094157,0.129347,1.500000,28.042435,34.784571,0.000000,circle,预设轨迹15,forward
1775480159.463117,23.816800,1775480186.787776|完整运动,完整运动,circle_orbit,1,1.000000,1.500000,1.500000,,,,,,,,,,,,,,,,1.292603,0.117799,1.246387,0.095174,0.000000,0.000000,0.008954,,-0.123592,0.000000,,,,0.091133,0.129270,1.500000,28.094403,34.732603,0.000000,circle,预设轨迹15,forward
1775480159.484121,23.837803,1775480186.787776|完整运动,完整运动,circle_orbit,1,1.000000,1.500000,1.500000,,,,,,,,,,,,,,,,1.291820,0.116564,1.244873,0.109544,0.000000,0.000000,0.006852,,-0.125348,0.000000,,,,0.090232,0.129192,1.500000,28.120279,34.706728,0.000000,circle,预设轨迹15,forward
1775480159.505445,23.859128,1775480186.787776|完整运动,完整运动,circle_orbit,1,1.000000,1.500000,1.500000,,,,,,,,,,,,,,,,1.291037,0.115120,1.244073,0.106914,0.000000,0.000000,0.004607,,-0.126730,0.000000,,,,0.089169,0.129114,1.500000,28.146379,34.680627,0.000000,circle,预设轨迹15,forward
1775480159.525793,23.879476,1775480186.787776|完整运动,完整运动,circle_orbit,1,1.000000,1.500000,1.500000,,,,,,,,,,,,,,,,1.290264,0.113528,1.243877,0.104478,0.000000,0.000000,0.002252,,-0.127791,0.000000,,,,0.087988,0.129036,1.500000,28.172411,34.654595,0.000000,circle,预设轨迹15,forward
1775480159.551883,23.905566,1775480186.787776|完整运动,完整运动,circle_orbit,1,1.000000,1.500000,1.500000,,,,,,,,,,,,,,,,1.289504,0.114808,1.243877,0.122083,0.000000,0.000000,0.002252,,-0.127791,0.000000,,,,0.089032,0.128960,1.500000,28.172411,34.654595,0.000000,circle,预设轨迹15,forward
1775480159.576569,23.930252,1775480186.787776|完整运动,完整运动,circle_orbit,1,1.000000,1.500000,1.500000,,,,,,,,,,,,,,,,1.288693,0.109976,1.240065,0.082492,0.000000,0.000000,-0.002602,,-0.129968,0.000000,,,,0.085339,0.128879,1.500000,28.224496,34.602511,0.000000,circle,预设轨迹15,forward
1775480159.597061,23.950743,1775480186.787776|完整运动,完整运动,circle_orbit,1,1.000000,1.500000,1.500000,,,,,,,,,,,,,,,,1.287852,0.108195,1.237396,0.098062,0.000000,0.000000,-0.005155,,-0.130577,0.000000,,,,0.084012,0.128795,1.500000,28.250569,34.576437,0.000000,circle,预设轨迹15,forward
1775480159.621400,23.975083,1775480186.787776|完整运动,完整运动,circle_orbit,1,1.000000,1.500000,1.500000,,,,,,,,,,,,,,,,1.286977,0.106395,1.234459,0.096152,0.000000,0.000000,-0.007739,,-0.131346,0.000000,,,,0.082670,0.128708,1.500000,28.276835,34.550171,0.000000,circle,预设轨迹15,forward
1775480159.654120,24.007803,1775480186.787776|完整运动,完整运动,circle_orbit,1,1.000000,1.500000,1.500000,,,,,,,,,,,,,,,,1.286022,0.101028,1.228729,0.070486,0.000000,0.000000,-0.013274,,-0.132674,0.000000,,,,0.078559,0.128612,1.500000,28.329480,34.497527,0.000000,circle,预设轨迹15,forward
1775480159.680430,24.034113,1775480186.787776|完整运动,完整运动,circle_orbit,1,1.000000,1.500000,1.500000,,,,,,,,,,,,,,,,1.285028,0.098981,1.225367,0.087325,0.000000,0.000000,-0.016304,,-0.133555,0.000000,,,,0.077026,0.128513,1.500000,28.355802,34.471205,0.000000,circle,预设轨迹15,forward
1775480159.711013,24.064696,1775480186.787776|完整运动,完整运动,circle_orbit,1,1.000000,1.500000,1.500000,,,,,,,,,,,,,,,,1.283992,0.096908,1.221843,0.085105,0.000000,0.000000,-0.019376,,-0.134533,0.000000,,,,0.075474,0.128409,1.500000,28.382015,34.444992,0.000000,circle,预设轨迹15,forward
1775480159.731333,24.085016,1775480186.787776|完整运动,完整运动,circle_orbit,1,1.000000,1.500000,1.500000,,,,,,,,,,,,,,,,1.282878,0.091505,1.216049,0.060732,0.000000,0.000000,-0.025211,,-0.135854,0.000000,,,,0.071328,0.128298,1.500000,28.434549,34.392458,0.000000,circle,预设轨迹15,forward
1775480159.761212,24.114894,1775480186.787776|完整运动,完整运动,circle_orbit,1,1.000000,1.500000,1.500000,,,,,,,,,,,,,,,,1.281738,0.090073,1.213340,0.081911,0.000000,0.000000,-0.027994,,-0.136463,0.000000,,,,0.070274,0.128184,1.500000,28.460786,34.366220,0.000000,circle,预设轨迹15,forward
1775480159.786048,24.139730,1775480186.787776|完整运动,完整运动,circle_orbit,1,1.000000,1.500000,1.500000,,,,,,,,,,,,,,,,1.280536,0.084892,1.208415,0.055365,0.000000,0.000000,-0.033840,,-0.137273,0.000000,,,,0.066294,0.128064,1.500000,28.513101,34.313905,0.000000,circle,预设轨迹15,forward
1775480159.806592,24.160275,1775480186.787776|完整运动,完整运动,circle_orbit,1,1.000000,1.500000,1.500000,,,,,,,,,,,,,,,,1.279306,0.083345,1.205520,0.074523,0.000000,0.000000,-0.036887,,-0.137917,0.000000,,,,0.065148,0.127941,1.500000,28.539355,34.287651,0.000000,circle,预设轨迹15,forward
1775480159.827997,24.181680,1775480186.787776|完整运动,完整运动,circle_orbit,1,1.000000,1.500000,1.500000,,,,,,,,,,,,,,,,1.278097,0.085457,1.205520,0.097506,0.000000,0.000000,-0.036887,,-0.137917,0.000000,,,,0.066863,0.127820,1.500000,28.539355,34.287651,0.000000,circle,预设轨迹15,forward
1775480159.849848,24.203531,1775480186.787776|完整运动,完整运动,circle_orbit,1,1.000000,1.500000,1.500000,,,,,,,,,,,,,,,,1.276793,0.080227,1.198532,0.050392,0.000000,0.000000,-0.042709,,-0.140122,0.000000,,,,0.062835,0.127689,1.500000,28.591122,34.235884,0.000000,circle,预设轨迹15,forward
1775480159.870167,24.223850,1775480186.787776|完整运动,完整运动,circle_orbit,1,1.000000,1.500000,1.500000,,,,,,,,,,,,,,,,1.275473,0.078860,1.196306,0.071061,0.000000,0.000000,-0.045552,,-0.140440,0.000000,,,,0.061828,0.127557,1.500000,28.616956,34.210050,0.000000,circle,预设轨迹15,forward
1775480159.900498,24.254181,1775480186.787776|完整运动,完整运动,circle_orbit,1,1.000000,1.500000,1.500000,,,,,,,,,,,,,,,,1.274140,0.077464,1.194142,0.069492,0.000000,0.000000,-0.048392,,-0.140724,0.000000,,,,0.060797,0.127424,1.500000,28.642622,34.184384,0.000000,circle,预设轨迹15,forward
1775480159.933172,24.286855,1775480186.787776|完整运动,完整运动,circle_orbit,1,1.000000,1.500000,1.500000,,,,,,,,,,,,,,,,1.272754,0.072298,1.189596,0.042801,0.000000,0.000000,-0.054329,,-0.141349,0.000000,,,,0.056805,0.127285,1.500000,28.693772,34.133235,0.000000,circle,预设轨迹15,forward
1775480159.965318,24.319001,1775480186.787776|完整运动,完整运动,circle_orbit,1,1.000000,1.500000,1.500000,,,,,,,,,,,,,,,,1.271354,0.070798,1.187384,0.062231,0.000000,0.000000,-0.057436,,-0.141574,0.000000,,,,0.055687,0.127145,1.500000,28.719396,34.107610,0.000000,circle,预设轨迹15,forward
1775480159.986360,24.340043,1775480186.787776|完整运动,完整运动,circle_orbit,1,1.000000,1.500000,1.500000,,,,,,,,,,,,,,,,1.269945,0.069364,1.185380,0.061165,0.000000,0.000000,-0.060466,,-0.141697,0.000000,,,,0.054619,0.127004,1.500000,28.745034,34.081973,0.000000,circle,预设轨迹15,forward
1775480160.011149,24.364831,1775480186.787776|完整运动,完整运动,circle_orbit,1,1.000000,1.500000,1.500000,,,,,,,,,,,,,,,,1.268504,0.064344,1.182044,0.035649,0.000000,0.000000,-0.066446,,-0.141538,0.000000,,,,0.050724,0.126860,1.500000,28.796474,34.030532,0.000000,circle,预设轨迹15,forward
1775480160.041775,24.395457,1775480186.787776|完整运动,完整运动,circle_orbit,1,1.000000,1.500000,1.500000,,,,,,,,,,,,,,,,1.267059,0.062854,1.180381,0.054334,0.000000,0.000000,-0.069691,,-0.141357,0.000000,,,,0.049606,0.126716,1.500000,28.822264,34.004742,0.000000,circle,预设轨迹15,forward
1775480160.063893,24.417576,1775480186.787776|完整运动,完整运动,circle_orbit,1,1.000000,1.500000,1.500000,,,,,,,,,,,,,,,,1.265606,0.061308,1.178436,0.052468,0.000000,0.000000,-0.072955,,-0.141362,0.000000,,,,0.048442,0.126570,1.500000,28.848067,33.978939,0.000000,circle,预设轨迹15,forward
1775480160.084215,24.437897,1775480186.787776|完整运动,完整运动,circle_orbit,1,1.000000,1.500000,1.500000,,,,,,,,,,,,,,,,1.264128,0.056116,1.175396,0.026403,0.000000,0.000000,-0.079230,,-0.140909,0.000000,,,,0.044391,0.126423,1.500000,28.899836,33.927170,0.000000,circle,预设轨迹15,forward
1775480160.110337,24.464019,1775480186.787776|完整运动,完整运动,circle_orbit,1,1.000000,1.500000,1.500000,,,,,,,,,,,,,,,,1.262673,0.058716,1.175396,0.073601,0.000000,0.000000,-0.079230,,-0.140909,0.000000,,,,0.046501,0.126277,1.500000,28.899836,33.927170,0.000000,circle,预设轨迹15,forward
1775480160.141611,24.495294,1775480186.787776|完整运动,完整运动,circle_orbit,1,1.000000,1.500000,1.500000,,,,,,,,,,,,,,,,1.261208,0.054026,1.173317,0.027168,0.000000,0.000000,-0.085020,,-0.140006,0.000000,,,,0.042837,0.126131,1.500000,28.951523,33.875483,0.000000,circle,预设轨迹15,forward
1775480160.178944,24.532626,1775480186.787776|完整运动,完整运动,circle_orbit,1,1.000000,1.500000,1.500000,,,,,,,,,,,,,,,,1.259728,0.049252,1.170951,0.021906,0.000000,0.000000,-0.091061,,-0.139204,0.000000,,,,0.039098,0.125983,1.500000,29.002905,33.824102,0.000000,circle,预设轨迹15,forward
1775480160.212384,24.566067,1775480186.787776|完整运动,完整运动,circle_orbit,1,1.000000,1.500000,1.500000,,,,,,,,,,,,,,,,1.258248,0.048348,1.169419,0.043167,0.000000,0.000000,-0.094055,,-0.139055,0.000000,,,,0.038425,0.125835,1.500000,29.028604,33.798403,0.000000,circle,预设轨迹15,forward
1775480160.248649,24.602332,1775480186.787776|完整运动,完整运动,circle_orbit,1,1.000000,1.500000,1.500000,,,,,,,,,,,,,,,,1.256756,0.043606,1.167251,0.016424,0.000000,0.000000,-0.100183,,-0.138093,0.000000,,,,0.034698,0.125685,1.500000,29.080024,33.746982,0.000000,circle,预设轨迹15,forward
1775480160.272640,24.626322,1775480186.787776|完整运动,完整运动,circle_orbit,1,1.000000,1.500000,1.500000,,,,,,,,,,,,,,,,1.255241,0.039580,1.164321,0.016487,0.000000,0.000000,-0.105886,,-0.137833,0.000000,,,,0.031532,0.125534,1.500000,29.130988,33.696018,0.000000,circle,预设轨迹15,forward
1775480160.293123,24.646805,1775480186.787776|完整运动,完整运动,circle_orbit,1,1.000000,1.500000,1.500000,,,,,,,,,,,,,,,,1.253740,0.039269,1.163709,0.037485,0.000000,0.000000,-0.108609,,-0.137167,0.000000,,,,0.031321,0.125384,1.500000,29.156256,33.670751,0.000000,circle,预设轨迹15,forward
1775480160.318325,24.672008,1775480186.787776|完整运动,完整运动,circle_orbit,1,1.000000,1.500000,1.500000,,,,,,,,,,,,,,,,1.252245,0.038940,1.162553,0.037051,0.000000,0.000000,-0.111240,,-0.136915,0.000000,,,,0.031096,0.125234,1.500000,29.181460,33.645546,0.000000,circle,预设轨迹15,forward
1775480160.341892,24.695575,1775480186.787776|完整运动,完整运动,circle_orbit,1,1.000000,1.500000,1.500000,,,,,,,,,,,,,,,,1.250764,0.038437,1.161853,0.035549,0.000000,0.000000,-0.113922,,-0.136328,0.000000,,,,0.030730,0.125086,1.500000,29.206619,33.620388,0.000000,circle,预设轨迹15,forward
1775480160.362245,24.715928,1775480186.787776|完整运动,完整运动,circle_orbit,1,1.000000,1.500000,1.500000,,,,,,,,,,,,,,,,1.249283,0.034956,1.160426,0.014963,0.000000,0.000000,-0.119015,,-0.135283,0.000000,,,,0.027980,0.124938,1.500000,29.257436,33.569571,0.000000,circle,预设轨迹15,forward
1775480160.388541,24.742223,1775480186.787776|完整运动,完整运动,circle_orbit,1,1.000000,1.500000,1.500000,,,,,,,,,,,,,,,,1.247826,0.037692,1.160426,0.053415,0.000000,0.000000,-0.119015,,-0.135283,0.000000,,,,0.030206,0.124792,1.500000,29.257436,33.569571,0.000000,circle,预设轨迹15,forward
1775480160.409156,24.762838,1775480186.787776|完整运动,完整运动,circle_orbit,1,1.000000,1.500000,1.500000,,,,,,,,,,,,,,,,1.246383,0.033959,1.159806,0.012500,0.000000,0.000000,-0.124163,,-0.133656,0.000000,,,,0.027246,0.124648,1.500000,29.308169,33.518837,0.000000,circle,预设轨迹15,forward
1775480160.429558,24.783241,1775480186.787776|完整运动,完整运动,circle_orbit,1,1.000000,1.500000,1.500000,,,,,,,,,,,,,,,,1.244957,0.033188,1.159410,0.028759,0.000000,0.000000,-0.126965,,-0.132811,0.000000,,,,0.026658,0.124505,1.500000,29.333418,33.493588,0.000000,circle,预设轨迹15,forward
1775480160.459123,24.812806,1775480186.787776|完整运动,完整运动,circle_orbit,1,1.000000,1.500000,1.500000,,,,,,,,,,,,,,,,1.243554,0.032359,1.159361,0.027591,0.000000,0.000000,-0.129770,,-0.131723,0.000000,,,,0.026021,0.124365,1.500000,29.358760,33.468246,0.000000,circle,预设轨迹15,forward
1775480160.482277,24.835960,1775480186.787776|完整运动,完整运动,circle_orbit,1,1.000000,1.500000,1.500000,,,,,,,,,,,,,,,,1.242177,0.031554,1.159554,0.026922,0.000000,0.000000,-0.132516,,-0.130490,0.000000,,,,0.025402,0.124227,1.500000,29.384340,33.442667,0.000000,circle,预设轨迹15,forward
1775480160.502590,24.856273,1775480186.787776|完整运动,完整运动,circle_orbit,1,1.000000,1.500000,1.500000,,,,,,,,,,,,,,,,1.240819,0.027640,1.159363,0.005112,0.000000,0.000000,-0.137835,,-0.128495,0.000000,,,,0.022275,0.124092,1.500000,29.435399,33.391607,0.000000,circle,预设轨迹15,forward
1775480160.529772,24.883455,1775480186.787776|完整运动,完整运动,circle_orbit,1,1.000000,1.500000,1.500000,,,,,,,,,,,,,,,,1.239484,0.030243,1.159363,0.045232,0.000000,0.000000,-0.137835,,-0.128495,0.000000,,,,0.024400,0.123958,1.500000,29.435399,33.391607,0.000000,circle,预设轨迹15,forward
1775480160.552129,24.905812,1775480186.787776|完整运动,完整运动,circle_orbit,1,1.000000,1.500000,1.500000,,,,,,,,,,,,,,,,1.238177,0.025892,1.159742,0.000834,0.000000,0.000000,-0.143433,,-0.125992,0.000000,,,,0.020911,0.123827,1.500000,29.486204,33.340803,0.000000,circle,预设轨迹15,forward
1775480160.572434,24.926117,1775480186.787776|完整运动,完整运动,circle_orbit,1,1.000000,1.500000,1.500000,,,,,,,,,,,,,,,,1.236889,0.025184,1.159631,0.021106,0.000000,0.000000,-0.146157,,-0.124979,0.000000,,,,0.020361,0.123698,1.500000,29.511523,33.315484,0.000000,circle,预设轨迹15,forward
1775480160.599419,24.953102,1775480186.787776|完整运动,完整运动,circle_orbit,1,1.000000,1.500000,1.500000,,,,,,,,,,,,,,,,1.235620,0.024618,1.159464,0.021357,0.000000,0.000000,-0.148721,,-0.124070,0.000000,,,,0.019924,0.123572,1.500000,29.536781,33.290225,0.000000,circle,预设轨迹15,forward
1775480160.622647,24.976330,1775480186.787776|完整运动,完整运动,circle_orbit,1,1.000000,1.500000,1.500000,,,,,,,,,,,,,,,,1.234372,0.024050,1.159494,0.020776,0.000000,0.000000,-0.151241,,-0.123041,0.000000,,,,0.019484,0.123447,1.500000,29.561899,33.265107,0.000000,circle,预设轨迹15,forward
1775480160.642965,24.996648,1775480186.787776|完整运动,完整运动,circle_orbit,1,1.000000,1.500000,1.500000,,,,,,,,,,,,,,,,1.233149,0.020374,1.159777,-0.000824,0.000000,0.000000,-0.156338,,-0.120805,0.000000,,,,0.016522,0.123324,1.500000,29.611928,33.215079,0.000000,circle,预设轨迹15,forward
1775480160.670475,25.024158,1775480186.787776|完整运动,完整运动,circle_orbit,1,1.000000,1.500000,1.500000,,,,,,,,,,,,,,,,1.231946,0.022925,1.159777,0.037638,0.000000,0.000000,-0.156338,,-0.120805,0.000000,,,,0.018608,0.123204,1.500000,29.611928,33.215079,0.000000,circle,预设轨迹15,forward
1775480160.692968,25.046651,1775480186.787776|完整运动,完整运动,circle_orbit,1,1.000000,1.500000,1.500000,,,,,,,,,,,,,,,,1.230764,0.019599,1.159804,0.000413,0.000000,0.000000,-0.161058,,-0.118898,0.000000,,,,0.015924,0.123086,1.500000,29.661621,33.165386,0.000000,circle,预设轨迹15,forward
1775480160.713307,25.066990,1775480186.787776|完整运动,完整运动,circle_orbit,1,1.000000,1.500000,1.500000,,,,,,,,,,,,,,,,1.229605,0.019401,1.160119,0.018260,0.000000,0.000000,-0.163276,,-0.117791,0.000000,,,,0.015779,0.122970,1.500000,29.686295,33.140711,0.000000,circle,预设轨迹15,forward
1775480160.742087,25.095770,1775480186.787776|完整运动,完整运动,circle_orbit,1,1.000000,1.500000,1.500000,,,,,,,,,,,,,,,,1.228469,0.019137,1.160301,0.017612,0.000000,0.000000,-0.165491,,-0.116778,0.000000,,,,0.015578,0.122856,1.500000,29.711103,33.115903,0.000000,circle,预设轨迹15,forward
1775480160.772820,25.126503,1775480186.787776|完整运动,完整运动,circle_orbit,1,1.000000,1.500000,1.500000,,,,,,,,,,,,,,,,1.227369,0.016616,1.161349,0.002061,0.000000,0.000000,-0.169561,,-0.114421,0.000000,,,,0.013538,0.122746,1.500000,29.761047,33.065959,0.000000,circle,预设轨迹15,forward
1775480160.815455,25.169138,1775480186.787776|完整运动,完整运动,circle_orbit,1,1.000000,1.500000,1.500000,,,,,,,,,,,,,,,,1.226301,0.016714,1.162212,0.017279,0.000000,0.000000,-0.171509,,-0.113042,0.000000,,,,0.013630,0.122640,1.500000,29.786099,33.040907,0.000000,circle,预设轨迹15,forward
1775480160.839918,25.193601,1775480186.787776|完整运动,完整运动,circle_orbit,1,1.000000,1.500000,1.500000,,,,,,,,,,,,,,,,1.225272,0.013787,1.163555,-0.003121,0.000000,0.000000,-0.175941,,-0.110338,0.000000,,,,0.011252,0.122537,1.500000,29.836066,32.990940,0.000000,circle,预设轨迹15,forward
1775480160.860361,25.214044,1775480186.787776|完整运动,完整运动,circle_orbit,1,1.000000,1.500000,1.500000,,,,,,,,,,,,,,,,1.224280,0.013659,1.164733,0.012919,0.000000,0.000000,-0.178123,,-0.108651,0.000000,,,,0.011157,0.122437,1.500000,29.861091,32.965915,0.000000,circle,预设轨迹15,forward
1775480160.887083,25.240766,1775480186.787776|完整运动,完整运动,circle_orbit,1,1.000000,1.500000,1.500000,,,,,,,,,,,,,,,,1.223326,0.013471,1.166096,0.012382,0.000000,0.000000,-0.180297,,-0.106841,0.000000,,,,0.011012,0.122342,1.500000,29.886318,32.940688,0.000000,circle,预设轨迹15,forward
1775480160.916857,25.270540,1775480186.787776|完整运动,完整运动,circle_orbit,1,1.000000,1.500000,1.500000,,,,,,,,,,,,,,,,1.222405,0.013322,1.167149,0.012460,0.000000,0.000000,-0.182387,,-0.105279,0.000000,,,,0.010898,0.122250,1.500000,29.911524,32.915483,0.000000,circle,预设轨迹15,forward
1775480160.938462,25.292145,1775480186.787776|完整运动,完整运动,circle_orbit,1,1.000000,1.500000,1.500000,,,,,,,,,,,,,,,,1.221540,0.010007,1.169642,-0.009157,0.000000,0.000000,-0.187108,,-0.101678,0.000000,,,,0.008192,0.122163,1.500000,29.962171,32.864836,0.000000,circle,预设轨迹15,forward
1775480160.960089,25.313771,1775480186.787776|完整运动,完整运动,circle_orbit,1,1.000000,1.500000,1.500000,,,,,,,,,,,,,,,,1.220701,0.009560,1.170370,0.006975,0.000000,0.000000,-0.189546,,-0.100204,0.000000,,,,0.007832,0.122080,1.500000,29.987518,32.839489,0.000000,circle,预设轨迹15,forward
1775480160.984347,25.338030,1775480186.787776|完整运动,完整运动,circle_orbit,1,1.000000,1.500000,1.500000,,,,,,,,,,,,,,,,1.219884,0.009241,1.170875,0.007396,0.000000,0.000000,-0.191840,,-0.098941,0.000000,,,,0.007576,0.121998,1.500000,30.012722,32.814284,0.000000,circle,预设轨迹15,forward
1775480161.004816,25.358499,1775480186.787776|完整运动,完整运动,circle_orbit,1,1.000000,1.500000,1.500000,,,,,,,,,,,,,,,,1.219115,0.006752,1.172961,-0.007650,0.000000,0.000000,-0.195932,,-0.095880,0.000000,,,,0.005539,0.121921,1.500000,30.063108,32.763899,0.000000,circle,预设轨迹15,forward
1775480161.035785,25.389467,1775480186.787776|完整运动,完整运动,circle_orbit,1,1.000000,1.500000,1.500000,,,,,,,,,,,,,,,,1.218359,0.009202,1.172961,0.023379,0.000000,0.000000,-0.195932,,-0.095880,0.000000,,,,0.007553,0.121845,1.500000,30.063108,32.763899,0.000000,circle,预设轨迹15,forward
1775480161.058684,25.412367,1775480186.787776|完整运动,完整运动,circle_orbit,1,1.000000,1.500000,1.500000,,,,,,,,,,,,,,,,1.217668,0.006527,1.176249,-0.008957,0.000000,0.000000,-0.200071,,-0.091990,0.000000,,,,0.005360,0.121776,1.500000,30.113243,32.713763,0.000000,circle,预设轨迹15,forward
1775480161.079027,25.432709,1775480186.787776|完整运动,完整运动,circle_orbit,1,1.000000,1.500000,1.500000,,,,,,,,,,,,,,,,1.217006,0.006435,1.177265,0.005902,0.000000,0.000000,-0.202133,,-0.090478,0.000000,,,,0.005287,0.121710,1.500000,30.138185,32.688821,0.000000,circle,预设轨迹15,forward
1775480161.103065,25.456748,1775480186.787776|完整运动,完整运动,circle_orbit,1,1.000000,1.500000,1.500000,,,,,,,,,,,,,,,,1.216372,0.006423,1.178318,0.006357,0.000000,0.000000,-0.204079,,-0.088988,0.000000,,,,0.005281,0.121647,1.500000,30.162961,32.664046,0.000000,circle,预设轨迹15,forward
1775480161.127755,25.481438,1775480186.787776|完整运动,完整运动,circle_orbit,1,1.000000,1.500000,1.500000,,,,,,,,,,,,,,,,1.215799,0.004564,1.181469,-0.006204,0.000000,0.000000,-0.207545,,-0.085479,0.000000,,,,0.003754,0.121589,1.500000,30.212391,32.614615,0.000000,circle,预设轨迹15,forward
1775480161.148042,25.501725,1775480186.787776|完整运动,完整运动,circle_orbit,1,1.000000,1.500000,1.500000,,,,,,,,,,,,,,,,1.215260,0.004943,1.182922,0.007141,0.000000,0.000000,-0.209178,,-0.083851,0.000000,,,,0.004068,0.121535,1.500000,30.237126,32.589881,0.000000,circle,预设轨迹15,forward
1775480161.178691,25.532374,1775480186.787776|完整运动,完整运动,circle_orbit,1,1.000000,1.500000,1.500000,,,,,,,,,,,,,,,,1.214762,0.005254,1.184848,0.007057,0.000000,0.000000,-0.210798,,-0.081915,0.000000,,,,0.004325,0.121486,1.500000,30.262121,32.564885,0.000000,circle,预设轨迹15,forward
1775480161.209199,25.562882,1775480186.787776|完整运动,完整运动,circle_orbit,1,1.000000,1.500000,1.500000,,,,,,,,,,,,,,,,1.214292,0.005667,1.186115,0.008056,0.000000,0.000000,-0.212269,,-0.080481,0.000000,,,,0.004667,0.121439,1.500000,30.287106,32.539901,0.000000,circle,预设轨迹15,forward
1775480161.233937,25.587619,1775480186.787776|完整运动,完整运动,circle_orbit,1,1.000000,1.500000,1.500000,,,,,,,,,,,,,,,,1.213889,0.004177,1.189718,-0.004452,0.000000,0.000000,-0.215293,,-0.076878,0.000000,,,,0.003441,0.121398,1.500000,30.337059,32.489948,0.000000,circle,预设轨迹15,forward
1775480161.261673,25.615356,1775480186.787776|完整运动,完整运动,circle_orbit,1,1.000000,1.500000,1.500000,,,,,,,,,,,,,,,,1.213524,0.004618,1.191594,0.007170,0.000000,0.000000,-0.216734,,-0.075061,0.000000,,,,0.003805,0.121362,1.500000,30.361966,32.465041,0.000000,circle,预设轨迹15,forward
1775480161.295933,25.649616,1775480186.787776|完整运动,完整运动,circle_orbit,1,1.000000,1.500000,1.500000,,,,,,,,,,,,,,,,1.213194,0.005000,1.193407,0.007217,0.000000,0.000000,-0.218159,,-0.073296,0.000000,,,,0.004122,0.121329,1.500000,30.387256,32.439751,0.000000,circle,预设轨迹15,forward
1775480161.324699,25.678382,1775480186.787776|完整运动,完整运动,circle_orbit,1,1.000000,1.500000,1.500000,,,,,,,,,,,,,,,,1.212951,0.003604,1.198342,-0.004490,0.000000,0.000000,-0.221044,,-0.068907,0.000000,,,,0.002971,0.121304,1.500000,30.437986,32.389021,0.000000,circle,预设轨迹15,forward
1775480161.346331,25.700014,1775480186.787776|完整运动,完整运动,circle_orbit,1,1.000000,1.500000,1.500000,,,,,,,,,,,,,,,,1.212781,0.002072,1.202618,-0.006801,0.000000,0.000000,-0.224100,,-0.064903,0.000000,,,,0.001709,0.121287,1.500000,30.488548,32.338459,0.000000,circle,预设轨迹15,forward
1775480161.371581,25.725264,1775480186.787776|完整运动,完整运动,circle_orbit,1,1.000000,1.500000,1.500000,,,,,,,,,,,,,,,,1.212648,0.002651,1.204635,0.006005,0.000000,0.000000,-0.225423,,-0.063068,0.000000,,,,0.002186,0.121274,1.500000,30.513874,32.313132,0.000000,circle,预设轨迹15,forward
1775480161.391956,25.745639,1775480186.787776|完整运动,完整运动,circle_orbit,1,1.000000,1.500000,1.500000,,,,,,,,,,,,,,,,1.212552,0.003394,1.206831,0.007699,0.000000,0.000000,-0.226537,,-0.061206,0.000000,,,,0.002799,0.121265,1.500000,30.539148,32.287858,0.000000,circle,预设轨迹15,forward
1775480161.420231,25.773914,1775480186.787776|完整运动,完整运动,circle_orbit,1,1.000000,1.500000,1.500000,,,,,,,,,,,,,,,,1.212500,0.004094,1.209380,0.008148,0.000000,0.000000,-0.227613,,-0.059138,0.000000,,,,0.003376,0.121259,1.500000,30.564461,32.262545,0.000000,circle,预设轨迹15,forward
1775480161.442383,25.796066,1775480186.787776|完整运动,完整运动,circle_orbit,1,1.000000,1.500000,1.500000,,,,,,,,,,,,,,,,1.212490,0.004768,1.211890,0.008677,0.000000,0.000000,-0.228645,,-0.057120,0.000000,,,,0.003932,0.121258,1.500000,30.589737,32.237269,0.000000,circle,预设轨迹15,forward
1775480161.462681,25.816364,1775480186.787776|完整运动,完整运动,circle_orbit,1,1.000000,1.500000,1.500000,,,,,,,,,,,,,,,,1.212568,0.003786,1.217218,-0.001906,0.000000,0.000000,-0.231026,,-0.052781,0.000000,,,,0.003122,0.121266,1.500000,30.640263,32.186743,0.000000,circle,预设轨迹15,forward
1775480161.494037,25.847720,1775480186.787776|完整运动,完整运动,circle_orbit,1,1.000000,1.500000,1.500000,,,,,,,,,,,,,,,,1.212644,0.005653,1.217218,0.016472,0.000000,0.000000,-0.231026,,-0.052781,0.000000,,,,0.004662,0.121274,1.500000,30.640263,32.186743,0.000000,circle,预设轨迹15,forward
1775480161.518075,25.871757,1775480186.787776|完整运动,完整运动,circle_orbit,1,1.000000,1.500000,1.500000,,,,,,,,,,,,,,,,1.212784,0.005259,1.221159,0.002976,0.000000,0.000000,-0.232817,,-0.049580,0.000000,,,,0.004336,0.121288,1.500000,30.690194,32.136813,0.000000,circle,预设轨迹15,forward
1775480161.538425,25.892108,1775480186.787776|完整运动,完整运动,circle_orbit,1,1.000000,1.500000,1.500000,,,,,,,,,,,,,,,,1.212983,0.005940,1.224943,0.009889,0.000000,0.000000,-0.233710,,-0.046850,0.000000,,,,0.004897,0.121308,1.500000,30.715221,32.111786,0.000000,circle,预设轨迹15,forward
1775480161.569640,25.923323,1775480186.787776|完整运动,完整运动,circle_orbit,1,1.000000,1.500000,1.500000,,,,,,,,,,,,,,,,1.213222,0.006836,1.227586,0.012028,0.000000,0.000000,-0.234368,,-0.044940,0.000000,,,,0.005635,0.121332,1.500000,30.740088,32.086919,0.000000,circle,预设轨迹15,forward
1775480161.593366,25.947049,1775480186.787776|完整运动,完整运动,circle_orbit,1,1.000000,1.500000,1.500000,,,,,,,,,,,,,,,,1.213535,0.007263,1.232271,0.009733,0.000000,0.000000,-0.235365,,-0.041637,0.000000,,,,0.005985,0.121363,1.500000,30.790220,32.036787,0.000000,circle,预设轨迹15,forward
1775480161.617424,25.971106,1775480186.787776|完整运动,完整运动,circle_orbit,1,1.000000,1.500000,1.500000,,,,,,,,,,,,,,,,1.213896,0.008341,1.235572,0.014591,0.000000,0.000000,-0.235781,,-0.039439,0.000000,,,,0.006872,0.121399,1.500000,30.815220,32.011787,0.000000,circle,预设轨迹15,forward
1775480161.642920,25.996603,1775480186.787776|完整运动,完整运动,circle_orbit,1,1.000000,1.500000,1.500000,,,,,,,,,,,,,,,,1.214301,0.009205,1.238628,0.014209,0.000000,0.000000,-0.236311,,-0.037354,0.000000,,,,0.007581,0.121440,1.500000,30.840215,31.986792,0.000000,circle,预设轨迹15,forward
1775480161.663776,26.017459,1775480186.787776|完整运动,完整运动,circle_orbit,1,1.000000,1.500000,1.500000,,,,,,,,,,,,,,,,1.214748,0.009946,1.241540,0.014238,0.000000,0.000000,-0.236897,,-0.035344,0.000000,,,,0.008188,0.121484,1.500000,30.865268,31.961738,0.000000,circle,预设轨迹15,forward
1775480161.685561,26.039244,1775480186.787776|完整运动,完整运动,circle_orbit,1,1.000000,1.500000,1.500000,,,,,,,,,,,,,,,,1.215298,0.010066,1.248311,0.010759,0.000000,0.000000,-0.237974,,-0.030818,0.000000,,,,0.008283,0.121539,1.500000,30.915751,31.911256,0.000000,circle,预设轨迹15,forward
1775480161.712031,26.065713,1775480186.787776|完整运动,完整运动,circle_orbit,1,1.000000,1.500000,1.500000,,,,,,,,,,,,,,,,1.215839,0.011450,1.248311,0.019468,0.000000,0.000000,-0.237974,,-0.030818,0.000000,,,,0.009418,0.121593,1.500000,30.915751,31.911256,0.000000,circle,预设轨迹15,forward
1775480161.732880,26.086562,1775480186.787776|完整运动,完整运动,circle_orbit,1,1.000000,1.500000,1.500000,,,,,,,,,,,,,,,,1.216490,0.011908,1.255537,0.014557,0.000000,0.000000,-0.238690,,-0.026209,0.000000,,,,0.009789,0.121658,1.500000,30.966409,31.860597,0.000000,circle,预设轨迹15,forward
1775480161.757454,26.111137,1775480186.787776|完整运动,完整运动,circle_orbit,1,1.000000,1.500000,1.500000,,,,,,,,,,,,,,,,1.217183,0.012759,1.258733,0.017685,0.000000,0.000000,-0.239055,,-0.024167,0.000000,,,,0.010482,0.121728,1.500000,30.991739,31.835267,0.000000,circle,预设轨迹15,forward
1775480161.792365,26.146048,1775480186.787776|完整运动,完整运动,circle_orbit,1,1.000000,1.500000,1.500000,,,,,,,,,,,,,,,,1.217952,0.013424,1.264105,0.017270,0.000000,0.000000,-0.239542,,-0.020807,0.000000,,,,0.011021,0.121805,1.500000,31.042836,31.784171,0.000000,circle,预设轨迹15,forward
1775480161.820258,26.173941,1775480186.787776|完整运动,完整运动,circle_orbit,1,1.000000,1.500000,1.500000,,,,,,,,,,,,,,,,1.218770,0.014490,1.267862,0.020659,0.000000,0.000000,-0.239664,,-0.018561,0.000000,,,,0.011889,0.121886,1.500000,31.068382,31.758624,0.000000,circle,预设轨迹15,forward
1775480161.840585,26.194268,1775480186.787776|完整运动,完整运动,circle_orbit,1,1.000000,1.500000,1.500000,,,,,,,,,,,,,,,,1.219638,0.015594,1.271714,0.021982,0.000000,0.000000,-0.239706,,-0.016304,0.000000,,,,0.012786,0.121973,1.500000,31.093672,31.733335,0.000000,circle,预设轨迹15,forward
1775480161.865466,26.219148,1775480186.787776|完整运动,完整运动,circle_orbit,1,1.000000,1.500000,1.500000,,,,,,,,,,,,,,,,1.220562,0.016573,1.275999,0.022233,0.000000,0.000000,-0.239807,,-0.013788,0.000000,,,,0.013578,0.122066,1.500000,31.119004,31.708002,0.000000,circle,预设轨迹15,forward
1775480161.889079,26.242761,1775480186.787776|完整运动,完整运动,circle_orbit,1,1.000000,1.500000,1.500000,,,,,,,,,,,,,,,,1.221537,0.017510,1.280043,0.022931,0.000000,0.000000,-0.239905,,-0.011428,0.000000,,,,0.014335,0.122163,1.500000,31.144418,31.682588,0.000000,circle,预设轨迹15,forward
1775480161.909475,26.263158,1775480186.787776|完整运动,完整运动,circle_orbit,1,1.000000,1.500000,1.500000,,,,,,,,,,,,,,,,1.222608,0.018317,1.286842,0.022980,0.000000,0.000000,-0.240085,,-0.007486,0.000000,,,,0.014982,0.122270,1.500000,31.195021,31.631985,0.000000,circle,预设轨迹15,forward
1775480161.937393,26.291075,1775480186.787776|完整运动,完整运动,circle_orbit,1,1.000000,1.500000,1.500000,,,,,,,,,,,,,,,,1.223719,0.019354,1.290376,0.025348,0.000000,0.000000,-0.240045,,-0.005507,0.000000,,,,0.015816,0.122381,1.500000,31.220145,31.606862,0.000000,circle,预设轨迹15,forward
1775480161.975320,26.329003,1775480186.787776|完整运动,完整运动,circle_orbit,1,1.000000,1.500000,1.500000,,,,,,,,,,,,,,,,1.224880,0.020465,1.294572,0.026882,0.000000,0.000000,-0.239907,,-0.003207,0.000000,,,,0.016708,0.122497,1.500000,31.245164,31.581842,0.000000,circle,预设轨迹15,forward
1775480162.005878,26.359560,1775480186.787776|完整运动,完整运动,circle_orbit,1,1.000000,1.500000,1.500000,,,,,,,,,,,,,,,,1.226114,0.022521,1.300157,0.034398,0.000000,0.000000,-0.238936,,0.000485,0.000000,,,,0.018368,0.122621,1.500000,31.295695,31.531312,0.000000,circle,预设轨迹15,forward
1775480162.034317,26.388000,1775480186.787776|完整运动,完整运动,circle_orbit,1,1.000000,1.500000,1.500000,,,,,,,,,,,,,,,,1.227212,0.024491,1.293112,0.035868,0.000000,0.000000,-0.237949,,0.004808,0.000000,,,,0.019957,0.122731,1.500000,31.346360,31.480646,0.000000,circle,预设轨迹15,forward
1775480162.054624,26.408306,1775480186.787776|完整运动,完整运动,circle_orbit,1,1.000000,1.500000,1.500000,,,,,,,,,,,,,,,,1.228247,0.025817,1.290345,0.033466,0.000000,0.000000,-0.237423,,0.006573,0.000000,,,,0.021019,0.122834,1.500000,31.371577,31.455429,0.000000,circle,预设轨迹15,forward
1775480162.086585,26.440268,1775480186.787776|完整运动,完整运动,circle_orbit,1,1.000000,1.500000,1.500000,,,,,,,,,,,,,,,,1.229216,0.027046,1.287322,0.034138,0.000000,0.000000,-0.236936,,0.008474,0.000000,,,,0.022002,0.122931,1.500000,31.396841,31.430165,0.000000,circle,预设轨迹15,forward
1775480162.114043,26.467725,1775480186.787776|完整运动,完整运动,circle_orbit,1,1.000000,1.500000,1.500000,,,,,,,,,,,,,,,,1.230062,0.029493,1.280814,0.043612,0.000000,0.000000,-0.235393,,0.012792,0.000000,,,,0.023976,0.123016,1.500000,31.447873,31.379133,0.000000,circle,预设轨迹15,forward
1775480162.134363,26.488046,1775480186.787776|完整运动,完整运动,circle_orbit,1,1.000000,1.500000,1.500000,,,,,,,,,,,,,,,,1.230828,0.030975,1.276782,0.039525,0.000000,0.000000,-0.234560,,0.015437,0.000000,,,,0.025166,0.123092,1.500000,31.473566,31.353441,0.000000,circle,预设轨迹15,forward
1775480162.158525,26.512208,1775480186.787776|完整运动,完整运动,circle_orbit,1,1.000000,1.500000,1.500000,,,,,,,,,,,,,,,,1.231525,0.032316,1.273363,0.040054,0.000000,0.000000,-0.233803,,0.017711,0.000000,,,,0.026241,0.123162,1.500000,31.499166,31.327840,0.000000,circle,预设轨迹15,forward
1775480162.185017,26.538700,1775480186.787776|完整运动,完整运动,circle_orbit,1,1.000000,1.500000,1.500000,,,,,,,,,,,,,,,,1.232170,0.033594,1.270901,0.040963,0.000000,0.000000,-0.233065,,0.019432,0.000000,,,,0.027264,0.123227,1.500000,31.524657,31.302350,0.000000,circle,预设轨迹15,forward
1775480162.205406,26.559089,1775480186.787776|完整运动,完整运动,circle_orbit,1,1.000000,1.500000,1.500000,,,,,,,,,,,,,,,,1.232718,0.036081,1.265560,0.050422,0.000000,0.000000,-0.231285,,0.023258,0.000000,,,,0.029269,0.123281,1.500000,31.575840,31.251166,0.000000,circle,预设轨迹15,forward
1775480162.228447,26.582129,1775480186.787776|完整运动,完整运动,circle_orbit,1,1.000000,1.500000,1.500000,,,,,,,,,,,,,,,,1.233256,0.036328,1.265560,0.037754,0.000000,0.000000,-0.231285,,0.023258,0.000000,,,,0.029457,0.123335,1.500000,31.575840,31.251166,0.000000,circle,预设轨迹15,forward
1775480162.250036,26.603719,1775480186.787776|完整运动,完整运动,circle_orbit,1,1.000000,1.500000,1.500000,,,,,,,,,,,,,,,,1.233696,0.039141,1.260078,0.055359,0.000000,0.000000,-0.229169,,0.027327,0.000000,,,,0.031727,0.123379,1.500000,31.627093,31.199913,0.000000,circle,预设轨迹15,forward
1775480162.270329,26.624012,1775480186.787776|完整运动,完整运动,circle_orbit,1,1.000000,1.500000,1.500000,,,,,,,,,,,,,,,,1.234082,0.040572,1.257269,0.048821,0.000000,0.000000,-0.228097,,0.029418,0.000000,,,,0.032876,0.123418,1.500000,31.652698,31.174309,0.000000,circle,预设轨迹15,forward
1775480162.301500,26.655183,1775480186.787776|完整运动,完整运动,circle_orbit,1,1.000000,1.500000,1.500000,,,,,,,,,,,,,,,,1.234415,0.041903,1.254358,0.049576,0.000000,0.000000,-0.227078,,0.031556,0.000000,,,,0.033946,0.123451,1.500000,31.678320,31.148686,0.000000,circle,预设轨迹15,forward
1775480162.326927,26.680610,1775480186.787776|完整运动,完整运动,circle_orbit,1,1.000000,1.500000,1.500000,,,,,,,,,,,,,,,,1.234699,0.043257,1.251782,0.051058,0.000000,0.000000,-0.226017,,0.033518,0.000000,,,,0.035034,0.123479,1.500000,31.703922,31.123085,0.000000,circle,预设轨迹15,forward
1775480162.347460,26.701143,1775480186.787776|完整运动,完整运动,circle_orbit,1,1.000000,1.500000,1.500000,,,,,,,,,,,,,,,,1.234909,0.046416,1.247458,0.064626,0.000000,0.000000,-0.223415,,0.037156,0.000000,,,,0.037587,0.123500,1.500000,31.754601,31.072406,0.000000,circle,预设轨迹15,forward
1775480162.373194,26.726876,1775480186.787776|完整运动,完整运动,circle_orbit,1,1.000000,1.500000,1.500000,,,,,,,,,,,,,,,,1.235114,0.046318,1.247458,0.045752,0.000000,0.000000,-0.223415,,0.037156,0.000000,,,,0.037501,0.123521,1.500000,31.754601,31.072406,0.000000,circle,预设轨迹15,forward
1775480162.398468,26.752151,1775480186.787776|完整运动,完整运动,circle_orbit,1,1.000000,1.500000,1.500000,,,,,,,,,,,,,,,,1.235252,0.050066,1.243520,0.071668,0.000000,0.000000,-0.220252,,0.040801,0.000000,,,,0.040531,0.123535,1.500000,31.805302,31.021705,0.000000,circle,预设轨迹15,forward
1775480162.423319,26.777002,1775480186.787776|完整运动,完整运动,circle_orbit,1,1.000000,1.500000,1.500000,,,,,,,,,,,,,,,,1.235354,0.051755,1.241482,0.061489,0.000000,0.000000,-0.218654,,0.042678,0.000000,,,,0.041895,0.123545,1.500000,31.830972,30.996034,0.000000,circle,预设轨迹15,forward
1775480162.444006,26.797689,1775480186.787776|完整运动,完整运动,circle_orbit,1,1.000000,1.500000,1.500000,,,,,,,,,,,,,,,,1.235416,0.053379,1.239093,0.062733,0.000000,0.000000,-0.217076,,0.044765,0.000000,,,,0.043207,0.123551,1.500000,31.856605,30.970401,0.000000,circle,预设轨迹15,forward
1775480162.466447,26.820130,1775480186.787776|完整运动,完整运动,circle_orbit,1,1.000000,1.500000,1.500000,,,,,,,,,,,,,,,,1.235419,0.056969,1.235631,0.077659,0.000000,0.000000,-0.213817,,0.048188,0.000000,,,,0.046113,0.123551,1.500000,31.907635,30.919371,0.000000,circle,预设轨迹15,forward
1775480162.486769,26.840451,1775480186.787776|完整运动,完整运动,circle_orbit,1,1.000000,1.500000,1.500000,,,,,,,,,,,,,,,,1.235390,0.058542,1.233662,0.067604,0.000000,0.000000,-0.212107,,0.050083,0.000000,,,,0.047387,0.123549,1.500000,31.933220,30.893787,0.000000,circle,预设轨迹15,forward
1775480162.517278,26.870960,1775480186.787776|完整运动,完整运动,circle_orbit,1,1.000000,1.500000,1.500000,,,,,,,,,,,,,,,,1.235362,0.058050,1.233662,0.055215,0.000000,0.000000,-0.212107,,0.050083,0.000000,,,,0.046990,0.123546,1.500000,31.933220,30.893787,0.000000,circle,预设轨迹15,forward
1775480162.538001,26.891684,1775480186.787776|完整运动,完整运动,circle_orbit,1,1.000000,1.500000,1.500000,,,,,,,,,,,,,,,,1.235268,0.062208,1.229622,0.086172,0.000000,0.000000,-0.208303,,0.054102,0.000000,,,,0.050360,0.123536,1.500000,31.984800,30.842207,0.000000,circle,预设轨迹15,forward
1775480162.558434,26.912117,1775480186.787776|完整运动,完整运动,circle_orbit,1,1.000000,1.500000,1.500000,,,,,,,,,,,,,,,,1.235134,0.063706,1.227107,0.072338,0.000000,0.000000,-0.206555,,0.056363,0.000000,,,,0.051578,0.123523,1.500000,32.010638,30.816369,0.000000,circle,预设轨迹15,forward
1775480162.582852,26.936535,1775480186.787776|完整运动,完整运动,circle_orbit,1,1.000000,1.500000,1.500000,,,,,,,,,,,,,,,,1.234984,0.065258,1.225982,0.074201,0.000000,0.000000,-0.204745,,0.057788,0.000000,,,,0.052841,0.123508,1.500000,32.036426,30.790581,0.000000,circle,预设轨迹15,forward
1775480162.603643,26.957326,1775480186.787776|完整运动,完整运动,circle_orbit,1,1.000000,1.500000,1.500000,,,,,,,,,,,,,,,,1.234817,0.066877,1.224796,0.076207,0.000000,0.000000,-0.202859,,0.059284,0.000000,,,,0.054159,0.123491,1.500000,32.062183,30.764823,0.000000,circle,预设轨迹15,forward
1775480162.624610,26.978292,1775480186.787776|完整运动,完整运动,circle_orbit,1,1.000000,1.500000,1.500000,,,,,,,,,,,,,,,,1.234603,0.070947,1.221748,0.094409,0.000000,0.000000,-0.198891,,0.062781,0.000000,,,,0.057465,0.123470,1.500000,32.113649,30.713358,0.000000,circle,预设轨迹15,forward
1775480162.654585,27.008268,1775480186.787776|完整运动,完整运动,circle_orbit,1,1.000000,1.500000,1.500000,,,,,,,,,,,,,,,,1.234392,0.070092,1.221748,0.065166,0.000000,0.000000,-0.198891,,0.062781,0.000000,,,,0.056783,0.123449,1.500000,32.113649,30.713358,0.000000,circle,预设轨迹15,forward
1775480162.686358,27.040041,1775480186.787776|完整运动,完整运动,circle_orbit,1,1.000000,1.500000,1.500000,,,,,,,,,,,,,,,,1.234130,0.074097,1.218398,0.097181,0.000000,0.000000,-0.194939,,0.066471,0.000000,,,,0.060040,0.123423,1.500000,32.165020,30.661987,0.000000,circle,预设轨迹15,forward
1775480162.707198,27.060881,1775480186.787776|完整运动,完整运动,circle_orbit,1,1.000000,1.500000,1.500000,,,,,,,,,,,,,,,,1.233830,0.078159,1.215846,0.101573,0.000000,0.000000,-0.190776,,0.069752,0.000000,,,,0.063346,0.123393,1.500000,32.216515,30.610491,0.000000,circle,预设轨迹15,forward
1775480162.728239,27.081922,1775480186.787776|完整运动,完整运动,circle_orbit,1,1.000000,1.500000,1.500000,,,,,,,,,,,,,,,,1.233525,0.079627,1.215223,0.088093,0.000000,0.000000,-0.188633,,0.071005,0.000000,,,,0.064552,0.123362,1.500000,32.241945,30.585062,0.000000,circle,预设轨迹15,forward
1775480162.756512,27.110194,1775480186.787776|完整运动,完整运动,circle_orbit,1,1.000000,1.500000,1.500000,,,,,,,,,,,,,,,,1.233215,0.081335,1.214593,0.091181,0.000000,0.000000,-0.186287,,0.072343,0.000000,,,,0.065953,0.123331,1.500000,32.267282,30.559724,0.000000,circle,预设轨迹15,forward
1775480162.777425,27.131108,1775480186.787776|完整运动,完整运动,circle_orbit,1,1.000000,1.500000,1.500000,,,,,,,,,,,,,,,,1.232898,0.083220,1.213891,0.094091,0.000000,0.000000,-0.183776,,0.073794,0.000000,,,,0.067500,0.123299,1.500000,32.292599,30.534407,0.000000,circle,预设轨迹15,forward
1775480162.797954,27.151637,1775480186.787776|完整运动,完整运动,circle_orbit,1,1.000000,1.500000,1.500000,,,,,,,,,,,,,,,,1.232580,0.085230,1.213533,0.096821,0.000000,0.000000,-0.181130,,0.075080,0.000000,,,,0.069148,0.123268,1.500000,32.318065,30.508942,0.000000,circle,预设轨迹15,forward
1775480162.822052,27.175734,1775480186.787776|完整运动,完整运动,circle_orbit,1,1.000000,1.500000,1.500000,,,,,,,,,,,,,,,,1.232261,0.087237,1.213121,0.098810,0.000000,0.000000,-0.178452,,0.076414,0.000000,,,,0.070794,0.123236,1.500000,32.343577,30.483430,0.000000,circle,预设轨迹15,forward
1775480162.842552,27.196234,1775480186.787776|完整运动,完整运动,circle_orbit,1,1.000000,1.500000,1.500000,,,,,,,,,,,,,,,,1.231932,0.091943,1.212184,0.119090,0.000000,0.000000,-0.173468,,0.079005,0.000000,,,,0.074634,0.123203,1.500000,32.394354,30.432653,0.000000,circle,预设轨迹15,forward
1775480162.864787,27.218469,1775480186.787776|完整运动,完整运动,circle_orbit,1,1.000000,1.500000,1.500000,,,,,,,,,,,,,,,,1.231609,0.090495,1.212184,0.082143,0.000000,0.000000,-0.173468,,0.079005,0.000000,,,,0.073477,0.123170,1.500000,32.394354,30.432653,0.000000,circle,预设轨迹15,forward
1775480162.888859,27.242541,1775480186.787776|完整运动,完整运动,circle_orbit,1,1.000000,1.500000,1.500000,,,,,,,,,,,,,,,,1.231281,0.092251,1.211605,0.102376,0.000000,0.000000,-0.170950,,0.080381,0.000000,,,,0.074923,0.123138,1.500000,32.419748,30.407258,0.000000,circle,预设轨迹15,forward
1775480162.909335,27.263018,1775480186.787776|完整运动,完整运动,circle_orbit,1,1.000000,1.500000,1.500000,,,,,,,,,,,,,,,,1.230956,0.097326,1.211478,0.126602,0.000000,0.000000,-0.165616,,0.082597,0.000000,,,,0.079065,0.123105,1.500000,32.471008,30.355998,0.000000,circle,预设轨迹15,forward
1775480162.940011,27.293694,1775480186.787776|完整运动,完整运动,circle_orbit,1,1.000000,1.500000,1.500000,,,,,,,,,,,,,,,,1.230617,0.098851,1.210280,0.107651,0.000000,0.000000,-0.163052,,0.084388,0.000000,,,,0.080326,0.123071,1.500000,32.496996,30.330011,0.000000,circle,预设轨迹15,forward
1775480162.965081,27.318764,1775480186.787776|完整运动,完整运动,circle_orbit,1,1.000000,1.500000,1.500000,,,,,,,,,,,,,,,,1.230272,0.100257,1.209561,0.108371,0.000000,0.000000,-0.160591,,0.085833,0.000000,,,,0.081492,0.123037,1.500000,32.522755,30.304252,0.000000,circle,预设轨迹15,forward
1775480162.985558,27.339241,1775480186.787776|完整运动,完整运动,circle_orbit,1,1.000000,1.500000,1.500000,,,,,,,,,,,,,,,,1.229940,0.104566,1.210022,0.129431,0.000000,0.000000,-0.155692,,0.087498,0.000000,,,,0.085017,0.123003,1.500000,32.574042,30.252964,0.000000,circle,预设轨迹15,forward
1775480163.015570,27.369252,1775480186.787776|完整运动,完整运动,circle_orbit,1,1.000000,1.500000,1.500000,,,,,,,,,,,,,,,,1.229625,0.105996,1.210730,0.114250,0.000000,0.000000,-0.153050,,0.088101,0.000000,,,,0.086202,0.122972,1.500000,32.599451,30.227556,0.000000,circle,预设轨迹15,forward
1775480163.038907,27.392589,1775480186.787776|完整运动,完整运动,circle_orbit,1,1.000000,1.500000,1.500000,,,,,,,,,,,,,,,,1.229308,0.107337,1.210315,0.115075,0.000000,0.000000,-0.150495,,0.089389,0.000000,,,,0.087315,0.122940,1.500000,32.624751,30.202255,0.000000,circle,预设轨迹15,forward
1775480163.059199,27.412882,1775480186.787776|完整运动,完整运动,circle_orbit,1,1.000000,1.500000,1.500000,,,,,,,,,,,,,,,,1.228993,0.108556,1.210079,0.115594,0.000000,0.000000,-0.148056,,0.090516,0.000000,,,,0.088329,0.122909,1.500000,32.649878,30.177129,0.000000,circle,预设轨迹15,forward
1775480163.089803,27.443486,1775480186.787776|完整运动,完整运动,circle_orbit,1,1.000000,1.500000,1.500000,,,,,,,,,,,,,,,,1.228692,0.109888,1.210638,0.117575,0.000000,0.000000,-0.145539,,0.091165,0.000000,,,,0.089435,0.122879,1.500000,32.674831,30.152175,0.000000,circle,预设轨迹15,forward
1775480163.113862,27.467545,1775480186.787776|完整运动,完整运动,circle_orbit,1,1.000000,1.500000,1.500000,,,,,,,,,,,,,,,,1.228436,0.115327,1.213044,0.146723,0.000000,0.000000,-0.139568,,0.092018,0.000000,,,,0.093881,0.122853,1.500000,32.724039,30.102967,0.000000,circle,预设轨迹15,forward
1775480163.134180,27.487862,1775480186.787776|完整运动,完整运动,circle_orbit,1,1.000000,1.500000,1.500000,,,,,,,,,,,,,,,,1.228198,0.116795,1.213916,0.125268,0.000000,0.000000,-0.136708,,0.092606,0.000000,,,,0.095094,0.122829,1.500000,32.748549,30.078458,0.000000,circle,预设轨迹15,forward
1775480163.159993,27.513675,1775480186.787776|完整运动,完整运动,circle_orbit,1,1.000000,1.500000,1.500000,,,,,,,,,,,,,,,,1.227990,0.118474,1.215494,0.128166,0.000000,0.000000,-0.133680,,0.092815,0.000000,,,,0.096478,0.122808,1.500000,32.772880,30.054126,0.000000,circle,预设轨迹15,forward
1775480163.182867,27.536550,1775480186.787776|完整运动,完整运动,circle_orbit,1,1.000000,1.500000,1.500000,,,,,,,,,,,,,,,,1.227798,0.120112,1.216300,0.129571,0.000000,0.000000,-0.130681,,0.093504,0.000000,,,,0.097827,0.122789,1.500000,32.797494,30.029513,0.000000,circle,预设轨迹15,forward
1775480163.203150,27.556833,1775480186.787776|完整运动,完整运动,circle_orbit,1,1.000000,1.500000,1.500000,,,,,,,,,,,,,,,,1.227662,0.125459,1.219534,0.156331,0.000000,0.000000,-0.124551,,0.093912,0.000000,,,,0.102193,0.122776,1.500000,32.846961,29.980046,0.000000,circle,预设轨迹15,forward
1775480163.231900,27.585582,1775480186.787776|完整运动,完整运动,circle_orbit,1,1.000000,1.500000,1.500000,,,,,,,,,,,,,,,,1.227529,0.123269,1.219534,0.110625,0.000000,0.000000,-0.124551,,0.093912,0.000000,,,,0.100421,0.122762,1.500000,32.846961,29.980046,0.000000,circle,预设轨迹15,forward
1775480163.255413,27.609096,1775480186.787776|完整运动,完整运动,circle_orbit,1,1.000000,1.500000,1.500000,,,,,,,,,,,,,,,,1.227446,0.127980,1.222480,0.155177,0.000000,0.000000,-0.118964,,0.094294,0.000000,,,,0.104265,0.122754,1.500000,32.896064,29.930942,0.000000,circle,预设轨迹15,forward
1775480163.275702,27.629385,1775480186.787776|完整运动,完整运动,circle_orbit,1,1.000000,1.500000,1.500000,,,,,,,,,,,,,,,,1.227394,0.129124,1.224275,0.135731,0.000000,0.000000,-0.116193,,0.094279,0.000000,,,,0.105202,0.122749,1.500000,32.920541,29.906466,0.000000,circle,预设轨迹15,forward
1775480163.301894,27.655577,1775480186.787776|完整运动,完整运动,circle_orbit,1,1.000000,1.500000,1.500000,,,,,,,,,,,,,,,,1.227360,0.130415,1.225323,0.137873,0.000000,0.000000,-0.113327,,0.094770,0.000000,,,,0.106257,0.122746,1.500000,32.945241,29.881765,0.000000,circle,预设轨迹15,forward
1775480163.325938,27.679621,1775480186.787776|完整运动,完整运动,circle_orbit,1,1.000000,1.500000,1.500000,,,,,,,,,,,,,,,,1.227349,0.131693,1.226654,0.139070,0.000000,0.000000,-0.110489,,0.095075,0.000000,,,,0.107299,0.122744,1.500000,32.970279,29.856728,0.000000,circle,预设轨迹15,forward
1775480163.346223,27.699906,1775480186.787776|完整运动,完整运动,circle_orbit,1,1.000000,1.500000,1.500000,,,,,,,,,,,,,,,,1.227389,0.136437,1.229793,0.163830,0.000000,0.000000,-0.104744,,0.095423,0.000000,,,,0.111161,0.122748,1.500000,33.020436,29.806570,0.000000,circle,预设轨迹15,forward
1775480163.379898,27.733581,1775480186.787776|完整运动,完整运动,circle_orbit,1,1.000000,1.500000,1.500000,,,,,,,,,,,,,,,,1.227428,0.134139,1.229793,0.120870,0.000000,0.000000,-0.104744,,0.095423,0.000000,,,,0.109285,0.122752,1.500000,33.020436,29.806570,0.000000,circle,预设轨迹15,forward
1775480163.403211,27.756893,1775480186.787776|完整运动,完整运动,circle_orbit,1,1.000000,1.500000,1.500000,,,,,,,,,,,,,,,,1.227541,0.139060,1.234295,0.167471,0.000000,0.000000,-0.098889,,0.094985,0.000000,,,,0.113283,0.122764,1.500000,33.070577,29.756429,0.000000,circle,预设轨迹15,forward
1775480163.431419,27.785102,1775480186.787776|完整运动,完整运动,circle_orbit,1,1.000000,1.500000,1.500000,,,,,,,,,,,,,,,,1.227727,0.144136,1.238876,0.173444,0.000000,0.000000,-0.092694,,0.094654,0.000000,,,,0.117401,0.122782,1.500000,33.121138,29.705868,0.000000,circle,预设轨迹15,forward
1775480163.460200,27.813883,1775480186.787776|完整运动,完整运动,circle_orbit,1,1.000000,1.500000,1.500000,,,,,,,,,,,,,,,,1.227909,0.141621,1.238876,0.127099,0.000000,0.000000,-0.092694,,0.094654,0.000000,,,,0.115335,0.122800,1.500000,33.121138,29.705868,0.000000,circle,预设轨迹15,forward
1775480163.482588,27.836271,1775480186.787776|完整运动,完整运动,circle_orbit,1,1.000000,1.500000,1.500000,,,,,,,,,,,,,,,,1.228168,0.147079,1.243703,0.178589,0.000000,0.000000,-0.086224,,0.094305,0.000000,,,,0.119755,0.122826,1.500000,33.171861,29.655146,0.000000,circle,预设轨迹15,forward
1775480163.503584,27.857267,1775480186.787776|完整运动,完整运动,circle_orbit,1,1.000000,1.500000,1.500000,,,,,,,,,,,,,,,,1.228471,0.148463,1.246644,0.156450,0.000000,0.000000,-0.082954,,0.093835,0.000000,,,,0.120852,0.122857,1.500000,33.196999,29.630007,0.000000,circle,预设轨迹15,forward
1775480163.534855,27.888538,1775480186.787776|完整运动,完整运动,circle_orbit,1,1.000000,1.500000,1.500000,,,,,,,,,,,,,,,,1.228867,0.153609,1.252621,0.183315,0.000000,0.000000,-0.076529,,0.092816,0.000000,,,,0.125001,0.122896,1.500000,33.247083,29.579923,0.000000,circle,预设轨迹15,forward
1775480163.560729,27.914412,1775480186.787776|完整运动,完整运动,circle_orbit,1,1.000000,1.500000,1.500000,,,,,,,,,,,,,,,,1.229304,0.154466,1.255529,0.159408,0.000000,0.000000,-0.073515,,0.092289,0.000000,,,,0.125653,0.122940,1.500000,33.271966,29.555040,0.000000,circle,预设轨迹15,forward
1775480163.581200,27.934883,1775480186.787776|完整运动,完整运动,circle_orbit,1,1.000000,1.500000,1.500000,,,,,,,,,,,,,,,,1.229794,0.155314,1.259150,0.160210,0.000000,0.000000,-0.070563,,0.091322,0.000000,,,,0.126293,0.122989,1.500000,33.296748,29.530259,0.000000,circle,预设轨迹15,forward
1775480163.606340,27.960023,1775480186.787776|完整运动,完整运动,circle_orbit,1,1.000000,1.500000,1.500000,,,,,,,,,,,,,,,,1.230340,0.156434,1.263124,0.162897,0.000000,0.000000,-0.067434,,0.090232,0.000000,,,,0.127147,0.123043,1.500000,33.321491,29.505516,0.000000,circle,预设轨迹15,forward
1775480163.628511,27.982194,1775480186.787776|完整运动,完整运动,circle_orbit,1,1.000000,1.500000,1.500000,,,,,,,,,,,,,,,,1.230926,0.157416,1.266101,0.163078,0.000000,0.000000,-0.064452,,0.089679,0.000000,,,,0.127884,0.123102,1.500000,33.346348,29.480658,0.000000,circle,预设轨迹15,forward
1775480163.648801,28.002484,1775480186.787776|完整运动,完整运动,circle_orbit,1,1.000000,1.500000,1.500000,,,,,,,,,,,,,,,,1.231638,0.161823,1.274341,0.187246,0.000000,0.000000,-0.058620,,0.087225,0.000000,,,,0.131389,0.123173,1.500000,33.395835,29.431171,0.000000,circle,预设轨迹15,forward
1775480163.677449,28.031132,1775480186.787776|完整运动,完整运动,circle_orbit,1,1.000000,1.500000,1.500000,,,,,,,,,,,,,,,,1.232338,0.159101,1.274341,0.143400,0.000000,0.000000,-0.058620,,0.087225,0.000000,,,,0.129105,0.123243,1.500000,33.395835,29.431171,0.000000,circle,预设轨迹15,forward
1775480163.709124,28.062806,1775480186.787776|完整运动,完整运动,circle_orbit,1,1.000000,1.500000,1.500000,,,,,,,,,,,,,,,,1.233161,0.163784,1.282571,0.190788,0.000000,0.000000,-0.052645,,0.084894,0.000000,,,,0.132816,0.123326,1.500000,33.445431,29.381576,0.000000,circle,预设轨迹15,forward
1775480163.735583,28.089266,1775480186.787776|完整运动,完整运动,circle_orbit,1,1.000000,1.500000,1.500000,,,,,,,,,,,,,,,,1.234096,0.168608,1.290173,0.196413,0.000000,0.000000,-0.046358,,0.083102,0.000000,,,,0.136624,0.123419,1.500000,33.495606,29.331400,0.000000,circle,预设轨迹15,forward
1775480163.761383,28.115066,1775480186.787776|完整运动,完整运动,circle_orbit,1,1.000000,1.500000,1.500000,,,,,,,,,,,,,,,,1.235101,0.169580,1.295392,0.175180,0.000000,0.000000,-0.043119,,0.081470,0.000000,,,,0.137300,0.123520,1.500000,33.520744,29.306262,0.000000,circle,预设轨迹15,forward
1775480163.787352,28.141034,1775480186.787776|完整运动,完整运动,circle_orbit,1,1.000000,1.500000,1.500000,,,,,,,,,,,,,,,,1.236173,0.170534,1.300476,0.176030,0.000000,0.000000,-0.039939,,0.079913,0.000000,,,,0.137953,0.123627,1.500000,33.545761,29.281245,0.000000,circle,预设轨迹15,forward
1775480163.819302,28.172985,1775480186.787776|完整运动,完整运动,circle_orbit,1,1.000000,1.500000,1.500000,,,,,,,,,,,,,,,,1.237374,0.175406,1.309442,0.203473,0.000000,0.000000,-0.033510,,0.077549,0.000000,,,,0.141757,0.123747,1.500000,33.595930,29.231076,0.000000,circle,预设轨迹15,forward
1775480163.856326,28.210009,1775480186.787776|完整运动,完整运动,circle_orbit,1,1.000000,1.500000,1.500000,,,,,,,,,,,,,,,,1.238618,0.176002,1.313259,0.179431,0.000000,0.000000,-0.030482,,0.076679,0.000000,,,,0.142095,0.123871,1.500000,33.621074,29.205932,0.000000,circle,预设轨迹15,forward
1775480163.890049,28.243732,1775480186.787776|完整运动,完整运动,circle_orbit,1,1.000000,1.500000,1.500000,,,,,,,,,,,,,,,,1.239979,0.179811,1.321658,0.201736,0.000000,0.000000,-0.024827,,0.074404,0.000000,,,,0.145011,0.124007,1.500000,33.671523,29.155484,0.000000,circle,预设轨迹15,forward
1775480163.914104,28.267787,1775480186.787776|完整运动,完整运动,circle_orbit,1,1.000000,1.500000,1.500000,,,,,,,,,,,,,,,,1.241397,0.179964,1.326471,0.180849,0.000000,0.000000,-0.022114,,0.072916,0.000000,,,,0.144969,0.124149,1.500000,33.696739,29.130267,0.000000,circle,预设轨迹15,forward
1775480163.934404,28.288087,1775480186.787776|完整运动,完整运动,circle_orbit,1,1.000000,1.500000,1.500000,,,,,,,,,,,,,,,,1.242955,0.183298,1.336456,0.202472,0.000000,0.000000,-0.016831,,0.069749,0.000000,,,,0.147469,0.124305,1.500000,33.747134,29.079872,0.000000,circle,预设轨迹15,forward
1775480163.962412,28.316095,1775480186.787776|完整运动,完整运动,circle_orbit,1,1.000000,1.500000,1.500000,,,,,,,,,,,,,,,,1.244573,0.183316,1.341629,0.183417,0.000000,0.000000,-0.014229,,0.068085,0.000000,,,,0.147292,0.124467,1.500000,33.772288,29.054718,0.000000,circle,预设轨迹15,forward
1775480164.002106,28.355789,1775480186.787776|完整运动,完整运动,circle_orbit,1,1.000000,1.500000,1.500000,,,,,,,,,,,,,,,,1.246249,0.183440,1.346818,0.184157,0.000000,0.000000,-0.011638,,0.066430,0.000000,,,,0.147194,0.124635,1.500000,33.797578,29.029428,0.000000,circle,预设轨迹15,forward
1775480164.035583,28.389266,1775480186.787776|完整运动,完整运动,circle_orbit,1,1.000000,1.500000,1.500000,,,,,,,,,,,,,,,,1.248090,0.186447,1.358530,0.203720,0.000000,0.000000,-0.006722,,0.062395,0.000000,,,,0.149386,0.124819,1.500000,33.847401,28.979606,0.000000,circle,预设轨迹15,forward
1775480164.058618,28.412301,1775480186.787776|完整运动,完整运动,circle_orbit,1,1.000000,1.500000,1.500000,,,,,,,,,,,,,,,,1.250098,0.189173,1.370565,0.204829,0.000000,0.000000,-0.001949,,0.058245,0.000000,,,,0.151327,0.125019,1.500000,33.896655,28.930352,0.000000,circle,预设轨迹15,forward
1775480164.078971,28.432653,1775480186.787776|完整运动,完整运动,circle_orbit,1,1.000000,1.500000,1.500000,,,,,,,,,,,,,,,,1.252151,0.188958,1.375357,0.187721,0.000000,0.000000,0.000433,,0.056468,0.000000,,,,0.150907,0.125225,1.500000,33.921470,28.905537,0.000000,circle,预设轨迹15,forward
1775480164.107680,28.461363,1775480186.787776|完整运动,完整运动,circle_orbit,1,1.000000,1.500000,1.500000,,,,,,,,,,,,,,,,1.254200,0.188796,1.377138,0.187865,0.000000,0.000000,0.002750,,0.054659,0.000000,,,,0.150531,0.125430,1.500000,33.946593,28.880413,0.000000,circle,预设轨迹15,forward
1775480164.131860,28.485543,1775480186.787776|完整运动,完整运动,circle_orbit,1,1.000000,1.500000,1.500000,,,,,,,,,,,,,,,,1.256281,0.191290,1.381139,0.205589,0.000000,0.000000,0.007186,,0.050913,0.000000,,,,0.152267,0.125638,1.500000,33.997078,28.829928,0.000000,circle,预设轨迹15,forward
1775480164.152143,28.505826,1775480186.787776|完整运动,完整运动,circle_orbit,1,1.000000,1.500000,1.500000,,,,,,,,,,,,,,,,1.258374,0.191157,1.383948,0.190399,0.000000,0.000000,0.009501,,0.048609,0.000000,,,,0.151908,0.125847,1.500000,34.022309,28.804698,0.000000,circle,预设轨迹15,forward
1775480164.179998,28.533681,1775480186.787776|完整运动,完整运动,circle_orbit,1,1.000000,1.500000,1.500000,,,,,,,,,,,,,,,,1.260468,0.191088,1.386123,0.190690,0.000000,0.000000,0.011776,,0.046636,0.000000,,,,0.151601,0.126057,1.500000,34.047670,28.779337,0.000000,circle,预设轨迹15,forward
1775480164.201782,28.555465,1775480186.787776|完整运动,完整运动,circle_orbit,1,1.000000,1.500000,1.500000,,,,,,,,,,,,,,,,1.262574,0.190626,1.388950,0.187980,0.000000,0.000000,0.013644,,0.044513,0.000000,,,,0.150982,0.126267,1.500000,34.072575,28.754432,0.000000,circle,预设轨迹15,forward
1775480164.222049,28.575732,1775480186.787776|完整运动,完整运动,circle_orbit,1,1.000000,1.500000,1.500000,,,,,,,,,,,,,,,,1.264708,0.193028,1.392728,0.206774,0.000000,0.000000,0.017795,,0.041021,0.000000,,,,0.152627,0.126481,1.500000,34.123268,28.703738,0.000000,circle,预设轨迹15,forward
1775480164.250836,28.604519,1775480186.787776|完整运动,完整运动,circle_orbit,1,1.000000,1.500000,1.500000,,,,,,,,,,,,,,,,1.266807,0.190341,1.392728,0.174974,0.000000,0.000000,0.017795,,0.041021,0.000000,,,,0.150253,0.126690,1.500000,34.123268,28.703738,0.000000,circle,预设轨迹15,forward
1775480164.275397,28.629079,1775480186.787776|完整运动,完整运动,circle_orbit,1,1.000000,1.500000,1.500000,,,,,,,,,,,,,,,,1.268964,0.192684,1.398379,0.206076,0.000000,0.000000,0.021743,,0.036721,0.000000,,,,0.151844,0.126906,1.500000,34.173693,28.653314,0.000000,circle,预设轨迹15,forward
1775480164.296036,28.649719,1775480186.787776|完整运动,完整运动,circle_orbit,1,1.000000,1.500000,1.500000,,,,,,,,,,,,,,,,1.271135,0.192378,1.401405,0.190629,0.000000,0.000000,0.023581,,0.034538,0.000000,,,,0.151343,0.127123,1.500000,34.198660,28.628346,0.000000,circle,预设轨迹15,forward
1775480164.322531,28.676213,1775480186.787776|完整运动,完整运动,circle_orbit,1,1.000000,1.500000,1.500000,,,,,,,,,,,,,,,,1.273316,0.192030,1.404168,0.190043,0.000000,0.000000,0.025307,,0.032532,0.000000,,,,0.150811,0.127341,1.500000,34.223679,28.603327,0.000000,circle,预设轨迹15,forward
1775480164.359200,28.712882,1775480186.787776|完整运动,完整运动,circle_orbit,1,1.000000,1.500000,1.500000,,,,,,,,,,,,,,,,1.275565,0.193347,1.410530,0.200862,0.000000,0.000000,0.028339,,0.028307,0.000000,,,,0.151577,0.127566,1.500000,34.274103,28.552903,0.000000,circle,预设轨迹15,forward
1775480164.391734,28.745417,1775480186.787776|完整运动,完整运动,circle_orbit,1,1.000000,1.500000,1.500000,,,,,,,,,,,,,,,,1.277839,0.192761,1.414266,0.189422,0.000000,0.000000,0.029828,,0.025956,0.000000,,,,0.150850,0.127794,1.500000,34.299381,28.527626,0.000000,circle,预设轨迹15,forward
1775480164.416616,28.770299,1775480186.787776|完整运动,完整运动,circle_orbit,1,1.000000,1.500000,1.500000,,,,,,,,,,,,,,,,1.280208,0.193136,1.422374,0.195274,0.000000,0.000000,0.032030,,0.021296,0.000000,,,,0.150863,0.128031,1.500000,34.349867,28.477140,0.000000,circle,预设轨迹15,forward
1775480164.438188,28.791871,1775480186.787776|完整运动,完整运动,circle_orbit,1,1.000000,1.500000,1.500000,,,,,,,,,,,,,,,,1.282631,0.192149,1.427982,0.186523,0.000000,0.000000,0.033086,,0.018285,0.000000,,,,0.149808,0.128273,1.500000,34.374966,28.452041,0.000000,circle,预设轨迹15,forward
1775480164.460547,28.814230,1775480186.787776|完整运动,完整运动,circle_orbit,1,1.000000,1.500000,1.500000,,,,,,,,,,,,,,,,1.285092,0.191421,1.432778,0.187277,0.000000,0.000000,0.034256,,0.015620,0.000000,,,,0.148955,0.128519,1.500000,34.400141,28.426866,0.000000,circle,预设轨迹15,forward
1775480164.490625,28.844308,1775480186.787776|完整运动,完整运动,circle_orbit,1,1.000000,1.500000,1.500000,,,,,,,,,,,,,,,,1.287662,0.192180,1.441860,0.196500,0.000000,0.000000,0.036575,,0.010571,0.000000,,,,0.149247,0.128776,1.500000,34.450723,28.376284,0.000000,circle,预设轨迹15,forward
1775480164.511985,28.865667,1775480186.787776|完整运动,完整运动,circle_orbit,1,1.000000,1.500000,1.500000,,,,,,,,,,,,,,,,1.290287,0.191515,1.447771,0.187735,0.000000,0.000000,0.037736,,0.007451,0.000000,,,,0.148428,0.129039,1.500000,34.475999,28.351008,0.000000,circle,预设轨迹15,forward
1775480164.533264,28.886947,1775480186.787776|完整运动,完整运动,circle_orbit,1,1.000000,1.500000,1.500000,,,,,,,,,,,,,,,,1.292970,0.191043,1.453941,0.188362,0.000000,0.000000,0.038984,,0.004204,0.000000,,,,0.147755,0.129307,1.500000,34.501073,28.325933,0.000000,circle,预设轨迹15,forward
1775480164.563575,28.917258,1775480186.787776|完整运动,完整运动,circle_orbit,1,1.000000,1.500000,1.500000,,,,,,,,,,,,,,,,1.295701,0.190648,1.459562,0.188400,0.000000,0.000000,0.040238,,0.001219,0.000000,,,,0.147139,0.129580,1.500000,34.526224,28.300783,0.000000,circle,预设轨迹15,forward
1775480164.596259,28.949942,1775480186.787776|完整运动,完整运动,circle_orbit,1,1.000000,1.500000,1.500000,,,,,,,,,,,,,,,,1.298377,0.190334,1.458935,0.188556,0.000000,0.000000,0.041510,,-0.000987,0.000000,,,,0.146594,0.129848,1.500000,34.551523,28.275483,0.000000,circle,预设轨迹15,forward
1775480164.620190,28.973873,1775480186.787776|完整运动,完整运动,circle_orbit,1,1.000000,1.500000,1.500000,,,,,,,,,,,,,,,,1.300836,0.191037,1.448380,0.195022,0.000000,0.000000,0.043574,,-0.004844,0.000000,,,,0.146857,0.130094,1.500000,34.602656,28.224351,0.000000,circle,预设轨迹15,forward
1775480164.640558,28.994241,1775480186.787776|完整运动,完整运动,circle_orbit,1,1.000000,1.500000,1.500000,,,,,,,,,,,,,,,,1.303158,0.190231,1.442492,0.185664,0.000000,0.000000,0.044425,,-0.007145,0.000000,,,,0.145977,0.130326,1.500000,34.628475,28.198531,0.000000,circle,预设轨迹15,forward
1775480164.665931,29.019614,1775480186.787776|完整运动,完整运动,circle_orbit,1,1.000000,1.500000,1.500000,,,,,,,,,,,,,,,,1.305339,0.189572,1.436215,0.185836,0.000000,0.000000,0.045327,,-0.009625,0.000000,,,,0.145228,0.130544,1.500000,34.654382,28.172624,0.000000,circle,预设轨迹15,forward
1775480164.690909,29.044592,1775480186.787776|完整运动,完整运动,circle_orbit,1,1.000000,1.500000,1.500000,,,,,,,,,,,,,,,,1.307386,0.188847,1.430207,0.184744,0.000000,0.000000,0.046119,,-0.012050,0.000000,,,,0.144446,0.130749,1.500000,34.680322,28.146684,0.000000,circle,预设轨迹15,forward
1775480164.711694,29.065376,1775480186.787776|完整运动,完整运动,circle_orbit,1,1.000000,1.500000,1.500000,,,,,,,,,,,,,,,,1.309215,0.188679,1.418956,0.187726,0.000000,0.000000,0.047314,,-0.016770,0.000000,,,,0.144116,0.130932,1.500000,34.732350,28.094656,0.000000,circle,预设轨迹15,forward
1775480164.736775,29.090458,1775480186.787776|完整运动,完整运动,circle_orbit,1,1.000000,1.500000,1.500000,,,,,,,,,,,,,,,,1.310924,0.187770,1.413419,0.182628,0.000000,0.000000,0.047885,,-0.019130,0.000000,,,,0.143235,0.131102,1.500000,34.758611,28.068395,0.000000,circle,预设轨迹15,forward
1775480164.761780,29.115463,1775480186.787776|完整运动,完整运动,circle_orbit,1,1.000000,1.500000,1.500000,,,,,,,,,,,,,,,,1.312519,0.186706,1.408230,0.180690,0.000000,0.000000,0.048267,,-0.021421,0.000000,,,,0.142250,0.131262,1.500000,34.784769,28.042238,0.000000,circle,预设轨迹15,forward
1775480164.782241,29.135924,1775480186.787776|完整运动,完整运动,circle_orbit,1,1.000000,1.500000,1.500000,,,,,,,,,,,,,,,,1.313897,0.185507,1.396581,0.178734,0.000000,0.000000,0.048478,,-0.026889,0.000000,,,,0.141189,0.131400,1.500000,34.836907,27.990099,0.000000,circle,预设轨迹15,forward
1775480164.809334,29.163017,1775480186.787776|完整运动,完整运动,circle_orbit,1,1.000000,1.500000,1.500000,,,,,,,,,,,,,,,,1.315252,0.184143,1.396581,0.176434,0.000000,0.000000,0.048478,,-0.026889,0.000000,,,,0.140006,0.131535,1.500000,34.836907,27.990099,0.000000,circle,预设轨迹15,forward
1775480164.836976,29.190658,1775480186.787776|完整运动,完整运动,circle_orbit,1,1.000000,1.500000,1.500000,,,,,,,,,,,,,,,,1.316434,0.182479,1.387302,0.173078,0.000000,0.000000,0.048162,,-0.031506,0.000000,,,,0.138616,0.131654,1.500000,34.889563,27.937443,0.000000,circle,预设轨迹15,forward
1775480164.857338,29.211021,1775480186.787776|完整运动,完整运动,circle_orbit,1,1.000000,1.500000,1.500000,,,,,,,,,,,,,,,,1.317505,0.180972,1.381779,0.172463,0.000000,0.000000,0.047885,,-0.034317,0.000000,,,,0.137360,0.131761,1.500000,34.915739,27.911267,0.000000,circle,预设轨迹15,forward
1775480164.881483,29.235165,1775480186.787776|完整运动,完整运动,circle_orbit,1,1.000000,1.500000,1.500000,,,,,,,,,,,,,,,,1.318453,0.179518,1.375361,0.171309,0.000000,0.000000,0.047578,,-0.037607,0.000000,,,,0.136158,0.131855,1.500000,34.941918,27.885089,0.000000,circle,预设轨迹15,forward
1775480164.904319,29.258002,1775480186.787776|完整运动,完整运动,circle_orbit,1,1.000000,1.500000,1.500000,,,,,,,,,,,,,,,,1.319181,0.178137,1.362848,0.170342,0.000000,0.000000,0.047270,,-0.043988,0.000000,,,,0.135036,0.131928,1.500000,34.994326,27.832681,0.000000,circle,预设轨迹15,forward
1775480164.924700,29.278383,1775480186.787776|完整运动,完整运动,circle_orbit,1,1.000000,1.500000,1.500000,,,,,,,,,,,,,,,,1.319797,0.177470,1.356731,0.173705,0.000000,0.000000,0.047483,,-0.047004,0.000000,,,,0.134468,0.131990,1.500000,35.020599,27.806408,0.000000,circle,预设轨迹15,forward
1775480164.949905,29.303587,1775480186.787776|完整运动,完整运动,circle_orbit,1,1.000000,1.500000,1.500000,,,,,,,,,,,,,,,,1.320402,0.176565,1.356731,0.171460,0.000000,0.000000,0.047483,,-0.047004,0.000000,,,,0.133721,0.132050,1.500000,35.020599,27.806408,0.000000,circle,预设轨迹15,forward
1775480164.978017,29.331700,1775480186.787776|完整运动,完整运动,circle_orbit,1,1.000000,1.500000,1.500000,,,,,,,,,,,,,,,,1.320870,0.175740,1.348948,0.171083,0.000000,0.000000,0.047522,,-0.050976,0.000000,,,,0.133049,0.132097,1.500000,35.073431,27.753575,0.000000,circle,预设轨迹15,forward
1775480165.000983,29.354666,1775480186.787776|完整运动,完整运动,circle_orbit,1,1.000000,1.500000,1.500000,,,,,,,,,,,,,,,,1.321261,0.174995,1.344733,0.170790,0.000000,0.000000,0.047602,,-0.053122,0.000000,,,,0.132445,0.132136,1.500000,35.099854,27.727152,0.000000,circle,预设轨迹15,forward
1775480165.030799,29.384482,1775480186.787776|完整运动,完整运动,circle_orbit,1,1.000000,1.500000,1.500000,,,,,,,,,,,,,,,,1.321608,0.173804,1.342433,0.167086,0.000000,0.000000,0.047301,,-0.054437,0.000000,,,,0.131509,0.132171,1.500000,35.126534,27.700472,0.000000,circle,预设轨迹15,forward
1775480165.054959,29.408642,1775480186.787776|完整运动,完整运动,circle_orbit,1,1.000000,1.500000,1.500000,,,,,,,,,,,,,,,,1.321833,0.172277,1.335341,0.163660,0.000000,0.000000,0.046687,,-0.058392,0.000000,,,,0.130332,0.132194,1.500000,35.179893,27.647113,0.000000,circle,预设轨迹15,forward
1775480165.078859,29.432542,1775480186.787776|完整运动,完整运动,circle_orbit,1,1.000000,1.500000,1.500000,,,,,,,,,,,,,,,,1.321999,0.171077,1.331917,0.164312,0.000000,0.000000,0.046276,,-0.060361,0.000000,,,,0.129408,0.132210,1.500000,35.206858,27.620149,0.000000,circle,预设轨迹15,forward
1775480165.100013,29.453695,1775480186.787776|完整运动,完整运动,circle_orbit,1,1.000000,1.500000,1.500000,,,,,,,,,,,,,,,,1.322127,0.169741,1.329808,0.162202,0.000000,0.000000,0.045713,,-0.061702,0.000000,,,,0.128385,0.132223,1.500000,35.233751,27.593256,0.000000,circle,预设轨迹15,forward
1775480165.132122,29.485805,1775480186.787776|完整运动,完整运动,circle_orbit,1,1.000000,1.500000,1.500000,,,,,,,,,,,,,,,,1.322154,0.167196,1.323804,0.152841,0.000000,0.000000,0.044128,,-0.065534,0.000000,,,,0.126457,0.132226,1.500000,35.287306,27.539700,0.000000,circle,预设轨迹15,forward
1775480165.153113,29.506796,1775480186.787776|完整运动,完整运动,circle_orbit,1,1.000000,1.500000,1.500000,,,,,,,,,,,,,,,,1.322130,0.165752,1.320685,0.157608,0.000000,0.000000,0.043321,,-0.067529,0.000000,,,,0.125367,0.132223,1.500000,35.313846,27.513160,0.000000,circle,预设轨迹15,forward
1775480165.183264,29.536946,1775480186.787776|完整运动,完整运动,circle_orbit,1,1.000000,1.500000,1.500000,,,,,,,,,,,,,,,,1.322064,0.163888,1.318094,0.153375,0.000000,0.000000,0.042128,,-0.069402,0.000000,,,,0.123964,0.132217,1.500000,35.340342,27.486664,0.000000,circle,预设轨迹15,forward
1775480165.204976,29.558659,1775480186.787776|完整运动,完整运动,circle_orbit,1,1.000000,1.500000,1.500000,,,,,,,,,,,,,,,,1.321916,0.160363,1.313046,0.140479,0.000000,0.000000,0.039526,,-0.073177,0.000000,,,,0.121311,0.132202,1.500000,35.393643,27.433363,0.000000,circle,预设轨迹15,forward
1775480165.239213,29.592896,1775480186.787776|完整运动,完整运动,circle_orbit,1,1.000000,1.500000,1.500000,,,,,,,,,,,,,,,,1.321771,0.160253,1.313046,0.159630,0.000000,0.000000,0.039526,,-0.073177,0.000000,,,,0.121241,0.132187,1.500000,35.393643,27.433363,0.000000,circle,预设轨迹15,forward
1775480165.260952,29.614634,1775480186.787776|完整运动,完整运动,circle_orbit,1,1.000000,1.500000,1.500000,,,,,,,,,,,,,,,,1.321508,0.156634,1.305746,0.136219,0.000000,0.000000,0.036737,,-0.078284,0.000000,,,,0.118527,0.132161,1.500000,35.446513,27.380494,0.000000,circle,预设轨迹15,forward
1775480165.281370,29.635053,1775480186.787776|完整运动,完整运动,circle_orbit,1,1.000000,1.500000,1.500000,,,,,,,,,,,,,,,,1.321159,0.155344,1.300228,0.148061,0.000000,0.000000,0.035676,,-0.081756,0.000000,,,,0.117581,0.132126,1.500000,35.472495,27.354512,0.000000,circle,预设轨迹15,forward
1775480165.308181,29.661864,1775480186.787776|完整运动,完整运动,circle_orbit,1,1.000000,1.500000,1.500000,,,,,,,,,,,,,,,,1.320744,0.154420,1.295834,0.149212,0.000000,0.000000,0.034898,,-0.084512,0.000000,,,,0.116919,0.132085,1.500000,35.498523,27.328483,0.000000,circle,预设轨迹15,forward
1775480165.332944,29.686626,1775480186.787776|完整运动,完整运动,circle_orbit,1,1.000000,1.500000,1.500000,,,,,,,,,,,,,,,,1.320249,0.151902,1.290551,0.137688,0.000000,0.000000,0.032836,,-0.088299,0.000000,,,,0.115055,0.132035,1.500000,35.550980,27.276027,0.000000,circle,预设轨迹15,forward
1775480165.353673,29.707356,1775480186.787776|完整运动,完整运动,circle_orbit,1,1.000000,1.500000,1.500000,,,,,,,,,,,,,,,,1.319703,0.150449,1.286939,0.142250,0.000000,0.000000,0.031548,,-0.090853,0.000000,,,,0.114002,0.131980,1.500000,35.577182,27.249824,0.000000,circle,预设轨迹15,forward
1775480165.377068,29.730751,1775480186.787776|完整运动,完整运动,circle_orbit,1,1.000000,1.500000,1.500000,,,,,,,,,,,,,,,,1.319126,0.148893,1.284523,0.140106,0.000000,0.000000,0.030153,,-0.092781,0.000000,,,,0.112872,0.131923,1.500000,35.603591,27.223415,0.000000,circle,预设轨迹15,forward
1775480165.412676,29.766358,1775480186.787776|完整运动,完整运动,circle_orbit,1,1.000000,1.500000,1.500000,,,,,,,,,,,,,,,,1.318543,0.147142,1.283559,0.137261,0.000000,0.000000,0.028570,,-0.093962,0.000000,,,,0.111595,0.131864,1.500000,35.629977,27.197030,0.000000,circle,预设轨迹15,forward
1775480165.443973,29.797656,1775480186.787776|完整运动,完整运动,circle_orbit,1,1.000000,1.500000,1.500000,,,,,,,,,,,,,,,,1.317909,0.143548,1.279827,0.123252,0.000000,0.000000,0.025451,,-0.097340,0.000000,,,,0.108921,0.131801,1.500000,35.682936,27.144070,0.000000,circle,预设轨迹15,forward
1775480165.476701,29.830384,1775480186.787776|完整运动,完整运动,circle_orbit,1,1.000000,1.500000,1.500000,,,,,,,,,,,,,,,,1.317253,0.139415,1.277910,0.116071,0.000000,0.000000,0.021748,,-0.099920,0.000000,,,,0.105837,0.131735,1.500000,35.736586,27.090420,0.000000,circle,预设轨迹15,forward
1775480165.503209,29.856892,1775480186.787776|完整运动,完整运动,circle_orbit,1,1.000000,1.500000,1.500000,,,,,,,,,,,,,,,,1.316582,0.137671,1.276324,0.127820,0.000000,0.000000,0.019814,,-0.101605,0.000000,,,,0.104567,0.131668,1.500000,35.763433,27.063573,0.000000,circle,预设轨迹15,forward
1775480165.523905,29.877588,1775480186.787776|完整运动,完整运动,circle_orbit,1,1.000000,1.500000,1.500000,,,,,,,,,,,,,,,,1.315922,0.133045,1.276337,0.106909,0.000000,0.000000,0.015515,,-0.103318,0.000000,,,,0.101104,0.131602,1.500000,35.817274,27.009732,0.000000,circle,预设轨迹15,forward
1775480165.558530,29.912212,1775480186.787776|完整运动,完整运动,circle_orbit,1,1.000000,1.500000,1.500000,,,,,,,,,,,,,,,,1.315275,0.131073,1.276471,0.119931,0.000000,0.000000,0.013180,,-0.104174,0.000000,,,,0.099654,0.131538,1.500000,35.844010,26.982996,0.000000,circle,预设轨迹15,forward
1775480165.590748,29.944431,1775480186.787776|完整运动,完整运动,circle_orbit,1,1.000000,1.500000,1.500000,,,,,,,,,,,,,,,,1.314635,0.128987,1.276203,0.117199,0.000000,0.000000,0.010725,,-0.105311,0.000000,,,,0.098116,0.131474,1.500000,35.870771,26.956235,0.000000,circle,预设轨迹15,forward
1775480165.623823,29.977506,1775480186.787776|完整运动,完整运动,circle_orbit,1,1.000000,1.500000,1.500000,,,,,,,,,,,,,,,,1.313943,0.124560,1.272457,0.099536,0.000000,0.000000,0.006338,,-0.109228,0.000000,,,,0.094798,0.131404,1.500000,35.924298,26.902709,0.000000,circle,预设轨迹15,forward
1775480165.644533,29.998216,1775480186.787776|完整运动,完整运动,circle_orbit,1,1.000000,1.500000,1.500000,,,,,,,,,,,,,,,,1.313221,0.121153,1.269852,0.101895,0.000000,0.000000,0.002613,,-0.112229,0.000000,,,,0.092257,0.131332,1.500000,35.978150,26.848857,0.000000,circle,预设轨迹15,forward
1775480165.671541,30.025224,1775480186.787776|完整运动,完整运动,circle_orbit,1,1.000000,1.500000,1.500000,,,,,,,,,,,,,,,,1.312510,0.122453,1.269852,0.129802,0.000000,0.000000,0.002613,,-0.112229,0.000000,,,,0.093297,0.131261,1.500000,35.978150,26.848857,0.000000,circle,预设轨迹15,forward
1775480165.697510,30.051193,1775480186.787776|完整运动,完整运动,circle_orbit,1,1.000000,1.500000,1.500000,,,,,,,,,,,,,,,,1.311703,0.119458,1.263305,0.102521,0.000000,0.000000,-0.000696,,-0.116823,0.000000,,,,0.091071,0.131180,1.500000,36.030910,26.796096,0.000000,circle,预设轨迹15,forward
1775480165.717854,30.071537,1775480186.787776|完整运动,完整运动,circle_orbit,1,1.000000,1.500000,1.500000,,,,,,,,,,,,,,,,1.310855,0.118532,1.259980,0.113293,0.000000,0.000000,-0.002408,,-0.118096,0.000000,,,,0.090423,0.131096,1.500000,36.057154,26.769852,0.000000,circle,预设轨迹15,forward
1775480165.743419,30.097102,1775480186.787776|完整运动,完整运动,circle_orbit,1,1.000000,1.500000,1.500000,,,,,,,,,,,,,,,,1.309968,0.117531,1.256765,0.111870,0.000000,0.000000,-0.004144,,-0.119306,0.000000,,,,0.089721,0.131007,1.500000,36.083055,26.743952,0.000000,circle,预设轨迹15,forward
1775480165.772396,30.126079,1775480186.787776|完整运动,完整运动,circle_orbit,1,1.000000,1.500000,1.500000,,,,,,,,,,,,,,,,1.309031,0.116341,1.252821,0.109604,0.000000,0.000000,-0.006003,,-0.120910,0.000000,,,,0.088876,0.130913,1.500000,36.109180,26.717827,0.000000,circle,预设轨迹15,forward
1775480165.792778,30.146461,1775480186.787776|完整运动,完整运动,circle_orbit,1,1.000000,1.500000,1.500000,,,,,,,,,,,,,,,,1.308006,0.112577,1.246461,0.091271,0.000000,0.000000,-0.009945,,-0.123151,0.000000,,,,0.086068,0.130811,1.500000,36.162392,26.664614,0.000000,circle,预设轨迹15,forward
1775480165.818881,30.172564,1775480186.787776|完整运动,完整运动,circle_orbit,1,1.000000,1.500000,1.500000,,,,,,,,,,,,,,,,1.306952,0.111119,1.243736,0.102864,0.000000,0.000000,-0.012146,,-0.123919,0.000000,,,,0.085021,0.130705,1.500000,36.188897,26.638109,0.000000,circle,预设轨迹15,forward
1775480165.842580,30.196263,1775480186.787776|完整运动,完整运动,circle_orbit,1,1.000000,1.500000,1.500000,,,,,,,,,,,,,,,,1.305876,0.109171,1.241324,0.098136,0.000000,0.000000,-0.014747,,-0.124343,0.000000,,,,0.083600,0.130598,1.500000,36.215182,26.611825,0.000000,circle,预设轨迹15,forward
1775480165.863130,30.216813,1775480186.787776|完整运动,完整运动,circle_orbit,1,1.000000,1.500000,1.500000,,,,,,,,,,,,,,,,1.304699,0.103852,1.234091,0.073719,0.000000,0.000000,-0.020124,,-0.126618,0.000000,,,,0.079598,0.130480,1.500000,36.267322,26.559684,0.000000,circle,预设轨迹15,forward
1775480165.886916,30.240598,1775480186.787776|完整运动,完整运动,circle_orbit,1,1.000000,1.500000,1.500000,,,,,,,,,,,,,,,,1.303542,0.105397,1.234091,0.114155,0.000000,0.000000,-0.020124,,-0.126618,0.000000,,,,0.080855,0.130364,1.500000,36.267322,26.559684,0.000000,circle,预设轨迹15,forward
1775480165.909343,30.263026,1775480186.787776|完整运动,完整运动,circle_orbit,1,1.000000,1.500000,1.500000,,,,,,,,,,,,,,,,1.302351,0.103413,1.230913,0.092162,0.000000,0.000000,-0.022818,,-0.127502,0.000000,,,,0.079405,0.130245,1.500000,36.293799,26.533207,0.000000,circle,预设轨迹15,forward
1775480165.929711,30.283394,1775480186.787776|完整运动,完整运动,circle_orbit,1,1.000000,1.500000,1.500000,,,,,,,,,,,,,,,,1.301077,0.098714,1.224614,0.072074,0.000000,0.000000,-0.027760,,-0.129443,0.000000,,,,0.075871,0.130118,1.500000,36.347484,26.479523,0.000000,circle,预设轨迹15,forward
1775480165.956150,30.309833,1775480186.787776|完整运动,完整运动,circle_orbit,1,1.000000,1.500000,1.500000,,,,,,,,,,,,,,,,1.299769,0.097674,1.221323,0.091773,0.000000,0.000000,-0.029901,,-0.130649,0.000000,,,,0.075147,0.129987,1.500000,36.374108,26.452898,0.000000,circle,预设轨迹15,forward
1775480165.980283,30.333966,1775480186.787776|完整运动,完整运动,circle_orbit,1,1.000000,1.500000,1.500000,,,,,,,,,,,,,,,,1.298433,0.096508,1.218243,0.089890,0.000000,0.000000,-0.032109,,-0.131706,0.000000,,,,0.074326,0.129853,1.500000,36.400566,26.426440,0.000000,circle,预设轨迹15,forward
1775480166.000750,30.354433,1775480186.787776|完整运动,完整运动,circle_orbit,1,1.000000,1.500000,1.500000,,,,,,,,,,,,,,,,1.297075,0.095362,1.215599,0.088859,0.000000,0.000000,-0.034277,,-0.132513,0.000000,,,,0.073521,0.129718,1.500000,36.426789,26.400217,0.000000,circle,预设轨迹15,forward
1775480166.026798,30.380481,1775480186.787776|完整运动,完整运动,circle_orbit,1,1.000000,1.500000,1.500000,,,,,,,,,,,,,,,,1.295692,0.090474,1.212685,0.062722,0.000000,0.000000,-0.039493,,-0.132280,0.000000,,,,0.069827,0.129579,1.500000,36.479672,26.347334,0.000000,circle,预设轨迹15,forward
1775480166.058289,30.411972,1775480186.787776|完整运动,完整运动,circle_orbit,1,1.000000,1.500000,1.500000,,,,,,,,,,,,,,,,1.294296,0.088882,1.210539,0.079836,0.000000,0.000000,-0.042211,,-0.132563,0.000000,,,,0.068672,0.129440,1.500000,36.506249,26.320757,0.000000,circle,预设轨迹15,forward
1775480166.087599,30.441282,1775480186.787776|完整运动,完整运动,circle_orbit,1,1.000000,1.500000,1.500000,,,,,,,,,,,,,,,,1.292868,0.087554,1.207189,0.080009,0.000000,0.000000,-0.044707,,-0.133713,0.000000,,,,0.067721,0.129297,1.500000,36.532564,26.294442,0.000000,circle,预设轨迹15,forward
1775480166.108783,30.462466,1775480186.787776|完整运动,完整运动,circle_orbit,1,1.000000,1.500000,1.500000,,,,,,,,,,,,,,,,1.291366,0.083733,1.201240,0.062017,0.000000,0.000000,-0.049231,,-0.135749,0.000000,,,,0.064841,0.129147,1.500000,36.583975,26.243031,0.000000,circle,预设轨迹15,forward
1775480166.133685,30.487368,1775480186.787776|完整运动,完整运动,circle_orbit,1,1.000000,1.500000,1.500000,,,,,,,,,,,,,,,,1.289858,0.082471,1.199428,0.075290,0.000000,0.000000,-0.051788,,-0.135906,0.000000,,,,0.063938,0.128996,1.500000,36.609534,26.217472,0.000000,circle,预设轨迹15,forward
1775480166.154150,30.507832,1775480186.787776|完整运动,完整运动,circle_orbit,1,1.000000,1.500000,1.500000,,,,,,,,,,,,,,,,1.288346,0.080931,1.197621,0.072177,0.000000,0.000000,-0.054549,,-0.135980,0.000000,,,,0.062818,0.128845,1.500000,36.635078,26.191929,0.000000,circle,预设轨迹15,forward
1775480166.175299,30.528982,1775480186.787776|完整运动,完整运动,circle_orbit,1,1.000000,1.500000,1.500000,,,,,,,,,,,,,,,,1.286824,0.079285,1.195491,0.069916,0.000000,0.000000,-0.057395,,-0.136237,0.000000,,,,0.061613,0.128692,1.500000,36.660743,26.166264,0.000000,circle,预设轨迹15,forward
1775480166.203071,30.556754,1775480186.787776|完整运动,完整运动,circle_orbit,1,1.000000,1.500000,1.500000,,,,,,,,,,,,,,,,1.285298,0.077582,1.193752,0.067888,0.000000,0.000000,-0.060291,,-0.136221,0.000000,,,,0.060361,0.128540,1.500000,36.686404,26.140603,0.000000,circle,预设轨迹15,forward
1775480166.223739,30.577422,1775480186.787776|完整运动,完整运动,circle_orbit,1,1.000000,1.500000,1.500000,,,,,,,,,,,,,,,,1.283749,0.072188,1.190761,0.041468,0.000000,0.000000,-0.066239,,-0.135814,0.000000,,,,0.056232,0.128385,1.500000,36.737313,26.089694,0.000000,circle,预设轨迹15,forward
1775480166.244900,30.598582,1775480186.787776|完整运动,完整运动,circle_orbit,1,1.000000,1.500000,1.500000,,,,,,,,,,,,,,,,1.282203,0.070454,1.189448,0.060581,0.000000,0.000000,-0.069400,,-0.135418,0.000000,,,,0.054948,0.128230,1.500000,36.763159,26.063847,0.000000,circle,预设轨迹15,forward
1775480166.272447,30.626129,1775480186.787776|完整运动,完整运动,circle_orbit,1,1.000000,1.500000,1.500000,,,,,,,,,,,,,,,,1.280658,0.068724,1.187969,0.058863,0.000000,0.000000,-0.072559,,-0.135136,0.000000,,,,0.053663,0.128076,1.500000,36.789315,26.037692,0.000000,circle,预设轨迹15,forward
1775480166.293067,30.646749,1775480186.787776|完整运动,完整运动,circle_orbit,1,1.000000,1.500000,1.500000,,,,,,,,,,,,,,,,1.279100,0.067091,1.185611,0.057777,0.000000,0.000000,-0.075638,,-0.135474,0.000000,,,,0.052451,0.127920,1.500000,36.815495,26.011511,0.000000,circle,预设轨迹15,forward
1775480166.314217,30.667900,1775480186.787776|完整运动,完整运动,circle_orbit,1,1.000000,1.500000,1.500000,,,,,,,,,,,,,,,,1.277531,0.065400,1.183395,0.055756,0.000000,0.000000,-0.078762,,-0.135705,0.000000,,,,0.051192,0.127763,1.500000,36.841733,25.985273,0.000000,circle,预设轨迹15,forward
1775480166.347256,30.700938,1775480186.787776|完整运动,完整运动,circle_orbit,1,1.000000,1.500000,1.500000,,,,,,,,,,,,,,,,1.275959,0.063737,1.181681,0.054248,0.000000,0.000000,-0.081866,,-0.135612,0.000000,,,,0.049952,0.127606,1.500000,36.867853,25.959153,0.000000,circle,预设轨迹15,forward
1775480166.380104,30.733787,1775480186.787776|完整运动,完整运动,circle_orbit,1,1.000000,1.500000,1.500000,,,,,,,,,,,,,,,,1.274361,0.059298,1.178453,0.033964,0.000000,0.000000,-0.087267,,-0.135625,0.000000,,,,0.046532,0.127446,1.500000,36.919966,25.907041,0.000000,circle,预设轨迹15,forward
1775480166.402526,30.756209,1775480186.787776|完整运动,完整运动,circle_orbit,1,1.000000,1.500000,1.500000,,,,,,,,,,,,,,,,1.272775,0.058599,1.177639,0.054604,0.000000,0.000000,-0.089745,,-0.135184,0.000000,,,,0.046040,0.127287,1.500000,36.946171,25.880835,0.000000,circle,预设轨迹15,forward
1775480166.422808,30.776491,1775480186.787776|完整运动,完整运动,circle_orbit,1,1.000000,1.500000,1.500000,,,,,,,,,,,,,,,,1.271174,0.054671,1.175100,0.032236,0.000000,0.000000,-0.094834,,-0.134868,0.000000,,,,0.043008,0.127127,1.500000,36.998395,25.828612,0.000000,circle,预设轨迹15,forward
1775480166.450709,30.804392,1775480186.787776|完整运动,完整运动,circle_orbit,1,1.000000,1.500000,1.500000,,,,,,,,,,,,,,,,1.269599,0.057050,1.175100,0.070641,0.000000,0.000000,-0.094834,,-0.134868,0.000000,,,,0.044935,0.126970,1.500000,36.998395,25.828612,0.000000,circle,预设轨迹15,forward
1775480166.472054,30.825737,1775480186.787776|完整运动,完整运动,circle_orbit,1,1.000000,1.500000,1.500000,,,,,,,,,,,,,,,,1.268016,0.051949,1.173024,0.022792,0.000000,0.000000,-0.100790,,-0.133897,0.000000,,,,0.040969,0.126811,1.500000,37.050255,25.776751,0.000000,circle,预设轨迹15,forward
1775480166.492384,30.846067,1775480186.787776|完整运动,完整运动,circle_orbit,1,1.000000,1.500000,1.500000,,,,,,,,,,,,,,,,1.266429,0.050667,1.171213,0.043333,0.000000,0.000000,-0.103795,,-0.133931,0.000000,,,,0.040008,0.126653,1.500000,37.075816,25.751190,0.000000,circle,预设轨迹15,forward
1775480166.519208,30.872890,1775480186.787776|完整运动,完整运动,circle_orbit,1,1.000000,1.500000,1.500000,,,,,,,,,,,,,,,,1.264854,0.049182,1.170340,0.040687,0.000000,0.000000,-0.106945,,-0.133268,0.000000,,,,0.038884,0.126495,1.500000,37.101539,25.725468,0.000000,circle,预设轨迹15,forward
1775480166.549989,30.903672,1775480186.787776|完整运动,完整运动,circle_orbit,1,1.000000,1.500000,1.500000,,,,,,,,,,,,,,,,1.263289,0.047673,1.169402,0.039033,0.000000,0.000000,-0.110110,,-0.132645,0.000000,,,,0.037737,0.126339,1.500000,37.127400,25.699607,0.000000,circle,预设轨迹15,forward
1775480166.570967,30.924650,1775480186.787776|完整运动,完整运动,circle_orbit,1,1.000000,1.500000,1.500000,,,,,,,,,,,,,,,,1.261709,0.042455,1.166889,0.012582,0.000000,0.000000,-0.116353,,-0.131874,0.000000,,,,0.033649,0.126181,1.500000,37.179028,25.647979,0.000000,circle,预设轨迹15,forward
1775480166.591811,30.945493,1775480186.787776|完整运动,完整运动,circle_orbit,1,1.000000,1.500000,1.500000,,,,,,,,,,,,,,,,1.260135,0.041380,1.165702,0.035222,0.000000,0.000000,-0.119368,,-0.131485,0.000000,,,,0.032838,0.126023,1.500000,37.204600,25.622407,0.000000,circle,预设轨迹15,forward
1775480166.612624,30.966307,1775480186.787776|完整运动,完整运动,circle_orbit,1,1.000000,1.500000,1.500000,,,,,,,,,,,,,,,,1.258569,0.040649,1.164620,0.036462,0.000000,0.000000,-0.122057,,-0.131157,0.000000,,,,0.032298,0.125867,1.500000,37.229935,25.597072,0.000000,circle,预设轨迹15,forward
1775480166.633224,30.986906,1775480186.787776|完整运动,完整运动,circle_orbit,1,1.000000,1.500000,1.500000,,,,,,,,,,,,,,,,1.257024,0.039822,1.164337,0.035079,0.000000,0.000000,-0.124772,,-0.130267,0.000000,,,,0.031680,0.125712,1.500000,37.255546,25.571460,0.000000,circle,预设轨迹15,forward
1775480166.658339,31.012022,1775480186.787776|完整运动,完整运动,circle_orbit,1,1.000000,1.500000,1.500000,,,,,,,,,,,,,,,,1.255505,0.042197,1.164337,0.055819,0.000000,0.000000,-0.124772,,-0.130267,0.000000,,,,0.033610,0.125560,1.500000,37.255546,25.571460,0.000000,circle,预设轨迹15,forward
1775480166.687744,31.041426,1775480186.787776|完整运动,完整运动,circle_orbit,1,1.000000,1.500000,1.500000,,,,,,,,,,,,,,,,1.254012,0.037790,1.164427,0.012508,0.000000,0.000000,-0.130201,,-0.128033,0.000000,,,,0.030135,0.125411,1.500000,37.307584,25.519423,0.000000,circle,预设轨迹15,forward
1775480166.708575,31.062258,1775480186.787776|完整运动,完整运动,circle_orbit,1,1.000000,1.500000,1.500000,,,,,,,,,,,,,,,,1.252527,0.034248,1.163431,0.013919,0.000000,0.000000,-0.135099,,-0.126763,0.000000,,,,0.027343,0.125262,1.500000,37.359563,25.467444,0.000000,circle,预设轨迹15,forward
1775480166.729059,31.082741,1775480186.787776|完整运动,完整运动,circle_orbit,1,1.000000,1.500000,1.500000,,,,,,,,,,,,,,,,1.251064,0.033718,1.163305,0.030677,0.000000,0.000000,-0.137607,,-0.125847,0.000000,,,,0.026952,0.125116,1.500000,37.385464,25.441543,0.000000,circle,预设轨迹15,forward
1775480166.757996,31.111679,1775480186.787776|完整运动,完整运动,circle_orbit,1,1.000000,1.500000,1.500000,,,,,,,,,,,,,,,,1.249625,0.033137,1.163260,0.029799,0.000000,0.000000,-0.140100,,-0.124881,0.000000,,,,0.026517,0.124972,1.500000,37.411477,25.415530,0.000000,circle,预设轨迹15,forward
1775480166.783689,31.137372,1775480186.787776|完整运动,完整运动,circle_orbit,1,1.000000,1.500000,1.500000,,,,,,,,,,,,,,,,1.248217,0.032148,1.163783,0.026465,0.000000,0.000000,-0.142885,,-0.123404,0.000000,,,,0.025755,0.124831,1.500000,37.437456,25.389550,0.000000,circle,预设轨迹15,forward
1775480166.804806,31.158488,1775480186.787776|完整运动,完整运动,circle_orbit,1,1.000000,1.500000,1.500000,,,,,,,,,,,,,,,,1.246840,0.027254,1.164221,-0.000870,0.000000,0.000000,-0.148918,,-0.120688,0.000000,,,,0.021858,0.124694,1.500000,37.488972,25.338034,0.000000,circle,预设轨迹15,forward
1775480166.830375,31.184058,1775480186.787776|完整运动,完整运动,circle_orbit,1,1.000000,1.500000,1.500000,,,,,,,,,,,,,,,,1.245492,0.025976,1.164580,0.018629,0.000000,0.000000,-0.152139,,-0.119151,0.000000,,,,0.020856,0.124559,1.500000,37.514433,25.312573,0.000000,circle,预设轨迹15,forward
1775480166.851484,31.205167,1775480186.787776|完整运动,完整运动,circle_orbit,1,1.000000,1.500000,1.500000,,,,,,,,,,,,,,,,1.244167,0.024616,1.164664,0.016794,0.000000,0.000000,-0.155415,,-0.117783,0.000000,,,,0.019785,0.124426,1.500000,37.539836,25.287171,0.000000,circle,预设轨迹15,forward
1775480166.872327,31.226010,1775480186.787776|完整运动,完整运动,circle_orbit,1,1.000000,1.500000,1.500000,,,,,,,,,,,,,,,,1.242863,0.023198,1.164653,0.015041,0.000000,0.000000,-0.158734,,-0.116462,0.000000,,,,0.018665,0.124296,1.500000,37.564957,25.262050,0.000000,circle,预设轨迹15,forward
1775480166.897235,31.250918,1775480186.787776|完整运动,完整运动,circle_orbit,1,1.000000,1.500000,1.500000,,,,,,,,,,,,,,,,1.241565,0.022270,1.163694,0.016932,0.000000,0.000000,-0.161639,,-0.115964,0.000000,,,,0.017937,0.124166,1.500000,37.589935,25.237072,0.000000,circle,预设轨迹15,forward
1775480166.917758,31.271441,1775480186.787776|完整运动,完整运动,circle_orbit,1,1.000000,1.500000,1.500000,,,,,,,,,,,,,,,,1.240285,0.021626,1.163471,0.017919,0.000000,0.000000,-0.164277,,-0.115063,0.000000,,,,0.017436,0.124038,1.500000,37.615143,25.211864,0.000000,circle,预设轨迹15,forward
1775480166.944792,31.298475,1775480186.787776|完整运动,完整运动,circle_orbit,1,1.000000,1.500000,1.500000,,,,,,,,,,,,,,,,1.239024,0.021364,1.163356,0.019858,0.000000,0.000000,-0.166552,,-0.114232,0.000000,,,,0.017243,0.123912,1.500000,37.640351,25.186655,0.000000,circle,预设轨迹15,forward
1775480166.968779,31.322462,1775480186.787776|完整运动,完整运动,circle_orbit,1,1.000000,1.500000,1.500000,,,,,,,,,,,,,,,,1.237788,0.021297,1.163631,0.020909,0.000000,0.000000,-0.168602,,-0.113222,0.000000,,,,0.017206,0.123788,1.500000,37.665701,25.161305,0.000000,circle,预设轨迹15,forward
1775480166.989183,31.342866,1775480186.787776|完整运动,完整运动,circle_orbit,1,1.000000,1.500000,1.500000,,,,,,,,,,,,,,,,1.236582,0.019117,1.164226,0.006556,0.000000,0.000000,-0.172362,,-0.111306,0.000000,,,,0.015459,0.123668,1.500000,37.716260,25.110746,0.000000,circle,预设轨迹15,forward
1775480167.016680,31.370362,1775480186.787776|完整运动,完整运动,circle_orbit,1,1.000000,1.500000,1.500000,,,,,,,,,,,,,,,,1.235396,0.021482,1.164226,0.035116,0.000000,0.000000,-0.172362,,-0.111306,0.000000,,,,0.017389,0.123549,1.500000,37.716260,25.110746,0.000000,circle,预设轨迹15,forward
1775480167.041245,31.394928,1775480186.787776|完整运动,完整运动,circle_orbit,1,1.000000,1.500000,1.500000,,,,,,,,,,,,,,,,1.234263,0.019949,1.166307,0.011113,0.000000,0.000000,-0.175435,,-0.108640,0.000000,,,,0.016163,0.123436,1.500000,37.767334,25.059673,0.000000,circle,预设轨迹15,forward
1775480167.061595,31.415278,1775480186.787776|完整运动,完整运动,circle_orbit,1,1.000000,1.500000,1.500000,,,,,,,,,,,,,,,,1.233174,0.018707,1.167822,0.011545,0.000000,0.000000,-0.178301,,-0.106451,0.000000,,,,0.015170,0.123327,1.500000,37.819169,25.007838,0.000000,circle,预设轨迹15,forward
1775480167.094119,31.447802,1775480186.787776|完整运动,完整运动,circle_orbit,1,1.000000,1.500000,1.500000,,,,,,,,,,,,,,,,1.232103,0.020889,1.167822,0.033470,0.000000,0.000000,-0.178301,,-0.106451,0.000000,,,,0.016954,0.123220,1.500000,37.819169,25.007838,0.000000,circle,预设轨迹15,forward
1775480167.115536,31.469219,1775480186.787776|完整运动,完整运动,circle_orbit,1,1.000000,1.500000,1.500000,,,,,,,,,,,,,,,,1.231092,0.018700,1.170451,0.006073,0.000000,0.000000,-0.181799,,-0.103248,0.000000,,,,0.015190,0.123119,1.500000,37.870788,24.956219,0.000000,circle,预设轨迹15,forward
1775480167.136094,31.489776,1775480186.787776|完整运动,完整运动,circle_orbit,1,1.000000,1.500000,1.500000,,,,,,,,,,,,,,,,1.230122,0.018406,1.171924,0.016709,0.000000,0.000000,-0.183788,,-0.101446,0.000000,,,,0.014962,0.123022,1.500000,37.896557,24.930449,0.000000,circle,预设轨迹15,forward
1775480167.163980,31.517663,1775480186.787776|完整运动,完整运动,circle_orbit,1,1.000000,1.500000,1.500000,,,,,,,,,,,,,,,,1.229211,0.015657,1.174520,-0.000206,0.000000,0.000000,-0.187818,,-0.098066,0.000000,,,,0.012738,0.122931,1.500000,37.948100,24.878907,0.000000,circle,预设轨迹15,forward
1775480167.185847,31.539529,1775480186.787776|完整运动,完整运动,circle_orbit,1,1.000000,1.500000,1.500000,,,,,,,,,,,,,,,,1.228335,0.014978,1.175808,0.011059,0.000000,0.000000,-0.190220,,-0.096230,0.000000,,,,0.012194,0.122843,1.500000,37.973519,24.853487,0.000000,circle,预设轨迹15,forward
1775480167.206121,31.559804,1775480186.787776|完整运动,完整运动,circle_orbit,1,1.000000,1.500000,1.500000,,,,,,,,,,,,,,,,1.227487,0.014222,1.176598,0.009856,0.000000,0.000000,-0.192675,,-0.094713,0.000000,,,,0.011586,0.122758,1.500000,37.998739,24.828268,0.000000,circle,预设轨迹15,forward
1775480167.237955,31.591638,1775480186.787776|完整运动,完整运动,circle_orbit,1,1.000000,1.500000,1.500000,,,,,,,,,,,,,,,,1.226653,0.016365,1.176598,0.028742,0.000000,0.000000,-0.192675,,-0.094713,0.000000,,,,0.013341,0.122675,1.500000,37.998739,24.828268,0.000000,circle,预设轨迹15,forward
1775480167.269801,31.623484,1775480186.787776|完整运动,完整运动,circle_orbit,1,1.000000,1.500000,1.500000,,,,,,,,,,,,,,,,1.225882,0.009575,1.179623,-0.029646,0.000000,0.000000,-0.200079,,-0.089707,0.000000,,,,0.007811,0.122598,1.500000,38.074458,24.752549,0.000000,circle,预设轨迹15,forward
1775480167.291227,31.644909,1775480186.787776|完整运动,完整运动,circle_orbit,1,1.000000,1.500000,1.500000,,,,,,,,,,,,,,,,1.225138,0.009084,1.180486,0.006245,0.000000,0.000000,-0.202490,,-0.088162,0.000000,,,,0.007414,0.122523,1.500000,38.099632,24.727374,0.000000,circle,预设轨迹15,forward
1775480167.315347,31.669030,1775480186.787776|完整运动,完整运动,circle_orbit,1,1.000000,1.500000,1.500000,,,,,,,,,,,,,,,,1.224410,0.008944,1.180762,0.008136,0.000000,0.000000,-0.204571,,-0.087144,0.000000,,,,0.007305,0.122450,1.500000,38.124722,24.702285,0.000000,circle,预设轨迹15,forward
1775480167.338489,31.692172,1775480186.787776|完整运动,完整运动,circle_orbit,1,1.000000,1.500000,1.500000,,,,,,,,,,,,,,,,1.223716,0.008956,1.182068,0.009025,0.000000,0.000000,-0.206474,,-0.085506,0.000000,,,,0.007319,0.122381,1.500000,38.149889,24.677118,0.000000,circle,预设轨迹15,forward
1775480167.358932,31.712615,1775480186.787776|完整运动,完整运动,circle_orbit,1,1.000000,1.500000,1.500000,,,,,,,,,,,,,,,,1.223058,0.009028,1.183547,0.009446,0.000000,0.000000,-0.208272,,-0.083795,0.000000,,,,0.007382,0.122315,1.500000,38.174886,24.652121,0.000000,circle,预设轨迹15,forward
1775480167.387528,31.741211,1775480186.787776|完整运动,完整运动,circle_orbit,1,1.000000,1.500000,1.500000,,,,,,,,,,,,,,,,1.222436,0.009086,1.185119,0.009420,0.000000,0.000000,-0.210030,,-0.082041,0.000000,,,,0.007433,0.122253,1.500000,38.199721,24.627285,0.000000,circle,预设轨迹15,forward
1775480167.408276,31.761959,1775480186.787776|完整运动,完整运动,circle_orbit,1,1.000000,1.500000,1.500000,,,,,,,,,,,,,,,,1.221896,0.006808,1.189513,-0.006365,0.000000,0.000000,-0.213718,,-0.077644,0.000000,,,,0.005571,0.122199,1.500000,38.249099,24.577907,0.000000,circle,预设轨迹15,forward
1775480167.428541,31.782224,1775480186.787776|完整运动,完整运动,circle_orbit,1,1.000000,1.500000,1.500000,,,,,,,,,,,,,,,,1.221403,0.006860,1.191830,0.007161,0.000000,0.000000,-0.215531,,-0.075386,0.000000,,,,0.005616,0.122150,1.500000,38.273917,24.553089,0.000000,circle,预设轨迹15,forward
1775480167.463025,31.816708,1775480186.787776|完整运动,完整运动,circle_orbit,1,1.000000,1.500000,1.500000,,,,,,,,,,,,,,,,1.220946,0.006971,1.193502,0.007614,0.000000,0.000000,-0.217244,,-0.073599,0.000000,,,,0.005709,0.122104,1.500000,38.298855,24.528152,0.000000,circle,预设轨迹15,forward
1775480167.488055,31.841737,1775480186.787776|完整运动,完整运动,circle_orbit,1,1.000000,1.500000,1.500000,,,,,,,,,,,,,,,,1.220527,0.006963,1.195396,0.006915,0.000000,0.000000,-0.219009,,-0.071649,0.000000,,,,0.005705,0.122062,1.500000,38.323833,24.503173,0.000000,circle,预设轨迹15,forward
1775480167.508398,31.862080,1775480186.787776|完整运动,完整运动,circle_orbit,1,1.000000,1.500000,1.500000,,,,,,,,,,,,,,,,1.220164,0.005318,1.198410,-0.004195,0.000000,0.000000,-0.222122,,-0.068431,0.000000,,,,0.004359,0.122026,1.500000,38.373670,24.453336,0.000000,circle,预设轨迹15,forward
1775480167.538343,31.892025,1775480186.787776|完整运动,完整运动,circle_orbit,1,1.000000,1.500000,1.500000,,,,,,,,,,,,,,,,1.219840,0.005662,1.200391,0.007652,0.000000,0.000000,-0.223613,,-0.066543,0.000000,,,,0.004642,0.121993,1.500000,38.398641,24.428365,0.000000,circle,预设轨迹15,forward
1775480167.563188,31.916871,1775480186.787776|完整运动,完整运动,circle_orbit,1,1.000000,1.500000,1.500000,,,,,,,,,,,,,,,,1.219556,0.006154,1.202543,0.008998,0.000000,0.000000,-0.224920,,-0.064623,0.000000,,,,0.005046,0.121965,1.500000,38.423872,24.403135,0.000000,circle,预设轨迹15,forward
1775480167.583487,31.937170,1775480186.787776|完整运动,完整运动,circle_orbit,1,1.000000,1.500000,1.500000,,,,,,,,,,,,,,,,1.219355,0.004918,1.207277,-0.002231,0.000000,0.000000,-0.227630,,-0.060482,0.000000,,,,0.004033,0.121945,1.500000,38.474464,24.352542,0.000000,circle,预设轨迹15,forward
1775480167.611698,31.965380,1775480186.787776|完整运动,完整运动,circle_orbit,1,1.000000,1.500000,1.500000,,,,,,,,,,,,,,,,1.219157,0.006929,1.207277,0.018564,0.000000,0.000000,-0.227630,,-0.060482,0.000000,,,,0.005684,0.121925,1.500000,38.474464,24.352542,0.000000,circle,预设轨迹15,forward
1775480167.635573,31.989255,1775480186.787776|完整运动,完整运动,circle_orbit,1,1.000000,1.500000,1.500000,,,,,,,,,,,,,,,,1.219034,0.005584,1.211644,-0.002197,0.000000,0.000000,-0.230322,,-0.056606,0.000000,,,,0.004581,0.121913,1.500000,38.524883,24.302123,0.000000,circle,预设轨迹15,forward
1775480167.656663,32.010346,1775480186.787776|完整运动,完整运动,circle_orbit,1,1.000000,1.500000,1.500000,,,,,,,,,,,,,,,,1.218955,0.005963,1.214188,0.008157,0.000000,0.000000,-0.231613,,-0.054469,0.000000,,,,0.004892,0.121905,1.500000,38.549969,24.277037,0.000000,circle,预设轨迹15,forward
1775480167.687819,32.041502,1775480186.787776|完整运动,完整运动,circle_orbit,1,1.000000,1.500000,1.500000,,,,,,,,,,,,,,,,1.218919,0.006255,1.216789,0.007944,0.000000,0.000000,-0.232929,,-0.052292,0.000000,,,,0.005132,0.121901,1.500000,38.575084,24.251922,0.000000,circle,预设轨迹15,forward
1775480167.725322,32.079005,1775480186.787776|完整运动,完整运动,circle_orbit,1,1.000000,1.500000,1.500000,,,,,,,,,,,,,,,,1.218969,0.004055,1.221986,-0.008673,0.000000,0.000000,-0.236319,,-0.047659,0.000000,,,,0.003327,0.121906,1.500000,38.625186,24.201821,0.000000,circle,预设轨迹15,forward
1775480167.745680,32.099363,1775480186.787776|完整运动,完整运动,circle_orbit,1,1.000000,1.500000,1.500000,,,,,,,,,,,,,,,,1.219082,0.002898,1.225821,-0.003799,0.000000,0.000000,-0.238938,,-0.044211,0.000000,,,,0.002377,0.121918,1.500000,38.675205,24.151801,0.000000,circle,预设轨迹15,forward
1775480167.777282,32.130965,1775480186.787776|完整运动,完整运动,circle_orbit,1,1.000000,1.500000,1.500000,,,,,,,,,,,,,,,,1.219239,0.003777,1.228690,0.008867,0.000000,0.000000,-0.239876,,-0.042050,0.000000,,,,0.003098,0.121933,1.500000,38.700112,24.126894,0.000000,circle,预设轨迹15,forward
1775480167.797877,32.151559,1775480186.787776|完整运动,完整运动,circle_orbit,1,1.000000,1.500000,1.500000,,,,,,,,,,,,,,,,1.219429,0.004777,1.230830,0.010556,0.000000,0.000000,-0.240630,,-0.040421,0.000000,,,,0.003917,0.121952,1.500000,38.724892,24.102114,0.000000,circle,预设轨迹15,forward
1775480167.821422,32.175105,1775480186.787776|完整运动,完整运动,circle_orbit,1,1.000000,1.500000,1.500000,,,,,,,,,,,,,,,,1.219664,0.005674,1.233781,0.010865,0.000000,0.000000,-0.241389,,-0.038296,0.000000,,,,0.004652,0.121976,1.500000,38.749782,24.077225,0.000000,circle,预设轨迹15,forward
1775480167.843034,32.196717,1775480186.787776|完整运动,完整运动,circle_orbit,1,1.000000,1.500000,1.500000,,,,,,,,,,,,,,,,1.219944,0.006583,1.236724,0.011844,0.000000,0.000000,-0.242067,,-0.036217,0.000000,,,,0.005396,0.122004,1.500000,38.774792,24.052214,0.000000,circle,预设轨迹15,forward
1775480167.867094,32.220777,1775480186.787776|完整运动,完整运动,circle_orbit,1,1.000000,1.500000,1.500000,,,,,,,,,,,,,,,,1.220311,0.006805,1.242337,0.008086,0.000000,0.000000,-0.243264,,-0.032313,0.000000,,,,0.005576,0.122041,1.500000,38.825611,24.001395,0.000000,circle,预设轨迹15,forward
1775480167.894274,32.247956,1775480186.787776|完整运动,完整运动,circle_orbit,1,1.000000,1.500000,1.500000,,,,,,,,,,,,,,,,1.220672,0.008411,1.242337,0.017698,0.000000,0.000000,-0.243264,,-0.032313,0.000000,,,,0.006890,0.122077,1.500000,38.825611,24.001395,0.000000,circle,预设轨迹15,forward
1775480167.914587,32.268269,1775480186.787776|完整运动,完整运动,circle_orbit,1,1.000000,1.500000,1.500000,,,,,,,,,,,,,,,,1.221122,0.008900,1.248110,0.011732,0.000000,0.000000,-0.244110,,-0.028484,0.000000,,,,0.007289,0.122122,1.500000,38.876659,23.950347,0.000000,circle,预设轨迹15,forward
1775480167.945392,32.299074,1775480186.787776|完整运动,完整运动,circle_orbit,1,1.000000,1.500000,1.500000,,,,,,,,,,,,,,,,1.221621,0.010003,1.251549,0.016375,0.000000,0.000000,-0.244408,,-0.026301,0.000000,,,,0.008188,0.122172,1.500000,38.902260,23.924746,0.000000,circle,预设轨迹15,forward
1775480167.968953,32.322636,1775480186.787776|完整运动,完整运动,circle_orbit,1,1.000000,1.500000,1.500000,,,,,,,,,,,,,,,,1.222171,0.011092,1.255188,0.017388,0.000000,0.000000,-0.244654,,-0.024031,0.000000,,,,0.009075,0.122227,1.500000,38.927759,23.899247,0.000000,circle,预设轨迹15,forward
1775480167.989604,32.343287,1775480186.787776|完整运动,完整运动,circle_orbit,1,1.000000,1.500000,1.500000,,,,,,,,,,,,,,,,1.222818,0.012296,1.261654,0.019260,0.000000,0.000000,-0.244747,,-0.020166,0.000000,,,,0.010056,0.122291,1.500000,38.978923,23.848084,0.000000,circle,预设轨迹15,forward
1775480168.024841,32.378524,1775480186.787776|完整运动,完整运动,circle_orbit,1,1.000000,1.500000,1.500000,,,,,,,,,,,,,,,,1.223513,0.013862,1.265205,0.022910,0.000000,0.000000,-0.244473,,-0.018190,0.000000,,,,0.011330,0.122361,1.500000,39.004383,23.822623,0.000000,circle,预设轨迹15,forward
1775480168.046183,32.399866,1775480186.787776|完整运动,完整运动,circle_orbit,1,1.000000,1.500000,1.500000,,,,,,,,,,,,,,,,1.224334,0.015767,1.273574,0.026775,0.000000,0.000000,-0.243838,,-0.013575,0.000000,,,,0.012878,0.122443,1.500000,39.055528,23.771479,0.000000,circle,预设轨迹15,forward
1775480168.066545,32.420228,1775480186.787776|完整运动,完整运动,circle_orbit,1,1.000000,1.500000,1.500000,,,,,,,,,,,,,,,,1.225202,0.017203,1.277270,0.025499,0.000000,0.000000,-0.243504,,-0.011578,0.000000,,,,0.014041,0.122530,1.500000,39.081209,23.745798,0.000000,circle,预设轨迹15,forward
1775480168.087252,32.440934,1775480186.787776|完整运动,完整运动,circle_orbit,1,1.000000,1.500000,1.500000,,,,,,,,,,,,,,,,1.226118,0.018215,1.281087,0.024061,0.000000,0.000000,-0.243466,,-0.009406,0.000000,,,,0.014856,0.122621,1.500000,39.106765,23.720241,0.000000,circle,预设轨迹15,forward
1775480168.111053,32.464735,1775480186.787776|完整运动,完整运动,circle_orbit,1,1.000000,1.500000,1.500000,,,,,,,,,,,,,,,,1.227085,0.018959,1.285097,0.023256,0.000000,0.000000,-0.243621,,-0.007061,0.000000,,,,0.015451,0.122718,1.500000,39.132292,23.694714,0.000000,circle,预设轨迹15,forward
1775480168.134346,32.488029,1775480186.787776|完整运动,完整运动,circle_orbit,1,1.000000,1.500000,1.500000,,,,,,,,,,,,,,,,1.228075,0.019777,1.287491,0.024496,0.000000,0.000000,-0.243696,,-0.005674,0.000000,,,,0.016104,0.122817,1.500000,39.157192,23.669814,0.000000,circle,预设轨迹15,forward
1775480168.154612,32.508295,1775480186.787776|完整运动,完整运动,circle_orbit,1,1.000000,1.500000,1.500000,,,,,,,,,,,,,,,,1.229101,0.020655,1.290632,0.025723,0.000000,0.000000,-0.243699,,-0.003901,0.000000,,,,0.016805,0.122920,1.500000,39.182349,23.644657,0.000000,circle,预设轨迹15,forward
1775480168.184583,32.538266,1775480186.787776|完整运动,完整运动,circle_orbit,1,1.000000,1.500000,1.500000,,,,,,,,,,,,,,,,1.230182,0.021549,1.295070,0.026707,0.000000,0.000000,-0.243666,,-0.001425,0.000000,,,,0.017517,0.123028,1.500000,39.207274,23.619732,0.000000,circle,预设轨迹15,forward
1775480168.206058,32.559741,1775480186.787776|完整运动,完整运动,circle_orbit,1,1.000000,1.500000,1.500000,,,,,,,,,,,,,,,,1.231276,0.022509,1.296934,0.028045,0.000000,0.000000,-0.243553,,0.000430,0.000000,,,,0.018281,0.123137,1.500000,39.232177,23.594829,0.000000,circle,预设轨迹15,forward
1775480168.226343,32.580026,1775480186.787776|完整运动,完整运动,circle_orbit,1,1.000000,1.500000,1.500000,,,,,,,,,,,,,,,,1.232224,0.023492,1.289098,0.029165,0.000000,0.000000,-0.243398,,0.004886,0.000000,,,,0.019065,0.123232,1.500000,39.282219,23.544787,0.000000,circle,预设轨迹15,forward
1775480168.260825,32.614508,1775480186.787776|完整运动,完整运动,circle_orbit,1,1.000000,1.500000,1.500000,,,,,,,,,,,,,,,,1.233157,0.024253,1.289098,0.028638,0.000000,0.000000,-0.243398,,0.004886,0.000000,,,,0.019667,0.123325,1.500000,39.282219,23.544787,0.000000,circle,预设轨迹15,forward
1775480168.290982,32.644665,1775480186.787776|完整运动,完整运动,circle_orbit,1,1.000000,1.500000,1.500000,,,,,,,,,,,,,,,,1.233957,0.025541,1.281972,0.032969,0.000000,0.000000,-0.242944,,0.009110,0.000000,,,,0.020699,0.123405,1.500000,39.332837,23.494170,0.000000,circle,预设轨迹15,forward
1775480168.312164,32.665847,1775480186.787776|完整运动,完整运动,circle_orbit,1,1.000000,1.500000,1.500000,,,,,,,,,,,,,,,,1.234636,0.026850,1.275402,0.034392,0.000000,0.000000,-0.242432,,0.013082,0.000000,,,,0.021747,0.123473,1.500000,39.384372,23.442635,0.000000,circle,预设轨迹15,forward
1775480168.336946,32.690629,1775480186.787776|完整运动,完整运动,circle_orbit,1,1.000000,1.500000,1.500000,,,,,,,,,,,,,,,,1.235261,0.028008,1.272750,0.034685,0.000000,0.000000,-0.242001,,0.014786,0.000000,,,,0.022674,0.123536,1.500000,39.410332,23.416675,0.000000,circle,预设轨迹15,forward
1775480168.359602,32.713284,1775480186.787776|完整运动,完整运动,circle_orbit,1,1.000000,1.500000,1.500000,,,,,,,,,,,,,,,,1.235832,0.029367,1.270057,0.037194,0.000000,0.000000,-0.241366,,0.016602,0.000000,,,,0.023763,0.123593,1.500000,39.436168,23.390838,0.000000,circle,预设轨迹15,forward
1775480168.379903,32.733585,1775480186.787776|完整运动,完整运动,circle_orbit,1,1.000000,1.500000,1.500000,,,,,,,,,,,,,,,,1.236338,0.031035,1.266747,0.040645,0.000000,0.000000,-0.240427,,0.018906,0.000000,,,,0.025102,0.123643,1.500000,39.461988,23.365018,0.000000,circle,预设轨迹15,forward
1775480168.410586,32.764269,1775480186.787776|完整运动,完整运动,circle_orbit,1,1.000000,1.500000,1.500000,,,,,,,,,,,,,,,,1.236791,0.032845,1.263956,0.043272,0.000000,0.000000,-0.239308,,0.020988,0.000000,,,,0.026557,0.123689,1.500000,39.487740,23.339266,0.000000,circle,预设轨迹15,forward
1775480168.435813,32.789495,1775480186.787776|完整运动,完整运动,circle_orbit,1,1.000000,1.500000,1.500000,,,,,,,,,,,,,,,,1.237143,0.036157,1.258246,0.055238,0.000000,0.000000,-0.236865,,0.025332,0.000000,,,,0.029227,0.123724,1.500000,39.539147,23.287859,0.000000,circle,预设轨迹15,forward
1775480168.456113,32.809796,1775480186.787776|完整运动,完整运动,circle_orbit,1,1.000000,1.500000,1.500000,,,,,,,,,,,,,,,,1.237433,0.037709,1.254840,0.046644,0.000000,0.000000,-0.235749,,0.027801,0.000000,,,,0.030473,0.123753,1.500000,39.564741,23.262266,0.000000,circle,预设轨迹15,forward
1775480168.488557,32.842240,1775480186.787776|完整运动,完整运动,circle_orbit,1,1.000000,1.500000,1.500000,,,,,,,,,,,,,,,,1.237596,0.039644,1.247355,0.050789,0.000000,0.000000,-0.234276,,0.032872,0.000000,,,,0.032033,0.123769,1.500000,39.615904,23.211103,0.000000,circle,预设轨迹15,forward
1775480168.511602,32.865285,1775480186.787776|完整运动,完整运动,circle_orbit,1,1.000000,1.500000,1.500000,,,,,,,,,,,,,,,,1.237697,0.040373,1.243804,0.044572,0.000000,0.000000,-0.233754,,0.035227,0.000000,,,,0.032619,0.123779,1.500000,39.641679,23.185328,0.000000,circle,预设轨迹15,forward
1775480168.531889,32.885571,1775480186.787776|完整运动,完整运动,circle_orbit,1,1.000000,1.500000,1.500000,,,,,,,,,,,,,,,,1.237754,0.041173,1.241141,0.045784,0.000000,0.000000,-0.233182,,0.037073,0.000000,,,,0.033265,0.123785,1.500000,39.667662,23.159345,0.000000,circle,预设轨迹15,forward
1775480168.566160,32.919843,1775480186.787776|完整运动,完整运动,circle_orbit,1,1.000000,1.500000,1.500000,,,,,,,,,,,,,,,,1.237744,0.043556,1.237141,0.057279,0.000000,0.000000,-0.231289,,0.040273,0.000000,,,,0.035190,0.123784,1.500000,39.719163,23.107844,0.000000,circle,预设轨迹15,forward
1775480168.586712,32.940394,1775480186.787776|完整运动,完整运动,circle_orbit,1,1.000000,1.500000,1.500000,,,,,,,,,,,,,,,,1.237678,0.044604,1.233715,0.050640,0.000000,0.000000,-0.230426,,0.042723,0.000000,,,,0.036038,0.123777,1.500000,39.744597,23.082410,0.000000,circle,预设轨迹15,forward
1775480168.609425,32.963108,1775480186.787776|完整运动,完整运动,circle_orbit,1,1.000000,1.500000,1.500000,,,,,,,,,,,,,,,,1.237572,0.045724,1.231226,0.052178,0.000000,0.000000,-0.229493,,0.044632,0.000000,,,,0.036947,0.123767,1.500000,39.769737,23.057270,0.000000,circle,预设轨迹15,forward
1775480168.631671,32.985354,1775480186.787776|完整运动,完整运动,circle_orbit,1,1.000000,1.500000,1.500000,,,,,,,,,,,,,,,,1.237416,0.046758,1.228034,0.052713,0.000000,0.000000,-0.228621,,0.046960,0.000000,,,,0.037787,0.123751,1.500000,39.795174,23.031832,0.000000,circle,预设轨迹15,forward
1775480168.666787,33.020470,1775480186.787776|完整运动,完整运动,circle_orbit,1,1.000000,1.500000,1.500000,,,,,,,,,,,,,,,,1.237220,0.048009,1.225472,0.055212,0.000000,0.000000,-0.227557,,0.048981,0.000000,,,,0.038804,0.123732,1.500000,39.820750,23.006256,0.000000,circle,预设轨迹15,forward
1775480168.687106,33.040789,1775480186.787776|完整运动,完整运动,circle_orbit,1,1.000000,1.500000,1.500000,,,,,,,,,,,,,,,,1.236962,0.051341,1.221488,0.070534,0.000000,0.000000,-0.224726,,0.052609,0.000000,,,,0.041505,0.123706,1.500000,39.872105,22.954902,0.000000,circle,预设轨迹15,forward
1775480168.716387,33.070070,1775480186.787776|完整运动,完整运动,circle_orbit,1,1.000000,1.500000,1.500000,,,,,,,,,,,,,,,,1.236708,0.051124,1.221488,0.049873,0.000000,0.000000,-0.224726,,0.052609,0.000000,,,,0.041338,0.123680,1.500000,39.872105,22.954902,0.000000,circle,预设轨迹15,forward
1775480168.749687,33.103370,1775480186.787776|完整运动,完整运动,circle_orbit,1,1.000000,1.500000,1.500000,,,,,,,,,,,,,,,,1.236384,0.057225,1.216922,0.092378,0.000000,0.000000,-0.219496,,0.057581,0.000000,,,,0.046284,0.123648,1.500000,39.949508,22.877498,0.000000,circle,预设轨迹15,forward
1775480168.770343,33.124026,1775480186.787776|完整运动,完整运动,circle_orbit,1,1.000000,1.500000,1.500000,,,,,,,,,,,,,,,,1.236048,0.059057,1.215885,0.069609,0.000000,0.000000,-0.217545,,0.059018,0.000000,,,,0.047779,0.123614,1.500000,39.975497,22.851509,0.000000,circle,预设轨迹15,forward
1775480168.803876,33.157559,1775480186.787776|完整运动,完整运动,circle_orbit,1,1.000000,1.500000,1.500000,,,,,,,,,,,,,,,,1.235700,0.060898,1.214857,0.071510,0.000000,0.000000,-0.215548,,0.060470,0.000000,,,,0.049282,0.123580,1.500000,40.001314,22.825692,0.000000,circle,预设轨迹15,forward
1775480168.825564,33.179247,1775480186.787776|完整运动,完整运动,circle_orbit,1,1.000000,1.500000,1.500000,,,,,,,,,,,,,,,,1.235319,0.062504,1.212437,0.071757,0.000000,0.000000,-0.213712,,0.062745,0.000000,,,,0.050597,0.123541,1.500000,40.026936,22.800071,0.000000,circle,预设轨迹15,forward
1775480168.846475,33.200158,1775480186.787776|完整运动,完整运动,circle_orbit,1,1.000000,1.500000,1.500000,,,,,,,,,,,,,,,,1.234878,0.066448,1.208441,0.089177,0.000000,0.000000,-0.209892,,0.066830,0.000000,,,,0.053809,0.123497,1.500000,40.077964,22.749042,0.000000,circle,预设轨迹15,forward
1775480168.884059,33.237742,1775480186.787776|完整运动,完整运动,circle_orbit,1,1.000000,1.500000,1.500000,,,,,,,,,,,,,,,,1.234409,0.067936,1.206255,0.076518,0.000000,0.000000,-0.207975,,0.069003,0.000000,,,,0.055036,0.123450,1.500000,40.103563,22.723444,0.000000,circle,预设轨迹15,forward
1775480168.912048,33.265730,1775480186.787776|完整运动,完整运动,circle_orbit,1,1.000000,1.500000,1.500000,,,,,,,,,,,,,,,,1.233932,0.069424,1.205273,0.078002,0.000000,0.000000,-0.206049,,0.070406,0.000000,,,,0.056263,0.123403,1.500000,40.129081,22.697926,0.000000,circle,预设轨迹15,forward
1775480168.933437,33.287120,1775480186.787776|完整运动,完整运动,circle_orbit,1,1.000000,1.500000,1.500000,,,,,,,,,,,,,,,,1.233407,0.072944,1.201950,0.093235,0.000000,0.000000,-0.202408,,0.074013,0.000000,,,,0.059140,0.123350,1.500000,40.180757,22.646250,0.000000,circle,预设轨迹15,forward
1775480168.962579,33.316262,1775480186.787776|完整运动,完整运动,circle_orbit,1,1.000000,1.500000,1.500000,,,,,,,,,,,,,,,,1.232886,0.074232,1.201622,0.081662,0.000000,0.000000,-0.200510,,0.074985,0.000000,,,,0.060210,0.123298,1.500000,40.206542,22.620464,0.000000,circle,预设轨迹15,forward
1775480168.991290,33.344973,1775480186.787776|完整运动,完整运动,circle_orbit,1,1.000000,1.500000,1.500000,,,,,,,,,,,,,,,,1.232335,0.078105,1.199283,0.100443,0.000000,0.000000,-0.196447,,0.078132,0.000000,,,,0.063380,0.123243,1.500000,40.257877,22.569130,0.000000,circle,预设轨迹15,forward
1775480169.011780,33.365462,1775480186.787776|完整运动,完整运动,circle_orbit,1,1.000000,1.500000,1.500000,,,,,,,,,,,,,,,,1.231788,0.079621,1.198941,0.088361,0.000000,0.000000,-0.194219,,0.079247,0.000000,,,,0.064638,0.123188,1.500000,40.283203,22.543803,0.000000,circle,预设轨迹15,forward
1775480169.040099,33.393782,1775480186.787776|完整运动,完整运动,circle_orbit,1,1.000000,1.500000,1.500000,,,,,,,,,,,,,,,,1.231233,0.081195,1.197963,0.090275,0.000000,0.000000,-0.191939,,0.080797,0.000000,,,,0.065946,0.123133,1.500000,40.308574,22.518432,0.000000,circle,预设轨迹15,forward
1775480169.060962,33.414645,1775480186.787776|完整运动,完整运动,circle_orbit,1,1.000000,1.500000,1.500000,,,,,,,,,,,,,,,,1.230666,0.082817,1.196605,0.092179,0.000000,0.000000,-0.189610,,0.082616,0.000000,,,,0.067295,0.123076,1.500000,40.334060,22.492947,0.000000,circle,预设轨迹15,forward
1775480169.081929,33.435612,1775480186.787776|完整运动,完整运动,circle_orbit,1,1.000000,1.500000,1.500000,,,,,,,,,,,,,,,,1.230104,0.084721,1.196427,0.095702,0.000000,0.000000,-0.187032,,0.083764,0.000000,,,,0.068873,0.123020,1.500000,40.359566,22.467440,0.000000,circle,预设轨迹15,forward
1775480169.118855,33.472538,1775480186.787776|完整运动,完整运动,circle_orbit,1,1.000000,1.500000,1.500000,,,,,,,,,,,,,,,,1.229539,0.089792,1.195597,0.119061,0.000000,0.000000,-0.181757,,0.086419,0.000000,,,,0.073029,0.122963,1.500000,40.410719,22.416288,0.000000,circle,预设轨迹15,forward
1775480169.147880,33.501563,1775480186.787776|完整运动,完整运动,circle_orbit,1,1.000000,1.500000,1.500000,,,,,,,,,,,,,,,,1.228990,0.091562,1.196052,0.101777,0.000000,0.000000,-0.179046,,0.087205,0.000000,,,,0.074502,0.122908,1.500000,40.435827,22.391179,0.000000,circle,预设轨迹15,forward
1775480169.168320,33.522003,1775480186.787776|完整运动,完整运动,circle_orbit,1,1.000000,1.500000,1.500000,,,,,,,,,,,,,,,,1.228428,0.096343,1.194753,0.123940,0.000000,0.000000,-0.173790,,0.090160,0.000000,,,,0.078428,0.122852,1.500000,40.486900,22.340107,0.000000,circle,预设轨迹15,forward
1775480169.199297,33.552980,1775480186.787776|完整运动,完整运动,circle_orbit,1,1.000000,1.500000,1.500000,,,,,,,,,,,,,,,,1.227875,0.097810,1.194670,0.106278,0.000000,0.000000,-0.171137,,0.091275,0.000000,,,,0.079658,0.122797,1.500000,40.512655,22.314351,0.000000,circle,预设轨迹15,forward
1775480169.228158,33.581840,1775480186.787776|完整运动,完整运动,circle_orbit,1,1.000000,1.500000,1.500000,,,,,,,,,,,,,,,,1.227335,0.099428,1.194930,0.108775,0.000000,0.000000,-0.168371,,0.092211,0.000000,,,,0.081012,0.122743,1.500000,40.538403,22.288604,0.000000,circle,预设轨迹15,forward
1775480169.253371,33.607054,1775480186.787776|完整运动,完整运动,circle_orbit,1,1.000000,1.500000,1.500000,,,,,,,,,,,,,,,,1.226819,0.104461,1.195884,0.133527,0.000000,0.000000,-0.162730,,0.093842,0.000000,,,,0.085148,0.122691,1.500000,40.589422,22.237584,0.000000,circle,预设轨迹15,forward
1775480169.279956,33.633639,1775480186.787776|完整运动,完整运动,circle_orbit,1,1.000000,1.500000,1.500000,,,,,,,,,,,,,,,,1.226312,0.105793,1.195839,0.113481,0.000000,0.000000,-0.160010,,0.094959,0.000000,,,,0.086269,0.122641,1.500000,40.614656,22.212351,0.000000,circle,预设轨迹15,forward
1775480169.310063,33.663746,1775480186.787776|完整运动,完整运动,circle_orbit,1,1.000000,1.500000,1.500000,,,,,,,,,,,,,,,,1.225804,0.110049,1.195365,0.134633,0.000000,0.000000,-0.154853,,0.097333,0.000000,,,,0.089777,0.122590,1.500000,40.665043,22.161963,0.000000,circle,预设轨迹15,forward
1775480169.331205,33.684888,1775480186.787776|完整运动,完整运动,circle_orbit,1,1.000000,1.500000,1.500000,,,,,,,,,,,,,,,,1.225307,0.111050,1.195489,0.116835,0.000000,0.000000,-0.152294,,0.098276,0.000000,,,,0.090630,0.122540,1.500000,40.690463,22.136543,0.000000,circle,预设轨迹15,forward
1775480169.352870,33.706553,1775480186.787776|完整运动,完整运动,circle_orbit,1,1.000000,1.500000,1.500000,,,,,,,,,,,,,,,,1.224818,0.109076,1.195489,0.097667,0.000000,0.000000,-0.152294,,0.098276,0.000000,,,,0.089054,0.122491,1.500000,40.690463,22.136543,0.000000,circle,预设轨迹15,forward
1775480169.379793,33.733475,1775480186.787776|完整运动,完整运动,circle_orbit,1,1.000000,1.500000,1.500000,,,,,,,,,,,,,,,,1.224366,0.113665,1.197194,0.140182,0.000000,0.000000,-0.146972,,0.099288,0.000000,,,,0.092836,0.122446,1.500000,40.740754,22.086253,0.000000,circle,预设轨迹15,forward
1775480169.400123,33.753806,1775480186.787776|完整运动,完整运动,circle_orbit,1,1.000000,1.500000,1.500000,,,,,,,,,,,,,,,,1.223936,0.115136,1.198167,0.123641,0.000000,0.000000,-0.144098,,0.099802,0.000000,,,,0.094071,0.122403,1.500000,40.765646,22.061360,0.000000,circle,预设轨迹15,forward
1775480169.427375,33.781058,1775480186.787776|完整运动,完整运动,circle_orbit,1,1.000000,1.500000,1.500000,,,,,,,,,,,,,,,,1.223529,0.116620,1.199088,0.125197,0.000000,0.000000,-0.141224,,0.100350,0.000000,,,,0.095315,0.122362,1.500000,40.790554,22.036453,0.000000,circle,预设轨迹15,forward
1775480169.453161,33.806844,1775480186.787776|完整运动,完整运动,circle_orbit,1,1.000000,1.500000,1.500000,,,,,,,,,,,,,,,,1.223173,0.121793,1.201830,0.151692,0.000000,0.000000,-0.135239,,0.100961,0.000000,,,,0.099572,0.122327,1.500000,40.840846,21.986161,0.000000,circle,预设轨迹15,forward
1775480169.473927,33.827610,1775480186.787776|完整运动,完整运动,circle_orbit,1,1.000000,1.500000,1.500000,,,,,,,,,,,,,,,,1.222849,0.123367,1.203427,0.132466,0.000000,0.000000,-0.132082,,0.101189,0.000000,,,,0.100885,0.122294,1.500000,40.866145,21.960861,0.000000,circle,预设轨迹15,forward
1775480169.501398,33.855081,1775480186.787776|完整运动,完整运动,circle_orbit,1,1.000000,1.500000,1.500000,,,,,,,,,,,,,,,,1.222564,0.125087,1.205418,0.135026,0.000000,0.000000,-0.128810,,0.101210,0.000000,,,,0.102315,0.122266,1.500000,40.891256,21.935751,0.000000,circle,预设轨迹15,forward
1775480169.538199,33.891882,1775480186.787776|完整运动,完整运动,circle_orbit,1,1.000000,1.500000,1.500000,,,,,,,,,,,,,,,,1.222313,0.126864,1.207286,0.137139,0.000000,0.000000,-0.125488,,0.101336,0.000000,,,,0.103790,0.122241,1.500000,40.916302,21.910705,0.000000,circle,预设轨迹15,forward
1775480169.573989,33.927671,1775480186.787776|完整运动,完整运动,circle_orbit,1,1.000000,1.500000,1.500000,,,,,,,,,,,,,,,,1.222164,0.136682,1.213223,0.193444,0.000000,0.000000,-0.115365,,0.101585,0.000000,,,,0.111836,0.122226,1.500000,40.991738,21.835269,0.000000,circle,预设轨迹15,forward
1775480169.610836,33.964518,1775480186.787776|完整运动,完整运动,circle_orbit,1,1.000000,1.500000,1.500000,,,,,,,,,,,,,,,,1.222045,0.137945,1.214915,0.145245,0.000000,0.000000,-0.111992,,0.101858,0.000000,,,,0.112880,0.122214,1.500000,41.016977,21.810029,0.000000,circle,预设轨迹15,forward
1775480169.641554,33.995236,1775480186.787776|完整运动,完整运动,circle_orbit,1,1.000000,1.500000,1.500000,,,,,,,,,,,,,,,,1.222002,0.143074,1.219427,0.172727,0.000000,0.000000,-0.105403,,0.101639,0.000000,,,,0.117081,0.122210,1.500000,41.067248,21.759759,0.000000,circle,预设轨迹15,forward
1775480169.662415,34.016098,1775480186.787776|完整运动,完整运动,circle_orbit,1,1.000000,1.500000,1.500000,,,,,,,,,,,,,,,,1.222037,0.147941,1.224138,0.176083,0.000000,0.000000,-0.098852,,0.101301,0.000000,,,,0.121061,0.122213,1.500000,41.117309,21.709698,0.000000,circle,预设轨迹15,forward
1775480169.690899,34.044582,1775480186.787776|完整运动,完整运动,circle_orbit,1,1.000000,1.500000,1.500000,,,,,,,,,,,,,,,,1.222072,0.144870,1.224138,0.127115,0.000000,0.000000,-0.098852,,0.101301,0.000000,,,,0.118545,0.122217,1.500000,41.117309,21.709698,0.000000,circle,预设轨迹15,forward
1775480169.721931,34.075614,1775480186.787776|完整运动,完整运动,circle_orbit,1,1.000000,1.500000,1.500000,,,,,,,,,,,,,,,,1.222185,0.149472,1.228991,0.176074,0.000000,0.000000,-0.092683,,0.100745,0.000000,,,,0.122299,0.122228,1.500000,41.167380,21.659626,0.000000,circle,预设轨迹15,forward
1775480169.755150,34.108833,1775480186.787776|完整运动,完整运动,circle_orbit,1,1.000000,1.500000,1.500000,,,,,,,,,,,,,,,,1.222412,0.154096,1.235997,0.180833,0.000000,0.000000,-0.086335,,0.098961,0.000000,,,,0.126059,0.122251,1.500000,41.217209,21.609797,0.000000,circle,预设轨迹15,forward
1775480169.775717,34.129400,1775480186.787776|完整运动,完整运动,circle_orbit,1,1.000000,1.500000,1.500000,,,,,,,,,,,,,,,,1.222670,0.154572,1.238156,0.157321,0.000000,0.000000,-0.083342,,0.098835,0.000000,,,,0.126422,0.122276,1.500000,41.241825,21.585181,0.000000,circle,预设轨迹15,forward
1775480169.811270,34.164953,1775480186.787776|完整运动,完整运动,circle_orbit,1,1.000000,1.500000,1.500000,,,,,,,,,,,,,,,,1.222982,0.155223,1.241695,0.158985,0.000000,0.000000,-0.080300,,0.097894,0.000000,,,,0.126922,0.122308,1.500000,41.266011,21.560996,0.000000,circle,预设轨迹15,forward
1775480169.838208,34.191890,1775480186.787776|完整运动,完整运动,circle_orbit,1,1.000000,1.500000,1.500000,,,,,,,,,,,,,,,,1.223346,0.155918,1.245180,0.159938,0.000000,0.000000,-0.077300,,0.096981,0.000000,,,,0.127452,0.122344,1.500000,41.290164,21.536842,0.000000,circle,预设轨迹15,forward
1775480169.858538,34.212221,1775480186.787776|完整运动,完整运动,circle_orbit,1,1.000000,1.500000,1.500000,,,,,,,,,,,,,,,,1.223826,0.160408,1.252668,0.186352,0.000000,0.000000,-0.071163,,0.094935,0.000000,,,,0.131071,0.122392,1.500000,41.338607,21.488399,0.000000,circle,预设轨迹15,forward
1775480169.889795,34.243478,1775480186.787776|完整运动,完整运动,circle_orbit,1,1.000000,1.500000,1.500000,,,,,,,,,,,,,,,,1.224364,0.161061,1.256638,0.164838,0.000000,0.000000,-0.068107,,0.093793,0.000000,,,,0.131547,0.122446,1.500000,41.363133,21.463874,0.000000,circle,预设轨迹15,forward
1775480169.912648,34.266331,1775480186.787776|完整运动,完整运动,circle_orbit,1,1.000000,1.500000,1.500000,,,,,,,,,,,,,,,,1.225045,0.165532,1.265875,0.191358,0.000000,0.000000,-0.061900,,0.090832,0.000000,,,,0.135123,0.122514,1.500000,41.412061,21.414945,0.000000,circle,预设轨迹15,forward
1775480169.937005,34.290688,1775480186.787776|完整运动,完整运动,circle_orbit,1,1.000000,1.500000,1.500000,,,,,,,,,,,,,,,,1.225788,0.166376,1.270372,0.171251,0.000000,0.000000,-0.058597,,0.089532,0.000000,,,,0.135730,0.122588,1.500000,41.436488,21.390519,0.000000,circle,预设轨迹15,forward
1775480169.959414,34.313097,1775480186.787776|完整运动,完整运动,circle_orbit,1,1.000000,1.500000,1.500000,,,,,,,,,,,,,,,,1.226587,0.167281,1.274545,0.172507,0.000000,0.000000,-0.055308,,0.088432,0.000000,,,,0.136379,0.122668,1.500000,41.461079,21.365928,0.000000,circle,预设轨迹15,forward
1775480169.985180,34.338863,1775480186.787776|完整运动,完整运动,circle_orbit,1,1.000000,1.500000,1.500000,,,,,,,,,,,,,,,,1.227433,0.168075,1.278198,0.172660,0.000000,0.000000,-0.052168,,0.087586,0.000000,,,,0.136932,0.122753,1.500000,41.485895,21.341112,0.000000,circle,预设轨迹15,forward
1775480170.024669,34.378352,1775480186.787776|完整运动,完整运动,circle_orbit,1,1.000000,1.500000,1.500000,,,,,,,,,,,,,,,,1.228400,0.172617,1.286414,0.198836,0.000000,0.000000,-0.045924,,0.085399,0.000000,,,,0.140522,0.122849,1.500000,41.535660,21.291347,0.000000,circle,预设轨迹15,forward
1775480170.065307,34.418990,1775480186.787776|完整运动,完整运动,circle_orbit,1,1.000000,1.500000,1.500000,,,,,,,,,,,,,,,,1.229418,0.173158,1.290493,0.176281,0.000000,0.000000,-0.042884,,0.084312,0.000000,,,,0.140846,0.122951,1.500000,41.560608,21.266399,0.000000,circle,预设轨迹15,forward
1775480170.096801,34.450484,1775480186.787776|完整运动,完整运动,circle_orbit,1,1.000000,1.500000,1.500000,,,,,,,,,,,,,,,,1.230621,0.180594,1.302834,0.223494,0.000000,0.000000,-0.034111,,0.080940,0.000000,,,,0.146750,0.123072,1.500000,41.634908,21.192098,0.000000,circle,预设轨迹15,forward
1775480170.117282,34.470965,1775480186.787776|完整运动,完整运动,circle_orbit,1,1.000000,1.500000,1.500000,,,,,,,,,,,,,,,,1.231888,0.180693,1.307905,0.181263,0.000000,0.000000,-0.031180,,0.079322,0.000000,,,,0.146679,0.123198,1.500000,41.659504,21.167502,0.000000,circle,预设轨迹15,forward
1775480170.146809,34.500492,1775480186.787776|完整运动,完整运动,circle_orbit,1,1.000000,1.500000,1.500000,,,,,,,,,,,,,,,,1.233215,0.180813,1.312816,0.181510,0.000000,0.000000,-0.028346,,0.077775,0.000000,,,,0.146619,0.123331,1.500000,41.684152,21.142854,0.000000,circle,预设轨迹15,forward
1775480170.179993,34.533676,1775480186.787776|完整运动,完整运动,circle_orbit,1,1.000000,1.500000,1.500000,,,,,,,,,,,,,,,,1.234594,0.181026,1.317354,0.182254,0.000000,0.000000,-0.025539,,0.076437,0.000000,,,,0.146628,0.123469,1.500000,41.708796,21.118211,0.000000,circle,预设轨迹15,forward
1775480170.203411,34.557094,1775480186.787776|完整运动,完整运动,circle_orbit,1,1.000000,1.500000,1.500000,,,,,,,,,,,,,,,,1.236072,0.184001,1.324706,0.201141,0.000000,0.000000,-0.020502,,0.074503,0.000000,,,,0.148860,0.123617,1.500000,41.757966,21.069041,0.000000,circle,预设轨迹15,forward
1775480170.229024,34.582707,1775480186.787776|完整运动,完整运动,circle_orbit,1,1.000000,1.500000,1.500000,,,,,,,,,,,,,,,,1.237702,0.186746,1.335506,0.202555,0.000000,0.000000,-0.015577,,0.070750,0.000000,,,,0.150881,0.123780,1.500000,41.806895,21.020111,0.000000,circle,预设轨迹15,forward
1775480170.258062,34.611745,1775480186.787776|完整运动,完整运动,circle_orbit,1,1.000000,1.500000,1.500000,,,,,,,,,,,,,,,,1.239397,0.186627,1.341104,0.185941,0.000000,0.000000,-0.012995,,0.068852,0.000000,,,,0.150579,0.123949,1.500000,41.831476,20.995530,0.000000,circle,预设轨迹15,forward
1775480170.281065,34.634748,1775480186.787776|完整运动,完整运动,circle_orbit,1,1.000000,1.500000,1.500000,,,,,,,,,,,,,,,,1.241153,0.186668,1.346523,0.186907,0.000000,0.000000,-0.010388,,0.067082,0.000000,,,,0.150399,0.124125,1.500000,41.856047,20.970959,0.000000,circle,预设轨迹15,forward
1775480170.308549,34.662232,1775480186.787776|完整运动,完整运动,circle_orbit,1,1.000000,1.500000,1.500000,,,,,,,,,,,,,,,,1.243077,0.189542,1.358515,0.206069,0.000000,0.000000,-0.005497,,0.062893,0.000000,,,,0.152478,0.124317,1.500000,41.905114,20.921892,0.000000,circle,预设轨迹15,forward
1775480170.342843,34.696526,1775480186.787776|完整运动,完整运动,circle_orbit,1,1.000000,1.500000,1.500000,,,,,,,,,,,,,,,,1.245068,0.189449,1.364528,0.188914,0.000000,0.000000,-0.003008,,0.060847,0.000000,,,,0.152159,0.124516,1.500000,41.929741,20.897266,0.000000,circle,预设轨迹15,forward
1775480170.378592,34.732274,1775480186.787776|完整运动,完整运动,circle_orbit,1,1.000000,1.500000,1.500000,,,,,,,,,,,,,,,,1.247126,0.189533,1.370579,0.190019,0.000000,0.000000,-0.000469,,0.058830,0.000000,,,,0.151976,0.124722,1.500000,41.954340,20.872666,0.000000,circle,预设轨迹15,forward
1775480170.408608,34.762291,1775480186.787776|完整运动,完整运动,circle_orbit,1,1.000000,1.500000,1.500000,,,,,,,,,,,,,,,,1.249208,0.192870,1.374130,0.212036,0.000000,0.000000,0.004712,,0.055365,0.000000,,,,0.154394,0.124930,1.500000,42.003903,20.823104,0.000000,circle,预设轨迹15,forward
1775480170.428912,34.782594,1775480186.787776|完整运动,完整运动,circle_orbit,1,1.000000,1.500000,1.500000,,,,,,,,,,,,,,,,1.251318,0.195558,1.377927,0.210988,0.000000,0.000000,0.009469,,0.051582,0.000000,,,,0.156282,0.125141,1.500000,42.053462,20.773544,0.000000,circle,预设轨迹15,forward
1775480170.456301,34.809984,1775480186.787776|完整运动,完整运动,circle_orbit,1,1.000000,1.500000,1.500000,,,,,,,,,,,,,,,,1.253425,0.195069,1.379870,0.192264,0.000000,0.000000,0.011646,,0.049753,0.000000,,,,0.155629,0.125352,1.500000,42.078459,20.748547,0.000000,circle,预设轨迹15,forward
1775480170.483706,34.837389,1775480186.787776|完整运动,完整运动,circle_orbit,1,1.000000,1.500000,1.500000,,,,,,,,,,,,,,,,1.255541,0.194706,1.382493,0.192622,0.000000,0.000000,0.013810,,0.047598,0.000000,,,,0.155077,0.125564,1.500000,42.103403,20.723603,0.000000,circle,预设轨迹15,forward
1775480170.504068,34.857751,1775480186.787776|完整运动,完整运动,circle_orbit,1,1.000000,1.500000,1.500000,,,,,,,,,,,,,,,,1.257706,0.197013,1.387626,0.210235,0.000000,0.000000,0.018101,,0.043373,0.000000,,,,0.156644,0.125780,1.500000,42.153675,20.673331,0.000000,circle,预设轨迹15,forward
1775480170.533521,34.887204,1775480186.787776|完整运动,完整运动,circle_orbit,1,1.000000,1.500000,1.500000,,,,,,,,,,,,,,,,1.259868,0.196556,1.389583,0.193941,0.000000,0.000000,0.020152,,0.041601,0.000000,,,,0.156013,0.125997,1.500000,42.178706,20.648300,0.000000,circle,预设轨迹15,forward
1775480170.569401,34.923084,1775480186.787776|完整运动,完整运动,circle_orbit,1,1.000000,1.500000,1.500000,,,,,,,,,,,,,,,,1.262034,0.196038,1.391988,0.193068,0.000000,0.000000,0.022049,,0.039677,0.000000,,,,0.155335,0.126213,1.500000,42.203714,20.623292,0.000000,circle,预设轨迹15,forward
1775480170.605065,34.958748,1775480186.787776|完整运动,完整运动,circle_orbit,1,1.000000,1.500000,1.500000,,,,,,,,,,,,,,,,1.264253,0.197310,1.397372,0.204590,0.000000,0.000000,0.025336,,0.035767,0.000000,,,,0.156068,0.126435,1.500000,42.254001,20.573006,0.000000,circle,预设轨迹15,forward
1775480170.628315,34.981997,1775480186.787776|完整运动,完整运动,circle_orbit,1,1.000000,1.500000,1.500000,,,,,,,,,,,,,,,,1.266561,0.198308,1.405044,0.204018,0.000000,0.000000,0.028413,,0.030873,0.000000,,,,0.156572,0.126666,1.500000,42.304955,20.522052,0.000000,circle,预设轨迹15,forward
1775480170.648932,35.002614,1775480186.787776|完整运动,完整运动,circle_orbit,1,1.000000,1.500000,1.500000,,,,,,,,,,,,,,,,1.268905,0.197426,1.409553,0.192382,0.000000,0.000000,0.029927,,0.028133,0.000000,,,,0.155588,0.126900,1.500000,42.330300,20.496706,0.000000,circle,预设轨迹15,forward
1775480170.682992,35.036674,1775480186.787776|完整运动,完整运动,circle_orbit,1,1.000000,1.500000,1.500000,,,,,,,,,,,,,,,,1.271211,0.194858,1.409553,0.180188,0.000000,0.000000,0.029927,,0.028133,0.000000,,,,0.153285,0.127131,1.500000,42.330300,20.496706,0.000000,circle,预设轨迹15,forward
1775480170.718041,35.071724,1775480186.787776|完整运动,完整运动,circle_orbit,1,1.000000,1.500000,1.500000,,,,,,,,,,,,,,,,1.273629,0.196427,1.418729,0.205384,0.000000,0.000000,0.033152,,0.022541,0.000000,,,,0.154226,0.127373,1.500000,42.380537,20.446470,0.000000,circle,预设轨迹15,forward
1775480170.753852,35.107535,1775480186.787776|完整运动,完整运动,circle_orbit,1,1.000000,1.500000,1.500000,,,,,,,,,,,,,,,,1.276166,0.197970,1.428354,0.206775,0.000000,0.000000,0.036411,,0.016784,0.000000,,,,0.155129,0.127626,1.500000,42.430838,20.396169,0.000000,circle,预设轨迹15,forward
1775480170.783181,35.136864,1775480186.787776|完整运动,完整运动,circle_orbit,1,1.000000,1.500000,1.500000,,,,,,,,,,,,,,,,1.278804,0.199114,1.437100,0.205634,0.000000,0.000000,0.039390,,0.011598,0.000000,,,,0.155703,0.127890,1.500000,42.481516,20.345490,0.000000,circle,预设轨迹15,forward
1775480170.803518,35.157200,1775480186.787776|完整运动,完整运动,circle_orbit,1,1.000000,1.500000,1.500000,,,,,,,,,,,,,,,,1.281544,0.200453,1.445936,0.208086,0.000000,0.000000,0.042553,,0.006347,0.000000,,,,0.156415,0.128164,1.500000,42.532189,20.294817,0.000000,circle,预设轨迹15,forward
1775480170.830573,35.184256,1775480186.787776|完整运动,完整运动,circle_orbit,1,1.000000,1.500000,1.500000,,,,,,,,,,,,,,,,1.284239,0.197925,1.445936,0.183532,0.000000,0.000000,0.042553,,0.006347,0.000000,,,,0.154119,0.128434,1.500000,42.532189,20.294817,0.000000,circle,预设轨迹15,forward
1775480170.858006,35.211689,1775480186.787776|完整运动,完整运动,circle_orbit,1,1.000000,1.500000,1.500000,,,,,,,,,,,,,,,,1.286955,0.197283,1.449916,0.193627,0.000000,0.000000,0.043905,,0.004026,0.000000,,,,0.153294,0.128705,1.500000,42.557621,20.269385,0.000000,circle,预设轨迹15,forward
1775480170.878360,35.232043,1775480186.787776|完整运动,完整运动,circle_orbit,1,1.000000,1.500000,1.500000,,,,,,,,,,,,,,,,1.289687,0.198259,1.453649,0.203809,0.000000,0.000000,0.046516,,-0.001321,0.000000,,,,0.153726,0.128979,1.500000,42.608663,20.218344,0.000000,circle,预设轨迹15,forward
1775480170.907409,35.261092,1775480186.787776|完整运动,完整运动,circle_orbit,1,1.000000,1.500000,1.500000,,,,,,,,,,,,,,,,1.292146,0.198843,1.439692,0.202160,0.000000,0.000000,0.048834,,-0.006646,0.000000,,,,0.153885,0.129225,1.500000,42.659999,20.167008,0.000000,circle,预设轨迹15,forward
1775480170.931194,35.284876,1775480186.787776|完整运动,完整运动,circle_orbit,1,1.000000,1.500000,1.500000,,,,,,,,,,,,,,,,1.294565,0.196608,1.439692,0.183917,0.000000,0.000000,0.048834,,-0.006646,0.000000,,,,0.151872,0.129467,1.500000,42.659999,20.167008,0.000000,circle,预设轨迹15,forward
1775480170.951868,35.305550,1775480186.787776|完整运动,完整运动,circle_orbit,1,1.000000,1.500000,1.500000,,,,,,,,,,,,,,,,1.296768,0.196234,1.428960,0.194108,0.000000,0.000000,0.050197,,-0.010991,0.000000,,,,0.151325,0.129687,1.500000,42.711481,20.115525,0.000000,circle,预设轨迹15,forward
1775480170.979776,35.333459,1775480186.787776|完整运动,完整运动,circle_orbit,1,1.000000,1.500000,1.500000,,,,,,,,,,,,,,,,1.298850,0.194794,1.423751,0.186625,0.000000,0.000000,0.050641,,-0.013214,0.000000,,,,0.149974,0.129895,1.500000,42.737394,20.089612,0.000000,circle,预设轨迹15,forward
1775480171.001511,35.355194,1775480186.787776|完整运动,完整运动,circle_orbit,1,1.000000,1.500000,1.500000,,,,,,,,,,,,,,,,1.300811,0.193295,1.418453,0.184794,0.000000,0.000000,0.050932,,-0.015557,0.000000,,,,0.148596,0.130091,1.500000,42.763520,20.063486,0.000000,circle,预设轨迹15,forward
1775480171.021884,35.375567,1775480186.787776|完整运动,完整运动,circle_orbit,1,1.000000,1.500000,1.500000,,,,,,,,,,,,,,,,1.302529,0.192215,1.405649,0.186092,0.000000,0.000000,0.051470,,-0.021362,0.000000,,,,0.147570,0.130263,1.500000,42.815952,20.011055,0.000000,circle,预设轨迹15,forward
1775480171.057039,35.410722,1775480186.787776|完整运动,完整运动,circle_orbit,1,1.000000,1.500000,1.500000,,,,,,,,,,,,,,,,1.304123,0.190797,1.399753,0.182763,0.000000,0.000000,0.051662,,-0.024095,0.000000,,,,0.146303,0.130422,1.500000,42.842258,19.984749,0.000000,circle,预设轨迹15,forward
1775480171.084162,35.437845,1775480186.787776|完整运动,完整运动,circle_orbit,1,1.000000,1.500000,1.500000,,,,,,,,,,,,,,,,1.305589,0.189409,1.393564,0.181547,0.000000,0.000000,0.051794,,-0.027016,0.000000,,,,0.145075,0.130569,1.500000,42.868510,19.958497,0.000000,circle,预设轨迹15,forward
1775480171.104892,35.458575,1775480186.787776|完整运动,完整运动,circle_orbit,1,1.000000,1.500000,1.500000,,,,,,,,,,,,,,,,1.306799,0.188705,1.379349,0.184722,0.000000,0.000000,0.052413,,-0.033701,0.000000,,,,0.144403,0.130690,1.500000,42.920272,19.906734,0.000000,circle,预设轨迹15,forward
1775480171.132712,35.486395,1775480186.787776|完整运动,完整运动,circle_orbit,1,1.000000,1.500000,1.500000,,,,,,,,,,,,,,,,1.307988,0.187291,1.379349,0.179286,0.000000,0.000000,0.052413,,-0.033701,0.000000,,,,0.143190,0.130809,1.500000,42.920272,19.906734,0.000000,circle,预设轨迹15,forward
1775480171.154241,35.507923,1775480186.787776|完整运动,完整运动,circle_orbit,1,1.000000,1.500000,1.500000,,,,,,,,,,,,,,,,1.308947,0.186748,1.366457,0.183676,0.000000,0.000000,0.053057,,-0.039856,0.000000,,,,0.142671,0.130905,1.500000,42.972072,19.854935,0.000000,circle,预设轨迹15,forward
1775480171.174538,35.528220,1775480186.787776|完整运动,完整运动,circle_orbit,1,1.000000,1.500000,1.500000,,,,,,,,,,,,,,,,1.309803,0.185574,1.361173,0.178929,0.000000,0.000000,0.053166,,-0.042476,0.000000,,,,0.141681,0.130990,1.500000,42.998031,19.828976,0.000000,circle,预设轨迹15,forward
1775480171.205433,35.559116,1775480186.787776|完整运动,完整运动,circle_orbit,1,1.000000,1.500000,1.500000,,,,,,,,,,,,,,,,1.310566,0.184265,1.356355,0.176860,0.000000,0.000000,0.053111,,-0.044945,0.000000,,,,0.140599,0.131067,1.500000,43.024048,19.802959,0.000000,circle,预设轨迹15,forward
1775480171.232425,35.586108,1775480186.787776|完整运动,完整运动,circle_orbit,1,1.000000,1.500000,1.500000,,,,,,,,,,,,,,,,1.311177,0.182786,1.347838,0.174420,0.000000,0.000000,0.052861,,-0.049413,0.000000,,,,0.139406,0.131128,1.500000,43.076276,19.750730,0.000000,circle,预设轨迹15,forward
1775480171.252799,35.606481,1775480186.787776|完整运动,完整运动,circle_orbit,1,1.000000,1.500000,1.500000,,,,,,,,,,,,,,,,1.311699,0.181368,1.343043,0.173353,0.000000,0.000000,0.052594,,-0.052003,0.000000,,,,0.138270,0.131180,1.500000,43.102619,19.724387,0.000000,circle,预设轨迹15,forward
1775480171.281044,35.634727,1775480186.787776|完整运动,完整运动,circle_orbit,1,1.000000,1.500000,1.500000,,,,,,,,,,,,,,,,1.312136,0.180112,1.338367,0.173005,0.000000,0.000000,0.052397,,-0.054520,0.000000,,,,0.137266,0.131224,1.500000,43.128837,19.698170,0.000000,circle,预设轨迹15,forward
1775480171.308453,35.662136,1775480186.787776|完整运动,完整运动,circle_orbit,1,1.000000,1.500000,1.500000,,,,,,,,,,,,,,,,1.312515,0.178584,1.335229,0.169948,0.000000,0.000000,0.051931,,-0.056353,0.000000,,,,0.136063,0.131262,1.500000,43.155271,19.671736,0.000000,circle,预设轨迹15,forward
1775480171.331394,35.685077,1775480186.787776|完整运动,完整运动,circle_orbit,1,1.000000,1.500000,1.500000,,,,,,,,,,,,,,,,1.312770,0.176182,1.328053,0.162601,0.000000,0.000000,0.050696,,-0.060641,0.000000,,,,0.134207,0.131287,1.500000,43.208101,19.618906,0.000000,circle,预设轨迹15,forward
1775480171.353842,35.707525,1775480186.787776|完整运动,完整运动,circle_orbit,1,1.000000,1.500000,1.500000,,,,,,,,,,,,,,,,1.312956,0.174512,1.324103,0.165067,0.000000,0.000000,0.049946,,-0.063046,0.000000,,,,0.132915,0.131306,1.500000,43.234704,19.592303,0.000000,circle,预设轨迹15,forward
1775480171.376818,35.730501,1775480186.787776|完整运动,完整运动,circle_orbit,1,1.000000,1.500000,1.500000,,,,,,,,,,,,,,,,1.313070,0.173014,1.319917,0.164543,0.000000,0.000000,0.049275,,-0.065560,0.000000,,,,0.131763,0.131317,1.500000,43.261302,19.565704,0.000000,circle,预设轨迹15,forward
1775480171.397214,35.750897,1775480186.787776|完整运动,完整运动,circle_orbit,1,1.000000,1.500000,1.500000,,,,,,,,,,,,,,,,1.313120,0.171395,1.316170,0.162243,0.000000,0.000000,0.048459,,-0.067909,0.000000,,,,0.130525,0.131322,1.500000,43.287968,19.539039,0.000000,circle,预设轨迹15,forward
1775480171.430288,35.783970,1775480186.787776|完整运动,完整运动,circle_orbit,1,1.000000,1.500000,1.500000,,,,,,,,,,,,,,,,1.313043,0.168664,1.308368,0.153228,0.000000,0.000000,0.046690,,-0.072864,0.000000,,,,0.128453,0.131314,1.500000,43.341309,19.485697,0.000000,circle,预设轨迹15,forward
1775480171.451918,35.805600,1775480186.787776|完整运动,完整运动,circle_orbit,1,1.000000,1.500000,1.500000,,,,,,,,,,,,,,,,1.312900,0.167099,1.304332,0.158248,0.000000,0.000000,0.045754,,-0.075456,0.000000,,,,0.127275,0.131300,1.500000,43.367980,19.459026,0.000000,circle,预设轨迹15,forward
1775480171.472242,35.825925,1775480186.787776|完整运动,完整运动,circle_orbit,1,1.000000,1.500000,1.500000,,,,,,,,,,,,,,,,1.312699,0.165423,1.300633,0.155949,0.000000,0.000000,0.044687,,-0.077927,0.000000,,,,0.126018,0.131280,1.500000,43.394774,19.432232,0.000000,circle,预设轨迹15,forward
1775480171.503433,35.857116,1775480186.787776|完整运动,完整运动,circle_orbit,1,1.000000,1.500000,1.500000,,,,,,,,,,,,,,,,1.312426,0.163863,1.296064,0.155043,0.000000,0.000000,0.043668,,-0.080875,0.000000,,,,0.124855,0.131253,1.500000,43.421405,19.405601,0.000000,circle,预设轨迹15,forward
1775480171.531353,35.885036,1775480186.787776|完整运动,完整运动,circle_orbit,1,1.000000,1.500000,1.500000,,,,,,,,,,,,,,,,1.312080,0.162510,1.291317,0.154858,0.000000,0.000000,0.042781,,-0.083889,0.000000,,,,0.123857,0.131218,1.500000,43.447822,19.379185,0.000000,circle,预设轨迹15,forward
1775480171.552008,35.905690,1775480186.787776|完整运动,完整运动,circle_orbit,1,1.000000,1.500000,1.500000,,,,,,,,,,,,,,,,1.311628,0.159985,1.284508,0.145704,0.000000,0.000000,0.040920,,-0.088482,0.000000,,,,0.121974,0.131173,1.500000,43.500350,19.326656,0.000000,circle,预设轨迹15,forward
1775480171.580248,35.933930,1775480186.787776|完整运动,完整运动,circle_orbit,1,1.000000,1.500000,1.500000,,,,,,,,,,,,,,,,1.311128,0.158467,1.281118,0.149879,0.000000,0.000000,0.039785,,-0.090868,0.000000,,,,0.120863,0.131123,1.500000,43.526616,19.300391,0.000000,circle,预设轨迹15,forward
1775480171.601791,35.955474,1775480186.787776|完整运动,完整运动,circle_orbit,1,1.000000,1.500000,1.500000,,,,,,,,,,,,,,,,1.310579,0.156887,1.277667,0.147954,0.000000,0.000000,0.038572,,-0.093330,0.000000,,,,0.119708,0.131068,1.500000,43.552872,19.274135,0.000000,circle,预设轨迹15,forward
1775480171.622155,35.975838,1775480186.787776|完整运动,完整运动,circle_orbit,1,1.000000,1.500000,1.500000,,,,,,,,,,,,,,,,1.309947,0.153771,1.272001,0.136139,0.000000,0.000000,0.036077,,-0.097596,0.000000,,,,0.117387,0.131005,1.500000,43.605469,19.221537,0.000000,circle,预设轨迹15,forward
1775480171.652015,36.005697,1775480186.787776|完整运动,完整运动,circle_orbit,1,1.000000,1.500000,1.500000,,,,,,,,,,,,,,,,1.309325,0.153873,1.272001,0.154448,0.000000,0.000000,0.036077,,-0.097596,0.000000,,,,0.117521,0.130943,1.500000,43.605469,19.221537,0.000000,circle,预设轨迹15,forward
1775480171.679461,36.033144,1775480186.787776|完整运动,完整运动,circle_orbit,1,1.000000,1.500000,1.500000,,,,,,,,,,,,,,,,1.308670,0.149942,1.269369,0.127697,0.000000,0.000000,0.032865,,-0.100409,0.000000,,,,0.114576,0.130877,1.500000,43.657683,19.169324,0.000000,circle,预设轨迹15,forward
1775480171.700146,36.053828,1775480186.787776|完整运动,完整运动,circle_orbit,1,1.000000,1.500000,1.500000,,,,,,,,,,,,,,,,1.307984,0.148107,1.266857,0.137721,0.000000,0.000000,0.031190,,-0.102543,0.000000,,,,0.113233,0.130809,1.500000,43.684094,19.142912,0.000000,circle,预设轨迹15,forward
1775480171.726819,36.080502,1775480186.787776|完整运动,完整运动,circle_orbit,1,1.000000,1.500000,1.500000,,,,,,,,,,,,,,,,1.307274,0.146207,1.264674,0.135449,0.000000,0.000000,0.029424,,-0.104527,0.000000,,,,0.111841,0.130738,1.500000,43.710642,19.116365,0.000000,circle,预设轨迹15,forward
1775480171.754476,36.108159,1775480186.787776|完整运动,完整运动,circle_orbit,1,1.000000,1.500000,1.500000,,,,,,,,,,,,,,,,1.306515,0.141986,1.260973,0.118081,0.000000,0.000000,0.025727,,-0.108182,0.000000,,,,0.108675,0.130662,1.500000,43.764064,19.062942,0.000000,circle,预设轨迹15,forward
1775480171.774811,36.128494,1775480186.787776|完整运动,完整运动,circle_orbit,1,1.000000,1.500000,1.500000,,,,,,,,,,,,,,,,1.305736,0.140205,1.258994,0.130121,0.000000,0.000000,0.023844,,-0.110104,0.000000,,,,0.107376,0.130584,1.500000,43.790480,19.036527,0.000000,circle,预设轨迹15,forward
1775480171.801964,36.155647,1775480186.787776|完整运动,完整运动,circle_orbit,1,1.000000,1.500000,1.500000,,,,,,,,,,,,,,,,1.304943,0.138422,1.257382,0.128323,0.000000,0.000000,0.021935,,-0.111822,0.000000,,,,0.106075,0.130504,1.500000,43.816872,19.010134,0.000000,circle,预设轨迹15,forward
1775480171.828747,36.182429,1775480186.787776|完整运动,完整运动,circle_orbit,1,1.000000,1.500000,1.500000,,,,,,,,,,,,,,,,1.304109,0.134509,1.254037,0.112334,0.000000,0.000000,0.018265,,-0.115279,0.000000,,,,0.103142,0.130421,1.500000,43.869594,18.957413,0.000000,circle,预设轨迹15,forward
1775480171.851730,36.205413,1775480186.787776|完整运动,完整运动,circle_orbit,1,1.000000,1.500000,1.500000,,,,,,,,,,,,,,,,1.303269,0.132869,1.252880,0.123576,0.000000,0.000000,0.016301,,-0.116755,0.000000,,,,0.101951,0.130337,1.500000,43.896177,18.930829,0.000000,circle,预设轨迹15,forward
1775480171.876345,36.230027,1775480186.787776|完整运动,完整运动,circle_orbit,1,1.000000,1.500000,1.500000,,,,,,,,,,,,,,,,1.302425,0.131181,1.251764,0.121611,0.000000,0.000000,0.014289,,-0.118227,0.000000,,,,0.100720,0.130253,1.500000,43.922753,18.904254,0.000000,circle,预设轨迹15,forward
1775480171.901775,36.255458,1775480186.787776|完整运动,完整运动,circle_orbit,1,1.000000,1.500000,1.500000,,,,,,,,,,,,,,,,1.301566,0.129370,1.250021,0.119101,0.000000,0.000000,0.012164,,-0.120122,0.000000,,,,0.099395,0.130167,1.500000,43.949153,18.877853,0.000000,circle,预设轨迹15,forward
1775480171.922354,36.276037,1775480186.787776|完整运动,完整运动,circle_orbit,1,1.000000,1.500000,1.500000,,,,,,,,,,,,,,,,1.300651,0.125313,1.245751,0.102311,0.000000,0.000000,0.008186,,-0.124283,0.000000,,,,0.096347,0.130075,1.500000,44.001112,18.825894,0.000000,circle,预设轨迹15,forward
1775480171.949003,36.302685,1775480186.787776|完整运动,完整运动,circle_orbit,1,1.000000,1.500000,1.500000,,,,,,,,,,,,,,,,1.299751,0.126313,1.245751,0.131980,0.000000,0.000000,0.008186,,-0.124283,0.000000,,,,0.097182,0.129985,1.500000,44.001112,18.825894,0.000000,circle,预设轨迹15,forward
1775480171.981964,36.335647,1775480186.787776|完整运动,完整运动,circle_orbit,1,1.000000,1.500000,1.500000,,,,,,,,,,,,,,,,1.298821,0.122119,1.243062,0.098327,0.000000,0.000000,0.004091,,-0.127549,0.000000,,,,0.094023,0.129892,1.500000,44.052712,18.774295,0.000000,circle,预设轨迹15,forward
1775480172.002730,36.356412,1775480186.787776|完整运动,完整运动,circle_orbit,1,1.000000,1.500000,1.500000,,,,,,,,,,,,,,,,1.297871,0.117815,1.240871,0.093392,0.000000,0.000000,-0.000257,,-0.130415,0.000000,,,,0.090776,0.129797,1.500000,44.104598,18.722408,0.000000,circle,预设轨迹15,forward
1775480172.042845,36.396528,1775480186.787776|完整运动,完整运动,circle_orbit,1,1.000000,1.500000,1.500000,,,,,,,,,,,,,,,,1.296937,0.119025,1.240871,0.125894,0.000000,0.000000,-0.000257,,-0.130415,0.000000,,,,0.091774,0.129704,1.500000,44.104598,18.722408,0.000000,circle,预设轨迹15,forward
1775480172.073334,36.427017,1775480186.787776|完整运动,完整运动,circle_orbit,1,1.000000,1.500000,1.500000,,,,,,,,,,,,,,,,1.295842,0.111493,1.230129,0.068727,0.000000,0.000000,-0.007246,,-0.134216,0.000000,,,,0.086039,0.129594,1.500000,44.182450,18.644556,0.000000,circle,预设轨迹15,forward
1775480172.101900,36.455583,1775480186.787776|完整运动,完整运动,circle_orbit,1,1.000000,1.500000,1.500000,,,,,,,,,,,,,,,,1.294712,0.109942,1.226922,0.101136,0.000000,0.000000,-0.009691,,-0.135230,0.000000,,,,0.084917,0.129481,1.500000,44.208669,18.618337,0.000000,circle,预设轨迹15,forward
1775480172.130951,36.484634,1775480186.787776|完整运动,完整运动,circle_orbit,1,1.000000,1.500000,1.500000,,,,,,,,,,,,,,,,1.293552,0.108201,1.223940,0.098306,0.000000,0.000000,-0.012280,,-0.136057,0.000000,,,,0.083646,0.129365,1.500000,44.235170,18.591836,0.000000,circle,预设轨迹15,forward
1775480172.156035,36.509717,1775480186.787776|完整运动,完整运动,circle_orbit,1,1.000000,1.500000,1.500000,,,,,,,,,,,,,,,,1.292353,0.106332,1.220423,0.095715,0.000000,0.000000,-0.014972,,-0.137187,0.000000,,,,0.082278,0.129245,1.500000,44.261165,18.565842,0.000000,circle,预设轨迹15,forward
1775480172.176636,36.530318,1775480186.787776|完整运动,完整运动,circle_orbit,1,1.000000,1.500000,1.500000,,,,,,,,,,,,,,,,1.291053,0.101377,1.213058,0.073210,0.000000,0.000000,-0.020205,,-0.139758,0.000000,,,,0.078523,0.129115,1.500000,44.313587,18.513420,0.000000,circle,预设轨迹15,forward
1775480172.202949,36.556632,1775480186.787776|完整运动,完整运动,circle_orbit,1,1.000000,1.500000,1.500000,,,,,,,,,,,,,,,,1.289728,0.099994,1.210247,0.092129,0.000000,0.000000,-0.022697,,-0.140556,0.000000,,,,0.077531,0.128983,1.500000,44.339683,18.487324,0.000000,circle,预设轨迹15,forward
1775480172.235404,36.589086,1775480186.787776|完整运动,完整运动,circle_orbit,1,1.000000,1.500000,1.500000,,,,,,,,,,,,,,,,1.288387,0.098512,1.207921,0.090080,0.000000,0.000000,-0.025245,,-0.141028,0.000000,,,,0.076461,0.128849,1.500000,44.365933,18.461074,0.000000,circle,预设轨迹15,forward
1775480172.256450,36.610132,1775480186.787776|完整运动,完整运动,circle_orbit,1,1.000000,1.500000,1.500000,,,,,,,,,,,,,,,,1.286994,0.093279,1.203431,0.063502,0.000000,0.000000,-0.030860,,-0.141678,0.000000,,,,0.072478,0.128709,1.500000,44.418176,18.408831,0.000000,circle,预设轨迹15,forward
1775480172.276979,36.630662,1775480186.787776|完整运动,完整运动,circle_orbit,1,1.000000,1.500000,1.500000,,,,,,,,,,,,,,,,1.285585,0.091336,1.201038,0.080280,0.000000,0.000000,-0.033975,,-0.141984,0.000000,,,,0.071047,0.128568,1.500000,44.444223,18.382783,0.000000,circle,预设轨迹15,forward
1775480172.311136,36.664819,1775480186.787776|完整运动,完整运动,circle_orbit,1,1.000000,1.500000,1.500000,,,,,,,,,,,,,,,,1.284102,0.085378,1.195076,0.051453,0.000000,0.000000,-0.040398,,-0.143308,0.000000,,,,0.066489,0.128420,1.500000,44.496160,18.330846,0.000000,circle,预设轨迹15,forward
1775480172.348185,36.701868,1775480186.787776|完整运动,完整运动,circle_orbit,1,1.000000,1.500000,1.500000,,,,,,,,,,,,,,,,1.282582,0.084109,1.191387,0.076877,0.000000,0.000000,-0.043198,,-0.144617,0.000000,,,,0.065578,0.128268,1.500000,44.522014,18.304993,0.000000,circle,预设轨迹15,forward
1775480172.370725,36.724407,1775480186.787776|完整运动,完整运动,circle_orbit,1,1.000000,1.500000,1.500000,,,,,,,,,,,,,,,,1.281023,0.079247,1.187505,0.051544,0.000000,0.000000,-0.048911,,-0.144904,0.000000,,,,0.061863,0.128112,1.500000,44.573294,18.253713,0.000000,circle,预设轨迹15,forward
1775480172.391022,36.744704,1775480186.787776|完整运动,完整运动,circle_orbit,1,1.000000,1.500000,1.500000,,,,,,,,,,,,,,,,1.279454,0.077885,1.185324,0.070120,0.000000,0.000000,-0.051908,,-0.145158,0.000000,,,,0.060874,0.127955,1.500000,44.598752,18.228254,0.000000,circle,预设轨迹15,forward
1775480172.420896,36.774579,1775480186.787776|完整运动,完整运动,circle_orbit,1,1.000000,1.500000,1.500000,,,,,,,,,,,,,,,,1.277868,0.076338,1.182667,0.067514,0.000000,0.000000,-0.055011,,-0.145693,0.000000,,,,0.059739,0.127797,1.500000,44.624262,18.202745,0.000000,circle,预设轨迹15,forward
1775480172.443480,36.797163,1775480186.787776|完整运动,完整运动,circle_orbit,1,1.000000,1.500000,1.500000,,,,,,,,,,,,,,,,1.276267,0.074784,1.180207,0.065921,0.000000,0.000000,-0.058090,,-0.146114,0.000000,,,,0.058596,0.127637,1.500000,44.649942,18.177065,0.000000,circle,预设轨迹15,forward
1775480172.463908,36.817591,1775480186.787776|完整运动,完整运动,circle_orbit,1,1.000000,1.500000,1.500000,,,,,,,,,,,,,,,,1.274625,0.069780,1.176158,0.041216,0.000000,0.000000,-0.063998,,-0.146486,0.000000,,,,0.054745,0.127472,1.500000,44.701449,18.125558,0.000000,circle,预设轨迹15,forward
1775480172.491869,36.845552,1775480186.787776|完整运动,完整运动,circle_orbit,1,1.000000,1.500000,1.500000,,,,,,,,,,,,,,,,1.273011,0.072140,1.176158,0.085613,0.000000,0.000000,-0.063998,,-0.146486,0.000000,,,,0.056668,0.127311,1.500000,44.701449,18.125558,0.000000,circle,预设轨迹15,forward
1775480172.514123,36.867806,1775480186.787776|完整运动,完整运动,circle_orbit,1,1.000000,1.500000,1.500000,,,,,,,,,,,,,,,,1.271361,0.066836,1.172365,0.036543,0.000000,0.000000,-0.070080,,-0.146631,0.000000,,,,0.052571,0.127146,1.500000,44.752974,18.074033,0.000000,circle,预设轨迹15,forward
1775480172.534413,36.888096,1775480186.787776|完整运动,完整运动,circle_orbit,1,1.000000,1.500000,1.500000,,,,,,,,,,,,,,,,1.269710,0.065520,1.170629,0.057999,0.000000,0.000000,-0.073071,,-0.146621,0.000000,,,,0.051602,0.126981,1.500000,44.778882,18.048125,0.000000,circle,预设轨迹15,forward
1775480172.564126,36.917809,1775480186.787776|完整运动,完整运动,circle_orbit,1,1.000000,1.500000,1.500000,,,,,,,,,,,,,,,,1.268055,0.064209,1.168779,0.056712,0.000000,0.000000,-0.076021,,-0.146709,0.000000,,,,0.050636,0.126815,1.500000,44.804785,18.022221,0.000000,circle,预设轨迹15,forward
1775480172.589474,36.943157,1775480186.787776|完整运动,完整运动,circle_orbit,1,1.000000,1.500000,1.500000,,,,,,,,,,,,,,,,1.266401,0.062872,1.167172,0.055224,0.000000,0.000000,-0.078962,,-0.146636,0.000000,,,,0.049646,0.126650,1.500000,44.830735,17.996272,0.000000,circle,预设轨迹15,forward
1775480172.609747,36.963429,1775480186.787776|完整运动,完整运动,circle_orbit,1,1.000000,1.500000,1.500000,,,,,,,,,,,,,,,,1.264737,0.058021,1.164879,0.030270,0.000000,0.000000,-0.084794,,-0.145884,0.000000,,,,0.045876,0.126483,1.500000,44.882381,17.944625,0.000000,circle,预设轨迹15,forward
1775480172.635604,36.989287,1775480186.787776|完整运动,完整运动,circle_orbit,1,1.000000,1.500000,1.500000,,,,,,,,,,,,,,,,1.263100,0.060415,1.164879,0.074119,0.000000,0.000000,-0.084794,,-0.145884,0.000000,,,,0.047831,0.126320,1.500000,44.882381,17.944625,0.000000,circle,预设轨迹15,forward
1775480172.661470,37.015152,1775480186.787776|完整运动,完整运动,circle_orbit,1,1.000000,1.500000,1.500000,,,,,,,,,,,,,,,,1.261458,0.055228,1.162935,0.025527,0.000000,0.000000,-0.090844,,-0.144809,0.000000,,,,0.043781,0.126156,1.500000,44.933699,17.893308,0.000000,circle,预设轨迹15,forward
1775480172.681808,37.035491,1775480186.787776|完整运动,完整运动,circle_orbit,1,1.000000,1.500000,1.500000,,,,,,,,,,,,,,,,1.259795,0.049969,1.160013,0.019845,0.000000,0.000000,-0.097169,,-0.144310,0.000000,,,,0.039665,0.125989,1.500000,44.984903,17.842104,0.000000,circle,预设轨迹15,forward
1775480172.707021,37.060704,1775480186.787776|完整运动,完整运动,circle_orbit,1,1.000000,1.500000,1.500000,,,,,,,,,,,,,,,,1.258159,0.052557,1.160013,0.067385,0.000000,0.000000,-0.097169,,-0.144310,0.000000,,,,0.041773,0.125826,1.500000,44.984903,17.842104,0.000000,circle,预设轨迹15,forward
1775480172.728122,37.081804,1775480186.787776|完整运动,完整运动,circle_orbit,1,1.000000,1.500000,1.500000,,,,,,,,,,,,,,,,1.256492,0.047602,1.156421,0.019193,0.000000,0.000000,-0.103182,,-0.144415,0.000000,,,,0.037885,0.125659,1.500000,45.035466,17.791541,0.000000,circle,预设轨迹15,forward
1775480172.748569,37.102251,1775480186.787776|完整运动,完整运动,circle_orbit,1,1.000000,1.500000,1.500000,,,,,,,,,,,,,,,,1.254843,0.046393,1.155910,0.039460,0.000000,0.000000,-0.106270,,-0.143538,0.000000,,,,0.036971,0.125494,1.500000,45.060593,17.766414,0.000000,circle,预设轨迹15,forward
1775480172.783568,37.137250,1775480186.787776|完整运动,完整运动,circle_orbit,1,1.000000,1.500000,1.500000,,,,,,,,,,,,,,,,1.253210,0.045014,1.155262,0.037104,0.000000,0.000000,-0.109464,,-0.142715,0.000000,,,,0.035919,0.125331,1.500000,45.085485,17.741521,0.000000,circle,预设轨迹15,forward
1775480172.808404,37.162087,1775480186.787776|完整运动,完整运动,circle_orbit,1,1.000000,1.500000,1.500000,,,,,,,,,,,,,,,,1.251589,0.043664,1.154316,0.035912,0.000000,0.000000,-0.112614,,-0.142120,0.000000,,,,0.034887,0.125169,1.500000,45.110528,17.716478,0.000000,circle,预设轨迹15,forward
1775480172.828689,37.182372,1775480186.787776|完整运动,完整运动,circle_orbit,1,1.000000,1.500000,1.500000,,,,,,,,,,,,,,,,1.249956,0.038658,1.151993,0.009913,0.000000,0.000000,-0.118798,,-0.141284,0.000000,,,,0.030927,0.125005,1.500000,45.160885,17.666121,0.000000,circle,预设轨迹15,forward
1775480172.855429,37.209112,1775480186.787776|完整运动,完整运动,circle_orbit,1,1.000000,1.500000,1.500000,,,,,,,,,,,,,,,,1.248333,0.037899,1.150917,0.033536,0.000000,0.000000,-0.121632,,-0.140911,0.000000,,,,0.030359,0.124843,1.500000,45.186170,17.640837,0.000000,circle,预设轨迹15,forward
1775480172.881449,37.235132,1775480186.787776|完整运动,完整运动,circle_orbit,1,1.000000,1.500000,1.500000,,,,,,,,,,,,,,,,1.246724,0.036989,1.150196,0.031763,0.000000,0.000000,-0.124529,,-0.140263,0.000000,,,,0.029669,0.124682,1.500000,45.211377,17.615630,0.000000,circle,预设轨迹15,forward
1775480172.901864,37.255546,1775480186.787776|完整运动,完整运动,circle_orbit,1,1.000000,1.500000,1.500000,,,,,,,,,,,,,,,,1.245125,0.032717,1.149191,0.008154,0.000000,0.000000,-0.130196,,-0.138709,0.000000,,,,0.026276,0.124522,1.500000,45.262238,17.564769,0.000000,circle,预设轨迹15,forward
1775480172.928684,37.282367,1775480186.787776|完整运动,完整运动,circle_orbit,1,1.000000,1.500000,1.500000,,,,,,,,,,,,,,,,1.243552,0.032265,1.149152,0.029667,0.000000,0.000000,-0.132819,,-0.137687,0.000000,,,,0.025946,0.124365,1.500000,45.288002,17.539004,0.000000,circle,预设轨迹15,forward
1775480172.954401,37.308083,1775480186.787776|完整运动,完整运动,circle_orbit,1,1.000000,1.500000,1.500000,,,,,,,,,,,,,,,,1.242003,0.031753,1.149063,0.028809,0.000000,0.000000,-0.135415,,-0.136712,0.000000,,,,0.025566,0.124210,1.500000,45.313788,17.513218,0.000000,circle,预设轨迹15,forward
1775480172.974684,37.328367,1775480186.787776|完整运动,完整运动,circle_orbit,1,1.000000,1.500000,1.500000,,,,,,,,,,,,,,,,1.240478,0.031188,1.149019,0.027935,0.000000,0.000000,-0.137990,,-0.135714,0.000000,,,,0.025142,0.124057,1.500000,45.339504,17.487502,0.000000,circle,预设轨迹15,forward
1775480173.002062,37.355745,1775480186.787776|完整运动,完整运动,circle_orbit,1,1.000000,1.500000,1.500000,,,,,,,,,,,,,,,,1.238971,0.030642,1.148528,0.027501,0.000000,0.000000,-0.140489,,-0.135062,0.000000,,,,0.024732,0.123907,1.500000,45.365132,17.461874,0.000000,circle,预设轨迹15,forward
1775480173.026618,37.380301,1775480186.787776|完整运动,完整运动,circle_orbit,1,1.000000,1.500000,1.500000,,,,,,,,,,,,,,,,1.237490,0.029982,1.148666,0.026176,0.000000,0.000000,-0.143031,,-0.133947,0.000000,,,,0.024228,0.123759,1.500000,45.390716,17.436291,0.000000,circle,预设轨迹15,forward
1775480173.046949,37.400632,1775480186.787776|完整运动,完整运动,circle_orbit,1,1.000000,1.500000,1.500000,,,,,,,,,,,,,,,,1.236041,0.025684,1.149086,0.000919,0.000000,0.000000,-0.148590,,-0.131425,0.000000,,,,0.020779,0.123614,1.500000,45.441910,17.385097,0.000000,circle,预设轨迹15,forward
1775480173.072431,37.426114,1775480186.787776|完整运动,完整运动,circle_orbit,1,1.000000,1.500000,1.500000,,,,,,,,,,,,,,,,1.234616,0.028207,1.149086,0.042753,0.000000,0.000000,-0.148590,,-0.131425,0.000000,,,,0.022847,0.123471,1.500000,45.441910,17.385097,0.000000,circle,预设轨迹15,forward
1775480173.111427,37.465110,1775480186.787776|完整运动,完整运动,circle_orbit,1,1.000000,1.500000,1.500000,,,,,,,,,,,,,,,,1.233213,0.023820,1.149070,-0.001477,0.000000,0.000000,-0.154169,,-0.129204,0.000000,,,,0.019315,0.123331,1.500000,45.493007,17.334000,0.000000,circle,预设轨迹15,forward
1775480173.141989,37.495672,1775480186.787776|完整运动,完整运动,circle_orbit,1,1.000000,1.500000,1.500000,,,,,,,,,,,,,,,,1.231841,0.019885,1.149497,-0.002807,0.000000,0.000000,-0.159559,,-0.126746,0.000000,,,,0.016143,0.123194,1.500000,45.543476,17.283531,0.000000,circle,预设轨迹15,forward
1775480173.172066,37.525749,1775480186.787776|完整运动,完整运动,circle_orbit,1,1.000000,1.500000,1.500000,,,,,,,,,,,,,,,,1.230500,0.015888,1.150054,-0.007173,0.000000,0.000000,-0.165155,,-0.124112,0.000000,,,,0.012912,0.123060,1.500000,45.593302,17.233705,0.000000,circle,预设轨迹15,forward
1775480173.192507,37.546190,1775480186.787776|完整运动,完整运动,circle_orbit,1,1.000000,1.500000,1.500000,,,,,,,,,,,,,,,,1.229178,0.015129,1.149874,0.010747,0.000000,0.000000,-0.168169,,-0.123034,0.000000,,,,0.012308,0.122927,1.500000,45.618295,17.208711,0.000000,circle,预设轨迹15,forward
1775480173.218557,37.572240,1775480186.787776|完整运动,完整运动,circle_orbit,1,1.000000,1.500000,1.500000,,,,,,,,,,,,,,,,1.227874,0.014799,1.149586,0.012893,0.000000,0.000000,-0.170768,,-0.122198,0.000000,,,,0.012053,0.122797,1.500000,45.643429,17.183578,0.000000,circle,预设轨迹15,forward
1775480173.244825,37.598508,1775480186.787776|完整运动,完整运动,circle_orbit,1,1.000000,1.500000,1.500000,,,,,,,,,,,,,,,,1.226592,0.014565,1.149695,0.013212,0.000000,0.000000,-0.173214,,-0.121143,0.000000,,,,0.011874,0.122669,1.500000,45.668554,17.158452,0.000000,circle,预设轨迹15,forward
1775480173.268143,37.621826,1775480186.787776|完整运动,完整运动,circle_orbit,1,1.000000,1.500000,1.500000,,,,,,,,,,,,,,,,1.225340,0.011804,1.150228,-0.004147,0.000000,0.000000,-0.177721,,-0.118962,0.000000,,,,0.009633,0.122543,1.500000,45.718597,17.108409,0.000000,circle,预设轨迹15,forward
1775480173.290307,37.643990,1775480186.787776|完整运动,完整运动,circle_orbit,1,1.000000,1.500000,1.500000,,,,,,,,,,,,,,,,1.224128,0.011713,1.151404,0.011191,0.000000,0.000000,-0.180058,,-0.117195,0.000000,,,,0.009569,0.122422,1.500000,45.743592,17.083414,0.000000,circle,预设轨迹15,forward
1775480173.314518,37.668201,1775480186.787776|完整运动,完整运动,circle_orbit,1,1.000000,1.500000,1.500000,,,,,,,,,,,,,,,,1.222945,0.011529,1.151983,0.010464,0.000000,0.000000,-0.182395,,-0.115850,0.000000,,,,0.009427,0.122304,1.500000,45.768696,17.058310,0.000000,circle,预设轨迹15,forward
1775480173.334843,37.688525,1775480186.787776|完整运动,完整运动,circle_orbit,1,1.000000,1.500000,1.500000,,,,,,,,,,,,,,,,1.221800,0.011323,1.153075,0.010129,0.000000,0.000000,-0.184685,,-0.114163,0.000000,,,,0.009267,0.122189,1.500000,45.794036,17.032971,0.000000,circle,预设轨迹15,forward
1775480173.361242,37.714924,1775480186.787776|完整运动,完整运动,circle_orbit,1,1.000000,1.500000,1.500000,,,,,,,,,,,,,,,,1.220694,0.011038,1.154313,0.009389,0.000000,0.000000,-0.186983,,-0.112372,0.000000,,,,0.009042,0.122079,1.500000,45.819377,17.007630,0.000000,circle,预设轨迹15,forward
1775480173.382318,37.736001,1775480186.787776|完整运动,完整运动,circle_orbit,1,1.000000,1.500000,1.500000,,,,,,,,,,,,,,,,1.219620,0.010779,1.155194,0.009285,0.000000,0.000000,-0.189209,,-0.110862,0.000000,,,,0.008838,0.121971,1.500000,45.844544,16.982463,0.000000,circle,预设轨迹15,forward
1775480173.402806,37.756489,1775480186.787776|完整运动,完整运动,circle_orbit,1,1.000000,1.500000,1.500000,,,,,,,,,,,,,,,,1.218598,0.007720,1.157302,-0.009984,0.000000,0.000000,-0.193761,,-0.107564,0.000000,,,,0.006335,0.121869,1.500000,45.894500,16.932507,0.000000,circle,预设轨迹15,forward
1775480173.433496,37.787179,1775480186.787776|完整运动,完整运动,circle_orbit,1,1.000000,1.500000,1.500000,,,,,,,,,,,,,,,,1.217614,0.007364,1.158553,0.005309,0.000000,0.000000,-0.196146,,-0.105734,0.000000,,,,0.006048,0.121771,1.500000,45.919338,16.907668,0.000000,circle,预设轨迹15,forward
1775480173.467659,37.821342,1775480186.787776|完整运动,完整运动,circle_orbit,1,1.000000,1.500000,1.500000,,,,,,,,,,,,,,,,1.216664,0.006967,1.159670,0.004664,0.000000,0.000000,-0.198523,,-0.104004,0.000000,,,,0.005726,0.121676,1.500000,45.944332,16.882674,0.000000,circle,预设轨迹15,forward
1775480173.498687,37.852370,1775480186.787776|完整运动,完整运动,circle_orbit,1,1.000000,1.500000,1.500000,,,,,,,,,,,,,,,,1.215757,0.004008,1.161314,-0.013124,0.000000,0.000000,-0.203035,,-0.101055,0.000000,,,,0.003297,0.121585,1.500000,45.994249,16.832758,0.000000,circle,预设轨迹15,forward
1775480173.519995,37.873678,1775480186.787776|完整运动,完整运动,circle_orbit,1,1.000000,1.500000,1.500000,,,,,,,,,,,,,,,,1.214880,0.003969,1.162280,0.003743,0.000000,0.000000,-0.205187,,-0.099523,0.000000,,,,0.003267,0.121497,1.500000,46.019174,16.807832,0.000000,circle,预设轨迹15,forward
1775480173.541601,37.895283,1775480186.787776|完整运动,完整运动,circle_orbit,1,1.000000,1.500000,1.500000,,,,,,,,,,,,,,,,1.214042,0.003720,1.163787,0.002281,0.000000,0.000000,-0.207455,,-0.097571,0.000000,,,,0.003064,0.121414,1.500000,46.044006,16.783001,0.000000,circle,预设轨迹15,forward
1775480173.570832,37.924515,1775480186.787776|完整运动,完整运动,circle_orbit,1,1.000000,1.500000,1.500000,,,,,,,,,,,,,,,,1.213241,0.003335,1.165138,0.001103,0.000000,0.000000,-0.209795,,-0.095701,0.000000,,,,0.002749,0.121333,1.500000,46.068560,16.758446,0.000000,circle,预设轨迹15,forward
1775480173.597095,37.950778,1775480186.787776|完整运动,完整运动,circle_orbit,1,1.000000,1.500000,1.500000,,,,,,,,,,,,,,,,1.212497,0.000989,1.167855,-0.012603,0.000000,0.000000,-0.213767,,-0.092240,0.000000,,,,0.000816,0.121259,1.500000,46.117750,16.709256,0.000000,circle,预设轨迹15,forward
1775480173.617527,37.971209,1775480186.787776|完整运动,完整运动,circle_orbit,1,1.000000,1.500000,1.500000,,,,,,,,,,,,,,,,1.211780,0.001368,1.168790,0.003563,0.000000,0.000000,-0.215512,,-0.090900,0.000000,,,,0.001129,0.121187,1.500000,46.142496,16.684510,0.000000,circle,预设轨迹15,forward
1775480173.645575,37.999257,1775480186.787776|完整运动,完整运动,circle_orbit,1,1.000000,1.500000,1.500000,,,,,,,,,,,,,,,,1.211093,0.001766,1.169863,0.004073,0.000000,0.000000,-0.217160,,-0.089505,0.000000,,,,0.001458,0.121119,1.500000,46.167414,16.659592,0.000000,circle,预设轨迹15,forward
1775480173.680761,38.034444,1775480186.787776|完整运动,完整运动,circle_orbit,1,1.000000,1.500000,1.500000,,,,,,,,,,,,,,,,1.210461,0.000247,1.172536,-0.008560,0.000000,0.000000,-0.220363,,-0.086397,0.000000,,,,0.000204,0.121055,1.500000,46.217006,16.610001,0.000000,circle,预设轨迹15,forward
1775480173.715500,38.069183,1775480186.787776|完整运动,完整运动,circle_orbit,1,1.000000,1.500000,1.500000,,,,,,,,,,,,,,,,1.209867,0.000929,1.174241,0.004885,0.000000,0.000000,-0.221739,,-0.084686,0.000000,,,,0.000768,0.120996,1.500000,46.241564,16.585442,0.000000,circle,预设轨迹15,forward
1775480173.743412,38.097095,1775480186.787776|完整运动,完整运动,circle_orbit,1,1.000000,1.500000,1.500000,,,,,,,,,,,,,,,,1.209352,-0.000409,1.178452,-0.008171,0.000000,0.000000,-0.224748,,-0.080629,0.000000,,,,0.000338,0.120945,1.500000,46.291419,16.535588,0.000000,circle,预设轨迹15,forward
1775480173.764072,38.117754,1775480186.787776|完整运动,完整运动,circle_orbit,1,1.000000,1.500000,1.500000,,,,,,,,,,,,,,,,1.208908,-0.001317,1.182238,-0.006579,0.000000,0.000000,-0.227431,,-0.077008,0.000000,,,,0.001089,0.120900,1.500000,46.341698,16.485309,0.000000,circle,预设轨迹15,forward
1775480173.790596,38.144279,1775480186.787776|完整运动,完整运动,circle_orbit,1,1.000000,1.500000,1.500000,,,,,,,,,,,,,,,,1.208470,0.000939,1.182238,0.014027,0.000000,0.000000,-0.227431,,-0.077008,0.000000,,,,0.000777,0.120856,1.500000,46.341698,16.485309,0.000000,circle,预设轨迹15,forward
1775480173.817649,38.171332,1775480186.787776|完整运动,完整运动,circle_orbit,1,1.000000,1.500000,1.500000,,,,,,,,,,,,,,,,1.208103,0.000052,1.186077,-0.005096,0.000000,0.000000,-0.229930,,-0.073442,0.000000,,,,0.000043,0.120820,1.500000,46.391499,16.435507,0.000000,circle,预设轨迹15,forward
1775480173.838256,38.191939,1775480186.787776|完整运动,完整运动,circle_orbit,1,1.000000,1.500000,1.500000,,,,,,,,,,,,,,,,1.207783,0.000522,1.188560,0.003245,0.000000,0.000000,-0.231296,,-0.071244,0.000000,,,,0.000432,0.120788,1.500000,46.416396,16.410611,0.000000,circle,预设轨迹15,forward
1775480173.863075,38.216758,1775480186.787776|完整运动,完整运动,circle_orbit,1,1.000000,1.500000,1.500000,,,,,,,,,,,,,,,,1.207503,0.000876,1.190733,0.002932,0.000000,0.000000,-0.232700,,-0.069243,0.000000,,,,0.000725,0.120760,1.500000,46.441182,16.385824,0.000000,circle,预设轨迹15,forward
1775480173.888763,38.242446,1775480186.787776|完整运动,完整运动,circle_orbit,1,1.000000,1.500000,1.500000,,,,,,,,,,,,,,,,1.207299,-0.000508,1.195014,-0.008540,0.000000,0.000000,-0.235536,,-0.065288,0.000000,,,,0.000421,0.120739,1.500000,46.490813,16.336193,0.000000,circle,预设轨迹15,forward
1775480173.909317,38.263000,1775480186.787776|完整运动,完整运动,circle_orbit,1,1.000000,1.500000,1.500000,,,,,,,,,,,,,,,,1.207134,0.000217,1.197281,0.004424,0.000000,0.000000,-0.236635,,-0.063363,0.000000,,,,0.000180,0.120723,1.500000,46.515546,16.311461,0.000000,circle,预设轨迹15,forward
1775480173.936037,38.289720,1775480186.787776|完整运动,完整运动,circle_orbit,1,1.000000,1.500000,1.500000,,,,,,,,,,,,,,,,1.207020,0.000856,1.200137,0.004565,0.000000,0.000000,-0.237736,,-0.061059,0.000000,,,,0.000709,0.120711,1.500000,46.540281,16.286725,0.000000,circle,预设轨迹15,forward
1775480173.958220,38.311903,1775480186.787776|完整运动,完整运动,circle_orbit,1,1.000000,1.500000,1.500000,,,,,,,,,,,,,,,,1.206957,0.001171,1.203194,0.002998,0.000000,0.000000,-0.239053,,-0.058548,0.000000,,,,0.000970,0.120705,1.500000,46.565043,16.261963,0.000000,circle,预设轨迹15,forward
1775480173.978527,38.332210,1775480186.787776|完整运动,完整运动,circle_orbit,1,1.000000,1.500000,1.500000,,,,,,,,,,,,,,,,1.206921,0.001501,1.204751,0.003417,0.000000,0.000000,-0.240318,,-0.057034,0.000000,,,,0.001244,0.120701,1.500000,46.589481,16.237526,0.000000,circle,预设轨迹15,forward
1775480174.005961,38.359644,1775480186.787776|完整运动,完整运动,circle_orbit,1,1.000000,1.500000,1.500000,,,,,,,,,,,,,,,,1.206962,0.000852,1.209419,-0.002913,0.000000,0.000000,-0.242382,,-0.053205,0.000000,,,,0.000706,0.120705,1.500000,46.638683,16.188324,0.000000,circle,预设轨迹15,forward
1775480174.030129,38.383811,1775480186.787776|完整运动,完整运动,circle_orbit,1,1.000000,1.500000,1.500000,,,,,,,,,,,,,,,,1.207041,0.001752,1.211796,0.006974,0.000000,0.000000,-0.243151,,-0.051377,0.000000,,,,0.001452,0.120713,1.500000,46.663419,16.163587,0.000000,circle,预设轨迹15,forward
1775480174.050641,38.404324,1775480186.787776|完整运动,完整运动,circle_orbit,1,1.000000,1.500000,1.500000,,,,,,,,,,,,,,,,1.207164,0.002759,1.214568,0.008600,0.000000,0.000000,-0.243761,,-0.049367,0.000000,,,,0.002285,0.120726,1.500000,46.688244,16.138762,0.000000,circle,预设轨迹15,forward
1775480174.076387,38.430070,1775480186.787776|完整运动,完整运动,circle_orbit,1,1.000000,1.500000,1.500000,,,,,,,,,,,,,,,,1.207332,0.003796,1.217386,0.009817,0.000000,0.000000,-0.244273,,-0.047376,0.000000,,,,0.003144,0.120743,1.500000,46.713082,16.113924,0.000000,circle,预设轨迹15,forward
1775480174.097620,38.451303,1775480186.787776|完整运动,完整运动,circle_orbit,1,1.000000,1.500000,1.500000,,,,,,,,,,,,,,,,1.207541,0.004877,1.220054,0.011145,0.000000,0.000000,-0.244680,,-0.045529,0.000000,,,,0.004039,0.120763,1.500000,46.737912,16.089095,0.000000,circle,预设轨迹15,forward
1775480174.123746,38.477429,1775480186.787776|完整运动,完整运动,circle_orbit,1,1.000000,1.500000,1.500000,,,,,,,,,,,,,,,,1.207790,0.006123,1.222768,0.013353,0.000000,0.000000,-0.244880,,-0.043743,0.000000,,,,0.005070,0.120788,1.500000,46.762763,16.064243,0.000000,circle,预设轨迹15,forward
1775480174.146429,38.500112,1775480186.787776|完整运动,完整运动,circle_orbit,1,1.000000,1.500000,1.500000,,,,,,,,,,,,,,,,1.208144,0.006923,1.229357,0.011565,0.000000,0.000000,-0.245391,,-0.039430,0.000000,,,,0.005730,0.120824,1.500000,46.813089,16.013918,0.000000,circle,预设轨迹15,forward
1775480174.169345,38.523028,1775480186.787776|完整运动,完整运动,circle_orbit,1,1.000000,1.500000,1.500000,,,,,,,,,,,,,,,,1.208492,0.008270,1.229357,0.016086,0.000000,0.000000,-0.245391,,-0.039430,0.000000,,,,0.006844,0.120858,1.500000,46.813089,16.013918,0.000000,circle,预设轨迹15,forward
1775480174.195361,38.549043,1775480186.787776|完整运动,完整运动,circle_orbit,1,1.000000,1.500000,1.500000,,,,,,,,,,,,,,,,1.208937,0.008700,1.235645,0.011190,0.000000,0.000000,-0.246104,,-0.035264,0.000000,,,,0.007196,0.120903,1.500000,46.863694,15.963312,0.000000,circle,预设轨迹15,forward
1775480174.216071,38.569754,1775480186.787776|完整运动,完整运动,circle_orbit,1,1.000000,1.500000,1.500000,,,,,,,,,,,,,,,,1.209430,0.009601,1.239004,0.014824,0.000000,0.000000,-0.246403,,-0.033087,0.000000,,,,0.007938,0.120952,1.500000,46.888840,15.938167,0.000000,circle,预设轨迹15,forward
1775480174.242006,38.595689,1775480186.787776|完整运动,完整运动,circle_orbit,1,1.000000,1.500000,1.500000,,,,,,,,,,,,,,,,1.209970,0.010434,1.242372,0.015268,0.000000,0.000000,-0.246719,,-0.030910,0.000000,,,,0.008624,0.121006,1.500000,46.914012,15.912994,0.000000,circle,预设轨迹15,forward
1775480174.263574,38.617257,1775480186.787776|完整运动,完整运动,circle_orbit,1,1.000000,1.500000,1.500000,,,,,,,,,,,,,,,,1.210560,0.010967,1.245970,0.014056,0.000000,0.000000,-0.247256,,-0.028516,0.000000,,,,0.009059,0.121065,1.500000,46.939218,15.887788,0.000000,circle,预设轨迹15,forward
1775480174.288919,38.642602,1775480186.787776|完整运动,完整运动,circle_orbit,1,1.000000,1.500000,1.500000,,,,,,,,,,,,,,,,1.211241,0.010781,1.252140,0.009705,0.000000,0.000000,-0.248392,,-0.024354,0.000000,,,,0.008901,0.121133,1.500000,46.989551,15.837456,0.000000,circle,预设轨迹15,forward
1775480174.319516,38.673198,1775480186.787776|完整运动,完整运动,circle_orbit,1,1.000000,1.500000,1.500000,,,,,,,,,,,,,,,,1.211966,0.011293,1.255427,0.014257,0.000000,0.000000,-0.248964,,-0.022165,0.000000,,,,0.009318,0.121206,1.500000,47.014691,15.812316,0.000000,circle,预设轨迹15,forward
1775480174.346328,38.700011,1775480186.787776|完整运动,完整运动,circle_orbit,1,1.000000,1.500000,1.500000,,,,,,,,,,,,,,,,1.212728,0.012062,1.258479,0.016521,0.000000,0.000000,-0.249300,,-0.020219,0.000000,,,,0.009946,0.121282,1.500000,47.039884,15.787123,0.000000,circle,预设轨迹15,forward
1775480174.366608,38.720290,1775480186.787776|完整运动,完整运动,circle_orbit,1,1.000000,1.500000,1.500000,,,,,,,,,,,,,,,,1.213613,0.011908,1.266669,0.011016,0.000000,0.000000,-0.250395,,-0.014964,0.000000,,,,0.009812,0.121371,1.500000,47.090380,15.736626,0.000000,circle,预设轨迹15,forward
1775480174.396675,38.750358,1775480186.787776|完整运动,完整运动,circle_orbit,1,1.000000,1.500000,1.500000,,,,,,,,,,,,,,,,1.214482,0.013070,1.266669,0.019802,0.000000,0.000000,-0.250395,,-0.014964,0.000000,,,,0.010762,0.121458,1.500000,47.090380,15.736626,0.000000,circle,预设轨迹15,forward
1775480174.422529,38.776212,1775480186.787776|完整运动,完整运动,circle_orbit,1,1.000000,1.500000,1.500000,,,,,,,,,,,,,,,,1.215436,0.013332,1.272627,0.014845,0.000000,0.000000,-0.251108,,-0.011214,0.000000,,,,0.010969,0.121553,1.500000,47.140388,15.686618,0.000000,circle,预设轨迹15,forward
1775480174.443066,38.796749,1775480186.787776|完整运动,完整运动,circle_orbit,1,1.000000,1.500000,1.500000,,,,,,,,,,,,,,,,1.216491,0.014697,1.279808,0.022598,0.000000,0.000000,-0.250892,,-0.007167,0.000000,,,,0.012081,0.121658,1.500000,47.190450,15.636556,0.000000,circle,预设轨迹15,forward
1775480174.470006,38.823689,1775480186.787776|完整运动,完整运动,circle_orbit,1,1.000000,1.500000,1.500000,,,,,,,,,,,,,,,,1.217529,0.015726,1.279808,0.021685,0.000000,0.000000,-0.250892,,-0.007167,0.000000,,,,0.012916,0.121762,1.500000,47.190450,15.636556,0.000000,circle,预设轨迹15,forward
1775480174.491172,38.844854,1775480186.787776|完整运动,完整运动,circle_orbit,1,1.000000,1.500000,1.500000,,,,,,,,,,,,,,,,1.218675,0.017620,1.287435,0.028579,0.000000,0.000000,-0.250125,,-0.003134,0.000000,,,,0.014458,0.121877,1.500000,47.240622,15.586384,0.000000,circle,预设轨迹15,forward
1775480174.512302,38.865985,1775480186.787776|完整运动,完整运动,circle_orbit,1,1.000000,1.500000,1.500000,,,,,,,,,,,,,,,,1.219870,0.018974,1.291597,0.026805,0.000000,0.000000,-0.249727,,-0.000947,0.000000,,,,0.015554,0.121996,1.500000,47.265687,15.561319,0.000000,circle,预设轨迹15,forward
1775480174.544809,38.898492,1775480186.787776|完整运动,完整运动,circle_orbit,1,1.000000,1.500000,1.500000,,,,,,,,,,,,,,,,1.221038,0.020333,1.291122,0.028192,0.000000,0.000000,-0.249273,,0.001396,0.000000,,,,0.016652,0.122113,1.500000,47.290779,15.536227,0.000000,circle,预设轨迹15,forward
1775480174.572849,38.926532,1775480186.787776|完整运动,完整运动,circle_orbit,1,1.000000,1.500000,1.500000,,,,,,,,,,,,,,,,1.222079,0.022420,1.284542,0.034485,0.000000,0.000000,-0.248158,,0.005561,0.000000,,,,0.018346,0.122217,1.500000,47.341721,15.485285,0.000000,circle,预设轨迹15,forward
1775480174.596434,38.950116,1775480186.787776|完整运动,完整运动,circle_orbit,1,1.000000,1.500000,1.500000,,,,,,,,,,,,,,,,1.223058,0.023984,1.281772,0.033025,0.000000,0.000000,-0.247395,,0.007444,0.000000,,,,0.019610,0.122315,1.500000,47.367405,15.459602,0.000000,circle,预设轨迹15,forward
1775480174.619183,38.972866,1775480186.787776|完整运动,完整运动,circle_orbit,1,1.000000,1.500000,1.500000,,,,,,,,,,,,,,,,1.223965,0.025493,1.278409,0.034214,0.000000,0.000000,-0.246623,,0.009677,0.000000,,,,0.020828,0.122406,1.500000,47.393136,15.433871,0.000000,circle,预设轨迹15,forward
1775480174.645267,38.998949,1775480186.787776|完整运动,完整运动,circle_orbit,1,1.000000,1.500000,1.500000,,,,,,,,,,,,,,,,1.224805,0.026827,1.275159,0.034537,0.000000,0.000000,-0.245949,,0.011815,0.000000,,,,0.021903,0.122490,1.500000,47.418797,15.408209,0.000000,circle,预设轨迹15,forward
1775480174.665570,39.019253,1775480186.787776|完整运动,完整运动,circle_orbit,1,1.000000,1.500000,1.500000,,,,,,,,,,,,,,,,1.225505,0.028402,1.267551,0.037498,0.000000,0.000000,-0.245040,,0.016592,0.000000,,,,0.023176,0.122560,1.500000,47.470059,15.356948,0.000000,circle,预设轨迹15,forward
1775480174.690150,39.043833,1775480186.787776|完整运动,完整运动,circle_orbit,1,1.000000,1.500000,1.500000,,,,,,,,,,,,,,,,1.226195,0.028834,1.267551,0.031331,0.000000,0.000000,-0.245040,,0.016592,0.000000,,,,0.023515,0.122629,1.500000,47.470059,15.356948,0.000000,circle,预设轨迹15,forward
1775480174.718571,39.072253,1775480186.787776|完整运动,完整运动,circle_orbit,1,1.000000,1.500000,1.500000,,,,,,,,,,,,,,,,1.226760,0.030253,1.260709,0.038443,0.000000,0.000000,-0.244232,,0.020929,0.000000,,,,0.024661,0.122686,1.500000,47.521626,15.305381,0.000000,circle,预设轨迹15,forward
1775480174.738901,39.092583,1775480186.787776|完整运动,完整运动,circle_orbit,1,1.000000,1.500000,1.500000,,,,,,,,,,,,,,,,1.227273,0.031450,1.258042,0.038364,0.000000,0.000000,-0.243566,,0.022772,0.000000,,,,0.025626,0.122737,1.500000,47.547359,15.279648,0.000000,circle,预设轨迹15,forward
1775480174.765934,39.119617,1775480186.787776|完整运动,完整运动,circle_orbit,1,1.000000,1.500000,1.500000,,,,,,,,,,,,,,,,1.227736,0.032798,1.255476,0.040579,0.000000,0.000000,-0.242746,,0.024623,0.000000,,,,0.026714,0.122783,1.500000,47.573159,15.253848,0.000000,circle,预设轨迹15,forward
1775480174.803031,39.156714,1775480186.787776|完整运动,完整运动,circle_orbit,1,1.000000,1.500000,1.500000,,,,,,,,,,,,,,,,1.228054,0.034523,1.247156,0.044485,0.000000,0.000000,-0.241577,,0.030072,0.000000,,,,0.028112,0.122815,1.500000,47.624573,15.202433,0.000000,circle,预设轨迹15,forward
1775480174.825855,39.179538,1775480186.787776|完整运动,完整运动,circle_orbit,1,1.000000,1.500000,1.500000,,,,,,,,,,,,,,,,1.228325,0.035592,1.244588,0.041759,0.000000,0.000000,-0.240904,,0.031892,0.000000,,,,0.028976,0.122842,1.500000,47.650219,15.176788,0.000000,circle,预设轨迹15,forward
1775480174.847559,39.201242,1775480186.787776|完整运动,完整运动,circle_orbit,1,1.000000,1.500000,1.500000,,,,,,,,,,,,,,,,1.228507,0.038310,1.239432,0.053999,0.000000,0.000000,-0.238828,,0.035856,0.000000,,,,0.031184,0.122860,1.500000,47.701809,15.125197,0.000000,circle,预设轨迹15,forward
1775480174.873220,39.226902,1775480186.787776|完整运动,完整运动,circle_orbit,1,1.000000,1.500000,1.500000,,,,,,,,,,,,,,,,1.228656,0.040104,1.237570,0.050459,0.000000,0.000000,-0.237416,,0.037559,0.000000,,,,0.032640,0.122875,1.500000,47.727642,15.099364,0.000000,circle,预设轨迹15,forward
1775480174.898974,39.252656,1775480186.787776|完整运动,完整运动,circle_orbit,1,1.000000,1.500000,1.500000,,,,,,,,,,,,,,,,1.228762,0.041811,1.235138,0.051666,0.000000,0.000000,-0.236023,,0.039608,0.000000,,,,0.034027,0.122886,1.500000,47.753475,15.073531,0.000000,circle,预设轨迹15,forward
1775480174.920151,39.273834,1775480186.787776|完整运动,完整运动,circle_orbit,1,1.000000,1.500000,1.500000,,,,,,,,,,,,,,,,1.228828,0.043627,1.232823,0.054106,0.000000,0.000000,-0.234491,,0.041646,0.000000,,,,0.035503,0.122892,1.500000,47.779047,15.047959,0.000000,circle,预设轨迹15,forward
1775480174.947352,39.301034,1775480186.787776|完整运动,完整运动,circle_orbit,1,1.000000,1.500000,1.500000,,,,,,,,,,,,,,,,1.228860,0.045422,1.230725,0.055787,0.000000,0.000000,-0.232924,,0.043569,0.000000,,,,0.036963,0.122895,1.500000,47.804617,15.022389,0.000000,circle,预设轨迹15,forward
1775480174.973244,39.326926,1775480186.787776|完整运动,完整运动,circle_orbit,1,1.000000,1.500000,1.500000,,,,,,,,,,,,,,,,1.228821,0.049376,1.226484,0.072199,0.000000,0.000000,-0.229493,,0.047576,0.000000,,,,0.040182,0.122892,1.500000,47.856238,14.970768,0.000000,circle,预设轨迹15,forward
1775480174.994406,39.348089,1775480186.787776|完整运动,完整运动,circle_orbit,1,1.000000,1.500000,1.500000,,,,,,,,,,,,,,,,1.228750,0.051256,1.224522,0.062103,0.000000,0.000000,-0.227637,,0.049543,0.000000,,,,0.041714,0.122884,1.500000,47.882137,14.944870,0.000000,circle,预设轨迹15,forward
1775480175.015036,39.368719,1775480186.787776|完整运动,完整运动,circle_orbit,1,1.000000,1.500000,1.500000,,,,,,,,,,,,,,,,1.228647,0.053101,1.222446,0.063750,0.000000,0.000000,-0.225766,,0.051592,0.000000,,,,0.043219,0.122874,1.500000,47.908072,14.918934,0.000000,circle,预设轨迹15,forward
1775480175.035387,39.389070,1775480186.787776|完整运动,完整运动,circle_orbit,1,1.000000,1.500000,1.500000,,,,,,,,,,,,,,,,1.228514,0.054867,1.220524,0.065065,0.000000,0.000000,-0.223921,,0.053537,0.000000,,,,0.044662,0.122861,1.500000,47.933885,14.893122,0.000000,circle,预设轨迹15,forward
1775480175.062994,39.416677,1775480186.787776|完整运动,完整运动,circle_orbit,1,1.000000,1.500000,1.500000,,,,,,,,,,,,,,,,1.228322,0.058493,1.216799,0.079422,0.000000,0.000000,-0.220478,,0.057266,0.000000,,,,0.047620,0.122842,1.500000,47.985202,14.841805,0.000000,circle,预设轨迹15,forward
1775480175.086083,39.439765,1775480186.787776|完整运动,完整运动,circle_orbit,1,1.000000,1.500000,1.500000,,,,,,,,,,,,,,,,1.228133,0.057858,1.216799,0.054192,0.000000,0.000000,-0.220478,,0.057266,0.000000,,,,0.047110,0.122823,1.500000,47.985202,14.841805,0.000000,circle,预设轨迹15,forward
1775480175.106364,39.460047,1775480186.787776|完整运动,完整运动,circle_orbit,1,1.000000,1.500000,1.500000,,,,,,,,,,,,,,,,1.227883,0.061453,1.212890,0.082209,0.000000,0.000000,-0.217030,,0.061129,0.000000,,,,0.050048,0.122798,1.500000,48.036544,14.790462,0.000000,circle,预设轨迹15,forward
1775480175.139230,39.492912,1775480186.787776|完整运动,完整运动,circle_orbit,1,1.000000,1.500000,1.500000,,,,,,,,,,,,,,,,1.227612,0.063336,1.211382,0.074207,0.000000,0.000000,-0.214881,,0.062950,0.000000,,,,0.051593,0.122771,1.500000,48.062173,14.764834,0.000000,circle,预设轨迹15,forward
1775480175.161220,39.514903,1775480186.787776|完整运动,完整运动,circle_orbit,1,1.000000,1.500000,1.500000,,,,,,,,,,,,,,,,1.227326,0.065342,1.210150,0.076923,0.000000,0.000000,-0.212592,,0.064654,0.000000,,,,0.053239,0.122742,1.500000,48.087896,14.739110,0.000000,circle,预设轨迹15,forward
1775480175.181521,39.535204,1775480186.787776|完整运动,完整运动,circle_orbit,1,1.000000,1.500000,1.500000,,,,,,,,,,,,,,,,1.226964,0.069078,1.205244,0.090653,0.000000,0.000000,-0.208806,,0.069322,0.000000,,,,0.056300,0.122706,1.500000,48.138812,14.688194,0.000000,circle,预设轨迹15,forward
1775480175.214017,39.567700,1775480186.787776|完整运动,完整运动,circle_orbit,1,1.000000,1.500000,1.500000,,,,,,,,,,,,,,,,1.226585,0.070197,1.203840,0.076660,0.000000,0.000000,-0.207082,,0.070919,0.000000,,,,0.057230,0.122668,1.500000,48.164158,14.662848,0.000000,circle,预设轨迹15,forward
1775480175.239184,39.592867,1775480186.787776|完整运动,完整运动,circle_orbit,1,1.000000,1.500000,1.500000,,,,,,,,,,,,,,,,1.226195,0.071584,1.202771,0.079593,0.000000,0.000000,-0.205149,,0.072384,0.000000,,,,0.058379,0.122629,1.500000,48.189334,14.637673,0.000000,circle,预设轨迹15,forward
1775480175.259699,39.613382,1775480186.787776|完整运动,完整运动,circle_orbit,1,1.000000,1.500000,1.500000,,,,,,,,,,,,,,,,1.225783,0.073086,1.201112,0.081763,0.000000,0.000000,-0.203117,,0.074274,0.000000,,,,0.059624,0.122588,1.500000,48.214820,14.612186,0.000000,circle,预设轨迹15,forward
1775480175.287330,39.641012,1775480186.787776|完整运动,完整运动,circle_orbit,1,1.000000,1.500000,1.500000,,,,,,,,,,,,,,,,1.225352,0.077698,1.199480,0.104343,0.000000,0.000000,-0.198451,,0.077202,0.000000,,,,0.063409,0.122545,1.500000,48.265628,14.561378,0.000000,circle,预设轨迹15,forward
1775480175.310678,39.664361,1775480186.787776|完整运动,完整运动,circle_orbit,1,1.000000,1.500000,1.500000,,,,,,,,,,,,,,,,1.224928,0.076547,1.199480,0.069896,0.000000,0.000000,-0.198451,,0.077202,0.000000,,,,0.062491,0.122502,1.500000,48.265628,14.561378,0.000000,circle,预设轨迹15,forward
1775480175.331110,39.684793,1775480186.787776|完整运动,完整运动,circle_orbit,1,1.000000,1.500000,1.500000,,,,,,,,,,,,,,,,1.224479,0.081352,1.197555,0.109118,0.000000,0.000000,-0.193580,,0.080407,0.000000,,,,0.066438,0.122457,1.500000,48.316128,14.510878,0.000000,circle,预设轨迹15,forward
1775480175.357793,39.711476,1775480186.787776|完整运动,完整运动,circle_orbit,1,1.000000,1.500000,1.500000,,,,,,,,,,,,,,,,1.224030,0.083278,1.197064,0.094406,0.000000,0.000000,-0.190932,,0.081788,0.000000,,,,0.068036,0.122412,1.500000,48.341167,14.485840,0.000000,circle,预设轨迹15,forward
1775480175.386210,39.739893,1775480186.787776|完整运动,完整运动,circle_orbit,1,1.000000,1.500000,1.500000,,,,,,,,,,,,,,,,1.223574,0.085194,1.196207,0.096265,0.000000,0.000000,-0.188266,,0.083415,0.000000,,,,0.069627,0.122367,1.500000,48.366473,14.460533,0.000000,circle,预设轨迹15,forward
1775480175.406770,39.760453,1775480186.787776|完整运动,完整运动,circle_orbit,1,1.000000,1.500000,1.500000,,,,,,,,,,,,,,,,1.223114,0.090496,1.195518,0.121142,0.000000,0.000000,-0.182714,,0.086088,0.000000,,,,0.073988,0.122321,1.500000,48.417213,14.409793,0.000000,circle,预设轨迹15,forward
1775480175.431746,39.785429,1775480186.787776|完整运动,完整运动,circle_orbit,1,1.000000,1.500000,1.500000,,,,,,,,,,,,,,,,1.222650,0.092282,1.194851,0.102604,0.000000,0.000000,-0.179907,,0.087648,0.000000,,,,0.075477,0.122274,1.500000,48.442657,14.384349,0.000000,circle,预设轨迹15,forward
1775480175.453059,39.806741,1775480186.787776|完整运动,完整运动,circle_orbit,1,1.000000,1.500000,1.500000,,,,,,,,,,,,,,,,1.222191,0.094036,1.194610,0.104182,0.000000,0.000000,-0.177118,,0.088922,0.000000,,,,0.076941,0.122229,1.500000,48.467880,14.359126,0.000000,circle,预设轨迹15,forward
1775480175.473350,39.827033,1775480186.787776|完整运动,完整运动,circle_orbit,1,1.000000,1.500000,1.500000,,,,,,,,,,,,,,,,1.221732,0.095676,1.194211,0.105154,0.000000,0.000000,-0.174418,,0.090265,0.000000,,,,0.078312,0.122183,1.500000,48.492980,14.334026,0.000000,circle,预设轨迹15,forward
1775480175.504163,39.857846,1775480186.787776|完整运动,完整运动,circle_orbit,1,1.000000,1.500000,1.500000,,,,,,,,,,,,,,,,1.221277,0.097148,1.193964,0.105665,0.000000,0.000000,-0.171856,,0.091452,0.000000,,,,0.079547,0.122137,1.500000,48.517981,14.309025,0.000000,circle,预设轨迹15,forward
1775480175.525831,39.879514,1775480186.787776|完整运动,完整运动,circle_orbit,1,1.000000,1.500000,1.500000,,,,,,,,,,,,,,,,1.220829,0.098705,1.193935,0.107710,0.000000,0.000000,-0.169228,,0.092522,0.000000,,,,0.080851,0.122092,1.500000,48.543024,14.283982,0.000000,circle,预设轨迹15,forward
1775480175.546417,39.900100,1775480186.787776|完整运动,完整运动,circle_orbit,1,1.000000,1.500000,1.500000,,,,,,,,,,,,,,,,1.220394,0.103856,1.194318,0.133646,0.000000,0.000000,-0.163560,,0.094538,0.000000,,,,0.085100,0.122049,1.500000,48.593381,14.233626,0.000000,circle,预设轨迹15,forward
1775480175.571979,39.925662,1775480186.787776|完整运动,完整运动,circle_orbit,1,1.000000,1.500000,1.500000,,,,,,,,,,,,,,,,1.219967,0.102047,1.194318,0.091582,0.000000,0.000000,-0.163560,,0.094538,0.000000,,,,0.083647,0.122006,1.500000,48.593381,14.233626,0.000000,circle,预设轨迹15,forward
1775480175.593232,39.946915,1775480186.787776|完整运动,完整运动,circle_orbit,1,1.000000,1.500000,1.500000,,,,,,,,,,,,,,,,1.219525,0.106719,1.193003,0.133749,0.000000,0.000000,-0.158286,,0.097512,0.000000,,,,0.087509,0.121962,1.500000,48.643294,14.183713,0.000000,circle,预设轨迹15,forward
1775480175.617853,39.971535,1775480186.787776|完整运动,完整运动,circle_orbit,1,1.000000,1.500000,1.500000,,,,,,,,,,,,,,,,1.219081,0.107637,1.192445,0.112946,0.000000,0.000000,-0.155998,,0.098796,0.000000,,,,0.088294,0.121917,1.500000,48.668192,14.158814,0.000000,circle,预设轨迹15,forward
1775480175.652143,40.005826,1775480186.787776|完整运动,完整运动,circle_orbit,1,1.000000,1.500000,1.500000,,,,,,,,,,,,,,,,1.218653,0.108813,1.192977,0.115617,0.000000,0.000000,-0.153531,,0.099432,0.000000,,,,0.089289,0.121875,1.500000,48.692923,14.134084,0.000000,circle,预设轨迹15,forward
1775480175.674081,40.027763,1775480186.787776|完整运动,完整运动,circle_orbit,1,1.000000,1.500000,1.500000,,,,,,,,,,,,,,,,1.218270,0.113930,1.195297,0.143544,0.000000,0.000000,-0.147747,,0.100220,0.000000,,,,0.093518,0.121836,1.500000,48.742524,14.084482,0.000000,circle,预设轨迹15,forward
1775480175.694431,40.048114,1775480186.787776|完整运动,完整运动,circle_orbit,1,1.000000,1.500000,1.500000,,,,,,,,,,,,,,,,1.217915,0.115764,1.196605,0.126376,0.000000,0.000000,-0.144527,,0.100652,0.000000,,,,0.095051,0.121801,1.500000,48.767200,14.059806,0.000000,circle,预设轨迹15,forward
1775480175.725692,40.079375,1775480186.787776|完整运动,完整运动,circle_orbit,1,1.000000,1.500000,1.500000,,,,,,,,,,,,,,,,1.217583,0.117512,1.197697,0.127628,0.000000,0.000000,-0.141368,,0.101200,0.000000,,,,0.096512,0.121768,1.500000,48.791966,14.035040,0.000000,circle,预设轨迹15,forward
1775480175.764929,40.118612,1775480186.787776|完整运动,完整运动,circle_orbit,1,1.000000,1.500000,1.500000,,,,,,,,,,,,,,,,1.217265,0.119119,1.198157,0.128420,0.000000,0.000000,-0.138323,,0.102118,0.000000,,,,0.097858,0.121736,1.500000,48.816582,14.010424,0.000000,circle,预设轨迹15,forward
1775480175.791430,40.145113,1775480186.787776|完整运动,完整运动,circle_orbit,1,1.000000,1.500000,1.500000,,,,,,,,,,,,,,,,1.216993,0.124603,1.200672,0.156349,0.000000,0.000000,-0.131995,,0.103011,0.000000,,,,0.102386,0.121709,1.500000,48.866064,13.960942,0.000000,circle,预设轨迹15,forward
1775480175.820735,40.174417,1775480186.787776|完整运动,完整运动,circle_orbit,1,1.000000,1.500000,1.500000,,,,,,,,,,,,,,,,1.216764,0.130044,1.203015,0.161543,0.000000,0.000000,-0.125476,,0.104098,0.000000,,,,0.106877,0.121686,1.500000,48.915681,13.911326,0.000000,circle,预设轨迹15,forward
1775480175.841102,40.194784,1775480186.787776|完整运动,完整运动,circle_orbit,1,1.000000,1.500000,1.500000,,,,,,,,,,,,,,,,1.216569,0.131518,1.204899,0.140053,0.000000,0.000000,-0.122101,,0.104229,0.000000,,,,0.108106,0.121666,1.500000,48.940566,13.886441,0.000000,circle,预设轨迹15,forward
1775480175.870991,40.224673,1775480186.787776|完整运动,完整运动,circle_orbit,1,1.000000,1.500000,1.500000,,,,,,,,,,,,,,,,1.216397,0.132844,1.206053,0.140516,0.000000,0.000000,-0.118883,,0.104772,0.000000,,,,0.109211,0.121649,1.500000,48.965656,13.861350,0.000000,circle,预设轨迹15,forward
1775480175.895702,40.249385,1775480186.787776|完整运动,完整运动,circle_orbit,1,1.000000,1.500000,1.500000,,,,,,,,,,,,,,,,1.216284,0.137675,1.209491,0.165647,0.000000,0.000000,-0.112729,,0.105024,0.000000,,,,0.113193,0.121638,1.500000,49.015383,13.811623,0.000000,circle,预设轨迹15,forward
1775480175.916181,40.269864,1775480186.787776|完整运动,完整运动,circle_orbit,1,1.000000,1.500000,1.500000,,,,,,,,,,,,,,,,1.216202,0.138790,1.211333,0.145245,0.000000,0.000000,-0.109547,,0.105119,0.000000,,,,0.114118,0.121630,1.500000,49.040255,13.786752,0.000000,circle,预设轨迹15,forward
1775480175.948278,40.301961,1775480186.787776|完整运动,完整运动,circle_orbit,1,1.000000,1.500000,1.500000,,,,,,,,,,,,,,,,1.216188,0.144255,1.215332,0.175897,0.000000,0.000000,-0.102731,,0.105299,0.000000,,,,0.118613,0.121628,1.500000,49.090004,13.737003,0.000000,circle,预设轨迹15,forward
1775480175.972232,40.325915,1775480186.787776|完整运动,完整运动,circle_orbit,1,1.000000,1.500000,1.500000,,,,,,,,,,,,,,,,1.216190,0.145209,1.216277,0.150730,0.000000,0.000000,-0.099529,,0.105980,0.000000,,,,0.119397,0.121628,1.500000,49.114932,13.712074,0.000000,circle,预设轨迹15,forward
1775480175.992541,40.346223,1775480186.787776|完整运动,完整运动,circle_orbit,1,1.000000,1.500000,1.500000,,,,,,,,,,,,,,,,1.216219,0.146090,1.217972,0.151189,0.000000,0.000000,-0.096455,,0.106137,0.000000,,,,0.120118,0.121631,1.500000,49.139915,13.687091,0.000000,circle,预设轨迹15,forward
1775480176.023443,40.377126,1775480186.787776|完整运动,完整运动,circle_orbit,1,1.000000,1.500000,1.500000,,,,,,,,,,,,,,,,1.216289,0.147051,1.220493,0.152618,0.000000,0.000000,-0.093375,,0.105779,0.000000,,,,0.120901,0.121638,1.500000,49.164785,13.662222,0.000000,circle,预设轨迹15,forward
1775480176.045403,40.399086,1775480186.787776|完整运动,完整运动,circle_orbit,1,1.000000,1.500000,1.500000,,,,,,,,,,,,,,,,1.216394,0.148075,1.222690,0.154005,0.000000,0.000000,-0.090295,,0.105632,0.000000,,,,0.121733,0.121649,1.500000,49.189717,13.637290,0.000000,circle,预设轨迹15,forward
1775480176.068786,40.422468,1775480186.787776|完整运动,完整运动,circle_orbit,1,1.000000,1.500000,1.500000,,,,,,,,,,,,,,,,1.216614,0.153294,1.229849,0.183504,0.000000,0.000000,-0.083702,,0.103806,0.000000,,,,0.126000,0.121671,1.500000,49.239234,13.587773,0.000000,circle,预设轨迹15,forward
1775480176.096898,40.450580,1775480186.787776|完整运动,完整运动,circle_orbit,1,1.000000,1.500000,1.500000,,,,,,,,,,,,,,,,1.216831,0.150483,1.229849,0.134214,0.000000,0.000000,-0.083702,,0.103806,0.000000,,,,0.123668,0.121693,1.500000,49.239234,13.587773,0.000000,circle,预设轨迹15,forward
1775480176.119261,40.472944,1775480186.787776|完整运动,完整运动,circle_orbit,1,1.000000,1.500000,1.500000,,,,,,,,,,,,,,,,1.217137,0.155995,1.235485,0.187899,0.000000,0.000000,-0.076929,,0.103037,0.000000,,,,0.128166,0.121723,1.500000,49.288452,13.538554,0.000000,circle,预设轨迹15,forward
1775480176.139756,40.493439,1775480186.787776|完整运动,完整运动,circle_orbit,1,1.000000,1.500000,1.500000,,,,,,,,,,,,,,,,1.217501,0.157252,1.239340,0.164528,0.000000,0.000000,-0.073525,,0.102039,0.000000,,,,0.129160,0.121760,1.500000,49.312799,13.514208,0.000000,circle,预设轨迹15,forward
1775480176.170625,40.524308,1775480186.787776|完整运动,完整运动,circle_orbit,1,1.000000,1.500000,1.500000,,,,,,,,,,,,,,,,1.217914,0.158423,1.242687,0.165197,0.000000,0.000000,-0.070224,,0.101322,0.000000,,,,0.130077,0.121801,1.500000,49.337427,13.489580,0.000000,circle,预设轨迹15,forward
1775480176.192177,40.545860,1775480186.787776|完整运动,完整运动,circle_orbit,1,1.000000,1.500000,1.500000,,,,,,,,,,,,,,,,1.218453,0.163833,1.250818,0.195140,0.000000,0.000000,-0.063364,,0.099162,0.000000,,,,0.134460,0.121855,1.500000,49.386534,13.440473,0.000000,circle,预设轨迹15,forward
1775480176.212530,40.566213,1775480186.787776|完整运动,完整运动,circle_orbit,1,1.000000,1.500000,1.500000,,,,,,,,,,,,,,,,1.219052,0.164974,1.254958,0.171578,0.000000,0.000000,-0.059895,,0.098077,0.000000,,,,0.135330,0.121915,1.500000,49.411095,13.415911,0.000000,circle,预设轨迹15,forward
1775480176.243305,40.596988,1775480186.787776|完整运动,完整运动,circle_orbit,1,1.000000,1.500000,1.500000,,,,,,,,,,,,,,,,1.219699,0.166034,1.258557,0.172164,0.000000,0.000000,-0.056537,,0.097284,0.000000,,,,0.136127,0.121979,1.500000,49.435766,13.391241,0.000000,circle,预设轨迹15,forward
1775480176.267060,40.620742,1775480186.787776|完整运动,完整运动,circle_orbit,1,1.000000,1.500000,1.500000,,,,,,,,,,,,,,,,1.220467,0.171110,1.266503,0.200468,0.000000,0.000000,-0.049825,,0.095296,0.000000,,,,0.140200,0.122056,1.500000,49.485342,13.341664,0.000000,circle,预设轨迹15,forward
1775480176.293576,40.647259,1775480186.787776|完整运动,完整运动,circle_orbit,1,1.000000,1.500000,1.500000,,,,,,,,,,,,,,,,1.221221,0.168014,1.266503,0.150114,0.000000,0.000000,-0.049825,,0.095296,0.000000,,,,0.137579,0.122132,1.500000,49.485342,13.341664,0.000000,circle,预设轨迹15,forward
1775480176.319287,40.672970,1775480186.787776|完整运动,完整运动,circle_orbit,1,1.000000,1.500000,1.500000,,,,,,,,,,,,,,,,1.222097,0.173007,1.274633,0.201869,0.000000,0.000000,-0.043280,,0.093193,0.000000,,,,0.141565,0.122219,1.500000,49.534766,13.292240,0.000000,circle,预设轨迹15,forward
1775480176.340414,40.694097,1775480186.787776|完整运动,完整运动,circle_orbit,1,1.000000,1.500000,1.500000,,,,,,,,,,,,,,,,1.223031,0.173956,1.279057,0.179441,0.000000,0.000000,-0.039949,,0.091981,0.000000,,,,0.142233,0.122313,1.500000,49.559278,13.267729,0.000000,circle,预设轨迹15,forward
1775480176.363616,40.717299,1775480186.787776|完整运动,完整运动,circle_orbit,1,1.000000,1.500000,1.500000,,,,,,,,,,,,,,,,1.224015,0.174991,1.283056,0.180976,0.000000,0.000000,-0.036593,,0.091039,0.000000,,,,0.142965,0.122411,1.500000,49.583895,13.243111,0.000000,circle,预设轨迹15,forward
1775480176.383969,40.737651,1775480186.787776|完整运动,完整运动,circle_orbit,1,1.000000,1.500000,1.500000,,,,,,,,,,,,,,,,1.225104,0.179083,1.290445,0.202724,0.000000,0.000000,-0.030694,,0.089215,0.000000,,,,0.146178,0.122520,1.500000,49.632820,13.194186,0.000000,circle,预设轨迹15,forward
1775480176.411034,40.764717,1775480186.787776|完整运动,完整运动,circle_orbit,1,1.000000,1.500000,1.500000,,,,,,,,,,,,,,,,1.226175,0.176014,1.290445,0.158283,0.000000,0.000000,-0.030694,,0.089215,0.000000,,,,0.143547,0.122627,1.500000,49.632820,13.194186,0.000000,circle,预设轨迹15,forward
1775480176.437493,40.791176,1775480186.787776|完整运动,完整运动,circle_orbit,1,1.000000,1.500000,1.500000,,,,,,,,,,,,,,,,1.227377,0.180029,1.299508,0.203216,0.000000,0.000000,-0.024997,,0.086428,0.000000,,,,0.146678,0.122747,1.500000,49.681495,13.145511,0.000000,circle,预设轨迹15,forward
1775480176.457853,40.811535,1775480186.787776|完整运动,完整运动,circle_orbit,1,1.000000,1.500000,1.500000,,,,,,,,,,,,,,,,1.228640,0.180543,1.304418,0.183511,0.000000,0.000000,-0.022099,,0.084871,0.000000,,,,0.146946,0.122873,1.500000,49.706205,13.120802,0.000000,circle,预设轨迹15,forward
1775480176.490137,40.843820,1775480186.787776|完整运动,完整运动,circle_orbit,1,1.000000,1.500000,1.500000,,,,,,,,,,,,,,,,1.230054,0.184328,1.314878,0.206163,0.000000,0.000000,-0.016505,,0.081392,0.000000,,,,0.149853,0.123015,1.500000,49.755660,13.071347,0.000000,circle,预设轨迹15,forward
1775480176.517733,40.871416,1775480186.787776|完整运动,完整运动,circle_orbit,1,1.000000,1.500000,1.500000,,,,,,,,,,,,,,,,1.231444,0.181310,1.314878,0.163904,0.000000,0.000000,-0.016505,,0.081392,0.000000,,,,0.147234,0.123154,1.500000,49.755660,13.071347,0.000000,circle,预设轨迹15,forward
1775480176.541128,40.894811,1775480186.787776|完整运动,完整运动,circle_orbit,1,1.000000,1.500000,1.500000,,,,,,,,,,,,,,,,1.233001,0.185499,1.326370,0.209655,0.000000,0.000000,-0.010707,,0.077533,0.000000,,,,0.150445,0.123310,1.500000,49.804614,13.022393,0.000000,circle,预设轨迹15,forward
1775480176.565543,40.919226,1775480186.787776|完整运动,完整运动,circle_orbit,1,1.000000,1.500000,1.500000,,,,,,,,,,,,,,,,1.234623,0.186052,1.331986,0.189234,0.000000,0.000000,-0.007799,,0.075716,0.000000,,,,0.150695,0.123472,1.500000,49.829088,12.997918,0.000000,circle,预设轨迹15,forward
1775480176.590411,40.944094,1775480186.787776|完整运动,完整运动,circle_orbit,1,1.000000,1.500000,1.500000,,,,,,,,,,,,,,,,1.236329,0.186786,1.338694,0.191015,0.000000,0.000000,-0.004790,,0.073393,0.000000,,,,0.151081,0.123642,1.500000,49.853660,12.973346,0.000000,circle,预设轨迹15,forward
1775480176.610795,40.964478,1775480186.787776|完整运动,完整运动,circle_orbit,1,1.000000,1.500000,1.500000,,,,,,,,,,,,,,,,1.238198,0.190936,1.350307,0.214837,0.000000,0.000000,0.001052,,0.068865,0.000000,,,,0.154205,0.123829,1.500000,49.902886,12.924121,0.000000,circle,预设轨迹15,forward
1775480176.637934,40.991617,1775480186.787776|完整运动,完整运动,circle_orbit,1,1.000000,1.500000,1.500000,,,,,,,,,,,,,,,,1.240060,0.191355,1.351765,0.193765,0.000000,0.000000,0.003928,,0.066966,0.000000,,,,0.154311,0.124016,1.500000,49.927486,12.899520,0.000000,circle,预设轨迹15,forward
1775480176.665848,41.019531,1775480186.787776|完整运动,完整运动,circle_orbit,1,1.000000,1.500000,1.500000,,,,,,,,,,,,,,,,1.241900,0.191704,1.352339,0.193714,0.000000,0.000000,0.006680,,0.065571,0.000000,,,,0.154363,0.124200,1.500000,49.952054,12.874953,0.000000,circle,预设轨迹15,forward
1775480176.689149,41.042832,1775480186.787776|完整运动,完整运动,circle_orbit,1,1.000000,1.500000,1.500000,,,,,,,,,,,,,,,,1.243758,0.195128,1.355207,0.214817,0.000000,0.000000,0.011948,,0.061997,0.000000,,,,0.156885,0.124385,1.500000,50.001567,12.825439,0.000000,circle,预设轨迹15,forward
1775480176.713713,41.067396,1775480186.787776|完整运动,完整运动,circle_orbit,1,1.000000,1.500000,1.500000,,,,,,,,,,,,,,,,1.245585,0.192116,1.355207,0.174807,0.000000,0.000000,0.011948,,0.061997,0.000000,,,,0.154238,0.124568,1.500000,50.001567,12.825439,0.000000,circle,预设轨迹15,forward
1775480176.739836,41.093518,1775480186.787776|完整运动,完整运动,circle_orbit,1,1.000000,1.500000,1.500000,,,,,,,,,,,,,,,,1.247439,0.195841,1.358679,0.217242,0.000000,0.000000,0.017324,,0.058078,0.000000,,,,0.156994,0.124754,1.500000,50.051687,12.775319,0.000000,circle,预设轨迹15,forward
1775480176.762726,41.116409,1775480186.787776|完整运动,完整运动,circle_orbit,1,1.000000,1.500000,1.500000,,,,,,,,,,,,,,,,1.249287,0.195972,1.360193,0.196721,0.000000,0.000000,0.019846,,0.056302,0.000000,,,,0.156867,0.124938,1.500000,50.076562,12.750445,0.000000,circle,预设轨迹15,forward
1775480176.786023,41.139706,1775480186.787776|完整运动,完整运动,circle_orbit,1,1.000000,1.500000,1.500000,,,,,,,,,,,,,,,,1.251140,0.195828,1.362307,0.195004,0.000000,0.000000,0.022071,,0.054342,0.000000,,,,0.156520,0.125124,1.500000,50.101641,12.725366,0.000000,circle,预设轨迹15,forward
1775480176.808012,41.161695,1775480186.787776|完整运动,完整运动,circle_orbit,1,1.000000,1.500000,1.500000,,,,,,,,,,,,,,,,1.253034,0.198591,1.366701,0.214447,0.000000,0.000000,0.026645,,0.050300,0.000000,,,,0.158488,0.125313,1.500000,50.151753,12.675254,0.000000,circle,预设轨迹15,forward
1775480176.828922,41.182605,1775480186.787776|完整运动,完整运动,circle_orbit,1,1.000000,1.500000,1.500000,,,,,,,,,,,,,,,,1.254944,0.198459,1.369513,0.197701,0.000000,0.000000,0.028901,,0.047989,0.000000,,,,0.158142,0.125504,1.500000,50.176988,12.650019,0.000000,circle,预设轨迹15,forward
1775480176.857130,41.210813,1775480186.787776|完整运动,完整运动,circle_orbit,1,1.000000,1.500000,1.500000,,,,,,,,,,,,,,,,1.256868,0.198448,1.372286,0.198384,0.000000,0.000000,0.031179,,0.045694,0.000000,,,,0.157891,0.125696,1.500000,50.202247,12.624760,0.000000,circle,预设轨迹15,forward
1775480176.887267,41.240950,1775480186.787776|完整运动,完整运动,circle_orbit,1,1.000000,1.500000,1.500000,,,,,,,,,,,,,,,,1.258810,0.198478,1.375358,0.198649,0.000000,0.000000,0.033425,,0.043270,0.000000,,,,0.157671,0.125891,1.500000,50.227538,12.599468,0.000000,circle,预设轨迹15,forward
1775480176.911296,41.264979,1775480186.787776|完整运动,完整运动,circle_orbit,1,1.000000,1.500000,1.500000,,,,,,,,,,,,,,,,1.260827,0.200874,1.381823,0.214594,0.000000,0.000000,0.037585,,0.038416,0.000000,,,,0.159319,0.126092,1.500000,50.278112,12.548894,0.000000,circle,预设轨迹15,forward
1775480176.933038,41.286721,1775480186.787776|完整运动,完整运动,circle_orbit,1,1.000000,1.500000,1.500000,,,,,,,,,,,,,,,,1.262886,0.200694,1.386450,0.199667,0.000000,0.000000,0.039689,,0.035310,0.000000,,,,0.158917,0.126298,1.500000,50.303288,12.523718,0.000000,circle,预设轨迹15,forward
1775480176.958981,41.312664,1775480186.787776|完整运动,完整运动,circle_orbit,1,1.000000,1.500000,1.500000,,,,,,,,,,,,,,,,1.264980,0.200662,1.390591,0.200475,0.000000,0.000000,0.041844,,0.032435,0.000000,,,,0.158628,0.126508,1.500000,50.328459,12.498547,0.000000,circle,预设轨迹15,forward
1775480176.979448,41.333131,1775480186.787776|完整运动,完整运动,circle_orbit,1,1.000000,1.500000,1.500000,,,,,,,,,,,,,,,,1.267103,0.200714,1.394523,0.201014,0.000000,0.000000,0.044011,,0.029667,0.000000,,,,0.158404,0.126720,1.500000,50.353512,12.473495,0.000000,circle,预设轨迹15,forward
1775480177.007179,41.360862,1775480186.787776|完整运动,完整运动,circle_orbit,1,1.000000,1.500000,1.500000,,,,,,,,,,,,,,,,1.269266,0.200783,1.399020,0.201180,0.000000,0.000000,0.046144,,0.026653,0.000000,,,,0.158189,0.126936,1.500000,50.378553,12.448454,0.000000,circle,预设轨迹15,forward
1775480177.034063,41.387746,1775480186.787776|完整运动,完整运动,circle_orbit,1,1.000000,1.500000,1.500000,,,,,,,,,,,,,,,,1.271542,0.203040,1.408099,0.215927,0.000000,0.000000,0.050047,,0.020771,0.000000,,,,0.159680,0.127164,1.500000,50.428620,12.398386,0.000000,circle,预设轨迹15,forward
1775480177.057874,41.411557,1775480186.787776|完整运动,完整运动,circle_orbit,1,1.000000,1.500000,1.500000,,,,,,,,,,,,,,,,1.273851,0.202518,1.412386,0.199540,0.000000,0.000000,0.051737,,0.018074,0.000000,,,,0.158981,0.127395,1.500000,50.453569,12.373437,0.000000,circle,预设轨迹15,forward
1775480177.079143,41.432826,1775480186.787776|完整运动,完整运动,circle_orbit,1,1.000000,1.500000,1.500000,,,,,,,,,,,,,,,,1.276122,0.200057,1.412386,0.186018,0.000000,0.000000,0.051737,,0.018074,0.000000,,,,0.156770,0.127622,1.500000,50.453569,12.373437,0.000000,circle,预设轨迹15,forward
1775480177.109499,41.463182,1775480186.787776|完整运动,完整运动,circle_orbit,1,1.000000,1.500000,1.500000,,,,,,,,,,,,,,,,1.278457,0.201587,1.418589,0.210312,0.000000,0.000000,0.054845,,0.013928,0.000000,,,,0.157680,0.127856,1.500000,50.503587,12.323420,0.000000,circle,预设轨迹15,forward
1775480177.129873,41.483556,1775480186.787776|完整运动,完整运动,circle_orbit,1,1.000000,1.500000,1.500000,,,,,,,,,,,,,,,,1.280869,0.201239,1.425574,0.199256,0.000000,0.000000,0.056460,,0.010044,0.000000,,,,0.157112,0.128097,1.500000,50.553761,12.273245,0.000000,circle,预设轨迹15,forward
1775480177.151331,41.505014,1775480186.787776|完整运动,完整运动,circle_orbit,1,1.000000,1.500000,1.500000,,,,,,,,,,,,,,,,1.283241,0.199009,1.425574,0.186304,0.000000,0.000000,0.056460,,0.010044,0.000000,,,,0.155083,0.128334,1.500000,50.553761,12.273245,0.000000,circle,预设轨迹15,forward
1775480177.175246,41.528929,1775480186.787776|完整运动,完整运动,circle_orbit,1,1.000000,1.500000,1.500000,,,,,,,,,,,,,,,,1.285721,0.198970,1.434509,0.198751,0.000000,0.000000,0.058104,,0.005290,0.000000,,,,0.154754,0.128582,1.500000,50.604116,12.222891,0.000000,circle,预设轨迹15,forward
1775480177.195614,41.549297,1775480186.787776|完整运动,完整运动,circle_orbit,1,1.000000,1.500000,1.500000,,,,,,,,,,,,,,,,1.288247,0.198021,1.439777,0.192623,0.000000,0.000000,0.058972,,0.002552,0.000000,,,,0.153714,0.128835,1.500000,50.629426,12.197580,0.000000,circle,预设轨迹15,forward
1775480177.227284,41.580967,1775480186.787776|完整运动,完整运动,circle_orbit,1,1.000000,1.500000,1.500000,,,,,,,,,,,,,,,,1.290798,0.197274,1.443887,0.193029,0.000000,0.000000,0.059928,,-0.000316,0.000000,,,,0.152831,0.129090,1.500000,50.654812,12.172194,0.000000,circle,预设轨迹15,forward
1775480177.248796,41.602479,1775480186.787776|完整运动,完整运动,circle_orbit,1,1.000000,1.500000,1.500000,,,,,,,,,,,,,,,,1.293111,0.197590,1.431907,0.199381,0.000000,0.000000,0.061698,,-0.005040,0.000000,,,,0.152802,0.129321,1.500000,50.705576,12.121431,0.000000,circle,预设轨迹15,forward
1775480177.269077,41.622759,1775480186.787776|完整运动,完整运动,circle_orbit,1,1.000000,1.500000,1.500000,,,,,,,,,,,,,,,,1.295308,0.196530,1.427088,0.190515,0.000000,0.000000,0.062342,,-0.006993,0.000000,,,,0.151725,0.129541,1.500000,50.731096,12.095910,0.000000,circle,预设轨迹15,forward
1775480177.296861,41.650543,1775480186.787776|完整运动,完整运动,circle_orbit,1,1.000000,1.500000,1.500000,,,,,,,,,,,,,,,,1.297372,0.195448,1.421206,0.189306,0.000000,0.000000,0.062891,,-0.009493,0.000000,,,,0.150649,0.129747,1.500000,50.756657,12.070350,0.000000,circle,预设轨迹15,forward
1775480177.318705,41.672388,1775480186.787776|完整运动,完整运动,circle_orbit,1,1.000000,1.500000,1.500000,,,,,,,,,,,,,,,,1.299303,0.194425,1.415222,0.188622,0.000000,0.000000,0.063414,,-0.012073,0.000000,,,,0.149638,0.129940,1.500000,50.782486,12.044521,0.000000,circle,预设轨迹15,forward
1775480177.339913,41.693596,1775480186.787776|完整运动,完整运动,circle_orbit,1,1.000000,1.500000,1.500000,,,,,,,,,,,,,,,,1.301110,0.193282,1.409516,0.186799,0.000000,0.000000,0.063773,,-0.014611,0.000000,,,,0.148552,0.130121,1.500000,50.808462,12.018545,0.000000,circle,预设轨迹15,forward
1775480177.375546,41.729228,1775480186.787776|完整运动,完整运动,circle_orbit,1,1.000000,1.500000,1.500000,,,,,,,,,,,,,,,,1.302782,0.192176,1.403114,0.185909,0.000000,0.000000,0.064095,,-0.017517,0.000000,,,,0.147512,0.130288,1.500000,50.834364,11.992643,0.000000,circle,预设轨迹15,forward
1775480177.408280,41.761962,1775480186.787776|完整运动,完整运动,circle_orbit,1,1.000000,1.500000,1.500000,,,,,,,,,,,,,,,,1.304109,0.192004,1.383724,0.191032,0.000000,0.000000,0.065130,,-0.026466,0.000000,,,,0.147230,0.130421,1.500000,50.911394,11.915613,0.000000,circle,预设轨迹15,forward
1775480177.438620,41.792302,1775480186.787776|完整运动,完整运动,circle_orbit,1,1.000000,1.500000,1.500000,,,,,,,,,,,,,,,,1.305312,0.190878,1.377479,0.184499,0.000000,0.000000,0.065383,,-0.029436,0.000000,,,,0.146232,0.130541,1.500000,50.937027,11.889979,0.000000,circle,预设轨迹15,forward
1775480177.462315,41.815998,1775480186.787776|完整运动,完整运动,circle_orbit,1,1.000000,1.500000,1.500000,,,,,,,,,,,,,,,,1.306394,0.189809,1.371337,0.183755,0.000000,0.000000,0.065622,,-0.032388,0.000000,,,,0.145292,0.130650,1.500000,50.962800,11.864206,0.000000,circle,预设轨迹15,forward
1775480177.483936,41.837619,1775480186.787776|完整运动,完整运动,circle_orbit,1,1.000000,1.500000,1.500000,,,,,,,,,,,,,,,,1.307368,0.188751,1.365748,0.182763,0.000000,0.000000,0.065818,,-0.035108,0.000000,,,,0.144375,0.130747,1.500000,50.988566,11.838440,0.000000,circle,预设轨迹15,forward
1775480177.514594,41.868277,1775480186.787776|完整运动,完整运动,circle_orbit,1,1.000000,1.500000,1.500000,,,,,,,,,,,,,,,,1.308177,0.187578,1.356730,0.180939,0.000000,0.000000,0.065874,,-0.039648,0.000000,,,,0.143389,0.130828,1.500000,51.039882,11.787125,0.000000,circle,预设轨迹15,forward
1775480177.540100,41.893783,1775480186.787776|完整运动,完整运动,circle_orbit,1,1.000000,1.500000,1.500000,,,,,,,,,,,,,,,,1.308896,0.186220,1.352023,0.178535,0.000000,0.000000,0.065725,,-0.042113,0.000000,,,,0.142273,0.130900,1.500000,51.065527,11.761479,0.000000,circle,预设轨迹15,forward
1775480177.560476,41.914159,1775480186.787776|完整运动,完整运动,circle_orbit,1,1.000000,1.500000,1.500000,,,,,,,,,,,,,,,,1.309446,0.184453,1.342464,0.174449,0.000000,0.000000,0.065185,,-0.047267,0.000000,,,,0.140863,0.130955,1.500000,51.117675,11.709331,0.000000,circle,预设轨迹15,forward
1775480177.589321,41.943003,1775480186.787776|完整运动,完整运动,circle_orbit,1,1.000000,1.500000,1.500000,,,,,,,,,,,,,,,,1.309987,0.183455,1.342464,0.177814,0.000000,0.000000,0.065185,,-0.047267,0.000000,,,,0.140044,0.131009,1.500000,51.117675,11.709331,0.000000,circle,预设轨迹15,forward
1775480177.620201,41.973884,1775480186.787776|完整运动,完整运动,circle_orbit,1,1.000000,1.500000,1.500000,,,,,,,,,,,,,,,,1.310371,0.181527,1.333407,0.170619,0.000000,0.000000,0.064399,,-0.052324,0.000000,,,,0.138531,0.131047,1.500000,51.170195,11.656812,0.000000,circle,预设轨迹15,forward
1775480177.640491,41.994174,1775480186.787776|完整运动,完整运动,circle_orbit,1,1.000000,1.500000,1.500000,,,,,,,,,,,,,,,,1.310679,0.179930,1.329164,0.170894,0.000000,0.000000,0.063796,,-0.054810,0.000000,,,,0.137280,0.131078,1.500000,51.196456,11.630550,0.000000,circle,预设轨迹15,forward
1775480177.664760,42.018443,1775480186.787776|完整运动,完整运动,circle_orbit,1,1.000000,1.500000,1.500000,,,,,,,,,,,,,,,,1.310912,0.178356,1.324912,0.169453,0.000000,0.000000,0.063149,,-0.057332,0.000000,,,,0.136055,0.131101,1.500000,51.222672,11.604335,0.000000,circle,预设轨迹15,forward
1775480177.689415,42.043098,1775480186.787776|完整运动,完整运动,circle_orbit,1,1.000000,1.500000,1.500000,,,,,,,,,,,,,,,,1.311077,0.176836,1.320940,0.168237,0.000000,0.000000,0.062488,,-0.059724,0.000000,,,,0.134878,0.131118,1.500000,51.249033,11.577974,0.000000,circle,预设轨迹15,forward
1775480177.709826,42.063509,1775480186.787776|完整运动,完整运动,circle_orbit,1,1.000000,1.500000,1.500000,,,,,,,,,,,,,,,,1.311091,0.174555,1.311957,0.161651,0.000000,0.000000,0.061162,,-0.065115,0.000000,,,,0.133137,0.131119,1.500000,51.301821,11.525186,0.000000,circle,预设轨迹15,forward
1775480177.734412,42.088095,1775480186.787776|完整运动,完整运动,circle_orbit,1,1.000000,1.500000,1.500000,,,,,,,,,,,,,,,,1.311049,0.173034,1.308524,0.164434,0.000000,0.000000,0.060360,,-0.067310,0.000000,,,,0.131981,0.131115,1.500000,51.328284,11.498722,0.000000,circle,预设轨迹15,forward
1775480177.770225,42.123908,1775480186.787776|完整运动,完整运动,circle_orbit,1,1.000000,1.500000,1.500000,,,,,,,,,,,,,,,,1.310959,0.171250,1.305532,0.161157,0.000000,0.000000,0.059297,,-0.069378,0.000000,,,,0.130629,0.131106,1.500000,51.354748,11.472258,0.000000,circle,预设轨迹15,forward
1775480177.791202,42.144885,1775480186.787776|完整运动,完整运动,circle_orbit,1,1.000000,1.500000,1.500000,,,,,,,,,,,,,,,,1.310739,0.168371,1.297544,0.152084,0.000000,0.000000,0.057290,,-0.074601,0.000000,,,,0.128455,0.131084,1.500000,51.406738,11.420269,0.000000,circle,预设轨迹15,forward
1775480177.812325,42.166007,1775480186.787776|完整运动,完整运动,circle_orbit,1,1.000000,1.500000,1.500000,,,,,,,,,,,,,,,,1.310473,0.166831,1.294528,0.158121,0.000000,0.000000,0.056253,,-0.076699,0.000000,,,,0.127306,0.131057,1.500000,51.432865,11.394142,0.000000,circle,预设轨迹15,forward
1775480177.840923,42.194606,1775480186.787776|完整运动,完整运动,circle_orbit,1,1.000000,1.500000,1.500000,,,,,,,,,,,,,,,,1.310161,0.165410,1.291453,0.157368,0.000000,0.000000,0.055276,,-0.078815,0.000000,,,,0.126251,0.131026,1.500000,51.458797,11.368209,0.000000,circle,预设轨迹15,forward
1775480177.874655,42.228337,1775480186.787776|完整运动,完整运动,circle_orbit,1,1.000000,1.500000,1.500000,,,,,,,,,,,,,,,,1.309806,0.163768,1.288468,0.154477,0.000000,0.000000,0.054092,,-0.080970,0.000000,,,,0.125032,0.130991,1.500000,51.484768,11.342239,0.000000,circle,预设轨迹15,forward
1775480177.911211,42.264894,1775480186.787776|完整运动,完整运动,circle_orbit,1,1.000000,1.500000,1.500000,,,,,,,,,,,,,,,,1.309341,0.160316,1.281459,0.140783,0.000000,0.000000,0.051398,,-0.086027,0.000000,,,,0.122440,0.130944,1.500000,51.536311,11.290696,0.000000,circle,预设轨迹15,forward
1775480177.943661,42.297344,1775480186.787776|完整运动,完整运动,circle_orbit,1,1.000000,1.500000,1.500000,,,,,,,,,,,,,,,,1.308797,0.157350,1.276130,0.140564,0.000000,0.000000,0.048959,,-0.090058,0.000000,,,,0.120225,0.130890,1.500000,51.588262,11.238745,0.000000,circle,预设轨迹15,forward
1775480177.966509,42.320192,1775480186.787776|完整运动,完整运动,circle_orbit,1,1.000000,1.500000,1.500000,,,,,,,,,,,,,,,,1.308223,0.155854,1.273786,0.147388,0.000000,0.000000,0.047608,,-0.091950,0.000000,,,,0.119134,0.130832,1.500000,51.614424,11.212583,0.000000,circle,预设轨迹15,forward
1775480177.988813,42.342496,1775480186.787776|完整运动,完整运动,circle_orbit,1,1.000000,1.500000,1.500000,,,,,,,,,,,,,,,,1.307571,0.152636,1.268499,0.134416,0.000000,0.000000,0.044840,,-0.096125,0.000000,,,,0.116732,0.130767,1.500000,51.667074,11.159933,0.000000,circle,预设轨迹15,forward
1775480178.027009,42.380692,1775480186.787776|完整运动,完整运动,circle_orbit,1,1.000000,1.500000,1.500000,,,,,,,,,,,,,,,,1.306892,0.151081,1.266144,0.142279,0.000000,0.000000,0.043308,,-0.098112,0.000000,,,,0.115603,0.130699,1.500000,51.693527,11.133479,0.000000,circle,预设轨迹15,forward
1775480178.047721,42.401404,1775480186.787776|完整运动,完整运动,circle_orbit,1,1.000000,1.500000,1.500000,,,,,,,,,,,,,,,,1.306130,0.147877,1.260389,0.129733,0.000000,0.000000,0.040422,,-0.102648,0.000000,,,,0.113218,0.130623,1.500000,51.746319,11.080688,0.000000,circle,预设轨迹15,forward
1775480178.069460,42.423143,1775480186.787776|完整运动,完整运动,circle_orbit,1,1.000000,1.500000,1.500000,,,,,,,,,,,,,,,,1.305340,0.146547,1.257958,0.139014,0.000000,0.000000,0.038951,,-0.104674,0.000000,,,,0.112268,0.130544,1.500000,51.772721,11.054285,0.000000,circle,预设轨迹15,forward
1775480178.097698,42.451381,1775480186.787776|完整运动,完整运动,circle_orbit,1,1.000000,1.500000,1.500000,,,,,,,,,,,,,,,,1.304532,0.145328,1.256029,0.138421,0.000000,0.000000,0.037572,,-0.106370,0.000000,,,,0.111403,0.130463,1.500000,51.799096,11.027910,0.000000,circle,预设轨迹15,forward
1775480178.122045,42.475728,1775480186.787776|完整运动,完整运动,circle_orbit,1,1.000000,1.500000,1.500000,,,,,,,,,,,,,,,,1.303717,0.143924,1.254817,0.135966,0.000000,0.000000,0.036048,,-0.107701,0.000000,,,,0.110395,0.130382,1.500000,51.825445,11.001562,0.000000,circle,预设轨迹15,forward
1775480178.142375,42.496058,1775480186.787776|完整运动,完整运动,circle_orbit,1,1.000000,1.500000,1.500000,,,,,,,,,,,,,,,,1.302866,0.139990,1.251791,0.117690,0.000000,0.000000,0.032452,,-0.110945,0.000000,,,,0.107447,0.130297,1.500000,51.877911,10.949096,0.000000,circle,预设轨迹15,forward
1775480178.164576,42.518259,1775480186.787776|完整运动,完整运动,circle_orbit,1,1.000000,1.500000,1.500000,,,,,,,,,,,,,,,,1.302028,0.140651,1.251791,0.144401,0.000000,0.000000,0.032452,,-0.110945,0.000000,,,,0.108025,0.130213,1.500000,51.877911,10.949096,0.000000,circle,预设轨迹15,forward
1775480178.193202,42.546885,1775480186.787776|完整运动,完整运动,circle_orbit,1,1.000000,1.500000,1.500000,,,,,,,,,,,,,,,,1.301194,0.138665,1.251145,0.127406,0.000000,0.000000,0.030409,,-0.112149,0.000000,,,,0.106568,0.130129,1.500000,51.904312,10.922694,0.000000,circle,预设轨迹15,forward
1775480178.214916,42.568599,1775480186.787776|完整运动,完整运动,circle_orbit,1,1.000000,1.500000,1.500000,,,,,,,,,,,,,,,,1.300322,0.134412,1.247993,0.110292,0.000000,0.000000,0.026471,,-0.115617,0.000000,,,,0.103368,0.130042,1.500000,51.956671,10.870336,0.000000,circle,预设轨迹15,forward
1775480178.243355,42.597038,1775480186.787776|完整运动,完整运动,circle_orbit,1,1.000000,1.500000,1.500000,,,,,,,,,,,,,,,,1.299450,0.132443,1.247119,0.121269,0.000000,0.000000,0.024224,,-0.117042,0.000000,,,,0.101922,0.129955,1.500000,51.982729,10.844277,0.000000,circle,预设轨迹15,forward
1775480178.265353,42.619036,1775480186.787776|完整运动,完整运动,circle_orbit,1,1.000000,1.500000,1.500000,,,,,,,,,,,,,,,,1.298566,0.130630,1.245541,0.120349,0.000000,0.000000,0.022074,,-0.118855,0.000000,,,,0.100596,0.129867,1.500000,52.008508,10.818498,0.000000,circle,预设轨迹15,forward
1775480178.285706,42.639389,1775480186.787776|完整运动,完整运动,circle_orbit,1,1.000000,1.500000,1.500000,,,,,,,,,,,,,,,,1.297643,0.126173,1.242259,0.100873,0.000000,0.000000,0.017739,,-0.122578,0.000000,,,,0.097232,0.129774,1.500000,52.060370,10.766636,0.000000,circle,预设轨迹15,forward
1775480178.315333,42.669016,1775480186.787776|完整运动,完整运动,circle_orbit,1,1.000000,1.500000,1.500000,,,,,,,,,,,,,,,,1.296715,0.124736,1.241017,0.116581,0.000000,0.000000,0.015699,,-0.124149,0.000000,,,,0.096194,0.129681,1.500000,52.086330,10.740676,0.000000,circle,预设轨迹15,forward
1775480178.336619,42.690301,1775480186.787776|完整运动,完整运动,circle_orbit,1,1.000000,1.500000,1.500000,,,,,,,,,,,,,,,,1.295793,0.123165,1.240464,0.114245,0.000000,0.000000,0.013557,,-0.125342,0.000000,,,,0.095050,0.129589,1.500000,52.112311,10.714696,0.000000,circle,预设轨迹15,forward
1775480178.356913,42.710596,1775480186.787776|完整运动,完整运动,circle_orbit,1,1.000000,1.500000,1.500000,,,,,,,,,,,,,,,,1.294880,0.121411,1.240116,0.111448,0.000000,0.000000,0.011262,,-0.126472,0.000000,,,,0.093762,0.129498,1.500000,52.138335,10.688671,0.000000,circle,预设轨迹15,forward
1775480178.385524,42.739207,1775480186.787776|完整运动,完整运动,circle_orbit,1,1.000000,1.500000,1.500000,,,,,,,,,,,,,,,,1.293973,0.119640,1.239551,0.109580,0.000000,0.000000,0.008937,,-0.127747,0.000000,,,,0.092459,0.129407,1.500000,52.164376,10.662631,0.000000,circle,预设轨迹15,forward
1775480178.414194,42.767877,1775480186.787776|完整运动,完整运动,circle_orbit,1,1.000000,1.500000,1.500000,,,,,,,,,,,,,,,,1.293071,0.117898,1.238976,0.108003,0.000000,0.000000,0.006619,,-0.129025,0.000000,,,,0.091177,0.129317,1.500000,52.190576,10.636430,0.000000,circle,预设轨迹15,forward
1775480178.434543,42.788226,1775480186.787776|完整运动,完整运动,circle_orbit,1,1.000000,1.500000,1.500000,,,,,,,,,,,,,,,,1.292172,0.113361,1.238235,0.087580,0.000000,0.000000,0.001993,,-0.131329,0.000000,,,,0.087729,0.129227,1.500000,52.243160,10.583847,0.000000,circle,预设轨迹15,forward
1775480178.470283,42.823966,1775480186.787776|完整运动,完整运动,circle_orbit,1,1.000000,1.500000,1.500000,,,,,,,,,,,,,,,,1.291277,0.111830,1.237540,0.103122,0.000000,0.000000,-0.000348,,-0.132412,0.000000,,,,0.086604,0.129138,1.500000,52.269398,10.557609,0.000000,circle,预设轨迹15,forward
1775480178.515229,42.868911,1775480186.787776|完整运动,完整运动,circle_orbit,1,1.000000,1.500000,1.500000,,,,,,,,,,,,,,,,1.290301,0.107457,1.231759,0.082598,0.000000,0.000000,-0.005017,,-0.134099,0.000000,,,,0.083281,0.129040,1.500000,52.321601,10.505405,0.000000,circle,预设轨迹15,forward
1775480178.547613,42.901296,1775480186.787776|完整运动,完整运动,circle_orbit,1,1.000000,1.500000,1.500000,,,,,,,,,,,,,,,,1.289259,0.103116,1.226723,0.078425,0.000000,0.000000,-0.009826,,-0.135301,0.000000,,,,0.079981,0.128936,1.500000,52.373775,10.453231,0.000000,circle,预设轨迹15,forward
1775480178.571347,42.925030,1775480186.787776|完整运动,完整运动,circle_orbit,1,1.000000,1.500000,1.500000,,,,,,,,,,,,,,,,1.288151,0.098035,1.221710,0.069134,0.000000,0.000000,-0.015397,,-0.136208,0.000000,,,,0.076105,0.128825,1.500000,52.425934,10.401073,0.000000,circle,预设轨迹15,forward
1775480178.591725,42.945408,1775480186.787776|完整运动,完整运动,circle_orbit,1,1.000000,1.500000,1.500000,,,,,,,,,,,,,,,,1.287009,0.096260,1.218442,0.086158,0.000000,0.000000,-0.018440,,-0.137049,0.000000,,,,0.074793,0.128711,1.500000,52.451627,10.375379,0.000000,circle,预设轨迹15,forward
1775480178.617090,42.970773,1775480186.787776|完整运动,完整运动,circle_orbit,1,1.000000,1.500000,1.500000,,,,,,,,,,,,,,,,1.285823,0.094543,1.214698,0.084771,0.000000,0.000000,-0.021421,,-0.138228,0.000000,,,,0.073527,0.128592,1.500000,52.477248,10.349758,0.000000,circle,预设轨迹15,forward
1775480178.642092,42.995775,1775480186.787776|完整运动,完整运动,circle_orbit,1,1.000000,1.500000,1.500000,,,,,,,,,,,,,,,,1.284608,0.092828,1.211690,0.083061,0.000000,0.000000,-0.024386,,-0.138958,0.000000,,,,0.072261,0.128471,1.500000,52.502913,10.324094,0.000000,circle,预设轨迹15,forward
1775480178.662598,43.016280,1775480186.787776|完整运动,完整运动,circle_orbit,1,1.000000,1.500000,1.500000,,,,,,,,,,,,,,,,1.283301,0.088161,1.204864,0.061586,0.000000,0.000000,-0.029768,,-0.141188,0.000000,,,,0.068699,0.128340,1.500000,52.554814,10.272193,0.000000,circle,预设轨迹15,forward
1775480178.685460,43.039142,1775480186.787776|完整运动,完整运动,circle_orbit,1,1.000000,1.500000,1.500000,,,,,,,,,,,,,,,,1.282015,0.090230,1.204864,0.102013,0.000000,0.000000,-0.029768,,-0.141188,0.000000,,,,0.070381,0.128211,1.500000,52.554814,10.272193,0.000000,circle,预设轨迹15,forward
1775480178.706159,43.059842,1775480186.787776|完整运动,完整运动,circle_orbit,1,1.000000,1.500000,1.500000,,,,,,,,,,,,,,,,1.280636,0.085644,1.197922,0.059509,0.000000,0.000000,-0.035012,,-0.143599,0.000000,,,,0.066876,0.128073,1.500000,52.606532,10.220474,0.000000,circle,预设轨迹15,forward
1775480178.726513,43.080196,1775480186.787776|完整运动,完整运动,circle_orbit,1,1.000000,1.500000,1.500000,,,,,,,,,,,,,,,,1.279245,0.084487,1.195756,0.077895,0.000000,0.000000,-0.037598,,-0.143983,0.000000,,,,0.066045,0.127934,1.500000,52.632330,10.194676,0.000000,circle,预设轨迹15,forward
1775480178.755942,43.109625,1775480186.787776|完整运动,完整运动,circle_orbit,1,1.000000,1.500000,1.500000,,,,,,,,,,,,,,,,1.277876,0.086416,1.195756,0.097413,0.000000,0.000000,-0.037598,,-0.143983,0.000000,,,,0.067624,0.127797,1.500000,52.632330,10.194676,0.000000,circle,预设轨迹15,forward
1775480178.779741,43.133424,1775480186.787776|完整运动,完整运动,circle_orbit,1,1.000000,1.500000,1.500000,,,,,,,,,,,,,,,,1.276464,0.081345,1.191730,0.052419,0.000000,0.000000,-0.043161,,-0.144406,0.000000,,,,0.063727,0.127656,1.500000,52.684249,10.142758,0.000000,circle,预设轨迹15,forward
1775480178.800376,43.154058,1775480186.787776|完整运动,完整运动,circle_orbit,1,1.000000,1.500000,1.500000,,,,,,,,,,,,,,,,1.275033,0.079954,1.189205,0.072012,0.000000,0.000000,-0.045896,,-0.144982,0.000000,,,,0.062707,0.127513,1.500000,52.710334,10.116672,0.000000,circle,预设轨迹15,forward
1775480178.827637,43.181319,1775480186.787776|完整运动,完整运动,circle_orbit,1,1.000000,1.500000,1.500000,,,,,,,,,,,,,,,,1.273590,0.078493,1.186982,0.070151,0.000000,0.000000,-0.048670,,-0.145348,0.000000,,,,0.061631,0.127369,1.500000,52.736621,10.090385,0.000000,circle,预设轨迹15,forward
1775480178.852699,43.206382,1775480186.787776|完整运动,完整运动,circle_orbit,1,1.000000,1.500000,1.500000,,,,,,,,,,,,,,,,1.272108,0.073532,1.183210,0.045200,0.000000,0.000000,-0.054331,,-0.145602,0.000000,,,,0.057803,0.127221,1.500000,52.788969,10.038037,0.000000,circle,预设轨迹15,forward
1775480178.873023,43.226706,1775480186.787776|完整运动,完整运动,circle_orbit,1,1.000000,1.500000,1.500000,,,,,,,,,,,,,,,,1.270624,0.072265,1.181546,0.065029,0.000000,0.000000,-0.057133,,-0.145597,0.000000,,,,0.056874,0.127072,1.500000,52.814885,10.012122,0.000000,circle,预设轨迹15,forward
1775480178.899866,43.253549,1775480186.787776|完整运动,完整运动,circle_orbit,1,1.000000,1.500000,1.500000,,,,,,,,,,,,,,,,1.269140,0.070827,1.180138,0.062608,0.000000,0.000000,-0.060048,,-0.145378,0.000000,,,,0.055807,0.126924,1.500000,52.840969,9.986038,0.000000,circle,预设轨迹15,forward
1775480178.920754,43.274437,1775480186.787776|完整运动,完整运动,circle_orbit,1,1.000000,1.500000,1.500000,,,,,,,,,,,,,,,,1.267662,0.069284,1.178968,0.060462,0.000000,0.000000,-0.063035,,-0.144971,0.000000,,,,0.054655,0.126776,1.500000,52.867081,9.959926,0.000000,circle,预设轨迹15,forward
1775480178.941033,43.294716,1775480186.787776|完整运动,完整运动,circle_orbit,1,1.000000,1.500000,1.500000,,,,,,,,,,,,,,,,1.266163,0.063894,1.176230,0.033063,0.000000,0.000000,-0.069209,,-0.144353,0.000000,,,,0.050462,0.126626,1.500000,52.919231,9.907775,0.000000,circle,预设轨迹15,forward
1775480178.971234,43.324917,1775480186.787776|完整运动,完整运动,circle_orbit,1,1.000000,1.500000,1.500000,,,,,,,,,,,,,,,,1.264665,0.062174,1.174784,0.052333,0.000000,0.000000,-0.072559,,-0.143993,0.000000,,,,0.049162,0.126476,1.500000,52.944827,9.882179,0.000000,circle,预设轨迹15,forward
1775480178.998850,43.352533,1775480186.787776|完整运动,完整运动,circle_orbit,1,1.000000,1.500000,1.500000,,,,,,,,,,,,,,,,1.263157,0.060472,1.172680,0.050730,0.000000,0.000000,-0.075889,,-0.144093,0.000000,,,,0.047873,0.126325,1.500000,52.970333,9.856673,0.000000,circle,预设轨迹15,forward
1775480179.019220,43.372903,1775480186.787776|完整运动,完整运动,circle_orbit,1,1.000000,1.500000,1.500000,,,,,,,,,,,,,,,,1.261641,0.059075,1.170660,0.051078,0.000000,0.000000,-0.078960,,-0.144244,0.000000,,,,0.046824,0.126174,1.500000,52.995696,9.831311,0.000000,circle,预设轨迹15,forward
1775480179.046046,43.399729,1775480186.787776|完整运动,完整运动,circle_orbit,1,1.000000,1.500000,1.500000,,,,,,,,,,,,,,,,1.260104,0.054275,1.167897,0.026781,0.000000,0.000000,-0.084841,,-0.143786,0.000000,,,,0.043072,0.126020,1.500000,53.046695,9.780312,0.000000,circle,预设轨迹15,forward
1775480179.067007,43.420690,1775480186.787776|完整运动,完整运动,circle_orbit,1,1.000000,1.500000,1.500000,,,,,,,,,,,,,,,,1.258592,0.056763,1.167897,0.071018,0.000000,0.000000,-0.084841,,-0.143786,0.000000,,,,0.045100,0.125869,1.500000,53.046695,9.780312,0.000000,circle,预设轨迹15,forward
1775480179.087330,43.441013,1775480186.787776|完整运动,完整运动,circle_orbit,1,1.000000,1.500000,1.500000,,,,,,,,,,,,,,,,1.257057,0.052066,1.164909,0.025145,0.000000,0.000000,-0.090567,,-0.143554,0.000000,,,,0.041419,0.125715,1.500000,53.097760,9.729247,0.000000,circle,预设轨迹15,forward
1775480179.117161,43.470843,1775480186.787776|完整运动,完整运动,circle_orbit,1,1.000000,1.500000,1.500000,,,,,,,,,,,,,,,,1.255546,0.054465,1.164909,0.068218,0.000000,0.000000,-0.090567,,-0.143554,0.000000,,,,0.043379,0.125564,1.500000,53.097760,9.729247,0.000000,circle,预设轨迹15,forward
1775480179.139541,43.493224,1775480186.787776|完整运动,完整运动,circle_orbit,1,1.000000,1.500000,1.500000,,,,,,,,,,,,,,,,1.254018,0.049932,1.162315,0.023930,0.000000,0.000000,-0.096103,,-0.143136,0.000000,,,,0.039818,0.125411,1.500000,53.148899,9.678108,0.000000,circle,预设轨迹15,forward
1775480179.159870,43.513553,1775480186.787776|完整运动,完整运动,circle_orbit,1,1.000000,1.500000,1.500000,,,,,,,,,,,,,,,,1.252498,0.049059,1.161321,0.044052,0.000000,0.000000,-0.098769,,-0.142760,0.000000,,,,0.039169,0.125259,1.500000,53.174516,9.652491,0.000000,circle,预设轨迹15,forward
1775480179.190554,43.544237,1775480186.787776|完整运动,完整运动,circle_orbit,1,1.000000,1.500000,1.500000,,,,,,,,,,,,,,,,1.250971,0.043703,1.159324,0.012953,0.000000,0.000000,-0.105138,,-0.141602,0.000000,,,,0.034935,0.125107,1.500000,53.226042,9.600964,0.000000,circle,预设轨迹15,forward
1775480179.215672,43.569355,1775480186.787776|完整运动,完整运动,circle_orbit,1,1.000000,1.500000,1.500000,,,,,,,,,,,,,,,,1.249455,0.042513,1.158522,0.035676,0.000000,0.000000,-0.108254,,-0.140916,0.000000,,,,0.034025,0.124955,1.500000,53.251944,9.575063,0.000000,circle,预设轨迹15,forward
1775480179.236037,43.589720,1775480186.787776|完整运动,完整运动,circle_orbit,1,1.000000,1.500000,1.500000,,,,,,,,,,,,,,,,1.247953,0.041229,1.157849,0.033856,0.000000,0.000000,-0.111416,,-0.140121,0.000000,,,,0.033037,0.124805,1.500000,53.277604,9.549403,0.000000,circle,预设轨迹15,forward
1775480179.265458,43.619141,1775480186.787776|完整运动,完整运动,circle_orbit,1,1.000000,1.500000,1.500000,,,,,,,,,,,,,,,,1.246453,0.036509,1.156449,0.009382,0.000000,0.000000,-0.117432,,-0.138695,0.000000,,,,0.029290,0.124655,1.500000,53.328531,9.498476,0.000000,circle,预设轨迹15,forward
1775480179.287707,43.641390,1775480186.787776|完整运动,完整运动,circle_orbit,1,1.000000,1.500000,1.500000,,,,,,,,,,,,,,,,1.244971,0.035427,1.156058,0.029207,0.000000,0.000000,-0.120587,,-0.137707,0.000000,,,,0.028456,0.124507,1.500000,53.354072,9.472934,0.000000,circle,预设轨迹15,forward
1775480179.308248,43.661931,1775480186.787776|完整运动,完整运动,circle_orbit,1,1.000000,1.500000,1.500000,,,,,,,,,,,,,,,,1.243501,0.034469,1.155304,0.028958,0.000000,0.000000,-0.123597,,-0.137032,0.000000,,,,0.027719,0.124360,1.500000,53.379638,9.447369,0.000000,circle,预设轨迹15,forward
1775480179.333784,43.687467,1775480186.787776|完整运动,完整运动,circle_orbit,1,1.000000,1.500000,1.500000,,,,,,,,,,,,,,,,1.242055,0.037049,1.155304,0.051892,0.000000,0.000000,-0.123597,,-0.137032,0.000000,,,,0.029829,0.124215,1.500000,53.379638,9.447369,0.000000,circle,预设轨迹15,forward
1775480179.370303,43.723986,1775480186.787776|完整运动,完整运动,circle_orbit,1,1.000000,1.500000,1.500000,,,,,,,,,,,,,,,,1.240626,0.031874,1.154869,0.002091,0.000000,0.000000,-0.129854,,-0.134835,0.000000,,,,0.025692,0.124072,1.500000,53.430580,9.396426,0.000000,circle,预设轨迹15,forward
1775480179.397456,43.751139,1775480186.787776|完整运动,完整运动,circle_orbit,1,1.000000,1.500000,1.500000,,,,,,,,,,,,,,,,1.239210,0.026584,1.154251,-0.003869,0.000000,0.000000,-0.136437,,-0.132636,0.000000,,,,0.021453,0.123931,1.500000,53.481058,9.345948,0.000000,circle,预设轨迹15,forward
1775480179.418382,43.772065,1775480186.787776|完整运动,完整运动,circle_orbit,1,1.000000,1.500000,1.500000,,,,,,,,,,,,,,,,1.237795,0.025818,1.152883,0.021406,0.000000,0.000000,-0.139442,,-0.132397,0.000000,,,,0.020858,0.123789,1.500000,53.506390,9.320616,0.000000,circle,预设轨迹15,forward
1775480179.447269,43.800952,1775480186.787776|完整运动,完整运动,circle_orbit,1,1.000000,1.500000,1.500000,,,,,,,,,,,,,,,,1.236385,0.025193,1.151782,0.021592,0.000000,0.000000,-0.142269,,-0.132044,0.000000,,,,0.020377,0.123648,1.500000,53.531702,9.295304,0.000000,circle,预设轨迹15,forward
1775480179.482048,43.835730,1775480186.787776|完整运动,完整运动,circle_orbit,1,1.000000,1.500000,1.500000,,,,,,,,,,,,,,,,1.234979,0.021441,1.150649,-0.000182,0.000000,0.000000,-0.147663,,-0.130688,0.000000,,,,0.017362,0.123507,1.500000,53.582020,9.244986,0.000000,circle,预设轨迹15,forward
1775480179.506136,43.859819,1775480186.787776|完整运动,完整运动,circle_orbit,1,1.000000,1.500000,1.500000,,,,,,,,,,,,,,,,1.233598,0.020865,1.150740,0.017539,0.000000,0.000000,-0.150517,,-0.129482,0.000000,,,,0.016914,0.123369,1.500000,53.607229,9.219777,0.000000,circle,预设轨迹15,forward
1775480179.526475,43.880158,1775480186.787776|完整运动,完整运动,circle_orbit,1,1.000000,1.500000,1.500000,,,,,,,,,,,,,,,,1.232236,0.016994,1.150483,-0.005329,0.000000,0.000000,-0.156078,,-0.127439,0.000000,,,,0.013791,0.123233,1.500000,53.657577,9.169429,0.000000,circle,预设轨迹15,forward
1775480179.554164,43.907847,1775480186.787776|完整运动,完整运动,circle_orbit,1,1.000000,1.500000,1.500000,,,,,,,,,,,,,,,,1.230896,0.019888,1.150483,0.036581,0.000000,0.000000,-0.156078,,-0.127439,0.000000,,,,0.016157,0.123099,1.500000,53.657577,9.169429,0.000000,circle,预设轨迹15,forward
1775480179.583975,43.937658,1775480186.787776|完整运动,完整运动,circle_orbit,1,1.000000,1.500000,1.500000,,,,,,,,,,,,,,,,1.229581,0.016618,1.150682,-0.002252,0.000000,0.000000,-0.161001,,-0.125329,0.000000,,,,0.013515,0.122968,1.500000,53.708032,9.118975,0.000000,circle,预设轨迹15,forward
1775480179.604349,43.958032,1775480186.787776|完整运动,完整运动,circle_orbit,1,1.000000,1.500000,1.500000,,,,,,,,,,,,,,,,1.228292,0.013537,1.150977,-0.004250,0.000000,0.000000,-0.165878,,-0.123169,0.000000,,,,0.011021,0.122839,1.500000,53.758835,9.068172,0.000000,circle,预设轨迹15,forward
1775480179.628692,43.982375,1775480186.787776|完整运动,完整运动,circle_orbit,1,1.000000,1.500000,1.500000,,,,,,,,,,,,,,,,1.227025,0.016349,1.150977,0.032591,0.000000,0.000000,-0.165878,,-0.123169,0.000000,,,,0.013324,0.122712,1.500000,53.758835,9.068172,0.000000,circle,预设轨迹15,forward
1775480179.650865,44.004548,1775480186.787776|完整运动,完整运动,circle_orbit,1,1.000000,1.500000,1.500000,,,,,,,,,,,,,,,,1.225798,0.013028,1.152188,-0.006158,0.000000,0.000000,-0.170799,,-0.120344,0.000000,,,,0.010628,0.122589,1.500000,53.809629,9.017378,0.000000,circle,预设轨迹15,forward
1775480179.671184,44.024867,1775480186.787776|完整运动,完整运动,circle_orbit,1,1.000000,1.500000,1.500000,,,,,,,,,,,,,,,,1.224604,0.012605,1.152960,0.010164,0.000000,0.000000,-0.173397,,-0.118761,0.000000,,,,0.010293,0.122470,1.500000,53.834993,8.992014,0.000000,circle,预设轨迹15,forward
1775480179.694145,44.047828,1775480186.787776|完整运动,完整运动,circle_orbit,1,1.000000,1.500000,1.500000,,,,,,,,,,,,,,,,1.223441,0.012155,1.153683,0.009555,0.000000,0.000000,-0.175962,,-0.117224,0.000000,,,,0.009935,0.122354,1.500000,53.860287,8.966719,0.000000,circle,预设轨迹15,forward
1775480179.716585,44.070267,1775480186.787776|完整运动,完整运动,circle_orbit,1,1.000000,1.500000,1.500000,,,,,,,,,,,,,,,,1.222305,0.011788,1.154143,0.009662,0.000000,0.000000,-0.178409,,-0.115922,0.000000,,,,0.009644,0.122240,1.500000,53.885773,8.941234,0.000000,circle,预设轨迹15,forward
1775480179.739130,44.092812,1775480186.787776|完整运动,完整运动,circle_orbit,1,1.000000,1.500000,1.500000,,,,,,,,,,,,,,,,1.221208,0.011417,1.155377,0.009274,0.000000,0.000000,-0.180811,,-0.114094,0.000000,,,,0.009349,0.122130,1.500000,53.911065,8.915942,0.000000,circle,预设轨迹15,forward
1775480179.767777,44.121460,1775480186.787776|完整运动,完整运动,circle_orbit,1,1.000000,1.500000,1.500000,,,,,,,,,,,,,,,,1.220147,0.010819,1.156488,0.007357,0.000000,0.000000,-0.183361,,-0.112294,0.000000,,,,0.008867,0.122024,1.500000,53.936235,8.890772,0.000000,circle,预设轨迹15,forward
1775480179.795593,44.149276,1775480186.787776|完整运动,完整运动,circle_orbit,1,1.000000,1.500000,1.500000,,,,,,,,,,,,,,,,1.219135,0.006666,1.158412,-0.017362,0.000000,0.000000,-0.188894,,-0.108734,0.000000,,,,0.005467,0.121923,1.500000,53.986211,8.840796,0.000000,circle,预设轨迹15,forward
1775480179.815927,44.169609,1775480186.787776|完整运动,完整运动,circle_orbit,1,1.000000,1.500000,1.500000,,,,,,,,,,,,,,,,1.218154,0.005824,1.159316,0.000955,0.000000,0.000000,-0.191811,,-0.106936,0.000000,,,,0.004781,0.121825,1.500000,54.011376,8.815631,0.000000,circle,预设轨迹15,forward
1775480179.846209,44.199892,1775480186.787776|完整运动,完整运动,circle_orbit,1,1.000000,1.500000,1.500000,,,,,,,,,,,,,,,,1.217198,0.005213,1.159815,0.001678,0.000000,0.000000,-0.194510,,-0.105509,0.000000,,,,0.004283,0.121729,1.500000,54.036286,8.790720,0.000000,circle,预设轨迹15,forward
1775480179.874210,44.227893,1775480186.787776|完整运动,完整运动,circle_orbit,1,1.000000,1.500000,1.500000,,,,,,,,,,,,,,,,1.216291,0.001816,1.161887,-0.017854,0.000000,0.000000,-0.199541,,-0.102055,0.000000,,,,0.001493,0.121638,1.500000,54.085934,8.741072,0.000000,circle,预设轨迹15,forward
1775480179.894833,44.248515,1775480186.787776|完整运动,完整运动,circle_orbit,1,1.000000,1.500000,1.500000,,,,,,,,,,,,,,,,1.215418,0.001769,1.163049,0.001496,0.000000,0.000000,-0.201867,,-0.100317,0.000000,,,,0.001455,0.121551,1.500000,54.110751,8.716256,0.000000,circle,预设轨迹15,forward
1775480179.920015,44.273698,1775480186.787776|完整运动,完整运动,circle_orbit,1,1.000000,1.500000,1.500000,,,,,,,,,,,,,,,,1.214582,0.001941,1.164424,0.002935,0.000000,0.000000,-0.203939,,-0.098537,0.000000,,,,0.001598,0.121468,1.500000,54.135688,8.691319,0.000000,circle,预设轨迹15,forward
1775480179.941916,44.295599,1775480186.787776|完整运动,完整运动,circle_orbit,1,1.000000,1.500000,1.500000,,,,,,,,,,,,,,,,1.213779,0.002185,1.165603,0.003598,0.000000,0.000000,-0.205871,,-0.096950,0.000000,,,,0.001800,0.121387,1.500000,54.160811,8.666195,0.000000,circle,预设轨迹15,forward
1775480179.962214,44.315897,1775480186.787776|完整运动,完整运动,circle_orbit,1,1.000000,1.500000,1.500000,,,,,,,,,,,,,,,,1.213033,0.001007,1.168223,-0.005816,0.000000,0.000000,-0.208936,,-0.093920,0.000000,,,,0.000830,0.121313,1.500000,54.211019,8.615988,0.000000,circle,预设轨迹15,forward
1775480179.992157,44.345840,1775480186.787776|完整运动,完整运动,circle_orbit,1,1.000000,1.500000,1.500000,,,,,,,,,,,,,,,,1.212298,0.003454,1.168223,0.017636,0.000000,0.000000,-0.208936,,-0.093920,0.000000,,,,0.002849,0.121239,1.500000,54.211019,8.615988,0.000000,circle,预设轨迹15,forward
1775480180.013647,44.367330,1775480186.787776|完整运动,完整运动,circle_orbit,1,1.000000,1.500000,1.500000,,,,,,,,,,,,,,,,1.211642,0.002626,1.172258,-0.002171,0.000000,0.000000,-0.211521,,-0.090124,0.000000,,,,0.002168,0.121174,1.500000,54.261029,8.565978,0.000000,circle,预设轨迹15,forward
1775480180.034002,44.387685,1775480186.787776|完整运动,完整运动,circle_orbit,1,1.000000,1.500000,1.500000,,,,,,,,,,,,,,,,1.211030,0.003353,1.174318,0.007567,0.000000,0.000000,-0.212792,,-0.088212,0.000000,,,,0.002769,0.121112,1.500000,54.285973,8.541034,0.000000,circle,预设轨迹15,forward
1775480180.063705,44.417388,1775480186.787776|完整运动,完整运动,circle_orbit,1,1.000000,1.500000,1.500000,,,,,,,,,,,,,,,,1.210466,0.003971,1.176632,0.007551,0.000000,0.000000,-0.214072,,-0.086130,0.000000,,,,0.003280,0.121056,1.500000,54.310785,8.516221,0.000000,circle,预设轨迹15,forward
1775480180.093702,44.447385,1775480186.787776|完整运动,完整运动,circle_orbit,1,1.000000,1.500000,1.500000,,,,,,,,,,,,,,,,1.209946,0.004387,1.178778,0.006804,0.000000,0.000000,-0.215451,,-0.084128,0.000000,,,,0.003626,0.121004,1.500000,54.335608,8.491398,0.000000,circle,预设轨迹15,forward
1775480180.118025,44.471708,1775480186.787776|完整运动,完整运动,circle_orbit,1,1.000000,1.500000,1.500000,,,,,,,,,,,,,,,,1.209491,0.003320,1.182142,-0.002867,0.000000,0.000000,-0.218037,,-0.080830,0.000000,,,,0.002745,0.120958,1.500000,54.385753,8.441254,0.000000,circle,预设轨迹15,forward
1775480180.138410,44.492093,1775480186.787776|完整运动,完整运动,circle_orbit,1,1.000000,1.500000,1.500000,,,,,,,,,,,,,,,,1.209082,0.003791,1.184579,0.006523,0.000000,0.000000,-0.219353,,-0.078672,0.000000,,,,0.003136,0.120918,1.500000,54.410869,8.416138,0.000000,circle,预设轨迹15,forward
1775480180.179230,44.532913,1775480186.787776|完整运动,完整运动,circle_orbit,1,1.000000,1.500000,1.500000,,,,,,,,,,,,,,,,1.208754,0.001594,1.189041,-0.011149,0.000000,0.000000,-0.222883,,-0.074290,0.000000,,,,0.001319,0.120885,1.500000,54.460279,8.366728,0.000000,circle,预设轨迹15,forward
1775480180.203921,44.557604,1775480186.787776|完整运动,完整运动,circle_orbit,1,1.000000,1.500000,1.500000,,,,,,,,,,,,,,,,1.208464,0.000628,1.191107,-0.004975,0.000000,0.000000,-0.225473,,-0.071887,0.000000,,,,0.000520,0.120856,1.500000,54.484997,8.342009,0.000000,circle,预设轨迹15,forward
1775480180.228789,44.582472,1775480186.787776|完整运动,完整运动,circle_orbit,1,1.000000,1.500000,1.500000,,,,,,,,,,,,,,,,1.208247,-0.002411,1.195180,-0.020042,0.000000,0.000000,-0.229853,,-0.067452,0.000000,,,,0.001996,0.120834,1.500000,54.535022,8.291985,0.000000,circle,预设轨迹15,forward
1775480180.249371,44.603053,1775480186.787776|完整运动,完整运动,circle_orbit,1,1.000000,1.500000,1.500000,,,,,,,,,,,,,,,,1.208045,-0.002344,1.195926,-0.001958,0.000000,0.000000,-0.231738,,-0.066209,0.000000,,,,0.001941,0.120814,1.500000,54.559847,8.267160,0.000000,circle,预设轨迹15,forward
1775480180.277031,44.630714,1775480186.787776|完整运动,完整运动,circle_orbit,1,1.000000,1.500000,1.500000,,,,,,,,,,,,,,,,1.207874,-0.002163,1.197639,-0.001113,0.000000,0.000000,-0.233478,,-0.064392,0.000000,,,,0.001791,0.120797,1.500000,54.584565,8.242441,0.000000,circle,预设轨迹15,forward
1775480180.298066,44.651749,1775480186.787776|完整运动,完整运动,circle_orbit,1,1.000000,1.500000,1.500000,,,,,,,,,,,,,,,,1.207738,-0.001865,1.199590,-0.000137,0.000000,0.000000,-0.235069,,-0.062482,0.000000,,,,0.001545,0.120783,1.500000,54.609205,8.217802,0.000000,circle,预设轨迹15,forward
1775480180.320076,44.673758,1775480186.787776|完整运动,完整运动,circle_orbit,1,1.000000,1.500000,1.500000,,,,,,,,,,,,,,,,1.207635,-0.001344,1.201469,0.001681,0.000000,0.000000,-0.236417,,-0.060720,0.000000,,,,0.001113,0.120773,1.500000,54.633613,8.193394,0.000000,circle,预设轨迹15,forward
1775480180.342659,44.696342,1775480186.787776|完整运动,完整运动,circle_orbit,1,1.000000,1.500000,1.500000,,,,,,,,,,,,,,,,1.207574,-0.000710,1.203882,0.002970,0.000000,0.000000,-0.237607,,-0.058681,0.000000,,,,0.000588,0.120767,1.500000,54.658210,8.168797,0.000000,circle,预设轨迹15,forward
1775480180.363639,44.717322,1775480186.787776|完整运动,完整运动,circle_orbit,1,1.000000,1.500000,1.500000,,,,,,,,,,,,,,,,1.207604,-0.000979,1.209379,-0.002541,0.000000,0.000000,-0.239506,,-0.054382,0.000000,,,,0.000811,0.120770,1.500000,54.707663,8.119343,0.000000,circle,预设轨迹15,forward
1775480180.393327,44.747010,1775480186.787776|完整运动,完整运动,circle_orbit,1,1.000000,1.500000,1.500000,,,,,,,,,,,,,,,,1.207671,0.000171,1.211739,0.006846,0.000000,0.000000,-0.240190,,-0.052598,0.000000,,,,0.000142,0.120776,1.500000,54.732553,8.094454,0.000000,circle,预设轨迹15,forward
1775480180.428108,44.781791,1775480186.787776|完整运动,完整运动,circle_orbit,1,1.000000,1.500000,1.500000,,,,,,,,,,,,,,,,1.207773,0.001393,1.213868,0.008483,0.000000,0.000000,-0.240723,,-0.051028,0.000000,,,,0.001154,0.120787,1.500000,54.757434,8.069573,0.000000,circle,预设轨迹15,forward
1775480180.450575,44.804258,1775480186.787776|完整运动,完整运动,circle_orbit,1,1.000000,1.500000,1.500000,,,,,,,,,,,,,,,,1.207959,0.001753,1.219113,0.003836,0.000000,0.000000,-0.241906,,-0.047232,0.000000,,,,0.001451,0.120805,1.500000,54.807120,8.019887,0.000000,circle,预设轨迹15,forward
1775480180.470896,44.824579,1775480186.787776|完整运动,完整运动,circle_orbit,1,1.000000,1.500000,1.500000,,,,,,,,,,,,,,,,1.208198,0.002580,1.222545,0.007381,0.000000,0.000000,-0.242659,,-0.044772,0.000000,,,,0.002136,0.120829,1.500000,54.831923,7.995083,0.000000,circle,预设轨迹15,forward
1775480180.499354,44.853037,1775480186.787776|完整运动,完整运动,circle_orbit,1,1.000000,1.500000,1.500000,,,,,,,,,,,,,,,,1.208486,0.003082,1.225795,0.005994,0.000000,0.000000,-0.243633,,-0.042349,0.000000,,,,0.002551,0.120858,1.500000,54.856875,7.970131,0.000000,circle,预设轨迹15,forward
1775480180.525632,44.879314,1775480186.787776|完整运动,完整运动,circle_orbit,1,1.000000,1.500000,1.500000,,,,,,,,,,,,,,,,1.208824,0.003397,1.229054,0.005224,0.000000,0.000000,-0.244732,,-0.039881,0.000000,,,,0.002810,0.120892,1.500000,54.881806,7.945200,0.000000,circle,预设轨迹15,forward
1775480180.546613,44.900296,1775480186.787776|完整运动,完整运动,circle_orbit,1,1.000000,1.500000,1.500000,,,,,,,,,,,,,,,,1.209245,0.002679,1.234547,-0.001489,0.000000,0.000000,-0.246692,,-0.035704,0.000000,,,,0.002215,0.120934,1.500000,54.931864,7.895142,0.000000,circle,预设轨迹15,forward
1775480180.582685,44.936368,1775480186.787776|完整运动,完整运动,circle_orbit,1,1.000000,1.500000,1.500000,,,,,,,,,,,,,,,,1.209706,0.003153,1.237323,0.005902,0.000000,0.000000,-0.247679,,-0.033605,0.000000,,,,0.002606,0.120980,1.500000,54.956637,7.870370,0.000000,circle,预设轨迹15,forward
1775480180.630003,44.983685,1775480186.787776|完整运动,完整运动,circle_orbit,1,1.000000,1.500000,1.500000,,,,,,,,,,,,,,,,1.210267,0.002581,1.243979,-0.000733,0.000000,0.000000,-0.249527,,-0.028812,0.000000,,,,0.002133,0.121036,1.500000,55.006488,7.820519,0.000000,circle,预设轨迹15,forward
1775480180.664892,45.018575,1775480186.787776|完整运动,完整运动,circle_orbit,1,1.000000,1.500000,1.500000,,,,,,,,,,,,,,,,1.210925,0.002233,1.250352,0.000215,0.000000,0.000000,-0.251221,,-0.024293,0.000000,,,,0.001844,0.121102,1.500000,55.056993,7.770014,0.000000,circle,预设轨迹15,forward
1775480180.690631,45.044314,1775480186.787776|完整运动,完整运动,circle_orbit,1,1.000000,1.500000,1.500000,,,,,,,,,,,,,,,,1.211610,0.003238,1.252763,0.009066,0.000000,0.000000,-0.251781,,-0.022626,0.000000,,,,0.002673,0.121170,1.500000,55.082041,7.744965,0.000000,circle,预设轨迹15,forward
1775480180.711594,45.065277,1775480186.787776|完整运动,完整运动,circle_orbit,1,1.000000,1.500000,1.500000,,,,,,,,,,,,,,,,1.212400,0.003846,1.259749,0.007366,0.000000,0.000000,-0.252618,,-0.018141,0.000000,,,,0.003172,0.121249,1.500000,55.132080,7.694927,0.000000,circle,预设轨迹15,forward
1775480180.743426,45.097109,1775480186.787776|完整运动,完整运动,circle_orbit,1,1.000000,1.500000,1.500000,,,,,,,,,,,,,,,,1.213225,0.005131,1.262737,0.012580,0.000000,0.000000,-0.252843,,-0.016290,0.000000,,,,0.004230,0.121332,1.500000,55.156994,7.670012,0.000000,circle,预设轨迹15,forward
1775480180.768661,45.122344,1775480186.787776|完整运动,完整运动,circle_orbit,1,1.000000,1.500000,1.500000,,,,,,,,,,,,,,,,1.214142,0.006105,1.269171,0.011746,0.000000,0.000000,-0.253261,,-0.012359,0.000000,,,,0.005028,0.121424,1.500000,55.207081,7.619925,0.000000,circle,预设轨迹15,forward
1775480180.789330,45.143013,1775480186.787776|完整运动,完整运动,circle_orbit,1,1.000000,1.500000,1.500000,,,,,,,,,,,,,,,,1.215107,0.007608,1.273014,0.016313,0.000000,0.000000,-0.253179,,-0.010162,0.000000,,,,0.006261,0.121520,1.500000,55.232103,7.594904,0.000000,circle,预设轨迹15,forward
1775480180.817352,45.171035,1775480186.787776|完整运动,完整运动,circle_orbit,1,1.000000,1.500000,1.500000,,,,,,,,,,,,,,,,1.216116,0.009325,1.276667,0.019264,0.000000,0.000000,-0.252836,,-0.008192,0.000000,,,,0.007668,0.121621,1.500000,55.256972,7.570035,0.000000,circle,预设轨迹15,forward
1775480180.840936,45.194619,1775480186.787776|完整运动,完整运动,circle_orbit,1,1.000000,1.500000,1.500000,,,,,,,,,,,,,,,,1.217168,0.010969,1.280246,0.020487,0.000000,0.000000,-0.252466,,-0.006287,0.000000,,,,0.009012,0.121726,1.500000,55.282034,7.544972,0.000000,circle,预设轨迹15,forward
1775480180.861287,45.214970,1775480186.787776|完整运动,完整运动,circle_orbit,1,1.000000,1.500000,1.500000,,,,,,,,,,,,,,,,1.218333,0.013094,1.288237,0.025388,0.000000,0.000000,-0.251618,,-0.002084,0.000000,,,,0.010747,0.121843,1.500000,55.332162,7.494844,0.000000,circle,预设轨迹15,forward
1775480180.885925,45.239608,1775480186.787776|完整运动,完整运动,circle_orbit,1,1.000000,1.500000,1.500000,,,,,,,,,,,,,,,,1.219479,0.014090,1.288237,0.019852,0.000000,0.000000,-0.251618,,-0.002084,0.000000,,,,0.011554,0.121957,1.500000,55.332162,7.494844,0.000000,circle,预设轨迹15,forward
1775480180.910479,45.264162,1775480186.787776|完整运动,完整运动,circle_orbit,1,1.000000,1.500000,1.500000,,,,,,,,,,,,,,,,1.220598,0.015830,1.287772,0.025893,0.000000,0.000000,-0.250964,,0.002608,0.000000,,,,0.012969,0.122069,1.500000,55.382453,7.444553,0.000000,circle,预设轨迹15,forward
1775480180.931905,45.285587,1775480186.787776|完整运动,完整运动,circle_orbit,1,1.000000,1.500000,1.500000,,,,,,,,,,,,,,,,1.221655,0.017393,1.285036,0.026431,0.000000,0.000000,-0.250387,,0.004389,0.000000,,,,0.014237,0.122175,1.500000,55.407649,7.419357,0.000000,circle,预设轨迹15,forward
1775480180.965386,45.319069,1775480186.787776|完整运动,完整运动,circle_orbit,1,1.000000,1.500000,1.500000,,,,,,,,,,,,,,,,1.222640,0.018935,1.281797,0.027852,0.000000,0.000000,-0.249769,,0.006480,0.000000,,,,0.015487,0.122273,1.500000,55.432965,7.394041,0.000000,circle,预设轨迹15,forward
1775480180.987596,45.341279,1775480186.787776|完整运动,完整运动,circle_orbit,1,1.000000,1.500000,1.500000,,,,,,,,,,,,,,,,1.223481,0.020958,1.273884,0.032647,0.000000,0.000000,-0.248697,,0.011452,0.000000,,,,0.017130,0.122357,1.500000,55.483137,7.343870,0.000000,circle,预设轨迹15,forward
1775480181.007913,45.361596,1775480186.787776|完整运动,完整运动,circle_orbit,1,1.000000,1.500000,1.500000,,,,,,,,,,,,,,,,1.224249,0.022183,1.270329,0.029259,0.000000,0.000000,-0.248217,,0.013703,0.000000,,,,0.018119,0.122434,1.500000,55.508241,7.318765,0.000000,circle,预设轨迹15,forward
1775480181.037937,45.391620,1775480186.787776|完整运动,完整运动,circle_orbit,1,1.000000,1.500000,1.500000,,,,,,,,,,,,,,,,1.224948,0.023484,1.266943,0.031005,0.000000,0.000000,-0.247642,,0.015905,0.000000,,,,0.019172,0.122504,1.500000,55.533397,7.293609,0.000000,circle,预设轨迹15,forward
1775480181.061728,45.415410,1775480186.787776|完整运动,完整运动,circle_orbit,1,1.000000,1.500000,1.500000,,,,,,,,,,,,,,,,1.225579,0.024809,1.263382,0.032464,0.000000,0.000000,-0.247014,,0.018243,0.000000,,,,0.020243,0.122567,1.500000,55.558901,7.268105,0.000000,circle,预设轨迹15,forward
1775480181.082274,45.435957,1775480186.787776|完整运动,完整运动,circle_orbit,1,1.000000,1.500000,1.500000,,,,,,,,,,,,,,,,1.226102,0.027202,1.257499,0.041023,0.000000,0.000000,-0.245454,,0.022338,0.000000,,,,0.022186,0.122620,1.500000,55.609661,7.217346,0.000000,circle,预设轨迹15,forward
1775480181.108024,45.461707,1775480186.787776|完整运动,完整运动,circle_orbit,1,1.000000,1.500000,1.500000,,,,,,,,,,,,,,,,1.226564,0.028637,1.254288,0.036926,0.000000,0.000000,-0.244604,,0.024587,0.000000,,,,0.023348,0.122666,1.500000,55.634965,7.192042,0.000000,circle,预设轨迹15,forward
1775480181.137636,45.491319,1775480186.787776|完整运动,完整运动,circle_orbit,1,1.000000,1.500000,1.500000,,,,,,,,,,,,,,,,1.226975,0.030147,1.251621,0.038865,0.000000,0.000000,-0.243656,,0.026559,0.000000,,,,0.024570,0.122707,1.500000,55.660228,7.166778,0.000000,circle,预设轨迹15,forward
1775480181.158590,45.512273,1775480186.787776|完整运动,完整运动,circle_orbit,1,1.000000,1.500000,1.500000,,,,,,,,,,,,,,,,1.227337,0.031773,1.249098,0.041164,0.000000,0.000000,-0.242569,,0.028506,0.000000,,,,0.025888,0.122743,1.500000,55.685631,7.141376,0.000000,circle,预设轨迹15,forward
1775480181.183841,45.537524,1775480186.787776|完整运动,完整运动,circle_orbit,1,1.000000,1.500000,1.500000,,,,,,,,,,,,,,,,1.227611,0.035123,1.244054,0.054462,0.000000,0.000000,-0.239988,,0.032582,0.000000,,,,0.028611,0.122771,1.500000,55.737148,7.089858,0.000000,circle,预设轨迹15,forward
1775480181.210300,45.563982,1775480186.787776|完整运动,完整运动,circle_orbit,1,1.000000,1.500000,1.500000,,,,,,,,,,,,,,,,1.227881,0.035233,1.244054,0.035869,0.000000,0.000000,-0.239988,,0.032582,0.000000,,,,0.028694,0.122798,1.500000,55.737148,7.089858,0.000000,circle,预设轨迹15,forward
1775480181.230698,45.584381,1775480186.787776|完整运动,完整运动,circle_orbit,1,1.000000,1.500000,1.500000,,,,,,,,,,,,,,,,1.228081,0.039523,1.240081,0.064285,0.000000,0.000000,-0.236522,,0.036383,0.000000,,,,0.032182,0.122818,1.500000,55.788503,7.038504,0.000000,circle,预设轨迹15,forward
1775480181.254646,45.608328,1775480186.787776|完整运动,完整运动,circle_orbit,1,1.000000,1.500000,1.500000,,,,,,,,,,,,,,,,1.228240,0.041543,1.237774,0.053204,0.000000,0.000000,-0.234770,,0.038493,0.000000,,,,0.033823,0.122833,1.500000,55.814170,7.012836,0.000000,circle,预设轨迹15,forward
1775480181.278656,45.632339,1775480186.787776|完整运动,完整运动,circle_orbit,1,1.000000,1.500000,1.500000,,,,,,,,,,,,,,,,1.228356,0.043500,1.235311,0.054799,0.000000,0.000000,-0.233018,,0.040704,0.000000,,,,0.035413,0.122845,1.500000,55.839834,6.987172,0.000000,circle,预设轨迹15,forward
1775480181.300687,45.654369,1775480186.787776|完整运动,完整运动,circle_orbit,1,1.000000,1.500000,1.500000,,,,,,,,,,,,,,,,1.228375,0.047135,1.229539,0.068121,0.000000,0.000000,-0.229808,,0.045550,0.000000,,,,0.038372,0.122847,1.500000,55.891335,6.935671,0.000000,circle,预设轨迹15,forward
1775480181.330436,45.684118,1775480186.787776|完整运动,完整运动,circle_orbit,1,1.000000,1.500000,1.500000,,,,,,,,,,,,,,,,1.228394,0.046784,1.229539,0.044758,0.000000,0.000000,-0.229808,,0.045550,0.000000,,,,0.038086,0.122849,1.500000,55.891335,6.935671,0.000000,circle,预设轨迹15,forward
1775480181.356326,45.710009,1775480186.787776|完整运动,完整运动,circle_orbit,1,1.000000,1.500000,1.500000,,,,,,,,,,,,,,,,1.228338,0.049858,1.224948,0.067602,0.000000,0.000000,-0.227021,,0.049523,0.000000,,,,0.040590,0.122843,1.500000,55.942945,6.884061,0.000000,circle,预设轨迹15,forward
1775480181.376758,45.730441,1775480186.787776|完整运动,完整运动,circle_orbit,1,1.000000,1.500000,1.500000,,,,,,,,,,,,,,,,1.228243,0.051189,1.222539,0.058870,0.000000,0.000000,-0.225589,,0.051604,0.000000,,,,0.041676,0.122834,1.500000,55.968704,6.858303,0.000000,circle,预设轨迹15,forward
1775480181.403825,45.757507,1775480186.787776|完整运动,完整运动,circle_orbit,1,1.000000,1.500000,1.500000,,,,,,,,,,,,,,,,1.228100,0.052446,1.219567,0.059703,0.000000,0.000000,-0.224214,,0.054023,0.000000,,,,0.042705,0.122820,1.500000,55.994313,6.832693,0.000000,circle,预设轨迹15,forward
1775480181.425639,45.779321,1775480186.787776|完整运动,完整运动,circle_orbit,1,1.000000,1.500000,1.500000,,,,,,,,,,,,,,,,1.227914,0.053584,1.216718,0.060152,0.000000,0.000000,-0.222936,,0.056334,0.000000,,,,0.043638,0.122801,1.500000,56.019986,6.807021,0.000000,circle,预设轨迹15,forward
1775480181.445911,45.799594,1775480186.787776|完整运动,完整运动,circle_orbit,1,1.000000,1.500000,1.500000,,,,,,,,,,,,,,,,1.227639,0.056567,1.211138,0.073793,0.000000,0.000000,-0.220108,,0.061015,0.000000,,,,0.046078,0.122773,1.500000,56.071313,6.755693,0.000000,circle,预设轨迹15,forward
1775480181.476195,45.829878,1775480186.787776|完整运动,完整运动,circle_orbit,1,1.000000,1.500000,1.500000,,,,,,,,,,,,,,,,1.227368,0.056063,1.211138,0.053151,0.000000,0.000000,-0.220108,,0.061015,0.000000,,,,0.045677,0.122746,1.500000,56.071313,6.755693,0.000000,circle,预设轨迹15,forward
1775480181.497707,45.851390,1775480186.787776|完整运动,完整运动,circle_orbit,1,1.000000,1.500000,1.500000,,,,,,,,,,,,,,,,1.227031,0.059443,1.206813,0.078960,0.000000,0.000000,-0.216938,,0.065058,0.000000,,,,0.048444,0.122713,1.500000,56.122761,6.704245,0.000000,circle,预设轨迹15,forward
1775480181.518063,45.871746,1775480186.787776|完整运动,完整运动,circle_orbit,1,1.000000,1.500000,1.500000,,,,,,,,,,,,,,,,1.226685,0.061146,1.205921,0.070984,0.000000,0.000000,-0.215045,,0.066389,0.000000,,,,0.049847,0.122678,1.500000,56.148170,6.678836,0.000000,circle,预设轨迹15,forward
1775480181.548828,45.902510,1775480186.787776|完整运动,完整运动,circle_orbit,1,1.000000,1.500000,1.500000,,,,,,,,,,,,,,,,1.226319,0.062988,1.204337,0.073628,0.000000,0.000000,-0.213004,,0.068229,0.000000,,,,0.051364,0.122641,1.500000,56.173543,6.653463,0.000000,circle,预设轨迹15,forward
1775480181.570957,45.924640,1775480186.787776|完整运动,完整运动,circle_orbit,1,1.000000,1.500000,1.500000,,,,,,,,,,,,,,,,1.225912,0.067839,1.201486,0.095854,0.000000,0.000000,-0.208390,,0.071922,0.000000,,,,0.055337,0.122601,1.500000,56.224523,6.602483,0.000000,circle,预设轨迹15,forward
1775480181.591359,45.945042,1775480186.787776|完整运动,完整运动,circle_orbit,1,1.000000,1.500000,1.500000,,,,,,,,,,,,,,,,1.225493,0.069842,1.200348,0.081413,0.000000,0.000000,-0.205964,,0.073632,0.000000,,,,0.056991,0.122559,1.500000,56.250064,6.576942,0.000000,circle,预设轨迹15,forward
1775480181.622046,45.975729,1775480186.787776|完整运动,完整运动,circle_orbit,1,1.000000,1.500000,1.500000,,,,,,,,,,,,,,,,1.225068,0.072103,1.199565,0.085169,0.000000,0.000000,-0.203283,,0.075213,0.000000,,,,0.058857,0.122516,1.500000,56.275533,6.551473,0.000000,circle,预设轨迹15,forward
1775480181.645222,45.998905,1775480186.787776|完整运动,完整运动,circle_orbit,1,1.000000,1.500000,1.500000,,,,,,,,,,,,,,,,1.224638,0.074584,1.198828,0.088920,0.000000,0.000000,-0.200366,,0.076861,0.000000,,,,0.060903,0.122473,1.500000,56.300742,6.526264,0.000000,circle,预设轨迹15,forward
1775480181.665490,46.019173,1775480186.787776|完整运动,完整运动,circle_orbit,1,1.000000,1.500000,1.500000,,,,,,,,,,,,,,,,1.224202,0.080569,1.198079,0.115149,0.000000,0.000000,-0.194432,,0.079724,0.000000,,,,0.065813,0.122430,1.500000,56.351113,6.475894,0.000000,circle,预设轨迹15,forward
1775480181.696907,46.050590,1775480186.787776|完整运动,完整运动,circle_orbit,1,1.000000,1.500000,1.500000,,,,,,,,,,,,,,,,1.223774,0.079205,1.198079,0.071323,0.000000,0.000000,-0.194432,,0.079724,0.000000,,,,0.064722,0.122387,1.500000,56.351113,6.475894,0.000000,circle,预设轨迹15,forward
1775480181.719113,46.072796,1775480186.787776|完整运动,完整运动,circle_orbit,1,1.000000,1.500000,1.500000,,,,,,,,,,,,,,,,1.223317,0.084466,1.195906,0.114877,0.000000,0.000000,-0.189021,,0.083310,0.000000,,,,0.069047,0.122341,1.500000,56.401883,6.425124,0.000000,circle,预设轨迹15,forward
1775480181.740836,46.094519,1775480186.787776|完整运动,完整运动,circle_orbit,1,1.000000,1.500000,1.500000,,,,,,,,,,,,,,,,1.222850,0.089204,1.194854,0.116590,0.000000,0.000000,-0.183831,,0.086077,0.000000,,,,0.072948,0.122294,1.500000,56.452689,6.374317,0.000000,circle,预设轨迹15,forward
1775480181.769222,46.122905,1775480186.787776|完整运动,完整运动,circle_orbit,1,1.000000,1.500000,1.500000,,,,,,,,,,,,,,,,1.222391,0.087582,1.194854,0.078202,0.000000,0.000000,-0.183831,,0.086077,0.000000,,,,0.071648,0.122249,1.500000,56.452689,6.374317,0.000000,circle,预设轨迹15,forward
1775480181.790739,46.144421,1775480186.787776|完整运动,完整运动,circle_orbit,1,1.000000,1.500000,1.500000,,,,,,,,,,,,,,,,1.221914,0.092443,1.193259,0.120550,0.000000,0.000000,-0.178558,,0.089235,0.000000,,,,0.075654,0.122201,1.500000,56.503117,6.323889,0.000000,circle,预设轨迹15,forward
1775480181.811063,46.164746,1775480186.787776|完整运动,完整运动,circle_orbit,1,1.000000,1.500000,1.500000,,,,,,,,,,,,,,,,1.221437,0.093856,1.192840,0.102024,0.000000,0.000000,-0.176004,,0.090532,0.000000,,,,0.076840,0.122153,1.500000,56.528313,6.298694,0.000000,circle,预设轨迹15,forward
1775480181.842393,46.196076,1775480186.787776|完整运动,完整运动,circle_orbit,1,1.000000,1.500000,1.500000,,,,,,,,,,,,,,,,1.220967,0.095500,1.192738,0.105008,0.000000,0.000000,-0.173273,,0.091692,0.000000,,,,0.078217,0.122106,1.500000,56.553580,6.273427,0.000000,circle,预设轨迹15,forward
1775480181.864993,46.218676,1775480186.787776|完整运动,完整运动,circle_orbit,1,1.000000,1.500000,1.500000,,,,,,,,,,,,,,,,1.220508,0.100574,1.192993,0.129923,0.000000,0.000000,-0.167645,,0.093776,0.000000,,,,0.082404,0.122060,1.500000,56.604512,6.222495,0.000000,circle,预设轨迹15,forward
1775480181.885490,46.239173,1775480186.787776|完整运动,完整运动,circle_orbit,1,1.000000,1.500000,1.500000,,,,,,,,,,,,,,,,1.220058,0.102152,1.193025,0.111276,0.000000,0.000000,-0.164770,,0.094905,0.000000,,,,0.083727,0.122015,1.500000,56.629945,6.197061,0.000000,circle,预设轨迹15,forward
1775480181.914656,46.268338,1775480186.787776|完整运动,完整运动,circle_orbit,1,1.000000,1.500000,1.500000,,,,,,,,,,,,,,,,1.219615,0.100343,1.193025,0.089880,0.000000,0.000000,-0.164770,,0.094905,0.000000,,,,0.082274,0.121971,1.500000,56.629945,6.197061,0.000000,circle,预设轨迹15,forward
1775480181.938982,46.292665,1775480186.787776|完整运动,完整运动,circle_orbit,1,1.000000,1.500000,1.500000,,,,,,,,,,,,,,,,1.219204,0.105931,1.194552,0.138262,0.000000,0.000000,-0.158722,,0.096319,0.000000,,,,0.086886,0.121930,1.500000,56.679883,6.147123,0.000000,circle,预设轨迹15,forward
1775480181.959292,46.312975,1775480186.787776|完整运动,完整运动,circle_orbit,1,1.000000,1.500000,1.500000,,,,,,,,,,,,,,,,1.218813,0.107817,1.195398,0.118728,0.000000,0.000000,-0.155564,,0.097028,0.000000,,,,0.088461,0.121891,1.500000,56.704730,6.122277,0.000000,circle,预设轨迹15,forward
1775480181.986590,46.340272,1775480186.787776|完整运动,完整运动,circle_orbit,1,1.000000,1.500000,1.500000,,,,,,,,,,,,,,,,1.218448,0.109861,1.196538,0.121689,0.000000,0.000000,-0.152261,,0.097602,0.000000,,,,0.090165,0.121854,1.500000,56.729808,6.097199,0.000000,circle,预设轨迹15,forward
1775480182.011299,46.364982,1775480186.787776|完整运动,完整运动,circle_orbit,1,1.000000,1.500000,1.500000,,,,,,,,,,,,,,,,1.218123,0.115977,1.198610,0.151371,0.000000,0.000000,-0.145491,,0.098955,0.000000,,,,0.095210,0.121822,1.500000,56.780072,6.046934,0.000000,circle,预设轨迹15,forward
1775480182.031605,46.385287,1775480186.787776|完整运动,完整运动,circle_orbit,1,1.000000,1.500000,1.500000,,,,,,,,,,,,,,,,1.217825,0.117925,1.199960,0.129195,0.000000,0.000000,-0.141987,,0.099477,0.000000,,,,0.096832,0.121792,1.500000,56.805064,6.021942,0.000000,circle,预设轨迹15,forward
1775480182.058311,46.411993,1775480186.787776|完整运动,完整运动,circle_orbit,1,1.000000,1.500000,1.500000,,,,,,,,,,,,,,,,1.217552,0.119947,1.201159,0.131652,0.000000,0.000000,-0.138418,,0.100124,0.000000,,,,0.098515,0.121765,1.500000,56.829860,5.997147,0.000000,circle,预设轨迹15,forward
1775480182.087381,46.441064,1775480186.787776|完整运动,完整运动,circle_orbit,1,1.000000,1.500000,1.500000,,,,,,,,,,,,,,,,1.217313,0.125872,1.202962,0.160167,0.000000,0.000000,-0.131538,,0.101707,0.000000,,,,0.103402,0.121741,1.500000,56.879566,5.947440,0.000000,circle,预设轨迹15,forward
1775480182.107926,46.461609,1775480186.787776|完整运动,完整运动,circle_orbit,1,1.000000,1.500000,1.500000,,,,,,,,,,,,,,,,1.217089,0.127228,1.203683,0.135076,0.000000,0.000000,-0.128288,,0.102540,0.000000,,,,0.104535,0.121718,1.500000,56.904610,5.922396,0.000000,circle,预设轨迹15,forward
1775480182.131076,46.484759,1775480186.787776|完整运动,完整运动,circle_orbit,1,1.000000,1.500000,1.500000,,,,,,,,,,,,,,,,1.216870,0.124792,1.203683,0.110692,0.000000,0.000000,-0.128288,,0.102540,0.000000,,,,0.102552,0.121696,1.500000,56.904610,5.922396,0.000000,circle,预设轨迹15,forward
1775480182.155965,46.509648,1775480186.787776|完整运动,完整运动,circle_orbit,1,1.000000,1.500000,1.500000,,,,,,,,,,,,,,,,1.216716,0.130488,1.207521,0.163464,0.000000,0.000000,-0.121658,,0.102717,0.000000,,,,0.107246,0.121681,1.500000,56.954898,5.872108,0.000000,circle,预设轨迹15,forward
1775480182.176251,46.529934,1775480186.787776|完整运动,完整运动,circle_orbit,1,1.000000,1.500000,1.500000,,,,,,,,,,,,,,,,1.216595,0.132168,1.209288,0.141894,0.000000,0.000000,-0.118193,,0.102969,0.000000,,,,0.108638,0.121669,1.500000,56.979683,5.847324,0.000000,circle,预设轨迹15,forward
1775480182.204419,46.558102,1775480186.787776|完整运动,完整运动,circle_orbit,1,1.000000,1.500000,1.500000,,,,,,,,,,,,,,,,1.216500,0.133517,1.210799,0.141324,0.000000,0.000000,-0.115019,,0.103271,0.000000,,,,0.109755,0.121659,1.500000,57.004521,5.822485,0.000000,circle,预设轨迹15,forward
1775480182.225358,46.579041,1775480186.787776|完整运动,完整运动,circle_orbit,1,1.000000,1.500000,1.500000,,,,,,,,,,,,,,,,1.216423,0.134732,1.211851,0.141769,0.000000,0.000000,-0.111986,,0.103812,0.000000,,,,0.110761,0.121652,1.500000,57.029278,5.797729,0.000000,circle,预设轨迹15,forward
1775480182.245676,46.599359,1775480186.787776|完整运动,完整运动,circle_orbit,1,1.000000,1.500000,1.500000,,,,,,,,,,,,,,,,1.216390,0.139432,1.214368,0.166639,0.000000,0.000000,-0.106034,,0.104590,0.000000,,,,0.114628,0.121648,1.500000,57.078862,5.748145,0.000000,circle,预设轨迹15,forward
1775480182.276597,46.630280,1775480186.787776|完整运动,完整运动,circle_orbit,1,1.000000,1.500000,1.500000,,,,,,,,,,,,,,,,1.216392,0.140639,1.216518,0.147627,0.000000,0.000000,-0.102864,,0.104494,0.000000,,,,0.115620,0.121649,1.500000,57.103730,5.723277,0.000000,circle,预设轨迹15,forward
1775480182.301424,46.655107,1775480186.787776|完整运动,完整运动,circle_orbit,1,1.000000,1.500000,1.500000,,,,,,,,,,,,,,,,1.216424,0.141771,1.218333,0.148329,0.000000,0.000000,-0.099793,,0.104574,0.000000,,,,0.116548,0.121652,1.500000,57.128783,5.698223,0.000000,circle,预设轨迹15,forward
1775480182.321742,46.675425,1775480186.787776|完整运动,完整运动,circle_orbit,1,1.000000,1.500000,1.500000,,,,,,,,,,,,,,,,1.216538,0.146488,1.223410,0.173792,0.000000,0.000000,-0.093722,,0.103809,0.000000,,,,0.120414,0.121663,1.500000,57.178642,5.648364,0.000000,circle,预设轨迹15,forward
1775480182.348383,46.702066,1775480186.787776|完整运动,完整运动,circle_orbit,1,1.000000,1.500000,1.500000,,,,,,,,,,,,,,,,1.216651,0.143827,1.223410,0.128422,0.000000,0.000000,-0.093722,,0.103809,0.000000,,,,0.118215,0.121674,1.500000,57.178642,5.648364,0.000000,circle,预设轨迹15,forward
1775480182.369827,46.723510,1775480186.787776|完整运动,完整运动,circle_orbit,1,1.000000,1.500000,1.500000,,,,,,,,,,,,,,,,1.216851,0.148751,1.228850,0.177258,0.000000,0.000000,-0.087561,,0.102881,0.000000,,,,0.122243,0.121694,1.500000,57.227993,5.599014,0.000000,circle,预设轨迹15,forward
1775480182.391094,46.744777,1775480186.787776|完整运动,完整运动,circle_orbit,1,1.000000,1.500000,1.500000,,,,,,,,,,,,,,,,1.217094,0.149887,1.231690,0.156464,0.000000,0.000000,-0.084408,,0.102383,0.000000,,,,0.123152,0.121719,1.500000,57.252566,5.574440,0.000000,circle,预设轨迹15,forward
1775480182.412331,46.766014,1775480186.787776|完整运动,完整运动,circle_orbit,1,1.000000,1.500000,1.500000,,,,,,,,,,,,,,,,1.217386,0.151189,1.234912,0.158722,0.000000,0.000000,-0.081149,,0.101702,0.000000,,,,0.124191,0.121748,1.500000,57.277348,5.549658,0.000000,circle,预设轨迹15,forward
1775480182.434607,46.788290,1775480186.787776|完整运动,完整运动,circle_orbit,1,1.000000,1.500000,1.500000,,,,,,,,,,,,,,,,1.217726,0.152477,1.238131,0.159932,0.000000,0.000000,-0.077920,,0.101019,0.000000,,,,0.125215,0.121782,1.500000,57.302058,5.524949,0.000000,circle,预设轨迹15,forward
1775480182.458242,46.811925,1775480186.787776|完整运动,完整运动,circle_orbit,1,1.000000,1.500000,1.500000,,,,,,,,,,,,,,,,1.218126,0.154028,1.242131,0.163006,0.000000,0.000000,-0.074485,,0.099955,0.000000,,,,0.126447,0.121822,1.500000,57.326627,5.500379,0.000000,circle,预设轨迹15,forward
1775480182.478580,46.832263,1775480186.787776|完整运动,完整运动,circle_orbit,1,1.000000,1.500000,1.500000,,,,,,,,,,,,,,,,1.218578,0.155573,1.245703,0.164513,0.000000,0.000000,-0.071055,,0.099163,0.000000,,,,0.127668,0.121867,1.500000,57.351050,5.475956,0.000000,circle,预设轨迹15,forward
1775480182.532924,46.886607,1775480186.787776|完整运动,完整运动,circle_orbit,1,1.000000,1.500000,1.500000,,,,,,,,,,,,,,,,1.219113,0.160630,1.251180,0.189888,0.000000,0.000000,-0.064653,,0.098430,0.000000,,,,0.131760,0.121921,1.500000,57.400219,5.426788,0.000000,circle,预设轨迹15,forward
1775480182.566778,46.920461,1775480186.787776|完整运动,完整运动,circle_orbit,1,1.000000,1.500000,1.500000,,,,,,,,,,,,,,,,1.219752,0.165470,1.258108,0.193469,0.000000,0.000000,-0.058225,,0.096875,0.000000,,,,0.135659,0.121985,1.500000,57.449989,5.377018,0.000000,circle,预设轨迹15,forward
1775480182.587090,46.940773,1775480186.787776|完整运动,完整运动,circle_orbit,1,1.000000,1.500000,1.500000,,,,,,,,,,,,,,,,1.220499,0.169927,1.265303,0.195703,0.000000,0.000000,-0.051937,,0.095153,0.000000,,,,0.139228,0.122059,1.500000,57.499288,5.327718,0.000000,circle,预设轨迹15,forward
1775480182.616960,46.970643,1775480186.787776|完整运动,完整运动,circle_orbit,1,1.000000,1.500000,1.500000,,,,,,,,,,,,,,,,1.221292,0.170297,1.268883,0.172439,0.000000,0.000000,-0.048954,,0.094256,0.000000,,,,0.139440,0.122139,1.500000,57.523903,5.303104,0.000000,circle,预设轨迹15,forward
1775480182.652068,47.005751,1775480186.787776|完整运动,完整运动,circle_orbit,1,1.000000,1.500000,1.500000,,,,,,,,,,,,,,,,1.222135,0.170825,1.272699,0.173872,0.000000,0.000000,-0.045934,,0.093249,0.000000,,,,0.139776,0.122223,1.500000,57.548560,5.278446,0.000000,circle,预设轨迹15,forward
1775480182.673088,47.026771,1775480186.787776|完整运动,完整运动,circle_orbit,1,1.000000,1.500000,1.500000,,,,,,,,,,,,,,,,1.223108,0.175627,1.281491,0.203386,0.000000,0.000000,-0.039380,,0.090816,0.000000,,,,0.143591,0.122320,1.500000,57.598119,5.228888,0.000000,circle,预设轨迹15,forward
1775480182.697488,47.051171,1775480186.787776|完整运动,完整运动,circle_orbit,1,1.000000,1.500000,1.500000,,,,,,,,,,,,,,,,1.224131,0.176154,1.285493,0.179200,0.000000,0.000000,-0.036259,,0.089787,0.000000,,,,0.143901,0.122422,1.500000,57.622871,5.204136,0.000000,circle,预设轨迹15,forward
1775480182.737275,47.090958,1775480186.787776|完整运动,完整运动,circle_orbit,1,1.000000,1.500000,1.500000,,,,,,,,,,,,,,,,1.225253,0.179666,1.292628,0.199955,0.000000,0.000000,-0.030700,,0.087986,0.000000,,,,0.146636,0.122535,1.500000,57.672602,5.154405,0.000000,circle,预设轨迹15,forward
1775480182.776584,47.130267,1775480186.787776|完整运动,完整运动,circle_orbit,1,1.000000,1.500000,1.500000,,,,,,,,,,,,,,,,1.226419,0.179553,1.296359,0.178901,0.000000,0.000000,-0.028100,,0.086938,0.000000,,,,0.146404,0.122651,1.500000,57.697589,5.129417,0.000000,circle,预设轨迹15,forward
1775480182.804019,47.157702,1775480186.787776|完整运动,完整运动,circle_orbit,1,1.000000,1.500000,1.500000,,,,,,,,,,,,,,,,1.227761,0.183470,1.308267,0.206082,0.000000,0.000000,-0.022215,,0.082710,0.000000,,,,0.149434,0.122786,1.500000,57.747236,5.079770,0.000000,circle,预设轨迹15,forward
1775480182.824376,47.178059,1775480186.787776|完整运动,完整运动,circle_orbit,1,1.000000,1.500000,1.500000,,,,,,,,,,,,,,,,1.229272,0.187668,1.319967,0.211899,0.000000,0.000000,-0.015962,,0.078860,0.000000,,,,0.152666,0.122937,1.500000,57.796559,5.030447,0.000000,circle,预设轨迹15,forward
1775480182.851076,47.204758,1775480186.787776|完整运动,完整运动,circle_orbit,1,1.000000,1.500000,1.500000,,,,,,,,,,,,,,,,1.230759,0.184283,1.319967,0.164754,0.000000,0.000000,-0.015962,,0.078860,0.000000,,,,0.149731,0.123085,1.500000,57.796559,5.030447,0.000000,circle,预设轨迹15,forward
1775480182.873394,47.227077,1775480186.787776|完整运动,完整运动,circle_orbit,1,1.000000,1.500000,1.500000,,,,,,,,,,,,,,,,1.232327,0.184961,1.326367,0.188873,0.000000,0.000000,-0.012854,,0.076676,0.000000,,,,0.150091,0.123242,1.500000,57.821046,5.005961,0.000000,circle,预设轨迹15,forward
1775480182.894042,47.247725,1775480186.787776|完整运动,完整运动,circle_orbit,1,1.000000,1.500000,1.500000,,,,,,,,,,,,,,,,1.234052,0.188843,1.337552,0.211222,0.000000,0.000000,-0.007103,,0.073066,0.000000,,,,0.153027,0.123415,1.500000,57.870042,4.956964,0.000000,circle,预设轨迹15,forward
1775480182.923866,47.277549,1775480186.787776|完整运动,完整运动,circle_orbit,1,1.000000,1.500000,1.500000,,,,,,,,,,,,,,,,1.235840,0.189178,1.343121,0.191109,0.000000,0.000000,-0.004197,,0.071322,0.000000,,,,0.153077,0.123593,1.500000,57.894384,4.932623,0.000000,circle,预设轨迹15,forward
1775480182.945303,47.298986,1775480186.787776|完整运动,完整运动,circle_orbit,1,1.000000,1.500000,1.500000,,,,,,,,,,,,,,,,1.237694,0.189476,1.348967,0.191187,0.000000,0.000000,-0.001400,,0.069416,0.000000,,,,0.153088,0.123779,1.500000,57.918915,4.908092,0.000000,circle,预设轨迹15,forward
1775480182.965608,47.319290,1775480186.787776|完整运动,完整运动,circle_orbit,1,1.000000,1.500000,1.500000,,,,,,,,,,,,,,,,1.239601,0.193155,1.354006,0.214339,0.000000,0.000000,0.004164,,0.065724,0.000000,,,,0.155821,0.123970,1.500000,57.968102,4.858905,0.000000,circle,预设轨迹15,forward
1775480182.991220,47.344903,1775480186.787776|完整运动,完整运动,circle_orbit,1,1.000000,1.500000,1.500000,,,,,,,,,,,,,,,,1.241476,0.190049,1.354006,0.172172,0.000000,0.000000,0.004164,,0.065724,0.000000,,,,0.153083,0.124157,1.500000,57.968102,4.858905,0.000000,circle,预设轨迹15,forward
1775480183.015552,47.369235,1775480186.787776|完整运动,完整运动,circle_orbit,1,1.000000,1.500000,1.500000,,,,,,,,,,,,,,,,1.243379,0.193479,1.357533,0.213211,0.000000,0.000000,0.009371,,0.061842,0.000000,,,,0.155608,0.124347,1.500000,58.017300,4.809707,0.000000,circle,预设轨迹15,forward
1775480183.035825,47.389508,1775480186.787776|完整运动,完整运动,circle_orbit,1,1.000000,1.500000,1.500000,,,,,,,,,,,,,,,,1.245296,0.193654,1.360315,0.194655,0.000000,0.000000,0.011979,,0.059386,0.000000,,,,0.155508,0.124539,1.500000,58.041834,4.785172,0.000000,circle,预设轨迹15,forward
1775480183.064606,47.418289,1775480186.787776|完整运动,完整运动,circle_orbit,1,1.000000,1.500000,1.500000,,,,,,,,,,,,,,,,1.247215,0.194027,1.362361,0.196174,0.000000,0.000000,0.014682,,0.057270,0.000000,,,,0.155568,0.124731,1.500000,58.066639,4.760368,0.000000,circle,预设轨迹15,forward
1775480183.090945,47.444628,1775480186.787776|完整运动,完整运动,circle_orbit,1,1.000000,1.500000,1.500000,,,,,,,,,,,,,,,,1.249132,0.194280,1.364123,0.195732,0.000000,0.000000,0.017231,,0.055362,0.000000,,,,0.155532,0.124923,1.500000,58.091542,4.735465,0.000000,circle,预设轨迹15,forward
1775480183.111268,47.464950,1775480186.787776|完整运动,完整运动,circle_orbit,1,1.000000,1.500000,1.500000,,,,,,,,,,,,,,,,1.251076,0.197219,1.367719,0.214093,0.000000,0.000000,0.021969,,0.051660,0.000000,,,,0.157640,0.125117,1.500000,58.141591,4.685415,0.000000,circle,预设轨迹15,forward
1775480183.135498,47.489181,1775480186.787776|完整运动,完整运动,circle_orbit,1,1.000000,1.500000,1.500000,,,,,,,,,,,,,,,,1.253036,0.197108,1.370638,0.196469,0.000000,0.000000,0.024265,,0.049282,0.000000,,,,0.157304,0.125313,1.500000,58.166585,4.660422,0.000000,circle,预设轨迹15,forward
1775480183.161450,47.515132,1775480186.787776|完整运动,完整运动,circle_orbit,1,1.000000,1.500000,1.500000,,,,,,,,,,,,,,,,1.255014,0.197124,1.373703,0.197214,0.000000,0.000000,0.026588,,0.046826,0.000000,,,,0.157069,0.125511,1.500000,58.191650,4.635357,0.000000,circle,预设轨迹15,forward
1775480183.181798,47.535481,1775480186.787776|完整运动,完整运动,circle_orbit,1,1.000000,1.500000,1.500000,,,,,,,,,,,,,,,,1.257082,0.199643,1.381165,0.214081,0.000000,0.000000,0.030935,,0.041400,0.000000,,,,0.158814,0.125718,1.500000,58.242006,4.585001,0.000000,circle,预设轨迹15,forward
1775480183.206080,47.559763,1775480186.787776|完整运动,完整运动,circle_orbit,1,1.000000,1.500000,1.500000,,,,,,,,,,,,,,,,1.259116,0.196843,1.381165,0.180802,0.000000,0.000000,0.030935,,0.041400,0.000000,,,,0.156334,0.125921,1.500000,58.242006,4.585001,0.000000,circle,预设轨迹15,forward
1775480183.232432,47.586115,1775480186.787776|完整运动,完整运动,circle_orbit,1,1.000000,1.500000,1.500000,,,,,,,,,,,,,,,,1.261248,0.199893,1.389157,0.217362,0.000000,0.000000,0.035576,,0.035638,0.000000,,,,0.158489,0.126135,1.500000,58.291658,4.535348,0.000000,circle,预设轨迹15,forward
1775480183.252810,47.606493,1775480186.787776|完整运动,完整运动,circle_orbit,1,1.000000,1.500000,1.500000,,,,,,,,,,,,,,,,1.263391,0.199853,1.392004,0.199619,0.000000,0.000000,0.037772,,0.033380,0.000000,,,,0.158187,0.126349,1.500000,58.316363,4.510644,0.000000,circle,预设轨迹15,forward
1775480183.277691,47.631374,1775480186.787776|完整运动,完整运动,circle_orbit,1,1.000000,1.500000,1.500000,,,,,,,,,,,,,,,,1.265548,0.199701,1.394943,0.198837,0.000000,0.000000,0.039813,,0.031144,0.000000,,,,0.157798,0.126565,1.500000,58.341075,4.485932,0.000000,circle,预设轨迹15,forward
1775480183.302411,47.656094,1775480186.787776|完整运动,完整运动,circle_orbit,1,1.000000,1.500000,1.500000,,,,,,,,,,,,,,,,1.267745,0.199468,1.399584,0.198136,0.000000,0.000000,0.041723,,0.028151,0.000000,,,,0.157341,0.126784,1.500000,58.365930,4.461076,0.000000,circle,预设轨迹15,forward
1775480183.322706,47.676389,1775480186.787776|完整运动,完整运动,circle_orbit,1,1.000000,1.500000,1.500000,,,,,,,,,,,,,,,,1.270064,0.201601,1.409212,0.213784,0.000000,0.000000,0.045533,,0.022051,0.000000,,,,0.158733,0.127016,1.500000,58.415678,4.411328,0.000000,circle,预设轨迹15,forward
1775480183.348701,47.702384,1775480186.787776|完整运动,完整运动,circle_orbit,1,1.000000,1.500000,1.500000,,,,,,,,,,,,,,,,1.272346,0.199043,1.409212,0.184439,0.000000,0.000000,0.045533,,0.022051,0.000000,,,,0.156438,0.127244,1.500000,58.415678,4.411328,0.000000,circle,预设轨迹15,forward
1775480183.375067,47.728750,1775480186.787776|完整运动,完整运动,circle_orbit,1,1.000000,1.500000,1.500000,,,,,,,,,,,,,,,,1.274708,0.200546,1.416473,0.209122,0.000000,0.000000,0.048693,,0.017376,0.000000,,,,0.157327,0.127481,1.500000,58.465287,4.361720,0.000000,circle,预设轨迹15,forward
1775480183.395654,47.749336,1775480186.787776|完整运动,完整运动,circle_orbit,1,1.000000,1.500000,1.500000,,,,,,,,,,,,,,,,1.277101,0.199899,1.420676,0.196206,0.000000,0.000000,0.050124,,0.014846,0.000000,,,,0.156525,0.127720,1.500000,58.490233,4.336773,0.000000,circle,预设轨迹15,forward
1775480183.418817,47.772500,1775480186.787776|完整运动,完整运动,circle_orbit,1,1.000000,1.500000,1.500000,,,,,,,,,,,,,,,,1.279519,0.199329,1.424611,0.196081,0.000000,0.000000,0.051538,,0.012458,0.000000,,,,0.155784,0.127962,1.500000,58.515423,4.311583,0.000000,circle,预设轨迹15,forward
1775480183.440692,47.794375,1775480186.787776|完整运动,完整运动,circle_orbit,1,1.000000,1.500000,1.500000,,,,,,,,,,,,,,,,1.281955,0.198797,1.428097,0.195764,0.000000,0.000000,0.052910,,0.010302,0.000000,,,,0.155073,0.128205,1.500000,58.540813,4.286193,0.000000,circle,预设轨迹15,forward
1775480183.460972,47.814655,1775480186.787776|完整运动,完整运动,circle_orbit,1,1.000000,1.500000,1.500000,,,,,,,,,,,,,,,,1.284500,0.199371,1.437178,0.202639,0.000000,0.000000,0.055134,,0.005265,0.000000,,,,0.155213,0.128460,1.500000,58.591604,4.235403,0.000000,circle,预设轨迹15,forward
1775480183.490943,47.844626,1775480186.787776|完整运动,完整运动,circle_orbit,1,1.000000,1.500000,1.500000,,,,,,,,,,,,,,,,1.287081,0.198502,1.441983,0.193558,0.000000,0.000000,0.056173,,0.002675,0.000000,,,,0.154226,0.128718,1.500000,58.617027,4.209979,0.000000,circle,预设轨迹15,forward
1775480183.519647,47.873330,1775480186.787776|完整运动,完整运动,circle_orbit,1,1.000000,1.500000,1.500000,,,,,,,,,,,,,,,,1.289696,0.197598,1.446573,0.192458,0.000000,0.000000,0.057102,,0.000241,0.000000,,,,0.153213,0.128980,1.500000,58.642664,4.184342,0.000000,circle,预设轨迹15,forward
1775480183.540018,47.893700,1775480186.787776|完整运动,完整运动,circle_orbit,1,1.000000,1.500000,1.500000,,,,,,,,,,,,,,,,1.292207,0.196727,1.442887,0.191778,0.000000,0.000000,0.057978,,-0.001546,0.000000,,,,0.152241,0.129231,1.500000,58.668455,4.158552,0.000000,circle,预设轨迹15,forward
1775480183.563470,47.917153,1775480186.787776|完整运动,完整运动,circle_orbit,1,1.000000,1.500000,1.500000,,,,,,,,,,,,,,,,1.294585,0.195926,1.437219,0.191375,0.000000,0.000000,0.058838,,-0.003764,0.000000,,,,0.151343,0.129468,1.500000,58.694369,4.132638,0.000000,circle,预设轨迹15,forward
1775480183.589567,47.943249,1775480186.787776|完整运动,完整运动,circle_orbit,1,1.000000,1.500000,1.500000,,,,,,,,,,,,,,,,1.296827,0.195233,1.431358,0.191300,0.000000,0.000000,0.059724,,-0.006081,0.000000,,,,0.150547,0.129693,1.500000,58.720206,4.106800,0.000000,circle,预设轨迹15,forward
1775480183.610066,47.963749,1775480186.787776|完整运动,完整运动,circle_orbit,1,1.000000,1.500000,1.500000,,,,,,,,,,,,,,,,1.298842,0.195600,1.419747,0.197680,0.000000,0.000000,0.061428,,-0.010756,0.000000,,,,0.150595,0.129894,1.500000,58.771885,4.055122,0.000000,circle,预设轨迹15,forward
1775480183.634084,47.987766,1775480186.787776|完整运动,完整运动,circle_orbit,1,1.000000,1.500000,1.500000,,,,,,,,,,,,,,,,1.300824,0.193875,1.419747,0.184091,0.000000,0.000000,0.061428,,-0.010756,0.000000,,,,0.149040,0.130092,1.500000,58.771885,4.055122,0.000000,circle,预设轨迹15,forward
1775480183.660614,48.014296,1775480186.787776|完整运动,完整运动,circle_orbit,1,1.000000,1.500000,1.500000,,,,,,,,,,,,,,,,1.302562,0.194224,1.406851,0.196205,0.000000,0.000000,0.063019,,-0.016172,0.000000,,,,0.149109,0.130266,1.500000,58.823261,4.003745,0.000000,circle,预设轨迹15,forward
1775480183.680935,48.034618,1775480186.787776|完整运动,完整运动,circle_orbit,1,1.000000,1.500000,1.500000,,,,,,,,,,,,,,,,1.304057,0.194412,1.393760,0.195474,0.000000,0.000000,0.064501,,-0.021839,0.000000,,,,0.149082,0.130416,1.500000,58.874791,3.952216,0.000000,circle,预设轨迹15,forward
1775480183.706936,48.060618,1775480186.787776|完整运动,完整运动,circle_orbit,1,1.000000,1.500000,1.500000,,,,,,,,,,,,,,,,1.305423,0.193563,1.387354,0.188759,0.000000,0.000000,0.065144,,-0.024687,0.000000,,,,0.148276,0.130552,1.500000,58.900473,3.926533,0.000000,circle,预设轨迹15,forward
1775480183.731679,48.085361,1775480186.787776|完整运动,完整运动,circle_orbit,1,1.000000,1.500000,1.500000,,,,,,,,,,,,,,,,1.306672,0.192461,1.381631,0.186220,0.000000,0.000000,0.065525,,-0.027334,0.000000,,,,0.147291,0.130677,1.500000,58.926036,3.900970,0.000000,circle,预设轨迹15,forward
1775480183.752024,48.105707,1775480186.787776|完整运动,完整运动,circle_orbit,1,1.000000,1.500000,1.500000,,,,,,,,,,,,,,,,1.307804,0.191351,1.375717,0.185064,0.000000,0.000000,0.065833,,-0.030128,0.000000,,,,0.146314,0.130790,1.500000,58.951637,3.875370,0.000000,circle,预设轨迹15,forward
1775480183.775696,48.129379,1775480186.787776|完整运动,完整运动,circle_orbit,1,1.000000,1.500000,1.500000,,,,,,,,,,,,,,,,1.308833,0.190390,1.370551,0.184955,0.000000,0.000000,0.066200,,-0.032549,0.000000,,,,0.145466,0.130893,1.500000,58.977325,3.849681,0.000000,circle,预设轨迹15,forward
1775480183.801008,48.154691,1775480186.787776|完整运动,完整运动,circle_orbit,1,1.000000,1.500000,1.500000,,,,,,,,,,,,,,,,1.309755,0.189367,1.365083,0.183575,0.000000,0.000000,0.066466,,-0.035183,0.000000,,,,0.144582,0.130986,1.500000,59.003201,3.823806,0.000000,circle,预设轨迹15,forward
1775480183.821709,48.175392,1775480186.787776|完整运动,完整运动,circle_orbit,1,1.000000,1.500000,1.500000,,,,,,,,,,,,,,,,1.310485,0.188290,1.354279,0.182202,0.000000,0.000000,0.066643,,-0.040591,0.000000,,,,0.143680,0.131059,1.500000,59.055210,3.771796,0.000000,circle,预设轨迹15,forward
1775480183.851843,48.205526,1775480186.787776|完整运动,完整运动,circle_orbit,1,1.000000,1.500000,1.500000,,,,,,,,,,,,,,,,1.311116,0.187021,1.349003,0.179840,0.000000,0.000000,0.066611,,-0.043311,0.000000,,,,0.142643,0.131122,1.500000,59.081289,3.745717,0.000000,circle,预设轨迹15,forward
1775480183.879802,48.233484,1775480186.787776|完整运动,完整运动,circle_orbit,1,1.000000,1.500000,1.500000,,,,,,,,,,,,,,,,1.311649,0.185740,1.343616,0.178495,0.000000,0.000000,0.066510,,-0.046138,0.000000,,,,0.141608,0.131175,1.500000,59.107390,3.719616,0.000000,circle,预设轨迹15,forward
1775480183.900119,48.253802,1775480186.787776|完整运动,完整运动,circle_orbit,1,1.000000,1.500000,1.500000,,,,,,,,,,,,,,,,1.311979,0.184465,1.331793,0.177255,0.000000,0.000000,0.066364,,-0.052391,0.000000,,,,0.140601,0.131208,1.500000,59.159941,3.667065,0.000000,circle,预设轨迹15,forward
1775480183.922947,48.276630,1775480186.787776|完整运动,完整运动,circle_orbit,1,1.000000,1.500000,1.500000,,,,,,,,,,,,,,,,1.312304,0.183442,1.331793,0.177660,0.000000,0.000000,0.066364,,-0.052391,0.000000,,,,0.139786,0.131241,1.500000,59.159941,3.667065,0.000000,circle,预设轨迹15,forward
1775480183.951847,48.305530,1775480186.787776|完整运动,完整运动,circle_orbit,1,1.000000,1.500000,1.500000,,,,,,,,,,,,,,,,1.312467,0.182320,1.322271,0.175977,0.000000,0.000000,0.066252,,-0.057504,0.000000,,,,0.138914,0.131257,1.500000,59.212878,3.614128,0.000000,circle,预设轨迹15,forward
1775480183.972159,48.325842,1775480186.787776|完整运动,完整运动,circle_orbit,1,1.000000,1.500000,1.500000,,,,,,,,,,,,,,,,1.312569,0.181082,1.318671,0.174081,0.000000,0.000000,0.066004,,-0.059539,0.000000,,,,0.137960,0.131267,1.500000,59.239395,3.587611,0.000000,circle,预设轨迹15,forward
1775480183.994842,48.348525,1775480186.787776|完整运动,完整运动,circle_orbit,1,1.000000,1.500000,1.500000,,,,,,,,,,,,,,,,1.312669,0.180212,1.318671,0.175293,0.000000,0.000000,0.066004,,-0.059539,0.000000,,,,0.137287,0.131277,1.500000,59.239395,3.587611,0.000000,circle,预设轨迹15,forward
1775480184.023019,48.376702,1775480186.787776|完整运动,完整运动,circle_orbit,1,1.000000,1.500000,1.500000,,,,,,,,,,,,,,,,1.312669,0.177902,1.312664,0.164841,0.000000,0.000000,0.064812,,-0.063269,0.000000,,,,0.135527,0.131277,1.500000,59.292247,3.534760,0.000000,circle,预设轨迹15,forward
1775480184.043392,48.397075,1775480186.787776|完整运动,完整运动,circle_orbit,1,1.000000,1.500000,1.500000,,,,,,,,,,,,,,,,1.312531,0.175594,1.304259,0.162545,0.000000,0.000000,0.063522,,-0.068388,0.000000,,,,0.133783,0.131263,1.500000,59.344860,3.482147,0.000000,circle,预设轨迹15,forward
1775480184.066973,48.420656,1775480186.787776|完整运动,完整运动,circle_orbit,1,1.000000,1.500000,1.500000,,,,,,,,,,,,,,,,1.312395,0.175001,1.304259,0.171649,0.000000,0.000000,0.063522,,-0.068388,0.000000,,,,0.133345,0.131250,1.500000,59.344860,3.482147,0.000000,circle,预设轨迹15,forward
1775480184.091368,48.445050,1775480186.787776|完整运动,完整运动,circle_orbit,1,1.000000,1.500000,1.500000,,,,,,,,,,,,,,,,1.312148,0.172628,1.297274,0.159206,0.000000,0.000000,0.062083,,-0.072834,0.000000,,,,0.131561,0.131225,1.500000,59.396698,3.430308,0.000000,circle,预设轨迹15,forward
1775480184.111694,48.465377,1775480186.787776|完整运动,完整运动,circle_orbit,1,1.000000,1.500000,1.500000,,,,,,,,,,,,,,,,1.311845,0.171061,1.293667,0.162198,0.000000,0.000000,0.061200,,-0.075202,0.000000,,,,0.130397,0.131195,1.500000,59.422470,3.404536,0.000000,circle,预设轨迹15,forward
1775480184.135294,48.488976,1775480186.787776|完整运动,完整运动,circle_orbit,1,1.000000,1.500000,1.500000,,,,,,,,,,,,,,,,1.311483,0.169594,1.289803,0.161299,0.000000,0.000000,0.060352,,-0.077712,0.000000,,,,0.129315,0.131158,1.500000,59.448283,3.378723,0.000000,circle,预设轨迹15,forward
1775480184.166002,48.519684,1775480186.787776|完整运动,完整运动,circle_orbit,1,1.000000,1.500000,1.500000,,,,,,,,,,,,,,,,1.311062,0.168230,1.285791,0.160513,0.000000,0.000000,0.059549,,-0.080302,0.000000,,,,0.128316,0.131116,1.500000,59.474165,3.352841,0.000000,circle,预设轨迹15,forward
1775480184.186669,48.540352,1775480186.787776|完整运动,完整运动,circle_orbit,1,1.000000,1.500000,1.500000,,,,,,,,,,,,,,,,1.310547,0.165217,1.279625,0.148176,0.000000,0.000000,0.057375,,-0.084685,0.000000,,,,0.126067,0.131065,1.500000,59.526404,3.300602,0.000000,circle,预设轨迹15,forward
1775480184.212824,48.566507,1775480186.787776|完整运动,完整运动,circle_orbit,1,1.000000,1.500000,1.500000,,,,,,,,,,,,,,,,1.310040,0.165037,1.279625,0.164017,0.000000,0.000000,0.057375,,-0.084685,0.000000,,,,0.125979,0.131014,1.500000,59.526404,3.300602,0.000000,circle,预设轨迹15,forward
1775480184.239866,48.593548,1775480186.787776|完整运动,完整运动,circle_orbit,1,1.000000,1.500000,1.500000,,,,,,,,,,,,,,,,1.309431,0.161726,1.272875,0.142991,0.000000,0.000000,0.054875,,-0.089570,0.000000,,,,0.123509,0.130953,1.500000,59.578946,3.248060,0.000000,circle,预设轨迹15,forward
1775480184.262825,48.616508,1775480186.787776|完整运动,完整运动,circle_orbit,1,1.000000,1.500000,1.500000,,,,,,,,,,,,,,,,1.308720,0.158688,1.266114,0.141492,0.000000,0.000000,0.052459,,-0.094469,0.000000,,,,0.121254,0.130882,1.500000,59.631770,3.195236,0.000000,circle,预设轨迹15,forward
1775480184.283334,48.637017,1775480186.787776|完整运动,完整运动,circle_orbit,1,1.000000,1.500000,1.500000,,,,,,,,,,,,,,,,1.307964,0.157313,1.262595,0.149530,0.000000,0.000000,0.051281,,-0.097005,0.000000,,,,0.120273,0.130807,1.500000,59.658136,3.168871,0.000000,circle,预设轨迹15,forward
1775480184.308789,48.662472,1775480186.787776|完整运动,完整运动,circle_orbit,1,1.000000,1.500000,1.500000,,,,,,,,,,,,,,,,1.307221,0.157407,1.262595,0.157938,0.000000,0.000000,0.051281,,-0.097005,0.000000,,,,0.120413,0.130732,1.500000,59.658136,3.168871,0.000000,circle,预设轨迹15,forward
1775480184.329264,48.682947,1775480186.787776|完整运动,完整运动,circle_orbit,1,1.000000,1.500000,1.500000,,,,,,,,,,,,,,,,1.306382,0.154171,1.256045,0.135850,0.000000,0.000000,0.048642,,-0.101932,0.000000,,,,0.118014,0.130648,1.500000,59.710756,3.116251,0.000000,circle,预设轨迹15,forward
1775480184.350177,48.703860,1775480186.787776|完整运动,完整运动,circle_orbit,1,1.000000,1.500000,1.500000,,,,,,,,,,,,,,,,1.305530,0.152268,1.254419,0.141489,0.000000,0.000000,0.046957,,-0.103573,0.000000,,,,0.116633,0.130563,1.500000,59.736957,3.090049,0.000000,circle,预设轨迹15,forward
1775480184.377315,48.730998,1775480186.787776|完整运动,完整运动,circle_orbit,1,1.000000,1.500000,1.500000,,,,,,,,,,,,,,,,1.304665,0.150189,1.252767,0.138407,0.000000,0.000000,0.045082,,-0.105309,0.000000,,,,0.115117,0.130477,1.500000,59.763260,3.063746,0.000000,circle,预设轨迹15,forward
1775480184.397869,48.751551,1775480186.787776|完整运动,完整运动,circle_orbit,1,1.000000,1.500000,1.500000,,,,,,,,,,,,,,,,1.303793,0.148028,1.251484,0.135787,0.000000,0.000000,0.043084,,-0.106875,0.000000,,,,0.113537,0.130389,1.500000,59.789618,3.037389,0.000000,circle,预设轨迹15,forward
1775480184.420821,48.774504,1775480186.787776|完整运动,完整运动,circle_orbit,1,1.000000,1.500000,1.500000,,,,,,,,,,,,,,,,1.302915,0.145798,1.250252,0.133159,0.000000,0.000000,0.040971,,-0.108459,0.000000,,,,0.111902,0.130302,1.500000,59.816008,3.010999,0.000000,circle,预设轨迹15,forward
1775480184.447613,48.801296,1775480186.787776|完整运动,完整运动,circle_orbit,1,1.000000,1.500000,1.500000,,,,,,,,,,,,,,,,1.302024,0.143466,1.248560,0.130248,0.000000,0.000000,0.038715,,-0.110378,0.000000,,,,0.110187,0.130212,1.500000,59.842321,2.984686,0.000000,circle,预设轨迹15,forward
1775480184.468081,48.821764,1775480186.787776|完整运动,完整运动,circle_orbit,1,1.000000,1.500000,1.500000,,,,,,,,,,,,,,,,1.301076,0.138495,1.244214,0.110303,0.000000,0.000000,0.034241,,-0.114791,0.000000,,,,0.106446,0.130118,1.500000,59.894226,2.932781,0.000000,circle,预设轨迹15,forward
1775480184.490115,48.843798,1775480186.787776|完整运动,完整运动,circle_orbit,1,1.000000,1.500000,1.500000,,,,,,,,,,,,,,,,1.300144,0.139263,1.244214,0.143621,0.000000,0.000000,0.034241,,-0.114791,0.000000,,,,0.107113,0.130024,1.500000,59.894226,2.932781,0.000000,circle,预设轨迹15,forward
1775480184.516471,48.870153,1775480186.787776|完整运动,完整运动,circle_orbit,1,1.000000,1.500000,1.500000,,,,,,,,,,,,,,,,1.299164,0.134804,1.240319,0.109506,0.000000,0.000000,0.030101,,-0.118813,0.000000,,,,0.103762,0.129926,1.500000,59.946003,2.881003,0.000000,circle,预设轨迹15,forward
1775480184.536897,48.890579,1775480186.787776|完整运动,完整运动,circle_orbit,1,1.000000,1.500000,1.500000,,,,,,,,,,,,,,,,1.298181,0.133056,1.239235,0.123141,0.000000,0.000000,0.027996,,-0.120316,0.000000,,,,0.102494,0.129828,1.500000,59.971970,2.855037,0.000000,circle,预设轨迹15,forward
1775480184.558289,48.911972,1775480186.787776|完整运动,完整运动,circle_orbit,1,1.000000,1.500000,1.500000,,,,,,,,,,,,,,,,1.297196,0.131252,1.238062,0.121011,0.000000,0.000000,0.025828,,-0.121900,0.000000,,,,0.101181,0.129730,1.500000,59.997842,2.829164,0.000000,circle,预设轨迹15,forward
1775480184.579937,48.933619,1775480186.787776|完整运动,完整运动,circle_orbit,1,1.000000,1.500000,1.500000,,,,,,,,,,,,,,,,1.296195,0.129248,1.236146,0.117871,0.000000,0.000000,0.023477,,-0.124014,0.000000,,,,0.099713,0.129629,1.500000,60.023680,2.803326,0.000000,circle,预设轨迹15,forward
1775480184.600408,48.954091,1775480186.787776|完整运动,完整运动,circle_orbit,1,1.000000,1.500000,1.500000,,,,,,,,,,,,,,,,1.295164,0.124651,1.233317,0.098543,0.000000,0.000000,0.018972,,-0.127556,0.000000,,,,0.096243,0.129526,1.500000,60.075612,2.751394,0.000000,circle,预设轨迹15,forward
1775480184.625943,48.979625,1775480186.787776|完整运动,完整运动,circle_orbit,1,1.000000,1.500000,1.500000,,,,,,,,,,,,,,,,1.294128,0.123003,1.231999,0.113644,0.000000,0.000000,0.016701,,-0.129277,0.000000,,,,0.095047,0.129423,1.500000,60.101744,2.725262,0.000000,circle,预设轨迹15,forward
1775480184.650632,49.004314,1775480186.787776|完整运动,完整运动,circle_orbit,1,1.000000,1.500000,1.500000,,,,,,,,,,,,,,,,1.293110,0.124130,1.231999,0.130530,0.000000,0.000000,0.016701,,-0.129277,0.000000,,,,0.095993,0.129321,1.500000,60.101744,2.725262,0.000000,circle,预设轨迹15,forward
1775480184.670969,49.024652,1775480186.787776|完整运动,完整运动,circle_orbit,1,1.000000,1.500000,1.500000,,,,,,,,,,,,,,,,1.292059,0.119900,1.229019,0.095865,0.000000,0.000000,0.012470,,-0.132815,0.000000,,,,0.092798,0.129216,1.500000,60.154011,2.672995,0.000000,circle,预设轨迹15,forward
1775480184.695053,49.048736,1775480186.787776|完整运动,完整运动,circle_orbit,1,1.000000,1.500000,1.500000,,,,,,,,,,,,,,,,1.291025,0.118309,1.228974,0.109261,0.000000,0.000000,0.010235,,-0.133738,0.000000,,,,0.091639,0.129112,1.500000,60.180076,2.646930,0.000000,circle,预设轨迹15,forward
1775480184.716596,49.070279,1775480186.787776|完整运动,完整运动,circle_orbit,1,1.000000,1.500000,1.500000,,,,,,,,,,,,,,,,1.290004,0.116512,1.228727,0.106294,0.000000,0.000000,0.007827,,-0.134854,0.000000,,,,0.090319,0.129010,1.500000,60.205914,2.621093,0.000000,circle,预设轨迹15,forward
1775480184.736957,49.090640,1775480186.787776|完整运动,完整运动,circle_orbit,1,1.000000,1.500000,1.500000,,,,,,,,,,,,,,,,1.288991,0.114607,1.228240,0.103772,0.000000,0.000000,0.005313,,-0.136162,0.000000,,,,0.088912,0.128909,1.500000,60.231767,2.595239,0.000000,circle,预设轨迹15,forward
1775480184.763432,49.117115,1775480186.787776|完整运动,完整运动,circle_orbit,1,1.000000,1.500000,1.500000,,,,,,,,,,,,,,,,1.287987,0.112694,1.227724,0.101814,0.000000,0.000000,0.002767,,-0.137501,0.000000,,,,0.087496,0.128809,1.500000,60.257606,2.569400,0.000000,circle,预设轨迹15,forward
1775480184.786766,49.140449,1775480186.787776|完整运动,完整运动,circle_orbit,1,1.000000,1.500000,1.500000,,,,,,,,,,,,,,,,1.286950,0.107328,1.224757,0.076796,0.000000,0.000000,-0.002642,,-0.139401,0.000000,,,,0.083397,0.128705,1.500000,60.309419,2.517587,0.000000,circle,预设轨迹15,forward
1775480184.807122,49.160805,1775480186.787776|完整运动,完整运动,circle_orbit,1,1.000000,1.500000,1.500000,,,,,,,,,,,,,,,,1.285884,0.105065,1.221885,0.092181,0.000000,0.000000,-0.005731,,-0.139965,0.000000,,,,0.081706,0.128598,1.500000,60.335061,2.491945,0.000000,circle,预设轨迹15,forward
1775480184.836115,49.189798,1775480186.787776|完整运动,完整运动,circle_orbit,1,1.000000,1.500000,1.500000,,,,,,,,,,,,,,,,1.284780,0.102612,1.218581,0.088647,0.000000,0.000000,-0.009009,,-0.140733,0.000000,,,,0.079867,0.128488,1.500000,60.360682,2.466325,0.000000,circle,预设轨迹15,forward
1775480184.862578,49.216261,1775480186.787776|完整运动,完整运动,circle_orbit,1,1.000000,1.500000,1.500000,,,,,,,,,,,,,,,,1.283640,0.100130,1.215242,0.085994,0.000000,0.000000,-0.012358,,-0.141508,0.000000,,,,0.078004,0.128374,1.500000,60.386274,2.440732,0.000000,circle,预设轨迹15,forward
1775480184.882972,49.236655,1775480186.787776|完整运动,完整运动,circle_orbit,1,1.000000,1.500000,1.500000,,,,,,,,,,,,,,,,1.282388,0.094322,1.207219,0.061237,0.000000,0.000000,-0.018488,,-0.144182,0.000000,,,,0.073552,0.128249,1.500000,60.437752,2.389255,0.000000,circle,预设轨迹15,forward
1775480184.906272,49.259954,1775480186.787776|完整运动,完整运动,circle_orbit,1,1.000000,1.500000,1.500000,,,,,,,,,,,,,,,,1.281155,0.096246,1.207219,0.107210,0.000000,0.000000,-0.018488,,-0.144182,0.000000,,,,0.075124,0.128125,1.500000,60.437752,2.389255,0.000000,circle,预设轨迹15,forward
1775480184.935519,49.289201,1775480186.787776|完整运动,完整运动,circle_orbit,1,1.000000,1.500000,1.500000,,,,,,,,,,,,,,,,1.279888,0.094551,1.203825,0.084890,0.000000,0.000000,-0.021245,,-0.145269,0.000000,,,,0.073874,0.127999,1.500000,60.463321,2.363685,0.000000,circle,预设轨迹15,forward
1775480184.955853,49.309536,1775480186.787776|完整运动,完整运动,circle_orbit,1,1.000000,1.500000,1.500000,,,,,,,,,,,,,,,,1.278534,0.089485,1.197303,0.060599,0.000000,0.000000,-0.026782,,-0.147296,0.000000,,,,0.069990,0.127863,1.500000,60.514344,2.312662,0.000000,circle,预设轨迹15,forward
1775480184.981887,49.335570,1775480186.787776|完整运动,完整运动,circle_orbit,1,1.000000,1.500000,1.500000,,,,,,,,,,,,,,,,1.277160,0.087824,1.194752,0.078352,0.000000,0.000000,-0.029712,,-0.147796,0.000000,,,,0.068765,0.127726,1.500000,60.539967,2.287039,0.000000,circle,预设轨迹15,forward
1775480185.005862,49.359545,1775480186.787776|完整运动,完整运动,circle_orbit,1,1.000000,1.500000,1.500000,,,,,,,,,,,,,,,,1.275714,0.083104,1.188907,0.056171,0.000000,0.000000,-0.035159,,-0.149475,0.000000,,,,0.065143,0.127581,1.500000,60.591401,2.235606,0.000000,circle,预设轨迹15,forward
1775480185.026400,49.380083,1775480186.787776|完整运动,完整运动,circle_orbit,1,1.000000,1.500000,1.500000,,,,,,,,,,,,,,,,1.274248,0.082076,1.186295,0.076209,0.000000,0.000000,-0.037728,,-0.150184,0.000000,,,,0.064412,0.127435,1.500000,60.617155,2.209852,0.000000,circle,预设轨迹15,forward
1775480185.050706,49.404388,1775480186.787776|完整运动,完整运动,circle_orbit,1,1.000000,1.500000,1.500000,,,,,,,,,,,,,,,,1.272806,0.084091,1.186295,0.095595,0.000000,0.000000,-0.037728,,-0.150184,0.000000,,,,0.066068,0.127290,1.500000,60.617155,2.209852,0.000000,circle,预设轨迹15,forward
1775480185.071257,49.424939,1775480186.787776|完整运动,完整运动,circle_orbit,1,1.000000,1.500000,1.500000,,,,,,,,,,,,,,,,1.271321,0.079178,1.182212,0.051114,0.000000,0.000000,-0.043236,,-0.150709,0.000000,,,,0.062280,0.127142,1.500000,60.668792,2.158215,0.000000,circle,预设轨迹15,forward
1775480185.092008,49.445691,1775480186.787776|完整运动,完整运动,circle_orbit,1,1.000000,1.500000,1.500000,,,,,,,,,,,,,,,,1.269831,0.077552,1.180437,0.068261,0.000000,0.000000,-0.046221,,-0.150707,0.000000,,,,0.061073,0.126993,1.500000,60.694638,2.132368,0.000000,circle,预设轨迹15,forward
1775480185.119493,49.473175,1775480186.787776|完整运动,完整运动,circle_orbit,1,1.000000,1.500000,1.500000,,,,,,,,,,,,,,,,1.268330,0.075863,1.178314,0.066204,0.000000,0.000000,-0.049254,,-0.150925,0.000000,,,,0.059813,0.126843,1.500000,60.720414,2.106592,0.000000,circle,预设轨迹15,forward
1775480185.140640,49.494323,1775480186.787776|完整运动,完整运动,circle_orbit,1,1.000000,1.500000,1.500000,,,,,,,,,,,,,,,,1.266819,0.074208,1.176111,0.064745,0.000000,0.000000,-0.052259,,-0.151214,0.000000,,,,0.058578,0.126692,1.500000,60.746227,2.080780,0.000000,circle,预设轨迹15,forward
1775480185.161415,49.515097,1775480186.787776|完整运动,完整运动,circle_orbit,1,1.000000,1.500000,1.500000,,,,,,,,,,,,,,,,1.265278,0.068728,1.172824,0.037378,0.000000,0.000000,-0.058439,,-0.150975,0.000000,,,,0.054318,0.126538,1.500000,60.797598,2.029409,0.000000,circle,预设轨迹15,forward
1775480185.193381,49.547064,1775480186.787776|完整运动,完整运动,circle_orbit,1,1.000000,1.500000,1.500000,,,,,,,,,,,,,,,,1.263762,0.070966,1.172824,0.083774,0.000000,0.000000,-0.058439,,-0.150975,0.000000,,,,0.056154,0.126386,1.500000,60.797598,2.029409,0.000000,circle,预设轨迹15,forward
1775480185.217034,49.570716,1775480186.787776|完整运动,完整运动,circle_orbit,1,1.000000,1.500000,1.500000,,,,,,,,,,,,,,,,1.262210,0.064656,1.169097,0.028536,0.000000,0.000000,-0.065302,,-0.150778,0.000000,,,,0.051225,0.126231,1.500000,60.848797,1.978210,0.000000,circle,预设轨迹15,forward
1775480185.237356,49.591039,1775480186.787776|完整运动,完整运动,circle_orbit,1,1.000000,1.500000,1.500000,,,,,,,,,,,,,,,,1.260656,0.062818,1.167382,0.052286,0.000000,0.000000,-0.068730,,-0.150585,0.000000,,,,0.049829,0.126075,1.500000,60.874533,1.952473,0.000000,circle,预设轨迹15,forward
1775480185.263216,49.616899,1775480186.787776|完整运动,完整运动,circle_orbit,1,1.000000,1.500000,1.500000,,,,,,,,,,,,,,,,1.259103,0.060711,1.165962,0.048641,0.000000,0.000000,-0.072383,,-0.150102,0.000000,,,,0.048218,0.125920,1.500000,60.900444,1.926562,0.000000,circle,预设轨迹15,forward
1775480185.287479,49.641162,1775480186.787776|完整运动,完整运动,circle_orbit,1,1.000000,1.500000,1.500000,,,,,,,,,,,,,,,,1.257497,0.054791,1.161131,0.020859,0.000000,0.000000,-0.079230,,-0.150708,0.000000,,,,0.043571,0.125759,1.500000,60.951707,1.875299,0.000000,circle,预设轨迹15,forward
1775480185.307856,49.661539,1775480186.787776|完整运动,完整运动,circle_orbit,1,1.000000,1.500000,1.500000,,,,,,,,,,,,,,,,1.255881,0.053286,1.158932,0.044657,0.000000,0.000000,-0.082643,,-0.150875,0.000000,,,,0.042429,0.125598,1.500000,60.977134,1.849872,0.000000,circle,预设轨迹15,forward
1775480185.331702,49.685385,1775480186.787776|完整运动,完整运动,circle_orbit,1,1.000000,1.500000,1.500000,,,,,,,,,,,,,,,,1.254261,0.051727,1.157043,0.042783,0.000000,0.000000,-0.086072,,-0.150824,0.000000,,,,0.041241,0.125436,1.500000,61.002561,1.824446,0.000000,circle,预设轨迹15,forward
1775480185.366883,49.720566,1775480186.787776|完整运动,完整运动,circle_orbit,1,1.000000,1.500000,1.500000,,,,,,,,,,,,,,,,1.252638,0.050198,1.155236,0.041424,0.000000,0.000000,-0.089454,,-0.150738,0.000000,,,,0.040074,0.125273,1.500000,61.028106,1.798900,0.000000,circle,预设轨迹15,forward
1775480185.398885,49.752568,1775480186.787776|完整运动,完整运动,circle_orbit,1,1.000000,1.500000,1.500000,,,,,,,,,,,,,,,,1.250981,0.044762,1.151559,0.013554,0.000000,0.000000,-0.096077,,-0.150680,0.000000,,,,0.035781,0.125108,1.500000,61.079034,1.747972,0.000000,circle,预设轨迹15,forward
1775480185.431143,49.784825,1775480186.787776|完整运动,完整运动,circle_orbit,1,1.000000,1.500000,1.500000,,,,,,,,,,,,,,,,1.249325,0.043790,1.149958,0.038208,0.000000,0.000000,-0.099185,,-0.150570,0.000000,,,,0.035051,0.124942,1.500000,61.104391,1.722616,0.000000,circle,预设轨迹15,forward
1775480185.457739,49.811422,1775480186.787776|完整运动,完整运动,circle_orbit,1,1.000000,1.500000,1.500000,,,,,,,,,,,,,,,,1.247657,0.039021,1.147608,0.011620,0.000000,0.000000,-0.105407,,-0.149751,0.000000,,,,0.031275,0.124775,1.500000,61.155063,1.671944,0.000000,circle,预设轨迹15,forward
1775480185.488514,49.842197,1775480186.787776|完整运动,完整运动,circle_orbit,1,1.000000,1.500000,1.500000,,,,,,,,,,,,,,,,1.246000,0.038100,1.146584,0.032808,0.000000,0.000000,-0.108580,,-0.149211,0.000000,,,,0.030578,0.124610,1.500000,61.180564,1.646442,0.000000,circle,预设轨迹15,forward
1775480185.508815,49.862498,1775480186.787776|完整运动,完整运动,circle_orbit,1,1.000000,1.500000,1.500000,,,,,,,,,,,,,,,,1.244345,0.033348,1.145053,0.006023,0.000000,0.000000,-0.114896,,-0.147778,0.000000,,,,0.026800,0.124444,1.500000,61.232003,1.595004,0.000000,circle,预设轨迹15,forward
1775480185.531434,49.885117,1775480186.787776|完整运动,完整运动,circle_orbit,1,1.000000,1.500000,1.500000,,,,,,,,,,,,,,,,1.242718,0.036332,1.145053,0.053500,0.000000,0.000000,-0.114896,,-0.147778,0.000000,,,,0.029236,0.124281,1.500000,61.232003,1.595004,0.000000,circle,预设轨迹15,forward
1775480185.564929,49.918612,1775480186.787776|完整运动,完整运动,circle_orbit,1,1.000000,1.500000,1.500000,,,,,,,,,,,,,,,,1.241099,0.031525,1.144009,0.003864,0.000000,0.000000,-0.121130,,-0.146031,0.000000,,,,0.025401,0.124120,1.500000,61.283050,1.543957,0.000000,circle,预设轨迹15,forward
1775480185.585379,49.939061,1775480186.787776|完整运动,完整运动,circle_orbit,1,1.000000,1.500000,1.500000,,,,,,,,,,,,,,,,1.239492,0.026615,1.143046,-0.001656,0.000000,0.000000,-0.127637,,-0.144119,0.000000,,,,0.021472,0.123959,1.500000,61.333302,1.493705,0.000000,circle,预设轨迹15,forward
1775480185.607177,49.960860,1775480186.787776|完整运动,完整运动,circle_orbit,1,1.000000,1.500000,1.500000,,,,,,,,,,,,,,,,1.237911,0.029668,1.143046,0.047250,0.000000,0.000000,-0.127637,,-0.144119,0.000000,,,,0.023966,0.123801,1.500000,61.333302,1.493705,0.000000,circle,预设轨迹15,forward
1775480185.636611,49.990294,1775480186.787776|完整运动,完整运动,circle_orbit,1,1.000000,1.500000,1.500000,,,,,,,,,,,,,,,,1.236346,0.024586,1.142440,-0.004688,0.000000,0.000000,-0.134171,,-0.141939,0.000000,,,,0.019886,0.123644,1.500000,61.383935,1.443072,0.000000,circle,预设轨迹15,forward
1775480185.659910,50.013593,1775480186.787776|完整运动,完整运动,circle_orbit,1,1.000000,1.500000,1.500000,,,,,,,,,,,,,,,,1.234800,0.023522,1.142078,0.017388,0.000000,0.000000,-0.137531,,-0.140855,0.000000,,,,0.019049,0.123490,1.500000,61.409535,1.417472,0.000000,circle,预设轨迹15,forward
1775480185.681334,50.035017,1775480186.787776|完整运动,完整运动,circle_orbit,1,1.000000,1.500000,1.500000,,,,,,,,,,,,,,,,1.233257,0.018317,1.140631,-0.011695,0.000000,0.000000,-0.144328,,-0.139178,0.000000,,,,0.014852,0.123335,1.500000,61.460208,1.366799,0.000000,circle,预设轨迹15,forward
1775480185.706502,50.060185,1775480186.787776|完整运动,完整运动,circle_orbit,1,1.000000,1.500000,1.500000,,,,,,,,,,,,,,,,1.231738,0.021427,1.140631,0.039365,0.000000,0.000000,-0.144328,,-0.139178,0.000000,,,,0.017396,0.123183,1.500000,61.460208,1.366799,0.000000,circle,预设轨迹15,forward
1775480185.727405,50.081088,1775480186.787776|完整运动,完整运动,circle_orbit,1,1.000000,1.500000,1.500000,,,,,,,,,,,,,,,,1.230225,0.016512,1.139406,-0.011846,0.000000,0.000000,-0.150788,,-0.137477,0.000000,,,,0.013422,0.123032,1.500000,61.510506,1.316500,0.000000,circle,预设轨迹15,forward
1775480185.751813,50.105496,1775480186.787776|完整运动,完整运动,circle_orbit,1,1.000000,1.500000,1.500000,,,,,,,,,,,,,,,,1.228736,0.019493,1.139406,0.036698,0.000000,0.000000,-0.150788,,-0.137477,0.000000,,,,0.015864,0.122883,1.500000,61.510506,1.316500,0.000000,circle,预设轨迹15,forward
1775480185.773630,50.127313,1775480186.787776|完整运动,完整运动,circle_orbit,1,1.000000,1.500000,1.500000,,,,,,,,,,,,,,,,1.227265,0.015033,1.139038,-0.010721,0.000000,0.000000,-0.156782,,-0.135345,0.000000,,,,0.012249,0.122736,1.500000,61.561104,1.265902,0.000000,circle,预设轨迹15,forward
1775480185.793964,50.147647,1775480186.787776|完整运动,完整运动,circle_orbit,1,1.000000,1.500000,1.500000,,,,,,,,,,,,,,,,1.225808,0.014481,1.138385,0.011298,0.000000,0.000000,-0.159655,,-0.134668,0.000000,,,,0.011814,0.122590,1.500000,61.586346,1.240661,0.000000,circle,预设轨迹15,forward
1775480185.824013,50.177695,1775480186.787776|完整运动,完整运动,circle_orbit,1,1.000000,1.500000,1.500000,,,,,,,,,,,,,,,,1.224369,0.014137,1.138018,0.012146,0.000000,0.000000,-0.162290,,-0.133880,0.000000,,,,0.011546,0.122446,1.500000,61.611556,1.215450,0.000000,circle,预设轨迹15,forward
1775480185.848069,50.201752,1775480186.787776|完整运动,完整运动,circle_orbit,1,1.000000,1.500000,1.500000,,,,,,,,,,,,,,,,1.222959,0.013864,1.138345,0.012288,0.000000,0.000000,-0.164795,,-0.132641,0.000000,,,,0.011337,0.122305,1.500000,61.636675,1.190332,0.000000,circle,预设轨迹15,forward
1775480185.869343,50.223026,1775480186.787776|完整运动,完整运动,circle_orbit,1,1.000000,1.500000,1.500000,,,,,,,,,,,,,,,,1.221590,0.010209,1.139469,-0.010925,0.000000,0.000000,-0.170094,,-0.129709,0.000000,,,,0.008357,0.122168,1.500000,61.686767,1.140239,0.000000,circle,预设轨迹15,forward
1775480185.898598,50.252281,1775480186.787776|完整运动,完整运动,circle_orbit,1,1.000000,1.500000,1.500000,,,,,,,,,,,,,,,,1.220253,0.009737,1.140041,0.007005,0.000000,0.000000,-0.172839,,-0.128198,0.000000,,,,0.007979,0.122035,1.500000,61.712042,1.114965,0.000000,circle,预设轨迹15,forward
1775480185.924792,50.278475,1775480186.787776|完整运动,完整运动,circle_orbit,1,1.000000,1.500000,1.500000,,,,,,,,,,,,,,,,1.218945,0.009450,1.140475,0.007792,0.000000,0.000000,-0.175370,,-0.126872,0.000000,,,,0.007753,0.121904,1.500000,61.737305,1.089701,0.000000,circle,预设轨迹15,forward
1775480185.945529,50.299212,1775480186.787776|完整运动,完整运动,circle_orbit,1,1.000000,1.500000,1.500000,,,,,,,,,,,,,,,,1.217684,0.006292,1.142021,-0.011990,0.000000,0.000000,-0.180272,,-0.123799,0.000000,,,,0.005167,0.121778,1.500000,61.787720,1.039287,0.000000,circle,预设轨迹15,forward
1775480185.970336,50.324018,1775480186.787776|完整运动,完整运动,circle_orbit,1,1.000000,1.500000,1.500000,,,,,,,,,,,,,,,,1.216444,0.009048,1.142021,0.025006,0.000000,0.000000,-0.180272,,-0.123799,0.000000,,,,0.007438,0.121654,1.500000,61.787720,1.039287,0.000000,circle,预设轨迹15,forward
1775480185.998545,50.352228,1775480186.787776|完整运动,完整运动,circle_orbit,1,1.000000,1.500000,1.500000,,,,,,,,,,,,,,,,1.215248,0.005423,1.143486,-0.015571,0.000000,0.000000,-0.185439,,-0.120680,0.000000,,,,0.004462,0.121534,1.500000,61.837385,0.989621,0.000000,circle,预设轨迹15,forward
1775480186.019102,50.372784,1775480186.787776|完整运动,完整运动,circle_orbit,1,1.000000,1.500000,1.500000,,,,,,,,,,,,,,,,1.214088,0.005204,1.144486,0.003936,0.000000,0.000000,-0.187869,,-0.118991,0.000000,,,,0.004286,0.121418,1.500000,61.862270,0.964737,0.000000,circle,预设轨迹15,forward
1775480186.044512,50.398195,1775480186.787776|完整运动,完整运动,circle_orbit,1,1.000000,1.500000,1.500000,,,,,,,,,,,,,,,,1.212969,0.005030,1.145829,0.004023,0.000000,0.000000,-0.190201,,-0.117098,0.000000,,,,0.004147,0.121306,1.500000,61.887221,0.939785,0.000000,circle,预设轨迹15,forward
1775480186.071064,50.424747,1775480186.787776|完整运动,完整运动,circle_orbit,1,1.000000,1.500000,1.500000,,,,,,,,,,,,,,,,1.211885,0.004763,1.146830,0.003217,0.000000,0.000000,-0.192554,,-0.115443,0.000000,,,,0.003930,0.121198,1.500000,61.912288,0.914719,0.000000,circle,预设轨迹15,forward
1775480186.093044,50.446726,1775480186.787776|完整运动,完整运动,circle_orbit,1,1.000000,1.500000,1.500000,,,,,,,,,,,,,,,,1.210847,0.001174,1.148590,-0.019634,0.000000,0.000000,-0.197684,,-0.112138,0.000000,,,,0.000970,0.121094,1.500000,61.962293,0.864713,0.000000,circle,预设轨迹15,forward
1775480186.122182,50.475865,1775480186.787776|完整运动,完整运动,circle_orbit,1,1.000000,1.500000,1.500000,,,,,,,,,,,,,,,,1.209830,0.000923,1.148796,-0.000531,0.000000,0.000000,-0.200130,,-0.111013,0.000000,,,,0.000763,0.120992,1.500000,61.987118,0.839889,0.000000,circle,预设轨迹15,forward
1775480186.153441,50.507124,1775480186.787776|完整运动,完整运动,circle_orbit,1,1.000000,1.500000,1.500000,,,,,,,,,,,,,,,,1.208870,-0.001744,1.151260,-0.017213,0.000000,0.000000,-0.204579,,-0.107487,0.000000,,,,0.001443,0.120896,1.500000,62.036906,0.790101,0.000000,circle,预设轨迹15,forward
1775480186.178404,50.532087,1775480186.787776|完整运动,完整运动,circle_orbit,1,1.000000,1.500000,1.500000,,,,,,,,,,,,,,,,1.207944,-0.001473,1.152402,0.000101,0.000000,0.000000,-0.206624,,-0.105862,0.000000,,,,0.001219,0.120804,1.500000,62.061834,0.765173,0.000000,circle,预设轨迹15,forward
1775480186.198800,50.552483,1775480186.787776|完整运动,完整运动,circle_orbit,1,1.000000,1.500000,1.500000,,,,,,,,,,,,,,,,1.207033,0.001099,1.152402,0.016024,0.000000,0.000000,-0.206624,,-0.105862,0.000000,,,,0.000911,0.120713,1.500000,62.061834,0.765173,0.000000,circle,预设轨迹15,forward
1775480186.228308,50.581991,1775480186.787776|完整运动,完整运动,circle_orbit,1,1.000000,1.500000,1.500000,,,,,,,,,,,,,,,,1.206176,-0.000949,1.154749,-0.012839,0.000000,0.000000,-0.210344,,-0.102721,0.000000,,,,0.000787,0.120627,1.500000,62.111686,0.715321,0.000000,circle,预设轨迹15,forward
1775480186.248751,50.602433,1775480186.787776|完整运动,完整运动,circle_orbit,1,1.000000,1.500000,1.500000,,,,,,,,,,,,,,,,1.205368,-0.003207,1.156884,-0.016310,0.000000,0.000000,-0.214316,,-0.099633,0.000000,,,,0.002660,0.120546,1.500000,62.161363,0.665644,0.000000,circle,预设轨迹15,forward
1775480186.272007,50.625690,1775480186.787776|完整运动,完整运动,circle_orbit,1,1.000000,1.500000,1.500000,,,,,,,,,,,,,,,,1.204573,-0.000706,1.156884,0.013811,0.000000,0.000000,-0.214316,,-0.099633,0.000000,,,,0.000586,0.120467,1.500000,62.161363,0.665644,0.000000,circle,预设轨迹15,forward
1775480186.297431,50.651113,1775480186.787776|完整运动,完整运动,circle_orbit,1,1.000000,1.500000,1.500000,,,,,,,,,,,,,,,,1.203847,-0.003023,1.160279,-0.016479,0.000000,0.000000,-0.218219,,-0.095701,0.000000,,,,0.002511,0.120394,1.500000,62.211074,0.615933,0.000000,circle,预设轨迹15,forward
1775480186.317742,50.671425,1775480186.787776|完整运动,完整运动,circle_orbit,1,1.000000,1.500000,1.500000,,,,,,,,,,,,,,,,1.203164,-0.002946,1.162146,-0.002495,0.000000,0.000000,-0.220176,,-0.093620,0.000000,,,,0.002448,0.120326,1.500000,62.236008,0.590998,0.000000,circle,预设轨迹15,forward
1775480186.348931,50.702614,1775480186.787776|完整运动,完整运动,circle_orbit,1,1.000000,1.500000,1.500000,,,,,,,,,,,,,,,,1.202519,-0.002873,1.163815,-0.002452,0.000000,0.000000,-0.222085,,-0.091699,0.000000,,,,0.002389,0.120261,1.500000,62.261189,0.565818,0.000000,circle,预设轨迹15,forward
1775480186.373304,50.726986,1775480186.787776|完整运动,完整运动,circle_orbit,1,1.000000,1.500000,1.500000,,,,,,,,,,,,,,,,1.201936,-0.005252,1.166974,-0.019076,0.000000,0.000000,-0.226039,,-0.087938,0.000000,,,,0.004370,0.120203,1.500000,62.310979,0.516028,0.000000,circle,预设轨迹15,forward
1775480186.393617,50.747300,1775480186.787776|完整运动,完整运动,circle_orbit,1,1.000000,1.500000,1.500000,,,,,,,,,,,,,,,,1.201388,-0.005226,1.168512,-0.005074,0.000000,0.000000,-0.228041,,-0.086079,0.000000,,,,0.004350,0.120148,1.500000,62.335670,0.491336,0.000000,circle,预设轨迹15,forward
1775480186.421122,50.774804,1775480186.787776|完整运动,完整运动,circle_orbit,1,1.000000,1.500000,1.500000,,,,,,,,,,,,,,,,1.200881,-0.005074,1.170454,-0.004191,0.000000,0.000000,-0.229888,,-0.084009,0.000000,,,,0.004225,0.120097,1.500000,62.360414,0.466592,0.000000,circle,预设轨迹15,forward
1775480186.445328,50.799011,1775480186.787776|完整运动,完整运动,circle_orbit,1,1.000000,1.500000,1.500000,,,,,,,,,,,,,,,,1.200455,-0.006865,1.174927,-0.017269,0.000000,0.000000,-0.233345,,-0.079577,0.000000,,,,0.005718,0.120055,1.500000,62.410225,0.416782,0.000000,circle,预设轨迹15,forward
1775480186.465718,50.819401,1775480186.787776|完整运动,完整运动,circle_orbit,1,1.000000,1.500000,1.500000,,,,,,,,,,,,,,,,1.200070,-0.006555,1.176970,-0.004757,0.000000,0.000000,-0.235077,,-0.077499,0.000000,,,,0.005462,0.120016,1.500000,62.435231,0.391775,0.000000,circle,预设轨迹15,forward
1775480186.493444,50.847126,1775480186.787776|完整运动,完整运动,circle_orbit,1,1.000000,1.500000,1.500000,,,,,,,,,,,,,,,,1.199731,-0.006445,1.179355,-0.005801,0.000000,0.000000,-0.236918,,-0.075151,0.000000,,,,0.005372,0.119982,1.500000,62.460099,0.366907,0.000000,circle,预设轨迹15,forward
1775480186.514400,50.868083,1775480186.787776|完整运动,完整运动,circle_orbit,1,1.000000,1.500000,1.500000,,,,,,,,,,,,,,,,1.199425,-0.006432,1.181053,-0.006359,0.000000,0.000000,-0.238798,,-0.073256,0.000000,,,,0.005363,0.119952,1.500000,62.484998,0.342008,0.000000,circle,预设轨迹15,forward
1775480186.534744,50.888427,1775480186.787776|完整运动,完整运动,circle_orbit,1,1.000000,1.500000,1.500000,,,,,,,,,,,,,,,,1.199147,-0.006172,1.182481,-0.004663,0.000000,0.000000,-0.240430,,-0.071645,0.000000,,,,0.005147,0.119924,1.500000,62.509723,0.317284,0.000000,circle,预设轨迹15,forward
1775480186.565458,50.919141,1775480186.787776|完整运动,完整运动,circle_orbit,1,1.000000,1.500000,1.500000,,,,,,,,,,,,,,,,1.198906,-0.005889,1.184447,-0.004239,0.000000,0.000000,-0.241994,,-0.069704,0.000000,,,,0.004912,0.119900,1.500000,62.534530,0.292476,0.000000,circle,预设轨迹15,forward
1775480186.586714,50.940397,1775480186.787776|完整运动,完整运动,circle_orbit,1,1.000000,1.500000,1.500000,,,,,,,,,,,,,,,,1.198712,-0.005551,1.187062,-0.003591,0.000000,0.000000,-0.243466,,-0.067371,0.000000,,,,0.004631,0.119880,1.500000,62.559268,0.267739,0.000000,circle,预设轨迹15,forward
1775480186.606996,50.960679,1775480186.787776|完整运动,完整运动,circle_orbit,1,1.000000,1.500000,1.500000,,,,,,,,,,,,,,,,1.198590,-0.006365,1.191296,-0.011098,0.000000,0.000000,-0.245879,,-0.063599,0.000000,,,,0.005311,0.119868,1.500000,62.608676,0.218330,0.000000,circle,预设轨迹15,forward
1775480186.637372,50.991055,1775480186.787776|完整运动,完整运动,circle_orbit,1,1.000000,1.500000,1.500000,,,,,,,,,,,,,,,,1.198513,-0.005628,1.193905,-0.001343,0.000000,0.000000,-0.246992,,-0.061434,0.000000,,,,0.004696,0.119861,1.500000,62.633392,0.193615,0.000000,circle,预设轨迹15,forward
1775480186.658574,51.012256,1775480186.787776|完整运动,完整运动,circle_orbit,1,1.000000,1.500000,1.500000,,,,,,,,,,,,,,,,1.198476,-0.004803,1.196222,-0.000000,0.000000,0.000000,-0.247962,,-0.059525,0.000000,,,,0.004007,0.119857,1.500000,62.658158,0.168849,0.000000,circle,预设轨迹15,forward
1775480186.678855,51.032538,1775480186.787776|完整运动,完整运动,circle_orbit,1,1.000000,1.500000,1.500000,,,,,,,,,,,,,,,,1.198479,-0.004011,1.198650,0.000595,0.000000,0.000000,-0.248892,,-0.057566,0.000000,,,,0.003346,0.119857,1.500000,62.682831,0.144175,0.000000,circle,预设轨迹15,forward
1775480186.702704,51.056386,1775480186.787776|完整运动,完整运动,circle_orbit,1,1.000000,1.500000,1.500000,,,,,,,,,,,,,,,,1.198535,-0.003241,1.201894,0.001235,0.000000,0.000000,-0.249780,,-0.055099,0.000000,,,,0.002704,0.119863,1.500000,62.707562,0.119444,0.000000,circle,预设轨迹15,forward
1775480186.736275,51.089958,1775480186.787776|完整运动,完整运动,circle_orbit,1,1.000000,1.500000,1.500000,,,,,,,,,,,,,,,,1.198685,-0.003561,1.207708,-0.005420,0.000000,0.000000,-0.251546,,-0.050638,0.000000,,,,0.002970,0.119878,1.500000,62.757155,0.069851,0.000000,circle,预设轨迹15,forward
1775480186.756981,51.110664,1775480186.787776|完整运动,完整运动,circle_orbit,1,1.000000,1.500000,1.500000,,,,,,,,,,,,,,,,1.198882,-0.002735,1.210718,0.002064,0.000000,0.000000,-0.252345,,-0.048388,0.000000,,,,0.002281,0.119897,1.500000,62.782210,0.044796,0.000000,circle,预设轨迹15,forward
