timestamp,relative_time_s,run_key,run_label,tracking_mode,segment_index,speed_sign,speed_mps,nominal_speed_abs_mps,lookahead_base_m,arrival_dist_m,slow_down_dist_m,stanley_gain,stanley_softening_distance_m,stanley_term_rad,lateral_pid_kp,lateral_pid_ki,lateral_pid_kd,heading_pid_kp,heading_pid_ki,heading_pid_kd,yaw_rate_pid_kp,yaw_rate_pid_ki,yaw_rate_pid_kd,cmd_v_mps,cmd_w_radps,desired_v_mps,desired_w_radps,feedback_v_mps,feedback_w_radps,lateral_error_m,stanley_lateral_pd_output_radps,heading_error_rad,yaw_rate_error_radps,lateral_pid_output_radps,heading_pid_output_radps,yaw_rate_pid_output_radps,path_curvature_inv_m,path_ff_w_radps,profile_speed_mps,path_s_m,dist_to_goal_m,pose_age_s,segment_kind,segment_trajectory_name,motion_direction
1775478701.434256,0.000000,1775478750.612545|完整运动,完整运动,circle_orbit,1,1.000000,1.500000,1.500000,,,,,,,,,,,,,,,,0.024590,0.002732,1.500000,0.002732,0.000000,0.000000,0.000000,,0.000000,0.000000,,,,0.027325,0.002732,1.500000,0.000000,56.543307,0.000000,circle,预设轨迹15,forward
1775478701.454830,0.020574,1775478750.612545|完整运动,完整运动,circle_orbit,1,1.000000,1.500000,1.500000,,,,,,,,,,,,,,,,0.048775,0.002854,1.499892,0.003764,0.000000,0.000000,0.000066,,0.000016,0.000000,,,,0.028538,0.005420,1.500000,0.000093,56.543213,0.000000,circle,预设轨迹15,forward
1775478701.475549,0.041293,1775478750.612545|完整运动,完整运动,circle_orbit,1,1.000000,1.500000,1.500000,,,,,,,,,,,,,,,,0.072563,0.003042,1.499843,0.004453,0.000000,0.000000,0.000130,,0.000008,0.000000,,,,0.030420,0.008063,1.500000,0.000186,56.543121,0.000000,circle,预设轨迹15,forward
1775478701.497452,0.063196,1775478750.612545|完整运动,完整运动,circle_orbit,1,1.000000,1.500000,1.500000,,,,,,,,,,,,,,,,0.095960,0.003291,1.499752,0.005161,0.000000,0.000000,0.000189,,0.000020,0.000000,,,,0.032913,0.010663,1.500000,0.000274,56.543033,0.000000,circle,预设轨迹15,forward
1775478701.520032,0.085776,1775478750.612545|完整运动,完整运动,circle_orbit,1,1.000000,1.500000,1.500000,,,,,,,,,,,,,,,,0.118971,0.003591,1.499646,0.005842,0.000000,0.000000,0.000234,,0.000043,0.000000,,,,0.030186,0.013220,1.500000,0.000360,56.542947,0.000000,circle,预设轨迹15,forward
1775478701.557265,0.123009,1775478750.612545|完整运动,完整运动,circle_orbit,1,1.000000,1.500000,1.500000,,,,,,,,,,,,,,,,0.141602,0.003986,1.499466,0.006950,0.000000,0.000000,0.000334,,0.000074,0.000000,,,,0.028152,0.015735,1.500000,0.000519,56.542788,0.000000,circle,预设轨迹15,forward
1775478701.577974,0.143718,1775478750.612545|完整运动,完整运动,circle_orbit,1,1.000000,1.500000,1.500000,,,,,,,,,,,,,,,,0.163862,0.004415,1.499423,0.007627,0.000000,0.000000,0.000406,,0.000060,0.000000,,,,0.026942,0.018209,1.500000,0.000585,56.542722,0.000000,circle,预设轨迹15,forward
1775478701.598679,0.164423,1775478750.612545|完整运动,完整运动,circle_orbit,1,1.000000,1.500000,1.500000,,,,,,,,,,,,,,,,0.185756,0.004893,1.499415,0.008481,0.000000,0.000000,0.000479,,0.000031,0.000000,,,,0.026341,0.020642,1.500000,0.000655,56.542652,0.000000,circle,预设轨迹15,forward
1775478701.618946,0.184690,1775478750.612545|完整运动,完整运动,circle_orbit,1,1.000000,1.500000,1.500000,,,,,,,,,,,,,,,,0.207289,0.005411,1.499279,0.009296,0.000000,0.000000,0.000541,,0.000060,0.000000,,,,0.026104,0.023034,1.500000,0.000721,56.542586,0.000000,circle,预设轨迹15,forward
1775478701.641488,0.207232,1775478750.612545|完整运动,完整运动,circle_orbit,1,1.000000,1.500000,1.500000,,,,,,,,,,,,,,,,0.228464,0.005936,1.498987,0.009876,0.000000,0.000000,0.000550,,0.000178,0.000000,,,,0.025983,0.025387,1.500000,0.000893,56.542414,0.000000,circle,预设轨迹15,forward
1775478701.661934,0.227679,1775478750.612545|完整运动,完整运动,circle_orbit,1,1.000000,1.500000,1.500000,,,,,,,,,,,,,,,,0.249298,0.006525,1.499337,0.010941,0.000000,0.000000,0.000588,,-0.000015,0.000000,,,,0.026174,0.027702,1.500000,0.002312,56.540995,0.000000,circle,预设轨迹15,forward
1775478701.692020,0.257765,1775478750.612545|完整运动,完整运动,circle_orbit,1,1.000000,1.500000,1.500000,,,,,,,,,,,,,,,,0.269791,0.007127,1.499337,0.011643,0.000000,0.000000,0.000588,,-0.000015,0.000000,,,,0.026418,0.029980,1.500000,0.002312,56.540995,0.000000,circle,预设轨迹15,forward
1775478701.712579,0.278323,1775478750.612545|完整运动,完整运动,circle_orbit,1,1.000000,1.500000,1.500000,,,,,,,,,,,,,,,,0.289930,0.007847,1.498289,0.013247,0.000000,0.000000,0.000699,,0.000403,0.000000,,,,0.027066,0.032218,1.500000,0.006359,56.536947,0.000000,circle,预设轨迹15,forward
1775478701.739384,0.305128,1775478750.612545|完整运动,完整运动,circle_orbit,1,1.000000,1.500000,1.500000,,,,,,,,,,,,,,,,0.309718,0.008562,1.496994,0.013922,0.000000,0.000000,0.000752,,0.000921,0.000000,,,,0.027644,0.034416,1.500000,0.009345,56.533962,0.000000,circle,预设轨迹15,forward
1775478701.759889,0.325633,1775478750.612545|完整运动,完整运动,circle_orbit,1,1.000000,1.500000,1.500000,,,,,,,,,,,,,,,,0.329165,0.009334,1.496001,0.015129,0.000000,0.000000,0.000839,,0.001298,0.000000,,,,0.028358,0.036577,1.500000,0.012879,56.530428,0.000000,circle,预设轨迹15,forward
1775478701.781066,0.346810,1775478750.612545|完整运动,完整运动,circle_orbit,1,1.000000,1.500000,1.500000,,,,,,,,,,,,,,,,0.348273,0.010137,1.494721,0.016161,0.000000,0.000000,0.000925,,0.001796,0.000000,,,,0.029108,0.038701,1.500000,0.016864,56.526442,0.000000,circle,预设轨迹15,forward
1775478701.802545,0.368289,1775478750.612545|完整运动,完整运动,circle_orbit,1,1.000000,1.500000,1.500000,,,,,,,,,,,,,,,,0.367031,0.011073,1.492547,0.018093,0.000000,0.000000,0.001156,,0.002607,0.000000,,,,0.030170,0.040785,1.500000,0.026182,56.517124,0.000000,circle,预设轨迹15,forward
1775478701.838075,0.403819,1775478750.612545|完整运动,完整运动,circle_orbit,1,1.000000,1.500000,1.500000,,,,,,,,,,,,,,,,0.385457,0.011978,1.490983,0.018759,0.000000,0.000000,0.001307,,0.003199,0.000000,,,,0.031074,0.042833,1.500000,0.031505,56.511801,0.000000,circle,预设轨迹15,forward
1775478701.863161,0.428905,1775478750.612545|完整运动,完整运动,circle_orbit,1,1.000000,1.500000,1.500000,,,,,,,,,,,,,,,,0.403554,0.012940,1.489356,0.020160,0.000000,0.000000,0.001505,,0.003798,0.000000,,,,0.032066,0.044844,1.500000,0.037229,56.506077,0.000000,circle,预设轨迹15,forward
1775478701.883878,0.449622,1775478750.612545|完整运动,完整运动,circle_orbit,1,1.000000,1.500000,1.500000,,,,,,,,,,,,,,,,0.421285,0.014034,1.485159,0.022238,0.000000,0.000000,0.001853,,0.005422,0.000000,,,,0.033313,0.046814,1.500000,0.049870,56.493437,0.000000,circle,预设轨迹15,forward
1775478701.911019,0.476763,1775478750.612545|完整运动,完整运动,circle_orbit,1,1.000000,1.500000,1.500000,,,,,,,,,,,,,,,,0.438725,0.014898,1.485159,0.021378,0.000000,0.000000,0.001853,,0.005422,0.000000,,,,0.033958,0.048752,1.500000,0.049870,56.493437,0.000000,circle,预设轨迹15,forward
1775478701.948900,0.514645,1775478750.612545|完整运动,完整运动,circle_orbit,1,1.000000,1.500000,1.500000,,,,,,,,,,,,,,,,0.455820,0.016033,1.481474,0.024543,0.000000,0.000000,0.002198,,0.006839,0.000000,,,,0.035173,0.050651,1.500000,0.063841,56.479466,0.000000,circle,预设轨迹15,forward
1775478701.969528,0.535272,1775478750.612545|完整运动,完整运动,circle_orbit,1,1.000000,1.500000,1.500000,,,,,,,,,,,,,,,,0.472578,0.017215,1.478094,0.026082,0.000000,0.000000,0.002588,,0.008112,0.000000,,,,0.036428,0.052514,1.500000,0.079225,56.464081,0.000000,circle,预设轨迹15,forward
1775478701.999578,0.565323,1775478750.612545|完整运动,完整运动,circle_orbit,1,1.000000,1.500000,1.500000,,,,,,,,,,,,,,,,0.489018,0.018225,1.475411,0.025803,0.000000,0.000000,0.002713,,0.009210,0.000000,,,,0.037269,0.054340,1.500000,0.087371,56.455935,0.000000,circle,预设轨迹15,forward
1775478702.026278,0.592022,1775478750.612545|完整运动,完整运动,circle_orbit,1,1.000000,1.500000,1.500000,,,,,,,,,,,,,,,,0.505151,0.019242,1.473103,0.026867,0.000000,0.000000,0.002820,,0.010158,0.000000,,,,0.038092,0.056133,1.500000,0.095811,56.447495,0.000000,circle,预设轨迹15,forward
1775478702.047938,0.613682,1775478750.612545|完整运动,完整运动,circle_orbit,1,1.000000,1.500000,1.500000,,,,,,,,,,,,,,,,0.520947,0.020348,1.468720,0.028642,0.000000,0.000000,0.003023,,0.011967,0.000000,,,,0.039060,0.057888,1.500000,0.113327,56.429980,0.000000,circle,预设轨迹15,forward
1775478702.069219,0.634963,1775478750.612545|完整运动,完整运动,circle_orbit,1,1.000000,1.500000,1.500000,,,,,,,,,,,,,,,,0.536456,0.021416,1.467008,0.029425,0.000000,0.000000,0.003152,,0.012654,0.000000,,,,0.039921,0.059612,1.500000,0.122380,56.420927,0.000000,circle,预设轨迹15,forward
1775478702.101036,0.666780,1775478750.612545|完整运动,完整运动,circle_orbit,1,1.000000,1.500000,1.500000,,,,,,,,,,,,,,,,0.551680,0.022572,1.465144,0.031240,0.000000,0.000000,0.003385,,0.013365,0.000000,,,,0.040914,0.061304,1.500000,0.131723,56.411584,0.000000,circle,预设轨迹15,forward
1775478702.134011,0.699755,1775478750.612545|完整运动,完整运动,circle_orbit,1,1.000000,1.500000,1.500000,,,,,,,,,,,,,,,,0.566624,0.023825,1.463244,0.033225,0.000000,0.000000,0.003740,,0.014037,0.000000,,,,0.042047,0.062964,1.500000,0.141421,56.401886,0.000000,circle,预设轨迹15,forward
1775478702.157998,0.723742,1775478750.612545|完整运动,完整运动,circle_orbit,1,1.000000,1.500000,1.500000,,,,,,,,,,,,,,,,0.581245,0.025422,1.458495,0.037400,0.000000,0.000000,0.004570,,0.015755,0.000000,,,,0.043737,0.064589,1.500000,0.161564,56.381743,0.000000,circle,预设轨迹15,forward
1775478702.178521,0.744266,1775478750.612545|完整运动,完整运动,circle_orbit,1,1.000000,1.500000,1.500000,,,,,,,,,,,,,,,,0.595577,0.026680,1.455487,0.036109,0.000000,0.000000,0.004924,,0.016926,0.000000,,,,0.044796,0.066181,1.500000,0.171987,56.371320,0.000000,circle,预设轨迹15,forward
1775478702.203803,0.769547,1775478750.612545|完整运动,完整运动,circle_orbit,1,1.000000,1.500000,1.500000,,,,,,,,,,,,,,,,0.609625,0.027949,1.452539,0.037467,0.000000,0.000000,0.005283,,0.018074,0.000000,,,,0.045846,0.067743,1.500000,0.182473,56.360833,0.000000,circle,预设轨迹15,forward
1775478702.225087,0.790831,1775478750.612545|完整运动,完整运动,circle_orbit,1,1.000000,1.500000,1.500000,,,,,,,,,,,,,,,,0.623395,0.029192,1.449568,0.038520,0.000000,0.000000,0.005595,,0.019258,0.000000,,,,0.046828,0.069273,1.500000,0.193281,56.350026,0.000000,circle,预设轨迹15,forward
1775478702.245412,0.811156,1775478750.612545|完整运动,完整运动,circle_orbit,1,1.000000,1.500000,1.500000,,,,,,,,,,,,,,,,0.636855,0.030691,1.444431,0.041932,0.000000,0.000000,0.006255,,0.021264,0.000000,,,,0.048192,0.070768,1.500000,0.215471,56.327836,0.000000,circle,预设轨迹15,forward
1775478702.271603,0.837347,1775478750.612545|完整运动,完整运动,circle_orbit,1,1.000000,1.500000,1.500000,,,,,,,,,,,,,,,,0.650093,0.031720,1.444431,0.039437,0.000000,0.000000,0.006255,,0.021264,0.000000,,,,0.048793,0.072239,1.500000,0.215471,56.327836,0.000000,circle,预设轨迹15,forward
1775478702.294903,0.860647,1775478750.612545|完整运动,完整运动,circle_orbit,1,1.000000,1.500000,1.500000,,,,,,,,,,,,,,,,0.663044,0.033425,1.440060,0.046211,0.000000,0.000000,0.007191,,0.022818,0.000000,,,,0.050411,0.073679,1.500000,0.238436,56.304871,0.000000,circle,预设轨迹15,forward
1775478702.316711,0.882455,1775478750.612545|完整运动,完整运动,circle_orbit,1,1.000000,1.500000,1.500000,,,,,,,,,,,,,,,,0.675734,0.034791,1.437170,0.045040,0.000000,0.000000,0.007663,,0.023917,0.000000,,,,0.051487,0.075089,1.500000,0.250341,56.292966,0.000000,circle,预设轨迹15,forward
1775478702.349301,0.915045,1775478750.612545|完整运动,完整运动,circle_orbit,1,1.000000,1.500000,1.500000,,,,,,,,,,,,,,,,0.688176,0.036180,1.434687,0.046594,0.000000,0.000000,0.008163,,0.024824,0.000000,,,,0.052574,0.076471,1.500000,0.262536,56.280771,0.000000,circle,预设轨迹15,forward
1775478702.374022,0.939767,1775478750.612545|完整运动,完整运动,circle_orbit,1,1.000000,1.500000,1.500000,,,,,,,,,,,,,,,,0.700318,0.037923,1.428823,0.050996,0.000000,0.000000,0.009162,,0.027062,0.000000,,,,0.054151,0.077820,1.500000,0.287802,56.255505,0.000000,circle,预设轨迹15,forward
1775478702.394314,0.960058,1775478750.612545|完整运动,完整运动,circle_orbit,1,1.000000,1.500000,1.500000,,,,,,,,,,,,,,,,0.712218,0.039310,1.426232,0.049714,0.000000,0.000000,0.009674,,0.028026,0.000000,,,,0.055194,0.079143,1.500000,0.300799,56.242508,0.000000,circle,预设轨迹15,forward
1775478702.424372,0.990117,1775478750.612545|完整运动,完整运动,circle_orbit,1,1.000000,1.500000,1.500000,,,,,,,,,,,,,,,,0.723883,0.040702,1.423794,0.051141,0.000000,0.000000,0.010192,,0.028922,0.000000,,,,0.056227,0.080439,1.500000,0.314006,56.229301,0.000000,circle,预设轨迹15,forward
1775478702.459118,1.024862,1775478750.612545|完整运动,完整运动,circle_orbit,1,1.000000,1.500000,1.500000,,,,,,,,,,,,,,,,0.735275,0.042662,1.418801,0.057362,0.000000,0.000000,0.011515,,0.030651,0.000000,,,,0.058022,0.081705,1.500000,0.340800,56.202507,0.000000,circle,预设轨迹15,forward
1775478702.496663,1.062407,1775478750.612545|完整运动,完整运动,circle_orbit,1,1.000000,1.500000,1.500000,,,,,,,,,,,,,,,,0.746435,0.044220,1.415988,0.055906,0.000000,0.000000,0.012297,,0.031616,0.000000,,,,0.059242,0.082945,1.500000,0.354517,56.188790,0.000000,circle,预设轨迹15,forward
1775478702.521238,1.086982,1775478750.612545|完整运动,完整运动,circle_orbit,1,1.000000,1.500000,1.500000,,,,,,,,,,,,,,,,0.757315,0.046493,1.410140,0.063543,0.000000,0.000000,0.014101,,0.033560,0.000000,,,,0.061392,0.084154,1.500000,0.382662,56.160645,0.000000,circle,预设轨迹15,forward
1775478702.541598,1.107342,1775478750.612545|完整运动,完整运动,circle_orbit,1,1.000000,1.500000,1.500000,,,,,,,,,,,,,,,,0.767918,0.048804,1.404121,0.066137,0.000000,0.000000,0.016003,,0.035565,0.000000,,,,0.063554,0.085332,1.500000,0.411384,56.131923,0.000000,circle,预设轨迹15,forward
1775478702.573180,1.138924,1775478750.612545|完整运动,完整运动,circle_orbit,1,1.000000,1.500000,1.500000,,,,,,,,,,,,,,,,0.778348,0.049741,1.404121,0.056763,0.000000,0.000000,0.016003,,0.035565,0.000000,,,,0.063905,0.086491,1.500000,0.411384,56.131923,0.000000,circle,预设轨迹15,forward
1775478702.594899,1.160644,1775478750.612545|完整运动,完整运动,circle_orbit,1,1.000000,1.500000,1.500000,,,,,,,,,,,,,,,,0.788492,0.051784,1.397108,0.067110,0.000000,0.000000,0.017541,,0.038232,0.000000,,,,0.065675,0.087618,1.500000,0.440400,56.102907,0.000000,circle,预设轨迹15,forward
1775478702.615288,1.181032,1775478750.612545|完整运动,完整运动,circle_orbit,1,1.000000,1.500000,1.500000,,,,,,,,,,,,,,,,0.798412,0.053169,1.393621,0.063555,0.000000,0.000000,0.018177,,0.039629,0.000000,,,,0.066593,0.088721,1.500000,0.455244,56.088063,0.000000,circle,预设轨迹15,forward
1775478702.645989,1.211733,1775478750.612545|完整运动,完整运动,circle_orbit,1,1.000000,1.500000,1.500000,,,,,,,,,,,,,,,,0.808129,0.054568,1.391182,0.065064,0.000000,0.000000,0.018833,,0.040516,0.000000,,,,0.067524,0.089801,1.500000,0.470358,56.072949,0.000000,circle,预设轨迹15,forward
1775478702.669524,1.235269,1775478750.612545|完整运动,完整运动,circle_orbit,1,1.000000,1.500000,1.500000,,,,,,,,,,,,,,,,0.817602,0.056594,1.385940,0.071785,0.000000,0.000000,0.020375,,0.042380,0.000000,,,,0.069219,0.090853,1.500000,0.501026,56.042281,0.000000,circle,预设轨迹15,forward
1775478702.689849,1.255593,1775478750.612545|完整运动,完整运动,circle_orbit,1,1.000000,1.500000,1.500000,,,,,,,,,,,,,,,,0.826862,0.058089,1.382503,0.069306,0.000000,0.000000,0.021198,,0.043696,0.000000,,,,0.070253,0.091882,1.500000,0.516538,56.026769,0.000000,circle,预设轨迹15,forward
1775478702.719398,1.285142,1775478750.612545|完整运动,完整运动,circle_orbit,1,1.000000,1.500000,1.500000,,,,,,,,,,,,,,,,0.835911,0.059577,1.378852,0.070730,0.000000,0.000000,0.022014,,0.045128,0.000000,,,,0.071271,0.092888,1.500000,0.532184,56.011123,0.000000,circle,预设轨迹15,forward
1775478702.743638,1.309382,1775478750.612545|完整运动,完整运动,circle_orbit,1,1.000000,1.500000,1.500000,,,,,,,,,,,,,,,,0.844757,0.061121,1.375479,0.072701,0.000000,0.000000,0.022916,,0.046395,0.000000,,,,0.072353,0.093871,1.500000,0.547955,55.995351,0.000000,circle,预设轨迹15,forward
1775478702.763971,1.329715,1775478750.612545|完整运动,完整运动,circle_orbit,1,1.000000,1.500000,1.500000,,,,,,,,,,,,,,,,0.853366,0.063617,1.369927,0.082344,0.000000,0.000000,0.025179,,0.048151,0.000000,,,,0.074549,0.094827,1.500000,0.579993,55.963314,0.000000,circle,预设轨迹15,forward
1775478702.791348,1.357092,1775478750.612545|完整运动,完整运动,circle_orbit,1,1.000000,1.500000,1.500000,,,,,,,,,,,,,,,,0.861834,0.064474,1.369927,0.070902,0.000000,0.000000,0.025179,,0.048151,0.000000,,,,0.074811,0.095768,1.500000,0.579993,55.963314,0.000000,circle,预设轨迹15,forward
1775478702.816515,1.382260,1775478750.612545|完整运动,完整运动,circle_orbit,1,1.000000,1.500000,1.500000,,,,,,,,,,,,,,,,0.870041,0.067239,1.362454,0.087972,0.000000,0.000000,0.027855,,0.050716,0.000000,,,,0.077282,0.096680,1.500000,0.613022,55.930285,0.000000,circle,预设轨迹15,forward
1775478702.837202,1.402946,1775478750.612545|完整运动,完整运动,circle_orbit,1,1.000000,1.500000,1.500000,,,,,,,,,,,,,,,,0.878060,0.068932,1.359196,0.081627,0.000000,0.000000,0.029086,,0.051818,0.000000,,,,0.078504,0.097571,1.500000,0.629626,55.913681,0.000000,circle,预设轨迹15,forward
1775478702.870663,1.436407,1775478750.612545|完整运动,完整运动,circle_orbit,1,1.000000,1.500000,1.500000,,,,,,,,,,,,,,,,0.885838,0.071397,1.352542,0.089884,0.000000,0.000000,0.031426,,0.054171,0.000000,,,,0.080598,0.098436,1.500000,0.663365,55.879941,0.000000,circle,预设轨迹15,forward
1775478702.891709,1.457453,1775478750.612545|完整运动,完整运动,circle_orbit,1,1.000000,1.500000,1.500000,,,,,,,,,,,,,,,,0.893438,0.073075,1.349431,0.085665,0.000000,0.000000,0.032709,,0.055199,0.000000,,,,0.081791,0.099280,1.500000,0.680578,55.862728,0.000000,circle,预设轨迹15,forward
1775478702.912000,1.477744,1775478750.612545|完整运动,完整运动,circle_orbit,1,1.000000,1.500000,1.500000,,,,,,,,,,,,,,,,0.900863,0.074703,1.346323,0.086911,0.000000,0.000000,0.033934,,0.056258,0.000000,,,,0.082924,0.100105,1.500000,0.698022,55.845285,0.000000,circle,预设轨迹15,forward
1775478702.942814,1.508558,1775478750.612545|完整运动,完整运动,circle_orbit,1,1.000000,1.500000,1.500000,,,,,,,,,,,,,,,,0.908115,0.076306,1.343271,0.088329,0.000000,0.000000,0.035138,,0.057305,0.000000,,,,0.084027,0.100911,1.500000,0.715595,55.827712,0.000000,circle,预设轨迹15,forward
1775478702.966725,1.532469,1775478750.612545|完整运动,完整运动,circle_orbit,1,1.000000,1.500000,1.500000,,,,,,,,,,,,,,,,0.915199,0.077959,1.340197,0.090359,0.000000,0.000000,0.036426,,0.058333,0.000000,,,,0.085183,0.101698,1.500000,0.733148,55.810158,0.000000,circle,预设轨迹15,forward
1775478702.987041,1.552785,1775478750.612545|完整运动,完整运动,circle_orbit,1,1.000000,1.500000,1.500000,,,,,,,,,,,,,,,,0.922057,0.080610,1.333554,0.100494,0.000000,0.000000,0.039144,,0.060610,0.000000,,,,0.087425,0.102460,1.500000,0.768744,55.774563,0.000000,circle,预设轨迹15,forward
1775478703.017617,1.583361,1775478750.612545|完整运动,完整运动,circle_orbit,1,1.000000,1.500000,1.500000,,,,,,,,,,,,,,,,0.928746,0.082243,1.330119,0.094489,0.000000,0.000000,0.040485,,0.061829,0.000000,,,,0.088553,0.103204,1.500000,0.786849,55.756457,0.000000,circle,预设轨迹15,forward
1775478703.041631,1.607375,1775478750.612545|完整运动,完整运动,circle_orbit,1,1.000000,1.500000,1.500000,,,,,,,,,,,,,,,,0.935267,0.083792,1.326477,0.095405,0.000000,0.000000,0.041719,,0.063215,0.000000,,,,0.089591,0.103928,1.500000,0.805194,55.738113,0.000000,circle,预设轨迹15,forward
1775478703.061916,1.627661,1775478750.612545|完整运动,完整运动,circle_orbit,1,1.000000,1.500000,1.500000,,,,,,,,,,,,,,,,0.941591,0.086296,1.321088,0.105075,0.000000,0.000000,0.044319,,0.064944,0.000000,,,,0.091649,0.104631,1.500000,0.842159,55.701147,0.000000,circle,预设轨迹15,forward
1775478703.091190,1.656934,1775478750.612545|完整运动,完整运动,circle_orbit,1,1.000000,1.500000,1.500000,,,,,,,,,,,,,,,,0.947813,0.086923,1.321088,0.091625,0.000000,0.000000,0.044319,,0.064944,0.000000,,,,0.091709,0.105323,1.500000,0.842159,55.701147,0.000000,circle,预设轨迹15,forward
1775478703.125057,1.690801,1775478750.612545|完整运动,完整运动,circle_orbit,1,1.000000,1.500000,1.500000,,,,,,,,,,,,,,,,0.953826,0.089839,1.314615,0.111709,0.000000,0.000000,0.047527,,0.067011,0.000000,,,,0.094188,0.105991,1.500000,0.879466,55.663841,0.000000,circle,预设轨迹15,forward
1775478703.145562,1.711306,1775478750.612545|完整运动,完整运动,circle_orbit,1,1.000000,1.500000,1.500000,,,,,,,,,,,,,,,,0.959640,0.093032,1.308477,0.116983,0.000000,0.000000,0.051215,,0.068718,0.000000,,,,0.096945,0.106637,1.500000,0.917480,55.625827,0.000000,circle,预设轨迹15,forward
1775478703.172169,1.737913,1775478750.612545|完整运动,完整运动,circle_orbit,1,1.000000,1.500000,1.500000,,,,,,,,,,,,,,,,0.965358,0.093557,1.308477,0.097495,0.000000,0.000000,0.051215,,0.068718,0.000000,,,,0.096914,0.107272,1.500000,0.917480,55.625827,0.000000,circle,预设轨迹15,forward
1775478703.195650,1.761395,1775478750.612545|完整运动,完整运动,circle_orbit,1,1.000000,1.500000,1.500000,,,,,,,,,,,,,,,,0.970870,0.096296,1.301581,0.116836,0.000000,0.000000,0.054307,,0.071139,0.000000,,,,0.099185,0.107885,1.500000,0.955708,55.587599,0.000000,circle,预设轨迹15,forward
1775478703.219903,1.785647,1775478750.612545|完整运动,完整运动,circle_orbit,1,1.000000,1.500000,1.500000,,,,,,,,,,,,,,,,0.976245,0.097851,1.298697,0.109519,0.000000,0.000000,0.055794,,0.072078,0.000000,,,,0.100233,0.108482,1.500000,0.974907,55.568400,0.000000,circle,预设轨迹15,forward
1775478703.250775,1.816519,1775478750.612545|完整运动,完整运动,circle_orbit,1,1.000000,1.500000,1.500000,,,,,,,,,,,,,,,,0.981480,0.099389,1.295627,0.110919,0.000000,0.000000,0.057265,,0.073134,0.000000,,,,0.101264,0.109064,1.500000,0.994239,55.549068,0.000000,circle,预设轨迹15,forward
1775478703.289846,1.855590,1775478750.612545|完整运动,完整运动,circle_orbit,1,1.000000,1.500000,1.500000,,,,,,,,,,,,,,,,0.986514,0.102024,1.288564,0.121792,0.000000,0.000000,0.060301,,0.075751,0.000000,,,,0.103419,0.109623,1.500000,1.033482,55.509824,0.000000,circle,预设轨迹15,forward
1775478703.310628,1.876372,1775478750.612545|完整运动,完整运动,circle_orbit,1,1.000000,1.500000,1.500000,,,,,,,,,,,,,,,,0.991370,0.104713,1.282677,0.124876,0.000000,0.000000,0.063479,,0.077677,0.000000,,,,0.105625,0.110163,1.500000,1.072809,55.470498,0.000000,circle,预设轨迹15,forward
1775478703.333627,1.899372,1775478750.612545|完整运动,完整运动,circle_orbit,1,1.000000,1.500000,1.500000,,,,,,,,,,,,,,,,0.996101,0.106419,1.279994,0.119210,0.000000,0.000000,0.065335,,0.078385,0.000000,,,,0.106835,0.110688,1.500000,1.092483,55.450824,0.000000,circle,预设轨迹15,forward
1775478703.364416,1.930160,1775478750.612545|完整运动,完整运动,circle_orbit,1,1.000000,1.500000,1.500000,,,,,,,,,,,,,,,,1.000715,0.108269,1.277520,0.122147,0.000000,0.000000,0.067415,,0.078879,0.000000,,,,0.108192,0.111201,1.500000,1.112334,55.430973,0.000000,circle,预设轨迹15,forward
1775478703.386181,1.951925,1775478750.612545|完整运动,完整运动,circle_orbit,1,1.000000,1.500000,1.500000,,,,,,,,,,,,,,,,1.005155,0.111714,1.271558,0.137549,0.000000,0.000000,0.071784,,0.080378,0.000000,,,,0.111141,0.111694,1.500000,1.152579,55.390728,0.000000,circle,预设轨迹15,forward
1775478703.408386,1.974130,1775478750.612545|完整运动,完整运动,circle_orbit,1,1.000000,1.500000,1.500000,,,,,,,,,,,,,,,,1.009473,0.113585,1.268554,0.127616,0.000000,0.000000,0.074030,,0.081125,0.000000,,,,0.112519,0.112174,1.500000,1.172680,55.370626,0.000000,circle,预设轨迹15,forward
1775478703.433048,1.998792,1775478750.612545|完整运动,完整运动,circle_orbit,1,1.000000,1.500000,1.500000,,,,,,,,,,,,,,,,1.013670,0.115467,1.265512,0.129583,0.000000,0.000000,0.076317,,0.081885,0.000000,,,,0.113910,0.112641,1.500000,1.192768,55.350538,0.000000,circle,预设轨迹15,forward
1775478703.453873,2.019618,1775478750.612545|完整运动,完整运动,circle_orbit,1,1.000000,1.500000,1.500000,,,,,,,,,,,,,,,,1.017752,0.117257,1.262670,0.130688,0.000000,0.000000,0.078500,,0.082582,0.000000,,,,0.115212,0.113094,1.500000,1.212874,55.330433,0.000000,circle,预设轨迹15,forward
1775478703.477744,2.043488,1775478750.612545|完整运动,完整运动,circle_orbit,1,1.000000,1.500000,1.500000,,,,,,,,,,,,,,,,1.021732,0.118952,1.260543,0.131660,0.000000,0.000000,0.080569,,0.082915,0.000000,,,,0.116422,0.113537,1.500000,1.233000,55.310307,0.000000,circle,预设轨迹15,forward
1775478703.508039,2.073784,1775478750.612545|完整运动,完整运动,circle_orbit,1,1.000000,1.500000,1.500000,,,,,,,,,,,,,,,,1.025611,0.120595,1.258340,0.132919,0.000000,0.000000,0.082584,,0.083321,0.000000,,,,0.117584,0.113968,1.500000,1.253155,55.290151,0.000000,circle,预设轨迹15,forward
1775478703.528921,2.094665,1775478750.612545|完整运动,完整运动,circle_orbit,1,1.000000,1.500000,1.500000,,,,,,,,,,,,,,,,1.029359,0.123749,1.254257,0.147403,0.000000,0.000000,0.086762,,0.083890,0.000000,,,,0.120219,0.114384,1.500000,1.293396,55.249910,0.000000,circle,预设轨迹15,forward
1775478703.562453,2.128197,1775478750.612545|完整运动,完整运动,circle_orbit,1,1.000000,1.500000,1.500000,,,,,,,,,,,,,,,,1.033046,0.123891,1.254257,0.124958,0.000000,0.000000,0.086762,,0.083890,0.000000,,,,0.119928,0.114794,1.500000,1.293396,55.249910,0.000000,circle,预设轨迹15,forward
1775478703.587094,2.152838,1775478750.612545|完整运动,完整运动,circle_orbit,1,1.000000,1.500000,1.500000,,,,,,,,,,,,,,,,1.036616,0.126736,1.250819,0.148075,0.000000,0.000000,0.090536,,0.084267,0.000000,,,,0.122260,0.115190,1.500000,1.333746,55.209561,0.000000,circle,预设轨迹15,forward
1775478703.607422,2.173166,1775478750.612545|完整运动,完整运动,circle_orbit,1,1.000000,1.500000,1.500000,,,,,,,,,,,,,,,,1.040090,0.129884,1.248512,0.153488,0.000000,0.000000,0.094828,,0.083744,0.000000,,,,0.124877,0.115576,1.500000,1.374061,55.169245,0.000000,circle,预设轨迹15,forward
1775478703.638583,2.204327,1775478750.612545|完整运动,完整运动,circle_orbit,1,1.000000,1.500000,1.500000,,,,,,,,,,,,,,,,1.043507,0.129940,1.248512,0.130359,0.000000,0.000000,0.094828,,0.083744,0.000000,,,,0.124522,0.115956,1.500000,1.374061,55.169245,0.000000,circle,预设轨迹15,forward
1775478703.668275,2.234019,1775478750.612545|完整运动,完整运动,circle_orbit,1,1.000000,1.500000,1.500000,,,,,,,,,,,,,,,,1.046825,0.133425,1.245931,0.159570,0.000000,0.000000,0.099634,,0.083163,0.000000,,,,0.127457,0.116325,1.500000,1.414243,55.129063,0.000000,circle,预设轨迹15,forward
1775478703.688780,2.254524,1775478750.612545|完整运动,完整运动,circle_orbit,1,1.000000,1.500000,1.500000,,,,,,,,,,,,,,,,1.050045,0.136674,1.243264,0.161038,0.000000,0.000000,0.104224,,0.082737,0.000000,,,,0.130160,0.116683,1.500000,1.454850,55.088456,0.000000,circle,预设轨迹15,forward
1775478703.717951,2.283695,1775478750.612545|完整运动,完整运动,circle_orbit,1,1.000000,1.500000,1.500000,,,,,,,,,,,,,,,,1.053202,0.138190,1.242599,0.149557,0.000000,0.000000,0.106459,,0.082147,0.000000,,,,0.131209,0.117034,1.500000,1.475257,55.068049,0.000000,circle,预设轨迹15,forward
1775478703.738827,2.304571,1775478750.612545|完整运动,完整运动,circle_orbit,1,1.000000,1.500000,1.500000,,,,,,,,,,,,,,,,1.056293,0.139669,1.241777,0.150767,0.000000,0.000000,0.108650,,0.081673,0.000000,,,,0.132226,0.117377,1.500000,1.495684,55.047623,0.000000,circle,预设轨迹15,forward
1775478703.759161,2.324905,1775478750.612545|完整运动,完整运动,circle_orbit,1,1.000000,1.500000,1.500000,,,,,,,,,,,,,,,,1.059322,0.141130,1.241042,0.152086,0.000000,0.000000,0.110823,,0.081154,0.000000,,,,0.133227,0.117714,1.500000,1.516222,55.027085,0.000000,circle,预设轨迹15,forward
1775478703.792665,2.358409,1775478750.612545|完整运动,完整运动,circle_orbit,1,1.000000,1.500000,1.500000,,,,,,,,,,,,,,,,1.062286,0.142565,1.240095,0.153330,0.000000,0.000000,0.112968,,0.080777,0.000000,,,,0.134206,0.118043,1.500000,1.536785,55.006521,0.000000,circle,预设轨迹15,forward
1775478703.820431,2.386175,1775478750.612545|完整运动,完整运动,circle_orbit,1,1.000000,1.500000,1.500000,,,,,,,,,,,,,,,,1.065191,0.145513,1.239539,0.167619,0.000000,0.000000,0.117275,,0.079202,0.000000,,,,0.136607,0.118366,1.500000,1.578106,54.965200,0.000000,circle,预设轨迹15,forward
1775478703.843356,2.409100,1775478750.612545|完整运动,完整运动,circle_orbit,1,1.000000,1.500000,1.500000,,,,,,,,,,,,,,,,1.068048,0.147050,1.239435,0.158577,0.000000,0.000000,0.119672,,0.078200,0.000000,,,,0.137681,0.118683,1.500000,1.598797,54.944510,0.000000,circle,预设轨迹15,forward
1775478703.866675,2.432420,1775478750.612545|完整运动,完整运动,circle_orbit,1,1.000000,1.500000,1.500000,,,,,,,,,,,,,,,,1.070848,0.148647,1.238837,0.160628,0.000000,0.000000,0.122169,,0.077456,0.000000,,,,0.138813,0.118994,1.500000,1.619478,54.923829,0.000000,circle,预设轨迹15,forward
1775478703.890217,2.455961,1775478750.612545|完整运动,完整运动,circle_orbit,1,1.000000,1.500000,1.500000,,,,,,,,,,,,,,,,1.073580,0.151941,1.237544,0.176645,0.000000,0.000000,0.127096,,0.076056,0.000000,,,,0.141527,0.119298,1.500000,1.661412,54.881895,0.000000,circle,预设轨迹15,forward
1775478703.910645,2.476390,1775478750.612545|完整运动,完整运动,circle_orbit,1,1.000000,1.500000,1.500000,,,,,,,,,,,,,,,,1.076265,0.153265,1.237370,0.163194,0.000000,0.000000,0.129337,,0.075167,0.000000,,,,0.142405,0.119596,1.500000,1.682509,54.860797,0.000000,circle,预设轨迹15,forward
1775478703.944802,2.510546,1775478750.612545|完整运动,完整运动,circle_orbit,1,1.000000,1.500000,1.500000,,,,,,,,,,,,,,,,1.078902,0.154586,1.237078,0.164496,0.000000,0.000000,0.131574,,0.074351,0.000000,,,,0.143281,0.119889,1.500000,1.703652,54.839655,0.000000,circle,预设轨迹15,forward
1775478703.978694,2.544438,1775478750.612545|完整运动,完整运动,circle_orbit,1,1.000000,1.500000,1.500000,,,,,,,,,,,,,,,,1.081486,0.155880,1.236551,0.165584,0.000000,0.000000,0.133775,,0.073696,0.000000,,,,0.144135,0.120177,1.500000,1.724953,54.818354,0.000000,circle,预设轨迹15,forward
1775478704.000804,2.566549,1775478750.612545|完整运动,完整运动,circle_orbit,1,1.000000,1.500000,1.500000,,,,,,,,,,,,,,,,1.084033,0.158725,1.236834,0.180063,0.000000,0.000000,0.138188,,0.071561,0.000000,,,,0.146421,0.120460,1.500000,1.767790,54.775517,0.000000,circle,预设轨迹15,forward
1775478704.033306,2.599050,1775478750.612545|完整运动,完整运动,circle_orbit,1,1.000000,1.500000,1.500000,,,,,,,,,,,,,,,,1.086553,0.160006,1.237786,0.169609,0.000000,0.000000,0.140469,,0.069964,0.000000,,,,0.147260,0.120740,1.500000,1.789122,54.754185,0.000000,circle,预设轨迹15,forward
1775478704.072454,2.638198,1775478750.612545|完整运动,完整运动,circle_orbit,1,1.000000,1.500000,1.500000,,,,,,,,,,,,,,,,1.089026,0.162971,1.237376,0.185215,0.000000,0.000000,0.145150,,0.068135,0.000000,,,,0.149649,0.121014,1.500000,1.831872,54.711435,0.000000,circle,预设轨迹15,forward
1775478704.104269,2.670013,1775478750.612545|完整运动,完整运动,circle_orbit,1,1.000000,1.500000,1.500000,,,,,,,,,,,,,,,,1.091468,0.165802,1.237992,0.187033,0.000000,0.000000,0.149738,,0.065718,0.000000,,,,0.151908,0.121286,1.500000,1.874880,54.668427,0.000000,circle,预设轨迹15,forward
1775478704.126264,2.692008,1775478750.612545|完整运动,完整运动,circle_orbit,1,1.000000,1.500000,1.500000,,,,,,,,,,,,,,,,1.093879,0.168369,1.238537,0.187617,0.000000,0.000000,0.154040,,0.063473,0.000000,,,,0.153919,0.121554,1.500000,1.917637,54.625670,0.000000,circle,预设轨迹15,forward
1775478704.150966,2.716710,1775478750.612545|完整运动,完整运动,circle_orbit,1,1.000000,1.500000,1.500000,,,,,,,,,,,,,,,,1.096262,0.169311,1.239245,0.176382,0.000000,0.000000,0.156102,,0.062124,0.000000,,,,0.154444,0.121818,1.500000,1.939004,54.604302,0.000000,circle,预设轨迹15,forward
1775478704.191879,2.757623,1775478750.612545|完整运动,完整运动,circle_orbit,1,1.000000,1.500000,1.500000,,,,,,,,,,,,,,,,1.098621,0.170241,1.240163,0.177215,0.000000,0.000000,0.158125,,0.060665,0.000000,,,,0.154959,0.122081,1.500000,1.960450,54.582856,0.000000,circle,预设轨迹15,forward
1775478704.215255,2.780999,1775478750.612545|完整运动,完整运动,circle_orbit,1,1.000000,1.500000,1.500000,,,,,,,,,,,,,,,,1.100989,0.172498,1.243048,0.189425,0.000000,0.000000,0.162023,,0.057178,0.000000,,,,0.156676,0.122344,1.500000,2.003329,54.539978,0.000000,circle,预设轨迹15,forward
1775478704.235607,2.801351,1775478750.612545|完整运动,完整运动,circle_orbit,1,1.000000,1.500000,1.500000,,,,,,,,,,,,,,,,1.103345,0.173265,1.244727,0.179018,0.000000,0.000000,0.163861,,0.055343,0.000000,,,,0.157036,0.122606,1.500000,2.024787,54.518519,0.000000,circle,预设轨迹15,forward
1775478704.270315,2.836059,1775478750.612545|完整运动,完整运动,circle_orbit,1,1.000000,1.500000,1.500000,,,,,,,,,,,,,,,,1.105692,0.174050,1.246519,0.179933,0.000000,0.000000,0.165700,,0.053443,0.000000,,,,0.157412,0.122866,1.500000,2.046129,54.497178,0.000000,circle,预设轨迹15,forward
1775478704.292413,2.858157,1775478750.612545|完整运动,完整运动,circle_orbit,1,1.000000,1.500000,1.500000,,,,,,,,,,,,,,,,1.108048,0.176191,1.249431,0.192256,0.000000,0.000000,0.169455,,0.050021,0.000000,,,,0.159011,0.123128,1.500000,2.089232,54.454075,0.000000,circle,预设轨迹15,forward
1775478704.312710,2.878454,1775478750.612545|完整运动,完整运动,circle_orbit,1,1.000000,1.500000,1.500000,,,,,,,,,,,,,,,,1.110395,0.177009,1.251173,0.183143,0.000000,0.000000,0.171384,,0.048119,0.000000,,,,0.159411,0.123389,1.500000,2.110826,54.432480,0.000000,circle,预设轨迹15,forward
1775478704.344638,2.910383,1775478750.612545|完整运动,完整运动,circle_orbit,1,1.000000,1.500000,1.500000,,,,,,,,,,,,,,,,1.112746,0.179272,1.253837,0.196240,0.000000,0.000000,0.175355,,0.044762,0.000000,,,,0.161107,0.123650,1.500000,2.154027,54.389279,0.000000,circle,预设轨迹15,forward
1775478704.369800,2.935544,1775478750.612545|完整运动,完整运动,circle_orbit,1,1.000000,1.500000,1.500000,,,,,,,,,,,,,,,,1.115085,0.180070,1.255433,0.186060,0.000000,0.000000,0.177310,,0.042943,0.000000,,,,0.161486,0.123910,1.500000,2.175703,54.367604,0.000000,circle,预设轨迹15,forward
1775478704.390129,2.955873,1775478750.612545|完整运动,完整运动,circle_orbit,1,1.000000,1.500000,1.500000,,,,,,,,,,,,,,,,1.117427,0.180838,1.257919,0.186595,0.000000,0.000000,0.179205,,0.040625,0.000000,,,,0.161834,0.124170,1.500000,2.197563,54.345744,0.000000,circle,预设轨迹15,forward
1775478704.422046,2.987790,1775478750.612545|完整运动,完整运动,circle_orbit,1,1.000000,1.500000,1.500000,,,,,,,,,,,,,,,,1.119773,0.181568,1.260510,0.187047,0.000000,0.000000,0.181032,,0.038280,0.000000,,,,0.162148,0.124431,1.500000,2.219338,54.323968,0.000000,circle,预设轨迹15,forward
1775478704.446709,3.012453,1775478750.612545|完整运动,完整运动,circle_orbit,1,1.000000,1.500000,1.500000,,,,,,,,,,,,,,,,1.122110,0.182225,1.262365,0.187149,0.000000,0.000000,0.182740,,0.036428,0.000000,,,,0.162395,0.124691,1.500000,2.241026,54.302281,0.000000,circle,预设轨迹15,forward
1775478704.467131,3.032875,1775478750.612545|完整运动,完整运动,circle_orbit,1,1.000000,1.500000,1.500000,,,,,,,,,,,,,,,,1.124466,0.183972,1.265807,0.197077,0.000000,0.000000,0.185985,,0.032967,0.000000,,,,0.163609,0.124952,1.500000,2.284397,54.258910,0.000000,circle,预设轨迹15,forward
1775478704.496071,3.061815,1775478750.612545|完整运动,完整运动,circle_orbit,1,1.000000,1.500000,1.500000,,,,,,,,,,,,,,,,1.126822,0.184476,1.268173,0.188257,0.000000,0.000000,0.187508,,0.030907,0.000000,,,,0.163714,0.125214,1.500000,2.306104,54.237203,0.000000,circle,预设轨迹15,forward
1775478704.526262,3.092006,1775478750.612545|完整运动,完整运动,circle_orbit,1,1.000000,1.500000,1.500000,,,,,,,,,,,,,,,,1.129195,0.185098,1.271568,0.189757,0.000000,0.000000,0.189177,,0.028192,0.000000,,,,0.163920,0.125478,1.500000,2.327829,54.215477,0.000000,circle,预设轨迹15,forward
1775478704.546938,3.112682,1775478750.612545|完整运动,完整运动,circle_orbit,1,1.000000,1.500000,1.500000,,,,,,,,,,,,,,,,1.131588,0.186435,1.275202,0.196468,0.000000,0.000000,0.191853,,0.024902,0.000000,,,,0.164755,0.125744,1.500000,2.371592,54.171714,0.000000,circle,预设轨迹15,forward
1775478704.568809,3.134553,1775478750.612545|完整运动,完整运动,circle_orbit,1,1.000000,1.500000,1.500000,,,,,,,,,,,,,,,,1.133989,0.186683,1.278058,0.188541,0.000000,0.000000,0.193006,,0.022746,0.000000,,,,0.164625,0.126011,1.500000,2.393399,54.149907,0.000000,circle,预设轨迹15,forward
1775478704.590135,3.155879,1775478750.612545|完整运动,完整运动,circle_orbit,1,1.000000,1.500000,1.500000,,,,,,,,,,,,,,,,1.136351,0.186148,1.278058,0.182138,0.000000,0.000000,0.193006,,0.022746,0.000000,,,,0.163812,0.126273,1.500000,2.393399,54.149907,0.000000,circle,预设轨迹15,forward
1775478704.615374,3.181118,1775478750.612545|完整运动,完整运动,circle_orbit,1,1.000000,1.500000,1.500000,,,,,,,,,,,,,,,,1.138781,0.187221,1.284599,0.195264,0.000000,0.000000,0.195227,,0.018024,0.000000,,,,0.164404,0.126543,1.500000,2.436987,54.106320,0.000000,circle,预设轨迹15,forward
1775478704.637145,3.202889,1775478750.612545|完整运动,完整运动,circle_orbit,1,1.000000,1.500000,1.500000,,,,,,,,,,,,,,,,1.141230,0.187467,1.288126,0.189316,0.000000,0.000000,0.196295,,0.015551,0.000000,,,,0.164268,0.126815,1.500000,2.458886,54.084421,0.000000,circle,预设轨迹15,forward
1775478704.663304,3.229048,1775478750.612545|完整运动,完整运动,circle_orbit,1,1.000000,1.500000,1.500000,,,,,,,,,,,,,,,,1.143695,0.187729,1.291602,0.189697,0.000000,0.000000,0.197361,,0.013118,0.000000,,,,0.164143,0.127089,1.500000,2.480923,54.062384,0.000000,circle,预设轨迹15,forward
1775478704.693343,3.259087,1775478750.612545|完整运动,完整运动,circle_orbit,1,1.000000,1.500000,1.500000,,,,,,,,,,,,,,,,1.146173,0.187992,1.294875,0.189957,0.000000,0.000000,0.198405,,0.010820,0.000000,,,,0.164017,0.127365,1.500000,2.503042,54.040265,0.000000,circle,预设轨迹15,forward
1775478704.713664,3.279408,1775478750.612545|完整运动,完整运动,circle_orbit,1,1.000000,1.500000,1.500000,,,,,,,,,,,,,,,,1.148735,0.188992,1.302457,0.196492,0.000000,0.000000,0.200489,,0.005679,0.000000,,,,0.164521,0.127649,1.500000,2.547199,53.996108,0.000000,circle,预设轨迹15,forward
1775478704.743587,3.309331,1775478750.612545|完整运动,完整运动,circle_orbit,1,1.000000,1.500000,1.500000,,,,,,,,,,,,,,,,1.151316,0.189255,1.306195,0.191233,0.000000,0.000000,0.201548,,0.003148,0.000000,,,,0.164382,0.127936,1.500000,2.569407,53.973900,0.000000,circle,预设轨迹15,forward
1775478704.779152,3.344897,1775478750.612545|完整运动,完整运动,circle_orbit,1,1.000000,1.500000,1.500000,,,,,,,,,,,,,,,,1.153913,0.189510,1.309702,0.191424,0.000000,0.000000,0.202576,,0.000769,0.000000,,,,0.164233,0.128225,1.500000,2.591752,53.951554,0.000000,circle,预设轨迹15,forward
1775478704.809886,3.375630,1775478750.612545|完整运动,完整运动,circle_orbit,1,1.000000,1.500000,1.500000,,,,,,,,,,,,,,,,1.156342,0.190407,1.302081,0.197131,0.000000,0.000000,0.204508,,-0.004100,0.000000,,,,0.164663,0.128495,1.500000,2.636547,53.906760,0.000000,circle,预设轨迹15,forward
1775478704.831072,3.396816,1775478750.612545|完整运动,完整运动,circle_orbit,1,1.000000,1.500000,1.500000,,,,,,,,,,,,,,,,1.158569,0.191085,1.292220,0.196174,0.000000,0.000000,0.206160,,-0.008860,0.000000,,,,0.164932,0.128742,1.500000,2.681470,53.861836,0.000000,circle,预设轨迹15,forward
1775478704.858947,3.424691,1775478750.612545|完整运动,完整运动,circle_orbit,1,1.000000,1.500000,1.500000,,,,,,,,,,,,,,,,1.160687,0.191101,1.287758,0.191222,0.000000,0.000000,0.206878,,-0.011055,0.000000,,,,0.164645,0.128977,1.500000,2.704026,53.839280,0.000000,circle,预设轨迹15,forward
1775478704.898223,3.463968,1775478750.612545|完整运动,完整运动,circle_orbit,1,1.000000,1.500000,1.500000,,,,,,,,,,,,,,,,1.162694,0.191111,1.283097,0.191179,0.000000,0.000000,0.207559,,-0.013397,0.000000,,,,0.164369,0.129200,1.500000,2.726566,53.816740,0.000000,circle,预设轨迹15,forward
1775478704.929449,3.495193,1775478750.612545|完整运动,完整运动,circle_orbit,1,1.000000,1.500000,1.500000,,,,,,,,,,,,,,,,1.164497,0.191575,1.272661,0.195060,0.000000,0.000000,0.208876,,-0.018803,0.000000,,,,0.164513,0.129401,1.500000,2.771514,53.771793,0.000000,circle,预设轨迹15,forward
1775478704.950229,3.515973,1775478750.612545|完整运动,完整运动,circle_orbit,1,1.000000,1.500000,1.500000,,,,,,,,,,,,,,,,1.166143,0.191796,1.264916,0.193448,0.000000,0.000000,0.209854,,-0.022879,0.000000,,,,0.164470,0.129584,1.500000,2.816776,53.726531,0.000000,circle,预设轨迹15,forward
1775478704.977303,3.543047,1775478750.612545|完整运动,完整运动,circle_orbit,1,1.000000,1.500000,1.500000,,,,,,,,,,,,,,,,1.167694,0.191476,1.260755,0.189082,0.000000,0.000000,0.210057,,-0.025235,0.000000,,,,0.163978,0.129756,1.500000,2.839407,53.703899,0.000000,circle,预设轨迹15,forward
1775478705.007448,3.573192,1775478750.612545|完整运动,完整运动,circle_orbit,1,1.000000,1.500000,1.500000,,,,,,,,,,,,,,,,1.169077,0.191444,1.252082,0.191203,0.000000,0.000000,0.210641,,-0.030126,0.000000,,,,0.163757,0.129910,1.500000,2.884765,53.658542,0.000000,circle,预设轨迹15,forward
1775478705.029263,3.595007,1775478750.612545|完整运动,完整运动,circle_orbit,1,1.000000,1.500000,1.500000,,,,,,,,,,,,,,,,1.170379,0.191070,1.248488,0.188268,0.000000,0.000000,0.210721,,-0.032246,0.000000,,,,0.163255,0.130054,1.500000,2.907677,53.635630,0.000000,circle,预设轨迹15,forward
1775478705.053836,3.619580,1775478750.612545|完整运动,完整运动,circle_orbit,1,1.000000,1.500000,1.500000,,,,,,,,,,,,,,,,1.171588,0.190720,1.244090,0.188090,0.000000,0.000000,0.210800,,-0.034865,0.000000,,,,0.162787,0.130189,1.500000,2.930720,53.612587,0.000000,circle,预设轨迹15,forward
1775478705.087627,3.653371,1775478750.612545|完整运动,完整运动,circle_orbit,1,1.000000,1.500000,1.500000,,,,,,,,,,,,,,,,1.172701,0.190363,1.239516,0.187687,0.000000,0.000000,0.210841,,-0.037628,0.000000,,,,0.162329,0.130312,1.500000,2.953684,53.589623,0.000000,circle,预设轨迹15,forward
1775478705.119713,3.685457,1775478750.612545|完整运动,完整运动,circle_orbit,1,1.000000,1.500000,1.500000,,,,,,,,,,,,,,,,1.173637,0.190060,1.229809,0.187789,0.000000,0.000000,0.210945,,-0.043551,0.000000,,,,0.161941,0.130417,1.500000,2.999241,53.544065,0.000000,circle,预设轨迹15,forward
1775478705.142749,3.708493,1775478750.612545|完整运动,完整运动,circle_orbit,1,1.000000,1.500000,1.500000,,,,,,,,,,,,,,,,1.174482,0.189712,1.225179,0.187097,0.000000,0.000000,0.210963,,-0.046424,0.000000,,,,0.161528,0.130510,1.500000,3.022092,53.521215,0.000000,circle,预设轨迹15,forward
1775478705.163580,3.729324,1775478750.612545|完整运动,完整运动,circle_orbit,1,1.000000,1.500000,1.500000,,,,,,,,,,,,,,,,1.175197,0.189139,1.218102,0.184848,0.000000,0.000000,0.210649,,-0.051009,0.000000,,,,0.160943,0.130590,1.500000,3.068426,53.474881,0.000000,circle,预设轨迹15,forward
1775478705.191870,3.757614,1775478750.612545|完整运动,完整运动,circle_orbit,1,1.000000,1.500000,1.500000,,,,,,,,,,,,,,,,1.175901,0.188818,1.218102,0.186409,0.000000,0.000000,0.210649,,-0.051009,0.000000,,,,0.160573,0.130668,1.500000,3.068426,53.474881,0.000000,circle,预设轨迹15,forward
1775478705.215911,3.781655,1775478750.612545|完整运动,完整运动,circle_orbit,1,1.000000,1.500000,1.500000,,,,,,,,,,,,,,,,1.176474,0.188019,1.210844,0.182026,0.000000,0.000000,0.209963,,-0.055928,0.000000,,,,0.159816,0.130732,1.500000,3.114856,53.428450,0.000000,circle,预设轨迹15,forward
1775478705.237062,3.802807,1775478750.612545|完整运动,完整运动,circle_orbit,1,1.000000,1.500000,1.500000,,,,,,,,,,,,,,,,1.176974,0.187412,1.207023,0.182858,0.000000,0.000000,0.209510,,-0.058580,0.000000,,,,0.159232,0.130787,1.500000,3.137973,53.405334,0.000000,circle,预设轨迹15,forward
1775478705.271930,3.837674,1775478750.612545|完整运动,完整运动,circle_orbit,1,1.000000,1.500000,1.500000,,,,,,,,,,,,,,,,1.177404,0.186845,1.203171,0.182594,0.000000,0.000000,0.209087,,-0.061255,0.000000,,,,0.158693,0.130835,1.500000,3.161100,53.382207,0.000000,circle,预设轨迹15,forward
1775478705.297832,3.863576,1775478750.612545|完整运动,完整运动,circle_orbit,1,1.000000,1.500000,1.500000,,,,,,,,,,,,,,,,1.177727,0.185772,1.197088,0.177723,0.000000,0.000000,0.207929,,-0.065729,0.000000,,,,0.157738,0.130871,1.500000,3.207476,53.335830,0.000000,circle,预设轨迹15,forward
1775478705.331890,3.897634,1775478750.612545|完整运动,完整运动,circle_orbit,1,1.000000,1.500000,1.500000,,,,,,,,,,,,,,,,1.177989,0.185217,1.193717,0.181052,0.000000,0.000000,0.207458,,-0.068150,0.000000,,,,0.157231,0.130900,1.500000,3.230611,53.312696,0.000000,circle,预设轨迹15,forward
1775478705.360026,3.925770,1775478750.612545|完整运动,完整运动,circle_orbit,1,1.000000,1.500000,1.500000,,,,,,,,,,,,,,,,1.178150,0.184085,1.187850,0.175597,0.000000,0.000000,0.206158,,-0.072607,0.000000,,,,0.156249,0.130918,1.500000,3.277111,53.266195,0.000000,circle,预设轨迹15,forward
1775478705.380588,3.946332,1775478750.612545|完整运动,完整运动,circle_orbit,1,1.000000,1.500000,1.500000,,,,,,,,,,,,,,,,1.178252,0.183370,1.184382,0.178007,0.000000,0.000000,0.205403,,-0.075253,0.000000,,,,0.155629,0.130929,1.500000,3.300231,53.243075,0.000000,circle,预设轨迹15,forward
1775478705.415187,3.980931,1775478750.612545|完整运动,完整运动,circle_orbit,1,1.000000,1.500000,1.500000,,,,,,,,,,,,,,,,1.178299,0.182620,1.181079,0.176997,0.000000,0.000000,0.204578,,-0.077834,0.000000,,,,0.154986,0.130935,1.500000,3.323245,53.220061,0.000000,circle,预设轨迹15,forward
1775478705.447267,4.013011,1775478750.612545|完整运动,完整运动,circle_orbit,1,1.000000,1.500000,1.500000,,,,,,,,,,,,,,,,1.178254,0.181119,1.175581,0.169864,0.000000,0.000000,0.202671,,-0.082394,0.000000,,,,0.153719,0.130930,1.500000,3.369616,53.173690,0.000000,circle,预设轨迹15,forward
1775478705.485928,4.051672,1775478750.612545|完整运动,完整运动,circle_orbit,1,1.000000,1.500000,1.500000,,,,,,,,,,,,,,,,1.178121,0.179365,1.170098,0.166206,0.000000,0.000000,0.200352,,-0.087161,0.000000,,,,0.152247,0.130915,1.500000,3.416294,53.127013,0.000000,circle,预设轨迹15,forward
1775478705.514282,4.080027,1775478750.612545|完整运动,完整运动,circle_orbit,1,1.000000,1.500000,1.500000,,,,,,,,,,,,,,,,1.177885,0.177406,1.163781,0.162712,0.000000,0.000000,0.197684,,-0.092696,0.000000,,,,0.150614,0.130889,1.500000,3.463127,53.080179,0.000000,circle,预设轨迹15,forward
1775478705.534761,4.100506,1775478750.612545|完整运动,完整运动,circle_orbit,1,1.000000,1.500000,1.500000,,,,,,,,,,,,,,,,1.177588,0.176514,1.159738,0.169824,0.000000,0.000000,0.196457,,-0.096050,0.000000,,,,0.149894,0.130856,1.500000,3.486496,53.056811,0.000000,circle,预设轨迹15,forward
1775478705.561888,4.127633,1775478750.612545|完整运动,完整运动,circle_orbit,1,1.000000,1.500000,1.500000,,,,,,,,,,,,,,,,1.177246,0.175595,1.156738,0.168704,0.000000,0.000000,0.195177,,-0.098716,0.000000,,,,0.149157,0.130818,1.500000,3.509883,53.033424,0.000000,circle,预设轨迹15,forward
1775478705.593258,4.159003,1775478750.612545|完整运动,完整运动,circle_orbit,1,1.000000,1.500000,1.500000,,,,,,,,,,,,,,,,1.176863,0.174652,1.153877,0.167575,0.000000,0.000000,0.193845,,-0.101317,0.000000,,,,0.148404,0.130775,1.500000,3.533245,53.010061,0.000000,circle,预设轨迹15,forward
1775478705.623936,4.189680,1775478750.612545|完整运动,完整运动,circle_orbit,1,1.000000,1.500000,1.500000,,,,,,,,,,,,,,,,1.176389,0.172639,1.147917,0.157543,0.000000,0.000000,0.190989,,-0.106805,0.000000,,,,0.146753,0.130722,1.500000,3.580175,52.963132,0.000000,circle,预设轨迹15,forward
1775478705.655146,4.220890,1775478750.612545|完整运动,完整运动,circle_orbit,1,1.000000,1.500000,1.500000,,,,,,,,,,,,,,,,1.175824,0.170781,1.141926,0.156846,0.000000,0.000000,0.188291,,-0.112289,0.000000,,,,0.145244,0.130659,1.500000,3.626800,52.916506,0.000000,circle,预设轨迹15,forward
1775478705.675547,4.241291,1775478750.612545|完整运动,完整运动,circle_orbit,1,1.000000,1.500000,1.500000,,,,,,,,,,,,,,,,1.175239,0.169776,1.140152,0.162239,0.000000,0.000000,0.186741,,-0.114255,0.000000,,,,0.144461,0.130594,1.500000,3.650038,52.893269,0.000000,circle,预设轨迹15,forward
1775478705.702742,4.268486,1775478750.612545|完整运动,完整运动,circle_orbit,1,1.000000,1.500000,1.500000,,,,,,,,,,,,,,,,1.174633,0.168702,1.138268,0.160650,0.000000,0.000000,0.185080,,-0.116354,0.000000,,,,0.143621,0.130527,1.500000,3.673255,52.870052,0.000000,circle,预设轨迹15,forward
1775478705.730336,4.296080,1775478750.612545|完整运动,完整运动,circle_orbit,1,1.000000,1.500000,1.500000,,,,,,,,,,,,,,,,1.173975,0.166298,1.134486,0.148265,0.000000,0.000000,0.181520,,-0.120682,0.000000,,,,0.141654,0.130454,1.500000,3.719794,52.823512,0.000000,circle,预设轨迹15,forward
1775478705.751756,4.317500,1775478750.612545|完整运动,完整运动,circle_orbit,1,1.000000,1.500000,1.500000,,,,,,,,,,,,,,,,1.173309,0.164963,1.133355,0.154953,0.000000,0.000000,0.179390,,-0.122454,0.000000,,,,0.140597,0.130380,1.500000,3.743060,52.800247,0.000000,circle,预设轨迹15,forward
1775478705.775649,4.341393,1775478750.612545|完整运动,完整运动,circle_orbit,1,1.000000,1.500000,1.500000,,,,,,,,,,,,,,,,1.172630,0.163623,1.131904,0.153570,0.000000,0.000000,0.177225,,-0.124476,0.000000,,,,0.139535,0.130305,1.500000,3.766245,52.777062,0.000000,circle,预设轨迹15,forward
1775478705.801510,4.367254,1775478750.612545|完整运动,完整运动,circle_orbit,1,1.000000,1.500000,1.500000,,,,,,,,,,,,,,,,1.171940,0.162308,1.130526,0.152444,0.000000,0.000000,0.175070,,-0.126444,0.000000,,,,0.138495,0.130228,1.500000,3.789416,52.753890,0.000000,circle,预设轨迹15,forward
1775478705.824557,4.390301,1775478750.612545|完整运动,完整运动,circle_orbit,1,1.000000,1.500000,1.500000,,,,,,,,,,,,,,,,1.171234,0.161038,1.128903,0.151512,0.000000,0.000000,0.172955,,-0.128576,0.000000,,,,0.137494,0.130149,1.500000,3.812620,52.730687,0.000000,circle,预设轨迹15,forward
1775478705.847007,4.412751,1775478750.612545|完整运动,完整运动,circle_orbit,1,1.000000,1.500000,1.500000,,,,,,,,,,,,,,,,1.170496,0.158293,1.126235,0.137704,0.000000,0.000000,0.168731,,-0.132420,0.000000,,,,0.135235,0.130067,1.500000,3.859129,52.684178,0.000000,circle,预设轨迹15,forward
1775478705.880661,4.446405,1775478750.612545|完整运动,完整运动,circle_orbit,1,1.000000,1.500000,1.500000,,,,,,,,,,,,,,,,1.169749,0.157140,1.124917,0.148498,0.000000,0.000000,0.166670,,-0.134312,0.000000,,,,0.134337,0.129984,1.500000,3.882336,52.660971,0.000000,circle,预设轨迹15,forward
1775478705.911465,4.477209,1775478750.612545|完整运动,完整运动,circle_orbit,1,1.000000,1.500000,1.500000,,,,,,,,,,,,,,,,1.168983,0.155997,1.123034,0.147426,0.000000,0.000000,0.164615,,-0.136623,0.000000,,,,0.133447,0.129899,1.500000,3.905605,52.637702,0.000000,circle,预设轨迹15,forward
1775478705.936574,4.502318,1775478750.612545|完整运动,完整运动,circle_orbit,1,1.000000,1.500000,1.500000,,,,,,,,,,,,,,,,1.168190,0.153035,1.120605,0.130814,0.000000,0.000000,0.159973,,-0.140496,0.000000,,,,0.131001,0.129811,1.500000,3.952203,52.591104,0.000000,circle,预设轨迹15,forward
1775478705.956895,4.522639,1775478750.612545|完整运动,完整运动,circle_orbit,1,1.000000,1.500000,1.500000,,,,,,,,,,,,,,,,1.167401,0.151569,1.120049,0.140577,0.000000,0.000000,0.157349,,-0.142077,0.000000,,,,0.129835,0.129724,1.500000,3.975712,52.567594,0.000000,circle,预设轨迹15,forward
1775478705.989965,4.555709,1775478750.612545|完整运动,完整运动,circle_orbit,1,1.000000,1.500000,1.500000,,,,,,,,,,,,,,,,1.166608,0.150081,1.119037,0.138922,0.000000,0.000000,0.154673,,-0.144024,0.000000,,,,0.128647,0.129635,1.500000,3.999050,52.544256,0.000000,circle,预设轨迹15,forward
1775478706.011608,4.577352,1775478750.612545|完整运动,完整运动,circle_orbit,1,1.000000,1.500000,1.500000,,,,,,,,,,,,,,,,1.165780,0.146866,1.116070,0.122750,0.000000,0.000000,0.149530,,-0.148537,0.000000,,,,0.125981,0.129543,1.500000,4.045248,52.498059,0.000000,circle,预设轨迹15,forward
1775478706.031882,4.597626,1775478750.612545|完整运动,完整运动,circle_orbit,1,1.000000,1.500000,1.500000,,,,,,,,,,,,,,,,1.164941,0.145604,1.114597,0.136138,0.000000,0.000000,0.147049,,-0.150750,0.000000,,,,0.124988,0.129450,1.500000,4.068161,52.475145,0.000000,circle,预设轨迹15,forward
1775478706.061840,4.627584,1775478750.612545|完整运动,完整运动,circle_orbit,1,1.000000,1.500000,1.500000,,,,,,,,,,,,,,,,1.164091,0.144309,1.113129,0.134600,0.000000,0.000000,0.144518,,-0.152984,0.000000,,,,0.123967,0.129356,1.500000,4.091158,52.452149,0.000000,circle,预设轨迹15,forward
1775478706.089426,4.655170,1775478750.612545|完整运动,完整运动,circle_orbit,1,1.000000,1.500000,1.500000,,,,,,,,,,,,,,,,1.163242,0.142986,1.112305,0.133060,0.000000,0.000000,0.141940,,-0.154754,0.000000,,,,0.122920,0.129261,1.500000,4.114138,52.429169,0.000000,circle,预设轨迹15,forward
1775478706.119305,4.685049,1775478750.612545|完整运动,完整运动,circle_orbit,1,1.000000,1.500000,1.500000,,,,,,,,,,,,,,,,1.162372,0.139954,1.110151,0.117221,0.000000,0.000000,0.136934,,-0.158615,0.000000,,,,0.120404,0.129165,1.500000,4.159920,52.383386,0.000000,circle,预设轨迹15,forward
1775478706.145487,4.711231,1775478750.612545|完整运动,完整运动,circle_orbit,1,1.000000,1.500000,1.500000,,,,,,,,,,,,,,,,1.161505,0.138669,1.109499,0.129031,0.000000,0.000000,0.134306,,-0.160279,0.000000,,,,0.119388,0.129068,1.500000,4.182761,52.360546,0.000000,circle,预设轨迹15,forward
1775478706.175935,4.741679,1775478750.612545|完整运动,完整运动,circle_orbit,1,1.000000,1.500000,1.500000,,,,,,,,,,,,,,,,1.160636,0.135257,1.108505,0.109664,0.000000,0.000000,0.128659,,-0.163546,0.000000,,,,0.116537,0.128972,1.500000,4.228243,52.315063,0.000000,circle,预设轨迹15,forward
1775478706.213357,4.779101,1775478750.612545|完整运动,完整运动,circle_orbit,1,1.000000,1.500000,1.500000,,,,,,,,,,,,,,,,1.159776,0.133794,1.108139,0.122820,0.000000,0.000000,0.125663,,-0.165158,0.000000,,,,0.115362,0.128876,1.500000,4.250809,52.292497,0.000000,circle,预设轨迹15,forward
1775478706.235386,4.801130,1775478750.612545|完整运动,完整运动,circle_orbit,1,1.000000,1.500000,1.500000,,,,,,,,,,,,,,,,1.158926,0.129703,1.107926,0.099021,0.000000,0.000000,0.118930,,-0.168313,0.000000,,,,0.111916,0.128782,1.500000,4.296260,52.247046,0.000000,circle,预设轨迹15,forward
1775478706.257736,4.823481,1775478750.612545|完整运动,完整运动,circle_orbit,1,1.000000,1.500000,1.500000,,,,,,,,,,,,,,,,1.158091,0.128141,1.108030,0.116431,0.000000,0.000000,0.115640,,-0.169696,0.000000,,,,0.110649,0.128689,1.500000,4.319235,52.224071,0.000000,circle,预设轨迹15,forward
1775478706.289511,4.855255,1775478750.612545|完整运动,完整运动,circle_orbit,1,1.000000,1.500000,1.500000,,,,,,,,,,,,,,,,1.157264,0.124268,1.107630,0.095218,0.000000,0.000000,0.109065,,-0.172924,0.000000,,,,0.107381,0.128597,1.500000,4.365208,52.178099,0.000000,circle,预设轨迹15,forward
1775478706.321315,4.887059,1775478750.612545|完整运动,完整运动,circle_orbit,1,1.000000,1.500000,1.500000,,,,,,,,,,,,,,,,1.156458,0.122644,1.108107,0.110465,0.000000,0.000000,0.105550,,-0.174122,0.000000,,,,0.106052,0.128508,1.500000,4.388277,52.155029,0.000000,circle,预设轨迹15,forward
1775478706.358846,4.924590,1775478750.612545|完整运动,完整运动,circle_orbit,1,1.000000,1.500000,1.500000,,,,,,,,,,,,,,,,1.155683,0.118418,1.109178,0.086718,0.000000,0.000000,0.098336,,-0.176511,0.000000,,,,0.102465,0.128421,1.500000,4.434648,52.108659,0.000000,circle,预设轨迹15,forward
1775478706.393920,4.959664,1775478750.612545|完整运动,完整运动,circle_orbit,1,1.000000,1.500000,1.500000,,,,,,,,,,,,,,,,1.154933,0.116787,1.109926,0.104558,0.000000,0.000000,0.094661,,-0.177576,0.000000,,,,0.101120,0.128338,1.500000,4.457864,52.085443,0.000000,circle,预设轨迹15,forward
1775478706.427930,4.993675,1775478750.612545|完整运动,完整运动,circle_orbit,1,1.000000,1.500000,1.500000,,,,,,,,,,,,,,,,1.154204,0.112687,1.110453,0.081932,0.000000,0.000000,0.087481,,-0.180366,0.000000,,,,0.097631,0.128257,1.500000,4.504380,52.038926,0.000000,circle,预设轨迹15,forward
1775478706.457671,5.023416,1775478750.612545|完整运动,完整运动,circle_orbit,1,1.000000,1.500000,1.500000,,,,,,,,,,,,,,,,1.153485,0.108912,1.110349,0.080607,0.000000,0.000000,0.080636,,-0.183488,0.000000,,,,0.094420,0.128177,1.500000,4.550811,51.992496,0.000000,circle,预设轨迹15,forward
1775478706.493519,5.059263,1775478750.612545|完整运动,完整运动,circle_orbit,1,1.000000,1.500000,1.500000,,,,,,,,,,,,,,,,1.152781,0.107730,1.110558,0.098860,0.000000,0.000000,0.077360,,-0.184785,0.000000,,,,0.093452,0.128099,1.500000,4.573677,51.969629,0.000000,circle,预设轨迹15,forward
1775478706.526554,5.092298,1775478750.612545|完整运动,完整运动,circle_orbit,1,1.000000,1.500000,1.500000,,,,,,,,,,,,,,,,1.152086,0.104318,1.110397,0.078729,0.000000,0.000000,0.070954,,-0.187755,0.000000,,,,0.090547,0.128022,1.500000,4.618918,51.924388,0.000000,circle,预设轨迹15,forward
1775478706.547579,5.113323,1775478750.612545|完整运动,完整运动,circle_orbit,1,1.000000,1.500000,1.500000,,,,,,,,,,,,,,,,1.151432,0.100512,1.112162,0.071965,0.000000,0.000000,0.063899,,-0.189551,0.000000,,,,0.087293,0.127949,1.500000,4.664395,51.878912,0.000000,circle,预设轨迹15,forward
1775478706.568953,5.134697,1775478750.612545|完整运动,完整运动,circle_orbit,1,1.000000,1.500000,1.500000,,,,,,,,,,,,,,,,1.150808,0.099100,1.113396,0.088515,0.000000,0.000000,0.060133,,-0.190290,0.000000,,,,0.086114,0.127880,1.500000,4.687141,51.856165,0.000000,circle,预设轨迹15,forward
1775478706.599389,5.165133,1775478750.612545|完整运动,完整运动,circle_orbit,1,1.000000,1.500000,1.500000,,,,,,,,,,,,,,,,1.150212,0.097607,1.114414,0.086409,0.000000,0.000000,0.056272,,-0.191237,0.000000,,,,0.084860,0.127813,1.500000,4.709643,51.833664,0.000000,circle,预设轨迹15,forward
1775478706.635659,5.201404,1775478750.612545|完整运动,完整运动,circle_orbit,1,1.000000,1.500000,1.500000,,,,,,,,,,,,,,,,1.149643,0.096037,1.115530,0.084261,0.000000,0.000000,0.052316,,-0.192154,0.000000,,,,0.083536,0.127750,1.500000,4.732177,51.811130,0.000000,circle,预设轨迹15,forward
1775478706.657922,5.223666,1775478750.612545|完整运动,完整运动,circle_orbit,1,1.000000,1.500000,1.500000,,,,,,,,,,,,,,,,1.149121,0.091715,1.117806,0.059304,0.000000,0.000000,0.044460,,-0.193935,0.000000,,,,0.079814,0.127692,1.500000,4.777423,51.765884,0.000000,circle,预设轨迹15,forward
1775478706.679026,5.244770,1775478750.612545|完整运动,完整运动,circle_orbit,1,1.000000,1.500000,1.500000,,,,,,,,,,,,,,,,1.148623,0.090272,1.118726,0.079443,0.000000,0.000000,0.040550,,-0.194983,0.000000,,,,0.078591,0.127637,1.500000,4.800156,51.743151,0.000000,circle,预设轨迹15,forward
1775478706.708148,5.273892,1775478750.612545|完整运动,完整运动,circle_orbit,1,1.000000,1.500000,1.500000,,,,,,,,,,,,,,,,1.148146,0.088885,1.119530,0.078485,0.000000,0.000000,0.036739,,-0.196075,0.000000,,,,0.077416,0.127584,1.500000,4.822765,51.720542,0.000000,circle,预设轨迹15,forward
1775478706.729277,5.295021,1775478750.612545|完整运动,完整运动,circle_orbit,1,1.000000,1.500000,1.500000,,,,,,,,,,,,,,,,1.147704,0.087447,1.121157,0.076664,0.000000,0.000000,0.032870,,-0.196579,0.000000,,,,0.076193,0.127535,1.500000,4.845427,51.697879,0.000000,circle,预设轨迹15,forward
1775478706.749581,5.315325,1775478750.612545|完整运动,完整运动,circle_orbit,1,1.000000,1.500000,1.500000,,,,,,,,,,,,,,,,1.147312,0.083218,1.123781,0.051497,0.000000,0.000000,0.025050,,-0.198103,0.000000,,,,0.072533,0.127491,1.500000,4.890509,51.652798,0.000000,circle,预设轨迹15,forward
1775478706.780908,5.346652,1775478750.612545|完整运动,完整运动,circle_orbit,1,1.000000,1.500000,1.500000,,,,,,,,,,,,,,,,1.146950,0.081838,1.125249,0.071486,0.000000,0.000000,0.021136,,-0.198754,0.000000,,,,0.071352,0.127451,1.500000,4.913198,51.630109,0.000000,circle,预设轨迹15,forward
1775478706.811061,5.376805,1775478750.612545|完整运动,完整运动,circle_orbit,1,1.000000,1.500000,1.500000,,,,,,,,,,,,,,,,1.146621,0.080522,1.126873,0.070655,0.000000,0.000000,0.017330,,-0.199245,0.000000,,,,0.070226,0.127414,1.500000,4.935968,51.607339,0.000000,circle,预设轨迹15,forward
1775478706.832449,5.398193,1775478750.612545|完整运动,完整运动,circle_orbit,1,1.000000,1.500000,1.500000,,,,,,,,,,,,,,,,1.146352,0.076439,1.130246,0.045814,0.000000,0.000000,0.009611,,-0.200194,0.000000,,,,0.066680,0.127385,1.500000,4.981702,51.561605,0.000000,circle,预设轨迹15,forward
1775478706.853034,5.418778,1775478750.612545|完整运动,完整运动,circle_orbit,1,1.000000,1.500000,1.500000,,,,,,,,,,,,,,,,1.146121,0.075090,1.132250,0.064976,0.000000,0.000000,0.005642,,-0.200490,0.000000,,,,0.065517,0.127359,1.500000,5.004625,51.538682,0.000000,circle,预设轨迹15,forward
1775478706.882879,5.448623,1775478750.612545|完整运动,完整运动,circle_orbit,1,1.000000,1.500000,1.500000,,,,,,,,,,,,,,,,1.145942,0.073632,1.135171,0.062694,0.000000,0.000000,0.001532,,-0.200186,0.000000,,,,0.064254,0.127339,1.500000,5.027739,51.515567,0.000000,circle,预设轨迹15,forward
1775478706.906253,5.471997,1775478750.612545|完整运动,完整运动,circle_orbit,1,1.000000,1.500000,1.500000,,,,,,,,,,,,,,,,1.145751,0.072148,1.134347,0.061017,0.000000,0.000000,-0.002607,,-0.200308,0.000000,,,,0.062970,0.127318,1.500000,5.050800,51.492506,0.000000,circle,预设轨迹15,forward
1775478706.927143,5.492887,1775478750.612545|完整运动,完整运动,circle_orbit,1,1.000000,1.500000,1.500000,,,,,,,,,,,,,,,,1.145470,0.067939,1.128577,0.036374,0.000000,0.000000,-0.010609,,-0.200977,0.000000,,,,0.059311,0.127287,1.500000,5.096913,51.446394,0.000000,circle,预设轨迹15,forward
1775478706.958787,5.524531,1775478750.612545|完整运动,完整运动,circle_orbit,1,1.000000,1.500000,1.500000,,,,,,,,,,,,,,,,1.145150,0.066644,1.125958,0.056933,0.000000,0.000000,-0.014614,,-0.201129,0.000000,,,,0.058197,0.127251,1.500000,5.119749,51.423558,0.000000,circle,预设轨迹15,forward
1775478706.993014,5.558758,1775478750.612545|完整运动,完整运动,circle_orbit,1,1.000000,1.500000,1.500000,,,,,,,,,,,,,,,,1.144756,0.062615,1.121130,0.032399,0.000000,0.000000,-0.022484,,-0.201216,0.000000,,,,0.054698,0.127207,1.500000,5.165463,51.377844,0.000000,circle,预设轨迹15,forward
1775478707.014735,5.580479,1775478750.612545|完整运动,完整运动,circle_orbit,1,1.000000,1.500000,1.500000,,,,,,,,,,,,,,,,1.144331,0.061493,1.118843,0.053075,0.000000,0.000000,-0.026354,,-0.201205,0.000000,,,,0.053737,0.127160,1.500000,5.188134,51.355173,0.000000,circle,预设轨迹15,forward
1775478707.035209,5.600954,1775478750.612545|完整运动,完整运动,circle_orbit,1,1.000000,1.500000,1.500000,,,,,,,,,,,,,,,,1.143871,0.060382,1.116266,0.052052,0.000000,0.000000,-0.030175,,-0.201441,0.000000,,,,0.052788,0.127109,1.500000,5.210907,51.332400,0.000000,circle,预设轨迹15,forward
1775478707.062636,5.628380,1775478750.612545|完整运动,完整运动,circle_orbit,1,1.000000,1.500000,1.500000,,,,,,,,,,,,,,,,1.143381,0.059278,1.113986,0.051000,0.000000,0.000000,-0.033956,,-0.201480,0.000000,,,,0.051845,0.127054,1.500000,5.233677,51.309629,0.000000,circle,预设轨迹15,forward
1775478707.087384,5.653128,1775478750.612545|完整运动,完整运动,circle_orbit,1,1.000000,1.500000,1.500000,,,,,,,,,,,,,,,,1.142869,0.058173,1.112134,0.049884,0.000000,0.000000,-0.037714,,-0.201211,0.000000,,,,0.050901,0.126998,1.500000,5.256689,51.286618,0.000000,circle,预设轨迹15,forward
1775478707.107744,5.673489,1775478750.612545|完整运动,完整运动,circle_orbit,1,1.000000,1.500000,1.500000,,,,,,,,,,,,,,,,1.142283,0.054493,1.107092,0.026892,0.000000,0.000000,-0.045104,,-0.201765,0.000000,,,,0.047705,0.126932,1.500000,5.302556,51.240751,0.000000,circle,预设轨迹15,forward
1775478707.132988,5.698732,1775478750.612545|完整运动,完整运动,circle_orbit,1,1.000000,1.500000,1.500000,,,,,,,,,,,,,,,,1.141677,0.053512,1.105334,0.046155,0.000000,0.000000,-0.048778,,-0.201479,0.000000,,,,0.046872,0.126865,1.500000,5.325479,51.217827,0.000000,circle,预设轨迹15,forward
1775478707.163166,5.728910,1775478750.612545|完整运动,完整运动,circle_orbit,1,1.000000,1.500000,1.500000,,,,,,,,,,,,,,,,1.141052,0.052597,1.103526,0.045737,0.000000,0.000000,-0.052326,,-0.201291,0.000000,,,,0.046096,0.126796,1.500000,5.348206,51.195101,0.000000,circle,预设轨迹15,forward
1775478707.188441,5.754185,1775478750.612545|完整运动,完整运动,circle_orbit,1,1.000000,1.500000,1.500000,,,,,,,,,,,,,,,,1.140387,0.048760,1.100516,0.019981,0.000000,0.000000,-0.059996,,-0.200206,0.000000,,,,0.042758,0.126722,1.500000,5.393451,51.149856,0.000000,circle,预设轨迹15,forward
1775478707.209609,5.775353,1775478750.612545|完整运动,完整运动,circle_orbit,1,1.000000,1.500000,1.500000,,,,,,,,,,,,,,,,1.139702,0.047592,1.098592,0.038830,0.000000,0.000000,-0.064001,,-0.199917,0.000000,,,,0.041758,0.126646,1.500000,5.415932,51.127375,0.000000,circle,预设轨迹15,forward
1775478707.233009,5.798753,1775478750.612545|完整运动,完整运动,circle_orbit,1,1.000000,1.500000,1.500000,,,,,,,,,,,,,,,,1.138988,0.046431,1.096130,0.037726,0.000000,0.000000,-0.067973,,-0.200069,0.000000,,,,0.040765,0.126566,1.500000,5.438183,51.105123,0.000000,circle,预设轨迹15,forward
1775478707.254317,5.820061,1775478750.612545|完整运动,完整运动,circle_orbit,1,1.000000,1.500000,1.500000,,,,,,,,,,,,,,,,1.138240,0.045322,1.093366,0.037004,0.000000,0.000000,-0.071848,,-0.200508,0.000000,,,,0.039818,0.126483,1.500000,5.460300,51.083007,0.000000,circle,预设轨迹15,forward
1775478707.274821,5.840565,1775478750.612545|完整运动,完整运动,circle_orbit,1,1.000000,1.500000,1.500000,,,,,,,,,,,,,,,,1.137465,0.044389,1.091009,0.037394,0.000000,0.000000,-0.075450,,-0.200760,0.000000,,,,0.039025,0.126397,1.500000,5.482472,51.060835,0.000000,circle,预设轨迹15,forward
1775478707.305833,5.871577,1775478750.612545|完整运动,完整运动,circle_orbit,1,1.000000,1.500000,1.500000,,,,,,,,,,,,,,,,1.136673,0.043520,1.089133,0.037000,0.000000,0.000000,-0.078934,,-0.200691,0.000000,,,,0.038287,0.126309,1.500000,5.504519,51.038788,0.000000,circle,预设轨迹15,forward
1775478707.335764,5.901508,1775478750.612545|完整运动,完整运动,circle_orbit,1,1.000000,1.500000,1.500000,,,,,,,,,,,,,,,,1.135847,0.040132,1.086270,0.014719,0.000000,0.000000,-0.085971,,-0.199832,0.000000,,,,0.035332,0.126217,1.500000,5.549085,50.994222,0.000000,circle,预设轨迹15,forward
1775478707.363250,5.928994,1775478750.612545|完整运动,完整运动,circle_orbit,1,1.000000,1.500000,1.500000,,,,,,,,,,,,,,,,1.135004,0.039358,1.084444,0.033558,0.000000,0.000000,-0.089401,,-0.199761,0.000000,,,,0.034677,0.126124,1.500000,5.571580,50.971726,0.000000,circle,预设轨迹15,forward
1775478707.383591,5.949335,1775478750.612545|完整运动,完整运动,circle_orbit,1,1.000000,1.500000,1.500000,,,,,,,,,,,,,,,,1.134124,0.035952,1.081345,0.010409,0.000000,0.000000,-0.096536,,-0.199067,0.000000,,,,0.031701,0.126026,1.500000,5.616684,50.926622,0.000000,circle,预设轨迹15,forward
1775478707.410395,5.976139,1775478750.612545|完整运动,完整运动,circle_orbit,1,1.000000,1.500000,1.500000,,,,,,,,,,,,,,,,1.133231,0.035044,1.079614,0.028233,0.000000,0.000000,-0.100230,,-0.198815,0.000000,,,,0.030924,0.125926,1.500000,5.639148,50.904159,0.000000,circle,预设轨迹15,forward
1775478707.431523,5.997267,1775478750.612545|完整运动,完整运动,circle_orbit,1,1.000000,1.500000,1.500000,,,,,,,,,,,,,,,,1.132320,0.034038,1.077684,0.026491,0.000000,0.000000,-0.104032,,-0.198680,0.000000,,,,0.030060,0.125825,1.500000,5.661563,50.881744,0.000000,circle,预设轨迹15,forward
1775478707.451988,6.017733,1775478750.612545|完整运动,完整运动,circle_orbit,1,1.000000,1.500000,1.500000,,,,,,,,,,,,,,,,1.131403,0.032934,1.076360,0.024656,0.000000,0.000000,-0.107950,,-0.198009,0.000000,,,,0.029109,0.125723,1.500000,5.684050,50.859257,0.000000,circle,预设轨迹15,forward
1775478707.477664,6.043408,1775478750.612545|完整运动,完整运动,circle_orbit,1,1.000000,1.500000,1.500000,,,,,,,,,,,,,,,,1.130483,0.031793,1.075286,0.023232,0.000000,0.000000,-0.111908,,-0.197120,0.000000,,,,0.028123,0.125621,1.500000,5.706715,50.836591,0.000000,circle,预设轨迹15,forward
1775478707.498500,6.064244,1775478750.612545|完整运动,完整运动,circle_orbit,1,1.000000,1.500000,1.500000,,,,,,,,,,,,,,,,1.129565,0.030612,1.074483,0.021757,0.000000,0.000000,-0.115913,,-0.195990,0.000000,,,,0.027101,0.125519,1.500000,5.729247,50.814060,0.000000,circle,预设轨迹15,forward
1775478707.518907,6.084651,1775478750.612545|完整运动,完整运动,circle_orbit,1,1.000000,1.500000,1.500000,,,,,,,,,,,,,,,,1.128652,0.029233,1.073878,0.018891,0.000000,0.000000,-0.120196,,-0.194579,0.000000,,,,0.025901,0.125418,1.500000,5.751695,50.791612,0.000000,circle,预设轨迹15,forward
1775478707.548815,6.114559,1775478750.612545|完整运动,完整运动,circle_orbit,1,1.000000,1.500000,1.500000,,,,,,,,,,,,,,,,1.127735,0.027748,1.072685,0.016612,0.000000,0.000000,-0.124635,,-0.193577,0.000000,,,,0.024605,0.125316,1.500000,5.774011,50.769296,0.000000,circle,预设轨迹15,forward
1775478707.570827,6.136571,1775478750.612545|完整运动,完整运动,circle_orbit,1,1.000000,1.500000,1.500000,,,,,,,,,,,,,,,,1.126799,0.023054,1.070679,-0.012150,0.000000,0.000000,-0.133651,,-0.191206,0.000000,,,,0.020460,0.125212,1.500000,5.818233,50.725074,0.000000,circle,预设轨迹15,forward
1775478707.591209,6.156954,1775478750.612545|完整运动,完整运动,circle_orbit,1,1.000000,1.500000,1.500000,,,,,,,,,,,,,,,,1.125869,0.021609,1.070081,0.010769,0.000000,0.000000,-0.138239,,-0.189656,0.000000,,,,0.019193,0.125108,1.500000,5.840421,50.702886,0.000000,circle,预设轨迹15,forward
1775478707.620723,6.186467,1775478750.612545|完整运动,完整运动,circle_orbit,1,1.000000,1.500000,1.500000,,,,,,,,,,,,,,,,1.124947,0.020197,1.069622,0.009610,0.000000,0.000000,-0.142781,,-0.188014,0.000000,,,,0.017954,0.125006,1.500000,5.862726,50.680581,0.000000,circle,预设轨迹15,forward
1775478707.641343,6.207087,1775478750.612545|完整运动,完整运动,circle_orbit,1,1.000000,1.500000,1.500000,,,,,,,,,,,,,,,,1.124028,0.018921,1.068877,0.009349,0.000000,0.000000,-0.147132,,-0.186690,0.000000,,,,0.016833,0.124904,1.500000,5.885208,50.658098,0.000000,circle,预设轨迹15,forward
1775478707.661818,6.227562,1775478750.612545|完整运动,完整运动,circle_orbit,1,1.000000,1.500000,1.500000,,,,,,,,,,,,,,,,1.123109,0.017823,1.067941,0.009583,0.000000,0.000000,-0.151224,,-0.185640,0.000000,,,,0.015869,0.124802,1.500000,5.907714,50.635593,0.000000,circle,预设轨迹15,forward
1775478707.690679,6.256423,1775478750.612545|完整运动,完整运动,circle_orbit,1,1.000000,1.500000,1.500000,,,,,,,,,,,,,,,,1.122189,0.016962,1.067014,0.010505,0.000000,0.000000,-0.154963,,-0.184741,0.000000,,,,0.015115,0.124699,1.500000,5.930278,50.613028,0.000000,circle,预设轨迹15,forward
1775478707.722653,6.288398,1775478750.612545|完整运动,完整运动,circle_orbit,1,1.000000,1.500000,1.500000,,,,,,,,,,,,,,,,1.121282,0.013925,1.066862,-0.008848,0.000000,0.000000,-0.161775,,-0.181839,0.000000,,,,0.012419,0.124599,1.500000,5.975714,50.567593,0.000000,circle,预设轨迹15,forward
1775478707.758590,6.324334,1775478750.612545|完整运动,完整运动,circle_orbit,1,1.000000,1.500000,1.500000,,,,,,,,,,,,,,,,1.120407,0.011127,1.067893,-0.009862,0.000000,0.000000,-0.168353,,-0.178067,0.000000,,,,0.009931,0.124501,1.500000,6.021176,50.522131,0.000000,circle,预设轨迹15,forward
1775478707.786636,6.352381,1775478750.612545|完整运动,完整运动,circle_orbit,1,1.000000,1.500000,1.500000,,,,,,,,,,,,,,,,1.119565,0.008030,1.069056,-0.015192,0.000000,0.000000,-0.175442,,-0.173960,0.000000,,,,0.007173,0.124408,1.500000,6.067026,50.476281,0.000000,circle,预设轨迹15,forward
1775478707.807967,6.373711,1775478750.612545|完整运动,完整运动,circle_orbit,1,1.000000,1.500000,1.500000,,,,,,,,,,,,,,,,1.118732,0.007444,1.068766,0.003045,0.000000,0.000000,-0.179055,,-0.172593,0.000000,,,,0.006654,0.124315,1.500000,6.090079,50.453228,0.000000,circle,预设轨迹15,forward
1775478707.828897,6.394641,1775478750.612545|完整运动,完整运动,circle_orbit,1,1.000000,1.500000,1.500000,,,,,,,,,,,,,,,,1.117913,0.006796,1.068729,0.001941,0.000000,0.000000,-0.182707,,-0.171000,0.000000,,,,0.006080,0.124224,1.500000,6.112963,50.430344,0.000000,circle,预设轨迹15,forward
1775478707.857172,6.422916,1775478750.612545|完整运动,完整运动,circle_orbit,1,1.000000,1.500000,1.500000,,,,,,,,,,,,,,,,1.117109,0.006072,1.068883,0.000636,0.000000,0.000000,-0.186429,,-0.169219,0.000000,,,,0.005435,0.124135,1.500000,6.135700,50.407606,0.000000,circle,预设轨迹15,forward
1775478707.877577,6.443321,1775478750.612545|完整运动,完整运动,circle_orbit,1,1.000000,1.500000,1.500000,,,,,,,,,,,,,,,,1.116313,0.005377,1.068598,0.000167,0.000000,0.000000,-0.190074,,-0.167833,0.000000,,,,0.004817,0.124047,1.500000,6.158315,50.384992,0.000000,circle,预设轨迹15,forward
1775478707.898105,6.463849,1775478750.612545|完整运动,完整运动,circle_orbit,1,1.000000,1.500000,1.500000,,,,,,,,,,,,,,,,1.115535,0.004598,1.068797,-0.001248,0.000000,0.000000,-0.193808,,-0.166009,0.000000,,,,0.004121,0.123960,1.500000,6.181050,50.362257,0.000000,circle,预设轨迹15,forward
1775478707.921472,6.487216,1775478750.612545|完整运动,完整运动,circle_orbit,1,1.000000,1.500000,1.500000,,,,,,,,,,,,,,,,1.114771,0.003725,1.068961,-0.002817,0.000000,0.000000,-0.197652,,-0.164166,0.000000,,,,0.003342,0.123875,1.500000,6.203974,50.339332,0.000000,circle,预设轨迹15,forward
1775478707.942104,6.507848,1775478750.612545|完整运动,完整运动,circle_orbit,1,1.000000,1.500000,1.500000,,,,,,,,,,,,,,,,1.114017,0.002861,1.068789,-0.003620,0.000000,0.000000,-0.201466,,-0.162612,0.000000,,,,0.002568,0.123791,1.500000,6.226915,50.316392,0.000000,circle,预设轨迹15,forward
1775478707.962919,6.528664,1775478750.612545|完整运动,完整运动,circle_orbit,1,1.000000,1.500000,1.500000,,,,,,,,,,,,,,,,1.113271,0.002106,1.068492,-0.003556,0.000000,0.000000,-0.205108,,-0.161237,0.000000,,,,0.001892,0.123708,1.500000,6.249830,50.293476,0.000000,circle,预设轨迹15,forward
1775478707.997293,6.563037,1775478750.612545|完整运动,完整运动,circle_orbit,1,1.000000,1.500000,1.500000,,,,,,,,,,,,,,,,1.112552,-0.000932,1.069416,-0.023718,0.000000,0.000000,-0.211983,,-0.157423,0.000000,,,,0.000838,0.123629,1.500000,6.295587,50.247720,0.000000,circle,预设轨迹15,forward
1775478708.027302,6.593046,1775478750.612545|完整运动,完整运动,circle_orbit,1,1.000000,1.500000,1.500000,,,,,,,,,,,,,,,,1.111860,-0.001435,1.070366,-0.005206,0.000000,0.000000,-0.215363,,-0.155143,0.000000,,,,0.001290,0.123552,1.500000,6.318384,50.224922,0.000000,circle,预设轨迹15,forward
1775478708.055201,6.620945,1775478750.612545|完整运动,完整运动,circle_orbit,1,1.000000,1.500000,1.500000,,,,,,,,,,,,,,,,1.111189,-0.003970,1.070900,-0.022983,0.000000,0.000000,-0.221599,,-0.151934,0.000000,,,,0.003573,0.123477,1.500000,6.364400,50.178906,0.000000,circle,预设轨迹15,forward
1775478708.076766,6.642510,1775478750.612545|完整运动,完整运动,circle_orbit,1,1.000000,1.500000,1.500000,,,,,,,,,,,,,,,,1.110535,-0.003930,1.071272,-0.003634,0.000000,0.000000,-0.224251,,-0.150451,0.000000,,,,0.003539,0.123404,1.500000,6.387622,50.155685,0.000000,circle,预设轨迹15,forward
1775478708.097926,6.663670,1775478750.612545|完整运动,完整运动,circle_orbit,1,1.000000,1.500000,1.500000,,,,,,,,,,,,,,,,1.109911,-0.003932,1.072496,-0.003942,0.000000,0.000000,-0.226897,,-0.148276,0.000000,,,,0.003542,0.123335,1.500000,6.410943,50.132363,0.000000,circle,预设轨迹15,forward
1775478708.124334,6.690078,1775478750.612545|完整运动,完整运动,circle_orbit,1,1.000000,1.500000,1.500000,,,,,,,,,,,,,,,,1.109313,-0.004006,1.073412,-0.004566,0.000000,0.000000,-0.229589,,-0.146334,0.000000,,,,0.003612,0.123269,1.500000,6.433961,50.109345,0.000000,circle,预设轨迹15,forward
1775478708.152453,6.718197,1775478750.612545|完整运动,完整运动,circle_orbit,1,1.000000,1.500000,1.500000,,,,,,,,,,,,,,,,1.108734,-0.004144,1.073991,-0.005173,0.000000,0.000000,-0.232317,,-0.144651,0.000000,,,,0.003737,0.123204,1.500000,6.456862,50.086445,0.000000,circle,预设轨迹15,forward
1775478708.186172,6.751917,1775478750.612545|完整运动,完整运动,circle_orbit,1,1.000000,1.500000,1.500000,,,,,,,,,,,,,,,,1.108203,-0.006052,1.076354,-0.020366,0.000000,0.000000,-0.237527,,-0.140418,0.000000,,,,0.005461,0.123145,1.500000,6.502210,50.041097,0.000000,circle,预设轨迹15,forward
1775478708.207252,6.772996,1775478750.612545|完整运动,完整运动,circle_orbit,1,1.000000,1.500000,1.500000,,,,,,,,,,,,,,,,1.107738,-0.007935,1.079828,-0.022059,0.000000,0.000000,-0.242768,,-0.135286,0.000000,,,,0.007164,0.123094,1.500000,6.547408,49.995899,0.000000,circle,预设轨迹15,forward
1775478708.230541,6.796285,1775478750.612545|完整运动,完整运动,circle_orbit,1,1.000000,1.500000,1.500000,,,,,,,,,,,,,,,,1.107280,-0.006099,1.079828,0.007671,0.000000,0.000000,-0.242768,,-0.135286,0.000000,,,,0.005508,0.123043,1.500000,6.547408,49.995899,0.000000,circle,预设轨迹15,forward
1775478708.261757,6.827501,1775478750.612545|完整运动,完整运动,circle_orbit,1,1.000000,1.500000,1.500000,,,,,,,,,,,,,,,,1.106870,-0.008426,1.082261,-0.025879,0.000000,0.000000,-0.248541,,-0.130769,0.000000,,,,0.007613,0.122997,1.500000,6.592855,49.950452,0.000000,circle,预设轨迹15,forward
1775478708.284745,6.850489,1775478750.612545|完整运动,完整运动,circle_orbit,1,1.000000,1.500000,1.500000,,,,,,,,,,,,,,,,1.106491,-0.010625,1.083745,-0.027115,0.000000,0.000000,-0.254220,,-0.127059,0.000000,,,,0.009602,0.122955,1.500000,6.638257,49.905049,0.000000,circle,预设轨迹15,forward
1775478708.314490,6.880234,1775478750.612545|完整运动,完整运动,circle_orbit,1,1.000000,1.500000,1.500000,,,,,,,,,,,,,,,,1.106138,-0.010695,1.084947,-0.011221,0.000000,0.000000,-0.256945,,-0.124888,0.000000,,,,0.009669,0.122916,1.500000,6.660725,49.882582,0.000000,circle,预设轨迹15,forward
1775478708.352241,6.917985,1775478750.612545|完整运动,完整运动,circle_orbit,1,1.000000,1.500000,1.500000,,,,,,,,,,,,,,,,1.105830,-0.012550,1.087354,-0.026461,0.000000,0.000000,-0.262168,,-0.120655,0.000000,,,,0.011349,0.122882,1.500000,6.705900,49.837407,0.000000,circle,预设轨迹15,forward
1775478708.387067,6.952811,1775478750.612545|完整运动,完整运动,circle_orbit,1,1.000000,1.500000,1.500000,,,,,,,,,,,,,,,,1.105549,-0.012450,1.088731,-0.011697,0.000000,0.000000,-0.264664,,-0.118455,0.000000,,,,0.011261,0.122850,1.500000,6.728745,49.814561,0.000000,circle,预设轨迹15,forward
1775478708.430002,6.995746,1775478750.612545|完整运动,完整运动,circle_orbit,1,1.000000,1.500000,1.500000,,,,,,,,,,,,,,,,1.105325,-0.013988,1.091872,-0.025524,0.000000,0.000000,-0.269443,,-0.113853,0.000000,,,,0.012655,0.122826,1.500000,6.774500,49.768807,0.000000,circle,预设轨迹15,forward
1775478708.464947,7.030691,1775478750.612545|完整运动,完整运动,circle_orbit,1,1.000000,1.500000,1.500000,,,,,,,,,,,,,,,,1.105159,-0.015143,1.095210,-0.023804,0.000000,0.000000,-0.273723,,-0.109334,0.000000,,,,0.013702,0.122807,1.500000,6.820008,49.723299,0.000000,circle,预设轨迹15,forward
1775478708.490844,7.056588,1775478750.612545|完整运动,完整运动,circle_orbit,1,1.000000,1.500000,1.500000,,,,,,,,,,,,,,,,1.105066,-0.016055,1.099475,-0.022894,0.000000,0.000000,-0.277683,,-0.104253,0.000000,,,,0.014528,0.122797,1.500000,6.866076,49.677231,0.000000,circle,预设轨迹15,forward
1775478708.513639,7.079383,1775478750.612545|完整运动,完整运动,circle_orbit,1,1.000000,1.500000,1.500000,,,,,,,,,,,,,,,,1.105013,-0.015622,1.101827,-0.012377,0.000000,0.000000,-0.279737,,-0.101520,0.000000,,,,0.014137,0.122791,1.500000,6.889338,49.653969,0.000000,circle,预设轨迹15,forward
1775478708.538243,7.103987,1775478750.612545|完整运动,完整运动,circle_orbit,1,1.000000,1.500000,1.500000,,,,,,,,,,,,,,,,1.104994,-0.015214,1.103835,-0.012153,0.000000,0.000000,-0.281756,,-0.099075,0.000000,,,,0.013768,0.122789,1.500000,6.912548,49.630759,0.000000,circle,预设轨迹15,forward
1775478708.566859,7.132603,1775478750.612545|完整运动,完整运动,circle_orbit,1,1.000000,1.500000,1.500000,,,,,,,,,,,,,,,,1.105008,-0.014813,1.105838,-0.011809,0.000000,0.000000,-0.283722,,-0.096662,0.000000,,,,0.013406,0.122790,1.500000,6.935787,49.607520,0.000000,circle,预设轨迹15,forward
1775478708.588333,7.154077,1775478750.612545|完整运动,完整运动,circle_orbit,1,1.000000,1.500000,1.500000,,,,,,,,,,,,,,,,1.105088,-0.015661,1.109881,-0.022016,0.000000,0.000000,-0.287412,,-0.091935,0.000000,,,,0.014171,0.122799,1.500000,6.982154,49.561153,0.000000,circle,预设轨迹15,forward
1775478708.609159,7.174903,1775478750.612545|完整运动,完整运动,circle_orbit,1,1.000000,1.500000,1.500000,,,,,,,,,,,,,,,,1.105210,-0.015136,1.112536,-0.011204,0.000000,0.000000,-0.289166,,-0.089139,0.000000,,,,0.013695,0.122813,1.500000,7.005465,49.537842,0.000000,circle,预设轨迹15,forward
1775478708.637393,7.203138,1775478750.612545|完整运动,完整运动,circle_orbit,1,1.000000,1.500000,1.500000,,,,,,,,,,,,,,,,1.105369,-0.014580,1.114910,-0.010410,0.000000,0.000000,-0.290813,,-0.086612,0.000000,,,,0.013190,0.122830,1.500000,7.028660,49.514647,0.000000,circle,预设轨迹15,forward
1775478708.660514,7.226258,1775478750.612545|完整运动,完整运动,circle_orbit,1,1.000000,1.500000,1.500000,,,,,,,,,,,,,,,,1.105564,-0.014049,1.117258,-0.010062,0.000000,0.000000,-0.292435,,-0.084124,0.000000,,,,0.012707,0.122852,1.500000,7.051668,49.491639,0.000000,circle,预设轨迹15,forward
1775478708.681732,7.247476,1775478750.612545|完整运动,完整运动,circle_orbit,1,1.000000,1.500000,1.500000,,,,,,,,,,,,,,,,1.105795,-0.013580,1.119710,-0.010069,0.000000,0.000000,-0.294093,,-0.081550,0.000000,,,,0.012281,0.122878,1.500000,7.074669,49.468637,0.000000,circle,预设轨迹15,forward
1775478708.707873,7.273617,1775478750.612545|完整运动,完整运动,circle_orbit,1,1.000000,1.500000,1.500000,,,,,,,,,,,,,,,,1.106109,-0.014253,1.124913,-0.019301,0.000000,0.000000,-0.297336,,-0.076236,0.000000,,,,0.012886,0.122913,1.500000,7.120871,49.422436,0.000000,circle,预设轨迹15,forward
1775478708.734128,7.299873,1775478750.612545|完整运动,完整运动,circle_orbit,1,1.000000,1.500000,1.500000,,,,,,,,,,,,,,,,1.106458,-0.013734,1.127435,-0.009840,0.000000,0.000000,-0.298901,,-0.073676,0.000000,,,,0.012413,0.122951,1.500000,7.143858,49.399449,0.000000,circle,预设轨迹15,forward
1775478708.762121,7.327865,1775478750.612545|完整运动,完整运动,circle_orbit,1,1.000000,1.500000,1.500000,,,,,,,,,,,,,,,,1.106845,-0.013313,1.130056,-0.010153,0.000000,0.000000,-0.300558,,-0.071011,0.000000,,,,0.012028,0.122994,1.500000,7.166764,49.376542,0.000000,circle,预设轨迹15,forward
1775478708.782499,7.348243,1775478750.612545|完整运动,完整运动,circle_orbit,1,1.000000,1.500000,1.500000,,,,,,,,,,,,,,,,1.107297,-0.013907,1.134409,-0.018362,0.000000,0.000000,-0.303624,,-0.066464,0.000000,,,,0.012559,0.123045,1.500000,7.212436,49.330871,0.000000,circle,预设轨迹15,forward
1775478708.808997,7.374742,1775478750.612545|完整运动,完整运动,circle_orbit,1,1.000000,1.500000,1.500000,,,,,,,,,,,,,,,,1.107742,-0.012338,1.134409,-0.000571,0.000000,0.000000,-0.303624,,-0.066464,0.000000,,,,0.011138,0.123094,1.500000,7.212436,49.330871,0.000000,circle,预设轨迹15,forward
1775478708.847375,7.413119,1775478750.612545|完整运动,完整运动,circle_orbit,1,1.000000,1.500000,1.500000,,,,,,,,,,,,,,,,1.108270,-0.012690,1.139982,-0.015326,0.000000,0.000000,-0.306263,,-0.061252,0.000000,,,,0.011450,0.123153,1.500000,7.258895,49.284411,0.000000,circle,预设轨迹15,forward
1775478708.872526,7.438270,1775478750.612545|完整运动,完整运动,circle_orbit,1,1.000000,1.500000,1.500000,,,,,,,,,,,,,,,,1.108880,-0.012465,1.145455,-0.010778,0.000000,0.000000,-0.308099,,-0.056506,0.000000,,,,0.011241,0.123221,1.500000,7.305052,49.238255,0.000000,circle,预设轨迹15,forward
1775478708.899574,7.465318,1775478750.612545|完整运动,完整运动,circle_orbit,1,1.000000,1.500000,1.500000,,,,,,,,,,,,,,,,1.109531,-0.011561,1.148596,-0.004782,0.000000,0.000000,-0.308949,,-0.053890,0.000000,,,,0.010420,0.123293,1.500000,7.328136,49.215171,0.000000,circle,预设轨迹15,forward
1775478708.922934,7.488678,1775478750.612545|完整运动,完整运动,circle_orbit,1,1.000000,1.500000,1.500000,,,,,,,,,,,,,,,,1.110287,-0.011199,1.155635,-0.008486,0.000000,0.000000,-0.310522,,-0.048219,0.000000,,,,0.010087,0.123377,1.500000,7.374672,49.168635,0.000000,circle,预设轨迹15,forward
1775478708.948871,7.514616,1775478750.612545|完整运动,完整运动,circle_orbit,1,1.000000,1.500000,1.500000,,,,,,,,,,,,,,,,1.111030,-0.009755,1.155635,0.001075,0.000000,0.000000,-0.310522,,-0.048219,0.000000,,,,0.008780,0.123459,1.500000,7.374672,49.168635,0.000000,circle,预设轨迹15,forward
1775478708.974857,7.540601,1775478750.612545|完整运动,完整运动,circle_orbit,1,1.000000,1.500000,1.500000,,,,,,,,,,,,,,,,1.111875,-0.009386,1.162569,-0.006617,0.000000,0.000000,-0.311978,,-0.042734,0.000000,,,,0.008442,0.123553,1.500000,7.421404,49.121903,0.000000,circle,预设轨迹15,forward
1775478708.997366,7.563110,1775478750.612545|完整运动,完整运动,circle_orbit,1,1.000000,1.500000,1.500000,,,,,,,,,,,,,,,,1.112757,-0.008407,1.165664,-0.001064,0.000000,0.000000,-0.312547,,-0.040340,0.000000,,,,0.007555,0.123651,1.500000,7.444507,49.098799,0.000000,circle,预设轨迹15,forward
1775478709.023240,7.588984,1775478750.612545|完整运动,完整运动,circle_orbit,1,1.000000,1.500000,1.500000,,,,,,,,,,,,,,,,1.113686,-0.007485,1.169459,-0.000573,0.000000,0.000000,-0.313146,,-0.037464,0.000000,,,,0.006721,0.123755,1.500000,7.467654,49.075652,0.000000,circle,预设轨迹15,forward
1775478709.045691,7.611436,1775478750.612545|完整运动,完整运动,circle_orbit,1,1.000000,1.500000,1.500000,,,,,,,,,,,,,,,,1.114661,-0.006597,1.173117,0.000065,0.000000,0.000000,-0.313748,,-0.034696,0.000000,,,,0.005918,0.123863,1.500000,7.490863,49.052443,0.000000,circle,预设轨迹15,forward
1775478709.065994,7.631738,1775478750.612545|完整运动,完整运动,circle_orbit,1,1.000000,1.500000,1.500000,,,,,,,,,,,,,,,,1.115735,-0.005884,1.180224,-0.000537,0.000000,0.000000,-0.314566,,-0.029520,0.000000,,,,0.005274,0.123982,1.500000,7.537297,49.006009,0.000000,circle,预设轨迹15,forward
1775478709.098939,7.664684,1775478750.612545|完整运动,完整运动,circle_orbit,1,1.000000,1.500000,1.500000,,,,,,,,,,,,,,,,1.116856,-0.004743,1.184104,0.003817,0.000000,0.000000,-0.314747,,-0.026837,0.000000,,,,0.004246,0.124107,1.500000,7.560496,48.982810,0.000000,circle,预设轨迹15,forward
1775478709.125832,7.691576,1775478750.612545|完整运动,完整运动,circle_orbit,1,1.000000,1.500000,1.500000,,,,,,,,,,,,,,,,1.118026,-0.003667,1.188229,0.004398,0.000000,0.000000,-0.314969,,-0.023990,0.000000,,,,0.003280,0.124237,1.500000,7.583700,48.959607,0.000000,circle,预设轨迹15,forward
1775478709.152707,7.718451,1775478750.612545|完整运动,完整运动,circle_orbit,1,1.000000,1.500000,1.500000,,,,,,,,,,,,,,,,1.119249,-0.002670,1.192613,0.004809,0.000000,0.000000,-0.315259,,-0.020961,0.000000,,,,0.002386,0.124373,1.500000,7.606947,48.936360,0.000000,circle,预设轨迹15,forward
1775478709.174073,7.739817,1775478750.612545|完整运动,完整运动,circle_orbit,1,1.000000,1.500000,1.500000,,,,,,,,,,,,,,,,1.120577,-0.001886,1.200262,0.003997,0.000000,0.000000,-0.315822,,-0.015701,0.000000,,,,0.001683,0.124520,1.500000,7.654007,48.889300,0.000000,circle,预设轨迹15,forward
1775478709.194756,7.760500,1775478750.612545|完整运动,完整运动,circle_orbit,1,1.000000,1.500000,1.500000,,,,,,,,,,,,,,,,1.121941,-0.000824,1.203762,0.007140,0.000000,0.000000,-0.315964,,-0.013367,0.000000,,,,0.000734,0.124672,1.500000,7.677216,48.866091,0.000000,circle,预设轨迹15,forward
1775478709.220083,7.785827,1775478750.612545|完整运动,完整运动,circle_orbit,1,1.000000,1.500000,1.500000,,,,,,,,,,,,,,,,1.123346,0.000219,1.207645,0.008042,0.000000,0.000000,-0.316092,,-0.010805,0.000000,,,,0.000195,0.124828,1.500000,7.700264,48.843042,0.000000,circle,预设轨迹15,forward
1775478709.255525,7.821269,1775478750.612545|完整运动,完整运动,circle_orbit,1,1.000000,1.500000,1.500000,,,,,,,,,,,,,,,,1.124798,0.001261,1.211915,0.009074,0.000000,0.000000,-0.316185,,-0.008029,0.000000,,,,0.001121,0.124989,1.500000,7.723260,48.820047,0.000000,circle,预设轨迹15,forward
1775478709.290305,7.856049,1775478750.612545|完整运动,完整运动,circle_orbit,1,1.000000,1.500000,1.500000,,,,,,,,,,,,,,,,1.126365,0.002256,1.220425,0.009722,0.000000,0.000000,-0.316321,,-0.002575,0.000000,,,,0.002003,0.125164,1.500000,7.769734,48.773572,0.000000,circle,预设轨迹15,forward
1775478709.323488,7.889232,1775478750.612545|完整运动,完整运动,circle_orbit,1,1.000000,1.500000,1.500000,,,,,,,,,,,,,,,,1.127933,0.003822,1.222008,0.015560,0.000000,0.000000,-0.315622,,0.001890,0.000000,,,,0.003388,0.125338,1.500000,7.816613,48.726694,0.000000,circle,预设轨迹15,forward
1775478709.351789,7.917533,1775478750.612545|完整运动,完整运动,circle_orbit,1,1.000000,1.500000,1.500000,,,,,,,,,,,,,,,,1.129417,0.005281,1.218450,0.016231,0.000000,0.000000,-0.315012,,0.004402,0.000000,,,,0.004676,0.125503,1.500000,7.839945,48.703361,0.000000,circle,预设轨迹15,forward
1775478709.384471,7.950215,1775478750.612545|完整运动,完整运动,circle_orbit,1,1.000000,1.500000,1.500000,,,,,,,,,,,,,,,,1.130744,0.006934,1.210375,0.019327,0.000000,0.000000,-0.314085,,0.009947,0.000000,,,,0.006132,0.125650,1.500000,7.886785,48.656522,0.000000,circle,预设轨迹15,forward
1775478709.407136,7.972880,1775478750.612545|完整运动,完整运动,circle_orbit,1,1.000000,1.500000,1.500000,,,,,,,,,,,,,,,,1.131908,0.008397,1.201711,0.019370,0.000000,0.000000,-0.313378,,0.015845,0.000000,,,,0.007418,0.125779,1.500000,7.934431,48.608876,0.000000,circle,预设轨迹15,forward
1775478709.428448,7.994192,1775478750.612545|完整运动,完整运动,circle_orbit,1,1.000000,1.500000,1.500000,,,,,,,,,,,,,,,,1.132991,0.009683,1.197989,0.019326,0.000000,0.000000,-0.312873,,0.018494,0.000000,,,,0.008546,0.125900,1.500000,7.958266,48.585041,0.000000,circle,预设轨迹15,forward
1775478709.458227,8.023971,1775478750.612545|完整运动,完整运动,circle_orbit,1,1.000000,1.500000,1.500000,,,,,,,,,,,,,,,,1.134002,0.011052,1.194651,0.021325,0.000000,0.000000,-0.312208,,0.020976,0.000000,,,,0.009746,0.126012,1.500000,7.982091,48.561216,0.000000,circle,预设轨迹15,forward
1775478709.492844,8.058588,1775478750.612545|完整运动,完整运动,circle_orbit,1,1.000000,1.500000,1.500000,,,,,,,,,,,,,,,,1.134942,0.012456,1.191357,0.022986,0.000000,0.000000,-0.311451,,0.023482,0.000000,,,,0.010975,0.126117,1.500000,8.005840,48.537466,0.000000,circle,预设轨迹15,forward
1775478709.523884,8.089628,1775478750.612545|完整运动,完整运动,circle_orbit,1,1.000000,1.500000,1.500000,,,,,,,,,,,,,,,,1.135754,0.014405,1.184469,0.029020,0.000000,0.000000,-0.309887,,0.028753,0.000000,,,,0.012683,0.126207,1.500000,8.053366,48.489941,0.000000,circle,预设轨迹15,forward
1775478709.551235,8.116980,1775478750.612545|完整运动,完整运动,circle_orbit,1,1.000000,1.500000,1.500000,,,,,,,,,,,,,,,,1.136439,0.016445,1.177538,0.031745,0.000000,0.000000,-0.308131,,0.034193,0.000000,,,,0.014471,0.126283,1.500000,8.100673,48.442634,0.000000,circle,预设轨迹15,forward
1775478709.589930,8.155674,1775478750.612545|完整运动,完整运动,circle_orbit,1,1.000000,1.500000,1.500000,,,,,,,,,,,,,,,,1.137057,0.017897,1.174156,0.028790,0.000000,0.000000,-0.307136,,0.036928,0.000000,,,,0.015740,0.126352,1.500000,8.124303,48.419004,0.000000,circle,预设轨迹15,forward
1775478709.613962,8.179707,1775478750.612545|完整运动,完整运动,circle_orbit,1,1.000000,1.500000,1.500000,,,,,,,,,,,,,,,,1.137564,0.020125,1.167939,0.036837,0.000000,0.000000,-0.305008,,0.042124,0.000000,,,,0.017692,0.126408,1.500000,8.172093,48.371214,0.000000,circle,预设轨迹15,forward
1775478709.634675,8.200419,1775478750.612545|完整运动,完整运动,circle_orbit,1,1.000000,1.500000,1.500000,,,,,,,,,,,,,,,,1.138018,0.021516,1.165293,0.031948,0.000000,0.000000,-0.303986,,0.044401,0.000000,,,,0.018907,0.126458,1.500000,8.195864,48.347443,0.000000,circle,预设轨迹15,forward
1775478709.658276,8.224020,1775478750.612545|完整运动,完整运动,circle_orbit,1,1.000000,1.500000,1.500000,,,,,,,,,,,,,,,,1.138465,0.022157,1.165293,0.026960,0.000000,0.000000,-0.303986,,0.044401,0.000000,,,,0.019462,0.126508,1.500000,8.195864,48.347443,0.000000,circle,预设轨迹15,forward
1775478709.690110,8.255855,1775478750.612545|完整运动,完整运动,circle_orbit,1,1.000000,1.500000,1.500000,,,,,,,,,,,,,,,,1.138809,0.024171,1.159431,0.039276,0.000000,0.000000,-0.302050,,0.049329,0.000000,,,,0.021225,0.126546,1.500000,8.243045,48.300262,0.000000,circle,预设轨迹15,forward
1775478709.712488,8.278232,1775478750.612545|完整运动,完整运动,circle_orbit,1,1.000000,1.500000,1.500000,,,,,,,,,,,,,,,,1.139097,0.025471,1.156372,0.035223,0.000000,0.000000,-0.301059,,0.051909,0.000000,,,,0.022361,0.126578,1.500000,8.266666,48.276641,0.000000,circle,预设轨迹15,forward
1775478709.733602,8.299346,1775478750.612545|完整运动,完整运动,circle_orbit,1,1.000000,1.500000,1.500000,,,,,,,,,,,,,,,,1.139276,0.027594,1.150032,0.043515,0.000000,0.000000,-0.298881,,0.057346,0.000000,,,,0.024221,0.126598,1.500000,8.314684,48.228623,0.000000,circle,预设轨迹15,forward
1775478709.765327,8.331072,1775478750.612545|完整运动,完整运动,circle_orbit,1,1.000000,1.500000,1.500000,,,,,,,,,,,,,,,,1.139413,0.029058,1.147597,0.040035,0.000000,0.000000,-0.297565,,0.059660,0.000000,,,,0.025502,0.126613,1.500000,8.338579,48.204728,0.000000,circle,预设轨迹15,forward
1775478709.790962,8.356706,1775478750.612545|完整运动,完整运动,circle_orbit,1,1.000000,1.500000,1.500000,,,,,,,,,,,,,,,,1.139516,0.030652,1.145698,0.042612,0.000000,0.000000,-0.296026,,0.061699,0.000000,,,,0.026899,0.126625,1.500000,8.362391,48.180916,0.000000,circle,预设轨迹15,forward
1775478709.819182,8.384926,1775478750.612545|完整运动,完整运动,circle_orbit,1,1.000000,1.500000,1.500000,,,,,,,,,,,,,,,,1.139554,0.033694,1.141831,0.056503,0.000000,0.000000,-0.292396,,0.066084,0.000000,,,,0.029567,0.126629,1.500000,8.409905,48.133402,0.000000,circle,预设轨迹15,forward
1775478709.845759,8.411503,1775478750.612545|完整运动,完整运动,circle_orbit,1,1.000000,1.500000,1.500000,,,,,,,,,,,,,,,,1.139552,0.035471,1.139443,0.048802,0.000000,0.000000,-0.290443,,0.068672,0.000000,,,,0.031127,0.126629,1.500000,8.433804,48.109503,0.000000,circle,预设轨迹15,forward
1775478709.866069,8.431813,1775478750.612545|完整运动,完整运动,circle_orbit,1,1.000000,1.500000,1.500000,,,,,,,,,,,,,,,,1.139474,0.038704,1.134836,0.062952,0.000000,0.000000,-0.286385,,0.073816,0.000000,,,,0.033967,0.126620,1.500000,8.481500,48.061806,0.000000,circle,预设轨迹15,forward
1775478709.891725,8.457469,1775478750.612545|完整运动,完整运动,circle_orbit,1,1.000000,1.500000,1.500000,,,,,,,,,,,,,,,,1.139398,0.038987,1.134836,0.041106,0.000000,0.000000,-0.286385,,0.073816,0.000000,,,,0.034217,0.126612,1.500000,8.481500,48.061806,0.000000,circle,预设轨迹15,forward
1775478709.920415,8.486159,1775478750.612545|完整运动,完整运动,circle_orbit,1,1.000000,1.500000,1.500000,,,,,,,,,,,,,,,,1.139253,0.041993,1.130556,0.064543,0.000000,0.000000,-0.282564,,0.078642,0.000000,,,,0.036860,0.126596,1.500000,8.529056,48.014250,0.000000,circle,预设轨迹15,forward
1775478709.953053,8.518797,1775478750.612545|完整运动,完整运动,circle_orbit,1,1.000000,1.500000,1.500000,,,,,,,,,,,,,,,,1.139080,0.043530,1.128651,0.055054,0.000000,0.000000,-0.280719,,0.080862,0.000000,,,,0.038215,0.126576,1.500000,8.552925,47.990382,0.000000,circle,预设轨迹15,forward
1775478709.989405,8.555149,1775478750.612545|完整运动,完整运动,circle_orbit,1,1.000000,1.500000,1.500000,,,,,,,,,,,,,,,,1.138812,0.047961,1.122783,0.081193,0.000000,0.000000,-0.274752,,0.087855,0.000000,,,,0.042115,0.126547,1.500000,8.624543,47.918764,0.000000,circle,预设轨迹15,forward
1775478710.017416,8.583161,1775478750.612545|完整运动,完整运动,circle_orbit,1,1.000000,1.500000,1.500000,,,,,,,,,,,,,,,,1.138518,0.049557,1.120839,0.061527,0.000000,0.000000,-0.272628,,0.090248,0.000000,,,,0.043528,0.126514,1.500000,8.648442,47.894865,0.000000,circle,预设轨迹15,forward
1775478710.053566,8.619310,1775478750.612545|完整运动,完整运动,circle_orbit,1,1.000000,1.500000,1.500000,,,,,,,,,,,,,,,,1.138198,0.051223,1.118994,0.063717,0.000000,0.000000,-0.270381,,0.092625,0.000000,,,,0.045003,0.126478,1.500000,8.672451,47.870856,0.000000,circle,预设轨迹15,forward
1775478710.086184,8.651928,1775478750.612545|完整运动,完整运动,circle_orbit,1,1.000000,1.500000,1.500000,,,,,,,,,,,,,,,,1.137844,0.054799,1.116644,0.081621,0.000000,0.000000,-0.265399,,0.096603,0.000000,,,,0.048160,0.126439,1.500000,8.720229,47.823077,0.000000,circle,预设轨迹15,forward
1775478710.110606,8.676351,1775478750.612545|完整运动,完整运动,circle_orbit,1,1.000000,1.500000,1.500000,,,,,,,,,,,,,,,,1.137479,0.056630,1.115540,0.070365,0.000000,0.000000,-0.262763,,0.098606,0.000000,,,,0.049786,0.126399,1.500000,8.743698,47.799609,0.000000,circle,预设轨迹15,forward
1775478710.132688,8.698432,1775478750.612545|完整运动,完整运动,circle_orbit,1,1.000000,1.500000,1.500000,,,,,,,,,,,,,,,,1.137071,0.060089,1.112605,0.086030,0.000000,0.000000,-0.257791,,0.103033,0.000000,,,,0.052845,0.126353,1.500000,8.790510,47.752797,0.000000,circle,预设轨迹15,forward
1775478710.154015,8.719759,1775478750.612545|完整运动,完整运动,circle_orbit,1,1.000000,1.500000,1.500000,,,,,,,,,,,,,,,,1.136652,0.061653,1.111514,0.073381,0.000000,0.000000,-0.255389,,0.104927,0.000000,,,,0.054241,0.126307,1.500000,8.814108,47.729198,0.000000,circle,预设轨迹15,forward
1775478710.177220,8.742964,1775478750.612545|完整运动,完整运动,circle_orbit,1,1.000000,1.500000,1.500000,,,,,,,,,,,,,,,,1.136217,0.063213,1.110111,0.074918,0.000000,0.000000,-0.252977,,0.107065,0.000000,,,,0.055635,0.126258,1.500000,8.837859,47.705448,0.000000,circle,预设轨迹15,forward
1775478710.201983,8.767727,1775478750.612545|完整运动,完整运动,circle_orbit,1,1.000000,1.500000,1.500000,,,,,,,,,,,,,,,,1.135781,0.064927,1.109643,0.077781,0.000000,0.000000,-0.250329,,0.108598,0.000000,,,,0.057165,0.126210,1.500000,8.861396,47.681911,0.000000,circle,预设轨迹15,forward
1775478710.223587,8.789331,1775478750.612545|完整运动,完整运动,circle_orbit,1,1.000000,1.500000,1.500000,,,,,,,,,,,,,,,,1.135343,0.066675,1.109056,0.079781,0.000000,0.000000,-0.247607,,0.110255,0.000000,,,,0.058727,0.126161,1.500000,8.884754,47.658553,0.000000,circle,预设轨迹15,forward
1775478710.253122,8.818866,1775478750.612545|完整运动,完整运动,circle_orbit,1,1.000000,1.500000,1.500000,,,,,,,,,,,,,,,,1.134879,0.070394,1.107026,0.098287,0.000000,0.000000,-0.242063,,0.114270,0.000000,,,,0.062028,0.126110,1.500000,8.931600,47.611706,0.000000,circle,预设轨迹15,forward
1775478710.285293,8.851037,1775478750.612545|完整运动,完整运动,circle_orbit,1,1.000000,1.500000,1.500000,,,,,,,,,,,,,,,,1.134413,0.072136,1.106451,0.085198,0.000000,0.000000,-0.239193,,0.115985,0.000000,,,,0.063588,0.126058,1.500000,8.955171,47.588136,0.000000,circle,预设轨迹15,forward
1775478710.313076,8.878820,1775478750.612545|完整运动,完整运动,circle_orbit,1,1.000000,1.500000,1.500000,,,,,,,,,,,,,,,,1.133938,0.076053,1.105418,0.105437,0.000000,0.000000,-0.233214,,0.119435,0.000000,,,,0.067070,0.126005,1.500000,9.002326,47.540981,0.000000,circle,预设轨迹15,forward
1775478710.347183,8.912927,1775478750.612545|完整运动,完整运动,circle_orbit,1,1.000000,1.500000,1.500000,,,,,,,,,,,,,,,,1.133464,0.077976,1.105023,0.092397,0.000000,0.000000,-0.229929,,0.121199,0.000000,,,,0.068795,0.125952,1.500000,9.025859,47.517448,0.000000,circle,预设轨迹15,forward
1775478710.375588,8.941332,1775478750.612545|完整运动,完整运动,circle_orbit,1,1.000000,1.500000,1.500000,,,,,,,,,,,,,,,,1.132985,0.082319,1.104278,0.114887,0.000000,0.000000,-0.223184,,0.124769,0.000000,,,,0.072656,0.125899,1.500000,9.072886,47.470420,0.000000,circle,预设轨迹15,forward
1775478710.402017,8.967762,1775478750.612545|完整运动,完整运动,circle_orbit,1,1.000000,1.500000,1.500000,,,,,,,,,,,,,,,,1.132514,0.084172,1.104242,0.098075,0.000000,0.000000,-0.219815,,0.126294,0.000000,,,,0.074323,0.125847,1.500000,9.096303,47.447003,0.000000,circle,预设轨迹15,forward
1775478710.423775,8.989519,1775478750.612545|完整运动,完整运动,circle_orbit,1,1.000000,1.500000,1.500000,,,,,,,,,,,,,,,,1.132046,0.086023,1.103987,0.099907,0.000000,0.000000,-0.216432,,0.127994,0.000000,,,,0.075989,0.125795,1.500000,9.119522,47.423785,0.000000,circle,预设轨迹15,forward
1775478710.456912,9.022656,1775478750.612545|完整运动,完整运动,circle_orbit,1,1.000000,1.500000,1.500000,,,,,,,,,,,,,,,,1.131556,0.090048,1.102168,0.120228,0.000000,0.000000,-0.209951,,0.132276,0.000000,,,,0.079579,0.125740,1.500000,9.166176,47.377131,0.000000,circle,预设轨迹15,forward
1775478710.495950,9.061694,1775478750.612545|完整运动,完整运动,circle_orbit,1,1.000000,1.500000,1.500000,,,,,,,,,,,,,,,,1.131084,0.091825,1.102717,0.105153,0.000000,0.000000,-0.206523,,0.133376,0.000000,,,,0.081183,0.125688,1.500000,9.189589,47.353718,0.000000,circle,预设轨迹15,forward
1775478710.523793,9.089537,1775478750.612545|完整运动,完整运动,circle_orbit,1,1.000000,1.500000,1.500000,,,,,,,,,,,,,,,,1.130621,0.096014,1.102844,0.127431,0.000000,0.000000,-0.199661,,0.136328,0.000000,,,,0.084921,0.125636,1.500000,9.236627,47.306680,0.000000,circle,预设轨迹15,forward
1775478710.559973,9.125718,1775478750.612545|完整运动,完整运动,circle_orbit,1,1.000000,1.500000,1.500000,,,,,,,,,,,,,,,,1.130166,0.097570,1.102873,0.109240,0.000000,0.000000,-0.196397,,0.137757,0.000000,,,,0.086332,0.125586,1.500000,9.259819,47.283488,0.000000,circle,预设轨迹15,forward
1775478710.595415,9.161160,1775478750.612545|完整运动,完整运动,circle_orbit,1,1.000000,1.500000,1.500000,,,,,,,,,,,,,,,,1.129712,0.101281,1.102452,0.129112,0.000000,0.000000,-0.190081,,0.140888,0.000000,,,,0.089652,0.125535,1.500000,9.306091,47.237215,0.000000,circle,预设轨迹15,forward
1775478710.618938,9.184683,1775478750.612545|完整运动,完整运动,circle_orbit,1,1.000000,1.500000,1.500000,,,,,,,,,,,,,,,,1.129273,0.105192,1.102948,0.134527,0.000000,0.000000,-0.183371,,0.143489,0.000000,,,,0.093150,0.125487,1.500000,9.352893,47.190414,0.000000,circle,预设轨迹15,forward
1775478710.639883,9.205627,1775478750.612545|完整运动,完整运动,circle_orbit,1,1.000000,1.500000,1.500000,,,,,,,,,,,,,,,,1.128858,0.106876,1.104000,0.119505,0.000000,0.000000,-0.179701,,0.144310,0.000000,,,,0.094676,0.125441,1.500000,9.376264,47.167043,0.000000,circle,预设轨迹15,forward
1775478710.666383,9.232127,1775478750.612545|完整运动,完整运动,circle_orbit,1,1.000000,1.500000,1.500000,,,,,,,,,,,,,,,,1.128489,0.111323,1.106318,0.144674,0.000000,0.000000,-0.172110,,0.145905,0.000000,,,,0.098648,0.125400,1.500000,9.422439,47.120867,0.000000,circle,预设轨迹15,forward
1775478710.693954,9.259699,1775478750.612545|完整运动,完整运动,circle_orbit,1,1.000000,1.500000,1.500000,,,,,,,,,,,,,,,,1.128143,0.113040,1.107394,0.125917,0.000000,0.000000,-0.168247,,0.146799,0.000000,,,,0.100200,0.125361,1.500000,9.445459,47.097847,0.000000,circle,预设轨迹15,forward
1775478710.718460,9.284204,1775478750.612545|完整运动,完整运动,circle_orbit,1,1.000000,1.500000,1.500000,,,,,,,,,,,,,,,,1.127813,0.114747,1.107975,0.127549,0.000000,0.000000,-0.164403,,0.148063,0.000000,,,,0.101743,0.125324,1.500000,9.468671,47.074636,0.000000,circle,预设轨迹15,forward
1775478710.738858,9.304602,1775478750.612545|完整运动,完整运动,circle_orbit,1,1.000000,1.500000,1.500000,,,,,,,,,,,,,,,,1.127502,0.116438,1.108874,0.129124,0.000000,0.000000,-0.160581,,0.149076,0.000000,,,,0.103271,0.125290,1.500000,9.491800,47.051507,0.000000,circle,预设轨迹15,forward
1775478710.762846,9.328590,1775478750.612545|完整运动,完整运动,circle_orbit,1,1.000000,1.500000,1.500000,,,,,,,,,,,,,,,,1.127215,0.118177,1.109989,0.131222,0.000000,0.000000,-0.156691,,0.149956,0.000000,,,,0.104840,0.125258,1.500000,9.514935,47.028372,0.000000,circle,预设轨迹15,forward
1775478710.795439,9.361183,1775478750.612545|完整运动,完整运动,circle_orbit,1,1.000000,1.500000,1.500000,,,,,,,,,,,,,,,,1.126952,0.119945,1.111203,0.133198,0.000000,0.000000,-0.152755,,0.150783,0.000000,,,,0.106433,0.125229,1.500000,9.538069,47.005238,0.000000,circle,预设轨迹15,forward
1775478710.828524,9.394268,1775478750.612545|完整运动,完整运动,circle_orbit,1,1.000000,1.500000,1.500000,,,,,,,,,,,,,,,,1.126741,0.124543,1.114037,0.159035,0.000000,0.000000,-0.144788,,0.152177,0.000000,,,,0.110534,0.125205,1.500000,9.584384,46.958923,0.000000,circle,预设轨迹15,forward
1775478710.853570,9.419315,1775478750.612545|完整运动,完整运动,circle_orbit,1,1.000000,1.500000,1.500000,,,,,,,,,,,,,,,,1.126576,0.128922,1.116720,0.161761,0.000000,0.000000,-0.136975,,0.153629,0.000000,,,,0.114437,0.125187,1.500000,9.630275,46.913031,0.000000,circle,预设轨迹15,forward
1775478710.875482,9.441226,1775478750.612545|完整运动,完整运动,circle_orbit,1,1.000000,1.500000,1.500000,,,,,,,,,,,,,,,,1.126434,0.130387,1.117859,0.141377,0.000000,0.000000,-0.133156,,0.154470,0.000000,,,,0.115752,0.125171,1.500000,9.653171,46.890136,0.000000,circle,预设轨迹15,forward
1775478710.896653,9.462398,1775478750.612545|完整运动,完整运动,circle_orbit,1,1.000000,1.500000,1.500000,,,,,,,,,,,,,,,,1.126324,0.131898,1.119754,0.143231,0.000000,0.000000,-0.129290,,0.154770,0.000000,,,,0.117105,0.125159,1.500000,9.676093,46.867213,0.000000,circle,预设轨迹15,forward
1775478710.926940,9.492685,1775478750.612545|完整运动,完整运动,circle_orbit,1,1.000000,1.500000,1.500000,,,,,,,,,,,,,,,,1.126251,0.133497,1.121869,0.145488,0.000000,0.000000,-0.125309,,0.154961,0.000000,,,,0.118532,0.125151,1.500000,9.698970,46.844337,0.000000,circle,预设轨迹15,forward
1775478710.957826,9.523570,1775478750.612545|完整运动,完整运动,circle_orbit,1,1.000000,1.500000,1.500000,,,,,,,,,,,,,,,,1.126232,0.137786,1.125089,0.169957,0.000000,0.000000,-0.117513,,0.156035,0.000000,,,,0.122343,0.125149,1.500000,9.744707,46.798600,0.000000,circle,预设轨迹15,forward
1775478710.982712,9.548456,1775478750.612545|完整运动,完整运动,circle_orbit,1,1.000000,1.500000,1.500000,,,,,,,,,,,,,,,,1.126247,0.139136,1.127165,0.149256,0.000000,0.000000,-0.113749,,0.156173,0.000000,,,,0.123539,0.125150,1.500000,9.767362,46.775945,0.000000,circle,预设轨迹15,forward
1775478711.003072,9.568816,1775478750.612545|完整运动,完整运动,circle_orbit,1,1.000000,1.500000,1.500000,,,,,,,,,,,,,,,,1.126341,0.143176,1.131946,0.173474,0.000000,0.000000,-0.106182,,0.156023,0.000000,,,,0.127116,0.125161,1.500000,9.812391,46.730916,0.000000,circle,预设轨迹15,forward
1775478711.023959,9.589704,1775478750.612545|完整运动,完整运动,circle_orbit,1,1.000000,1.500000,1.500000,,,,,,,,,,,,,,,,1.126480,0.144587,1.134850,0.155175,0.000000,0.000000,-0.102220,,0.155664,0.000000,,,,0.128353,0.125176,1.500000,9.834966,46.708341,0.000000,circle,预设轨迹15,forward
1775478711.054552,9.620296,1775478750.612545|完整运动,完整运动,circle_orbit,1,1.000000,1.500000,1.500000,,,,,,,,,,,,,,,,1.126661,0.146041,1.137491,0.156941,0.000000,0.000000,-0.098217,,0.155526,0.000000,,,,0.129623,0.125196,1.500000,9.857611,46.685695,0.000000,circle,预设轨迹15,forward
1775478711.080231,9.645976,1775478750.612545|完整运动,完整运动,circle_orbit,1,1.000000,1.500000,1.500000,,,,,,,,,,,,,,,,1.126884,0.147491,1.140296,0.158371,0.000000,0.000000,-0.094230,,0.155271,0.000000,,,,0.130884,0.125221,1.500000,9.880271,46.663036,0.000000,circle,预设轨迹15,forward
1775478711.117090,9.682834,1775478750.612545|完整运动,完整运动,circle_orbit,1,1.000000,1.500000,1.500000,,,,,,,,,,,,,,,,1.127156,0.148946,1.143438,0.159859,0.000000,0.000000,-0.090246,,0.154782,0.000000,,,,0.132144,0.125251,1.500000,9.902894,46.640413,0.000000,circle,预设轨迹15,forward
1775478711.150042,9.715786,1775478750.612545|完整运动,完整运动,circle_orbit,1,1.000000,1.500000,1.500000,,,,,,,,,,,,,,,,1.127532,0.153217,1.150133,0.185250,0.000000,0.000000,-0.082265,,0.153557,0.000000,,,,0.135887,0.125293,1.500000,9.948325,46.594982,0.000000,circle,预设轨迹15,forward
1775478711.178231,9.743975,1775478750.612545|完整运动,完整运动,circle_orbit,1,1.000000,1.500000,1.500000,,,,,,,,,,,,,,,,1.128008,0.157288,1.156522,0.187815,0.000000,0.000000,-0.074420,,0.152541,0.000000,,,,0.139439,0.125346,1.500000,9.993862,46.549444,0.000000,circle,预设轨迹15,forward
1775478711.204929,9.770673,1775478750.612545|完整运动,完整运动,circle_orbit,1,1.000000,1.500000,1.500000,,,,,,,,,,,,,,,,1.128536,0.158507,1.160261,0.167652,0.000000,0.000000,-0.070495,,0.151674,0.000000,,,,0.140454,0.125405,1.500000,10.016517,46.526789,0.000000,circle,预设轨迹15,forward
1775478711.226378,9.792122,1775478750.612545|完整运动,完整运动,circle_orbit,1,1.000000,1.500000,1.500000,,,,,,,,,,,,,,,,1.129178,0.162695,1.167654,0.194107,0.000000,0.000000,-0.062379,,0.150166,0.000000,,,,0.144083,0.125476,1.500000,10.061750,46.481556,0.000000,circle,预设轨迹15,forward
1775478711.251846,9.817590,1775478750.612545|完整运动,完整运动,circle_orbit,1,1.000000,1.500000,1.500000,,,,,,,,,,,,,,,,1.129871,0.164176,1.171503,0.175278,0.000000,0.000000,-0.057976,,0.149485,0.000000,,,,0.145305,0.125553,1.500000,10.084227,46.459080,0.000000,circle,预设轨迹15,forward
1775478711.280894,9.846638,1775478750.612545|完整运动,完整运动,circle_orbit,1,1.000000,1.500000,1.500000,,,,,,,,,,,,,,,,1.130610,0.165496,1.174942,0.175404,0.000000,0.000000,-0.053817,,0.148990,0.000000,,,,0.146378,0.125635,1.500000,10.106681,46.436625,0.000000,circle,预设轨迹15,forward
1775478711.317037,9.882781,1775478750.612545|完整运动,完整运动,circle_orbit,1,1.000000,1.500000,1.500000,,,,,,,,,,,,,,,,1.131467,0.169551,1.182851,0.199963,0.000000,0.000000,-0.045794,,0.147222,0.000000,,,,0.149851,0.125730,1.500000,10.151637,46.391670,0.000000,circle,预设轨迹15,forward
1775478711.339035,9.904779,1775478750.612545|完整运动,完整运动,circle_orbit,1,1.000000,1.500000,1.500000,,,,,,,,,,,,,,,,1.132371,0.170698,1.186648,0.179299,0.000000,0.000000,-0.041776,,0.146471,0.000000,,,,0.150744,0.125831,1.500000,10.174220,46.369086,0.000000,circle,预设轨迹15,forward
1775478711.360314,9.926058,1775478750.612545|完整运动,完整运动,circle_orbit,1,1.000000,1.500000,1.500000,,,,,,,,,,,,,,,,1.133335,0.171905,1.191126,0.180958,0.000000,0.000000,-0.037707,,0.145310,0.000000,,,,0.151681,0.125938,1.500000,10.196858,46.346449,0.000000,circle,预设轨迹15,forward
1775478711.384647,9.950392,1775478750.612545|完整运动,完整运动,circle_orbit,1,1.000000,1.500000,1.500000,,,,,,,,,,,,,,,,1.134359,0.173109,1.195826,0.182137,0.000000,0.000000,-0.033668,,0.144012,0.000000,,,,0.152605,0.126052,1.500000,10.219357,46.323949,0.000000,circle,预设轨迹15,forward
1775478711.412280,9.978024,1775478750.612545|完整运动,完整运动,circle_orbit,1,1.000000,1.500000,1.500000,,,,,,,,,,,,,,,,1.135438,0.174299,1.200170,0.183228,0.000000,0.000000,-0.029672,,0.142950,0.000000,,,,0.153509,0.126172,1.500000,10.241768,46.301539,0.000000,circle,预设轨迹15,forward
1775478711.437797,10.003541,1775478750.612545|完整运动,完整运动,circle_orbit,1,1.000000,1.500000,1.500000,,,,,,,,,,,,,,,,1.136641,0.178099,1.208836,0.206595,0.000000,0.000000,-0.021988,,0.140766,0.000000,,,,0.156689,0.126305,1.500000,10.286669,46.256638,0.000000,circle,预设轨迹15,forward
1775478711.458234,10.023978,1775478750.612545|完整运动,完整运动,circle_orbit,1,1.000000,1.500000,1.500000,,,,,,,,,,,,,,,,1.137907,0.179172,1.213888,0.187224,0.000000,0.000000,-0.018054,,0.139287,0.000000,,,,0.157458,0.126446,1.500000,10.309088,46.234219,0.000000,circle,预设轨迹15,forward
1775478711.485214,10.050958,1775478750.612545|完整运动,完整运动,circle_orbit,1,1.000000,1.500000,1.500000,,,,,,,,,,,,,,,,1.139236,0.180277,1.218966,0.188561,0.000000,0.000000,-0.014107,,0.137825,0.000000,,,,0.158244,0.126594,1.500000,10.331557,46.211750,0.000000,circle,预设轨迹15,forward
1775478711.512718,10.078462,1775478750.612545|完整运动,完整运动,circle_orbit,1,1.000000,1.500000,1.500000,,,,,,,,,,,,,,,,1.140722,0.183998,1.229893,0.211902,0.000000,0.000000,-0.006461,,0.134390,0.000000,,,,0.161299,0.126759,1.500000,10.376492,46.166815,0.000000,circle,预设轨迹15,forward
1775478711.540554,10.106298,1775478750.612545|完整运动,完整运动,circle_orbit,1,1.000000,1.500000,1.500000,,,,,,,,,,,,,,,,1.142274,0.184889,1.235351,0.191572,0.000000,0.000000,-0.002717,,0.132686,0.000000,,,,0.161860,0.126931,1.500000,10.399063,46.144243,0.000000,circle,预设轨迹15,forward
1775478711.573655,10.139399,1775478750.612545|完整运动,完整运动,circle_orbit,1,1.000000,1.500000,1.500000,,,,,,,,,,,,,,,,1.143868,0.185782,1.239555,0.192485,0.000000,0.000000,0.000992,,0.130879,0.000000,,,,0.162416,0.127109,1.500000,10.421712,46.121594,0.000000,circle,预设轨迹15,forward
1775478711.594197,10.159941,1775478750.612545|完整运动,完整运动,circle_orbit,1,1.000000,1.500000,1.500000,,,,,,,,,,,,,,,,1.145459,0.189268,1.240916,0.215409,0.000000,0.000000,0.008357,,0.126776,0.000000,,,,0.165233,0.127285,1.500000,10.467084,46.076222,0.000000,circle,预设轨迹15,forward
1775478711.620494,10.186238,1775478750.612545|完整运动,完整运动,circle_orbit,1,1.000000,1.500000,1.500000,,,,,,,,,,,,,,,,1.147030,0.190040,1.241256,0.195836,0.000000,0.000000,0.011975,,0.124961,0.000000,,,,0.165681,0.127460,1.500000,10.489844,46.053463,0.000000,circle,预设轨迹15,forward
1775478711.653113,10.218857,1775478750.612545|完整运动,完整运动,circle_orbit,1,1.000000,1.500000,1.500000,,,,,,,,,,,,,,,,1.148586,0.190863,1.241924,0.197035,0.000000,0.000000,0.015623,,0.122933,0.000000,,,,0.166173,0.127633,1.500000,10.512553,46.030754,0.000000,circle,预设轨迹15,forward
1775478711.681073,10.246817,1775478750.612545|完整运动,完整运动,circle_orbit,1,1.000000,1.500000,1.500000,,,,,,,,,,,,,,,,1.150136,0.194182,1.243176,0.219068,0.000000,0.000000,0.022788,,0.118988,0.000000,,,,0.168834,0.127805,1.500000,10.557744,45.985562,0.000000,circle,预设轨迹15,forward
1775478711.713552,10.279296,1775478750.612545|完整运动,完整运动,circle_orbit,1,1.000000,1.500000,1.500000,,,,,,,,,,,,,,,,1.151673,0.194940,1.243861,0.200631,0.000000,0.000000,0.026418,,0.116959,0.000000,,,,0.169267,0.127976,1.500000,10.580170,45.963137,0.000000,circle,预设轨迹15,forward
1775478711.744490,10.310234,1775478750.612545|完整运动,完整运动,circle_orbit,1,1.000000,1.500000,1.500000,,,,,,,,,,,,,,,,1.153187,0.198010,1.244031,0.221029,0.000000,0.000000,0.033295,,0.113799,0.000000,,,,0.171706,0.128144,1.500000,10.625433,45.917874,0.000000,circle,预设轨迹15,forward
1775478711.778289,10.344033,1775478750.612545|完整运动,完整运动,circle_orbit,1,1.000000,1.500000,1.500000,,,,,,,,,,,,,,,,1.154721,0.200977,1.246808,0.223233,0.000000,0.000000,0.040126,,0.109085,0.000000,,,,0.174048,0.128315,1.500000,10.670700,45.872607,0.000000,circle,预设轨迹15,forward
1775478711.809738,10.375483,1775478750.612545|完整运动,完整运动,circle_orbit,1,1.000000,1.500000,1.500000,,,,,,,,,,,,,,,,1.156246,0.201425,1.247739,0.204783,0.000000,0.000000,0.043455,,0.107044,0.000000,,,,0.174206,0.128484,1.500000,10.693227,45.850080,0.000000,circle,预设轨迹15,forward
1775478711.830225,10.395969,1775478750.612545|完整运动,完整运动,circle_orbit,1,1.000000,1.500000,1.500000,,,,,,,,,,,,,,,,1.157764,0.204090,1.248800,0.224077,0.000000,0.000000,0.049880,,0.103550,0.000000,,,,0.176279,0.128653,1.500000,10.738724,45.804583,0.000000,circle,预设轨迹15,forward
1775478711.851854,10.417598,1775478750.612545|完整运动,完整运动,circle_orbit,1,1.000000,1.500000,1.500000,,,,,,,,,,,,,,,,1.159269,0.204443,1.249571,0.207090,0.000000,0.000000,0.053083,,0.101663,0.000000,,,,0.176355,0.128820,1.500000,10.761668,45.781639,0.000000,circle,预设轨迹15,forward
1775478711.878312,10.444057,1775478750.612545|完整运动,完整运动,circle_orbit,1,1.000000,1.500000,1.500000,,,,,,,,,,,,,,,,1.160772,0.204892,1.250974,0.208264,0.000000,0.000000,0.056361,,0.099364,0.000000,,,,0.176514,0.128987,1.500000,10.784721,45.758585,0.000000,circle,预设轨迹15,forward
1775478711.910348,10.476092,1775478750.612545|完整运动,完整运动,circle_orbit,1,1.000000,1.500000,1.500000,,,,,,,,,,,,,,,,1.162309,0.207342,1.254536,0.225718,0.000000,0.000000,0.062439,,0.094535,0.000000,,,,0.178388,0.129158,1.500000,10.830523,45.712784,0.000000,circle,预设轨迹15,forward
1775478711.940329,10.506073,1775478750.612545|完整运动,完整运动,circle_orbit,1,1.000000,1.500000,1.500000,,,,,,,,,,,,,,,,1.163862,0.207594,1.257042,0.209485,0.000000,0.000000,0.065456,,0.091704,0.000000,,,,0.178367,0.129330,1.500000,10.853237,45.690070,0.000000,circle,预设轨迹15,forward
1775478711.976553,10.542297,1775478750.612545|完整运动,完整运动,circle_orbit,1,1.000000,1.500000,1.500000,,,,,,,,,,,,,,,,1.165422,0.207795,1.258988,0.209302,0.000000,0.000000,0.068340,,0.089269,0.000000,,,,0.178301,0.129504,1.500000,10.875993,45.667314,0.000000,circle,预设轨迹15,forward
1775478712.006777,10.572521,1775478750.612545|完整运动,完整运动,circle_orbit,1,1.000000,1.500000,1.500000,,,,,,,,,,,,,,,,1.167077,0.211523,1.266406,0.239480,0.000000,0.000000,0.076196,,0.081416,0.000000,,,,0.181242,0.129688,1.500000,10.945235,45.598072,0.000000,circle,预设轨迹15,forward
1775478712.045254,10.610998,1775478750.612545|完整运动,完整运动,circle_orbit,1,1.000000,1.500000,1.500000,,,,,,,,,,,,,,,,1.168748,0.211357,1.269030,0.210116,0.000000,0.000000,0.078656,,0.078792,0.000000,,,,0.180841,0.129873,1.500000,10.968318,45.574989,0.000000,circle,预设轨迹15,forward
1775478712.068016,10.633760,1775478750.612545|完整运动,完整运动,circle_orbit,1,1.000000,1.500000,1.500000,,,,,,,,,,,,,,,,1.170442,0.211236,1.272043,0.210328,0.000000,0.000000,0.081099,,0.075956,0.000000,,,,0.180476,0.130061,1.500000,10.991378,45.551929,0.000000,circle,预设轨迹15,forward
1775478712.104434,10.670178,1775478750.612545|完整运动,完整运动,circle_orbit,1,1.000000,1.500000,1.500000,,,,,,,,,,,,,,,,1.172243,0.214393,1.280298,0.238070,0.000000,0.000000,0.088147,,0.068071,0.000000,,,,0.182891,0.130262,1.500000,11.060567,45.482739,0.000000,circle,预设轨迹15,forward
1775478712.133500,10.699244,1775478750.612545|完整运动,完整运动,circle_orbit,1,1.000000,1.500000,1.500000,,,,,,,,,,,,,,,,1.174064,0.214095,1.283325,0.211860,0.000000,0.000000,0.090393,,0.065346,0.000000,,,,0.182354,0.130464,1.500000,11.083821,45.459486,0.000000,circle,预设轨迹15,forward
1775478712.168319,10.734063,1775478750.612545|完整运动,完整运动,circle_orbit,1,1.000000,1.500000,1.500000,,,,,,,,,,,,,,,,1.175962,0.215624,1.289888,0.227091,0.000000,0.000000,0.095164,,0.059508,0.000000,,,,0.183360,0.130675,1.500000,11.129854,45.413453,0.000000,circle,预设轨迹15,forward
1775478712.193290,10.759034,1775478750.612545|完整运动,完整运动,circle_orbit,1,1.000000,1.500000,1.500000,,,,,,,,,,,,,,,,1.177882,0.215489,1.293052,0.214479,0.000000,0.000000,0.097591,,0.056651,0.000000,,,,0.182946,0.130888,1.500000,11.152712,45.390595,0.000000,circle,预设轨迹15,forward
1775478712.225244,10.790988,1775478750.612545|完整运动,完整运动,circle_orbit,1,1.000000,1.500000,1.500000,,,,,,,,,,,,,,,,1.179820,0.215333,1.296098,0.214162,0.000000,0.000000,0.099917,,0.053913,0.000000,,,,0.182514,0.131104,1.500000,11.175506,45.367800,0.000000,circle,预设轨迹15,forward
1775478712.251213,10.816957,1775478750.612545|完整运动,完整运动,circle_orbit,1,1.000000,1.500000,1.500000,,,,,,,,,,,,,,,,1.181830,0.216456,1.302410,0.224879,0.000000,0.000000,0.104004,,0.048591,0.000000,,,,0.183153,0.131327,1.500000,11.221493,45.321814,0.000000,circle,预设轨迹15,forward
1775478712.272252,10.837996,1775478750.612545|完整运动,完整运动,circle_orbit,1,1.000000,1.500000,1.500000,,,,,,,,,,,,,,,,1.183857,0.216100,1.305503,0.213432,0.000000,0.000000,0.105996,,0.046001,0.000000,,,,0.182539,0.131552,1.500000,11.244777,45.298529,0.000000,circle,预设轨迹15,forward
1775478712.296550,10.862294,1775478750.612545|完整运动,完整运动,circle_orbit,1,1.000000,1.500000,1.500000,,,,,,,,,,,,,,,,1.185911,0.215749,1.309159,0.213110,0.000000,0.000000,0.107919,,0.043140,0.000000,,,,0.181926,0.131780,1.500000,11.268097,45.275209,0.000000,circle,预设轨迹15,forward
1775478712.320853,10.886597,1775478750.612545|完整运动,完整运动,circle_orbit,1,1.000000,1.500000,1.500000,,,,,,,,,,,,,,,,1.188002,0.215392,1.313439,0.212720,0.000000,0.000000,0.109769,,0.039984,0.000000,,,,0.181306,0.132013,1.500000,11.291349,45.251957,0.000000,circle,预设轨迹15,forward
1775478712.353117,10.918862,1775478750.612545|完整运动,完整运动,circle_orbit,1,1.000000,1.500000,1.500000,,,,,,,,,,,,,,,,1.190131,0.215145,1.317857,0.213293,0.000000,0.000000,0.111711,,0.036728,0.000000,,,,0.180775,0.132249,1.500000,11.314618,45.228688,0.000000,circle,预设轨迹15,forward
1775478712.379686,10.945430,1775478750.612545|完整运动,完整运动,circle_orbit,1,1.000000,1.500000,1.500000,,,,,,,,,,,,,,,,1.192375,0.216012,1.327020,0.222512,0.000000,0.000000,0.115193,,0.030268,0.000000,,,,0.181161,0.132499,1.500000,11.361574,45.181733,0.000000,circle,预设轨迹15,forward
1775478712.417189,10.982934,1775478750.612545|完整运动,完整运动,circle_orbit,1,1.000000,1.500000,1.500000,,,,,,,,,,,,,,,,1.194672,0.215587,1.332486,0.212402,0.000000,0.000000,0.116850,,0.026634,0.000000,,,,0.180457,0.132754,1.500000,11.385048,45.158259,0.000000,circle,预设轨迹15,forward
1775478712.446855,11.012599,1775478750.612545|完整运动,完整运动,circle_orbit,1,1.000000,1.500000,1.500000,,,,,,,,,,,,,,,,1.197105,0.216429,1.343081,0.222738,0.000000,0.000000,0.120259,,0.019569,0.000000,,,,0.180793,0.133024,1.500000,11.432019,45.111288,0.000000,circle,预设轨迹15,forward
1775478712.480081,11.045825,1775478750.612545|完整运动,完整运动,circle_orbit,1,1.000000,1.500000,1.500000,,,,,,,,,,,,,,,,1.199650,0.217068,1.352348,0.221861,0.000000,0.000000,0.123401,,0.013389,0.000000,,,,0.180943,0.133307,1.500000,11.478991,45.064315,0.000000,circle,预设轨迹15,forward
1775478712.512112,11.077856,1775478750.612545|完整运动,完整运动,circle_orbit,1,1.000000,1.500000,1.500000,,,,,,,,,,,,,,,,1.202215,0.216339,1.356163,0.210870,0.000000,0.000000,0.124593,,0.010909,0.000000,,,,0.179950,0.133592,1.500000,11.502539,45.040767,0.000000,circle,预设轨迹15,forward
1775478712.536177,11.101922,1775478750.612545|完整运动,完整运动,circle_orbit,1,1.000000,1.500000,1.500000,,,,,,,,,,,,,,,,1.204904,0.216143,1.366254,0.214676,0.000000,0.000000,0.126476,,0.004966,0.000000,,,,0.179386,0.133891,1.500000,11.549794,44.993513,0.000000,circle,预设轨迹15,forward
1775478712.556729,11.122473,1775478750.612545|完整运动,完整运动,circle_orbit,1,1.000000,1.500000,1.500000,,,,,,,,,,,,,,,,1.207647,0.215265,1.372201,0.208679,0.000000,0.000000,0.127345,,0.001606,0.000000,,,,0.178251,0.134196,1.500000,11.573460,44.969846,0.000000,circle,预设轨迹15,forward
1775478712.586709,11.152453,1775478750.612545|完整运动,完整运动,circle_orbit,1,1.000000,1.500000,1.500000,,,,,,,,,,,,,,,,1.210334,0.214399,1.371544,0.207906,0.000000,0.000000,0.128152,,-0.001574,0.000000,,,,0.177140,0.134494,1.500000,11.597050,44.946257,0.000000,circle,预设轨迹15,forward
1775478712.612662,11.178406,1775478750.612545|完整运动,完整运动,circle_orbit,1,1.000000,1.500000,1.500000,,,,,,,,,,,,,,,,1.212765,0.214013,1.358661,0.211118,0.000000,0.000000,0.129578,,-0.007422,0.000000,,,,0.176467,0.134764,1.500000,11.644216,44.899091,0.000000,circle,预设轨迹15,forward
1775478712.637429,11.203173,1775478750.612545|完整运动,完整运动,circle_orbit,1,1.000000,1.500000,1.500000,,,,,,,,,,,,,,,,1.215049,0.213221,1.352080,0.207277,0.000000,0.000000,0.130383,,-0.010422,0.000000,,,,0.175483,0.135018,1.500000,11.667697,44.875610,0.000000,circle,预设轨迹15,forward
1775478712.666853,11.232597,1775478750.612545|完整运动,完整运动,circle_orbit,1,1.000000,1.500000,1.500000,,,,,,,,,,,,,,,,1.217193,0.212465,1.345827,0.206802,0.000000,0.000000,0.131178,,-0.013291,0.000000,,,,0.174554,0.135257,1.500000,11.691272,44.852035,0.000000,circle,预设轨迹15,forward
1775478712.703060,11.268804,1775478750.612545|完整运动,完整运动,circle_orbit,1,1.000000,1.500000,1.500000,,,,,,,,,,,,,,,,1.219196,0.211700,1.339395,0.205962,0.000000,0.000000,0.131900,,-0.016315,0.000000,,,,0.173639,0.135479,1.500000,11.714840,44.828466,0.000000,circle,预设轨迹15,forward
1775478712.738270,11.304014,1775478750.612545|完整运动,完整运动,circle_orbit,1,1.000000,1.500000,1.500000,,,,,,,,,,,,,,,,1.220968,0.211083,1.327269,0.206456,0.000000,0.000000,0.132791,,-0.022314,0.000000,,,,0.172882,0.135676,1.500000,11.762385,44.780922,0.000000,circle,预设轨迹15,forward
1775478712.769743,11.335487,1775478750.612545|完整运动,完整运动,circle_orbit,1,1.000000,1.500000,1.500000,,,,,,,,,,,,,,,,1.222531,0.210246,1.316272,0.203968,0.000000,0.000000,0.133336,,-0.027973,0.000000,,,,0.171976,0.135850,1.500000,11.810315,44.732992,0.000000,circle,预设轨迹15,forward
1775478712.798680,11.364424,1775478750.612545|完整运动,完整运动,circle_orbit,1,1.000000,1.500000,1.500000,,,,,,,,,,,,,,,,1.223875,0.209200,1.304554,0.201354,0.000000,0.000000,0.133545,,-0.034278,0.000000,,,,0.170933,0.135999,1.500000,11.858561,44.684746,0.000000,circle,预设轨迹15,forward
1775478712.833292,11.399037,1775478750.612545|完整运动,完整运动,circle_orbit,1,1.000000,1.500000,1.500000,,,,,,,,,,,,,,,,1.225115,0.207980,1.299524,0.198829,0.000000,0.000000,0.133446,,-0.037103,0.000000,,,,0.169764,0.136137,1.500000,11.882819,44.660488,0.000000,circle,预设轨迹15,forward
1775478712.854113,11.419857,1775478750.612545|完整运动,完整运动,circle_orbit,1,1.000000,1.500000,1.500000,,,,,,,,,,,,,,,,1.226121,0.206883,1.286458,0.198655,0.000000,0.000000,0.133471,,-0.044419,0.000000,,,,0.168730,0.136249,1.500000,11.931289,44.612017,0.000000,circle,预设轨迹15,forward
1775478712.880574,11.446318,1775478750.612545|完整运动,完整运动,circle_orbit,1,1.000000,1.500000,1.500000,,,,,,,,,,,,,,,,1.227040,0.205663,1.282200,0.196511,0.000000,0.000000,0.133264,,-0.046931,0.000000,,,,0.167609,0.136351,1.500000,11.955490,44.587817,0.000000,circle,预设轨迹15,forward
1775478712.905521,11.471265,1775478750.612545|完整运动,完整运动,circle_orbit,1,1.000000,1.500000,1.500000,,,,,,,,,,,,,,,,1.227944,0.204639,1.282200,0.196966,0.000000,0.000000,0.133264,,-0.046931,0.000000,,,,0.166652,0.136451,1.500000,11.955490,44.587817,0.000000,circle,预设轨迹15,forward
1775478712.927669,11.493413,1775478750.612545|完整运动,完整运动,circle_orbit,1,1.000000,1.500000,1.500000,,,,,,,,,,,,,,,,1.228669,0.203118,1.272149,0.191707,0.000000,0.000000,0.132522,,-0.053038,0.000000,,,,0.165315,0.136532,1.500000,12.003671,44.539636,0.000000,circle,预设轨迹15,forward
1775478712.949940,11.515684,1775478750.612545|完整运动,完整运动,circle_orbit,1,1.000000,1.500000,1.500000,,,,,,,,,,,,,,,,1.229218,0.201487,1.262121,0.189251,0.000000,0.000000,0.131566,,-0.059318,0.000000,,,,0.163914,0.136593,1.500000,12.052149,44.491158,0.000000,circle,预设轨迹15,forward
1775478712.973684,11.539428,1775478750.612545|完整运动,完整运动,circle_orbit,1,1.000000,1.500000,1.500000,,,,,,,,,,,,,,,,1.229676,0.200225,1.257155,0.190761,0.000000,0.000000,0.131062,,-0.062476,0.000000,,,,0.162827,0.136644,1.500000,12.076233,44.467074,0.000000,circle,预设轨迹15,forward
1775478713.000015,11.565759,1775478750.612545|完整运动,完整运动,circle_orbit,1,1.000000,1.500000,1.500000,,,,,,,,,,,,,,,,1.230057,0.198836,1.252945,0.188423,0.000000,0.000000,0.130329,,-0.065308,0.000000,,,,0.161648,0.136686,1.500000,12.100332,44.442974,0.000000,circle,预设轨迹15,forward
1775478713.027409,11.593153,1775478750.612545|完整运动,完整运动,circle_orbit,1,1.000000,1.500000,1.500000,,,,,,,,,,,,,,,,1.230372,0.197408,1.249280,0.186699,0.000000,0.000000,0.129483,,-0.067879,0.000000,,,,0.160446,0.136721,1.500000,12.124499,44.418807,0.000000,circle,预设轨迹15,forward
1775478713.059433,11.625177,1775478750.612545|完整运动,完整运动,circle_orbit,1,1.000000,1.500000,1.500000,,,,,,,,,,,,,,,,1.230559,0.195369,1.241778,0.180075,0.000000,0.000000,0.127724,,-0.073194,0.000000,,,,0.158765,0.136742,1.500000,12.173288,44.370019,0.000000,circle,预设轨迹15,forward
1775478713.081876,11.647620,1775478750.612545|完整运动,完整运动,circle_orbit,1,1.000000,1.500000,1.500000,,,,,,,,,,,,,,,,1.230685,0.193891,1.238229,0.182805,0.000000,0.000000,0.126677,,-0.075824,0.000000,,,,0.157547,0.136756,1.500000,12.197752,44.345555,0.000000,circle,预设轨迹15,forward
1775478713.103979,11.669723,1775478750.612545|完整运动,完整运动,circle_orbit,1,1.000000,1.500000,1.500000,,,,,,,,,,,,,,,,1.230676,0.191770,1.230164,0.175866,0.000000,0.000000,0.124678,,-0.081676,0.000000,,,,0.155825,0.136755,1.500000,12.246586,44.296720,0.000000,circle,预设轨迹15,forward
1775478713.127553,11.693297,1775478750.612545|完整运动,完整运动,circle_orbit,1,1.000000,1.500000,1.500000,,,,,,,,,,,,,,,,1.230668,0.191123,1.230164,0.186269,0.000000,0.000000,0.124678,,-0.081676,0.000000,,,,0.155300,0.136754,1.500000,12.246586,44.296720,0.000000,circle,预设轨迹15,forward
1775478713.160160,11.725904,1775478750.612545|完整运动,完整运动,circle_orbit,1,1.000000,1.500000,1.500000,,,,,,,,,,,,,,,,1.230538,0.188672,1.222735,0.170287,0.000000,0.000000,0.122126,,-0.087440,0.000000,,,,0.153325,0.136739,1.500000,12.295827,44.247480,0.000000,circle,预设轨迹15,forward
1775478713.185281,11.751025,1775478750.612545|完整运动,完整运动,circle_orbit,1,1.000000,1.500000,1.500000,,,,,,,,,,,,,,,,1.230340,0.187205,1.218457,0.176204,0.000000,0.000000,0.120877,,-0.090688,0.000000,,,,0.152157,0.136717,1.500000,12.320461,44.222845,0.000000,circle,预设轨迹15,forward
1775478713.216116,11.781861,1775478750.612545|完整运动,完整运动,circle_orbit,1,1.000000,1.500000,1.500000,,,,,,,,,,,,,,,,1.230030,0.184843,1.211430,0.167128,0.000000,0.000000,0.118327,,-0.096284,0.000000,,,,0.150275,0.136683,1.500000,12.369606,44.173701,0.000000,circle,预设轨迹15,forward
1775478713.236679,11.802423,1775478750.612545|完整运动,完整运动,circle_orbit,1,1.000000,1.500000,1.500000,,,,,,,,,,,,,,,,1.229677,0.183310,1.208507,0.171815,0.000000,0.000000,0.116867,,-0.098805,0.000000,,,,0.149072,0.136644,1.500000,12.394095,44.149211,0.000000,circle,预设轨迹15,forward
1775478713.260896,11.826640,1775478750.612545|完整运动,完整运动,circle_orbit,1,1.000000,1.500000,1.500000,,,,,,,,,,,,,,,,1.229301,0.181580,1.206720,0.168600,0.000000,0.000000,0.115084,,-0.100746,0.000000,,,,0.147710,0.136602,1.500000,12.418640,44.124666,0.000000,circle,预设轨迹15,forward
1775478713.293629,11.859373,1775478750.612545|完整运动,完整运动,circle_orbit,1,1.000000,1.500000,1.500000,,,,,,,,,,,,,,,,1.228879,0.180004,1.203594,0.168188,0.000000,0.000000,0.113472,,-0.103480,0.000000,,,,0.146478,0.136555,1.500000,12.443187,44.100120,0.000000,circle,预设轨迹15,forward
1775478713.327981,11.893725,1775478750.612545|完整运动,完整运动,circle_orbit,1,1.000000,1.500000,1.500000,,,,,,,,,,,,,,,,1.228344,0.177312,1.196221,0.157119,0.000000,0.000000,0.110249,,-0.109714,0.000000,,,,0.144350,0.136496,1.500000,12.492024,44.051283,0.000000,circle,预设轨迹15,forward
1775478713.360271,11.926015,1775478750.612545|完整运动,完整运动,circle_orbit,1,1.000000,1.500000,1.500000,,,,,,,,,,,,,,,,1.227724,0.174504,1.190548,0.153442,0.000000,0.000000,0.106775,,-0.114993,0.000000,,,,0.142136,0.136427,1.500000,12.540426,44.002881,0.000000,circle,预设轨迹15,forward
1775478713.394780,11.960524,1775478750.612545|完整运动,完整运动,circle_orbit,1,1.000000,1.500000,1.500000,,,,,,,,,,,,,,,,1.227043,0.171423,1.186184,0.148318,0.000000,0.000000,0.102822,,-0.119647,0.000000,,,,0.139704,0.136351,1.500000,12.588831,43.954476,0.000000,circle,预设轨迹15,forward
1775478713.427632,11.993376,1775478750.612545|完整运动,完整运动,circle_orbit,1,1.000000,1.500000,1.500000,,,,,,,,,,,,,,,,1.226335,0.169816,1.183871,0.157768,0.000000,0.000000,0.100853,,-0.122066,0.000000,,,,0.138475,0.136272,1.500000,12.613123,43.930184,0.000000,circle,预设轨迹15,forward
1775478713.458636,12.024380,1775478750.612545|完整运动,完整运动,circle_orbit,1,1.000000,1.500000,1.500000,,,,,,,,,,,,,,,,1.225570,0.166689,1.179631,0.143238,0.000000,0.000000,0.096706,,-0.126755,0.000000,,,,0.136010,0.136187,1.500000,12.661742,43.881564,0.000000,circle,预设轨迹15,forward
1775478713.481486,12.047230,1775478750.612545|完整运动,完整运动,circle_orbit,1,1.000000,1.500000,1.500000,,,,,,,,,,,,,,,,1.224778,0.165044,1.177238,0.152700,0.000000,0.000000,0.094557,,-0.129326,0.000000,,,,0.134754,0.136099,1.500000,12.686011,43.857296,0.000000,circle,预设轨迹15,forward
1775478713.501915,12.067659,1775478750.612545|完整运动,完整运动,circle_orbit,1,1.000000,1.500000,1.500000,,,,,,,,,,,,,,,,1.223961,0.163362,1.174970,0.150753,0.000000,0.000000,0.092333,,-0.131852,0.000000,,,,0.133470,0.136009,1.500000,12.710305,43.833002,0.000000,circle,预设轨迹15,forward
1775478713.526090,12.091834,1775478750.612545|完整运动,完整运动,circle_orbit,1,1.000000,1.500000,1.500000,,,,,,,,,,,,,,,,1.223124,0.161623,1.172911,0.148580,0.000000,0.000000,0.090001,,-0.134289,0.000000,,,,0.132140,0.135916,1.500000,12.734616,43.808691,0.000000,circle,预设轨迹15,forward
1775478713.561470,12.127214,1775478750.612545|完整运动,完整运动,circle_orbit,1,1.000000,1.500000,1.500000,,,,,,,,,,,,,,,,1.222240,0.158270,1.169188,0.133118,0.000000,0.000000,0.085355,,-0.138899,0.000000,,,,0.129492,0.135817,1.500000,12.783404,43.759902,0.000000,circle,预设轨迹15,forward
1775478713.593462,12.159206,1775478750.612545|完整运动,完整运动,circle_orbit,1,1.000000,1.500000,1.500000,,,,,,,,,,,,,,,,1.221343,0.156620,1.167543,0.144249,0.000000,0.000000,0.083014,,-0.141070,0.000000,,,,0.128236,0.135718,1.500000,12.807869,43.735438,0.000000,circle,预设轨迹15,forward
1775478713.620779,12.186523,1775478750.612545|完整运动,完整运动,circle_orbit,1,1.000000,1.500000,1.500000,,,,,,,,,,,,,,,,1.220377,0.153382,1.162430,0.129095,0.000000,0.000000,0.078408,,-0.146649,0.000000,,,,0.125684,0.135610,1.500000,12.856721,43.686585,0.000000,circle,预设轨迹15,forward
1775478713.644122,12.209866,1775478750.612545|完整运动,完整运动,circle_orbit,1,1.000000,1.500000,1.500000,,,,,,,,,,,,,,,,1.219415,0.151738,1.161684,0.139411,0.000000,0.000000,0.075960,,-0.148255,0.000000,,,,0.124435,0.135503,1.500000,12.880973,43.662333,0.000000,circle,预设轨迹15,forward
1775478713.665793,12.231537,1775478750.612545|完整运动,完整运动,circle_orbit,1,1.000000,1.500000,1.500000,,,,,,,,,,,,,,,,1.218457,0.149913,1.160991,0.136221,0.000000,0.000000,0.073235,,-0.149948,0.000000,,,,0.123035,0.135397,1.500000,12.905252,43.638054,0.000000,circle,预设轨迹15,forward
1775478713.688403,12.254147,1775478750.612545|完整运动,完整运动,circle_orbit,1,1.000000,1.500000,1.500000,,,,,,,,,,,,,,,,1.217496,0.145866,1.159816,0.115512,0.000000,0.000000,0.067332,,-0.153390,0.000000,,,,0.119808,0.135290,1.500000,12.953934,43.589372,0.000000,circle,预设轨迹15,forward
1775478713.709871,12.275615,1775478750.612545|完整运动,完整运动,circle_orbit,1,1.000000,1.500000,1.500000,,,,,,,,,,,,,,,,1.216548,0.143839,1.159634,0.128638,0.000000,0.000000,0.064150,,-0.154931,0.000000,,,,0.118235,0.135185,1.500000,12.978410,43.564896,0.000000,circle,预设轨迹15,forward
1775478713.730983,12.296727,1775478750.612545|完整运动,完整运动,circle_orbit,1,1.000000,1.500000,1.500000,,,,,,,,,,,,,,,,1.215606,0.141810,1.159106,0.126594,0.000000,0.000000,0.060933,,-0.156729,0.000000,,,,0.116658,0.135080,1.500000,13.002577,43.540730,0.000000,circle,预设轨迹15,forward
1775478713.753025,12.318769,1775478750.612545|完整运动,完整运动,circle_orbit,1,1.000000,1.500000,1.500000,,,,,,,,,,,,,,,,1.214674,0.139813,1.158774,0.124840,0.000000,0.000000,0.057728,,-0.158385,0.000000,,,,0.115104,0.134977,1.500000,13.026589,43.516717,0.000000,circle,预设轨迹15,forward
1775478713.773352,12.339096,1775478750.612545|完整运动,完整运动,circle_orbit,1,1.000000,1.500000,1.500000,,,,,,,,,,,,,,,,1.213755,0.137803,1.158585,0.122726,0.000000,0.000000,0.054472,,-0.159965,0.000000,,,,0.113535,0.134874,1.500000,13.050461,43.492846,0.000000,circle,预设轨迹15,forward
1775478713.794318,12.360063,1775478750.612545|完整运动,完整运动,circle_orbit,1,1.000000,1.500000,1.500000,,,,,,,,,,,,,,,,1.212841,0.135902,1.158030,0.121644,0.000000,0.000000,0.051338,,-0.161745,0.000000,,,,0.112053,0.134773,1.500000,13.074439,43.468868,0.000000,circle,预设轨迹15,forward
1775478713.824268,12.390012,1775478750.612545|完整运动,完整运动,circle_orbit,1,1.000000,1.500000,1.500000,,,,,,,,,,,,,,,,1.211946,0.133879,1.158219,0.118703,0.000000,0.000000,0.048002,,-0.163096,0.000000,,,,0.110466,0.134673,1.500000,13.098697,43.444610,0.000000,circle,预设轨迹15,forward
1775478713.853463,12.419207,1775478750.612545|完整运动,完整运动,circle_orbit,1,1.000000,1.500000,1.500000,,,,,,,,,,,,,,,,1.211061,0.131912,1.157971,0.117163,0.000000,0.000000,0.044713,,-0.164731,0.000000,,,,0.108923,0.134575,1.500000,13.122938,43.420369,0.000000,circle,预设轨迹15,forward
1775478713.887746,12.453490,1775478750.612545|完整运动,完整运动,circle_orbit,1,1.000000,1.500000,1.500000,,,,,,,,,,,,,,,,1.210157,0.127717,1.155929,0.096252,0.000000,0.000000,0.038237,,-0.169040,0.000000,,,,0.105537,0.134475,1.500000,13.171046,43.372261,0.000000,circle,预设轨迹15,forward
1775478713.909211,12.474955,1775478750.612545|完整运动,完整运动,circle_orbit,1,1.000000,1.500000,1.500000,,,,,,,,,,,,,,,,1.209259,0.123458,1.155389,0.091513,0.000000,0.000000,0.031526,,-0.172402,0.000000,,,,0.102094,0.134375,1.500000,13.219282,43.324025,0.000000,circle,预设轨迹15,forward
1775478713.930447,12.496192,1775478750.612545|完整运动,完整运动,circle_orbit,1,1.000000,1.500000,1.500000,,,,,,,,,,,,,,,,1.208386,0.121553,1.155968,0.107269,0.000000,0.000000,0.028012,,-0.173557,0.000000,,,,0.100591,0.134278,1.500000,13.243649,43.299658,0.000000,circle,预设轨迹15,forward
1775478713.956877,12.522621,1775478750.612545|完整运动,完整运动,circle_orbit,1,1.000000,1.500000,1.500000,,,,,,,,,,,,,,,,1.207543,0.119631,1.156967,0.105216,0.000000,0.000000,0.024455,,-0.174438,0.000000,,,,0.099070,0.134184,1.500000,13.267881,43.275425,0.000000,circle,预设轨迹15,forward
1775478713.982721,12.548465,1775478750.612545|完整运动,完整运动,circle_orbit,1,1.000000,1.500000,1.500000,,,,,,,,,,,,,,,,1.206718,0.117816,1.157232,0.104201,0.000000,0.000000,0.021032,,-0.175774,0.000000,,,,0.097633,0.134092,1.500000,13.291975,43.251332,0.000000,circle,预设轨迹15,forward
1775478714.007272,12.573016,1775478750.612545|完整运动,完整运动,circle_orbit,1,1.000000,1.500000,1.500000,,,,,,,,,,,,,,,,1.205916,0.115878,1.157814,0.101348,0.000000,0.000000,0.017421,,-0.176972,0.000000,,,,0.096092,0.134003,1.500000,13.316105,43.227201,0.000000,circle,预设轨迹15,forward
1775478714.028013,12.593757,1775478750.612545|完整运动,完整运动,circle_orbit,1,1.000000,1.500000,1.500000,,,,,,,,,,,,,,,,1.205157,0.111122,1.159575,0.075447,0.000000,0.000000,0.009786,,-0.179136,0.000000,,,,0.092205,0.133919,1.500000,13.364498,43.178808,0.000000,circle,预设轨迹15,forward
1775478714.051903,12.617647,1775478750.612545|完整运动,完整运动,circle_orbit,1,1.000000,1.500000,1.500000,,,,,,,,,,,,,,,,1.204409,0.111631,1.159575,0.115447,0.000000,0.000000,0.009786,,-0.179136,0.000000,,,,0.092685,0.133836,1.500000,13.364498,43.178808,0.000000,circle,预设轨迹15,forward
1775478714.076263,12.642007,1775478750.612545|完整运动,完整运动,circle_orbit,1,1.000000,1.500000,1.500000,,,,,,,,,,,,,,,,1.203700,0.107374,1.161165,0.075447,0.000000,0.000000,0.002018,,-0.181482,0.000000,,,,0.089203,0.133757,1.500000,13.413102,43.130205,0.000000,circle,预设轨迹15,forward
1775478714.096642,12.662386,1775478750.612545|完整运动,完整运动,circle_orbit,1,1.000000,1.500000,1.500000,,,,,,,,,,,,,,,,1.202981,0.105408,1.159816,0.090662,0.000000,0.000000,-0.001823,,-0.182507,0.000000,,,,0.087622,0.133677,1.500000,13.437233,43.106074,0.000000,circle,预设轨迹15,forward
1775478714.123342,12.689086,1775478750.612545|完整运动,完整运动,circle_orbit,1,1.000000,1.500000,1.500000,,,,,,,,,,,,,,,,1.202215,0.103349,1.156284,0.087907,0.000000,0.000000,-0.005820,,-0.183200,0.000000,,,,0.085965,0.133592,1.500000,13.461210,43.082097,0.000000,circle,预设轨迹15,forward
1775478714.155116,12.720860,1775478750.612545|完整运动,完整运动,circle_orbit,1,1.000000,1.500000,1.500000,,,,,,,,,,,,,,,,1.201349,0.098238,1.149371,0.059908,0.000000,0.000000,-0.014179,,-0.184361,0.000000,,,,0.081773,0.133496,1.500000,13.509325,43.033982,0.000000,circle,预设轨迹15,forward
1775478714.175868,12.741612,1775478750.612545|完整运动,完整运动,circle_orbit,1,1.000000,1.500000,1.500000,,,,,,,,,,,,,,,,1.200431,0.096260,1.145321,0.081426,0.000000,0.000000,-0.018279,,-0.185423,0.000000,,,,0.080188,0.133394,1.500000,13.533452,43.009854,0.000000,circle,预设轨迹15,forward
1775478714.196307,12.762051,1775478750.612545|完整运动,完整运动,circle_orbit,1,1.000000,1.500000,1.500000,,,,,,,,,,,,,,,,1.199465,0.094346,1.141497,0.079994,0.000000,0.000000,-0.022302,,-0.186377,0.000000,,,,0.078657,0.133286,1.500000,13.557627,42.985680,0.000000,circle,预设轨迹15,forward
1775478714.220662,12.786406,1775478750.612545|完整运动,完整运动,circle_orbit,1,1.000000,1.500000,1.500000,,,,,,,,,,,,,,,,1.198514,0.095276,1.141497,0.102248,0.000000,0.000000,-0.022302,,-0.186377,0.000000,,,,0.079495,0.133181,1.500000,13.557627,42.985680,0.000000,circle,预设轨迹15,forward
1775478714.243099,12.808844,1775478750.612545|完整运动,完整运动,circle_orbit,1,1.000000,1.500000,1.500000,,,,,,,,,,,,,,,,1.197471,0.091390,1.134884,0.062248,0.000000,0.000000,-0.029725,,-0.187864,0.000000,,,,0.076319,0.133065,1.500000,13.605276,42.938031,0.000000,circle,预设轨迹15,forward
1775478714.266853,12.832597,1775478750.612545|完整运动,完整运动,circle_orbit,1,1.000000,1.500000,1.500000,,,,,,,,,,,,,,,,1.196333,0.086885,1.128026,0.053092,0.000000,0.000000,-0.037373,,-0.189486,0.000000,,,,0.072626,0.132938,1.500000,13.653004,42.890302,0.000000,circle,预设轨迹15,forward
1775478714.295916,12.861660,1775478750.612545|完整运动,完整运动,circle_orbit,1,1.000000,1.500000,1.500000,,,,,,,,,,,,,,,,1.195213,0.087615,1.128026,0.093092,0.000000,0.000000,-0.037373,,-0.189486,0.000000,,,,0.073305,0.132814,1.500000,13.653004,42.890302,0.000000,circle,预设轨迹15,forward
1775478714.328164,12.893908,1775478750.612545|完整运动,完整运动,circle_orbit,1,1.000000,1.500000,1.500000,,,,,,,,,,,,,,,,1.194006,0.083554,1.121578,0.053092,0.000000,0.000000,-0.045078,,-0.190840,0.000000,,,,0.069978,0.132680,1.500000,13.700972,42.842334,0.000000,circle,预设轨迹15,forward
1775478714.363558,12.929302,1775478750.612545|完整运动,完整运动,circle_orbit,1,1.000000,1.500000,1.500000,,,,,,,,,,,,,,,,1.192720,0.079067,1.115578,0.045419,0.000000,0.000000,-0.052850,,-0.191881,0.000000,,,,0.066291,0.132537,1.500000,13.748859,42.794448,0.000000,circle,预设轨迹15,forward
1775478714.392474,12.958218,1775478750.612545|完整运动,完整运动,circle_orbit,1,1.000000,1.500000,1.500000,,,,,,,,,,,,,,,,1.191410,0.077448,1.112805,0.065304,0.000000,0.000000,-0.056707,,-0.192260,0.000000,,,,0.065005,0.132391,1.500000,13.772767,42.770540,0.000000,circle,预设轨迹15,forward
1775478714.413080,12.978824,1775478750.612545|完整运动,完整运动,circle_orbit,1,1.000000,1.500000,1.500000,,,,,,,,,,,,,,,,1.190039,0.072985,1.107756,0.039510,0.000000,0.000000,-0.064601,,-0.192591,0.000000,,,,0.061330,0.132239,1.500000,13.820523,42.722783,0.000000,circle,预设轨迹15,forward
1775478714.433471,12.999215,1775478750.612545|完整运动,完整运动,circle_orbit,1,1.000000,1.500000,1.500000,,,,,,,,,,,,,,,,1.188650,0.071418,1.105329,0.059665,0.000000,0.000000,-0.068534,,-0.192701,0.000000,,,,0.060083,0.132085,1.500000,13.844399,42.698908,0.000000,circle,预设轨迹15,forward
1775478714.464243,13.029988,1775478750.612545|完整运动,完整运动,circle_orbit,1,1.000000,1.500000,1.500000,,,,,,,,,,,,,,,,1.187249,0.069762,1.103170,0.057346,0.000000,0.000000,-0.072583,,-0.192561,0.000000,,,,0.058759,0.131929,1.500000,13.868179,42.675128,0.000000,circle,预设轨迹15,forward
1775478714.487059,13.052803,1775478750.612545|完整运动,完整运动,circle_orbit,1,1.000000,1.500000,1.500000,,,,,,,,,,,,,,,,1.185778,0.065384,1.097518,0.032550,0.000000,0.000000,-0.080494,,-0.193422,0.000000,,,,0.055140,0.131766,1.500000,13.915767,42.627540,0.000000,circle,预设轨迹15,forward
1775478714.507679,13.073423,1775478750.612545|完整运动,完整运动,circle_orbit,1,1.000000,1.500000,1.500000,,,,,,,,,,,,,,,,1.184297,0.063946,1.095436,0.053158,0.000000,0.000000,-0.084374,,-0.193321,0.000000,,,,0.053995,0.131601,1.500000,13.939473,42.603833,0.000000,circle,预设轨迹15,forward
1775478714.533578,13.099322,1775478750.612545|完整运动,完整运动,circle_orbit,1,1.000000,1.500000,1.500000,,,,,,,,,,,,,,,,1.182803,0.062514,1.093186,0.051773,0.000000,0.000000,-0.088227,,-0.193369,0.000000,,,,0.052852,0.131435,1.500000,13.962980,42.580326,0.000000,circle,预设轨迹15,forward
1775478714.562987,13.128731,1775478750.612545|完整运动,完整运动,circle_orbit,1,1.000000,1.500000,1.500000,,,,,,,,,,,,,,,,1.181306,0.060954,1.091510,0.049256,0.000000,0.000000,-0.092246,,-0.192900,0.000000,,,,0.051599,0.131269,1.500000,13.986526,42.556781,0.000000,circle,预设轨迹15,forward
1775478714.583973,13.149717,1775478750.612545|完整运动,完整运动,circle_orbit,1,1.000000,1.500000,1.500000,,,,,,,,,,,,,,,,1.179775,0.056533,1.087892,0.023378,0.000000,0.000000,-0.100326,,-0.192165,0.000000,,,,0.047919,0.131099,1.500000,14.033807,42.509499,0.000000,circle,预设轨迹15,forward
1775478714.609244,13.174989,1775478750.612545|完整运动,完整运动,circle_orbit,1,1.000000,1.500000,1.500000,,,,,,,,,,,,,,,,1.178269,0.057338,1.087892,0.063378,0.000000,0.000000,-0.100326,,-0.192165,0.000000,,,,0.048663,0.130931,1.500000,14.033807,42.509499,0.000000,circle,预设轨迹15,forward
1775478714.638013,13.203758,1775478750.612545|完整运动,完整运动,circle_orbit,1,1.000000,1.500000,1.500000,,,,,,,,,,,,,,,,1.176719,0.053343,1.083742,0.023378,0.000000,0.000000,-0.108256,,-0.191940,0.000000,,,,0.045332,0.130759,1.500000,14.081124,42.462182,0.000000,circle,预设轨迹15,forward
1775478714.658884,13.224628,1775478750.612545|完整运动,完整运动,circle_orbit,1,1.000000,1.500000,1.500000,,,,,,,,,,,,,,,,1.175161,0.051944,1.081688,0.041449,0.000000,0.000000,-0.112212,,-0.191824,0.000000,,,,0.044201,0.130586,1.500000,14.104681,42.438625,0.000000,circle,预设轨迹15,forward
1775478714.679936,13.245680,1775478750.612545|完整运动,完整运动,circle_orbit,1,1.000000,1.500000,1.500000,,,,,,,,,,,,,,,,1.173595,0.050545,1.079610,0.040053,0.000000,0.000000,-0.116148,,-0.191743,0.000000,,,,0.043068,0.130412,1.500000,14.128301,42.415006,0.000000,circle,预设轨迹15,forward
1775478714.711075,13.276819,1775478750.612545|完整运动,完整运动,circle_orbit,1,1.000000,1.500000,1.500000,,,,,,,,,,,,,,,,1.172019,0.049110,1.077487,0.038351,0.000000,0.000000,-0.120118,,-0.191689,0.000000,,,,0.041902,0.130237,1.500000,14.152069,42.391238,0.000000,circle,预设轨迹15,forward
1775478714.731745,13.297489,1775478750.612545|完整运动,完整运动,circle_orbit,1,1.000000,1.500000,1.500000,,,,,,,,,,,,,,,,1.170413,0.044893,1.074055,0.013263,0.000000,0.000000,-0.128033,,-0.190951,0.000000,,,,0.038356,0.130058,1.500000,14.199905,42.343401,0.000000,circle,预设轨迹15,forward
1775478714.754266,13.320010,1775478750.612545|完整运动,完整运动,circle_orbit,1,1.000000,1.500000,1.500000,,,,,,,,,,,,,,,,1.168834,0.045878,1.074055,0.053263,0.000000,0.000000,-0.128033,,-0.190951,0.000000,,,,0.039251,0.129883,1.500000,14.199905,42.343401,0.000000,circle,预设轨迹15,forward
1775478714.793529,13.359273,1775478750.612545|完整运动,完整运动,circle_orbit,1,1.000000,1.500000,1.500000,,,,,,,,,,,,,,,,1.167204,0.042041,1.069421,0.013263,0.000000,0.000000,-0.139395,,-0.189683,0.000000,,,,0.036018,0.129702,1.500000,14.271070,42.272237,0.000000,circle,预设轨迹15,forward
1775478714.814774,13.380518,1775478750.612545|完整运动,完整运动,circle_orbit,1,1.000000,1.500000,1.500000,,,,,,,,,,,,,,,,1.165575,0.040639,1.067860,0.030125,0.000000,0.000000,-0.143165,,-0.189289,0.000000,,,,0.034866,0.129521,1.500000,14.294887,42.248420,0.000000,circle,预设轨迹15,forward
1775478714.837305,13.403049,1775478750.612545|完整运动,完整运动,circle_orbit,1,1.000000,1.500000,1.500000,,,,,,,,,,,,,,,,1.163953,0.039230,1.066586,0.028661,0.000000,0.000000,-0.146957,,-0.188652,0.000000,,,,0.033704,0.129340,1.500000,14.318743,42.224564,0.000000,circle,预设轨迹15,forward
1775478714.859626,13.425370,1775478750.612545|完整运动,完整运动,circle_orbit,1,1.000000,1.500000,1.500000,,,,,,,,,,,,,,,,1.162336,0.037857,1.065349,0.027565,0.000000,0.000000,-0.150710,,-0.188005,0.000000,,,,0.032570,0.129161,1.500000,14.342483,42.200824,0.000000,circle,预设轨迹15,forward
1775478714.880606,13.446351,1775478750.612545|完整运动,完整运动,circle_orbit,1,1.000000,1.500000,1.500000,,,,,,,,,,,,,,,,1.160724,0.036535,1.063974,0.026618,0.000000,0.000000,-0.154402,,-0.187501,0.000000,,,,0.031476,0.128982,1.500000,14.366110,42.177197,0.000000,circle,预设轨迹15,forward
1775478714.911662,13.477406,1775478750.612545|完整运动,完整运动,circle_orbit,1,1.000000,1.500000,1.500000,,,,,,,,,,,,,,,,1.159103,0.032556,1.061839,0.002710,0.000000,0.000000,-0.161880,,-0.185948,0.000000,,,,0.028087,0.128801,1.500000,14.413520,42.129787,0.000000,circle,预设轨迹15,forward
1775478714.932189,13.497933,1775478750.612545|完整运动,完整运动,circle_orbit,1,1.000000,1.500000,1.500000,,,,,,,,,,,,,,,,1.157494,0.031252,1.060973,0.021478,0.000000,0.000000,-0.165709,,-0.184968,0.000000,,,,0.027000,0.128623,1.500000,14.437293,42.106013,0.000000,circle,预设轨迹15,forward
1775478714.952533,13.518278,1775478750.612545|完整运动,完整运动,circle_orbit,1,1.000000,1.500000,1.500000,,,,,,,,,,,,,,,,1.155901,0.030027,1.060349,0.020833,0.000000,0.000000,-0.169429,,-0.183834,0.000000,,,,0.025977,0.128446,1.500000,14.460841,42.082465,0.000000,circle,预设轨迹15,forward
1775478714.978959,13.544703,1775478750.612545|完整运动,完整运动,circle_orbit,1,1.000000,1.500000,1.500000,,,,,,,,,,,,,,,,1.154326,0.028741,1.059792,0.019098,0.000000,0.000000,-0.173232,,-0.182608,0.000000,,,,0.024898,0.128271,1.500000,14.484292,42.059014,0.000000,circle,预设轨迹15,forward
1775478715.013761,13.579505,1775478750.612545|完整运动,完整运动,circle_orbit,1,1.000000,1.500000,1.500000,,,,,,,,,,,,,,,,1.152759,0.024199,1.058753,-0.009868,0.000000,0.000000,-0.181671,,-0.179726,0.000000,,,,0.020992,0.128096,1.500000,14.531345,42.011961,0.000000,circle,预设轨迹15,forward
1775478715.039698,13.605443,1775478750.612545|完整运动,完整运动,circle_orbit,1,1.000000,1.500000,1.500000,,,,,,,,,,,,,,,,1.151208,0.022846,1.058139,0.012703,0.000000,0.000000,-0.185757,,-0.178423,0.000000,,,,0.019845,0.127924,1.500000,14.555030,41.988277,0.000000,circle,预设轨迹15,forward
1775478715.075894,13.641639,1775478750.612545|完整运动,完整运动,circle_orbit,1,1.000000,1.500000,1.500000,,,,,,,,,,,,,,,,1.149662,0.021564,1.056897,0.011946,0.000000,0.000000,-0.189739,,-0.177694,0.000000,,,,0.018757,0.127752,1.500000,14.578649,41.964658,0.000000,circle,预设轨迹15,forward
1775478715.098065,13.663810,1775478750.612545|完整运动,完整运动,circle_orbit,1,1.000000,1.500000,1.500000,,,,,,,,,,,,,,,,1.148107,0.017803,1.054827,-0.010403,0.000000,0.000000,-0.197238,,-0.176101,0.000000,,,,0.015506,0.127580,1.500000,14.625584,41.917723,0.000000,circle,预设轨迹15,forward
1775478715.119169,13.684913,1775478750.612545|完整运动,完整运动,circle_orbit,1,1.000000,1.500000,1.500000,,,,,,,,,,,,,,,,1.146568,0.016780,1.054215,0.009108,0.000000,0.000000,-0.200977,,-0.174956,0.000000,,,,0.014635,0.127409,1.500000,14.648945,41.894362,0.000000,circle,预设轨迹15,forward
1775478715.150878,13.716622,1775478750.612545|完整运动,完整运动,circle_orbit,1,1.000000,1.500000,1.500000,,,,,,,,,,,,,,,,1.145044,0.015662,1.053599,0.007276,0.000000,0.000000,-0.204827,,-0.173764,0.000000,,,,0.013678,0.127239,1.500000,14.672511,41.870795,0.000000,circle,预设轨迹15,forward
1775478715.181313,13.747057,1775478750.612545|完整运动,完整运动,circle_orbit,1,1.000000,1.500000,1.500000,,,,,,,,,,,,,,,,1.143532,0.012084,1.052799,-0.014748,0.000000,0.000000,-0.212161,,-0.171181,0.000000,,,,0.010568,0.127071,1.500000,14.719281,41.824025,0.000000,circle,预设轨迹15,forward
1775478715.202491,13.768235,1775478750.612545|完整运动,完整运动,circle_orbit,1,1.000000,1.500000,1.500000,,,,,,,,,,,,,,,,1.142042,0.011330,1.052661,0.005675,0.000000,0.000000,-0.215601,,-0.169768,0.000000,,,,0.009921,0.126906,1.500000,14.742476,41.800831,0.000000,circle,预设轨迹15,forward
1775478715.224960,13.790704,1775478750.612545|完整运动,完整运动,circle_orbit,1,1.000000,1.500000,1.500000,,,,,,,,,,,,,,,,1.140583,0.008254,1.053023,-0.014822,0.000000,0.000000,-0.222311,,-0.166480,0.000000,,,,0.007236,0.126743,1.500000,14.788806,41.754501,0.000000,circle,预设轨迹15,forward
1775478715.252636,13.818380,1775478750.612545|完整运动,完整运动,circle_orbit,1,1.000000,1.500000,1.500000,,,,,,,,,,,,,,,,1.139147,0.009959,1.053023,0.022748,0.000000,0.000000,-0.222311,,-0.166480,0.000000,,,,0.008742,0.126584,1.500000,14.788806,41.754501,0.000000,circle,预设轨迹15,forward
1775478715.284573,13.850317,1775478750.612545|完整运动,完整运动,circle_orbit,1,1.000000,1.500000,1.500000,,,,,,,,,,,,,,,,1.137734,0.007107,1.052922,-0.014285,0.000000,0.000000,-0.228620,,-0.163761,0.000000,,,,0.006246,0.126427,1.500000,14.835162,41.708144,0.000000,circle,预设轨迹15,forward
1775478715.305063,13.870807,1775478750.612545|完整运动,完整运动,circle_orbit,1,1.000000,1.500000,1.500000,,,,,,,,,,,,,,,,1.136343,0.004955,1.052879,-0.011181,0.000000,0.000000,-0.234022,,-0.161396,0.000000,,,,0.004361,0.126272,1.500000,14.881538,41.661768,0.000000,circle,预设轨迹15,forward
1775478715.326041,13.891786,1775478750.612545|完整运动,完整运动,circle_orbit,1,1.000000,1.500000,1.500000,,,,,,,,,,,,,,,,1.134974,0.006632,1.052879,0.019213,0.000000,0.000000,-0.234022,,-0.161396,0.000000,,,,0.005844,0.126120,1.500000,14.881538,41.661768,0.000000,circle,预设轨迹15,forward
1775478715.360881,13.926625,1775478750.612545|完整运动,完整运动,circle_orbit,1,1.000000,1.500000,1.500000,,,,,,,,,,,,,,,,1.133653,0.004177,1.054354,-0.014242,0.000000,0.000000,-0.239740,,-0.157609,0.000000,,,,0.003684,0.125973,1.500000,14.927882,41.615424,0.000000,circle,预设轨迹15,forward
1775478715.397504,13.963248,1775478750.612545|完整运动,完整运动,circle_orbit,1,1.000000,1.500000,1.500000,,,,,,,,,,,,,,,,1.132362,0.003449,1.054915,-0.002005,0.000000,0.000000,-0.243073,,-0.155654,0.000000,,,,0.003046,0.125830,1.500000,14.951012,41.592295,0.000000,circle,预设轨迹15,forward
1775478715.427984,13.993728,1775478750.612545|完整运动,完整运动,circle_orbit,1,1.000000,1.500000,1.500000,,,,,,,,,,,,,,,,1.131099,0.000311,1.055311,-0.023230,0.000000,0.000000,-0.249812,,-0.152326,0.000000,,,,0.000275,0.125690,1.500000,14.997468,41.545839,0.000000,circle,预设轨迹15,forward
1775478715.465173,14.030917,1775478750.612545|完整运动,完整运动,circle_orbit,1,1.000000,1.500000,1.500000,,,,,,,,,,,,,,,,1.129874,-0.002208,1.056413,-0.021096,0.000000,0.000000,-0.255784,,-0.148745,0.000000,,,,0.001954,0.125554,1.500000,15.043894,41.499412,0.000000,circle,预设轨迹15,forward
1775478715.498973,14.064717,1775478750.612545|完整运动,完整运动,circle_orbit,1,1.000000,1.500000,1.500000,,,,,,,,,,,,,,,,1.128696,-0.004492,1.058007,-0.021627,0.000000,0.000000,-0.261500,,-0.144867,0.000000,,,,0.003980,0.125423,1.500000,15.090588,41.452719,0.000000,circle,预设轨迹15,forward
1775478715.532379,14.098123,1775478750.612545|完整运动,完整运动,circle_orbit,1,1.000000,1.500000,1.500000,,,,,,,,,,,,,,,,1.127552,-0.006588,1.058891,-0.022303,0.000000,0.000000,-0.267004,,-0.141680,0.000000,,,,0.005843,0.125295,1.500000,15.137303,41.406004,0.000000,circle,预设轨迹15,forward
1775478715.562207,14.127951,1775478750.612545|完整运动,完整运动,circle_orbit,1,1.000000,1.500000,1.500000,,,,,,,,,,,,,,,,1.126435,-0.006657,1.059431,-0.007174,0.000000,0.000000,-0.269669,,-0.140045,0.000000,,,,0.005910,0.125171,1.500000,15.160607,41.382700,0.000000,circle,预设轨迹15,forward
1775478715.584261,14.150005,1775478750.612545|完整运动,完整运动,circle_orbit,1,1.000000,1.500000,1.500000,,,,,,,,,,,,,,,,1.125362,-0.008850,1.060994,-0.025299,0.000000,0.000000,-0.275290,,-0.136242,0.000000,,,,0.007864,0.125052,1.500000,15.207294,41.336012,0.000000,circle,预设轨迹15,forward
1775478715.607052,14.172796,1775478750.612545|完整运动,完整运动,circle_orbit,1,1.000000,1.500000,1.500000,,,,,,,,,,,,,,,,1.124307,-0.007056,1.060994,0.006395,0.000000,0.000000,-0.275290,,-0.136242,0.000000,,,,0.006276,0.124935,1.500000,15.207294,41.336012,0.000000,circle,预设轨迹15,forward
1775478715.645267,14.211011,1775478750.612545|完整运动,完整运动,circle_orbit,1,1.000000,1.500000,1.500000,,,,,,,,,,,,,,,,1.123296,-0.009308,1.062632,-0.026193,0.000000,0.000000,-0.280879,,-0.132397,0.000000,,,,0.008286,0.124823,1.500000,15.254167,41.289139,0.000000,circle,预设轨迹15,forward
1775478715.679959,14.245703,1775478750.612545|完整运动,完整运动,circle_orbit,1,1.000000,1.500000,1.500000,,,,,,,,,,,,,,,,1.122333,-0.011348,1.064574,-0.026652,0.000000,0.000000,-0.286238,,-0.128405,0.000000,,,,0.010111,0.124716,1.500000,15.301080,41.242226,0.000000,circle,预设轨迹15,forward
1775478715.712353,14.278098,1775478750.612545|完整运动,完整运动,circle_orbit,1,1.000000,1.500000,1.500000,,,,,,,,,,,,,,,,1.121425,-0.012821,1.066893,-0.023870,0.000000,0.000000,-0.290848,,-0.124442,0.000000,,,,0.011433,0.124615,1.500000,15.347711,41.195595,0.000000,circle,预设轨迹15,forward
1775478715.742483,14.308228,1775478750.612545|完整运动,完整运动,circle_orbit,1,1.000000,1.500000,1.500000,,,,,,,,,,,,,,,,1.120555,-0.012485,1.068384,-0.009962,0.000000,0.000000,-0.292903,,-0.122302,0.000000,,,,0.011142,0.124518,1.500000,15.371022,41.172284,0.000000,circle,预设轨迹15,forward
1775478715.768278,14.334023,1775478750.612545|完整运动,完整运动,circle_orbit,1,1.000000,1.500000,1.500000,,,,,,,,,,,,,,,,1.119723,-0.012098,1.069771,-0.009197,0.000000,0.000000,-0.294806,,-0.120319,0.000000,,,,0.010805,0.124425,1.500000,15.394393,41.148914,0.000000,circle,预设轨迹15,forward
1775478715.788636,14.354380,1775478750.612545|完整运动,完整运动,circle_orbit,1,1.000000,1.500000,1.500000,,,,,,,,,,,,,,,,1.118968,-0.013362,1.073673,-0.022840,0.000000,0.000000,-0.298988,,-0.115275,0.000000,,,,0.011941,0.124342,1.500000,15.440961,41.102346,0.000000,circle,预设轨迹15,forward
1775478715.810394,14.376138,1775478750.612545|完整运动,完整运动,circle_orbit,1,1.000000,1.500000,1.500000,,,,,,,,,,,,,,,,1.118252,-0.013369,1.075299,-0.013419,0.000000,0.000000,-0.301401,,-0.112882,0.000000,,,,0.011955,0.124262,1.500000,15.464063,41.079244,0.000000,circle,预设轨迹15,forward
1775478715.838253,14.403997,1775478750.612545|完整运动,完整运动,circle_orbit,1,1.000000,1.500000,1.500000,,,,,,,,,,,,,,,,1.117575,-0.013496,1.076981,-0.014450,0.000000,0.000000,-0.303937,,-0.110393,0.000000,,,,0.012076,0.124187,1.500000,15.487158,41.056149,0.000000,circle,预设轨迹15,forward
1775478715.859040,14.424784,1775478750.612545|完整运动,完整运动,circle_orbit,1,1.000000,1.500000,1.500000,,,,,,,,,,,,,,,,1.116934,-0.013509,1.078460,-0.013610,0.000000,0.000000,-0.306270,,-0.108162,0.000000,,,,0.012095,0.124116,1.500000,15.510361,41.032946,0.000000,circle,预设轨迹15,forward
1775478715.882965,14.448709,1775478750.612545|完整运动,完整运动,circle_orbit,1,1.000000,1.500000,1.500000,,,,,,,,,,,,,,,,1.116332,-0.013426,1.080184,-0.012800,0.000000,0.000000,-0.308422,,-0.105818,0.000000,,,,0.012027,0.124049,1.500000,15.533551,41.009755,0.000000,circle,预设轨迹15,forward
1775478715.903599,14.469343,1775478750.612545|完整运动,完整运动,circle_orbit,1,1.000000,1.500000,1.500000,,,,,,,,,,,,,,,,1.115811,-0.014435,1.084601,-0.022000,0.000000,0.000000,-0.312092,,-0.100652,0.000000,,,,0.012936,0.123991,1.500000,15.580073,40.963233,0.000000,circle,预设轨迹15,forward
1775478715.928856,14.494600,1775478750.612545|完整运动,完整运动,circle_orbit,1,1.000000,1.500000,1.500000,,,,,,,,,,,,,,,,1.115338,-0.014167,1.086910,-0.012158,0.000000,0.000000,-0.313966,,-0.097983,0.000000,,,,0.012702,0.123938,1.500000,15.603348,40.939958,0.000000,circle,预设轨迹15,forward
1775478715.953747,14.519491,1775478750.612545|完整运动,完整运动,circle_orbit,1,1.000000,1.500000,1.500000,,,,,,,,,,,,,,,,1.114895,-0.013906,1.088344,-0.011955,0.000000,0.000000,-0.315796,,-0.096033,0.000000,,,,0.012473,0.123889,1.500000,15.626525,40.916782,0.000000,circle,预设轨迹15,forward
1775478715.974985,14.540730,1775478750.612545|完整运动,完整运动,circle_orbit,1,1.000000,1.500000,1.500000,,,,,,,,,,,,,,,,1.114485,-0.013589,1.089882,-0.011209,0.000000,0.000000,-0.317496,,-0.094063,0.000000,,,,0.012193,0.123843,1.500000,15.649791,40.893515,0.000000,circle,预设轨迹15,forward
1775478716.002092,14.567836,1775478750.612545|完整运动,完整运动,circle_orbit,1,1.000000,1.500000,1.500000,,,,,,,,,,,,,,,,1.114112,-0.013483,1.091734,-0.012689,0.000000,0.000000,-0.319447,,-0.091736,0.000000,,,,0.012102,0.123802,1.500000,15.673173,40.870134,0.000000,circle,预设轨迹15,forward
1775478716.039974,14.605718,1775478750.612545|完整运动,完整运动,circle_orbit,1,1.000000,1.500000,1.500000,,,,,,,,,,,,,,,,1.113808,-0.014755,1.095568,-0.024289,0.000000,0.000000,-0.323331,,-0.087005,0.000000,,,,0.013247,0.123768,1.500000,15.720061,40.823246,0.000000,circle,预设轨迹15,forward
1775478716.074791,14.640535,1775478750.612545|完整运动,完整运动,circle_orbit,1,1.000000,1.500000,1.500000,,,,,,,,,,,,,,,,1.113547,-0.014711,1.097910,-0.014384,0.000000,0.000000,-0.325390,,-0.084264,0.000000,,,,0.013211,0.123739,1.500000,15.743548,40.799759,0.000000,circle,预设轨迹15,forward
1775478716.105535,14.671279,1775478750.612545|完整运动,完整运动,circle_orbit,1,1.000000,1.500000,1.500000,,,,,,,,,,,,,,,,1.113354,-0.016016,1.101756,-0.025806,0.000000,0.000000,-0.329344,,-0.079526,0.000000,,,,0.014385,0.123718,1.500000,15.790266,40.753040,0.000000,circle,预设轨迹15,forward
1775478716.132864,14.698608,1775478750.612545|完整运动,完整运动,circle_orbit,1,1.000000,1.500000,1.500000,,,,,,,,,,,,,,,,1.113233,-0.016909,1.105965,-0.023605,0.000000,0.000000,-0.332766,,-0.074766,0.000000,,,,0.015189,0.123704,1.500000,15.837302,40.706004,0.000000,circle,预设轨迹15,forward
1775478716.153409,14.719153,1775478750.612545|完整运动,完整运动,circle_orbit,1,1.000000,1.500000,1.500000,,,,,,,,,,,,,,,,1.113149,-0.016257,1.108084,-0.011366,0.000000,0.000000,-0.334011,,-0.072591,0.000000,,,,0.014604,0.123695,1.500000,15.860858,40.682448,0.000000,circle,预设轨迹15,forward
1775478716.184136,14.749880,1775478750.612545|完整运动,完整运动,circle_orbit,1,1.000000,1.500000,1.500000,,,,,,,,,,,,,,,,1.113108,-0.015589,1.110684,-0.010579,0.000000,0.000000,-0.335170,,-0.070096,0.000000,,,,0.014005,0.123690,1.500000,15.884380,40.658927,0.000000,circle,预设轨迹15,forward
1775478716.205910,14.771654,1775478750.612545|完整运动,完整运动,circle_orbit,1,1.000000,1.500000,1.500000,,,,,,,,,,,,,,,,1.113115,-0.014824,1.113525,-0.009085,0.000000,0.000000,-0.336131,,-0.067516,0.000000,,,,0.013317,0.123691,1.500000,15.907894,40.635412,0.000000,circle,预设轨迹15,forward
1775478716.226195,14.791939,1775478750.612545|完整运动,完整运动,circle_orbit,1,1.000000,1.500000,1.500000,,,,,,,,,,,,,,,,1.113225,-0.014650,1.119853,-0.013348,0.000000,0.000000,-0.337882,,-0.061979,0.000000,,,,0.013160,0.123703,1.500000,15.955257,40.588049,0.000000,circle,预设轨迹15,forward
1775478716.257802,14.823547,1775478750.612545|完整运动,完整运动,circle_orbit,1,1.000000,1.500000,1.500000,,,,,,,,,,,,,,,,1.113334,-0.013269,1.119853,-0.002913,0.000000,0.000000,-0.337882,,-0.061979,0.000000,,,,0.011918,0.123716,1.500000,15.955257,40.588049,0.000000,circle,预设轨迹15,forward
1775478716.278370,14.844115,1775478750.612545|完整运动,完整运动,circle_orbit,1,1.000000,1.500000,1.500000,,,,,,,,,,,,,,,,1.113544,-0.013394,1.126168,-0.014326,0.000000,0.000000,-0.339944,,-0.056369,0.000000,,,,0.012028,0.123739,1.500000,16.001962,40.541345,0.000000,circle,预设轨迹15,forward
1775478716.298773,14.864517,1775478750.612545|完整运动,完整运动,circle_orbit,1,1.000000,1.500000,1.500000,,,,,,,,,,,,,,,,1.113799,-0.012898,1.129065,-0.009178,0.000000,0.000000,-0.341121,,-0.053709,0.000000,,,,0.011580,0.123767,1.500000,16.025075,40.518231,0.000000,circle,预设轨迹15,forward
1775478716.328002,14.893746,1775478750.612545|完整运动,完整运动,circle_orbit,1,1.000000,1.500000,1.500000,,,,,,,,,,,,,,,,1.114097,-0.012482,1.131998,-0.009366,0.000000,0.000000,-0.342377,,-0.051000,0.000000,,,,0.011204,0.123800,1.500000,16.048212,40.495095,0.000000,circle,预设轨迹15,forward
1775478716.351563,14.917307,1775478750.612545|完整运动,完整运动,circle_orbit,1,1.000000,1.500000,1.500000,,,,,,,,,,,,,,,,1.114493,-0.012791,1.138261,-0.015104,0.000000,0.000000,-0.344643,,-0.045436,0.000000,,,,0.011477,0.123844,1.500000,16.094757,40.448550,0.000000,circle,预设轨迹15,forward
1775478716.371894,14.937639,1775478750.612545|完整运动,完整运动,circle_orbit,1,1.000000,1.500000,1.500000,,,,,,,,,,,,,,,,1.114945,-0.012137,1.142038,-0.007237,0.000000,0.000000,-0.345556,,-0.042306,0.000000,,,,0.010886,0.123895,1.500000,16.118244,40.425063,0.000000,circle,预设轨迹15,forward
1775478716.396147,14.961891,1775478750.612545|完整运动,完整运动,circle_orbit,1,1.000000,1.500000,1.500000,,,,,,,,,,,,,,,,1.115437,-0.011395,1.144951,-0.005827,0.000000,0.000000,-0.346300,,-0.039887,0.000000,,,,0.010216,0.123949,1.500000,16.141530,40.401777,0.000000,circle,预设轨迹15,forward
1775478716.425504,14.991248,1775478750.612545|完整运动,完整运动,circle_orbit,1,1.000000,1.500000,1.500000,,,,,,,,,,,,,,,,1.115960,-0.010468,1.147350,-0.003518,0.000000,0.000000,-0.346736,,-0.037981,0.000000,,,,0.009380,0.124007,1.500000,16.164674,40.378632,0.000000,circle,预设轨迹15,forward
1775478716.445803,15.011547,1775478750.612545|完整运动,完整运动,circle_orbit,1,1.000000,1.500000,1.500000,,,,,,,,,,,,,,,,1.116590,-0.009544,1.154359,-0.002614,0.000000,0.000000,-0.347134,,-0.032842,0.000000,,,,0.008548,0.124077,1.500000,16.211060,40.332247,0.000000,circle,预设轨迹15,forward
1775478716.474266,15.040010,1775478750.612545|完整运动,完整运动,circle_orbit,1,1.000000,1.500000,1.500000,,,,,,,,,,,,,,,,1.117267,-0.008474,1.157944,-0.000449,0.000000,0.000000,-0.347277,,-0.030265,0.000000,,,,0.007585,0.124153,1.500000,16.234405,40.308902,0.000000,circle,预设轨迹15,forward
1775478716.513279,15.079023,1775478750.612545|完整运动,完整运动,circle_orbit,1,1.000000,1.500000,1.500000,,,,,,,,,,,,,,,,1.117993,-0.007529,1.161531,-0.000443,0.000000,0.000000,-0.347544,,-0.027645,0.000000,,,,0.006735,0.124233,1.500000,16.257746,40.285561,0.000000,circle,预设轨迹15,forward
1775478716.545318,15.111062,1775478750.612545|完整运动,完整运动,circle_orbit,1,1.000000,1.500000,1.500000,,,,,,,,,,,,,,,,1.118827,-0.006718,1.168869,-0.000637,0.000000,0.000000,-0.347969,,-0.022390,0.000000,,,,0.006005,0.124326,1.500000,16.304291,40.239015,0.000000,circle,预设轨迹15,forward
1775478716.570688,15.136432,1775478750.612545|完整运动,完整运动,circle_orbit,1,1.000000,1.500000,1.500000,,,,,,,,,,,,,,,,1.119776,-0.005979,1.176727,-0.000436,0.000000,0.000000,-0.348473,,-0.016810,0.000000,,,,0.005340,0.124431,1.500000,16.351412,40.191895,0.000000,circle,预设轨迹15,forward
1775478716.591237,15.156981,1775478750.612545|完整运动,完整运动,circle_orbit,1,1.000000,1.500000,1.500000,,,,,,,,,,,,,,,,1.120766,-0.004939,1.180153,0.002864,0.000000,0.000000,-0.348519,,-0.014476,0.000000,,,,0.004407,0.124541,1.500000,16.375052,40.168255,0.000000,circle,预设轨迹15,forward
1775478716.619161,15.184905,1775478750.612545|完整运动,完整运动,circle_orbit,1,1.000000,1.500000,1.500000,,,,,,,,,,,,,,,,1.121796,-0.003874,1.183619,0.004115,0.000000,0.000000,-0.348486,,-0.012165,0.000000,,,,0.003453,0.124656,1.500000,16.398581,40.144726,0.000000,circle,预设轨迹15,forward
1775478716.650671,15.216415,1775478750.612545|完整运动,完整运动,circle_orbit,1,1.000000,1.500000,1.500000,,,,,,,,,,,,,,,,1.122942,-0.002248,1.191661,0.009946,0.000000,0.000000,-0.347623,,-0.007203,0.000000,,,,0.002002,0.124783,1.500000,16.445274,40.098033,0.000000,circle,预设轨迹15,forward
1775478716.670969,15.236713,1775478750.612545|完整运动,完整运动,circle_orbit,1,1.000000,1.500000,1.500000,,,,,,,,,,,,,,,,1.124150,-0.000829,1.196654,0.009812,0.000000,0.000000,-0.346986,,-0.004204,0.000000,,,,0.000738,0.124917,1.500000,16.468730,40.074577,0.000000,circle,预设轨迹15,forward
1775478716.702873,15.268617,1775478750.612545|完整运动,完整运动,circle_orbit,1,1.000000,1.500000,1.500000,,,,,,,,,,,,,,,,1.125419,0.000502,1.201536,0.010486,0.000000,0.000000,-0.346418,,-0.001273,0.000000,,,,0.000446,0.125058,1.500000,16.492268,40.051039,0.000000,circle,预设轨迹15,forward
1775478716.738097,15.303841,1775478750.612545|完整运动,完整运动,circle_orbit,1,1.000000,1.500000,1.500000,,,,,,,,,,,,,,,,1.126582,0.001581,1.196394,0.009672,0.000000,0.000000,-0.346175,,0.004735,0.000000,,,,0.001403,0.125188,1.500000,16.539077,40.004230,0.000000,circle,预设轨迹15,forward
1775478716.772786,15.338530,1775478750.612545|完整运动,完整运动,circle_orbit,1,1.000000,1.500000,1.500000,,,,,,,,,,,,,,,,1.127590,0.002604,1.188045,0.010281,0.000000,0.000000,-0.345987,,0.010325,0.000000,,,,0.002310,0.125300,1.500000,16.585872,39.957435,0.000000,circle,预设轨迹15,forward
1775478716.794416,15.360160,1775478750.612545|完整运动,完整运动,circle_orbit,1,1.000000,1.500000,1.500000,,,,,,,,,,,,,,,,1.128518,0.003681,1.184204,0.011755,0.000000,0.000000,-0.345694,,0.013015,0.000000,,,,0.003262,0.125403,1.500000,16.609463,39.933844,0.000000,circle,预设轨迹15,forward
1775478716.815002,15.380746,1775478750.612545|完整运动,完整运动,circle_orbit,1,1.000000,1.500000,1.500000,,,,,,,,,,,,,,,,1.129369,0.004889,1.180434,0.013949,0.000000,0.000000,-0.345182,,0.015770,0.000000,,,,0.004329,0.125497,1.500000,16.633179,39.910127,0.000000,circle,预设轨迹15,forward
1775478716.846213,15.411957,1775478750.612545|完整运动,完整运动,circle_orbit,1,1.000000,1.500000,1.500000,,,,,,,,,,,,,,,,1.130143,0.006106,1.176606,0.015237,0.000000,0.000000,-0.344619,,0.018605,0.000000,,,,0.005403,0.125583,1.500000,16.657027,39.886279,0.000000,circle,预设轨迹15,forward
1775478716.893306,15.459050,1775478750.612545|完整运动,完整运动,circle_orbit,1,1.000000,1.500000,1.500000,,,,,,,,,,,,,,,,1.130855,0.007397,1.173539,0.017079,0.000000,0.000000,-0.343912,,0.021002,0.000000,,,,0.006541,0.125662,1.500000,16.680634,39.862673,0.000000,circle,预设轨迹15,forward
1775478716.915158,15.480902,1775478750.612545|完整运动,完整运动,circle_orbit,1,1.000000,1.500000,1.500000,,,,,,,,,,,,,,,,1.131412,0.010505,1.164826,0.033817,0.000000,0.000000,-0.340600,,0.028449,0.000000,,,,0.009285,0.125724,1.500000,16.751224,39.792083,0.000000,circle,预设轨迹15,forward
1775478716.935681,15.501425,1775478750.612545|完整运动,完整运动,circle_orbit,1,1.000000,1.500000,1.500000,,,,,,,,,,,,,,,,1.131910,0.011991,1.161823,0.023133,0.000000,0.000000,-0.339455,,0.031039,0.000000,,,,0.010594,0.125780,1.500000,16.774893,39.768414,0.000000,circle,预设轨迹15,forward
1775478716.958660,15.524404,1775478750.612545|完整运动,完整运动,circle_orbit,1,1.000000,1.500000,1.500000,,,,,,,,,,,,,,,,1.132348,0.013379,1.158598,0.023786,0.000000,0.000000,-0.338404,,0.033751,0.000000,,,,0.011815,0.125828,1.500000,16.798462,39.744845,0.000000,circle,预设轨迹15,forward
1775478716.983339,15.549083,1775478750.612545|完整运动,完整运动,circle_orbit,1,1.000000,1.500000,1.500000,,,,,,,,,,,,,,,,1.132673,0.015290,1.152169,0.029623,0.000000,0.000000,-0.336582,,0.039076,0.000000,,,,0.013499,0.125864,1.500000,16.845630,39.697676,0.000000,circle,预设轨迹15,forward
1775478717.012928,15.578672,1775478750.612545|完整运动,完整运动,circle_orbit,1,1.000000,1.500000,1.500000,,,,,,,,,,,,,,,,1.132992,0.015865,1.152169,0.020176,0.000000,0.000000,-0.336582,,0.039076,0.000000,,,,0.014002,0.125900,1.500000,16.845630,39.697676,0.000000,circle,预设轨迹15,forward
1775478717.035600,15.601345,1775478750.612545|完整运动,完整运动,circle_orbit,1,1.000000,1.500000,1.500000,,,,,,,,,,,,,,,,1.133218,0.017918,1.146749,0.033319,0.000000,0.000000,-0.334498,,0.043849,0.000000,,,,0.015812,0.125925,1.500000,16.893445,39.649862,0.000000,circle,预设轨迹15,forward
1775478717.060737,15.626481,1775478750.612545|完整运动,完整运动,circle_orbit,1,1.000000,1.500000,1.500000,,,,,,,,,,,,,,,,1.133404,0.019356,1.144561,0.030142,0.000000,0.000000,-0.333213,,0.045983,0.000000,,,,0.017078,0.125946,1.500000,16.917421,39.625886,0.000000,circle,预设轨迹15,forward
1775478717.085199,15.650943,1775478750.612545|完整运动,完整运动,circle_orbit,1,1.000000,1.500000,1.500000,,,,,,,,,,,,,,,,1.133547,0.020836,1.142114,0.031936,0.000000,0.000000,-0.331829,,0.048353,0.000000,,,,0.018382,0.125962,1.500000,16.941262,39.602045,0.000000,circle,预设轨迹15,forward
1775478717.116157,15.681901,1775478750.612545|完整运动,完整运动,circle_orbit,1,1.000000,1.500000,1.500000,,,,,,,,,,,,,,,,1.133603,0.023633,1.136986,0.044604,0.000000,0.000000,-0.328546,,0.053514,0.000000,,,,0.020847,0.125968,1.500000,16.989019,39.554288,0.000000,circle,预设轨迹15,forward
1775478717.141120,15.706865,1775478750.612545|完整运动,完整运动,circle_orbit,1,1.000000,1.500000,1.500000,,,,,,,,,,,,,,,,1.133613,0.025237,1.134216,0.037269,0.000000,0.000000,-0.326847,,0.056283,0.000000,,,,0.022262,0.125969,1.500000,17.012902,39.530404,0.000000,circle,预设轨迹15,forward
1775478717.161801,15.727545,1775478750.612545|完整运动,完整运动,circle_orbit,1,1.000000,1.500000,1.500000,,,,,,,,,,,,,,,,1.133571,0.026586,1.131073,0.036708,0.000000,0.000000,-0.325471,,0.059191,0.000000,,,,0.023454,0.125964,1.500000,17.036754,39.506553,0.000000,circle,预设轨迹15,forward
1775478717.194040,15.759784,1775478750.612545|完整运动,完整运动,circle_orbit,1,1.000000,1.500000,1.500000,,,,,,,,,,,,,,,,1.133480,0.027832,1.128021,0.037175,0.000000,0.000000,-0.324215,,0.061992,0.000000,,,,0.024555,0.125954,1.500000,17.060587,39.482719,0.000000,circle,预设轨迹15,forward
1775478717.224745,15.790489,1775478750.612545|完整运动,完整运动,circle_orbit,1,1.000000,1.500000,1.500000,,,,,,,,,,,,,,,,1.133318,0.030134,1.123556,0.047399,0.000000,0.000000,-0.321446,,0.066526,0.000000,,,,0.026589,0.125936,1.500000,17.108043,39.435264,0.000000,circle,预设轨迹15,forward
1775478717.268923,15.834667,1775478750.612545|完整运动,完整运动,circle_orbit,1,1.000000,1.500000,1.500000,,,,,,,,,,,,,,,,1.133035,0.034421,1.116093,0.066572,0.000000,0.000000,-0.315799,,0.074615,0.000000,,,,0.030379,0.125905,1.500000,17.179678,39.363629,0.000000,circle,预设轨迹15,forward
1775478717.299879,15.865623,1775478750.612545|完整运动,完整运动,circle_orbit,1,1.000000,1.500000,1.500000,,,,,,,,,,,,,,,,1.132729,0.036016,1.114359,0.047976,0.000000,0.000000,-0.313792,,0.076814,0.000000,,,,0.031795,0.125871,1.500000,17.203527,39.339779,0.000000,circle,预设轨迹15,forward
1775478717.334939,15.900683,1775478750.612545|完整运动,完整运动,circle_orbit,1,1.000000,1.500000,1.500000,,,,,,,,,,,,,,,,1.132412,0.037675,1.113368,0.050122,0.000000,0.000000,-0.311660,,0.078511,0.000000,,,,0.033270,0.125835,1.500000,17.227096,39.316210,0.000000,circle,预设轨迹15,forward
1775478717.367897,15.933641,1775478750.612545|完整运动,完整运动,circle_orbit,1,1.000000,1.500000,1.500000,,,,,,,,,,,,,,,,1.132046,0.041078,1.110105,0.066598,0.000000,0.000000,-0.307026,,0.083046,0.000000,,,,0.036286,0.125795,1.500000,17.274302,39.269005,0.000000,circle,预设轨迹15,forward
1775478717.406571,15.972315,1775478750.612545|完整运动,完整运动,circle_orbit,1,1.000000,1.500000,1.500000,,,,,,,,,,,,,,,,1.131663,0.042854,1.108654,0.056171,0.000000,0.000000,-0.304575,,0.085241,0.000000,,,,0.037868,0.125752,1.500000,17.298065,39.245242,0.000000,circle,预设轨迹15,forward
1775478717.437319,16.003063,1775478750.612545|完整运动,完整运动,circle_orbit,1,1.000000,1.500000,1.500000,,,,,,,,,,,,,,,,1.131212,0.048111,1.104185,0.087538,0.000000,0.000000,-0.297160,,0.091959,0.000000,,,,0.042530,0.125702,1.500000,17.369405,39.173901,0.000000,circle,预设轨迹15,forward
1775478717.462596,16.028341,1775478750.612545|完整运动,完整运动,circle_orbit,1,1.000000,1.500000,1.500000,,,,,,,,,,,,,,,,1.130746,0.049670,1.102756,0.061364,0.000000,0.000000,-0.294775,,0.094119,0.000000,,,,0.043927,0.125650,1.500000,17.393161,39.150146,0.000000,circle,预设轨迹15,forward
1775478717.483078,16.048822,1775478750.612545|完整运动,完整运动,circle_orbit,1,1.000000,1.500000,1.500000,,,,,,,,,,,,,,,,1.130246,0.053097,1.100294,0.078797,0.000000,0.000000,-0.289731,,0.098264,0.000000,,,,0.046978,0.125595,1.500000,17.440670,39.102636,0.000000,circle,预设轨迹15,forward
1775478717.512752,16.078496,1775478750.612545|完整运动,完整运动,circle_orbit,1,1.000000,1.500000,1.500000,,,,,,,,,,,,,,,,1.129744,0.054850,1.099586,0.068003,0.000000,0.000000,-0.286946,,0.100050,0.000000,,,,0.048551,0.125539,1.500000,17.464225,39.079082,0.000000,circle,预设轨迹15,forward
1775478717.547560,16.113304,1775478750.612545|完整运动,完整运动,circle_orbit,1,1.000000,1.500000,1.500000,,,,,,,,,,,,,,,,1.129235,0.056657,1.098724,0.070207,0.000000,0.000000,-0.284064,,0.102000,0.000000,,,,0.050173,0.125482,1.500000,17.487784,39.055522,0.000000,circle,预设轨迹15,forward
1775478717.581572,16.147316,1775478750.612545|完整运动,完整运动,circle_orbit,1,1.000000,1.500000,1.500000,,,,,,,,,,,,,,,,1.128703,0.060899,1.096740,0.092712,0.000000,0.000000,-0.277706,,0.106370,0.000000,,,,0.053955,0.125423,1.500000,17.534967,39.008340,0.000000,circle,预设轨迹15,forward
1775478717.616627,16.182371,1775478750.612545|完整运动,完整运动,circle_orbit,1,1.000000,1.500000,1.500000,,,,,,,,,,,,,,,,1.128153,0.062641,1.095187,0.075705,0.000000,0.000000,-0.274743,,0.108899,0.000000,,,,0.055525,0.125362,1.500000,17.558414,38.984893,0.000000,circle,预设轨迹15,forward
1775478717.653009,16.218753,1775478750.612545|完整运动,完整运动,circle_orbit,1,1.000000,1.500000,1.500000,,,,,,,,,,,,,,,,1.127578,0.066331,1.093081,0.094009,0.000000,0.000000,-0.269005,,0.113099,0.000000,,,,0.058826,0.125298,1.500000,17.605172,38.938135,0.000000,circle,预设轨迹15,forward
1775478717.674956,16.240700,1775478750.612545|完整运动,完整运动,circle_orbit,1,1.000000,1.500000,1.500000,,,,,,,,,,,,,,,,1.126988,0.070078,1.091572,0.098180,0.000000,0.000000,-0.263070,,0.116922,0.000000,,,,0.062182,0.125233,1.500000,17.652042,38.891265,0.000000,circle,预设轨迹15,forward
1775478717.695269,16.261014,1775478750.612545|完整运动,完整运动,circle_orbit,1,1.000000,1.500000,1.500000,,,,,,,,,,,,,,,,1.126394,0.071732,1.090740,0.084140,0.000000,0.000000,-0.259987,,0.118948,0.000000,,,,0.063683,0.125167,1.500000,17.675598,38.867709,0.000000,circle,预设轨迹15,forward
1775478717.724056,16.289800,1775478750.612545|完整运动,完整运动,circle_orbit,1,1.000000,1.500000,1.500000,,,,,,,,,,,,,,,,1.125788,0.073269,1.089458,0.084793,0.000000,0.000000,-0.257068,,0.121256,0.000000,,,,0.065082,0.125099,1.500000,17.699241,38.844066,0.000000,circle,预设轨迹15,forward
1775478717.756483,16.322227,1775478750.612545|完整运动,完整运动,circle_orbit,1,1.000000,1.500000,1.500000,,,,,,,,,,,,,,,,1.125184,0.077006,1.088909,0.105034,0.000000,0.000000,-0.251026,,0.124376,0.000000,,,,0.068439,0.125032,1.500000,17.746222,38.797084,0.000000,circle,预设轨迹15,forward
1775478717.787743,16.353487,1775478750.612545|完整运动,完整运动,circle_orbit,1,1.000000,1.500000,1.500000,,,,,,,,,,,,,,,,1.124584,0.078737,1.088576,0.091717,0.000000,0.000000,-0.247713,,0.126111,0.000000,,,,0.070014,0.124966,1.500000,17.769588,38.773719,0.000000,circle,预设轨迹15,forward
1775478717.814416,16.380161,1775478750.612545|完整运动,完整运动,circle_orbit,1,1.000000,1.500000,1.500000,,,,,,,,,,,,,,,,1.123983,0.083152,1.087971,0.116265,0.000000,0.000000,-0.240585,,0.129759,0.000000,,,,0.073979,0.124899,1.500000,17.816122,38.727185,0.000000,circle,预设轨迹15,forward
1775478717.834985,16.400730,1775478750.612545|完整运动,完整运动,circle_orbit,1,1.000000,1.500000,1.500000,,,,,,,,,,,,,,,,1.123389,0.084916,1.087725,0.098148,0.000000,0.000000,-0.237067,,0.131518,0.000000,,,,0.075589,0.124833,1.500000,17.839517,38.703789,0.000000,circle,预设轨迹15,forward
1775478717.865832,16.431576,1775478750.612545|完整运动,完整运动,circle_orbit,1,1.000000,1.500000,1.500000,,,,,,,,,,,,,,,,1.122800,0.089077,1.087462,0.120287,0.000000,0.000000,-0.230142,,0.134804,0.000000,,,,0.079335,0.124767,1.500000,17.886432,38.656874,0.000000,circle,预设轨迹15,forward
1775478717.898769,16.464513,1775478750.612545|完整运动,完整运动,circle_orbit,1,1.000000,1.500000,1.500000,,,,,,,,,,,,,,,,1.122224,0.090748,1.087675,0.103283,0.000000,0.000000,-0.226617,,0.136202,0.000000,,,,0.080865,0.124703,1.500000,17.909842,38.633465,0.000000,circle,预设轨迹15,forward
1775478717.927419,16.493163,1775478750.612545|完整运动,完整运动,circle_orbit,1,1.000000,1.500000,1.500000,,,,,,,,,,,,,,,,1.121656,0.092463,1.087558,0.105320,0.000000,0.000000,-0.223032,,0.137888,0.000000,,,,0.082434,0.124640,1.500000,17.933239,38.610067,0.000000,circle,预设轨迹15,forward
1775478717.963287,16.529031,1775478750.612545|完整运动,完整运动,circle_orbit,1,1.000000,1.500000,1.500000,,,,,,,,,,,,,,,,1.121109,0.096788,1.088287,0.129231,0.000000,0.000000,-0.215737,,0.140554,0.000000,,,,0.086333,0.124579,1.500000,17.979822,38.563485,0.000000,circle,预设轨迹15,forward
1775478717.984626,16.550370,1775478750.612545|完整运动,完整运动,circle_orbit,1,1.000000,1.500000,1.500000,,,,,,,,,,,,,,,,1.120580,0.101222,1.088828,0.134477,0.000000,0.000000,-0.208148,,0.143498,0.000000,,,,0.090330,0.124521,1.500000,18.026437,38.516870,0.000000,circle,预设轨迹15,forward
1775478718.009503,16.575247,1775478750.612545|完整运动,完整运动,circle_orbit,1,1.000000,1.500000,1.500000,,,,,,,,,,,,,,,,1.120064,0.102950,1.089127,0.115907,0.000000,0.000000,-0.204258,,0.144991,0.000000,,,,0.091914,0.124463,1.500000,18.049537,38.493770,0.000000,circle,预设轨迹15,forward
1775478718.036110,16.601854,1775478750.612545|完整运动,完整运动,circle_orbit,1,1.000000,1.500000,1.500000,,,,,,,,,,,,,,,,1.119561,0.104563,1.089361,0.116661,0.000000,0.000000,-0.200535,,0.146461,0.000000,,,,0.093396,0.124407,1.500000,18.072541,38.470766,0.000000,circle,预设轨迹15,forward
1775478718.056915,16.622659,1775478750.612545|完整运动,完整运动,circle_orbit,1,1.000000,1.500000,1.500000,,,,,,,,,,,,,,,,1.119065,0.106073,1.089312,0.117397,0.000000,0.000000,-0.196968,,0.148085,0.000000,,,,0.094787,0.124352,1.500000,18.095459,38.447848,0.000000,circle,预设轨迹15,forward
1775478718.083188,16.648932,1775478750.612545|完整运动,完整运动,circle_orbit,1,1.000000,1.500000,1.500000,,,,,,,,,,,,,,,,1.118586,0.107636,1.089864,0.119359,0.000000,0.000000,-0.193335,,0.149264,0.000000,,,,0.096225,0.124299,1.500000,18.118486,38.424821,0.000000,circle,预设轨迹15,forward
1775478718.116431,16.682175,1775478750.612545|完整运动,完整运动,circle_orbit,1,1.000000,1.500000,1.500000,,,,,,,,,,,,,,,,1.118123,0.109237,1.090321,0.121248,0.000000,0.000000,-0.189652,,0.150541,0.000000,,,,0.097697,0.124248,1.500000,18.141577,38.401730,0.000000,circle,预设轨迹15,forward
1775478718.149639,16.715383,1775478750.612545|完整运动,完整运动,circle_orbit,1,1.000000,1.500000,1.500000,,,,,,,,,,,,,,,,1.117702,0.115356,1.092455,0.161248,0.000000,0.000000,-0.178385,,0.153869,0.000000,,,,0.103208,0.124201,1.500000,18.210709,38.332598,0.000000,circle,预设轨迹15,forward
1775478718.174655,16.740399,1775478750.612545|完整运动,完整运动,circle_orbit,1,1.000000,1.500000,1.500000,,,,,,,,,,,,,,,,1.117288,0.116049,1.092455,0.121248,0.000000,0.000000,-0.178385,,0.153869,0.000000,,,,0.103867,0.124155,1.500000,18.210709,38.332598,0.000000,circle,预设轨迹15,forward
1775478718.195316,16.761060,1775478750.612545|完整运动,完整运动,circle_orbit,1,1.000000,1.500000,1.500000,,,,,,,,,,,,,,,,1.116917,0.120228,1.094669,0.151567,0.000000,0.000000,-0.170742,,0.155530,0.000000,,,,0.107643,0.124114,1.500000,18.256619,38.286688,0.000000,circle,预设轨迹15,forward
1775478718.221157,16.786901,1775478750.612545|完整运动,完整运动,circle_orbit,1,1.000000,1.500000,1.500000,,,,,,,,,,,,,,,,1.116587,0.121808,1.096782,0.133655,0.000000,0.000000,-0.166663,,0.155693,0.000000,,,,0.109089,0.124077,1.500000,18.279504,38.263803,0.000000,circle,预设轨迹15,forward
1775478718.257261,16.823005,1775478750.612545|完整运动,完整运动,circle_orbit,1,1.000000,1.500000,1.500000,,,,,,,,,,,,,,,,1.116285,0.123492,1.098125,0.136128,0.000000,0.000000,-0.162454,,0.156519,0.000000,,,,0.110628,0.124043,1.500000,18.302349,38.240958,0.000000,circle,预设轨迹15,forward
1775478718.277689,16.843433,1775478750.612545|完整运动,完整运动,circle_orbit,1,1.000000,1.500000,1.500000,,,,,,,,,,,,,,,,1.116040,0.128130,1.101360,0.162913,0.000000,0.000000,-0.154062,,0.157742,0.000000,,,,0.114808,0.124016,1.500000,18.347917,38.195390,0.000000,circle,预设轨迹15,forward
1775478718.300248,16.865993,1775478750.612545|完整运动,完整运动,circle_orbit,1,1.000000,1.500000,1.500000,,,,,,,,,,,,,,,,1.115817,0.129591,1.102469,0.140549,0.000000,0.000000,-0.150031,,0.158677,0.000000,,,,0.116140,0.123991,1.500000,18.370698,38.172609,0.000000,circle,预设轨迹15,forward
1775478718.337281,16.903025,1775478750.612545|完整运动,完整运动,circle_orbit,1,1.000000,1.500000,1.500000,,,,,,,,,,,,,,,,1.115628,0.131067,1.104248,0.142141,0.000000,0.000000,-0.146003,,0.159098,0.000000,,,,0.117483,0.123970,1.500000,18.393575,38.149732,0.000000,circle,预设轨迹15,forward
1775478718.367815,16.933560,1775478750.612545|完整运动,完整运动,circle_orbit,1,1.000000,1.500000,1.500000,,,,,,,,,,,,,,,,1.115517,0.135431,1.108878,0.168158,0.000000,0.000000,-0.137891,,0.159158,0.000000,,,,0.121406,0.123958,1.500000,18.439111,38.104196,0.000000,circle,预设轨迹15,forward
1775478718.397865,16.963609,1775478750.612545|完整运动,完整运动,circle_orbit,1,1.000000,1.500000,1.500000,,,,,,,,,,,,,,,,1.115452,0.136888,1.111534,0.147814,0.000000,0.000000,-0.133767,,0.158971,0.000000,,,,0.122720,0.123951,1.500000,18.461782,38.081524,0.000000,circle,预设轨迹15,forward
1775478718.419377,16.985121,1775478750.612545|完整运动,完整运动,circle_orbit,1,1.000000,1.500000,1.500000,,,,,,,,,,,,,,,,1.115469,0.141368,1.116519,0.174973,0.000000,0.000000,-0.125369,,0.158939,0.000000,,,,0.126734,0.123953,1.500000,18.507089,38.036218,0.000000,circle,预设轨迹15,forward
1775478718.441075,17.006819,1775478750.612545|完整运动,完整运动,circle_orbit,1,1.000000,1.500000,1.500000,,,,,,,,,,,,,,,,1.115525,0.142844,1.118859,0.153912,0.000000,0.000000,-0.121096,,0.159082,0.000000,,,,0.128051,0.123959,1.500000,18.529716,38.013591,0.000000,circle,预设轨迹15,forward
1775478718.476320,17.042064,1775478750.612545|完整运动,完整运动,circle_orbit,1,1.000000,1.500000,1.500000,,,,,,,,,,,,,,,,1.115621,0.144386,1.121397,0.155946,0.000000,0.000000,-0.116753,,0.159116,0.000000,,,,0.129422,0.123970,1.500000,18.552168,37.991139,0.000000,circle,预设轨迹15,forward
1775478718.514200,17.079944,1775478750.612545|完整运动,完整运动,circle_orbit,1,1.000000,1.500000,1.500000,,,,,,,,,,,,,,,,1.115845,0.150451,1.129285,0.195946,0.000000,0.000000,-0.104309,,0.158808,0.000000,,,,0.134832,0.123995,1.500000,18.618867,37.924440,0.000000,circle,预设轨迹15,forward
1775478718.548090,17.113835,1775478750.612545|完整运动,完整运动,circle_orbit,1,1.000000,1.500000,1.500000,,,,,,,,,,,,,,,,1.116114,0.151793,1.132246,0.161851,0.000000,0.000000,-0.100170,,0.158476,0.000000,,,,0.136001,0.124024,1.500000,18.641295,37.902012,0.000000,circle,预设轨迹15,forward
1775478718.585774,17.151519,1775478750.612545|完整运动,完整运动,circle_orbit,1,1.000000,1.500000,1.500000,,,,,,,,,,,,,,,,1.116487,0.156143,1.138873,0.188767,0.000000,0.000000,-0.091776,,0.157389,0.000000,,,,0.139852,0.124066,1.500000,18.686355,37.856951,0.000000,circle,预设轨迹15,forward
1775478718.625346,17.191090,1775478750.612545|完整运动,完整运动,circle_orbit,1,1.000000,1.500000,1.500000,,,,,,,,,,,,,,,,1.116912,0.157348,1.142436,0.166388,0.000000,0.000000,-0.087706,,0.156631,0.000000,,,,0.140878,0.124113,1.500000,18.708736,37.834570,0.000000,circle,预设轨迹15,forward
1775478718.661971,17.227715,1775478750.612545|完整运动,完整运动,circle_orbit,1,1.000000,1.500000,1.500000,,,,,,,,,,,,,,,,1.117448,0.161624,1.149592,0.193693,0.000000,0.000000,-0.079302,,0.155258,0.000000,,,,0.144636,0.124173,1.500000,18.753576,37.789731,0.000000,circle,预设轨迹15,forward
1775478718.697245,17.262990,1775478750.612545|完整运动,完整运动,circle_orbit,1,1.000000,1.500000,1.500000,,,,,,,,,,,,,,,,1.118103,0.165854,1.157385,0.197578,0.000000,0.000000,-0.070824,,0.153535,0.000000,,,,0.148335,0.124245,1.500000,18.798364,37.744943,0.000000,circle,预设轨迹15,forward
1775478718.718202,17.283946,1775478750.612545|完整运动,完整运动,circle_orbit,1,1.000000,1.500000,1.500000,,,,,,,,,,,,,,,,1.118869,0.169896,1.164836,0.200210,0.000000,0.000000,-0.062482,,0.152062,0.000000,,,,0.151846,0.124331,1.500000,18.842726,37.700580,0.000000,circle,预设轨迹15,forward
1775478718.741454,17.307198,1775478750.612545|完整运动,完整运动,circle_orbit,1,1.000000,1.500000,1.500000,,,,,,,,,,,,,,,,1.119681,0.170837,1.168429,0.177898,0.000000,0.000000,-0.058434,,0.151387,0.000000,,,,0.152576,0.124421,1.500000,18.864902,37.678404,0.000000,circle,预设轨迹15,forward
1775478718.770140,17.335885,1775478750.612545|完整运动,完整运动,circle_orbit,1,1.000000,1.500000,1.500000,,,,,,,,,,,,,,,,1.120553,0.171824,1.172815,0.179226,0.000000,0.000000,-0.054378,,0.150189,0.000000,,,,0.153339,0.124518,1.500000,18.887218,37.656089,0.000000,circle,预设轨迹15,forward
1775478718.792647,17.358391,1775478750.612545|完整运动,完整运动,circle_orbit,1,1.000000,1.500000,1.500000,,,,,,,,,,,,,,,,1.121556,0.175555,1.181757,0.203535,0.000000,0.000000,-0.046468,,0.147655,0.000000,,,,0.156528,0.124629,1.500000,18.931646,37.611661,0.000000,circle,预设轨迹15,forward
1775478718.813642,17.379386,1775478750.612545|完整运动,完整运动,circle_orbit,1,1.000000,1.500000,1.500000,,,,,,,,,,,,,,,,1.122623,0.176417,1.186640,0.182885,0.000000,0.000000,-0.042531,,0.146141,0.000000,,,,0.157147,0.124748,1.500000,18.953785,37.589522,0.000000,circle,预设轨迹15,forward
1775478718.847315,17.413059,1775478750.612545|完整运动,完整运动,circle_orbit,1,1.000000,1.500000,1.500000,,,,,,,,,,,,,,,,1.123755,0.177338,1.191705,0.184248,0.000000,0.000000,-0.038563,,0.144547,0.000000,,,,0.157809,0.124874,1.500000,18.975899,37.567408,0.000000,circle,预设轨迹15,forward
1775478718.881808,17.447552,1775478750.612545|完整运动,完整运动,circle_orbit,1,1.000000,1.500000,1.500000,,,,,,,,,,,,,,,,1.125032,0.181231,1.201656,0.210422,0.000000,0.000000,-0.030417,,0.141654,0.000000,,,,0.161089,0.125015,1.500000,19.020492,37.522815,0.000000,circle,预设轨迹15,forward
1775478718.917012,17.482756,1775478750.612545|完整运动,完整运动,circle_orbit,1,1.000000,1.500000,1.500000,,,,,,,,,,,,,,,,1.126446,0.184829,1.211239,0.211814,0.000000,0.000000,-0.022568,,0.138969,0.000000,,,,0.164081,0.125172,1.500000,19.064847,37.478459,0.000000,circle,预设轨迹15,forward
1775478718.944490,17.510234,1775478750.612545|完整运动,完整运动,circle_orbit,1,1.000000,1.500000,1.500000,,,,,,,,,,,,,,,,1.127917,0.185605,1.216221,0.191423,0.000000,0.000000,-0.018634,,0.137548,0.000000,,,,0.164555,0.125336,1.500000,19.086927,37.456379,0.000000,circle,预设轨迹15,forward
1775478718.973187,17.538932,1775478750.612545|完整运动,完整运动,circle_orbit,1,1.000000,1.500000,1.500000,,,,,,,,,,,,,,,,1.129457,0.186498,1.221819,0.193203,0.000000,0.000000,-0.014591,,0.135813,0.000000,,,,0.165122,0.125507,1.500000,19.108884,37.434423,0.000000,circle,预设轨迹15,forward
1775478718.995273,17.561017,1775478750.612545|完整运动,完整运动,circle_orbit,1,1.000000,1.500000,1.500000,,,,,,,,,,,,,,,,1.131140,0.190133,1.232156,0.217391,0.000000,0.000000,-0.006699,,0.132884,0.000000,,,,0.168090,0.125694,1.500000,19.153557,37.389749,0.000000,circle,预设轨迹15,forward
1775478719.032361,17.598105,1775478750.612545|完整运动,完整运动,circle_orbit,1,1.000000,1.500000,1.500000,,,,,,,,,,,,,,,,1.132880,0.190755,1.237232,0.195423,0.000000,0.000000,-0.002984,,0.131413,0.000000,,,,0.168381,0.125887,1.500000,19.176210,37.367097,0.000000,circle,预设轨迹15,forward
1775478719.055736,17.621480,1775478750.612545|完整运动,完整运动,circle_orbit,1,1.000000,1.500000,1.500000,,,,,,,,,,,,,,,,1.134673,0.193839,1.242300,0.216970,0.000000,0.000000,0.004172,,0.127794,0.000000,,,,0.170833,0.126087,1.500000,19.221580,37.321726,0.000000,circle,预设轨迹15,forward
1775478719.076558,17.642303,1775478750.612545|完整运动,完整运动,circle_orbit,1,1.000000,1.500000,1.500000,,,,,,,,,,,,,,,,1.136445,0.194449,1.242717,0.199023,0.000000,0.000000,0.007887,,0.125890,0.000000,,,,0.171103,0.126284,1.500000,19.244234,37.299073,0.000000,circle,预设轨迹15,forward
1775478719.102497,17.668241,1775478750.612545|完整运动,完整运动,circle_orbit,1,1.000000,1.500000,1.500000,,,,,,,,,,,,,,,,1.138189,0.195103,1.242879,0.200008,0.000000,0.000000,0.011603,,0.124140,0.000000,,,,0.171415,0.126477,1.500000,19.266924,37.276383,0.000000,circle,预设轨迹15,forward
1775478719.124344,17.690088,1775478750.612545|完整运动,完整运动,circle_orbit,1,1.000000,1.500000,1.500000,,,,,,,,,,,,,,,,1.139898,0.195676,1.242421,0.199972,0.000000,0.000000,0.015148,,0.122842,0.000000,,,,0.171661,0.126667,1.500000,19.289672,37.253634,0.000000,circle,预设轨迹15,forward
1775478719.157477,17.723221,1775478750.612545|完整运动,完整运动,circle_orbit,1,1.000000,1.500000,1.500000,,,,,,,,,,,,,,,,1.141585,0.196273,1.242806,0.200754,0.000000,0.000000,0.018674,,0.121041,0.000000,,,,0.171931,0.126855,1.500000,19.312427,37.230879,0.000000,circle,预设轨迹15,forward
1775478719.183281,17.749025,1775478750.612545|完整运动,完整运动,circle_orbit,1,1.000000,1.500000,1.500000,,,,,,,,,,,,,,,,1.143280,0.199452,1.244977,0.223289,0.000000,0.000000,0.025829,,0.116545,0.000000,,,,0.174456,0.127043,1.500000,19.357583,37.185723,0.000000,circle,预设轨迹15,forward
1775478719.220057,17.785802,1775478750.612545|完整运动,完整运动,circle_orbit,1,1.000000,1.500000,1.500000,,,,,,,,,,,,,,,,1.145001,0.202548,1.248284,0.225771,0.000000,0.000000,0.032975,,0.111374,0.000000,,,,0.176898,0.127234,1.500000,19.402280,37.141027,0.000000,circle,预设轨迹15,forward
1775478719.242024,17.807768,1775478750.612545|完整运动,完整运动,circle_orbit,1,1.000000,1.500000,1.500000,,,,,,,,,,,,,,,,1.146714,0.203025,1.249456,0.206604,0.000000,0.000000,0.036487,,0.109109,0.000000,,,,0.177050,0.127425,1.500000,19.424720,37.118587,0.000000,circle,预设轨迹15,forward
1775478719.263517,17.829261,1775478750.612545|完整运动,完整运动,circle_orbit,1,1.000000,1.500000,1.500000,,,,,,,,,,,,,,,,1.148415,0.203444,1.250489,0.206583,0.000000,0.000000,0.039857,,0.106991,0.000000,,,,0.177152,0.127614,1.500000,19.447228,37.096078,0.000000,circle,预设轨迹15,forward
1775478719.293427,17.859172,1775478750.612545|完整运动,完整运动,circle_orbit,1,1.000000,1.500000,1.500000,,,,,,,,,,,,,,,,1.150112,0.203944,1.251959,0.207694,0.000000,0.000000,0.043288,,0.104586,0.000000,,,,0.177325,0.127802,1.500000,19.469785,37.073522,0.000000,circle,预设轨迹15,forward
1775478719.329580,17.895324,1775478750.612545|完整运动,完整运动,circle_orbit,1,1.000000,1.500000,1.500000,,,,,,,,,,,,,,,,1.151827,0.206586,1.254693,0.226402,0.000000,0.000000,0.049723,,0.100094,0.000000,,,,0.179355,0.127993,1.500000,19.514891,37.028416,0.000000,circle,预设轨迹15,forward
1775478719.362772,17.928516,1775478750.612545|完整运动,完整运动,circle_orbit,1,1.000000,1.500000,1.500000,,,,,,,,,,,,,,,,1.153581,0.208938,1.258836,0.226574,0.000000,0.000000,0.055827,,0.094922,0.000000,,,,0.181121,0.128188,1.500000,19.559951,36.983356,0.000000,circle,预设轨迹15,forward
1775478719.392963,17.958707,1775478750.612545|完整运动,完整运动,circle_orbit,1,1.000000,1.500000,1.500000,,,,,,,,,,,,,,,,1.155343,0.209172,1.261047,0.210931,0.000000,0.000000,0.058977,,0.092216,0.000000,,,,0.181048,0.128384,1.500000,19.582661,36.960646,0.000000,circle,预设轨迹15,forward
1775478719.425100,17.990844,1775478750.612545|完整运动,完整运动,circle_orbit,1,1.000000,1.500000,1.500000,,,,,,,,,,,,,,,,1.157139,0.211685,1.264887,0.230533,0.000000,0.000000,0.065311,,0.087143,0.000000,,,,0.182938,0.128583,1.500000,19.628227,36.915080,0.000000,circle,预设轨迹15,forward
1775478719.447433,18.013177,1775478750.612545|完整运动,完整运动,circle_orbit,1,1.000000,1.500000,1.500000,,,,,,,,,,,,,,,,1.159008,0.213976,1.271149,0.231153,0.000000,0.000000,0.071406,,0.080783,0.000000,,,,0.184620,0.128791,1.500000,19.673340,36.869967,0.000000,circle,预设轨迹15,forward
1775478719.467815,18.033559,1775478750.612545|完整运动,完整运动,circle_orbit,1,1.000000,1.500000,1.500000,,,,,,,,,,,,,,,,1.160890,0.214004,1.273831,0.214218,0.000000,0.000000,0.074339,,0.077926,0.000000,,,,0.184345,0.129000,1.500000,19.696056,36.847250,0.000000,circle,预设轨迹15,forward
1775478719.490273,18.056017,1775478750.612545|完整运动,完整运动,circle_orbit,1,1.000000,1.500000,1.500000,,,,,,,,,,,,,,,,1.162742,0.212029,1.273831,0.197212,0.000000,0.000000,0.074339,,0.077926,0.000000,,,,0.182352,0.129206,1.500000,19.696056,36.847250,0.000000,circle,预设轨迹15,forward
1775478719.510681,18.076425,1775478750.612545|完整运动,完整运动,circle_orbit,1,1.000000,1.500000,1.500000,,,,,,,,,,,,,,,,1.164642,0.214252,1.278680,0.230927,0.000000,0.000000,0.080138,,0.072558,0.000000,,,,0.183964,0.129417,1.500000,19.741821,36.801486,0.000000,circle,预设轨迹15,forward
1775478719.541246,18.106990,1775478750.612545|完整运动,完整运动,circle_orbit,1,1.000000,1.500000,1.500000,,,,,,,,,,,,,,,,1.166549,0.214318,1.280974,0.214812,0.000000,0.000000,0.082931,,0.070003,0.000000,,,,0.183719,0.129629,1.500000,19.764864,36.778442,0.000000,circle,预设轨迹15,forward
1775478719.570948,18.136692,1775478750.612545|完整运动,完整运动,circle_orbit,1,1.000000,1.500000,1.500000,,,,,,,,,,,,,,,,1.168478,0.214338,1.284210,0.214488,0.000000,0.000000,0.085601,,0.066973,0.000000,,,,0.183433,0.129843,1.500000,19.787731,36.755576,0.000000,circle,预设轨迹15,forward
1775478719.592041,18.157785,1775478750.612545|完整运动,完整运动,circle_orbit,1,1.000000,1.500000,1.500000,,,,,,,,,,,,,,,,1.170463,0.216102,1.289552,0.229331,0.000000,0.000000,0.090700,,0.061682,0.000000,,,,0.184629,0.130064,1.500000,19.834103,36.709204,0.000000,circle,预设轨迹15,forward
1775478719.612960,18.178705,1775478750.612545|完整运动,完整运动,circle_orbit,1,1.000000,1.500000,1.500000,,,,,,,,,,,,,,,,1.172479,0.215989,1.293450,0.215144,0.000000,0.000000,0.093174,,0.058391,0.000000,,,,0.184216,0.130288,1.500000,19.857325,36.685981,0.000000,circle,预设轨迹15,forward
1775478719.644943,18.210687,1775478750.612545|完整运动,完整运动,circle_orbit,1,1.000000,1.500000,1.500000,,,,,,,,,,,,,,,,1.174540,0.215954,1.298183,0.215687,0.000000,0.000000,0.095698,,0.054626,0.000000,,,,0.183862,0.130517,1.500000,19.880296,36.663010,0.000000,circle,预设轨迹15,forward
1775478719.671432,18.237176,1775478750.612545|完整运动,完整运动,circle_orbit,1,1.000000,1.500000,1.500000,,,,,,,,,,,,,,,,1.176687,0.217631,1.305496,0.230213,0.000000,0.000000,0.100614,,0.048396,0.000000,,,,0.184952,0.130755,1.500000,19.926387,36.616920,0.000000,circle,预设轨迹15,forward
1775478719.692806,18.258550,1775478750.612545|完整运动,完整运动,circle_orbit,1,1.000000,1.500000,1.500000,,,,,,,,,,,,,,,,1.178854,0.217519,1.308903,0.216678,0.000000,0.000000,0.103027,,0.045455,0.000000,,,,0.184517,0.130996,1.500000,19.949576,36.593730,0.000000,circle,预设轨迹15,forward
1775478719.718894,18.284638,1775478750.612545|完整运动,完整运动,circle_orbit,1,1.000000,1.500000,1.500000,,,,,,,,,,,,,,,,1.181040,0.217256,1.312197,0.215283,0.000000,0.000000,0.105166,,0.042706,0.000000,,,,0.183953,0.131239,1.500000,19.972871,36.570435,0.000000,circle,预设轨迹15,forward
1775478719.746220,18.311965,1775478750.612545|完整运动,完整运动,circle_orbit,1,1.000000,1.500000,1.500000,,,,,,,,,,,,,,,,1.183259,0.217031,1.316400,0.215348,0.000000,0.000000,0.107298,,0.039477,0.000000,,,,0.183418,0.131486,1.500000,19.995981,36.547326,0.000000,circle,预设轨迹15,forward
1775478719.773847,18.339591,1775478750.612545|完整运动,完整运动,circle_orbit,1,1.000000,1.500000,1.500000,,,,,,,,,,,,,,,,1.185578,0.218175,1.324735,0.226756,0.000000,0.000000,0.111329,,0.033204,0.000000,,,,0.184024,0.131743,1.500000,20.042162,36.501144,0.000000,circle,预设轨迹15,forward
1775478719.794259,18.360003,1775478750.612545|完整运动,完整运动,circle_orbit,1,1.000000,1.500000,1.500000,,,,,,,,,,,,,,,,1.187929,0.217826,1.328950,0.215205,0.000000,0.000000,0.113258,,0.030103,0.000000,,,,0.183366,0.132005,1.500000,20.065486,36.477821,0.000000,circle,预设轨迹15,forward
1775478719.828292,18.394037,1775478750.612545|完整运动,完整运动,circle_orbit,1,1.000000,1.500000,1.500000,,,,,,,,,,,,,,,,1.190315,0.217414,1.333506,0.214324,0.000000,0.000000,0.115035,,0.026902,0.000000,,,,0.182652,0.132270,1.500000,20.088982,36.454324,0.000000,circle,预设轨迹15,forward
1775478719.860424,18.426168,1775478750.612545|完整运动,完整运动,circle_orbit,1,1.000000,1.500000,1.500000,,,,,,,,,,,,,,,,1.192825,0.218083,1.343435,0.223105,0.000000,0.000000,0.118301,,0.020255,0.000000,,,,0.182829,0.132549,1.500000,20.136018,36.407289,0.000000,circle,预设轨迹15,forward
1775478719.896363,18.462107,1775478750.612545|完整运动,完整运动,circle_orbit,1,1.000000,1.500000,1.500000,,,,,,,,,,,,,,,,1.195372,0.217707,1.348197,0.214883,0.000000,0.000000,0.120079,,0.017000,0.000000,,,,0.182125,0.132832,1.500000,20.159433,36.383873,0.000000,circle,预设轨迹15,forward
1775478719.931843,18.497587,1775478750.612545|完整运动,完整运动,circle_orbit,1,1.000000,1.500000,1.500000,,,,,,,,,,,,,,,,1.198026,0.218388,1.357223,0.223498,0.000000,0.000000,0.123313,,0.010938,0.000000,,,,0.182290,0.133127,1.500000,20.206407,36.336900,0.000000,circle,预设轨迹15,forward
1775478719.965442,18.531187,1775478750.612545|完整运动,完整运动,circle_orbit,1,1.000000,1.500000,1.500000,,,,,,,,,,,,,,,,1.200804,0.218481,1.367469,0.219179,0.000000,0.000000,0.125724,,0.004690,0.000000,,,,0.181946,0.133435,1.500000,20.253729,36.289577,0.000000,circle,预设轨迹15,forward
1775478720.002773,18.568517,1775478750.612545|完整运动,完整运动,circle_orbit,1,1.000000,1.500000,1.500000,,,,,,,,,,,,,,,,1.203584,0.218756,1.370419,0.220813,0.000000,0.000000,0.128376,,-0.002036,0.000000,,,,0.181753,0.133744,1.500000,20.301244,36.242062,0.000000,circle,预设轨迹15,forward
1775478720.036655,18.602399,1775478750.612545|完整运动,完整运动,circle_orbit,1,1.000000,1.500000,1.500000,,,,,,,,,,,,,,,,1.206067,0.219086,1.355045,0.221562,0.000000,0.000000,0.131101,,-0.008586,0.000000,,,,0.181653,0.134020,1.500000,20.348703,36.194604,0.000000,circle,预设轨迹15,forward
1775478720.078984,18.644729,1775478750.612545|完整运动,完整运动,circle_orbit,1,1.000000,1.500000,1.500000,,,,,,,,,,,,,,,,1.208314,0.219004,1.343109,0.218394,0.000000,0.000000,0.133235,,-0.013786,0.000000,,,,0.181248,0.134270,1.500000,20.396694,36.146613,0.000000,circle,预设轨迹15,forward
1775478720.112828,18.678573,1775478750.612545|完整运动,完整运动,circle_orbit,1,1.000000,1.500000,1.500000,,,,,,,,,,,,,,,,1.210418,0.218045,1.336670,0.210849,0.000000,0.000000,0.134085,,-0.016771,0.000000,,,,0.180140,0.134504,1.500000,20.420460,36.122847,0.000000,circle,预设轨迹15,forward
1775478720.144945,18.710689,1775478750.612545|完整运动,完整运动,circle_orbit,1,1.000000,1.500000,1.500000,,,,,,,,,,,,,,,,1.212277,0.217483,1.323840,0.213271,0.000000,0.000000,0.135433,,-0.022969,0.000000,,,,0.179401,0.134710,1.500000,20.467727,36.075579,0.000000,circle,预设轨迹15,forward
1775478720.165814,18.731558,1775478750.612545|完整运动,完整运动,circle_orbit,1,1.000000,1.500000,1.500000,,,,,,,,,,,,,,,,1.213899,0.216877,1.311204,0.212330,0.000000,0.000000,0.136675,,-0.029241,0.000000,,,,0.178662,0.134890,1.500000,20.515342,36.027964,0.000000,circle,预设轨迹15,forward
1775478720.188909,18.754653,1775478750.612545|完整运动,完整运动,circle_orbit,1,1.000000,1.500000,1.500000,,,,,,,,,,,,,,,,1.215494,0.215442,1.311204,0.204681,0.000000,0.000000,0.136675,,-0.029241,0.000000,,,,0.177247,0.135068,1.500000,20.515342,36.027964,0.000000,circle,预设轨迹15,forward
1775478720.225957,18.791701,1775478750.612545|完整运动,完整运动,circle_orbit,1,1.000000,1.500000,1.500000,,,,,,,,,,,,,,,,1.216863,0.214708,1.298980,0.209204,0.000000,0.000000,0.137590,,-0.035563,0.000000,,,,0.176444,0.135220,1.500000,20.563074,35.980233,0.000000,circle,预设轨迹15,forward
1775478720.255080,18.820824,1775478750.612545|完整运动,完整运动,circle_orbit,1,1.000000,1.500000,1.500000,,,,,,,,,,,,,,,,1.217996,0.213746,1.286009,0.206529,0.000000,0.000000,0.138145,,-0.042596,0.000000,,,,0.175490,0.135346,1.500000,20.610454,35.932852,0.000000,circle,预设轨迹15,forward
1775478720.291981,18.857726,1775478750.612545|完整运动,完整运动,circle_orbit,1,1.000000,1.500000,1.500000,,,,,,,,,,,,,,,,1.219019,0.212591,1.280373,0.203925,0.000000,0.000000,0.138365,,-0.045707,0.000000,,,,0.174395,0.135459,1.500000,20.634324,35.908982,0.000000,circle,预设轨迹15,forward
1775478720.313514,18.879258,1775478750.612545|完整运动,完整运动,circle_orbit,1,1.000000,1.500000,1.500000,,,,,,,,,,,,,,,,1.219880,0.211015,1.271536,0.199201,0.000000,0.000000,0.137930,,-0.050989,0.000000,,,,0.172980,0.135555,1.500000,20.682446,35.860861,0.000000,circle,预设轨迹15,forward
1775478720.337741,18.903486,1775478750.612545|完整运动,完整运动,circle_orbit,1,1.000000,1.500000,1.500000,,,,,,,,,,,,,,,,1.220646,0.209533,1.266599,0.198418,0.000000,0.000000,0.137542,,-0.054036,0.000000,,,,0.171658,0.135640,1.500000,20.706515,35.836792,0.000000,circle,预设轨迹15,forward
1775478720.370407,18.936151,1775478750.612545|完整运动,完整运动,circle_orbit,1,1.000000,1.500000,1.500000,,,,,,,,,,,,,,,,1.221306,0.208135,1.260916,0.197647,0.000000,0.000000,0.137197,,-0.057525,0.000000,,,,0.170420,0.135714,1.500000,20.730622,35.812684,0.000000,circle,预设轨迹15,forward
1775478720.401430,18.967175,1775478750.612545|完整运动,完整运动,circle_orbit,1,1.000000,1.500000,1.500000,,,,,,,,,,,,,,,,1.221788,0.206427,1.250714,0.193620,0.000000,0.000000,0.136359,,-0.063962,0.000000,,,,0.168955,0.135767,1.500000,20.778898,35.764408,0.000000,circle,预设轨迹15,forward
1775478720.435147,19.000891,1775478750.612545|完整运动,完整运动,circle_orbit,1,1.000000,1.500000,1.500000,,,,,,,,,,,,,,,,1.222187,0.204958,1.246140,0.193935,0.000000,0.000000,0.135777,,-0.066972,0.000000,,,,0.167697,0.135811,1.500000,20.803156,35.740150,0.000000,circle,预设轨迹15,forward
1775478720.456630,19.022374,1775478750.612545|完整运动,完整运动,circle_orbit,1,1.000000,1.500000,1.500000,,,,,,,,,,,,,,,,1.222455,0.203043,1.238513,0.188684,0.000000,0.000000,0.134508,,-0.072169,0.000000,,,,0.166094,0.135841,1.500000,20.851722,35.691585,0.000000,circle,预设轨迹15,forward
1775478720.478933,19.044677,1775478750.612545|完整运动,完整运动,circle_orbit,1,1.000000,1.500000,1.500000,,,,,,,,,,,,,,,,1.222657,0.201542,1.234768,0.190287,0.000000,0.000000,0.133741,,-0.074806,0.000000,,,,0.164840,0.135864,1.500000,20.875891,35.667416,0.000000,circle,预设轨迹15,forward
1775478720.501466,19.067210,1775478750.612545|完整运动,完整运动,circle_orbit,1,1.000000,1.500000,1.500000,,,,,,,,,,,,,,,,1.222795,0.199972,1.231117,0.188193,0.000000,0.000000,0.132814,,-0.077470,0.000000,,,,0.163537,0.135879,1.500000,20.900106,35.643201,0.000000,circle,预设轨迹15,forward
1775478720.521770,19.087514,1775478750.612545|完整运动,完整运动,circle_orbit,1,1.000000,1.500000,1.500000,,,,,,,,,,,,,,,,1.222872,0.198434,1.227502,0.186903,0.000000,0.000000,0.131872,,-0.080131,0.000000,,,,0.162269,0.135888,1.500000,20.924369,35.618938,0.000000,circle,预设轨迹15,forward
1775478720.551538,19.117282,1775478750.612545|完整运动,完整运动,circle_orbit,1,1.000000,1.500000,1.500000,,,,,,,,,,,,,,,,1.222826,0.196266,1.220063,0.180003,0.000000,0.000000,0.129989,,-0.085624,0.000000,,,,0.160502,0.135882,1.500000,20.973128,35.570179,0.000000,circle,预设轨迹15,forward
1775478720.572258,19.138002,1775478750.612545|完整运动,完整运动,circle_orbit,1,1.000000,1.500000,1.500000,,,,,,,,,,,,,,,,1.222723,0.194776,1.216504,0.183600,0.000000,0.000000,0.128982,,-0.088320,0.000000,,,,0.159297,0.135871,1.500000,20.997497,35.545809,0.000000,circle,预设轨迹15,forward
1775478720.593578,19.159322,1775478750.612545|完整运动,完整运动,circle_orbit,1,1.000000,1.500000,1.500000,,,,,,,,,,,,,,,,1.222548,0.193225,1.212076,0.181597,0.000000,0.000000,0.127843,,-0.091642,0.000000,,,,0.158051,0.135852,1.500000,21.021783,35.521524,0.000000,circle,预设轨迹15,forward
1775478720.626559,19.192304,1775478750.612545|完整运动,完整运动,circle_orbit,1,1.000000,1.500000,1.500000,,,,,,,,,,,,,,,,1.222306,0.191665,1.207796,0.179964,0.000000,0.000000,0.126643,,-0.094916,0.000000,,,,0.156806,0.135825,1.500000,21.046085,35.497222,0.000000,circle,预设轨迹15,forward
1775478720.652882,19.218626,1775478750.612545|完整运动,完整运动,circle_orbit,1,1.000000,1.500000,1.500000,,,,,,,,,,,,,,,,1.222004,0.190092,1.203838,0.178290,0.000000,0.000000,0.125379,,-0.098030,0.000000,,,,0.155557,0.135791,1.500000,21.070437,35.472870,0.000000,circle,预设轨迹15,forward
1775478720.675674,19.241418,1775478750.612545|完整运动,完整运动,circle_orbit,1,1.000000,1.500000,1.500000,,,,,,,,,,,,,,,,1.221584,0.187534,1.196380,0.168350,0.000000,0.000000,0.122682,,-0.104084,0.000000,,,,0.153517,0.135744,1.500000,21.119069,35.424238,0.000000,circle,预设轨迹15,forward
1775478720.696331,19.262075,1775478750.612545|完整运动,完整运动,circle_orbit,1,1.000000,1.500000,1.500000,,,,,,,,,,,,,,,,1.221128,0.185789,1.193783,0.172701,0.000000,0.000000,0.121040,,-0.106518,0.000000,,,,0.152145,0.135694,1.500000,21.143390,35.399917,0.000000,circle,预设轨迹15,forward
1775478720.730373,19.296117,1775478750.612545|完整运动,完整运动,circle_orbit,1,1.000000,1.500000,1.500000,,,,,,,,,,,,,,,,1.220623,0.184000,1.190320,0.170586,0.000000,0.000000,0.119288,,-0.109581,0.000000,,,,0.150743,0.135638,1.500000,21.167671,35.375636,0.000000,circle,预设轨迹15,forward
1775478720.766595,19.332339,1775478750.612545|完整运动,完整运动,circle_orbit,1,1.000000,1.500000,1.500000,,,,,,,,,,,,,,,,1.220012,0.180924,1.183370,0.157854,0.000000,0.000000,0.115670,,-0.115815,0.000000,,,,0.148297,0.135570,1.500000,21.216217,35.327090,0.000000,circle,预设轨迹15,forward
1775478720.802138,19.367882,1775478750.612545|完整运动,完整运动,circle_orbit,1,1.000000,1.500000,1.500000,,,,,,,,,,,,,,,,1.219300,0.178072,1.176564,0.156683,0.000000,0.000000,0.112266,,-0.121911,0.000000,,,,0.146045,0.135491,1.500000,21.264556,35.278751,0.000000,circle,预设轨迹15,forward
1775478720.835955,19.401699,1775478750.612545|完整运动,完整运动,circle_orbit,1,1.000000,1.500000,1.500000,,,,,,,,,,,,,,,,1.218506,0.175246,1.170870,0.154045,0.000000,0.000000,0.108809,,-0.127323,0.000000,,,,0.143820,0.135402,1.500000,21.312937,35.230370,0.000000,circle,预设轨迹15,forward
1775478720.868826,19.434570,1775478750.612545|完整运动,完整运动,circle_orbit,1,1.000000,1.500000,1.500000,,,,,,,,,,,,,,,,1.217682,0.173544,1.168270,0.160783,0.000000,0.000000,0.106855,,-0.129973,0.000000,,,,0.142520,0.135311,1.500000,21.337097,35.206210,0.000000,circle,预设轨迹15,forward
1775478720.903889,19.469633,1775478750.612545|完整运动,完整运动,circle_orbit,1,1.000000,1.500000,1.500000,,,,,,,,,,,,,,,,1.216802,0.170250,1.163994,0.145542,0.000000,0.000000,0.102617,,-0.134805,0.000000,,,,0.139916,0.135213,1.500000,21.385124,35.158182,0.000000,circle,预设轨迹15,forward
1775478720.932418,19.498163,1775478750.612545|完整运动,完整运动,circle_orbit,1,1.000000,1.500000,1.500000,,,,,,,,,,,,,,,,1.215912,0.168471,1.162478,0.155132,0.000000,0.000000,0.100413,,-0.136834,0.000000,,,,0.138556,0.135114,1.500000,21.409217,35.134089,0.000000,circle,预设轨迹15,forward
1775478720.952860,19.518604,1775478750.612545|完整运动,完整运动,circle_orbit,1,1.000000,1.500000,1.500000,,,,,,,,,,,,,,,,1.214989,0.164795,1.159637,0.137224,0.000000,0.000000,0.095490,,-0.140998,0.000000,,,,0.135635,0.135012,1.500000,21.457568,35.085739,0.000000,circle,预设轨迹15,forward
1775478720.977335,19.543079,1775478750.612545|完整运动,完整运动,circle_orbit,1,1.000000,1.500000,1.500000,,,,,,,,,,,,,,,,1.214057,0.162804,1.158149,0.147867,0.000000,0.000000,0.092828,,-0.143221,0.000000,,,,0.134099,0.134908,1.500000,21.481813,35.061494,0.000000,circle,预设轨迹15,forward
1775478721.011265,19.577009,1775478750.612545|完整运动,完整运动,circle_orbit,1,1.000000,1.500000,1.500000,,,,,,,,,,,,,,,,1.213105,0.160971,1.155947,0.147224,0.000000,0.000000,0.090355,,-0.145862,0.000000,,,,0.132693,0.134802,1.500000,21.505941,35.037366,0.000000,circle,预设轨迹15,forward
1775478721.043272,19.609016,1775478750.612545|完整运动,完整运动,circle_orbit,1,1.000000,1.500000,1.500000,,,,,,,,,,,,,,,,1.212086,0.157554,1.150958,0.131925,0.000000,0.000000,0.085617,,-0.151483,0.000000,,,,0.129985,0.134689,1.500000,21.553825,34.989482,0.000000,circle,预设轨迹15,forward
1775478721.084767,19.650511,1775478750.612545|完整运动,完整运动,circle_orbit,1,1.000000,1.500000,1.500000,,,,,,,,,,,,,,,,1.211055,0.155769,1.149174,0.142386,0.000000,0.000000,0.083087,,-0.153872,0.000000,,,,0.128623,0.134574,1.500000,21.577868,34.965438,0.000000,circle,预设轨迹15,forward
1775478721.108225,19.673969,1775478750.612545|完整运动,完整运动,circle_orbit,1,1.000000,1.500000,1.500000,,,,,,,,,,,,,,,,1.210009,0.151897,1.147265,0.122857,0.000000,0.000000,0.077575,,-0.157680,0.000000,,,,0.125534,0.134458,1.500000,21.626281,34.917026,0.000000,circle,预设轨迹15,forward
1775478721.161893,19.727638,1775478750.612545|完整运动,完整运动,circle_orbit,1,1.000000,1.500000,1.500000,,,,,,,,,,,,,,,,1.208914,0.148156,1.143241,0.120101,0.000000,0.000000,0.072129,,-0.162977,0.000000,,,,0.122553,0.134337,1.500000,21.674475,34.868832,0.000000,circle,预设轨迹15,forward
1775478721.187402,19.753147,1775478750.612545|完整运动,完整运动,circle_orbit,1,1.000000,1.500000,1.500000,,,,,,,,,,,,,,,,1.207785,0.144568,1.140021,0.117658,0.000000,0.000000,0.066789,,-0.167666,0.000000,,,,0.119697,0.134211,1.500000,21.722390,34.820917,0.000000,circle,预设轨迹15,forward
1775478721.208631,19.774375,1775478750.612545|完整运动,完整运动,circle_orbit,1,1.000000,1.500000,1.500000,,,,,,,,,,,,,,,,1.206645,0.140851,1.138239,0.112974,0.000000,0.000000,0.061164,,-0.171454,0.000000,,,,0.116730,0.134084,1.500000,21.770694,34.772613,0.000000,circle,预设轨迹15,forward
1775478721.241395,19.807139,1775478750.612545|完整运动,完整运动,circle_orbit,1,1.000000,1.500000,1.500000,,,,,,,,,,,,,,,,1.205514,0.139242,1.137643,0.127170,0.000000,0.000000,0.058419,,-0.173106,0.000000,,,,0.115504,0.133959,1.500000,21.794796,34.748511,0.000000,circle,预设轨迹15,forward
1775478721.263468,19.829212,1775478750.612545|完整运动,完整运动,circle_orbit,1,1.000000,1.500000,1.500000,,,,,,,,,,,,,,,,1.204384,0.137424,1.136621,0.123787,0.000000,0.000000,0.055384,,-0.175196,0.000000,,,,0.114103,0.133833,1.500000,21.818666,34.724641,0.000000,circle,预设轨迹15,forward
1775478721.289275,19.855020,1775478750.612545|完整运动,完整运动,circle_orbit,1,1.000000,1.500000,1.500000,,,,,,,,,,,,,,,,1.203268,0.135060,1.136314,0.117335,0.000000,0.000000,0.051566,,-0.177115,0.000000,,,,0.112245,0.133709,1.500000,21.842269,34.701038,0.000000,circle,预设轨迹15,forward
1775478721.318732,19.884476,1775478750.612545|完整运动,完整运动,circle_orbit,1,1.000000,1.500000,1.500000,,,,,,,,,,,,,,,,1.202177,0.130111,1.136678,0.092988,0.000000,0.000000,0.044039,,-0.180197,0.000000,,,,0.108229,0.133588,1.500000,21.889890,34.653417,0.000000,circle,预设轨迹15,forward
1775478721.345581,19.911325,1775478750.612545|完整运动,完整运动,circle_orbit,1,1.000000,1.500000,1.500000,,,,,,,,,,,,,,,,1.201126,0.125109,1.138100,0.087601,0.000000,0.000000,0.036261,,-0.182624,0.000000,,,,0.104160,0.133471,1.500000,21.937855,34.605451,0.000000,circle,预设轨迹15,forward
1775478721.366853,19.932597,1775478750.612545|完整运动,完整运动,circle_orbit,1,1.000000,1.500000,1.500000,,,,,,,,,,,,,,,,1.200102,0.122896,1.138646,0.106293,0.000000,0.000000,0.032268,,-0.184004,0.000000,,,,0.102404,0.133357,1.500000,21.961691,34.581616,0.000000,circle,预设轨迹15,forward
1775478721.392148,19.957892,1775478750.612545|完整运动,完整运动,circle_orbit,1,1.000000,1.500000,1.500000,,,,,,,,,,,,,,,,1.199095,0.120650,1.138656,0.103807,0.000000,0.000000,0.028212,,-0.185800,0.000000,,,,0.100618,0.133245,1.500000,21.985585,34.557722,0.000000,circle,预设轨迹15,forward
1775478721.421326,19.987070,1775478750.612545|完整运动,完整运动,circle_orbit,1,1.000000,1.500000,1.500000,,,,,,,,,,,,,,,,1.198108,0.118433,1.138919,0.101809,0.000000,0.000000,0.024176,,-0.187403,0.000000,,,,0.098850,0.133136,1.500000,22.009501,34.533805,0.000000,circle,预设轨迹15,forward
1775478721.453628,20.019372,1775478750.612545|完整运动,完整运动,circle_orbit,1,1.000000,1.500000,1.500000,,,,,,,,,,,,,,,,1.197145,0.116311,1.139330,0.100392,0.000000,0.000000,0.020253,,-0.188850,0.000000,,,,0.097157,0.133029,1.500000,22.033374,34.509932,0.000000,circle,预设轨迹15,forward
1775478721.477167,20.042911,1775478750.612545|完整运动,完整运动,circle_orbit,1,1.000000,1.500000,1.500000,,,,,,,,,,,,,,,,1.196236,0.111058,1.141740,0.071665,0.000000,0.000000,0.011867,,-0.190841,0.000000,,,,0.092840,0.132928,1.500000,22.080940,34.462367,0.000000,circle,预设轨迹15,forward
1775478721.497974,20.063718,1775478750.612545|完整运动,完整运动,circle_orbit,1,1.000000,1.500000,1.500000,,,,,,,,,,,,,,,,1.195352,0.108828,1.142301,0.092099,0.000000,0.000000,0.007586,,-0.192340,0.000000,,,,0.091043,0.132829,1.500000,22.104788,34.438519,0.000000,circle,预设轨迹15,forward
1775478721.528874,20.094619,1775478750.612545|完整运动,完整运动,circle_orbit,1,1.000000,1.500000,1.500000,,,,,,,,,,,,,,,,1.194493,0.106627,1.142920,0.090121,0.000000,0.000000,0.003331,,-0.193787,0.000000,,,,0.089266,0.132734,1.500000,22.128712,34.414594,0.000000,circle,预设轨迹15,forward
1775478721.550423,20.116168,1775478750.612545|完整运动,完整运动,circle_orbit,1,1.000000,1.500000,1.500000,,,,,,,,,,,,,,,,1.193571,0.101507,1.138287,0.063103,0.000000,0.000000,-0.005084,,-0.196346,0.000000,,,,0.085044,0.132632,1.500000,22.176429,34.366877,0.000000,circle,预设轨迹15,forward
1775478721.571600,20.137344,1775478750.612545|完整运动,完整运动,circle_orbit,1,1.000000,1.500000,1.500000,,,,,,,,,,,,,,,,1.192596,0.099517,1.134113,0.084591,0.000000,0.000000,-0.009228,,-0.197535,0.000000,,,,0.083445,0.132523,1.500000,22.200141,34.343166,0.000000,circle,预设轨迹15,forward
1775478721.601249,20.166993,1775478750.612545|完整运动,完整运动,circle_orbit,1,1.000000,1.500000,1.500000,,,,,,,,,,,,,,,,1.191569,0.097553,1.129926,0.082831,0.000000,0.000000,-0.013334,,-0.198774,0.000000,,,,0.081870,0.132409,1.500000,22.223872,34.319434,0.000000,circle,预设轨迹15,forward
1775478721.633134,20.198879,1775478750.612545|完整运动,完整运动,circle_orbit,1,1.000000,1.500000,1.500000,,,,,,,,,,,,,,,,1.190494,0.095590,1.125982,0.080867,0.000000,0.000000,-0.017441,,-0.199855,0.000000,,,,0.080295,0.132290,1.500000,22.247700,34.295607,0.000000,circle,预设轨迹15,forward
1775478721.669652,20.235396,1775478750.612545|完整运动,完整运动,circle_orbit,1,1.000000,1.500000,1.500000,,,,,,,,,,,,,,,,1.189327,0.090397,1.119285,0.051447,0.000000,0.000000,-0.026140,,-0.200970,0.000000,,,,0.076007,0.132160,1.500000,22.295115,34.248191,0.000000,circle,预设轨迹15,forward
1775478721.695438,20.261182,1775478750.612545|完整运动,完整运动,circle_orbit,1,1.000000,1.500000,1.500000,,,,,,,,,,,,,,,,1.188061,0.085380,1.112112,0.047755,0.000000,0.000000,-0.034764,,-0.202538,0.000000,,,,0.071865,0.132019,1.500000,22.342070,34.201237,0.000000,circle,预设轨迹15,forward
1775478721.724523,20.290267,1775478750.612545|完整运动,完整运动,circle_orbit,1,1.000000,1.500000,1.500000,,,,,,,,,,,,,,,,1.186761,0.083504,1.108783,0.069434,0.000000,0.000000,-0.039089,,-0.203147,0.000000,,,,0.070363,0.131875,1.500000,22.365689,34.177617,0.000000,circle,预设轨迹15,forward
1775478721.744870,20.310614,1775478750.612545|完整运动,完整运动,circle_orbit,1,1.000000,1.500000,1.500000,,,,,,,,,,,,,,,,1.185381,0.078411,1.102574,0.040215,0.000000,0.000000,-0.047971,,-0.203961,0.000000,,,,0.066149,0.131721,1.500000,22.413056,34.130250,0.000000,circle,预设轨迹15,forward
1775478721.770846,20.336591,1775478750.612545|完整运动,完整运动,circle_orbit,1,1.000000,1.500000,1.500000,,,,,,,,,,,,,,,,1.184023,0.078624,1.102574,0.080215,0.000000,0.000000,-0.047971,,-0.203961,0.000000,,,,0.066404,0.131571,1.500000,22.413056,34.130250,0.000000,circle,预设轨迹15,forward
1775478721.805609,20.371353,1775478750.612545|完整运动,完整运动,circle_orbit,1,1.000000,1.500000,1.500000,,,,,,,,,,,,,,,,1.182579,0.074105,1.095915,0.040215,0.000000,0.000000,-0.056828,,-0.205191,0.000000,,,,0.062664,0.131410,1.500000,22.460318,34.082989,0.000000,circle,预设轨迹15,forward
1775478721.841367,20.407111,1775478750.612545|完整运动,完整运动,circle_orbit,1,1.000000,1.500000,1.500000,,,,,,,,,,,,,,,,1.181072,0.069181,1.090652,0.032248,0.000000,0.000000,-0.065699,,-0.205376,0.000000,,,,0.058574,0.131243,1.500000,22.507886,34.035421,0.000000,circle,预设轨迹15,forward
1775478721.874745,20.440489,1775478750.612545|完整运动,完整运动,circle_orbit,1,1.000000,1.500000,1.500000,,,,,,,,,,,,,,,,1.179546,0.067414,1.088008,0.054165,0.000000,0.000000,-0.070232,,-0.205449,0.000000,,,,0.057153,0.131073,1.500000,22.531810,34.011497,0.000000,circle,预设轨迹15,forward
1775478721.909849,20.475594,1775478750.612545|完整运动,完整运动,circle_orbit,1,1.000000,1.500000,1.500000,,,,,,,,,,,,,,,,1.177946,0.062436,1.081918,0.025097,0.000000,0.000000,-0.079297,,-0.206270,0.000000,,,,0.053004,0.130895,1.500000,22.579508,33.963799,0.000000,circle,预设轨迹15,forward
1775478721.943110,20.508854,1775478750.612545|完整运动,完整运动,circle_orbit,1,1.000000,1.500000,1.500000,,,,,,,,,,,,,,,,1.176281,0.057486,1.076401,0.020363,0.000000,0.000000,-0.088469,,-0.206634,0.000000,,,,0.048871,0.130710,1.500000,22.626879,33.916427,0.000000,circle,预设轨迹15,forward
1775478721.974012,20.539756,1775478750.612545|完整运动,完整运动,circle_orbit,1,1.000000,1.500000,1.500000,,,,,,,,,,,,,,,,1.174595,0.055872,1.073404,0.043765,0.000000,0.000000,-0.093042,,-0.207034,0.000000,,,,0.047567,0.130523,1.500000,22.650564,33.892742,0.000000,circle,预设轨迹15,forward
1775478722.010633,20.576377,1775478750.612545|完整运动,完整运动,circle_orbit,1,1.000000,1.500000,1.500000,,,,,,,,,,,,,,,,1.172853,0.051345,1.068367,0.017398,0.000000,0.000000,-0.101709,,-0.207299,0.000000,,,,0.043778,0.130329,1.500000,22.698091,33.845216,0.000000,circle,预设轨迹15,forward
1775478722.044249,20.609993,1775478750.612545|完整运动,完整运动,circle_orbit,1,1.000000,1.500000,1.500000,,,,,,,,,,,,,,,,1.171078,0.047168,1.064539,0.015838,0.000000,0.000000,-0.109999,,-0.206770,0.000000,,,,0.040278,0.130132,1.500000,22.745623,33.797683,0.000000,circle,预设轨迹15,forward
1775478722.080747,20.646491,1775478750.612545|完整运动,完整运动,circle_orbit,1,1.000000,1.500000,1.500000,,,,,,,,,,,,,,,,1.169261,0.042984,1.060239,0.011601,0.000000,0.000000,-0.118396,,-0.206609,0.000000,,,,0.036761,0.129930,1.500000,22.792736,33.750570,0.000000,circle,预设轨迹15,forward
1775478722.111396,20.677140,1775478750.612545|完整运动,完整运动,circle_orbit,1,1.000000,1.500000,1.500000,,,,,,,,,,,,,,,,1.167416,0.038965,1.056761,0.008825,0.000000,0.000000,-0.126653,,-0.205849,0.000000,,,,0.033377,0.129725,1.500000,22.839992,33.703315,0.000000,circle,预设轨迹15,forward
1775478722.146401,20.712145,1775478750.612545|完整运动,完整运动,circle_orbit,1,1.000000,1.500000,1.500000,,,,,,,,,,,,,,,,1.165579,0.038040,1.055327,0.031099,0.000000,0.000000,-0.130599,,-0.205301,0.000000,,,,0.032636,0.129521,1.500000,22.863797,33.679510,0.000000,circle,预设轨迹15,forward
1775478722.181170,20.746914,1775478750.612545|完整运动,完整运动,circle_orbit,1,1.000000,1.500000,1.500000,,,,,,,,,,,,,,,,1.163749,0.037073,1.053971,0.029824,0.000000,0.000000,-0.134519,,-0.204701,0.000000,,,,0.031857,0.129318,1.500000,22.887649,33.655658,0.000000,circle,预设轨迹15,forward
1775478722.212127,20.777871,1775478750.612545|完整运动,完整运动,circle_orbit,1,1.000000,1.500000,1.500000,,,,,,,,,,,,,,,,1.161907,0.033222,1.051399,0.004335,0.000000,0.000000,-0.142467,,-0.203344,0.000000,,,,0.028592,0.129113,1.500000,22.935035,33.608272,0.000000,circle,预设轨迹15,forward
1775478722.249074,20.814818,1775478750.612545|完整运动,完整运动,circle_orbit,1,1.000000,1.500000,1.500000,,,,,,,,,,,,,,,,1.160052,0.029518,1.048711,0.001737,0.000000,0.000000,-0.150295,,-0.202151,0.000000,,,,0.025445,0.128907,1.500000,22.982254,33.561053,0.000000,circle,预设轨迹15,forward
1775478722.279677,20.845422,1775478750.612545|完整运动,完整运动,circle_orbit,1,1.000000,1.500000,1.500000,,,,,,,,,,,,,,,,1.158206,0.025502,1.047450,-0.004613,0.000000,0.000000,-0.158650,,-0.199513,0.000000,,,,0.022019,0.128702,1.500000,23.029957,33.513350,0.000000,circle,预设轨迹15,forward
1775478722.316024,20.881768,1775478750.612545|完整运动,完整运动,circle_orbit,1,1.000000,1.500000,1.500000,,,,,,,,,,,,,,,,1.156381,0.024365,1.046897,0.015836,0.000000,0.000000,-0.163011,,-0.198047,0.000000,,,,0.021070,0.128499,1.500000,23.054006,33.489301,0.000000,circle,预设轨迹15,forward
1775478722.350714,20.916458,1775478750.612545|完整运动,完整运动,circle_orbit,1,1.000000,1.500000,1.500000,,,,,,,,,,,,,,,,1.154534,0.019735,1.043716,-0.014986,0.000000,0.000000,-0.172271,,-0.196661,0.000000,,,,0.017094,0.128294,1.500000,23.101740,33.441567,0.000000,circle,预设轨迹15,forward
1775478722.371731,20.937475,1775478750.612545|完整运动,完整运动,circle_orbit,1,1.000000,1.500000,1.500000,,,,,,,,,,,,,,,,1.152688,0.015505,1.041913,-0.016219,0.000000,0.000000,-0.181099,,-0.194291,0.000000,,,,0.013452,0.128089,1.500000,23.148994,33.394312,0.000000,circle,预设轨迹15,forward
1775478722.394884,20.960629,1775478750.612545|完整运动,完整运动,circle_orbit,1,1.000000,1.500000,1.500000,,,,,,,,,,,,,,,,1.150857,0.014348,1.041023,0.005669,0.000000,0.000000,-0.185665,,-0.193031,0.000000,,,,0.012467,0.127885,1.500000,23.172500,33.370807,0.000000,circle,预设轨迹15,forward
1775478722.420795,20.986539,1775478750.612545|完整运动,完整运动,circle_orbit,1,1.000000,1.500000,1.500000,,,,,,,,,,,,,,,,1.149042,0.013106,1.040124,0.003790,0.000000,0.000000,-0.190287,,-0.191755,0.000000,,,,0.011406,0.127683,1.500000,23.195803,33.347504,0.000000,circle,预设轨迹15,forward
1775478722.456851,21.022596,1775478750.612545|完整运动,完整运动,circle_orbit,1,1.000000,1.500000,1.500000,,,,,,,,,,,,,,,,1.147234,0.008422,1.038742,-0.026705,0.000000,0.000000,-0.199752,,-0.188747,0.000000,,,,0.007341,0.127483,1.500000,23.241603,33.301704,0.000000,circle,预设轨迹15,forward
1775478722.490145,21.055890,1775478750.612545|完整运动,完整运动,circle_orbit,1,1.000000,1.500000,1.500000,,,,,,,,,,,,,,,,1.145447,0.003836,1.038256,-0.030564,0.000000,0.000000,-0.209226,,-0.184958,0.000000,,,,0.003349,0.127284,1.500000,23.286761,33.256545,0.000000,circle,预设轨迹15,forward
1775478722.522869,21.088614,1775478750.612545|完整运动,完整运动,circle_orbit,1,1.000000,1.500000,1.500000,,,,,,,,,,,,,,,,1.143675,0.002906,1.037323,-0.004067,0.000000,0.000000,-0.213630,,-0.183813,0.000000,,,,0.002541,0.127087,1.500000,23.309399,33.233908,0.000000,circle,预设轨迹15,forward
1775478722.547489,21.113233,1775478750.612545|完整运动,完整运动,circle_orbit,1,1.000000,1.500000,1.500000,,,,,,,,,,,,,,,,1.141918,0.002058,1.036484,-0.004299,0.000000,0.000000,-0.217842,,-0.182672,0.000000,,,,0.001803,0.126892,1.500000,23.331984,33.211323,0.000000,circle,预设轨迹15,forward
1775478722.568944,21.134688,1775478750.612545|完整运动,完整运动,circle_orbit,1,1.000000,1.500000,1.500000,,,,,,,,,,,,,,,,1.140168,-0.001326,1.035183,-0.026710,0.000000,0.000000,-0.225589,,-0.180366,0.000000,,,,0.001163,0.126697,1.500000,23.377284,33.166023,0.000000,circle,预设轨迹15,forward
1775478722.605277,21.171021,1775478750.612545|完整运动,完整运动,circle_orbit,1,1.000000,1.500000,1.500000,,,,,,,,,,,,,,,,1.138447,0.000393,1.035183,0.013290,0.000000,0.000000,-0.225589,,-0.180366,0.000000,,,,0.000346,0.126506,1.500000,23.377284,33.166023,0.000000,circle,预设轨迹15,forward
1775478722.639601,21.205345,1775478750.612545|完整运动,完整运动,circle_orbit,1,1.000000,1.500000,1.500000,,,,,,,,,,,,,,,,1.136752,-0.002707,1.035063,-0.025959,0.000000,0.000000,-0.232842,,-0.177246,0.000000,,,,0.002381,0.126318,1.500000,23.423151,33.120155,0.000000,circle,预设轨迹15,forward
1775478722.671096,21.236840,1775478750.612545|完整运动,完整运动,circle_orbit,1,1.000000,1.500000,1.500000,,,,,,,,,,,,,,,,1.135090,-0.008183,1.035392,-0.049256,0.000000,0.000000,-0.243550,,-0.172200,0.000000,,,,0.007209,0.126133,1.500000,23.492648,33.050659,0.000000,circle,预设轨迹15,forward
1775478722.707045,21.272789,1775478750.612545|完整运动,完整运动,circle_orbit,1,1.000000,1.500000,1.500000,,,,,,,,,,,,,,,,1.133464,-0.008612,1.035871,-0.011829,0.000000,0.000000,-0.247277,,-0.170124,0.000000,,,,0.007598,0.125952,1.500000,23.515906,33.027401,0.000000,circle,预设轨迹15,forward
1775478722.727806,21.293550,1775478750.612545|完整运动,完整运动,circle_orbit,1,1.000000,1.500000,1.500000,,,,,,,,,,,,,,,,1.131881,-0.011792,1.036938,-0.035643,0.000000,0.000000,-0.254834,,-0.165834,0.000000,,,,0.010418,0.125777,1.500000,23.562394,32.980912,0.000000,circle,预设轨迹15,forward
1775478722.752645,21.318389,1775478750.612545|完整运动,完整运动,circle_orbit,1,1.000000,1.500000,1.500000,,,,,,,,,,,,,,,,1.130325,-0.009892,1.036938,0.004357,0.000000,0.000000,-0.254834,,-0.165834,0.000000,,,,0.008752,0.125604,1.500000,23.562394,32.980912,0.000000,circle,预设轨迹15,forward
1775478722.785390,21.351135,1775478750.612545|完整运动,完整运动,circle_orbit,1,1.000000,1.500000,1.500000,,,,,,,,,,,,,,,,1.128790,-0.012922,1.036692,-0.035643,0.000000,0.000000,-0.262087,,-0.162824,0.000000,,,,0.011447,0.125433,1.500000,23.608816,32.934490,0.000000,circle,预设轨迹15,forward
1775478722.821329,21.387073,1775478750.612545|完整运动,完整运动,circle_orbit,1,1.000000,1.500000,1.500000,,,,,,,,,,,,,,,,1.127293,-0.016106,1.037498,-0.039991,0.000000,0.000000,-0.269609,,-0.158778,0.000000,,,,0.014288,0.125267,1.500000,23.655173,32.888134,0.000000,circle,预设轨迹15,forward
1775478722.855389,21.421133,1775478750.612545|完整运动,完整运动,circle_orbit,1,1.000000,1.500000,1.500000,,,,,,,,,,,,,,,,1.125819,-0.016523,1.037355,-0.019650,0.000000,0.000000,-0.273272,,-0.157275,0.000000,,,,0.014677,0.125103,1.500000,23.678536,32.864770,0.000000,circle,预设轨迹15,forward
1775478722.875953,21.441698,1775478750.612545|完整运动,完整运动,circle_orbit,1,1.000000,1.500000,1.500000,,,,,,,,,,,,,,,,1.124370,-0.019393,1.037425,-0.040919,0.000000,0.000000,-0.280347,,-0.154070,0.000000,,,,0.017248,0.124942,1.500000,23.725862,32.817444,0.000000,circle,预设轨迹15,forward
1775478722.896455,21.462199,1775478750.612545|完整运动,完整运动,circle_orbit,1,1.000000,1.500000,1.500000,,,,,,,,,,,,,,,,1.122948,-0.019629,1.037627,-0.021401,0.000000,0.000000,-0.283739,,-0.152385,0.000000,,,,0.017480,0.124784,1.500000,23.749543,32.793764,0.000000,circle,预设轨迹15,forward
1775478722.928178,21.493922,1775478750.612545|完整运动,完整运动,circle_orbit,1,1.000000,1.500000,1.500000,,,,,,,,,,,,,,,,1.121559,-0.019924,1.038257,-0.022130,0.000000,0.000000,-0.287132,,-0.150329,0.000000,,,,0.017764,0.124630,1.500000,23.773134,32.770172,0.000000,circle,预设轨迹15,forward
1775478722.957745,21.523489,1775478750.612545|完整运动,完整运动,circle_orbit,1,1.000000,1.500000,1.500000,,,,,,,,,,,,,,,,1.120219,-0.022520,1.039819,-0.041993,0.000000,0.000000,-0.293732,,-0.146039,0.000000,,,,0.020103,0.124481,1.500000,23.820154,32.723153,0.000000,circle,预设轨迹15,forward
1775478722.995080,21.560825,1775478750.612545|完整运动,完整运动,circle_orbit,1,1.000000,1.500000,1.500000,,,,,,,,,,,,,,,,1.118918,-0.022622,1.040840,-0.023382,0.000000,0.000000,-0.296845,,-0.143771,0.000000,,,,0.020217,0.124336,1.500000,23.843689,32.699617,0.000000,circle,预设轨迹15,forward
1775478723.016618,21.582362,1775478750.612545|完整运动,完整运动,circle_orbit,1,1.000000,1.500000,1.500000,,,,,,,,,,,,,,,,1.117686,-0.024344,1.043769,-0.037266,0.000000,0.000000,-0.302193,,-0.138866,0.000000,,,,0.021781,0.124199,1.500000,23.890892,32.652415,0.000000,circle,预设轨迹15,forward
1775478723.040172,21.605916,1775478750.612545|完整运动,完整运动,circle_orbit,1,1.000000,1.500000,1.500000,,,,,,,,,,,,,,,,1.116491,-0.023966,1.044772,-0.021126,0.000000,0.000000,-0.304569,,-0.136948,0.000000,,,,0.021465,0.124066,1.500000,23.914173,32.629133,0.000000,circle,预设轨迹15,forward
1775478723.074612,21.640356,1775478750.612545|完整运动,完整运动,circle_orbit,1,1.000000,1.500000,1.500000,,,,,,,,,,,,,,,,1.115366,-0.025622,1.047894,-0.038042,0.000000,0.000000,-0.309749,,-0.131973,0.000000,,,,0.022972,0.123941,1.500000,23.960652,32.582654,0.000000,circle,预设轨迹15,forward
1775478723.102363,21.668108,1775478750.612545|完整运动,完整运动,circle_orbit,1,1.000000,1.500000,1.500000,,,,,,,,,,,,,,,,1.114283,-0.025458,1.049271,-0.024227,0.000000,0.000000,-0.312362,,-0.129636,0.000000,,,,0.022847,0.123821,1.500000,23.984017,32.559289,0.000000,circle,预设轨迹15,forward
1775478723.138331,21.704076,1775478750.612545|完整运动,完整运动,circle_orbit,1,1.000000,1.500000,1.500000,,,,,,,,,,,,,,,,1.113249,-0.025252,1.051249,-0.023711,0.000000,0.000000,-0.314839,,-0.126855,0.000000,,,,0.022683,0.123706,1.500000,24.007542,32.535764,0.000000,circle,预设轨迹15,forward
1775478723.159775,21.725519,1775478750.612545|完整运动,完整运动,circle_orbit,1,1.000000,1.500000,1.500000,,,,,,,,,,,,,,,,1.112285,-0.026839,1.054429,-0.038739,0.000000,0.000000,-0.319797,,-0.121961,0.000000,,,,0.024129,0.123599,1.500000,24.054403,32.488904,0.000000,circle,预设轨迹15,forward
1775478723.182960,21.748704,1775478750.612545|完整运动,完整运动,circle_orbit,1,1.000000,1.500000,1.500000,,,,,,,,,,,,,,,,1.111367,-0.026649,1.056271,-0.025228,0.000000,0.000000,-0.322259,,-0.119317,0.000000,,,,0.023979,0.123497,1.500000,24.077859,32.465447,0.000000,circle,预设轨迹15,forward
1775478723.216297,21.782042,1775478750.612545|完整运动,完整运动,circle_orbit,1,1.000000,1.500000,1.500000,,,,,,,,,,,,,,,,1.110494,-0.026488,1.058105,-0.025278,0.000000,0.000000,-0.324692,,-0.116697,0.000000,,,,0.023852,0.123400,1.500000,24.101373,32.441933,0.000000,circle,预设轨迹15,forward
1775478723.244573,21.810317,1775478750.612545|完整运动,完整运动,circle_orbit,1,1.000000,1.500000,1.500000,,,,,,,,,,,,,,,,1.109692,-0.027745,1.061587,-0.037175,0.000000,0.000000,-0.329086,,-0.111838,0.000000,,,,0.025003,0.123311,1.500000,24.148108,32.395199,0.000000,circle,预设轨迹15,forward
1775478723.275198,21.840942,1775478750.612545|完整运动,完整运动,circle_orbit,1,1.000000,1.500000,1.500000,,,,,,,,,,,,,,,,1.108967,-0.028673,1.065474,-0.035629,0.000000,0.000000,-0.333040,,-0.106858,0.000000,,,,0.025855,0.123230,1.500000,24.194730,32.348576,0.000000,circle,预设轨迹15,forward
1775478723.295676,21.861420,1775478750.612545|完整运动,完整运动,circle_orbit,1,1.000000,1.500000,1.500000,,,,,,,,,,,,,,,,1.108290,-0.028208,1.067656,-0.024722,0.000000,0.000000,-0.335016,,-0.104181,0.000000,,,,0.025452,0.123155,1.500000,24.218154,32.325153,0.000000,circle,预设轨迹15,forward
1775478723.332667,21.898411,1775478750.612545|完整运动,完整运动,circle_orbit,1,1.000000,1.500000,1.500000,,,,,,,,,,,,,,,,1.107656,-0.027776,1.069612,-0.024532,0.000000,0.000000,-0.336964,,-0.101710,0.000000,,,,0.025076,0.123085,1.500000,24.241631,32.301676,0.000000,circle,预设轨迹15,forward
1775478723.373214,21.938958,1775478750.612545|完整运动,完整运动,circle_orbit,1,1.000000,1.500000,1.500000,,,,,,,,,,,,,,,,1.107099,-0.028861,1.073671,-0.036998,0.000000,0.000000,-0.341010,,-0.096598,0.000000,,,,0.026069,0.123023,1.500000,24.288093,32.255213,0.000000,circle,预设轨迹15,forward
1775478723.398415,21.964159,1775478750.612545|完整运动,完整运动,circle_orbit,1,1.000000,1.500000,1.500000,,,,,,,,,,,,,,,,1.106629,-0.029951,1.078424,-0.038130,0.000000,0.000000,-0.345094,,-0.090934,0.000000,,,,0.027065,0.122970,1.500000,24.334424,32.208883,0.000000,circle,预设轨迹15,forward
1775478723.427880,21.993624,1775478750.612545|完整运动,完整运动,circle_orbit,1,1.000000,1.500000,1.500000,,,,,,,,,,,,,,,,1.106209,-0.029544,1.081046,-0.026487,0.000000,0.000000,-0.347070,,-0.087948,0.000000,,,,0.026707,0.122924,1.500000,24.357811,32.185495,0.000000,circle,预设轨迹15,forward
1775478723.456300,22.022044,1775478750.612545|完整运动,完整运动,circle_orbit,1,1.000000,1.500000,1.500000,,,,,,,,,,,,,,,,1.105878,-0.030147,1.086028,-0.034671,0.000000,0.000000,-0.350430,,-0.082476,0.000000,,,,0.027260,0.122887,1.500000,24.404795,32.138512,0.000000,circle,预设轨迹15,forward
1775478723.478772,22.044516,1775478750.612545|完整运动,完整运动,circle_orbit,1,1.000000,1.500000,1.500000,,,,,,,,,,,,,,,,1.105598,-0.029349,1.088770,-0.023365,0.000000,0.000000,-0.351796,,-0.079694,0.000000,,,,0.026546,0.122856,1.500000,24.428318,32.114989,0.000000,circle,预设轨迹15,forward
1775478723.504481,22.070225,1775478750.612545|完整运动,完整运动,circle_orbit,1,1.000000,1.500000,1.500000,,,,,,,,,,,,,,,,1.105422,-0.029489,1.094852,-0.030539,0.000000,0.000000,-0.354430,,-0.073741,0.000000,,,,0.026677,0.122836,1.500000,24.475169,32.068138,0.000000,circle,预设轨迹15,forward
1775478723.528951,22.094696,1775478750.612545|完整运动,完整运动,circle_orbit,1,1.000000,1.500000,1.500000,,,,,,,,,,,,,,,,1.105249,-0.027799,1.094852,-0.015128,0.000000,0.000000,-0.354430,,-0.073741,0.000000,,,,0.025152,0.122817,1.500000,24.475169,32.068138,0.000000,circle,预设轨迹15,forward
1775478723.549616,22.115360,1775478750.612545|完整运动,完整运动,circle_orbit,1,1.000000,1.500000,1.500000,,,,,,,,,,,,,,,,1.105179,-0.028068,1.101019,-0.030085,0.000000,0.000000,-0.357105,,-0.067755,0.000000,,,,0.025397,0.122809,1.500000,24.522310,32.020997,0.000000,circle,预设轨迹15,forward
1775478723.571309,22.137053,1775478750.612545|完整运动,完整运动,circle_orbit,1,1.000000,1.500000,1.500000,,,,,,,,,,,,,,,,1.105161,-0.027384,1.104099,-0.022251,0.000000,0.000000,-0.358420,,-0.064795,0.000000,,,,0.024778,0.122807,1.500000,24.545951,31.997356,0.000000,circle,预设轨迹15,forward
1775478723.606037,22.171781,1775478750.612545|完整运动,完整运动,circle_orbit,1,1.000000,1.500000,1.500000,,,,,,,,,,,,,,,,1.105144,-0.025822,1.104099,-0.014111,0.000000,0.000000,-0.358420,,-0.064795,0.000000,,,,0.023366,0.122805,1.500000,24.545951,31.997356,0.000000,circle,预设轨迹15,forward
1775478723.627032,22.192776,1775478750.612545|完整运动,完整运动,circle_orbit,1,1.000000,1.500000,1.500000,,,,,,,,,,,,,,,,1.105281,-0.027134,1.113479,-0.036975,0.000000,0.000000,-0.362426,,-0.055862,0.000000,,,,0.024550,0.122821,1.500000,24.616501,31.926806,0.000000,circle,预设轨迹15,forward
1775478723.649280,22.215024,1775478750.612545|完整运动,完整运动,circle_orbit,1,1.000000,1.500000,1.500000,,,,,,,,,,,,,,,,1.105470,-0.026449,1.116837,-0.021304,0.000000,0.000000,-0.363653,,-0.052785,0.000000,,,,0.023925,0.122842,1.500000,24.639898,31.903409,0.000000,circle,预设轨迹15,forward
1775478723.686694,22.252438,1775478750.612545|完整运动,完整运动,circle_orbit,1,1.000000,1.500000,1.500000,,,,,,,,,,,,,,,,1.105703,-0.025661,1.119671,-0.019758,0.000000,0.000000,-0.364684,,-0.050203,0.000000,,,,0.023208,0.122868,1.500000,24.663286,31.880020,0.000000,circle,预设轨迹15,forward
1775478723.723965,22.289710,1775478750.612545|完整运动,完整运动,circle_orbit,1,1.000000,1.500000,1.500000,,,,,,,,,,,,,,,,1.106034,-0.025194,1.125919,-0.021689,0.000000,0.000000,-0.366124,,-0.044916,0.000000,,,,0.022779,0.122904,1.500000,24.709787,31.833520,0.000000,circle,预设轨迹15,forward
1775478723.744623,22.310368,1775478750.612545|完整运动,完整运动,circle_orbit,1,1.000000,1.500000,1.500000,,,,,,,,,,,,,,,,1.106415,-0.024124,1.129251,-0.016097,0.000000,0.000000,-0.366674,,-0.042215,0.000000,,,,0.021804,0.122947,1.500000,24.733058,31.810248,0.000000,circle,预设轨迹15,forward
1775478723.765711,22.331455,1775478750.612545|完整运动,完整运动,circle_orbit,1,1.000000,1.500000,1.500000,,,,,,,,,,,,,,,,1.106907,-0.023430,1.136435,-0.018224,0.000000,0.000000,-0.367706,,-0.036508,0.000000,,,,0.021167,0.123001,1.500000,24.780061,31.763246,0.000000,circle,预设轨迹15,forward
1775478723.793206,22.358950,1775478750.612545|完整运动,完整运动,circle_orbit,1,1.000000,1.500000,1.500000,,,,,,,,,,,,,,,,1.107391,-0.022046,1.136435,-0.011670,0.000000,0.000000,-0.367706,,-0.036508,0.000000,,,,0.019908,0.123055,1.500000,24.780061,31.763246,0.000000,circle,预设轨迹15,forward
1775478723.821105,22.386849,1775478750.612545|完整运动,完整运动,circle_orbit,1,1.000000,1.500000,1.500000,,,,,,,,,,,,,,,,1.107988,-0.021457,1.143798,-0.017035,0.000000,0.000000,-0.368770,,-0.030725,0.000000,,,,0.019365,0.123121,1.500000,24.826786,31.716521,0.000000,circle,预设轨迹15,forward
1775478723.842347,22.408091,1775478750.612545|完整运动,完整运动,circle_orbit,1,1.000000,1.500000,1.500000,,,,,,,,,,,,,,,,1.108643,-0.020582,1.147968,-0.014026,0.000000,0.000000,-0.369403,,-0.027466,0.000000,,,,0.018565,0.123194,1.500000,24.850060,31.693246,0.000000,circle,预设轨迹15,forward
1775478723.878372,22.444116,1775478750.612545|完整运动,完整运动,circle_orbit,1,1.000000,1.500000,1.500000,,,,,,,,,,,,,,,,1.109355,-0.019765,1.152040,-0.013636,0.000000,0.000000,-0.370076,,-0.024280,0.000000,,,,0.017817,0.123273,1.500000,24.873397,31.669909,0.000000,circle,预设轨迹15,forward
1775478723.899221,22.464966,1775478750.612545|完整运动,完整运动,circle_orbit,1,1.000000,1.500000,1.500000,,,,,,,,,,,,,,,,1.110186,-0.019051,1.160085,-0.013691,0.000000,0.000000,-0.370871,,-0.018284,0.000000,,,,0.017160,0.123366,1.500000,24.920378,31.622928,0.000000,circle,预设轨迹15,forward
1775478723.919518,22.485262,1775478750.612545|完整运动,完整运动,circle_orbit,1,1.000000,1.500000,1.500000,,,,,,,,,,,,,,,,1.111069,-0.017790,1.164001,-0.008332,0.000000,0.000000,-0.370859,,-0.015570,0.000000,,,,0.016011,0.123464,1.500000,24.943892,31.599414,0.000000,circle,预设轨迹15,forward
1775478723.950338,22.516082,1775478750.612545|完整运动,完整运动,circle_orbit,1,1.000000,1.500000,1.500000,,,,,,,,,,,,,,,,1.112008,-0.016446,1.168341,-0.006372,0.000000,0.000000,-0.370672,,-0.012661,0.000000,,,,0.014790,0.123568,1.500000,24.967205,31.576102,0.000000,circle,预设轨迹15,forward
1775478723.987753,22.553497,1775478750.612545|完整运动,完整运动,circle_orbit,1,1.000000,1.500000,1.500000,,,,,,,,,,,,,,,,1.113080,-0.014995,1.177454,-0.004111,0.000000,0.000000,-0.370286,,-0.006623,0.000000,,,,0.013472,0.123687,1.500000,25.013691,31.529615,0.000000,circle,预设轨迹15,forward
1775478724.013223,22.578968,1775478750.612545|完整运动,完整运动,circle_orbit,1,1.000000,1.500000,1.500000,,,,,,,,,,,,,,,,1.114216,-0.013623,1.182373,-0.003336,0.000000,0.000000,-0.369952,,-0.003458,0.000000,,,,0.012227,0.123814,1.500000,25.037067,31.506239,0.000000,circle,预设轨迹15,forward
1775478724.050380,22.616124,1775478750.612545|完整运动,完整运动,circle_orbit,1,1.000000,1.500000,1.500000,,,,,,,,,,,,,,,,1.115358,-0.011897,1.183851,0.001049,0.000000,0.000000,-0.369074,,0.002859,0.000000,,,,0.010667,0.123940,1.500000,25.084085,31.459222,0.000000,circle,预设轨迹15,forward
1775478724.070781,22.636526,1775478750.612545|完整运动,完整运动,circle_orbit,1,1.000000,1.500000,1.500000,,,,,,,,,,,,,,,,1.116334,-0.010403,1.174902,0.000806,0.000000,0.000000,-0.368466,,0.009160,0.000000,,,,0.009319,0.124049,1.500000,25.130926,31.412381,0.000000,circle,预设轨迹15,forward
1775478724.095980,22.661724,1775478750.612545|完整运动,完整运动,circle_orbit,1,1.000000,1.500000,1.500000,,,,,,,,,,,,,,,,1.117294,-0.009384,1.174902,-0.001742,0.000000,0.000000,-0.368466,,0.009160,0.000000,,,,0.008399,0.124156,1.500000,25.130926,31.412381,0.000000,circle,预设轨迹15,forward
1775478724.129899,22.695643,1775478750.612545|完整运动,完整运动,circle_orbit,1,1.000000,1.500000,1.500000,,,,,,,,,,,,,,,,1.118092,-0.007961,1.165977,0.002711,0.000000,0.000000,-0.367877,,0.015531,0.000000,,,,0.007120,0.124244,1.500000,25.178262,31.365044,0.000000,circle,预设轨迹15,forward
1775478724.167331,22.733075,1775478750.612545|完整运动,完整运动,circle_orbit,1,1.000000,1.500000,1.500000,,,,,,,,,,,,,,,,1.118770,-0.005978,1.159414,0.008897,0.000000,0.000000,-0.366449,,0.020716,0.000000,,,,0.005343,0.124320,1.500000,25.225515,31.317792,0.000000,circle,预设轨迹15,forward
1775478724.195804,22.761549,1775478750.612545|完整运动,完整运动,circle_orbit,1,1.000000,1.500000,1.500000,,,,,,,,,,,,,,,,1.119341,-0.003433,1.153632,0.015650,0.000000,0.000000,-0.364154,,0.025789,0.000000,,,,0.003067,0.124383,1.500000,25.272306,31.271000,0.000000,circle,预设轨迹15,forward
1775478724.216516,22.782260,1775478750.612545|完整运动,完整运动,circle_orbit,1,1.000000,1.500000,1.500000,,,,,,,,,,,,,,,,1.119847,-0.001868,1.150219,0.009872,0.000000,0.000000,-0.363142,,0.028650,0.000000,,,,0.001668,0.124439,1.500000,25.295925,31.247382,0.000000,circle,预设轨迹15,forward
1775478724.240020,22.805764,1775478750.612545|完整运动,完整运动,circle_orbit,1,1.000000,1.500000,1.500000,,,,,,,,,,,,,,,,1.120288,-0.000252,1.146713,0.011863,0.000000,0.000000,-0.362011,,0.031646,0.000000,,,,0.000225,0.124488,1.500000,25.319578,31.223729,0.000000,circle,预设轨迹15,forward
1775478724.272554,22.838298,1775478750.612545|完整运动,完整运动,circle_orbit,1,1.000000,1.500000,1.500000,,,,,,,,,,,,,,,,1.120667,0.001347,1.143436,0.013339,0.000000,0.000000,-0.360851,,0.034504,0.000000,,,,0.001202,0.124530,1.500000,25.343115,31.200192,0.000000,circle,预设轨迹15,forward
1775478724.311551,22.877295,1775478750.612545|完整运动,完整运动,circle_orbit,1,1.000000,1.500000,1.500000,,,,,,,,,,,,,,,,1.120920,0.003341,1.136066,0.018302,0.000000,0.000000,-0.359093,,0.040604,0.000000,,,,0.002981,0.124558,1.500000,25.390122,31.153185,0.000000,circle,预设轨迹15,forward
1775478724.343873,22.909617,1775478750.612545|完整运动,完整运动,circle_orbit,1,1.000000,1.500000,1.500000,,,,,,,,,,,,,,,,1.121045,0.005153,1.128567,0.018738,0.000000,0.000000,-0.357539,,0.046778,0.000000,,,,0.004596,0.124572,1.500000,25.437603,31.105703,0.000000,circle,预设轨迹15,forward
1775478724.379751,22.945495,1775478750.612545|完整运动,完整运动,circle_orbit,1,1.000000,1.500000,1.500000,,,,,,,,,,,,,,,,1.121115,0.006534,1.125338,0.016893,0.000000,0.000000,-0.356538,,0.049607,0.000000,,,,0.005828,0.124580,1.500000,25.461593,31.081713,0.000000,circle,预设轨迹15,forward
1775478724.414375,22.980119,1775478750.612545|完整运动,完整运动,circle_orbit,1,1.000000,1.500000,1.500000,,,,,,,,,,,,,,,,1.121042,0.010280,1.116616,0.038372,0.000000,0.000000,-0.352166,,0.058057,0.000000,,,,0.009170,0.124572,1.500000,25.532779,31.010528,0.000000,circle,预设轨迹15,forward
1775478724.447444,23.013188,1775478750.612545|完整运动,完整运动,circle_orbit,1,1.000000,1.500000,1.500000,,,,,,,,,,,,,,,,1.120926,0.012069,1.114001,0.025490,0.000000,0.000000,-0.350413,,0.060807,0.000000,,,,0.010767,0.124559,1.500000,25.556390,30.986916,0.000000,circle,预设轨迹15,forward
1775478724.486874,23.052618,1775478750.612545|完整运动,完整运动,circle_orbit,1,1.000000,1.500000,1.500000,,,,,,,,,,,,,,,,1.120711,0.015124,1.107823,0.038036,0.000000,0.000000,-0.346827,,0.067095,0.000000,,,,0.013495,0.124535,1.500000,25.604172,30.939135,0.000000,circle,预设轨迹15,forward
1775478724.522395,23.088139,1775478750.612545|完整运动,完整运动,circle_orbit,1,1.000000,1.500000,1.500000,,,,,,,,,,,,,,,,1.120421,0.017974,1.103002,0.039346,0.000000,0.000000,-0.343426,,0.072305,0.000000,,,,0.016042,0.124503,1.500000,25.651363,30.891943,0.000000,circle,预设轨迹15,forward
1775478724.551897,23.117641,1775478750.612545|完整运动,完整运动,circle_orbit,1,1.000000,1.500000,1.500000,,,,,,,,,,,,,,,,1.120084,0.019453,1.099857,0.030548,0.000000,0.000000,-0.341873,,0.075426,0.000000,,,,0.017367,0.124466,1.500000,25.674992,30.868315,0.000000,circle,预设轨迹15,forward
1775478724.574436,23.140181,1775478750.612545|完整运动,完整运动,circle_orbit,1,1.000000,1.500000,1.500000,,,,,,,,,,,,,,,,1.119663,0.022013,1.094372,0.041216,0.000000,0.000000,-0.338772,,0.081076,0.000000,,,,0.019661,0.124419,1.500000,25.722075,30.821232,0.000000,circle,预设轨迹15,forward
1775478724.595855,23.161599,1775478750.612545|完整运动,完整运动,circle_orbit,1,1.000000,1.500000,1.500000,,,,,,,,,,,,,,,,1.119214,0.023647,1.092272,0.035899,0.000000,0.000000,-0.336904,,0.083553,0.000000,,,,0.021128,0.124369,1.500000,25.745489,30.797818,0.000000,circle,预设轨迹15,forward
1775478724.628726,23.194470,1775478750.612545|完整运动,完整运动,circle_orbit,1,1.000000,1.500000,1.500000,,,,,,,,,,,,,,,,1.118757,0.025549,1.091375,0.039817,0.000000,0.000000,-0.334620,,0.085274,0.000000,,,,0.022837,0.124318,1.500000,25.768790,30.774517,0.000000,circle,预设轨迹15,forward
1775478724.663901,23.229645,1775478750.612545|完整运动,完整运动,circle_orbit,1,1.000000,1.500000,1.500000,,,,,,,,,,,,,,,,1.118259,0.029505,1.088400,0.059171,0.000000,0.000000,-0.329382,,0.089950,0.000000,,,,0.026385,0.124263,1.500000,25.815535,30.727772,0.000000,circle,预设轨迹15,forward
1775478724.691959,23.257703,1775478750.612545|完整运动,完整运动,circle_orbit,1,1.000000,1.500000,1.500000,,,,,,,,,,,,,,,,1.117742,0.031610,1.086712,0.047399,0.000000,0.000000,-0.326617,,0.092518,0.000000,,,,0.028280,0.124205,1.500000,25.839058,30.704248,0.000000,circle,预设轨迹15,forward
1775478724.712690,23.278434,1775478750.612545|完整运动,完整运动,circle_orbit,1,1.000000,1.500000,1.500000,,,,,,,,,,,,,,,,1.117187,0.035548,1.083872,0.065083,0.000000,0.000000,-0.321206,,0.097182,0.000000,,,,0.031819,0.124144,1.500000,25.885507,30.657799,0.000000,circle,预设轨迹15,forward
1775478724.736423,23.302167,1775478750.612545|完整运动,完整运动,circle_orbit,1,1.000000,1.500000,1.500000,,,,,,,,,,,,,,,,1.116641,0.035567,1.083872,0.035708,0.000000,0.000000,-0.321206,,0.097182,0.000000,,,,0.031852,0.124083,1.500000,25.885507,30.657799,0.000000,circle,预设轨迹15,forward
1775478724.759347,23.325091,1775478750.612545|完整运动,完整运动,circle_orbit,1,1.000000,1.500000,1.500000,,,,,,,,,,,,,,,,1.116031,0.039026,1.079440,0.064971,0.000000,0.000000,-0.316400,,0.102871,0.000000,,,,0.034969,0.124015,1.500000,25.931864,30.611442,0.000000,circle,预设轨迹15,forward
1775478724.779781,23.345525,1775478750.612545|完整运动,完整运动,circle_orbit,1,1.000000,1.500000,1.500000,,,,,,,,,,,,,,,,1.115394,0.040559,1.077155,0.052059,0.000000,0.000000,-0.314209,,0.105686,0.000000,,,,0.036363,0.123944,1.500000,25.955453,30.587853,0.000000,circle,预设轨迹15,forward
1775478724.811457,23.377201,1775478750.612545|完整运动,完整运动,circle_orbit,1,1.000000,1.500000,1.500000,,,,,,,,,,,,,,,,1.114724,0.043916,1.074546,0.069086,0.000000,0.000000,-0.309420,,0.109929,0.000000,,,,0.039396,0.123870,1.500000,26.002705,30.540601,0.000000,circle,预设轨迹15,forward
1775478724.846337,23.412081,1775478750.612545|完整运动,完整运动,circle_orbit,1,1.000000,1.500000,1.500000,,,,,,,,,,,,,,,,1.114055,0.045877,1.073924,0.060590,0.000000,0.000000,-0.306496,,0.111734,0.000000,,,,0.041180,0.123796,1.500000,26.025933,30.517374,0.000000,circle,预设轨迹15,forward
1775478724.881728,23.447472,1775478750.612545|完整运动,完整运动,circle_orbit,1,1.000000,1.500000,1.500000,,,,,,,,,,,,,,,,1.113379,0.047879,1.072786,0.062888,0.000000,0.000000,-0.303481,,0.114000,0.000000,,,,0.043003,0.123720,1.500000,26.049089,30.494218,0.000000,circle,预设轨迹15,forward
1775478724.911077,23.476821,1775478750.612545|完整运动,完整运动,circle_orbit,1,1.000000,1.500000,1.500000,,,,,,,,,,,,,,,,1.112662,0.051885,1.069667,0.081933,0.000000,0.000000,-0.297590,,0.119166,0.000000,,,,0.046631,0.123641,1.500000,26.095896,30.447411,0.000000,circle,预设轨迹15,forward
1775478724.932168,23.497912,1775478750.612545|完整运动,完整运动,circle_orbit,1,1.000000,1.500000,1.500000,,,,,,,,,,,,,,,,1.111923,0.055893,1.067578,0.085949,0.000000,0.000000,-0.291560,,0.123562,0.000000,,,,0.050267,0.123559,1.500000,26.143381,30.399926,0.000000,circle,预设轨迹15,forward
1775478724.953025,23.518770,1775478750.612545|完整运动,完整运动,circle_orbit,1,1.000000,1.500000,1.500000,,,,,,,,,,,,,,,,1.111177,0.057689,1.066409,0.071166,0.000000,0.000000,-0.288531,,0.125871,0.000000,,,,0.051917,0.123476,1.500000,26.166931,30.376376,0.000000,circle,预设轨迹15,forward
1775478724.975025,23.540769,1775478750.612545|完整运动,完整运动,circle_orbit,1,1.000000,1.500000,1.500000,,,,,,,,,,,,,,,,1.110413,0.059433,1.064587,0.072512,0.000000,0.000000,-0.285563,,0.128694,0.000000,,,,0.053524,0.123391,1.500000,26.190327,30.352980,0.000000,circle,预设轨迹15,forward
1775478724.995414,23.561158,1775478750.612545|完整运动,完整运动,circle_orbit,1,1.000000,1.500000,1.500000,,,,,,,,,,,,,,,,1.109648,0.061294,1.063745,0.075252,0.000000,0.000000,-0.282414,,0.130791,0.000000,,,,0.055237,0.123306,1.500000,26.213872,30.329435,0.000000,circle,预设轨迹15,forward
1775478725.025872,23.591616,1775478750.612545|完整运动,完整运动,circle_orbit,1,1.000000,1.500000,1.500000,,,,,,,,,,,,,,,,1.108894,0.063248,1.063645,0.077897,0.000000,0.000000,-0.279108,,0.132343,0.000000,,,,0.057037,0.123222,1.500000,26.237182,30.306124,0.000000,circle,预设轨迹15,forward
1775478725.065251,23.630996,1775478750.612545|完整运动,完整运动,circle_orbit,1,1.000000,1.500000,1.500000,,,,,,,,,,,,,,,,1.108146,0.065263,1.063240,0.080377,0.000000,0.000000,-0.275685,,0.134201,0.000000,,,,0.058894,0.123139,1.500000,26.260491,30.282815,0.000000,circle,预设轨迹15,forward
1775478725.091182,23.656926,1775478750.612545|完整运动,完整运动,circle_orbit,1,1.000000,1.500000,1.500000,,,,,,,,,,,,,,,,1.107398,0.069974,1.062553,0.105308,0.000000,0.000000,-0.268404,,0.138007,0.000000,,,,0.063188,0.123056,1.500000,26.306722,30.236585,0.000000,circle,预设轨迹15,forward
1775478725.118588,23.684332,1775478750.612545|完整运动,完整运动,circle_orbit,1,1.000000,1.500000,1.500000,,,,,,,,,,,,,,,,1.106652,0.074848,1.061908,0.111399,0.000000,0.000000,-0.260722,,0.141957,0.000000,,,,0.067634,0.122973,1.500000,26.352816,30.190491,0.000000,circle,预设轨迹15,forward
1775478725.138951,23.704695,1775478750.612545|完整运动,完整运动,circle_orbit,1,1.000000,1.500000,1.500000,,,,,,,,,,,,,,,,1.105915,0.076929,1.061698,0.092536,0.000000,0.000000,-0.256828,,0.143862,0.000000,,,,0.069561,0.122891,1.500000,26.375733,30.167574,0.000000,circle,预设轨迹15,forward
1775478725.170343,23.736087,1775478750.612545|完整运动,完整运动,circle_orbit,1,1.000000,1.500000,1.500000,,,,,,,,,,,,,,,,1.105180,0.078747,1.061031,0.092381,0.000000,0.000000,-0.253287,,0.145992,0.000000,,,,0.071252,0.122809,1.500000,26.398591,30.144716,0.000000,circle,预设轨迹15,forward
1775478725.204299,23.770043,1775478750.612545|完整运动,完整运动,circle_orbit,1,1.000000,1.500000,1.500000,,,,,,,,,,,,,,,,1.104440,0.080402,1.060077,0.092821,0.000000,0.000000,-0.249968,,0.148263,0.000000,,,,0.072799,0.122727,1.500000,26.421372,30.121935,0.000000,circle,预设轨迹15,forward
1775478725.228951,23.794695,1775478750.612545|完整运动,完整运动,circle_orbit,1,1.000000,1.500000,1.500000,,,,,,,,,,,,,,,,1.103687,0.084178,1.058497,0.112493,0.000000,0.000000,-0.243644,,0.152394,0.000000,,,,0.076270,0.122644,1.500000,26.466948,30.076358,0.000000,circle,预设轨迹15,forward
1775478725.250202,23.815946,1775478750.612545|完整运动,完整运动,circle_orbit,1,1.000000,1.500000,1.500000,,,,,,,,,,,,,,,,1.102926,0.088207,1.057248,0.118424,0.000000,0.000000,-0.236849,,0.156460,0.000000,,,,0.079975,0.122559,1.500000,26.512759,30.030548,0.000000,circle,预设轨迹15,forward
1775478725.273284,23.839028,1775478750.612545|完整运动,完整运动,circle_orbit,1,1.000000,1.500000,1.500000,,,,,,,,,,,,,,,,1.102180,0.089923,1.057406,0.102794,0.000000,0.000000,-0.233211,,0.157945,0.000000,,,,0.081586,0.122476,1.500000,26.535496,30.007810,0.000000,circle,预设轨迹15,forward
1775478725.309027,23.874771,1775478750.612545|完整运动,完整运动,circle_orbit,1,1.000000,1.500000,1.500000,,,,,,,,,,,,,,,,1.101444,0.091669,1.057297,0.104767,0.000000,0.000000,-0.229529,,0.159673,0.000000,,,,0.083226,0.122394,1.500000,26.557991,29.985315,0.000000,circle,预设轨迹15,forward
1775478725.345046,23.910790,1775478750.612545|完整运动,完整运动,circle_orbit,1,1.000000,1.500000,1.500000,,,,,,,,,,,,,,,,1.100740,0.096427,1.058497,0.132112,0.000000,0.000000,-0.221569,,0.162205,0.000000,,,,0.087602,0.122316,1.500000,26.602885,29.940421,0.000000,circle,预设轨迹15,forward
1775478725.374789,23.940533,1775478750.612545|完整运动,完整运动,circle_orbit,1,1.000000,1.500000,1.500000,,,,,,,,,,,,,,,,1.100048,0.098479,1.058557,0.113869,0.000000,0.000000,-0.217287,,0.164058,0.000000,,,,0.089523,0.122239,1.500000,26.625705,29.917602,0.000000,circle,预设轨迹15,forward
1775478725.416438,23.982182,1775478750.612545|完整运动,完整运动,circle_orbit,1,1.000000,1.500000,1.500000,,,,,,,,,,,,,,,,1.099385,0.104995,1.059592,0.153869,0.000000,0.000000,-0.204635,,0.168817,0.000000,,,,0.095504,0.122165,1.500000,26.694553,29.848753,0.000000,circle,预设轨迹15,forward
1775478725.453317,24.019061,1775478750.612545|完整运动,完整运动,circle_orbit,1,1.000000,1.500000,1.500000,,,,,,,,,,,,,,,,1.098744,0.106893,1.060312,0.121124,0.000000,0.000000,-0.200473,,0.170067,0.000000,,,,0.097286,0.122094,1.500000,26.717494,29.825813,0.000000,circle,预设轨迹15,forward
1775478725.505454,24.071198,1775478750.612545|完整运动,完整运动,circle_orbit,1,1.000000,1.500000,1.500000,,,,,,,,,,,,,,,,1.098137,0.111706,1.061702,0.147804,0.000000,0.000000,-0.192161,,0.172603,0.000000,,,,0.101723,0.122027,1.500000,26.763327,29.779979,0.000000,circle,预设轨迹15,forward
1775478725.545272,24.111016,1775478750.612545|完整运动,完整运动,circle_orbit,1,1.000000,1.500000,1.500000,,,,,,,,,,,,,,,,1.097615,0.120659,1.066257,0.187804,0.000000,0.000000,-0.174887,,0.176509,0.000000,,,,0.109928,0.121969,1.500000,26.854259,29.689048,0.000000,circle,预设轨迹15,forward
1775478725.567952,24.133696,1775478750.612545|完整运动,完整运动,circle_orbit,1,1.000000,1.500000,1.500000,,,,,,,,,,,,,,,,1.097100,0.123852,1.066257,0.147804,0.000000,0.000000,-0.174887,,0.176509,0.000000,,,,0.112891,0.121912,1.500000,26.854259,29.689048,0.000000,circle,预设轨迹15,forward
1775478725.591480,24.157225,1775478750.612545|完整运动,完整运动,circle_orbit,1,1.000000,1.500000,1.500000,,,,,,,,,,,,,,,,1.096636,0.128183,1.068784,0.160659,0.000000,0.000000,-0.166366,,0.178218,0.000000,,,,0.116887,0.121860,1.500000,26.899039,29.644268,0.000000,circle,预设轨迹15,forward
1775478725.625865,24.191609,1775478750.612545|完整运动,完整运动,circle_orbit,1,1.000000,1.500000,1.500000,,,,,,,,,,,,,,,,1.096199,0.129264,1.069983,0.137371,0.000000,0.000000,-0.162369,,0.179012,0.000000,,,,0.117920,0.121811,1.500000,26.921121,29.622185,0.000000,circle,预设轨迹15,forward
1775478725.653833,24.219577,1775478750.612545|完整运动,完整运动,circle_orbit,1,1.000000,1.500000,1.500000,,,,,,,,,,,,,,,,1.095790,0.130339,1.071200,0.138408,0.000000,0.000000,-0.158463,,0.179752,0.000000,,,,0.118946,0.121766,1.500000,26.943126,29.600181,0.000000,circle,预设轨迹15,forward
1775478725.676112,24.241856,1775478750.612545|完整运动,完整运动,circle_orbit,1,1.000000,1.500000,1.500000,,,,,,,,,,,,,,,,1.095439,0.134408,1.074394,0.164919,0.000000,0.000000,-0.150384,,0.180742,0.000000,,,,0.122697,0.121727,1.500000,26.987478,29.555829,0.000000,circle,预设轨迹15,forward
1775478725.698314,24.264058,1775478750.612545|完整运动,完整运动,circle_orbit,1,1.000000,1.500000,1.500000,,,,,,,,,,,,,,,,1.095125,0.135749,1.076278,0.145814,0.000000,0.000000,-0.146083,,0.181125,0.000000,,,,0.123958,0.121692,1.500000,27.009777,29.533530,0.000000,circle,预设轨迹15,forward
1775478725.729170,24.294914,1775478750.612545|完整运动,完整运动,circle_orbit,1,1.000000,1.500000,1.500000,,,,,,,,,,,,,,,,1.094863,0.137417,1.079176,0.149924,0.000000,0.000000,-0.141372,,0.180880,0.000000,,,,0.125511,0.121663,1.500000,27.031876,29.511431,0.000000,circle,预设轨迹15,forward
1775478725.750234,24.315979,1775478750.612545|完整运动,完整运动,circle_orbit,1,1.000000,1.500000,1.500000,,,,,,,,,,,,,,,,1.094696,0.142568,1.084637,0.181202,0.000000,0.000000,-0.131742,,0.180787,0.000000,,,,0.130236,0.121644,1.500000,27.075652,29.467654,0.000000,circle,预设轨迹15,forward
1775478725.777461,24.343205,1775478750.612545|完整运动,完整运动,circle_orbit,1,1.000000,1.500000,1.500000,,,,,,,,,,,,,,,,1.094531,0.142408,1.084637,0.141202,0.000000,0.000000,-0.131742,,0.180787,0.000000,,,,0.130108,0.121626,1.500000,27.075652,29.467654,0.000000,circle,预设轨迹15,forward
1775478725.812175,24.377919,1775478750.612545|完整运动,完整运动,circle_orbit,1,1.000000,1.500000,1.500000,,,,,,,,,,,,,,,,1.094435,0.146972,1.088705,0.181202,0.000000,0.000000,-0.122605,,0.181619,0.000000,,,,0.134290,0.121615,1.500000,27.119324,29.423983,0.000000,circle,预设轨迹15,forward
1775478725.847928,24.413672,1775478750.612545|完整运动,完整运动,circle_orbit,1,1.000000,1.500000,1.500000,,,,,,,,,,,,,,,,1.094414,0.151249,1.093147,0.183331,0.000000,0.000000,-0.113902,,0.181988,0.000000,,,,0.138201,0.121613,1.500000,27.163477,29.379829,0.000000,circle,预设轨迹15,forward
1775478725.885375,24.451119,1775478750.612545|完整运动,完整运动,circle_orbit,1,1.000000,1.500000,1.500000,,,,,,,,,,,,,,,,1.094478,0.155410,1.098323,0.186616,0.000000,0.000000,-0.105264,,0.181786,0.000000,,,,0.141995,0.121620,1.500000,27.207414,29.335892,0.000000,circle,预设轨迹15,forward
1775478725.913302,24.479046,1775478750.612545|完整运动,完整运动,circle_orbit,1,1.000000,1.500000,1.500000,,,,,,,,,,,,,,,,1.094588,0.156512,1.101196,0.164778,0.000000,0.000000,-0.100879,,0.181508,0.000000,,,,0.142987,0.121632,1.500000,27.229236,29.314071,0.000000,circle,预设轨迹15,forward
1775478725.942430,24.508174,1775478750.612545|完整运动,完整运动,circle_orbit,1,1.000000,1.500000,1.500000,,,,,,,,,,,,,,,,1.094793,0.160763,1.107073,0.192644,0.000000,0.000000,-0.092095,,0.180893,0.000000,,,,0.146843,0.121655,1.500000,27.273314,29.269993,0.000000,circle,预设轨迹15,forward
1775478725.964494,24.530238,1775478750.612545|完整运动,完整运动,circle_orbit,1,1.000000,1.500000,1.500000,,,,,,,,,,,,,,,,1.095100,0.164761,1.113520,0.194746,0.000000,0.000000,-0.083566,,0.179781,0.000000,,,,0.150453,0.121689,1.500000,27.316636,29.226671,0.000000,circle,预设轨迹15,forward
1775478725.994455,24.560199,1775478750.612545|完整运动,完整运动,circle_orbit,1,1.000000,1.500000,1.500000,,,,,,,,,,,,,,,,1.095457,0.165723,1.116894,0.172941,0.000000,0.000000,-0.079263,,0.179150,0.000000,,,,0.151282,0.121729,1.500000,27.338315,29.204992,0.000000,circle,预设轨迹15,forward
1775478726.028202,24.593946,1775478750.612545|完整运动,完整运动,circle_orbit,1,1.000000,1.500000,1.500000,,,,,,,,,,,,,,,,1.095864,0.166786,1.120282,0.174753,0.000000,0.000000,-0.074898,,0.178552,0.000000,,,,0.152196,0.121774,1.500000,27.360090,29.183217,0.000000,circle,预设轨迹15,forward
1775478726.055416,24.621160,1775478750.612545|完整运动,完整运动,circle_orbit,1,1.000000,1.500000,1.500000,,,,,,,,,,,,,,,,1.096323,0.167891,1.123854,0.176185,0.000000,0.000000,-0.070536,,0.177830,0.000000,,,,0.153140,0.121825,1.500000,27.381978,29.161329,0.000000,circle,预设轨迹15,forward
1775478726.080483,24.646227,1775478750.612545|完整运动,完整运动,circle_orbit,1,1.000000,1.500000,1.500000,,,,,,,,,,,,,,,,1.096922,0.172220,1.132850,0.204688,0.000000,0.000000,-0.061645,,0.175158,0.000000,,,,0.157003,0.121892,1.500000,27.425415,29.117892,0.000000,circle,预设轨迹15,forward
1775478726.102129,24.667873,1775478750.612545|完整运动,完整运动,circle_orbit,1,1.000000,1.500000,1.500000,,,,,,,,,,,,,,,,1.097598,0.173537,1.138151,0.183414,0.000000,0.000000,-0.056908,,0.173410,0.000000,,,,0.158106,0.121967,1.500000,27.446995,29.096312,0.000000,circle,预设轨迹15,forward
1775478726.136221,24.701965,1775478750.612545|完整运动,完整运动,circle_orbit,1,1.000000,1.500000,1.500000,,,,,,,,,,,,,,,,1.098346,0.174976,1.143217,0.185768,0.000000,0.000000,-0.052040,,0.171923,0.000000,,,,0.159309,0.122050,1.500000,27.468761,29.074546,0.000000,circle,预设轨迹15,forward
1775478726.169474,24.735219,1775478750.612545|完整运动,完整运动,circle_orbit,1,1.000000,1.500000,1.500000,,,,,,,,,,,,,,,,1.099247,0.179885,1.153346,0.216703,0.000000,0.000000,-0.042269,,0.169064,0.000000,,,,0.163644,0.122150,1.500000,27.512544,29.030762,0.000000,circle,预设轨迹15,forward
1775478726.205287,24.771031,1775478750.612545|完整运动,完整运动,circle_orbit,1,1.000000,1.500000,1.500000,,,,,,,,,,,,,,,,1.100319,0.184671,1.164643,0.220566,0.000000,0.000000,-0.032506,,0.165519,0.000000,,,,0.167834,0.122269,1.500000,27.555916,28.987390,0.000000,circle,预设轨迹15,forward
1775478726.227013,24.792757,1775478750.612545|完整运动,完整运动,circle_orbit,1,1.000000,1.500000,1.500000,,,,,,,,,,,,,,,,1.101536,0.189005,1.174512,0.221511,0.000000,0.000000,-0.023237,,0.162875,0.000000,,,,0.171584,0.122404,1.500000,27.599360,28.943947,0.000000,circle,预设轨迹15,forward
1775478726.247501,24.813245,1775478750.612545|完整运动,完整运动,circle_orbit,1,1.000000,1.500000,1.500000,,,,,,,,,,,,,,,,1.102818,0.189850,1.179780,0.196188,0.000000,0.000000,-0.018812,,0.161278,0.000000,,,,0.172150,0.122547,1.500000,27.621167,28.922139,0.000000,circle,预设轨迹15,forward
1775478726.273968,24.839713,1775478750.612545|完整运动,完整运动,circle_orbit,1,1.000000,1.500000,1.500000,,,,,,,,,,,,,,,,1.104080,0.187640,1.179780,0.171058,0.000000,0.000000,-0.018812,,0.161278,0.000000,,,,0.169951,0.122687,1.500000,27.621167,28.922139,0.000000,circle,预设轨迹15,forward
1775478726.310929,24.876673,1775478750.612545|完整运动,完整运动,circle_orbit,1,1.000000,1.500000,1.500000,,,,,,,,,,,,,,,,1.105496,0.190395,1.190494,0.211058,0.000000,0.000000,-0.010325,,0.157899,0.000000,,,,0.172226,0.122845,1.500000,27.664734,28.878572,0.000000,circle,预设轨迹15,forward
1775478726.346644,24.912388,1775478750.612545|完整运动,完整运动,circle_orbit,1,1.000000,1.500000,1.500000,,,,,,,,,,,,,,,,1.107054,0.193930,1.200490,0.220446,0.000000,0.000000,-0.002470,,0.154833,0.000000,,,,0.175177,0.123018,1.500000,27.708112,28.835195,0.000000,circle,预设轨迹15,forward
1775478726.383685,24.949429,1775478750.612545|完整运动,完整运动,circle_orbit,1,1.000000,1.500000,1.500000,,,,,,,,,,,,,,,,1.108664,0.194634,1.205277,0.199912,0.000000,0.000000,0.001465,,0.152178,0.000000,,,,0.175557,0.123197,1.500000,27.729840,28.813467,0.000000,circle,预设轨迹15,forward
1775478726.417656,24.983400,1775478750.612545|完整运动,完整运动,circle_orbit,1,1.000000,1.500000,1.500000,,,,,,,,,,,,,,,,1.110257,0.198232,1.205840,0.225216,0.000000,0.000000,0.009463,,0.148260,0.000000,,,,0.178546,0.123374,1.500000,27.773654,28.769652,0.000000,circle,预设轨迹15,forward
1775478726.444927,25.010672,1775478750.612545|完整运动,完整运动,circle_orbit,1,1.000000,1.500000,1.500000,,,,,,,,,,,,,,,,1.111856,0.204722,1.207793,0.253399,0.000000,0.000000,0.021693,,0.141567,0.000000,,,,0.184126,0.123551,1.500000,27.839790,28.703517,0.000000,circle,预设轨迹15,forward
1775478726.482593,25.048337,1775478750.612545|完整运动,完整运动,circle_orbit,1,1.000000,1.500000,1.500000,,,,,,,,,,,,,,,,1.113429,0.205743,1.207793,0.213399,0.000000,0.000000,0.021693,,0.141567,0.000000,,,,0.184783,0.123726,1.500000,27.839790,28.703517,0.000000,circle,预设轨迹15,forward
1775478726.516326,25.082070,1775478750.612545|完整运动,完整运动,circle_orbit,1,1.000000,1.500000,1.500000,,,,,,,,,,,,,,,,1.114988,0.209109,1.208528,0.234351,0.000000,0.000000,0.030064,,0.137374,0.000000,,,,0.187543,0.123899,1.500000,27.883792,28.659515,0.000000,circle,预设轨迹15,forward
1775478726.537677,25.103421,1775478750.612545|完整运动,完整运动,circle_orbit,1,1.000000,1.500000,1.500000,,,,,,,,,,,,,,,,1.116545,0.212445,1.209957,0.237466,0.000000,0.000000,0.038447,,0.132732,0.000000,,,,0.190270,0.124072,1.500000,27.927867,28.615439,0.000000,circle,预设轨迹15,forward
1775478726.559642,25.125386,1775478750.612545|完整运动,完整运动,circle_orbit,1,1.000000,1.500000,1.500000,,,,,,,,,,,,,,,,1.118088,0.212748,1.210673,0.215021,0.000000,0.000000,0.042566,,0.130443,0.000000,,,,0.190278,0.124244,1.500000,27.949781,28.593525,0.000000,circle,预设轨迹15,forward
1775478726.590342,25.156086,1775478750.612545|完整运动,完整运动,circle_orbit,1,1.000000,1.500000,1.500000,,,,,,,,,,,,,,,,1.119622,0.213041,1.211699,0.215236,0.000000,0.000000,0.046552,,0.128015,0.000000,,,,0.190279,0.124414,1.500000,27.971531,28.571775,0.000000,circle,预设轨迹15,forward
1775478726.625298,25.191042,1775478750.612545|完整运动,完整运动,circle_orbit,1,1.000000,1.500000,1.500000,,,,,,,,,,,,,,,,1.121165,0.215940,1.213753,0.237683,0.000000,0.000000,0.054142,,0.123333,0.000000,,,,0.192603,0.124586,1.500000,28.014840,28.528466,0.000000,circle,预设轨迹15,forward
1775478726.660671,25.226415,1775478750.612545|完整运动,完整运动,circle_orbit,1,1.000000,1.500000,1.500000,,,,,,,,,,,,,,,,1.122697,0.215945,1.214619,0.215989,0.000000,0.000000,0.057659,,0.121218,0.000000,,,,0.192345,0.124756,1.500000,28.036638,28.506669,0.000000,circle,预设轨迹15,forward
1775478726.689846,25.255590,1775478750.612545|完整运动,完整运动,circle_orbit,1,1.000000,1.500000,1.500000,,,,,,,,,,,,,,,,1.124254,0.218253,1.217626,0.235557,0.000000,0.000000,0.064340,,0.116342,0.000000,,,,0.194131,0.124929,1.500000,28.080409,28.462898,0.000000,circle,预设轨迹15,forward
1775478726.714610,25.280354,1775478750.612545|完整运动,完整运动,circle_orbit,1,1.000000,1.500000,1.500000,,,,,,,,,,,,,,,,1.125849,0.220396,1.221597,0.236472,0.000000,0.000000,0.070817,,0.110960,0.000000,,,,0.195760,0.125106,1.500000,28.124473,28.418833,0.000000,circle,预设轨迹15,forward
1775478726.735326,25.301070,1775478750.612545|完整运动,完整运动,circle_orbit,1,1.000000,1.500000,1.500000,,,,,,,,,,,,,,,,1.127460,0.220256,1.224089,0.219204,0.000000,0.000000,0.074060,,0.107957,0.000000,,,,0.195356,0.125285,1.500000,28.146562,28.396744,0.000000,circle,预设轨迹15,forward
1775478726.769963,25.335707,1775478750.612545|完整运动,完整运动,circle_orbit,1,1.000000,1.500000,1.500000,,,,,,,,,,,,,,,,1.129073,0.220124,1.225850,0.219138,0.000000,0.000000,0.077203,,0.105460,0.000000,,,,0.194960,0.125464,1.500000,28.168674,28.374632,0.000000,circle,预设轨迹15,forward
1775478726.801322,25.367067,1775478750.612545|完整运动,完整运动,circle_orbit,1,1.000000,1.500000,1.500000,,,,,,,,,,,,,,,,1.130697,0.220093,1.228154,0.219857,0.000000,0.000000,0.080385,,0.102610,0.000000,,,,0.194652,0.125645,1.500000,28.190604,28.352702,0.000000,circle,预设轨迹15,forward
1775478726.834650,25.400394,1775478750.612545|完整运动,完整运动,circle_orbit,1,1.000000,1.500000,1.500000,,,,,,,,,,,,,,,,1.132396,0.224771,1.234306,0.259857,0.000000,0.000000,0.090216,,0.094436,0.000000,,,,0.198492,0.125834,1.500000,28.257270,28.286037,0.000000,circle,预设轨迹15,forward
1775478726.870874,25.436618,1775478750.612545|完整运动,完整运动,circle_orbit,1,1.000000,1.500000,1.500000,,,,,,,,,,,,,,,,1.134104,0.224780,1.236614,0.224851,0.000000,0.000000,0.093554,,0.091535,0.000000,,,,0.198201,0.126024,1.500000,28.279450,28.263857,0.000000,circle,预设轨迹15,forward
1775478726.901289,25.467033,1775478750.612545|完整运动,完整运动,circle_orbit,1,1.000000,1.500000,1.500000,,,,,,,,,,,,,,,,1.135846,0.226766,1.240355,0.241660,0.000000,0.000000,0.099619,,0.086553,0.000000,,,,0.199645,0.126217,1.500000,28.323704,28.219602,0.000000,circle,预设轨迹15,forward
1775478726.921942,25.487686,1775478750.612545|完整运动,完整运动,circle_orbit,1,1.000000,1.500000,1.500000,,,,,,,,,,,,,,,,1.137600,0.226405,1.242855,0.223697,0.000000,0.000000,0.102371,,0.083810,0.000000,,,,0.199020,0.126412,1.500000,28.345841,28.197466,0.000000,circle,预设轨迹15,forward
1775478726.945542,25.511286,1775478750.612545|完整运动,完整运动,circle_orbit,1,1.000000,1.500000,1.500000,,,,,,,,,,,,,,,,1.139366,0.226020,1.245323,0.223135,0.000000,0.000000,0.104984,,0.081153,0.000000,,,,0.198374,0.126608,1.500000,28.368132,28.175174,0.000000,circle,预设轨迹15,forward
1775478726.983464,25.549208,1775478750.612545|完整运动,完整运动,circle_orbit,1,1.000000,1.500000,1.500000,,,,,,,,,,,,,,,,1.141207,0.227553,1.251685,0.239044,0.000000,0.000000,0.110236,,0.074992,0.000000,,,,0.199396,0.126813,1.500000,28.413053,28.130253,0.000000,circle,预设轨迹15,forward
1775478727.015217,25.580961,1775478750.612545|完整运动,完整运动,circle_orbit,1,1.000000,1.500000,1.500000,,,,,,,,,,,,,,,,1.143076,0.227221,1.255188,0.224734,0.000000,0.000000,0.112851,,0.071739,0.000000,,,,0.198780,0.127020,1.500000,28.435503,28.107804,0.000000,circle,预设轨迹15,forward
1775478727.035793,25.601537,1775478750.612545|完整运动,完整运动,circle_orbit,1,1.000000,1.500000,1.500000,,,,,,,,,,,,,,,,1.145035,0.228911,1.262556,0.241590,0.000000,0.000000,0.118265,,0.064974,0.000000,,,,0.199917,0.127238,1.500000,28.480318,28.062989,0.000000,circle,预设轨迹15,forward
1775478727.063659,25.629403,1775478750.612545|完整运动,完整运动,circle_orbit,1,1.000000,1.500000,1.500000,,,,,,,,,,,,,,,,1.147021,0.228684,1.266172,0.226978,0.000000,0.000000,0.120981,,0.061646,0.000000,,,,0.199372,0.127459,1.500000,28.502762,28.040544,0.000000,circle,预设轨迹15,forward
1775478727.091192,25.656937,1775478750.612545|完整运动,完整运动,circle_orbit,1,1.000000,1.500000,1.500000,,,,,,,,,,,,,,,,1.149048,0.228522,1.270716,0.227304,0.000000,0.000000,0.123713,,0.057784,0.000000,,,,0.198879,0.127684,1.500000,28.525220,28.018087,0.000000,circle,预设轨迹15,forward
1775478727.114679,25.680423,1775478750.612545|完整运动,完整运动,circle_orbit,1,1.000000,1.500000,1.500000,,,,,,,,,,,,,,,,1.151181,0.229975,1.279167,0.240877,0.000000,0.000000,0.128685,,0.050700,0.000000,,,,0.199773,0.127921,1.500000,28.570412,27.972894,0.000000,circle,预设轨迹15,forward
1775478727.135760,25.701504,1775478750.612545|完整运动,完整运动,circle_orbit,1,1.000000,1.500000,1.500000,,,,,,,,,,,,,,,,1.153353,0.229508,1.283649,0.226007,0.000000,0.000000,0.130951,,0.047134,0.000000,,,,0.198992,0.128162,1.500000,28.593081,27.950226,0.000000,circle,预设轨迹15,forward
1775478727.160149,25.725893,1775478750.612545|完整运动,完整运动,circle_orbit,1,1.000000,1.500000,1.500000,,,,,,,,,,,,,,,,1.155566,0.229057,1.288373,0.225671,0.000000,0.000000,0.133157,,0.043475,0.000000,,,,0.198220,0.128408,1.500000,28.615745,27.927561,0.000000,circle,预设轨迹15,forward
1775478727.181202,25.746946,1775478750.612545|完整运动,完整运动,circle_orbit,1,1.000000,1.500000,1.500000,,,,,,,,,,,,,,,,1.157833,0.228663,1.293812,0.225707,0.000000,0.000000,0.135369,,0.039433,0.000000,,,,0.197492,0.128660,1.500000,28.638265,27.905042,0.000000,circle,预设轨迹15,forward
1775478727.203243,25.768987,1775478750.612545|完整运动,完整运动,circle_orbit,1,1.000000,1.500000,1.500000,,,,,,,,,,,,,,,,1.160142,0.228279,1.298670,0.225403,0.000000,0.000000,0.137528,,0.035763,0.000000,,,,0.196769,0.128917,1.500000,28.660799,27.882507,0.000000,circle,预设轨迹15,forward
1775478727.235211,25.800956,1775478750.612545|完整运动,完整运动,circle_orbit,1,1.000000,1.500000,1.500000,,,,,,,,,,,,,,,,1.162499,0.227919,1.303950,0.225214,0.000000,0.000000,0.139655,,0.031895,0.000000,,,,0.196059,0.129179,1.500000,28.683246,27.860061,0.000000,circle,预设轨迹15,forward
1775478727.272544,25.838288,1775478750.612545|完整运动,完整运动,circle_orbit,1,1.000000,1.500000,1.500000,,,,,,,,,,,,,,,,1.164974,0.228851,1.313486,0.235845,0.000000,0.000000,0.143571,,0.024934,0.000000,,,,0.196443,0.129454,1.500000,28.728496,27.814811,0.000000,circle,预设轨迹15,forward
1775478727.300168,25.865912,1775478750.612545|完整运动,完整运动,circle_orbit,1,1.000000,1.500000,1.500000,,,,,,,,,,,,,,,,1.167549,0.229318,1.322056,0.232819,0.000000,0.000000,0.146847,,0.018851,0.000000,,,,0.196410,0.129740,1.500000,28.773926,27.769380,0.000000,circle,预设轨迹15,forward
1775478727.320501,25.886245,1775478750.612545|完整运动,完整运动,circle_orbit,1,1.000000,1.500000,1.500000,,,,,,,,,,,,,,,,1.170162,0.228538,1.326929,0.222685,0.000000,0.000000,0.148336,,0.015586,0.000000,,,,0.195304,0.130030,1.500000,28.796487,27.746819,0.000000,circle,预设轨迹15,forward
1775478727.345540,25.911284,1775478750.612545|完整运动,完整运动,circle_orbit,1,1.000000,1.500000,1.500000,,,,,,,,,,,,,,,,1.172809,0.227725,1.331618,0.221632,0.000000,0.000000,0.149695,,0.012493,0.000000,,,,0.194171,0.130324,1.500000,28.819095,27.724212,0.000000,circle,预设轨迹15,forward
1775478727.379334,25.945078,1775478750.612545|完整运动,完整运动,circle_orbit,1,1.000000,1.500000,1.500000,,,,,,,,,,,,,,,,1.175545,0.227847,1.339720,0.228761,0.000000,0.000000,0.152309,,0.007074,0.000000,,,,0.193822,0.130629,1.500000,28.865147,27.678159,0.000000,circle,预设轨迹15,forward
1775478727.407213,25.972958,1775478750.612545|完整运动,完整运动,circle_orbit,1,1.000000,1.500000,1.500000,,,,,,,,,,,,,,,,1.178326,0.226900,1.345165,0.219794,0.000000,0.000000,0.153378,,0.003766,0.000000,,,,0.192561,0.130938,1.500000,28.888247,27.655060,0.000000,circle,预设轨迹15,forward
1775478727.435986,26.001730,1775478750.612545|完整运动,完整运动,circle_orbit,1,1.000000,1.500000,1.500000,,,,,,,,,,,,,,,,1.181039,0.226837,1.343809,0.226370,0.000000,0.000000,0.155637,,-0.003466,0.000000,,,,0.192066,0.131239,1.500000,28.933926,27.609381,0.000000,circle,预设轨迹15,forward
1775478727.456399,26.022144,1775478750.612545|完整运动,完整运动,circle_orbit,1,1.000000,1.500000,1.500000,,,,,,,,,,,,,,,,1.183595,0.225913,1.336944,0.218977,0.000000,0.000000,0.156639,,-0.006602,0.000000,,,,0.190870,0.131523,1.500000,28.956743,27.586564,0.000000,circle,预设轨迹15,forward
1775478727.485430,26.051174,1775478750.612545|完整运动,完整运动,circle_orbit,1,1.000000,1.500000,1.500000,,,,,,,,,,,,,,,,1.185989,0.224993,1.329680,0.218093,0.000000,0.000000,0.157574,,-0.010018,0.000000,,,,0.189709,0.131789,1.500000,28.979844,27.563463,0.000000,circle,预设轨迹15,forward
1775478727.519995,26.085740,1775478750.612545|完整运动,完整运动,circle_orbit,1,1.000000,1.500000,1.500000,,,,,,,,,,,,,,,,1.188104,0.224405,1.314991,0.219999,0.000000,0.000000,0.158927,,-0.017292,0.000000,,,,0.188877,0.132024,1.500000,29.026407,27.516899,0.000000,circle,预设轨迹15,forward
1775478727.548873,26.114618,1775478750.612545|完整运动,完整运动,circle_orbit,1,1.000000,1.500000,1.500000,,,,,,,,,,,,,,,,1.190061,0.223293,1.307477,0.214955,0.000000,0.000000,0.159488,,-0.021139,0.000000,,,,0.187632,0.132242,1.500000,29.049739,27.493568,0.000000,circle,预设轨迹15,forward
1775478727.570896,26.136640,1775478750.612545|完整运动,完整运动,circle_orbit,1,1.000000,1.500000,1.500000,,,,,,,,,,,,,,,,1.191757,0.222581,1.293519,0.217237,0.000000,0.000000,0.160559,,-0.028401,0.000000,,,,0.186767,0.132430,1.500000,29.096385,27.446922,0.000000,circle,预设轨迹15,forward
1775478727.596813,26.162557,1775478750.612545|完整运动,完整运动,circle_orbit,1,1.000000,1.500000,1.500000,,,,,,,,,,,,,,,,1.193302,0.221519,1.286006,0.213557,0.000000,0.000000,0.161089,,-0.032400,0.000000,,,,0.185635,0.132602,1.500000,29.119825,27.423482,0.000000,circle,预设轨迹15,forward
1775478727.623422,26.189166,1775478750.612545|完整运动,完整运动,circle_orbit,1,1.000000,1.500000,1.500000,,,,,,,,,,,,,,,,1.194716,0.220500,1.279511,0.212855,0.000000,0.000000,0.161615,,-0.035866,0.000000,,,,0.184563,0.132759,1.500000,29.143354,27.399953,0.000000,circle,预设轨迹15,forward
1775478727.644861,26.210605,1775478750.612545|完整运动,完整运动,circle_orbit,1,1.000000,1.500000,1.500000,,,,,,,,,,,,,,,,1.196005,0.219428,1.273376,0.211388,0.000000,0.000000,0.162008,,-0.039221,0.000000,,,,0.183467,0.132902,1.500000,29.167030,27.376277,0.000000,circle,预设轨迹15,forward
1775478727.674565,26.240309,1775478750.612545|完整运动,完整运动,circle_orbit,1,1.000000,1.500000,1.500000,,,,,,,,,,,,,,,,1.197175,0.218396,1.267380,0.210653,0.000000,0.000000,0.162398,,-0.042531,0.000000,,,,0.182426,0.133032,1.500000,29.190574,27.352732,0.000000,circle,预设轨迹15,forward
1775478727.695888,26.261632,1775478750.612545|完整运动,完整运动,circle_orbit,1,1.000000,1.500000,1.500000,,,,,,,,,,,,,,,,1.198121,0.217552,1.254893,0.211226,0.000000,0.000000,0.163019,,-0.049616,0.000000,,,,0.181578,0.133137,1.500000,29.237341,27.305965,0.000000,circle,预设轨迹15,forward
1775478727.724455,26.290199,1775478750.612545|完整运动,完整运动,circle_orbit,1,1.000000,1.500000,1.500000,,,,,,,,,,,,,,,,1.198954,0.216326,1.248916,0.207131,0.000000,0.000000,0.163057,,-0.053174,0.000000,,,,0.180429,0.133230,1.500000,29.260700,27.282606,0.000000,circle,预设轨迹15,forward
1775478727.758933,26.324677,1775478750.612545|完整运动,完整运动,circle_orbit,1,1.000000,1.500000,1.500000,,,,,,,,,,,,,,,,1.199596,0.214852,1.238099,0.203799,0.000000,0.000000,0.162698,,-0.059892,0.000000,,,,0.179104,0.133301,1.500000,29.307946,27.235360,0.000000,circle,预设轨迹15,forward
1775478727.800247,26.365991,1775478750.612545|完整运动,完整运动,circle_orbit,1,1.000000,1.500000,1.500000,,,,,,,,,,,,,,,,1.200141,0.213484,1.232867,0.203224,0.000000,0.000000,0.162420,,-0.063229,0.000000,,,,0.177883,0.133362,1.500000,29.331782,27.211525,0.000000,circle,预设轨迹15,forward
1775478727.832909,26.398653,1775478750.612545|完整运动,完整运动,circle_orbit,1,1.000000,1.500000,1.500000,,,,,,,,,,,,,,,,1.200453,0.211199,1.219136,0.194061,0.000000,0.000000,0.160803,,-0.072512,0.000000,,,,0.175933,0.133396,1.500000,29.403009,27.140298,0.000000,circle,预设轨迹15,forward
1775478727.867976,26.433720,1775478750.612545|完整运动,完整运动,circle_orbit,1,1.000000,1.500000,1.500000,,,,,,,,,,,,,,,,1.200688,0.209484,1.214793,0.196623,0.000000,0.000000,0.159889,,-0.075668,0.000000,,,,0.174470,0.133422,1.500000,29.427131,27.116176,0.000000,circle,预设轨迹15,forward
1775478727.904720,26.470464,1775478750.612545|完整运动,完整运动,circle_orbit,1,1.000000,1.500000,1.500000,,,,,,,,,,,,,,,,1.200845,0.207814,1.210276,0.195284,0.000000,0.000000,0.158968,,-0.078957,0.000000,,,,0.173056,0.133440,1.500000,29.451126,27.092181,0.000000,circle,预设轨迹15,forward
1775478727.925498,26.491242,1775478750.612545|完整运动,完整运动,circle_orbit,1,1.000000,1.500000,1.500000,,,,,,,,,,,,,,,,1.200835,0.205501,1.200223,0.188158,0.000000,0.000000,0.157087,,-0.086282,0.000000,,,,0.171132,0.133439,1.500000,29.498972,27.044335,0.000000,circle,预设轨迹15,forward
1775478727.946681,26.512425,1775478750.612545|完整运动,完整运动,circle_orbit,1,1.000000,1.500000,1.500000,,,,,,,,,,,,,,,,1.200653,0.203384,1.189754,0.187507,0.000000,0.000000,0.155404,,-0.093903,0.000000,,,,0.169395,0.133419,1.500000,29.546698,26.996608,0.000000,circle,预设轨迹15,forward
1775478727.975418,26.541162,1775478750.612545|完整运动,完整运动,circle_orbit,1,1.000000,1.500000,1.500000,,,,,,,,,,,,,,,,1.200474,0.202518,1.189754,0.196018,0.000000,0.000000,0.155404,,-0.093903,0.000000,,,,0.168698,0.133399,1.500000,29.546698,26.996608,0.000000,circle,预设轨迹15,forward
1775478728.006094,26.571838,1775478750.612545|完整运动,完整运动,circle_orbit,1,1.000000,1.500000,1.500000,,,,,,,,,,,,,,,,1.200161,0.200115,1.181372,0.182098,0.000000,0.000000,0.153226,,-0.100462,0.000000,,,,0.166740,0.133364,1.500000,29.594448,26.948859,0.000000,circle,预设轨迹15,forward
1775478728.039171,26.604915,1775478750.612545|完整运动,完整运动,circle_orbit,1,1.000000,1.500000,1.500000,,,,,,,,,,,,,,,,1.199725,0.197399,1.173578,0.177024,0.000000,0.000000,0.150520,,-0.106935,0.000000,,,,0.164537,0.133315,1.500000,29.641776,26.901531,0.000000,circle,预设轨迹15,forward
1775478728.070064,26.635808,1775478750.612545|完整运动,完整运动,circle_orbit,1,1.000000,1.500000,1.500000,,,,,,,,,,,,,,,,1.199233,0.195586,1.169693,0.181993,0.000000,0.000000,0.148994,,-0.110267,0.000000,,,,0.163093,0.133261,1.500000,29.665411,26.877896,0.000000,circle,预设轨迹15,forward
1775478728.095647,26.661391,1775478750.612545|完整运动,完整运动,circle_orbit,1,1.000000,1.500000,1.500000,,,,,,,,,,,,,,,,1.198639,0.192592,1.163012,0.170134,0.000000,0.000000,0.145748,,-0.116314,0.000000,,,,0.160675,0.133195,1.500000,29.712638,26.830669,0.000000,circle,预设轨迹15,forward
1775478728.117445,26.683189,1775478750.612545|完整运动,完整运动,circle_orbit,1,1.000000,1.500000,1.500000,,,,,,,,,,,,,,,,1.197994,0.190846,1.159264,0.177753,0.000000,0.000000,0.144163,,-0.119624,0.000000,,,,0.159305,0.133123,1.500000,29.736189,26.807118,0.000000,circle,预设轨迹15,forward
1775478728.144291,26.710035,1775478750.612545|完整运动,完整运动,circle_orbit,1,1.000000,1.500000,1.500000,,,,,,,,,,,,,,,,1.197306,0.189163,1.156024,0.176537,0.000000,0.000000,0.142623,,-0.122575,0.000000,,,,0.157990,0.133047,1.500000,29.759758,26.783549,0.000000,circle,预设轨迹15,forward
1775478728.172944,26.738688,1775478750.612545|完整运动,完整运动,circle_orbit,1,1.000000,1.500000,1.500000,,,,,,,,,,,,,,,,1.196570,0.187607,1.152420,0.175936,0.000000,0.000000,0.141227,,-0.125732,0.000000,,,,0.156787,0.132965,1.500000,29.783320,26.759986,0.000000,circle,预设轨迹15,forward
1775478728.194467,26.760211,1775478750.612545|完整运动,完整运动,circle_orbit,1,1.000000,1.500000,1.500000,,,,,,,,,,,,,,,,1.195738,0.184930,1.145817,0.164852,0.000000,0.000000,0.138220,,-0.131756,0.000000,,,,0.154657,0.132872,1.500000,29.830263,26.713043,0.000000,circle,预设轨迹15,forward
1775478728.218403,26.784148,1775478750.612545|完整运动,完整运动,circle_orbit,1,1.000000,1.500000,1.500000,,,,,,,,,,,,,,,,1.194890,0.182847,1.144042,0.167226,0.000000,0.000000,0.135964,,-0.134029,0.000000,,,,0.153024,0.132778,1.500000,29.853630,26.689676,0.000000,circle,预设轨迹15,forward
1775478728.244057,26.809801,1775478750.612545|完整运动,完整运动,circle_orbit,1,1.000000,1.500000,1.500000,,,,,,,,,,,,,,,,1.194057,0.182399,1.144042,0.179042,0.000000,0.000000,0.135964,,-0.134029,0.000000,,,,0.152756,0.132686,1.500000,29.853630,26.689676,0.000000,circle,预设轨迹15,forward
1775478728.279630,26.845374,1775478750.612545|完整运动,完整运动,circle_orbit,1,1.000000,1.500000,1.500000,,,,,,,,,,,,,,,,1.193166,0.178403,1.139713,0.148430,0.000000,0.000000,0.130966,,-0.139363,0.000000,,,,0.149521,0.132587,1.500000,29.900602,26.642704,0.000000,circle,预设轨迹15,forward
1775478728.310248,26.875992,1775478750.612545|完整运动,完整运动,circle_orbit,1,1.000000,1.500000,1.500000,,,,,,,,,,,,,,,,1.192201,0.174400,1.134321,0.144378,0.000000,0.000000,0.125813,,-0.145564,0.000000,,,,0.146284,0.132479,1.500000,29.947503,26.595804,0.000000,circle,预设轨迹15,forward
1775478728.335821,26.901566,1775478750.612545|完整运动,完整运动,circle_orbit,1,1.000000,1.500000,1.500000,,,,,,,,,,,,,,,,1.191166,0.170423,1.129043,0.140595,0.000000,0.000000,0.120557,,-0.151764,0.000000,,,,0.143072,0.132364,1.500000,29.994342,26.548965,0.000000,circle,预设轨迹15,forward
1775478728.376360,26.942104,1775478750.612545|完整运动,完整运动,circle_orbit,1,1.000000,1.500000,1.500000,,,,,,,,,,,,,,,,1.190079,0.166403,1.124840,0.136253,0.000000,0.000000,0.115107,,-0.157288,0.000000,,,,0.139825,0.132243,1.500000,30.041092,26.502215,0.000000,circle,预设轨迹15,forward
1775478728.409369,26.975113,1775478750.612545|完整运动,完整运动,circle_orbit,1,1.000000,1.500000,1.500000,,,,,,,,,,,,,,,,1.188965,0.164325,1.122176,0.148736,0.000000,0.000000,0.112278,,-0.160525,0.000000,,,,0.138208,0.132120,1.500000,30.064357,26.478950,0.000000,circle,预设轨迹15,forward
1775478728.444539,27.010283,1775478750.612545|完整运动,完整运动,circle_orbit,1,1.000000,1.500000,1.500000,,,,,,,,,,,,,,,,1.187839,0.162216,1.120282,0.146406,0.000000,0.000000,0.109376,,-0.163227,0.000000,,,,0.136564,0.131995,1.500000,30.087732,26.455574,0.000000,circle,预设轨迹15,forward
1775478728.478897,27.044641,1775478750.612545|完整运动,完整运动,circle_orbit,1,1.000000,1.500000,1.500000,,,,,,,,,,,,,,,,1.186679,0.157949,1.117063,0.125939,0.000000,0.000000,0.103384,,-0.168301,0.000000,,,,0.133101,0.131866,1.500000,30.134546,26.408761,0.000000,circle,预设轨迹15,forward
1775478728.507713,27.073457,1775478750.612545|完整运动,完整运动,circle_orbit,1,1.000000,1.500000,1.500000,,,,,,,,,,,,,,,,1.185491,0.153506,1.114191,0.120187,0.000000,0.000000,0.097004,,-0.173301,0.000000,,,,0.129487,0.131734,1.500000,30.181145,26.362162,0.000000,circle,预设轨迹15,forward
1775478728.529869,27.095613,1775478750.612545|完整运动,完整运动,circle_orbit,1,1.000000,1.500000,1.500000,,,,,,,,,,,,,,,,1.184275,0.149126,1.111312,0.116280,0.000000,0.000000,0.090573,,-0.178339,0.000000,,,,0.125922,0.131599,1.500000,30.227841,26.315466,0.000000,circle,预设轨迹15,forward
1775478728.551198,27.116942,1775478750.612545|完整运动,完整运动,circle_orbit,1,1.000000,1.500000,1.500000,,,,,,,,,,,,,,,,1.183069,0.147065,1.110728,0.131608,0.000000,0.000000,0.087291,,-0.180242,0.000000,,,,0.124308,0.131465,1.500000,30.251286,26.292020,0.000000,circle,预设轨迹15,forward
1775478728.576120,27.141864,1775478750.612545|完整运动,完整运动,circle_orbit,1,1.000000,1.500000,1.500000,,,,,,,,,,,,,,,,1.181873,0.145050,1.110104,0.129931,0.000000,0.000000,0.084058,,-0.182152,0.000000,,,,0.122729,0.131332,1.500000,30.274547,26.268759,0.000000,circle,预设轨迹15,forward
1775478728.596710,27.162455,1775478750.612545|完整运动,完整运动,circle_orbit,1,1.000000,1.500000,1.500000,,,,,,,,,,,,,,,,1.180694,0.142881,1.109932,0.126616,0.000000,0.000000,0.080594,,-0.183823,0.000000,,,,0.121014,0.131201,1.500000,30.297804,26.245503,0.000000,circle,预设轨迹15,forward
1775478728.617076,27.182820,1775478750.612545|完整运动,完整运动,circle_orbit,1,1.000000,1.500000,1.500000,,,,,,,,,,,,,,,,1.179524,0.140648,1.109365,0.123904,0.000000,0.000000,0.077016,,-0.185846,0.000000,,,,0.119242,0.131071,1.500000,30.321013,26.222294,0.000000,circle,预设轨迹15,forward
1775478728.644122,27.209867,1775478750.612545|完整运动,完整运动,circle_orbit,1,1.000000,1.500000,1.500000,,,,,,,,,,,,,,,,1.178357,0.138353,1.108310,0.121141,0.000000,0.000000,0.073322,,-0.188291,0.000000,,,,0.117412,0.130941,1.500000,30.344134,26.199173,0.000000,circle,预设轨迹15,forward
1775478728.666461,27.232205,1775478750.612545|完整运动,完整运动,circle_orbit,1,1.000000,1.500000,1.500000,,,,,,,,,,,,,,,,1.177191,0.136031,1.107224,0.118613,0.000000,0.000000,0.069560,,-0.190794,0.000000,,,,0.115556,0.130811,1.500000,30.367235,26.176072,0.000000,circle,预设轨迹15,forward
1775478728.687642,27.253386,1775478750.612545|完整运动,完整运动,circle_orbit,1,1.000000,1.500000,1.500000,,,,,,,,,,,,,,,,1.176039,0.130997,1.106925,0.093238,0.000000,0.000000,0.061916,,-0.194419,0.000000,,,,0.111388,0.130683,1.500000,30.413655,26.129652,0.000000,circle,预设轨迹15,forward
1775478728.716691,27.282436,1775478750.612545|完整运动,完整运动,circle_orbit,1,1.000000,1.500000,1.500000,,,,,,,,,,,,,,,,1.174910,0.128747,1.107200,0.111878,0.000000,0.000000,0.058048,,-0.195929,0.000000,,,,0.109581,0.130558,1.500000,30.436870,26.106437,0.000000,circle,预设轨迹15,forward
1775478728.738868,27.304612,1775478750.612545|完整运动,完整运动,circle_orbit,1,1.000000,1.500000,1.500000,,,,,,,,,,,,,,,,1.173796,0.126512,1.106911,0.109745,0.000000,0.000000,0.054175,,-0.197871,0.000000,,,,0.107780,0.130434,1.500000,30.459985,26.083322,0.000000,circle,预设轨迹15,forward
1775478728.760474,27.326218,1775478750.612545|完整运动,完整运动,circle_orbit,1,1.000000,1.500000,1.500000,,,,,,,,,,,,,,,,1.172698,0.124181,1.106848,0.106697,0.000000,0.000000,0.050143,,-0.199712,0.000000,,,,0.105893,0.130312,1.500000,30.483111,26.060195,0.000000,circle,预设轨迹15,forward
1775478728.784822,27.350566,1775478750.612545|完整运动,完整运动,circle_orbit,1,1.000000,1.500000,1.500000,,,,,,,,,,,,,,,,1.171622,0.121861,1.107041,0.104462,0.000000,0.000000,0.046096,,-0.201363,0.000000,,,,0.104010,0.130193,1.500000,30.506250,26.037057,0.000000,circle,预设轨迹15,forward
1775478728.806174,27.371918,1775478750.612545|完整运动,完整运动,circle_orbit,1,1.000000,1.500000,1.500000,,,,,,,,,,,,,,,,1.170569,0.116826,1.107414,0.079064,0.000000,0.000000,0.038168,,-0.204602,0.000000,,,,0.099803,0.130076,1.500000,30.552467,25.990840,0.000000,circle,预设轨迹15,forward
1775478728.827468,27.393212,1775478750.612545|完整运动,完整运动,circle_orbit,1,1.000000,1.500000,1.500000,,,,,,,,,,,,,,,,1.169536,0.114728,1.107546,0.098992,0.000000,0.000000,0.034233,,-0.206250,0.000000,,,,0.098097,0.129961,1.500000,30.575439,25.967868,0.000000,circle,预设轨迹15,forward
1775478728.855766,27.421510,1775478750.612545|完整运动,完整运动,circle_orbit,1,1.000000,1.500000,1.500000,,,,,,,,,,,,,,,,1.168520,0.115412,1.107546,0.120543,0.000000,0.000000,0.034233,,-0.206250,0.000000,,,,0.098768,0.129848,1.500000,30.575439,25.967868,0.000000,circle,预设轨迹15,forward
1775478728.886689,27.452433,1775478750.612545|完整运动,完整运动,circle_orbit,1,1.000000,1.500000,1.500000,,,,,,,,,,,,,,,,1.167548,0.111310,1.109250,0.080543,0.000000,0.000000,0.025724,,-0.208732,0.000000,,,,0.095336,0.129740,1.500000,30.621383,25.921924,0.000000,circle,预设轨迹15,forward
1775478728.908234,27.473978,1775478750.612545|完整运动,完整运动,circle_orbit,1,1.000000,1.500000,1.500000,,,,,,,,,,,,,,,,1.166608,0.108747,1.110193,0.089524,0.000000,0.000000,0.021263,,-0.209996,0.000000,,,,0.093216,0.129635,1.500000,30.644344,25.898962,0.000000,circle,预设轨迹15,forward
1775478728.928772,27.494517,1775478750.612545|完整运动,完整运动,circle_orbit,1,1.000000,1.500000,1.500000,,,,,,,,,,,,,,,,1.165707,0.103184,1.111642,0.061463,0.000000,0.000000,0.012488,,-0.212796,0.000000,,,,0.088516,0.129535,1.500000,30.690346,25.852961,0.000000,circle,预设轨迹15,forward
1775478728.953559,27.519304,1775478750.612545|完整运动,完整运动,circle_orbit,1,1.000000,1.500000,1.500000,,,,,,,,,,,,,,,,1.164820,0.102981,1.111642,0.101463,0.000000,0.000000,0.012488,,-0.212796,0.000000,,,,0.088410,0.129437,1.500000,30.690346,25.852961,0.000000,circle,预设轨迹15,forward
1775478728.984176,27.549920,1775478750.612545|完整运动,完整运动,circle_orbit,1,1.000000,1.500000,1.500000,,,,,,,,,,,,,,,,1.163962,0.100764,1.112477,0.084135,0.000000,0.000000,0.008213,,-0.214064,0.000000,,,,0.086570,0.129341,1.500000,30.713367,25.829939,0.000000,circle,预设轨迹15,forward
1775478729.020913,27.586657,1775478750.612545|完整运动,完整运动,circle_orbit,1,1.000000,1.500000,1.500000,,,,,,,,,,,,,,,,1.163086,0.094102,1.110512,0.044135,0.000000,0.000000,-0.005141,,-0.216920,0.000000,,,,0.080907,0.129244,1.500000,30.783031,25.760275,0.000000,circle,预设轨迹15,forward
1775478729.042803,27.608547,1775478750.612545|完整运动,完整运动,circle_orbit,1,1.000000,1.500000,1.500000,,,,,,,,,,,,,,,,1.162157,0.091775,1.106408,0.074324,0.000000,0.000000,-0.009636,,-0.218053,0.000000,,,,0.078970,0.129141,1.500000,30.806279,25.737027,0.000000,circle,预设轨迹15,forward
1775478729.063193,27.628937,1775478750.612545|完整运动,完整运动,circle_orbit,1,1.000000,1.500000,1.500000,,,,,,,,,,,,,,,,1.161179,0.089521,1.102523,0.072618,0.000000,0.000000,-0.014066,,-0.219070,0.000000,,,,0.077095,0.129032,1.500000,30.829460,25.713847,0.000000,circle,预设轨迹15,forward
1775478729.089649,27.655393,1775478750.612545|完整运动,完整运动,circle_orbit,1,1.000000,1.500000,1.500000,,,,,,,,,,,,,,,,1.160098,0.084120,1.095207,0.043610,0.000000,0.000000,-0.023000,,-0.220780,0.000000,,,,0.072511,0.128912,1.500000,30.875679,25.667628,0.000000,circle,预设轨迹15,forward
1775478729.115290,27.681035,1775478750.612545|完整运动,完整运动,circle_orbit,1,1.000000,1.500000,1.500000,,,,,,,,,,,,,,,,1.159034,0.084060,1.095207,0.083610,0.000000,0.000000,-0.023000,,-0.220780,0.000000,,,,0.072526,0.128794,1.500000,30.875679,25.667628,0.000000,circle,预设轨迹15,forward
1775478729.135639,27.701383,1775478750.612545|完整运动,完整运动,circle_orbit,1,1.000000,1.500000,1.500000,,,,,,,,,,,,,,,,1.157875,0.079301,1.088358,0.043610,0.000000,0.000000,-0.032178,,-0.222087,0.000000,,,,0.068489,0.128665,1.500000,30.922264,25.621043,0.000000,circle,预设轨迹15,forward
1775478729.164159,27.729903,1775478750.612545|完整运动,完整运动,circle_orbit,1,1.000000,1.500000,1.500000,,,,,,,,,,,,,,,,1.156677,0.077277,1.084771,0.062094,0.000000,0.000000,-0.036631,,-0.222956,0.000000,,,,0.066809,0.128532,1.500000,30.945590,25.597716,0.000000,circle,预设轨迹15,forward
1775478729.196420,27.762164,1775478750.612545|完整运动,完整运动,circle_orbit,1,1.000000,1.500000,1.500000,,,,,,,,,,,,,,,,1.155405,0.071961,1.079080,0.032091,0.000000,0.000000,-0.045770,,-0.223451,0.000000,,,,0.062282,0.128390,1.500000,30.991951,25.551355,0.000000,circle,预设轨迹15,forward
1775478729.231818,27.797562,1775478750.612545|完整运动,完整运动,circle_orbit,1,1.000000,1.500000,1.500000,,,,,,,,,,,,,,,,1.154104,0.069976,1.076026,0.055085,0.000000,0.000000,-0.050365,,-0.223875,0.000000,,,,0.060632,0.128246,1.500000,31.015173,25.528134,0.000000,circle,预设轨迹15,forward
1775478729.258744,27.824488,1775478750.612545|完整运动,完整运动,circle_orbit,1,1.000000,1.500000,1.500000,,,,,,,,,,,,,,,,1.152722,0.064775,1.069850,0.025773,0.000000,0.000000,-0.059525,,-0.224833,0.000000,,,,0.056193,0.128092,1.500000,31.061835,25.481472,0.000000,circle,预设轨迹15,forward
1775478729.279537,27.845281,1775478750.612545|完整运动,完整运动,circle_orbit,1,1.000000,1.500000,1.500000,,,,,,,,,,,,,,,,1.151318,0.062796,1.067048,0.047951,0.000000,0.000000,-0.064284,,-0.225019,0.000000,,,,0.054543,0.127936,1.500000,31.084801,25.458506,0.000000,circle,预设轨迹15,forward
1775478729.301271,27.867015,1775478750.612545|完整运动,完整运动,circle_orbit,1,1.000000,1.500000,1.500000,,,,,,,,,,,,,,,,1.149884,0.060786,1.063855,0.045714,0.000000,0.000000,-0.069080,,-0.225524,0.000000,,,,0.052863,0.127777,1.500000,31.107664,25.435642,0.000000,circle,预设轨迹15,forward
1775478729.326900,27.892645,1775478750.612545|完整运动,完整运动,circle_orbit,1,1.000000,1.500000,1.500000,,,,,,,,,,,,,,,,1.148430,0.058754,1.061166,0.043515,0.000000,0.000000,-0.073908,,-0.225611,0.000000,,,,0.051161,0.127615,1.500000,31.130507,25.412799,0.000000,circle,预设轨迹15,forward
1775478729.350821,27.916566,1775478750.612545|完整运动,完整运动,circle_orbit,1,1.000000,1.500000,1.500000,,,,,,,,,,,,,,,,1.146915,0.053461,1.056017,0.013759,0.000000,0.000000,-0.083371,,-0.225712,0.000000,,,,0.046613,0.127447,1.500000,31.176451,25.366856,0.000000,circle,预设轨迹15,forward
1775478729.371652,27.937396,1775478750.612545|完整运动,完整运动,circle_orbit,1,1.000000,1.500000,1.500000,,,,,,,,,,,,,,,,1.145384,0.051724,1.053541,0.038696,0.000000,0.000000,-0.087962,,-0.225758,0.000000,,,,0.045158,0.127277,1.500000,31.199379,25.343927,0.000000,circle,预设轨迹15,forward
1775478729.393753,27.959497,1775478750.612545|完整运动,完整运动,circle_orbit,1,1.000000,1.500000,1.500000,,,,,,,,,,,,,,,,1.143878,0.053205,1.053541,0.064314,0.000000,0.000000,-0.087962,,-0.225758,0.000000,,,,0.046513,0.127110,1.500000,31.199379,25.343927,0.000000,circle,预设轨迹15,forward
1775478729.414336,27.980080,1775478750.612545|完整运动,完整运动,circle_orbit,1,1.000000,1.500000,1.500000,,,,,,,,,,,,,,,,1.142312,0.049806,1.048320,0.024314,0.000000,0.000000,-0.097295,,-0.226042,0.000000,,,,0.043601,0.126936,1.500000,31.244930,25.298377,0.000000,circle,预设轨迹15,forward
1775478729.436468,28.002213,1775478750.612545|完整运动,完整运动,circle_orbit,1,1.000000,1.500000,1.500000,,,,,,,,,,,,,,,,1.140733,0.047715,1.045999,0.032035,0.000000,0.000000,-0.102060,,-0.225908,0.000000,,,,0.041829,0.126760,1.500000,31.267871,25.275436,0.000000,circle,预设轨迹15,forward
1775478729.458077,28.023822,1775478750.612545|完整运动,完整运动,circle_orbit,1,1.000000,1.500000,1.500000,,,,,,,,,,,,,,,,1.139145,0.045602,1.043884,0.029756,0.000000,0.000000,-0.106890,,-0.225577,0.000000,,,,0.040032,0.126584,1.500000,31.290917,25.252390,0.000000,circle,预设轨迹15,forward
1775478729.478458,28.044202,1775478750.612545|完整运动,完整运动,circle_orbit,1,1.000000,1.500000,1.500000,,,,,,,,,,,,,,,,1.137545,0.043557,1.041527,0.028215,0.000000,0.000000,-0.111657,,-0.225491,0.000000,,,,0.038290,0.126406,1.500000,31.313934,25.229372,0.000000,circle,预设轨迹15,forward
1775478729.501988,28.067732,1775478750.612545|完整运动,完整运动,circle_orbit,1,1.000000,1.500000,1.500000,,,,,,,,,,,,,,,,1.135934,0.041551,1.039266,0.026509,0.000000,0.000000,-0.116396,,-0.225342,0.000000,,,,0.036579,0.126227,1.500000,31.336954,25.206353,0.000000,circle,预设轨迹15,forward
1775478729.524923,28.090667,1775478750.612545|完整运动,完整运动,circle_orbit,1,1.000000,1.500000,1.500000,,,,,,,,,,,,,,,,1.134317,0.039632,1.037306,0.025237,0.000000,0.000000,-0.121039,,-0.224984,0.000000,,,,0.034939,0.126047,1.500000,31.359958,25.183348,0.000000,circle,预设轨迹15,forward
1775478729.546116,28.111860,1775478750.612545|完整运动,完整运动,circle_orbit,1,1.000000,1.500000,1.500000,,,,,,,,,,,,,,,,1.132661,0.034584,1.033282,-0.003277,0.000000,0.000000,-0.130149,,-0.224454,0.000000,,,,0.030533,0.125863,1.500000,31.405733,25.137573,0.000000,circle,预设轨迹15,forward
1775478729.572997,28.138741,1775478750.612545|完整运动,完整运动,circle_orbit,1,1.000000,1.500000,1.500000,,,,,,,,,,,,,,,,1.131006,0.032817,1.031745,0.019570,0.000000,0.000000,-0.134788,,-0.223743,0.000000,,,,0.029016,0.125679,1.500000,31.428607,25.114700,0.000000,circle,预设轨迹15,forward
1775478729.596219,28.161963,1775478750.612545|完整运动,完整运动,circle_orbit,1,1.000000,1.500000,1.500000,,,,,,,,,,,,,,,,1.129347,0.031140,1.029793,0.018556,0.000000,0.000000,-0.139305,,-0.223458,0.000000,,,,0.027573,0.125495,1.500000,31.451489,25.091818,0.000000,circle,预设轨迹15,forward
1775478729.616572,28.182316,1775478750.612545|完整运动,完整运动,circle_orbit,1,1.000000,1.500000,1.500000,,,,,,,,,,,,,,,,1.127689,0.029471,1.028207,0.016955,0.000000,0.000000,-0.143811,,-0.222860,0.000000,,,,0.026134,0.125311,1.500000,31.474443,25.068864,0.000000,circle,预设轨迹15,forward
1775478729.642171,28.207915,1775478750.612545|完整运动,完整运动,circle_orbit,1,1.000000,1.500000,1.500000,,,,,,,,,,,,,,,,1.126038,0.027874,1.026987,0.015897,0.000000,0.000000,-0.148217,,-0.221984,0.000000,,,,0.024754,0.125127,1.500000,31.497308,25.045998,0.000000,circle,预设轨迹15,forward
1775478729.669912,28.235656,1775478750.612545|完整运动,完整运动,circle_orbit,1,1.000000,1.500000,1.500000,,,,,,,,,,,,,,,,1.124399,0.026231,1.026054,0.013907,0.000000,0.000000,-0.152692,,-0.220825,0.000000,,,,0.023329,0.124945,1.500000,31.520241,25.023066,0.000000,circle,预设轨迹15,forward
1775478729.692256,28.258001,1775478750.612545|完整运动,完整运动,circle_orbit,1,1.000000,1.500000,1.500000,,,,,,,,,,,,,,,,1.122742,0.021383,1.023299,-0.014977,0.000000,0.000000,-0.161726,,-0.219270,0.000000,,,,0.019045,0.124761,1.500000,31.565696,24.977610,0.000000,circle,预设轨迹15,forward
1775478729.713785,28.279530,1775478750.612545|完整运动,完整运动,circle_orbit,1,1.000000,1.500000,1.500000,,,,,,,,,,,,,,,,1.121093,0.019781,1.022168,0.007772,0.000000,0.000000,-0.166326,,-0.218238,0.000000,,,,0.017645,0.124578,1.500000,31.588303,24.955004,0.000000,circle,预设轨迹15,forward
1775478729.737695,28.303439,1775478750.612545|完整运动,完整运动,circle_orbit,1,1.000000,1.500000,1.500000,,,,,,,,,,,,,,,,1.119471,0.021412,1.022168,0.033641,0.000000,0.000000,-0.166326,,-0.218238,0.000000,,,,0.019127,0.124397,1.500000,31.588303,24.955004,0.000000,circle,预设轨迹15,forward
1775478729.763163,28.328907,1775478750.612545|完整运动,完整运动,circle_orbit,1,1.000000,1.500000,1.500000,,,,,,,,,,,,,,,,1.117834,0.018145,1.019588,-0.006359,0.000000,0.000000,-0.175491,,-0.216486,0.000000,,,,0.016232,0.124216,1.500000,31.633469,24.909837,0.000000,circle,预设轨迹15,forward
1775478729.789721,28.355465,1775478750.612545|完整运动,完整运动,circle_orbit,1,1.000000,1.500000,1.500000,,,,,,,,,,,,,,,,1.116183,0.013354,1.017142,-0.022581,0.000000,0.000000,-0.184351,,-0.214758,0.000000,,,,0.011964,0.124032,1.500000,31.678960,24.864347,0.000000,circle,预设轨迹15,forward
1775478729.811403,28.377147,1775478750.612545|完整运动,完整运动,circle_orbit,1,1.000000,1.500000,1.500000,,,,,,,,,,,,,,,,1.114542,0.011815,1.016067,0.000274,0.000000,0.000000,-0.188783,,-0.213764,0.000000,,,,0.010601,0.123850,1.500000,31.701643,24.841664,0.000000,circle,预设轨迹15,forward
1775478729.834141,28.399885,1775478750.612545|完整运动,完整运动,circle_orbit,1,1.000000,1.500000,1.500000,,,,,,,,,,,,,,,,1.112909,0.010277,1.014964,-0.001258,0.000000,0.000000,-0.193221,,-0.212794,0.000000,,,,0.009234,0.123668,1.500000,31.724163,24.819143,0.000000,circle,预设轨迹15,forward
1775478729.868304,28.434048,1775478750.612545|完整运动,完整运动,circle_orbit,1,1.000000,1.500000,1.500000,,,,,,,,,,,,,,,,1.111290,0.008664,1.014110,-0.003436,0.000000,0.000000,-0.197775,,-0.211548,0.000000,,,,0.007796,0.123488,1.500000,31.746806,24.796500,0.000000,circle,预设轨迹15,forward
1775478729.914113,28.479857,1775478750.612545|完整运动,完整运动,circle_orbit,1,1.000000,1.500000,1.500000,,,,,,,,,,,,,,,,1.109665,0.003964,1.012203,-0.031285,0.000000,0.000000,-0.206731,,-0.209309,0.000000,,,,0.003572,0.123308,1.500000,31.792216,24.751090,0.000000,circle,预设轨迹15,forward
1775478729.940900,28.506644,1775478750.612545|完整运动,完整运动,circle_orbit,1,1.000000,1.500000,1.500000,,,,,,,,,,,,,,,,1.108048,-0.000358,1.010977,-0.032774,0.000000,0.000000,-0.215335,,-0.206607,0.000000,,,,0.000323,0.123128,1.500000,31.837547,24.705759,0.000000,circle,预设轨迹15,forward
1775478729.979595,28.545339,1775478750.612545|完整运动,完整运动,circle_orbit,1,1.000000,1.500000,1.500000,,,,,,,,,,,,,,,,1.106449,-0.001501,1.010540,-0.010070,0.000000,0.000000,-0.219572,,-0.205125,0.000000,,,,0.001356,0.122950,1.500000,31.860184,24.683123,0.000000,circle,预设轨迹15,forward
1775478730.000478,28.566222,1775478750.612545|完整运动,完整运动,circle_orbit,1,1.000000,1.500000,1.500000,,,,,,,,,,,,,,,,1.104866,-0.005445,1.009909,-0.035022,0.000000,0.000000,-0.227768,,-0.202062,0.000000,,,,0.004928,0.122775,1.500000,31.905413,24.637894,0.000000,circle,预设轨迹15,forward
1775478730.023079,28.588823,1775478750.612545|完整运动,完整运动,circle_orbit,1,1.000000,1.500000,1.500000,,,,,,,,,,,,,,,,1.103310,-0.006408,1.009893,-0.013637,0.000000,0.000000,-0.231857,,-0.200259,0.000000,,,,0.005808,0.122602,1.500000,31.928013,24.615294,0.000000,circle,预设轨迹15,forward
1775478730.050704,28.616448,1775478750.612545|完整运动,完整运动,circle_orbit,1,1.000000,1.500000,1.500000,,,,,,,,,,,,,,,,1.101779,-0.007443,1.009951,-0.015200,0.000000,0.000000,-0.236007,,-0.198361,0.000000,,,,0.006755,0.122432,1.500000,31.950675,24.592632,0.000000,circle,预设轨迹15,forward
1775478730.073512,28.639256,1775478750.612545|完整运动,完整运动,circle_orbit,1,1.000000,1.500000,1.500000,,,,,,,,,,,,,,,,1.100260,-0.011090,1.009136,-0.038443,0.000000,0.000000,-0.243842,,-0.195628,0.000000,,,,0.010079,0.122263,1.500000,31.996012,24.547294,0.000000,circle,预设轨迹15,forward
1775478730.094009,28.659753,1775478750.612545|完整运动,完整运动,circle_orbit,1,1.000000,1.500000,1.500000,,,,,,,,,,,,,,,,1.098766,-0.011878,1.009136,-0.017789,0.000000,0.000000,-0.247728,,-0.193901,0.000000,,,,0.010810,0.122097,1.500000,32.018563,24.524744,0.000000,circle,预设轨迹15,forward
1775478730.123551,28.689295,1775478750.612545|完整运动,完整运动,circle_orbit,1,1.000000,1.500000,1.500000,,,,,,,,,,,,,,,,1.097305,-0.012825,1.009631,-0.019927,0.000000,0.000000,-0.251794,,-0.191638,0.000000,,,,0.011688,0.121934,1.500000,32.041053,24.502253,0.000000,circle,预设轨迹15,forward
1775478730.144715,28.710459,1775478750.612545|完整运动,完整运动,circle_orbit,1,1.000000,1.500000,1.500000,,,,,,,,,,,,,,,,1.095874,-0.016837,1.010028,-0.046927,0.000000,0.000000,-0.260191,,-0.187541,0.000000,,,,0.015364,0.121775,1.500000,32.085758,24.457549,0.000000,circle,预设轨迹15,forward
1775478730.166559,28.732304,1775478750.612545|完整运动,完整运动,circle_orbit,1,1.000000,1.500000,1.500000,,,,,,,,,,,,,,,,1.094473,-0.017395,1.010412,-0.021578,0.000000,0.000000,-0.263815,,-0.185577,0.000000,,,,0.015893,0.121620,1.500000,32.108251,24.435056,0.000000,circle,预设轨迹15,forward
1775478730.191398,28.757142,1775478750.612545|完整运动,完整运动,circle_orbit,1,1.000000,1.500000,1.500000,,,,,,,,,,,,,,,,1.093104,-0.017917,1.010941,-0.021837,0.000000,0.000000,-0.267333,,-0.183528,0.000000,,,,0.016391,0.121468,1.500000,32.130607,24.412700,0.000000,circle,预设轨迹15,forward
1775478730.212974,28.778718,1775478750.612545|完整运动,完整运动,circle_orbit,1,1.000000,1.500000,1.500000,,,,,,,,,,,,,,,,1.091764,-0.018373,1.011355,-0.021793,0.000000,0.000000,-0.270701,,-0.181651,0.000000,,,,0.016829,0.121319,1.500000,32.153080,24.390227,0.000000,circle,预设轨迹15,forward
1775478730.234025,28.799770,1775478750.612545|完整运动,完整运动,circle_orbit,1,1.000000,1.500000,1.500000,,,,,,,,,,,,,,,,1.090455,-0.018868,1.011909,-0.022575,0.000000,0.000000,-0.274072,,-0.179646,0.000000,,,,0.017302,0.121173,1.500000,32.175582,24.367725,0.000000,circle,预设轨迹15,forward
1775478730.268166,28.833910,1775478750.612545|完整运动,完整运动,circle_orbit,1,1.000000,1.500000,1.500000,,,,,,,,,,,,,,,,1.089183,-0.019490,1.012890,-0.024160,0.000000,0.000000,-0.277579,,-0.177189,0.000000,,,,0.017894,0.121032,1.500000,32.198086,24.345220,0.000000,circle,预设轨迹15,forward
1775478730.298748,28.864492,1775478750.612545|完整运动,完整运动,circle_orbit,1,1.000000,1.500000,1.500000,,,,,,,,,,,,,,,,1.087943,-0.022518,1.013549,-0.045228,0.000000,0.000000,-0.284475,,-0.173522,0.000000,,,,0.020698,0.120894,1.500000,32.242734,24.300573,0.000000,circle,预设轨迹15,forward
1775478730.321911,28.887655,1775478750.612545|完整运动,完整运动,circle_orbit,1,1.000000,1.500000,1.500000,,,,,,,,,,,,,,,,1.086733,-0.022952,1.014141,-0.026210,0.000000,0.000000,-0.287783,,-0.171512,0.000000,,,,0.021121,0.120760,1.500000,32.265180,24.278127,0.000000,circle,预设轨迹15,forward
1775478730.342369,28.908113,1775478750.612545|完整运动,完整运动,circle_orbit,1,1.000000,1.500000,1.500000,,,,,,,,,,,,,,,,1.085554,-0.023365,1.014812,-0.026456,0.000000,0.000000,-0.291011,,-0.169466,0.000000,,,,0.021523,0.120629,1.500000,32.287691,24.255616,0.000000,circle,预设轨迹15,forward
1775478730.370072,28.935816,1775478750.612545|完整运动,完整运动,circle_orbit,1,1.000000,1.500000,1.500000,,,,,,,,,,,,,,,,1.084411,-0.023744,1.015785,-0.026589,0.000000,0.000000,-0.294149,,-0.167186,0.000000,,,,0.021896,0.120501,1.500000,32.310309,24.232998,0.000000,circle,预设轨迹15,forward
1775478730.392756,28.958500,1775478750.612545|完整运动,完整运动,circle_orbit,1,1.000000,1.500000,1.500000,,,,,,,,,,,,,,,,1.083305,-0.024152,1.016954,-0.027212,0.000000,0.000000,-0.297287,,-0.164730,0.000000,,,,0.022295,0.120379,1.500000,32.332958,24.210349,0.000000,circle,预设轨迹15,forward
1775478730.413822,28.979566,1775478750.612545|完整运动,完整运动,circle_orbit,1,1.000000,1.500000,1.500000,,,,,,,,,,,,,,,,1.082247,-0.026601,1.018748,-0.044967,0.000000,0.000000,-0.303294,,-0.160437,0.000000,,,,0.024579,0.120261,1.500000,32.378101,24.165206,0.000000,circle,预设轨迹15,forward
1775478730.444413,29.010157,1775478750.612545|完整运动,完整运动,circle_orbit,1,1.000000,1.500000,1.500000,,,,,,,,,,,,,,,,1.081228,-0.026770,1.020127,-0.028042,0.000000,0.000000,-0.306140,,-0.157928,0.000000,,,,0.024759,0.120148,1.500000,32.400646,24.142661,0.000000,circle,预设轨迹15,forward
1775478730.465380,29.031124,1775478750.612545|完整运动,完整运动,circle_orbit,1,1.000000,1.500000,1.500000,,,,,,,,,,,,,,,,1.080249,-0.026867,1.021474,-0.027589,0.000000,0.000000,-0.308831,,-0.155520,0.000000,,,,0.024871,0.120039,1.500000,32.423178,24.120128,0.000000,circle,预设轨迹15,forward
1775478730.487138,29.052882,1775478750.612545|完整运动,完整运动,circle_orbit,1,1.000000,1.500000,1.500000,,,,,,,,,,,,,,,,1.079338,-0.028985,1.024676,-0.044869,0.000000,0.000000,-0.314356,,-0.150196,0.000000,,,,0.026854,0.119938,1.500000,32.468330,24.074977,0.000000,circle,预设轨迹15,forward
1775478730.514691,29.080436,1775478750.612545|完整运动,完整运动,circle_orbit,1,1.000000,1.500000,1.500000,,,,,,,,,,,,,,,,1.078441,-0.027177,1.024676,-0.013619,0.000000,0.000000,-0.314356,,-0.150196,0.000000,,,,0.025200,0.119838,1.500000,32.468330,24.074977,0.000000,circle,预设轨迹15,forward
1775478730.539965,29.105709,1775478750.612545|完整运动,完整运动,circle_orbit,1,1.000000,1.500000,1.500000,,,,,,,,,,,,,,,,1.077598,-0.029064,1.026980,-0.043215,0.000000,0.000000,-0.319461,,-0.145874,0.000000,,,,0.026971,0.119744,1.500000,32.513975,24.029331,0.000000,circle,预设轨迹15,forward
1775478730.560287,29.126031,1775478750.612545|完整运动,完整运动,circle_orbit,1,1.000000,1.500000,1.500000,,,,,,,,,,,,,,,,1.076798,-0.029068,1.028803,-0.029095,0.000000,0.000000,-0.321948,,-0.143152,0.000000,,,,0.026994,0.119656,1.500000,32.536680,24.006626,0.000000,circle,预设轨迹15,forward
1775478730.587628,29.153372,1775478750.612545|完整运动,完整运动,circle_orbit,1,1.000000,1.500000,1.500000,,,,,,,,,,,,,,,,1.076042,-0.029113,1.030662,-0.029456,0.000000,0.000000,-0.324448,,-0.140396,0.000000,,,,0.027056,0.119572,1.500000,32.559323,23.983984,0.000000,circle,预设轨迹15,forward
1775478730.610179,29.175924,1775478750.612545|完整运动,完整运动,circle_orbit,1,1.000000,1.500000,1.500000,,,,,,,,,,,,,,,,1.075331,-0.029325,1.032713,-0.030912,0.000000,0.000000,-0.327144,,-0.137392,0.000000,,,,0.027270,0.119493,1.500000,32.581937,23.961370,0.000000,circle,预设轨迹15,forward
1775478730.631443,29.197187,1775478750.612545|完整运动,完整运动,circle_orbit,1,1.000000,1.500000,1.500000,,,,,,,,,,,,,,,,1.074680,-0.031383,1.035619,-0.046816,0.000000,0.000000,-0.332443,,-0.132489,0.000000,,,,0.029202,0.119420,1.500000,32.626835,23.916472,0.000000,circle,预设轨迹15,forward
1775478730.662467,29.228211,1775478750.612545|完整运动,完整运动,circle_orbit,1,1.000000,1.500000,1.500000,,,,,,,,,,,,,,,,1.074069,-0.031381,1.037379,-0.031372,0.000000,0.000000,-0.334888,,-0.129867,0.000000,,,,0.029217,0.119352,1.500000,32.649248,23.894059,0.000000,circle,预设轨迹15,forward
1775478730.685818,29.251562,1775478750.612545|完整运动,完整运动,circle_orbit,1,1.000000,1.500000,1.500000,,,,,,,,,,,,,,,,1.073494,-0.031237,1.038987,-0.030154,0.000000,0.000000,-0.337087,,-0.127491,0.000000,,,,0.029098,0.119288,1.500000,32.671809,23.871498,0.000000,circle,预设轨迹15,forward
1775478730.706150,29.271894,1775478750.612545|完整运动,完整运动,circle_orbit,1,1.000000,1.500000,1.500000,,,,,,,,,,,,,,,,1.072992,-0.032447,1.042909,-0.041525,0.000000,0.000000,-0.341173,,-0.122281,0.000000,,,,0.030240,0.119233,1.500000,32.717126,23.826181,0.000000,circle,预设轨迹15,forward
1775478730.736515,29.302259,1775478750.612545|完整运动,完整运动,circle_orbit,1,1.000000,1.500000,1.500000,,,,,,,,,,,,,,,,1.072499,-0.030768,1.042909,-0.018177,0.000000,0.000000,-0.341173,,-0.122281,0.000000,,,,0.028688,0.119178,1.500000,32.717126,23.826181,0.000000,circle,预设轨迹15,forward
1775478730.765808,29.331552,1775478750.612545|完整运动,完整运动,circle_orbit,1,1.000000,1.500000,1.500000,,,,,,,,,,,,,,,,1.072074,-0.031826,1.046567,-0.039760,0.000000,0.000000,-0.344942,,-0.117464,0.000000,,,,0.029687,0.119131,1.500000,32.762348,23.780958,0.000000,circle,预设轨迹15,forward
1775478730.786765,29.352509,1775478750.612545|完整运动,完整运动,circle_orbit,1,1.000000,1.500000,1.500000,,,,,,,,,,,,,,,,1.071726,-0.032825,1.050847,-0.040318,0.000000,0.000000,-0.348666,,-0.112160,0.000000,,,,0.030628,0.119092,1.500000,32.807788,23.735518,0.000000,circle,预设轨迹15,forward
1775478730.811977,29.377721,1775478750.612545|完整运动,完整运动,circle_orbit,1,1.000000,1.500000,1.500000,,,,,,,,,,,,,,,,1.071384,-0.031195,1.050847,-0.018965,0.000000,0.000000,-0.348666,,-0.112160,0.000000,,,,0.029116,0.119054,1.500000,32.807788,23.735518,0.000000,circle,预设轨迹15,forward
1775478730.832904,29.398649,1775478750.612545|完整运动,完整运动,circle_orbit,1,1.000000,1.500000,1.500000,,,,,,,,,,,,,,,,1.071086,-0.031002,1.053216,-0.029554,0.000000,0.000000,-0.350590,,-0.109298,0.000000,,,,0.028944,0.119021,1.500000,32.830635,23.712671,0.000000,circle,预设轨迹15,forward
1775478730.853219,29.418963,1775478750.612545|完整运动,完整运动,circle_orbit,1,1.000000,1.500000,1.500000,,,,,,,,,,,,,,,,1.070869,-0.032154,1.057826,-0.040793,0.000000,0.000000,-0.354401,,-0.103725,0.000000,,,,0.030026,0.118997,1.500000,32.876183,23.667123,0.000000,circle,预设轨迹15,forward
1775478730.885505,29.451249,1775478750.612545|完整运动,完整运动,circle_orbit,1,1.000000,1.500000,1.500000,,,,,,,,,,,,,,,,1.070693,-0.031856,1.060133,-0.029624,0.000000,0.000000,-0.356192,,-0.101001,0.000000,,,,0.029753,0.118977,1.500000,32.898901,23.644405,0.000000,circle,预设轨迹15,forward
1775478730.908635,29.474379,1775478750.612545|完整运动,完整运动,circle_orbit,1,1.000000,1.500000,1.500000,,,,,,,,,,,,,,,,1.070558,-0.031477,1.062512,-0.028633,0.000000,0.000000,-0.357827,,-0.098293,0.000000,,,,0.029402,0.118962,1.500000,32.921635,23.621671,0.000000,circle,预设轨迹15,forward
1775478730.929000,29.494745,1775478750.612545|完整运动,完整运动,circle_orbit,1,1.000000,1.500000,1.500000,,,,,,,,,,,,,,,,1.070512,-0.031970,1.067731,-0.035672,0.000000,0.000000,-0.360672,,-0.092716,0.000000,,,,0.029864,0.118957,1.500000,32.967320,23.575987,0.000000,circle,预设轨迹15,forward
1775478730.958124,29.523868,1775478750.612545|完整运动,完整运动,circle_orbit,1,1.000000,1.500000,1.500000,,,,,,,,,,,,,,,,1.070466,-0.030464,1.067731,-0.019169,0.000000,0.000000,-0.360672,,-0.092716,0.000000,,,,0.028459,0.118952,1.500000,32.967320,23.575987,0.000000,circle,预设轨迹15,forward
1775478730.981281,29.547025,1775478750.612545|完整运动,完整运动,circle_orbit,1,1.000000,1.500000,1.500000,,,,,,,,,,,,,,,,1.070509,-0.030713,1.073076,-0.032581,0.000000,0.000000,-0.363076,,-0.087274,0.000000,,,,0.028690,0.118957,1.500000,33.013150,23.530157,0.000000,circle,预设轨迹15,forward
1775478731.001977,29.567721,1775478750.612545|完整运动,完整运动,circle_orbit,1,1.000000,1.500000,1.500000,,,,,,,,,,,,,,,,1.070592,-0.030135,1.075563,-0.025800,0.000000,0.000000,-0.364304,,-0.084708,0.000000,,,,0.028148,0.118966,1.500000,33.036081,23.507226,0.000000,circle,预设轨迹15,forward
1775478731.034240,29.599984,1775478750.612545|完整运动,完整运动,circle_orbit,1,1.000000,1.500000,1.500000,,,,,,,,,,,,,,,,1.070772,-0.030307,1.081542,-0.031595,0.000000,0.000000,-0.366565,,-0.078885,0.000000,,,,0.028304,0.118986,1.500000,33.081972,23.461335,0.000000,circle,预设轨迹15,forward
1775478731.056267,29.622011,1775478750.612545|完整运动,完整运动,circle_orbit,1,1.000000,1.500000,1.500000,,,,,,,,,,,,,,,,1.071003,-0.029843,1.084901,-0.026366,0.000000,0.000000,-0.367923,,-0.075597,0.000000,,,,0.027865,0.119012,1.500000,33.105044,23.438263,0.000000,circle,预设轨迹15,forward
1775478731.076582,29.642326,1775478750.612545|完整运动,完整运动,circle_orbit,1,1.000000,1.500000,1.500000,,,,,,,,,,,,,,,,1.071272,-0.029430,1.087381,-0.026329,0.000000,0.000000,-0.369317,,-0.073006,0.000000,,,,0.027472,0.119041,1.500000,33.127604,23.415703,0.000000,circle,预设轨迹15,forward
1775478731.107045,29.672789,1775478750.612545|完整运动,完整运动,circle_orbit,1,1.000000,1.500000,1.500000,,,,,,,,,,,,,,,,1.071579,-0.029094,1.090025,-0.026578,0.000000,0.000000,-0.370790,,-0.070261,0.000000,,,,0.027151,0.119076,1.500000,33.150168,23.393139,0.000000,circle,预设轨迹15,forward
1775478731.130552,29.696296,1775478750.612545|完整运动,完整运动,circle_orbit,1,1.000000,1.500000,1.500000,,,,,,,,,,,,,,,,1.071934,-0.028792,1.093221,-0.026522,0.000000,0.000000,-0.372287,,-0.067081,0.000000,,,,0.026860,0.119115,1.500000,33.172526,23.370781,0.000000,circle,预设轨迹15,forward
1775478731.150933,29.716677,1775478750.612545|完整运动,完整运动,circle_orbit,1,1.000000,1.500000,1.500000,,,,,,,,,,,,,,,,1.072384,-0.029432,1.099384,-0.034232,0.000000,0.000000,-0.375114,,-0.061017,0.000000,,,,0.027445,0.119165,1.500000,33.217578,23.325729,0.000000,circle,预设轨迹15,forward
1775478731.181265,29.747009,1775478750.612545|完整运动,完整运动,circle_orbit,1,1.000000,1.500000,1.500000,,,,,,,,,,,,,,,,1.072875,-0.028945,1.102311,-0.025298,0.000000,0.000000,-0.376371,,-0.058194,0.000000,,,,0.026979,0.119220,1.500000,33.240525,23.302781,0.000000,circle,预设轨迹15,forward
1775478731.206789,29.772533,1775478750.612545|完整运动,完整运动,circle_orbit,1,1.000000,1.500000,1.500000,,,,,,,,,,,,,,,,1.073446,-0.029188,1.107726,-0.031004,0.000000,0.000000,-0.378640,,-0.053028,0.000000,,,,0.027191,0.119283,1.500000,33.286243,23.257064,0.000000,circle,预设轨迹15,forward
1775478731.227124,29.792868,1775478750.612545|完整运动,完整运动,circle_orbit,1,1.000000,1.500000,1.500000,,,,,,,,,,,,,,,,1.074065,-0.028480,1.111214,-0.023176,0.000000,0.000000,-0.379570,,-0.049958,0.000000,,,,0.026517,0.119352,1.500000,33.309015,23.234291,0.000000,circle,预设轨迹15,forward
1775478731.253913,29.819658,1775478750.612545|完整运动,完整运动,circle_orbit,1,1.000000,1.500000,1.500000,,,,,,,,,,,,,,,,1.074674,-0.027157,1.111214,-0.017230,0.000000,0.000000,-0.379570,,-0.049958,0.000000,,,,0.025270,0.119420,1.500000,33.309015,23.234291,0.000000,circle,预设轨迹15,forward
1775478731.279733,29.845477,1775478750.612545|完整运动,完整运动,circle_orbit,1,1.000000,1.500000,1.500000,,,,,,,,,,,,,,,,1.075391,-0.027107,1.118390,-0.026736,0.000000,0.000000,-0.381320,,-0.043767,0.000000,,,,0.025207,0.119499,1.500000,33.354732,23.188575,0.000000,circle,预设轨迹15,forward
1775478731.300058,29.865802,1775478750.612545|完整运动,完整运动,circle_orbit,1,1.000000,1.500000,1.500000,,,,,,,,,,,,,,,,1.076155,-0.026315,1.121992,-0.020375,0.000000,0.000000,-0.382015,,-0.040767,0.000000,,,,0.024453,0.119584,1.500000,33.377835,23.165471,0.000000,circle,预设轨迹15,forward
1775478731.330976,29.896721,1775478750.612545|完整运动,完整运动,circle_orbit,1,1.000000,1.500000,1.500000,,,,,,,,,,,,,,,,1.076968,-0.025514,1.125790,-0.019506,0.000000,0.000000,-0.382657,,-0.037662,0.000000,,,,0.023691,0.119674,1.500000,33.400991,23.142316,0.000000,circle,预设轨迹15,forward
1775478731.356162,29.921906,1775478750.612545|完整运动,完整运动,circle_orbit,1,1.000000,1.500000,1.500000,,,,,,,,,,,,,,,,1.077888,-0.024940,1.133041,-0.020632,0.000000,0.000000,-0.383594,,-0.031917,0.000000,,,,0.023138,0.119777,1.500000,33.446831,23.096476,0.000000,circle,预设轨迹15,forward
1775478731.376544,29.942289,1775478750.612545|完整运动,完整运动,circle_orbit,1,1.000000,1.500000,1.500000,,,,,,,,,,,,,,,,1.078855,-0.023940,1.136922,-0.016442,0.000000,0.000000,-0.383902,,-0.028956,0.000000,,,,0.022190,0.119884,1.500000,33.469627,23.073679,0.000000,circle,预设轨迹15,forward
1775478731.402353,29.968097,1775478750.612545|完整运动,完整运动,circle_orbit,1,1.000000,1.500000,1.500000,,,,,,,,,,,,,,,,1.079873,-0.022996,1.140939,-0.015911,0.000000,0.000000,-0.384243,,-0.025900,0.000000,,,,0.021295,0.119997,1.500000,33.492615,23.050691,0.000000,circle,预设轨迹15,forward
1775478731.431211,29.996955,1775478750.612545|完整运动,完整运动,circle_orbit,1,1.000000,1.500000,1.500000,,,,,,,,,,,,,,,,1.080944,-0.021979,1.145195,-0.014357,0.000000,0.000000,-0.384443,,-0.022758,0.000000,,,,0.020333,0.120116,1.500000,33.515658,23.027649,0.000000,circle,预设轨迹15,forward
1775478731.451908,30.017652,1775478750.612545|完整运动,完整运动,circle_orbit,1,1.000000,1.500000,1.500000,,,,,,,,,,,,,,,,1.082136,-0.020987,1.153663,-0.013542,0.000000,0.000000,-0.384647,,-0.016658,0.000000,,,,0.019394,0.120249,1.500000,33.561982,22.981325,0.000000,circle,预设轨迹15,forward
1775478731.485023,30.050767,1775478750.612545|完整运动,完整运动,circle_orbit,1,1.000000,1.500000,1.500000,,,,,,,,,,,,,,,,1.083309,-0.019886,1.153663,-0.011633,0.000000,0.000000,-0.384647,,-0.016658,0.000000,,,,0.018357,0.120379,1.500000,33.561982,22.981325,0.000000,circle,预设轨迹15,forward
1775478731.516640,30.082384,1775478750.612545|完整运动,完整运动,circle_orbit,1,1.000000,1.500000,1.500000,,,,,,,,,,,,,,,,1.084602,-0.018766,1.162229,-0.010369,0.000000,0.000000,-0.384589,,-0.010695,0.000000,,,,0.017303,0.120523,1.500000,33.608145,22.935162,0.000000,circle,预设轨迹15,forward
1775478731.538033,30.103777,1775478750.612545|完整运动,完整运动,circle_orbit,1,1.000000,1.500000,1.500000,,,,,,,,,,,,,,,,1.086041,-0.017982,1.172381,-0.012096,0.000000,0.000000,-0.384983,,-0.003535,0.000000,,,,0.016557,0.120683,1.500000,33.654490,22.888817,0.000000,circle,预设轨迹15,forward
1775478731.561107,30.126851,1775478750.612545|完整运动,完整运动,circle_orbit,1,1.000000,1.500000,1.500000,,,,,,,,,,,,,,,,1.087527,-0.017109,1.176651,-0.010565,0.000000,0.000000,-0.385231,,-0.000522,0.000000,,,,0.015732,0.120848,1.500000,33.677505,22.865801,0.000000,circle,预设轨迹15,forward
1775478731.582998,30.148742,1775478750.612545|完整运动,完整运动,circle_orbit,1,1.000000,1.500000,1.500000,,,,,,,,,,,,,,,,1.088941,-0.016203,1.173760,-0.009411,0.000000,0.000000,-0.385407,,0.002407,0.000000,,,,0.014880,0.121005,1.500000,33.700442,22.842865,0.000000,circle,预设轨迹15,forward
1775478731.603341,30.169085,1775478750.612545|完整运动,完整运动,circle_orbit,1,1.000000,1.500000,1.500000,,,,,,,,,,,,,,,,1.090253,-0.015222,1.169010,-0.007863,0.000000,0.000000,-0.385449,,0.005634,0.000000,,,,0.013962,0.121151,1.500000,33.723294,22.820013,0.000000,circle,预设轨迹15,forward
1775478731.636709,30.202453,1775478750.612545|完整运动,完整运动,circle_orbit,1,1.000000,1.500000,1.500000,,,,,,,,,,,,,,,,1.091414,-0.013717,1.161063,-0.002432,0.000000,0.000000,-0.384728,,0.011443,0.000000,,,,0.012569,0.121280,1.500000,33.769425,22.773882,0.000000,circle,预设轨迹15,forward
1775478731.659132,30.224876,1775478750.612545|完整运动,完整运动,circle_orbit,1,1.000000,1.500000,1.500000,,,,,,,,,,,,,,,,1.092477,-0.012469,1.156257,-0.003105,0.000000,0.000000,-0.384315,,0.014983,0.000000,,,,0.011413,0.121398,1.500000,33.792725,22.750581,0.000000,circle,预设轨迹15,forward
1775478731.679432,30.245176,1775478750.612545|完整运动,完整运动,circle_orbit,1,1.000000,1.500000,1.500000,,,,,,,,,,,,,,,,1.093459,-0.011263,1.152400,-0.002217,0.000000,0.000000,-0.383920,,0.017872,0.000000,,,,0.010300,0.121507,1.500000,33.815851,22.727456,0.000000,circle,预设轨迹15,forward
1775478731.707922,30.273667,1775478750.612545|完整运动,完整运动,circle_orbit,1,1.000000,1.500000,1.500000,,,,,,,,,,,,,,,,1.094365,-0.010099,1.148682,-0.001367,0.000000,0.000000,-0.383545,,0.020672,0.000000,,,,0.009228,0.121608,1.500000,33.838824,22.704482,0.000000,circle,预设轨迹15,forward
1775478731.750654,30.316398,1775478750.612545|完整运动,完整运动,circle_orbit,1,1.000000,1.500000,1.500000,,,,,,,,,,,,,,,,1.095121,-0.008600,1.140479,0.002636,0.000000,0.000000,-0.382672,,0.026930,0.000000,,,,0.007853,0.121692,1.500000,33.884653,22.658653,0.000000,circle,预设轨迹15,forward
1775478731.785314,30.351058,1775478750.612545|完整运动,完整运动,circle_orbit,1,1.000000,1.500000,1.500000,,,,,,,,,,,,,,,,1.095719,-0.006855,1.131636,0.006234,0.000000,0.000000,-0.381412,,0.033914,0.000000,,,,0.006256,0.121758,1.500000,33.931017,22.612289,0.000000,circle,预设轨迹15,forward
1775478731.811588,30.377332,1775478750.612545|完整运动,完整运动,circle_orbit,1,1.000000,1.500000,1.500000,,,,,,,,,,,,,,,,1.096248,-0.005485,1.127964,0.004789,0.000000,0.000000,-0.380619,,0.036964,0.000000,,,,0.005004,0.121817,1.500000,33.954207,22.589100,0.000000,circle,预设轨迹15,forward
1775478731.831920,30.397664,1775478750.612545|完整运动,完整运动,circle_orbit,1,1.000000,1.500000,1.500000,,,,,,,,,,,,,,,,1.096659,-0.003339,1.121309,0.012759,0.000000,0.000000,-0.378693,,0.042753,0.000000,,,,0.003045,0.121863,1.500000,34.000379,22.542927,0.000000,circle,预设轨迹15,forward
1775478731.859817,30.425561,1775478750.612545|完整运动,完整运动,circle_orbit,1,1.000000,1.500000,1.500000,,,,,,,,,,,,,,,,1.097008,-0.001849,1.117950,0.009325,0.000000,0.000000,-0.377615,,0.045744,0.000000,,,,0.001685,0.121901,1.500000,34.023516,22.519791,0.000000,circle,预设轨迹15,forward
1775478731.890191,30.455935,1775478750.612545|完整运动,完整运动,circle_orbit,1,1.000000,1.500000,1.500000,,,,,,,,,,,,,,,,1.097284,-0.000479,1.113885,0.009799,0.000000,0.000000,-0.376665,,0.049226,0.000000,,,,0.000436,0.121932,1.500000,34.046852,22.496455,0.000000,circle,预设轨迹15,forward
1775478731.912499,30.478243,1775478750.612545|完整运动,完整运动,circle_orbit,1,1.000000,1.500000,1.500000,,,,,,,,,,,,,,,,1.097443,0.001681,1.106973,0.017877,0.000000,0.000000,-0.374568,,0.055414,0.000000,,,,0.001532,0.121950,1.500000,34.093772,22.449535,0.000000,circle,预设轨迹15,forward
1775478731.950843,30.516587,1775478750.612545|完整运动,完整运动,circle_orbit,1,1.000000,1.500000,1.500000,,,,,,,,,,,,,,,,1.097553,0.003210,1.104141,0.014678,0.000000,0.000000,-0.373287,,0.058155,0.000000,,,,0.002925,0.121962,1.500000,34.117337,22.425969,0.000000,circle,预设轨迹15,forward
1775478731.982025,30.547769,1775478750.612545|完整运动,完整运动,circle_orbit,1,1.000000,1.500000,1.500000,,,,,,,,,,,,,,,,1.097554,0.005952,1.097593,0.026515,0.000000,0.000000,-0.370254,,0.064569,0.000000,,,,0.005423,0.121962,1.500000,34.164245,22.379062,0.000000,circle,预设轨迹15,forward
1775478732.003984,30.569728,1775478750.612545|完整运动,完整运动,circle_orbit,1,1.000000,1.500000,1.500000,,,,,,,,,,,,,,,,1.097501,0.007458,1.094374,0.018755,0.000000,0.000000,-0.368869,,0.067697,0.000000,,,,0.006795,0.121956,1.500000,34.187486,22.355820,0.000000,circle,预设轨迹15,forward
1775478732.029868,30.595612,1775478750.612545|完整运动,完整运动,circle_orbit,1,1.000000,1.500000,1.500000,,,,,,,,,,,,,,,,1.097405,0.008911,1.091587,0.019810,0.000000,0.000000,-0.367522,,0.070483,0.000000,,,,0.008120,0.121945,1.500000,34.210423,22.332883,0.000000,circle,预设轨迹15,forward
1775478732.051416,30.617160,1775478750.612545|完整运动,完整运动,circle_orbit,1,1.000000,1.500000,1.500000,,,,,,,,,,,,,,,,1.097218,0.011576,1.086050,0.031561,0.000000,0.000000,-0.364432,,0.076234,0.000000,,,,0.010550,0.121925,1.500000,34.256112,22.287195,0.000000,circle,预设轨迹15,forward
1775478732.074474,30.640218,1775478750.612545|完整运动,完整运动,circle_orbit,1,1.000000,1.500000,1.500000,,,,,,,,,,,,,,,,1.096994,0.013360,1.083512,0.026744,0.000000,0.000000,-0.362494,,0.079118,0.000000,,,,0.012179,0.121900,1.500000,34.279100,22.264207,0.000000,circle,预设轨迹15,forward
1775478732.097438,30.663182,1775478750.612545|完整运动,完整运动,circle_orbit,1,1.000000,1.500000,1.500000,,,,,,,,,,,,,,,,1.096732,0.015176,1.081032,0.028797,0.000000,0.000000,-0.360464,,0.082006,0.000000,,,,0.013838,0.121871,1.500000,34.302179,22.241128,0.000000,circle,预设轨迹15,forward
1775478732.122947,30.688691,1775478750.612545|完整运动,完整运动,circle_orbit,1,1.000000,1.500000,1.500000,,,,,,,,,,,,,,,,1.096433,0.016945,1.078513,0.030206,0.000000,0.000000,-0.358453,,0.084925,0.000000,,,,0.015454,0.121837,1.500000,34.325342,22.217965,0.000000,circle,预设轨迹15,forward
1775478732.145861,30.711606,1775478750.612545|完整运动,完整运动,circle_orbit,1,1.000000,1.500000,1.500000,,,,,,,,,,,,,,,,1.096098,0.018629,1.075979,0.031264,0.000000,0.000000,-0.356516,,0.087833,0.000000,,,,0.016996,0.121800,1.500000,34.348449,22.194858,0.000000,circle,预设轨迹15,forward
1775478732.168682,30.734426,1775478750.612545|完整运动,完整运动,circle_orbit,1,1.000000,1.500000,1.500000,,,,,,,,,,,,,,,,1.095696,0.021856,1.071582,0.046052,0.000000,0.000000,-0.352360,,0.093255,0.000000,,,,0.019947,0.121756,1.500000,34.394703,22.148604,0.000000,circle,预设轨迹15,forward
1775478732.205431,30.771176,1775478750.612545|完整运动,完整运动,circle_orbit,1,1.000000,1.500000,1.500000,,,,,,,,,,,,,,,,1.095262,0.023620,1.069188,0.036855,0.000000,0.000000,-0.350158,,0.096193,0.000000,,,,0.021566,0.121707,1.500000,34.417940,22.125367,0.000000,circle,预设轨迹15,forward
1775478732.232894,30.798638,1775478750.612545|完整运动,完整运动,circle_orbit,1,1.000000,1.500000,1.500000,,,,,,,,,,,,,,,,1.094784,0.027610,1.066149,0.057530,0.000000,0.000000,-0.344764,,0.101090,0.000000,,,,0.025219,0.121654,1.500000,34.463771,22.079535,0.000000,circle,预设轨迹15,forward
1775478732.253294,30.819038,1775478750.612545|完整运动,完整运动,circle_orbit,1,1.000000,1.500000,1.500000,,,,,,,,,,,,,,,,1.094293,0.029588,1.064820,0.044422,0.000000,0.000000,-0.342069,,0.103386,0.000000,,,,0.027038,0.121600,1.500000,34.486537,22.056770,0.000000,circle,预设轨迹15,forward
1775478732.287092,30.852836,1775478750.612545|完整运动,完整运动,circle_orbit,1,1.000000,1.500000,1.500000,,,,,,,,,,,,,,,,1.093810,0.029630,1.064820,0.029949,0.000000,0.000000,-0.342069,,0.103386,0.000000,,,,0.027089,0.121546,1.500000,34.486537,22.056770,0.000000,circle,预设轨迹15,forward
1775478732.308670,30.874414,1775478750.612545|完整运动,完整运动,circle_orbit,1,1.000000,1.500000,1.500000,,,,,,,,,,,,,,,,1.093279,0.033584,1.061422,0.063243,0.000000,0.000000,-0.336582,,0.108643,0.000000,,,,0.030719,0.121487,1.500000,34.532010,22.011296,0.000000,circle,预设轨迹15,forward
1775478732.329554,30.895298,1775478750.612545|完整运动,完整运动,circle_orbit,1,1.000000,1.500000,1.500000,,,,,,,,,,,,,,,,1.092714,0.037726,1.058836,0.068785,0.000000,0.000000,-0.330684,,0.113421,0.000000,,,,0.034525,0.121424,1.500000,34.577465,21.965842,0.000000,circle,预设轨迹15,forward
1775478732.353982,30.919727,1775478750.612545|完整运动,完整运动,circle_orbit,1,1.000000,1.500000,1.500000,,,,,,,,,,,,,,,,1.092159,0.037597,1.058836,0.036629,0.000000,0.000000,-0.330684,,0.113421,0.000000,,,,0.034424,0.121363,1.500000,34.577465,21.965842,0.000000,circle,预设轨迹15,forward
1775478732.385814,30.951558,1775478750.612545|完整运动,完整运动,circle_orbit,1,1.000000,1.500000,1.500000,,,,,,,,,,,,,,,,1.091580,0.042093,1.056814,0.075815,0.000000,0.000000,-0.324198,,0.117999,0.000000,,,,0.038562,0.121298,1.500000,34.623394,21.919912,0.000000,circle,预设轨迹15,forward
1775478732.406172,30.971916,1775478750.612545|完整运动,完整运动,circle_orbit,1,1.000000,1.500000,1.500000,,,,,,,,,,,,,,,,1.090979,0.046603,1.054943,0.080425,0.000000,0.000000,-0.317525,,0.122538,0.000000,,,,0.042716,0.121231,1.500000,34.669292,21.874015,0.000000,circle,预设轨迹15,forward
1775478732.430527,30.996272,1775478750.612545|完整运动,完整运动,circle_orbit,1,1.000000,1.500000,1.500000,,,,,,,,,,,,,,,,1.090388,0.046288,1.054943,0.043932,0.000000,0.000000,-0.317525,,0.122538,0.000000,,,,0.042451,0.121166,1.500000,34.669292,21.874015,0.000000,circle,预设轨迹15,forward
1775478732.451087,31.016831,1775478750.612545|完整运动,完整运动,circle_orbit,1,1.000000,1.500000,1.500000,,,,,,,,,,,,,,,,1.089764,0.050619,1.052339,0.083098,0.000000,0.000000,-0.311033,,0.127623,0.000000,,,,0.046449,0.121096,1.500000,34.715219,21.828087,0.000000,circle,预设轨迹15,forward
1775478732.478297,31.044041,1775478750.612545|完整运动,完整运动,circle_orbit,1,1.000000,1.500000,1.500000,,,,,,,,,,,,,,,,1.089142,0.052503,1.051803,0.066634,0.000000,0.000000,-0.307853,,0.129490,0.000000,,,,0.048206,0.121027,1.500000,34.737812,21.805494,0.000000,circle,预设轨迹15,forward
1775478732.509477,31.075222,1775478750.612545|完整运动,完整运动,circle_orbit,1,1.000000,1.500000,1.500000,,,,,,,,,,,,,,,,1.088497,0.056726,1.049800,0.088398,0.000000,0.000000,-0.301337,,0.134087,0.000000,,,,0.052114,0.120956,1.500000,34.782898,21.760409,0.000000,circle,预设轨迹15,forward
1775478732.535419,31.101163,1775478750.612545|完整运动,完整运动,circle_orbit,1,1.000000,1.500000,1.500000,,,,,,,,,,,,,,,,1.087850,0.058633,1.049029,0.072939,0.000000,0.000000,-0.297959,,0.136245,0.000000,,,,0.053898,0.120884,1.500000,34.805303,21.738004,0.000000,circle,预设轨迹15,forward
1775478732.556107,31.121851,1775478750.612545|完整运动,完整运动,circle_orbit,1,1.000000,1.500000,1.500000,,,,,,,,,,,,,,,,1.087195,0.060456,1.047872,0.074124,0.000000,0.000000,-0.294684,,0.138687,0.000000,,,,0.055607,0.120811,1.500000,34.827890,21.715417,0.000000,circle,预设轨迹15,forward
1775478732.587785,31.153529,1775478750.612545|完整运动,完整运动,circle_orbit,1,1.000000,1.500000,1.500000,,,,,,,,,,,,,,,,1.086529,0.062242,1.046607,0.075640,0.000000,0.000000,-0.291445,,0.141208,0.000000,,,,0.057285,0.120737,1.500000,34.850457,21.692850,0.000000,circle,预设轨迹15,forward
1775478732.616252,31.181997,1775478750.612545|完整运动,完整运动,circle_orbit,1,1.000000,1.500000,1.500000,,,,,,,,,,,,,,,,1.085867,0.066498,1.046153,0.098420,0.000000,0.000000,-0.284685,,0.144602,0.000000,,,,0.061240,0.120663,1.500000,34.895208,21.648099,0.000000,circle,预设轨迹15,forward
1775478732.636640,31.202384,1775478750.612545|完整运动,完整运动,circle_orbit,1,1.000000,1.500000,1.500000,,,,,,,,,,,,,,,,1.085207,0.068304,1.045558,0.081845,0.000000,0.000000,-0.281257,,0.146636,0.000000,,,,0.062941,0.120590,1.500000,34.917632,21.625675,0.000000,circle,预设轨迹15,forward
1775478732.666553,31.232298,1775478750.612545|完整运动,完整运动,circle_orbit,1,1.000000,1.500000,1.500000,,,,,,,,,,,,,,,,1.084545,0.070161,1.044869,0.084093,0.000000,0.000000,-0.277742,,0.148788,0.000000,,,,0.064692,0.120516,1.500000,34.940175,21.603132,0.000000,circle,预设轨迹15,forward
1775478732.700481,31.266225,1775478750.612545|完整运动,完整运动,circle_orbit,1,1.000000,1.500000,1.500000,,,,,,,,,,,,,,,,1.083881,0.074546,1.044000,0.107430,0.000000,0.000000,-0.270628,,0.152698,0.000000,,,,0.068777,0.120443,1.500000,34.985015,21.558291,0.000000,circle,预设轨迹15,forward
1775478732.721094,31.286838,1775478750.612545|完整运动,完整运动,circle_orbit,1,1.000000,1.500000,1.500000,,,,,,,,,,,,,,,,1.083218,0.076349,1.043438,0.089874,0.000000,0.000000,-0.267027,,0.154782,0.000000,,,,0.070484,0.120369,1.500000,35.007197,21.536110,0.000000,circle,预设轨迹15,forward
1775478732.752846,31.318590,1775478750.612545|完整运动,完整运动,circle_orbit,1,1.000000,1.500000,1.500000,,,,,,,,,,,,,,,,1.082557,0.078190,1.042909,0.091994,0.000000,0.000000,-0.263364,,0.156866,0.000000,,,,0.072227,0.120296,1.500000,35.029299,21.514008,0.000000,circle,预设轨迹15,forward
1775478732.788043,31.353787,1775478750.612545|完整运动,完整运动,circle_orbit,1,1.000000,1.500000,1.500000,,,,,,,,,,,,,,,,1.081898,0.080040,1.042369,0.093919,0.000000,0.000000,-0.259675,,0.158972,0.000000,,,,0.073981,0.120222,1.500000,35.051513,21.491794,0.000000,circle,预设轨迹15,forward
1775478732.808847,31.374592,1775478750.612545|完整运动,完整运动,circle_orbit,1,1.000000,1.500000,1.500000,,,,,,,,,,,,,,,,1.081243,0.086379,1.041926,0.133919,0.000000,0.000000,-0.247908,,0.164584,0.000000,,,,0.079889,0.120149,1.500000,35.118251,21.425055,0.000000,circle,预设轨迹15,forward
1775478732.830531,31.396275,1775478750.612545|完整运动,完整运动,circle_orbit,1,1.000000,1.500000,1.500000,,,,,,,,,,,,,,,,1.080598,0.087266,1.041926,0.093919,0.000000,0.000000,-0.247908,,0.164584,0.000000,,,,0.080757,0.120078,1.500000,35.118251,21.425055,0.000000,circle,预设轨迹15,forward
1775478732.851219,31.416963,1775478750.612545|完整运动,完整运动,circle_orbit,1,1.000000,1.500000,1.500000,,,,,,,,,,,,,,,,1.079971,0.089181,1.042351,0.103543,0.000000,0.000000,-0.243834,,0.166028,0.000000,,,,0.082577,0.120008,1.500000,35.140392,21.402915,0.000000,circle,预设轨迹15,forward
1775478732.871599,31.437343,1775478750.612545|完整运动,完整运动,circle_orbit,1,1.000000,1.500000,1.500000,,,,,,,,,,,,,,,,1.079369,0.094306,1.043249,0.132747,0.000000,0.000000,-0.235198,,0.169093,0.000000,,,,0.087372,0.119941,1.500000,35.184713,21.358593,0.000000,circle,预设轨迹15,forward
1775478732.905104,31.470848,1775478750.612545|完整运动,完整运动,circle_orbit,1,1.000000,1.500000,1.500000,,,,,,,,,,,,,,,,1.078778,0.096355,1.043273,0.111716,0.000000,0.000000,-0.230753,,0.171048,0.000000,,,,0.089318,0.119876,1.500000,35.206999,21.336308,0.000000,circle,预设轨迹15,forward
1775478732.943745,31.509489,1775478750.612545|完整运动,完整运动,circle_orbit,1,1.000000,1.500000,1.500000,,,,,,,,,,,,,,,,1.078198,0.101096,1.043405,0.136661,0.000000,0.000000,-0.222481,,0.174611,0.000000,,,,0.093764,0.119811,1.500000,35.251376,21.291931,0.000000,circle,预设轨迹15,forward
1775478732.974610,31.540354,1775478750.612545|完整运动,完整运动,circle_orbit,1,1.000000,1.500000,1.500000,,,,,,,,,,,,,,,,1.077633,0.102695,1.043750,0.114685,0.000000,0.000000,-0.218518,,0.176075,0.000000,,,,0.095297,0.119748,1.500000,35.273284,21.270022,0.000000,circle,预设轨迹15,forward
1775478732.998649,31.564393,1775478750.612545|完整运动,完整运动,circle_orbit,1,1.000000,1.500000,1.500000,,,,,,,,,,,,,,,,1.077089,0.107056,1.044431,0.139763,0.000000,0.000000,-0.210656,,0.178984,0.000000,,,,0.099394,0.119688,1.500000,35.317162,21.226144,0.000000,circle,预设轨迹15,forward
1775478733.019235,31.584979,1775478750.612545|完整运动,完整运动,circle_orbit,1,1.000000,1.500000,1.500000,,,,,,,,,,,,,,,,1.076556,0.108624,1.044599,0.120387,0.000000,0.000000,-0.206630,,0.180630,0.000000,,,,0.100900,0.119629,1.500000,35.339513,21.203794,0.000000,circle,预设轨迹15,forward
1775478733.051817,31.617561,1775478750.612545|完整运动,完整运动,circle_orbit,1,1.000000,1.500000,1.500000,,,,,,,,,,,,,,,,1.076041,0.110228,1.045132,0.122251,0.000000,0.000000,-0.202575,,0.181974,0.000000,,,,0.102438,0.119571,1.500000,35.362072,21.181235,0.000000,circle,预设轨迹15,forward
1775478733.080797,31.646541,1775478750.612545|完整运动,完整运动,circle_orbit,1,1.000000,1.500000,1.500000,,,,,,,,,,,,,,,,1.075570,0.114778,1.047304,0.148904,0.000000,0.000000,-0.194352,,0.183768,0.000000,,,,0.106713,0.119519,1.500000,35.406737,21.136570,0.000000,circle,预设轨迹15,forward
1775478733.102682,31.668427,1775478750.612545|完整运动,完整运动,circle_orbit,1,1.000000,1.500000,1.500000,,,,,,,,,,,,,,,,1.075121,0.116407,1.048197,0.128623,0.000000,0.000000,-0.190133,,0.184881,0.000000,,,,0.108273,0.119469,1.500000,35.428941,21.114366,0.000000,circle,预设轨迹15,forward
1775478733.126154,31.691899,1775478750.612545|完整运动,完整运动,circle_orbit,1,1.000000,1.500000,1.500000,,,,,,,,,,,,,,,,1.074702,0.118138,1.049586,0.131120,0.000000,0.000000,-0.185784,,0.185631,0.000000,,,,0.109926,0.119423,1.500000,35.451235,21.092071,0.000000,circle,预设轨迹15,forward
1775478733.160633,31.726377,1775478750.612545|完整运动,完整运动,circle_orbit,1,1.000000,1.500000,1.500000,,,,,,,,,,,,,,,,1.074334,0.123036,1.052242,0.159772,0.000000,0.000000,-0.176945,,0.187305,0.000000,,,,0.114523,0.119382,1.500000,35.495884,21.047422,0.000000,circle,预设轨迹15,forward
1775478733.198590,31.764334,1775478750.612545|完整运动,完整运动,circle_orbit,1,1.000000,1.500000,1.500000,,,,,,,,,,,,,,,,1.073998,0.124777,1.053829,0.137839,0.000000,0.000000,-0.172425,,0.187973,0.000000,,,,0.116180,0.119344,1.500000,35.518060,21.025246,0.000000,circle,预设轨迹15,forward
1775478733.233309,31.799053,1775478750.612545|完整运动,完整运动,circle_orbit,1,1.000000,1.500000,1.500000,,,,,,,,,,,,,,,,1.073753,0.131020,1.059040,0.177839,0.000000,0.000000,-0.158294,,0.189876,0.000000,,,,0.122020,0.119317,1.500000,35.583597,20.959710,0.000000,circle,预设轨迹15,forward
1775478733.255574,31.821319,1775478750.612545|完整运动,完整运动,circle_orbit,1,1.000000,1.500000,1.500000,,,,,,,,,,,,,,,,1.073547,0.132988,1.061217,0.147751,0.000000,0.000000,-0.153489,,0.190196,0.000000,,,,0.123877,0.119294,1.500000,35.604829,20.938478,0.000000,circle,预设轨迹15,forward
1775478733.287966,31.853710,1775478750.612545|完整运动,完整运动,circle_orbit,1,1.000000,1.500000,1.500000,,,,,,,,,,,,,,,,1.073385,0.134988,1.063666,0.149982,0.000000,0.000000,-0.148622,,0.190325,0.000000,,,,0.125759,0.119276,1.500000,35.626397,20.916910,0.000000,circle,预设轨迹15,forward
1775478733.315094,31.880838,1775478750.612545|完整运动,完整运动,circle_orbit,1,1.000000,1.500000,1.500000,,,,,,,,,,,,,,,,1.073319,0.140600,1.069359,0.182693,0.000000,0.000000,-0.138599,,0.190088,0.000000,,,,0.130995,0.119269,1.500000,35.669442,20.873864,0.000000,circle,预设轨迹15,forward
1775478733.351060,31.916804,1775478750.612545|完整运动,完整运动,circle_orbit,1,1.000000,1.500000,1.500000,,,,,,,,,,,,,,,,1.073298,0.142484,1.072028,0.156613,0.000000,0.000000,-0.133657,,0.190102,0.000000,,,,0.132753,0.119267,1.500000,35.690771,20.852535,0.000000,circle,预设轨迹15,forward
1775478733.373944,31.939688,1775478750.612545|完整运动,完整运动,circle_orbit,1,1.000000,1.500000,1.500000,,,,,,,,,,,,,,,,1.073312,0.144213,1.074123,0.157186,0.000000,0.000000,-0.128930,,0.190497,0.000000,,,,0.134363,0.119268,1.500000,35.712179,20.831128,0.000000,circle,预设轨迹15,forward
1775478733.394660,31.960404,1775478750.612545|完整运动,完整运动,circle_orbit,1,1.000000,1.500000,1.500000,,,,,,,,,,,,,,,,1.073391,0.148712,1.078146,0.182447,0.000000,0.000000,-0.120275,,0.191087,0.000000,,,,0.138544,0.119277,1.500000,35.754756,20.788551,0.000000,circle,预设轨迹15,forward
1775478733.421244,31.986989,1775478750.612545|完整运动,完整运动,circle_orbit,1,1.000000,1.500000,1.500000,,,,,,,,,,,,,,,,1.073511,0.149907,1.080742,0.158869,0.000000,0.000000,-0.116163,,0.190827,0.000000,,,,0.139641,0.119290,1.500000,35.775829,20.767477,0.000000,circle,预设轨迹15,forward
1775478733.454875,32.020620,1775478750.612545|完整运动,完整运动,circle_orbit,1,1.000000,1.500000,1.500000,,,,,,,,,,,,,,,,1.073680,0.151171,1.083808,0.160653,0.000000,0.000000,-0.111985,,0.190230,0.000000,,,,0.140797,0.119309,1.500000,35.796646,20.746660,0.000000,circle,预设轨迹15,forward
1775478733.486557,32.052301,1775478750.612545|完整运动,完整运动,circle_orbit,1,1.000000,1.500000,1.500000,,,,,,,,,,,,,,,,1.073941,0.155474,1.089592,0.187744,0.000000,0.000000,-0.103515,,0.189402,0.000000,,,,0.144769,0.119338,1.500000,35.838433,20.704874,0.000000,circle,预设轨迹15,forward
1775478733.511363,32.077107,1775478750.612545|完整运动,完整运动,circle_orbit,1,1.000000,1.500000,1.500000,,,,,,,,,,,,,,,,1.074250,0.156721,1.092755,0.166077,0.000000,0.000000,-0.099245,,0.188810,0.000000,,,,0.145889,0.119372,1.500000,35.859433,20.683873,0.000000,circle,预设轨迹15,forward
1775478733.531765,32.097509,1775478750.612545|完整运动,完整运动,circle_orbit,1,1.000000,1.500000,1.500000,,,,,,,,,,,,,,,,1.074663,0.161105,1.099498,0.193984,0.000000,0.000000,-0.090546,,0.187415,0.000000,,,,0.149912,0.119418,1.500000,35.901767,20.641539,0.000000,circle,预设轨迹15,forward
1775478733.564579,32.130323,1775478750.612545|完整运动,完整运动,circle_orbit,1,1.000000,1.500000,1.500000,,,,,,,,,,,,,,,,1.075141,0.162529,1.103821,0.173207,0.000000,0.000000,-0.085908,,0.186138,0.000000,,,,0.151170,0.119471,1.500000,35.922912,20.620395,0.000000,circle,预设轨迹15,forward
1775478733.593329,32.159073,1775478750.612545|完整运动,完整运动,circle_orbit,1,1.000000,1.500000,1.500000,,,,,,,,,,,,,,,,1.075745,0.167572,1.111985,0.205396,0.000000,0.000000,-0.076146,,0.184241,0.000000,,,,0.155773,0.119539,1.500000,35.965514,20.577793,0.000000,circle,预设轨迹15,forward
1775478733.614266,32.180011,1775478750.612545|完整运动,完整运动,circle_orbit,1,1.000000,1.500000,1.500000,,,,,,,,,,,,,,,,1.076408,0.169153,1.116186,0.181010,0.000000,0.000000,-0.071129,,0.183298,0.000000,,,,0.157146,0.119612,1.500000,35.986874,20.556433,0.000000,circle,预设轨迹15,forward
1775478733.636471,32.202215,1775478750.612545|完整运动,完整运动,circle_orbit,1,1.000000,1.500000,1.500000,,,,,,,,,,,,,,,,1.077133,0.170752,1.120615,0.182745,0.000000,0.000000,-0.066105,,0.182212,0.000000,,,,0.158524,0.119693,1.500000,36.008212,20.535095,0.000000,circle,预设轨迹15,forward
1775478733.663680,32.229424,1775478750.612545|完整运动,完整运动,circle_orbit,1,1.000000,1.500000,1.500000,,,,,,,,,,,,,,,,1.077922,0.172344,1.125241,0.184287,0.000000,0.000000,-0.061105,,0.180995,0.000000,,,,0.159886,0.119780,1.500000,36.029406,20.513901,0.000000,circle,预设轨迹15,forward
1775478733.684818,32.250562,1775478750.612545|完整运动,完整运动,circle_orbit,1,1.000000,1.500000,1.500000,,,,,,,,,,,,,,,,1.078845,0.177364,1.134214,0.215014,0.000000,0.000000,-0.051244,,0.178786,0.000000,,,,0.164402,0.119883,1.500000,36.071525,20.471782,0.000000,circle,预设轨迹15,forward
1775478733.708072,32.273816,1775478750.612545|完整运动,完整运动,circle_orbit,1,1.000000,1.500000,1.500000,,,,,,,,,,,,,,,,1.079867,0.178939,1.141241,0.190747,0.000000,0.000000,-0.046099,,0.175984,0.000000,,,,0.165704,0.119997,1.500000,36.092006,20.451301,0.000000,circle,预设轨迹15,forward
1775478733.739030,32.304775,1775478750.612545|完整运动,完整运动,circle_orbit,1,1.000000,1.500000,1.500000,,,,,,,,,,,,,,,,1.080992,0.180573,1.148461,0.192828,0.000000,0.000000,-0.040883,,0.173138,0.000000,,,,0.167044,0.120122,1.500000,36.112291,20.431015,0.000000,circle,预设轨迹15,forward
1775478733.778133,32.343877,1775478750.612545|完整运动,完整运动,circle_orbit,1,1.000000,1.500000,1.500000,,,,,,,,,,,,,,,,1.082165,0.181965,1.152571,0.192404,0.000000,0.000000,-0.036027,,0.172385,0.000000,,,,0.168149,0.120252,1.500000,36.133166,20.410141,0.000000,circle,预设轨迹15,forward
1775478733.811952,32.377696,1775478750.612545|完整运动,完整运动,circle_orbit,1,1.000000,1.500000,1.500000,,,,,,,,,,,,,,,,1.083457,0.186438,1.160948,0.219985,0.000000,0.000000,-0.026816,,0.170610,0.000000,,,,0.172077,0.120396,1.500000,36.175563,20.367744,0.000000,circle,预设轨迹15,forward
1775478733.832950,32.398694,1775478750.612545|完整运动,完整运动,circle_orbit,1,1.000000,1.500000,1.500000,,,,,,,,,,,,,,,,1.084896,0.190315,1.171266,0.219396,0.000000,0.000000,-0.018301,,0.167281,0.000000,,,,0.175422,0.120555,1.500000,36.218270,20.325037,0.000000,circle,预设轨迹15,forward
1775478733.855285,32.421029,1775478750.612545|完整运动,完整运动,circle_orbit,1,1.000000,1.500000,1.500000,,,,,,,,,,,,,,,,1.086414,0.191133,1.177458,0.197264,0.000000,0.000000,-0.014026,,0.164972,0.000000,,,,0.175930,0.120724,1.500000,36.239543,20.303763,0.000000,circle,预设轨迹15,forward
1775478733.882334,32.448078,1775478750.612545|完整运动,完整运动,circle_orbit,1,1.000000,1.500000,1.500000,,,,,,,,,,,,,,,,1.087998,0.191973,1.183035,0.198278,0.000000,0.000000,-0.009780,,0.163106,0.000000,,,,0.176446,0.120900,1.500000,36.261073,20.282234,0.000000,circle,预设轨迹15,forward
1775478733.905918,32.471662,1775478750.612545|完整运动,完整运动,circle_orbit,1,1.000000,1.500000,1.500000,,,,,,,,,,,,,,,,1.089728,0.195862,1.193558,0.225029,0.000000,0.000000,-0.001255,,0.159909,0.000000,,,,0.179735,0.121092,1.500000,36.304359,20.238948,0.000000,circle,预设轨迹15,forward
1775478733.927005,32.492749,1775478750.612545|完整运动,完整运动,circle_orbit,1,1.000000,1.500000,1.500000,,,,,,,,,,,,,,,,1.091443,0.196549,1.194306,0.201703,0.000000,0.000000,0.002830,,0.158717,0.000000,,,,0.180082,0.121283,1.500000,36.325978,20.217329,0.000000,circle,预设轨迹15,forward
1775478733.954115,32.519859,1775478750.612545|完整运动,完整运动,circle_orbit,1,1.000000,1.500000,1.500000,,,,,,,,,,,,,,,,1.093119,0.197182,1.193727,0.201927,0.000000,0.000000,0.006772,,0.157345,0.000000,,,,0.180385,0.121469,1.500000,36.347398,20.195908,0.000000,circle,预设轨迹15,forward
1775478733.975732,32.541476,1775478750.612545|完整运动,完整运动,circle_orbit,1,1.000000,1.500000,1.500000,,,,,,,,,,,,,,,,1.094761,0.197901,1.193282,0.203296,0.000000,0.000000,0.010772,,0.155860,0.000000,,,,0.180771,0.121652,1.500000,36.368751,20.174555,0.000000,circle,预设轨迹15,forward
1775478733.998878,32.564622,1775478750.612545|完整运动,完整运动,circle_orbit,1,1.000000,1.500000,1.500000,,,,,,,,,,,,,,,,1.096368,0.198684,1.192789,0.204553,0.000000,0.000000,0.014809,,0.154391,0.000000,,,,0.181220,0.121830,1.500000,36.390404,20.152902,0.000000,circle,预设轨迹15,forward
1775478734.020511,32.586255,1775478750.612545|完整运动,完整运动,circle_orbit,1,1.000000,1.500000,1.500000,,,,,,,,,,,,,,,,1.097936,0.199427,1.191966,0.204997,0.000000,0.000000,0.018742,,0.153185,0.000000,,,,0.181638,0.122004,1.500000,36.412104,20.131203,0.000000,circle,预设轨迹15,forward
1775478734.040790,32.606534,1775478750.612545|完整运动,完整运动,circle_orbit,1,1.000000,1.500000,1.500000,,,,,,,,,,,,,,,,1.099474,0.200086,1.191763,0.205028,0.000000,0.000000,0.022513,,0.151643,0.000000,,,,0.181983,0.122175,1.500000,36.433856,20.109451,0.000000,circle,预设轨迹15,forward
1775478734.073347,32.639091,1775478750.612545|完整运动,完整运动,circle_orbit,1,1.000000,1.500000,1.500000,,,,,,,,,,,,,,,,1.100988,0.200781,1.191862,0.205999,0.000000,0.000000,0.026292,,0.149898,0.000000,,,,0.182365,0.122344,1.500000,36.455687,20.087620,0.000000,circle,预设轨迹15,forward
1775478734.109839,32.675584,1775478750.612545|完整运动,完整运动,circle_orbit,1,1.000000,1.500000,1.500000,,,,,,,,,,,,,,,,1.102492,0.204187,1.192712,0.229732,0.000000,0.000000,0.033891,,0.145960,0.000000,,,,0.185205,0.122511,1.500000,36.499355,20.043952,0.000000,circle,预设轨迹15,forward
1775478734.130991,32.696735,1775478750.612545|完整运动,完整运动,circle_orbit,1,1.000000,1.500000,1.500000,,,,,,,,,,,,,,,,1.103975,0.207631,1.192977,0.233460,0.000000,0.000000,0.041661,,0.142331,0.000000,,,,0.188076,0.122676,1.500000,36.543668,19.999639,0.000000,circle,预设轨迹15,forward
1775478734.154374,32.720119,1775478750.612545|完整运动,完整运动,circle_orbit,1,1.000000,1.500000,1.500000,,,,,,,,,,,,,,,,1.105444,0.208585,1.193554,0.215736,0.000000,0.000000,0.046002,,0.140022,0.000000,,,,0.188689,0.122839,1.500000,36.566360,19.976947,0.000000,circle,预设轨迹15,forward
1775478734.190937,32.756681,1775478750.612545|完整运动,完整运动,circle_orbit,1,1.000000,1.500000,1.500000,,,,,,,,,,,,,,,,1.106905,0.209744,1.194585,0.218438,0.000000,0.000000,0.050607,,0.137297,0.000000,,,,0.189487,0.123001,1.500000,36.589130,19.954177,0.000000,circle,预设轨迹15,forward
1775478734.211314,32.777058,1775478750.612545|完整运动,完整运动,circle_orbit,1,1.000000,1.500000,1.500000,,,,,,,,,,,,,,,,1.108367,0.213898,1.196096,0.245051,0.000000,0.000000,0.059459,,0.132371,0.000000,,,,0.192984,0.123164,1.500000,36.633798,19.909509,0.000000,circle,预设轨迹15,forward
1775478734.238240,32.803984,1775478750.612545|完整运动,完整运动,circle_orbit,1,1.000000,1.500000,1.500000,,,,,,,,,,,,,,,,1.109806,0.212857,1.196096,0.205051,0.000000,0.000000,0.059459,,0.132371,0.000000,,,,0.191797,0.123323,1.500000,36.633798,19.909509,0.000000,circle,预设轨迹15,forward
1775478734.267681,32.833426,1775478750.612545|完整运动,完整运动,circle_orbit,1,1.000000,1.500000,1.500000,,,,,,,,,,,,,,,,1.111296,0.215906,1.200745,0.238778,0.000000,0.000000,0.066884,,0.126036,0.000000,,,,0.194283,0.123489,1.500000,36.676655,19.866652,0.000000,circle,预设轨迹15,forward
1775478734.288204,32.853948,1775478750.612545|完整运动,完整运动,circle_orbit,1,1.000000,1.500000,1.500000,,,,,,,,,,,,,,,,1.112775,0.218343,1.201521,0.236617,0.000000,0.000000,0.073520,,0.122582,0.000000,,,,0.196215,0.123653,1.500000,36.719577,19.823729,0.000000,circle,预设轨迹15,forward
1775478734.310320,32.876065,1775478750.612545|完整运动,完整运动,circle_orbit,1,1.000000,1.500000,1.500000,,,,,,,,,,,,,,,,1.114230,0.216086,1.201521,0.199163,0.000000,0.000000,0.073520,,0.122582,0.000000,,,,0.193933,0.123815,1.500000,36.719577,19.823729,0.000000,circle,预设轨迹15,forward
1775478734.333102,32.898846,1775478750.612545|完整运动,完整运动,circle_orbit,1,1.000000,1.500000,1.500000,,,,,,,,,,,,,,,,1.115668,0.216119,1.201907,0.216362,0.000000,0.000000,0.076557,,0.120982,0.000000,,,,0.193713,0.123975,1.500000,36.740991,19.802316,0.000000,circle,预设轨迹15,forward
1775478734.353402,32.919146,1775478750.612545|完整运动,完整运动,circle_orbit,1,1.000000,1.500000,1.500000,,,,,,,,,,,,,,,,1.117104,0.217766,1.203306,0.230117,0.000000,0.000000,0.081816,,0.117738,0.000000,,,,0.194938,0.124134,1.500000,36.783252,19.760055,0.000000,circle,预设轨迹15,forward
1775478734.383575,32.949319,1775478750.612545|完整运动,完整运动,circle_orbit,1,1.000000,1.500000,1.500000,,,,,,,,,,,,,,,,1.118541,0.217271,1.204741,0.213562,0.000000,0.000000,0.084047,,0.115818,0.000000,,,,0.194245,0.124294,1.500000,36.804353,19.738954,0.000000,circle,预设轨迹15,forward
1775478734.411680,32.977424,1775478750.612545|完整运动,完整运动,circle_orbit,1,1.000000,1.500000,1.500000,,,,,,,,,,,,,,,,1.120008,0.217913,1.208059,0.222726,0.000000,0.000000,0.087799,,0.112012,0.000000,,,,0.194564,0.124457,1.500000,36.846553,19.696754,0.000000,circle,预设轨迹15,forward
1775478734.432560,32.998304,1775478750.612545|完整运动,完整运动,circle_orbit,1,1.000000,1.500000,1.500000,,,,,,,,,,,,,,,,1.121470,0.217098,1.209157,0.210985,0.000000,0.000000,0.089448,,0.110576,0.000000,,,,0.193583,0.124620,1.500000,36.867708,19.675598,0.000000,circle,预设轨迹15,forward
1775478734.453775,33.019519,1775478750.612545|完整运动,完整运动,circle_orbit,1,1.000000,1.500000,1.500000,,,,,,,,,,,,,,,,1.122941,0.216395,1.211230,0.211123,0.000000,0.000000,0.091147,,0.108493,0.000000,,,,0.192704,0.124783,1.500000,36.888817,19.654489,0.000000,circle,预设轨迹15,forward
1775478734.477614,33.043358,1775478750.612545|完整运动,完整运动,circle_orbit,1,1.000000,1.500000,1.500000,,,,,,,,,,,,,,,,1.124431,0.215828,1.213831,0.211577,0.000000,0.000000,0.092946,,0.106035,0.000000,,,,0.191944,0.124949,1.500000,36.909812,19.633495,0.000000,circle,预设轨迹15,forward
1775478734.501871,33.067616,1775478750.612545|完整运动,完整运动,circle_orbit,1,1.000000,1.500000,1.500000,,,,,,,,,,,,,,,,1.125939,0.215427,1.216386,0.212422,0.000000,0.000000,0.094899,,0.103544,0.000000,,,,0.191331,0.125116,1.500000,36.930752,19.612555,0.000000,circle,预设轨迹15,forward
1775478734.533370,33.099114,1775478750.612545|完整运动,完整运动,circle_orbit,1,1.000000,1.500000,1.500000,,,,,,,,,,,,,,,,1.127457,0.215164,1.218540,0.213187,0.000000,0.000000,0.096980,,0.101257,0.000000,,,,0.190840,0.125285,1.500000,36.951460,19.591847,0.000000,circle,预设轨迹15,forward
1775478734.564916,33.130660,1775478750.612545|完整运动,完整运动,circle_orbit,1,1.000000,1.500000,1.500000,,,,,,,,,,,,,,,,1.129011,0.216723,1.222255,0.228419,0.000000,0.000000,0.101602,,0.096864,0.000000,,,,0.191958,0.125458,1.500000,36.992242,19.551065,0.000000,circle,预设轨迹15,forward
1775478734.585817,33.151561,1775478750.612545|完整运动,完整运动,circle_orbit,1,1.000000,1.500000,1.500000,,,,,,,,,,,,,,,,1.130554,0.217427,1.223137,0.222705,0.000000,0.000000,0.105051,,0.094778,0.000000,,,,0.192319,0.125629,1.500000,37.033863,19.509444,0.000000,circle,预设轨迹15,forward
1775478734.606889,33.172633,1775478750.612545|完整运动,完整运动,circle_orbit,1,1.000000,1.500000,1.500000,,,,,,,,,,,,,,,,1.132072,0.215712,1.223137,0.202853,0.000000,0.000000,0.105051,,0.094778,0.000000,,,,0.190547,0.125798,1.500000,37.033863,19.509444,0.000000,circle,预设轨迹15,forward
1775478734.627852,33.193596,1775478750.612545|完整运动,完整运动,circle_orbit,1,1.000000,1.500000,1.500000,,,,,,,,,,,,,,,,1.133639,0.215767,1.227645,0.216180,0.000000,0.000000,0.107437,,0.090903,0.000000,,,,0.190332,0.125972,1.500000,37.076485,19.466822,0.000000,circle,预设轨迹15,forward
1775478734.648150,33.213895,1775478750.612545|完整运动,完整运动,circle_orbit,1,1.000000,1.500000,1.500000,,,,,,,,,,,,,,,,1.135244,0.214924,1.231602,0.208600,0.000000,0.000000,0.108518,,0.087969,0.000000,,,,0.189320,0.126150,1.500000,37.097701,19.445605,0.000000,circle,预设轨迹15,forward
1775478734.675683,33.241427,1775478750.612545|完整运动,完整运动,circle_orbit,1,1.000000,1.500000,1.500000,,,,,,,,,,,,,,,,1.136824,0.213382,1.231602,0.201817,0.000000,0.000000,0.108518,,0.087969,0.000000,,,,0.187700,0.126326,1.500000,37.097701,19.445605,0.000000,circle,预设轨迹15,forward
1775478734.701178,33.266922,1775478750.612545|完整运动,完整运动,circle_orbit,1,1.000000,1.500000,1.500000,,,,,,,,,,,,,,,,1.138484,0.213485,1.238089,0.214258,0.000000,0.000000,0.110754,,0.082987,0.000000,,,,0.187517,0.126510,1.500000,37.139007,19.404300,0.000000,circle,预设轨迹15,forward
1775478734.721594,33.287338,1775478750.612545|完整运动,完整运动,circle_orbit,1,1.000000,1.500000,1.500000,,,,,,,,,,,,,,,,1.140159,0.212840,1.240660,0.208000,0.000000,0.000000,0.111907,,0.080905,0.000000,,,,0.186676,0.126696,1.500000,37.159688,19.383618,0.000000,circle,预设轨迹15,forward
1775478734.752498,33.318243,1775478750.612545|完整运动,完整运动,circle_orbit,1,1.000000,1.500000,1.500000,,,,,,,,,,,,,,,,1.141869,0.212264,1.244472,0.207947,0.000000,0.000000,0.113103,,0.078059,0.000000,,,,0.185892,0.126886,1.500000,37.180392,19.362915,0.000000,circle,预设轨迹15,forward
1775478734.782923,33.348667,1775478750.612545|完整运动,完整运动,circle_orbit,1,1.000000,1.500000,1.500000,,,,,,,,,,,,,,,,1.143630,0.211829,1.249296,0.208568,0.000000,0.000000,0.114453,,0.074550,0.000000,,,,0.185225,0.127082,1.500000,37.201257,19.342050,0.000000,circle,预设轨迹15,forward
1775478734.804015,33.369760,1775478750.612545|完整运动,完整运动,circle_orbit,1,1.000000,1.500000,1.500000,,,,,,,,,,,,,,,,1.145492,0.212555,1.257213,0.218000,0.000000,0.000000,0.117423,,0.068504,0.000000,,,,0.185558,0.127289,1.500000,37.243182,19.300124,0.000000,circle,预设轨迹15,forward
1775478734.834425,33.400169,1775478750.612545|完整运动,完整运动,circle_orbit,1,1.000000,1.500000,1.500000,,,,,,,,,,,,,,,,1.147379,0.212029,1.260582,0.208084,0.000000,0.000000,0.118637,,0.065971,0.000000,,,,0.184794,0.127499,1.500000,37.263789,19.279518,0.000000,circle,预设轨迹15,forward
1775478734.855717,33.421461,1775478750.612545|完整运动,完整运动,circle_orbit,1,1.000000,1.500000,1.500000,,,,,,,,,,,,,,,,1.149352,0.211596,1.267751,0.208343,0.000000,0.000000,0.119943,,0.061185,0.000000,,,,0.184100,0.127718,1.500000,37.304862,19.238445,0.000000,circle,预设轨迹15,forward
1775478734.875996,33.441740,1775478750.612545|完整运动,完整运动,circle_orbit,1,1.000000,1.500000,1.500000,,,,,,,,,,,,,,,,1.151386,0.210601,1.273419,0.203141,0.000000,0.000000,0.120415,,0.057684,0.000000,,,,0.182911,0.127944,1.500000,37.325705,19.217601,0.000000,circle,预设轨迹15,forward
1775478734.911252,33.476996,1775478750.612545|完整运动,完整运动,circle_orbit,1,1.000000,1.500000,1.500000,,,,,,,,,,,,,,,,1.153493,0.209781,1.279889,0.203633,0.000000,0.000000,0.121071,,0.053671,0.000000,,,,0.181866,0.128178,1.500000,37.346443,19.196864,0.000000,circle,预设轨迹15,forward
1775478734.932822,33.498566,1775478750.612545|完整运动,完整运动,circle_orbit,1,1.000000,1.500000,1.500000,,,,,,,,,,,,,,,,1.155655,0.209094,1.285362,0.203943,0.000000,0.000000,0.121861,,0.050201,0.000000,,,,0.180932,0.128418,1.500000,37.367302,19.176004,0.000000,circle,预设轨迹15,forward
1775478734.953474,33.519218,1775478750.612545|完整运动,完整运动,circle_orbit,1,1.000000,1.500000,1.500000,,,,,,,,,,,,,,,,1.157963,0.208953,1.296464,0.207896,0.000000,0.000000,0.123396,,0.043273,0.000000,,,,0.180449,0.128675,1.500000,37.409105,19.134202,0.000000,circle,预设轨迹15,forward
1775478734.986346,33.552090,1775478750.612545|完整运动,完整运动,circle_orbit,1,1.000000,1.500000,1.500000,,,,,,,,,,,,,,,,1.160306,0.207952,1.300876,0.200439,0.000000,0.000000,0.123689,,0.040690,0.000000,,,,0.179221,0.128935,1.500000,37.430333,19.112974,0.000000,circle,预设轨迹15,forward
1775478735.010810,33.576554,1775478750.612545|完整运动,完整运动,circle_orbit,1,1.000000,1.500000,1.500000,,,,,,,,,,,,,,,,1.162679,0.207069,1.305038,0.200448,0.000000,0.000000,0.124087,,0.038215,0.000000,,,,0.178096,0.129199,1.500000,37.452294,19.091013,0.000000,circle,预设轨迹15,forward
1775478735.031140,33.596884,1775478750.612545|完整运动,完整运动,circle_orbit,1,1.000000,1.500000,1.500000,,,,,,,,,,,,,,,,1.165223,0.206443,1.317862,0.201745,0.000000,0.000000,0.124811,,0.030903,0.000000,,,,0.177170,0.129481,1.500000,37.496629,19.046678,0.000000,circle,预设轨迹15,forward
1775478735.061674,33.627418,1775478750.612545|完整运动,完整运动,circle_orbit,1,1.000000,1.500000,1.500000,,,,,,,,,,,,,,,,1.167826,0.205481,1.324049,0.198271,0.000000,0.000000,0.125022,,0.027485,0.000000,,,,0.175952,0.129771,1.500000,37.518966,19.024341,0.000000,circle,预设轨迹15,forward
1775478735.084624,33.650368,1775478750.612545|完整运动,完整运动,circle_orbit,1,1.000000,1.500000,1.500000,,,,,,,,,,,,,,,,1.170476,0.204473,1.329469,0.196914,0.000000,0.000000,0.125109,,0.024559,0.000000,,,,0.174692,0.130065,1.500000,37.541512,19.001795,0.000000,circle,预设轨迹15,forward
1775478735.104926,33.670670,1775478750.612545|完整运动,完整运动,circle_orbit,1,1.000000,1.500000,1.500000,,,,,,,,,,,,,,,,1.173271,0.203706,1.340934,0.197953,0.000000,0.000000,0.125495,,0.018359,0.000000,,,,0.173622,0.130376,1.500000,37.586598,18.956709,0.000000,circle,预设轨迹15,forward
1775478735.129969,33.695713,1775478750.612545|完整运动,完整运动,circle_orbit,1,1.000000,1.500000,1.500000,,,,,,,,,,,,,,,,1.176019,0.202706,1.340934,0.195205,0.000000,0.000000,0.125495,,0.018359,0.000000,,,,0.172366,0.130681,1.500000,37.586598,18.956709,0.000000,circle,预设轨迹15,forward
1775478735.159405,33.725149,1775478750.612545|完整运动,完整运动,circle_orbit,1,1.000000,1.500000,1.500000,,,,,,,,,,,,,,,,1.178920,0.202423,1.352986,0.200303,0.000000,0.000000,0.126474,,0.011696,0.000000,,,,0.171702,0.131004,1.500000,37.631426,18.911880,0.000000,circle,预设轨迹15,forward
1775478735.179774,33.745518,1775478750.612545|完整运动,完整运动,circle_orbit,1,1.000000,1.500000,1.500000,,,,,,,,,,,,,,,,1.181858,0.201803,1.358123,0.197147,0.000000,0.000000,0.126958,,0.008859,0.000000,,,,0.170750,0.131330,1.500000,37.653980,18.889327,0.000000,circle,预设轨迹15,forward
1775478735.211221,33.776965,1775478750.612545|完整运动,完整运动,circle_orbit,1,1.000000,1.500000,1.500000,,,,,,,,,,,,,,,,1.184811,0.200948,1.361984,0.194539,0.000000,0.000000,0.127073,,0.006852,0.000000,,,,0.169603,0.131658,1.500000,37.676823,18.866483,0.000000,circle,预设轨迹15,forward
1775478735.236613,33.802357,1775478750.612545|完整运动,完整运动,circle_orbit,1,1.000000,1.500000,1.500000,,,,,,,,,,,,,,,,1.187795,0.200003,1.366819,0.192918,0.000000,0.000000,0.127013,,0.004444,0.000000,,,,0.168382,0.131990,1.500000,37.699701,18.843606,0.000000,circle,预设轨迹15,forward
1775478735.256946,33.822690,1775478750.612545|完整运动,完整运动,circle_orbit,1,1.000000,1.500000,1.500000,,,,,,,,,,,,,,,,1.190819,0.198488,1.372298,0.187121,0.000000,0.000000,0.126107,,-0.002108,0.000000,,,,0.166682,0.132326,1.500000,37.746022,18.797285,0.000000,circle,预设轨迹15,forward
1775478735.288682,33.854426,1775478750.612545|完整运动,完整运动,circle_orbit,1,1.000000,1.500000,1.500000,,,,,,,,,,,,,,,,1.193691,0.197405,1.366002,0.189289,0.000000,0.000000,0.125740,,-0.005420,0.000000,,,,0.165374,0.132645,1.500000,37.769416,18.773891,0.000000,circle,预设轨迹15,forward
1775478735.311200,33.876944,1775478750.612545|完整运动,完整运动,circle_orbit,1,1.000000,1.500000,1.500000,,,,,,,,,,,,,,,,1.196416,0.196362,1.359925,0.188536,0.000000,0.000000,0.125379,,-0.008647,0.000000,,,,0.164125,0.132948,1.500000,37.793056,18.750250,0.000000,circle,预设轨迹15,forward
1775478735.331503,33.897247,1775478750.612545|完整运动,完整运动,circle_orbit,1,1.000000,1.500000,1.500000,,,,,,,,,,,,,,,,1.198964,0.195139,1.351848,0.185971,0.000000,0.000000,0.124722,,-0.013058,0.000000,,,,0.162757,0.133231,1.500000,37.841346,18.701961,0.000000,circle,预设轨迹15,forward
1775478735.363768,33.929512,1775478750.612545|完整运动,完整运动,circle_orbit,1,1.000000,1.500000,1.500000,,,,,,,,,,,,,,,,1.201471,0.194425,1.351848,0.189070,0.000000,0.000000,0.124722,,-0.013058,0.000000,,,,0.161823,0.133509,1.500000,37.841346,18.701961,0.000000,circle,预设轨迹15,forward
1775478735.401066,33.966810,1775478750.612545|完整运动,完整运动,circle_orbit,1,1.000000,1.500000,1.500000,,,,,,,,,,,,,,,,1.203598,0.193515,1.331270,0.186691,0.000000,0.000000,0.124452,,-0.023897,0.000000,,,,0.160781,0.133746,1.500000,37.913239,18.630068,0.000000,circle,预设轨迹15,forward
1775478735.426502,33.992246,1775478750.612545|完整运动,完整运动,circle_orbit,1,1.000000,1.500000,1.500000,,,,,,,,,,,,,,,,1.205586,0.192799,1.324868,0.187429,0.000000,0.000000,0.124424,,-0.027313,0.000000,,,,0.159922,0.133967,1.500000,37.937040,18.606267,0.000000,circle,预设轨迹15,forward
1775478735.447375,34.013119,1775478750.612545|完整运动,完整运动,circle_orbit,1,1.000000,1.500000,1.500000,,,,,,,,,,,,,,,,1.207407,0.191454,1.316658,0.181363,0.000000,0.000000,0.123488,,-0.032141,0.000000,,,,0.158566,0.134169,1.500000,37.985078,18.558229,0.000000,circle,预设轨迹15,forward
1775478735.472780,34.038525,1775478750.612545|完整运动,完整运动,circle_orbit,1,1.000000,1.500000,1.500000,,,,,,,,,,,,,,,,1.209198,0.190815,1.316658,0.186023,0.000000,0.000000,0.123488,,-0.032141,0.000000,,,,0.157803,0.134368,1.500000,37.985078,18.558229,0.000000,circle,预设轨迹15,forward
1775478735.494264,34.060008,1775478750.612545|完整运动,完整运动,circle_orbit,1,1.000000,1.500000,1.500000,,,,,,,,,,,,,,,,1.210762,0.189288,1.304565,0.177833,0.000000,0.000000,0.122228,,-0.039302,0.000000,,,,0.156338,0.134542,1.500000,38.033367,18.509939,0.000000,circle,预设轨迹15,forward
1775478735.517887,34.083631,1775478750.612545|完整运动,完整运动,circle_orbit,1,1.000000,1.500000,1.500000,,,,,,,,,,,,,,,,1.212198,0.188206,1.298391,0.180089,0.000000,0.000000,0.121541,,-0.043024,0.000000,,,,0.155260,0.134701,1.500000,38.057448,18.485858,0.000000,circle,预设轨迹15,forward
1775478735.548937,34.114681,1775478750.612545|完整运动,完整运动,circle_orbit,1,1.000000,1.500000,1.500000,,,,,,,,,,,,,,,,1.213514,0.187144,1.292473,0.179179,0.000000,0.000000,0.120850,,-0.046638,0.000000,,,,0.154216,0.134848,1.500000,38.081337,18.461969,0.000000,circle,预设轨迹15,forward
1775478735.569684,34.135428,1775478750.612545|完整运动,完整运动,circle_orbit,1,1.000000,1.500000,1.500000,,,,,,,,,,,,,,,,1.214607,0.185538,1.280196,0.173493,0.000000,0.000000,0.119371,,-0.054251,0.000000,,,,0.152755,0.134969,1.500000,38.129012,18.414295,0.000000,circle,预设轨迹15,forward
1775478735.597734,34.163478,1775478750.612545|完整运动,完整运动,circle_orbit,1,1.000000,1.500000,1.500000,,,,,,,,,,,,,,,,1.215581,0.184545,1.273969,0.177103,0.000000,0.000000,0.118707,,-0.058125,0.000000,,,,0.151817,0.135077,1.500000,38.152580,18.390727,0.000000,circle,预设轨迹15,forward
1775478735.623792,34.189536,1775478750.612545|完整运动,完整运动,circle_orbit,1,1.000000,1.500000,1.500000,,,,,,,,,,,,,,,,1.216449,0.183472,1.268531,0.175419,0.000000,0.000000,0.117905,,-0.061637,0.000000,,,,0.150826,0.135174,1.500000,38.176206,18.367100,0.000000,circle,预设轨迹15,forward
1775478735.644834,34.210578,1775478750.612545|完整运动,完整运动,circle_orbit,1,1.000000,1.500000,1.500000,,,,,,,,,,,,,,,,1.217127,0.181894,1.257842,0.170063,0.000000,0.000000,0.116374,,-0.068597,0.000000,,,,0.149445,0.135249,1.500000,38.223002,18.320305,0.000000,circle,预设轨迹15,forward
1775478735.672025,34.237769,1775478750.612545|完整运动,完整运动,circle_orbit,1,1.000000,1.500000,1.500000,,,,,,,,,,,,,,,,1.217795,0.181441,1.257842,0.178042,0.000000,0.000000,0.116374,,-0.068597,0.000000,,,,0.148991,0.135323,1.500000,38.223002,18.320305,0.000000,circle,预设轨迹15,forward
1775478735.702900,34.268645,1775478750.612545|完整运动,完整运动,circle_orbit,1,1.000000,1.500000,1.500000,,,,,,,,,,,,,,,,1.218272,0.179573,1.246886,0.165560,0.000000,0.000000,0.114390,,-0.076029,0.000000,,,,0.147399,0.135376,1.500000,38.269428,18.273879,0.000000,circle,预设轨迹15,forward
1775478735.724604,34.290348,1775478750.612545|完整运动,完整运动,circle_orbit,1,1.000000,1.500000,1.500000,,,,,,,,,,,,,,,,1.218684,0.177990,1.243420,0.166120,0.000000,0.000000,0.112742,,-0.078857,0.000000,,,,0.146051,0.135422,1.500000,38.292907,18.250400,0.000000,circle,预设轨迹15,forward
1775478735.748983,34.314727,1775478750.612545|完整运动,完整运动,circle_orbit,1,1.000000,1.500000,1.500000,,,,,,,,,,,,,,,,1.219058,0.176049,1.241522,0.161494,0.000000,0.000000,0.110531,,-0.080992,0.000000,,,,0.144414,0.135464,1.500000,38.316689,18.226618,0.000000,circle,预设轨迹15,forward
1775478735.777692,34.343436,1775478750.612545|完整运动,完整运动,circle_orbit,1,1.000000,1.500000,1.500000,,,,,,,,,,,,,,,,1.219347,0.172239,1.236682,0.143664,0.000000,0.000000,0.105605,,-0.086137,0.000000,,,,0.141255,0.135496,1.500000,38.364789,18.178517,0.000000,circle,预设轨迹15,forward
1775478735.800223,34.365967,1775478750.612545|完整运动,完整运动,circle_orbit,1,1.000000,1.500000,1.500000,,,,,,,,,,,,,,,,1.219586,0.170357,1.233935,0.156237,0.000000,0.000000,0.103252,,-0.088870,0.000000,,,,0.139684,0.135522,1.500000,38.389118,18.154188,0.000000,circle,预设轨迹15,forward
1775478735.824387,34.390131,1775478750.612545|完整运动,完整运动,circle_orbit,1,1.000000,1.500000,1.500000,,,,,,,,,,,,,,,,1.219764,0.168644,1.230432,0.155801,0.000000,0.000000,0.101089,,-0.091995,0.000000,,,,0.138260,0.135542,1.500000,38.413283,18.130024,0.000000,circle,预设轨迹15,forward
1775478735.855417,34.421161,1775478750.612545|完整运动,完整运动,circle_orbit,1,1.000000,1.500000,1.500000,,,,,,,,,,,,,,,,1.219893,0.167129,1.227604,0.155766,0.000000,0.000000,0.099162,,-0.094606,0.000000,,,,0.137003,0.135556,1.500000,38.437495,18.105811,0.000000,circle,预设轨迹15,forward
1775478735.876017,34.441761,1775478750.612545|完整运动,完整运动,circle_orbit,1,1.000000,1.500000,1.500000,,,,,,,,,,,,,,,,1.219979,0.164361,1.225177,0.143601,0.000000,0.000000,0.095427,,-0.097780,0.000000,,,,0.134724,0.135566,1.500000,38.485906,18.057400,0.000000,circle,预设轨迹15,forward
1775478735.901174,34.466918,1775478750.612545|完整运动,完整运动,circle_orbit,1,1.000000,1.500000,1.500000,,,,,,,,,,,,,,,,1.220059,0.162831,1.224825,0.151356,0.000000,0.000000,0.093346,,-0.098925,0.000000,,,,0.133462,0.135575,1.500000,38.510333,18.032974,0.000000,circle,预设轨迹15,forward
1775478735.928982,34.494727,1775478750.612545|完整运动,完整运动,circle_orbit,1,1.000000,1.500000,1.500000,,,,,,,,,,,,,,,,1.220158,0.161037,1.226120,0.147579,0.000000,0.000000,0.090852,,-0.099224,0.000000,,,,0.131980,0.135586,1.500000,38.534920,18.008386,0.000000,circle,预设轨迹15,forward
1775478735.950070,34.515814,1775478750.612545|完整运动,完整运动,circle_orbit,1,1.000000,1.500000,1.500000,,,,,,,,,,,,,,,,1.220267,0.157257,1.226827,0.128911,0.000000,0.000000,0.085494,,-0.101166,0.000000,,,,0.128871,0.135598,1.500000,38.583995,17.959312,0.000000,circle,预设轨迹15,forward
1775478735.970933,34.536677,1775478750.612545|完整运动,完整运动,circle_orbit,1,1.000000,1.500000,1.500000,,,,,,,,,,,,,,,,1.220357,0.155473,1.225713,0.142093,0.000000,0.000000,0.082821,,-0.103048,0.000000,,,,0.127400,0.135608,1.500000,38.608653,17.934654,0.000000,circle,预设轨迹15,forward
1775478735.994010,34.559754,1775478750.612545|完整运动,完整运动,circle_orbit,1,1.000000,1.500000,1.500000,,,,,,,,,,,,,,,,1.220444,0.155601,1.225713,0.156563,0.000000,0.000000,0.082821,,-0.103048,0.000000,,,,0.127496,0.135618,1.500000,38.608653,17.934654,0.000000,circle,预设轨迹15,forward
1775478736.014357,34.580101,1775478750.612545|完整运动,完整运动,circle_orbit,1,1.000000,1.500000,1.500000,,,,,,,,,,,,,,,,1.220475,0.152421,1.222339,0.128565,0.000000,0.000000,0.078196,,-0.107215,0.000000,,,,0.124886,0.135621,1.500000,38.657921,17.885386,0.000000,circle,预设轨迹15,forward
1775478736.049407,34.615151,1775478750.612545|完整运动,完整运动,circle_orbit,1,1.000000,1.500000,1.500000,,,,,,,,,,,,,,,,1.220480,0.151068,1.220755,0.140926,0.000000,0.000000,0.076053,,-0.109163,0.000000,,,,0.123778,0.135622,1.500000,38.682564,17.860742,0.000000,circle,预设轨迹15,forward
1775478736.070371,34.636115,1775478750.612545|完整运动,完整运动,circle_orbit,1,1.000000,1.500000,1.500000,,,,,,,,,,,,,,,,1.220457,0.149810,1.219097,0.140375,0.000000,0.000000,0.074032,,-0.111106,0.000000,,,,0.122749,0.135619,1.500000,38.707189,17.836117,0.000000,circle,预设轨迹15,forward
1775478736.092075,34.657819,1775478750.612545|完整运动,完整运动,circle_orbit,1,1.000000,1.500000,1.500000,,,,,,,,,,,,,,,,1.220387,0.147257,1.216193,0.128110,0.000000,0.000000,0.070169,,-0.114659,0.000000,,,,0.120664,0.135611,1.500000,38.756534,17.786773,0.000000,circle,预设轨迹15,forward
1775478736.117723,34.683468,1775478750.612545|完整运动,完整运动,circle_orbit,1,1.000000,1.500000,1.500000,,,,,,,,,,,,,,,,1.220301,0.146044,1.215129,0.136948,0.000000,0.000000,0.068129,,-0.116241,0.000000,,,,0.119679,0.135602,1.500000,38.781129,17.762178,0.000000,circle,预设轨迹15,forward
1775478736.145659,34.711403,1775478750.612545|完整运动,完整运动,circle_orbit,1,1.000000,1.500000,1.500000,,,,,,,,,,,,,,,,1.220217,0.144544,1.215180,0.133290,0.000000,0.000000,0.065673,,-0.117300,0.000000,,,,0.118457,0.135593,1.500000,38.805684,17.737623,0.000000,circle,预设轨迹15,forward
1775478736.166837,34.732581,1775478750.612545|完整运动,完整运动,circle_orbit,1,1.000000,1.500000,1.500000,,,,,,,,,,,,,,,,1.220159,0.140732,1.216688,0.112143,0.000000,0.000000,0.059912,,-0.118904,0.000000,,,,0.115339,0.135586,1.500000,38.854504,17.688803,0.000000,circle,预设轨迹15,forward
1775478736.190693,34.756438,1775478750.612545|完整运动,完整运动,circle_orbit,1,1.000000,1.500000,1.500000,,,,,,,,,,,,,,,,1.220132,0.138608,1.218463,0.122676,0.000000,0.000000,0.056397,,-0.119344,0.000000,,,,0.113601,0.135583,1.500000,38.878719,17.664588,0.000000,circle,预设轨迹15,forward
1775478736.219993,34.785737,1775478750.612545|完整运动,完整运动,circle_orbit,1,1.000000,1.500000,1.500000,,,,,,,,,,,,,,,,1.220111,0.136502,1.218884,0.120705,0.000000,0.000000,0.052857,,-0.120652,0.000000,,,,0.111876,0.135581,1.500000,38.902848,17.640458,0.000000,circle,预设轨迹15,forward
1775478736.240534,34.806278,1775478750.612545|完整运动,完整运动,circle_orbit,1,1.000000,1.500000,1.500000,,,,,,,,,,,,,,,,1.220082,0.134537,1.218319,0.119801,0.000000,0.000000,0.049472,,-0.122514,0.000000,,,,0.110269,0.135577,1.500000,38.927022,17.616285,0.000000,circle,预设轨迹15,forward
1775478736.272470,34.838214,1775478750.612545|完整运动,完整运动,circle_orbit,1,1.000000,1.500000,1.500000,,,,,,,,,,,,,,,,1.220032,0.132726,1.217027,0.119145,0.000000,0.000000,0.046269,,-0.124754,0.000000,,,,0.108789,0.135572,1.500000,38.950842,17.592465,0.000000,circle,预设轨迹15,forward
1775478736.295233,34.860978,1775478750.612545|完整运动,完整运动,circle_orbit,1,1.000000,1.500000,1.500000,,,,,,,,,,,,,,,,1.219970,0.130990,1.216289,0.117973,0.000000,0.000000,0.043145,,-0.126610,0.000000,,,,0.107372,0.135565,1.500000,38.974656,17.568650,0.000000,circle,预设轨迹15,forward
1775478736.316142,34.881886,1775478750.612545|完整运动,完整运动,circle_orbit,1,1.000000,1.500000,1.500000,,,,,,,,,,,,,,,,1.219855,0.127263,1.212923,0.099310,0.000000,0.000000,0.037178,,-0.131401,0.000000,,,,0.104327,0.135552,1.500000,39.019215,17.524091,0.000000,circle,预设轨迹15,forward
1775478736.347788,34.913532,1775478750.612545|完整运动,完整运动,circle_orbit,1,1.000000,1.500000,1.500000,,,,,,,,,,,,,,,,1.219739,0.125699,1.212807,0.113971,0.000000,0.000000,0.034151,,-0.132820,0.000000,,,,0.103054,0.135539,1.500000,39.041464,17.501843,0.000000,circle,预设轨迹15,forward
1775478736.381406,34.947150,1775478750.612545|完整运动,完整运动,circle_orbit,1,1.000000,1.500000,1.500000,,,,,,,,,,,,,,,,1.219640,0.124068,1.213697,0.111833,0.000000,0.000000,0.031015,,-0.133647,0.000000,,,,0.101725,0.135528,1.500000,39.063865,17.479442,0.000000,circle,预设轨迹15,forward
1775478736.410373,34.976117,1775478750.612545|完整运动,完整运动,circle_orbit,1,1.000000,1.500000,1.500000,,,,,,,,,,,,,,,,1.219606,0.119809,1.217535,0.087862,0.000000,0.000000,0.024125,,-0.134275,0.000000,,,,0.098235,0.135525,1.500000,39.109765,17.433542,0.000000,circle,预设轨迹15,forward
1775478736.431662,34.997406,1775478750.612545|完整运动,完整运动,circle_orbit,1,1.000000,1.500000,1.500000,,,,,,,,,,,,,,,,1.219579,0.115486,1.217987,0.083068,0.000000,0.000000,0.016993,,-0.137160,0.000000,,,,0.094693,0.135522,1.500000,39.155982,17.387324,0.000000,circle,预设轨迹15,forward
1775478736.459572,35.025316,1775478750.612545|完整运动,完整运动,circle_orbit,1,1.000000,1.500000,1.500000,,,,,,,,,,,,,,,,1.219553,0.116297,1.217987,0.122375,0.000000,0.000000,0.016993,,-0.137160,0.000000,,,,0.095360,0.135519,1.500000,39.155982,17.387324,0.000000,circle,预设轨迹15,forward
1775478736.495594,35.061338,1775478750.612545|完整运动,完整运动,circle_orbit,1,1.000000,1.500000,1.500000,,,,,,,,,,,,,,,,1.219581,0.112306,1.221241,0.082375,0.000000,0.000000,0.005339,,-0.140289,0.000000,,,,0.092086,0.135522,1.500000,39.226514,17.316793,0.000000,circle,预设轨迹15,forward
1775478736.526370,35.092114,1775478750.612545|完整运动,完整运动,circle_orbit,1,1.000000,1.500000,1.500000,,,,,,,,,,,,,,,,1.219620,0.110022,1.221990,0.092889,0.000000,0.000000,0.001334,,-0.141598,0.000000,,,,0.090210,0.135526,1.500000,39.250355,17.292952,0.000000,circle,预设轨迹15,forward
1775478736.550024,35.115768,1775478750.612545|完整运动,完整运动,circle_orbit,1,1.000000,1.500000,1.500000,,,,,,,,,,,,,,,,1.219508,0.105244,1.212765,0.069412,0.000000,0.000000,-0.006282,,-0.145235,0.000000,,,,0.086300,0.135514,1.500000,39.297884,17.245423,0.000000,circle,预设轨迹15,forward
1775478736.573582,35.139327,1775478750.612545|完整运动,完整运动,circle_orbit,1,1.000000,1.500000,1.500000,,,,,,,,,,,,,,,,1.219316,0.103456,1.207805,0.090046,0.000000,0.000000,-0.009856,,-0.146821,0.000000,,,,0.084848,0.135492,1.500000,39.321439,17.221867,0.000000,circle,预设轨迹15,forward
1775478736.599137,35.164881,1775478750.612545|完整运动,完整运动,circle_orbit,1,1.000000,1.500000,1.500000,,,,,,,,,,,,,,,,1.219076,0.101687,1.204667,0.088420,0.000000,0.000000,-0.013442,,-0.147248,0.000000,,,,0.083413,0.135466,1.500000,39.344981,17.198326,0.000000,circle,预设轨迹15,forward
1775478736.621782,35.187526,1775478750.612545|完整运动,完整运动,circle_orbit,1,1.000000,1.500000,1.500000,,,,,,,,,,,,,,,,1.218783,0.099904,1.201240,0.086532,0.000000,0.000000,-0.017084,,-0.147850,0.000000,,,,0.081970,0.135433,1.500000,39.368606,17.174700,0.000000,circle,预设轨迹15,forward
1775478736.642456,35.208200,1775478750.612545|完整运动,完整运动,circle_orbit,1,1.000000,1.500000,1.500000,,,,,,,,,,,,,,,,1.218431,0.098122,1.197253,0.084754,0.000000,0.000000,-0.020759,,-0.148815,0.000000,,,,0.080531,0.135394,1.500000,39.392375,17.150932,0.000000,circle,预设轨迹15,forward
1775478736.674418,35.240163,1775478750.612545|完整运动,完整运动,circle_orbit,1,1.000000,1.500000,1.500000,,,,,,,,,,,,,,,,1.218030,0.096132,1.194015,0.081210,0.000000,0.000000,-0.024764,,-0.149158,0.000000,,,,0.078924,0.135350,1.500000,39.416556,17.126751,0.000000,circle,预设轨迹15,forward
1775478736.695395,35.261139,1775478750.612545|完整运动,完整运动,circle_orbit,1,1.000000,1.500000,1.500000,,,,,,,,,,,,,,,,1.217511,0.091275,1.186336,0.054849,0.000000,0.000000,-0.032884,,-0.150631,0.000000,,,,0.074969,0.135292,1.500000,39.465370,17.077936,0.000000,circle,预设轨迹15,forward
1775478736.717192,35.282936,1775478750.612545|完整运动,完整运动,circle_orbit,1,1.000000,1.500000,1.500000,,,,,,,,,,,,,,,,1.216924,0.089640,1.181742,0.077379,0.000000,0.000000,-0.036620,,-0.152044,0.000000,,,,0.073661,0.135227,1.500000,39.489625,17.053682,0.000000,circle,预设轨迹15,forward
1775478736.744780,35.310524,1775478750.612545|完整运动,完整运动,circle_orbit,1,1.000000,1.500000,1.500000,,,,,,,,,,,,,,,,1.216276,0.088063,1.177372,0.076229,0.000000,0.000000,-0.040285,,-0.153359,0.000000,,,,0.072403,0.135155,1.500000,39.513601,17.029705,0.000000,circle,预设轨迹15,forward
1775478736.767172,35.332916,1775478750.612545|完整运动,完整运动,circle_orbit,1,1.000000,1.500000,1.500000,,,,,,,,,,,,,,,,1.215544,0.083566,1.171609,0.049845,0.000000,0.000000,-0.048107,,-0.153799,0.000000,,,,0.068748,0.135073,1.500000,39.561743,16.981564,0.000000,circle,预设轨迹15,forward
1775478736.788551,35.354295,1775478750.612545|完整运动,完整运动,circle_orbit,1,1.000000,1.500000,1.500000,,,,,,,,,,,,,,,,1.214823,0.084305,1.171609,0.089845,0.000000,0.000000,-0.048107,,-0.153799,0.000000,,,,0.069397,0.134993,1.500000,39.561743,16.981564,0.000000,circle,预设轨迹15,forward
1775478736.810066,35.375811,1775478750.612545|完整运动,完整运动,circle_orbit,1,1.000000,1.500000,1.500000,,,,,,,,,,,,,,,,1.214019,0.080251,1.165767,0.049845,0.000000,0.000000,-0.056377,,-0.154133,0.000000,,,,0.066104,0.134904,1.500000,39.609878,16.933429,0.000000,circle,预设轨迹15,forward
1775478736.830496,35.396240,1775478750.612545|完整运动,完整运动,circle_orbit,1,1.000000,1.500000,1.500000,,,,,,,,,,,,,,,,1.213168,0.078478,1.162080,0.065182,0.000000,0.000000,-0.060486,,-0.154857,0.000000,,,,0.064689,0.134809,1.500000,39.633516,16.909791,0.000000,circle,预设轨迹15,forward
1775478736.865282,35.431026,1775478750.612545|完整运动,完整运动,circle_orbit,1,1.000000,1.500000,1.500000,,,,,,,,,,,,,,,,1.212287,0.076532,1.159469,0.061935,0.000000,0.000000,-0.064863,,-0.154730,0.000000,,,,0.063130,0.134711,1.500000,39.657129,16.886178,0.000000,circle,预设轨迹15,forward
1775478736.887433,35.453177,1775478750.612545|完整运动,完整运动,circle_orbit,1,1.000000,1.500000,1.500000,,,,,,,,,,,,,,,,1.211385,0.074454,1.157211,0.058868,0.000000,0.000000,-0.069458,,-0.154265,0.000000,,,,0.061462,0.134611,1.500000,39.680570,16.862737,0.000000,circle,预设轨迹15,forward
1775478736.907747,35.473491,1775478750.612545|完整运动,完整运动,circle_orbit,1,1.000000,1.500000,1.500000,,,,,,,,,,,,,,,,1.210407,0.068808,1.151748,0.026468,0.000000,0.000000,-0.079159,,-0.153795,0.000000,,,,0.056847,0.134502,1.500000,39.727250,16.816056,0.000000,circle,预设轨迹15,forward
1775478736.935891,35.501635,1775478750.612545|完整运动,完整运动,circle_orbit,1,1.000000,1.500000,1.500000,,,,,,,,,,,,,,,,1.209382,0.066783,1.147882,0.051595,0.000000,0.000000,-0.083941,,-0.154411,0.000000,,,,0.055221,0.134389,1.500000,39.750578,16.792729,0.000000,circle,预设轨迹15,forward
1775478736.969950,35.535694,1775478750.612545|完整运动,完整运动,circle_orbit,1,1.000000,1.500000,1.500000,,,,,,,,,,,,,,,,1.208308,0.064952,1.143900,0.051218,0.000000,0.000000,-0.088464,,-0.155244,0.000000,,,,0.053755,0.134269,1.500000,39.774050,16.769257,0.000000,circle,预设轨迹15,forward
1775478737.000626,35.566370,1775478750.612545|完整运动,完整运动,circle_orbit,1,1.000000,1.500000,1.500000,,,,,,,,,,,,,,,,1.207148,0.060652,1.137513,0.028398,0.000000,0.000000,-0.096502,,-0.156273,0.000000,,,,0.050244,0.134140,1.500000,39.821527,16.721780,0.000000,circle,预设轨迹15,forward
1775478737.035283,35.601027,1775478750.612545|完整运动,完整运动,circle_orbit,1,1.000000,1.500000,1.500000,,,,,,,,,,,,,,,,1.205970,0.059558,1.135316,0.051357,0.000000,0.000000,-0.100128,,-0.156256,0.000000,,,,0.049386,0.134009,1.500000,39.845497,16.697810,0.000000,circle,预设轨迹15,forward
1775478737.055935,35.621679,1775478750.612545|完整运动,完整运动,circle_orbit,1,1.000000,1.500000,1.500000,,,,,,,,,,,,,,,,1.204767,0.055864,1.132556,0.028158,0.000000,0.000000,-0.107417,,-0.155028,0.000000,,,,0.046369,0.133876,1.500000,39.893521,16.649785,0.000000,circle,预设轨迹15,forward
1775478737.079885,35.645629,1775478750.612545|完整运动,完整运动,circle_orbit,1,1.000000,1.500000,1.500000,,,,,,,,,,,,,,,,1.203557,0.054663,1.130950,0.045656,0.000000,0.000000,-0.111275,,-0.154489,0.000000,,,,0.045418,0.133741,1.500000,39.917914,16.625392,0.000000,circle,预设轨迹15,forward
1775478737.104011,35.669755,1775478750.612545|完整运动,完整运动,circle_orbit,1,1.000000,1.500000,1.500000,,,,,,,,,,,,,,,,1.202353,0.053324,1.130120,0.043280,0.000000,0.000000,-0.115304,,-0.153307,0.000000,,,,0.044350,0.133607,1.500000,39.942701,16.600606,0.000000,circle,预设轨迹15,forward
1775478737.124436,35.690180,1775478750.612545|完整运动,完整运动,circle_orbit,1,1.000000,1.500000,1.500000,,,,,,,,,,,,,,,,1.201143,0.051986,1.128561,0.041950,0.000000,0.000000,-0.119314,,-0.152671,0.000000,,,,0.043280,0.133473,1.500000,39.967453,16.575854,0.000000,circle,预设轨迹15,forward
1775478737.150546,35.716290,1775478750.612545|完整运动,完整运动,circle_orbit,1,1.000000,1.500000,1.500000,,,,,,,,,,,,,,,,1.199922,0.050743,1.126655,0.041424,0.000000,0.000000,-0.123173,,-0.152360,0.000000,,,,0.042289,0.133337,1.500000,39.992044,16.551263,0.000000,circle,预设轨迹15,forward
1775478737.178650,35.744394,1775478750.612545|完整运动,完整运动,circle_orbit,1,1.000000,1.500000,1.500000,,,,,,,,,,,,,,,,1.198675,0.046898,1.123879,0.018059,0.000000,0.000000,-0.130714,,-0.151064,0.000000,,,,0.039125,0.133199,1.500000,40.041270,16.502037,0.000000,circle,预设轨迹15,forward
1775478737.199318,35.765062,1775478750.612545|完整运动,完整运动,circle_orbit,1,1.000000,1.500000,1.500000,,,,,,,,,,,,,,,,1.197428,0.045813,1.122615,0.037673,0.000000,0.000000,-0.134460,,-0.150338,0.000000,,,,0.038259,0.133060,1.500000,40.065854,16.477453,0.000000,circle,预设轨迹15,forward
1775478737.220265,35.786009,1775478750.612545|完整运动,完整运动,circle_orbit,1,1.000000,1.500000,1.500000,,,,,,,,,,,,,,,,1.196193,0.045404,1.122072,0.042338,0.000000,0.000000,-0.137216,,-0.149517,0.000000,,,,0.037957,0.132923,1.500000,40.091213,16.452093,0.000000,circle,预设轨迹15,forward
1775478737.254180,35.819925,1775478750.612545|完整运动,完整运动,circle_orbit,1,1.000000,1.500000,1.500000,,,,,,,,,,,,,,,,1.194927,0.042430,1.118966,0.020125,0.000000,0.000000,-0.143554,,-0.149019,0.000000,,,,0.035508,0.132782,1.500000,40.141409,16.401898,0.000000,circle,预设轨迹15,forward
1775478737.275627,35.841371,1775478750.612545|完整运动,完整运动,circle_orbit,1,1.000000,1.500000,1.500000,,,,,,,,,,,,,,,,1.193659,0.041760,1.117557,0.036739,0.000000,0.000000,-0.146697,,-0.148679,0.000000,,,,0.034985,0.132641,1.500000,40.166440,16.376867,0.000000,circle,预设轨迹15,forward
1775478737.296789,35.862534,1775478750.612545|完整运动,完整运动,circle_orbit,1,1.000000,1.500000,1.500000,,,,,,,,,,,,,,,,1.192388,0.041104,1.116138,0.036184,0.000000,0.000000,-0.149773,,-0.148378,0.000000,,,,0.034472,0.132500,1.500000,40.191395,16.351911,0.000000,circle,预设轨迹15,forward
1775478737.325532,35.891276,1775478750.612545|完整运动,完整运动,circle_orbit,1,1.000000,1.500000,1.500000,,,,,,,,,,,,,,,,1.191110,0.040504,1.114415,0.036003,0.000000,0.000000,-0.152723,,-0.148365,0.000000,,,,0.034006,0.132358,1.500000,40.216275,16.327032,0.000000,circle,预设轨迹15,forward
1775478737.346640,35.912384,1775478750.612545|完整运动,完整运动,circle_orbit,1,1.000000,1.500000,1.500000,,,,,,,,,,,,,,,,1.189776,0.038292,1.109750,0.021698,0.000000,0.000000,-0.157915,,-0.149594,0.000000,,,,0.032184,0.132210,1.500000,40.265682,16.277625,0.000000,circle,预设轨迹15,forward
1775478737.367123,35.932868,1775478750.612545|完整运动,完整运动,circle_orbit,1,1.000000,1.500000,1.500000,,,,,,,,,,,,,,,,1.188432,0.038181,1.107792,0.037349,0.000000,0.000000,-0.160163,,-0.150087,0.000000,,,,0.032127,0.132061,1.500000,40.290082,16.253225,0.000000,circle,预设轨迹15,forward
1775478737.393941,35.959685,1775478750.612545|完整运动,完整运动,circle_orbit,1,1.000000,1.500000,1.500000,,,,,,,,,,,,,,,,1.187101,0.037939,1.107243,0.036125,0.000000,0.000000,-0.162530,,-0.149455,0.000000,,,,0.031959,0.131913,1.500000,40.314170,16.229137,0.000000,circle,预设轨迹15,forward
1775478737.414288,35.980032,1775478750.612545|完整运动,完整运动,circle_orbit,1,1.000000,1.500000,1.500000,,,,,,,,,,,,,,,,1.185782,0.037612,1.106638,0.035158,0.000000,0.000000,-0.164963,,-0.148836,0.000000,,,,0.031719,0.131766,1.500000,40.337922,16.205385,0.000000,circle,预设轨迹15,forward
1775478737.438354,36.004098,1775478750.612545|完整运动,完整运动,circle_orbit,1,1.000000,1.500000,1.500000,,,,,,,,,,,,,,,,1.184484,0.038963,1.106638,0.049094,0.000000,0.000000,-0.164963,,-0.148836,0.000000,,,,0.032894,0.131622,1.500000,40.337922,16.205385,0.000000,circle,预设轨迹15,forward
1775478737.466053,36.031798,1775478750.612545|完整运动,完整运动,circle_orbit,1,1.000000,1.500000,1.500000,,,,,,,,,,,,,,,,1.183178,0.036464,1.104809,0.017720,0.000000,0.000000,-0.170301,,-0.147867,0.000000,,,,0.030818,0.131477,1.500000,40.385150,16.158156,0.000000,circle,预设轨迹15,forward
1775478737.487911,36.053655,1775478750.612545|完整运动,完整运动,circle_orbit,1,1.000000,1.500000,1.500000,,,,,,,,,,,,,,,,1.181866,0.033795,1.103122,0.013781,0.000000,0.000000,-0.175963,,-0.146648,0.000000,,,,0.028595,0.131331,1.500000,40.432541,16.110766,0.000000,circle,预设轨迹15,forward
1775478737.509518,36.075262,1775478750.612545|完整运动,完整运动,circle_orbit,1,1.000000,1.500000,1.500000,,,,,,,,,,,,,,,,1.180575,0.035171,1.103122,0.045494,0.000000,0.000000,-0.175963,,-0.146648,0.000000,,,,0.029792,0.131187,1.500000,40.432541,16.110766,0.000000,circle,预设轨迹15,forward
1775478737.537266,36.103010,1775478750.612545|完整运动,完整运动,circle_orbit,1,1.000000,1.500000,1.500000,,,,,,,,,,,,,,,,1.179280,0.032450,1.101550,0.012038,0.000000,0.000000,-0.181653,,-0.145332,0.000000,,,,0.027517,0.131043,1.500000,40.480067,16.063239,0.000000,circle,预设轨迹15,forward
1775478737.560069,36.125813,1775478750.612545|完整运动,完整运动,circle_orbit,1,1.000000,1.500000,1.500000,,,,,,,,,,,,,,,,1.177988,0.031818,1.100472,0.027083,0.000000,0.000000,-0.184465,,-0.144915,0.000000,,,,0.027011,0.130900,1.500000,40.503746,16.039560,0.000000,circle,预设轨迹15,forward
1775478737.581179,36.146923,1775478750.612545|完整运动,完整运动,circle_orbit,1,1.000000,1.500000,1.500000,,,,,,,,,,,,,,,,1.176710,0.031148,1.100029,0.026123,0.000000,0.000000,-0.187309,,-0.143994,0.000000,,,,0.026471,0.130758,1.500000,40.527440,16.015866,0.000000,circle,预设轨迹15,forward
1775478737.608747,36.174491,1775478750.612545|完整运动,完整运动,circle_orbit,1,1.000000,1.500000,1.500000,,,,,,,,,,,,,,,,1.175452,0.030525,1.099988,0.025846,0.000000,0.000000,-0.190070,,-0.142798,0.000000,,,,0.025968,0.130618,1.500000,40.551116,15.992191,0.000000,circle,预设轨迹15,forward
1775478737.629973,36.195718,1775478750.612545|完整运动,完整运动,circle_orbit,1,1.000000,1.500000,1.500000,,,,,,,,,,,,,,,,1.174223,0.027916,1.100483,0.008351,0.000000,0.000000,-0.195639,,-0.139940,0.000000,,,,0.023774,0.130482,1.500000,40.598808,15.944498,0.000000,circle,预设轨迹15,forward
1775478737.650932,36.216676,1775478750.612545|完整运动,完整运动,circle_orbit,1,1.000000,1.500000,1.500000,,,,,,,,,,,,,,,,1.173019,0.027227,1.100765,0.022057,0.000000,0.000000,-0.198573,,-0.138418,0.000000,,,,0.023211,0.130348,1.500000,40.622732,15.920574,0.000000,circle,预设轨迹15,forward
1775478737.678636,36.244380,1775478750.612545|完整运动,完整运动,circle_orbit,1,1.000000,1.500000,1.500000,,,,,,,,,,,,,,,,1.171835,0.026502,1.100828,0.021069,0.000000,0.000000,-0.201539,,-0.137050,0.000000,,,,0.022616,0.130216,1.500000,40.646550,15.896757,0.000000,circle,预设轨迹15,forward
1775478737.699415,36.265159,1775478750.612545|完整运动,完整运动,circle_orbit,1,1.000000,1.500000,1.500000,,,,,,,,,,,,,,,,1.170667,0.025775,1.100571,0.020319,0.000000,0.000000,-0.204494,,-0.135935,0.000000,,,,0.022017,0.130086,1.500000,40.670383,15.872924,0.000000,circle,预设轨迹15,forward
1775478737.719784,36.285528,1775478750.612545|完整运动,完整运动,circle_orbit,1,1.000000,1.500000,1.500000,,,,,,,,,,,,,,,,1.169510,0.025111,1.100090,0.020136,0.000000,0.000000,-0.207344,,-0.135041,0.000000,,,,0.021472,0.129958,1.500000,40.694205,15.849102,0.000000,circle,预设轨迹15,forward
1775478737.749902,36.315646,1775478750.612545|完整运动,完整运动,circle_orbit,1,1.000000,1.500000,1.500000,,,,,,,,,,,,,,,,1.168368,0.024483,1.099853,0.019766,0.000000,0.000000,-0.210130,,-0.133987,0.000000,,,,0.020954,0.129831,1.500000,40.718168,15.825139,0.000000,circle,预设轨迹15,forward
1775478737.770648,36.336393,1775478750.612545|完整运动,完整运动,circle_orbit,1,1.000000,1.500000,1.500000,,,,,,,,,,,,,,,,1.167242,0.022134,1.099704,0.004524,0.000000,0.000000,-0.215347,,-0.131783,0.000000,,,,0.018963,0.129706,1.500000,40.766396,15.776910,0.000000,circle,预设轨迹15,forward
1775478737.797230,36.362974,1775478750.612545|完整运动,完整运动,circle_orbit,1,1.000000,1.500000,1.500000,,,,,,,,,,,,,,,,1.166135,0.023510,1.099704,0.033828,0.000000,0.000000,-0.215347,,-0.131783,0.000000,,,,0.020161,0.129583,1.500000,40.766396,15.776910,0.000000,circle,预设轨迹15,forward
1775478737.831314,36.397058,1775478750.612545|完整运动,完整运动,circle_orbit,1,1.000000,1.500000,1.500000,,,,,,,,,,,,,,,,1.165052,0.021922,1.100086,0.010014,0.000000,0.000000,-0.219435,,-0.129670,0.000000,,,,0.018817,0.129463,1.500000,40.814750,15.728557,0.000000,circle,预设轨迹15,forward
1775478737.861171,36.426915,1775478750.612545|完整运动,完整运动,circle_orbit,1,1.000000,1.500000,1.500000,,,,,,,,,,,,,,,,1.164009,0.020738,1.101423,0.011854,0.000000,0.000000,-0.222998,,-0.127052,0.000000,,,,0.017816,0.129347,1.500000,40.863084,15.680222,0.000000,circle,预设轨迹15,forward
1775478737.888049,36.453793,1775478750.612545|完整运动,完整运动,circle_orbit,1,1.000000,1.500000,1.500000,,,,,,,,,,,,,,,,1.163012,0.020532,1.103149,0.018990,0.000000,0.000000,-0.225191,,-0.124746,0.000000,,,,0.017654,0.129236,1.500000,40.887615,15.655691,0.000000,circle,预设轨迹15,forward
1775478737.912396,36.478140,1775478750.612545|完整运动,完整运动,circle_orbit,1,1.000000,1.500000,1.500000,,,,,,,,,,,,,,,,1.162061,0.020172,1.105010,0.017473,0.000000,0.000000,-0.227574,,-0.122255,0.000000,,,,0.017359,0.129130,1.500000,40.912486,15.630820,0.000000,circle,预设轨迹15,forward
1775478737.948968,36.514712,1775478750.612545|完整运动,完整运动,circle_orbit,1,1.000000,1.500000,1.500000,,,,,,,,,,,,,,,,1.161170,0.017761,1.107702,-0.000324,0.000000,0.000000,-0.232859,,-0.117844,0.000000,,,,0.015296,0.129031,1.500000,40.962604,15.580702,0.000000,circle,预设轨迹15,forward
1775478737.978395,36.544139,1775478750.612545|完整运动,完整运动,circle_orbit,1,1.000000,1.500000,1.500000,,,,,,,,,,,,,,,,1.160341,0.015100,1.110640,-0.004857,0.000000,0.000000,-0.238601,,-0.113053,0.000000,,,,0.013013,0.128939,1.500000,41.012390,15.530917,0.000000,circle,预设轨迹15,forward
1775478737.998844,36.564588,1775478750.612545|完整运动,完整运动,circle_orbit,1,1.000000,1.500000,1.500000,,,,,,,,,,,,,,,,1.159535,0.014100,1.111166,0.006599,0.000000,0.000000,-0.242081,,-0.111107,0.000000,,,,0.012160,0.128849,1.500000,41.036954,15.506353,0.000000,circle,预设轨迹15,forward
1775478738.021182,36.586926,1775478750.612545|完整运动,完整运动,circle_orbit,1,1.000000,1.500000,1.500000,,,,,,,,,,,,,,,,1.158756,0.013115,1.111999,0.005730,0.000000,0.000000,-0.245546,,-0.108935,0.000000,,,,0.011318,0.128763,1.500000,41.061603,15.481704,0.000000,circle,预设轨迹15,forward
1775478738.041917,36.607661,1775478750.612545|完整运动,完整运动,circle_orbit,1,1.000000,1.500000,1.500000,,,,,,,,,,,,,,,,1.158003,0.012244,1.112825,0.005711,0.000000,0.000000,-0.248854,,-0.106838,0.000000,,,,0.010573,0.128679,1.500000,41.086299,15.457008,0.000000,circle,预设轨迹15,forward
1775478738.062264,36.628008,1775478750.612545|完整运动,完整运动,circle_orbit,1,1.000000,1.500000,1.500000,,,,,,,,,,,,,,,,1.157274,0.011592,1.113561,0.006698,0.000000,0.000000,-0.251850,,-0.104950,0.000000,,,,0.010016,0.128598,1.500000,41.110875,15.432432,0.000000,circle,预设轨迹15,forward
1775478738.092786,36.658530,1775478750.612545|完整运动,完整运动,circle_orbit,1,1.000000,1.500000,1.500000,,,,,,,,,,,,,,,,1.156569,0.011083,1.114227,0.007269,0.000000,0.000000,-0.254629,,-0.103211,0.000000,,,,0.009583,0.128520,1.500000,41.135476,15.407831,0.000000,circle,预设轨迹15,forward
1775478738.113674,36.679419,1775478750.612545|完整运动,完整运动,circle_orbit,1,1.000000,1.500000,1.500000,,,,,,,,,,,,,,,,1.155905,0.009039,1.116090,-0.006288,0.000000,0.000000,-0.259576,,-0.099608,0.000000,,,,0.007820,0.128446,1.500000,41.184546,15.358761,0.000000,circle,预设轨迹15,forward
1775478738.134457,36.700201,1775478750.612545|完整运动,完整运动,circle_orbit,1,1.000000,1.500000,1.500000,,,,,,,,,,,,,,,,1.155269,0.008908,1.117093,0.007918,0.000000,0.000000,-0.261873,,-0.097832,0.000000,,,,0.007710,0.128375,1.500000,41.208991,15.334315,0.000000,circle,预设轨迹15,forward
1775478738.165393,36.731137,1775478750.612545|完整运动,完整运动,circle_orbit,1,1.000000,1.500000,1.500000,,,,,,,,,,,,,,,,1.154670,0.008756,1.118717,0.007619,0.000000,0.000000,-0.264159,,-0.095599,0.000000,,,,0.007583,0.128309,1.500000,41.233451,15.309855,0.000000,circle,预设轨迹15,forward
1775478738.196208,36.761953,1775478750.612545|完整运动,完整运动,circle_orbit,1,1.000000,1.500000,1.500000,,,,,,,,,,,,,,,,1.154108,0.009151,1.120442,0.012113,0.000000,0.000000,-0.265632,,-0.093654,0.000000,,,,0.007929,0.128246,1.500000,41.258195,15.285112,0.000000,circle,预设轨迹15,forward
1775478738.217777,36.783521,1775478750.612545|完整运动,完整运动,circle_orbit,1,1.000000,1.500000,1.500000,,,,,,,,,,,,,,,,1.153605,0.008220,1.123384,0.001237,0.000000,0.000000,-0.268934,,-0.089995,0.000000,,,,0.007125,0.128190,1.500000,41.307235,15.236071,0.000000,circle,预设轨迹15,forward
1775478738.243271,36.809015,1775478750.612545|完整运动,完整运动,circle_orbit,1,1.000000,1.500000,1.500000,,,,,,,,,,,,,,,,1.153160,0.008402,1.126473,0.009765,0.000000,0.000000,-0.270672,,-0.086933,0.000000,,,,0.007286,0.128141,1.500000,41.331560,15.211747,0.000000,circle,预设轨迹15,forward
1775478738.270371,36.836116,1775478750.612545|完整运动,完整运动,circle_orbit,1,1.000000,1.500000,1.500000,,,,,,,,,,,,,,,,1.152766,0.008606,1.129134,0.010138,0.000000,0.000000,-0.272335,,-0.084233,0.000000,,,,0.007465,0.128097,1.500000,41.355533,15.187774,0.000000,circle,预设轨迹15,forward
1775478738.292701,36.858445,1775478750.612545|完整运动,完整运动,circle_orbit,1,1.000000,1.500000,1.500000,,,,,,,,,,,,,,,,1.152448,0.007150,1.133354,-0.003766,0.000000,0.000000,-0.276322,,-0.079369,0.000000,,,,0.006205,0.128062,1.500000,41.402872,15.140435,0.000000,circle,预设轨迹15,forward
1775478738.316417,36.882162,1775478750.612545|完整运动,完整运动,circle_orbit,1,1.000000,1.500000,1.500000,,,,,,,,,,,,,,,,1.152158,0.006966,1.134755,0.005580,0.000000,0.000000,-0.278552,,-0.077357,0.000000,,,,0.006046,0.128030,1.500000,41.426393,15.116913,0.000000,circle,预设轨迹15,forward
1775478738.348083,36.913827,1775478750.612545|完整运动,完整运动,circle_orbit,1,1.000000,1.500000,1.500000,,,,,,,,,,,,,,,,1.151903,0.006786,1.136594,0.005435,0.000000,0.000000,-0.280752,,-0.075042,0.000000,,,,0.005891,0.128001,1.500000,41.450087,15.093220,0.000000,circle,预设轨迹15,forward
1775478738.368793,36.934538,1775478750.612545|完整运动,完整运动,circle_orbit,1,1.000000,1.500000,1.500000,,,,,,,,,,,,,,,,1.151701,0.005459,1.139608,-0.004488,0.000000,0.000000,-0.284568,,-0.071165,0.000000,,,,0.004740,0.127979,1.500000,41.497377,15.045929,0.000000,circle,预设轨迹15,forward
1775478738.405480,36.971224,1775478750.612545|完整运动,完整运动,circle_orbit,1,1.000000,1.500000,1.500000,,,,,,,,,,,,,,,,1.151503,0.006842,1.139608,0.017213,0.000000,0.000000,-0.284568,,-0.071165,0.000000,,,,0.005942,0.127957,1.500000,41.497377,15.045929,0.000000,circle,预设轨迹15,forward
1775478738.428825,36.994569,1775478750.612545|完整运动,完整运动,circle_orbit,1,1.000000,1.500000,1.500000,,,,,,,,,,,,,,,,1.151378,0.005311,1.143895,-0.006171,0.000000,0.000000,-0.288613,,-0.066284,0.000000,,,,0.004613,0.127943,1.500000,41.567655,14.975652,0.000000,circle,预设轨迹15,forward
1775478738.451834,37.017579,1775478750.612545|完整运动,完整运动,circle_orbit,1,1.000000,1.500000,1.500000,,,,,,,,,,,,,,,,1.151285,0.006141,1.145696,0.012367,0.000000,0.000000,-0.289359,,-0.064664,0.000000,,,,0.005334,0.127933,1.500000,41.590965,14.952342,0.000000,circle,预设轨迹15,forward
1775478738.474892,37.040636,1775478750.612545|完整运动,完整运动,circle_orbit,1,1.000000,1.500000,1.500000,,,,,,,,,,,,,,,,1.151222,0.007100,1.147456,0.014289,0.000000,0.000000,-0.289848,,-0.063192,0.000000,,,,0.006167,0.127926,1.500000,41.614200,14.929106,0.000000,circle,预设轨迹15,forward
1775478738.498264,37.064008,1775478750.612545|完整运动,完整运动,circle_orbit,1,1.000000,1.500000,1.500000,,,,,,,,,,,,,,,,1.151193,0.008035,1.149447,0.015051,0.000000,0.000000,-0.290293,,-0.061578,0.000000,,,,0.006980,0.127922,1.500000,41.637672,14.905634,0.000000,circle,预设轨迹15,forward
1775478738.519033,37.084777,1775478750.612545|完整运动,完整运动,circle_orbit,1,1.000000,1.500000,1.500000,,,,,,,,,,,,,,,,1.151204,0.008843,1.151862,0.014898,0.000000,0.000000,-0.290851,,-0.059621,0.000000,,,,0.007681,0.127924,1.500000,41.661430,14.881877,0.000000,circle,预设轨迹15,forward
1775478738.539330,37.105074,1775478750.612545|完整运动,完整运动,circle_orbit,1,1.000000,1.500000,1.500000,,,,,,,,,,,,,,,,1.151249,0.009568,1.153952,0.015005,0.000000,0.000000,-0.291467,,-0.057873,0.000000,,,,0.008311,0.127929,1.500000,41.685285,14.858022,0.000000,circle,预设轨迹15,forward
1775478738.565076,37.130820,1775478750.612545|完整运动,完整运动,circle_orbit,1,1.000000,1.500000,1.500000,,,,,,,,,,,,,,,,1.151330,0.010188,1.156164,0.014837,0.000000,0.000000,-0.292181,,-0.056001,0.000000,,,,0.008848,0.127938,1.500000,41.709207,14.834100,0.000000,circle,预设轨迹15,forward
1775478738.592347,37.158091,1775478750.612545|完整运动,完整运动,circle_orbit,1,1.000000,1.500000,1.500000,,,,,,,,,,,,,,,,1.151447,0.010696,1.158511,0.014511,0.000000,0.000000,-0.293011,,-0.053989,0.000000,,,,0.009289,0.127951,1.500000,41.733184,14.810123,0.000000,circle,预设轨迹15,forward
1775478738.612739,37.178483,1775478750.612545|完整运动,完整运动,circle_orbit,1,1.000000,1.500000,1.500000,,,,,,,,,,,,,,,,1.151630,0.010509,1.162608,0.009107,0.000000,0.000000,-0.294802,,-0.050341,0.000000,,,,0.009125,0.127971,1.500000,41.781950,14.761357,0.000000,circle,预设轨迹15,forward
1775478738.646791,37.212535,1775478750.612545|完整运动,完整运动,circle_orbit,1,1.000000,1.500000,1.500000,,,,,,,,,,,,,,,,1.151852,0.010797,1.165122,0.012955,0.000000,0.000000,-0.295926,,-0.048101,0.000000,,,,0.009374,0.127996,1.500000,41.807069,14.736238,0.000000,circle,预设轨迹15,forward
1775478738.678449,37.244193,1775478750.612545|完整运动,完整运动,circle_orbit,1,1.000000,1.500000,1.500000,,,,,,,,,,,,,,,,1.152110,0.010990,1.167638,0.012442,0.000000,0.000000,-0.297164,,-0.045818,0.000000,,,,0.009539,0.128024,1.500000,41.832234,14.711073,0.000000,circle,预设轨迹15,forward
1775478738.713450,37.279194,1775478750.612545|完整运动,完整运动,circle_orbit,1,1.000000,1.500000,1.500000,,,,,,,,,,,,,,,,1.152455,0.009548,1.173109,-0.001271,0.000000,0.000000,-0.300725,,-0.040490,0.000000,,,,0.008285,0.128063,1.500000,41.905211,14.638096,0.000000,circle,预设轨迹15,forward
1775478738.736824,37.302568,1775478750.612545|完整运动,完整运动,circle_orbit,1,1.000000,1.500000,1.500000,,,,,,,,,,,,,,,,1.152809,0.010228,1.174091,0.015326,0.000000,0.000000,-0.301341,,-0.039548,0.000000,,,,0.008872,0.128102,1.500000,41.928793,14.614514,0.000000,circle,预设轨迹15,forward
1775478738.758537,37.324281,1775478750.612545|完整运动,完整运动,circle_orbit,1,1.000000,1.500000,1.500000,,,,,,,,,,,,,,,,1.153191,0.011127,1.176100,0.017874,0.000000,0.000000,-0.301598,,-0.038070,0.000000,,,,0.009649,0.128144,1.500000,41.952622,14.590685,0.000000,circle,预设轨迹15,forward
1775478738.797271,37.363015,1775478750.612545|完整运动,完整运动,circle_orbit,1,1.000000,1.500000,1.500000,,,,,,,,,,,,,,,,1.153605,0.012222,1.178469,0.020435,0.000000,0.000000,-0.301522,,-0.036501,0.000000,,,,0.010595,0.128191,1.500000,41.976242,14.567064,0.000000,circle,预设轨迹15,forward
1775478738.819173,37.384917,1775478750.612545|完整运动,完整运动,circle_orbit,1,1.000000,1.500000,1.500000,,,,,,,,,,,,,,,,1.154116,0.013302,1.184753,0.021402,0.000000,0.000000,-0.301415,,-0.032329,0.000000,,,,0.011526,0.128247,1.500000,42.023786,14.519521,0.000000,circle,预设轨迹15,forward
1775478738.839663,37.405407,1775478750.612545|完整运动,完整运动,circle_orbit,1,1.000000,1.500000,1.500000,,,,,,,,,,,,,,,,1.154680,0.013939,1.188526,0.018712,0.000000,0.000000,-0.301885,,-0.029609,0.000000,,,,0.012072,0.128310,1.500000,42.047235,14.496071,0.000000,circle,预设轨迹15,forward
1775478738.885823,37.451567,1775478750.612545|完整运动,完整运动,circle_orbit,1,1.000000,1.500000,1.500000,,,,,,,,,,,,,,,,1.155277,0.014509,1.191080,0.018783,0.000000,0.000000,-0.302419,,-0.027680,0.000000,,,,0.012559,0.128376,1.500000,42.070627,14.472680,0.000000,circle,预设轨迹15,forward
1775478738.918699,37.484443,1775478750.612545|完整运动,完整运动,circle_orbit,1,1.000000,1.500000,1.500000,,,,,,,,,,,,,,,,1.155931,0.015095,1.195159,0.019492,0.000000,0.000000,-0.302908,,-0.024776,0.000000,,,,0.013059,0.128449,1.500000,42.117515,14.425792,0.000000,circle,预设轨迹15,forward
1775478738.941764,37.507508,1775478750.612545|完整运动,完整运动,circle_orbit,1,1.000000,1.500000,1.500000,,,,,,,,,,,,,,,,1.156677,0.016206,1.201472,0.024542,0.000000,0.000000,-0.302635,,-0.020776,0.000000,,,,0.014011,0.128532,1.500000,42.165556,14.377751,0.000000,circle,预设轨迹15,forward
1775478738.966645,37.532390,1775478750.612545|完整运动,完整运动,circle_orbit,1,1.000000,1.500000,1.500000,,,,,,,,,,,,,,,,1.157476,0.017189,1.205369,0.024560,0.000000,0.000000,-0.302495,,-0.018315,0.000000,,,,0.014851,0.128621,1.500000,42.190223,14.353083,0.000000,circle,预设轨迹15,forward
1775478738.990553,37.556297,1775478750.612545|完整运动,完整运动,circle_orbit,1,1.000000,1.500000,1.500000,,,,,,,,,,,,,,,,1.158320,0.018122,1.208970,0.025123,0.000000,0.000000,-0.302385,,-0.016047,0.000000,,,,0.015645,0.128714,1.500000,42.214818,14.328489,0.000000,circle,预设轨迹15,forward
1775478739.011435,37.577179,1775478750.612545|完整运动,完整运动,circle_orbit,1,1.000000,1.500000,1.500000,,,,,,,,,,,,,,,,1.159238,0.018717,1.214333,0.023173,0.000000,0.000000,-0.302725,,-0.012471,0.000000,,,,0.016146,0.128816,1.500000,42.262190,14.281117,0.000000,circle,预设轨迹15,forward
1775478739.042969,37.608713,1775478750.612545|完整运动,完整运动,circle_orbit,1,1.000000,1.500000,1.500000,,,,,,,,,,,,,,,,1.160141,0.019533,1.214333,0.025654,0.000000,0.000000,-0.302725,,-0.012471,0.000000,,,,0.016837,0.128917,1.500000,42.262190,14.281117,0.000000,circle,预设轨迹15,forward
1775478739.076774,37.642518,1775478750.612545|完整运动,完整运动,circle_orbit,1,1.000000,1.500000,1.500000,,,,,,,,,,,,,,,,1.161139,0.020071,1.221029,0.024112,0.000000,0.000000,-0.303101,,-0.008071,0.000000,,,,0.017286,0.129028,1.500000,42.332508,14.210799,0.000000,circle,预设轨迹15,forward
1775478739.098234,37.663978,1775478750.612545|完整运动,完整运动,circle_orbit,1,1.000000,1.500000,1.500000,,,,,,,,,,,,,,,,1.162175,0.020961,1.224319,0.027632,0.000000,0.000000,-0.302965,,-0.006068,0.000000,,,,0.018036,0.129143,1.500000,42.356596,14.186711,0.000000,circle,预设轨迹15,forward
1775478739.121794,37.687538,1775478750.612545|完整运动,完整运动,circle_orbit,1,1.000000,1.500000,1.500000,,,,,,,,,,,,,,,,1.163194,0.021727,1.224319,0.027477,0.000000,0.000000,-0.302965,,-0.006068,0.000000,,,,0.018679,0.129256,1.500000,42.356596,14.186711,0.000000,circle,预设轨迹15,forward
1775478739.144493,37.710237,1775478750.612545|完整运动,完整运动,circle_orbit,1,1.000000,1.500000,1.500000,,,,,,,,,,,,,,,,1.164311,0.023106,1.231365,0.033444,0.000000,0.000000,-0.302081,,-0.002079,0.000000,,,,0.019845,0.129380,1.500000,42.405164,14.138142,0.000000,circle,预设轨迹15,forward
1775478739.165079,37.730823,1775478750.612545|完整运动,完整运动,circle_orbit,1,1.000000,1.500000,1.500000,,,,,,,,,,,,,,,,1.165461,0.024295,1.234450,0.033213,0.000000,0.000000,-0.301409,,-0.000475,0.000000,,,,0.020846,0.129508,1.500000,42.429345,14.113962,0.000000,circle,预设轨迹15,forward
1775478739.201043,37.766788,1775478750.612545|完整运动,完整运动,circle_orbit,1,1.000000,1.500000,1.500000,,,,,,,,,,,,,,,,1.166586,0.025727,1.234094,0.036466,0.000000,0.000000,-0.300349,,0.001165,0.000000,,,,0.022053,0.129633,1.500000,42.454020,14.089286,0.000000,circle,预设轨迹15,forward
1775478739.234545,37.800289,1775478750.612545|完整运动,完整运动,circle_orbit,1,1.000000,1.500000,1.500000,,,,,,,,,,,,,,,,1.167579,0.027739,1.227162,0.042833,0.000000,0.000000,-0.298422,,0.006313,0.000000,,,,0.023758,0.129743,1.500000,42.505033,14.038274,0.000000,circle,预设轨迹15,forward
1775478739.256019,37.821764,1775478750.612545|完整运动,完整运动,circle_orbit,1,1.000000,1.500000,1.500000,,,,,,,,,,,,,,,,1.168477,0.029757,1.222311,0.044887,0.000000,0.000000,-0.296412,,0.010238,0.000000,,,,0.025466,0.129843,1.500000,42.556509,13.986798,0.000000,circle,预设轨迹15,forward
1775478739.281791,37.847535,1775478750.612545|完整运动,完整运动,circle_orbit,1,1.000000,1.500000,1.500000,,,,,,,,,,,,,,,,1.169352,0.031483,1.221856,0.044430,0.000000,0.000000,-0.294733,,0.011271,0.000000,,,,0.026923,0.129940,1.500000,42.581767,13.961540,0.000000,circle,预设轨迹15,forward
1775478739.313704,37.879448,1775478750.612545|完整运动,完整运动,circle_orbit,1,1.000000,1.500000,1.500000,,,,,,,,,,,,,,,,1.170220,0.033498,1.222313,0.048612,0.000000,0.000000,-0.292577,,0.011942,0.000000,,,,0.028625,0.130037,1.500000,42.606385,13.936922,0.000000,circle,预设轨迹15,forward
1775478739.335867,37.901611,1775478750.612545|完整运动,完整运动,circle_orbit,1,1.000000,1.500000,1.500000,,,,,,,,,,,,,,,,1.171029,0.037231,1.219584,0.065226,0.000000,0.000000,-0.287914,,0.015730,0.000000,,,,0.031793,0.130127,1.500000,42.654453,13.888853,0.000000,circle,预设轨迹15,forward
1775478739.361943,37.927687,1775478750.612545|完整运动,完整运动,circle_orbit,1,1.000000,1.500000,1.500000,,,,,,,,,,,,,,,,1.171767,0.038507,1.216036,0.048077,0.000000,0.000000,-0.286582,,0.018566,0.000000,,,,0.032862,0.130209,1.500000,42.677890,13.865416,0.000000,circle,预设轨迹15,forward
1775478739.393621,37.959365,1775478750.612545|完整运动,完整运动,circle_orbit,1,1.000000,1.500000,1.500000,,,,,,,,,,,,,,,,1.172453,0.039418,1.213598,0.046254,0.000000,0.000000,-0.285745,,0.020487,0.000000,,,,0.033620,0.130285,1.500000,42.701194,13.842113,0.000000,circle,预设轨迹15,forward
1775478739.415558,37.981302,1775478750.612545|完整运动,完整运动,circle_orbit,1,1.000000,1.500000,1.500000,,,,,,,,,,,,,,,,1.173034,0.040285,1.207930,0.046788,0.000000,0.000000,-0.284973,,0.024454,0.000000,,,,0.034343,0.130350,1.500000,42.748473,13.794833,0.000000,circle,预设轨迹15,forward
1775478739.441682,38.007427,1775478750.612545|完整运动,完整运动,circle_orbit,1,1.000000,1.500000,1.500000,,,,,,,,,,,,,,,,1.173583,0.041180,1.206492,0.047892,0.000000,0.000000,-0.284157,,0.025742,0.000000,,,,0.035089,0.130410,1.500000,42.772433,13.770874,0.000000,circle,预设轨迹15,forward
1775478739.473686,38.039431,1775478750.612545|完整运动,完整运动,circle_orbit,1,1.000000,1.500000,1.500000,,,,,,,,,,,,,,,,1.174109,0.042316,1.205655,0.050835,0.000000,0.000000,-0.282988,,0.026801,0.000000,,,,0.036041,0.130469,1.500000,42.796398,13.746909,0.000000,circle,预设轨迹15,forward
1775478739.494644,38.060388,1775478750.612545|完整运动,完整运动,circle_orbit,1,1.000000,1.500000,1.500000,,,,,,,,,,,,,,,,1.174590,0.044818,1.203447,0.063583,0.000000,0.000000,-0.279861,,0.029617,0.000000,,,,0.038156,0.130522,1.500000,42.844858,13.698449,0.000000,circle,预设轨迹15,forward
1775478739.519263,38.085007,1775478750.612545|完整运动,完整运动,circle_orbit,1,1.000000,1.500000,1.500000,,,,,,,,,,,,,,,,1.175044,0.046251,1.202337,0.056999,0.000000,0.000000,-0.278158,,0.031094,0.000000,,,,0.039361,0.130573,1.500000,42.869103,13.674203,0.000000,circle,预设轨迹15,forward
1775478739.546572,38.112316,1775478750.612545|完整运动,完整运动,circle_orbit,1,1.000000,1.500000,1.500000,,,,,,,,,,,,,,,,1.175466,0.047700,1.200737,0.058566,0.000000,0.000000,-0.276399,,0.032915,0.000000,,,,0.040580,0.130620,1.500000,42.893254,13.650052,0.000000,circle,预设轨迹15,forward
1775478739.567049,38.132793,1775478750.612545|完整运动,完整运动,circle_orbit,1,1.000000,1.500000,1.500000,,,,,,,,,,,,,,,,1.175833,0.050734,1.197895,0.073491,0.000000,0.000000,-0.272362,,0.036562,0.000000,,,,0.043147,0.130661,1.500000,42.941119,13.602188,0.000000,circle,预设轨迹15,forward
1775478739.593091,38.158835,1775478750.612545|完整运动,完整运动,circle_orbit,1,1.000000,1.500000,1.500000,,,,,,,,,,,,,,,,1.176195,0.050838,1.197895,0.051620,0.000000,0.000000,-0.272362,,0.036562,0.000000,,,,0.043223,0.130701,1.500000,42.941119,13.602188,0.000000,circle,预设轨迹15,forward
1775478739.624049,38.189793,1775478750.612545|完整运动,完整运动,circle_orbit,1,1.000000,1.500000,1.500000,,,,,,,,,,,,,,,,1.176495,0.053863,1.194515,0.076550,0.000000,0.000000,-0.268265,,0.040597,0.000000,,,,0.045783,0.130734,1.500000,42.988453,13.554853,0.000000,circle,预设轨迹15,forward
1775478739.644477,38.210222,1775478750.612545|完整运动,完整运动,circle_orbit,1,1.000000,1.500000,1.500000,,,,,,,,,,,,,,,,1.176746,0.056920,1.191795,0.079841,0.000000,0.000000,-0.264015,,0.044277,0.000000,,,,0.048370,0.130762,1.500000,43.036408,13.506898,0.000000,circle,预设轨迹15,forward
1775478739.677768,38.243513,1775478750.612545|完整运动,完整运动,circle_orbit,1,1.000000,1.500000,1.500000,,,,,,,,,,,,,,,,1.176993,0.056899,1.191795,0.056749,0.000000,0.000000,-0.264015,,0.044277,0.000000,,,,0.048343,0.130789,1.500000,43.036408,13.506898,0.000000,circle,预设轨迹15,forward
1775478739.701028,38.266772,1775478750.612545|完整运动,完整运动,circle_orbit,1,1.000000,1.500000,1.500000,,,,,,,,,,,,,,,,1.177180,0.060252,1.188402,0.085395,0.000000,0.000000,-0.259291,,0.048623,0.000000,,,,0.051183,0.130810,1.500000,43.085598,13.457709,0.000000,circle,预设轨迹15,forward
1775478739.721438,38.287182,1775478750.612545|完整运动,完整运动,circle_orbit,1,1.000000,1.500000,1.500000,,,,,,,,,,,,,,,,1.177326,0.061679,1.186088,0.072384,0.000000,0.000000,-0.257175,,0.051103,0.000000,,,,0.052389,0.130826,1.500000,43.110829,13.432477,0.000000,circle,预设轨迹15,forward
1775478739.746306,38.312050,1775478750.612545|完整运动,完整运动,circle_orbit,1,1.000000,1.500000,1.500000,,,,,,,,,,,,,,,,1.177434,0.062911,1.183921,0.072146,0.000000,0.000000,-0.255318,,0.053375,0.000000,,,,0.053430,0.130838,1.500000,43.136226,13.407081,0.000000,circle,预设轨迹15,forward
1775478739.767555,38.333299,1775478750.612545|完整运动,完整运动,circle_orbit,1,1.000000,1.500000,1.500000,,,,,,,,,,,,,,,,1.177474,0.065366,1.179859,0.083778,0.000000,0.000000,-0.251722,,0.057700,0.000000,,,,0.055513,0.130843,1.500000,43.186877,13.356430,0.000000,circle,预设轨迹15,forward
1775478739.791744,38.357488,1775478750.612545|完整运动,完整运动,circle_orbit,1,1.000000,1.500000,1.500000,,,,,,,,,,,,,,,,1.177478,0.066548,1.177750,0.075413,0.000000,0.000000,-0.249859,,0.059950,0.000000,,,,0.056517,0.130843,1.500000,43.212079,13.331228,0.000000,circle,预设轨迹15,forward
1775478739.812470,38.378214,1775478750.612545|完整运动,完整运动,circle_orbit,1,1.000000,1.500000,1.500000,,,,,,,,,,,,,,,,1.177449,0.067766,1.175719,0.076907,0.000000,0.000000,-0.247939,,0.062178,0.000000,,,,0.057554,0.130840,1.500000,43.237459,13.305848,0.000000,circle,预设轨迹15,forward
1775478739.838314,38.404058,1775478750.612545|完整运动,完整运动,circle_orbit,1,1.000000,1.500000,1.500000,,,,,,,,,,,,,,,,1.177397,0.069078,1.174234,0.078913,0.000000,0.000000,-0.245878,,0.064103,0.000000,,,,0.058670,0.130834,1.500000,43.262825,13.280482,0.000000,circle,预设轨迹15,forward
1775478739.863825,38.429569,1775478750.612545|完整运动,完整运动,circle_orbit,1,1.000000,1.500000,1.500000,,,,,,,,,,,,,,,,1.177326,0.070493,1.173098,0.081108,0.000000,0.000000,-0.243653,,0.065866,0.000000,,,,0.059876,0.130826,1.500000,43.288079,13.255227,0.000000,circle,预设轨迹15,forward
1775478739.884152,38.449896,1775478750.612545|完整运动,完整运动,circle_orbit,1,1.000000,1.500000,1.500000,,,,,,,,,,,,,,,,1.177243,0.071975,1.172260,0.083086,0.000000,0.000000,-0.241310,,0.067478,0.000000,,,,0.061138,0.130817,1.500000,43.313011,13.230295,0.000000,circle,预设轨迹15,forward
1775478739.926522,38.492266,1775478750.612545|完整运动,完整运动,circle_orbit,1,1.000000,1.500000,1.500000,,,,,,,,,,,,,,,,1.177136,0.075175,1.170703,0.099175,0.000000,0.000000,-0.236506,,0.070677,0.000000,,,,0.063862,0.130805,1.500000,43.362532,13.180775,0.000000,circle,预设轨迹15,forward
1775478739.956851,38.522595,1775478750.612545|完整运动,完整运动,circle_orbit,1,1.000000,1.500000,1.500000,,,,,,,,,,,,,,,,1.177016,0.078621,1.169830,0.104467,0.000000,0.000000,-0.231238,,0.073617,0.000000,,,,0.066797,0.130792,1.500000,43.411712,13.131595,0.000000,circle,预设轨迹15,forward
1775478739.978598,38.544342,1775478750.612545|完整运动,完整运动,circle_orbit,1,1.000000,1.500000,1.500000,,,,,,,,,,,,,,,,1.176890,0.080104,1.169298,0.091228,0.000000,0.000000,-0.228631,,0.075140,0.000000,,,,0.068064,0.130778,1.500000,43.436196,13.107111,0.000000,circle,预设轨迹15,forward
1775478740.003034,38.568779,1775478750.612545|完整运动,完整运动,circle_orbit,1,1.000000,1.500000,1.500000,,,,,,,,,,,,,,,,1.176756,0.081193,1.168731,0.089358,0.000000,0.000000,-0.226567,,0.076446,0.000000,,,,0.068997,0.130763,1.500000,43.460579,13.082728,0.000000,circle,预设轨迹15,forward
1775478740.033090,38.598835,1775478750.612545|完整运动,完整运动,circle_orbit,1,1.000000,1.500000,1.500000,,,,,,,,,,,,,,,,1.176609,0.082322,1.167792,0.090793,0.000000,0.000000,-0.224449,,0.078032,0.000000,,,,0.069966,0.130747,1.500000,43.484838,13.058469,0.000000,circle,预设轨迹15,forward
1775478740.054600,38.620345,1775478750.612545|完整运动,完整运动,circle_orbit,1,1.000000,1.500000,1.500000,,,,,,,,,,,,,,,,1.176473,0.085428,1.168338,0.108722,0.000000,0.000000,-0.219524,,0.079846,0.000000,,,,0.072614,0.130732,1.500000,43.532644,13.010663,0.000000,circle,预设轨迹15,forward
1775478740.077971,38.643715,1775478750.612545|完整运动,完整运动,circle_orbit,1,1.000000,1.500000,1.500000,,,,,,,,,,,,,,,,1.176340,0.084987,1.168338,0.081680,0.000000,0.000000,-0.219524,,0.079846,0.000000,,,,0.072247,0.130717,1.500000,43.532644,13.010663,0.000000,circle,预设轨迹15,forward
1775478740.111586,38.677330,1775478750.612545|完整运动,完整运动,circle_orbit,1,1.000000,1.500000,1.500000,,,,,,,,,,,,,,,,1.176229,0.088762,1.169582,0.117076,0.000000,0.000000,-0.213623,,0.081616,0.000000,,,,0.075463,0.130705,1.500000,43.580119,12.963188,0.000000,circle,预设轨迹15,forward
1775478740.132736,38.698480,1775478750.612545|完整运动,完整运动,circle_orbit,1,1.000000,1.500000,1.500000,,,,,,,,,,,,,,,,1.176135,0.092420,1.170511,0.119849,0.000000,0.000000,-0.207745,,0.083592,0.000000,,,,0.078579,0.130694,1.500000,43.627669,12.915637,0.000000,circle,预设轨迹15,forward
1775478740.154908,38.720653,1775478750.612545|完整运动,完整运动,circle_orbit,1,1.000000,1.500000,1.500000,,,,,,,,,,,,,,,,1.176043,0.091842,1.170511,0.087509,0.000000,0.000000,-0.207745,,0.083592,0.000000,,,,0.078094,0.130684,1.500000,43.627669,12.915637,0.000000,circle,预设轨迹15,forward
1775478740.181524,38.747268,1775478750.612545|完整运动,完整运动,circle_orbit,1,1.000000,1.500000,1.500000,,,,,,,,,,,,,,,,1.175999,0.096011,1.173344,0.127280,0.000000,0.000000,-0.201100,,0.084612,0.000000,,,,0.081642,0.130679,1.500000,43.675230,12.868076,0.000000,circle,预设轨迹15,forward
1775478740.202011,38.767755,1775478750.612545|完整运动,完整运动,circle_orbit,1,1.000000,1.500000,1.500000,,,,,,,,,,,,,,,,1.175987,0.097800,1.175266,0.111219,0.000000,0.000000,-0.197670,,0.084830,0.000000,,,,0.083164,0.130678,1.500000,43.699051,12.844255,0.000000,circle,预设轨迹15,forward
1775478740.233244,38.798989,1775478750.612545|完整运动,完整运动,circle_orbit,1,1.000000,1.500000,1.500000,,,,,,,,,,,,,,,,1.176025,0.101999,1.178318,0.133492,0.000000,0.000000,-0.190789,,0.085822,0.000000,,,,0.086732,0.130682,1.500000,43.746983,12.796324,0.000000,circle,预设轨迹15,forward
1775478740.263146,38.828891,1775478750.612545|完整运动,完整运动,circle_orbit,1,1.000000,1.500000,1.500000,,,,,,,,,,,,,,,,1.176081,0.103702,1.179411,0.116475,0.000000,0.000000,-0.187297,,0.086637,0.000000,,,,0.088176,0.130688,1.500000,43.771293,12.772014,0.000000,circle,预设轨迹15,forward
1775478740.297009,38.862754,1775478750.612545|完整运动,完整运动,circle_orbit,1,1.000000,1.500000,1.500000,,,,,,,,,,,,,,,,1.176167,0.105373,1.181349,0.117903,0.000000,0.000000,-0.183832,,0.086873,0.000000,,,,0.089590,0.130698,1.500000,43.795738,12.747569,0.000000,circle,预设轨迹15,forward
1775478740.318071,38.883816,1775478750.612545|完整运动,完整运动,circle_orbit,1,1.000000,1.500000,1.500000,,,,,,,,,,,,,,,,1.176307,0.109373,1.184692,0.139377,0.000000,0.000000,-0.177042,,0.087652,0.000000,,,,0.092980,0.130713,1.500000,43.844785,12.698521,0.000000,circle,预设轨迹15,forward
1775478740.341514,38.907258,1775478750.612545|完整运动,完整运动,circle_orbit,1,1.000000,1.500000,1.500000,,,,,,,,,,,,,,,,1.176464,0.110850,1.185865,0.121927,0.000000,0.000000,-0.173695,,0.088357,0.000000,,,,0.094223,0.130731,1.500000,43.869374,12.673932,0.000000,circle,预设轨迹15,forward
1775478740.362046,38.927790,1775478750.612545|完整运动,完整运动,circle_orbit,1,1.000000,1.500000,1.500000,,,,,,,,,,,,,,,,1.176637,0.112249,1.187058,0.122743,0.000000,0.000000,-0.170459,,0.089001,0.000000,,,,0.095398,0.130750,1.500000,43.893889,12.649418,0.000000,circle,预设轨迹15,forward
1775478740.387531,38.953275,1775478750.612545|完整运动,完整运动,circle_orbit,1,1.000000,1.500000,1.500000,,,,,,,,,,,,,,,,1.176832,0.113589,1.188535,0.123636,0.000000,0.000000,-0.167308,,0.089420,0.000000,,,,0.096521,0.130772,1.500000,43.918431,12.624875,0.000000,circle,预设轨迹15,forward
1775478740.411258,38.977003,1775478750.612545|完整运动,完整运动,circle_orbit,1,1.000000,1.500000,1.500000,,,,,,,,,,,,,,,,1.177065,0.116949,1.191037,0.142150,0.000000,0.000000,-0.161292,,0.090437,0.000000,,,,0.099357,0.130797,1.500000,43.967406,12.575901,0.000000,circle,预设轨迹15,forward
1775478740.431680,38.997424,1775478750.612545|完整运动,完整运动,circle_orbit,1,1.000000,1.500000,1.500000,,,,,,,,,,,,,,,,1.177312,0.118166,1.192108,0.127293,0.000000,0.000000,-0.158214,,0.091098,0.000000,,,,0.100369,0.130825,1.500000,43.991920,12.551387,0.000000,circle,预设轨迹15,forward
1775478740.472886,39.038630,1775478750.612545|完整运动,完整运动,circle_orbit,1,1.000000,1.500000,1.500000,,,,,,,,,,,,,,,,1.177577,0.119487,1.193470,0.129390,0.000000,0.000000,-0.155001,,0.091629,0.000000,,,,0.101468,0.130854,1.500000,44.016106,12.527201,0.000000,circle,预设轨迹15,forward
1775478740.507140,39.072885,1775478750.612545|完整运动,完整运动,circle_orbit,1,1.000000,1.500000,1.500000,,,,,,,,,,,,,,,,1.177919,0.123486,1.198462,0.153485,0.000000,0.000000,-0.147983,,0.091476,0.000000,,,,0.104834,0.130892,1.500000,44.064243,12.479064,0.000000,circle,预设轨迹15,forward
1775478740.527857,39.093601,1775478750.612545|完整运动,完整运动,circle_orbit,1,1.000000,1.500000,1.500000,,,,,,,,,,,,,,,,1.178333,0.127982,1.203162,0.161702,0.000000,0.000000,-0.140120,,0.091915,0.000000,,,,0.108613,0.130938,1.500000,44.112254,12.431053,0.000000,circle,预设轨迹15,forward
1775478740.562261,39.128005,1775478750.612545|完整运动,完整运动,circle_orbit,1,1.000000,1.500000,1.500000,,,,,,,,,,,,,,,,1.178767,0.129478,1.204825,0.140699,0.000000,0.000000,-0.136357,,0.092513,0.000000,,,,0.109842,0.130987,1.500000,44.136310,12.406997,0.000000,circle,预设轨迹15,forward
1775478740.583650,39.149394,1775478750.612545|完整运动,完整运动,circle_orbit,1,1.000000,1.500000,1.500000,,,,,,,,,,,,,,,,1.179229,0.130917,1.206952,0.141707,0.000000,0.000000,-0.132682,,0.092774,0.000000,,,,0.111019,0.131038,1.500000,44.160246,12.383061,0.000000,circle,预设轨迹15,forward
1775478740.611541,39.177285,1775478750.612545|完整运动,完整运动,circle_orbit,1,1.000000,1.500000,1.500000,,,,,,,,,,,,,,,,1.179699,0.132208,1.207862,0.141886,0.000000,0.000000,-0.129228,,0.093724,0.000000,,,,0.112069,0.131090,1.500000,44.184301,12.359005,0.000000,circle,预设轨迹15,forward
1775478740.632093,39.197838,1775478750.612545|完整运动,完整运动,circle_orbit,1,1.000000,1.500000,1.500000,,,,,,,,,,,,,,,,1.180227,0.136040,1.211930,0.164782,0.000000,0.000000,-0.122177,,0.094253,0.000000,,,,0.115266,0.131149,1.500000,44.232310,12.310997,0.000000,circle,预设轨迹15,forward
1775478740.656453,39.222197,1775478750.612545|完整运动,完整运动,circle_orbit,1,1.000000,1.500000,1.500000,,,,,,,,,,,,,,,,1.180774,0.137286,1.213623,0.146634,0.000000,0.000000,-0.118675,,0.094731,0.000000,,,,0.116268,0.131210,1.500000,44.256575,12.286732,0.000000,circle,预设轨迹15,forward
1775478740.687591,39.253335,1775478750.612545|完整运动,完整运动,circle_orbit,1,1.000000,1.500000,1.500000,,,,,,,,,,,,,,,,1.181342,0.138508,1.215395,0.147675,0.000000,0.000000,-0.115226,,0.095137,0.000000,,,,0.117247,0.131273,1.500000,44.280829,12.262477,0.000000,circle,预设轨迹15,forward
1775478740.708311,39.274055,1775478750.612545|完整运动,完整运动,circle_orbit,1,1.000000,1.500000,1.500000,,,,,,,,,,,,,,,,1.181953,0.141782,1.218599,0.166330,0.000000,0.000000,-0.108883,,0.095929,0.000000,,,,0.119955,0.131341,1.500000,44.329226,12.214081,0.000000,circle,预设轨迹15,forward
1775478740.731024,39.296768,1775478750.612545|完整运动,完整运动,circle_orbit,1,1.000000,1.500000,1.500000,,,,,,,,,,,,,,,,1.182554,0.140522,1.218599,0.131073,0.000000,0.000000,-0.108883,,0.095929,0.000000,,,,0.118829,0.131407,1.500000,44.329226,12.214081,0.000000,circle,预设轨迹15,forward
1775478740.754409,39.320153,1775478750.612545|完整运动,完整运动,circle_orbit,1,1.000000,1.500000,1.500000,,,,,,,,,,,,,,,,1.183171,0.141541,1.220201,0.149182,0.000000,0.000000,-0.105798,,0.096290,0.000000,,,,0.119628,0.131476,1.500000,44.353305,12.190001,0.000000,circle,预设轨迹15,forward
1775478740.774748,39.340492,1775478750.612545|完整运动,完整运动,circle_orbit,1,1.000000,1.500000,1.500000,,,,,,,,,,,,,,,,1.183850,0.144847,1.224631,0.169648,0.000000,0.000000,-0.099481,,0.096319,0.000000,,,,0.122353,0.131551,1.500000,44.401086,12.142221,0.000000,circle,预设轨迹15,forward
1775478740.805717,39.371461,1775478750.612545|完整运动,完整运动,circle_orbit,1,1.000000,1.500000,1.500000,,,,,,,,,,,,,,,,1.184544,0.145720,1.226184,0.152264,0.000000,0.000000,-0.096516,,0.096667,0.000000,,,,0.123018,0.131629,1.500000,44.424818,12.118488,0.000000,circle,预设轨迹15,forward
1775478740.827206,39.392950,1775478750.612545|完整运动,完整运动,circle_orbit,1,1.000000,1.500000,1.500000,,,,,,,,,,,,,,,,1.185297,0.146876,1.230435,0.155543,0.000000,0.000000,-0.093173,,0.095511,0.000000,,,,0.123915,0.131712,1.500000,44.448204,12.095102,0.000000,circle,预设轨迹15,forward
1775478740.847908,39.413653,1775478750.612545|完整运动,完整运动,circle_orbit,1,1.000000,1.500000,1.500000,,,,,,,,,,,,,,,,1.186252,0.151291,1.243545,0.184403,0.000000,0.000000,-0.085193,,0.091026,0.000000,,,,0.127537,0.131818,1.500000,44.493655,12.049652,0.000000,circle,预设轨迹15,forward
1775478740.882855,39.448599,1775478750.612545|完整运动,完整运动,circle_orbit,1,1.000000,1.500000,1.500000,,,,,,,,,,,,,,,,1.187191,0.150480,1.243545,0.144403,0.000000,0.000000,-0.085193,,0.091026,0.000000,,,,0.126753,0.131923,1.500000,44.493655,12.049652,0.000000,circle,预设轨迹15,forward
1775478740.905966,39.471710,1775478750.612545|完整运动,完整运动,circle_orbit,1,1.000000,1.500000,1.500000,,,,,,,,,,,,,,,,1.188263,0.154471,1.252586,0.184403,0.000000,0.000000,-0.076315,,0.089530,0.000000,,,,0.129997,0.132042,1.500000,44.538843,12.004464,0.000000,circle,预设轨迹15,forward
1775478740.927142,39.492886,1775478750.612545|完整运动,完整运动,circle_orbit,1,1.000000,1.500000,1.500000,,,,,,,,,,,,,,,,1.189384,0.156029,1.256649,0.167710,0.000000,0.000000,-0.072262,,0.088912,0.000000,,,,0.131184,0.132166,1.500000,44.561848,11.981458,0.000000,circle,预设轨迹15,forward
1775478740.951796,39.517540,1775478750.612545|完整运动,完整运动,circle_orbit,1,1.000000,1.500000,1.500000,,,,,,,,,,,,,,,,1.190559,0.157479,1.261052,0.168352,0.000000,0.000000,-0.068349,,0.088047,0.000000,,,,0.132273,0.132297,1.500000,44.585031,11.958276,0.000000,circle,预设轨迹15,forward
1775478740.977396,39.543140,1775478750.612545|完整运动,完整运动,circle_orbit,1,1.000000,1.500000,1.500000,,,,,,,,,,,,,,,,1.191800,0.158923,1.266272,0.169753,0.000000,0.000000,-0.064436,,0.086722,0.000000,,,,0.133347,0.132435,1.500000,44.608473,11.934834,0.000000,circle,预设轨迹15,forward
1775478741.009210,39.574955,1775478750.612545|完整运动,完整运动,circle_orbit,1,1.000000,1.500000,1.500000,,,,,,,,,,,,,,,,1.193178,0.162706,1.275877,0.191079,0.000000,0.000000,-0.057186,,0.084370,0.000000,,,,0.136363,0.132588,1.500000,44.655557,11.887750,0.000000,circle,预设轨迹15,forward
1775478741.042669,39.608413,1775478750.612545|完整运动,完整运动,circle_orbit,1,1.000000,1.500000,1.500000,,,,,,,,,,,,,,,,1.194688,0.165771,1.285269,0.188760,0.000000,0.000000,-0.050817,,0.081832,0.000000,,,,0.138757,0.132756,1.500000,44.703103,11.840204,0.000000,circle,预设轨迹15,forward
1775478741.067339,39.633083,1775478750.612545|完整运动,完整运动,circle_orbit,1,1.000000,1.500000,1.500000,,,,,,,,,,,,,,,,1.196272,0.166546,1.291325,0.172363,0.000000,0.000000,-0.047609,,0.079837,0.000000,,,,0.139221,0.132932,1.500000,44.726901,11.816405,0.000000,circle,预设轨迹15,forward
1775478741.089097,39.654841,1775478750.612545|完整运动,完整运动,circle_orbit,1,1.000000,1.500000,1.500000,,,,,,,,,,,,,,,,1.198038,0.169818,1.303977,0.194358,0.000000,0.000000,-0.040883,,0.075782,0.000000,,,,0.141747,0.133128,1.500000,44.774398,11.768908,0.000000,circle,预设轨迹15,forward
1775478741.125424,39.691168,1775478750.612545|完整运动,完整运动,circle_orbit,1,1.000000,1.500000,1.500000,,,,,,,,,,,,,,,,1.199899,0.170731,1.311573,0.177573,0.000000,0.000000,-0.037405,,0.073164,0.000000,,,,0.142287,0.133335,1.500000,44.797802,11.745505,0.000000,circle,预设轨迹15,forward
1775478741.157966,39.723710,1775478750.612545|完整运动,完整运动,circle_orbit,1,1.000000,1.500000,1.500000,,,,,,,,,,,,,,,,1.201839,0.171567,1.318241,0.177839,0.000000,0.000000,-0.034065,,0.071033,0.000000,,,,0.142754,0.133550,1.500000,44.821292,11.722015,0.000000,circle,预设轨迹15,forward
1775478741.178578,39.744322,1775478750.612545|完整运动,完整运动,circle_orbit,1,1.000000,1.500000,1.500000,,,,,,,,,,,,,,,,1.204002,0.174523,1.333753,0.196691,0.000000,0.000000,-0.027733,,0.065577,0.000000,,,,0.144952,0.133791,1.500000,44.868307,11.675000,0.000000,circle,预设轨迹15,forward
1775478741.205360,39.771105,1775478750.612545|完整运动,完整运动,circle_orbit,1,1.000000,1.500000,1.500000,,,,,,,,,,,,,,,,1.206229,0.175031,1.339870,0.178841,0.000000,0.000000,-0.024794,,0.063674,0.000000,,,,0.145106,0.134038,1.500000,44.892041,11.651266,0.000000,circle,预设轨迹15,forward
1775478741.243697,39.809442,1775478750.612545|完整运动,完整运动,circle_orbit,1,1.000000,1.500000,1.500000,,,,,,,,,,,,,,,,1.208640,0.177844,1.353303,0.198946,0.000000,0.000000,-0.018622,,0.059472,0.000000,,,,0.147144,0.134306,1.500000,44.940148,11.603158,0.000000,circle,预设轨迹15,forward
1775478741.264971,39.830715,1775478750.612545|完整运动,完整运动,circle_orbit,1,1.000000,1.500000,1.500000,,,,,,,,,,,,,,,,1.211101,0.178505,1.358766,0.183461,0.000000,0.000000,-0.015436,,0.058103,0.000000,,,,0.147391,0.134580,1.500000,44.964499,11.578808,0.000000,circle,预设轨迹15,forward
1775478741.290637,39.856382,1775478750.612545|完整运动,完整运动,circle_orbit,1,1.000000,1.500000,1.500000,,,,,,,,,,,,,,,,1.213539,0.178817,1.359812,0.181153,0.000000,0.000000,-0.012799,,0.058744,0.000000,,,,0.147351,0.134850,1.500000,44.988623,11.554684,0.000000,circle,预设轨迹15,forward
1775478741.316679,39.882423,1775478750.612545|完整运动,完整运动,circle_orbit,1,1.000000,1.500000,1.500000,,,,,,,,,,,,,,,,1.216110,0.180823,1.370338,0.195870,0.000000,0.000000,-0.007809,,0.055667,0.000000,,,,0.148690,0.135136,1.500000,45.036268,11.507039,0.000000,circle,预设轨迹15,forward
1775478741.337089,39.902833,1775478750.612545|完整运动,完整运动,circle_orbit,1,1.000000,1.500000,1.500000,,,,,,,,,,,,,,,,1.218743,0.181073,1.376728,0.182949,0.000000,0.000000,-0.005277,,0.053617,0.000000,,,,0.148574,0.135429,1.500000,45.059866,11.483441,0.000000,circle,预设轨迹15,forward
1775478741.367620,39.933364,1775478750.612545|完整运动,完整运动,circle_orbit,1,1.000000,1.500000,1.500000,,,,,,,,,,,,,,,,1.221435,0.181412,1.383002,0.183954,0.000000,0.000000,-0.002678,,0.051683,0.000000,,,,0.148524,0.135728,1.500000,45.083612,11.459695,0.000000,circle,预设轨迹15,forward
1775478741.401174,39.966918,1775478750.612545|完整运动,完整运动,circle_orbit,1,1.000000,1.500000,1.500000,,,,,,,,,,,,,,,,1.224186,0.181857,1.389221,0.185194,0.000000,0.000000,0.000020,,0.049830,0.000000,,,,0.148553,0.136034,1.500000,45.107307,11.435999,0.000000,circle,预设轨迹15,forward
1775478741.422727,39.988471,1775478750.612545|完整运动,完整运动,circle_orbit,1,1.000000,1.500000,1.500000,,,,,,,,,,,,,,,,1.226892,0.184067,1.389251,0.200643,0.000000,0.000000,0.005186,,0.047519,0.000000,,,,0.150027,0.136334,1.500000,45.155110,11.388197,0.000000,circle,预设轨迹15,forward
1775478741.446173,40.011917,1775478750.612545|完整运动,完整运动,circle_orbit,1,1.000000,1.500000,1.500000,,,,,,,,,,,,,,,,1.229569,0.184378,1.390169,0.186711,0.000000,0.000000,0.007710,,0.045951,0.000000,,,,0.149953,0.136632,1.500000,45.178557,11.364749,0.000000,circle,预设轨迹15,forward
1775478741.468419,40.034163,1775478750.612545|完整运动,完整运动,circle_orbit,1,1.000000,1.500000,1.500000,,,,,,,,,,,,,,,,1.232163,0.185780,1.387833,0.196291,0.000000,0.000000,0.011730,,0.045300,0.000000,,,,0.150775,0.136920,1.500000,45.225441,11.317866,0.000000,circle,预设轨迹15,forward
1775478741.488747,40.054491,1775478750.612545|完整运动,完整运动,circle_orbit,1,1.000000,1.500000,1.500000,,,,,,,,,,,,,,,,1.234723,0.185764,1.388303,0.185643,0.000000,0.000000,0.013747,,0.044175,0.000000,,,,0.150450,0.137204,1.500000,45.249290,11.294017,0.000000,circle,预设轨迹15,forward
1775478741.519860,40.085604,1775478750.612545|完整运动,完整运动,circle_orbit,1,1.000000,1.500000,1.500000,,,,,,,,,,,,,,,,1.237241,0.184377,1.388303,0.173974,0.000000,0.000000,0.013747,,0.044175,0.000000,,,,0.149022,0.137484,1.500000,45.249290,11.294017,0.000000,circle,预设轨迹15,forward
1775478741.541940,40.107684,1775478750.612545|完整运动,完整运动,circle_orbit,1,1.000000,1.500000,1.500000,,,,,,,,,,,,,,,,1.239807,0.186909,1.393808,0.205905,0.000000,0.000000,0.019196,,0.039085,0.000000,,,,0.150757,0.137769,1.500000,45.297356,11.245950,0.000000,circle,预设轨迹15,forward
1775478741.562819,40.128563,1775478750.612545|完整运动,完整运动,circle_orbit,1,1.000000,1.500000,1.500000,,,,,,,,,,,,,,,,1.242364,0.187765,1.395789,0.194186,0.000000,0.000000,0.022353,,0.036728,0.000000,,,,0.151136,0.138054,1.500000,45.320924,11.222383,0.000000,circle,预设轨迹15,forward
1775478741.594536,40.160280,1775478750.612545|完整运动,完整运动,circle_orbit,1,1.000000,1.500000,1.500000,,,,,,,,,,,,,,,,1.244871,0.188701,1.395253,0.195720,0.000000,0.000000,0.025611,,0.035537,0.000000,,,,0.151583,0.138332,1.500000,45.344406,11.198900,0.000000,circle,预设轨迹15,forward
1775478741.615192,40.180936,1775478750.612545|完整运动,完整运动,circle_orbit,1,1.000000,1.500000,1.500000,,,,,,,,,,,,,,,,1.247270,0.190970,1.391236,0.207987,0.000000,0.000000,0.030755,,0.035191,0.000000,,,,0.153111,0.138599,1.500000,45.392140,11.151167,0.000000,circle,预设轨迹15,forward
1775478741.635469,40.201213,1775478750.612545|完整运动,完整运动,circle_orbit,1,1.000000,1.500000,1.500000,,,,,,,,,,,,,,,,1.249604,0.190866,1.389612,0.190086,0.000000,0.000000,0.032589,,0.035163,0.000000,,,,0.152741,0.138858,1.500000,45.416915,11.126391,0.000000,circle,预设轨迹15,forward
1775478741.665539,40.231283,1775478750.612545|完整运动,完整运动,circle_orbit,1,1.000000,1.500000,1.500000,,,,,,,,,,,,,,,,1.251870,0.190493,1.387837,0.187691,0.000000,0.000000,0.033972,,0.035411,0.000000,,,,0.152167,0.139110,1.500000,45.442192,11.101114,0.000000,circle,预设轨迹15,forward
1775478741.692981,40.258725,1775478750.612545|完整运动,完整运动,circle_orbit,1,1.000000,1.500000,1.500000,,,,,,,,,,,,,,,,1.254122,0.190963,1.389274,0.194487,0.000000,0.000000,0.036481,,0.033598,0.000000,,,,0.152268,0.139360,1.500000,45.492876,11.050431,0.000000,circle,预设轨迹15,forward
1775478741.715228,40.280972,1775478750.612545|完整运动,完整运动,circle_orbit,1,1.000000,1.500000,1.500000,,,,,,,,,,,,,,,,1.256361,0.190474,1.390673,0.186812,0.000000,0.000000,0.037605,,0.032419,0.000000,,,,0.151608,0.139609,1.500000,45.518398,11.024908,0.000000,circle,预设轨迹15,forward
1775478741.737214,40.302958,1775478750.612545|完整运动,完整运动,circle_orbit,1,1.000000,1.500000,1.500000,,,,,,,,,,,,,,,,1.258595,0.190174,1.392665,0.187926,0.000000,0.000000,0.038923,,0.030869,0.000000,,,,0.151101,0.139857,1.500000,45.543890,10.999416,0.000000,circle,预设轨迹15,forward
1775478741.764161,40.329905,1775478750.612545|完整运动,完整运动,circle_orbit,1,1.000000,1.500000,1.500000,,,,,,,,,,,,,,,,1.260815,0.189930,1.393983,0.188093,0.000000,0.000000,0.040259,,0.029639,0.000000,,,,0.150640,0.140104,1.500000,45.569555,10.973752,0.000000,circle,预设轨迹15,forward
1775478741.786910,40.352654,1775478750.612545|完整运动,完整运动,circle_orbit,1,1.000000,1.500000,1.500000,,,,,,,,,,,,,,,,1.263057,0.190593,1.397588,0.195572,0.000000,0.000000,0.042840,,0.026757,0.000000,,,,0.150899,0.140353,1.500000,45.620352,10.922954,0.000000,circle,预设轨迹15,forward
1775478741.807678,40.373422,1775478750.612545|完整运动,完整运动,circle_orbit,1,1.000000,1.500000,1.500000,,,,,,,,,,,,,,,,1.265327,0.190513,1.401552,0.189912,0.000000,0.000000,0.044367,,0.024181,0.000000,,,,0.150564,0.140605,1.500000,45.645472,10.897835,0.000000,circle,预设轨迹15,forward
1775478741.830167,40.395911,1775478750.612545|完整运动,完整运动,circle_orbit,1,1.000000,1.500000,1.500000,,,,,,,,,,,,,,,,1.267560,0.189391,1.401552,0.180978,0.000000,0.000000,0.044367,,0.024181,0.000000,,,,0.149414,0.140853,1.500000,45.645472,10.897835,0.000000,circle,预设轨迹15,forward
1775478741.850530,40.416274,1775478750.612545|完整运动,完整运动,circle_orbit,1,1.000000,1.500000,1.500000,,,,,,,,,,,,,,,,1.269867,0.191411,1.408270,0.206554,0.000000,0.000000,0.048748,,0.019043,0.000000,,,,0.150733,0.141110,1.500000,45.695077,10.848229,0.000000,circle,预设轨迹15,forward
1775478741.884794,40.450539,1775478750.612545|完整运动,完整运动,circle_orbit,1,1.000000,1.500000,1.500000,,,,,,,,,,,,,,,,1.272159,0.191577,1.409669,0.192825,0.000000,0.000000,0.050576,,0.017569,0.000000,,,,0.150592,0.141364,1.500000,45.719929,10.823377,0.000000,circle,预设轨迹15,forward
1775478741.906666,40.472410,1775478750.612545|完整运动,完整运动,circle_orbit,1,1.000000,1.500000,1.500000,,,,,,,,,,,,,,,,1.274431,0.192544,1.410755,0.199800,0.000000,0.000000,0.053518,,0.015750,0.000000,,,,0.151083,0.141617,1.500000,45.770892,10.772415,0.000000,circle,预设轨迹15,forward
1775478741.927291,40.493035,1775478750.612545|完整运动,完整运动,circle_orbit,1,1.000000,1.500000,1.500000,,,,,,,,,,,,,,,,1.276693,0.192633,1.412386,0.193299,0.000000,0.000000,0.055229,,0.014222,0.000000,,,,0.150885,0.141868,1.500000,45.796654,10.746653,0.000000,circle,预设轨迹15,forward
1775478741.959433,40.525177,1775478750.612545|完整运动,完整运动,circle_orbit,1,1.000000,1.500000,1.500000,,,,,,,,,,,,,,,,1.278917,0.191542,1.412386,0.183361,0.000000,0.000000,0.055229,,0.014222,0.000000,,,,0.149769,0.142115,1.500000,45.796654,10.746653,0.000000,circle,预设轨迹15,forward
1775478741.994824,40.560568,1775478750.612545|完整运动,完整运动,circle_orbit,1,1.000000,1.500000,1.500000,,,,,,,,,,,,,,,,1.281215,0.193206,1.419087,0.205687,0.000000,0.000000,0.059064,,0.009383,0.000000,,,,0.150799,0.142371,1.500000,45.847986,10.695321,0.000000,circle,预设轨迹15,forward
1775478742.030923,40.596667,1775478750.612545|完整运动,完整运动,circle_orbit,1,1.000000,1.500000,1.500000,,,,,,,,,,,,,,,,1.283568,0.194588,1.424776,0.204947,0.000000,0.000000,0.062569,,0.005187,0.000000,,,,0.151599,0.142632,1.500000,45.899610,10.643697,0.000000,circle,预设轨迹15,forward
1775478742.058330,40.624074,1775478750.612545|完整运动,完整运动,circle_orbit,1,1.000000,1.500000,1.500000,,,,,,,,,,,,,,,,1.285975,0.195459,1.430361,0.201994,0.000000,0.000000,0.065399,,0.001360,0.000000,,,,0.151993,0.142900,1.500000,45.951462,10.591845,0.000000,circle,预设轨迹15,forward
1775478742.081037,40.646781,1775478750.612545|完整运动,完整运动,circle_orbit,1,1.000000,1.500000,1.500000,,,,,,,,,,,,,,,,1.288367,0.195201,1.431906,0.193263,0.000000,0.000000,0.066635,,-0.000104,0.000000,,,,0.151510,0.143165,1.500000,45.977037,10.566270,0.000000,circle,预设轨迹15,forward
1775478742.102037,40.667781,1775478750.612545|完整运动,完整运动,circle_orbit,1,1.000000,1.500000,1.500000,,,,,,,,,,,,,,,,1.290645,0.194894,1.427325,0.192595,0.000000,0.000000,0.067752,,-0.001708,0.000000,,,,0.151005,0.143419,1.500000,46.002553,10.540753,0.000000,circle,预设轨迹15,forward
1775478742.122707,40.688451,1775478750.612545|完整运动,完整运动,circle_orbit,1,1.000000,1.500000,1.500000,,,,,,,,,,,,,,,,1.292784,0.194582,1.421087,0.192243,0.000000,0.000000,0.068816,,-0.004119,0.000000,,,,0.150514,0.143656,1.500000,46.027851,10.515456,0.000000,circle,预设轨迹15,forward
1775478742.142984,40.708728,1775478750.612545|完整运动,完整运动,circle_orbit,1,1.000000,1.500000,1.500000,,,,,,,,,,,,,,,,1.294789,0.194193,1.415086,0.191273,0.000000,0.000000,0.069727,,-0.006511,0.000000,,,,0.149980,0.143879,1.500000,46.053290,10.490017,0.000000,circle,预设轨迹15,forward
1775478742.165324,40.731069,1775478750.612545|完整运动,完整运动,circle_orbit,1,1.000000,1.500000,1.500000,,,,,,,,,,,,,,,,1.296653,0.193768,1.408531,0.190584,0.000000,0.000000,0.070545,,-0.009231,0.000000,,,,0.149437,0.144086,1.500000,46.078903,10.464404,0.000000,circle,预设轨迹15,forward
1775478742.193471,40.759215,1775478750.612545|完整运动,完整运动,circle_orbit,1,1.000000,1.500000,1.500000,,,,,,,,,,,,,,,,1.298279,0.193929,1.395834,0.195135,0.000000,0.000000,0.072163,,-0.014566,0.000000,,,,0.149374,0.144267,1.500000,46.130273,10.413034,0.000000,circle,预设轨迹15,forward
1775478742.213775,40.779519,1775478750.612545|完整运动,完整运动,circle_orbit,1,1.000000,1.500000,1.500000,,,,,,,,,,,,,,,,1.299768,0.193602,1.389127,0.191151,0.000000,0.000000,0.073081,,-0.017401,0.000000,,,,0.148951,0.144432,1.500000,46.155831,10.387476,0.000000,circle,预设轨迹15,forward
1775478742.246683,40.812427,1775478750.612545|完整运动,完整运动,circle_orbit,1,1.000000,1.500000,1.500000,,,,,,,,,,,,,,,,1.301233,0.192660,1.389127,0.185591,0.000000,0.000000,0.073081,,-0.017401,0.000000,,,,0.148059,0.144595,1.500000,46.155831,10.387476,0.000000,circle,预设轨迹15,forward
1775478742.267413,40.833157,1775478750.612545|完整运动,完整运动,circle_orbit,1,1.000000,1.500000,1.500000,,,,,,,,,,,,,,,,1.302466,0.193261,1.376421,0.197775,0.000000,0.000000,0.075222,,-0.022679,0.000000,,,,0.148381,0.144732,1.500000,46.206753,10.336553,0.000000,circle,预设轨迹15,forward
1775478742.287743,40.853487,1775478750.612545|完整运动,完整运动,circle_orbit,1,1.000000,1.500000,1.500000,,,,,,,,,,,,,,,,1.303501,0.194090,1.365616,0.200306,0.000000,0.000000,0.077715,,-0.026960,0.000000,,,,0.148899,0.144847,1.500000,46.257617,10.285689,0.000000,circle,预设轨迹15,forward
1775478742.313722,40.879467,1775478750.612545|完整运动,完整运动,circle_orbit,1,1.000000,1.500000,1.500000,,,,,,,,,,,,,,,,1.304519,0.193147,1.365616,0.186077,0.000000,0.000000,0.077715,,-0.026960,0.000000,,,,0.148060,0.144960,1.500000,46.257617,10.285689,0.000000,circle,预设轨迹15,forward
1775478742.336361,40.902105,1775478750.612545|完整运动,完整运动,circle_orbit,1,1.000000,1.500000,1.500000,,,,,,,,,,,,,,,,1.305485,0.192853,1.363399,0.190644,0.000000,0.000000,0.078566,,-0.027698,0.000000,,,,0.147725,0.145068,1.500000,46.309133,10.234174,0.000000,circle,预设轨迹15,forward
1775478742.356799,40.922543,1775478750.612545|完整运动,完整运动,circle_orbit,1,1.000000,1.500000,1.500000,,,,,,,,,,,,,,,,1.306380,0.192130,1.360099,0.186708,0.000000,0.000000,0.078779,,-0.029272,0.000000,,,,0.147070,0.145167,1.500000,46.334993,10.208314,0.000000,circle,预设轨迹15,forward
1775478742.382302,40.948046,1775478750.612545|完整运动,完整运动,circle_orbit,1,1.000000,1.500000,1.500000,,,,,,,,,,,,,,,,1.307208,0.191377,1.356865,0.185727,0.000000,0.000000,0.078900,,-0.030861,0.000000,,,,0.146401,0.145259,1.500000,46.360882,10.182425,0.000000,circle,预设轨迹15,forward
1775478742.410687,40.976432,1775478750.612545|完整运动,完整运动,circle_orbit,1,1.000000,1.500000,1.500000,,,,,,,,,,,,,,,,1.307902,0.190676,1.349574,0.185422,0.000000,0.000000,0.079056,,-0.034524,0.000000,,,,0.145788,0.145336,1.500000,46.412876,10.130430,0.000000,circle,预设轨迹15,forward
1775478742.431274,40.997018,1775478750.612545|完整运动,完整运动,circle_orbit,1,1.000000,1.500000,1.500000,,,,,,,,,,,,,,,,1.308533,0.189845,1.346386,0.183612,0.000000,0.000000,0.078984,,-0.036201,0.000000,,,,0.145082,0.145406,1.500000,46.439131,10.104176,0.000000,circle,预设轨迹15,forward
1775478742.463689,41.029433,1775478750.612545|完整运动,完整运动,circle_orbit,1,1.000000,1.500000,1.500000,,,,,,,,,,,,,,,,1.309095,0.189179,1.342784,0.184184,0.000000,0.000000,0.079100,,-0.038018,0.000000,,,,0.144511,0.145469,1.500000,46.465462,10.077845,0.000000,circle,预设轨迹15,forward
1775478742.497389,41.063133,1775478750.612545|完整运动,完整运动,circle_orbit,1,1.000000,1.500000,1.500000,,,,,,,,,,,,,,,,1.309580,0.188666,1.338726,0.184816,0.000000,0.000000,0.079398,,-0.040002,0.000000,,,,0.144066,0.145523,1.500000,46.491703,10.051604,0.000000,circle,预设轨迹15,forward
1775478742.530302,41.096046,1775478750.612545|完整运动,完整运动,circle_orbit,1,1.000000,1.500000,1.500000,,,,,,,,,,,,,,,,1.309930,0.188342,1.330920,0.185912,0.000000,0.000000,0.079948,,-0.043864,0.000000,,,,0.143780,0.145562,1.500000,46.544097,9.999209,0.000000,circle,预设轨迹15,forward
1775478742.562199,41.127943,1775478750.612545|完整运动,完整运动,circle_orbit,1,1.000000,1.500000,1.500000,,,,,,,,,,,,,,,,1.310153,0.187676,1.323557,0.182682,0.000000,0.000000,0.080007,,-0.047757,0.000000,,,,0.143247,0.145586,1.500000,46.596655,9.946651,0.000000,circle,预设轨迹15,forward
1775478742.586742,41.152486,1775478750.612545|完整运动,完整运动,circle_orbit,1,1.000000,1.500000,1.500000,,,,,,,,,,,,,,,,1.310261,0.186785,1.316710,0.180100,0.000000,0.000000,0.079722,,-0.051566,0.000000,,,,0.142555,0.145598,1.500000,46.649748,9.893558,0.000000,circle,预设轨迹15,forward
1775478742.609441,41.175185,1775478750.612545|完整运动,完整运动,circle_orbit,1,1.000000,1.500000,1.500000,,,,,,,,,,,,,,,,1.310305,0.185993,1.312970,0.180058,0.000000,0.000000,0.079540,,-0.053676,0.000000,,,,0.141946,0.145603,1.500000,46.676338,9.866968,0.000000,circle,预设轨迹15,forward
1775478742.632300,41.198044,1775478750.612545|完整运动,完整运动,circle_orbit,1,1.000000,1.500000,1.500000,,,,,,,,,,,,,,,,1.310282,0.185240,1.308880,0.179589,0.000000,0.000000,0.079378,,-0.055979,0.000000,,,,0.141374,0.145601,1.500000,46.702929,9.840378,0.000000,circle,预设轨迹15,forward
1775478742.657397,41.223141,1775478750.612545|完整运动,完整运动,circle_orbit,1,1.000000,1.500000,1.500000,,,,,,,,,,,,,,,,1.310177,0.184589,1.303875,0.179710,0.000000,0.000000,0.079337,,-0.058747,0.000000,,,,0.140889,0.145589,1.500000,46.729413,9.813893,0.000000,circle,预设轨迹15,forward
1775478742.688775,41.254519,1775478750.612545|完整运动,完整运动,circle_orbit,1,1.000000,1.500000,1.500000,,,,,,,,,,,,,,,,1.310020,0.183844,1.300587,0.178258,0.000000,0.000000,0.079138,,-0.060653,0.000000,,,,0.140337,0.145572,1.500000,46.755862,9.787445,0.000000,circle,预设轨迹15,forward
1775478742.732876,41.298620,1775478750.612545|完整运动,完整运动,circle_orbit,1,1.000000,1.500000,1.500000,,,,,,,,,,,,,,,,1.309763,0.182761,1.294340,0.174639,0.000000,0.000000,0.078440,,-0.064442,0.000000,,,,0.139538,0.145543,1.500000,46.808388,9.734919,0.000000,circle,预设轨迹15,forward
1775478742.754908,41.320652,1775478750.612545|完整运动,完整运动,circle_orbit,1,1.000000,1.500000,1.500000,,,,,,,,,,,,,,,,1.309431,0.181124,1.289558,0.168848,0.000000,0.000000,0.076917,,-0.067805,0.000000,,,,0.138323,0.145506,1.500000,46.861179,9.682127,0.000000,circle,预设轨迹15,forward
1775478742.777709,41.343453,1775478750.612545|完整运动,完整运动,circle_orbit,1,1.000000,1.500000,1.500000,,,,,,,,,,,,,,,,1.309106,0.180615,1.289558,0.176798,0.000000,0.000000,0.076917,,-0.067805,0.000000,,,,0.137969,0.145470,1.500000,46.861179,9.682127,0.000000,circle,预设轨迹15,forward
1775478742.809436,41.375180,1775478750.612545|完整运动,完整运动,circle_orbit,1,1.000000,1.500000,1.500000,,,,,,,,,,,,,,,,1.308631,0.179025,1.280136,0.167098,0.000000,0.000000,0.075390,,-0.073834,0.000000,,,,0.136803,0.145417,1.500000,46.939504,9.603802,0.000000,circle,预设轨迹15,forward
1775478742.830319,41.396063,1775478750.612545|完整运动,完整运动,circle_orbit,1,1.000000,1.500000,1.500000,,,,,,,,,,,,,,,,1.308104,0.178213,1.276483,0.172121,0.000000,0.000000,0.074905,,-0.076146,0.000000,,,,0.136238,0.145359,1.500000,46.965481,9.577826,0.000000,circle,预设轨迹15,forward
1775478742.851061,41.416806,1775478750.612545|完整运动,完整运动,circle_orbit,1,1.000000,1.500000,1.500000,,,,,,,,,,,,,,,,1.307531,0.177306,1.273157,0.170502,0.000000,0.000000,0.074267,,-0.078348,0.000000,,,,0.135604,0.145295,1.500000,46.991754,9.551553,0.000000,circle,预设轨迹15,forward
1775478742.878141,41.443885,1775478750.612545|完整运动,完整运动,circle_orbit,1,1.000000,1.500000,1.500000,,,,,,,,,,,,,,,,1.306923,0.176371,1.270422,0.169361,0.000000,0.000000,0.073565,,-0.080245,0.000000,,,,0.134952,0.145227,1.500000,47.018168,9.525138,0.000000,circle,预设轨迹15,forward
1775478742.901474,41.467218,1775478750.612545|完整运动,完整运动,circle_orbit,1,1.000000,1.500000,1.500000,,,,,,,,,,,,,,,,1.306279,0.175441,1.267642,0.168465,0.000000,0.000000,0.072844,,-0.082184,0.000000,,,,0.134306,0.145156,1.500000,47.044620,9.498686,0.000000,circle,预设轨迹15,forward
1775478742.927849,41.493593,1775478750.612545|完整运动,完整运动,circle_orbit,1,1.000000,1.500000,1.500000,,,,,,,,,,,,,,,,1.305598,0.174550,1.264747,0.167868,0.000000,0.000000,0.072156,,-0.084183,0.000000,,,,0.133694,0.145080,1.500000,47.070954,9.472353,0.000000,circle,预设轨迹15,forward
1775478742.951853,41.517597,1775478750.612545|完整运动,完整运动,circle_orbit,1,1.000000,1.500000,1.500000,,,,,,,,,,,,,,,,1.304829,0.172996,1.258703,0.161338,0.000000,0.000000,0.070514,,-0.088472,0.000000,,,,0.132581,0.144995,1.500000,47.123440,9.419866,0.000000,circle,预设轨迹15,forward
1775478742.981576,41.547321,1775478750.612545|完整运动,完整运动,circle_orbit,1,1.000000,1.500000,1.500000,,,,,,,,,,,,,,,,1.304023,0.171929,1.255691,0.163925,0.000000,0.000000,0.069509,,-0.090705,0.000000,,,,0.131845,0.144905,1.500000,47.149712,9.393595,0.000000,circle,预设轨迹15,forward
1775478743.017938,41.583682,1775478750.612545|完整运动,完整运动,circle_orbit,1,1.000000,1.500000,1.500000,,,,,,,,,,,,,,,,1.303186,0.170864,1.252932,0.162876,0.000000,0.000000,0.068481,,-0.092806,0.000000,,,,0.131112,0.144812,1.500000,47.176005,9.367302,0.000000,circle,预设轨迹15,forward
1775478743.040215,41.605959,1775478750.612545|完整运动,完整运动,circle_orbit,1,1.000000,1.500000,1.500000,,,,,,,,,,,,,,,,1.302286,0.168989,1.248320,0.154931,0.000000,0.000000,0.066285,,-0.096547,0.000000,,,,0.129763,0.144712,1.500000,47.228535,9.314772,0.000000,circle,预设轨迹15,forward
1775478743.060555,41.626300,1775478750.612545|完整运动,完整运动,circle_orbit,1,1.000000,1.500000,1.500000,,,,,,,,,,,,,,,,1.301362,0.167854,1.245924,0.159340,0.000000,0.000000,0.065071,,-0.098531,0.000000,,,,0.128983,0.144610,1.500000,47.254513,9.288794,0.000000,circle,预设轨迹15,forward
1775478743.090736,41.656480,1775478750.612545|完整运动,完整运动,circle_orbit,1,1.000000,1.500000,1.500000,,,,,,,,,,,,,,,,1.300401,0.166739,1.242715,0.158379,0.000000,0.000000,0.063863,,-0.101010,0.000000,,,,0.128221,0.144503,1.500000,47.280356,9.262950,0.000000,circle,预设轨迹15,forward
1775478743.126691,41.692435,1775478750.612545|完整运动,完整运动,circle_orbit,1,1.000000,1.500000,1.500000,,,,,,,,,,,,,,,,1.299356,0.164846,1.236655,0.150647,0.000000,0.000000,0.061536,,-0.105741,0.000000,,,,0.126868,0.144387,1.500000,47.331992,9.211314,0.000000,circle,预设轨迹15,forward
1775478743.160044,41.725788,1775478750.612545|完整运动,完整运动,circle_orbit,1,1.000000,1.500000,1.500000,,,,,,,,,,,,,,,,1.298309,0.163678,1.235513,0.154919,0.000000,0.000000,0.060173,,-0.107048,0.000000,,,,0.126070,0.144270,1.500000,47.357882,9.185425,0.000000,circle,预设轨迹15,forward
1775478743.183548,41.749292,1775478750.612545|完整运动,完整运动,circle_orbit,1,1.000000,1.500000,1.500000,,,,,,,,,,,,,,,,1.297252,0.160778,1.233834,0.139024,0.000000,0.000000,0.056330,,-0.109789,0.000000,,,,0.123937,0.144153,1.500000,47.409786,9.133520,0.000000,circle,预设轨迹15,forward
1775478743.203897,41.769641,1775478750.612545|完整运动,完整运动,circle_orbit,1,1.000000,1.500000,1.500000,,,,,,,,,,,,,,,,1.296184,0.159335,1.232092,0.148511,0.000000,0.000000,0.054441,,-0.111703,0.000000,,,,0.122926,0.144034,1.500000,47.435485,9.107822,0.000000,circle,预设轨迹15,forward
1775478743.234749,41.800493,1775478750.612545|完整运动,完整运动,circle_orbit,1,1.000000,1.500000,1.500000,,,,,,,,,,,,,,,,1.295113,0.157915,1.230854,0.147270,0.000000,0.000000,0.052554,,-0.113307,0.000000,,,,0.121932,0.143915,1.500000,47.461236,9.082071,0.000000,circle,预设轨迹15,forward
1775478743.258464,41.824208,1775478750.612545|完整运动,完整运动,circle_orbit,1,1.000000,1.500000,1.500000,,,,,,,,,,,,,,,,1.294013,0.155089,1.227988,0.133894,0.000000,0.000000,0.048645,,-0.116822,0.000000,,,,0.119851,0.143793,1.500000,47.512679,9.030627,0.000000,circle,预设轨迹15,forward
1775478743.278809,41.844553,1775478750.612545|完整运动,完整运动,circle_orbit,1,1.000000,1.500000,1.500000,,,,,,,,,,,,,,,,1.292912,0.153580,1.226865,0.142258,0.000000,0.000000,0.046502,,-0.118473,0.000000,,,,0.118786,0.143671,1.500000,47.538761,9.004545,0.000000,circle,预设轨迹15,forward
1775478743.307045,41.872789,1775478750.612545|完整运动,完整运动,circle_orbit,1,1.000000,1.500000,1.500000,,,,,,,,,,,,,,,,1.291808,0.152041,1.225541,0.140505,0.000000,0.000000,0.044290,,-0.120282,0.000000,,,,0.117697,0.143548,1.500000,47.564941,8.978365,0.000000,circle,预设轨迹15,forward
1775478743.336902,41.902646,1775478750.612545|完整运动,完整运动,circle_orbit,1,1.000000,1.500000,1.500000,,,,,,,,,,,,,,,,1.290694,0.150552,1.223884,0.139377,0.000000,0.000000,0.042117,,-0.122284,0.000000,,,,0.116644,0.143424,1.500000,47.591057,8.952249,0.000000,circle,预设轨迹15,forward
1775478743.359401,41.925146,1775478750.612545|完整运动,完整运动,circle_orbit,1,1.000000,1.500000,1.500000,,,,,,,,,,,,,,,,1.289534,0.147511,1.219938,0.124704,0.000000,0.000000,0.037724,,-0.126714,0.000000,,,,0.114391,0.143295,1.500000,47.642854,8.900453,0.000000,circle,预设轨迹15,forward
1775478743.380741,41.946485,1775478750.612545|完整运动,完整运动,circle_orbit,1,1.000000,1.500000,1.500000,,,,,,,,,,,,,,,,1.288357,0.146073,1.217710,0.135288,0.000000,0.000000,0.035502,,-0.129107,0.000000,,,,0.113379,0.143164,1.500000,47.668789,8.874518,0.000000,circle,预设轨迹15,forward
1775478743.404674,41.970418,1775478750.612545|完整运动,完整运动,circle_orbit,1,1.000000,1.500000,1.500000,,,,,,,,,,,,,,,,1.287191,0.144516,1.217241,0.132841,0.000000,0.000000,0.033092,,-0.130476,0.000000,,,,0.112272,0.143035,1.500000,47.694843,8.848464,0.000000,circle,预设轨迹15,forward
1775478743.425071,41.990815,1775478750.612545|完整运动,完整运动,circle_orbit,1,1.000000,1.500000,1.500000,,,,,,,,,,,,,,,,1.286046,0.142813,1.217351,0.130037,0.000000,0.000000,0.030445,,-0.131582,0.000000,,,,0.111048,0.142908,1.500000,47.720839,8.822467,0.000000,circle,预设轨迹15,forward
1775478743.453876,42.019620,1775478750.612545|完整运动,完整运动,circle_orbit,1,1.000000,1.500000,1.500000,,,,,,,,,,,,,,,,1.284919,0.141054,1.217302,0.127863,0.000000,0.000000,0.027685,,-0.132840,0.000000,,,,0.109776,0.142782,1.500000,47.746778,8.796528,0.000000,circle,预设轨迹15,forward
1775478743.485111,42.050855,1775478750.612545|完整运动,完整运动,circle_orbit,1,1.000000,1.500000,1.500000,,,,,,,,,,,,,,,,1.283790,0.137277,1.216072,0.108950,0.000000,0.000000,0.022029,,-0.136133,0.000000,,,,0.106931,0.142657,1.500000,47.798318,8.744989,0.000000,circle,预设轨迹15,forward
1775478743.507561,42.073305,1775478750.612545|完整运动,完整运动,circle_orbit,1,1.000000,1.500000,1.500000,,,,,,,,,,,,,,,,1.282669,0.133640,1.215368,0.106363,0.000000,0.000000,0.016434,,-0.139067,0.000000,,,,0.104189,0.142532,1.500000,47.849614,8.693693,0.000000,circle,预设轨迹15,forward
1775478743.538681,42.104425,1775478750.612545|完整运动,完整运动,circle_orbit,1,1.000000,1.500000,1.500000,,,,,,,,,,,,,,,,1.281569,0.132089,1.215594,0.120453,0.000000,0.000000,0.013671,,-0.140152,0.000000,,,,0.103068,0.142410,1.500000,47.875212,8.668094,0.000000,circle,预设轨迹15,forward
1775478743.566447,42.132191,1775478750.612545|完整运动,完整运动,circle_orbit,1,1.000000,1.500000,1.500000,,,,,,,,,,,,,,,,1.280497,0.130451,1.216143,0.118168,0.000000,0.000000,0.010771,,-0.141092,0.000000,,,,0.101875,0.142291,1.500000,47.900870,8.642437,0.000000,circle,预设轨迹15,forward
1775478743.592067,42.157812,1775478750.612545|完整运动,完整运动,circle_orbit,1,1.000000,1.500000,1.500000,,,,,,,,,,,,,,,,1.279453,0.128752,1.216856,0.116009,0.000000,0.000000,0.007764,,-0.141977,0.000000,,,,0.100630,0.142175,1.500000,47.926575,8.616732,0.000000,circle,预设轨迹15,forward
1775478743.613621,42.179365,1775478750.612545|完整运动,完整运动,circle_orbit,1,1.000000,1.500000,1.500000,,,,,,,,,,,,,,,,1.278456,0.124967,1.218648,0.096580,0.000000,0.000000,0.001773,,-0.143507,0.000000,,,,0.097748,0.142064,1.500000,47.977715,8.565592,0.000000,circle,预设轨迹15,forward
1775478743.637535,42.203279,1775478750.612545|完整运动,完整运动,circle_orbit,1,1.000000,1.500000,1.500000,,,,,,,,,,,,,,,,1.277454,0.123340,1.217326,0.111137,0.000000,0.000000,-0.001287,,-0.144558,0.000000,,,,0.096551,0.141953,1.500000,48.003143,8.540164,0.000000,circle,预设轨迹15,forward
1775478743.670121,42.235866,1775478750.612545|完整运动,完整运动,circle_orbit,1,1.000000,1.500000,1.500000,,,,,,,,,,,,,,,,1.276409,0.121678,1.213721,0.109213,0.000000,0.000000,-0.004411,,-0.145457,0.000000,,,,0.095328,0.141837,1.500000,48.028604,8.514703,0.000000,circle,预设轨迹15,forward
1775478743.692377,42.258121,1775478750.612545|完整运动,完整运动,circle_orbit,1,1.000000,1.500000,1.500000,,,,,,,,,,,,,,,,1.275334,0.119914,1.210823,0.106689,0.000000,0.000000,-0.007698,,-0.145845,0.000000,,,,0.094026,0.141717,1.500000,48.054366,8.488941,0.000000,circle,预设轨迹15,forward
1775478743.712677,42.278422,1775478750.612545|完整运动,完整运动,circle_orbit,1,1.000000,1.500000,1.500000,,,,,,,,,,,,,,,,1.274163,0.115870,1.203913,0.085540,0.000000,0.000000,-0.014244,,-0.147379,0.000000,,,,0.090938,0.141587,1.500000,48.105745,8.437562,0.000000,circle,预设轨迹15,forward
1775478743.743828,42.309572,1775478750.612545|完整运动,完整运动,circle_orbit,1,1.000000,1.500000,1.500000,,,,,,,,,,,,,,,,1.272956,0.114295,1.200501,0.102482,0.000000,0.000000,-0.017428,,-0.148177,0.000000,,,,0.089787,0.141453,1.500000,48.131413,8.411893,0.000000,circle,预设轨迹15,forward
1775478743.780184,42.345928,1775478750.612545|完整运动,完整运动,circle_orbit,1,1.000000,1.500000,1.500000,,,,,,,,,,,,,,,,1.271723,0.112676,1.197753,0.100528,0.000000,0.000000,-0.020683,,-0.148522,0.000000,,,,0.088601,0.141316,1.500000,48.156957,8.386349,0.000000,circle,预设轨迹15,forward
1775478743.814557,42.380301,1775478750.612545|完整运动,完整运动,circle_orbit,1,1.000000,1.500000,1.500000,,,,,,,,,,,,,,,,1.270349,0.106541,1.187887,0.060528,0.000000,0.000000,-0.031011,,-0.150432,0.000000,,,,0.083867,0.141163,1.500000,48.233279,8.310028,0.000000,circle,预设轨迹15,forward
1775478743.844016,42.409760,1775478750.612545|完整运动,完整运动,circle_orbit,1,1.000000,1.500000,1.500000,,,,,,,,,,,,,,,,1.268941,0.104947,1.184487,0.092992,0.000000,0.000000,-0.034434,,-0.151176,0.000000,,,,0.082704,0.141007,1.500000,48.258843,8.284464,0.000000,circle,预设轨迹15,forward
1775478743.864391,42.430135,1775478750.612545|完整运动,完整运动,circle_orbit,1,1.000000,1.500000,1.500000,,,,,,,,,,,,,,,,1.267509,0.103400,1.181552,0.091803,0.000000,0.000000,-0.037791,,-0.151650,0.000000,,,,0.081578,0.140848,1.500000,48.284364,8.258942,0.000000,circle,预设轨迹15,forward
1775478743.887608,42.453352,1775478750.612545|完整运动,完整运动,circle_orbit,1,1.000000,1.500000,1.500000,,,,,,,,,,,,,,,,1.266050,0.101925,1.178562,0.090857,0.000000,0.000000,-0.041049,,-0.152215,0.000000,,,,0.080506,0.140686,1.500000,48.309752,8.233555,0.000000,circle,预设轨迹15,forward
1775478743.909880,42.475624,1775478750.612545|完整运动,完整运动,circle_orbit,1,1.000000,1.500000,1.500000,,,,,,,,,,,,,,,,1.264522,0.098288,1.172816,0.071017,0.000000,0.000000,-0.047371,,-0.153303,0.000000,,,,0.077728,0.140516,1.500000,48.360153,8.183153,0.000000,circle,预设轨迹15,forward
1775478743.930228,42.495972,1775478750.612545|完整运动,完整运动,circle_orbit,1,1.000000,1.500000,1.500000,,,,,,,,,,,,,,,,1.262976,0.097070,1.170240,0.087932,0.000000,0.000000,-0.050375,,-0.153727,0.000000,,,,0.076858,0.140344,1.500000,48.385269,8.158038,0.000000,circle,预设轨迹15,forward
1775478743.961944,42.527688,1775478750.612545|完整运动,完整运动,circle_orbit,1,1.000000,1.500000,1.500000,,,,,,,,,,,,,,,,1.261421,0.095719,1.168081,0.085581,0.000000,0.000000,-0.053551,,-0.153796,0.000000,,,,0.075882,0.140171,1.500000,48.410567,8.132739,0.000000,circle,预设轨迹15,forward
1775478743.983620,42.549365,1775478750.612545|完整运动,完整运动,circle_orbit,1,1.000000,1.500000,1.500000,,,,,,,,,,,,,,,,1.259854,0.094222,1.165852,0.082996,0.000000,0.000000,-0.056925,,-0.153830,0.000000,,,,0.074788,0.139997,1.500000,48.435917,8.107390,0.000000,circle,预设轨迹15,forward
1775478744.003935,42.569679,1775478750.612545|完整运动,完整运动,circle_orbit,1,1.000000,1.500000,1.500000,,,,,,,,,,,,,,,,1.258274,0.092990,1.163460,0.083749,0.000000,0.000000,-0.059926,,-0.154150,0.000000,,,,0.073903,0.139821,1.500000,48.461428,8.081878,0.000000,circle,预设轨迹15,forward
1775478744.031772,42.597516,1775478750.612545|完整运动,完整运动,circle_orbit,1,1.000000,1.500000,1.500000,,,,,,,,,,,,,,,,1.256673,0.091755,1.160603,0.082496,0.000000,0.000000,-0.062917,,-0.154804,0.000000,,,,0.073014,0.139644,1.500000,48.486849,8.056458,0.000000,circle,预设轨迹15,forward
1775478744.060840,42.626584,1775478750.612545|完整运动,完整运动,circle_orbit,1,1.000000,1.500000,1.500000,,,,,,,,,,,,,,,,1.255025,0.088462,1.156187,0.063765,0.000000,0.000000,-0.068822,,-0.155264,0.000000,,,,0.070486,0.139460,1.500000,48.537587,8.005719,0.000000,circle,预设轨迹15,forward
1775478744.081305,42.647049,1775478750.612545|完整运动,完整运动,circle_orbit,1,1.000000,1.500000,1.500000,,,,,,,,,,,,,,,,1.253358,0.087375,1.153333,0.079219,0.000000,0.000000,-0.071696,,-0.155994,0.000000,,,,0.069712,0.139275,1.500000,48.562908,7.980398,0.000000,circle,预设轨迹15,forward
1775478744.103895,42.669639,1775478750.612545|完整运动,完整运动,circle_orbit,1,1.000000,1.500000,1.500000,,,,,,,,,,,,,,,,1.251683,0.086294,1.151184,0.078185,0.000000,0.000000,-0.074541,,-0.156246,0.000000,,,,0.068942,0.139089,1.500000,48.588323,7.954984,0.000000,circle,预设轨迹15,forward
1775478744.129297,42.695042,1775478750.612545|完整运动,完整运动,circle_orbit,1,1.000000,1.500000,1.500000,,,,,,,,,,,,,,,,1.249952,0.083305,1.146064,0.060887,0.000000,0.000000,-0.080075,,-0.157425,0.000000,,,,0.066646,0.138897,1.500000,48.639306,7.904001,0.000000,circle,预设轨迹15,forward
1775478744.149616,42.715360,1775478750.612545|完整运动,完整运动,circle_orbit,1,1.000000,1.500000,1.500000,,,,,,,,,,,,,,,,1.248217,0.082316,1.144153,0.074898,0.000000,0.000000,-0.082855,,-0.157555,0.000000,,,,0.065946,0.138704,1.500000,48.664617,7.878690,0.000000,circle,预设轨迹15,forward
1775478744.176522,42.742267,1775478750.612545|完整运动,完整运动,circle_orbit,1,1.000000,1.500000,1.500000,,,,,,,,,,,,,,,,1.246511,0.083267,1.144153,0.090406,0.000000,0.000000,-0.082855,,-0.157555,0.000000,,,,0.066800,0.138514,1.500000,48.664617,7.878690,0.000000,circle,预设轨迹15,forward
1775478744.197568,42.763312,1775478750.612545|完整运动,完整运动,circle_orbit,1,1.000000,1.500000,1.500000,,,,,,,,,,,,,,,,1.244767,0.079401,1.140123,0.050406,0.000000,0.000000,-0.089711,,-0.157404,0.000000,,,,0.063788,0.138321,1.500000,48.714906,7.828401,0.000000,circle,预设轨迹15,forward
1775478744.217974,42.783718,1775478750.612545|完整运动,完整运动,circle_orbit,1,1.000000,1.500000,1.500000,,,,,,,,,,,,,,,,1.243019,0.077999,1.138139,0.067483,0.000000,0.000000,-0.093063,,-0.157348,0.000000,,,,0.062750,0.138126,1.500000,48.740108,7.803198,0.000000,circle,预设轨迹15,forward
1775478744.246492,42.812236,1775478750.612545|完整运动,完整运动,circle_orbit,1,1.000000,1.500000,1.500000,,,,,,,,,,,,,,,,1.241264,0.076658,1.135921,0.066603,0.000000,0.000000,-0.096331,,-0.157504,0.000000,,,,0.061758,0.137931,1.500000,48.765341,7.777966,0.000000,circle,预设轨迹15,forward
1775478744.267507,42.833251,1775478750.612545|完整运动,完整运动,circle_orbit,1,1.000000,1.500000,1.500000,,,,,,,,,,,,,,,,1.239502,0.075366,1.133829,0.065674,0.000000,0.000000,-0.099531,,-0.157604,0.000000,,,,0.060804,0.137736,1.500000,48.790541,7.752765,0.000000,circle,预设轨迹15,forward
1775478744.288744,42.854488,1775478750.612545|完整运动,完整运动,circle_orbit,1,1.000000,1.500000,1.500000,,,,,,,,,,,,,,,,1.237707,0.072064,1.129960,0.047296,0.000000,0.000000,-0.105587,,-0.157744,0.000000,,,,0.058224,0.137536,1.500000,48.840703,7.702604,0.000000,circle,预设轨迹15,forward
1775478744.314726,42.880471,1775478750.612545|完整运动,完整运动,circle_orbit,1,1.000000,1.500000,1.500000,,,,,,,,,,,,,,,,1.235940,0.073101,1.129960,0.080875,0.000000,0.000000,-0.105587,,-0.157744,0.000000,,,,0.059146,0.137340,1.500000,48.840703,7.702604,0.000000,circle,预设轨迹15,forward
1775478744.348583,42.914327,1775478750.612545|完整运动,完整运动,circle_orbit,1,1.000000,1.500000,1.500000,,,,,,,,,,,,,,,,1.234160,0.069779,1.127361,0.044869,0.000000,0.000000,-0.111652,,-0.156960,0.000000,,,,0.056540,0.137142,1.500000,48.890891,7.652416,0.000000,circle,预设轨迹15,forward
1775478744.369709,42.935453,1775478750.612545|完整运动,完整运动,circle_orbit,1,1.000000,1.500000,1.500000,,,,,,,,,,,,,,,,1.232357,0.066477,1.124179,0.041711,0.000000,0.000000,-0.117804,,-0.156580,0.000000,,,,0.053943,0.136942,1.500000,48.941073,7.602234,0.000000,circle,预设轨迹15,forward
1775478744.390455,42.956199,1775478750.612545|完整运动,完整运动,circle_orbit,1,1.000000,1.500000,1.500000,,,,,,,,,,,,,,,,1.230565,0.065258,1.123030,0.056115,0.000000,0.000000,-0.121106,,-0.155965,0.000000,,,,0.053031,0.136742,1.500000,48.966252,7.577054,0.000000,circle,预设轨迹15,forward
1775478744.424280,42.990025,1775478750.612545|完整运动,完整运动,circle_orbit,1,1.000000,1.500000,1.500000,,,,,,,,,,,,,,,,1.228776,0.064020,1.121431,0.054734,0.000000,0.000000,-0.124425,,-0.155680,0.000000,,,,0.052100,0.136544,1.500000,48.991410,7.551897,0.000000,circle,预设轨迹15,forward
1775478744.454726,43.020470,1775478750.612545|完整运动,完整运动,circle_orbit,1,1.000000,1.500000,1.500000,,,,,,,,,,,,,,,,1.226985,0.062876,1.119533,0.054295,0.000000,0.000000,-0.127604,,-0.155684,0.000000,,,,0.051244,0.136345,1.500000,49.016432,7.526875,0.000000,circle,预设轨迹15,forward
1775478744.480468,43.046212,1775478750.612545|完整运动,完整运动,circle_orbit,1,1.000000,1.500000,1.500000,,,,,,,,,,,,,,,,1.225179,0.059623,1.116819,0.035224,0.000000,0.000000,-0.133770,,-0.154979,0.000000,,,,0.048664,0.136144,1.500000,49.066243,7.477064,0.000000,circle,预设轨迹15,forward
1775478744.500808,43.066552,1775478750.612545|完整运动,完整运动,circle_orbit,1,1.000000,1.500000,1.500000,,,,,,,,,,,,,,,,1.223384,0.058656,1.115690,0.051404,0.000000,0.000000,-0.136793,,-0.154484,0.000000,,,,0.047945,0.135944,1.500000,49.091176,7.452131,0.000000,circle,预设轨迹15,forward
1775478744.530386,43.096130,1775478750.612545|完整运动,完整运动,circle_orbit,1,1.000000,1.500000,1.500000,,,,,,,,,,,,,,,,1.221599,0.057684,1.114468,0.050393,0.000000,0.000000,-0.139802,,-0.154068,0.000000,,,,0.047220,0.135746,1.500000,49.116178,7.427129,0.000000,circle,预设轨迹15,forward
1775478744.551776,43.117520,1775478750.612545|完整运动,完整运动,circle_orbit,1,1.000000,1.500000,1.500000,,,,,,,,,,,,,,,,1.219812,0.054570,1.112599,0.031215,0.000000,0.000000,-0.145837,,-0.152799,0.000000,,,,0.044736,0.135547,1.500000,49.165959,7.377348,0.000000,circle,预设轨迹15,forward
1775478744.572121,43.137865,1775478750.612545|完整运动,完整运动,circle_orbit,1,1.000000,1.500000,1.500000,,,,,,,,,,,,,,,,1.218036,0.053539,1.111492,0.045806,0.000000,0.000000,-0.149011,,-0.152228,0.000000,,,,0.043955,0.135350,1.500000,49.190716,7.352591,0.000000,circle,预设轨迹15,forward
1775478744.599522,43.165266,1775478750.612545|完整运动,完整运动,circle_orbit,1,1.000000,1.500000,1.500000,,,,,,,,,,,,,,,,1.216289,0.054728,1.111492,0.063644,0.000000,0.000000,-0.149011,,-0.152228,0.000000,,,,0.044995,0.135156,1.500000,49.190716,7.352591,0.000000,circle,预设轨迹15,forward
1775478744.628476,43.194220,1775478750.612545|完整运动,完整运动,circle_orbit,1,1.000000,1.500000,1.500000,,,,,,,,,,,,,,,,1.214546,0.051272,1.109916,0.025359,0.000000,0.000000,-0.155478,,-0.150551,0.000000,,,,0.042215,0.134962,1.500000,49.240503,7.302804,0.000000,circle,预设轨迹15,forward
1775478744.650713,43.216458,1775478750.612545|完整运动,完整运动,circle_orbit,1,1.000000,1.500000,1.500000,,,,,,,,,,,,,,,,1.212802,0.048194,1.108198,0.025107,0.000000,0.000000,-0.161535,,-0.149167,0.000000,,,,0.039738,0.134769,1.500000,49.290469,7.252838,0.000000,circle,预设轨迹15,forward
1775478744.671834,43.237578,1775478750.612545|完整运动,完整运动,circle_orbit,1,1.000000,1.500000,1.500000,,,,,,,,,,,,,,,,1.211068,0.047510,1.106987,0.042382,0.000000,0.000000,-0.164287,,-0.148870,0.000000,,,,0.039230,0.134576,1.500000,49.315242,7.228064,0.000000,circle,预设轨迹15,forward
1775478744.697707,43.263451,1775478750.612545|完整运动,完整运动,circle_orbit,1,1.000000,1.500000,1.500000,,,,,,,,,,,,,,,,1.209345,0.046883,1.105998,0.042179,0.000000,0.000000,-0.166921,,-0.148457,0.000000,,,,0.038767,0.134384,1.500000,49.340006,7.203301,0.000000,circle,预设轨迹15,forward
1775478744.720132,43.285876,1775478750.612545|完整运动,完整运动,circle_orbit,1,1.000000,1.500000,1.500000,,,,,,,,,,,,,,,,1.207637,0.046183,1.105167,0.040934,0.000000,0.000000,-0.169621,,-0.147894,0.000000,,,,0.038243,0.134195,1.500000,49.364651,7.178656,0.000000,circle,预设轨迹15,forward
1775478744.741555,43.307299,1775478750.612545|完整运动,完整运动,circle_orbit,1,1.000000,1.500000,1.500000,,,,,,,,,,,,,,,,1.205952,0.045441,1.104821,0.039875,0.000000,0.000000,-0.172354,,-0.146945,0.000000,,,,0.037681,0.134007,1.500000,49.389196,7.154110,0.000000,circle,预设轨迹15,forward
1775478744.767694,43.333438,1775478750.612545|完整运动,完整运动,circle_orbit,1,1.000000,1.500000,1.500000,,,,,,,,,,,,,,,,1.204292,0.044582,1.104730,0.038141,0.000000,0.000000,-0.175231,,-0.145736,0.000000,,,,0.037019,0.133823,1.500000,49.413759,7.129548,0.000000,circle,预设轨迹15,forward
1775478744.788230,43.353974,1775478750.612545|完整运动,完整运动,circle_orbit,1,1.000000,1.500000,1.500000,,,,,,,,,,,,,,,,1.202644,0.041868,1.103745,0.021515,0.000000,0.000000,-0.180732,,-0.144048,0.000000,,,,0.034814,0.133640,1.500000,49.462952,7.080354,0.000000,circle,预设轨迹15,forward
1775478744.814993,43.380738,1775478750.612545|完整运动,完整运动,circle_orbit,1,1.000000,1.500000,1.500000,,,,,,,,,,,,,,,,1.201023,0.043085,1.103745,0.052212,0.000000,0.000000,-0.180732,,-0.144048,0.000000,,,,0.035874,0.133460,1.500000,49.462952,7.080354,0.000000,circle,预设轨迹15,forward
1775478744.840569,43.406314,1775478750.612545|完整运动,完整运动,circle_orbit,1,1.000000,1.500000,1.500000,,,,,,,,,,,,,,,,1.199427,0.040043,1.103708,0.017223,0.000000,0.000000,-0.186662,,-0.141441,0.000000,,,,0.033385,0.133282,1.500000,49.512491,7.030816,0.000000,circle,预设轨迹15,forward
1775478744.863973,43.429718,1775478750.612545|完整运动,完整运动,circle_orbit,1,1.000000,1.500000,1.500000,,,,,,,,,,,,,,,,1.197851,0.039154,1.103267,0.032486,0.000000,0.000000,-0.189641,,-0.140456,0.000000,,,,0.032687,0.133107,1.500000,49.537237,7.006070,0.000000,circle,预设轨迹15,forward
1775478744.888429,43.454173,1775478750.612545|完整运动,完整运动,circle_orbit,1,1.000000,1.500000,1.500000,,,,,,,,,,,,,,,,1.196289,0.038397,1.102538,0.032721,0.000000,0.000000,-0.192419,,-0.139783,0.000000,,,,0.032097,0.132934,1.500000,49.561789,6.981518,0.000000,circle,预设轨迹15,forward
1775478744.913073,43.478817,1775478750.612545|完整运动,完整运动,circle_orbit,1,1.000000,1.500000,1.500000,,,,,,,,,,,,,,,,1.194739,0.035865,1.101789,0.016876,0.000000,0.000000,-0.197705,,-0.138012,0.000000,,,,0.030019,0.132761,1.500000,49.610844,6.932463,0.000000,circle,预设轨迹15,forward
1775478744.948298,43.514042,1775478750.612545|完整运动,完整运动,circle_orbit,1,1.000000,1.500000,1.500000,,,,,,,,,,,,,,,,1.193224,0.035237,1.102276,0.030525,0.000000,0.000000,-0.200367,,-0.136453,0.000000,,,,0.029531,0.132593,1.500000,49.635395,6.907912,0.000000,circle,预设轨迹15,forward
1775478744.983910,43.549654,1775478750.612545|完整运动,完整运动,circle_orbit,1,1.000000,1.500000,1.500000,,,,,,,,,,,,,,,,1.191736,0.032515,1.102468,0.012104,0.000000,0.000000,-0.205983,,-0.133808,0.000000,,,,0.027284,0.132428,1.500000,49.683865,6.859442,0.000000,circle,预设轨迹15,forward
1775478745.005984,43.571728,1775478750.612545|完整运动,完整运动,circle_orbit,1,1.000000,1.500000,1.500000,,,,,,,,,,,,,,,,1.190288,0.030249,1.103405,0.013254,0.000000,0.000000,-0.211048,,-0.130835,0.000000,,,,0.025413,0.132267,1.500000,49.731995,6.811311,0.000000,circle,预设轨迹15,forward
1775478745.026299,43.592043,1775478750.612545|完整运动,完整运动,circle_orbit,1,1.000000,1.500000,1.500000,,,,,,,,,,,,,,,,1.188875,0.029724,1.104097,0.025789,0.000000,0.000000,-0.213702,,-0.129123,0.000000,,,,0.025002,0.132110,1.500000,49.756441,6.786866,0.000000,circle,预设轨迹15,forward
1775478745.052516,43.618260,1775478750.612545|完整运动,完整运动,circle_orbit,1,1.000000,1.500000,1.500000,,,,,,,,,,,,,,,,1.187485,0.031039,1.104097,0.040899,0.000000,0.000000,-0.213702,,-0.129123,0.000000,,,,0.026138,0.131955,1.500000,49.756441,6.786866,0.000000,circle,预设轨迹15,forward
1775478745.079680,43.645424,1775478750.612545|完整运动,完整运动,circle_orbit,1,1.000000,1.500000,1.500000,,,,,,,,,,,,,,,,1.186118,0.028423,1.104081,0.008805,0.000000,0.000000,-0.219159,,-0.126710,0.000000,,,,0.023963,0.131803,1.500000,49.805378,6.737929,0.000000,circle,预设轨迹15,forward
1775478745.099965,43.665709,1775478750.612545|完整运动,完整运动,circle_orbit,1,1.000000,1.500000,1.500000,,,,,,,,,,,,,,,,1.184776,0.027821,1.104280,0.023306,0.000000,0.000000,-0.221844,,-0.125363,0.000000,,,,0.023482,0.131654,1.500000,49.829690,6.713617,0.000000,circle,预设轨迹15,forward
1775478745.125904,43.691648,1775478750.612545|完整运动,完整运动,circle_orbit,1,1.000000,1.500000,1.500000,,,,,,,,,,,,,,,,1.183468,0.027351,1.104955,0.023820,0.000000,0.000000,-0.224320,,-0.123744,0.000000,,,,0.023110,0.131509,1.500000,49.854044,6.689263,0.000000,circle,预设轨迹15,forward
1775478745.148040,43.713784,1775478750.612545|完整运动,完整运动,circle_orbit,1,1.000000,1.500000,1.500000,,,,,,,,,,,,,,,,1.182200,0.025511,1.106129,0.011713,0.000000,0.000000,-0.228719,,-0.120888,0.000000,,,,0.021579,0.131368,1.500000,49.902829,6.640477,0.000000,circle,预设轨迹15,forward
1775478745.168367,43.734111,1775478750.612545|完整运动,完整运动,circle_orbit,1,1.000000,1.500000,1.500000,,,,,,,,,,,,,,,,1.180961,0.024844,1.106645,0.019844,0.000000,0.000000,-0.231499,,-0.119257,0.000000,,,,0.021037,0.131230,1.500000,49.927503,6.615804,0.000000,circle,预设轨迹15,forward
1775478745.195215,43.760959,1775478750.612545|完整运动,完整运动,circle_orbit,1,1.000000,1.500000,1.500000,,,,,,,,,,,,,,,,1.179743,0.026118,1.106645,0.035676,0.000000,0.000000,-0.231499,,-0.119257,0.000000,,,,0.022139,0.131095,1.500000,49.927503,6.615804,0.000000,circle,预设轨迹15,forward
1775478745.218246,43.783991,1775478750.612545|完整运动,完整运动,circle_orbit,1,1.000000,1.500000,1.500000,,,,,,,,,,,,,,,,1.178556,0.023620,1.107346,0.004884,0.000000,0.000000,-0.236745,,-0.116389,0.000000,,,,0.020042,0.130963,1.500000,49.976506,6.566801,0.000000,circle,预设轨迹15,forward
1775478745.241413,43.807157,1775478750.612545|完整运动,完整运动,circle_orbit,1,1.000000,1.500000,1.500000,,,,,,,,,,,,,,,,1.177411,0.023013,1.108716,0.018457,0.000000,0.000000,-0.239398,,-0.114164,0.000000,,,,0.019545,0.130836,1.500000,50.001093,6.542214,0.000000,circle,预设轨迹15,forward
1775478745.273329,43.839073,1775478750.612545|完整运动,完整运动,circle_orbit,1,1.000000,1.500000,1.500000,,,,,,,,,,,,,,,,1.176304,0.022349,1.109856,0.017371,0.000000,0.000000,-0.242118,,-0.112086,0.000000,,,,0.018999,0.130713,1.500000,50.025659,6.517648,0.000000,circle,预设轨迹15,forward
1775478745.299676,43.865420,1775478750.612545|完整运动,完整运动,circle_orbit,1,1.000000,1.500000,1.500000,,,,,,,,,,,,,,,,1.175232,0.019892,1.110913,0.001465,0.000000,0.000000,-0.247382,,-0.108943,0.000000,,,,0.016926,0.130594,1.500000,50.075133,6.468174,0.000000,circle,预设轨迹15,forward
1775478745.329762,43.895506,1775478750.612545|完整运动,完整运动,circle_orbit,1,1.000000,1.500000,1.500000,,,,,,,,,,,,,,,,1.174183,0.019514,1.111282,0.016682,0.000000,0.000000,-0.249777,,-0.107598,0.000000,,,,0.016620,0.130477,1.500000,50.100062,6.443245,0.000000,circle,预设轨迹15,forward
1775478745.363738,43.929482,1775478750.612545|完整运动,完整运动,circle_orbit,1,1.000000,1.500000,1.500000,,,,,,,,,,,,,,,,1.173179,0.017485,1.112918,0.002263,0.000000,0.000000,-0.254498,,-0.104259,0.000000,,,,0.014904,0.130366,1.500000,50.149712,6.393595,0.000000,circle,预设轨迹15,forward
1775478745.384216,43.949960,1775478750.612545|完整运动,完整运动,circle_orbit,1,1.000000,1.500000,1.500000,,,,,,,,,,,,,,,,1.172206,0.017157,1.113805,0.014694,0.000000,0.000000,-0.256864,,-0.102537,0.000000,,,,0.014636,0.130257,1.500000,50.174545,6.368761,0.000000,circle,预设轨迹15,forward
1775478745.412484,43.978229,1775478750.612545|完整运动,完整运动,circle_orbit,1,1.000000,1.500000,1.500000,,,,,,,,,,,,,,,,1.171264,0.016848,1.114776,0.014530,0.000000,0.000000,-0.259171,,-0.100778,0.000000,,,,0.014384,0.130153,1.500000,50.199125,6.344182,0.000000,circle,预设轨迹15,forward
1775478745.440150,44.005894,1775478750.612545|完整运动,完整运动,circle_orbit,1,1.000000,1.500000,1.500000,,,,,,,,,,,,,,,,1.170371,0.014990,1.116788,0.001058,0.000000,0.000000,-0.263656,,-0.097269,0.000000,,,,0.012808,0.130054,1.500000,50.248405,6.294901,0.000000,circle,预设轨迹15,forward
1775478745.462122,44.027866,1775478750.612545|完整运动,完整运动,circle_orbit,1,1.000000,1.500000,1.500000,,,,,,,,,,,,,,,,1.169507,0.014933,1.117676,0.014510,0.000000,0.000000,-0.265637,,-0.095722,0.000000,,,,0.012769,0.129958,1.500000,50.273157,6.270150,0.000000,circle,预设轨迹15,forward
1775478745.483372,44.049116,1775478750.612545|完整运动,完整运动,circle_orbit,1,1.000000,1.500000,1.500000,,,,,,,,,,,,,,,,1.168677,0.014864,1.118873,0.014340,0.000000,0.000000,-0.267593,,-0.093955,0.000000,,,,0.012718,0.129865,1.500000,50.297932,6.245375,0.000000,circle,预设轨迹15,forward
1775478745.508619,44.074363,1775478750.612545|完整运动,完整运动,circle_orbit,1,1.000000,1.500000,1.500000,,,,,,,,,,,,,,,,1.167875,0.014852,1.119755,0.014762,0.000000,0.000000,-0.269427,,-0.092480,0.000000,,,,0.012717,0.129776,1.500000,50.322600,6.220706,0.000000,circle,预设轨迹15,forward
1775478745.528974,44.094718,1775478750.612545|完整运动,完整运动,circle_orbit,1,1.000000,1.500000,1.500000,,,,,,,,,,,,,,,,1.167131,0.013484,1.122501,0.003223,0.000000,0.000000,-0.273155,,-0.088774,0.000000,,,,0.011553,0.129694,1.500000,50.371762,6.171544,0.000000,circle,预设轨迹15,forward
1775478745.549960,44.115704,1775478750.612545|完整运动,完整运动,circle_orbit,1,1.000000,1.500000,1.500000,,,,,,,,,,,,,,,,1.166424,0.013534,1.123993,0.013909,0.000000,0.000000,-0.274906,,-0.086888,0.000000,,,,0.011603,0.129615,1.500000,50.396179,6.147128,0.000000,circle,预设轨迹15,forward
1775478745.578082,44.143826,1775478750.612545|完整运动,完整运动,circle_orbit,1,1.000000,1.500000,1.500000,,,,,,,,,,,,,,,,1.165729,0.014782,1.123993,0.024141,0.000000,0.000000,-0.274906,,-0.086888,0.000000,,,,0.012680,0.129538,1.500000,50.396179,6.147128,0.000000,circle,预设轨迹15,forward
1775478745.598927,44.164671,1775478750.612545|完整运动,完整运动,circle_orbit,1,1.000000,1.500000,1.500000,,,,,,,,,,,,,,,,1.165086,0.013496,1.126554,0.003854,0.000000,0.000000,-0.278409,,-0.083435,0.000000,,,,0.011584,0.129466,1.500000,50.445008,6.098299,0.000000,circle,预设轨迹15,forward
1775478745.619273,44.185017,1775478750.612545|完整运动,完整运动,circle_orbit,1,1.000000,1.500000,1.500000,,,,,,,,,,,,,,,,1.164478,0.013471,1.127954,0.013281,0.000000,0.000000,-0.280161,,-0.081623,0.000000,,,,0.011568,0.129399,1.500000,50.469435,6.073872,0.000000,circle,预设轨迹15,forward
1775478745.647534,44.213278,1775478750.612545|完整运动,完整运动,circle_orbit,1,1.000000,1.500000,1.500000,,,,,,,,,,,,,,,,1.163895,0.013569,1.128960,0.014305,0.000000,0.000000,-0.281707,,-0.080195,0.000000,,,,0.011658,0.129334,1.500000,50.493738,6.049568,0.000000,circle,预设轨迹15,forward
1775478745.668080,44.233824,1775478750.612545|完整运动,完整运动,circle_orbit,1,1.000000,1.500000,1.500000,,,,,,,,,,,,,,,,1.163381,0.012451,1.132542,0.004066,0.000000,0.000000,-0.284955,,-0.076125,0.000000,,,,0.010702,0.129277,1.500000,50.542464,6.000843,0.000000,circle,预设轨迹15,forward
1775478745.689536,44.255280,1775478750.612545|完整运动,完整运动,circle_orbit,1,1.000000,1.500000,1.500000,,,,,,,,,,,,,,,,1.162902,0.012489,1.134112,0.012775,0.000000,0.000000,-0.286594,,-0.074251,0.000000,,,,0.010739,0.129224,1.500000,50.566874,5.976433,0.000000,circle,预设轨迹15,forward
1775478745.710465,44.276209,1775478750.612545|完整运动,完整运动,circle_orbit,1,1.000000,1.500000,1.500000,,,,,,,,,,,,,,,,1.162430,0.013654,1.134112,0.022393,0.000000,0.000000,-0.286594,,-0.074251,0.000000,,,,0.011746,0.129171,1.500000,50.566874,5.976433,0.000000,circle,预设轨迹15,forward
1775478745.732941,44.298686,1775478750.612545|完整运动,完整运动,circle_orbit,1,1.000000,1.500000,1.500000,,,,,,,,,,,,,,,,1.162008,0.012608,1.136713,0.004762,0.000000,0.000000,-0.289652,,-0.071000,0.000000,,,,0.010850,0.129124,1.500000,50.615486,5.927821,0.000000,circle,预设轨迹15,forward
1775478745.767231,44.332975,1775478750.612545|完整运动,完整运动,circle_orbit,1,1.000000,1.500000,1.500000,,,,,,,,,,,,,,,,1.161604,0.012841,1.137371,0.014585,0.000000,0.000000,-0.290926,,-0.069957,0.000000,,,,0.011054,0.129079,1.500000,50.639720,5.903586,0.000000,circle,预设轨迹15,forward
1775478745.794673,44.360417,1775478750.612545|完整运动,完整运动,circle_orbit,1,1.000000,1.500000,1.500000,,,,,,,,,,,,,,,,1.161277,0.011979,1.141672,0.005515,0.000000,0.000000,-0.293730,,-0.065605,0.000000,,,,0.010315,0.129043,1.500000,50.687823,5.855484,0.000000,circle,预设轨迹15,forward
1775478745.815565,44.381309,1775478750.612545|完整运动,完整运动,circle_orbit,1,1.000000,1.500000,1.500000,,,,,,,,,,,,,,,,1.160988,0.012140,1.143641,0.013353,0.000000,0.000000,-0.295106,,-0.063580,0.000000,,,,0.010457,0.129011,1.500000,50.711669,5.831638,0.000000,circle,预设轨迹15,forward
1775478745.838029,44.403774,1775478750.612545|完整运动,完整运动,circle_orbit,1,1.000000,1.500000,1.500000,,,,,,,,,,,,,,,,1.160738,0.012252,1.145746,0.013092,0.000000,0.000000,-0.296523,,-0.061443,0.000000,,,,0.010556,0.128983,1.500000,50.735629,5.807678,0.000000,circle,预设轨迹15,forward
1775478745.858978,44.424722,1775478750.612545|完整运动,完整运动,circle_orbit,1,1.000000,1.500000,1.500000,,,,,,,,,,,,,,,,1.160526,0.012429,1.147762,0.013752,0.000000,0.000000,-0.297824,,-0.059428,0.000000,,,,0.010710,0.128960,1.500000,50.759444,5.783862,0.000000,circle,预设轨迹15,forward
1775478745.879282,44.445027,1775478750.612545|完整运动,完整运动,circle_orbit,1,1.000000,1.500000,1.500000,,,,,,,,,,,,,,,,1.160356,0.012571,1.150178,0.013638,0.000000,0.000000,-0.299148,,-0.057124,0.000000,,,,0.010834,0.128941,1.500000,50.783521,5.759786,0.000000,circle,预设轨迹15,forward
1775478745.905648,44.471392,1775478750.612545|完整运动,完整运动,circle_orbit,1,1.000000,1.500000,1.500000,,,,,,,,,,,,,,,,1.160228,0.012687,1.152574,0.013555,0.000000,0.000000,-0.300487,,-0.054834,0.000000,,,,0.010935,0.128926,1.500000,50.807557,5.735750,0.000000,circle,预设轨迹15,forward
1775478745.930483,44.496227,1775478750.612545|完整运动,完整运动,circle_orbit,1,1.000000,1.500000,1.500000,,,,,,,,,,,,,,,,1.160134,0.012826,1.154481,0.013873,0.000000,0.000000,-0.301772,,-0.052920,0.000000,,,,0.011056,0.128916,1.500000,50.831663,5.711643,0.000000,circle,预设轨迹15,forward
1775478745.950905,44.516649,1775478750.612545|完整运动,完整运动,circle_orbit,1,1.000000,1.500000,1.500000,,,,,,,,,,,,,,,,1.160113,0.012271,1.158861,0.008109,0.000000,0.000000,-0.304031,,-0.048846,0.000000,,,,0.010578,0.128914,1.500000,50.879896,5.663411,0.000000,circle,预设轨迹15,forward
1775478745.975870,44.541614,1775478750.612545|完整运动,完整运动,circle_orbit,1,1.000000,1.500000,1.500000,,,,,,,,,,,,,,,,1.160131,0.012678,1.161211,0.015729,0.000000,0.000000,-0.304943,,-0.046804,0.000000,,,,0.010928,0.128916,1.500000,50.904151,5.639155,0.000000,circle,预设轨迹15,forward
1775478746.001163,44.566907,1775478750.612545|完整运动,完整运动,circle_orbit,1,1.000000,1.500000,1.500000,,,,,,,,,,,,,,,,1.160201,0.013457,1.164353,0.019295,0.000000,0.000000,-0.305293,,-0.044470,0.000000,,,,0.011599,0.128923,1.500000,50.928435,5.614872,0.000000,circle,预设轨迹15,forward
1775478746.021516,44.587260,1775478750.612545|完整运动,完整运动,circle_orbit,1,1.000000,1.500000,1.500000,,,,,,,,,,,,,,,,1.160316,0.014205,1.167270,0.019817,0.000000,0.000000,-0.305635,,-0.042305,0.000000,,,,0.012242,0.128936,1.500000,50.952612,5.590695,0.000000,circle,预设轨迹15,forward
1775478746.051695,44.617439,1775478750.612545|完整运动,完整运动,circle_orbit,1,1.000000,1.500000,1.500000,,,,,,,,,,,,,,,,1.160529,0.014596,1.173262,0.017529,0.000000,0.000000,-0.306446,,-0.037843,0.000000,,,,0.012577,0.128960,1.500000,51.000759,5.542547,0.000000,circle,预设轨迹15,forward
1775478746.079154,44.644899,1775478750.612545|完整运动,完整运动,circle_orbit,1,1.000000,1.500000,1.500000,,,,,,,,,,,,,,,,1.160788,0.015431,1.176358,0.021694,0.000000,0.000000,-0.306603,,-0.035670,0.000000,,,,0.013294,0.128989,1.500000,51.024644,5.518663,0.000000,circle,预设轨迹15,forward
1775478746.101262,44.667006,1775478750.612545|完整运动,完整运动,circle_orbit,1,1.000000,1.500000,1.500000,,,,,,,,,,,,,,,,1.161103,0.016223,1.179974,0.022159,0.000000,0.000000,-0.306776,,-0.033152,0.000000,,,,0.013972,0.129024,1.500000,51.048785,5.494522,0.000000,circle,预设轨迹15,forward
1775478746.122110,44.687854,1775478750.612545|完整运动,完整运动,circle_orbit,1,1.000000,1.500000,1.500000,,,,,,,,,,,,,,,,1.161474,0.016954,1.183776,0.022437,0.000000,0.000000,-0.306994,,-0.030503,0.000000,,,,0.014597,0.129065,1.500000,51.072966,5.470341,0.000000,circle,预设轨迹15,forward
1775478746.145121,44.710865,1775478750.612545|完整运动,完整运动,circle_orbit,1,1.000000,1.500000,1.500000,,,,,,,,,,,,,,,,1.161890,0.017756,1.186836,0.023771,0.000000,0.000000,-0.307075,,-0.028425,0.000000,,,,0.015282,0.129111,1.500000,51.097241,5.446065,0.000000,circle,预设轨迹15,forward
1775478746.166917,44.732661,1775478750.612545|完整运动,完整运动,circle_orbit,1,1.000000,1.500000,1.500000,,,,,,,,,,,,,,,,1.162378,0.018129,1.191626,0.020928,0.000000,0.000000,-0.307733,,-0.024957,0.000000,,,,0.015596,0.129165,1.500000,51.146103,5.397204,0.000000,circle,预设轨迹15,forward
1775478746.192551,44.758295,1775478750.612545|完整运动,完整运动,circle_orbit,1,1.000000,1.500000,1.500000,,,,,,,,,,,,,,,,1.162857,0.018950,1.191626,0.025104,0.000000,0.000000,-0.307733,,-0.024957,0.000000,,,,0.016296,0.129219,1.500000,51.146103,5.397204,0.000000,circle,预设轨迹15,forward
1775478746.216344,44.782088,1775478750.612545|完整运动,完整运动,circle_orbit,1,1.000000,1.500000,1.500000,,,,,,,,,,,,,,,,1.163440,0.019455,1.198428,0.023250,0.000000,0.000000,-0.308153,,-0.020305,0.000000,,,,0.016722,0.129283,1.500000,51.194667,5.348640,0.000000,circle,预设轨迹15,forward
1775478746.236647,44.802391,1775478750.612545|完整运动,完整运动,circle_orbit,1,1.000000,1.500000,1.500000,,,,,,,,,,,,,,,,1.164073,0.020023,1.202011,0.024276,0.000000,0.000000,-0.308471,,-0.017832,0.000000,,,,0.017200,0.129354,1.500000,51.218815,5.324492,0.000000,circle,预设轨迹15,forward
1775478746.266895,44.832639,1775478750.612545|完整运动,完整运动,circle_orbit,1,1.000000,1.500000,1.500000,,,,,,,,,,,,,,,,1.164753,0.020535,1.205565,0.024375,0.000000,0.000000,-0.308847,,-0.015365,0.000000,,,,0.017630,0.129429,1.500000,51.242971,5.300336,0.000000,circle,预设轨迹15,forward
1775478746.301999,44.867743,1775478750.612545|完整运动,完整运动,circle_orbit,1,1.000000,1.500000,1.500000,,,,,,,,,,,,,,,,1.165528,0.020938,1.212014,0.023966,0.000000,0.000000,-0.309371,,-0.010995,0.000000,,,,0.017965,0.129515,1.500000,51.291399,5.251907,0.000000,circle,预设轨迹15,forward
1775478746.325742,44.891486,1775478750.612545|完整运动,完整运动,circle_orbit,1,1.000000,1.500000,1.500000,,,,,,,,,,,,,,,,1.166345,0.021618,1.215402,0.026718,0.000000,0.000000,-0.309492,,-0.008785,0.000000,,,,0.018535,0.129606,1.500000,51.315540,5.227766,0.000000,circle,预设轨迹15,forward
1775478746.346545,44.912289,1775478750.612545|完整运动,完整运动,circle_orbit,1,1.000000,1.500000,1.500000,,,,,,,,,,,,,,,,1.167250,0.022300,1.221515,0.027413,0.000000,0.000000,-0.309594,,-0.004879,0.000000,,,,0.019105,0.129707,1.500000,51.363824,5.179483,0.000000,circle,预设轨迹15,forward
1775478746.367805,44.933549,1775478750.612545|完整运动,完整运动,circle_orbit,1,1.000000,1.500000,1.500000,,,,,,,,,,,,,,,,1.168139,0.023031,1.221515,0.028516,0.000000,0.000000,-0.309594,,-0.004879,0.000000,,,,0.019716,0.129806,1.500000,51.363824,5.179483,0.000000,circle,预设轨迹15,forward
1775478746.389074,44.954818,1775478750.612545|完整运动,完整运动,circle_orbit,1,1.000000,1.500000,1.500000,,,,,,,,,,,,,,,,1.169128,0.023826,1.228489,0.029782,0.000000,0.000000,-0.309489,,-0.000569,0.000000,,,,0.020379,0.129915,1.500000,51.412478,5.130828,0.000000,circle,预设轨迹15,forward
1775478746.410482,44.976226,1775478750.612545|完整运动,完整运动,circle_orbit,1,1.000000,1.500000,1.500000,,,,,,,,,,,,,,,,1.170076,0.024717,1.226951,0.031403,0.000000,0.000000,-0.309219,,0.001646,0.000000,,,,0.021124,0.130021,1.500000,51.436916,5.106390,0.000000,circle,预设轨迹15,forward
1775478746.438139,45.003884,1775478750.612545|完整运动,完整运动,circle_orbit,1,1.000000,1.500000,1.500000,,,,,,,,,,,,,,,,1.171009,0.025391,1.226951,0.030442,0.000000,0.000000,-0.309219,,0.001646,0.000000,,,,0.021683,0.130124,1.500000,51.436916,5.106390,0.000000,circle,预设轨迹15,forward
1775478746.461164,45.026908,1775478750.612545|完整运动,完整运动,circle_orbit,1,1.000000,1.500000,1.500000,,,,,,,,,,,,,,,,1.171821,0.026569,1.220575,0.035409,0.000000,0.000000,-0.308491,,0.005960,0.000000,,,,0.022673,0.130215,1.500000,51.485795,5.057512,0.000000,circle,预设轨迹15,forward
1775478746.481539,45.047283,1775478750.612545|完整运动,完整运动,circle_orbit,1,1.000000,1.500000,1.500000,,,,,,,,,,,,,,,,1.172569,0.027415,1.217405,0.033755,0.000000,0.000000,-0.308192,,0.008094,0.000000,,,,0.023380,0.130298,1.500000,51.510119,5.033188,0.000000,circle,预设轨迹15,forward
1775478746.509977,45.075721,1775478750.612545|完整运动,完整运动,circle_orbit,1,1.000000,1.500000,1.500000,,,,,,,,,,,,,,,,1.173249,0.028289,1.214050,0.034848,0.000000,0.000000,-0.307825,,0.010384,0.000000,,,,0.024112,0.130373,1.500000,51.534473,5.008834,0.000000,circle,预设轨迹15,forward
1775478746.530985,45.096729,1775478750.612545|完整运动,完整运动,circle_orbit,1,1.000000,1.500000,1.500000,,,,,,,,,,,,,,,,1.173814,0.029718,1.207740,0.040431,0.000000,0.000000,-0.306655,,0.014940,0.000000,,,,0.025317,0.130436,1.500000,51.583380,4.959926,0.000000,circle,预设轨迹15,forward
1775478746.551526,45.117270,1775478750.612545|完整运动,完整运动,circle_orbit,1,1.000000,1.500000,1.500000,,,,,,,,,,,,,,,,1.174328,0.030798,1.205194,0.038900,0.000000,0.000000,-0.305921,,0.016905,0.000000,,,,0.026226,0.130493,1.500000,51.607857,4.935450,0.000000,circle,预设轨迹15,forward
1775478746.574831,45.140575,1775478750.612545|完整运动,完整运动,circle_orbit,1,1.000000,1.500000,1.500000,,,,,,,,,,,,,,,,1.174792,0.031918,1.202604,0.040315,0.000000,0.000000,-0.305097,,0.018947,0.000000,,,,0.027169,0.130545,1.500000,51.632568,4.910739,0.000000,circle,预设轨迹15,forward
1775478746.595162,45.160906,1775478750.612545|完整运动,完整运动,circle_orbit,1,1.000000,1.500000,1.500000,,,,,,,,,,,,,,,,1.175204,0.033064,1.199942,0.041665,0.000000,0.000000,-0.304198,,0.021076,0.000000,,,,0.028135,0.130591,1.500000,51.657449,4.885857,0.000000,circle,预设轨迹15,forward
1775478746.616757,45.182501,1775478750.612545|完整运动,完整运动,circle_orbit,1,1.000000,1.500000,1.500000,,,,,,,,,,,,,,,,1.175610,0.033547,1.199942,0.037163,0.000000,0.000000,-0.304198,,0.021076,0.000000,,,,0.028535,0.130636,1.500000,51.657449,4.885857,0.000000,circle,预设轨迹15,forward
1775478746.640898,45.206642,1775478750.612545|完整运动,完整运动,circle_orbit,1,1.000000,1.500000,1.500000,,,,,,,,,,,,,,,,1.175927,0.035290,1.194969,0.048370,0.000000,0.000000,-0.302413,,0.025121,0.000000,,,,0.030011,0.130671,1.500000,51.706764,4.836542,0.000000,circle,预设轨迹15,forward
1775478746.661454,45.227198,1775478750.612545|完整运动,完整运动,circle_orbit,1,1.000000,1.500000,1.500000,,,,,,,,,,,,,,,,1.176193,0.036227,1.192113,0.043249,0.000000,0.000000,-0.301707,,0.027314,0.000000,,,,0.030800,0.130700,1.500000,51.731248,4.812059,0.000000,circle,预设轨迹15,forward
1775478746.684934,45.250678,1775478750.612545|完整运动,完整运动,circle_orbit,1,1.000000,1.500000,1.500000,,,,,,,,,,,,,,,,1.176405,0.037146,1.189182,0.044041,0.000000,0.000000,-0.301004,,0.029565,0.000000,,,,0.031576,0.130724,1.500000,51.755587,4.787719,0.000000,circle,预设轨迹15,forward
1775478746.705957,45.271702,1775478750.612545|完整运动,完整运动,circle_orbit,1,1.000000,1.500000,1.500000,,,,,,,,,,,,,,,,1.176519,0.038641,1.183310,0.049856,0.000000,0.000000,-0.299470,,0.034159,0.000000,,,,0.032844,0.130737,1.500000,51.804872,4.738435,0.000000,circle,预设轨迹15,forward
1775478746.726793,45.292537,1775478750.612545|完整运动,完整运动,circle_orbit,1,1.000000,1.500000,1.500000,,,,,,,,,,,,,,,,1.176630,0.039015,1.183310,0.041813,0.000000,0.000000,-0.299470,,0.034159,0.000000,,,,0.033158,0.130749,1.500000,51.804872,4.738435,0.000000,circle,预设轨迹15,forward
1775478746.748762,45.314506,1775478750.612545|完整运动,完整运动,circle_orbit,1,1.000000,1.500000,1.500000,,,,,,,,,,,,,,,,1.176659,0.040731,1.178413,0.053603,0.000000,0.000000,-0.297579,,0.038291,0.000000,,,,0.034616,0.130752,1.500000,51.854058,4.689249,0.000000,circle,预设轨迹15,forward
1775478746.769443,45.335187,1775478750.612545|完整运动,完整运动,circle_orbit,1,1.000000,1.500000,1.500000,,,,,,,,,,,,,,,,1.176654,0.041810,1.176350,0.049908,0.000000,0.000000,-0.296528,,0.040154,0.000000,,,,0.035533,0.130752,1.500000,51.878467,4.664839,0.000000,circle,预设轨迹15,forward
1775478746.792858,45.358602,1775478750.612545|完整运动,完整运动,circle_orbit,1,1.000000,1.500000,1.500000,,,,,,,,,,,,,,,,1.176618,0.042956,1.174427,0.051546,0.000000,0.000000,-0.295355,,0.041980,0.000000,,,,0.036508,0.130748,1.500000,51.902751,4.640556,0.000000,circle,预设轨迹15,forward
1775478746.813223,45.378967,1775478750.612545|完整运动,完整运动,circle_orbit,1,1.000000,1.500000,1.500000,,,,,,,,,,,,,,,,1.176542,0.044125,1.171980,0.052891,0.000000,0.000000,-0.294119,,0.044197,0.000000,,,,0.037504,0.130739,1.500000,51.927151,4.616155,0.000000,circle,预设轨迹15,forward
1775478746.839209,45.404953,1775478750.612545|完整运动,完整运动,circle_orbit,1,1.000000,1.500000,1.500000,,,,,,,,,,,,,,,,1.176467,0.044395,1.171980,0.046426,0.000000,0.000000,-0.294119,,0.044197,0.000000,,,,0.037736,0.130731,1.500000,51.927151,4.616155,0.000000,circle,预设轨迹15,forward
1775478746.859794,45.425538,1775478750.612545|完整运动,完整运动,circle_orbit,1,1.000000,1.500000,1.500000,,,,,,,,,,,,,,,,1.176324,0.046585,1.167726,0.063004,0.000000,0.000000,-0.291419,,0.048311,0.000000,,,,0.039602,0.130715,1.500000,51.976400,4.566907,0.000000,circle,预设轨迹15,forward
1775478746.880721,45.446465,1775478750.612545|完整运动,完整运动,circle_orbit,1,1.000000,1.500000,1.500000,,,,,,,,,,,,,,,,1.176156,0.047811,1.166085,0.057007,0.000000,0.000000,-0.289998,,0.050072,0.000000,,,,0.040650,0.130696,1.500000,52.001047,4.542259,0.000000,circle,预设轨迹15,forward
1775478746.921554,45.487298,1775478750.612545|完整运动,完整运动,circle_orbit,1,1.000000,1.500000,1.500000,,,,,,,,,,,,,,,,1.175969,0.049060,1.164754,0.058430,0.000000,0.000000,-0.288511,,0.051652,0.000000,,,,0.041719,0.130676,1.500000,52.025551,4.517756,0.000000,circle,预设轨迹15,forward
1775478746.970033,45.535778,1775478750.612545|完整运动,完整运动,circle_orbit,1,1.000000,1.500000,1.500000,,,,,,,,,,,,,,,,1.175726,0.051543,1.161182,0.070168,0.000000,0.000000,-0.285245,,0.055579,0.000000,,,,0.043840,0.130649,1.500000,52.074440,4.468866,0.000000,circle,预设轨迹15,forward
1775478746.990401,45.556145,1775478750.612545|完整运动,完整运动,circle_orbit,1,1.000000,1.500000,1.500000,,,,,,,,,,,,,,,,1.175409,0.055735,1.156379,0.087168,0.000000,0.000000,-0.279470,,0.061500,0.000000,,,,0.047417,0.130613,1.500000,52.148272,4.395035,0.000000,circle,预设轨迹15,forward
1775478747.020673,45.586417,1775478750.612545|完整运动,完整运动,circle_orbit,1,1.000000,1.500000,1.500000,,,,,,,,,,,,,,,,1.175097,0.055724,1.156379,0.055647,0.000000,0.000000,-0.279470,,0.061500,0.000000,,,,0.047421,0.130579,1.500000,52.148272,4.395035,0.000000,circle,预设轨迹15,forward
1775478747.069659,45.635403,1775478750.612545|完整运动,完整运动,circle_orbit,1,1.000000,1.500000,1.500000,,,,,,,,,,,,,,,,1.174749,0.058649,1.153851,0.080586,0.000000,0.000000,-0.275355,,0.065105,0.000000,,,,0.049925,0.130540,1.500000,52.197571,4.345736,0.000000,circle,预设轨迹15,forward
1775478747.090060,45.655804,1775478750.612545|完整运动,完整运动,circle_orbit,1,1.000000,1.500000,1.500000,,,,,,,,,,,,,,,,1.174331,0.062977,1.149241,0.095436,0.000000,0.000000,-0.269150,,0.071122,0.000000,,,,0.053628,0.130494,1.500000,52.270477,4.272830,0.000000,circle,预设轨迹15,forward
1775478747.113618,45.679362,1775478750.612545|完整运动,完整运动,circle_orbit,1,1.000000,1.500000,1.500000,,,,,,,,,,,,,,,,1.173897,0.064285,1.147843,0.074098,0.000000,0.000000,-0.267051,,0.073049,0.000000,,,,0.054762,0.130445,1.500000,52.294946,4.248360,0.000000,circle,预设轨迹15,forward
1775478747.143344,45.709088,1775478750.612545|完整运动,完整运动,circle_orbit,1,1.000000,1.500000,1.500000,,,,,,,,,,,,,,,,1.173444,0.065535,1.146314,0.074905,0.000000,0.000000,-0.265022,,0.075040,0.000000,,,,0.055848,0.130395,1.500000,52.319481,4.223826,0.000000,circle,预设轨迹15,forward
1775478747.168986,45.734730,1775478750.612545|完整运动,完整运动,circle_orbit,1,1.000000,1.500000,1.500000,,,,,,,,,,,,,,,,1.172965,0.068145,1.144199,0.087724,0.000000,0.000000,-0.261055,,0.078315,0.000000,,,,0.058097,0.130342,1.500000,52.368856,4.174451,0.000000,circle,预设轨迹15,forward
1775478747.190721,45.756465,1775478750.612545|完整运动,完整运动,circle_orbit,1,1.000000,1.500000,1.500000,,,,,,,,,,,,,,,,1.172475,0.069345,1.143096,0.078343,0.000000,0.000000,-0.259006,,0.080016,0.000000,,,,0.059144,0.130287,1.500000,52.393577,4.149730,0.000000,circle,预设轨迹15,forward
1775478747.220985,45.786729,1775478750.612545|完整运动,完整运动,circle_orbit,1,1.000000,1.500000,1.500000,,,,,,,,,,,,,,,,1.171994,0.069093,1.143096,0.067201,0.000000,0.000000,-0.259006,,0.080016,0.000000,,,,0.058953,0.130234,1.500000,52.393577,4.149730,0.000000,circle,预设轨迹15,forward
1775478747.241997,45.807741,1775478750.612545|完整运动,完整运动,circle_orbit,1,1.000000,1.500000,1.500000,,,,,,,,,,,,,,,,1.171494,0.072098,1.141484,0.094635,0.000000,0.000000,-0.254454,,0.083198,0.000000,,,,0.061543,0.130178,1.500000,52.442905,4.100402,0.000000,circle,预设轨迹15,forward
1775478747.262836,45.828581,1775478750.612545|完整运动,完整运动,circle_orbit,1,1.000000,1.500000,1.500000,,,,,,,,,,,,,,,,1.170984,0.073500,1.140400,0.084018,0.000000,0.000000,-0.252069,,0.085039,0.000000,,,,0.062768,0.130122,1.500000,52.467635,4.075671,0.000000,circle,预设轨迹15,forward
1775478747.292761,45.858505,1775478750.612545|完整运动,完整运动,circle_orbit,1,1.000000,1.500000,1.500000,,,,,,,,,,,,,,,,1.170468,0.074902,1.139540,0.085412,0.000000,0.000000,-0.249664,,0.086728,0.000000,,,,0.063993,0.130064,1.500000,52.492291,4.051015,0.000000,circle,预设轨迹15,forward
1775478747.315724,45.881468,1775478750.612545|完整运动,完整运动,circle_orbit,1,1.000000,1.500000,1.500000,,,,,,,,,,,,,,,,1.169944,0.078083,1.138498,0.101948,0.000000,0.000000,-0.244714,,0.089681,0.000000,,,,0.066741,0.130006,1.500000,52.541428,4.001878,0.000000,circle,预设轨迹15,forward
1775478747.336705,45.902449,1775478750.612545|完整运动,完整运动,circle_orbit,1,1.000000,1.500000,1.500000,,,,,,,,,,,,,,,,1.169426,0.079515,1.138314,0.090251,0.000000,0.000000,-0.242133,,0.090961,0.000000,,,,0.067995,0.129949,1.500000,52.565814,3.977493,0.000000,circle,预设轨迹15,forward
1775478747.358479,45.924224,1775478750.612545|完整运动,完整运动,circle_orbit,1,1.000000,1.500000,1.500000,,,,,,,,,,,,,,,,1.168912,0.080977,1.138074,0.091939,0.000000,0.000000,-0.239491,,0.092310,0.000000,,,,0.069275,0.129891,1.500000,52.590310,3.952997,0.000000,circle,预设轨迹15,forward
1775478747.378806,45.944550,1775478750.612545|完整运动,完整运动,circle_orbit,1,1.000000,1.500000,1.500000,,,,,,,,,,,,,,,,1.168407,0.082567,1.138105,0.094498,0.000000,0.000000,-0.236643,,0.093553,0.000000,,,,0.070667,0.129835,1.500000,52.614674,3.928633,0.000000,circle,预设轨迹15,forward
1775478747.411623,45.977367,1775478750.612545|完整运动,完整运动,circle_orbit,1,1.000000,1.500000,1.500000,,,,,,,,,,,,,,,,1.167903,0.084227,1.137679,0.096678,0.000000,0.000000,-0.233670,,0.095183,0.000000,,,,0.072118,0.129779,1.500000,52.639154,3.904152,0.000000,circle,预设轨迹15,forward
1775478747.442007,46.007751,1775478750.612545|完整运动,完整运动,circle_orbit,1,1.000000,1.500000,1.500000,,,,,,,,,,,,,,,,1.167401,0.087880,1.137269,0.115275,0.000000,0.000000,-0.227839,,0.098072,0.000000,,,,0.075278,0.129723,1.500000,52.688366,3.854941,0.000000,circle,预设轨迹15,forward
1775478747.464230,46.029974,1775478750.612545|完整运动,完整运动,circle_orbit,1,1.000000,1.500000,1.500000,,,,,,,,,,,,,,,,1.166913,0.089377,1.137636,0.100602,0.000000,0.000000,-0.224932,,0.099098,0.000000,,,,0.076593,0.129669,1.500000,52.713095,3.830212,0.000000,circle,预设轨迹15,forward
1775478747.486270,46.052014,1775478750.612545|完整运动,完整运动,circle_orbit,1,1.000000,1.500000,1.500000,,,,,,,,,,,,,,,,1.166438,0.090825,1.137944,0.101687,0.000000,0.000000,-0.222075,,0.100145,0.000000,,,,0.077865,0.129617,1.500000,52.737395,3.805911,0.000000,circle,预设轨迹15,forward
1775478747.518201,46.083946,1775478750.612545|完整运动,完整运动,circle_orbit,1,1.000000,1.500000,1.500000,,,,,,,,,,,,,,,,1.165971,0.092212,1.137935,0.102611,0.000000,0.000000,-0.219291,,0.101389,0.000000,,,,0.079086,0.129565,1.500000,52.761767,3.781540,0.000000,circle,预设轨迹15,forward
1775478747.538809,46.104553,1775478750.612545|完整运动,完整运动,circle_orbit,1,1.000000,1.500000,1.500000,,,,,,,,,,,,,,,,1.165524,0.095568,1.138749,0.120745,0.000000,0.000000,-0.213698,,0.103286,0.000000,,,,0.081996,0.129515,1.500000,52.809896,3.733410,0.000000,circle,预设轨迹15,forward
1775478747.560265,46.126009,1775478750.612545|完整运动,完整运动,circle_orbit,1,1.000000,1.500000,1.500000,,,,,,,,,,,,,,,,1.165074,0.096803,1.138057,0.106062,0.000000,0.000000,-0.211002,,0.104985,0.000000,,,,0.083087,0.129465,1.500000,52.834312,3.708995,0.000000,circle,预设轨迹15,forward
1775478747.584232,46.149976,1775478750.612545|完整运动,完整运动,circle_orbit,1,1.000000,1.500000,1.500000,,,,,,,,,,,,,,,,1.164627,0.098096,1.137807,0.107794,0.000000,0.000000,-0.208223,,0.106401,0.000000,,,,0.084230,0.129415,1.500000,52.858761,3.684545,0.000000,circle,预设轨迹15,forward
1775478747.604598,46.170342,1775478750.612545|完整运动,完整运动,circle_orbit,1,1.000000,1.500000,1.500000,,,,,,,,,,,,,,,,1.164196,0.099404,1.138332,0.109212,0.000000,0.000000,-0.205417,,0.107268,0.000000,,,,0.085384,0.129367,1.500000,52.883034,3.660272,0.000000,circle,预设轨迹15,forward
1775478747.635426,46.201170,1775478750.612545|完整运动,完整运动,circle_orbit,1,1.000000,1.500000,1.500000,,,,,,,,,,,,,,,,1.163798,0.102723,1.139889,0.127617,0.000000,0.000000,-0.199747,,0.108664,0.000000,,,,0.088265,0.129323,1.500000,52.931183,3.612123,0.000000,circle,预设轨迹15,forward
1775478747.670247,46.235991,1775478750.612545|完整运动,完整运动,circle_orbit,1,1.000000,1.500000,1.500000,,,,,,,,,,,,,,,,1.163415,0.104034,1.140453,0.113865,0.000000,0.000000,-0.196812,,0.109562,0.000000,,,,0.089421,0.129281,1.500000,52.955386,3.587921,0.000000,circle,预设轨迹15,forward
1775478747.691380,46.257124,1775478750.612545|完整运动,完整运动,circle_orbit,1,1.000000,1.500000,1.500000,,,,,,,,,,,,,,,,1.163050,0.107426,1.141180,0.132868,0.000000,0.000000,-0.190921,,0.111656,0.000000,,,,0.092366,0.129240,1.500000,53.004253,3.539054,0.000000,circle,预设轨迹15,forward
1775478747.713761,46.279505,1775478750.612545|完整运动,完整运动,circle_orbit,1,1.000000,1.500000,1.500000,,,,,,,,,,,,,,,,1.162712,0.108721,1.142416,0.118436,0.000000,0.000000,-0.187889,,0.112115,0.000000,,,,0.093507,0.129202,1.500000,53.028538,3.514768,0.000000,circle,预设轨迹15,forward
1775478747.746123,46.311867,1775478750.612545|完整运动,完整运动,circle_orbit,1,1.000000,1.500000,1.500000,,,,,,,,,,,,,,,,1.162400,0.110100,1.143675,0.120439,0.000000,0.000000,-0.184738,,0.112612,0.000000,,,,0.094718,0.129168,1.500000,53.052839,3.490467,0.000000,circle,预设轨迹15,forward
1775478747.767889,46.333634,1775478750.612545|完整运动,完整运动,circle_orbit,1,1.000000,1.500000,1.500000,,,,,,,,,,,,,,,,1.162115,0.111565,1.145006,0.122549,0.000000,0.000000,-0.181458,,0.113117,0.000000,,,,0.096001,0.129136,1.500000,53.076843,3.466464,0.000000,circle,预设轨迹15,forward
1775478747.789846,46.355590,1775478750.612545|完整运动,完整运动,circle_orbit,1,1.000000,1.500000,1.500000,,,,,,,,,,,,,,,,1.161867,0.115291,1.147017,0.143242,0.000000,0.000000,-0.174954,,0.114573,0.000000,,,,0.099229,0.129109,1.500000,53.124869,3.418438,0.000000,circle,预设轨迹15,forward
1775478747.823968,46.389712,1775478750.612545|完整运动,完整运动,circle_orbit,1,1.000000,1.500000,1.500000,,,,,,,,,,,,,,,,1.161652,0.116772,1.148712,0.127879,0.000000,0.000000,-0.171505,,0.114900,0.000000,,,,0.100523,0.129085,1.500000,53.148708,3.394599,0.000000,circle,预设轨迹15,forward
1775478747.844716,46.410460,1775478750.612545|完整运动,完整运动,circle_orbit,1,1.000000,1.500000,1.500000,,,,,,,,,,,,,,,,1.161462,0.118256,1.150075,0.129381,0.000000,0.000000,-0.168044,,0.115471,0.000000,,,,0.101816,0.129064,1.500000,53.172913,3.370394,0.000000,circle,预设轨迹15,forward
1775478747.868336,46.434080,1775478750.612545|完整运动,完整运动,circle_orbit,1,1.000000,1.500000,1.500000,,,,,,,,,,,,,,,,1.161303,0.119777,1.151796,0.131191,0.000000,0.000000,-0.164518,,0.115820,0.000000,,,,0.103140,0.129046,1.500000,53.196986,3.346321,0.000000,circle,预设轨迹15,forward
1775478747.891841,46.457585,1775478750.612545|完整运动,完整运动,circle_orbit,1,1.000000,1.500000,1.500000,,,,,,,,,,,,,,,,1.161173,0.121289,1.153322,0.132630,0.000000,0.000000,-0.160993,,0.116310,0.000000,,,,0.104454,0.129031,1.500000,53.221322,3.321985,0.000000,circle,预设轨迹15,forward
1775478747.912145,46.477890,1775478750.612545|完整运动,完整运动,circle_orbit,1,1.000000,1.500000,1.500000,,,,,,,,,,,,,,,,1.161087,0.124918,1.155929,0.152132,0.000000,0.000000,-0.154450,,0.117385,0.000000,,,,0.107587,0.129022,1.500000,53.269341,3.273966,0.000000,circle,预设轨迹15,forward
1775478747.941525,46.507269,1775478750.612545|完整运动,完整运动,circle_orbit,1,1.000000,1.500000,1.500000,,,,,,,,,,,,,,,,1.161002,0.123850,1.155929,0.115840,0.000000,0.000000,-0.154450,,0.117385,0.000000,,,,0.106675,0.129012,1.500000,53.269341,3.273966,0.000000,circle,预设轨迹15,forward
1775478747.975251,46.540996,1775478750.612545|完整运动,完整运动,circle_orbit,1,1.000000,1.500000,1.500000,,,,,,,,,,,,,,,,1.160967,0.127347,1.158859,0.153571,0.000000,0.000000,-0.148097,,0.118158,0.000000,,,,0.109690,0.129009,1.500000,53.316892,3.226414,0.000000,circle,预设轨迹15,forward
1775478747.995953,46.561697,1775478750.612545|完整运动,完整运动,circle_orbit,1,1.000000,1.500000,1.500000,,,,,,,,,,,,,,,,1.160986,0.130958,1.162128,0.158046,0.000000,0.000000,-0.141458,,0.118834,0.000000,,,,0.112799,0.129011,1.500000,53.364612,3.178695,0.000000,circle,预设轨迹15,forward
1775478748.019531,46.585276,1775478750.612545|完整运动,完整运动,circle_orbit,1,1.000000,1.500000,1.500000,,,,,,,,,,,,,,,,1.161033,0.132211,1.163851,0.141604,0.000000,0.000000,-0.138046,,0.119156,0.000000,,,,0.113873,0.129016,1.500000,53.388299,3.155007,0.000000,circle,预设轨迹15,forward
1775478748.041698,46.607442,1775478750.612545|完整运动,完整运动,circle_orbit,1,1.000000,1.500000,1.500000,,,,,,,,,,,,,,,,1.161122,0.133478,1.166465,0.142984,0.000000,0.000000,-0.134619,,0.118874,0.000000,,,,0.114956,0.129026,1.500000,53.411722,3.131585,0.000000,circle,预设轨迹15,forward
1775478748.062091,46.627836,1775478750.612545|完整运动,完整运动,circle_orbit,1,1.000000,1.500000,1.500000,,,,,,,,,,,,,,,,1.161245,0.134735,1.168595,0.144158,0.000000,0.000000,-0.131212,,0.118924,0.000000,,,,0.116026,0.129039,1.500000,53.435132,3.108175,0.000000,circle,预设轨迹15,forward
1775478748.085958,46.651702,1775478750.612545|完整运动,完整运动,circle_orbit,1,1.000000,1.500000,1.500000,,,,,,,,,,,,,,,,1.161397,0.135986,1.170526,0.145370,0.000000,0.000000,-0.127816,,0.119109,0.000000,,,,0.117088,0.129056,1.500000,53.458585,3.084722,0.000000,circle,预设轨迹15,forward
1775478748.113900,46.679644,1775478750.612545|完整运动,完整运动,circle_orbit,1,1.000000,1.500000,1.500000,,,,,,,,,,,,,,,,1.161582,0.137198,1.172721,0.146290,0.000000,0.000000,-0.124477,,0.119094,0.000000,,,,0.118113,0.129077,1.500000,53.482190,3.061117,0.000000,circle,预设轨迹15,forward
1775478748.134198,46.699942,1775478750.612545|完整运动,完整运动,circle_orbit,1,1.000000,1.500000,1.500000,,,,,,,,,,,,,,,,1.161859,0.140743,1.178478,0.167328,0.000000,0.000000,-0.117823,,0.118147,0.000000,,,,0.121136,0.129108,1.500000,53.529767,3.013539,0.000000,circle,预设轨迹15,forward
1775478748.160581,46.726325,1775478750.612545|完整运动,完整运动,circle_orbit,1,1.000000,1.500000,1.500000,,,,,,,,,,,,,,,,1.162179,0.141883,1.181332,0.150435,0.000000,0.000000,-0.114460,,0.117719,0.000000,,,,0.122084,0.129143,1.500000,53.553582,2.989725,0.000000,circle,预设轨迹15,forward
1775478748.198417,46.764162,1775478750.612545|完整运动,完整运动,circle_orbit,1,1.000000,1.500000,1.500000,,,,,,,,,,,,,,,,1.162576,0.145353,1.186397,0.171375,0.000000,0.000000,-0.107797,,0.117293,0.000000,,,,0.125026,0.129187,1.500000,53.601355,2.941952,0.000000,circle,预设轨迹15,forward
1775478748.221067,46.786811,1775478750.612545|完整运动,完整运动,circle_orbit,1,1.000000,1.500000,1.500000,,,,,,,,,,,,,,,,1.163012,0.146394,1.189214,0.154208,0.000000,0.000000,-0.104467,,0.116902,0.000000,,,,0.125875,0.129236,1.500000,53.625146,2.918161,0.000000,circle,预设轨迹15,forward
1775478748.241621,46.807366,1775478750.612545|完整运动,完整运动,circle_orbit,1,1.000000,1.500000,1.500000,,,,,,,,,,,,,,,,1.163483,0.147437,1.191723,0.155253,0.000000,0.000000,-0.101155,,0.116714,0.000000,,,,0.126720,0.129288,1.500000,53.649036,2.894270,0.000000,circle,预设轨迹15,forward
1775478748.262469,46.828213,1775478750.612545|完整运动,完整运动,circle_orbit,1,1.000000,1.500000,1.500000,,,,,,,,,,,,,,,,1.163995,0.148613,1.194702,0.157435,0.000000,0.000000,-0.097669,,0.116302,0.000000,,,,0.127675,0.129345,1.500000,53.672868,2.870439,0.000000,circle,预设轨迹15,forward
1775478748.283061,46.848805,1775478750.612545|完整运动,完整运动,circle_orbit,1,1.000000,1.500000,1.500000,,,,,,,,,,,,,,,,1.164565,0.149907,1.198794,0.159613,0.000000,0.000000,-0.094020,,0.115245,0.000000,,,,0.128724,0.129408,1.500000,53.696600,2.846707,0.000000,circle,预设轨迹15,forward
1775478748.307863,46.873607,1775478750.612545|完整运动,完整运动,circle_orbit,1,1.000000,1.500000,1.500000,,,,,,,,,,,,,,,,1.165184,0.151183,1.202314,0.160757,0.000000,0.000000,-0.090395,,0.114567,0.000000,,,,0.129751,0.129477,1.500000,53.720373,2.822933,0.000000,circle,预设轨迹15,forward
1775478748.335544,46.901288,1775478750.612545|完整运动,完整运动,circle_orbit,1,1.000000,1.500000,1.500000,,,,,,,,,,,,,,,,1.165892,0.154713,1.208384,0.181186,0.000000,0.000000,-0.083565,,0.113686,0.000000,,,,0.132699,0.129556,1.500000,53.767531,2.775776,0.000000,circle,预设轨迹15,forward
1775478748.355925,46.921669,1775478750.612545|完整运动,完整运动,circle_orbit,1,1.000000,1.500000,1.500000,,,,,,,,,,,,,,,,1.166642,0.155746,1.211636,0.163489,0.000000,0.000000,-0.080160,,0.113117,0.000000,,,,0.133499,0.129639,1.500000,53.790978,2.752328,0.000000,circle,预设轨迹15,forward
1775478748.385095,46.950839,1775478750.612545|完整运动,完整运动,circle_orbit,1,1.000000,1.500000,1.500000,,,,,,,,,,,,,,,,1.167435,0.156820,1.215032,0.164880,0.000000,0.000000,-0.076712,,0.112487,0.000000,,,,0.134329,0.129727,1.500000,53.814462,2.728844,0.000000,circle,预设轨迹15,forward
1775478748.414484,46.980228,1775478750.612545|完整运动,完整运动,circle_orbit,1,1.000000,1.500000,1.500000,,,,,,,,,,,,,,,,1.168343,0.160416,1.222782,0.187384,0.000000,0.000000,-0.069691,,0.110717,0.000000,,,,0.137302,0.129828,1.500000,53.861079,2.682228,0.000000,circle,预设轨迹15,forward
1775478748.434907,47.000651,1775478750.612545|完整运动,完整运动,circle_orbit,1,1.000000,1.500000,1.500000,,,,,,,,,,,,,,,,1.169297,0.161416,1.226527,0.168913,0.000000,0.000000,-0.066232,,0.109914,0.000000,,,,0.138045,0.129934,1.500000,53.884520,2.658786,0.000000,circle,预设轨迹15,forward
1775478748.456806,47.022550,1775478750.612545|完整运动,完整运动,circle_orbit,1,1.000000,1.500000,1.500000,,,,,,,,,,,,,,,,1.170305,0.162393,1.230802,0.169720,0.000000,0.000000,-0.062826,,0.108773,0.000000,,,,0.138761,0.130046,1.500000,53.907863,2.635443,0.000000,circle,预设轨迹15,forward
1775478748.478330,47.044074,1775478750.612545|完整运动,完整运动,circle_orbit,1,1.000000,1.500000,1.500000,,,,,,,,,,,,,,,,1.171373,0.163352,1.235440,0.170546,0.000000,0.000000,-0.059462,,0.107409,0.000000,,,,0.139453,0.130165,1.500000,53.931295,2.612012,0.000000,circle,预设轨迹15,forward
1775478748.498610,47.064354,1775478750.612545|完整运动,完整运动,circle_orbit,1,1.000000,1.500000,1.500000,,,,,,,,,,,,,,,,1.172490,0.164325,1.239536,0.171620,0.000000,0.000000,-0.056097,,0.106397,0.000000,,,,0.140150,0.130289,1.500000,53.954734,2.588572,0.000000,circle,预设轨迹15,forward
1775478748.520156,47.085900,1775478750.612545|完整运动,完整运动,circle_orbit,1,1.000000,1.500000,1.500000,,,,,,,,,,,,,,,,1.173649,0.165208,1.243153,0.171835,0.000000,0.000000,-0.052874,,0.105629,0.000000,,,,0.140765,0.130418,1.500000,53.978179,2.565127,0.000000,circle,预设轨迹15,forward
1775478748.550369,47.116113,1775478750.612545|完整运动,完整运动,circle_orbit,1,1.000000,1.500000,1.500000,,,,,,,,,,,,,,,,1.174851,0.166001,1.246993,0.171950,0.000000,0.000000,-0.049798,,0.104674,0.000000,,,,0.141296,0.130551,1.500000,54.001670,2.541636,0.000000,circle,预设轨迹15,forward
1775478748.570807,47.136552,1775478750.612545|完整运动,完整运动,circle_orbit,1,1.000000,1.500000,1.500000,,,,,,,,,,,,,,,,1.176201,0.168943,1.257226,0.191002,0.000000,0.000000,-0.043683,,0.101273,0.000000,,,,0.143634,0.130701,1.500000,54.048771,2.494535,0.000000,circle,预设轨迹15,forward
1775478748.605824,47.171569,1775478750.612545|完整运动,完整运动,circle_orbit,1,1.000000,1.500000,1.500000,,,,,,,,,,,,,,,,1.177619,0.169690,1.262708,0.175300,0.000000,0.000000,-0.040584,,0.099413,0.000000,,,,0.144096,0.130859,1.500000,54.072340,2.470967,0.000000,circle,预设轨迹15,forward
1775478748.628842,47.194586,1775478750.612545|完整运动,完整运动,circle_orbit,1,1.000000,1.500000,1.500000,,,,,,,,,,,,,,,,1.179097,0.170477,1.267775,0.176377,0.000000,0.000000,-0.037456,,0.097836,0.000000,,,,0.144583,0.131023,1.500000,54.095849,2.447457,0.000000,circle,预设轨迹15,forward
1775478748.649444,47.215188,1775478750.612545|完整运动,完整运动,circle_orbit,1,1.000000,1.500000,1.500000,,,,,,,,,,,,,,,,1.180644,0.171337,1.273457,0.177783,0.000000,0.000000,-0.034245,,0.095964,0.000000,,,,0.145121,0.131195,1.500000,54.119360,2.423947,0.000000,circle,预设轨迹15,forward
1775478748.679636,47.245380,1775478750.612545|完整运动,完整运动,circle_orbit,1,1.000000,1.500000,1.500000,,,,,,,,,,,,,,,,1.182246,0.172109,1.278348,0.177903,0.000000,0.000000,-0.031172,,0.094513,0.000000,,,,0.145578,0.131373,1.500000,54.142930,2.400377,0.000000,circle,预设轨迹15,forward
1775478748.701880,47.267624,1775478750.612545|完整运动,完整运动,circle_orbit,1,1.000000,1.500000,1.500000,,,,,,,,,,,,,,,,1.184010,0.175080,1.289876,0.197359,0.000000,0.000000,-0.024987,,0.090708,0.000000,,,,0.147870,0.131569,1.500000,54.190332,2.352975,0.000000,circle,预设轨迹15,forward
1775478748.722185,47.287930,1775478750.612545|完整运动,完整运动,circle_orbit,1,1.000000,1.500000,1.500000,,,,,,,,,,,,,,,,1.185833,0.175870,1.295211,0.181796,0.000000,0.000000,-0.021799,,0.089131,0.000000,,,,0.148309,0.131772,1.500000,54.213916,2.329390,0.000000,circle,预设轨迹15,forward
1775478748.752880,47.318624,1775478750.612545|完整运动,完整运动,circle_orbit,1,1.000000,1.500000,1.500000,,,,,,,,,,,,,,,,1.187712,0.176669,1.300447,0.182659,0.000000,0.000000,-0.018621,,0.087629,0.000000,,,,0.148747,0.131981,1.500000,54.237543,2.305764,0.000000,circle,预设轨迹15,forward
1775478748.774912,47.340656,1775478750.612545|完整运动,完整运动,circle_orbit,1,1.000000,1.500000,1.500000,,,,,,,,,,,,,,,,1.189710,0.179452,1.309546,0.200326,0.000000,0.000000,-0.012641,,0.085278,0.000000,,,,0.150837,0.132202,1.500000,54.284992,2.258315,0.000000,circle,预设轨迹15,forward
1775478748.795357,47.361101,1775478750.612545|完整运动,完整运动,circle_orbit,1,1.000000,1.500000,1.500000,,,,,,,,,,,,,,,,1.191747,0.180030,1.314000,0.184365,0.000000,0.000000,-0.009707,,0.084156,0.000000,,,,0.151064,0.132429,1.500000,54.309045,2.234261,0.000000,circle,预设轨迹15,forward
1775478748.827030,47.392775,1775478750.612545|完整运动,完整运动,circle_orbit,1,1.000000,1.500000,1.500000,,,,,,,,,,,,,,,,1.193836,0.180651,1.319176,0.185309,0.000000,0.000000,-0.006748,,0.082672,0.000000,,,,0.151320,0.132661,1.500000,54.332940,2.210367,0.000000,circle,预设轨迹15,forward
1775478748.848177,47.413921,1775478750.612545|完整运动,完整运动,circle_orbit,1,1.000000,1.500000,1.500000,,,,,,,,,,,,,,,,1.196077,0.183387,1.330516,0.203907,0.000000,0.000000,-0.000807,,0.079255,0.000000,,,,0.153324,0.132910,1.500000,54.380368,2.162939,0.000000,circle,预设轨迹15,forward
1775478748.868448,47.434192,1775478750.612545|完整运动,完整运动,circle_orbit,1,1.000000,1.500000,1.500000,,,,,,,,,,,,,,,,1.198316,0.183942,1.332643,0.188104,0.000000,0.000000,0.002121,,0.077547,0.000000,,,,0.153500,0.133159,1.500000,54.404025,2.139282,0.000000,circle,预设轨迹15,forward
1775478748.895009,47.460753,1775478750.612545|完整运动,完整运动,circle_orbit,1,1.000000,1.500000,1.500000,,,,,,,,,,,,,,,,1.200518,0.182466,1.332643,0.171394,0.000000,0.000000,0.002121,,0.077547,0.000000,,,,0.151989,0.133403,1.500000,54.404025,2.139282,0.000000,circle,预设轨迹15,forward
1775478748.918312,47.484056,1775478750.612545|完整运动,完整运动,circle_orbit,1,1.000000,1.500000,1.500000,,,,,,,,,,,,,,,,1.202689,0.184873,1.333001,0.202931,0.000000,0.000000,0.007501,,0.074966,0.000000,,,,0.153717,0.133645,1.500000,54.452019,2.091288,0.000000,circle,预设轨迹15,forward
1775478748.938778,47.504522,1775478750.612545|完整运动,完整运动,circle_orbit,1,1.000000,1.500000,1.500000,,,,,,,,,,,,,,,,1.204847,0.185260,1.334283,0.188163,0.000000,0.000000,0.010086,,0.073141,0.000000,,,,0.153763,0.133885,1.500000,54.476021,2.067286,0.000000,circle,预设轨迹15,forward
1775478748.973789,47.539533,1775478750.612545|完整运动,完整运动,circle_orbit,1,1.000000,1.500000,1.500000,,,,,,,,,,,,,,,,1.207000,0.185632,1.336210,0.188423,0.000000,0.000000,0.012614,,0.071005,0.000000,,,,0.153796,0.134124,1.500000,54.499949,2.043357,0.000000,circle,预设轨迹15,forward
1775478749.002245,47.567989,1775478750.612545|完整运动,完整运动,circle_orbit,1,1.000000,1.500000,1.500000,,,,,,,,,,,,,,,,1.209171,0.187926,1.339406,0.205126,0.000000,0.000000,0.017846,,0.067005,0.000000,,,,0.155417,0.134365,1.500000,54.547932,1.995375,0.000000,circle,预设轨迹15,forward
1775478749.023967,47.589711,1775478750.612545|完整运动,完整运动,circle_orbit,1,1.000000,1.500000,1.500000,,,,,,,,,,,,,,,,1.211330,0.188310,1.340897,0.191191,0.000000,0.000000,0.020436,,0.065075,0.000000,,,,0.155457,0.134605,1.500000,54.572130,1.971177,0.000000,circle,预设轨迹15,forward
1775478749.047467,47.613211,1775478750.612545|完整运动,完整运动,circle_orbit,1,1.000000,1.500000,1.500000,,,,,,,,,,,,,,,,1.213483,0.188628,1.342628,0.191014,0.000000,0.000000,0.022898,,0.063080,0.000000,,,,0.155444,0.134844,1.500000,54.596442,1.946864,0.000000,circle,预设轨迹15,forward
1775478749.077323,47.643068,1775478750.612545|完整运动,完整运动,circle_orbit,1,1.000000,1.500000,1.500000,,,,,,,,,,,,,,,,1.215632,0.188940,1.344605,0.191281,0.000000,0.000000,0.025315,,0.060978,0.000000,,,,0.155425,0.135083,1.500000,54.620824,1.922482,0.000000,circle,预设轨迹15,forward
1775478749.097692,47.663436,1775478750.612545|完整运动,完整运动,circle_orbit,1,1.000000,1.500000,1.500000,,,,,,,,,,,,,,,,1.217836,0.190995,1.350048,0.206407,0.000000,0.000000,0.030186,,0.056002,0.000000,,,,0.156832,0.135328,1.500000,54.669467,1.873839,0.000000,circle,预设轨迹15,forward
1775478749.129530,47.695274,1775478750.612545|完整运动,完整运动,circle_orbit,1,1.000000,1.500000,1.500000,,,,,,,,,,,,,,,,1.220041,0.191195,1.352374,0.192693,0.000000,0.000000,0.032484,,0.053786,0.000000,,,,0.156712,0.135573,1.500000,54.693587,1.849720,0.000000,circle,预设轨迹15,forward
1775478749.161460,47.727204,1775478750.612545|完整运动,完整运动,circle_orbit,1,1.000000,1.500000,1.500000,,,,,,,,,,,,,,,,1.222289,0.192823,1.357126,0.205031,0.000000,0.000000,0.036778,,0.049450,0.000000,,,,0.157755,0.135823,1.500000,54.741955,1.801352,0.000000,circle,预设轨迹15,forward
1775478749.185663,47.751407,1775478750.612545|完整运动,完整运动,circle_orbit,1,1.000000,1.500000,1.500000,,,,,,,,,,,,,,,,1.224559,0.194489,1.360760,0.206987,0.000000,0.000000,0.041172,,0.045653,0.000000,,,,0.158824,0.136075,1.500000,54.790373,1.752933,0.000000,circle,预设轨迹15,forward
1775478749.211932,47.777676,1775478750.612545|完整运动,完整运动,circle_orbit,1,1.000000,1.500000,1.500000,,,,,,,,,,,,,,,,1.226791,0.193042,1.360760,0.182187,0.000000,0.000000,0.041172,,0.045653,0.000000,,,,0.157355,0.136323,1.500000,54.790373,1.752933,0.000000,circle,预设轨迹15,forward
1775478749.242580,47.808324,1775478750.612545|完整运动,完整运动,circle_orbit,1,1.000000,1.500000,1.500000,,,,,,,,,,,,,,,,1.229059,0.194721,1.365097,0.207315,0.000000,0.000000,0.045491,,0.041544,0.000000,,,,0.158431,0.136575,1.500000,54.839046,1.704261,0.000000,circle,预设轨迹15,forward
1775478749.265411,47.831155,1775478750.612545|完整运动,完整运动,circle_orbit,1,1.000000,1.500000,1.500000,,,,,,,,,,,,,,,,1.231332,0.194793,1.367698,0.195332,0.000000,0.000000,0.047571,,0.039314,0.000000,,,,0.158197,0.136828,1.500000,54.863325,1.679982,0.000000,circle,预设轨迹15,forward
1775478749.288436,47.854180,1775478750.612545|完整运动,完整运动,circle_orbit,1,1.000000,1.500000,1.500000,,,,,,,,,,,,,,,,1.233609,0.194992,1.370281,0.196486,0.000000,0.000000,0.049789,,0.037036,0.000000,,,,0.158066,0.137081,1.500000,54.887600,1.655707,0.000000,circle,预设轨迹15,forward
1775478749.315886,47.881630,1775478750.612545|完整运动,完整运动,circle_orbit,1,1.000000,1.500000,1.500000,,,,,,,,,,,,,,,,1.235931,0.196527,1.375242,0.208042,0.000000,0.000000,0.053879,,0.032750,0.000000,,,,0.159012,0.137339,1.500000,54.936129,1.607178,0.000000,circle,预设轨迹15,forward
1775478749.336218,47.901963,1775478750.612545|完整运动,完整运动,circle_orbit,1,1.000000,1.500000,1.500000,,,,,,,,,,,,,,,,1.238276,0.196521,1.378959,0.196472,0.000000,0.000000,0.055819,,0.030050,0.000000,,,,0.158705,0.137599,1.500000,54.960490,1.582817,0.000000,circle,预设轨迹15,forward
1775478749.369314,47.935058,1775478750.612545|完整运动,完整运动,circle_orbit,1,1.000000,1.500000,1.500000,,,,,,,,,,,,,,,,1.240638,0.196549,1.382366,0.196756,0.000000,0.000000,0.057763,,0.027510,0.000000,,,,0.158425,0.137862,1.500000,54.984993,1.558314,0.000000,circle,预设轨迹15,forward
1775478749.391336,47.957080,1775478750.612545|完整运动,完整运动,circle_orbit,1,1.000000,1.500000,1.500000,,,,,,,,,,,,,,,,1.243013,0.196547,1.385503,0.196534,0.000000,0.000000,0.059625,,0.025147,0.000000,,,,0.158121,0.138126,1.500000,55.009562,1.533745,0.000000,circle,预设轨迹15,forward
1775478749.411646,47.977391,1775478750.612545|完整运动,完整运动,circle_orbit,1,1.000000,1.500000,1.500000,,,,,,,,,,,,,,,,1.245453,0.197646,1.391871,0.205892,0.000000,0.000000,0.063020,,0.020542,0.000000,,,,0.158694,0.138397,1.500000,55.058725,1.484582,0.000000,circle,预设轨迹15,forward
1775478749.442991,48.008735,1775478750.612545|完整运动,完整运动,circle_orbit,1,1.000000,1.500000,1.500000,,,,,,,,,,,,,,,,1.247904,0.197332,1.394919,0.194977,0.000000,0.000000,0.064426,,0.018445,0.000000,,,,0.158131,0.138669,1.500000,55.083484,1.459822,0.000000,circle,预设轨迹15,forward
1775478749.477546,48.043291,1775478750.612545|完整运动,完整运动,circle_orbit,1,1.000000,1.500000,1.500000,,,,,,,,,,,,,,,,1.250387,0.197006,1.399365,0.194562,0.000000,0.000000,0.065761,,0.015717,0.000000,,,,0.157556,0.138945,1.500000,55.108370,1.434937,0.000000,circle,预设轨迹15,forward
1775478749.516239,48.081983,1775478750.612545|完整运动,完整运动,circle_orbit,1,1.000000,1.500000,1.500000,,,,,,,,,,,,,,,,1.252981,0.197665,1.408657,0.202607,0.000000,0.000000,0.068453,,0.010101,0.000000,,,,0.157756,0.139233,1.500000,55.158042,1.385264,0.000000,circle,预设轨迹15,forward
1775478749.549986,48.115731,1775478750.612545|完整运动,完整运动,circle_orbit,1,1.000000,1.500000,1.500000,,,,,,,,,,,,,,,,1.255669,0.198372,1.416965,0.203671,0.000000,0.000000,0.071225,,0.004967,0.000000,,,,0.157981,0.139532,1.500000,55.207381,1.335925,0.000000,circle,预设轨迹15,forward
1775478749.571307,48.137051,1775478750.612545|完整运动,完整运动,circle_orbit,1,1.000000,1.500000,1.500000,,,,,,,,,,,,,,,,1.258448,0.198942,1.425182,0.203223,0.000000,0.000000,0.073817,,-0.000000,0.000000,,,,0.158086,0.139841,1.500000,55.256787,1.286519,0.000000,circle,预设轨迹15,forward
1775478749.592863,48.158607,1775478750.612545|完整运动,完整运动,circle_orbit,1,1.000000,1.500000,1.500000,,,,,,,,,,,,,,,,1.261068,0.198630,1.418280,0.196284,0.000000,0.000000,0.075150,,-0.002609,0.000000,,,,0.157509,0.140132,1.500000,55.281438,1.261868,0.000000,circle,预设轨迹15,forward
1775478749.620036,48.185780,1775478750.612545|完整运动,完整运动,circle_orbit,1,1.000000,1.500000,1.500000,,,,,,,,,,,,,,,,1.263538,0.198354,1.411686,0.196285,0.000000,0.000000,0.076484,,-0.005103,0.000000,,,,0.156983,0.140406,1.500000,55.305981,1.237326,0.000000,circle,预设轨迹15,forward
1775478749.642530,48.208274,1775478750.612545|完整运动,完整运动,circle_orbit,1,1.000000,1.500000,1.500000,,,,,,,,,,,,,,,,1.265871,0.198028,1.405872,0.195585,0.000000,0.000000,0.077701,,-0.007309,0.000000,,,,0.156436,0.140666,1.500000,55.330586,1.212720,0.000000,circle,预设轨迹15,forward
1775478749.663372,48.229116,1775478750.612545|完整运动,完整运动,circle_orbit,1,1.000000,1.500000,1.500000,,,,,,,,,,,,,,,,1.268076,0.197587,1.400388,0.194281,0.000000,0.000000,0.078708,,-0.009472,0.000000,,,,0.155817,0.140911,1.500000,55.355374,1.187933,0.000000,circle,预设轨迹15,forward
1775478749.701804,48.267549,1775478750.612545|完整运动,完整运动,circle_orbit,1,1.000000,1.500000,1.500000,,,,,,,,,,,,,,,,1.270169,0.196990,1.395757,0.192513,0.000000,0.000000,0.079442,,-0.011368,0.000000,,,,0.155090,0.141143,1.500000,55.380393,1.162914,0.000000,circle,预设轨迹15,forward
1775478749.734706,48.300450,1775478750.612545|完整运动,完整运动,circle_orbit,1,1.000000,1.500000,1.500000,,,,,,,,,,,,,,,,1.272050,0.196887,1.384884,0.196108,0.000000,0.000000,0.080832,,-0.016023,0.000000,,,,0.154779,0.141352,1.500000,55.430572,1.112735,0.000000,circle,预设轨迹15,forward
1775478749.761765,48.327510,1775478750.612545|完整运动,完整运动,circle_orbit,1,1.000000,1.500000,1.500000,,,,,,,,,,,,,,,,1.273718,0.196696,1.373836,0.195270,0.000000,0.000000,0.082085,,-0.020910,0.000000,,,,0.154427,0.141538,1.500000,55.480977,1.062330,0.000000,circle,预设轨迹15,forward
1775478749.782074,48.347818,1775478750.612545|完整运动,完整运动,circle_orbit,1,1.000000,1.500000,1.500000,,,,,,,,,,,,,,,,1.275270,0.196039,1.368353,0.191106,0.000000,0.000000,0.082648,,-0.023394,0.000000,,,,0.153723,0.141710,1.500000,55.506461,1.036846,0.000000,circle,预设轨迹15,forward
1775478749.814796,48.380540,1775478750.612545|完整运动,完整运动,circle_orbit,1,1.000000,1.500000,1.500000,,,,,,,,,,,,,,,,1.276717,0.195315,1.363549,0.189887,0.000000,0.000000,0.083065,,-0.025623,0.000000,,,,0.152982,0.141871,1.500000,55.532333,1.010974,0.000000,circle,预设轨迹15,forward
1775478749.841327,48.407072,1775478750.612545|完整运动,完整运动,circle_orbit,1,1.000000,1.500000,1.500000,,,,,,,,,,,,,,,,1.277959,0.195009,1.352470,0.192711,0.000000,0.000000,0.084035,,-0.030824,0.000000,,,,0.152594,0.142009,1.500000,55.584008,0.959299,0.000000,circle,预设轨迹15,forward
1775478749.861650,48.427394,1775478750.612545|完整运动,完整运动,circle_orbit,1,1.000000,1.500000,1.500000,,,,,,,,,,,,,,,,1.279084,0.194441,1.346604,0.190182,0.000000,0.000000,0.084611,,-0.033588,0.000000,,,,0.152016,0.142134,1.500000,55.609766,0.933540,0.000000,circle,预设轨迹15,forward
1775478749.887534,48.453278,1775478750.612545|完整运动,完整运动,circle_orbit,1,1.000000,1.500000,1.500000,,,,,,,,,,,,,,,,1.280092,0.193876,1.340550,0.189642,0.000000,0.000000,0.085155,,-0.036490,0.000000,,,,0.151455,0.142246,1.500000,55.635379,0.907927,0.000000,circle,预设轨迹15,forward
1775478749.914843,48.480587,1775478750.612545|完整运动,完整运动,circle_orbit,1,1.000000,1.500000,1.500000,,,,,,,,,,,,,,,,1.280947,0.193250,1.332275,0.188555,0.000000,0.000000,0.085583,,-0.040643,0.000000,,,,0.150865,0.142341,1.500000,55.686903,0.856404,0.000000,circle,预设轨迹15,forward
1775478749.935204,48.500948,1775478750.612545|完整运动,完整运动,circle_orbit,1,1.000000,1.500000,1.500000,,,,,,,,,,,,,,,,1.281714,0.192407,1.327742,0.186085,0.000000,0.000000,0.085666,,-0.043008,0.000000,,,,0.150117,0.142426,1.500000,55.712731,0.830576,0.000000,circle,预设轨迹15,forward
1775478749.957659,48.523403,1775478750.612545|完整运动,完整运动,circle_orbit,1,1.000000,1.500000,1.500000,,,,,,,,,,,,,,,,1.282383,0.191609,1.322483,0.185621,0.000000,0.000000,0.085768,,-0.045771,0.000000,,,,0.149416,0.142500,1.500000,55.738539,0.804768,0.000000,circle,预设轨迹15,forward
1775478749.990611,48.556355,1775478750.612545|完整运动,完整运动,circle_orbit,1,1.000000,1.500000,1.500000,,,,,,,,,,,,,,,,1.282963,0.190802,1.317773,0.184747,0.000000,0.000000,0.085816,,-0.048283,0.000000,,,,0.148719,0.142565,1.500000,55.764182,0.779125,0.000000,circle,预设轨迹15,forward
1775478750.011478,48.577222,1775478750.612545|完整运动,完整运动,circle_orbit,1,1.000000,1.500000,1.500000,,,,,,,,,,,,,,,,1.283382,0.189853,1.308534,0.182735,0.000000,0.000000,0.085635,,-0.053387,0.000000,,,,0.147931,0.142612,1.500000,55.815405,0.727902,0.000000,circle,预设轨迹15,forward
1775478750.041039,48.606783,1775478750.612545|完整运动,完整运动,circle_orbit,1,1.000000,1.500000,1.500000,,,,,,,,,,,,,,,,1.283733,0.188896,1.304767,0.181721,0.000000,0.000000,0.085396,,-0.055562,0.000000,,,,0.147146,0.142650,1.500000,55.841117,0.702190,0.000000,circle,预设轨迹15,forward
1775478750.065327,48.631071,1775478750.612545|完整运动,完整运动,circle_orbit,1,1.000000,1.500000,1.500000,,,,,,,,,,,,,,,,1.284024,0.187847,1.301503,0.179979,0.000000,0.000000,0.084982,,-0.057548,0.000000,,,,0.146296,0.142683,1.500000,55.866883,0.676423,0.000000,circle,预设轨迹15,forward
1775478750.085957,48.651701,1775478750.612545|完整运动,完整运动,circle_orbit,1,1.000000,1.500000,1.500000,,,,,,,,,,,,,,,,1.284182,0.186403,1.293669,0.175576,0.000000,0.000000,0.083971,,-0.062359,0.000000,,,,0.145153,0.142700,1.500000,55.918651,0.624656,0.000000,circle,预设轨迹15,forward
1775478750.123563,48.689307,1775478750.612545|完整运动,完整运动,circle_orbit,1,1.000000,1.500000,1.500000,,,,,,,,,,,,,,,,1.284338,0.185724,1.293669,0.180625,0.000000,0.000000,0.083971,,-0.062359,0.000000,,,,0.144606,0.142718,1.500000,55.918651,0.624656,0.000000,circle,预设轨迹15,forward
1775478750.147052,48.712796,1775478750.612545|完整运动,完整运动,circle_orbit,1,1.000000,1.500000,1.500000,,,,,,,,,,,,,,,,1.284345,0.184474,1.284801,0.175104,0.000000,0.000000,0.083154,,-0.067724,0.000000,,,,0.143633,0.142719,1.500000,55.970158,0.573149,0.000000,circle,预设轨迹15,forward
1775478750.167398,48.733143,1775478750.612545|完整运动,完整运动,circle_orbit,1,1.000000,1.500000,1.500000,,,,,,,,,,,,,,,,1.284302,0.183491,1.281683,0.176118,0.000000,0.000000,0.082663,,-0.069717,0.000000,,,,0.142872,0.142714,1.500000,55.995905,0.547402,0.000000,circle,预设轨迹15,forward
1775478750.192576,48.758320,1775478750.612545|完整运动,完整运动,circle_orbit,1,1.000000,1.500000,1.500000,,,,,,,,,,,,,,,,1.284208,0.182380,1.278600,0.174045,0.000000,0.000000,0.081955,,-0.071796,0.000000,,,,0.142017,0.142703,1.500000,56.021296,0.522011,0.000000,circle,预设轨迹15,forward
1775478750.215720,48.781464,1775478750.612545|完整运动,完整运动,circle_orbit,1,1.000000,1.500000,1.500000,,,,,,,,,,,,,,,,1.283980,0.180669,1.270294,0.167839,0.000000,0.000000,0.080370,,-0.077295,0.000000,,,,0.140710,0.142678,1.500000,56.072747,0.470559,0.000000,circle,预设轨迹15,forward
1775478750.239185,48.804929,1775478750.612545|完整运动,完整运动,circle_orbit,1,1.000000,1.500000,1.500000,,,,,,,,,,,,,,,,1.283700,0.179520,1.266902,0.170906,0.000000,0.000000,0.079514,,-0.079651,0.000000,,,,0.139846,0.142647,1.500000,56.098380,0.444926,0.000000,circle,预设轨迹15,forward
1775478750.277624,48.843368,1775478750.612545|完整运动,完整运动,circle_orbit,1,1.000000,1.500000,1.500000,,,,,,,,,,,,,,,,1.283339,0.177414,1.261694,0.161614,0.000000,0.000000,0.077268,,-0.083704,0.000000,,,,0.138244,0.142607,1.500000,56.149435,0.393872,0.000000,circle,预设轨迹15,forward
1775478750.300526,48.866270,1775478750.612545|完整运动,完整运动,circle_orbit,1,1.000000,1.500000,1.500000,,,,,,,,,,,,,,,,1.282945,0.175983,1.259272,0.165254,0.000000,0.000000,0.075896,,-0.085743,0.000000,,,,0.137171,0.142563,1.500000,56.174978,0.368329,0.000000,circle,预设轨迹15,forward
1775478750.320787,48.886531,1775478750.612545|完整运动,完整运动,circle_orbit,1,1.000000,1.500000,1.500000,,,,,,,,,,,,,,,,1.282519,0.174557,1.256977,0.163860,0.000000,0.000000,0.074484,,-0.087730,0.000000,,,,0.136105,0.142516,1.500000,56.200642,0.342664,0.000000,circle,预设轨迹15,forward
1775478750.344460,48.910204,1775478750.612545|完整运动,完整运动,circle_orbit,1,1.000000,1.500000,1.500000,,,,,,,,,,,,,,,,1.282058,0.173166,1.254421,0.162734,0.000000,0.000000,0.073078,,-0.089875,0.000000,,,,0.135069,0.142464,1.500000,56.226348,0.316959,0.000000,circle,预设轨迹15,forward
1775478750.367390,48.933134,1775478750.612545|完整运动,完整运动,circle_orbit,1,1.000000,1.500000,1.500000,,,,,,,,,,,,,,,,1.281561,0.171753,1.251694,0.161159,0.000000,0.000000,0.071601,,-0.092159,0.000000,,,,0.134019,0.142409,1.500000,56.251926,0.291380,0.000000,circle,预设轨迹15,forward
1775478750.390403,48.956147,1775478750.612545|完整运动,完整运动,circle_orbit,1,1.000000,1.500000,1.500000,,,,,,,,,,,,,,,,1.280978,0.169454,1.246006,0.152210,0.000000,0.000000,0.068835,,-0.096808,0.000000,,,,0.132285,0.142344,1.500000,56.302663,0.240643,0.000000,circle,预设轨迹15,forward
1775478750.421023,48.986767,1775478750.612545|完整运动,完整运动,circle_orbit,1,1.000000,1.500000,1.500000,,,,,,,,,,,,,,,,1.280366,0.168110,1.243663,0.158029,0.000000,0.000000,0.067340,,-0.098890,0.000000,,,,0.131298,0.142276,1.500000,56.327840,0.215466,0.000000,circle,预设轨迹15,forward
1775478750.455873,49.021617,1775478750.612545|完整运动,完整运动,circle_orbit,1,1.000000,1.500000,1.500000,,,,,,,,,,,,,,,,1.279731,0.166598,1.241614,0.155256,0.000000,0.000000,0.065575,,-0.100918,0.000000,,,,0.130182,0.142206,1.500000,56.352961,0.190346,0.000000,circle,预设轨迹15,forward
1775478750.476220,49.041964,1775478750.612545|完整运动,完整运动,circle_orbit,1,1.000000,1.500000,1.500000,,,,,,,,,,,,,,,,1.279040,0.163936,1.237572,0.143969,0.000000,0.000000,0.062144,,-0.104910,0.000000,,,,0.128171,0.142129,1.500000,56.403380,0.139927,0.000000,circle,预设轨迹15,forward
1775478750.501700,49.067444,1775478750.612545|完整运动,完整运动,circle_orbit,1,1.000000,1.500000,1.500000,,,,,,,,,,,,,,,,1.278326,0.162647,1.235490,0.152983,0.000000,0.000000,0.060565,,-0.106888,0.000000,,,,0.127234,0.142050,1.500000,56.428698,0.114609,0.000000,circle,预设轨迹15,forward
1775478750.522155,49.087899,1775478750.612545|完整运动,完整运动,circle_orbit,1,1.000000,1.500000,1.500000,,,,,,,,,,,,,,,,1.277598,0.161195,1.233922,0.150305,0.000000,0.000000,0.058731,,-0.108667,0.000000,,,,0.126170,0.141969,1.500000,56.454135,0.089171,0.000000,circle,预设轨迹15,forward
1775478750.542408,49.108153,1775478750.612545|完整运动,完整运动,circle_orbit,1,1.000000,1.500000,1.500000,,,,,,,,,,,,,,,,1.276859,0.159694,1.232558,0.148438,0.000000,0.000000,0.056797,,-0.110368,0.000000,,,,0.125068,0.141887,1.500000,56.479643,0.063663,0.000000,circle,预设轨迹15,forward
1775478750.576364,49.142108,1775478750.612545|完整运动,完整运动,circle_orbit,1,1.000000,1.500000,1.500000,,,,,,,,,,,,,,,,1.276067,0.157030,1.228504,0.137050,0.000000,0.000000,0.053186,,-0.114483,0.000000,,,,0.123058,0.141799,1.500000,56.530765,0.012542,0.000000,circle,预设轨迹15,forward
