product_code,product_label,angle,distance_m,lower_dbsm,upper_dbsm
pedistrain,假人,common,3.0,-14.119005847953215,-4.119005847953219
pedistrain,假人,common,5.0,-12.649191606467145,-2.6491916064671504
pedistrain,假人,common,7.0,-11.350752493980043,-1.3507524939800506
pedistrain,假人,common,9.0,-10.212641898864803,-0.21264189886481066
pedistrain,假人,common,11.0,-9.223813209494315,0.7761867905056752
pedistrain,假人,common,13.0,-8.373219814241477,1.6267801857585145
pedistrain,假人,common,15.0,-7.6498151014791755,2.3501848985208103
pedistrain,假人,common,17.0,-7.042552459580312,2.957447540419679
pedistrain,假人,common,19.0,-6.540385276917771,3.4596147230822147
pedistrain,假人,common,21.0,-6.132266941864453,3.867733058135535
pedistrain,假人,common,23.0,-5.807150842793245,4.192849157206744
pedistrain,假人,common,25.0,-5.553990368077043,4.446009631922944
pedistrain,假人,common,27.0,-5.361738906088739,4.6382610939112485
pedistrain,假人,common,29.0,-5.219349845201229,4.780650154798762
pedistrain,假人,common,31.0,-5.115776573787402,4.884223426212589
pedistrain,假人,common,33.0,-5.039972480220152,4.960027519779834
pedistrain,假人,common,35.0,-5.0,5.0
pedistrain,假人,common,37.0,-5.0,5.0
pedistrain,假人,common,39.0,-5.0,5.0
pedistrain,假人,common,41.0,-5.0,5.0
pedistrain,假人,common,43.0,-5.0,5.0
pedistrain,假人,common,45.0,-5.0,5.0
pedistrain,假人,common,47.0,-5.0,5.0
pedistrain,假人,common,49.0,-5.0,5.0
pedistrain,假人,common,51.0,-5.0,5.0
toddler,幼儿,common,2.0,-20.856120324434176,-10.868945972039842
toddler,幼儿,common,2.1,-20.779000551056296,-10.785537319221547
toddler,幼儿,common,2.2,-20.702024964540428,-10.70237144912036
toddler,幼儿,common,2.3000000000000003,-20.625194708047736,-10.61944892824025
toddler,幼儿,common,2.4000000000000004,-20.5485109247394,-10.536770323085175
toddler,幼儿,common,2.5000000000000004,-20.471974757776582,-10.454336200159108
toddler,幼儿,common,2.6000000000000005,-20.395587350320458,-10.37214712596601
toddler,幼儿,common,2.7000000000000006,-20.31934984553219,-10.290203667009846
toddler,幼儿,common,2.8000000000000007,-20.243263386572956,-10.208506389794584
toddler,幼儿,common,2.900000000000001,-20.167329116603923,-10.12705586082419
toddler,幼儿,common,3.000000000000001,-20.09154817878626,-10.045852646602622
toddler,幼儿,common,3.100000000000001,-20.01592171628114,-9.964897313633855
toddler,幼儿,common,3.200000000000001,-19.940450872249734,-9.884190428421848
toddler,幼儿,common,3.300000000000001,-19.865136789853203,-9.803732557470568
toddler,幼儿,common,3.4000000000000012,-19.789980612252727,-9.723524267283981
toddler,幼儿,common,3.5000000000000013,-19.714983482609473,-9.643566124366052
toddler,幼儿,common,3.6000000000000014,-19.640146544084608,-9.563858695220746
toddler,幼儿,common,3.7000000000000015,-19.565470939839308,-9.48440254635203
toddler,幼儿,common,3.8000000000000016,-19.49095781303474,-9.405198244263865
toddler,幼儿,common,3.9000000000000017,-19.41660830683207,-9.32624635546022
toddler,幼儿,common,4.000000000000002,-19.342423564392476,-9.24754744644506
toddler,幼儿,common,4.100000000000001,-19.268404728877123,-9.169102083722349
toddler,幼儿,common,4.200000000000002,-19.194552943447178,-9.090910833796052
toddler,幼儿,common,4.3000000000000025,-19.12086935126382,-9.012974263170136
toddler,幼儿,common,4.400000000000002,-19.047355095488214,-8.935292938348567
toddler,幼儿,common,4.500000000000002,-18.97401131928153,-8.857867425835309
toddler,幼儿,common,4.600000000000002,-18.900839165804936,-8.780698292134327
toddler,幼儿,common,4.700000000000003,-18.827839778219605,-8.703786103749586
toddler,幼儿,common,4.8000000000000025,-18.755014299686707,-8.62713142718505
toddler,幼儿,common,4.900000000000002,-18.682363873367414,-8.550734828944691
toddler,幼儿,common,5.000000000000003,-18.609889642422893,-8.474596875532464
toddler,幼儿,common,5.100000000000003,-18.537592750014312,-8.398718133452341
toddler,幼儿,common,5.200000000000003,-18.465474339302848,-8.32309916920829
toddler,幼儿,common,5.3000000000000025,-18.393535553449667,-8.24774054930427
toddler,幼儿,common,5.400000000000003,-18.321777535615936,-8.172642840244247
toddler,幼儿,common,5.5000000000000036,-18.25020142896283,-8.09780660853219
toddler,幼儿,common,5.600000000000003,-18.178808376651514,-8.023232420672063
toddler,幼儿,common,5.700000000000003,-18.107599521843166,-7.94892084316783
toddler,幼儿,common,5.800000000000003,-18.036576007698947,-7.874872442523457
toddler,幼儿,common,5.900000000000004,-17.965738977380035,-7.801087785242908
toddler,幼儿,common,6.0000000000000036,-17.895089574047596,-7.727567437830151
toddler,幼儿,common,6.100000000000003,-17.8246289408628,-7.654311966789151
toddler,幼儿,common,6.200000000000004,-17.754358220986816,-7.58132193862387
toddler,幼儿,common,6.300000000000004,-17.68427855758082,-7.508597919838276
toddler,幼儿,common,6.400000000000004,-17.614391093805978,-7.436140476936336
toddler,幼儿,common,6.5000000000000036,-17.544696972823456,-7.363950176422011
toddler,幼儿,common,6.600000000000004,-17.47519733779443,-7.2920275847992695
toddler,幼儿,common,6.700000000000005,-17.40589333188007,-7.220373268572074
toddler,幼儿,common,6.800000000000004,-17.33678609824154,-7.148987794244394
toddler,幼儿,common,6.900000000000004,-17.26787678004002,-7.077871728320192
toddler,幼儿,common,7.000000000000004,-17.19916652043667,-7.007025637303433
toddler,幼儿,common,7.100000000000005,-17.13065646259266,-6.936450087698082
toddler,幼儿,common,7.200000000000005,-17.062347749669172,-6.866145646008108
toddler,幼儿,common,7.300000000000004,-16.99424152482737,-6.796112878737473
toddler,幼儿,common,7.400000000000005,-16.92633893122842,-6.726352352390142
toddler,幼儿,common,7.500000000000005,-16.858641112033492,-6.656864633470081
toddler,幼儿,common,7.600000000000005,-16.79114921040376,-6.587650288481257
toddler,幼儿,common,7.700000000000005,-16.723864369500397,-6.518709883927634
toddler,幼儿,common,7.800000000000005,-16.656787732484567,-6.450043986313177
toddler,幼儿,common,7.900000000000006,-16.58992044251744,-6.381653162141849
toddler,幼儿,common,8.000000000000005,-16.523263642760188,-6.313537977917622
toddler,幼儿,common,8.100000000000005,-16.456818476373982,-6.245699000144455
toddler,幼儿,common,8.200000000000006,-16.390586086519995,-6.178136795326315
toddler,幼儿,common,8.300000000000006,-16.32456761635939,-6.110851929967168
toddler,幼儿,common,8.400000000000006,-16.25876420905334,-6.043844970570982
toddler,幼儿,common,8.500000000000005,-16.19317700776302,-5.977116483641717
toddler,幼儿,common,8.600000000000005,-16.12780715564959,-5.910667035683341
toddler,幼儿,common,8.700000000000006,-16.062655795874228,-5.844497193199819
toddler,幼儿,common,8.800000000000006,-15.997724071598103,-5.778607522695117
toddler,幼儿,common,8.900000000000006,-15.933013125982384,-5.712998590673199
toddler,幼儿,common,9.000000000000007,-15.868524102188239,-5.6476709636380305
toddler,幼儿,common,9.100000000000007,-15.804258143376842,-5.582625208093578
toddler,幼儿,common,9.200000000000006,-15.74021639270936,-5.5178618905438075
toddler,幼儿,common,9.300000000000006,-15.676399993346966,-5.4533815774926815
toddler,幼儿,common,9.400000000000006,-15.612810088450827,-5.3891848354441665
toddler,幼儿,common,9.500000000000007,-15.549447821182113,-5.325272230902228
toddler,幼儿,common,9.600000000000007,-15.486314334701998,-5.261644330370833
toddler,幼儿,common,9.700000000000006,-15.42341077217165,-5.1983017003539445
toddler,幼儿,common,9.800000000000008,-15.360738276752237,-5.135244907355528
toddler,幼儿,common,9.900000000000007,-15.29829799160493,-5.072474517879549
toddler,幼儿,common,10.000000000000007,-15.236091059890901,-5.009991098429975
toddler,幼儿,common,10.100000000000007,-15.17411862477132,-4.947795215510768
toddler,幼儿,common,10.200000000000006,-15.112381829407354,-4.885887435625894
toddler,幼儿,common,10.300000000000008,-15.050881816960175,-4.824268325279319
toddler,幼儿,common,10.400000000000007,-14.989619730590956,-4.762938450975011
toddler,幼儿,common,10.500000000000007,-14.928596713460863,-4.7018983792169315
toddler,幼儿,common,10.600000000000009,-14.867813908731065,-4.6411486765090455
toddler,幼儿,common,10.700000000000008,-14.807272459562736,-4.580689909355321
toddler,幼儿,common,10.800000000000008,-14.746973509117046,-4.520522644259723
toddler,幼儿,common,10.900000000000007,-14.686918200555162,-4.460647447726215
toddler,幼儿,common,11.000000000000007,-14.627107677038255,-4.401064886258764
toddler,幼儿,common,11.100000000000009,-14.567543081727496,-4.341775526361333
toddler,幼儿,common,11.200000000000008,-14.508225557784055,-4.28277993453789
toddler,幼儿,common,11.300000000000008,-14.449156248369103,-4.2240786772924
toddler,幼儿,common,11.40000000000001,-14.390336296643808,-4.165672321128826
toddler,幼儿,common,11.500000000000009,-14.33176684576934,-4.107561432551135
toddler,幼儿,common,11.600000000000009,-14.273449038906874,-4.049746578063292
toddler,幼儿,common,11.700000000000008,-14.215384019217574,-3.9922283241692647
toddler,幼儿,common,11.800000000000008,-14.157572929862612,-3.9350072373730143
toddler,幼儿,common,11.90000000000001,-14.100016914003158,-3.8780838841785084
toddler,幼儿,common,12.000000000000009,-14.042717114800382,-3.8214588310897124
toddler,幼儿,common,12.100000000000009,-13.985674675415455,-3.765132644610592
toddler,幼儿,common,12.20000000000001,-13.928890739009546,-3.709105891245109
toddler,幼儿,common,12.30000000000001,-13.872366448743827,-3.6533791374972324
toddler,幼儿,common,12.40000000000001,-13.816102947779468,-3.597952949870928
toddler,幼儿,common,12.500000000000009,-13.760101379277636,-3.5428278948701575
toddler,幼儿,common,12.600000000000009,-13.704362886399505,-3.4880045389988883
toddler,幼儿,common,12.70000000000001,-13.648888612306239,-3.433483448761086
toddler,幼儿,common,12.80000000000001,-13.593679700159015,-3.3792651906607176
toddler,幼儿,common,12.90000000000001,-13.538737293119,-3.3253503312017454
toddler,幼儿,common,13.00000000000001,-13.484062534347363,-3.2717394368881347
toddler,幼儿,common,13.10000000000001,-13.429656567005276,-3.218433074223851
toddler,幼儿,common,13.20000000000001,-13.37552053425391,-3.165431809712862
toddler,幼儿,common,13.30000000000001,-13.321655579254433,-3.1127362098591327
toddler,幼儿,common,13.40000000000001,-13.268062845168014,-3.0603468411666253
toddler,幼儿,common,13.50000000000001,-13.214743475155824,-3.008264270139307
toddler,幼儿,common,13.60000000000001,-13.161698612379038,-2.956489063281145
toddler,幼儿,common,13.70000000000001,-13.108929399998818,-2.9050217870961
toddler,幼儿,common,13.800000000000011,-13.056436981176338,-2.853863008088142
toddler,幼儿,common,13.900000000000011,-13.00422249907277,-2.803013292761232
toddler,幼儿,common,14.00000000000001,-12.95228709684928,-2.7524732076193406
toddler,幼儿,common,14.10000000000001,-12.900631917667043,-2.7022433191664295
toddler,幼儿,common,14.20000000000001,-12.849258104687223,-2.6523241939064643
toddler,幼儿,common,14.300000000000011,-12.798166801070995,-2.602716398343409
toddler,幼儿,common,14.400000000000011,-12.747359149979529,-2.553420498981234
toddler,幼儿,common,14.50000000000001,-12.696836294573991,-2.5044370623239
toddler,幼儿,common,14.600000000000012,-12.646599378015553,-2.4557666548753723
toddler,幼儿,common,14.700000000000012,-12.596649543465388,-2.407409843139618
toddler,幼儿,common,14.800000000000011,-12.546987934084662,-2.359367193620601
toddler,幼儿,common,14.900000000000011,-12.497615693034549,-2.3116392728222905
toddler,幼儿,common,15.00000000000001,-12.448533963476216,-2.2642266472486465
toddler,幼儿,common,15.100000000000012,-12.399743888570832,-2.2171298834036364
toddler,幼儿,common,15.200000000000012,-12.35124661147957,-2.1703495477912274
toddler,幼儿,common,15.300000000000011,-12.3030432753636,-2.1238862069153814
toddler,幼儿,common,15.400000000000013,-12.25513502338409,-2.077740427280066
toddler,幼儿,common,15.500000000000012,-12.207522998702213,-2.0319127753892463
toddler,幼儿,common,15.600000000000012,-12.160208344479136,-1.9864038177468863
toddler,幼儿,common,15.700000000000012,-12.113192203876032,-1.941214120856955
toddler,幼儿,common,15.800000000000011,-12.066475720054068,-1.8963442512234128
toddler,幼儿,common,15.900000000000013,-12.020060036174415,-1.8517947753502266
toddler,幼儿,common,16.000000000000014,-11.973946295398246,-1.807566259741364
toddler,幼儿,common,16.100000000000012,-11.928135640886726,-1.7636592709007886
toddler,幼儿,common,16.200000000000014,-11.882629215801032,-1.720074375332464
toddler,幼儿,common,16.30000000000001,-11.837428163302327,-1.676812139540358
toddler,幼儿,common,16.400000000000013,-11.792533626551783,-1.6338731300284355
toddler,幼儿,common,16.500000000000014,-11.747946748710573,-1.5912579133006606
toddler,幼儿,common,16.600000000000012,-11.703668672939866,-1.5489670558610005
toddler,幼儿,common,16.700000000000014,-11.659700542400829,-1.507001124213419
toddler,幼儿,common,16.80000000000001,-11.616043500254635,-1.465360684861885
toddler,幼儿,common,16.900000000000013,-11.572698689662454,-1.424046304310357
toddler,幼儿,common,17.000000000000014,-11.529667253785457,-1.383058549062806
toddler,幼儿,common,17.100000000000016,-11.48695033578481,-1.3423979856231938
toddler,幼儿,common,17.200000000000014,-11.444549078821687,-1.3020651804954877
toddler,幼儿,common,17.30000000000001,-11.402464626057256,-1.2620607001836532
toddler,幼儿,common,17.400000000000013,-11.360698120652689,-1.2223851111916542
toddler,幼儿,common,17.500000000000014,-11.319250705769152,-1.1830389800234578
toddler,幼儿,common,17.600000000000016,-11.278123524567821,-1.1440228731830278
toddler,幼儿,common,17.700000000000014,-11.237317720209864,-1.1053373571743315
toddler,幼儿,common,17.800000000000015,-11.196834435856449,-1.0669829985013308
toddler,幼儿,common,17.900000000000013,-11.156674814668747,-1.0289603636679931
toddler,幼儿,common,18.000000000000014,-11.116839999807926,-0.991270019178284
toddler,幼儿,common,18.100000000000016,-11.077331134435159,-0.9539125315361687
toddler,幼儿,common,18.200000000000014,-11.03814936171162,-0.9168884672456112
toddler,幼儿,common,18.300000000000015,-10.99929582479847,-0.8801983928105788
toddler,幼儿,common,18.400000000000013,-10.960771666856887,-0.8438428747350368
toddler,幼儿,common,18.500000000000014,-10.922578031048033,-0.8078224795229492
toddler,幼儿,common,18.600000000000016,-10.884716060533087,-0.7721377736782795
toddler,幼儿,common,18.700000000000014,-10.847186898473213,-0.736789323704997
toddler,幼儿,common,18.800000000000015,-10.809991688029585,-0.7017776961070634
toddler,幼儿,common,18.900000000000016,-10.773131572363368,-0.667103457388448
toddler,幼儿,common,19.000000000000014,-10.736607694635737,-0.6327671740531127
toddler,幼儿,common,19.100000000000016,-10.70042119800786,-0.5987694126050247
toddler,幼儿,common,19.200000000000017,-10.664573225640908,-0.5651107395481496
toddler,幼儿,common,19.300000000000015,-10.629064920696049,-0.5317917213864511
toddler,幼儿,common,19.400000000000016,-10.593897426334456,-0.49881292462389304
toddler,幼儿,common,19.500000000000014,-10.559071885717296,-0.46617491576444614
toddler,幼儿,common,19.600000000000016,-10.524589442005741,-0.43387826131206886
toddler,幼儿,common,19.700000000000017,-10.490451238360961,-0.40192352777073204
toddler,幼儿,common,19.800000000000015,-10.456658417944126,-0.3703112816443994
toddler,幼儿,common,19.900000000000016,-10.423212123916406,-0.33904208943703473
toddler,幼儿,common,20.000000000000014,-10.390113499438971,-0.30811651765260706
toddler,幼儿,common,20.100000000000016,-10.357363687672992,-0.27753513279507835
toddler,幼儿,common,20.200000000000017,-10.324963831779636,-0.24729850136841058
toddler,幼儿,common,20.300000000000015,-10.292915074920074,-0.21740718987657814
toddler,幼儿,common,20.400000000000016,-10.26121856025548,-0.18786176482353945
toddler,幼儿,common,20.500000000000018,-10.22987543094702,-0.15866279271326178
toddler,幼儿,common,20.600000000000016,-10.198886830155868,-0.12981084004971066
toddler,幼儿,common,20.700000000000017,-10.168253901043188,-0.10130647333684983
toddler,幼儿,common,20.80000000000002,-10.137977786770156,-0.07315025907865014
toddler,幼儿,common,20.900000000000016,-10.108059630497937,-0.04534276377906998
toddler,幼儿,common,21.000000000000018,-10.078500575387707,-0.017884553942074888
toddler,幼儿,common,21.100000000000016,-10.049301764600633,0.009223803928364305
toddler,幼儿,common,21.200000000000017,-10.020464341297883,0.03598174332828563
toddler,幼儿,common,21.30000000000002,-9.991989448640627,0.062388697753723577
toddler,幼儿,common,21.400000000000016,-9.96387822979004,0.08844410070071262
toddler,幼儿,common,21.500000000000018,-9.936131827907289,0.11414738566528904
toddler,幼儿,common,21.600000000000016,-9.908751386153543,0.13949798614348552
toddler,幼儿,common,21.700000000000017,-9.881738047689977,0.16449533563133656
toddler,幼儿,common,21.80000000000002,-9.855092955677755,0.18913886762487664
toddler,幼儿,common,21.900000000000016,-9.828817253278048,0.21342801562014024
toddler,幼儿,common,22.000000000000018,-9.80291208365203,0.2373622131131654
toddler,幼儿,common,22.10000000000002,-9.777378589960865,0.26094089359998307
toddler,幼儿,common,22.200000000000017,-9.752217915365732,0.28416349057663126
toddler,幼儿,common,22.30000000000002,-9.727431203027791,0.3070294375391427
toddler,幼儿,common,22.40000000000002,-9.70301959610822,0.32953816798355184
toddler,幼儿,common,22.500000000000018,-9.678984237768184,0.3516891154058932
toddler,幼儿,common,22.60000000000002,-9.655326271168855,0.37348171330220126
toddler,幼儿,common,22.700000000000017,-9.632046839471407,0.39491539516851404
toddler,幼儿,common,22.80000000000002,-9.609147085837003,0.4159895945008607
toddler,幼儿,common,22.90000000000002,-9.586628153426815,0.43670374479528107
toddler,幼儿,common,23.000000000000018,-9.564491185402014,0.4570572795478043
toddler,幼儿,common,23.10000000000002,-9.542737324923774,0.47704963225447017
toddler,幼儿,common,23.200000000000017,-9.521367715153259,0.496680236411315
toddler,幼儿,common,23.30000000000002,-9.500383499251646,0.5159485255143679
toddler,幼儿,common,23.40000000000002,-9.479785820380096,0.5348539330596651
toddler,幼儿,common,23.500000000000018,-9.459575821699785,0.5533958925432394
toddler,幼儿,common,23.60000000000002,-9.439754646371881,0.5715738374611288
toddler,幼儿,common,23.70000000000002,-9.420323437557556,0.5893872013093695
toddler,幼儿,common,23.80000000000002,-9.40128333841798,0.6068354175839907
toddler,幼儿,common,23.90000000000002,-9.38263549211432,0.6239179197810323
toddler,幼儿,common,24.00000000000002,-9.364381041807748,0.6406341413965322
toddler,幼儿,common,24.10000000000002,-9.346521130659436,0.6569835159265107
toddler,幼儿,common,24.20000000000002,-9.329056901830555,0.6729654768670184
toddler,幼儿,common,24.30000000000002,-9.311989498482268,0.6885794577140789
toddler,幼儿,common,24.40000000000002,-9.295320063775751,0.7038248919637304
toddler,幼儿,common,24.50000000000002,-9.279049740872171,0.7187012131120127
toddler,幼儿,common,24.60000000000002,-9.2631796729327,0.7332078546549514
toddler,幼儿,common,24.70000000000002,-9.24771100311851,0.7473442500885898
toddler,幼儿,common,24.80000000000002,-9.232644874590768,0.761109832908959
toddler,幼儿,common,24.90000000000002,-9.217982430510645,0.7745040366120914
toddler,幼儿,common,25.00000000000002,-9.203724814039312,0.7875262946940251
toddler,幼儿,common,25.10000000000002,-9.197009161081592,0.7945303490317587
toddler,幼儿,common,25.20000000000002,-9.190442738646087,0.8013787641944123
toddler,幼儿,common,25.300000000000022,-9.184023869985362,0.8080732889367622
toddler,幼儿,common,25.40000000000002,-9.177750878351972,0.8146156720135841
toddler,幼儿,common,25.50000000000002,-9.17162208699848,0.8210076621796546
toddler,幼儿,common,25.600000000000023,-9.165635819177442,0.8272510081897497
toddler,幼儿,common,25.70000000000002,-9.159790398141421,0.8333474587986455
toddler,幼儿,common,25.800000000000022,-9.154084147142973,0.8392987627611185
toddler,幼儿,common,25.90000000000002,-9.148515389434658,0.8451066688319444
toddler,幼儿,common,26.00000000000002,-9.143082448269038,0.8507729257658997
toddler,幼儿,common,26.100000000000023,-9.137783646898667,0.8562992823177608
toddler,幼儿,common,26.20000000000002,-9.132617308576108,0.8616874872423033
toddler,幼儿,common,26.300000000000022,-9.127581756553923,0.8669392892943039
toddler,幼儿,common,26.40000000000002,-9.122675314084663,0.8720564372285383
toddler,幼儿,common,26.50000000000002,-9.117896304420897,0.8770406797997832
toddler,幼儿,common,26.600000000000023,-9.113243050815178,0.8818937657628145
toddler,幼儿,common,26.70000000000002,-9.108713876520069,0.8866174438724083
toddler,幼儿,common,26.800000000000022,-9.104307104788127,0.891213462883341
toddler,幼儿,common,26.900000000000023,-9.100021058871912,0.8956835715503888
toddler,幼儿,common,27.00000000000002,-9.095854062023983,0.9000295186283275
toddler,幼儿,common,27.100000000000023,-9.091804437496899,0.9042530528719337
toddler,幼儿,common,27.200000000000024,-9.087870508543222,0.9083559230359834
toddler,幼儿,common,27.300000000000022,-9.084050598415507,0.9123398778752528
toddler,幼儿,common,27.400000000000023,-9.080343030366318,0.9162066661445181
toddler,幼儿,common,27.50000000000002,-9.076746127648212,0.9199580365985552
toddler,幼儿,common,27.600000000000023,-9.073258213513746,0.9235957379921409
toddler,幼儿,common,27.700000000000024,-9.069877611215484,0.9271215190800509
toddler,幼儿,common,27.800000000000022,-9.066602644005982,0.9305371286170615
toddler,幼儿,common,27.900000000000023,-9.063431635137801,0.9338443153579489
toddler,幼儿,common,28.00000000000002,-9.0603629078635,0.9370448280574891
toddler,幼儿,common,28.100000000000023,-9.057394785435637,0.9401404154704587
toddler,幼儿,common,28.200000000000024,-9.054525591106772,0.9431328263516334
toddler,幼儿,common,28.300000000000022,-9.051753648129468,0.9460238094557898
toddler,幼儿,common,28.400000000000023,-9.049077279756279,0.9488151135377039
toddler,幼儿,common,28.500000000000025,-9.046494809239766,0.9515084873521518
toddler,幼儿,common,28.600000000000023,-9.04400455983249,0.9541056796539097
toddler,幼儿,common,28.700000000000024,-9.04160485478701,0.9566084391977538
toddler,幼儿,common,28.800000000000026,-9.039294017355884,0.9590185147384604
toddler,幼儿,common,28.900000000000023,-9.037070370791673,0.9613376550308057
toddler,幼儿,common,29.000000000000025,-9.034932238346933,0.9635676088295656
toddler,幼儿,common,29.100000000000023,-9.032877943274228,0.9657101248895166
toddler,幼儿,common,29.200000000000024,-9.03090580882611,0.9677669519654346
toddler,幼儿,common,29.300000000000026,-9.029014158255148,0.969739838812096
toddler,幼儿,common,29.400000000000023,-9.027201314813896,0.9716305341842768
toddler,幼儿,common,29.500000000000025,-9.025465601754913,0.9734407868367534
toddler,幼儿,common,29.600000000000023,-9.02380534233076,0.9751723455243018
toddler,幼儿,common,29.700000000000024,-9.022218859793995,0.9768269590016982
toddler,幼儿,common,29.800000000000026,-9.02070447739718,0.9784063760237189
toddler,幼儿,common,29.900000000000023,-9.019260518392873,0.9799123453451399
toddler,幼儿,common,30.000000000000025,-9.01788530603363,0.9813466157207377
toddler,幼儿,common,30.100000000000026,-9.016577163572013,0.9827109359052881
toddler,幼儿,common,30.200000000000024,-9.015334414260582,0.9840070546535675
toddler,幼儿,common,30.300000000000026,-9.014155381351898,0.9852367207203521
toddler,幼儿,common,30.400000000000027,-9.013038388098515,0.9864016828604178
toddler,幼儿,common,30.500000000000025,-9.011981757752999,0.9875036898285411
toddler,幼儿,common,30.600000000000026,-9.010983813567902,0.988544490379498
toddler,幼儿,common,30.700000000000024,-9.01004287879579,0.9895258332680649
toddler,幼儿,common,30.800000000000026,-9.009157276689217,0.9904494672490177
toddler,幼儿,common,30.900000000000027,-9.008325330500746,0.9913171410771329
toddler,幼儿,common,31.000000000000025,-9.007545363482937,0.9921306035071862
toddler,幼儿,common,31.100000000000026,-9.006815698888346,0.9928916032939543
toddler,幼儿,common,31.200000000000024,-9.006134659969536,0.993601889192213
toddler,幼儿,common,31.300000000000026,-9.005500569979061,0.9942632099567388
toddler,幼儿,common,31.400000000000027,-9.004911752169486,0.9948773143423076
toddler,幼儿,common,31.500000000000025,-9.004366529793366,0.9954459511036957
toddler,幼儿,common,31.600000000000026,-9.003863226103263,0.9959708689956794
toddler,幼儿,common,31.700000000000028,-9.003400164351737,0.9964538167730347
toddler,幼儿,common,31.800000000000026,-9.002975667791345,0.9968965431905379
toddler,幼儿,common,31.900000000000027,-9.002588059674647,0.9973007970029649
toddler,幼儿,common,32.00000000000003,-9.002235663254204,0.9976683269650922
toddler,幼儿,common,32.10000000000002,-9.001916801782572,0.9980008818316959
toddler,幼儿,common,32.20000000000003,-9.001629798512315,0.9983002103575523
toddler,幼儿,common,32.300000000000026,-9.001372976695988,0.9985680612974372
toddler,幼儿,common,32.40000000000003,-9.001144659586151,0.9988061834061273
toddler,幼儿,common,32.50000000000003,-9.000943170435368,0.9990163254383984
toddler,幼儿,common,32.60000000000002,-9.000766832496192,0.9992002361490266
toddler,幼儿,common,32.70000000000003,-9.000613969021186,0.9993596642927884
toddler,幼儿,common,32.800000000000026,-9.000482903262908,0.99949635862446
toddler,幼儿,common,32.90000000000003,-9.000371958473918,0.9996120678988172
toddler,幼儿,common,33.00000000000003,-9.000279457906775,0.9997085408706365
toddler,幼儿,common,33.10000000000002,-9.000203724814039,0.9997875262946941
toddler,幼儿,common,33.20000000000003,-9.000143082448268,0.999850772925766
toddler,幼儿,common,33.300000000000026,-9.000095854062025,0.9999000295186283
toddler,幼儿,common,33.40000000000003,-9.000060362907863,0.9999370448280575
toddler,幼儿,common,33.50000000000003,-9.000034932238346,0.9999635676088295
toddler,幼儿,common,33.60000000000003,-9.000017885306033,0.9999813466157207
toddler,幼儿,common,33.70000000000003,-9.000007545363482,0.9999921306035072
toddler,幼儿,common,33.800000000000026,-9.000002235663255,0.999997668326965
toddler,幼儿,common,33.90000000000003,-9.000000279457907,0.9999997085408706
toddler,幼儿,common,34.00000000000003,-9.0,1.0
toddler,幼儿,common,34.10000000000003,-9.0,1.0
toddler,幼儿,common,34.20000000000003,-9.0,1.0
toddler,幼儿,common,34.300000000000026,-9.0,1.0
toddler,幼儿,common,34.40000000000003,-9.0,1.0
toddler,幼儿,common,34.50000000000003,-9.0,1.0
toddler,幼儿,common,34.60000000000003,-9.0,1.0
toddler,幼儿,common,34.70000000000003,-9.0,1.0
toddler,幼儿,common,34.800000000000026,-9.0,1.0
toddler,幼儿,common,34.90000000000003,-9.0,1.0
toddler,幼儿,common,35.00000000000003,-9.0,1.0
toddler,幼儿,common,35.10000000000003,-9.0,1.0
toddler,幼儿,common,35.20000000000003,-9.0,1.0
toddler,幼儿,common,35.30000000000003,-9.0,1.0
toddler,幼儿,common,35.40000000000003,-9.0,1.0
toddler,幼儿,common,35.50000000000003,-9.0,1.0
toddler,幼儿,common,35.60000000000003,-9.0,1.0
toddler,幼儿,common,35.70000000000003,-9.0,1.0
toddler,幼儿,common,35.80000000000003,-9.0,1.0
toddler,幼儿,common,35.90000000000003,-9.0,1.0
toddler,幼儿,common,36.00000000000003,-9.0,1.0
toddler,幼儿,common,36.10000000000003,-9.0,1.0
toddler,幼儿,common,36.20000000000003,-9.0,1.0
toddler,幼儿,common,36.30000000000003,-9.0,1.0
toddler,幼儿,common,36.400000000000034,-9.0,1.0
toddler,幼儿,common,36.50000000000003,-9.0,1.0
toddler,幼儿,common,36.60000000000003,-9.0,1.0
toddler,幼儿,common,36.70000000000003,-9.0,1.0
toddler,幼儿,common,36.80000000000003,-9.0,1.0
toddler,幼儿,common,36.900000000000034,-9.0,1.0
toddler,幼儿,common,37.00000000000003,-9.0,1.0
toddler,幼儿,common,37.10000000000003,-9.0,1.0
toddler,幼儿,common,37.20000000000003,-9.0,1.0
toddler,幼儿,common,37.30000000000003,-9.0,1.0
toddler,幼儿,common,37.400000000000034,-9.0,1.0
toddler,幼儿,common,37.50000000000003,-9.0,1.0
toddler,幼儿,common,37.60000000000003,-9.0,1.0
toddler,幼儿,common,37.70000000000003,-9.0,1.0
toddler,幼儿,common,37.80000000000003,-9.0,1.0
toddler,幼儿,common,37.900000000000034,-9.0,1.0
toddler,幼儿,common,38.00000000000003,-9.0,1.0
toddler,幼儿,common,38.10000000000003,-9.0,1.0
toddler,幼儿,common,38.20000000000003,-9.0,1.0
toddler,幼儿,common,38.30000000000003,-9.0,1.0
toddler,幼儿,common,38.400000000000034,-9.0,1.0
toddler,幼儿,common,38.500000000000036,-9.0,1.0
toddler,幼儿,common,38.60000000000003,-9.0,1.0
toddler,幼儿,common,38.70000000000003,-9.0,1.0
toddler,幼儿,common,38.80000000000003,-9.0,1.0
toddler,幼儿,common,38.900000000000034,-9.0,1.0
toddler,幼儿,common,39.000000000000036,-9.0,1.0
toddler,幼儿,common,39.10000000000003,-9.0,1.0
toddler,幼儿,common,39.20000000000003,-9.0,1.0
toddler,幼儿,common,39.30000000000003,-9.0,1.0
toddler,幼儿,common,39.400000000000034,-9.0,1.0
toddler,幼儿,common,39.500000000000036,-9.0,1.0
toddler,幼儿,common,39.60000000000004,-9.0,1.0
toddler,幼儿,common,39.70000000000003,-9.0,1.0
toddler,幼儿,common,39.80000000000003,-9.0,1.0
toddler,幼儿,common,39.900000000000034,-9.0,1.0
toddler,幼儿,common,40.000000000000036,-9.0,1.0
toddler,幼儿,common,40.10000000000004,-9.0,1.0
toddler,幼儿,common,40.20000000000003,-9.0,1.0
toddler,幼儿,common,40.30000000000003,-9.0,1.0
toddler,幼儿,common,40.400000000000034,-9.0,1.0
toddler,幼儿,common,40.500000000000036,-9.0,1.0
toddler,幼儿,common,40.60000000000004,-9.0,1.0
toddler,幼儿,common,40.70000000000003,-9.0,1.0
toddler,幼儿,common,40.80000000000003,-9.0,1.0
toddler,幼儿,common,40.900000000000034,-9.0,1.0
toddler,幼儿,common,41.000000000000036,-9.0,1.0
toddler,幼儿,common,41.10000000000004,-9.0,1.0
toddler,幼儿,common,41.20000000000003,-9.0,1.0
toddler,幼儿,common,41.30000000000003,-9.0,1.0
toddler,幼儿,common,41.400000000000034,-9.0,1.0
toddler,幼儿,common,41.500000000000036,-9.0,1.0
toddler,幼儿,common,41.60000000000004,-9.0,1.0
toddler,幼儿,common,41.70000000000004,-9.0,1.0
toddler,幼儿,common,41.80000000000003,-9.0,1.0
toddler,幼儿,common,41.900000000000034,-9.0,1.0
toddler,幼儿,common,42.000000000000036,-9.0,1.0
toddler,幼儿,common,42.10000000000004,-9.0,1.0
toddler,幼儿,common,42.20000000000004,-9.0,1.0
toddler,幼儿,common,42.30000000000003,-9.0,1.0
toddler,幼儿,common,42.400000000000034,-9.0,1.0
toddler,幼儿,common,42.500000000000036,-9.0,1.0
toddler,幼儿,common,42.60000000000004,-9.0,1.0
toddler,幼儿,common,42.70000000000004,-9.0,1.0
toddler,幼儿,common,42.80000000000004,-9.0,1.0
toddler,幼儿,common,42.900000000000034,-9.0,1.0
toddler,幼儿,common,43.000000000000036,-9.0,1.0
toddler,幼儿,common,43.10000000000004,-9.0,1.0
toddler,幼儿,common,43.20000000000004,-9.0,1.0
toddler,幼儿,common,43.30000000000004,-9.0,1.0
toddler,幼儿,common,43.400000000000034,-9.0,1.0
toddler,幼儿,common,43.500000000000036,-9.0,1.0
toddler,幼儿,common,43.60000000000004,-9.0,1.0
toddler,幼儿,common,43.70000000000004,-9.0,1.0
toddler,幼儿,common,43.80000000000004,-9.0,1.0
toddler,幼儿,common,43.900000000000034,-9.0,1.0
toddler,幼儿,common,44.000000000000036,-9.0,1.0
toddler,幼儿,common,44.10000000000004,-9.0,1.0
toddler,幼儿,common,44.20000000000004,-9.0,1.0
toddler,幼儿,common,44.30000000000004,-9.0,1.0
toddler,幼儿,common,44.400000000000034,-9.0,1.0
toddler,幼儿,common,44.500000000000036,-9.0,1.0
toddler,幼儿,common,44.60000000000004,-9.0,1.0
toddler,幼儿,common,44.70000000000004,-9.0,1.0
toddler,幼儿,common,44.80000000000004,-9.0,1.0
toddler,幼儿,common,44.90000000000004,-9.0,1.0
toddler,幼儿,common,45.000000000000036,-9.0,1.0
toddler,幼儿,common,45.10000000000004,-9.0,1.0
toddler,幼儿,common,45.20000000000004,-9.0,1.0
toddler,幼儿,common,45.30000000000004,-9.0,1.0
toddler,幼儿,common,45.40000000000004,-9.0,1.0
toddler,幼儿,common,45.500000000000036,-9.0,1.0
toddler,幼儿,common,45.60000000000004,-9.0,1.0
toddler,幼儿,common,45.70000000000004,-9.0,1.0
toddler,幼儿,common,45.80000000000004,-9.0,1.0
toddler,幼儿,common,45.90000000000004,-9.0,1.0
toddler,幼儿,common,46.00000000000004,-9.0,1.0
toddler,幼儿,common,46.10000000000004,-9.0,1.0
toddler,幼儿,common,46.20000000000004,-9.0,1.0
toddler,幼儿,common,46.30000000000004,-9.0,1.0
toddler,幼儿,common,46.40000000000004,-9.0,1.0
toddler,幼儿,common,46.50000000000004,-9.0,1.0
toddler,幼儿,common,46.60000000000004,-9.0,1.0
toddler,幼儿,common,46.70000000000004,-9.0,1.0
toddler,幼儿,common,46.80000000000004,-9.0,1.0
toddler,幼儿,common,46.90000000000004,-9.0,1.0
toddler,幼儿,common,47.00000000000004,-9.0,1.0
toddler,幼儿,common,47.10000000000004,-9.0,1.0
toddler,幼儿,common,47.20000000000004,-9.0,1.0
toddler,幼儿,common,47.30000000000004,-9.0,1.0
toddler,幼儿,common,47.40000000000004,-9.0,1.0
toddler,幼儿,common,47.50000000000004,-9.0,1.0
toddler,幼儿,common,47.60000000000004,-9.0,1.0
toddler,幼儿,common,47.70000000000004,-9.0,1.0
toddler,幼儿,common,47.80000000000004,-9.0,1.0
toddler,幼儿,common,47.90000000000004,-9.0,1.0
toddler,幼儿,common,48.00000000000004,-9.0,1.0
toddler,幼儿,common,48.100000000000044,-9.0,1.0
toddler,幼儿,common,48.20000000000004,-9.0,1.0
toddler,幼儿,common,48.30000000000004,-9.0,1.0
toddler,幼儿,common,48.40000000000004,-9.0,1.0
toddler,幼儿,common,48.50000000000004,-9.0,1.0
toddler,幼儿,common,48.600000000000044,-9.0,1.0
toddler,幼儿,common,48.70000000000004,-9.0,1.0
toddler,幼儿,common,48.80000000000004,-9.0,1.0
toddler,幼儿,common,48.90000000000004,-9.0,1.0
toddler,幼儿,common,49.00000000000004,-9.0,1.0
toddler,幼儿,common,49.100000000000044,-9.0,1.0
toddler,幼儿,common,49.200000000000045,-9.0,1.0
toddler,幼儿,common,49.30000000000004,-9.0,1.0
toddler,幼儿,common,49.40000000000004,-9.0,1.0
toddler,幼儿,common,49.50000000000004,-9.0,1.0
toddler,幼儿,common,49.600000000000044,-9.0,1.0
toddler,幼儿,common,49.700000000000045,-9.0,1.0
toddler,幼儿,common,49.80000000000004,-9.0,1.0
toddler,幼儿,common,49.90000000000004,-9.0,1.0
toddler,幼儿,common,50.00000000000004,-9.0,1.0
car,气球车,common,5.0,-3.0900584795321633,8.90994152046784
car,气球车,common,7.0,-1.3599243206054341,10.640075679394569
car,气球车,common,9.0,0.24056587547299646,12.240565875473003
car,气球车,common,11.0,1.7132094943240466,13.713209494324051
car,气球车,common,13.0,3.0598039215686272,15.059803921568633
car,气球车,common,15.0,4.282146542827657,16.282146542827665
car,气球车,common,17.0,5.3820347437220475,17.382034743722055
car,气球车,common,19.0,6.36126590987272,18.361265909872724
car,气球车,common,21.0,7.221637426900583,19.22163742690059
car,气球车,common,23.0,7.9649466804265545,19.96494668042656
car,气球车,common,25.0,8.592991056071547,20.592991056071554
car,气球车,common,27.0,9.10756793945648,21.107567939456487
car,气球车,common,29.0,9.510474716202268,21.51047471620227
car,气球车,common,31.0,9.803508771929824,21.803508771929828
car,气球车,common,33.0,9.98846749226006,21.988467492260064
car,气球车,common,35.0,10.0,22.0
car,气球车,common,37.0,10.0,22.0
car,气球车,common,39.0,10.0,22.0
car,气球车,common,41.0,10.0,22.0
car,气球车,common,43.0,10.0,22.0
car,气球车,common,45.0,10.0,22.0
car,气球车,common,47.0,10.0,22.0
car,气球车,common,49.0,10.0,22.0
car,气球车,common,51.0,10.0,22.0
evt_balloon_car,EVT气球车,common,5.0,-3.0,10.0
evt_balloon_car,EVT气球车,common,7.0,-1.0,11.2
evt_balloon_car,EVT气球车,common,9.0,1.0,12.4
evt_balloon_car,EVT气球车,common,11.0,2.6,13.7
evt_balloon_car,EVT气球车,common,13.0,3.8,15.1
evt_balloon_car,EVT气球车,common,15.0,5.0,16.5
evt_balloon_car,EVT气球车,common,17.0,6.2,17.9
evt_balloon_car,EVT气球车,common,19.0,7.3999999999999995,19.3
evt_balloon_car,EVT气球车,common,21.0,8.2,20.2
evt_balloon_car,EVT气球车,common,23.0,8.6,20.6
evt_balloon_car,EVT气球车,common,25.0,9.0,21.0
evt_balloon_car,EVT气球车,common,27.0,9.4,21.4
evt_balloon_car,EVT气球车,common,29.0,9.8,21.8
evt_balloon_car,EVT气球车,common,31.0,10.0,22.1
evt_balloon_car,EVT气球车,common,33.0,10.0,22.3
evt_balloon_car,EVT气球车,common,35.0,10.0,22.5
evt_balloon_car,EVT气球车,common,37.0,10.0,22.7
evt_balloon_car,EVT气球车,common,39.0,10.0,22.9
evt_balloon_car,EVT气球车,common,41.0,10.0,23.0
evt_balloon_car,EVT气球车,common,43.0,10.0,23.0
evt_balloon_car,EVT气球车,common,45.0,10.0,23.0
evt_balloon_car,EVT气球车,common,47.0,10.0,23.0
evt_balloon_car,EVT气球车,common,49.0,10.0,23.0
evt_balloon_car,EVT气球车,common,51.0,10.0,23.0
bicycle,自行车,0度,1.0,-19.478768875159524,-9.478768875159515
bicycle,自行车,0度,2.0,-18.41381163992292,-8.41381163992291
bicycle,自行车,0度,3.0,-17.407611864908958,-7.407611864908951
bicycle,自行车,0度,4.0,-16.45813345021522,-6.458133450215216
bicycle,自行车,0度,5.0,-15.563340295939293,-5.5633402959392875
bicycle,自行车,0度,6.0,-14.721196302178747,-4.721196302178743
bicycle,自行车,0度,7.0,-13.929665369031166,-3.929665369031163
bicycle,自行车,0度,8.0,-13.186711396594129,-3.186711396594127
bicycle,自行车,0度,9.0,-12.490298284965217,-2.490298284965215
bicycle,自行车,0度,10.0,-11.838389934242006,-1.8383899342420076
bicycle,自行车,0度,11.0,-11.22895024452208,-1.2289502445220801
bicycle,自行车,0度,12.0,-10.659943115903017,-0.6599431159030171
bicycle,自行车,0度,13.0,-10.129332448482396,-0.12933244848239767
bicycle,自行车,0度,14.0,-9.635082142357795,0.36491785764220275
bicycle,自行车,0度,15.0,-9.175156097626799,0.8248439023731979
bicycle,自行车,0度,16.0,-8.747518214386982,1.2524817856130124
bicycle,自行车,0度,17.0,-8.35013239273593,1.649867607264067
bicycle,自行车,0度,18.0,-7.9809625327712155,2.0190374672287774
bicycle,自行车,0度,19.0,-7.637972534590421,2.3620274654095716
bicycle,自行车,0度,20.0,-7.319126298291131,2.6808737017088635
bicycle,自行车,0度,21.0,-7.022387723970915,2.9776122760290757
bicycle,自行车,0度,22.0,-6.745720711727364,3.2542792882726292
bicycle,自行车,0度,23.0,-6.48708916165805,3.512910838341943
bicycle,自行车,0度,24.0,-6.244456973860554,3.7555430261394367
bicycle,自行车,0度,25.0,-6.01578804843246,3.9842119515675325
bicycle,自行车,0度,26.0,-5.799046285471345,4.20095371452865
bicycle,自行车,0度,27.0,-5.5921955850747835,4.407804414925209
bicycle,自行车,0度,28.0,-5.393199847340362,4.606800152659632
bicycle,自行车,0度,29.0,-5.200022972365659,4.799977027634334
bicycle,自行车,0度,30.0,-5.010628860248248,4.989371139751741
bicycle,自行车,0度,31.0,-4.822981411085719,5.177018588914272
bicycle,自行车,0度,32.0,-4.635044524975648,5.364955475024347
bicycle,自行车,0度,33.0,-4.4447821020156155,5.555217897984386
bicycle,自行车,0度,34.0,-4.250158042303191,5.749841957696807
bicycle,自行车,0度,35.0,-4.049136245935962,5.950863754064033
bicycle,自行车,0度,36.0,-3.839680613011513,6.160319386988485
bicycle,自行车,0度,37.0,-3.6197550436274177,6.380244956372584
bicycle,自行车,0度,38.0,-3.3873234378812533,6.612676562118745
bicycle,自行车,0度,39.0,-3.1403496958706114,6.85965030412939
bicycle,自行车,0度,40.0,-2.8767977176930586,7.123202282306947
bicycle,自行车,0度,41.0,-2.5946314034461864,7.405368596553833
bicycle,自行车,0度,42.0,-2.291814653227558,7.708185346772462
bicycle,自行车,0度,43.0,-1.966311367134761,8.033688632865259
bicycle,自行车,0度,44.0,-1.6160854452653801,8.38391455473464
bicycle,自行车,0度,45.0,-1.2391007877169926,8.760899212283027
bicycle,自行车,0度,46.0,-0.8333212945871864,9.166678705412844
bicycle,自行车,0度,47.0,-0.39671086597351746,9.603289134026502
bicycle,自行车,0度,48.0,0.0727665980264085,10.072766598026446
bicycle,自行车,0度,49.0,0.5771471973150284,10.577147197315073
bicycle,自行车,0度,50.0,1.1184670317947578,11.118467031794806
bicycle,自行车,0度,51.0,1.6987622013680195,11.698762201368067
bicycle,自行车,0度,52.0,2.3200688059372254,12.32006880593728
bicycle,自行车,30度,1.0,-19.478768875159524,-9.478768875159515
bicycle,自行车,30度,2.0,-18.41381163992292,-8.41381163992291
bicycle,自行车,30度,3.0,-17.407611864908958,-7.407611864908951
bicycle,自行车,30度,4.0,-16.45813345021522,-6.458133450215216
bicycle,自行车,30度,5.0,-15.563340295939293,-5.5633402959392875
bicycle,自行车,30度,6.0,-14.721196302178747,-4.721196302178743
bicycle,自行车,30度,7.0,-13.929665369031166,-3.929665369031163
bicycle,自行车,30度,8.0,-13.186711396594129,-3.186711396594127
bicycle,自行车,30度,9.0,-12.490298284965217,-2.490298284965215
bicycle,自行车,30度,10.0,-11.838389934242006,-1.8383899342420076
bicycle,自行车,30度,11.0,-11.22895024452208,-1.2289502445220801
bicycle,自行车,30度,12.0,-10.659943115903017,-0.6599431159030171
bicycle,自行车,30度,13.0,-10.129332448482396,-0.12933244848239767
bicycle,自行车,30度,14.0,-9.635082142357795,0.36491785764220275
bicycle,自行车,30度,15.0,-9.175156097626799,0.8248439023731979
bicycle,自行车,30度,16.0,-8.747518214386982,1.2524817856130124
bicycle,自行车,30度,17.0,-8.35013239273593,1.649867607264067
bicycle,自行车,30度,18.0,-7.9809625327712155,2.0190374672287774
bicycle,自行车,30度,19.0,-7.637972534590421,2.3620274654095716
bicycle,自行车,30度,20.0,-7.319126298291131,2.6808737017088635
bicycle,自行车,30度,21.0,-7.022387723970915,2.9776122760290757
bicycle,自行车,30度,22.0,-6.745720711727364,3.2542792882726292
bicycle,自行车,30度,23.0,-6.48708916165805,3.512910838341943
bicycle,自行车,30度,24.0,-6.244456973860554,3.7555430261394367
bicycle,自行车,30度,25.0,-6.01578804843246,3.9842119515675325
bicycle,自行车,30度,26.0,-5.799046285471345,4.20095371452865
bicycle,自行车,30度,27.0,-5.5921955850747835,4.407804414925209
bicycle,自行车,30度,28.0,-5.393199847340362,4.606800152659632
bicycle,自行车,30度,29.0,-5.200022972365659,4.799977027634334
bicycle,自行车,30度,30.0,-5.010628860248248,4.989371139751741
bicycle,自行车,30度,31.0,-4.822981411085719,5.177018588914272
bicycle,自行车,30度,32.0,-4.635044524975648,5.364955475024347
bicycle,自行车,30度,33.0,-4.4447821020156155,5.555217897984386
bicycle,自行车,30度,34.0,-4.250158042303191,5.749841957696807
bicycle,自行车,30度,35.0,-4.049136245935962,5.950863754064033
bicycle,自行车,30度,36.0,-3.839680613011513,6.160319386988485
bicycle,自行车,30度,37.0,-3.6197550436274177,6.380244956372584
bicycle,自行车,30度,38.0,-3.3873234378812533,6.612676562118745
bicycle,自行车,30度,39.0,-3.1403496958706114,6.85965030412939
bicycle,自行车,30度,40.0,-2.8767977176930586,7.123202282306947
bicycle,自行车,30度,41.0,-2.5946314034461864,7.405368596553833
bicycle,自行车,30度,42.0,-2.291814653227558,7.708185346772462
bicycle,自行车,30度,43.0,-1.966311367134761,8.033688632865259
bicycle,自行车,30度,44.0,-1.6160854452653801,8.383914554734638
bicycle,自行车,30度,45.0,-1.2391007877169926,8.760899212283027
bicycle,自行车,30度,46.0,-0.8333212945871864,9.166678705412844
bicycle,自行车,30度,47.0,-0.39671086597351746,9.603289134026502
bicycle,自行车,30度,48.0,0.0727665980264085,10.072766598026446
bicycle,自行车,30度,49.0,0.5771471973150284,10.577147197315073
bicycle,自行车,30度,50.0,1.1184670317947578,11.118467031794806
bicycle,自行车,30度,51.0,1.6987622013680195,11.698762201368067
bicycle,自行车,30度,52.0,2.3200688059372254,12.32006880593728
bicycle,自行车,60度,1.0,-19.478768875159524,-9.478768875159515
bicycle,自行车,60度,2.0,-18.41381163992292,-8.41381163992291
bicycle,自行车,60度,3.0,-17.407611864908958,-7.407611864908951
bicycle,自行车,60度,4.0,-16.45813345021522,-6.458133450215216
bicycle,自行车,60度,5.0,-15.563340295939293,-5.5633402959392875
bicycle,自行车,60度,6.0,-14.721196302178747,-4.721196302178743
bicycle,自行车,60度,7.0,-13.929665369031166,-3.929665369031163
bicycle,自行车,60度,8.0,-13.186711396594129,-3.186711396594127
bicycle,自行车,60度,9.0,-12.490298284965217,-2.490298284965215
bicycle,自行车,60度,10.0,-11.838389934242006,-1.8383899342420076
bicycle,自行车,60度,11.0,-11.22895024452208,-1.2289502445220801
bicycle,自行车,60度,12.0,-10.659943115903017,-0.6599431159030171
bicycle,自行车,60度,13.0,-10.129332448482396,-0.12933244848239767
bicycle,自行车,60度,14.0,-9.635082142357795,0.36491785764220275
bicycle,自行车,60度,15.0,-9.175156097626799,0.8248439023731979
bicycle,自行车,60度,16.0,-8.747518214386982,1.2524817856130124
bicycle,自行车,60度,17.0,-8.35013239273593,1.649867607264067
bicycle,自行车,60度,18.0,-7.9809625327712155,2.0190374672287774
bicycle,自行车,60度,19.0,-7.637972534590421,2.3620274654095716
bicycle,自行车,60度,20.0,-7.319126298291131,2.6808737017088635
bicycle,自行车,60度,21.0,-7.022387723970915,2.9776122760290757
bicycle,自行车,60度,22.0,-6.745720711727364,3.2542792882726292
bicycle,自行车,60度,23.0,-6.48708916165805,3.512910838341943
bicycle,自行车,60度,24.0,-6.244456973860554,3.7555430261394367
bicycle,自行车,60度,25.0,-6.01578804843246,3.9842119515675325
bicycle,自行车,60度,26.0,-5.799046285471345,4.20095371452865
bicycle,自行车,60度,27.0,-5.5921955850747835,4.407804414925209
bicycle,自行车,60度,28.0,-5.393199847340362,4.606800152659632
bicycle,自行车,60度,29.0,-5.200022972365659,4.799977027634334
bicycle,自行车,60度,30.0,-5.010628860248248,4.989371139751741
bicycle,自行车,60度,31.0,-4.822981411085719,5.177018588914272
bicycle,自行车,60度,32.0,-4.635044524975648,5.364955475024347
bicycle,自行车,60度,33.0,-4.4447821020156155,5.555217897984386
bicycle,自行车,60度,34.0,-4.250158042303191,5.749841957696807
bicycle,自行车,60度,35.0,-4.049136245935962,5.950863754064033
bicycle,自行车,60度,36.0,-3.839680613011513,6.160319386988485
bicycle,自行车,60度,37.0,-3.6197550436274177,6.380244956372584
bicycle,自行车,60度,38.0,-3.3873234378812533,6.612676562118745
bicycle,自行车,60度,39.0,-3.1403496958706114,6.85965030412939
bicycle,自行车,60度,40.0,-2.8767977176930586,7.123202282306947
bicycle,自行车,60度,41.0,-2.5946314034461864,7.405368596553833
bicycle,自行车,60度,42.0,-2.291814653227558,7.708185346772462
bicycle,自行车,60度,43.0,-1.966311367134761,8.033688632865259
bicycle,自行车,60度,44.0,-1.6160854452653801,8.383914554734638
bicycle,自行车,60度,45.0,-1.2391007877169926,8.760899212283027
bicycle,自行车,60度,46.0,-0.8333212945871864,9.166678705412844
bicycle,自行车,60度,47.0,-0.39671086597351746,9.603289134026502
bicycle,自行车,60度,48.0,0.0727665980264085,10.072766598026446
bicycle,自行车,60度,49.0,0.5771471973150284,10.577147197315073
bicycle,自行车,60度,50.0,1.1184670317947578,11.118467031794806
bicycle,自行车,60度,51.0,1.6987622013680195,11.698762201368067
bicycle,自行车,60度,52.0,2.3200688059372254,12.32006880593728
bicycle,自行车,90度,1.0,-19.478768875159524,-9.478768875159515
bicycle,自行车,90度,2.0,-18.41381163992292,-8.41381163992291
bicycle,自行车,90度,3.0,-17.407611864908958,-7.407611864908951
bicycle,自行车,90度,4.0,-16.45813345021522,-6.458133450215216
bicycle,自行车,90度,5.0,-15.563340295939293,-5.5633402959392875
bicycle,自行车,90度,6.0,-14.721196302178747,-4.721196302178743
bicycle,自行车,90度,7.0,-13.929665369031166,-3.929665369031163
bicycle,自行车,90度,8.0,-13.186711396594129,-3.186711396594127
bicycle,自行车,90度,9.0,-12.490298284965217,-2.490298284965215
bicycle,自行车,90度,10.0,-11.838389934242006,-1.8383899342420076
bicycle,自行车,90度,11.0,-11.22895024452208,-1.2289502445220801
bicycle,自行车,90度,12.0,-10.659943115903017,-0.6599431159030171
bicycle,自行车,90度,13.0,-10.129332448482396,-0.12933244848239767
bicycle,自行车,90度,14.0,-9.635082142357795,0.36491785764220275
bicycle,自行车,90度,15.0,-9.175156097626799,0.8248439023731979
bicycle,自行车,90度,16.0,-8.747518214386982,1.2524817856130124
bicycle,自行车,90度,17.0,-8.35013239273593,1.649867607264067
bicycle,自行车,90度,18.0,-7.9809625327712155,2.0190374672287774
bicycle,自行车,90度,19.0,-7.637972534590421,2.3620274654095716
bicycle,自行车,90度,20.0,-7.319126298291131,2.6808737017088635
bicycle,自行车,90度,21.0,-7.022387723970915,2.9776122760290757
bicycle,自行车,90度,22.0,-6.745720711727364,3.2542792882726292
bicycle,自行车,90度,23.0,-6.48708916165805,3.512910838341943
bicycle,自行车,90度,24.0,-6.244456973860554,3.7555430261394367
bicycle,自行车,90度,25.0,-6.01578804843246,3.9842119515675325
bicycle,自行车,90度,26.0,-5.799046285471345,4.20095371452865
bicycle,自行车,90度,27.0,-5.5921955850747835,4.407804414925209
bicycle,自行车,90度,28.0,-5.393199847340362,4.606800152659632
bicycle,自行车,90度,29.0,-5.200022972365659,4.799977027634334
bicycle,自行车,90度,30.0,-5.010628860248248,4.989371139751741
bicycle,自行车,90度,31.0,-4.822981411085719,5.177018588914272
bicycle,自行车,90度,32.0,-4.635044524975648,5.364955475024347
bicycle,自行车,90度,33.0,-4.4447821020156155,5.555217897984386
bicycle,自行车,90度,34.0,-4.250158042303191,5.749841957696807
bicycle,自行车,90度,35.0,-4.049136245935962,5.950863754064033
bicycle,自行车,90度,36.0,-3.839680613011513,6.160319386988485
bicycle,自行车,90度,37.0,-3.6197550436274177,6.380244956372584
bicycle,自行车,90度,38.0,-3.3873234378812533,6.612676562118745
bicycle,自行车,90度,39.0,-3.1403496958706114,6.85965030412939
bicycle,自行车,90度,40.0,-2.8767977176930586,7.123202282306947
bicycle,自行车,90度,41.0,-2.5946314034461864,7.405368596553833
bicycle,自行车,90度,42.0,-2.291814653227558,7.708185346772462
bicycle,自行车,90度,43.0,-1.966311367134761,8.033688632865259
bicycle,自行车,90度,44.0,-1.6160854452653801,8.383914554734638
bicycle,自行车,90度,45.0,-1.2391007877169926,8.760899212283027
bicycle,自行车,90度,46.0,-0.8333212945871864,9.166678705412844
bicycle,自行车,90度,47.0,-0.39671086597351746,9.603289134026502
bicycle,自行车,90度,48.0,0.0727665980264085,10.072766598026446
bicycle,自行车,90度,49.0,0.5771471973150284,10.577147197315073
bicycle,自行车,90度,50.0,1.1184670317947578,11.118467031794806
bicycle,自行车,90度,51.0,1.6987622013680195,11.698762201368067
bicycle,自行车,90度,52.0,2.3200688059372254,12.32006880593728
bicycle,自行车,120度,1.0,-19.478768875159524,-9.478768875159515
bicycle,自行车,120度,2.0,-18.41381163992292,-8.41381163992291
bicycle,自行车,120度,3.0,-17.407611864908958,-7.407611864908951
bicycle,自行车,120度,4.0,-16.45813345021522,-6.458133450215216
bicycle,自行车,120度,5.0,-15.563340295939293,-5.5633402959392875
bicycle,自行车,120度,6.0,-14.721196302178747,-4.721196302178743
bicycle,自行车,120度,7.0,-13.929665369031166,-3.929665369031163
bicycle,自行车,120度,8.0,-13.186711396594129,-3.186711396594127
bicycle,自行车,120度,9.0,-12.490298284965217,-2.490298284965215
bicycle,自行车,120度,10.0,-11.838389934242006,-1.8383899342420076
bicycle,自行车,120度,11.0,-11.22895024452208,-1.2289502445220801
bicycle,自行车,120度,12.0,-10.659943115903017,-0.6599431159030171
bicycle,自行车,120度,13.0,-10.129332448482396,-0.12933244848239767
bicycle,自行车,120度,14.0,-9.635082142357795,0.36491785764220275
bicycle,自行车,120度,15.0,-9.175156097626799,0.8248439023731979
bicycle,自行车,120度,16.0,-8.747518214386982,1.2524817856130124
bicycle,自行车,120度,17.0,-8.35013239273593,1.649867607264067
bicycle,自行车,120度,18.0,-7.9809625327712155,2.0190374672287774
bicycle,自行车,120度,19.0,-7.637972534590421,2.3620274654095716
bicycle,自行车,120度,20.0,-7.319126298291131,2.6808737017088635
bicycle,自行车,120度,21.0,-7.022387723970915,2.9776122760290757
bicycle,自行车,120度,22.0,-6.745720711727364,3.2542792882726292
bicycle,自行车,120度,23.0,-6.48708916165805,3.512910838341943
bicycle,自行车,120度,24.0,-6.244456973860554,3.7555430261394367
bicycle,自行车,120度,25.0,-6.01578804843246,3.9842119515675325
bicycle,自行车,120度,26.0,-5.799046285471345,4.20095371452865
bicycle,自行车,120度,27.0,-5.5921955850747835,4.407804414925209
bicycle,自行车,120度,28.0,-5.393199847340362,4.606800152659632
bicycle,自行车,120度,29.0,-5.200022972365659,4.799977027634334
bicycle,自行车,120度,30.0,-5.010628860248248,4.989371139751741
bicycle,自行车,120度,31.0,-4.822981411085719,5.177018588914272
bicycle,自行车,120度,32.0,-4.635044524975648,5.364955475024347
bicycle,自行车,120度,33.0,-4.4447821020156155,5.555217897984386
bicycle,自行车,120度,34.0,-4.250158042303191,5.749841957696807
bicycle,自行车,120度,35.0,-4.049136245935962,5.950863754064033
bicycle,自行车,120度,36.0,-3.839680613011513,6.160319386988485
bicycle,自行车,120度,37.0,-3.6197550436274177,6.380244956372584
bicycle,自行车,120度,38.0,-3.3873234378812533,6.612676562118745
bicycle,自行车,120度,39.0,-3.1403496958706114,6.85965030412939
bicycle,自行车,120度,40.0,-2.8767977176930586,7.123202282306947
bicycle,自行车,120度,41.0,-2.5946314034461864,7.405368596553833
bicycle,自行车,120度,42.0,-2.291814653227558,7.708185346772462
bicycle,自行车,120度,43.0,-1.966311367134761,8.033688632865259
bicycle,自行车,120度,44.0,-1.6160854452653801,8.383914554734638
bicycle,自行车,120度,45.0,-1.2391007877169926,8.760899212283027
bicycle,自行车,120度,46.0,-0.8333212945871864,9.166678705412844
bicycle,自行车,120度,47.0,-0.39671086597351746,9.603289134026502
bicycle,自行车,120度,48.0,0.0727665980264085,10.072766598026446
bicycle,自行车,120度,49.0,0.5771471973150284,10.577147197315073
bicycle,自行车,120度,50.0,1.1184670317947578,11.118467031794806
bicycle,自行车,120度,51.0,1.6987622013680195,11.698762201368067
bicycle,自行车,120度,52.0,2.3200688059372254,12.32006880593728
bicycle,自行车,150度,1.0,-19.478768875159524,-9.478768875159515
bicycle,自行车,150度,2.0,-18.41381163992292,-8.41381163992291
bicycle,自行车,150度,3.0,-17.407611864908958,-7.407611864908951
bicycle,自行车,150度,4.0,-16.45813345021522,-6.458133450215216
bicycle,自行车,150度,5.0,-15.563340295939293,-5.5633402959392875
bicycle,自行车,150度,6.0,-14.721196302178747,-4.721196302178743
bicycle,自行车,150度,7.0,-13.929665369031166,-3.929665369031163
bicycle,自行车,150度,8.0,-13.186711396594129,-3.186711396594127
bicycle,自行车,150度,9.0,-12.490298284965217,-2.490298284965215
bicycle,自行车,150度,10.0,-11.838389934242006,-1.8383899342420076
bicycle,自行车,150度,11.0,-11.22895024452208,-1.2289502445220801
bicycle,自行车,150度,12.0,-10.659943115903017,-0.6599431159030171
bicycle,自行车,150度,13.0,-10.129332448482396,-0.12933244848239767
bicycle,自行车,150度,14.0,-9.635082142357795,0.36491785764220275
bicycle,自行车,150度,15.0,-9.175156097626799,0.8248439023731979
bicycle,自行车,150度,16.0,-8.747518214386982,1.2524817856130124
bicycle,自行车,150度,17.0,-8.35013239273593,1.649867607264067
bicycle,自行车,150度,18.0,-7.9809625327712155,2.0190374672287774
bicycle,自行车,150度,19.0,-7.637972534590421,2.3620274654095716
bicycle,自行车,150度,20.0,-7.319126298291131,2.6808737017088635
bicycle,自行车,150度,21.0,-7.022387723970915,2.9776122760290757
bicycle,自行车,150度,22.0,-6.745720711727364,3.2542792882726292
bicycle,自行车,150度,23.0,-6.48708916165805,3.512910838341943
bicycle,自行车,150度,24.0,-6.244456973860554,3.7555430261394367
bicycle,自行车,150度,25.0,-6.01578804843246,3.9842119515675325
bicycle,自行车,150度,26.0,-5.799046285471345,4.20095371452865
bicycle,自行车,150度,27.0,-5.5921955850747835,4.407804414925209
bicycle,自行车,150度,28.0,-5.393199847340362,4.606800152659632
bicycle,自行车,150度,29.0,-5.200022972365659,4.799977027634334
bicycle,自行车,150度,30.0,-5.010628860248248,4.989371139751741
bicycle,自行车,150度,31.0,-4.822981411085719,5.177018588914272
bicycle,自行车,150度,32.0,-4.635044524975648,5.364955475024347
bicycle,自行车,150度,33.0,-4.4447821020156155,5.555217897984386
bicycle,自行车,150度,34.0,-4.250158042303191,5.749841957696807
bicycle,自行车,150度,35.0,-4.049136245935962,5.950863754064033
bicycle,自行车,150度,36.0,-3.839680613011513,6.160319386988485
bicycle,自行车,150度,37.0,-3.6197550436274177,6.380244956372584
bicycle,自行车,150度,38.0,-3.3873234378812533,6.612676562118745
bicycle,自行车,150度,39.0,-3.1403496958706114,6.85965030412939
bicycle,自行车,150度,40.0,-2.8767977176930586,7.123202282306947
bicycle,自行车,150度,41.0,-2.5946314034461864,7.405368596553833
bicycle,自行车,150度,42.0,-2.291814653227558,7.708185346772462
bicycle,自行车,150度,43.0,-1.966311367134761,8.033688632865259
bicycle,自行车,150度,44.0,-1.6160854452653801,8.383914554734638
bicycle,自行车,150度,45.0,-1.2391007877169926,8.760899212283027
bicycle,自行车,150度,46.0,-0.8333212945871864,9.166678705412844
bicycle,自行车,150度,47.0,-0.39671086597351746,9.603289134026502
bicycle,自行车,150度,48.0,0.0727665980264085,10.072766598026446
bicycle,自行车,150度,49.0,0.5771471973150284,10.577147197315073
bicycle,自行车,150度,50.0,1.1184670317947578,11.118467031794806
bicycle,自行车,150度,51.0,1.6987622013680195,11.698762201368067
bicycle,自行车,150度,52.0,2.3200688059372254,12.32006880593728
bicycle,自行车,180度,1.0,-19.478768875159524,-9.478768875159515
bicycle,自行车,180度,2.0,-18.41381163992292,-8.41381163992291
bicycle,自行车,180度,3.0,-17.407611864908958,-7.407611864908951
bicycle,自行车,180度,4.0,-16.45813345021522,-6.458133450215216
bicycle,自行车,180度,5.0,-15.563340295939293,-5.5633402959392875
bicycle,自行车,180度,6.0,-14.721196302178747,-4.721196302178743
bicycle,自行车,180度,7.0,-13.929665369031166,-3.929665369031163
bicycle,自行车,180度,8.0,-13.186711396594129,-3.186711396594127
bicycle,自行车,180度,9.0,-12.490298284965217,-2.490298284965215
bicycle,自行车,180度,10.0,-11.838389934242006,-1.8383899342420076
bicycle,自行车,180度,11.0,-11.22895024452208,-1.2289502445220801
bicycle,自行车,180度,12.0,-10.659943115903017,-0.6599431159030171
bicycle,自行车,180度,13.0,-10.129332448482396,-0.12933244848239767
bicycle,自行车,180度,14.0,-9.635082142357795,0.36491785764220275
bicycle,自行车,180度,15.0,-9.175156097626799,0.8248439023731979
bicycle,自行车,180度,16.0,-8.747518214386982,1.2524817856130124
bicycle,自行车,180度,17.0,-8.35013239273593,1.649867607264067
bicycle,自行车,180度,18.0,-7.9809625327712155,2.0190374672287774
bicycle,自行车,180度,19.0,-7.637972534590421,2.3620274654095716
bicycle,自行车,180度,20.0,-7.319126298291131,2.6808737017088635
bicycle,自行车,180度,21.0,-7.022387723970915,2.9776122760290757
bicycle,自行车,180度,22.0,-6.745720711727364,3.2542792882726292
bicycle,自行车,180度,23.0,-6.48708916165805,3.512910838341943
bicycle,自行车,180度,24.0,-6.244456973860554,3.7555430261394367
bicycle,自行车,180度,25.0,-6.01578804843246,3.9842119515675325
bicycle,自行车,180度,26.0,-5.799046285471345,4.20095371452865
bicycle,自行车,180度,27.0,-5.5921955850747835,4.407804414925209
bicycle,自行车,180度,28.0,-5.393199847340362,4.606800152659632
bicycle,自行车,180度,29.0,-5.200022972365659,4.799977027634334
bicycle,自行车,180度,30.0,-5.010628860248248,4.989371139751741
bicycle,自行车,180度,31.0,-4.822981411085719,5.177018588914272
bicycle,自行车,180度,32.0,-4.635044524975648,5.364955475024347
bicycle,自行车,180度,33.0,-4.4447821020156155,5.555217897984386
bicycle,自行车,180度,34.0,-4.250158042303191,5.749841957696807
bicycle,自行车,180度,35.0,-4.049136245935962,5.950863754064033
bicycle,自行车,180度,36.0,-3.839680613011513,6.160319386988485
bicycle,自行车,180度,37.0,-3.6197550436274177,6.380244956372584
bicycle,自行车,180度,38.0,-3.3873234378812533,6.612676562118745
bicycle,自行车,180度,39.0,-3.1403496958706114,6.85965030412939
bicycle,自行车,180度,40.0,-2.8767977176930586,7.123202282306947
bicycle,自行车,180度,41.0,-2.5946314034461864,7.405368596553833
bicycle,自行车,180度,42.0,-2.291814653227558,7.708185346772462
bicycle,自行车,180度,43.0,-1.966311367134761,8.033688632865259
bicycle,自行车,180度,44.0,-1.6160854452653801,8.383914554734638
bicycle,自行车,180度,45.0,-1.2391007877169926,8.760899212283027
bicycle,自行车,180度,46.0,-0.8333212945871864,9.166678705412844
bicycle,自行车,180度,47.0,-0.39671086597351746,9.603289134026502
bicycle,自行车,180度,48.0,0.0727665980264085,10.072766598026446
bicycle,自行车,180度,49.0,0.5771471973150284,10.577147197315073
bicycle,自行车,180度,50.0,1.1184670317947578,11.118467031794806
bicycle,自行车,180度,51.0,1.6987622013680195,11.698762201368067
bicycle,自行车,180度,52.0,2.3200688059372254,12.32006880593728
bicycle,自行车,210度,1.0,-19.478768875159524,-9.478768875159515
bicycle,自行车,210度,2.0,-18.41381163992292,-8.41381163992291
bicycle,自行车,210度,3.0,-17.407611864908958,-7.407611864908951
bicycle,自行车,210度,4.0,-16.45813345021522,-6.458133450215216
bicycle,自行车,210度,5.0,-15.563340295939293,-5.5633402959392875
bicycle,自行车,210度,6.0,-14.721196302178747,-4.721196302178743
bicycle,自行车,210度,7.0,-13.929665369031166,-3.929665369031163
bicycle,自行车,210度,8.0,-13.186711396594129,-3.186711396594127
bicycle,自行车,210度,9.0,-12.490298284965217,-2.490298284965215
bicycle,自行车,210度,10.0,-11.838389934242006,-1.8383899342420076
bicycle,自行车,210度,11.0,-11.22895024452208,-1.2289502445220801
bicycle,自行车,210度,12.0,-10.659943115903017,-0.6599431159030171
bicycle,自行车,210度,13.0,-10.129332448482396,-0.12933244848239767
bicycle,自行车,210度,14.0,-9.635082142357795,0.36491785764220275
bicycle,自行车,210度,15.0,-9.175156097626799,0.8248439023731979
bicycle,自行车,210度,16.0,-8.747518214386982,1.2524817856130124
bicycle,自行车,210度,17.0,-8.35013239273593,1.649867607264067
bicycle,自行车,210度,18.0,-7.9809625327712155,2.0190374672287774
bicycle,自行车,210度,19.0,-7.637972534590421,2.3620274654095716
bicycle,自行车,210度,20.0,-7.319126298291131,2.6808737017088635
bicycle,自行车,210度,21.0,-7.022387723970915,2.9776122760290757
bicycle,自行车,210度,22.0,-6.745720711727364,3.2542792882726292
bicycle,自行车,210度,23.0,-6.48708916165805,3.512910838341943
bicycle,自行车,210度,24.0,-6.244456973860554,3.7555430261394367
bicycle,自行车,210度,25.0,-6.01578804843246,3.9842119515675325
bicycle,自行车,210度,26.0,-5.799046285471345,4.20095371452865
bicycle,自行车,210度,27.0,-5.5921955850747835,4.407804414925209
bicycle,自行车,210度,28.0,-5.393199847340362,4.606800152659632
bicycle,自行车,210度,29.0,-5.200022972365659,4.799977027634334
bicycle,自行车,210度,30.0,-5.010628860248248,4.989371139751741
bicycle,自行车,210度,31.0,-4.822981411085719,5.177018588914272
bicycle,自行车,210度,32.0,-4.635044524975648,5.364955475024347
bicycle,自行车,210度,33.0,-4.4447821020156155,5.555217897984386
bicycle,自行车,210度,34.0,-4.250158042303191,5.749841957696807
bicycle,自行车,210度,35.0,-4.049136245935962,5.950863754064033
bicycle,自行车,210度,36.0,-3.839680613011513,6.160319386988485
bicycle,自行车,210度,37.0,-3.6197550436274177,6.380244956372584
bicycle,自行车,210度,38.0,-3.3873234378812533,6.612676562118745
bicycle,自行车,210度,39.0,-3.1403496958706114,6.85965030412939
bicycle,自行车,210度,40.0,-2.8767977176930586,7.123202282306947
bicycle,自行车,210度,41.0,-2.5946314034461864,7.405368596553833
bicycle,自行车,210度,42.0,-2.291814653227558,7.708185346772462
bicycle,自行车,210度,43.0,-1.966311367134761,8.033688632865259
bicycle,自行车,210度,44.0,-1.6160854452653801,8.383914554734638
bicycle,自行车,210度,45.0,-1.2391007877169926,8.760899212283027
bicycle,自行车,210度,46.0,-0.8333212945871864,9.166678705412844
bicycle,自行车,210度,47.0,-0.39671086597351746,9.603289134026502
bicycle,自行车,210度,48.0,0.0727665980264085,10.072766598026446
bicycle,自行车,210度,49.0,0.5771471973150284,10.577147197315073
bicycle,自行车,210度,50.0,1.1184670317947578,11.118467031794806
bicycle,自行车,210度,51.0,1.6987622013680195,11.698762201368067
bicycle,自行车,210度,52.0,2.3200688059372254,12.32006880593728
bicycle,自行车,240度,1.0,-19.478768875159524,-9.478768875159515
bicycle,自行车,240度,2.0,-18.41381163992292,-8.41381163992291
bicycle,自行车,240度,3.0,-17.407611864908958,-7.407611864908951
bicycle,自行车,240度,4.0,-16.45813345021522,-6.458133450215216
bicycle,自行车,240度,5.0,-15.563340295939293,-5.5633402959392875
bicycle,自行车,240度,6.0,-14.721196302178747,-4.721196302178743
bicycle,自行车,240度,7.0,-13.929665369031166,-3.929665369031163
bicycle,自行车,240度,8.0,-13.186711396594129,-3.186711396594127
bicycle,自行车,240度,9.0,-12.490298284965217,-2.490298284965215
bicycle,自行车,240度,10.0,-11.838389934242006,-1.8383899342420076
bicycle,自行车,240度,11.0,-11.22895024452208,-1.2289502445220801
bicycle,自行车,240度,12.0,-10.659943115903017,-0.6599431159030171
bicycle,自行车,240度,13.0,-10.129332448482396,-0.12933244848239767
bicycle,自行车,240度,14.0,-9.635082142357795,0.36491785764220275
bicycle,自行车,240度,15.0,-9.175156097626799,0.8248439023731979
bicycle,自行车,240度,16.0,-8.747518214386982,1.2524817856130124
bicycle,自行车,240度,17.0,-8.35013239273593,1.649867607264067
bicycle,自行车,240度,18.0,-7.9809625327712155,2.0190374672287774
bicycle,自行车,240度,19.0,-7.637972534590421,2.3620274654095716
bicycle,自行车,240度,20.0,-7.319126298291131,2.6808737017088635
bicycle,自行车,240度,21.0,-7.022387723970915,2.9776122760290757
bicycle,自行车,240度,22.0,-6.745720711727364,3.2542792882726292
bicycle,自行车,240度,23.0,-6.48708916165805,3.512910838341943
bicycle,自行车,240度,24.0,-6.244456973860554,3.7555430261394367
bicycle,自行车,240度,25.0,-6.01578804843246,3.9842119515675325
bicycle,自行车,240度,26.0,-5.799046285471345,4.20095371452865
bicycle,自行车,240度,27.0,-5.5921955850747835,4.407804414925209
bicycle,自行车,240度,28.0,-5.393199847340362,4.606800152659632
bicycle,自行车,240度,29.0,-5.200022972365659,4.799977027634334
bicycle,自行车,240度,30.0,-5.010628860248248,4.989371139751741
bicycle,自行车,240度,31.0,-4.822981411085719,5.177018588914272
bicycle,自行车,240度,32.0,-4.635044524975648,5.364955475024347
bicycle,自行车,240度,33.0,-4.4447821020156155,5.555217897984386
bicycle,自行车,240度,34.0,-4.250158042303191,5.749841957696807
bicycle,自行车,240度,35.0,-4.049136245935962,5.950863754064033
bicycle,自行车,240度,36.0,-3.839680613011513,6.160319386988485
bicycle,自行车,240度,37.0,-3.6197550436274177,6.380244956372584
bicycle,自行车,240度,38.0,-3.3873234378812533,6.612676562118745
bicycle,自行车,240度,39.0,-3.1403496958706114,6.85965030412939
bicycle,自行车,240度,40.0,-2.8767977176930586,7.123202282306947
bicycle,自行车,240度,41.0,-2.5946314034461864,7.405368596553833
bicycle,自行车,240度,42.0,-2.291814653227558,7.708185346772462
bicycle,自行车,240度,43.0,-1.966311367134761,8.033688632865259
bicycle,自行车,240度,44.0,-1.6160854452653801,8.383914554734638
bicycle,自行车,240度,45.0,-1.2391007877169926,8.760899212283027
bicycle,自行车,240度,46.0,-0.8333212945871864,9.166678705412844
bicycle,自行车,240度,47.0,-0.39671086597351746,9.603289134026502
bicycle,自行车,240度,48.0,0.0727665980264085,10.072766598026446
bicycle,自行车,240度,49.0,0.5771471973150284,10.577147197315073
bicycle,自行车,240度,50.0,1.1184670317947578,11.118467031794806
bicycle,自行车,240度,51.0,1.6987622013680195,11.698762201368067
bicycle,自行车,240度,52.0,2.3200688059372254,12.32006880593728
bicycle,自行车,270度,1.0,-19.478768875159524,-9.478768875159515
bicycle,自行车,270度,2.0,-18.41381163992292,-8.41381163992291
bicycle,自行车,270度,3.0,-17.407611864908958,-7.407611864908951
bicycle,自行车,270度,4.0,-16.45813345021522,-6.458133450215216
bicycle,自行车,270度,5.0,-15.563340295939293,-5.5633402959392875
bicycle,自行车,270度,6.0,-14.721196302178747,-4.721196302178743
bicycle,自行车,270度,7.0,-13.929665369031166,-3.929665369031163
bicycle,自行车,270度,8.0,-13.186711396594129,-3.186711396594127
bicycle,自行车,270度,9.0,-12.490298284965217,-2.490298284965215
bicycle,自行车,270度,10.0,-11.838389934242006,-1.8383899342420076
bicycle,自行车,270度,11.0,-11.22895024452208,-1.2289502445220801
bicycle,自行车,270度,12.0,-10.659943115903017,-0.6599431159030171
bicycle,自行车,270度,13.0,-10.129332448482396,-0.12933244848239767
bicycle,自行车,270度,14.0,-9.635082142357795,0.36491785764220275
bicycle,自行车,270度,15.0,-9.175156097626799,0.8248439023731979
bicycle,自行车,270度,16.0,-8.747518214386982,1.2524817856130124
bicycle,自行车,270度,17.0,-8.35013239273593,1.649867607264067
bicycle,自行车,270度,18.0,-7.9809625327712155,2.0190374672287774
bicycle,自行车,270度,19.0,-7.637972534590421,2.3620274654095716
bicycle,自行车,270度,20.0,-7.319126298291131,2.6808737017088635
bicycle,自行车,270度,21.0,-7.022387723970915,2.9776122760290757
bicycle,自行车,270度,22.0,-6.745720711727364,3.2542792882726292
bicycle,自行车,270度,23.0,-6.48708916165805,3.512910838341943
bicycle,自行车,270度,24.0,-6.244456973860554,3.7555430261394367
bicycle,自行车,270度,25.0,-6.01578804843246,3.9842119515675325
bicycle,自行车,270度,26.0,-5.799046285471345,4.20095371452865
bicycle,自行车,270度,27.0,-5.5921955850747835,4.407804414925209
bicycle,自行车,270度,28.0,-5.393199847340362,4.606800152659632
bicycle,自行车,270度,29.0,-5.200022972365659,4.799977027634334
bicycle,自行车,270度,30.0,-5.010628860248248,4.989371139751741
bicycle,自行车,270度,31.0,-4.822981411085719,5.177018588914272
bicycle,自行车,270度,32.0,-4.635044524975648,5.364955475024347
bicycle,自行车,270度,33.0,-4.4447821020156155,5.555217897984386
bicycle,自行车,270度,34.0,-4.250158042303191,5.749841957696807
bicycle,自行车,270度,35.0,-4.049136245935962,5.950863754064033
bicycle,自行车,270度,36.0,-3.839680613011513,6.160319386988485
bicycle,自行车,270度,37.0,-3.6197550436274177,6.380244956372584
bicycle,自行车,270度,38.0,-3.3873234378812533,6.612676562118745
bicycle,自行车,270度,39.0,-3.1403496958706114,6.85965030412939
bicycle,自行车,270度,40.0,-2.8767977176930586,7.123202282306947
bicycle,自行车,270度,41.0,-2.5946314034461864,7.405368596553833
bicycle,自行车,270度,42.0,-2.291814653227558,7.708185346772462
bicycle,自行车,270度,43.0,-1.966311367134761,8.033688632865259
bicycle,自行车,270度,44.0,-1.6160854452653801,8.383914554734638
bicycle,自行车,270度,45.0,-1.2391007877169926,8.760899212283027
bicycle,自行车,270度,46.0,-0.8333212945871864,9.166678705412844
bicycle,自行车,270度,47.0,-0.39671086597351746,9.603289134026502
bicycle,自行车,270度,48.0,0.0727665980264085,10.072766598026446
bicycle,自行车,270度,49.0,0.5771471973150284,10.577147197315073
bicycle,自行车,270度,50.0,1.1184670317947578,11.118467031794806
bicycle,自行车,270度,51.0,1.6987622013680195,11.698762201368067
bicycle,自行车,270度,52.0,2.3200688059372254,12.32006880593728
bicycle,自行车,300度,1.0,-19.478768875159524,-9.478768875159515
bicycle,自行车,300度,2.0,-18.41381163992292,-8.41381163992291
bicycle,自行车,300度,3.0,-17.407611864908958,-7.407611864908951
bicycle,自行车,300度,4.0,-16.45813345021522,-6.458133450215216
bicycle,自行车,300度,5.0,-15.563340295939293,-5.5633402959392875
bicycle,自行车,300度,6.0,-14.721196302178747,-4.721196302178743
bicycle,自行车,300度,7.0,-13.929665369031166,-3.929665369031163
bicycle,自行车,300度,8.0,-13.186711396594129,-3.186711396594127
bicycle,自行车,300度,9.0,-12.490298284965217,-2.490298284965215
bicycle,自行车,300度,10.0,-11.838389934242006,-1.8383899342420076
bicycle,自行车,300度,11.0,-11.22895024452208,-1.2289502445220801
bicycle,自行车,300度,12.0,-10.659943115903017,-0.6599431159030171
bicycle,自行车,300度,13.0,-10.129332448482396,-0.12933244848239767
bicycle,自行车,300度,14.0,-9.635082142357795,0.36491785764220275
bicycle,自行车,300度,15.0,-9.175156097626799,0.8248439023731979
bicycle,自行车,300度,16.0,-8.747518214386982,1.2524817856130124
bicycle,自行车,300度,17.0,-8.35013239273593,1.649867607264067
bicycle,自行车,300度,18.0,-7.9809625327712155,2.0190374672287774
bicycle,自行车,300度,19.0,-7.637972534590421,2.3620274654095716
bicycle,自行车,300度,20.0,-7.319126298291131,2.6808737017088635
bicycle,自行车,300度,21.0,-7.022387723970915,2.9776122760290757
bicycle,自行车,300度,22.0,-6.745720711727364,3.2542792882726292
bicycle,自行车,300度,23.0,-6.48708916165805,3.512910838341943
bicycle,自行车,300度,24.0,-6.244456973860554,3.7555430261394367
bicycle,自行车,300度,25.0,-6.01578804843246,3.9842119515675325
bicycle,自行车,300度,26.0,-5.799046285471345,4.20095371452865
bicycle,自行车,300度,27.0,-5.5921955850747835,4.407804414925209
bicycle,自行车,300度,28.0,-5.393199847340362,4.606800152659632
bicycle,自行车,300度,29.0,-5.200022972365659,4.799977027634334
bicycle,自行车,300度,30.0,-5.010628860248248,4.989371139751741
bicycle,自行车,300度,31.0,-4.822981411085719,5.177018588914272
bicycle,自行车,300度,32.0,-4.635044524975648,5.364955475024347
bicycle,自行车,300度,33.0,-4.4447821020156155,5.555217897984386
bicycle,自行车,300度,34.0,-4.250158042303191,5.749841957696807
bicycle,自行车,300度,35.0,-4.049136245935962,5.950863754064033
bicycle,自行车,300度,36.0,-3.839680613011513,6.160319386988485
bicycle,自行车,300度,37.0,-3.6197550436274177,6.380244956372584
bicycle,自行车,300度,38.0,-3.3873234378812533,6.612676562118745
bicycle,自行车,300度,39.0,-3.1403496958706114,6.85965030412939
bicycle,自行车,300度,40.0,-2.8767977176930586,7.123202282306947
bicycle,自行车,300度,41.0,-2.5946314034461864,7.405368596553833
bicycle,自行车,300度,42.0,-2.291814653227558,7.708185346772462
bicycle,自行车,300度,43.0,-1.966311367134761,8.033688632865259
bicycle,自行车,300度,44.0,-1.6160854452653801,8.383914554734638
bicycle,自行车,300度,45.0,-1.2391007877169926,8.760899212283027
bicycle,自行车,300度,46.0,-0.8333212945871864,9.166678705412844
bicycle,自行车,300度,47.0,-0.39671086597351746,9.603289134026502
bicycle,自行车,300度,48.0,0.0727665980264085,10.072766598026446
bicycle,自行车,300度,49.0,0.5771471973150284,10.577147197315073
bicycle,自行车,300度,50.0,1.1184670317947578,11.118467031794806
bicycle,自行车,300度,51.0,1.6987622013680195,11.698762201368067
bicycle,自行车,300度,52.0,2.3200688059372254,12.32006880593728
bicycle,自行车,330度,1.0,-19.478768875159524,-9.478768875159515
bicycle,自行车,330度,2.0,-18.41381163992292,-8.41381163992291
bicycle,自行车,330度,3.0,-17.407611864908958,-7.407611864908951
bicycle,自行车,330度,4.0,-16.45813345021522,-6.458133450215216
bicycle,自行车,330度,5.0,-15.563340295939293,-5.5633402959392875
bicycle,自行车,330度,6.0,-14.721196302178747,-4.721196302178743
bicycle,自行车,330度,7.0,-13.929665369031166,-3.929665369031163
bicycle,自行车,330度,8.0,-13.186711396594129,-3.186711396594127
bicycle,自行车,330度,9.0,-12.490298284965217,-2.490298284965215
bicycle,自行车,330度,10.0,-11.838389934242006,-1.8383899342420076
bicycle,自行车,330度,11.0,-11.22895024452208,-1.2289502445220801
bicycle,自行车,330度,12.0,-10.659943115903017,-0.6599431159030171
bicycle,自行车,330度,13.0,-10.129332448482396,-0.12933244848239767
bicycle,自行车,330度,14.0,-9.635082142357795,0.36491785764220275
bicycle,自行车,330度,15.0,-9.175156097626799,0.8248439023731979
bicycle,自行车,330度,16.0,-8.747518214386982,1.2524817856130124
bicycle,自行车,330度,17.0,-8.35013239273593,1.649867607264067
bicycle,自行车,330度,18.0,-7.9809625327712155,2.0190374672287774
bicycle,自行车,330度,19.0,-7.637972534590421,2.3620274654095716
bicycle,自行车,330度,20.0,-7.319126298291131,2.6808737017088635
bicycle,自行车,330度,21.0,-7.022387723970915,2.9776122760290757
bicycle,自行车,330度,22.0,-6.745720711727364,3.2542792882726292
bicycle,自行车,330度,23.0,-6.48708916165805,3.512910838341943
bicycle,自行车,330度,24.0,-6.244456973860554,3.7555430261394367
bicycle,自行车,330度,25.0,-6.01578804843246,3.9842119515675325
bicycle,自行车,330度,26.0,-5.799046285471345,4.20095371452865
bicycle,自行车,330度,27.0,-5.5921955850747835,4.407804414925209
bicycle,自行车,330度,28.0,-5.393199847340362,4.606800152659632
bicycle,自行车,330度,29.0,-5.200022972365659,4.799977027634334
bicycle,自行车,330度,30.0,-5.010628860248248,4.989371139751741
bicycle,自行车,330度,31.0,-4.822981411085719,5.177018588914272
bicycle,自行车,330度,32.0,-4.635044524975648,5.364955475024347
bicycle,自行车,330度,33.0,-4.4447821020156155,5.555217897984386
bicycle,自行车,330度,34.0,-4.250158042303191,5.749841957696807
bicycle,自行车,330度,35.0,-4.049136245935962,5.950863754064033
bicycle,自行车,330度,36.0,-3.839680613011513,6.160319386988485
bicycle,自行车,330度,37.0,-3.6197550436274177,6.380244956372584
bicycle,自行车,330度,38.0,-3.3873234378812533,6.612676562118745
bicycle,自行车,330度,39.0,-3.1403496958706114,6.85965030412939
bicycle,自行车,330度,40.0,-2.8767977176930586,7.123202282306947
bicycle,自行车,330度,41.0,-2.5946314034461864,7.405368596553833
bicycle,自行车,330度,42.0,-2.291814653227558,7.708185346772462
bicycle,自行车,330度,43.0,-1.966311367134761,8.033688632865259
bicycle,自行车,330度,44.0,-1.6160854452653801,8.383914554734638
bicycle,自行车,330度,45.0,-1.2391007877169926,8.760899212283027
bicycle,自行车,330度,46.0,-0.8333212945871864,9.166678705412844
bicycle,自行车,330度,47.0,-0.39671086597351746,9.603289134026502
bicycle,自行车,330度,48.0,0.0727665980264085,10.072766598026446
bicycle,自行车,330度,49.0,0.5771471973150284,10.577147197315073
bicycle,自行车,330度,50.0,1.1184670317947578,11.118467031794806
bicycle,自行车,330度,51.0,1.6987622013680195,11.698762201368067
bicycle,自行车,330度,52.0,2.3200688059372254,12.32006880593728
electric motor,电动车,0度,1.0,-19.478768875159524,-9.478768875159515
electric motor,电动车,0度,2.0,-18.41381163992292,-8.41381163992291
electric motor,电动车,0度,3.0,-17.407611864908958,-7.407611864908951
electric motor,电动车,0度,4.0,-16.45813345021522,-6.458133450215216
electric motor,电动车,0度,5.0,-15.563340295939293,-5.5633402959392875
electric motor,电动车,0度,6.0,-14.721196302178747,-4.721196302178743
electric motor,电动车,0度,7.0,-13.929665369031166,-3.929665369031163
electric motor,电动车,0度,8.0,-13.186711396594129,-3.186711396594127
electric motor,电动车,0度,9.0,-12.490298284965217,-2.490298284965215
electric motor,电动车,0度,10.0,-11.838389934242006,-1.8383899342420076
electric motor,电动车,0度,11.0,-11.22895024452208,-1.2289502445220801
electric motor,电动车,0度,12.0,-10.659943115903017,-0.6599431159030171
electric motor,电动车,0度,13.0,-10.129332448482396,-0.12933244848239767
electric motor,电动车,0度,14.0,-9.635082142357795,0.36491785764220275
electric motor,电动车,0度,15.0,-9.175156097626799,0.8248439023731979
electric motor,电动车,0度,16.0,-8.747518214386982,1.2524817856130124
electric motor,电动车,0度,17.0,-8.35013239273593,1.649867607264067
electric motor,电动车,0度,18.0,-7.9809625327712155,2.0190374672287774
electric motor,电动车,0度,19.0,-7.637972534590421,2.3620274654095716
electric motor,电动车,0度,20.0,-7.319126298291131,2.6808737017088635
electric motor,电动车,0度,21.0,-7.022387723970915,2.9776122760290757
electric motor,电动车,0度,22.0,-6.745720711727364,3.2542792882726292
electric motor,电动车,0度,23.0,-6.48708916165805,3.512910838341943
electric motor,电动车,0度,24.0,-6.244456973860554,3.7555430261394367
electric motor,电动车,0度,25.0,-6.01578804843246,3.9842119515675325
electric motor,电动车,0度,26.0,-5.799046285471345,4.20095371452865
electric motor,电动车,0度,27.0,-5.5921955850747835,4.407804414925209
electric motor,电动车,0度,28.0,-5.393199847340362,4.606800152659632
electric motor,电动车,0度,29.0,-5.200022972365659,4.799977027634334
electric motor,电动车,0度,30.0,-5.010628860248248,4.989371139751741
electric motor,电动车,0度,31.0,-4.822981411085719,5.177018588914272
electric motor,电动车,0度,32.0,-4.635044524975648,5.364955475024347
electric motor,电动车,0度,33.0,-4.4447821020156155,5.555217897984386
electric motor,电动车,0度,34.0,-4.250158042303191,5.749841957696807
electric motor,电动车,0度,35.0,-4.049136245935962,5.950863754064033
electric motor,电动车,0度,36.0,-3.839680613011513,6.160319386988485
electric motor,电动车,0度,37.0,-3.6197550436274177,6.380244956372584
electric motor,电动车,0度,38.0,-3.3873234378812533,6.612676562118745
electric motor,电动车,0度,39.0,-3.1403496958706114,6.85965030412939
electric motor,电动车,0度,40.0,-2.8767977176930586,7.123202282306947
electric motor,电动车,0度,41.0,-2.5946314034461864,7.405368596553833
electric motor,电动车,0度,42.0,-2.291814653227558,7.708185346772462
electric motor,电动车,0度,43.0,-1.966311367134761,8.033688632865259
electric motor,电动车,0度,44.0,-1.6160854452653801,8.38391455473464
electric motor,电动车,0度,45.0,-1.2391007877169926,8.760899212283027
electric motor,电动车,0度,46.0,-0.8333212945871864,9.166678705412844
electric motor,电动车,0度,47.0,-0.39671086597351746,9.603289134026502
electric motor,电动车,0度,48.0,0.0727665980264085,10.072766598026446
electric motor,电动车,0度,49.0,0.5771471973150284,10.577147197315073
electric motor,电动车,0度,50.0,1.1184670317947578,11.118467031794806
electric motor,电动车,0度,51.0,1.6987622013680195,11.698762201368067
electric motor,电动车,0度,52.0,2.3200688059372254,12.32006880593728
electric motor,电动车,30度,1.0,-19.478768875159524,-9.478768875159515
electric motor,电动车,30度,2.0,-18.41381163992292,-8.41381163992291
electric motor,电动车,30度,3.0,-17.407611864908958,-7.407611864908951
electric motor,电动车,30度,4.0,-16.45813345021522,-6.458133450215216
electric motor,电动车,30度,5.0,-15.563340295939293,-5.5633402959392875
electric motor,电动车,30度,6.0,-14.721196302178747,-4.721196302178743
electric motor,电动车,30度,7.0,-13.929665369031166,-3.929665369031163
electric motor,电动车,30度,8.0,-13.186711396594129,-3.186711396594127
electric motor,电动车,30度,9.0,-12.490298284965217,-2.490298284965215
electric motor,电动车,30度,10.0,-11.838389934242006,-1.8383899342420076
electric motor,电动车,30度,11.0,-11.22895024452208,-1.2289502445220801
electric motor,电动车,30度,12.0,-10.659943115903017,-0.6599431159030171
electric motor,电动车,30度,13.0,-10.129332448482396,-0.12933244848239767
electric motor,电动车,30度,14.0,-9.635082142357795,0.36491785764220275
electric motor,电动车,30度,15.0,-9.175156097626799,0.8248439023731979
electric motor,电动车,30度,16.0,-8.747518214386982,1.2524817856130124
electric motor,电动车,30度,17.0,-8.35013239273593,1.649867607264067
electric motor,电动车,30度,18.0,-7.9809625327712155,2.0190374672287774
electric motor,电动车,30度,19.0,-7.637972534590421,2.3620274654095716
electric motor,电动车,30度,20.0,-7.319126298291131,2.6808737017088635
electric motor,电动车,30度,21.0,-7.022387723970915,2.9776122760290757
electric motor,电动车,30度,22.0,-6.745720711727364,3.2542792882726292
electric motor,电动车,30度,23.0,-6.48708916165805,3.512910838341943
electric motor,电动车,30度,24.0,-6.244456973860554,3.7555430261394367
electric motor,电动车,30度,25.0,-6.01578804843246,3.9842119515675325
electric motor,电动车,30度,26.0,-5.799046285471345,4.20095371452865
electric motor,电动车,30度,27.0,-5.5921955850747835,4.407804414925209
electric motor,电动车,30度,28.0,-5.393199847340362,4.606800152659632
electric motor,电动车,30度,29.0,-5.200022972365659,4.799977027634334
electric motor,电动车,30度,30.0,-5.010628860248248,4.989371139751741
electric motor,电动车,30度,31.0,-4.822981411085719,5.177018588914272
electric motor,电动车,30度,32.0,-4.635044524975648,5.364955475024347
electric motor,电动车,30度,33.0,-4.4447821020156155,5.555217897984386
electric motor,电动车,30度,34.0,-4.250158042303191,5.749841957696807
electric motor,电动车,30度,35.0,-4.049136245935962,5.950863754064033
electric motor,电动车,30度,36.0,-3.839680613011513,6.160319386988485
electric motor,电动车,30度,37.0,-3.6197550436274177,6.380244956372584
electric motor,电动车,30度,38.0,-3.3873234378812533,6.612676562118745
electric motor,电动车,30度,39.0,-3.1403496958706114,6.85965030412939
electric motor,电动车,30度,40.0,-2.8767977176930586,7.123202282306947
electric motor,电动车,30度,41.0,-2.5946314034461864,7.405368596553833
electric motor,电动车,30度,42.0,-2.291814653227558,7.708185346772462
electric motor,电动车,30度,43.0,-1.966311367134761,8.033688632865259
electric motor,电动车,30度,44.0,-1.6160854452653801,8.383914554734638
electric motor,电动车,30度,45.0,-1.2391007877169926,8.760899212283027
electric motor,电动车,30度,46.0,-0.8333212945871864,9.166678705412844
electric motor,电动车,30度,47.0,-0.39671086597351746,9.603289134026502
electric motor,电动车,30度,48.0,0.0727665980264085,10.072766598026446
electric motor,电动车,30度,49.0,0.5771471973150284,10.577147197315073
electric motor,电动车,30度,50.0,1.1184670317947578,11.118467031794806
electric motor,电动车,30度,51.0,1.6987622013680195,11.698762201368067
electric motor,电动车,30度,52.0,2.3200688059372254,12.32006880593728
electric motor,电动车,60度,1.0,-19.478768875159524,-9.478768875159515
electric motor,电动车,60度,2.0,-18.41381163992292,-8.41381163992291
electric motor,电动车,60度,3.0,-17.407611864908958,-7.407611864908951
electric motor,电动车,60度,4.0,-16.45813345021522,-6.458133450215216
electric motor,电动车,60度,5.0,-15.563340295939293,-5.5633402959392875
electric motor,电动车,60度,6.0,-14.721196302178747,-4.721196302178743
electric motor,电动车,60度,7.0,-13.929665369031166,-3.929665369031163
electric motor,电动车,60度,8.0,-13.186711396594129,-3.186711396594127
electric motor,电动车,60度,9.0,-12.490298284965217,-2.490298284965215
electric motor,电动车,60度,10.0,-11.838389934242006,-1.8383899342420076
electric motor,电动车,60度,11.0,-11.22895024452208,-1.2289502445220801
electric motor,电动车,60度,12.0,-10.659943115903017,-0.6599431159030171
electric motor,电动车,60度,13.0,-10.129332448482396,-0.12933244848239767
electric motor,电动车,60度,14.0,-9.635082142357795,0.36491785764220275
electric motor,电动车,60度,15.0,-9.175156097626799,0.8248439023731979
electric motor,电动车,60度,16.0,-8.747518214386982,1.2524817856130124
electric motor,电动车,60度,17.0,-8.35013239273593,1.649867607264067
electric motor,电动车,60度,18.0,-7.9809625327712155,2.0190374672287774
electric motor,电动车,60度,19.0,-7.637972534590421,2.3620274654095716
electric motor,电动车,60度,20.0,-7.319126298291131,2.6808737017088635
electric motor,电动车,60度,21.0,-7.022387723970915,2.9776122760290757
electric motor,电动车,60度,22.0,-6.745720711727364,3.2542792882726292
electric motor,电动车,60度,23.0,-6.48708916165805,3.512910838341943
electric motor,电动车,60度,24.0,-6.244456973860554,3.7555430261394367
electric motor,电动车,60度,25.0,-6.01578804843246,3.9842119515675325
electric motor,电动车,60度,26.0,-5.799046285471345,4.20095371452865
electric motor,电动车,60度,27.0,-5.5921955850747835,4.407804414925209
electric motor,电动车,60度,28.0,-5.393199847340362,4.606800152659632
electric motor,电动车,60度,29.0,-5.200022972365659,4.799977027634334
electric motor,电动车,60度,30.0,-5.010628860248248,4.989371139751741
electric motor,电动车,60度,31.0,-4.822981411085719,5.177018588914272
electric motor,电动车,60度,32.0,-4.635044524975648,5.364955475024347
electric motor,电动车,60度,33.0,-4.4447821020156155,5.555217897984386
electric motor,电动车,60度,34.0,-4.250158042303191,5.749841957696807
electric motor,电动车,60度,35.0,-4.049136245935962,5.950863754064033
electric motor,电动车,60度,36.0,-3.839680613011513,6.160319386988485
electric motor,电动车,60度,37.0,-3.6197550436274177,6.380244956372584
electric motor,电动车,60度,38.0,-3.3873234378812533,6.612676562118745
electric motor,电动车,60度,39.0,-3.1403496958706114,6.85965030412939
electric motor,电动车,60度,40.0,-2.8767977176930586,7.123202282306947
electric motor,电动车,60度,41.0,-2.5946314034461864,7.405368596553833
electric motor,电动车,60度,42.0,-2.291814653227558,7.708185346772462
electric motor,电动车,60度,43.0,-1.966311367134761,8.033688632865259
electric motor,电动车,60度,44.0,-1.6160854452653801,8.383914554734638
electric motor,电动车,60度,45.0,-1.2391007877169926,8.760899212283027
electric motor,电动车,60度,46.0,-0.8333212945871864,9.166678705412844
electric motor,电动车,60度,47.0,-0.39671086597351746,9.603289134026502
electric motor,电动车,60度,48.0,0.0727665980264085,10.072766598026446
electric motor,电动车,60度,49.0,0.5771471973150284,10.577147197315073
electric motor,电动车,60度,50.0,1.1184670317947578,11.118467031794806
electric motor,电动车,60度,51.0,1.6987622013680195,11.698762201368067
electric motor,电动车,60度,52.0,2.3200688059372254,12.32006880593728
electric motor,电动车,90度,1.0,-19.478768875159524,-9.478768875159515
electric motor,电动车,90度,2.0,-18.41381163992292,-8.41381163992291
electric motor,电动车,90度,3.0,-17.407611864908958,-7.407611864908951
electric motor,电动车,90度,4.0,-16.45813345021522,-6.458133450215216
electric motor,电动车,90度,5.0,-15.563340295939293,-5.5633402959392875
electric motor,电动车,90度,6.0,-14.721196302178747,-4.721196302178743
electric motor,电动车,90度,7.0,-13.929665369031166,-3.929665369031163
electric motor,电动车,90度,8.0,-13.186711396594129,-3.186711396594127
electric motor,电动车,90度,9.0,-12.490298284965217,-2.490298284965215
electric motor,电动车,90度,10.0,-11.838389934242006,-1.8383899342420076
electric motor,电动车,90度,11.0,-11.22895024452208,-1.2289502445220801
electric motor,电动车,90度,12.0,-10.659943115903017,-0.6599431159030171
electric motor,电动车,90度,13.0,-10.129332448482396,-0.12933244848239767
electric motor,电动车,90度,14.0,-9.635082142357795,0.36491785764220275
electric motor,电动车,90度,15.0,-9.175156097626799,0.8248439023731979
electric motor,电动车,90度,16.0,-8.747518214386982,1.2524817856130124
electric motor,电动车,90度,17.0,-8.35013239273593,1.649867607264067
electric motor,电动车,90度,18.0,-7.9809625327712155,2.0190374672287774
electric motor,电动车,90度,19.0,-7.637972534590421,2.3620274654095716
electric motor,电动车,90度,20.0,-7.319126298291131,2.6808737017088635
electric motor,电动车,90度,21.0,-7.022387723970915,2.9776122760290757
electric motor,电动车,90度,22.0,-6.745720711727364,3.2542792882726292
electric motor,电动车,90度,23.0,-6.48708916165805,3.512910838341943
electric motor,电动车,90度,24.0,-6.244456973860554,3.7555430261394367
electric motor,电动车,90度,25.0,-6.01578804843246,3.9842119515675325
electric motor,电动车,90度,26.0,-5.799046285471345,4.20095371452865
electric motor,电动车,90度,27.0,-5.5921955850747835,4.407804414925209
electric motor,电动车,90度,28.0,-5.393199847340362,4.606800152659632
electric motor,电动车,90度,29.0,-5.200022972365659,4.799977027634334
electric motor,电动车,90度,30.0,-5.010628860248248,4.989371139751741
electric motor,电动车,90度,31.0,-4.822981411085719,5.177018588914272
electric motor,电动车,90度,32.0,-4.635044524975648,5.364955475024347
electric motor,电动车,90度,33.0,-4.4447821020156155,5.555217897984386
electric motor,电动车,90度,34.0,-4.250158042303191,5.749841957696807
electric motor,电动车,90度,35.0,-4.049136245935962,5.950863754064033
electric motor,电动车,90度,36.0,-3.839680613011513,6.160319386988485
electric motor,电动车,90度,37.0,-3.6197550436274177,6.380244956372584
electric motor,电动车,90度,38.0,-3.3873234378812533,6.612676562118745
electric motor,电动车,90度,39.0,-3.1403496958706114,6.85965030412939
electric motor,电动车,90度,40.0,-2.8767977176930586,7.123202282306947
electric motor,电动车,90度,41.0,-2.5946314034461864,7.405368596553833
electric motor,电动车,90度,42.0,-2.291814653227558,7.708185346772462
electric motor,电动车,90度,43.0,-1.966311367134761,8.033688632865259
electric motor,电动车,90度,44.0,-1.6160854452653801,8.383914554734638
electric motor,电动车,90度,45.0,-1.2391007877169926,8.760899212283027
electric motor,电动车,90度,46.0,-0.8333212945871864,9.166678705412844
electric motor,电动车,90度,47.0,-0.39671086597351746,9.603289134026502
electric motor,电动车,90度,48.0,0.0727665980264085,10.072766598026446
electric motor,电动车,90度,49.0,0.5771471973150284,10.577147197315073
electric motor,电动车,90度,50.0,1.1184670317947578,11.118467031794806
electric motor,电动车,90度,51.0,1.6987622013680195,11.698762201368067
electric motor,电动车,90度,52.0,2.3200688059372254,12.32006880593728
electric motor,电动车,120度,1.0,-19.478768875159524,-9.478768875159515
electric motor,电动车,120度,2.0,-18.41381163992292,-8.41381163992291
electric motor,电动车,120度,3.0,-17.407611864908958,-7.407611864908951
electric motor,电动车,120度,4.0,-16.45813345021522,-6.458133450215216
electric motor,电动车,120度,5.0,-15.563340295939293,-5.5633402959392875
electric motor,电动车,120度,6.0,-14.721196302178747,-4.721196302178743
electric motor,电动车,120度,7.0,-13.929665369031166,-3.929665369031163
electric motor,电动车,120度,8.0,-13.186711396594129,-3.186711396594127
electric motor,电动车,120度,9.0,-12.490298284965217,-2.490298284965215
electric motor,电动车,120度,10.0,-11.838389934242006,-1.8383899342420076
electric motor,电动车,120度,11.0,-11.22895024452208,-1.2289502445220801
electric motor,电动车,120度,12.0,-10.659943115903017,-0.6599431159030171
electric motor,电动车,120度,13.0,-10.129332448482396,-0.12933244848239767
electric motor,电动车,120度,14.0,-9.635082142357795,0.36491785764220275
electric motor,电动车,120度,15.0,-9.175156097626799,0.8248439023731979
electric motor,电动车,120度,16.0,-8.747518214386982,1.2524817856130124
electric motor,电动车,120度,17.0,-8.35013239273593,1.649867607264067
electric motor,电动车,120度,18.0,-7.9809625327712155,2.0190374672287774
electric motor,电动车,120度,19.0,-7.637972534590421,2.3620274654095716
electric motor,电动车,120度,20.0,-7.319126298291131,2.6808737017088635
electric motor,电动车,120度,21.0,-7.022387723970915,2.9776122760290757
electric motor,电动车,120度,22.0,-6.745720711727364,3.2542792882726292
electric motor,电动车,120度,23.0,-6.48708916165805,3.512910838341943
electric motor,电动车,120度,24.0,-6.244456973860554,3.7555430261394367
electric motor,电动车,120度,25.0,-6.01578804843246,3.9842119515675325
electric motor,电动车,120度,26.0,-5.799046285471345,4.20095371452865
electric motor,电动车,120度,27.0,-5.5921955850747835,4.407804414925209
electric motor,电动车,120度,28.0,-5.393199847340362,4.606800152659632
electric motor,电动车,120度,29.0,-5.200022972365659,4.799977027634334
electric motor,电动车,120度,30.0,-5.010628860248248,4.989371139751741
electric motor,电动车,120度,31.0,-4.822981411085719,5.177018588914272
electric motor,电动车,120度,32.0,-4.635044524975648,5.364955475024347
electric motor,电动车,120度,33.0,-4.4447821020156155,5.555217897984386
electric motor,电动车,120度,34.0,-4.250158042303191,5.749841957696807
electric motor,电动车,120度,35.0,-4.049136245935962,5.950863754064033
electric motor,电动车,120度,36.0,-3.839680613011513,6.160319386988485
electric motor,电动车,120度,37.0,-3.6197550436274177,6.380244956372584
electric motor,电动车,120度,38.0,-3.3873234378812533,6.612676562118745
electric motor,电动车,120度,39.0,-3.1403496958706114,6.85965030412939
electric motor,电动车,120度,40.0,-2.8767977176930586,7.123202282306947
electric motor,电动车,120度,41.0,-2.5946314034461864,7.405368596553833
electric motor,电动车,120度,42.0,-2.291814653227558,7.708185346772462
electric motor,电动车,120度,43.0,-1.966311367134761,8.033688632865259
electric motor,电动车,120度,44.0,-1.6160854452653801,8.383914554734638
electric motor,电动车,120度,45.0,-1.2391007877169926,8.760899212283027
electric motor,电动车,120度,46.0,-0.8333212945871864,9.166678705412844
electric motor,电动车,120度,47.0,-0.39671086597351746,9.603289134026502
electric motor,电动车,120度,48.0,0.0727665980264085,10.072766598026446
electric motor,电动车,120度,49.0,0.5771471973150284,10.577147197315073
electric motor,电动车,120度,50.0,1.1184670317947578,11.118467031794806
electric motor,电动车,120度,51.0,1.6987622013680195,11.698762201368067
electric motor,电动车,120度,52.0,2.3200688059372254,12.32006880593728
electric motor,电动车,150度,1.0,-19.478768875159524,-9.478768875159515
electric motor,电动车,150度,2.0,-18.41381163992292,-8.41381163992291
electric motor,电动车,150度,3.0,-17.407611864908958,-7.407611864908951
electric motor,电动车,150度,4.0,-16.45813345021522,-6.458133450215216
electric motor,电动车,150度,5.0,-15.563340295939293,-5.5633402959392875
electric motor,电动车,150度,6.0,-14.721196302178747,-4.721196302178743
electric motor,电动车,150度,7.0,-13.929665369031166,-3.929665369031163
electric motor,电动车,150度,8.0,-13.186711396594129,-3.186711396594127
electric motor,电动车,150度,9.0,-12.490298284965217,-2.490298284965215
electric motor,电动车,150度,10.0,-11.838389934242006,-1.8383899342420076
electric motor,电动车,150度,11.0,-11.22895024452208,-1.2289502445220801
electric motor,电动车,150度,12.0,-10.659943115903017,-0.6599431159030171
electric motor,电动车,150度,13.0,-10.129332448482396,-0.12933244848239767
electric motor,电动车,150度,14.0,-9.635082142357795,0.36491785764220275
electric motor,电动车,150度,15.0,-9.175156097626799,0.8248439023731979
electric motor,电动车,150度,16.0,-8.747518214386982,1.2524817856130124
electric motor,电动车,150度,17.0,-8.35013239273593,1.649867607264067
electric motor,电动车,150度,18.0,-7.9809625327712155,2.0190374672287774
electric motor,电动车,150度,19.0,-7.637972534590421,2.3620274654095716
electric motor,电动车,150度,20.0,-7.319126298291131,2.6808737017088635
electric motor,电动车,150度,21.0,-7.022387723970915,2.9776122760290757
electric motor,电动车,150度,22.0,-6.745720711727364,3.2542792882726292
electric motor,电动车,150度,23.0,-6.48708916165805,3.512910838341943
electric motor,电动车,150度,24.0,-6.244456973860554,3.7555430261394367
electric motor,电动车,150度,25.0,-6.01578804843246,3.9842119515675325
electric motor,电动车,150度,26.0,-5.799046285471345,4.20095371452865
electric motor,电动车,150度,27.0,-5.5921955850747835,4.407804414925209
electric motor,电动车,150度,28.0,-5.393199847340362,4.606800152659632
electric motor,电动车,150度,29.0,-5.200022972365659,4.799977027634334
electric motor,电动车,150度,30.0,-5.010628860248248,4.989371139751741
electric motor,电动车,150度,31.0,-4.822981411085719,5.177018588914272
electric motor,电动车,150度,32.0,-4.635044524975648,5.364955475024347
electric motor,电动车,150度,33.0,-4.4447821020156155,5.555217897984386
electric motor,电动车,150度,34.0,-4.250158042303191,5.749841957696807
electric motor,电动车,150度,35.0,-4.049136245935962,5.950863754064033
electric motor,电动车,150度,36.0,-3.839680613011513,6.160319386988485
electric motor,电动车,150度,37.0,-3.6197550436274177,6.380244956372584
electric motor,电动车,150度,38.0,-3.3873234378812533,6.612676562118745
electric motor,电动车,150度,39.0,-3.1403496958706114,6.85965030412939
electric motor,电动车,150度,40.0,-2.8767977176930586,7.123202282306947
electric motor,电动车,150度,41.0,-2.5946314034461864,7.405368596553833
electric motor,电动车,150度,42.0,-2.291814653227558,7.708185346772462
electric motor,电动车,150度,43.0,-1.966311367134761,8.033688632865259
electric motor,电动车,150度,44.0,-1.6160854452653801,8.383914554734638
electric motor,电动车,150度,45.0,-1.2391007877169926,8.760899212283027
electric motor,电动车,150度,46.0,-0.8333212945871864,9.166678705412844
electric motor,电动车,150度,47.0,-0.39671086597351746,9.603289134026502
electric motor,电动车,150度,48.0,0.0727665980264085,10.072766598026446
electric motor,电动车,150度,49.0,0.5771471973150284,10.577147197315073
electric motor,电动车,150度,50.0,1.1184670317947578,11.118467031794806
electric motor,电动车,150度,51.0,1.6987622013680195,11.698762201368067
electric motor,电动车,150度,52.0,2.3200688059372254,12.32006880593728
electric motor,电动车,180度,1.0,-19.478768875159524,-9.478768875159515
electric motor,电动车,180度,2.0,-18.41381163992292,-8.41381163992291
electric motor,电动车,180度,3.0,-17.407611864908958,-7.407611864908951
electric motor,电动车,180度,4.0,-16.45813345021522,-6.458133450215216
electric motor,电动车,180度,5.0,-15.563340295939293,-5.5633402959392875
electric motor,电动车,180度,6.0,-14.721196302178747,-4.721196302178743
electric motor,电动车,180度,7.0,-13.929665369031166,-3.929665369031163
electric motor,电动车,180度,8.0,-13.186711396594129,-3.186711396594127
electric motor,电动车,180度,9.0,-12.490298284965217,-2.490298284965215
electric motor,电动车,180度,10.0,-11.838389934242006,-1.8383899342420076
electric motor,电动车,180度,11.0,-11.22895024452208,-1.2289502445220801
electric motor,电动车,180度,12.0,-10.659943115903017,-0.6599431159030171
electric motor,电动车,180度,13.0,-10.129332448482396,-0.12933244848239767
electric motor,电动车,180度,14.0,-9.635082142357795,0.36491785764220275
electric motor,电动车,180度,15.0,-9.175156097626799,0.8248439023731979
electric motor,电动车,180度,16.0,-8.747518214386982,1.2524817856130124
electric motor,电动车,180度,17.0,-8.35013239273593,1.649867607264067
electric motor,电动车,180度,18.0,-7.9809625327712155,2.0190374672287774
electric motor,电动车,180度,19.0,-7.637972534590421,2.3620274654095716
electric motor,电动车,180度,20.0,-7.319126298291131,2.6808737017088635
electric motor,电动车,180度,21.0,-7.022387723970915,2.9776122760290757
electric motor,电动车,180度,22.0,-6.745720711727364,3.2542792882726292
electric motor,电动车,180度,23.0,-6.48708916165805,3.512910838341943
electric motor,电动车,180度,24.0,-6.244456973860554,3.7555430261394367
electric motor,电动车,180度,25.0,-6.01578804843246,3.9842119515675325
electric motor,电动车,180度,26.0,-5.799046285471345,4.20095371452865
electric motor,电动车,180度,27.0,-5.5921955850747835,4.407804414925209
electric motor,电动车,180度,28.0,-5.393199847340362,4.606800152659632
electric motor,电动车,180度,29.0,-5.200022972365659,4.799977027634334
electric motor,电动车,180度,30.0,-5.010628860248248,4.989371139751741
electric motor,电动车,180度,31.0,-4.822981411085719,5.177018588914272
electric motor,电动车,180度,32.0,-4.635044524975648,5.364955475024347
electric motor,电动车,180度,33.0,-4.4447821020156155,5.555217897984386
electric motor,电动车,180度,34.0,-4.250158042303191,5.749841957696807
electric motor,电动车,180度,35.0,-4.049136245935962,5.950863754064033
electric motor,电动车,180度,36.0,-3.839680613011513,6.160319386988485
electric motor,电动车,180度,37.0,-3.6197550436274177,6.380244956372584
electric motor,电动车,180度,38.0,-3.3873234378812533,6.612676562118745
electric motor,电动车,180度,39.0,-3.1403496958706114,6.85965030412939
electric motor,电动车,180度,40.0,-2.8767977176930586,7.123202282306947
electric motor,电动车,180度,41.0,-2.5946314034461864,7.405368596553833
electric motor,电动车,180度,42.0,-2.291814653227558,7.708185346772462
electric motor,电动车,180度,43.0,-1.966311367134761,8.033688632865259
electric motor,电动车,180度,44.0,-1.6160854452653801,8.383914554734638
electric motor,电动车,180度,45.0,-1.2391007877169926,8.760899212283027
electric motor,电动车,180度,46.0,-0.8333212945871864,9.166678705412844
electric motor,电动车,180度,47.0,-0.39671086597351746,9.603289134026502
electric motor,电动车,180度,48.0,0.0727665980264085,10.072766598026446
electric motor,电动车,180度,49.0,0.5771471973150284,10.577147197315073
electric motor,电动车,180度,50.0,1.1184670317947578,11.118467031794806
electric motor,电动车,180度,51.0,1.6987622013680195,11.698762201368067
electric motor,电动车,180度,52.0,2.3200688059372254,12.32006880593728
electric motor,电动车,210度,1.0,-19.478768875159524,-9.478768875159515
electric motor,电动车,210度,2.0,-18.41381163992292,-8.41381163992291
electric motor,电动车,210度,3.0,-17.407611864908958,-7.407611864908951
electric motor,电动车,210度,4.0,-16.45813345021522,-6.458133450215216
electric motor,电动车,210度,5.0,-15.563340295939293,-5.5633402959392875
electric motor,电动车,210度,6.0,-14.721196302178747,-4.721196302178743
electric motor,电动车,210度,7.0,-13.929665369031166,-3.929665369031163
electric motor,电动车,210度,8.0,-13.186711396594129,-3.186711396594127
electric motor,电动车,210度,9.0,-12.490298284965217,-2.490298284965215
electric motor,电动车,210度,10.0,-11.838389934242006,-1.8383899342420076
electric motor,电动车,210度,11.0,-11.22895024452208,-1.2289502445220801
electric motor,电动车,210度,12.0,-10.659943115903017,-0.6599431159030171
electric motor,电动车,210度,13.0,-10.129332448482396,-0.12933244848239767
electric motor,电动车,210度,14.0,-9.635082142357795,0.36491785764220275
electric motor,电动车,210度,15.0,-9.175156097626799,0.8248439023731979
electric motor,电动车,210度,16.0,-8.747518214386982,1.2524817856130124
electric motor,电动车,210度,17.0,-8.35013239273593,1.649867607264067
electric motor,电动车,210度,18.0,-7.9809625327712155,2.0190374672287774
electric motor,电动车,210度,19.0,-7.637972534590421,2.3620274654095716
electric motor,电动车,210度,20.0,-7.319126298291131,2.6808737017088635
electric motor,电动车,210度,21.0,-7.022387723970915,2.9776122760290757
electric motor,电动车,210度,22.0,-6.745720711727364,3.2542792882726292
electric motor,电动车,210度,23.0,-6.48708916165805,3.512910838341943
electric motor,电动车,210度,24.0,-6.244456973860554,3.7555430261394367
electric motor,电动车,210度,25.0,-6.01578804843246,3.9842119515675325
electric motor,电动车,210度,26.0,-5.799046285471345,4.20095371452865
electric motor,电动车,210度,27.0,-5.5921955850747835,4.407804414925209
electric motor,电动车,210度,28.0,-5.393199847340362,4.606800152659632
electric motor,电动车,210度,29.0,-5.200022972365659,4.799977027634334
electric motor,电动车,210度,30.0,-5.010628860248248,4.989371139751741
electric motor,电动车,210度,31.0,-4.822981411085719,5.177018588914272
electric motor,电动车,210度,32.0,-4.635044524975648,5.364955475024347
electric motor,电动车,210度,33.0,-4.4447821020156155,5.555217897984386
electric motor,电动车,210度,34.0,-4.250158042303191,5.749841957696807
electric motor,电动车,210度,35.0,-4.049136245935962,5.950863754064033
electric motor,电动车,210度,36.0,-3.839680613011513,6.160319386988485
electric motor,电动车,210度,37.0,-3.6197550436274177,6.380244956372584
electric motor,电动车,210度,38.0,-3.3873234378812533,6.612676562118745
electric motor,电动车,210度,39.0,-3.1403496958706114,6.85965030412939
electric motor,电动车,210度,40.0,-2.8767977176930586,7.123202282306947
electric motor,电动车,210度,41.0,-2.5946314034461864,7.405368596553833
electric motor,电动车,210度,42.0,-2.291814653227558,7.708185346772462
electric motor,电动车,210度,43.0,-1.966311367134761,8.033688632865259
electric motor,电动车,210度,44.0,-1.6160854452653801,8.383914554734638
electric motor,电动车,210度,45.0,-1.2391007877169926,8.760899212283027
electric motor,电动车,210度,46.0,-0.8333212945871864,9.166678705412844
electric motor,电动车,210度,47.0,-0.39671086597351746,9.603289134026502
electric motor,电动车,210度,48.0,0.0727665980264085,10.072766598026446
electric motor,电动车,210度,49.0,0.5771471973150284,10.577147197315073
electric motor,电动车,210度,50.0,1.1184670317947578,11.118467031794806
electric motor,电动车,210度,51.0,1.6987622013680195,11.698762201368067
electric motor,电动车,210度,52.0,2.3200688059372254,12.32006880593728
electric motor,电动车,240度,1.0,-19.478768875159524,-9.478768875159515
electric motor,电动车,240度,2.0,-18.41381163992292,-8.41381163992291
electric motor,电动车,240度,3.0,-17.407611864908958,-7.407611864908951
electric motor,电动车,240度,4.0,-16.45813345021522,-6.458133450215216
electric motor,电动车,240度,5.0,-15.563340295939293,-5.5633402959392875
electric motor,电动车,240度,6.0,-14.721196302178747,-4.721196302178743
electric motor,电动车,240度,7.0,-13.929665369031166,-3.929665369031163
electric motor,电动车,240度,8.0,-13.186711396594129,-3.186711396594127
electric motor,电动车,240度,9.0,-12.490298284965217,-2.490298284965215
electric motor,电动车,240度,10.0,-11.838389934242006,-1.8383899342420076
electric motor,电动车,240度,11.0,-11.22895024452208,-1.2289502445220801
electric motor,电动车,240度,12.0,-10.659943115903017,-0.6599431159030171
electric motor,电动车,240度,13.0,-10.129332448482396,-0.12933244848239767
electric motor,电动车,240度,14.0,-9.635082142357795,0.36491785764220275
electric motor,电动车,240度,15.0,-9.175156097626799,0.8248439023731979
electric motor,电动车,240度,16.0,-8.747518214386982,1.2524817856130124
electric motor,电动车,240度,17.0,-8.35013239273593,1.649867607264067
electric motor,电动车,240度,18.0,-7.9809625327712155,2.0190374672287774
electric motor,电动车,240度,19.0,-7.637972534590421,2.3620274654095716
electric motor,电动车,240度,20.0,-7.319126298291131,2.6808737017088635
electric motor,电动车,240度,21.0,-7.022387723970915,2.9776122760290757
electric motor,电动车,240度,22.0,-6.745720711727364,3.2542792882726292
electric motor,电动车,240度,23.0,-6.48708916165805,3.512910838341943
electric motor,电动车,240度,24.0,-6.244456973860554,3.7555430261394367
electric motor,电动车,240度,25.0,-6.01578804843246,3.9842119515675325
electric motor,电动车,240度,26.0,-5.799046285471345,4.20095371452865
electric motor,电动车,240度,27.0,-5.5921955850747835,4.407804414925209
electric motor,电动车,240度,28.0,-5.393199847340362,4.606800152659632
electric motor,电动车,240度,29.0,-5.200022972365659,4.799977027634334
electric motor,电动车,240度,30.0,-5.010628860248248,4.989371139751741
electric motor,电动车,240度,31.0,-4.822981411085719,5.177018588914272
electric motor,电动车,240度,32.0,-4.635044524975648,5.364955475024347
electric motor,电动车,240度,33.0,-4.4447821020156155,5.555217897984386
electric motor,电动车,240度,34.0,-4.250158042303191,5.749841957696807
electric motor,电动车,240度,35.0,-4.049136245935962,5.950863754064033
electric motor,电动车,240度,36.0,-3.839680613011513,6.160319386988485
electric motor,电动车,240度,37.0,-3.6197550436274177,6.380244956372584
electric motor,电动车,240度,38.0,-3.3873234378812533,6.612676562118745
electric motor,电动车,240度,39.0,-3.1403496958706114,6.85965030412939
electric motor,电动车,240度,40.0,-2.8767977176930586,7.123202282306947
electric motor,电动车,240度,41.0,-2.5946314034461864,7.405368596553833
electric motor,电动车,240度,42.0,-2.291814653227558,7.708185346772462
electric motor,电动车,240度,43.0,-1.966311367134761,8.033688632865259
electric motor,电动车,240度,44.0,-1.6160854452653801,8.383914554734638
electric motor,电动车,240度,45.0,-1.2391007877169926,8.760899212283027
electric motor,电动车,240度,46.0,-0.8333212945871864,9.166678705412844
electric motor,电动车,240度,47.0,-0.39671086597351746,9.603289134026502
electric motor,电动车,240度,48.0,0.0727665980264085,10.072766598026446
electric motor,电动车,240度,49.0,0.5771471973150284,10.577147197315073
electric motor,电动车,240度,50.0,1.1184670317947578,11.118467031794806
electric motor,电动车,240度,51.0,1.6987622013680195,11.698762201368067
electric motor,电动车,240度,52.0,2.3200688059372254,12.32006880593728
electric motor,电动车,270度,1.0,-19.478768875159524,-9.478768875159515
electric motor,电动车,270度,2.0,-18.41381163992292,-8.41381163992291
electric motor,电动车,270度,3.0,-17.407611864908958,-7.407611864908951
electric motor,电动车,270度,4.0,-16.45813345021522,-6.458133450215216
electric motor,电动车,270度,5.0,-15.563340295939293,-5.5633402959392875
electric motor,电动车,270度,6.0,-14.721196302178747,-4.721196302178743
electric motor,电动车,270度,7.0,-13.929665369031166,-3.929665369031163
electric motor,电动车,270度,8.0,-13.186711396594129,-3.186711396594127
electric motor,电动车,270度,9.0,-12.490298284965217,-2.490298284965215
electric motor,电动车,270度,10.0,-11.838389934242006,-1.8383899342420076
electric motor,电动车,270度,11.0,-11.22895024452208,-1.2289502445220801
electric motor,电动车,270度,12.0,-10.659943115903017,-0.6599431159030171
electric motor,电动车,270度,13.0,-10.129332448482396,-0.12933244848239767
electric motor,电动车,270度,14.0,-9.635082142357795,0.36491785764220275
electric motor,电动车,270度,15.0,-9.175156097626799,0.8248439023731979
electric motor,电动车,270度,16.0,-8.747518214386982,1.2524817856130124
electric motor,电动车,270度,17.0,-8.35013239273593,1.649867607264067
electric motor,电动车,270度,18.0,-7.9809625327712155,2.0190374672287774
electric motor,电动车,270度,19.0,-7.637972534590421,2.3620274654095716
electric motor,电动车,270度,20.0,-7.319126298291131,2.6808737017088635
electric motor,电动车,270度,21.0,-7.022387723970915,2.9776122760290757
electric motor,电动车,270度,22.0,-6.745720711727364,3.2542792882726292
electric motor,电动车,270度,23.0,-6.48708916165805,3.512910838341943
electric motor,电动车,270度,24.0,-6.244456973860554,3.7555430261394367
electric motor,电动车,270度,25.0,-6.01578804843246,3.9842119515675325
electric motor,电动车,270度,26.0,-5.799046285471345,4.20095371452865
electric motor,电动车,270度,27.0,-5.5921955850747835,4.407804414925209
electric motor,电动车,270度,28.0,-5.393199847340362,4.606800152659632
electric motor,电动车,270度,29.0,-5.200022972365659,4.799977027634334
electric motor,电动车,270度,30.0,-5.010628860248248,4.989371139751741
electric motor,电动车,270度,31.0,-4.822981411085719,5.177018588914272
electric motor,电动车,270度,32.0,-4.635044524975648,5.364955475024347
electric motor,电动车,270度,33.0,-4.4447821020156155,5.555217897984386
electric motor,电动车,270度,34.0,-4.250158042303191,5.749841957696807
electric motor,电动车,270度,35.0,-4.049136245935962,5.950863754064033
electric motor,电动车,270度,36.0,-3.839680613011513,6.160319386988485
electric motor,电动车,270度,37.0,-3.6197550436274177,6.380244956372584
electric motor,电动车,270度,38.0,-3.3873234378812533,6.612676562118745
electric motor,电动车,270度,39.0,-3.1403496958706114,6.85965030412939
electric motor,电动车,270度,40.0,-2.8767977176930586,7.123202282306947
electric motor,电动车,270度,41.0,-2.5946314034461864,7.405368596553833
electric motor,电动车,270度,42.0,-2.291814653227558,7.708185346772462
electric motor,电动车,270度,43.0,-1.966311367134761,8.033688632865259
electric motor,电动车,270度,44.0,-1.6160854452653801,8.383914554734638
electric motor,电动车,270度,45.0,-1.2391007877169926,8.760899212283027
electric motor,电动车,270度,46.0,-0.8333212945871864,9.166678705412844
electric motor,电动车,270度,47.0,-0.39671086597351746,9.603289134026502
electric motor,电动车,270度,48.0,0.0727665980264085,10.072766598026446
electric motor,电动车,270度,49.0,0.5771471973150284,10.577147197315073
electric motor,电动车,270度,50.0,1.1184670317947578,11.118467031794806
electric motor,电动车,270度,51.0,1.6987622013680195,11.698762201368067
electric motor,电动车,270度,52.0,2.3200688059372254,12.32006880593728
electric motor,电动车,300度,1.0,-19.478768875159524,-9.478768875159515
electric motor,电动车,300度,2.0,-18.41381163992292,-8.41381163992291
electric motor,电动车,300度,3.0,-17.407611864908958,-7.407611864908951
electric motor,电动车,300度,4.0,-16.45813345021522,-6.458133450215216
electric motor,电动车,300度,5.0,-15.563340295939293,-5.5633402959392875
electric motor,电动车,300度,6.0,-14.721196302178747,-4.721196302178743
electric motor,电动车,300度,7.0,-13.929665369031166,-3.929665369031163
electric motor,电动车,300度,8.0,-13.186711396594129,-3.186711396594127
electric motor,电动车,300度,9.0,-12.490298284965217,-2.490298284965215
electric motor,电动车,300度,10.0,-11.838389934242006,-1.8383899342420076
electric motor,电动车,300度,11.0,-11.22895024452208,-1.2289502445220801
electric motor,电动车,300度,12.0,-10.659943115903017,-0.6599431159030171
electric motor,电动车,300度,13.0,-10.129332448482396,-0.12933244848239767
electric motor,电动车,300度,14.0,-9.635082142357795,0.36491785764220275
electric motor,电动车,300度,15.0,-9.175156097626799,0.8248439023731979
electric motor,电动车,300度,16.0,-8.747518214386982,1.2524817856130124
electric motor,电动车,300度,17.0,-8.35013239273593,1.649867607264067
electric motor,电动车,300度,18.0,-7.9809625327712155,2.0190374672287774
electric motor,电动车,300度,19.0,-7.637972534590421,2.3620274654095716
electric motor,电动车,300度,20.0,-7.319126298291131,2.6808737017088635
electric motor,电动车,300度,21.0,-7.022387723970915,2.9776122760290757
electric motor,电动车,300度,22.0,-6.745720711727364,3.2542792882726292
electric motor,电动车,300度,23.0,-6.48708916165805,3.512910838341943
electric motor,电动车,300度,24.0,-6.244456973860554,3.7555430261394367
electric motor,电动车,300度,25.0,-6.01578804843246,3.9842119515675325
electric motor,电动车,300度,26.0,-5.799046285471345,4.20095371452865
electric motor,电动车,300度,27.0,-5.5921955850747835,4.407804414925209
electric motor,电动车,300度,28.0,-5.393199847340362,4.606800152659632
electric motor,电动车,300度,29.0,-5.200022972365659,4.799977027634334
electric motor,电动车,300度,30.0,-5.010628860248248,4.989371139751741
electric motor,电动车,300度,31.0,-4.822981411085719,5.177018588914272
electric motor,电动车,300度,32.0,-4.635044524975648,5.364955475024347
electric motor,电动车,300度,33.0,-4.4447821020156155,5.555217897984386
electric motor,电动车,300度,34.0,-4.250158042303191,5.749841957696807
electric motor,电动车,300度,35.0,-4.049136245935962,5.950863754064033
electric motor,电动车,300度,36.0,-3.839680613011513,6.160319386988485
electric motor,电动车,300度,37.0,-3.6197550436274177,6.380244956372584
electric motor,电动车,300度,38.0,-3.3873234378812533,6.612676562118745
electric motor,电动车,300度,39.0,-3.1403496958706114,6.85965030412939
electric motor,电动车,300度,40.0,-2.8767977176930586,7.123202282306947
electric motor,电动车,300度,41.0,-2.5946314034461864,7.405368596553833
electric motor,电动车,300度,42.0,-2.291814653227558,7.708185346772462
electric motor,电动车,300度,43.0,-1.966311367134761,8.033688632865259
electric motor,电动车,300度,44.0,-1.6160854452653801,8.383914554734638
electric motor,电动车,300度,45.0,-1.2391007877169926,8.760899212283027
electric motor,电动车,300度,46.0,-0.8333212945871864,9.166678705412844
electric motor,电动车,300度,47.0,-0.39671086597351746,9.603289134026502
electric motor,电动车,300度,48.0,0.0727665980264085,10.072766598026446
electric motor,电动车,300度,49.0,0.5771471973150284,10.577147197315073
electric motor,电动车,300度,50.0,1.1184670317947578,11.118467031794806
electric motor,电动车,300度,51.0,1.6987622013680195,11.698762201368067
electric motor,电动车,300度,52.0,2.3200688059372254,12.32006880593728
electric motor,电动车,330度,1.0,-19.478768875159524,-9.478768875159515
electric motor,电动车,330度,2.0,-18.41381163992292,-8.41381163992291
electric motor,电动车,330度,3.0,-17.407611864908958,-7.407611864908951
electric motor,电动车,330度,4.0,-16.45813345021522,-6.458133450215216
electric motor,电动车,330度,5.0,-15.563340295939293,-5.5633402959392875
electric motor,电动车,330度,6.0,-14.721196302178747,-4.721196302178743
electric motor,电动车,330度,7.0,-13.929665369031166,-3.929665369031163
electric motor,电动车,330度,8.0,-13.186711396594129,-3.186711396594127
electric motor,电动车,330度,9.0,-12.490298284965217,-2.490298284965215
electric motor,电动车,330度,10.0,-11.838389934242006,-1.8383899342420076
electric motor,电动车,330度,11.0,-11.22895024452208,-1.2289502445220801
electric motor,电动车,330度,12.0,-10.659943115903017,-0.6599431159030171
electric motor,电动车,330度,13.0,-10.129332448482396,-0.12933244848239767
electric motor,电动车,330度,14.0,-9.635082142357795,0.36491785764220275
electric motor,电动车,330度,15.0,-9.175156097626799,0.8248439023731979
electric motor,电动车,330度,16.0,-8.747518214386982,1.2524817856130124
electric motor,电动车,330度,17.0,-8.35013239273593,1.649867607264067
electric motor,电动车,330度,18.0,-7.9809625327712155,2.0190374672287774
electric motor,电动车,330度,19.0,-7.637972534590421,2.3620274654095716
electric motor,电动车,330度,20.0,-7.319126298291131,2.6808737017088635
electric motor,电动车,330度,21.0,-7.022387723970915,2.9776122760290757
electric motor,电动车,330度,22.0,-6.745720711727364,3.2542792882726292
electric motor,电动车,330度,23.0,-6.48708916165805,3.512910838341943
electric motor,电动车,330度,24.0,-6.244456973860554,3.7555430261394367
electric motor,电动车,330度,25.0,-6.01578804843246,3.9842119515675325
electric motor,电动车,330度,26.0,-5.799046285471345,4.20095371452865
electric motor,电动车,330度,27.0,-5.5921955850747835,4.407804414925209
electric motor,电动车,330度,28.0,-5.393199847340362,4.606800152659632
electric motor,电动车,330度,29.0,-5.200022972365659,4.799977027634334
electric motor,电动车,330度,30.0,-5.010628860248248,4.989371139751741
electric motor,电动车,330度,31.0,-4.822981411085719,5.177018588914272
electric motor,电动车,330度,32.0,-4.635044524975648,5.364955475024347
electric motor,电动车,330度,33.0,-4.4447821020156155,5.555217897984386
electric motor,电动车,330度,34.0,-4.250158042303191,5.749841957696807
electric motor,电动车,330度,35.0,-4.049136245935962,5.950863754064033
electric motor,电动车,330度,36.0,-3.839680613011513,6.160319386988485
electric motor,电动车,330度,37.0,-3.6197550436274177,6.380244956372584
electric motor,电动车,330度,38.0,-3.3873234378812533,6.612676562118745
electric motor,电动车,330度,39.0,-3.1403496958706114,6.85965030412939
electric motor,电动车,330度,40.0,-2.8767977176930586,7.123202282306947
electric motor,电动车,330度,41.0,-2.5946314034461864,7.405368596553833
electric motor,电动车,330度,42.0,-2.291814653227558,7.708185346772462
electric motor,电动车,330度,43.0,-1.966311367134761,8.033688632865259
electric motor,电动车,330度,44.0,-1.6160854452653801,8.383914554734638
electric motor,电动车,330度,45.0,-1.2391007877169926,8.760899212283027
electric motor,电动车,330度,46.0,-0.8333212945871864,9.166678705412844
electric motor,电动车,330度,47.0,-0.39671086597351746,9.603289134026502
electric motor,电动车,330度,48.0,0.0727665980264085,10.072766598026446
electric motor,电动车,330度,49.0,0.5771471973150284,10.577147197315073
electric motor,电动车,330度,50.0,1.1184670317947578,11.118467031794806
electric motor,电动车,330度,51.0,1.6987622013680195,11.698762201368067
electric motor,电动车,330度,52.0,2.3200688059372254,12.32006880593728
